"MTU (CET/CEST)","Area","Day-ahead (MW)","Intraday (MW)","Current (MW)","Actual (MW)"
"01/01/2017 00:00:00 - 01/01/2017 01:00:00","BZN|DK1","0.00","n/e"," ","0.00"
"01/01/2017 01:00:00 - 01/01/2017 02:00:00","BZN|DK1","0.00","n/e"," ","0.00"
"01/01/2017 02:00:00 - 01/01/2017 03:00:00","BZN|DK1","0.00","n/e"," ","0.00"
"01/01/2017 03:00:00 - 01/01/2017 04:00:00","BZN|DK1","0.00","n/e"," ","0.00"
"01/01/2017 04:00:00 - 01/01/2017 05:00:00","BZN|DK1","0.00","n/e"," ","0.00"
"01/01/2017 05:00:00 - 01/01/2017 06:00:00","BZN|DK1","0.00","n/e"," ","0.00"
"01/01/2017 06:00:00 - 01/01/2017 07:00:00","BZN|DK1","0.00","n/e"," ","0.00"
"01/01/2017 07:00:00 - 01/01/2017 08:00:00","BZN|DK1","0.00","n/e"," ","0.00"
"01/01/2017 08:00:00 - 01/01/2017 09:00:00","BZN|DK1","0.00","n/e"," ","0.01"
"01/01/2017 09:00:00 - 01/01/2017 10:00:00","BZN|DK1","1.00","n/e"," ","1.37"
"01/01/2017 10:00:00 - 01/01/2017 11:00:00","BZN|DK1","7.00","n/e"," ","8.47"
"01/01/2017 11:00:00 - 01/01/2017 12:00:00","BZN|DK1","15.00","n/e"," ","17.44"
"01/01/2017 12:00:00 - 01/01/2017 13:00:00","BZN|DK1","22.00","n/e"," ","22.33"
"01/01/2017 13:00:00 - 01/01/2017 14:00:00","BZN|DK1","27.00","n/e"," ","26.15"
"01/01/2017 14:00:00 - 01/01/2017 15:00:00","BZN|DK1","19.00","n/e"," ","15.42"
"01/01/2017 15:00:00 - 01/01/2017 16:00:00","BZN|DK1","4.00","n/e"," ","3.14"
"01/01/2017 16:00:00 - 01/01/2017 17:00:00","BZN|DK1","0.00","n/e"," ","0.02"
"01/01/2017 17:00:00 - 01/01/2017 18:00:00","BZN|DK1","0.00","n/e"," ","0.00"
"01/01/2017 18:00:00 - 01/01/2017 19:00:00","BZN|DK1","0.00","n/e"," ","0.00"
"01/01/2017 19:00:00 - 01/01/2017 20:00:00","BZN|DK1","0.00","n/e"," ","0.00"
"01/01/2017 20:00:00 - 01/01/2017 21:00:00","BZN|DK1","0.00","n/e"," ","0.00"
"01/01/2017 21:00:00 - 01/01/2017 22:00:00","BZN|DK1","0.00","n/e"," ","0.00"
"01/01/2017 22:00:00 - 01/01/2017 23:00:00","BZN|DK1","0.00","n/e"," ","0.00"
"01/01/2017 23:00:00 - 02/01/2017 00:00:00","BZN|DK1","0.00","n/e"," ","0.00"
"02/01/2017 00:00:00 - 02/01/2017 01:00:00","BZN|DK1","0.00","n/e"," ","0.00"
"02/01/2017 01:00:00 - 02/01/2017 02:00:00","BZN|DK1","0.00","n/e"," ","0.00"
"02/01/2017 02:00:00 - 02/01/2017 03:00:00","BZN|DK1","0.00","n/e"," ","0.00"
"02/01/2017 03:00:00 - 02/01/2017 04:00:00","BZN|DK1","0.00","n/e"," ","0.00"
"02/01/2017 04:00:00 - 02/01/2017 05:00:00","BZN|DK1","0.00","n/e"," ","0.00"
"02/01/2017 05:00:00 - 02/01/2017 06:00:00","BZN|DK1","0.00","n/e"," ","0.01"
"02/01/2017 06:00:00 - 02/01/2017 07:00:00","BZN|DK1","0.00","n/e"," ","0.00"
"02/01/2017 07:00:00 - 02/01/2017 08:00:00","BZN|DK1","0.00","n/e"," ","0.00"
"02/01/2017 08:00:00 - 02/01/2017 09:00:00","BZN|DK1","1.00","n/e"," ","0.38"
"02/01/2017 09:00:00 - 02/01/2017 10:00:00","BZN|DK1","16.00","n/e"," ","11.36"
"02/01/2017 10:00:00 - 02/01/2017 11:00:00","BZN|DK1","56.00","n/e"," ","52.36"
"02/01/2017 11:00:00 - 02/01/2017 12:00:00","BZN|DK1","86.00","n/e"," ","109.21"
"02/01/2017 12:00:00 - 02/01/2017 13:00:00","BZN|DK1","93.00","n/e"," ","128.73"
"02/01/2017 13:00:00 - 02/01/2017 14:00:00","BZN|DK1","73.00","n/e"," ","109.02"
"02/01/2017 14:00:00 - 02/01/2017 15:00:00","BZN|DK1","37.00","n/e"," ","55.74"
"02/01/2017 15:00:00 - 02/01/2017 16:00:00","BZN|DK1","9.00","n/e"," ","8.48"
"02/01/2017 16:00:00 - 02/01/2017 17:00:00","BZN|DK1","0.00","n/e"," ","0.06"
"02/01/2017 17:00:00 - 02/01/2017 18:00:00","BZN|DK1","0.00","n/e"," ","0.00"
"02/01/2017 18:00:00 - 02/01/2017 19:00:00","BZN|DK1","0.00","n/e"," ","0.00"
"02/01/2017 19:00:00 - 02/01/2017 20:00:00","BZN|DK1","0.00","n/e"," ","0.00"
"02/01/2017 20:00:00 - 02/01/2017 21:00:00","BZN|DK1","0.00","n/e"," ","0.00"
"02/01/2017 21:00:00 - 02/01/2017 22:00:00","BZN|DK1","0.00","n/e"," ","0.00"
"02/01/2017 22:00:00 - 02/01/2017 23:00:00","BZN|DK1","0.00","n/e"," ","0.00"
"02/01/2017 23:00:00 - 03/01/2017 00:00:00","BZN|DK1","0.00","n/e"," ","0.00"
"03/01/2017 00:00:00 - 03/01/2017 01:00:00","BZN|DK1","0.00","n/e"," ","0.00"
"03/01/2017 01:00:00 - 03/01/2017 02:00:00","BZN|DK1","0.00","n/e"," ","0.00"
"03/01/2017 02:00:00 - 03/01/2017 03:00:00","BZN|DK1","0.00","n/e"," ","0.00"
"03/01/2017 03:00:00 - 03/01/2017 04:00:00","BZN|DK1","0.00","n/e"," ","0.00"
"03/01/2017 04:00:00 - 03/01/2017 05:00:00","BZN|DK1","0.00","n/e"," ","0.00"
"03/01/2017 05:00:00 - 03/01/2017 06:00:00","BZN|DK1","0.00","n/e"," ","0.00"
"03/01/2017 06:00:00 - 03/01/2017 07:00:00","BZN|DK1","0.00","n/e"," ","0.00"
"03/01/2017 07:00:00 - 03/01/2017 08:00:00","BZN|DK1","0.00","n/e"," ","0.00"
"03/01/2017 08:00:00 - 03/01/2017 09:00:00","BZN|DK1","0.00","n/e"," ","0.01"
"03/01/2017 09:00:00 - 03/01/2017 10:00:00","BZN|DK1","5.00","n/e"," ","1.17"
"03/01/2017 10:00:00 - 03/01/2017 11:00:00","BZN|DK1","15.00","n/e"," ","8.17"
"03/01/2017 11:00:00 - 03/01/2017 12:00:00","BZN|DK1","18.00","n/e"," ","11.17"
"03/01/2017 12:00:00 - 03/01/2017 13:00:00","BZN|DK1","16.00","n/e"," ","14.41"
"03/01/2017 13:00:00 - 03/01/2017 14:00:00","BZN|DK1","9.00","n/e"," ","17.31"
"03/01/2017 14:00:00 - 03/01/2017 15:00:00","BZN|DK1","5.00","n/e"," ","9.31"
"03/01/2017 15:00:00 - 03/01/2017 16:00:00","BZN|DK1","1.00","n/e"," ","1.92"
"03/01/2017 16:00:00 - 03/01/2017 17:00:00","BZN|DK1","0.00","n/e"," ","0.02"
"03/01/2017 17:00:00 - 03/01/2017 18:00:00","BZN|DK1","0.00","n/e"," ","0.14"
"03/01/2017 18:00:00 - 03/01/2017 19:00:00","BZN|DK1","0.00","n/e"," ","0.00"
"03/01/2017 19:00:00 - 03/01/2017 20:00:00","BZN|DK1","0.00","n/e"," ","0.00"
"03/01/2017 20:00:00 - 03/01/2017 21:00:00","BZN|DK1","0.00","n/e"," ","0.00"
"03/01/2017 21:00:00 - 03/01/2017 22:00:00","BZN|DK1","0.00","n/e"," ","0.00"
"03/01/2017 22:00:00 - 03/01/2017 23:00:00","BZN|DK1","0.00","n/e"," ","0.00"
"03/01/2017 23:00:00 - 04/01/2017 00:00:00","BZN|DK1","0.00","n/e"," ","0.00"
"04/01/2017 00:00:00 - 04/01/2017 01:00:00","BZN|DK1","0.00","n/e"," ","0.00"
"04/01/2017 01:00:00 - 04/01/2017 02:00:00","BZN|DK1","0.00","n/e"," ","0.00"
"04/01/2017 02:00:00 - 04/01/2017 03:00:00","BZN|DK1","0.00","n/e"," ","0.00"
"04/01/2017 03:00:00 - 04/01/2017 04:00:00","BZN|DK1","0.00","n/e"," ","0.00"
"04/01/2017 04:00:00 - 04/01/2017 05:00:00","BZN|DK1","0.00","n/e"," ","0.00"
"04/01/2017 05:00:00 - 04/01/2017 06:00:00","BZN|DK1","0.00","n/e"," ","0.00"
"04/01/2017 06:00:00 - 04/01/2017 07:00:00","BZN|DK1","0.00","n/e"," ","0.00"
"04/01/2017 07:00:00 - 04/01/2017 08:00:00","BZN|DK1","0.00","n/e"," ","0.00"
"04/01/2017 08:00:00 - 04/01/2017 09:00:00","BZN|DK1","1.00","n/e"," ","0.13"
"04/01/2017 09:00:00 - 04/01/2017 10:00:00","BZN|DK1","12.00","n/e"," ","12.44"
"04/01/2017 10:00:00 - 04/01/2017 11:00:00","BZN|DK1","48.00","n/e"," ","49.56"
"04/01/2017 11:00:00 - 04/01/2017 12:00:00","BZN|DK1","72.00","n/e"," ","79.43"
"04/01/2017 12:00:00 - 04/01/2017 13:00:00","BZN|DK1","76.00","n/e"," ","83.66"
"04/01/2017 13:00:00 - 04/01/2017 14:00:00","BZN|DK1","55.00","n/e"," ","63.12"
"04/01/2017 14:00:00 - 04/01/2017 15:00:00","BZN|DK1","29.00","n/e"," ","43.21"
"04/01/2017 15:00:00 - 04/01/2017 16:00:00","BZN|DK1","7.00","n/e"," ","11.45"
"04/01/2017 16:00:00 - 04/01/2017 17:00:00","BZN|DK1","0.00","n/e"," ","0.12"
"04/01/2017 17:00:00 - 04/01/2017 18:00:00","BZN|DK1","0.00","n/e"," ","0.01"
"04/01/2017 18:00:00 - 04/01/2017 19:00:00","BZN|DK1","0.00","n/e"," ","0.00"
"04/01/2017 19:00:00 - 04/01/2017 20:00:00","BZN|DK1","0.00","n/e"," ","0.00"
"04/01/2017 20:00:00 - 04/01/2017 21:00:00","BZN|DK1","0.00","n/e"," ","0.00"
"04/01/2017 21:00:00 - 04/01/2017 22:00:00","BZN|DK1","0.00","n/e"," ","0.00"
"04/01/2017 22:00:00 - 04/01/2017 23:00:00","BZN|DK1","0.00","n/e"," ","0.00"
"04/01/2017 23:00:00 - 05/01/2017 00:00:00","BZN|DK1","0.00","n/e"," ","0.00"
"05/01/2017 00:00:00 - 05/01/2017 01:00:00","BZN|DK1","0.00","n/e"," ","0.00"
"05/01/2017 01:00:00 - 05/01/2017 02:00:00","BZN|DK1","0.00","n/e"," ","0.00"
"05/01/2017 02:00:00 - 05/01/2017 03:00:00","BZN|DK1","0.00","n/e"," ","0.00"
"05/01/2017 03:00:00 - 05/01/2017 04:00:00","BZN|DK1","0.00","n/e"," ","0.00"
"05/01/2017 04:00:00 - 05/01/2017 05:00:00","BZN|DK1","0.00","n/e"," ","0.00"
"05/01/2017 05:00:00 - 05/01/2017 06:00:00","BZN|DK1","0.00","n/e"," ","0.00"
"05/01/2017 06:00:00 - 05/01/2017 07:00:00","BZN|DK1","0.00","n/e"," ","0.00"
"05/01/2017 07:00:00 - 05/01/2017 08:00:00","BZN|DK1","0.00","n/e"," ","0.00"
"05/01/2017 08:00:00 - 05/01/2017 09:00:00","BZN|DK1","0.00","n/e"," ","0.07"
"05/01/2017 09:00:00 - 05/01/2017 10:00:00","BZN|DK1","9.00","n/e"," ","7.07"
"05/01/2017 10:00:00 - 05/01/2017 11:00:00","BZN|DK1","36.00","n/e"," ","34.44"
"05/01/2017 11:00:00 - 05/01/2017 12:00:00","BZN|DK1","62.00","n/e"," ","66.12"
"05/01/2017 12:00:00 - 05/01/2017 13:00:00","BZN|DK1","77.00","n/e"," ","73.57"
"05/01/2017 13:00:00 - 05/01/2017 14:00:00","BZN|DK1","68.00","n/e"," ","63.83"
"05/01/2017 14:00:00 - 05/01/2017 15:00:00","BZN|DK1","43.00","n/e"," ","48.56"
"05/01/2017 15:00:00 - 05/01/2017 16:00:00","BZN|DK1","11.00","n/e"," ","13.70"
"05/01/2017 16:00:00 - 05/01/2017 17:00:00","BZN|DK1","0.00","n/e"," ","0.21"
"05/01/2017 17:00:00 - 05/01/2017 18:00:00","BZN|DK1","0.00","n/e"," ","0.00"
"05/01/2017 18:00:00 - 05/01/2017 19:00:00","BZN|DK1","0.00","n/e"," ","0.01"
"05/01/2017 19:00:00 - 05/01/2017 20:00:00","BZN|DK1","0.00","n/e"," ","0.00"
"05/01/2017 20:00:00 - 05/01/2017 21:00:00","BZN|DK1","0.00","n/e"," ","0.00"
"05/01/2017 21:00:00 - 05/01/2017 22:00:00","BZN|DK1","0.00","n/e"," ","0.00"
"05/01/2017 22:00:00 - 05/01/2017 23:00:00","BZN|DK1","0.00","n/e"," ","0.00"
"05/01/2017 23:00:00 - 06/01/2017 00:00:00","BZN|DK1","0.00","n/e"," ","0.00"
"06/01/2017 00:00:00 - 06/01/2017 01:00:00","BZN|DK1","0.00","n/e"," ","0.00"
"06/01/2017 01:00:00 - 06/01/2017 02:00:00","BZN|DK1","0.00","n/e"," ","0.00"
"06/01/2017 02:00:00 - 06/01/2017 03:00:00","BZN|DK1","0.00","n/e"," ","0.00"
"06/01/2017 03:00:00 - 06/01/2017 04:00:00","BZN|DK1","0.00","n/e"," ","0.00"
"06/01/2017 04:00:00 - 06/01/2017 05:00:00","BZN|DK1","0.00","n/e"," ","0.00"
"06/01/2017 05:00:00 - 06/01/2017 06:00:00","BZN|DK1","0.00","n/e"," ","0.01"
"06/01/2017 06:00:00 - 06/01/2017 07:00:00","BZN|DK1","0.00","n/e"," ","0.00"
"06/01/2017 07:00:00 - 06/01/2017 08:00:00","BZN|DK1","0.00","n/e"," ","0.01"
"06/01/2017 08:00:00 - 06/01/2017 09:00:00","BZN|DK1","1.00","n/e"," ","0.31"
"06/01/2017 09:00:00 - 06/01/2017 10:00:00","BZN|DK1","15.00","n/e"," ","16.52"
"06/01/2017 10:00:00 - 06/01/2017 11:00:00","BZN|DK1","53.00","n/e"," ","54.37"
"06/01/2017 11:00:00 - 06/01/2017 12:00:00","BZN|DK1","79.00","n/e"," ","88.01"
"06/01/2017 12:00:00 - 06/01/2017 13:00:00","BZN|DK1","81.00","n/e"," ","92.17"
"06/01/2017 13:00:00 - 06/01/2017 14:00:00","BZN|DK1","58.00","n/e"," ","69.43"
"06/01/2017 14:00:00 - 06/01/2017 15:00:00","BZN|DK1","31.00","n/e"," ","33.26"
"06/01/2017 15:00:00 - 06/01/2017 16:00:00","BZN|DK1","6.00","n/e"," ","7.89"
"06/01/2017 16:00:00 - 06/01/2017 17:00:00","BZN|DK1","0.00","n/e"," ","0.06"
"06/01/2017 17:00:00 - 06/01/2017 18:00:00","BZN|DK1","0.00","n/e"," ","0.00"
"06/01/2017 18:00:00 - 06/01/2017 19:00:00","BZN|DK1","0.00","n/e"," ","0.00"
"06/01/2017 19:00:00 - 06/01/2017 20:00:00","BZN|DK1","0.00","n/e"," ","0.00"
"06/01/2017 20:00:00 - 06/01/2017 21:00:00","BZN|DK1","0.00","n/e"," ","0.00"
"06/01/2017 21:00:00 - 06/01/2017 22:00:00","BZN|DK1","0.00","n/e"," ","0.00"
"06/01/2017 22:00:00 - 06/01/2017 23:00:00","BZN|DK1","0.00","n/e"," ","0.00"
"06/01/2017 23:00:00 - 07/01/2017 00:00:00","BZN|DK1","0.00","n/e"," ","0.00"
"07/01/2017 00:00:00 - 07/01/2017 01:00:00","BZN|DK1","0.00","n/e"," ","0.00"
"07/01/2017 01:00:00 - 07/01/2017 02:00:00","BZN|DK1","0.00","n/e"," ","0.00"
"07/01/2017 02:00:00 - 07/01/2017 03:00:00","BZN|DK1","0.00","n/e"," ","0.00"
"07/01/2017 03:00:00 - 07/01/2017 04:00:00","BZN|DK1","0.00","n/e"," ","0.00"
"07/01/2017 04:00:00 - 07/01/2017 05:00:00","BZN|DK1","0.00","n/e"," ","0.00"
"07/01/2017 05:00:00 - 07/01/2017 06:00:00","BZN|DK1","0.00","n/e"," ","0.00"
"07/01/2017 06:00:00 - 07/01/2017 07:00:00","BZN|DK1","0.00","n/e"," ","0.00"
"07/01/2017 07:00:00 - 07/01/2017 08:00:00","BZN|DK1","0.00","n/e"," ","0.00"
"07/01/2017 08:00:00 - 07/01/2017 09:00:00","BZN|DK1","0.00","n/e"," ","0.00"
"07/01/2017 09:00:00 - 07/01/2017 10:00:00","BZN|DK1","1.00","n/e"," ","1.98"
"07/01/2017 10:00:00 - 07/01/2017 11:00:00","BZN|DK1","7.00","n/e"," ","11.84"
"07/01/2017 11:00:00 - 07/01/2017 12:00:00","BZN|DK1","16.00","n/e"," ","24.82"
"07/01/2017 12:00:00 - 07/01/2017 13:00:00","BZN|DK1","22.00","n/e"," ","31.70"
"07/01/2017 13:00:00 - 07/01/2017 14:00:00","BZN|DK1","27.00","n/e"," ","30.66"
"07/01/2017 14:00:00 - 07/01/2017 15:00:00","BZN|DK1","17.00","n/e"," ","20.39"
"07/01/2017 15:00:00 - 07/01/2017 16:00:00","BZN|DK1","4.00","n/e"," ","6.20"
"07/01/2017 16:00:00 - 07/01/2017 17:00:00","BZN|DK1","0.00","n/e"," ","0.12"
"07/01/2017 17:00:00 - 07/01/2017 18:00:00","BZN|DK1","0.00","n/e"," ","0.00"
"07/01/2017 18:00:00 - 07/01/2017 19:00:00","BZN|DK1","0.00","n/e"," ","0.00"
"07/01/2017 19:00:00 - 07/01/2017 20:00:00","BZN|DK1","0.00","n/e"," ","0.00"
"07/01/2017 20:00:00 - 07/01/2017 21:00:00","BZN|DK1","0.00","n/e"," ","0.00"
"07/01/2017 21:00:00 - 07/01/2017 22:00:00","BZN|DK1","0.00","n/e"," ","0.00"
"07/01/2017 22:00:00 - 07/01/2017 23:00:00","BZN|DK1","0.00","n/e"," ","0.00"
"07/01/2017 23:00:00 - 08/01/2017 00:00:00","BZN|DK1","0.00","n/e"," ","0.00"
"08/01/2017 00:00:00 - 08/01/2017 01:00:00","BZN|DK1","0.00","n/e"," ","0.00"
"08/01/2017 01:00:00 - 08/01/2017 02:00:00","BZN|DK1","0.00","n/e"," ","0.00"
"08/01/2017 02:00:00 - 08/01/2017 03:00:00","BZN|DK1","0.00","n/e"," ","0.00"
"08/01/2017 03:00:00 - 08/01/2017 04:00:00","BZN|DK1","0.00","n/e"," ","0.00"
"08/01/2017 04:00:00 - 08/01/2017 05:00:00","BZN|DK1","0.00","n/e"," ","0.00"
"08/01/2017 05:00:00 - 08/01/2017 06:00:00","BZN|DK1","0.00","n/e"," ","0.00"
"08/01/2017 06:00:00 - 08/01/2017 07:00:00","BZN|DK1","0.00","n/e"," ","0.01"
"08/01/2017 07:00:00 - 08/01/2017 08:00:00","BZN|DK1","0.00","n/e"," ","0.00"
"08/01/2017 08:00:00 - 08/01/2017 09:00:00","BZN|DK1","0.00","n/e"," ","0.07"
"08/01/2017 09:00:00 - 08/01/2017 10:00:00","BZN|DK1","8.00","n/e"," ","4.60"
"08/01/2017 10:00:00 - 08/01/2017 11:00:00","BZN|DK1","30.00","n/e"," ","18.13"
"08/01/2017 11:00:00 - 08/01/2017 12:00:00","BZN|DK1","53.00","n/e"," ","28.32"
"08/01/2017 12:00:00 - 08/01/2017 13:00:00","BZN|DK1","61.00","n/e"," ","31.25"
"08/01/2017 13:00:00 - 08/01/2017 14:00:00","BZN|DK1","51.00","n/e"," ","28.28"
"08/01/2017 14:00:00 - 08/01/2017 15:00:00","BZN|DK1","30.00","n/e"," ","16.72"
"08/01/2017 15:00:00 - 08/01/2017 16:00:00","BZN|DK1","7.00","n/e"," ","5.00"
"08/01/2017 16:00:00 - 08/01/2017 17:00:00","BZN|DK1","0.00","n/e"," ","0.11"
"08/01/2017 17:00:00 - 08/01/2017 18:00:00","BZN|DK1","0.00","n/e"," ","0.00"
"08/01/2017 18:00:00 - 08/01/2017 19:00:00","BZN|DK1","0.00","n/e"," ","0.00"
"08/01/2017 19:00:00 - 08/01/2017 20:00:00","BZN|DK1","0.00","n/e"," ","0.00"
"08/01/2017 20:00:00 - 08/01/2017 21:00:00","BZN|DK1","0.00","n/e"," ","0.00"
"08/01/2017 21:00:00 - 08/01/2017 22:00:00","BZN|DK1","0.00","n/e"," ","0.00"
"08/01/2017 22:00:00 - 08/01/2017 23:00:00","BZN|DK1","0.00","n/e"," ","0.00"
"08/01/2017 23:00:00 - 09/01/2017 00:00:00","BZN|DK1","0.00","n/e"," ","0.00"
"09/01/2017 00:00:00 - 09/01/2017 01:00:00","BZN|DK1","0.00","n/e"," ","0.00"
"09/01/2017 01:00:00 - 09/01/2017 02:00:00","BZN|DK1","0.00","n/e"," ","0.00"
"09/01/2017 02:00:00 - 09/01/2017 03:00:00","BZN|DK1","0.00","n/e"," ","0.00"
"09/01/2017 03:00:00 - 09/01/2017 04:00:00","BZN|DK1","0.00","n/e"," ","0.00"
"09/01/2017 04:00:00 - 09/01/2017 05:00:00","BZN|DK1","0.00","n/e"," ","0.00"
"09/01/2017 05:00:00 - 09/01/2017 06:00:00","BZN|DK1","0.00","n/e"," ","0.00"
"09/01/2017 06:00:00 - 09/01/2017 07:00:00","BZN|DK1","0.00","n/e"," ","0.00"
"09/01/2017 07:00:00 - 09/01/2017 08:00:00","BZN|DK1","0.00","n/e"," ","0.00"
"09/01/2017 08:00:00 - 09/01/2017 09:00:00","BZN|DK1","0.00","n/e"," ","0.01"
"09/01/2017 09:00:00 - 09/01/2017 10:00:00","BZN|DK1","2.00","n/e"," ","1.32"
"09/01/2017 10:00:00 - 09/01/2017 11:00:00","BZN|DK1","9.00","n/e"," ","8.15"
"09/01/2017 11:00:00 - 09/01/2017 12:00:00","BZN|DK1","17.00","n/e"," ","15.29"
"09/01/2017 12:00:00 - 09/01/2017 13:00:00","BZN|DK1","23.00","n/e"," ","19.95"
"09/01/2017 13:00:00 - 09/01/2017 14:00:00","BZN|DK1","26.00","n/e"," ","18.41"
"09/01/2017 14:00:00 - 09/01/2017 15:00:00","BZN|DK1","16.00","n/e"," ","13.32"
"09/01/2017 15:00:00 - 09/01/2017 16:00:00","BZN|DK1","4.00","n/e"," ","4.09"
"09/01/2017 16:00:00 - 09/01/2017 17:00:00","BZN|DK1","0.00","n/e"," ","0.10"
"09/01/2017 17:00:00 - 09/01/2017 18:00:00","BZN|DK1","0.00","n/e"," ","0.01"
"09/01/2017 18:00:00 - 09/01/2017 19:00:00","BZN|DK1","0.00","n/e"," ","0.00"
"09/01/2017 19:00:00 - 09/01/2017 20:00:00","BZN|DK1","0.00","n/e"," ","0.00"
"09/01/2017 20:00:00 - 09/01/2017 21:00:00","BZN|DK1","0.00","n/e"," ","0.01"
"09/01/2017 21:00:00 - 09/01/2017 22:00:00","BZN|DK1","0.00","n/e"," ","0.00"
"09/01/2017 22:00:00 - 09/01/2017 23:00:00","BZN|DK1","0.00","n/e"," ","0.00"
"09/01/2017 23:00:00 - 10/01/2017 00:00:00","BZN|DK1","0.00","n/e"," ","0.00"
"10/01/2017 00:00:00 - 10/01/2017 01:00:00","BZN|DK1","0.00","n/e"," ","0.00"
"10/01/2017 01:00:00 - 10/01/2017 02:00:00","BZN|DK1","0.00","n/e"," ","0.00"
"10/01/2017 02:00:00 - 10/01/2017 03:00:00","BZN|DK1","0.00","n/e"," ","0.00"
"10/01/2017 03:00:00 - 10/01/2017 04:00:00","BZN|DK1","0.00","n/e"," ","0.00"
"10/01/2017 04:00:00 - 10/01/2017 05:00:00","BZN|DK1","0.00","n/e"," ","0.00"
"10/01/2017 05:00:00 - 10/01/2017 06:00:00","BZN|DK1","0.00","n/e"," ","0.01"
"10/01/2017 06:00:00 - 10/01/2017 07:00:00","BZN|DK1","0.00","n/e"," ","0.00"
"10/01/2017 07:00:00 - 10/01/2017 08:00:00","BZN|DK1","0.00","n/e"," ","0.00"
"10/01/2017 08:00:00 - 10/01/2017 09:00:00","BZN|DK1","0.00","n/e"," ","0.03"
"10/01/2017 09:00:00 - 10/01/2017 10:00:00","BZN|DK1","1.00","n/e"," ","0.97"
"10/01/2017 10:00:00 - 10/01/2017 11:00:00","BZN|DK1","6.00","n/e"," ","5.19"
"10/01/2017 11:00:00 - 10/01/2017 12:00:00","BZN|DK1","11.00","n/e"," ","10.04"
"10/01/2017 12:00:00 - 10/01/2017 13:00:00","BZN|DK1","15.00","n/e"," ","11.68"
"10/01/2017 13:00:00 - 10/01/2017 14:00:00","BZN|DK1","18.00","n/e"," ","11.25"
"10/01/2017 14:00:00 - 10/01/2017 15:00:00","BZN|DK1","10.00","n/e"," ","9.25"
"10/01/2017 15:00:00 - 10/01/2017 16:00:00","BZN|DK1","2.00","n/e"," ","2.41"
"10/01/2017 16:00:00 - 10/01/2017 17:00:00","BZN|DK1","0.00","n/e"," ","0.07"
"10/01/2017 17:00:00 - 10/01/2017 18:00:00","BZN|DK1","0.00","n/e"," ","0.01"
"10/01/2017 18:00:00 - 10/01/2017 19:00:00","BZN|DK1","0.00","n/e"," ","0.01"
"10/01/2017 19:00:00 - 10/01/2017 20:00:00","BZN|DK1","0.00","n/e"," ","0.01"
"10/01/2017 20:00:00 - 10/01/2017 21:00:00","BZN|DK1","0.00","n/e"," ","0.00"
"10/01/2017 21:00:00 - 10/01/2017 22:00:00","BZN|DK1","0.00","n/e"," ","0.00"
"10/01/2017 22:00:00 - 10/01/2017 23:00:00","BZN|DK1","0.00","n/e"," ","0.00"
"10/01/2017 23:00:00 - 11/01/2017 00:00:00","BZN|DK1","0.00","n/e"," ","0.00"
"11/01/2017 00:00:00 - 11/01/2017 01:00:00","BZN|DK1","0.00","n/e"," ","0.00"
"11/01/2017 01:00:00 - 11/01/2017 02:00:00","BZN|DK1","0.00","n/e"," ","0.00"
"11/01/2017 02:00:00 - 11/01/2017 03:00:00","BZN|DK1","0.00","n/e"," ","0.00"
"11/01/2017 03:00:00 - 11/01/2017 04:00:00","BZN|DK1","0.00","n/e"," ","0.00"
"11/01/2017 04:00:00 - 11/01/2017 05:00:00","BZN|DK1","0.00","n/e"," ","0.00"
"11/01/2017 05:00:00 - 11/01/2017 06:00:00","BZN|DK1","0.00","n/e"," ","0.00"
"11/01/2017 06:00:00 - 11/01/2017 07:00:00","BZN|DK1","0.00","n/e"," ","0.01"
"11/01/2017 07:00:00 - 11/01/2017 08:00:00","BZN|DK1","0.00","n/e"," ","0.01"
"11/01/2017 08:00:00 - 11/01/2017 09:00:00","BZN|DK1","0.00","n/e"," ","0.01"
"11/01/2017 09:00:00 - 11/01/2017 10:00:00","BZN|DK1","2.00","n/e"," ","0.28"
"11/01/2017 10:00:00 - 11/01/2017 11:00:00","BZN|DK1","7.00","n/e"," ","3.85"
"11/01/2017 11:00:00 - 11/01/2017 12:00:00","BZN|DK1","10.00","n/e"," ","17.47"
"11/01/2017 12:00:00 - 11/01/2017 13:00:00","BZN|DK1","12.00","n/e"," ","35.85"
"11/01/2017 13:00:00 - 11/01/2017 14:00:00","BZN|DK1","22.00","n/e"," ","35.35"
"11/01/2017 14:00:00 - 11/01/2017 15:00:00","BZN|DK1","18.00","n/e"," ","20.17"
"11/01/2017 15:00:00 - 11/01/2017 16:00:00","BZN|DK1","6.00","n/e"," ","6.97"
"11/01/2017 16:00:00 - 11/01/2017 17:00:00","BZN|DK1","0.00","n/e"," ","0.22"
"11/01/2017 17:00:00 - 11/01/2017 18:00:00","BZN|DK1","0.00","n/e"," ","0.00"
"11/01/2017 18:00:00 - 11/01/2017 19:00:00","BZN|DK1","0.00","n/e"," ","0.00"
"11/01/2017 19:00:00 - 11/01/2017 20:00:00","BZN|DK1","0.00","n/e"," ","0.00"
"11/01/2017 20:00:00 - 11/01/2017 21:00:00","BZN|DK1","0.00","n/e"," ","0.00"
"11/01/2017 21:00:00 - 11/01/2017 22:00:00","BZN|DK1","0.00","n/e"," ","0.00"
"11/01/2017 22:00:00 - 11/01/2017 23:00:00","BZN|DK1","0.00","n/e"," ","0.00"
"11/01/2017 23:00:00 - 12/01/2017 00:00:00","BZN|DK1","0.00","n/e"," ","0.00"
"12/01/2017 00:00:00 - 12/01/2017 01:00:00","BZN|DK1","0.00","n/e"," ","0.00"
"12/01/2017 01:00:00 - 12/01/2017 02:00:00","BZN|DK1","0.00","n/e"," ","0.00"
"12/01/2017 02:00:00 - 12/01/2017 03:00:00","BZN|DK1","0.00","n/e"," ","0.00"
"12/01/2017 03:00:00 - 12/01/2017 04:00:00","BZN|DK1","0.00","n/e"," ","0.00"
"12/01/2017 04:00:00 - 12/01/2017 05:00:00","BZN|DK1","0.00","n/e"," ","0.00"
"12/01/2017 05:00:00 - 12/01/2017 06:00:00","BZN|DK1","0.00","n/e"," ","0.00"
"12/01/2017 06:00:00 - 12/01/2017 07:00:00","BZN|DK1","0.00","n/e"," ","0.00"
"12/01/2017 07:00:00 - 12/01/2017 08:00:00","BZN|DK1","0.00","n/e"," ","0.00"
"12/01/2017 08:00:00 - 12/01/2017 09:00:00","BZN|DK1","1.00","n/e"," ","0.21"
"12/01/2017 09:00:00 - 12/01/2017 10:00:00","BZN|DK1","14.00","n/e"," ","10.60"
"12/01/2017 10:00:00 - 12/01/2017 11:00:00","BZN|DK1","46.00","n/e"," ","37.23"
"12/01/2017 11:00:00 - 12/01/2017 12:00:00","BZN|DK1","68.00","n/e"," ","62.56"
"12/01/2017 12:00:00 - 12/01/2017 13:00:00","BZN|DK1","73.00","n/e"," ","79.76"
"12/01/2017 13:00:00 - 12/01/2017 14:00:00","BZN|DK1","64.00","n/e"," ","69.06"
"12/01/2017 14:00:00 - 12/01/2017 15:00:00","BZN|DK1","47.00","n/e"," ","42.56"
"12/01/2017 15:00:00 - 12/01/2017 16:00:00","BZN|DK1","16.00","n/e"," ","10.81"
"12/01/2017 16:00:00 - 12/01/2017 17:00:00","BZN|DK1","1.00","n/e"," ","0.34"
"12/01/2017 17:00:00 - 12/01/2017 18:00:00","BZN|DK1","0.00","n/e"," ","0.00"
"12/01/2017 18:00:00 - 12/01/2017 19:00:00","BZN|DK1","0.00","n/e"," ","0.00"
"12/01/2017 19:00:00 - 12/01/2017 20:00:00","BZN|DK1","0.00","n/e"," ","0.00"
"12/01/2017 20:00:00 - 12/01/2017 21:00:00","BZN|DK1","0.00","n/e"," ","0.00"
"12/01/2017 21:00:00 - 12/01/2017 22:00:00","BZN|DK1","0.00","n/e"," ","0.00"
"12/01/2017 22:00:00 - 12/01/2017 23:00:00","BZN|DK1","0.00","n/e"," ","0.00"
"12/01/2017 23:00:00 - 13/01/2017 00:00:00","BZN|DK1","0.00","n/e"," ","0.00"
"13/01/2017 00:00:00 - 13/01/2017 01:00:00","BZN|DK1","0.00","n/e"," ","0.00"
"13/01/2017 01:00:00 - 13/01/2017 02:00:00","BZN|DK1","0.00","n/e"," ","0.00"
"13/01/2017 02:00:00 - 13/01/2017 03:00:00","BZN|DK1","0.00","n/e"," ","0.00"
"13/01/2017 03:00:00 - 13/01/2017 04:00:00","BZN|DK1","0.00","n/e"," ","0.00"
"13/01/2017 04:00:00 - 13/01/2017 05:00:00","BZN|DK1","0.00","n/e"," ","0.00"
"13/01/2017 05:00:00 - 13/01/2017 06:00:00","BZN|DK1","0.00","n/e"," ","0.00"
"13/01/2017 06:00:00 - 13/01/2017 07:00:00","BZN|DK1","0.00","n/e"," ","0.00"
"13/01/2017 07:00:00 - 13/01/2017 08:00:00","BZN|DK1","0.00","n/e"," ","0.00"
"13/01/2017 08:00:00 - 13/01/2017 09:00:00","BZN|DK1","1.00","n/e"," ","0.08"
"13/01/2017 09:00:00 - 13/01/2017 10:00:00","BZN|DK1","19.00","n/e"," ","7.27"
"13/01/2017 10:00:00 - 13/01/2017 11:00:00","BZN|DK1","62.00","n/e"," ","43.78"
"13/01/2017 11:00:00 - 13/01/2017 12:00:00","BZN|DK1","97.00","n/e"," ","94.99"
"13/01/2017 12:00:00 - 13/01/2017 13:00:00","BZN|DK1","109.00","n/e"," ","123.81"
"13/01/2017 13:00:00 - 13/01/2017 14:00:00","BZN|DK1","98.00","n/e"," ","116.75"
"13/01/2017 14:00:00 - 13/01/2017 15:00:00","BZN|DK1","66.00","n/e"," ","76.99"
"13/01/2017 15:00:00 - 13/01/2017 16:00:00","BZN|DK1","22.00","n/e"," ","24.32"
"13/01/2017 16:00:00 - 13/01/2017 17:00:00","BZN|DK1","1.00","n/e"," ","0.50"
"13/01/2017 17:00:00 - 13/01/2017 18:00:00","BZN|DK1","0.00","n/e"," ","0.00"
"13/01/2017 18:00:00 - 13/01/2017 19:00:00","BZN|DK1","0.00","n/e"," ","0.00"
"13/01/2017 19:00:00 - 13/01/2017 20:00:00","BZN|DK1","0.00","n/e"," ","0.00"
"13/01/2017 20:00:00 - 13/01/2017 21:00:00","BZN|DK1","0.00","n/e"," ","0.00"
"13/01/2017 21:00:00 - 13/01/2017 22:00:00","BZN|DK1","0.00","n/e"," ","0.00"
"13/01/2017 22:00:00 - 13/01/2017 23:00:00","BZN|DK1","0.00","n/e"," ","0.00"
"13/01/2017 23:00:00 - 14/01/2017 00:00:00","BZN|DK1","0.00","n/e"," ","0.00"
"14/01/2017 00:00:00 - 14/01/2017 01:00:00","BZN|DK1","0.00","n/e"," ","0.00"
"14/01/2017 01:00:00 - 14/01/2017 02:00:00","BZN|DK1","0.00","n/e"," ","0.00"
"14/01/2017 02:00:00 - 14/01/2017 03:00:00","BZN|DK1","0.00","n/e"," ","0.00"
"14/01/2017 03:00:00 - 14/01/2017 04:00:00","BZN|DK1","0.00","n/e"," ","0.00"
"14/01/2017 04:00:00 - 14/01/2017 05:00:00","BZN|DK1","0.00","n/e"," ","0.00"
"14/01/2017 05:00:00 - 14/01/2017 06:00:00","BZN|DK1","0.00","n/e"," ","0.00"
"14/01/2017 06:00:00 - 14/01/2017 07:00:00","BZN|DK1","0.00","n/e"," ","0.00"
"14/01/2017 07:00:00 - 14/01/2017 08:00:00","BZN|DK1","0.00","n/e"," ","0.00"
"14/01/2017 08:00:00 - 14/01/2017 09:00:00","BZN|DK1","1.00","n/e"," ","0.30"
"14/01/2017 09:00:00 - 14/01/2017 10:00:00","BZN|DK1","15.00","n/e"," ","14.53"
"14/01/2017 10:00:00 - 14/01/2017 11:00:00","BZN|DK1","48.00","n/e"," ","46.54"
"14/01/2017 11:00:00 - 14/01/2017 12:00:00","BZN|DK1","78.00","n/e"," ","80.83"
"14/01/2017 12:00:00 - 14/01/2017 13:00:00","BZN|DK1","84.00","n/e"," ","85.56"
"14/01/2017 13:00:00 - 14/01/2017 14:00:00","BZN|DK1","73.00","n/e"," ","74.49"
"14/01/2017 14:00:00 - 14/01/2017 15:00:00","BZN|DK1","44.00","n/e"," ","51.83"
"14/01/2017 15:00:00 - 14/01/2017 16:00:00","BZN|DK1","13.00","n/e"," ","18.87"
"14/01/2017 16:00:00 - 14/01/2017 17:00:00","BZN|DK1","1.00","n/e"," ","0.74"
"14/01/2017 17:00:00 - 14/01/2017 18:00:00","BZN|DK1","0.00","n/e"," ","0.00"
"14/01/2017 18:00:00 - 14/01/2017 19:00:00","BZN|DK1","0.00","n/e"," ","0.00"
"14/01/2017 19:00:00 - 14/01/2017 20:00:00","BZN|DK1","0.00","n/e"," ","0.00"
"14/01/2017 20:00:00 - 14/01/2017 21:00:00","BZN|DK1","0.00","n/e"," ","0.00"
"14/01/2017 21:00:00 - 14/01/2017 22:00:00","BZN|DK1","0.00","n/e"," ","0.00"
"14/01/2017 22:00:00 - 14/01/2017 23:00:00","BZN|DK1","0.00","n/e"," ","0.00"
"14/01/2017 23:00:00 - 15/01/2017 00:00:00","BZN|DK1","0.00","n/e"," ","0.00"
"15/01/2017 00:00:00 - 15/01/2017 01:00:00","BZN|DK1","0.00","n/e"," ","0.00"
"15/01/2017 01:00:00 - 15/01/2017 02:00:00","BZN|DK1","0.00","n/e"," ","0.00"
"15/01/2017 02:00:00 - 15/01/2017 03:00:00","BZN|DK1","0.00","n/e"," ","0.00"
"15/01/2017 03:00:00 - 15/01/2017 04:00:00","BZN|DK1","0.00","n/e"," ","0.00"
"15/01/2017 04:00:00 - 15/01/2017 05:00:00","BZN|DK1","0.00","n/e"," ","0.00"
"15/01/2017 05:00:00 - 15/01/2017 06:00:00","BZN|DK1","0.00","n/e"," ","0.00"
"15/01/2017 06:00:00 - 15/01/2017 07:00:00","BZN|DK1","0.00","n/e"," ","0.00"
"15/01/2017 07:00:00 - 15/01/2017 08:00:00","BZN|DK1","0.00","n/e"," ","0.00"
"15/01/2017 08:00:00 - 15/01/2017 09:00:00","BZN|DK1","1.00","n/e"," ","0.18"
"15/01/2017 09:00:00 - 15/01/2017 10:00:00","BZN|DK1","23.00","n/e"," ","15.18"
"15/01/2017 10:00:00 - 15/01/2017 11:00:00","BZN|DK1","68.00","n/e"," ","58.90"
"15/01/2017 11:00:00 - 15/01/2017 12:00:00","BZN|DK1","105.00","n/e"," ","109.98"
"15/01/2017 12:00:00 - 15/01/2017 13:00:00","BZN|DK1","115.00","n/e"," ","138.77"
"15/01/2017 13:00:00 - 15/01/2017 14:00:00","BZN|DK1","97.00","n/e"," ","135.76"
"15/01/2017 14:00:00 - 15/01/2017 15:00:00","BZN|DK1","62.00","n/e"," ","97.53"
"15/01/2017 15:00:00 - 15/01/2017 16:00:00","BZN|DK1","21.00","n/e"," ","35.66"
"15/01/2017 16:00:00 - 15/01/2017 17:00:00","BZN|DK1","1.00","n/e"," ","1.33"
"15/01/2017 17:00:00 - 15/01/2017 18:00:00","BZN|DK1","0.00","n/e"," ","0.00"
"15/01/2017 18:00:00 - 15/01/2017 19:00:00","BZN|DK1","0.00","n/e"," ","0.00"
"15/01/2017 19:00:00 - 15/01/2017 20:00:00","BZN|DK1","0.00","n/e"," ","0.00"
"15/01/2017 20:00:00 - 15/01/2017 21:00:00","BZN|DK1","0.00","n/e"," ","0.00"
"15/01/2017 21:00:00 - 15/01/2017 22:00:00","BZN|DK1","0.00","n/e"," ","0.00"
"15/01/2017 22:00:00 - 15/01/2017 23:00:00","BZN|DK1","0.00","n/e"," ","0.00"
"15/01/2017 23:00:00 - 16/01/2017 00:00:00","BZN|DK1","0.00","n/e"," ","0.00"
"16/01/2017 00:00:00 - 16/01/2017 01:00:00","BZN|DK1","0.00","n/e"," ","0.00"
"16/01/2017 01:00:00 - 16/01/2017 02:00:00","BZN|DK1","0.00","n/e"," ","0.00"
"16/01/2017 02:00:00 - 16/01/2017 03:00:00","BZN|DK1","0.00","n/e"," ","0.00"
"16/01/2017 03:00:00 - 16/01/2017 04:00:00","BZN|DK1","0.00","n/e"," ","0.00"
"16/01/2017 04:00:00 - 16/01/2017 05:00:00","BZN|DK1","0.00","n/e"," ","0.00"
"16/01/2017 05:00:00 - 16/01/2017 06:00:00","BZN|DK1","0.00","n/e"," ","0.00"
"16/01/2017 06:00:00 - 16/01/2017 07:00:00","BZN|DK1","0.00","n/e"," ","0.00"
"16/01/2017 07:00:00 - 16/01/2017 08:00:00","BZN|DK1","0.00","n/e"," ","0.00"
"16/01/2017 08:00:00 - 16/01/2017 09:00:00","BZN|DK1","1.00","n/e"," ","0.58"
"16/01/2017 09:00:00 - 16/01/2017 10:00:00","BZN|DK1","22.00","n/e"," ","25.53"
"16/01/2017 10:00:00 - 16/01/2017 11:00:00","BZN|DK1","66.00","n/e"," ","86.36"
"16/01/2017 11:00:00 - 16/01/2017 12:00:00","BZN|DK1","103.00","n/e"," ","139.05"
"16/01/2017 12:00:00 - 16/01/2017 13:00:00","BZN|DK1","116.00","n/e"," ","159.46"
"16/01/2017 13:00:00 - 16/01/2017 14:00:00","BZN|DK1","102.00","n/e"," ","147.95"
"16/01/2017 14:00:00 - 16/01/2017 15:00:00","BZN|DK1","69.00","n/e"," ","104.83"
"16/01/2017 15:00:00 - 16/01/2017 16:00:00","BZN|DK1","24.00","n/e"," ","40.31"
"16/01/2017 16:00:00 - 16/01/2017 17:00:00","BZN|DK1","1.00","n/e"," ","1.88"
"16/01/2017 17:00:00 - 16/01/2017 18:00:00","BZN|DK1","0.00","n/e"," ","0.00"
"16/01/2017 18:00:00 - 16/01/2017 19:00:00","BZN|DK1","0.00","n/e"," ","0.00"
"16/01/2017 19:00:00 - 16/01/2017 20:00:00","BZN|DK1","0.00","n/e"," ","0.00"
"16/01/2017 20:00:00 - 16/01/2017 21:00:00","BZN|DK1","0.00","n/e"," ","0.00"
"16/01/2017 21:00:00 - 16/01/2017 22:00:00","BZN|DK1","0.00","n/e"," ","0.00"
"16/01/2017 22:00:00 - 16/01/2017 23:00:00","BZN|DK1","0.00","n/e"," ","0.00"
"16/01/2017 23:00:00 - 17/01/2017 00:00:00","BZN|DK1","0.00","n/e"," ","0.00"
"17/01/2017 00:00:00 - 17/01/2017 01:00:00","BZN|DK1","0.00","n/e"," ","0.00"
"17/01/2017 01:00:00 - 17/01/2017 02:00:00","BZN|DK1","0.00","n/e"," ","0.00"
"17/01/2017 02:00:00 - 17/01/2017 03:00:00","BZN|DK1","0.00","n/e"," ","0.00"
"17/01/2017 03:00:00 - 17/01/2017 04:00:00","BZN|DK1","0.00","n/e"," ","0.00"
"17/01/2017 04:00:00 - 17/01/2017 05:00:00","BZN|DK1","0.00","n/e"," ","0.00"
"17/01/2017 05:00:00 - 17/01/2017 06:00:00","BZN|DK1","0.00","n/e"," ","0.00"
"17/01/2017 06:00:00 - 17/01/2017 07:00:00","BZN|DK1","0.00","n/e"," ","0.00"
"17/01/2017 07:00:00 - 17/01/2017 08:00:00","BZN|DK1","0.00","n/e"," ","0.00"
"17/01/2017 08:00:00 - 17/01/2017 09:00:00","BZN|DK1","0.00","n/e"," ","0.58"
"17/01/2017 09:00:00 - 17/01/2017 10:00:00","BZN|DK1","7.00","n/e"," ","8.47"
"17/01/2017 10:00:00 - 17/01/2017 11:00:00","BZN|DK1","20.00","n/e"," ","22.57"
"17/01/2017 11:00:00 - 17/01/2017 12:00:00","BZN|DK1","30.00","n/e"," ","32.71"
"17/01/2017 12:00:00 - 17/01/2017 13:00:00","BZN|DK1","35.00","n/e"," ","37.99"
"17/01/2017 13:00:00 - 17/01/2017 14:00:00","BZN|DK1","27.00","n/e"," ","39.06"
"17/01/2017 14:00:00 - 17/01/2017 15:00:00","BZN|DK1","17.00","n/e"," ","34.17"
"17/01/2017 15:00:00 - 17/01/2017 16:00:00","BZN|DK1","6.00","n/e"," ","14.45"
"17/01/2017 16:00:00 - 17/01/2017 17:00:00","BZN|DK1","0.00","n/e"," ","0.77"
"17/01/2017 17:00:00 - 17/01/2017 18:00:00","BZN|DK1","0.00","n/e"," ","0.00"
"17/01/2017 18:00:00 - 17/01/2017 19:00:00","BZN|DK1","0.00","n/e"," ","0.00"
"17/01/2017 19:00:00 - 17/01/2017 20:00:00","BZN|DK1","0.00","n/e"," ","0.00"
"17/01/2017 20:00:00 - 17/01/2017 21:00:00","BZN|DK1","0.00","n/e"," ","0.00"
"17/01/2017 21:00:00 - 17/01/2017 22:00:00","BZN|DK1","0.00","n/e"," ","0.00"
"17/01/2017 22:00:00 - 17/01/2017 23:00:00","BZN|DK1","0.00","n/e"," ","0.00"
"17/01/2017 23:00:00 - 18/01/2017 00:00:00","BZN|DK1","0.00","n/e"," ","0.00"
"18/01/2017 00:00:00 - 18/01/2017 01:00:00","BZN|DK1","0.00","n/e"," ","0.00"
"18/01/2017 01:00:00 - 18/01/2017 02:00:00","BZN|DK1","0.00","n/e"," ","0.00"
"18/01/2017 02:00:00 - 18/01/2017 03:00:00","BZN|DK1","0.00","n/e"," ","0.00"
"18/01/2017 03:00:00 - 18/01/2017 04:00:00","BZN|DK1","0.00","n/e"," ","0.00"
"18/01/2017 04:00:00 - 18/01/2017 05:00:00","BZN|DK1","0.00","n/e"," ","0.00"
"18/01/2017 05:00:00 - 18/01/2017 06:00:00","BZN|DK1","0.00","n/e"," ","0.00"
"18/01/2017 06:00:00 - 18/01/2017 07:00:00","BZN|DK1","0.00","n/e"," ","0.00"
"18/01/2017 07:00:00 - 18/01/2017 08:00:00","BZN|DK1","0.00","n/e"," ","0.00"
"18/01/2017 08:00:00 - 18/01/2017 09:00:00","BZN|DK1","0.00","n/e"," ","0.13"
"18/01/2017 09:00:00 - 18/01/2017 10:00:00","BZN|DK1","2.00","n/e"," ","5.95"
"18/01/2017 10:00:00 - 18/01/2017 11:00:00","BZN|DK1","7.00","n/e"," ","17.45"
"18/01/2017 11:00:00 - 18/01/2017 12:00:00","BZN|DK1","11.00","n/e"," ","25.92"
"18/01/2017 12:00:00 - 18/01/2017 13:00:00","BZN|DK1","12.00","n/e"," ","31.95"
"18/01/2017 13:00:00 - 18/01/2017 14:00:00","BZN|DK1","11.00","n/e"," ","27.88"
"18/01/2017 14:00:00 - 18/01/2017 15:00:00","BZN|DK1","8.00","n/e"," ","17.28"
"18/01/2017 15:00:00 - 18/01/2017 16:00:00","BZN|DK1","3.00","n/e"," ","6.14"
"18/01/2017 16:00:00 - 18/01/2017 17:00:00","BZN|DK1","0.00","n/e"," ","0.34"
"18/01/2017 17:00:00 - 18/01/2017 18:00:00","BZN|DK1","0.00","n/e"," ","0.00"
"18/01/2017 18:00:00 - 18/01/2017 19:00:00","BZN|DK1","0.00","n/e"," ","0.00"
"18/01/2017 19:00:00 - 18/01/2017 20:00:00","BZN|DK1","0.00","n/e"," ","0.00"
"18/01/2017 20:00:00 - 18/01/2017 21:00:00","BZN|DK1","0.00","n/e"," ","0.00"
"18/01/2017 21:00:00 - 18/01/2017 22:00:00","BZN|DK1","0.00","n/e"," ","0.00"
"18/01/2017 22:00:00 - 18/01/2017 23:00:00","BZN|DK1","0.00","n/e"," ","0.00"
"18/01/2017 23:00:00 - 19/01/2017 00:00:00","BZN|DK1","0.00","n/e"," ","0.00"
"19/01/2017 00:00:00 - 19/01/2017 01:00:00","BZN|DK1","0.00","n/e"," ","0.00"
"19/01/2017 01:00:00 - 19/01/2017 02:00:00","BZN|DK1","0.00","n/e"," ","0.00"
"19/01/2017 02:00:00 - 19/01/2017 03:00:00","BZN|DK1","0.00","n/e"," ","0.00"
"19/01/2017 03:00:00 - 19/01/2017 04:00:00","BZN|DK1","0.00","n/e"," ","0.00"
"19/01/2017 04:00:00 - 19/01/2017 05:00:00","BZN|DK1","0.00","n/e"," ","0.00"
"19/01/2017 05:00:00 - 19/01/2017 06:00:00","BZN|DK1","0.00","n/e"," ","0.00"
"19/01/2017 06:00:00 - 19/01/2017 07:00:00","BZN|DK1","0.00","n/e"," ","0.00"
"19/01/2017 07:00:00 - 19/01/2017 08:00:00","BZN|DK1","0.00","n/e"," ","0.01"
"19/01/2017 08:00:00 - 19/01/2017 09:00:00","BZN|DK1","0.00","n/e"," ","0.25"
"19/01/2017 09:00:00 - 19/01/2017 10:00:00","BZN|DK1","5.00","n/e"," ","9.74"
"19/01/2017 10:00:00 - 19/01/2017 11:00:00","BZN|DK1","19.00","n/e"," ","33.91"
"19/01/2017 11:00:00 - 19/01/2017 12:00:00","BZN|DK1","34.00","n/e"," ","69.11"
"19/01/2017 12:00:00 - 19/01/2017 13:00:00","BZN|DK1","50.00","n/e"," ","91.38"
"19/01/2017 13:00:00 - 19/01/2017 14:00:00","BZN|DK1","50.00","n/e"," ","86.65"
"19/01/2017 14:00:00 - 19/01/2017 15:00:00","BZN|DK1","34.00","n/e"," ","55.97"
"19/01/2017 15:00:00 - 19/01/2017 16:00:00","BZN|DK1","13.00","n/e"," ","24.02"
"19/01/2017 16:00:00 - 19/01/2017 17:00:00","BZN|DK1","1.00","n/e"," ","1.78"
"19/01/2017 17:00:00 - 19/01/2017 18:00:00","BZN|DK1","0.00","n/e"," ","0.01"
"19/01/2017 18:00:00 - 19/01/2017 19:00:00","BZN|DK1","0.00","n/e"," ","0.00"
"19/01/2017 19:00:00 - 19/01/2017 20:00:00","BZN|DK1","0.00","n/e"," ","0.00"
"19/01/2017 20:00:00 - 19/01/2017 21:00:00","BZN|DK1","0.00","n/e"," ","0.00"
"19/01/2017 21:00:00 - 19/01/2017 22:00:00","BZN|DK1","0.00","n/e"," ","0.00"
"19/01/2017 22:00:00 - 19/01/2017 23:00:00","BZN|DK1","0.00","n/e"," ","0.00"
"19/01/2017 23:00:00 - 20/01/2017 00:00:00","BZN|DK1","0.00","n/e"," ","0.00"
"20/01/2017 00:00:00 - 20/01/2017 01:00:00","BZN|DK1","0.00","n/e"," ","0.00"
"20/01/2017 01:00:00 - 20/01/2017 02:00:00","BZN|DK1","0.00","n/e"," ","0.00"
"20/01/2017 02:00:00 - 20/01/2017 03:00:00","BZN|DK1","0.00","n/e"," ","0.00"
"20/01/2017 03:00:00 - 20/01/2017 04:00:00","BZN|DK1","0.00","n/e"," ","0.00"
"20/01/2017 04:00:00 - 20/01/2017 05:00:00","BZN|DK1","0.00","n/e"," ","0.00"
"20/01/2017 05:00:00 - 20/01/2017 06:00:00","BZN|DK1","0.00","n/e"," ","0.00"
"20/01/2017 06:00:00 - 20/01/2017 07:00:00","BZN|DK1","0.00","n/e"," ","0.00"
"20/01/2017 07:00:00 - 20/01/2017 08:00:00","BZN|DK1","0.00","n/e"," ","0.00"
"20/01/2017 08:00:00 - 20/01/2017 09:00:00","BZN|DK1","0.00","n/e"," ","0.33"
"20/01/2017 09:00:00 - 20/01/2017 10:00:00","BZN|DK1","9.00","n/e"," ","10.84"
"20/01/2017 10:00:00 - 20/01/2017 11:00:00","BZN|DK1","31.00","n/e"," ","41.01"
"20/01/2017 11:00:00 - 20/01/2017 12:00:00","BZN|DK1","54.00","n/e"," ","77.06"
"20/01/2017 12:00:00 - 20/01/2017 13:00:00","BZN|DK1","58.00","n/e"," ","97.60"
"20/01/2017 13:00:00 - 20/01/2017 14:00:00","BZN|DK1","48.00","n/e"," ","87.57"
"20/01/2017 14:00:00 - 20/01/2017 15:00:00","BZN|DK1","34.00","n/e"," ","63.99"
"20/01/2017 15:00:00 - 20/01/2017 16:00:00","BZN|DK1","15.00","n/e"," ","25.61"
"20/01/2017 16:00:00 - 20/01/2017 17:00:00","BZN|DK1","1.00","n/e"," ","1.52"
"20/01/2017 17:00:00 - 20/01/2017 18:00:00","BZN|DK1","0.00","n/e"," ","0.01"
"20/01/2017 18:00:00 - 20/01/2017 19:00:00","BZN|DK1","0.00","n/e"," ","0.00"
"20/01/2017 19:00:00 - 20/01/2017 20:00:00","BZN|DK1","0.00","n/e"," ","0.00"
"20/01/2017 20:00:00 - 20/01/2017 21:00:00","BZN|DK1","0.00","n/e"," ","0.00"
"20/01/2017 21:00:00 - 20/01/2017 22:00:00","BZN|DK1","0.00","n/e"," ","0.00"
"20/01/2017 22:00:00 - 20/01/2017 23:00:00","BZN|DK1","0.00","n/e"," ","0.00"
"20/01/2017 23:00:00 - 21/01/2017 00:00:00","BZN|DK1","0.00","n/e"," ","0.00"
"21/01/2017 00:00:00 - 21/01/2017 01:00:00","BZN|DK1","0.00","n/e"," ","0.00"
"21/01/2017 01:00:00 - 21/01/2017 02:00:00","BZN|DK1","0.00","n/e"," ","0.00"
"21/01/2017 02:00:00 - 21/01/2017 03:00:00","BZN|DK1","0.00","n/e"," ","0.00"
"21/01/2017 03:00:00 - 21/01/2017 04:00:00","BZN|DK1","0.00","n/e"," ","0.00"
"21/01/2017 04:00:00 - 21/01/2017 05:00:00","BZN|DK1","0.00","n/e"," ","0.00"
"21/01/2017 05:00:00 - 21/01/2017 06:00:00","BZN|DK1","0.00","n/e"," ","0.00"
"21/01/2017 06:00:00 - 21/01/2017 07:00:00","BZN|DK1","0.00","n/e"," ","0.00"
"21/01/2017 07:00:00 - 21/01/2017 08:00:00","BZN|DK1","0.00","n/e"," ","0.01"
"21/01/2017 08:00:00 - 21/01/2017 09:00:00","BZN|DK1","0.00","n/e"," ","0.42"
"21/01/2017 09:00:00 - 21/01/2017 10:00:00","BZN|DK1","10.00","n/e"," ","11.75"
"21/01/2017 10:00:00 - 21/01/2017 11:00:00","BZN|DK1","30.00","n/e"," ","39.59"
"21/01/2017 11:00:00 - 21/01/2017 12:00:00","BZN|DK1","53.00","n/e"," ","71.59"
"21/01/2017 12:00:00 - 21/01/2017 13:00:00","BZN|DK1","62.00","n/e"," ","99.25"
"21/01/2017 13:00:00 - 21/01/2017 14:00:00","BZN|DK1","55.00","n/e"," ","91.28"
"21/01/2017 14:00:00 - 21/01/2017 15:00:00","BZN|DK1","37.00","n/e"," ","57.95"
"21/01/2017 15:00:00 - 21/01/2017 16:00:00","BZN|DK1","15.00","n/e"," ","21.11"
"21/01/2017 16:00:00 - 21/01/2017 17:00:00","BZN|DK1","1.00","n/e"," ","1.49"
"21/01/2017 17:00:00 - 21/01/2017 18:00:00","BZN|DK1","0.00","n/e"," ","0.01"
"21/01/2017 18:00:00 - 21/01/2017 19:00:00","BZN|DK1","0.00","n/e"," ","0.00"
"21/01/2017 19:00:00 - 21/01/2017 20:00:00","BZN|DK1","0.00","n/e"," ","0.01"
"21/01/2017 20:00:00 - 21/01/2017 21:00:00","BZN|DK1","0.00","n/e"," ","0.00"
"21/01/2017 21:00:00 - 21/01/2017 22:00:00","BZN|DK1","0.00","n/e"," ","0.00"
"21/01/2017 22:00:00 - 21/01/2017 23:00:00","BZN|DK1","0.00","n/e"," ","0.00"
"21/01/2017 23:00:00 - 22/01/2017 00:00:00","BZN|DK1","0.00","n/e"," ","0.00"
"22/01/2017 00:00:00 - 22/01/2017 01:00:00","BZN|DK1","0.00","n/e"," ","0.00"
"22/01/2017 01:00:00 - 22/01/2017 02:00:00","BZN|DK1","0.00","n/e"," ","0.00"
"22/01/2017 02:00:00 - 22/01/2017 03:00:00","BZN|DK1","0.00","n/e"," ","0.00"
"22/01/2017 03:00:00 - 22/01/2017 04:00:00","BZN|DK1","0.00","n/e"," ","0.00"
"22/01/2017 04:00:00 - 22/01/2017 05:00:00","BZN|DK1","0.00","n/e"," ","0.00"
"22/01/2017 05:00:00 - 22/01/2017 06:00:00","BZN|DK1","0.00","n/e"," ","0.01"
"22/01/2017 06:00:00 - 22/01/2017 07:00:00","BZN|DK1","0.00","n/e"," ","0.01"
"22/01/2017 07:00:00 - 22/01/2017 08:00:00","BZN|DK1","0.00","n/e"," ","0.00"
"22/01/2017 08:00:00 - 22/01/2017 09:00:00","BZN|DK1","0.00","n/e"," ","0.03"
"22/01/2017 09:00:00 - 22/01/2017 10:00:00","BZN|DK1","4.00","n/e"," ","2.36"
"22/01/2017 10:00:00 - 22/01/2017 11:00:00","BZN|DK1","11.00","n/e"," ","8.75"
"22/01/2017 11:00:00 - 22/01/2017 12:00:00","BZN|DK1","23.00","n/e"," ","16.01"
"22/01/2017 12:00:00 - 22/01/2017 13:00:00","BZN|DK1","33.00","n/e"," ","19.53"
"22/01/2017 13:00:00 - 22/01/2017 14:00:00","BZN|DK1","35.00","n/e"," ","18.71"
"22/01/2017 14:00:00 - 22/01/2017 15:00:00","BZN|DK1","25.00","n/e"," ","14.19"
"22/01/2017 15:00:00 - 22/01/2017 16:00:00","BZN|DK1","9.00","n/e"," ","4.54"
"22/01/2017 16:00:00 - 22/01/2017 17:00:00","BZN|DK1","0.00","n/e"," ","0.23"
"22/01/2017 17:00:00 - 22/01/2017 18:00:00","BZN|DK1","0.00","n/e"," ","0.01"
"22/01/2017 18:00:00 - 22/01/2017 19:00:00","BZN|DK1","0.00","n/e"," ","0.00"
"22/01/2017 19:00:00 - 22/01/2017 20:00:00","BZN|DK1","0.00","n/e"," ","0.01"
"22/01/2017 20:00:00 - 22/01/2017 21:00:00","BZN|DK1","0.00","n/e"," ","0.00"
"22/01/2017 21:00:00 - 22/01/2017 22:00:00","BZN|DK1","0.00","n/e"," ","0.00"
"22/01/2017 22:00:00 - 22/01/2017 23:00:00","BZN|DK1","0.00","n/e"," ","0.00"
"22/01/2017 23:00:00 - 23/01/2017 00:00:00","BZN|DK1","0.00","n/e"," ","0.00"
"23/01/2017 00:00:00 - 23/01/2017 01:00:00","BZN|DK1","0.00","n/e"," ","0.00"
"23/01/2017 01:00:00 - 23/01/2017 02:00:00","BZN|DK1","0.00","n/e"," ","0.00"
"23/01/2017 02:00:00 - 23/01/2017 03:00:00","BZN|DK1","0.00","n/e"," ","0.00"
"23/01/2017 03:00:00 - 23/01/2017 04:00:00","BZN|DK1","0.00","n/e"," ","0.00"
"23/01/2017 04:00:00 - 23/01/2017 05:00:00","BZN|DK1","0.00","n/e"," ","0.00"
"23/01/2017 05:00:00 - 23/01/2017 06:00:00","BZN|DK1","0.00","n/e"," ","0.00"
"23/01/2017 06:00:00 - 23/01/2017 07:00:00","BZN|DK1","0.00","n/e"," ","0.00"
"23/01/2017 07:00:00 - 23/01/2017 08:00:00","BZN|DK1","0.00","n/e"," ","0.00"
"23/01/2017 08:00:00 - 23/01/2017 09:00:00","BZN|DK1","1.00","n/e"," ","1.37"
"23/01/2017 09:00:00 - 23/01/2017 10:00:00","BZN|DK1","16.00","n/e"," ","19.02"
"23/01/2017 10:00:00 - 23/01/2017 11:00:00","BZN|DK1","49.00","n/e"," ","56.79"
"23/01/2017 11:00:00 - 23/01/2017 12:00:00","BZN|DK1","76.00","n/e"," ","88.73"
"23/01/2017 12:00:00 - 23/01/2017 13:00:00","BZN|DK1","94.00","n/e"," ","93.54"
"23/01/2017 13:00:00 - 23/01/2017 14:00:00","BZN|DK1","94.00","n/e"," ","89.05"
"23/01/2017 14:00:00 - 23/01/2017 15:00:00","BZN|DK1","64.00","n/e"," ","58.23"
"23/01/2017 15:00:00 - 23/01/2017 16:00:00","BZN|DK1","29.00","n/e"," ","27.37"
"23/01/2017 16:00:00 - 23/01/2017 17:00:00","BZN|DK1","2.00","n/e"," ","3.00"
"23/01/2017 17:00:00 - 23/01/2017 18:00:00","BZN|DK1","0.00","n/e"," ","0.01"
"23/01/2017 18:00:00 - 23/01/2017 19:00:00","BZN|DK1","0.00","n/e"," ","0.00"
"23/01/2017 19:00:00 - 23/01/2017 20:00:00","BZN|DK1","0.00","n/e"," ","0.01"
"23/01/2017 20:00:00 - 23/01/2017 21:00:00","BZN|DK1","0.00","n/e"," ","0.01"
"23/01/2017 21:00:00 - 23/01/2017 22:00:00","BZN|DK1","0.00","n/e"," ","0.00"
"23/01/2017 22:00:00 - 23/01/2017 23:00:00","BZN|DK1","0.00","n/e"," ","0.00"
"23/01/2017 23:00:00 - 24/01/2017 00:00:00","BZN|DK1","0.00","n/e"," ","0.00"
"24/01/2017 00:00:00 - 24/01/2017 01:00:00","BZN|DK1","0.00","n/e"," ","0.00"
"24/01/2017 01:00:00 - 24/01/2017 02:00:00","BZN|DK1","0.00","n/e"," ","0.00"
"24/01/2017 02:00:00 - 24/01/2017 03:00:00","BZN|DK1","0.00","n/e"," ","0.00"
"24/01/2017 03:00:00 - 24/01/2017 04:00:00","BZN|DK1","0.00","n/e"," ","0.00"
"24/01/2017 04:00:00 - 24/01/2017 05:00:00","BZN|DK1","0.00","n/e"," ","0.00"
"24/01/2017 05:00:00 - 24/01/2017 06:00:00","BZN|DK1","0.00","n/e"," ","0.00"
"24/01/2017 06:00:00 - 24/01/2017 07:00:00","BZN|DK1","0.00","n/e"," ","0.00"
"24/01/2017 07:00:00 - 24/01/2017 08:00:00","BZN|DK1","0.00","n/e"," ","0.01"
"24/01/2017 08:00:00 - 24/01/2017 09:00:00","BZN|DK1","1.00","n/e"," ","0.90"
"24/01/2017 09:00:00 - 24/01/2017 10:00:00","BZN|DK1","20.00","n/e"," ","15.11"
"24/01/2017 10:00:00 - 24/01/2017 11:00:00","BZN|DK1","57.00","n/e"," ","35.88"
"24/01/2017 11:00:00 - 24/01/2017 12:00:00","BZN|DK1","94.00","n/e"," ","54.15"
"24/01/2017 12:00:00 - 24/01/2017 13:00:00","BZN|DK1","105.00","n/e"," ","69.11"
"24/01/2017 13:00:00 - 24/01/2017 14:00:00","BZN|DK1","92.00","n/e"," ","70.44"
"24/01/2017 14:00:00 - 24/01/2017 15:00:00","BZN|DK1","67.00","n/e"," ","53.11"
"24/01/2017 15:00:00 - 24/01/2017 16:00:00","BZN|DK1","30.00","n/e"," ","23.47"
"24/01/2017 16:00:00 - 24/01/2017 17:00:00","BZN|DK1","2.00","n/e"," ","2.16"
"24/01/2017 17:00:00 - 24/01/2017 18:00:00","BZN|DK1","0.00","n/e"," ","0.01"
"24/01/2017 18:00:00 - 24/01/2017 19:00:00","BZN|DK1","0.00","n/e"," ","0.01"
"24/01/2017 19:00:00 - 24/01/2017 20:00:00","BZN|DK1","0.00","n/e"," ","0.00"
"24/01/2017 20:00:00 - 24/01/2017 21:00:00","BZN|DK1","0.00","n/e"," ","0.01"
"24/01/2017 21:00:00 - 24/01/2017 22:00:00","BZN|DK1","0.00","n/e"," ","0.00"
"24/01/2017 22:00:00 - 24/01/2017 23:00:00","BZN|DK1","0.00","n/e"," ","0.00"
"24/01/2017 23:00:00 - 25/01/2017 00:00:00","BZN|DK1","0.00","n/e"," ","0.00"
"25/01/2017 00:00:00 - 25/01/2017 01:00:00","BZN|DK1","0.00","n/e"," ","0.00"
"25/01/2017 01:00:00 - 25/01/2017 02:00:00","BZN|DK1","0.00","n/e"," ","0.00"
"25/01/2017 02:00:00 - 25/01/2017 03:00:00","BZN|DK1","0.00","n/e"," ","0.00"
"25/01/2017 03:00:00 - 25/01/2017 04:00:00","BZN|DK1","0.00","n/e"," ","0.00"
"25/01/2017 04:00:00 - 25/01/2017 05:00:00","BZN|DK1","0.00","n/e"," ","0.00"
"25/01/2017 05:00:00 - 25/01/2017 06:00:00","BZN|DK1","0.00","n/e"," ","0.01"
"25/01/2017 06:00:00 - 25/01/2017 07:00:00","BZN|DK1","0.00","n/e"," ","0.01"
"25/01/2017 07:00:00 - 25/01/2017 08:00:00","BZN|DK1","0.00","n/e"," ","0.01"
"25/01/2017 08:00:00 - 25/01/2017 09:00:00","BZN|DK1","1.00","n/e"," ","0.23"
"25/01/2017 09:00:00 - 25/01/2017 10:00:00","BZN|DK1","17.00","n/e"," ","4.75"
"25/01/2017 10:00:00 - 25/01/2017 11:00:00","BZN|DK1","48.00","n/e"," ","13.17"
"25/01/2017 11:00:00 - 25/01/2017 12:00:00","BZN|DK1","82.00","n/e"," ","18.65"
"25/01/2017 12:00:00 - 25/01/2017 13:00:00","BZN|DK1","86.00","n/e"," ","19.56"
"25/01/2017 13:00:00 - 25/01/2017 14:00:00","BZN|DK1","63.00","n/e"," ","15.84"
"25/01/2017 14:00:00 - 25/01/2017 15:00:00","BZN|DK1","42.00","n/e"," ","10.90"
"25/01/2017 15:00:00 - 25/01/2017 16:00:00","BZN|DK1","19.00","n/e"," ","4.50"
"25/01/2017 16:00:00 - 25/01/2017 17:00:00","BZN|DK1","1.00","n/e"," ","0.33"
"25/01/2017 17:00:00 - 25/01/2017 18:00:00","BZN|DK1","0.00","n/e"," ","0.01"
"25/01/2017 18:00:00 - 25/01/2017 19:00:00","BZN|DK1","0.00","n/e"," ","0.01"
"25/01/2017 19:00:00 - 25/01/2017 20:00:00","BZN|DK1","0.00","n/e"," ","0.01"
"25/01/2017 20:00:00 - 25/01/2017 21:00:00","BZN|DK1","0.00","n/e"," ","0.01"
"25/01/2017 21:00:00 - 25/01/2017 22:00:00","BZN|DK1","0.00","n/e"," ","0.00"
"25/01/2017 22:00:00 - 25/01/2017 23:00:00","BZN|DK1","0.00","n/e"," ","0.00"
"25/01/2017 23:00:00 - 26/01/2017 00:00:00","BZN|DK1","0.00","n/e"," ","0.00"
"26/01/2017 00:00:00 - 26/01/2017 01:00:00","BZN|DK1","0.00","n/e"," ","0.00"
"26/01/2017 01:00:00 - 26/01/2017 02:00:00","BZN|DK1","0.00","n/e"," ","0.00"
"26/01/2017 02:00:00 - 26/01/2017 03:00:00","BZN|DK1","0.00","n/e"," ","0.00"
"26/01/2017 03:00:00 - 26/01/2017 04:00:00","BZN|DK1","0.00","n/e"," ","0.00"
"26/01/2017 04:00:00 - 26/01/2017 05:00:00","BZN|DK1","0.00","n/e"," ","0.00"
"26/01/2017 05:00:00 - 26/01/2017 06:00:00","BZN|DK1","0.00","n/e"," ","0.01"
"26/01/2017 06:00:00 - 26/01/2017 07:00:00","BZN|DK1","0.00","n/e"," ","0.01"
"26/01/2017 07:00:00 - 26/01/2017 08:00:00","BZN|DK1","0.00","n/e"," ","0.01"
"26/01/2017 08:00:00 - 26/01/2017 09:00:00","BZN|DK1","2.00","n/e"," ","0.41"
"26/01/2017 09:00:00 - 26/01/2017 10:00:00","BZN|DK1","33.00","n/e"," ","9.56"
"26/01/2017 10:00:00 - 26/01/2017 11:00:00","BZN|DK1","90.00","n/e"," ","29.51"
"26/01/2017 11:00:00 - 26/01/2017 12:00:00","BZN|DK1","134.00","n/e"," ","51.90"
"26/01/2017 12:00:00 - 26/01/2017 13:00:00","BZN|DK1","152.00","n/e"," ","75.69"
"26/01/2017 13:00:00 - 26/01/2017 14:00:00","BZN|DK1","150.00","n/e"," ","78.52"
"26/01/2017 14:00:00 - 26/01/2017 15:00:00","BZN|DK1","108.00","n/e"," ","54.12"
"26/01/2017 15:00:00 - 26/01/2017 16:00:00","BZN|DK1","50.00","n/e"," ","22.64"
"26/01/2017 16:00:00 - 26/01/2017 17:00:00","BZN|DK1","5.00","n/e"," ","2.23"
"26/01/2017 17:00:00 - 26/01/2017 18:00:00","BZN|DK1","0.00","n/e"," ","0.01"
"26/01/2017 18:00:00 - 26/01/2017 19:00:00","BZN|DK1","0.00","n/e"," ","0.01"
"26/01/2017 19:00:00 - 26/01/2017 20:00:00","BZN|DK1","0.00","n/e"," ","0.01"
"26/01/2017 20:00:00 - 26/01/2017 21:00:00","BZN|DK1","0.00","n/e"," ","0.01"
"26/01/2017 21:00:00 - 26/01/2017 22:00:00","BZN|DK1","0.00","n/e"," ","0.01"
"26/01/2017 22:00:00 - 26/01/2017 23:00:00","BZN|DK1","0.00","n/e"," ","0.00"
"26/01/2017 23:00:00 - 27/01/2017 00:00:00","BZN|DK1","0.00","n/e"," ","0.00"
"27/01/2017 00:00:00 - 27/01/2017 01:00:00","BZN|DK1","0.00","n/e"," ","0.00"
"27/01/2017 01:00:00 - 27/01/2017 02:00:00","BZN|DK1","0.00","n/e"," ","0.00"
"27/01/2017 02:00:00 - 27/01/2017 03:00:00","BZN|DK1","0.00","n/e"," ","0.00"
"27/01/2017 03:00:00 - 27/01/2017 04:00:00","BZN|DK1","0.00","n/e"," ","0.00"
"27/01/2017 04:00:00 - 27/01/2017 05:00:00","BZN|DK1","0.00","n/e"," ","0.01"
"27/01/2017 05:00:00 - 27/01/2017 06:00:00","BZN|DK1","0.00","n/e"," ","0.01"
"27/01/2017 06:00:00 - 27/01/2017 07:00:00","BZN|DK1","0.00","n/e"," ","0.01"
"27/01/2017 07:00:00 - 27/01/2017 08:00:00","BZN|DK1","0.00","n/e"," ","0.01"
"27/01/2017 08:00:00 - 27/01/2017 09:00:00","BZN|DK1","3.00","n/e"," ","2.59"
"27/01/2017 09:00:00 - 27/01/2017 10:00:00","BZN|DK1","36.00","n/e"," ","39.59"
"27/01/2017 10:00:00 - 27/01/2017 11:00:00","BZN|DK1","95.00","n/e"," ","112.22"
"27/01/2017 11:00:00 - 27/01/2017 12:00:00","BZN|DK1","145.00","n/e"," ","183.79"
"27/01/2017 12:00:00 - 27/01/2017 13:00:00","BZN|DK1","170.00","n/e"," ","213.17"
"27/01/2017 13:00:00 - 27/01/2017 14:00:00","BZN|DK1","160.00","n/e"," ","190.83"
"27/01/2017 14:00:00 - 27/01/2017 15:00:00","BZN|DK1","117.00","n/e"," ","118.52"
"27/01/2017 15:00:00 - 27/01/2017 16:00:00","BZN|DK1","54.00","n/e"," ","38.13"
"27/01/2017 16:00:00 - 27/01/2017 17:00:00","BZN|DK1","5.00","n/e"," ","5.43"
"27/01/2017 17:00:00 - 27/01/2017 18:00:00","BZN|DK1","0.00","n/e"," ","0.01"
"27/01/2017 18:00:00 - 27/01/2017 19:00:00","BZN|DK1","0.00","n/e"," ","0.01"
"27/01/2017 19:00:00 - 27/01/2017 20:00:00","BZN|DK1","0.00","n/e"," ","0.01"
"27/01/2017 20:00:00 - 27/01/2017 21:00:00","BZN|DK1","0.00","n/e"," ","0.01"
"27/01/2017 21:00:00 - 27/01/2017 22:00:00","BZN|DK1","0.00","n/e"," ","0.00"
"27/01/2017 22:00:00 - 27/01/2017 23:00:00","BZN|DK1","0.00","n/e"," ","0.00"
"27/01/2017 23:00:00 - 28/01/2017 00:00:00","BZN|DK1","0.00","n/e"," ","0.00"
"28/01/2017 00:00:00 - 28/01/2017 01:00:00","BZN|DK1","0.00","n/e"," ","0.00"
"28/01/2017 01:00:00 - 28/01/2017 02:00:00","BZN|DK1","0.00","n/e"," ","0.00"
"28/01/2017 02:00:00 - 28/01/2017 03:00:00","BZN|DK1","0.00","n/e"," ","0.00"
"28/01/2017 03:00:00 - 28/01/2017 04:00:00","BZN|DK1","0.00","n/e"," ","0.00"
"28/01/2017 04:00:00 - 28/01/2017 05:00:00","BZN|DK1","0.00","n/e"," ","0.00"
"28/01/2017 05:00:00 - 28/01/2017 06:00:00","BZN|DK1","0.00","n/e"," ","0.00"
"28/01/2017 06:00:00 - 28/01/2017 07:00:00","BZN|DK1","0.00","n/e"," ","0.00"
"28/01/2017 07:00:00 - 28/01/2017 08:00:00","BZN|DK1","0.00","n/e"," ","0.00"
"28/01/2017 08:00:00 - 28/01/2017 09:00:00","BZN|DK1","4.00","n/e"," ","4.36"
"28/01/2017 09:00:00 - 28/01/2017 10:00:00","BZN|DK1","39.00","n/e"," ","45.03"
"28/01/2017 10:00:00 - 28/01/2017 11:00:00","BZN|DK1","91.00","n/e"," ","112.69"
"28/01/2017 11:00:00 - 28/01/2017 12:00:00","BZN|DK1","134.00","n/e"," ","175.82"
"28/01/2017 12:00:00 - 28/01/2017 13:00:00","BZN|DK1","159.00","n/e"," ","192.56"
"28/01/2017 13:00:00 - 28/01/2017 14:00:00","BZN|DK1","145.00","n/e"," ","164.78"
"28/01/2017 14:00:00 - 28/01/2017 15:00:00","BZN|DK1","104.00","n/e"," ","115.39"
"28/01/2017 15:00:00 - 28/01/2017 16:00:00","BZN|DK1","51.00","n/e"," ","52.01"
"28/01/2017 16:00:00 - 28/01/2017 17:00:00","BZN|DK1","4.00","n/e"," ","6.78"
"28/01/2017 17:00:00 - 28/01/2017 18:00:00","BZN|DK1","0.00","n/e"," ","0.01"
"28/01/2017 18:00:00 - 28/01/2017 19:00:00","BZN|DK1","0.00","n/e"," ","0.01"
"28/01/2017 19:00:00 - 28/01/2017 20:00:00","BZN|DK1","0.00","n/e"," ","0.00"
"28/01/2017 20:00:00 - 28/01/2017 21:00:00","BZN|DK1","0.00","n/e"," ","0.00"
"28/01/2017 21:00:00 - 28/01/2017 22:00:00","BZN|DK1","0.00","n/e"," ","0.00"
"28/01/2017 22:00:00 - 28/01/2017 23:00:00","BZN|DK1","0.00","n/e"," ","0.00"
"28/01/2017 23:00:00 - 29/01/2017 00:00:00","BZN|DK1","0.00","n/e"," ","0.00"
"29/01/2017 00:00:00 - 29/01/2017 01:00:00","BZN|DK1","0.00","n/e"," ","0.00"
"29/01/2017 01:00:00 - 29/01/2017 02:00:00","BZN|DK1","0.00","n/e"," ","0.00"
"29/01/2017 02:00:00 - 29/01/2017 03:00:00","BZN|DK1","0.00","n/e"," ","0.00"
"29/01/2017 03:00:00 - 29/01/2017 04:00:00","BZN|DK1","0.00","n/e"," ","0.00"
"29/01/2017 04:00:00 - 29/01/2017 05:00:00","BZN|DK1","0.00","n/e"," ","0.00"
"29/01/2017 05:00:00 - 29/01/2017 06:00:00","BZN|DK1","0.00","n/e"," ","0.00"
"29/01/2017 06:00:00 - 29/01/2017 07:00:00","BZN|DK1","0.00","n/e"," ","0.00"
"29/01/2017 07:00:00 - 29/01/2017 08:00:00","BZN|DK1","0.00","n/e"," ","0.01"
"29/01/2017 08:00:00 - 29/01/2017 09:00:00","BZN|DK1","1.00","n/e"," ","0.29"
"29/01/2017 09:00:00 - 29/01/2017 10:00:00","BZN|DK1","16.00","n/e"," ","6.92"
"29/01/2017 10:00:00 - 29/01/2017 11:00:00","BZN|DK1","46.00","n/e"," ","22.88"
"29/01/2017 11:00:00 - 29/01/2017 12:00:00","BZN|DK1","66.00","n/e"," ","36.54"
"29/01/2017 12:00:00 - 29/01/2017 13:00:00","BZN|DK1","73.00","n/e"," ","35.56"
"29/01/2017 13:00:00 - 29/01/2017 14:00:00","BZN|DK1","62.00","n/e"," ","35.82"
"29/01/2017 14:00:00 - 29/01/2017 15:00:00","BZN|DK1","47.00","n/e"," ","27.32"
"29/01/2017 15:00:00 - 29/01/2017 16:00:00","BZN|DK1","24.00","n/e"," ","13.40"
"29/01/2017 16:00:00 - 29/01/2017 17:00:00","BZN|DK1","4.00","n/e"," ","2.25"
"29/01/2017 17:00:00 - 29/01/2017 18:00:00","BZN|DK1","0.00","n/e"," ","0.01"
"29/01/2017 18:00:00 - 29/01/2017 19:00:00","BZN|DK1","0.00","n/e"," ","0.01"
"29/01/2017 19:00:00 - 29/01/2017 20:00:00","BZN|DK1","0.00","n/e"," ","0.00"
"29/01/2017 20:00:00 - 29/01/2017 21:00:00","BZN|DK1","0.00","n/e"," ","0.01"
"29/01/2017 21:00:00 - 29/01/2017 22:00:00","BZN|DK1","0.00","n/e"," ","0.00"
"29/01/2017 22:00:00 - 29/01/2017 23:00:00","BZN|DK1","0.00","n/e"," ","0.00"
"29/01/2017 23:00:00 - 30/01/2017 00:00:00","BZN|DK1","0.00","n/e"," ","0.00"
"30/01/2017 00:00:00 - 30/01/2017 01:00:00","BZN|DK1","0.00","n/e"," ","0.00"
"30/01/2017 01:00:00 - 30/01/2017 02:00:00","BZN|DK1","0.00","n/e"," ","0.00"
"30/01/2017 02:00:00 - 30/01/2017 03:00:00","BZN|DK1","0.00","n/e"," ","0.00"
"30/01/2017 03:00:00 - 30/01/2017 04:00:00","BZN|DK1","0.00","n/e"," ","0.00"
"30/01/2017 04:00:00 - 30/01/2017 05:00:00","BZN|DK1","0.00","n/e"," ","0.00"
"30/01/2017 05:00:00 - 30/01/2017 06:00:00","BZN|DK1","0.00","n/e"," ","0.00"
"30/01/2017 06:00:00 - 30/01/2017 07:00:00","BZN|DK1","0.00","n/e"," ","0.01"
"30/01/2017 07:00:00 - 30/01/2017 08:00:00","BZN|DK1","0.00","n/e"," ","0.00"
"30/01/2017 08:00:00 - 30/01/2017 09:00:00","BZN|DK1","1.00","n/e"," ","0.33"
"30/01/2017 09:00:00 - 30/01/2017 10:00:00","BZN|DK1","14.00","n/e"," ","8.87"
"30/01/2017 10:00:00 - 30/01/2017 11:00:00","BZN|DK1","37.00","n/e"," ","23.62"
"30/01/2017 11:00:00 - 30/01/2017 12:00:00","BZN|DK1","63.00","n/e"," ","34.53"
"30/01/2017 12:00:00 - 30/01/2017 13:00:00","BZN|DK1","75.00","n/e"," ","47.28"
"30/01/2017 13:00:00 - 30/01/2017 14:00:00","BZN|DK1","71.00","n/e"," ","42.11"
"30/01/2017 14:00:00 - 30/01/2017 15:00:00","BZN|DK1","52.00","n/e"," ","26.67"
"30/01/2017 15:00:00 - 30/01/2017 16:00:00","BZN|DK1","28.00","n/e"," ","12.36"
"30/01/2017 16:00:00 - 30/01/2017 17:00:00","BZN|DK1","5.00","n/e"," ","1.55"
"30/01/2017 17:00:00 - 30/01/2017 18:00:00","BZN|DK1","0.00","n/e"," ","0.01"
"30/01/2017 18:00:00 - 30/01/2017 19:00:00","BZN|DK1","0.00","n/e"," ","0.00"
"30/01/2017 19:00:00 - 30/01/2017 20:00:00","BZN|DK1","0.00","n/e"," ","0.00"
"30/01/2017 20:00:00 - 30/01/2017 21:00:00","BZN|DK1","0.00","n/e"," ","0.01"
"30/01/2017 21:00:00 - 30/01/2017 22:00:00","BZN|DK1","0.00","n/e"," ","0.00"
"30/01/2017 22:00:00 - 30/01/2017 23:00:00","BZN|DK1","0.00","n/e"," ","0.00"
"30/01/2017 23:00:00 - 31/01/2017 00:00:00","BZN|DK1","0.00","n/e"," ","0.00"
"31/01/2017 00:00:00 - 31/01/2017 01:00:00","BZN|DK1","0.00","n/e"," ","0.00"
"31/01/2017 01:00:00 - 31/01/2017 02:00:00","BZN|DK1","0.00","n/e"," ","0.00"
"31/01/2017 02:00:00 - 31/01/2017 03:00:00","BZN|DK1","0.00","n/e"," ","0.00"
"31/01/2017 03:00:00 - 31/01/2017 04:00:00","BZN|DK1","0.00","n/e"," ","0.00"
"31/01/2017 04:00:00 - 31/01/2017 05:00:00","BZN|DK1","0.00","n/e"," ","0.00"
"31/01/2017 05:00:00 - 31/01/2017 06:00:00","BZN|DK1","0.00","n/e"," ","0.00"
"31/01/2017 06:00:00 - 31/01/2017 07:00:00","BZN|DK1","0.00","n/e"," ","0.00"
"31/01/2017 07:00:00 - 31/01/2017 08:00:00","BZN|DK1","0.00","n/e"," ","0.00"
"31/01/2017 08:00:00 - 31/01/2017 09:00:00","BZN|DK1","1.00","n/e"," ","0.75"
"31/01/2017 09:00:00 - 31/01/2017 10:00:00","BZN|DK1","16.00","n/e"," ","11.85"
"31/01/2017 10:00:00 - 31/01/2017 11:00:00","BZN|DK1","41.00","n/e"," ","24.33"
"31/01/2017 11:00:00 - 31/01/2017 12:00:00","BZN|DK1","66.00","n/e"," ","26.37"
"31/01/2017 12:00:00 - 31/01/2017 13:00:00","BZN|DK1","72.00","n/e"," ","27.39"
"31/01/2017 13:00:00 - 31/01/2017 14:00:00","BZN|DK1","61.00","n/e"," ","23.38"
"31/01/2017 14:00:00 - 31/01/2017 15:00:00","BZN|DK1","45.00","n/e"," ","16.36"
"31/01/2017 15:00:00 - 31/01/2017 16:00:00","BZN|DK1","24.00","n/e"," ","7.47"
"31/01/2017 16:00:00 - 31/01/2017 17:00:00","BZN|DK1","3.00","n/e"," ","0.84"
"31/01/2017 17:00:00 - 31/01/2017 18:00:00","BZN|DK1","0.00","n/e"," ","0.01"
"31/01/2017 18:00:00 - 31/01/2017 19:00:00","BZN|DK1","0.00","n/e"," ","0.00"
"31/01/2017 19:00:00 - 31/01/2017 20:00:00","BZN|DK1","0.00","n/e"," ","0.01"
"31/01/2017 20:00:00 - 31/01/2017 21:00:00","BZN|DK1","0.00","n/e"," ","0.00"
"31/01/2017 21:00:00 - 31/01/2017 22:00:00","BZN|DK1","0.00","n/e"," ","0.00"
"31/01/2017 22:00:00 - 31/01/2017 23:00:00","BZN|DK1","0.00","n/e"," ","0.00"
"31/01/2017 23:00:00 - 01/02/2017 00:00:00","BZN|DK1","0.00","n/e"," ","0.00"
"01/02/2017 00:00:00 - 01/02/2017 01:00:00","BZN|DK1","0.00","n/e"," ","0.00"
"01/02/2017 01:00:00 - 01/02/2017 02:00:00","BZN|DK1","0.00","n/e"," ","0.00"
"01/02/2017 02:00:00 - 01/02/2017 03:00:00","BZN|DK1","0.00","n/e"," ","0.00"
"01/02/2017 03:00:00 - 01/02/2017 04:00:00","BZN|DK1","0.00","n/e"," ","0.00"
"01/02/2017 04:00:00 - 01/02/2017 05:00:00","BZN|DK1","0.00","n/e"," ","0.00"
"01/02/2017 05:00:00 - 01/02/2017 06:00:00","BZN|DK1","0.00","n/e"," ","0.00"
"01/02/2017 06:00:00 - 01/02/2017 07:00:00","BZN|DK1","0.00","n/e"," ","0.00"
"01/02/2017 07:00:00 - 01/02/2017 08:00:00","BZN|DK1","0.00","n/e"," ","0.00"
"01/02/2017 08:00:00 - 01/02/2017 09:00:00","BZN|DK1","0.00","n/e"," ","0.18"
"01/02/2017 09:00:00 - 01/02/2017 10:00:00","BZN|DK1","9.00","n/e"," ","3.68"
"01/02/2017 10:00:00 - 01/02/2017 11:00:00","BZN|DK1","31.00","n/e"," ","10.45"
"01/02/2017 11:00:00 - 01/02/2017 12:00:00","BZN|DK1","53.00","n/e"," ","16.27"
"01/02/2017 12:00:00 - 01/02/2017 13:00:00","BZN|DK1","67.00","n/e"," ","18.97"
"01/02/2017 13:00:00 - 01/02/2017 14:00:00","BZN|DK1","67.00","n/e"," ","17.96"
"01/02/2017 14:00:00 - 01/02/2017 15:00:00","BZN|DK1","54.00","n/e"," ","13.50"
"01/02/2017 15:00:00 - 01/02/2017 16:00:00","BZN|DK1","32.00","n/e"," ","6.02"
"01/02/2017 16:00:00 - 01/02/2017 17:00:00","BZN|DK1","5.00","n/e"," ","0.69"
"01/02/2017 17:00:00 - 01/02/2017 18:00:00","BZN|DK1","0.00","n/e"," ","0.01"
"01/02/2017 18:00:00 - 01/02/2017 19:00:00","BZN|DK1","0.00","n/e"," ","0.00"
"01/02/2017 19:00:00 - 01/02/2017 20:00:00","BZN|DK1","0.00","n/e"," ","0.01"
"01/02/2017 20:00:00 - 01/02/2017 21:00:00","BZN|DK1","0.00","n/e"," ","0.01"
"01/02/2017 21:00:00 - 01/02/2017 22:00:00","BZN|DK1","0.00","n/e"," ","0.00"
"01/02/2017 22:00:00 - 01/02/2017 23:00:00","BZN|DK1","0.00","n/e"," ","0.00"
"01/02/2017 23:00:00 - 02/02/2017 00:00:00","BZN|DK1","0.00","n/e"," ","0.00"
"02/02/2017 00:00:00 - 02/02/2017 01:00:00","BZN|DK1","0.00","n/e"," ","0.00"
"02/02/2017 01:00:00 - 02/02/2017 02:00:00","BZN|DK1","0.00","n/e"," ","0.00"
"02/02/2017 02:00:00 - 02/02/2017 03:00:00","BZN|DK1","0.00","n/e"," ","0.00"
"02/02/2017 03:00:00 - 02/02/2017 04:00:00","BZN|DK1","0.00","n/e"," ","0.00"
"02/02/2017 04:00:00 - 02/02/2017 05:00:00","BZN|DK1","0.00","n/e"," ","0.00"
"02/02/2017 05:00:00 - 02/02/2017 06:00:00","BZN|DK1","0.00","n/e"," ","0.00"
"02/02/2017 06:00:00 - 02/02/2017 07:00:00","BZN|DK1","0.00","n/e"," ","0.00"
"02/02/2017 07:00:00 - 02/02/2017 08:00:00","BZN|DK1","0.00","n/e"," ","0.00"
"02/02/2017 08:00:00 - 02/02/2017 09:00:00","BZN|DK1","1.00","n/e"," ","0.42"
"02/02/2017 09:00:00 - 02/02/2017 10:00:00","BZN|DK1","10.00","n/e"," ","3.33"
"02/02/2017 10:00:00 - 02/02/2017 11:00:00","BZN|DK1","13.00","n/e"," ","7.08"
"02/02/2017 11:00:00 - 02/02/2017 12:00:00","BZN|DK1","21.00","n/e"," ","11.43"
"02/02/2017 12:00:00 - 02/02/2017 13:00:00","BZN|DK1","28.00","n/e"," ","15.14"
"02/02/2017 13:00:00 - 02/02/2017 14:00:00","BZN|DK1","29.00","n/e"," ","14.67"
"02/02/2017 14:00:00 - 02/02/2017 15:00:00","BZN|DK1","19.00","n/e"," ","12.29"
"02/02/2017 15:00:00 - 02/02/2017 16:00:00","BZN|DK1","11.00","n/e"," ","6.53"
"02/02/2017 16:00:00 - 02/02/2017 17:00:00","BZN|DK1","2.00","n/e"," ","1.33"
"02/02/2017 17:00:00 - 02/02/2017 18:00:00","BZN|DK1","0.00","n/e"," ","0.01"
"02/02/2017 18:00:00 - 02/02/2017 19:00:00","BZN|DK1","0.00","n/e"," ","0.01"
"02/02/2017 19:00:00 - 02/02/2017 20:00:00","BZN|DK1","0.00","n/e"," ","0.01"
"02/02/2017 20:00:00 - 02/02/2017 21:00:00","BZN|DK1","0.00","n/e"," ","0.01"
"02/02/2017 21:00:00 - 02/02/2017 22:00:00","BZN|DK1","0.00","n/e"," ","0.00"
"02/02/2017 22:00:00 - 02/02/2017 23:00:00","BZN|DK1","0.00","n/e"," ","0.00"
"02/02/2017 23:00:00 - 03/02/2017 00:00:00","BZN|DK1","0.00","n/e"," ","0.00"
"03/02/2017 00:00:00 - 03/02/2017 01:00:00","BZN|DK1","0.00","n/e"," ","0.00"
"03/02/2017 01:00:00 - 03/02/2017 02:00:00","BZN|DK1","0.00","n/e"," ","0.00"
"03/02/2017 02:00:00 - 03/02/2017 03:00:00","BZN|DK1","0.00","n/e"," ","0.00"
"03/02/2017 03:00:00 - 03/02/2017 04:00:00","BZN|DK1","0.00","n/e"," ","0.00"
"03/02/2017 04:00:00 - 03/02/2017 05:00:00","BZN|DK1","0.00","n/e"," ","0.00"
"03/02/2017 05:00:00 - 03/02/2017 06:00:00","BZN|DK1","0.00","n/e"," ","0.00"
"03/02/2017 06:00:00 - 03/02/2017 07:00:00","BZN|DK1","0.00","n/e"," ","0.01"
"03/02/2017 07:00:00 - 03/02/2017 08:00:00","BZN|DK1","0.00","n/e"," ","0.01"
"03/02/2017 08:00:00 - 03/02/2017 09:00:00","BZN|DK1","1.00","n/e"," ","0.70"
"03/02/2017 09:00:00 - 03/02/2017 10:00:00","BZN|DK1","9.00","n/e"," ","6.02"
"03/02/2017 10:00:00 - 03/02/2017 11:00:00","BZN|DK1","28.00","n/e"," ","14.04"
"03/02/2017 11:00:00 - 03/02/2017 12:00:00","BZN|DK1","50.00","n/e"," ","20.26"
"03/02/2017 12:00:00 - 03/02/2017 13:00:00","BZN|DK1","65.00","n/e"," ","24.51"
"03/02/2017 13:00:00 - 03/02/2017 14:00:00","BZN|DK1","54.00","n/e"," ","20.67"
"03/02/2017 14:00:00 - 03/02/2017 15:00:00","BZN|DK1","40.00","n/e"," ","14.57"
"03/02/2017 15:00:00 - 03/02/2017 16:00:00","BZN|DK1","20.00","n/e"," ","5.73"
"03/02/2017 16:00:00 - 03/02/2017 17:00:00","BZN|DK1","3.00","n/e"," ","0.67"
"03/02/2017 17:00:00 - 03/02/2017 18:00:00","BZN|DK1","0.00","n/e"," ","0.01"
"03/02/2017 18:00:00 - 03/02/2017 19:00:00","BZN|DK1","0.00","n/e"," ","0.00"
"03/02/2017 19:00:00 - 03/02/2017 20:00:00","BZN|DK1","0.00","n/e"," ","0.00"
"03/02/2017 20:00:00 - 03/02/2017 21:00:00","BZN|DK1","0.00","n/e"," ","0.01"
"03/02/2017 21:00:00 - 03/02/2017 22:00:00","BZN|DK1","0.00","n/e"," ","0.00"
"03/02/2017 22:00:00 - 03/02/2017 23:00:00","BZN|DK1","0.00","n/e"," ","0.00"
"03/02/2017 23:00:00 - 04/02/2017 00:00:00","BZN|DK1","0.00","n/e"," ","0.00"
"04/02/2017 00:00:00 - 04/02/2017 01:00:00","BZN|DK1","0.00","n/e"," ","0.00"
"04/02/2017 01:00:00 - 04/02/2017 02:00:00","BZN|DK1","0.00","n/e"," ","0.00"
"04/02/2017 02:00:00 - 04/02/2017 03:00:00","BZN|DK1","0.00","n/e"," ","0.00"
"04/02/2017 03:00:00 - 04/02/2017 04:00:00","BZN|DK1","0.00","n/e"," ","0.00"
"04/02/2017 04:00:00 - 04/02/2017 05:00:00","BZN|DK1","0.00","n/e"," ","0.00"
"04/02/2017 05:00:00 - 04/02/2017 06:00:00","BZN|DK1","0.00","n/e"," ","0.00"
"04/02/2017 06:00:00 - 04/02/2017 07:00:00","BZN|DK1","0.00","n/e"," ","0.00"
"04/02/2017 07:00:00 - 04/02/2017 08:00:00","BZN|DK1","0.00","n/e"," ","0.00"
"04/02/2017 08:00:00 - 04/02/2017 09:00:00","BZN|DK1","1.00","n/e"," ","1.30"
"04/02/2017 09:00:00 - 04/02/2017 10:00:00","BZN|DK1","17.00","n/e"," ","10.14"
"04/02/2017 10:00:00 - 04/02/2017 11:00:00","BZN|DK1","68.00","n/e"," ","18.45"
"04/02/2017 11:00:00 - 04/02/2017 12:00:00","BZN|DK1","110.00","n/e"," ","23.28"
"04/02/2017 12:00:00 - 04/02/2017 13:00:00","BZN|DK1","139.00","n/e"," ","21.94"
"04/02/2017 13:00:00 - 04/02/2017 14:00:00","BZN|DK1","149.00","n/e"," ","20.89"
"04/02/2017 14:00:00 - 04/02/2017 15:00:00","BZN|DK1","121.00","n/e"," ","14.62"
"04/02/2017 15:00:00 - 04/02/2017 16:00:00","BZN|DK1","71.00","n/e"," ","6.38"
"04/02/2017 16:00:00 - 04/02/2017 17:00:00","BZN|DK1","18.00","n/e"," ","1.08"
"04/02/2017 17:00:00 - 04/02/2017 18:00:00","BZN|DK1","1.00","n/e"," ","0.01"
"04/02/2017 18:00:00 - 04/02/2017 19:00:00","BZN|DK1","0.00","n/e"," ","0.00"
"04/02/2017 19:00:00 - 04/02/2017 20:00:00","BZN|DK1","0.00","n/e"," ","0.00"
"04/02/2017 20:00:00 - 04/02/2017 21:00:00","BZN|DK1","0.00","n/e"," ","0.00"
"04/02/2017 21:00:00 - 04/02/2017 22:00:00","BZN|DK1","0.00","n/e"," ","0.00"
"04/02/2017 22:00:00 - 04/02/2017 23:00:00","BZN|DK1","0.00","n/e"," ","0.00"
"04/02/2017 23:00:00 - 05/02/2017 00:00:00","BZN|DK1","0.00","n/e"," ","0.00"
"05/02/2017 00:00:00 - 05/02/2017 01:00:00","BZN|DK1","0.00","n/e"," ","0.00"
"05/02/2017 01:00:00 - 05/02/2017 02:00:00","BZN|DK1","0.00","n/e"," ","0.00"
"05/02/2017 02:00:00 - 05/02/2017 03:00:00","BZN|DK1","0.00","n/e"," ","0.00"
"05/02/2017 03:00:00 - 05/02/2017 04:00:00","BZN|DK1","0.00","n/e"," ","0.00"
"05/02/2017 04:00:00 - 05/02/2017 05:00:00","BZN|DK1","0.00","n/e"," ","0.00"
"05/02/2017 05:00:00 - 05/02/2017 06:00:00","BZN|DK1","0.00","n/e"," ","0.00"
"05/02/2017 06:00:00 - 05/02/2017 07:00:00","BZN|DK1","0.00","n/e"," ","0.00"
"05/02/2017 07:00:00 - 05/02/2017 08:00:00","BZN|DK1","0.00","n/e"," ","0.00"
"05/02/2017 08:00:00 - 05/02/2017 09:00:00","BZN|DK1","1.00","n/e"," ","0.41"
"05/02/2017 09:00:00 - 05/02/2017 10:00:00","BZN|DK1","6.00","n/e"," ","4.48"
"05/02/2017 10:00:00 - 05/02/2017 11:00:00","BZN|DK1","12.00","n/e"," ","9.81"
"05/02/2017 11:00:00 - 05/02/2017 12:00:00","BZN|DK1","17.00","n/e"," ","13.42"
"05/02/2017 12:00:00 - 05/02/2017 13:00:00","BZN|DK1","22.00","n/e"," ","14.28"
"05/02/2017 13:00:00 - 05/02/2017 14:00:00","BZN|DK1","17.00","n/e"," ","13.09"
"05/02/2017 14:00:00 - 05/02/2017 15:00:00","BZN|DK1","13.00","n/e"," ","9.30"
"05/02/2017 15:00:00 - 05/02/2017 16:00:00","BZN|DK1","8.00","n/e"," ","4.89"
"05/02/2017 16:00:00 - 05/02/2017 17:00:00","BZN|DK1","2.00","n/e"," ","0.78"
"05/02/2017 17:00:00 - 05/02/2017 18:00:00","BZN|DK1","0.00","n/e"," ","0.01"
"05/02/2017 18:00:00 - 05/02/2017 19:00:00","BZN|DK1","0.00","n/e"," ","0.00"
"05/02/2017 19:00:00 - 05/02/2017 20:00:00","BZN|DK1","0.00","n/e"," ","0.00"
"05/02/2017 20:00:00 - 05/02/2017 21:00:00","BZN|DK1","0.00","n/e"," ","0.00"
"05/02/2017 21:00:00 - 05/02/2017 22:00:00","BZN|DK1","0.00","n/e"," ","0.00"
"05/02/2017 22:00:00 - 05/02/2017 23:00:00","BZN|DK1","0.00","n/e"," ","0.00"
"05/02/2017 23:00:00 - 06/02/2017 00:00:00","BZN|DK1","0.00","n/e"," ","0.00"
"06/02/2017 00:00:00 - 06/02/2017 01:00:00","BZN|DK1","0.00","n/e"," ","0.00"
"06/02/2017 01:00:00 - 06/02/2017 02:00:00","BZN|DK1","0.00","n/e"," ","0.00"
"06/02/2017 02:00:00 - 06/02/2017 03:00:00","BZN|DK1","0.00","n/e"," ","0.00"
"06/02/2017 03:00:00 - 06/02/2017 04:00:00","BZN|DK1","0.00","n/e"," ","0.00"
"06/02/2017 04:00:00 - 06/02/2017 05:00:00","BZN|DK1","0.00","n/e"," ","0.00"
"06/02/2017 05:00:00 - 06/02/2017 06:00:00","BZN|DK1","0.00","n/e"," ","0.00"
"06/02/2017 06:00:00 - 06/02/2017 07:00:00","BZN|DK1","0.00","n/e"," ","0.00"
"06/02/2017 07:00:00 - 06/02/2017 08:00:00","BZN|DK1","0.00","n/e"," ","0.00"
"06/02/2017 08:00:00 - 06/02/2017 09:00:00","BZN|DK1","5.00","n/e"," ","1.27"
"06/02/2017 09:00:00 - 06/02/2017 10:00:00","BZN|DK1","34.00","n/e"," ","12.96"
"06/02/2017 10:00:00 - 06/02/2017 11:00:00","BZN|DK1","73.00","n/e"," ","36.02"
"06/02/2017 11:00:00 - 06/02/2017 12:00:00","BZN|DK1","100.00","n/e"," ","52.76"
"06/02/2017 12:00:00 - 06/02/2017 13:00:00","BZN|DK1","117.00","n/e"," ","66.53"
"06/02/2017 13:00:00 - 06/02/2017 14:00:00","BZN|DK1","103.00","n/e"," ","68.20"
"06/02/2017 14:00:00 - 06/02/2017 15:00:00","BZN|DK1","68.00","n/e"," ","47.35"
"06/02/2017 15:00:00 - 06/02/2017 16:00:00","BZN|DK1","34.00","n/e"," ","24.87"
"06/02/2017 16:00:00 - 06/02/2017 17:00:00","BZN|DK1","7.00","n/e"," ","5.92"
"06/02/2017 17:00:00 - 06/02/2017 18:00:00","BZN|DK1","0.00","n/e"," ","0.07"
"06/02/2017 18:00:00 - 06/02/2017 19:00:00","BZN|DK1","0.00","n/e"," ","0.00"
"06/02/2017 19:00:00 - 06/02/2017 20:00:00","BZN|DK1","0.00","n/e"," ","0.01"
"06/02/2017 20:00:00 - 06/02/2017 21:00:00","BZN|DK1","0.00","n/e"," ","0.00"
"06/02/2017 21:00:00 - 06/02/2017 22:00:00","BZN|DK1","0.00","n/e"," ","0.00"
"06/02/2017 22:00:00 - 06/02/2017 23:00:00","BZN|DK1","0.00","n/e"," ","0.00"
"06/02/2017 23:00:00 - 07/02/2017 00:00:00","BZN|DK1","0.00","n/e"," ","0.00"
"07/02/2017 00:00:00 - 07/02/2017 01:00:00","BZN|DK1","0.00","n/e"," ","0.00"
"07/02/2017 01:00:00 - 07/02/2017 02:00:00","BZN|DK1","0.00","n/e"," ","0.00"
"07/02/2017 02:00:00 - 07/02/2017 03:00:00","BZN|DK1","0.00","n/e"," ","0.00"
"07/02/2017 03:00:00 - 07/02/2017 04:00:00","BZN|DK1","0.00","n/e"," ","0.00"
"07/02/2017 04:00:00 - 07/02/2017 05:00:00","BZN|DK1","0.00","n/e"," ","0.00"
"07/02/2017 05:00:00 - 07/02/2017 06:00:00","BZN|DK1","0.00","n/e"," ","0.00"
"07/02/2017 06:00:00 - 07/02/2017 07:00:00","BZN|DK1","0.00","n/e"," ","0.00"
"07/02/2017 07:00:00 - 07/02/2017 08:00:00","BZN|DK1","0.00","n/e"," ","0.00"
"07/02/2017 08:00:00 - 07/02/2017 09:00:00","BZN|DK1","2.00","n/e"," ","1.22"
"07/02/2017 09:00:00 - 07/02/2017 10:00:00","BZN|DK1","14.00","n/e"," ","11.13"
"07/02/2017 10:00:00 - 07/02/2017 11:00:00","BZN|DK1","39.00","n/e"," ","24.71"
"07/02/2017 11:00:00 - 07/02/2017 12:00:00","BZN|DK1","58.00","n/e"," ","31.38"
"07/02/2017 12:00:00 - 07/02/2017 13:00:00","BZN|DK1","65.00","n/e"," ","32.08"
"07/02/2017 13:00:00 - 07/02/2017 14:00:00","BZN|DK1","53.00","n/e"," ","29.38"
"07/02/2017 14:00:00 - 07/02/2017 15:00:00","BZN|DK1","34.00","n/e"," ","24.59"
"07/02/2017 15:00:00 - 07/02/2017 16:00:00","BZN|DK1","17.00","n/e"," ","11.69"
"07/02/2017 16:00:00 - 07/02/2017 17:00:00","BZN|DK1","4.00","n/e"," ","1.77"
"07/02/2017 17:00:00 - 07/02/2017 18:00:00","BZN|DK1","0.00","n/e"," ","0.02"
"07/02/2017 18:00:00 - 07/02/2017 19:00:00","BZN|DK1","0.00","n/e"," ","0.00"
"07/02/2017 19:00:00 - 07/02/2017 20:00:00","BZN|DK1","0.00","n/e"," ","0.01"
"07/02/2017 20:00:00 - 07/02/2017 21:00:00","BZN|DK1","0.00","n/e"," ","0.00"
"07/02/2017 21:00:00 - 07/02/2017 22:00:00","BZN|DK1","0.00","n/e"," ","0.00"
"07/02/2017 22:00:00 - 07/02/2017 23:00:00","BZN|DK1","0.00","n/e"," ","0.00"
"07/02/2017 23:00:00 - 08/02/2017 00:00:00","BZN|DK1","0.00","n/e"," ","0.00"
"08/02/2017 00:00:00 - 08/02/2017 01:00:00","BZN|DK1","0.00","n/e"," ","0.00"
"08/02/2017 01:00:00 - 08/02/2017 02:00:00","BZN|DK1","0.00","n/e"," ","0.00"
"08/02/2017 02:00:00 - 08/02/2017 03:00:00","BZN|DK1","0.00","n/e"," ","0.00"
"08/02/2017 03:00:00 - 08/02/2017 04:00:00","BZN|DK1","0.00","n/e"," ","0.00"
"08/02/2017 04:00:00 - 08/02/2017 05:00:00","BZN|DK1","0.00","n/e"," ","0.00"
"08/02/2017 05:00:00 - 08/02/2017 06:00:00","BZN|DK1","0.00","n/e"," ","0.00"
"08/02/2017 06:00:00 - 08/02/2017 07:00:00","BZN|DK1","0.00","n/e"," ","0.00"
"08/02/2017 07:00:00 - 08/02/2017 08:00:00","BZN|DK1","0.00","n/e"," ","0.01"
"08/02/2017 08:00:00 - 08/02/2017 09:00:00","BZN|DK1","1.00","n/e"," ","1.26"
"08/02/2017 09:00:00 - 08/02/2017 10:00:00","BZN|DK1","9.00","n/e"," ","12.36"
"08/02/2017 10:00:00 - 08/02/2017 11:00:00","BZN|DK1","34.00","n/e"," ","31.00"
"08/02/2017 11:00:00 - 08/02/2017 12:00:00","BZN|DK1","56.00","n/e"," ","39.70"
"08/02/2017 12:00:00 - 08/02/2017 13:00:00","BZN|DK1","65.00","n/e"," ","38.54"
"08/02/2017 13:00:00 - 08/02/2017 14:00:00","BZN|DK1","55.00","n/e"," ","35.24"
"08/02/2017 14:00:00 - 08/02/2017 15:00:00","BZN|DK1","42.00","n/e"," ","25.79"
"08/02/2017 15:00:00 - 08/02/2017 16:00:00","BZN|DK1","20.00","n/e"," ","16.34"
"08/02/2017 16:00:00 - 08/02/2017 17:00:00","BZN|DK1","4.00","n/e"," ","6.08"
"08/02/2017 17:00:00 - 08/02/2017 18:00:00","BZN|DK1","0.00","n/e"," ","0.10"
"08/02/2017 18:00:00 - 08/02/2017 19:00:00","BZN|DK1","0.00","n/e"," ","0.00"
"08/02/2017 19:00:00 - 08/02/2017 20:00:00","BZN|DK1","0.00","n/e"," ","0.01"
"08/02/2017 20:00:00 - 08/02/2017 21:00:00","BZN|DK1","0.00","n/e"," ","0.00"
"08/02/2017 21:00:00 - 08/02/2017 22:00:00","BZN|DK1","0.00","n/e"," ","0.00"
"08/02/2017 22:00:00 - 08/02/2017 23:00:00","BZN|DK1","0.00","n/e"," ","0.00"
"08/02/2017 23:00:00 - 09/02/2017 00:00:00","BZN|DK1","0.00","n/e"," ","0.00"
"09/02/2017 00:00:00 - 09/02/2017 01:00:00","BZN|DK1","0.00","n/e"," ","0.00"
"09/02/2017 01:00:00 - 09/02/2017 02:00:00","BZN|DK1","0.00","n/e"," ","0.00"
"09/02/2017 02:00:00 - 09/02/2017 03:00:00","BZN|DK1","0.00","n/e"," ","0.00"
"09/02/2017 03:00:00 - 09/02/2017 04:00:00","BZN|DK1","0.00","n/e"," ","0.00"
"09/02/2017 04:00:00 - 09/02/2017 05:00:00","BZN|DK1","0.00","n/e"," ","0.00"
"09/02/2017 05:00:00 - 09/02/2017 06:00:00","BZN|DK1","0.00","n/e"," ","0.00"
"09/02/2017 06:00:00 - 09/02/2017 07:00:00","BZN|DK1","0.00","n/e"," ","0.01"
"09/02/2017 07:00:00 - 09/02/2017 08:00:00","BZN|DK1","0.00","n/e"," ","0.00"
"09/02/2017 08:00:00 - 09/02/2017 09:00:00","BZN|DK1","3.00","n/e"," ","1.14"
"09/02/2017 09:00:00 - 09/02/2017 10:00:00","BZN|DK1","19.00","n/e"," ","8.29"
"09/02/2017 10:00:00 - 09/02/2017 11:00:00","BZN|DK1","56.00","n/e"," ","21.82"
"09/02/2017 11:00:00 - 09/02/2017 12:00:00","BZN|DK1","92.00","n/e"," ","30.41"
"09/02/2017 12:00:00 - 09/02/2017 13:00:00","BZN|DK1","107.00","n/e"," ","39.55"
"09/02/2017 13:00:00 - 09/02/2017 14:00:00","BZN|DK1","94.00","n/e"," ","39.42"
"09/02/2017 14:00:00 - 09/02/2017 15:00:00","BZN|DK1","74.00","n/e"," ","28.96"
"09/02/2017 15:00:00 - 09/02/2017 16:00:00","BZN|DK1","43.00","n/e"," ","16.08"
"09/02/2017 16:00:00 - 09/02/2017 17:00:00","BZN|DK1","10.00","n/e"," ","3.97"
"09/02/2017 17:00:00 - 09/02/2017 18:00:00","BZN|DK1","0.00","n/e"," ","0.04"
"09/02/2017 18:00:00 - 09/02/2017 19:00:00","BZN|DK1","0.00","n/e"," ","0.00"
"09/02/2017 19:00:00 - 09/02/2017 20:00:00","BZN|DK1","0.00","n/e"," ","0.01"
"09/02/2017 20:00:00 - 09/02/2017 21:00:00","BZN|DK1","0.00","n/e"," ","0.12"
"09/02/2017 21:00:00 - 09/02/2017 22:00:00","BZN|DK1","0.00","n/e"," ","0.00"
"09/02/2017 22:00:00 - 09/02/2017 23:00:00","BZN|DK1","0.00","n/e"," ","0.00"
"09/02/2017 23:00:00 - 10/02/2017 00:00:00","BZN|DK1","0.00","n/e"," ","0.00"
"10/02/2017 00:00:00 - 10/02/2017 01:00:00","BZN|DK1","0.00","n/e"," ","0.00"
"10/02/2017 01:00:00 - 10/02/2017 02:00:00","BZN|DK1","0.00","n/e"," ","0.00"
"10/02/2017 02:00:00 - 10/02/2017 03:00:00","BZN|DK1","0.00","n/e"," ","0.00"
"10/02/2017 03:00:00 - 10/02/2017 04:00:00","BZN|DK1","0.00","n/e"," ","0.00"
"10/02/2017 04:00:00 - 10/02/2017 05:00:00","BZN|DK1","0.00","n/e"," ","0.00"
"10/02/2017 05:00:00 - 10/02/2017 06:00:00","BZN|DK1","0.00","n/e"," ","0.00"
"10/02/2017 06:00:00 - 10/02/2017 07:00:00","BZN|DK1","0.00","n/e"," ","0.00"
"10/02/2017 07:00:00 - 10/02/2017 08:00:00","BZN|DK1","0.00","n/e"," ","0.00"
"10/02/2017 08:00:00 - 10/02/2017 09:00:00","BZN|DK1","3.00","n/e"," ","0.50"
"10/02/2017 09:00:00 - 10/02/2017 10:00:00","BZN|DK1","16.00","n/e"," ","3.45"
"10/02/2017 10:00:00 - 10/02/2017 11:00:00","BZN|DK1","36.00","n/e"," ","7.77"
"10/02/2017 11:00:00 - 10/02/2017 12:00:00","BZN|DK1","53.00","n/e"," ","12.15"
"10/02/2017 12:00:00 - 10/02/2017 13:00:00","BZN|DK1","67.00","n/e"," ","14.32"
"10/02/2017 13:00:00 - 10/02/2017 14:00:00","BZN|DK1","55.00","n/e"," ","12.55"
"10/02/2017 14:00:00 - 10/02/2017 15:00:00","BZN|DK1","42.00","n/e"," ","8.70"
"10/02/2017 15:00:00 - 10/02/2017 16:00:00","BZN|DK1","22.00","n/e"," ","4.55"
"10/02/2017 16:00:00 - 10/02/2017 17:00:00","BZN|DK1","4.00","n/e"," ","1.09"
"10/02/2017 17:00:00 - 10/02/2017 18:00:00","BZN|DK1","0.00","n/e"," ","0.03"
"10/02/2017 18:00:00 - 10/02/2017 19:00:00","BZN|DK1","0.00","n/e"," ","0.00"
"10/02/2017 19:00:00 - 10/02/2017 20:00:00","BZN|DK1","0.00","n/e"," ","0.01"
"10/02/2017 20:00:00 - 10/02/2017 21:00:00","BZN|DK1","0.00","n/e"," ","0.01"
"10/02/2017 21:00:00 - 10/02/2017 22:00:00","BZN|DK1","0.00","n/e"," ","0.00"
"10/02/2017 22:00:00 - 10/02/2017 23:00:00","BZN|DK1","0.00","n/e"," ","0.00"
"10/02/2017 23:00:00 - 11/02/2017 00:00:00","BZN|DK1","0.00","n/e"," ","0.00"
"11/02/2017 00:00:00 - 11/02/2017 01:00:00","BZN|DK1","0.00","n/e"," ","0.00"
"11/02/2017 01:00:00 - 11/02/2017 02:00:00","BZN|DK1","0.00","n/e"," ","0.00"
"11/02/2017 02:00:00 - 11/02/2017 03:00:00","BZN|DK1","0.00","n/e"," ","0.00"
"11/02/2017 03:00:00 - 11/02/2017 04:00:00","BZN|DK1","0.00","n/e"," ","0.00"
"11/02/2017 04:00:00 - 11/02/2017 05:00:00","BZN|DK1","0.00","n/e"," ","0.00"
"11/02/2017 05:00:00 - 11/02/2017 06:00:00","BZN|DK1","0.00","n/e"," ","0.00"
"11/02/2017 06:00:00 - 11/02/2017 07:00:00","BZN|DK1","0.00","n/e"," ","0.00"
"11/02/2017 07:00:00 - 11/02/2017 08:00:00","BZN|DK1","1.00","n/e"," ","0.02"
"11/02/2017 08:00:00 - 11/02/2017 09:00:00","BZN|DK1","16.00","n/e"," ","7.89"
"11/02/2017 09:00:00 - 11/02/2017 10:00:00","BZN|DK1","72.00","n/e"," ","45.50"
"11/02/2017 10:00:00 - 11/02/2017 11:00:00","BZN|DK1","133.00","n/e"," ","101.08"
"11/02/2017 11:00:00 - 11/02/2017 12:00:00","BZN|DK1","177.00","n/e"," ","149.40"
"11/02/2017 12:00:00 - 11/02/2017 13:00:00","BZN|DK1","195.00","n/e"," ","184.59"
"11/02/2017 13:00:00 - 11/02/2017 14:00:00","BZN|DK1","177.00","n/e"," ","190.79"
"11/02/2017 14:00:00 - 11/02/2017 15:00:00","BZN|DK1","143.00","n/e"," ","140.77"
"11/02/2017 15:00:00 - 11/02/2017 16:00:00","BZN|DK1","85.00","n/e"," ","75.58"
"11/02/2017 16:00:00 - 11/02/2017 17:00:00","BZN|DK1","25.00","n/e"," ","18.70"
"11/02/2017 17:00:00 - 11/02/2017 18:00:00","BZN|DK1","1.00","n/e"," ","0.44"
"11/02/2017 18:00:00 - 11/02/2017 19:00:00","BZN|DK1","0.00","n/e"," ","0.01"
"11/02/2017 19:00:00 - 11/02/2017 20:00:00","BZN|DK1","0.00","n/e"," ","0.01"
"11/02/2017 20:00:00 - 11/02/2017 21:00:00","BZN|DK1","0.00","n/e"," ","0.01"
"11/02/2017 21:00:00 - 11/02/2017 22:00:00","BZN|DK1","0.00","n/e"," ","0.00"
"11/02/2017 22:00:00 - 11/02/2017 23:00:00","BZN|DK1","0.00","n/e"," ","0.00"
"11/02/2017 23:00:00 - 12/02/2017 00:00:00","BZN|DK1","0.00","n/e"," ","0.00"
"12/02/2017 00:00:00 - 12/02/2017 01:00:00","BZN|DK1","0.00","n/e"," ","0.00"
"12/02/2017 01:00:00 - 12/02/2017 02:00:00","BZN|DK1","0.00","n/e"," ","0.00"
"12/02/2017 02:00:00 - 12/02/2017 03:00:00","BZN|DK1","0.00","n/e"," ","0.00"
"12/02/2017 03:00:00 - 12/02/2017 04:00:00","BZN|DK1","0.00","n/e"," ","0.00"
"12/02/2017 04:00:00 - 12/02/2017 05:00:00","BZN|DK1","0.00","n/e"," ","0.00"
"12/02/2017 05:00:00 - 12/02/2017 06:00:00","BZN|DK1","0.00","n/e"," ","0.01"
"12/02/2017 06:00:00 - 12/02/2017 07:00:00","BZN|DK1","0.00","n/e"," ","0.01"
"12/02/2017 07:00:00 - 12/02/2017 08:00:00","BZN|DK1","0.00","n/e"," ","0.01"
"12/02/2017 08:00:00 - 12/02/2017 09:00:00","BZN|DK1","8.00","n/e"," ","1.62"
"12/02/2017 09:00:00 - 12/02/2017 10:00:00","BZN|DK1","36.00","n/e"," ","11.74"
"12/02/2017 10:00:00 - 12/02/2017 11:00:00","BZN|DK1","67.00","n/e"," ","25.49"
"12/02/2017 11:00:00 - 12/02/2017 12:00:00","BZN|DK1","90.00","n/e"," ","34.40"
"12/02/2017 12:00:00 - 12/02/2017 13:00:00","BZN|DK1","97.00","n/e"," ","42.39"
"12/02/2017 13:00:00 - 12/02/2017 14:00:00","BZN|DK1","86.00","n/e"," ","48.18"
"12/02/2017 14:00:00 - 12/02/2017 15:00:00","BZN|DK1","70.00","n/e"," ","45.41"
"12/02/2017 15:00:00 - 12/02/2017 16:00:00","BZN|DK1","42.00","n/e"," ","33.19"
"12/02/2017 16:00:00 - 12/02/2017 17:00:00","BZN|DK1","13.00","n/e"," ","14.45"
"12/02/2017 17:00:00 - 12/02/2017 18:00:00","BZN|DK1","1.00","n/e"," ","0.66"
"12/02/2017 18:00:00 - 12/02/2017 19:00:00","BZN|DK1","0.00","n/e"," ","0.01"
"12/02/2017 19:00:00 - 12/02/2017 20:00:00","BZN|DK1","0.00","n/e"," ","0.00"
"12/02/2017 20:00:00 - 12/02/2017 21:00:00","BZN|DK1","0.00","n/e"," ","0.01"
"12/02/2017 21:00:00 - 12/02/2017 22:00:00","BZN|DK1","0.00","n/e"," ","0.00"
"12/02/2017 22:00:00 - 12/02/2017 23:00:00","BZN|DK1","0.00","n/e"," ","0.00"
"12/02/2017 23:00:00 - 13/02/2017 00:00:00","BZN|DK1","0.00","n/e"," ","0.00"
"13/02/2017 00:00:00 - 13/02/2017 01:00:00","BZN|DK1","0.00","n/e"," ","0.00"
"13/02/2017 01:00:00 - 13/02/2017 02:00:00","BZN|DK1","0.00","n/e"," ","0.00"
"13/02/2017 02:00:00 - 13/02/2017 03:00:00","BZN|DK1","0.00","n/e"," ","0.00"
"13/02/2017 03:00:00 - 13/02/2017 04:00:00","BZN|DK1","0.00","n/e"," ","0.00"
"13/02/2017 04:00:00 - 13/02/2017 05:00:00","BZN|DK1","0.00","n/e"," ","0.00"
"13/02/2017 05:00:00 - 13/02/2017 06:00:00","BZN|DK1","0.00","n/e"," ","0.00"
"13/02/2017 06:00:00 - 13/02/2017 07:00:00","BZN|DK1","0.00","n/e"," ","0.00"
"13/02/2017 07:00:00 - 13/02/2017 08:00:00","BZN|DK1","1.00","n/e"," ","0.02"
"13/02/2017 08:00:00 - 13/02/2017 09:00:00","BZN|DK1","14.00","n/e"," ","9.81"
"13/02/2017 09:00:00 - 13/02/2017 10:00:00","BZN|DK1","55.00","n/e"," ","42.99"
"13/02/2017 10:00:00 - 13/02/2017 11:00:00","BZN|DK1","101.00","n/e"," ","78.29"
"13/02/2017 11:00:00 - 13/02/2017 12:00:00","BZN|DK1","139.00","n/e"," ","128.56"
"13/02/2017 12:00:00 - 13/02/2017 13:00:00","BZN|DK1","166.00","n/e"," ","176.07"
"13/02/2017 13:00:00 - 13/02/2017 14:00:00","BZN|DK1","166.00","n/e"," ","189.67"
"13/02/2017 14:00:00 - 13/02/2017 15:00:00","BZN|DK1","143.00","n/e"," ","163.39"
"13/02/2017 15:00:00 - 13/02/2017 16:00:00","BZN|DK1","93.00","n/e"," ","107.92"
"13/02/2017 16:00:00 - 13/02/2017 17:00:00","BZN|DK1","32.00","n/e"," ","41.03"
"13/02/2017 17:00:00 - 13/02/2017 18:00:00","BZN|DK1","2.00","n/e"," ","1.84"
"13/02/2017 18:00:00 - 13/02/2017 19:00:00","BZN|DK1","0.00","n/e"," ","0.01"
"13/02/2017 19:00:00 - 13/02/2017 20:00:00","BZN|DK1","0.00","n/e"," ","0.01"
"13/02/2017 20:00:00 - 13/02/2017 21:00:00","BZN|DK1","0.00","n/e"," ","0.01"
"13/02/2017 21:00:00 - 13/02/2017 22:00:00","BZN|DK1","0.00","n/e"," ","0.00"
"13/02/2017 22:00:00 - 13/02/2017 23:00:00","BZN|DK1","0.00","n/e"," ","0.00"
"13/02/2017 23:00:00 - 14/02/2017 00:00:00","BZN|DK1","0.00","n/e"," ","0.00"
"14/02/2017 00:00:00 - 14/02/2017 01:00:00","BZN|DK1","0.00","n/e"," ","0.00"
"14/02/2017 01:00:00 - 14/02/2017 02:00:00","BZN|DK1","0.00","n/e"," ","0.00"
"14/02/2017 02:00:00 - 14/02/2017 03:00:00","BZN|DK1","0.00","n/e"," ","0.00"
"14/02/2017 03:00:00 - 14/02/2017 04:00:00","BZN|DK1","0.00","n/e"," ","0.00"
"14/02/2017 04:00:00 - 14/02/2017 05:00:00","BZN|DK1","0.00","n/e"," ","0.00"
"14/02/2017 05:00:00 - 14/02/2017 06:00:00","BZN|DK1","0.00","n/e"," ","0.01"
"14/02/2017 06:00:00 - 14/02/2017 07:00:00","BZN|DK1","0.00","n/e"," ","0.01"
"14/02/2017 07:00:00 - 14/02/2017 08:00:00","BZN|DK1","1.00","n/e"," ","0.08"
"14/02/2017 08:00:00 - 14/02/2017 09:00:00","BZN|DK1","23.00","n/e"," ","16.35"
"14/02/2017 09:00:00 - 14/02/2017 10:00:00","BZN|DK1","86.00","n/e"," ","74.53"
"14/02/2017 10:00:00 - 14/02/2017 11:00:00","BZN|DK1","162.00","n/e"," ","158.02"
"14/02/2017 11:00:00 - 14/02/2017 12:00:00","BZN|DK1","218.00","n/e"," ","235.42"
"14/02/2017 12:00:00 - 14/02/2017 13:00:00","BZN|DK1","242.00","n/e"," ","266.59"
"14/02/2017 13:00:00 - 14/02/2017 14:00:00","BZN|DK1","230.00","n/e"," ","266.02"
"14/02/2017 14:00:00 - 14/02/2017 15:00:00","BZN|DK1","185.00","n/e"," ","220.06"
"14/02/2017 15:00:00 - 14/02/2017 16:00:00","BZN|DK1","117.00","n/e"," ","142.29"
"14/02/2017 16:00:00 - 14/02/2017 17:00:00","BZN|DK1","40.00","n/e"," ","54.64"
"14/02/2017 17:00:00 - 14/02/2017 18:00:00","BZN|DK1","2.00","n/e"," ","3.31"
"14/02/2017 18:00:00 - 14/02/2017 19:00:00","BZN|DK1","0.00","n/e"," ","0.01"
"14/02/2017 19:00:00 - 14/02/2017 20:00:00","BZN|DK1","0.00","n/e"," ","0.01"
"14/02/2017 20:00:00 - 14/02/2017 21:00:00","BZN|DK1","0.00","n/e"," ","0.00"
"14/02/2017 21:00:00 - 14/02/2017 22:00:00","BZN|DK1","0.00","n/e"," ","0.00"
"14/02/2017 22:00:00 - 14/02/2017 23:00:00","BZN|DK1","0.00","n/e"," ","0.00"
"14/02/2017 23:00:00 - 15/02/2017 00:00:00","BZN|DK1","0.00","n/e"," ","0.00"
"15/02/2017 00:00:00 - 15/02/2017 01:00:00","BZN|DK1","0.00","n/e"," ","0.00"
"15/02/2017 01:00:00 - 15/02/2017 02:00:00","BZN|DK1","0.00","n/e"," ","0.00"
"15/02/2017 02:00:00 - 15/02/2017 03:00:00","BZN|DK1","0.00","n/e"," ","0.00"
"15/02/2017 03:00:00 - 15/02/2017 04:00:00","BZN|DK1","0.00","n/e"," ","0.00"
"15/02/2017 04:00:00 - 15/02/2017 05:00:00","BZN|DK1","0.00","n/e"," ","0.00"
"15/02/2017 05:00:00 - 15/02/2017 06:00:00","BZN|DK1","0.00","n/e"," ","0.00"
"15/02/2017 06:00:00 - 15/02/2017 07:00:00","BZN|DK1","0.00","n/e"," ","0.00"
"15/02/2017 07:00:00 - 15/02/2017 08:00:00","BZN|DK1","1.00","n/e"," ","0.28"
"15/02/2017 08:00:00 - 15/02/2017 09:00:00","BZN|DK1","29.00","n/e"," ","22.08"
"15/02/2017 09:00:00 - 15/02/2017 10:00:00","BZN|DK1","97.00","n/e"," ","98.42"
"15/02/2017 10:00:00 - 15/02/2017 11:00:00","BZN|DK1","175.00","n/e"," ","191.04"
"15/02/2017 11:00:00 - 15/02/2017 12:00:00","BZN|DK1","224.00","n/e"," ","249.36"
"15/02/2017 12:00:00 - 15/02/2017 13:00:00","BZN|DK1","246.00","n/e"," ","270.40"
"15/02/2017 13:00:00 - 15/02/2017 14:00:00","BZN|DK1","234.00","n/e"," ","256.25"
"15/02/2017 14:00:00 - 15/02/2017 15:00:00","BZN|DK1","192.00","n/e"," ","208.32"
"15/02/2017 15:00:00 - 15/02/2017 16:00:00","BZN|DK1","121.00","n/e"," ","129.28"
"15/02/2017 16:00:00 - 15/02/2017 17:00:00","BZN|DK1","42.00","n/e"," ","43.50"
"15/02/2017 17:00:00 - 15/02/2017 18:00:00","BZN|DK1","2.00","n/e"," ","3.64"
"15/02/2017 18:00:00 - 15/02/2017 19:00:00","BZN|DK1","0.00","n/e"," ","0.02"
"15/02/2017 19:00:00 - 15/02/2017 20:00:00","BZN|DK1","0.00","n/e"," ","0.01"
"15/02/2017 20:00:00 - 15/02/2017 21:00:00","BZN|DK1","0.00","n/e"," ","0.00"
"15/02/2017 21:00:00 - 15/02/2017 22:00:00","BZN|DK1","0.00","n/e"," ","0.00"
"15/02/2017 22:00:00 - 15/02/2017 23:00:00","BZN|DK1","0.00","n/e"," ","0.00"
"15/02/2017 23:00:00 - 16/02/2017 00:00:00","BZN|DK1","0.00","n/e"," ","0.00"
"16/02/2017 00:00:00 - 16/02/2017 01:00:00","BZN|DK1","0.00","n/e"," ","0.00"
"16/02/2017 01:00:00 - 16/02/2017 02:00:00","BZN|DK1","0.00","n/e"," ","0.00"
"16/02/2017 02:00:00 - 16/02/2017 03:00:00","BZN|DK1","0.00","n/e"," ","0.00"
"16/02/2017 03:00:00 - 16/02/2017 04:00:00","BZN|DK1","0.00","n/e"," ","0.00"
"16/02/2017 04:00:00 - 16/02/2017 05:00:00","BZN|DK1","0.00","n/e"," ","0.00"
"16/02/2017 05:00:00 - 16/02/2017 06:00:00","BZN|DK1","0.00","n/e"," ","0.01"
"16/02/2017 06:00:00 - 16/02/2017 07:00:00","BZN|DK1","0.00","n/e"," ","0.01"
"16/02/2017 07:00:00 - 16/02/2017 08:00:00","BZN|DK1","0.00","n/e"," ","0.00"
"16/02/2017 08:00:00 - 16/02/2017 09:00:00","BZN|DK1","3.00","n/e"," ","2.50"
"16/02/2017 09:00:00 - 16/02/2017 10:00:00","BZN|DK1","11.00","n/e"," ","12.31"
"16/02/2017 10:00:00 - 16/02/2017 11:00:00","BZN|DK1","21.00","n/e"," ","19.05"
"16/02/2017 11:00:00 - 16/02/2017 12:00:00","BZN|DK1","30.00","n/e"," ","24.97"
"16/02/2017 12:00:00 - 16/02/2017 13:00:00","BZN|DK1","38.00","n/e"," ","26.68"
"16/02/2017 13:00:00 - 16/02/2017 14:00:00","BZN|DK1","36.00","n/e"," ","31.67"
"16/02/2017 14:00:00 - 16/02/2017 15:00:00","BZN|DK1","27.00","n/e"," ","31.88"
"16/02/2017 15:00:00 - 16/02/2017 16:00:00","BZN|DK1","13.00","n/e"," ","18.34"
"16/02/2017 16:00:00 - 16/02/2017 17:00:00","BZN|DK1","4.00","n/e"," ","6.32"
"16/02/2017 17:00:00 - 16/02/2017 18:00:00","BZN|DK1","0.00","n/e"," ","0.41"
"16/02/2017 18:00:00 - 16/02/2017 19:00:00","BZN|DK1","0.00","n/e"," ","0.01"
"16/02/2017 19:00:00 - 16/02/2017 20:00:00","BZN|DK1","0.00","n/e"," ","0.01"
"16/02/2017 20:00:00 - 16/02/2017 21:00:00","BZN|DK1","0.00","n/e"," ","0.01"
"16/02/2017 21:00:00 - 16/02/2017 22:00:00","BZN|DK1","0.00","n/e"," ","0.00"
"16/02/2017 22:00:00 - 16/02/2017 23:00:00","BZN|DK1","0.00","n/e"," ","0.00"
"16/02/2017 23:00:00 - 17/02/2017 00:00:00","BZN|DK1","0.00","n/e"," ","0.00"
"17/02/2017 00:00:00 - 17/02/2017 01:00:00","BZN|DK1","0.00","n/e"," ","0.00"
"17/02/2017 01:00:00 - 17/02/2017 02:00:00","BZN|DK1","0.00","n/e"," ","0.00"
"17/02/2017 02:00:00 - 17/02/2017 03:00:00","BZN|DK1","0.00","n/e"," ","0.00"
"17/02/2017 03:00:00 - 17/02/2017 04:00:00","BZN|DK1","0.00","n/e"," ","0.00"
"17/02/2017 04:00:00 - 17/02/2017 05:00:00","BZN|DK1","0.00","n/e"," ","0.01"
"17/02/2017 05:00:00 - 17/02/2017 06:00:00","BZN|DK1","0.00","n/e"," ","0.01"
"17/02/2017 06:00:00 - 17/02/2017 07:00:00","BZN|DK1","0.00","n/e"," ","0.01"
"17/02/2017 07:00:00 - 17/02/2017 08:00:00","BZN|DK1","0.00","n/e"," ","0.03"
"17/02/2017 08:00:00 - 17/02/2017 09:00:00","BZN|DK1","8.00","n/e"," ","6.57"
"17/02/2017 09:00:00 - 17/02/2017 10:00:00","BZN|DK1","37.00","n/e"," ","33.21"
"17/02/2017 10:00:00 - 17/02/2017 11:00:00","BZN|DK1","73.00","n/e"," ","63.70"
"17/02/2017 11:00:00 - 17/02/2017 12:00:00","BZN|DK1","112.00","n/e"," ","84.54"
"17/02/2017 12:00:00 - 17/02/2017 13:00:00","BZN|DK1","139.00","n/e"," ","86.85"
"17/02/2017 13:00:00 - 17/02/2017 14:00:00","BZN|DK1","132.00","n/e"," ","82.97"
"17/02/2017 14:00:00 - 17/02/2017 15:00:00","BZN|DK1","107.00","n/e"," ","76.68"
"17/02/2017 15:00:00 - 17/02/2017 16:00:00","BZN|DK1","68.00","n/e"," ","53.00"
"17/02/2017 16:00:00 - 17/02/2017 17:00:00","BZN|DK1","26.00","n/e"," ","21.98"
"17/02/2017 17:00:00 - 17/02/2017 18:00:00","BZN|DK1","2.00","n/e"," ","1.63"
"17/02/2017 18:00:00 - 17/02/2017 19:00:00","BZN|DK1","0.00","n/e"," ","0.01"
"17/02/2017 19:00:00 - 17/02/2017 20:00:00","BZN|DK1","0.00","n/e"," ","0.01"
"17/02/2017 20:00:00 - 17/02/2017 21:00:00","BZN|DK1","0.00","n/e"," ","0.00"
"17/02/2017 21:00:00 - 17/02/2017 22:00:00","BZN|DK1","0.00","n/e"," ","0.00"
"17/02/2017 22:00:00 - 17/02/2017 23:00:00","BZN|DK1","0.00","n/e"," ","0.00"
"17/02/2017 23:00:00 - 18/02/2017 00:00:00","BZN|DK1","0.00","n/e"," ","0.00"
"18/02/2017 00:00:00 - 18/02/2017 01:00:00","BZN|DK1","0.00","n/e"," ","0.00"
"18/02/2017 01:00:00 - 18/02/2017 02:00:00","BZN|DK1","0.00","n/e"," ","0.00"
"18/02/2017 02:00:00 - 18/02/2017 03:00:00","BZN|DK1","0.00","n/e"," ","0.00"
"18/02/2017 03:00:00 - 18/02/2017 04:00:00","BZN|DK1","0.00","n/e"," ","0.00"
"18/02/2017 04:00:00 - 18/02/2017 05:00:00","BZN|DK1","0.00","n/e"," ","0.00"
"18/02/2017 05:00:00 - 18/02/2017 06:00:00","BZN|DK1","0.00","n/e"," ","0.01"
"18/02/2017 06:00:00 - 18/02/2017 07:00:00","BZN|DK1","0.00","n/e"," ","0.00"
"18/02/2017 07:00:00 - 18/02/2017 08:00:00","BZN|DK1","1.00","n/e"," ","0.39"
"18/02/2017 08:00:00 - 18/02/2017 09:00:00","BZN|DK1","15.00","n/e"," ","12.46"
"18/02/2017 09:00:00 - 18/02/2017 10:00:00","BZN|DK1","52.00","n/e"," ","33.44"
"18/02/2017 10:00:00 - 18/02/2017 11:00:00","BZN|DK1","124.00","n/e"," ","47.52"
"18/02/2017 11:00:00 - 18/02/2017 12:00:00","BZN|DK1","168.00","n/e"," ","49.48"
"18/02/2017 12:00:00 - 18/02/2017 13:00:00","BZN|DK1","197.00","n/e"," ","46.07"
"18/02/2017 13:00:00 - 18/02/2017 14:00:00","BZN|DK1","188.00","n/e"," ","40.60"
"18/02/2017 14:00:00 - 18/02/2017 15:00:00","BZN|DK1","147.00","n/e"," ","32.05"
"18/02/2017 15:00:00 - 18/02/2017 16:00:00","BZN|DK1","76.00","n/e"," ","20.14"
"18/02/2017 16:00:00 - 18/02/2017 17:00:00","BZN|DK1","19.00","n/e"," ","7.62"
"18/02/2017 17:00:00 - 18/02/2017 18:00:00","BZN|DK1","1.00","n/e"," ","0.60"
"18/02/2017 18:00:00 - 18/02/2017 19:00:00","BZN|DK1","0.00","n/e"," ","0.01"
"18/02/2017 19:00:00 - 18/02/2017 20:00:00","BZN|DK1","0.00","n/e"," ","0.01"
"18/02/2017 20:00:00 - 18/02/2017 21:00:00","BZN|DK1","0.00","n/e"," ","0.01"
"18/02/2017 21:00:00 - 18/02/2017 22:00:00","BZN|DK1","0.00","n/e"," ","0.00"
"18/02/2017 22:00:00 - 18/02/2017 23:00:00","BZN|DK1","0.00","n/e"," ","0.00"
"18/02/2017 23:00:00 - 19/02/2017 00:00:00","BZN|DK1","0.00","n/e"," ","0.00"
"19/02/2017 00:00:00 - 19/02/2017 01:00:00","BZN|DK1","0.00","n/e"," ","0.00"
"19/02/2017 01:00:00 - 19/02/2017 02:00:00","BZN|DK1","0.00","n/e"," ","0.00"
"19/02/2017 02:00:00 - 19/02/2017 03:00:00","BZN|DK1","0.00","n/e"," ","0.00"
"19/02/2017 03:00:00 - 19/02/2017 04:00:00","BZN|DK1","0.00","n/e"," ","0.00"
"19/02/2017 04:00:00 - 19/02/2017 05:00:00","BZN|DK1","0.00","n/e"," ","0.00"
"19/02/2017 05:00:00 - 19/02/2017 06:00:00","BZN|DK1","0.00","n/e"," ","0.01"
"19/02/2017 06:00:00 - 19/02/2017 07:00:00","BZN|DK1","0.00","n/e"," ","0.01"
"19/02/2017 07:00:00 - 19/02/2017 08:00:00","BZN|DK1","0.00","n/e"," ","0.01"
"19/02/2017 08:00:00 - 19/02/2017 09:00:00","BZN|DK1","3.00","n/e"," ","1.98"
"19/02/2017 09:00:00 - 19/02/2017 10:00:00","BZN|DK1","10.00","n/e"," ","11.18"
"19/02/2017 10:00:00 - 19/02/2017 11:00:00","BZN|DK1","23.00","n/e"," ","22.47"
"19/02/2017 11:00:00 - 19/02/2017 12:00:00","BZN|DK1","39.00","n/e"," ","35.37"
"19/02/2017 12:00:00 - 19/02/2017 13:00:00","BZN|DK1","58.00","n/e"," ","56.05"
"19/02/2017 13:00:00 - 19/02/2017 14:00:00","BZN|DK1","92.00","n/e"," ","68.46"
"19/02/2017 14:00:00 - 19/02/2017 15:00:00","BZN|DK1","77.00","n/e"," ","65.55"
"19/02/2017 15:00:00 - 19/02/2017 16:00:00","BZN|DK1","50.00","n/e"," ","40.26"
"19/02/2017 16:00:00 - 19/02/2017 17:00:00","BZN|DK1","18.00","n/e"," ","13.39"
"19/02/2017 17:00:00 - 19/02/2017 18:00:00","BZN|DK1","1.00","n/e"," ","1.10"
"19/02/2017 18:00:00 - 19/02/2017 19:00:00","BZN|DK1","0.00","n/e"," ","0.01"
"19/02/2017 19:00:00 - 19/02/2017 20:00:00","BZN|DK1","0.00","n/e"," ","0.00"
"19/02/2017 20:00:00 - 19/02/2017 21:00:00","BZN|DK1","0.00","n/e"," ","0.00"
"19/02/2017 21:00:00 - 19/02/2017 22:00:00","BZN|DK1","0.00","n/e"," ","0.00"
"19/02/2017 22:00:00 - 19/02/2017 23:00:00","BZN|DK1","0.00","n/e"," ","0.00"
"19/02/2017 23:00:00 - 20/02/2017 00:00:00","BZN|DK1","0.00","n/e"," ","0.00"
"20/02/2017 00:00:00 - 20/02/2017 01:00:00","BZN|DK1","0.00","n/e"," ","0.00"
"20/02/2017 01:00:00 - 20/02/2017 02:00:00","BZN|DK1","0.00","n/e"," ","0.00"
"20/02/2017 02:00:00 - 20/02/2017 03:00:00","BZN|DK1","0.00","n/e"," ","0.00"
"20/02/2017 03:00:00 - 20/02/2017 04:00:00","BZN|DK1","0.00","n/e"," ","0.00"
"20/02/2017 04:00:00 - 20/02/2017 05:00:00","BZN|DK1","0.00","n/e"," ","0.00"
"20/02/2017 05:00:00 - 20/02/2017 06:00:00","BZN|DK1","0.00","n/e"," ","0.01"
"20/02/2017 06:00:00 - 20/02/2017 07:00:00","BZN|DK1","0.00","n/e"," ","0.00"
"20/02/2017 07:00:00 - 20/02/2017 08:00:00","BZN|DK1","0.00","n/e"," ","0.04"
"20/02/2017 08:00:00 - 20/02/2017 09:00:00","BZN|DK1","3.00","n/e"," ","4.68"
"20/02/2017 09:00:00 - 20/02/2017 10:00:00","BZN|DK1","10.00","n/e"," ","17.05"
"20/02/2017 10:00:00 - 20/02/2017 11:00:00","BZN|DK1","15.00","n/e"," ","28.94"
"20/02/2017 11:00:00 - 20/02/2017 12:00:00","BZN|DK1","18.00","n/e"," ","34.11"
"20/02/2017 12:00:00 - 20/02/2017 13:00:00","BZN|DK1","19.00","n/e"," ","30.42"
"20/02/2017 13:00:00 - 20/02/2017 14:00:00","BZN|DK1","19.00","n/e"," ","31.03"
"20/02/2017 14:00:00 - 20/02/2017 15:00:00","BZN|DK1","16.00","n/e"," ","24.09"
"20/02/2017 15:00:00 - 20/02/2017 16:00:00","BZN|DK1","11.00","n/e"," ","13.53"
"20/02/2017 16:00:00 - 20/02/2017 17:00:00","BZN|DK1","5.00","n/e"," ","8.11"
"20/02/2017 17:00:00 - 20/02/2017 18:00:00","BZN|DK1","0.00","n/e"," ","0.94"
"20/02/2017 18:00:00 - 20/02/2017 19:00:00","BZN|DK1","0.00","n/e"," ","0.01"
"20/02/2017 19:00:00 - 20/02/2017 20:00:00","BZN|DK1","0.00","n/e"," ","0.00"
"20/02/2017 20:00:00 - 20/02/2017 21:00:00","BZN|DK1","0.00","n/e"," ","0.00"
"20/02/2017 21:00:00 - 20/02/2017 22:00:00","BZN|DK1","0.00","n/e"," ","0.00"
"20/02/2017 22:00:00 - 20/02/2017 23:00:00","BZN|DK1","0.00","n/e"," ","0.00"
"20/02/2017 23:00:00 - 21/02/2017 00:00:00","BZN|DK1","0.00","n/e"," ","0.00"
"21/02/2017 00:00:00 - 21/02/2017 01:00:00","BZN|DK1","0.00","n/e"," ","0.00"
"21/02/2017 01:00:00 - 21/02/2017 02:00:00","BZN|DK1","0.00","n/e"," ","0.00"
"21/02/2017 02:00:00 - 21/02/2017 03:00:00","BZN|DK1","0.00","n/e"," ","0.00"
"21/02/2017 03:00:00 - 21/02/2017 04:00:00","BZN|DK1","0.00","n/e"," ","0.00"
"21/02/2017 04:00:00 - 21/02/2017 05:00:00","BZN|DK1","0.00","n/e"," ","0.00"
"21/02/2017 05:00:00 - 21/02/2017 06:00:00","BZN|DK1","0.00","n/e"," ","0.00"
"21/02/2017 06:00:00 - 21/02/2017 07:00:00","BZN|DK1","0.00","n/e"," ","0.00"
"21/02/2017 07:00:00 - 21/02/2017 08:00:00","BZN|DK1","2.00","n/e"," ","0.41"
"21/02/2017 08:00:00 - 21/02/2017 09:00:00","BZN|DK1","29.00","n/e"," ","20.86"
"21/02/2017 09:00:00 - 21/02/2017 10:00:00","BZN|DK1","79.00","n/e"," ","85.31"
"21/02/2017 10:00:00 - 21/02/2017 11:00:00","BZN|DK1","143.00","n/e"," ","144.73"
"21/02/2017 11:00:00 - 21/02/2017 12:00:00","BZN|DK1","175.00","n/e"," ","174.83"
"21/02/2017 12:00:00 - 21/02/2017 13:00:00","BZN|DK1","188.00","n/e"," ","185.92"
"21/02/2017 13:00:00 - 21/02/2017 14:00:00","BZN|DK1","196.00","n/e"," ","194.52"
"21/02/2017 14:00:00 - 21/02/2017 15:00:00","BZN|DK1","167.00","n/e"," ","169.72"
"21/02/2017 15:00:00 - 21/02/2017 16:00:00","BZN|DK1","114.00","n/e"," ","114.73"
"21/02/2017 16:00:00 - 21/02/2017 17:00:00","BZN|DK1","42.00","n/e"," ","46.35"
"21/02/2017 17:00:00 - 21/02/2017 18:00:00","BZN|DK1","2.00","n/e"," ","3.09"
"21/02/2017 18:00:00 - 21/02/2017 19:00:00","BZN|DK1","0.00","n/e"," ","0.01"
"21/02/2017 19:00:00 - 21/02/2017 20:00:00","BZN|DK1","0.00","n/e"," ","0.00"
"21/02/2017 20:00:00 - 21/02/2017 21:00:00","BZN|DK1","0.00","n/e"," ","0.00"
"21/02/2017 21:00:00 - 21/02/2017 22:00:00","BZN|DK1","0.00","n/e"," ","0.00"
"21/02/2017 22:00:00 - 21/02/2017 23:00:00","BZN|DK1","0.00","n/e"," ","0.00"
"21/02/2017 23:00:00 - 22/02/2017 00:00:00","BZN|DK1","0.00","n/e"," ","0.00"
"22/02/2017 00:00:00 - 22/02/2017 01:00:00","BZN|DK1","0.00","n/e"," ","0.00"
"22/02/2017 01:00:00 - 22/02/2017 02:00:00","BZN|DK1","0.00","n/e"," ","0.00"
"22/02/2017 02:00:00 - 22/02/2017 03:00:00","BZN|DK1","0.00","n/e"," ","0.00"
"22/02/2017 03:00:00 - 22/02/2017 04:00:00","BZN|DK1","0.00","n/e"," ","0.00"
"22/02/2017 04:00:00 - 22/02/2017 05:00:00","BZN|DK1","0.00","n/e"," ","0.00"
"22/02/2017 05:00:00 - 22/02/2017 06:00:00","BZN|DK1","0.00","n/e"," ","0.01"
"22/02/2017 06:00:00 - 22/02/2017 07:00:00","BZN|DK1","0.00","n/e"," ","0.00"
"22/02/2017 07:00:00 - 22/02/2017 08:00:00","BZN|DK1","2.00","n/e"," ","0.63"
"22/02/2017 08:00:00 - 22/02/2017 09:00:00","BZN|DK1","32.00","n/e"," ","32.68"
"22/02/2017 09:00:00 - 22/02/2017 10:00:00","BZN|DK1","97.00","n/e"," ","118.38"
"22/02/2017 10:00:00 - 22/02/2017 11:00:00","BZN|DK1","174.00","n/e"," ","180.70"
"22/02/2017 11:00:00 - 22/02/2017 12:00:00","BZN|DK1","215.00","n/e"," ","209.78"
"22/02/2017 12:00:00 - 22/02/2017 13:00:00","BZN|DK1","226.00","n/e"," ","207.90"
"22/02/2017 13:00:00 - 22/02/2017 14:00:00","BZN|DK1","208.00","n/e"," ","179.38"
"22/02/2017 14:00:00 - 22/02/2017 15:00:00","BZN|DK1","154.00","n/e"," ","129.36"
"22/02/2017 15:00:00 - 22/02/2017 16:00:00","BZN|DK1","105.00","n/e"," ","72.97"
"22/02/2017 16:00:00 - 22/02/2017 17:00:00","BZN|DK1","40.00","n/e"," ","29.37"
"22/02/2017 17:00:00 - 22/02/2017 18:00:00","BZN|DK1","3.00","n/e"," ","3.56"
"22/02/2017 18:00:00 - 22/02/2017 19:00:00","BZN|DK1","0.00","n/e"," ","0.01"
"22/02/2017 19:00:00 - 22/02/2017 20:00:00","BZN|DK1","0.00","n/e"," ","0.01"
"22/02/2017 20:00:00 - 22/02/2017 21:00:00","BZN|DK1","0.00","n/e"," ","0.00"
"22/02/2017 21:00:00 - 22/02/2017 22:00:00","BZN|DK1","0.00","n/e"," ","0.00"
"22/02/2017 22:00:00 - 22/02/2017 23:00:00","BZN|DK1","0.00","n/e"," ","0.00"
"22/02/2017 23:00:00 - 23/02/2017 00:00:00","BZN|DK1","0.00","n/e"," ","0.00"
"23/02/2017 00:00:00 - 23/02/2017 01:00:00","BZN|DK1","0.00","n/e"," ","0.00"
"23/02/2017 01:00:00 - 23/02/2017 02:00:00","BZN|DK1","0.00","n/e"," ","0.00"
"23/02/2017 02:00:00 - 23/02/2017 03:00:00","BZN|DK1","0.00","n/e"," ","0.00"
"23/02/2017 03:00:00 - 23/02/2017 04:00:00","BZN|DK1","0.00","n/e"," ","0.00"
"23/02/2017 04:00:00 - 23/02/2017 05:00:00","BZN|DK1","0.00","n/e"," ","0.00"
"23/02/2017 05:00:00 - 23/02/2017 06:00:00","BZN|DK1","0.00","n/e"," ","0.00"
"23/02/2017 06:00:00 - 23/02/2017 07:00:00","BZN|DK1","0.00","n/e"," ","0.01"
"23/02/2017 07:00:00 - 23/02/2017 08:00:00","BZN|DK1","2.00","n/e"," ","1.86"
"23/02/2017 08:00:00 - 23/02/2017 09:00:00","BZN|DK1","28.00","n/e"," ","27.47"
"23/02/2017 09:00:00 - 23/02/2017 10:00:00","BZN|DK1","58.00","n/e"," ","54.04"
"23/02/2017 10:00:00 - 23/02/2017 11:00:00","BZN|DK1","60.00","n/e"," ","61.92"
"23/02/2017 11:00:00 - 23/02/2017 12:00:00","BZN|DK1","60.00","n/e"," ","61.12"
"23/02/2017 12:00:00 - 23/02/2017 13:00:00","BZN|DK1","52.00","n/e"," ","45.66"
"23/02/2017 13:00:00 - 23/02/2017 14:00:00","BZN|DK1","23.00","n/e"," ","44.69"
"23/02/2017 14:00:00 - 23/02/2017 15:00:00","BZN|DK1","17.00","n/e"," ","35.28"
"23/02/2017 15:00:00 - 23/02/2017 16:00:00","BZN|DK1","12.00","n/e"," ","12.69"
"23/02/2017 16:00:00 - 23/02/2017 17:00:00","BZN|DK1","6.00","n/e"," ","2.71"
"23/02/2017 17:00:00 - 23/02/2017 18:00:00","BZN|DK1","0.00","n/e"," ","0.15"
"23/02/2017 18:00:00 - 23/02/2017 19:00:00","BZN|DK1","0.00","n/e"," ","0.01"
"23/02/2017 19:00:00 - 23/02/2017 20:00:00","BZN|DK1","0.00","n/e"," ","0.00"
"23/02/2017 20:00:00 - 23/02/2017 21:00:00","BZN|DK1","0.00","n/e"," ","0.01"
"23/02/2017 21:00:00 - 23/02/2017 22:00:00","BZN|DK1","0.00","n/e"," ","0.00"
"23/02/2017 22:00:00 - 23/02/2017 23:00:00","BZN|DK1","0.00","n/e"," ","0.00"
"23/02/2017 23:00:00 - 24/02/2017 00:00:00","BZN|DK1","0.00","n/e"," ","0.00"
"24/02/2017 00:00:00 - 24/02/2017 01:00:00","BZN|DK1","0.00","n/e"," ","0.00"
"24/02/2017 01:00:00 - 24/02/2017 02:00:00","BZN|DK1","0.00","n/e"," ","0.00"
"24/02/2017 02:00:00 - 24/02/2017 03:00:00","BZN|DK1","0.00","n/e"," ","0.00"
"24/02/2017 03:00:00 - 24/02/2017 04:00:00","BZN|DK1","0.00","n/e"," ","0.00"
"24/02/2017 04:00:00 - 24/02/2017 05:00:00","BZN|DK1","0.00","n/e"," ","0.00"
"24/02/2017 05:00:00 - 24/02/2017 06:00:00","BZN|DK1","0.00","n/e"," ","0.01"
"24/02/2017 06:00:00 - 24/02/2017 07:00:00","BZN|DK1","0.00","n/e"," ","0.00"
"24/02/2017 07:00:00 - 24/02/2017 08:00:00","BZN|DK1","4.00","n/e"," ","1.11"
"24/02/2017 08:00:00 - 24/02/2017 09:00:00","BZN|DK1","43.00","n/e"," ","26.48"
"24/02/2017 09:00:00 - 24/02/2017 10:00:00","BZN|DK1","107.00","n/e"," ","90.26"
"24/02/2017 10:00:00 - 24/02/2017 11:00:00","BZN|DK1","170.00","n/e"," ","160.95"
"24/02/2017 11:00:00 - 24/02/2017 12:00:00","BZN|DK1","209.00","n/e"," ","221.50"
"24/02/2017 12:00:00 - 24/02/2017 13:00:00","BZN|DK1","230.00","n/e"," ","256.29"
"24/02/2017 13:00:00 - 24/02/2017 14:00:00","BZN|DK1","221.00","n/e"," ","258.20"
"24/02/2017 14:00:00 - 24/02/2017 15:00:00","BZN|DK1","191.00","n/e"," ","235.31"
"24/02/2017 15:00:00 - 24/02/2017 16:00:00","BZN|DK1","129.00","n/e"," ","171.96"
"24/02/2017 16:00:00 - 24/02/2017 17:00:00","BZN|DK1","52.00","n/e"," ","76.10"
"24/02/2017 17:00:00 - 24/02/2017 18:00:00","BZN|DK1","4.00","n/e"," ","8.81"
"24/02/2017 18:00:00 - 24/02/2017 19:00:00","BZN|DK1","0.00","n/e"," ","0.01"
"24/02/2017 19:00:00 - 24/02/2017 20:00:00","BZN|DK1","0.00","n/e"," ","0.01"
"24/02/2017 20:00:00 - 24/02/2017 21:00:00","BZN|DK1","0.00","n/e"," ","0.01"
"24/02/2017 21:00:00 - 24/02/2017 22:00:00","BZN|DK1","0.00","n/e"," ","0.00"
"24/02/2017 22:00:00 - 24/02/2017 23:00:00","BZN|DK1","0.00","n/e"," ","0.00"
"24/02/2017 23:00:00 - 25/02/2017 00:00:00","BZN|DK1","0.00","n/e"," ","0.00"
"25/02/2017 00:00:00 - 25/02/2017 01:00:00","BZN|DK1","0.00","n/e"," ","0.00"
"25/02/2017 01:00:00 - 25/02/2017 02:00:00","BZN|DK1","0.00","n/e"," ","0.00"
"25/02/2017 02:00:00 - 25/02/2017 03:00:00","BZN|DK1","0.00","n/e"," ","0.00"
"25/02/2017 03:00:00 - 25/02/2017 04:00:00","BZN|DK1","0.00","n/e"," ","0.00"
"25/02/2017 04:00:00 - 25/02/2017 05:00:00","BZN|DK1","0.00","n/e"," ","0.00"
"25/02/2017 05:00:00 - 25/02/2017 06:00:00","BZN|DK1","0.00","n/e"," ","0.01"
"25/02/2017 06:00:00 - 25/02/2017 07:00:00","BZN|DK1","0.00","n/e"," ","0.01"
"25/02/2017 07:00:00 - 25/02/2017 08:00:00","BZN|DK1","2.00","n/e"," ","6.48"
"25/02/2017 08:00:00 - 25/02/2017 09:00:00","BZN|DK1","17.00","n/e"," ","33.84"
"25/02/2017 09:00:00 - 25/02/2017 10:00:00","BZN|DK1","36.00","n/e"," ","51.53"
"25/02/2017 10:00:00 - 25/02/2017 11:00:00","BZN|DK1","45.00","n/e"," ","57.37"
"25/02/2017 11:00:00 - 25/02/2017 12:00:00","BZN|DK1","50.00","n/e"," ","56.69"
"25/02/2017 12:00:00 - 25/02/2017 13:00:00","BZN|DK1","42.00","n/e"," ","38.41"
"25/02/2017 13:00:00 - 25/02/2017 14:00:00","BZN|DK1","19.00","n/e"," ","27.37"
"25/02/2017 14:00:00 - 25/02/2017 15:00:00","BZN|DK1","17.00","n/e"," ","17.78"
"25/02/2017 15:00:00 - 25/02/2017 16:00:00","BZN|DK1","12.00","n/e"," ","9.58"
"25/02/2017 16:00:00 - 25/02/2017 17:00:00","BZN|DK1","6.00","n/e"," ","3.45"
"25/02/2017 17:00:00 - 25/02/2017 18:00:00","BZN|DK1","1.00","n/e"," ","0.23"
"25/02/2017 18:00:00 - 25/02/2017 19:00:00","BZN|DK1","0.00","n/e"," ","0.01"
"25/02/2017 19:00:00 - 25/02/2017 20:00:00","BZN|DK1","0.00","n/e"," ","0.01"
"25/02/2017 20:00:00 - 25/02/2017 21:00:00","BZN|DK1","0.00","n/e"," ","0.01"
"25/02/2017 21:00:00 - 25/02/2017 22:00:00","BZN|DK1","0.00","n/e"," ","0.00"
"25/02/2017 22:00:00 - 25/02/2017 23:00:00","BZN|DK1","0.00","n/e"," ","0.00"
"25/02/2017 23:00:00 - 26/02/2017 00:00:00","BZN|DK1","0.00","n/e"," ","0.00"
"26/02/2017 00:00:00 - 26/02/2017 01:00:00","BZN|DK1","0.00","n/e"," ","0.00"
"26/02/2017 01:00:00 - 26/02/2017 02:00:00","BZN|DK1","0.00","n/e"," ","0.00"
"26/02/2017 02:00:00 - 26/02/2017 03:00:00","BZN|DK1","0.00","n/e"," ","0.00"
"26/02/2017 03:00:00 - 26/02/2017 04:00:00","BZN|DK1","0.00","n/e"," ","0.00"
"26/02/2017 04:00:00 - 26/02/2017 05:00:00","BZN|DK1","0.00","n/e"," ","0.00"
"26/02/2017 05:00:00 - 26/02/2017 06:00:00","BZN|DK1","0.00","n/e"," ","0.01"
"26/02/2017 06:00:00 - 26/02/2017 07:00:00","BZN|DK1","0.00","n/e"," ","0.01"
"26/02/2017 07:00:00 - 26/02/2017 08:00:00","BZN|DK1","1.00","n/e"," ","0.52"
"26/02/2017 08:00:00 - 26/02/2017 09:00:00","BZN|DK1","5.00","n/e"," ","9.64"
"26/02/2017 09:00:00 - 26/02/2017 10:00:00","BZN|DK1","12.00","n/e"," ","25.55"
"26/02/2017 10:00:00 - 26/02/2017 11:00:00","BZN|DK1","17.00","n/e"," ","41.86"
"26/02/2017 11:00:00 - 26/02/2017 12:00:00","BZN|DK1","23.00","n/e"," ","54.28"
"26/02/2017 12:00:00 - 26/02/2017 13:00:00","BZN|DK1","27.00","n/e"," ","58.15"
"26/02/2017 13:00:00 - 26/02/2017 14:00:00","BZN|DK1","21.00","n/e"," ","58.89"
"26/02/2017 14:00:00 - 26/02/2017 15:00:00","BZN|DK1","17.00","n/e"," ","44.23"
"26/02/2017 15:00:00 - 26/02/2017 16:00:00","BZN|DK1","14.00","n/e"," ","25.99"
"26/02/2017 16:00:00 - 26/02/2017 17:00:00","BZN|DK1","8.00","n/e"," ","9.43"
"26/02/2017 17:00:00 - 26/02/2017 18:00:00","BZN|DK1","1.00","n/e"," ","0.86"
"26/02/2017 18:00:00 - 26/02/2017 19:00:00","BZN|DK1","0.00","n/e"," ","0.01"
"26/02/2017 19:00:00 - 26/02/2017 20:00:00","BZN|DK1","0.00","n/e"," ","0.01"
"26/02/2017 20:00:00 - 26/02/2017 21:00:00","BZN|DK1","0.00","n/e"," ","0.01"
"26/02/2017 21:00:00 - 26/02/2017 22:00:00","BZN|DK1","0.00","n/e"," ","0.00"
"26/02/2017 22:00:00 - 26/02/2017 23:00:00","BZN|DK1","0.00","n/e"," ","0.00"
"26/02/2017 23:00:00 - 27/02/2017 00:00:00","BZN|DK1","0.00","n/e"," ","0.00"
"27/02/2017 00:00:00 - 27/02/2017 01:00:00","BZN|DK1","0.00","n/e"," ","0.00"
"27/02/2017 01:00:00 - 27/02/2017 02:00:00","BZN|DK1","0.00","n/e"," ","0.00"
"27/02/2017 02:00:00 - 27/02/2017 03:00:00","BZN|DK1","0.00","n/e"," ","0.00"
"27/02/2017 03:00:00 - 27/02/2017 04:00:00","BZN|DK1","0.00","n/e"," ","0.00"
"27/02/2017 04:00:00 - 27/02/2017 05:00:00","BZN|DK1","0.00","n/e"," ","0.00"
"27/02/2017 05:00:00 - 27/02/2017 06:00:00","BZN|DK1","0.00","n/e"," ","0.01"
"27/02/2017 06:00:00 - 27/02/2017 07:00:00","BZN|DK1","0.00","n/e"," ","0.01"
"27/02/2017 07:00:00 - 27/02/2017 08:00:00","BZN|DK1","1.00","n/e"," ","0.26"
"27/02/2017 08:00:00 - 27/02/2017 09:00:00","BZN|DK1","6.00","n/e"," ","7.48"
"27/02/2017 09:00:00 - 27/02/2017 10:00:00","BZN|DK1","12.00","n/e"," ","17.41"
"27/02/2017 10:00:00 - 27/02/2017 11:00:00","BZN|DK1","16.00","n/e"," ","27.05"
"27/02/2017 11:00:00 - 27/02/2017 12:00:00","BZN|DK1","19.00","n/e"," ","33.08"
"27/02/2017 12:00:00 - 27/02/2017 13:00:00","BZN|DK1","20.00","n/e"," ","36.27"
"27/02/2017 13:00:00 - 27/02/2017 14:00:00","BZN|DK1","20.00","n/e"," ","36.41"
"27/02/2017 14:00:00 - 27/02/2017 15:00:00","BZN|DK1","17.00","n/e"," ","29.14"
"27/02/2017 15:00:00 - 27/02/2017 16:00:00","BZN|DK1","13.00","n/e"," ","18.65"
"27/02/2017 16:00:00 - 27/02/2017 17:00:00","BZN|DK1","7.00","n/e"," ","7.01"
"27/02/2017 17:00:00 - 27/02/2017 18:00:00","BZN|DK1","1.00","n/e"," ","0.79"
"27/02/2017 18:00:00 - 27/02/2017 19:00:00","BZN|DK1","0.00","n/e"," ","0.01"
"27/02/2017 19:00:00 - 27/02/2017 20:00:00","BZN|DK1","0.00","n/e"," ","0.00"
"27/02/2017 20:00:00 - 27/02/2017 21:00:00","BZN|DK1","0.00","n/e"," ","0.01"
"27/02/2017 21:00:00 - 27/02/2017 22:00:00","BZN|DK1","0.00","n/e"," ","0.00"
"27/02/2017 22:00:00 - 27/02/2017 23:00:00","BZN|DK1","0.00","n/e"," ","0.00"
"27/02/2017 23:00:00 - 28/02/2017 00:00:00","BZN|DK1","0.00","n/e"," ","0.00"
"28/02/2017 00:00:00 - 28/02/2017 01:00:00","BZN|DK1","0.00","n/e"," ","0.00"
"28/02/2017 01:00:00 - 28/02/2017 02:00:00","BZN|DK1","0.00","n/e"," ","0.00"
"28/02/2017 02:00:00 - 28/02/2017 03:00:00","BZN|DK1","0.00","n/e"," ","0.00"
"28/02/2017 03:00:00 - 28/02/2017 04:00:00","BZN|DK1","0.00","n/e"," ","0.00"
"28/02/2017 04:00:00 - 28/02/2017 05:00:00","BZN|DK1","0.00","n/e"," ","0.00"
"28/02/2017 05:00:00 - 28/02/2017 06:00:00","BZN|DK1","0.00","n/e"," ","0.01"
"28/02/2017 06:00:00 - 28/02/2017 07:00:00","BZN|DK1","0.00","n/e"," ","0.01"
"28/02/2017 07:00:00 - 28/02/2017 08:00:00","BZN|DK1","4.00","n/e"," ","2.10"
"28/02/2017 08:00:00 - 28/02/2017 09:00:00","BZN|DK1","30.00","n/e"," ","25.64"
"28/02/2017 09:00:00 - 28/02/2017 10:00:00","BZN|DK1","71.00","n/e"," ","69.66"
"28/02/2017 10:00:00 - 28/02/2017 11:00:00","BZN|DK1","140.00","n/e"," ","99.01"
"28/02/2017 11:00:00 - 28/02/2017 12:00:00","BZN|DK1","170.00","n/e"," ","142.38"
"28/02/2017 12:00:00 - 28/02/2017 13:00:00","BZN|DK1","180.00","n/e"," ","131.10"
"28/02/2017 13:00:00 - 28/02/2017 14:00:00","BZN|DK1","185.00","n/e"," ","131.72"
"28/02/2017 14:00:00 - 28/02/2017 15:00:00","BZN|DK1","143.00","n/e"," ","108.81"
"28/02/2017 15:00:00 - 28/02/2017 16:00:00","BZN|DK1","95.00","n/e"," ","69.04"
"28/02/2017 16:00:00 - 28/02/2017 17:00:00","BZN|DK1","37.00","n/e"," ","37.21"
"28/02/2017 17:00:00 - 28/02/2017 18:00:00","BZN|DK1","4.00","n/e"," ","6.03"
"28/02/2017 18:00:00 - 28/02/2017 19:00:00","BZN|DK1","0.00","n/e"," ","0.01"
"28/02/2017 19:00:00 - 28/02/2017 20:00:00","BZN|DK1","0.00","n/e"," ","0.00"
"28/02/2017 20:00:00 - 28/02/2017 21:00:00","BZN|DK1","0.00","n/e"," ","0.01"
"28/02/2017 21:00:00 - 28/02/2017 22:00:00","BZN|DK1","0.00","n/e"," ","0.00"
"28/02/2017 22:00:00 - 28/02/2017 23:00:00","BZN|DK1","0.00","n/e"," ","0.00"
"28/02/2017 23:00:00 - 01/03/2017 00:00:00","BZN|DK1","0.00","n/e"," ","0.00"
"01/03/2017 00:00:00 - 01/03/2017 01:00:00","BZN|DK1","0.00","n/e"," ","0.00"
"01/03/2017 01:00:00 - 01/03/2017 02:00:00","BZN|DK1","0.00","n/e"," ","0.00"
"01/03/2017 02:00:00 - 01/03/2017 03:00:00","BZN|DK1","0.00","n/e"," ","0.00"
"01/03/2017 03:00:00 - 01/03/2017 04:00:00","BZN|DK1","0.00","n/e"," ","0.00"
"01/03/2017 04:00:00 - 01/03/2017 05:00:00","BZN|DK1","0.00","n/e"," ","0.00"
"01/03/2017 05:00:00 - 01/03/2017 06:00:00","BZN|DK1","0.00","n/e"," ","0.01"
"01/03/2017 06:00:00 - 01/03/2017 07:00:00","BZN|DK1","0.00","n/e"," ","0.00"
"01/03/2017 07:00:00 - 01/03/2017 08:00:00","BZN|DK1","5.00","n/e"," ","1.76"
"01/03/2017 08:00:00 - 01/03/2017 09:00:00","BZN|DK1","40.00","n/e"," ","26.96"
"01/03/2017 09:00:00 - 01/03/2017 10:00:00","BZN|DK1","91.00","n/e"," ","78.41"
"01/03/2017 10:00:00 - 01/03/2017 11:00:00","BZN|DK1","133.00","n/e"," ","119.64"
"01/03/2017 11:00:00 - 01/03/2017 12:00:00","BZN|DK1","156.00","n/e"," ","126.82"
"01/03/2017 12:00:00 - 01/03/2017 13:00:00","BZN|DK1","166.00","n/e"," ","137.57"
"01/03/2017 13:00:00 - 01/03/2017 14:00:00","BZN|DK1","166.00","n/e"," ","135.34"
"01/03/2017 14:00:00 - 01/03/2017 15:00:00","BZN|DK1","151.00","n/e"," ","135.31"
"01/03/2017 15:00:00 - 01/03/2017 16:00:00","BZN|DK1","111.00","n/e"," ","119.10"
"01/03/2017 16:00:00 - 01/03/2017 17:00:00","BZN|DK1","55.00","n/e"," ","68.79"
"01/03/2017 17:00:00 - 01/03/2017 18:00:00","BZN|DK1","11.00","n/e"," ","12.66"
"01/03/2017 18:00:00 - 01/03/2017 19:00:00","BZN|DK1","0.00","n/e"," ","0.03"
"01/03/2017 19:00:00 - 01/03/2017 20:00:00","BZN|DK1","0.00","n/e"," ","0.01"
"01/03/2017 20:00:00 - 01/03/2017 21:00:00","BZN|DK1","0.00","n/e"," ","0.01"
"01/03/2017 21:00:00 - 01/03/2017 22:00:00","BZN|DK1","0.00","n/e"," ","0.00"
"01/03/2017 22:00:00 - 01/03/2017 23:00:00","BZN|DK1","0.00","n/e"," ","0.00"
"01/03/2017 23:00:00 - 02/03/2017 00:00:00","BZN|DK1","0.00","n/e"," ","0.00"
"02/03/2017 00:00:00 - 02/03/2017 01:00:00","BZN|DK1","0.00","n/e"," ","0.00"
"02/03/2017 01:00:00 - 02/03/2017 02:00:00","BZN|DK1","0.00","n/e"," ","0.00"
"02/03/2017 02:00:00 - 02/03/2017 03:00:00","BZN|DK1","0.00","n/e"," ","0.00"
"02/03/2017 03:00:00 - 02/03/2017 04:00:00","BZN|DK1","0.00","n/e"," ","0.00"
"02/03/2017 04:00:00 - 02/03/2017 05:00:00","BZN|DK1","0.00","n/e"," ","0.00"
"02/03/2017 05:00:00 - 02/03/2017 06:00:00","BZN|DK1","0.00","n/e"," ","0.00"
"02/03/2017 06:00:00 - 02/03/2017 07:00:00","BZN|DK1","0.00","n/e"," ","0.01"
"02/03/2017 07:00:00 - 02/03/2017 08:00:00","BZN|DK1","3.00","n/e"," ","2.39"
"02/03/2017 08:00:00 - 02/03/2017 09:00:00","BZN|DK1","24.00","n/e"," ","17.14"
"02/03/2017 09:00:00 - 02/03/2017 10:00:00","BZN|DK1","57.00","n/e"," ","53.81"
"02/03/2017 10:00:00 - 02/03/2017 11:00:00","BZN|DK1","117.00","n/e"," ","115.32"
"02/03/2017 11:00:00 - 02/03/2017 12:00:00","BZN|DK1","144.00","n/e"," ","174.51"
"02/03/2017 12:00:00 - 02/03/2017 13:00:00","BZN|DK1","175.00","n/e"," ","209.05"
"02/03/2017 13:00:00 - 02/03/2017 14:00:00","BZN|DK1","218.00","n/e"," ","230.31"
"02/03/2017 14:00:00 - 02/03/2017 15:00:00","BZN|DK1","199.00","n/e"," ","201.47"
"02/03/2017 15:00:00 - 02/03/2017 16:00:00","BZN|DK1","144.00","n/e"," ","137.61"
"02/03/2017 16:00:00 - 02/03/2017 17:00:00","BZN|DK1","66.00","n/e"," ","69.22"
"02/03/2017 17:00:00 - 02/03/2017 18:00:00","BZN|DK1","14.00","n/e"," ","15.34"
"02/03/2017 18:00:00 - 02/03/2017 19:00:00","BZN|DK1","1.00","n/e"," ","0.04"
"02/03/2017 19:00:00 - 02/03/2017 20:00:00","BZN|DK1","0.00","n/e"," ","0.00"
"02/03/2017 20:00:00 - 02/03/2017 21:00:00","BZN|DK1","0.00","n/e"," ","0.01"
"02/03/2017 21:00:00 - 02/03/2017 22:00:00","BZN|DK1","0.00","n/e"," ","0.00"
"02/03/2017 22:00:00 - 02/03/2017 23:00:00","BZN|DK1","0.00","n/e"," ","0.00"
"02/03/2017 23:00:00 - 03/03/2017 00:00:00","BZN|DK1","0.00","n/e"," ","0.00"
"03/03/2017 00:00:00 - 03/03/2017 01:00:00","BZN|DK1","0.00","n/e"," ","0.00"
"03/03/2017 01:00:00 - 03/03/2017 02:00:00","BZN|DK1","0.00","n/e"," ","0.00"
"03/03/2017 02:00:00 - 03/03/2017 03:00:00","BZN|DK1","0.00","n/e"," ","0.00"
"03/03/2017 03:00:00 - 03/03/2017 04:00:00","BZN|DK1","0.00","n/e"," ","0.00"
"03/03/2017 04:00:00 - 03/03/2017 05:00:00","BZN|DK1","0.00","n/e"," ","0.00"
"03/03/2017 05:00:00 - 03/03/2017 06:00:00","BZN|DK1","0.00","n/e"," ","0.00"
"03/03/2017 06:00:00 - 03/03/2017 07:00:00","BZN|DK1","0.00","n/e"," ","0.01"
"03/03/2017 07:00:00 - 03/03/2017 08:00:00","BZN|DK1","3.00","n/e"," ","5.62"
"03/03/2017 08:00:00 - 03/03/2017 09:00:00","BZN|DK1","22.00","n/e"," ","37.72"
"03/03/2017 09:00:00 - 03/03/2017 10:00:00","BZN|DK1","47.00","n/e"," ","83.70"
"03/03/2017 10:00:00 - 03/03/2017 11:00:00","BZN|DK1","77.00","n/e"," ","109.55"
"03/03/2017 11:00:00 - 03/03/2017 12:00:00","BZN|DK1","90.00","n/e"," ","115.85"
"03/03/2017 12:00:00 - 03/03/2017 13:00:00","BZN|DK1","89.00","n/e"," ","114.61"
"03/03/2017 13:00:00 - 03/03/2017 14:00:00","BZN|DK1","80.00","n/e"," ","96.75"
"03/03/2017 14:00:00 - 03/03/2017 15:00:00","BZN|DK1","69.00","n/e"," ","84.85"
"03/03/2017 15:00:00 - 03/03/2017 16:00:00","BZN|DK1","53.00","n/e"," ","68.90"
"03/03/2017 16:00:00 - 03/03/2017 17:00:00","BZN|DK1","30.00","n/e"," ","34.18"
"03/03/2017 17:00:00 - 03/03/2017 18:00:00","BZN|DK1","7.00","n/e"," ","6.30"
"03/03/2017 18:00:00 - 03/03/2017 19:00:00","BZN|DK1","0.00","n/e"," ","0.01"
"03/03/2017 19:00:00 - 03/03/2017 20:00:00","BZN|DK1","0.00","n/e"," ","0.01"
"03/03/2017 20:00:00 - 03/03/2017 21:00:00","BZN|DK1","0.00","n/e"," ","0.00"
"03/03/2017 21:00:00 - 03/03/2017 22:00:00","BZN|DK1","0.00","n/e"," ","0.00"
"03/03/2017 22:00:00 - 03/03/2017 23:00:00","BZN|DK1","0.00","n/e"," ","0.00"
"03/03/2017 23:00:00 - 04/03/2017 00:00:00","BZN|DK1","0.00","n/e"," ","0.00"
"04/03/2017 00:00:00 - 04/03/2017 01:00:00","BZN|DK1","0.00","n/e"," ","0.00"
"04/03/2017 01:00:00 - 04/03/2017 02:00:00","BZN|DK1","0.00","n/e"," ","0.00"
"04/03/2017 02:00:00 - 04/03/2017 03:00:00","BZN|DK1","0.00","n/e"," ","0.00"
"04/03/2017 03:00:00 - 04/03/2017 04:00:00","BZN|DK1","0.00","n/e"," ","0.00"
"04/03/2017 04:00:00 - 04/03/2017 05:00:00","BZN|DK1","0.00","n/e"," ","0.00"
"04/03/2017 05:00:00 - 04/03/2017 06:00:00","BZN|DK1","0.00","n/e"," ","0.01"
"04/03/2017 06:00:00 - 04/03/2017 07:00:00","BZN|DK1","0.00","n/e"," ","0.00"
"04/03/2017 07:00:00 - 04/03/2017 08:00:00","BZN|DK1","4.00","n/e"," ","1.20"
"04/03/2017 08:00:00 - 04/03/2017 09:00:00","BZN|DK1","29.00","n/e"," ","11.11"
"04/03/2017 09:00:00 - 04/03/2017 10:00:00","BZN|DK1","64.00","n/e"," ","26.50"
"04/03/2017 10:00:00 - 04/03/2017 11:00:00","BZN|DK1","106.00","n/e"," ","55.38"
"04/03/2017 11:00:00 - 04/03/2017 12:00:00","BZN|DK1","129.00","n/e"," ","103.02"
"04/03/2017 12:00:00 - 04/03/2017 13:00:00","BZN|DK1","146.00","n/e"," ","123.48"
"04/03/2017 13:00:00 - 04/03/2017 14:00:00","BZN|DK1","141.00","n/e"," ","99.57"
"04/03/2017 14:00:00 - 04/03/2017 15:00:00","BZN|DK1","119.00","n/e"," ","73.27"
"04/03/2017 15:00:00 - 04/03/2017 16:00:00","BZN|DK1","80.00","n/e"," ","37.31"
"04/03/2017 16:00:00 - 04/03/2017 17:00:00","BZN|DK1","31.00","n/e"," ","15.40"
"04/03/2017 17:00:00 - 04/03/2017 18:00:00","BZN|DK1","6.00","n/e"," ","1.89"
"04/03/2017 18:00:00 - 04/03/2017 19:00:00","BZN|DK1","0.00","n/e"," ","0.01"
"04/03/2017 19:00:00 - 04/03/2017 20:00:00","BZN|DK1","0.00","n/e"," ","0.01"
"04/03/2017 20:00:00 - 04/03/2017 21:00:00","BZN|DK1","0.00","n/e"," ","0.01"
"04/03/2017 21:00:00 - 04/03/2017 22:00:00","BZN|DK1","0.00","n/e"," ","0.00"
"04/03/2017 22:00:00 - 04/03/2017 23:00:00","BZN|DK1","0.00","n/e"," ","0.00"
"04/03/2017 23:00:00 - 05/03/2017 00:00:00","BZN|DK1","0.00","n/e"," ","0.00"
"05/03/2017 00:00:00 - 05/03/2017 01:00:00","BZN|DK1","0.00","n/e"," ","0.00"
"05/03/2017 01:00:00 - 05/03/2017 02:00:00","BZN|DK1","0.00","n/e"," ","0.00"
"05/03/2017 02:00:00 - 05/03/2017 03:00:00","BZN|DK1","0.00","n/e"," ","0.00"
"05/03/2017 03:00:00 - 05/03/2017 04:00:00","BZN|DK1","0.00","n/e"," ","0.00"
"05/03/2017 04:00:00 - 05/03/2017 05:00:00","BZN|DK1","0.00","n/e"," ","0.00"
"05/03/2017 05:00:00 - 05/03/2017 06:00:00","BZN|DK1","0.00","n/e"," ","0.01"
"05/03/2017 06:00:00 - 05/03/2017 07:00:00","BZN|DK1","0.00","n/e"," ","0.01"
"05/03/2017 07:00:00 - 05/03/2017 08:00:00","BZN|DK1","2.00","n/e"," ","0.63"
"05/03/2017 08:00:00 - 05/03/2017 09:00:00","BZN|DK1","11.00","n/e"," ","5.53"
"05/03/2017 09:00:00 - 05/03/2017 10:00:00","BZN|DK1","19.00","n/e"," ","10.68"
"05/03/2017 10:00:00 - 05/03/2017 11:00:00","BZN|DK1","17.00","n/e"," ","13.35"
"05/03/2017 11:00:00 - 05/03/2017 12:00:00","BZN|DK1","20.00","n/e"," ","23.31"
"05/03/2017 12:00:00 - 05/03/2017 13:00:00","BZN|DK1","21.00","n/e"," ","30.77"
"05/03/2017 13:00:00 - 05/03/2017 14:00:00","BZN|DK1","29.00","n/e"," ","37.01"
"05/03/2017 14:00:00 - 05/03/2017 15:00:00","BZN|DK1","24.00","n/e"," ","31.51"
"05/03/2017 15:00:00 - 05/03/2017 16:00:00","BZN|DK1","16.00","n/e"," ","26.03"
"05/03/2017 16:00:00 - 05/03/2017 17:00:00","BZN|DK1","9.00","n/e"," ","16.03"
"05/03/2017 17:00:00 - 05/03/2017 18:00:00","BZN|DK1","2.00","n/e"," ","4.60"
"05/03/2017 18:00:00 - 05/03/2017 19:00:00","BZN|DK1","0.00","n/e"," ","0.04"
"05/03/2017 19:00:00 - 05/03/2017 20:00:00","BZN|DK1","0.00","n/e"," ","0.01"
"05/03/2017 20:00:00 - 05/03/2017 21:00:00","BZN|DK1","0.00","n/e"," ","0.01"
"05/03/2017 21:00:00 - 05/03/2017 22:00:00","BZN|DK1","0.00","n/e"," ","0.00"
"05/03/2017 22:00:00 - 05/03/2017 23:00:00","BZN|DK1","0.00","n/e"," ","0.00"
"05/03/2017 23:00:00 - 06/03/2017 00:00:00","BZN|DK1","0.00","n/e"," ","0.00"
"06/03/2017 00:00:00 - 06/03/2017 01:00:00","BZN|DK1","0.00","n/e"," ","0.00"
"06/03/2017 01:00:00 - 06/03/2017 02:00:00","BZN|DK1","0.00","n/e"," ","0.00"
"06/03/2017 02:00:00 - 06/03/2017 03:00:00","BZN|DK1","0.00","n/e"," ","0.00"
"06/03/2017 03:00:00 - 06/03/2017 04:00:00","BZN|DK1","0.00","n/e"," ","0.00"
"06/03/2017 04:00:00 - 06/03/2017 05:00:00","BZN|DK1","0.00","n/e"," ","0.00"
"06/03/2017 05:00:00 - 06/03/2017 06:00:00","BZN|DK1","0.00","n/e"," ","0.01"
"06/03/2017 06:00:00 - 06/03/2017 07:00:00","BZN|DK1","0.00","n/e"," ","0.00"
"06/03/2017 07:00:00 - 06/03/2017 08:00:00","BZN|DK1","4.00","n/e"," ","0.81"
"06/03/2017 08:00:00 - 06/03/2017 09:00:00","BZN|DK1","18.00","n/e"," ","7.85"
"06/03/2017 09:00:00 - 06/03/2017 10:00:00","BZN|DK1","26.00","n/e"," ","21.27"
"06/03/2017 10:00:00 - 06/03/2017 11:00:00","BZN|DK1","47.00","n/e"," ","38.07"
"06/03/2017 11:00:00 - 06/03/2017 12:00:00","BZN|DK1","57.00","n/e"," ","45.87"
"06/03/2017 12:00:00 - 06/03/2017 13:00:00","BZN|DK1","67.00","n/e"," ","48.99"
"06/03/2017 13:00:00 - 06/03/2017 14:00:00","BZN|DK1","86.00","n/e"," ","48.90"
"06/03/2017 14:00:00 - 06/03/2017 15:00:00","BZN|DK1","74.00","n/e"," ","34.32"
"06/03/2017 15:00:00 - 06/03/2017 16:00:00","BZN|DK1","55.00","n/e"," ","20.35"
"06/03/2017 16:00:00 - 06/03/2017 17:00:00","BZN|DK1","23.00","n/e"," ","9.68"
"06/03/2017 17:00:00 - 06/03/2017 18:00:00","BZN|DK1","5.00","n/e"," ","2.02"
"06/03/2017 18:00:00 - 06/03/2017 19:00:00","BZN|DK1","0.00","n/e"," ","0.02"
"06/03/2017 19:00:00 - 06/03/2017 20:00:00","BZN|DK1","0.00","n/e"," ","0.00"
"06/03/2017 20:00:00 - 06/03/2017 21:00:00","BZN|DK1","0.00","n/e"," ","0.01"
"06/03/2017 21:00:00 - 06/03/2017 22:00:00","BZN|DK1","0.00","n/e"," ","0.00"
"06/03/2017 22:00:00 - 06/03/2017 23:00:00","BZN|DK1","0.00","n/e"," ","0.00"
"06/03/2017 23:00:00 - 07/03/2017 00:00:00","BZN|DK1","0.00","n/e"," ","0.00"
"07/03/2017 00:00:00 - 07/03/2017 01:00:00","BZN|DK1","0.00","n/e"," ","0.00"
"07/03/2017 01:00:00 - 07/03/2017 02:00:00","BZN|DK1","0.00","n/e"," ","0.00"
"07/03/2017 02:00:00 - 07/03/2017 03:00:00","BZN|DK1","0.00","n/e"," ","0.00"
"07/03/2017 03:00:00 - 07/03/2017 04:00:00","BZN|DK1","0.00","n/e"," ","0.00"
"07/03/2017 04:00:00 - 07/03/2017 05:00:00","BZN|DK1","0.00","n/e"," ","0.00"
"07/03/2017 05:00:00 - 07/03/2017 06:00:00","BZN|DK1","0.00","n/e"," ","0.00"
"07/03/2017 06:00:00 - 07/03/2017 07:00:00","BZN|DK1","0.00","n/e"," ","0.00"
"07/03/2017 07:00:00 - 07/03/2017 08:00:00","BZN|DK1","5.00","n/e"," ","1.58"
"07/03/2017 08:00:00 - 07/03/2017 09:00:00","BZN|DK1","25.00","n/e"," ","12.45"
"07/03/2017 09:00:00 - 07/03/2017 10:00:00","BZN|DK1","46.00","n/e"," ","28.96"
"07/03/2017 10:00:00 - 07/03/2017 11:00:00","BZN|DK1","68.00","n/e"," ","45.20"
"07/03/2017 11:00:00 - 07/03/2017 12:00:00","BZN|DK1","78.00","n/e"," ","61.63"
"07/03/2017 12:00:00 - 07/03/2017 13:00:00","BZN|DK1","88.00","n/e"," ","81.62"
"07/03/2017 13:00:00 - 07/03/2017 14:00:00","BZN|DK1","94.00","n/e"," ","80.98"
"07/03/2017 14:00:00 - 07/03/2017 15:00:00","BZN|DK1","89.00","n/e"," ","63.18"
"07/03/2017 15:00:00 - 07/03/2017 16:00:00","BZN|DK1","65.00","n/e"," ","45.54"
"07/03/2017 16:00:00 - 07/03/2017 17:00:00","BZN|DK1","32.00","n/e"," ","27.52"
"07/03/2017 17:00:00 - 07/03/2017 18:00:00","BZN|DK1","10.00","n/e"," ","6.48"
"07/03/2017 18:00:00 - 07/03/2017 19:00:00","BZN|DK1","0.00","n/e"," ","0.07"
"07/03/2017 19:00:00 - 07/03/2017 20:00:00","BZN|DK1","0.00","n/e"," ","0.00"
"07/03/2017 20:00:00 - 07/03/2017 21:00:00","BZN|DK1","0.00","n/e"," ","0.00"
"07/03/2017 21:00:00 - 07/03/2017 22:00:00","BZN|DK1","0.00","n/e"," ","0.00"
"07/03/2017 22:00:00 - 07/03/2017 23:00:00","BZN|DK1","0.00","n/e"," ","0.00"
"07/03/2017 23:00:00 - 08/03/2017 00:00:00","BZN|DK1","0.00","n/e"," ","0.00"
"08/03/2017 00:00:00 - 08/03/2017 01:00:00","BZN|DK1","0.00","n/e"," ","0.00"
"08/03/2017 01:00:00 - 08/03/2017 02:00:00","BZN|DK1","0.00","n/e"," ","0.00"
"08/03/2017 02:00:00 - 08/03/2017 03:00:00","BZN|DK1","0.00","n/e"," ","0.00"
"08/03/2017 03:00:00 - 08/03/2017 04:00:00","BZN|DK1","0.00","n/e"," ","0.00"
"08/03/2017 04:00:00 - 08/03/2017 05:00:00","BZN|DK1","0.00","n/e"," ","0.00"
"08/03/2017 05:00:00 - 08/03/2017 06:00:00","BZN|DK1","0.00","n/e"," ","0.00"
"08/03/2017 06:00:00 - 08/03/2017 07:00:00","BZN|DK1","0.00","n/e"," ","0.00"
"08/03/2017 07:00:00 - 08/03/2017 08:00:00","BZN|DK1","11.00","n/e"," ","0.00"
"08/03/2017 08:00:00 - 08/03/2017 09:00:00","BZN|DK1","39.00","n/e"," ","24.49"
"08/03/2017 09:00:00 - 08/03/2017 10:00:00","BZN|DK1","67.00","n/e"," ","50.73"
"08/03/2017 10:00:00 - 08/03/2017 11:00:00","BZN|DK1","72.00","n/e"," ","66.42"
"08/03/2017 11:00:00 - 08/03/2017 12:00:00","BZN|DK1","74.00","n/e"," ","74.34"
"08/03/2017 12:00:00 - 08/03/2017 13:00:00","BZN|DK1","83.00","n/e"," ","69.12"
"08/03/2017 13:00:00 - 08/03/2017 14:00:00","BZN|DK1","61.00","n/e"," ","48.43"
"08/03/2017 14:00:00 - 08/03/2017 15:00:00","BZN|DK1","43.00","n/e"," ","34.50"
"08/03/2017 15:00:00 - 08/03/2017 16:00:00","BZN|DK1","25.00","n/e"," ","24.56"
"08/03/2017 16:00:00 - 08/03/2017 17:00:00","BZN|DK1","9.00","n/e"," ","11.81"
"08/03/2017 17:00:00 - 08/03/2017 18:00:00","BZN|DK1","2.00","n/e"," ","1.82"
"08/03/2017 18:00:00 - 08/03/2017 19:00:00","BZN|DK1","0.00","n/e"," ","0.02"
"08/03/2017 19:00:00 - 08/03/2017 20:00:00","BZN|DK1","0.00","n/e"," ","0.01"
"08/03/2017 20:00:00 - 08/03/2017 21:00:00","BZN|DK1","0.00","n/e"," ","0.00"
"08/03/2017 21:00:00 - 08/03/2017 22:00:00","BZN|DK1","0.00","n/e"," ","0.00"
"08/03/2017 22:00:00 - 08/03/2017 23:00:00","BZN|DK1","0.00","n/e"," ","0.00"
"08/03/2017 23:00:00 - 09/03/2017 00:00:00","BZN|DK1","0.00","n/e"," ","0.00"
"09/03/2017 00:00:00 - 09/03/2017 01:00:00","BZN|DK1","0.00","n/e"," ","0.00"
"09/03/2017 01:00:00 - 09/03/2017 02:00:00","BZN|DK1","0.00","n/e"," ","0.00"
"09/03/2017 02:00:00 - 09/03/2017 03:00:00","BZN|DK1","0.00","n/e"," ","0.00"
"09/03/2017 03:00:00 - 09/03/2017 04:00:00","BZN|DK1","0.00","n/e"," ","0.00"
"09/03/2017 04:00:00 - 09/03/2017 05:00:00","BZN|DK1","0.00","n/e"," ","0.00"
"09/03/2017 05:00:00 - 09/03/2017 06:00:00","BZN|DK1","0.00","n/e"," ","0.01"
"09/03/2017 06:00:00 - 09/03/2017 07:00:00","BZN|DK1","1.00","n/e"," ","0.15"
"09/03/2017 07:00:00 - 09/03/2017 08:00:00","BZN|DK1","13.00","n/e"," ","17.37"
"09/03/2017 08:00:00 - 09/03/2017 09:00:00","BZN|DK1","50.00","n/e"," ","54.25"
"09/03/2017 09:00:00 - 09/03/2017 10:00:00","BZN|DK1","92.00","n/e"," ","100.97"
"09/03/2017 10:00:00 - 09/03/2017 11:00:00","BZN|DK1","143.00","n/e"," ","128.23"
"09/03/2017 11:00:00 - 09/03/2017 12:00:00","BZN|DK1","167.00","n/e"," ","151.77"
"09/03/2017 12:00:00 - 09/03/2017 13:00:00","BZN|DK1","169.00","n/e"," ","157.64"
"09/03/2017 13:00:00 - 09/03/2017 14:00:00","BZN|DK1","92.00","n/e"," ","116.56"
"09/03/2017 14:00:00 - 09/03/2017 15:00:00","BZN|DK1","59.00","n/e"," ","68.25"
"09/03/2017 15:00:00 - 09/03/2017 16:00:00","BZN|DK1","34.00","n/e"," ","31.28"
"09/03/2017 16:00:00 - 09/03/2017 17:00:00","BZN|DK1","10.00","n/e"," ","11.94"
"09/03/2017 17:00:00 - 09/03/2017 18:00:00","BZN|DK1","2.00","n/e"," ","4.01"
"09/03/2017 18:00:00 - 09/03/2017 19:00:00","BZN|DK1","0.00","n/e"," ","0.20"
"09/03/2017 19:00:00 - 09/03/2017 20:00:00","BZN|DK1","0.00","n/e"," ","0.01"
"09/03/2017 20:00:00 - 09/03/2017 21:00:00","BZN|DK1","0.00","n/e"," ","0.01"
"09/03/2017 21:00:00 - 09/03/2017 22:00:00","BZN|DK1","0.00","n/e"," ","0.01"
"09/03/2017 22:00:00 - 09/03/2017 23:00:00","BZN|DK1","0.00","n/e"," ","0.00"
"09/03/2017 23:00:00 - 10/03/2017 00:00:00","BZN|DK1","0.00","n/e"," ","0.00"
"10/03/2017 00:00:00 - 10/03/2017 01:00:00","BZN|DK1","0.00","n/e"," ","0.00"
"10/03/2017 01:00:00 - 10/03/2017 02:00:00","BZN|DK1","0.00","n/e"," ","0.00"
"10/03/2017 02:00:00 - 10/03/2017 03:00:00","BZN|DK1","0.00","n/e"," ","0.00"
"10/03/2017 03:00:00 - 10/03/2017 04:00:00","BZN|DK1","0.00","n/e"," ","0.00"
"10/03/2017 04:00:00 - 10/03/2017 05:00:00","BZN|DK1","0.00","n/e"," ","0.01"
"10/03/2017 05:00:00 - 10/03/2017 06:00:00","BZN|DK1","0.00","n/e"," ","0.01"
"10/03/2017 06:00:00 - 10/03/2017 07:00:00","BZN|DK1","1.00","n/e"," ","0.10"
"10/03/2017 07:00:00 - 10/03/2017 08:00:00","BZN|DK1","16.00","n/e"," ","13.55"
"10/03/2017 08:00:00 - 10/03/2017 09:00:00","BZN|DK1","63.00","n/e"," ","64.14"
"10/03/2017 09:00:00 - 10/03/2017 10:00:00","BZN|DK1","114.00","n/e"," ","130.17"
"10/03/2017 10:00:00 - 10/03/2017 11:00:00","BZN|DK1","183.00","n/e"," ","185.11"
"10/03/2017 11:00:00 - 10/03/2017 12:00:00","BZN|DK1","214.00","n/e"," ","214.35"
"10/03/2017 12:00:00 - 10/03/2017 13:00:00","BZN|DK1","239.00","n/e"," ","232.51"
"10/03/2017 13:00:00 - 10/03/2017 14:00:00","BZN|DK1","229.00","n/e"," ","241.78"
"10/03/2017 14:00:00 - 10/03/2017 15:00:00","BZN|DK1","205.00","n/e"," ","225.82"
"10/03/2017 15:00:00 - 10/03/2017 16:00:00","BZN|DK1","160.00","n/e"," ","179.44"
"10/03/2017 16:00:00 - 10/03/2017 17:00:00","BZN|DK1","88.00","n/e"," ","98.64"
"10/03/2017 17:00:00 - 10/03/2017 18:00:00","BZN|DK1","29.00","n/e"," ","25.84"
"10/03/2017 18:00:00 - 10/03/2017 19:00:00","BZN|DK1","2.00","n/e"," ","0.63"
"10/03/2017 19:00:00 - 10/03/2017 20:00:00","BZN|DK1","0.00","n/e"," ","0.01"
"10/03/2017 20:00:00 - 10/03/2017 21:00:00","BZN|DK1","0.00","n/e"," ","0.01"
"10/03/2017 21:00:00 - 10/03/2017 22:00:00","BZN|DK1","0.00","n/e"," ","0.01"
"10/03/2017 22:00:00 - 10/03/2017 23:00:00","BZN|DK1","0.00","n/e"," ","0.00"
"10/03/2017 23:00:00 - 11/03/2017 00:00:00","BZN|DK1","0.00","n/e"," ","0.00"
"11/03/2017 00:00:00 - 11/03/2017 01:00:00","BZN|DK1","0.00","n/e"," ","0.00"
"11/03/2017 01:00:00 - 11/03/2017 02:00:00","BZN|DK1","0.00","n/e"," ","0.00"
"11/03/2017 02:00:00 - 11/03/2017 03:00:00","BZN|DK1","0.00","n/e"," ","0.00"
"11/03/2017 03:00:00 - 11/03/2017 04:00:00","BZN|DK1","0.00","n/e"," ","0.00"
"11/03/2017 04:00:00 - 11/03/2017 05:00:00","BZN|DK1","0.00","n/e"," ","0.01"
"11/03/2017 05:00:00 - 11/03/2017 06:00:00","BZN|DK1","0.00","n/e"," ","0.01"
"11/03/2017 06:00:00 - 11/03/2017 07:00:00","BZN|DK1","0.00","n/e"," ","0.06"
"11/03/2017 07:00:00 - 11/03/2017 08:00:00","BZN|DK1","4.00","n/e"," ","8.76"
"11/03/2017 08:00:00 - 11/03/2017 09:00:00","BZN|DK1","25.00","n/e"," ","43.93"
"11/03/2017 09:00:00 - 11/03/2017 10:00:00","BZN|DK1","56.00","n/e"," ","116.43"
"11/03/2017 10:00:00 - 11/03/2017 11:00:00","BZN|DK1","123.00","n/e"," ","212.65"
"11/03/2017 11:00:00 - 11/03/2017 12:00:00","BZN|DK1","149.00","n/e"," ","248.53"
"11/03/2017 12:00:00 - 11/03/2017 13:00:00","BZN|DK1","163.00","n/e"," ","256.82"
"11/03/2017 13:00:00 - 11/03/2017 14:00:00","BZN|DK1","177.00","n/e"," ","236.21"
"11/03/2017 14:00:00 - 11/03/2017 15:00:00","BZN|DK1","161.00","n/e"," ","192.45"
"11/03/2017 15:00:00 - 11/03/2017 16:00:00","BZN|DK1","129.00","n/e"," ","137.01"
"11/03/2017 16:00:00 - 11/03/2017 17:00:00","BZN|DK1","70.00","n/e"," ","66.84"
"11/03/2017 17:00:00 - 11/03/2017 18:00:00","BZN|DK1","23.00","n/e"," ","14.79"
"11/03/2017 18:00:00 - 11/03/2017 19:00:00","BZN|DK1","1.00","n/e"," ","0.22"
"11/03/2017 19:00:00 - 11/03/2017 20:00:00","BZN|DK1","0.00","n/e"," ","0.01"
"11/03/2017 20:00:00 - 11/03/2017 21:00:00","BZN|DK1","0.00","n/e"," ","0.01"
"11/03/2017 21:00:00 - 11/03/2017 22:00:00","BZN|DK1","0.00","n/e"," ","0.01"
"11/03/2017 22:00:00 - 11/03/2017 23:00:00","BZN|DK1","0.00","n/e"," ","0.00"
"11/03/2017 23:00:00 - 12/03/2017 00:00:00","BZN|DK1","0.00","n/e"," ","0.00"
"12/03/2017 00:00:00 - 12/03/2017 01:00:00","BZN|DK1","0.00","n/e"," ","0.00"
"12/03/2017 01:00:00 - 12/03/2017 02:00:00","BZN|DK1","0.00","n/e"," ","0.00"
"12/03/2017 02:00:00 - 12/03/2017 03:00:00","BZN|DK1","0.00","n/e"," ","0.00"
"12/03/2017 03:00:00 - 12/03/2017 04:00:00","BZN|DK1","0.00","n/e"," ","0.00"
"12/03/2017 04:00:00 - 12/03/2017 05:00:00","BZN|DK1","0.00","n/e"," ","0.01"
"12/03/2017 05:00:00 - 12/03/2017 06:00:00","BZN|DK1","0.00","n/e"," ","0.01"
"12/03/2017 06:00:00 - 12/03/2017 07:00:00","BZN|DK1","0.00","n/e"," ","0.10"
"12/03/2017 07:00:00 - 12/03/2017 08:00:00","BZN|DK1","15.00","n/e"," ","6.98"
"12/03/2017 08:00:00 - 12/03/2017 09:00:00","BZN|DK1","48.00","n/e"," ","34.20"
"12/03/2017 09:00:00 - 12/03/2017 10:00:00","BZN|DK1","83.00","n/e"," ","71.21"
"12/03/2017 10:00:00 - 12/03/2017 11:00:00","BZN|DK1","139.00","n/e"," ","109.24"
"12/03/2017 11:00:00 - 12/03/2017 12:00:00","BZN|DK1","168.00","n/e"," ","162.47"
"12/03/2017 12:00:00 - 12/03/2017 13:00:00","BZN|DK1","205.00","n/e"," ","239.75"
"12/03/2017 13:00:00 - 12/03/2017 14:00:00","BZN|DK1","225.00","n/e"," ","265.60"
"12/03/2017 14:00:00 - 12/03/2017 15:00:00","BZN|DK1","202.00","n/e"," ","222.76"
"12/03/2017 15:00:00 - 12/03/2017 16:00:00","BZN|DK1","152.00","n/e"," ","141.05"
"12/03/2017 16:00:00 - 12/03/2017 17:00:00","BZN|DK1","72.00","n/e"," ","73.06"
"12/03/2017 17:00:00 - 12/03/2017 18:00:00","BZN|DK1","19.00","n/e"," ","23.65"
"12/03/2017 18:00:00 - 12/03/2017 19:00:00","BZN|DK1","1.00","n/e"," ","0.68"
"12/03/2017 19:00:00 - 12/03/2017 20:00:00","BZN|DK1","0.00","n/e"," ","0.01"
"12/03/2017 20:00:00 - 12/03/2017 21:00:00","BZN|DK1","0.00","n/e"," ","0.01"
"12/03/2017 21:00:00 - 12/03/2017 22:00:00","BZN|DK1","0.00","n/e"," ","0.01"
"12/03/2017 22:00:00 - 12/03/2017 23:00:00","BZN|DK1","0.00","n/e"," ","0.00"
"12/03/2017 23:00:00 - 13/03/2017 00:00:00","BZN|DK1","0.00","n/e"," ","0.00"
"13/03/2017 00:00:00 - 13/03/2017 01:00:00","BZN|DK1","0.00","n/e"," ","0.00"
"13/03/2017 01:00:00 - 13/03/2017 02:00:00","BZN|DK1","0.00","n/e"," ","0.00"
"13/03/2017 02:00:00 - 13/03/2017 03:00:00","BZN|DK1","0.00","n/e"," ","0.00"
"13/03/2017 03:00:00 - 13/03/2017 04:00:00","BZN|DK1","0.00","n/e"," ","0.00"
"13/03/2017 04:00:00 - 13/03/2017 05:00:00","BZN|DK1","0.00","n/e"," ","0.01"
"13/03/2017 05:00:00 - 13/03/2017 06:00:00","BZN|DK1","0.00","n/e"," ","0.01"
"13/03/2017 06:00:00 - 13/03/2017 07:00:00","BZN|DK1","1.00","n/e"," ","0.29"
"13/03/2017 07:00:00 - 13/03/2017 08:00:00","BZN|DK1","16.00","n/e"," ","14.36"
"13/03/2017 08:00:00 - 13/03/2017 09:00:00","BZN|DK1","41.00","n/e"," ","31.71"
"13/03/2017 09:00:00 - 13/03/2017 10:00:00","BZN|DK1","56.00","n/e"," ","50.11"
"13/03/2017 10:00:00 - 13/03/2017 11:00:00","BZN|DK1","50.00","n/e"," ","52.21"
"13/03/2017 11:00:00 - 13/03/2017 12:00:00","BZN|DK1","51.00","n/e"," ","68.96"
"13/03/2017 12:00:00 - 13/03/2017 13:00:00","BZN|DK1","62.00","n/e"," ","103.18"
"13/03/2017 13:00:00 - 13/03/2017 14:00:00","BZN|DK1","114.00","n/e"," ","119.81"
"13/03/2017 14:00:00 - 13/03/2017 15:00:00","BZN|DK1","118.00","n/e"," ","112.66"
"13/03/2017 15:00:00 - 13/03/2017 16:00:00","BZN|DK1","89.00","n/e"," ","83.58"
"13/03/2017 16:00:00 - 13/03/2017 17:00:00","BZN|DK1","43.00","n/e"," ","57.01"
"13/03/2017 17:00:00 - 13/03/2017 18:00:00","BZN|DK1","14.00","n/e"," ","15.69"
"13/03/2017 18:00:00 - 13/03/2017 19:00:00","BZN|DK1","1.00","n/e"," ","0.46"
"13/03/2017 19:00:00 - 13/03/2017 20:00:00","BZN|DK1","0.00","n/e"," ","0.01"
"13/03/2017 20:00:00 - 13/03/2017 21:00:00","BZN|DK1","0.00","n/e"," ","0.01"
"13/03/2017 21:00:00 - 13/03/2017 22:00:00","BZN|DK1","0.00","n/e"," ","0.01"
"13/03/2017 22:00:00 - 13/03/2017 23:00:00","BZN|DK1","0.00","n/e"," ","0.00"
"13/03/2017 23:00:00 - 14/03/2017 00:00:00","BZN|DK1","0.00","n/e"," ","0.00"
"14/03/2017 00:00:00 - 14/03/2017 01:00:00","BZN|DK1","0.00","n/e"," ","0.00"
"14/03/2017 01:00:00 - 14/03/2017 02:00:00","BZN|DK1","0.00","n/e"," ","0.00"
"14/03/2017 02:00:00 - 14/03/2017 03:00:00","BZN|DK1","0.00","n/e"," ","0.00"
"14/03/2017 03:00:00 - 14/03/2017 04:00:00","BZN|DK1","0.00","n/e"," ","0.00"
"14/03/2017 04:00:00 - 14/03/2017 05:00:00","BZN|DK1","0.00","n/e"," ","0.01"
"14/03/2017 05:00:00 - 14/03/2017 06:00:00","BZN|DK1","0.00","n/e"," ","0.01"
"14/03/2017 06:00:00 - 14/03/2017 07:00:00","BZN|DK1","1.00","n/e"," ","0.11"
"14/03/2017 07:00:00 - 14/03/2017 08:00:00","BZN|DK1","15.00","n/e"," ","13.26"
"14/03/2017 08:00:00 - 14/03/2017 09:00:00","BZN|DK1","48.00","n/e"," ","56.83"
"14/03/2017 09:00:00 - 14/03/2017 10:00:00","BZN|DK1","90.00","n/e"," ","107.01"
"14/03/2017 10:00:00 - 14/03/2017 11:00:00","BZN|DK1","177.00","n/e"," ","158.01"
"14/03/2017 11:00:00 - 14/03/2017 12:00:00","BZN|DK1","216.00","n/e"," ","181.77"
"14/03/2017 12:00:00 - 14/03/2017 13:00:00","BZN|DK1","227.00","n/e"," ","166.89"
"14/03/2017 13:00:00 - 14/03/2017 14:00:00","BZN|DK1","163.00","n/e"," ","128.64"
"14/03/2017 14:00:00 - 14/03/2017 15:00:00","BZN|DK1","124.00","n/e"," ","77.49"
"14/03/2017 15:00:00 - 14/03/2017 16:00:00","BZN|DK1","78.00","n/e"," ","47.12"
"14/03/2017 16:00:00 - 14/03/2017 17:00:00","BZN|DK1","31.00","n/e"," ","33.24"
"14/03/2017 17:00:00 - 14/03/2017 18:00:00","BZN|DK1","15.00","n/e"," ","14.08"
"14/03/2017 18:00:00 - 14/03/2017 19:00:00","BZN|DK1","1.00","n/e"," ","0.85"
"14/03/2017 19:00:00 - 14/03/2017 20:00:00","BZN|DK1","0.00","n/e"," ","0.01"
"14/03/2017 20:00:00 - 14/03/2017 21:00:00","BZN|DK1","0.00","n/e"," ","0.01"
"14/03/2017 21:00:00 - 14/03/2017 22:00:00","BZN|DK1","0.00","n/e"," ","0.01"
"14/03/2017 22:00:00 - 14/03/2017 23:00:00","BZN|DK1","0.00","n/e"," ","0.00"
"14/03/2017 23:00:00 - 15/03/2017 00:00:00","BZN|DK1","0.00","n/e"," ","0.00"
"15/03/2017 00:00:00 - 15/03/2017 01:00:00","BZN|DK1","0.00","n/e"," ","0.00"
"15/03/2017 01:00:00 - 15/03/2017 02:00:00","BZN|DK1","0.00","n/e"," ","0.00"
"15/03/2017 02:00:00 - 15/03/2017 03:00:00","BZN|DK1","0.00","n/e"," ","0.00"
"15/03/2017 03:00:00 - 15/03/2017 04:00:00","BZN|DK1","0.00","n/e"," ","0.00"
"15/03/2017 04:00:00 - 15/03/2017 05:00:00","BZN|DK1","0.00","n/e"," ","0.01"
"15/03/2017 05:00:00 - 15/03/2017 06:00:00","BZN|DK1","0.00","n/e"," ","0.01"
"15/03/2017 06:00:00 - 15/03/2017 07:00:00","BZN|DK1","2.00","n/e"," ","0.98"
"15/03/2017 07:00:00 - 15/03/2017 08:00:00","BZN|DK1","34.00","n/e"," ","30.46"
"15/03/2017 08:00:00 - 15/03/2017 09:00:00","BZN|DK1","98.00","n/e"," ","108.30"
"15/03/2017 09:00:00 - 15/03/2017 10:00:00","BZN|DK1","153.00","n/e"," ","194.13"
"15/03/2017 10:00:00 - 15/03/2017 11:00:00","BZN|DK1","215.00","n/e"," ","248.63"
"15/03/2017 11:00:00 - 15/03/2017 12:00:00","BZN|DK1","250.00","n/e"," ","291.95"
"15/03/2017 12:00:00 - 15/03/2017 13:00:00","BZN|DK1","277.00","n/e"," ","313.30"
"15/03/2017 13:00:00 - 15/03/2017 14:00:00","BZN|DK1","269.00","n/e"," ","297.02"
"15/03/2017 14:00:00 - 15/03/2017 15:00:00","BZN|DK1","240.00","n/e"," ","246.09"
"15/03/2017 15:00:00 - 15/03/2017 16:00:00","BZN|DK1","183.00","n/e"," ","184.28"
"15/03/2017 16:00:00 - 15/03/2017 17:00:00","BZN|DK1","96.00","n/e"," ","109.95"
"15/03/2017 17:00:00 - 15/03/2017 18:00:00","BZN|DK1","33.00","n/e"," ","39.84"
"15/03/2017 18:00:00 - 15/03/2017 19:00:00","BZN|DK1","2.00","n/e"," ","1.82"
"15/03/2017 19:00:00 - 15/03/2017 20:00:00","BZN|DK1","0.00","n/e"," ","0.01"
"15/03/2017 20:00:00 - 15/03/2017 21:00:00","BZN|DK1","0.00","n/e"," ","0.01"
"15/03/2017 21:00:00 - 15/03/2017 22:00:00","BZN|DK1","0.00","n/e"," ","0.01"
"15/03/2017 22:00:00 - 15/03/2017 23:00:00","BZN|DK1","0.00","n/e"," ","0.00"
"15/03/2017 23:00:00 - 16/03/2017 00:00:00","BZN|DK1","0.00","n/e"," ","0.00"
"16/03/2017 00:00:00 - 16/03/2017 01:00:00","BZN|DK1","0.00","n/e"," ","0.00"
"16/03/2017 01:00:00 - 16/03/2017 02:00:00","BZN|DK1","0.00","n/e"," ","0.00"
"16/03/2017 02:00:00 - 16/03/2017 03:00:00","BZN|DK1","0.00","n/e"," ","0.00"
"16/03/2017 03:00:00 - 16/03/2017 04:00:00","BZN|DK1","0.00","n/e"," ","0.00"
"16/03/2017 04:00:00 - 16/03/2017 05:00:00","BZN|DK1","0.00","n/e"," ","0.01"
"16/03/2017 05:00:00 - 16/03/2017 06:00:00","BZN|DK1","0.00","n/e"," ","0.01"
"16/03/2017 06:00:00 - 16/03/2017 07:00:00","BZN|DK1","1.00","n/e"," ","0.71"
"16/03/2017 07:00:00 - 16/03/2017 08:00:00","BZN|DK1","13.00","n/e"," ","17.78"
"16/03/2017 08:00:00 - 16/03/2017 09:00:00","BZN|DK1","49.00","n/e"," ","58.99"
"16/03/2017 09:00:00 - 16/03/2017 10:00:00","BZN|DK1","106.00","n/e"," ","109.11"
"16/03/2017 10:00:00 - 16/03/2017 11:00:00","BZN|DK1","199.00","n/e"," ","166.20"
"16/03/2017 11:00:00 - 16/03/2017 12:00:00","BZN|DK1","242.00","n/e"," ","230.36"
"16/03/2017 12:00:00 - 16/03/2017 13:00:00","BZN|DK1","278.00","n/e"," ","288.52"
"16/03/2017 13:00:00 - 16/03/2017 14:00:00","BZN|DK1","293.00","n/e"," ","292.07"
"16/03/2017 14:00:00 - 16/03/2017 15:00:00","BZN|DK1","265.00","n/e"," ","248.75"
"16/03/2017 15:00:00 - 16/03/2017 16:00:00","BZN|DK1","206.00","n/e"," ","163.64"
"16/03/2017 16:00:00 - 16/03/2017 17:00:00","BZN|DK1","111.00","n/e"," ","76.41"
"16/03/2017 17:00:00 - 16/03/2017 18:00:00","BZN|DK1","39.00","n/e"," ","21.63"
"16/03/2017 18:00:00 - 16/03/2017 19:00:00","BZN|DK1","2.00","n/e"," ","1.11"
"16/03/2017 19:00:00 - 16/03/2017 20:00:00","BZN|DK1","0.00","n/e"," ","0.01"
"16/03/2017 20:00:00 - 16/03/2017 21:00:00","BZN|DK1","0.00","n/e"," ","0.01"
"16/03/2017 21:00:00 - 16/03/2017 22:00:00","BZN|DK1","0.00","n/e"," ","0.01"
"16/03/2017 22:00:00 - 16/03/2017 23:00:00","BZN|DK1","0.00","n/e"," ","0.00"
"16/03/2017 23:00:00 - 17/03/2017 00:00:00","BZN|DK1","0.00","n/e"," ","0.00"
"17/03/2017 00:00:00 - 17/03/2017 01:00:00","BZN|DK1","0.00","n/e"," ","0.00"
"17/03/2017 01:00:00 - 17/03/2017 02:00:00","BZN|DK1","0.00","n/e"," ","0.00"
"17/03/2017 02:00:00 - 17/03/2017 03:00:00","BZN|DK1","0.00","n/e"," ","0.00"
"17/03/2017 03:00:00 - 17/03/2017 04:00:00","BZN|DK1","0.00","n/e"," ","0.00"
"17/03/2017 04:00:00 - 17/03/2017 05:00:00","BZN|DK1","0.00","n/e"," ","0.01"
"17/03/2017 05:00:00 - 17/03/2017 06:00:00","BZN|DK1","0.00","n/e"," ","0.01"
"17/03/2017 06:00:00 - 17/03/2017 07:00:00","BZN|DK1","2.00","n/e"," ","1.61"
"17/03/2017 07:00:00 - 17/03/2017 08:00:00","BZN|DK1","28.00","n/e"," ","33.77"
"17/03/2017 08:00:00 - 17/03/2017 09:00:00","BZN|DK1","73.00","n/e"," ","99.92"
"17/03/2017 09:00:00 - 17/03/2017 10:00:00","BZN|DK1","115.00","n/e"," ","130.91"
"17/03/2017 10:00:00 - 17/03/2017 11:00:00","BZN|DK1","178.00","n/e"," ","166.16"
"17/03/2017 11:00:00 - 17/03/2017 12:00:00","BZN|DK1","213.00","n/e"," ","204.95"
"17/03/2017 12:00:00 - 17/03/2017 13:00:00","BZN|DK1","216.00","n/e"," ","174.50"
"17/03/2017 13:00:00 - 17/03/2017 14:00:00","BZN|DK1","200.00","n/e"," ","172.08"
"17/03/2017 14:00:00 - 17/03/2017 15:00:00","BZN|DK1","180.00","n/e"," ","146.46"
"17/03/2017 15:00:00 - 17/03/2017 16:00:00","BZN|DK1","136.00","n/e"," ","122.16"
"17/03/2017 16:00:00 - 17/03/2017 17:00:00","BZN|DK1","76.00","n/e"," ","77.81"
"17/03/2017 17:00:00 - 17/03/2017 18:00:00","BZN|DK1","29.00","n/e"," ","28.11"
"17/03/2017 18:00:00 - 17/03/2017 19:00:00","BZN|DK1","2.00","n/e"," ","1.26"
"17/03/2017 19:00:00 - 17/03/2017 20:00:00","BZN|DK1","0.00","n/e"," ","0.01"
"17/03/2017 20:00:00 - 17/03/2017 21:00:00","BZN|DK1","0.00","n/e"," ","0.01"
"17/03/2017 21:00:00 - 17/03/2017 22:00:00","BZN|DK1","0.00","n/e"," ","0.01"
"17/03/2017 22:00:00 - 17/03/2017 23:00:00","BZN|DK1","0.00","n/e"," ","0.00"
"17/03/2017 23:00:00 - 18/03/2017 00:00:00","BZN|DK1","0.00","n/e"," ","0.00"
"18/03/2017 00:00:00 - 18/03/2017 01:00:00","BZN|DK1","0.00","n/e"," ","0.00"
"18/03/2017 01:00:00 - 18/03/2017 02:00:00","BZN|DK1","0.00","n/e"," ","0.00"
"18/03/2017 02:00:00 - 18/03/2017 03:00:00","BZN|DK1","0.00","n/e"," ","0.00"
"18/03/2017 03:00:00 - 18/03/2017 04:00:00","BZN|DK1","0.00","n/e"," ","0.00"
"18/03/2017 04:00:00 - 18/03/2017 05:00:00","BZN|DK1","0.00","n/e"," ","0.00"
"18/03/2017 05:00:00 - 18/03/2017 06:00:00","BZN|DK1","0.00","n/e"," ","0.01"
"18/03/2017 06:00:00 - 18/03/2017 07:00:00","BZN|DK1","0.00","n/e"," ","0.15"
"18/03/2017 07:00:00 - 18/03/2017 08:00:00","BZN|DK1","7.00","n/e"," ","9.36"
"18/03/2017 08:00:00 - 18/03/2017 09:00:00","BZN|DK1","37.00","n/e"," ","46.51"
"18/03/2017 09:00:00 - 18/03/2017 10:00:00","BZN|DK1","90.00","n/e"," ","126.99"
"18/03/2017 10:00:00 - 18/03/2017 11:00:00","BZN|DK1","197.00","n/e"," ","194.77"
"18/03/2017 11:00:00 - 18/03/2017 12:00:00","BZN|DK1","238.00","n/e"," ","263.82"
"18/03/2017 12:00:00 - 18/03/2017 13:00:00","BZN|DK1","264.00","n/e"," ","322.60"
"18/03/2017 13:00:00 - 18/03/2017 14:00:00","BZN|DK1","291.00","n/e"," ","329.37"
"18/03/2017 14:00:00 - 18/03/2017 15:00:00","BZN|DK1","267.00","n/e"," ","289.28"
"18/03/2017 15:00:00 - 18/03/2017 16:00:00","BZN|DK1","212.00","n/e"," ","239.15"
"18/03/2017 16:00:00 - 18/03/2017 17:00:00","BZN|DK1","117.00","n/e"," ","151.61"
"18/03/2017 17:00:00 - 18/03/2017 18:00:00","BZN|DK1","43.00","n/e"," ","57.32"
"18/03/2017 18:00:00 - 18/03/2017 19:00:00","BZN|DK1","3.00","n/e"," ","3.71"
"18/03/2017 19:00:00 - 18/03/2017 20:00:00","BZN|DK1","0.00","n/e"," ","0.01"
"18/03/2017 20:00:00 - 18/03/2017 21:00:00","BZN|DK1","0.00","n/e"," ","0.01"
"18/03/2017 21:00:00 - 18/03/2017 22:00:00","BZN|DK1","0.00","n/e"," ","0.01"
"18/03/2017 22:00:00 - 18/03/2017 23:00:00","BZN|DK1","0.00","n/e"," ","0.00"
"18/03/2017 23:00:00 - 19/03/2017 00:00:00","BZN|DK1","0.00","n/e"," ","0.00"
"19/03/2017 00:00:00 - 19/03/2017 01:00:00","BZN|DK1","0.00","n/e"," ","0.00"
"19/03/2017 01:00:00 - 19/03/2017 02:00:00","BZN|DK1","0.00","n/e"," ","0.00"
"19/03/2017 02:00:00 - 19/03/2017 03:00:00","BZN|DK1","0.00","n/e"," ","0.00"
"19/03/2017 03:00:00 - 19/03/2017 04:00:00","BZN|DK1","0.00","n/e"," ","0.00"
"19/03/2017 04:00:00 - 19/03/2017 05:00:00","BZN|DK1","0.00","n/e"," ","0.01"
"19/03/2017 05:00:00 - 19/03/2017 06:00:00","BZN|DK1","0.00","n/e"," ","0.01"
"19/03/2017 06:00:00 - 19/03/2017 07:00:00","BZN|DK1","1.00","n/e"," ","1.13"
"19/03/2017 07:00:00 - 19/03/2017 08:00:00","BZN|DK1","14.00","n/e"," ","10.99"
"19/03/2017 08:00:00 - 19/03/2017 09:00:00","BZN|DK1","31.00","n/e"," ","30.34"
"19/03/2017 09:00:00 - 19/03/2017 10:00:00","BZN|DK1","46.00","n/e"," ","45.23"
"19/03/2017 10:00:00 - 19/03/2017 11:00:00","BZN|DK1","44.00","n/e"," ","53.04"
"19/03/2017 11:00:00 - 19/03/2017 12:00:00","BZN|DK1","48.00","n/e"," ","63.62"
"19/03/2017 12:00:00 - 19/03/2017 13:00:00","BZN|DK1","44.00","n/e"," ","68.20"
"19/03/2017 13:00:00 - 19/03/2017 14:00:00","BZN|DK1","22.00","n/e"," ","59.68"
"19/03/2017 14:00:00 - 19/03/2017 15:00:00","BZN|DK1","19.00","n/e"," ","44.56"
"19/03/2017 15:00:00 - 19/03/2017 16:00:00","BZN|DK1","15.00","n/e"," ","32.29"
"19/03/2017 16:00:00 - 19/03/2017 17:00:00","BZN|DK1","10.00","n/e"," ","18.30"
"19/03/2017 17:00:00 - 19/03/2017 18:00:00","BZN|DK1","4.00","n/e"," ","4.65"
"19/03/2017 18:00:00 - 19/03/2017 19:00:00","BZN|DK1","0.00","n/e"," ","0.20"
"19/03/2017 19:00:00 - 19/03/2017 20:00:00","BZN|DK1","0.00","n/e"," ","0.01"
"19/03/2017 20:00:00 - 19/03/2017 21:00:00","BZN|DK1","0.00","n/e"," ","0.01"
"19/03/2017 21:00:00 - 19/03/2017 22:00:00","BZN|DK1","0.00","n/e"," ","0.01"
"19/03/2017 22:00:00 - 19/03/2017 23:00:00","BZN|DK1","0.00","n/e"," ","0.00"
"19/03/2017 23:00:00 - 20/03/2017 00:00:00","BZN|DK1","0.00","n/e"," ","0.00"
"20/03/2017 00:00:00 - 20/03/2017 01:00:00","BZN|DK1","0.00","n/e"," ","0.00"
"20/03/2017 01:00:00 - 20/03/2017 02:00:00","BZN|DK1","0.00","n/e"," ","0.00"
"20/03/2017 02:00:00 - 20/03/2017 03:00:00","BZN|DK1","0.00","n/e"," ","0.00"
"20/03/2017 03:00:00 - 20/03/2017 04:00:00","BZN|DK1","0.00","n/e"," ","0.00"
"20/03/2017 04:00:00 - 20/03/2017 05:00:00","BZN|DK1","0.00","n/e"," ","0.01"
"20/03/2017 05:00:00 - 20/03/2017 06:00:00","BZN|DK1","0.00","n/e"," ","0.01"
"20/03/2017 06:00:00 - 20/03/2017 07:00:00","BZN|DK1","3.00","n/e"," ","1.57"
"20/03/2017 07:00:00 - 20/03/2017 08:00:00","BZN|DK1","30.00","n/e"," ","19.71"
"20/03/2017 08:00:00 - 20/03/2017 09:00:00","BZN|DK1","62.00","n/e"," ","52.57"
"20/03/2017 09:00:00 - 20/03/2017 10:00:00","BZN|DK1","82.00","n/e"," ","92.97"
"20/03/2017 10:00:00 - 20/03/2017 11:00:00","BZN|DK1","111.00","n/e"," ","116.56"
"20/03/2017 11:00:00 - 20/03/2017 12:00:00","BZN|DK1","117.00","n/e"," ","129.89"
"20/03/2017 12:00:00 - 20/03/2017 13:00:00","BZN|DK1","115.00","n/e"," ","129.25"
"20/03/2017 13:00:00 - 20/03/2017 14:00:00","BZN|DK1","64.00","n/e"," ","105.20"
"20/03/2017 14:00:00 - 20/03/2017 15:00:00","BZN|DK1","45.00","n/e"," ","56.64"
"20/03/2017 15:00:00 - 20/03/2017 16:00:00","BZN|DK1","25.00","n/e"," ","25.53"
"20/03/2017 16:00:00 - 20/03/2017 17:00:00","BZN|DK1","10.00","n/e"," ","10.75"
"20/03/2017 17:00:00 - 20/03/2017 18:00:00","BZN|DK1","4.00","n/e"," ","3.11"
"20/03/2017 18:00:00 - 20/03/2017 19:00:00","BZN|DK1","0.00","n/e"," ","0.14"
"20/03/2017 19:00:00 - 20/03/2017 20:00:00","BZN|DK1","0.00","n/e"," ","0.01"
"20/03/2017 20:00:00 - 20/03/2017 21:00:00","BZN|DK1","0.00","n/e"," ","0.01"
"20/03/2017 21:00:00 - 20/03/2017 22:00:00","BZN|DK1","0.00","n/e"," ","0.01"
"20/03/2017 22:00:00 - 20/03/2017 23:00:00","BZN|DK1","0.00","n/e"," ","0.00"
"20/03/2017 23:00:00 - 21/03/2017 00:00:00","BZN|DK1","0.00","n/e"," ","0.00"
"21/03/2017 00:00:00 - 21/03/2017 01:00:00","BZN|DK1","0.00","n/e"," ","0.00"
"21/03/2017 01:00:00 - 21/03/2017 02:00:00","BZN|DK1","0.00","n/e"," ","0.00"
"21/03/2017 02:00:00 - 21/03/2017 03:00:00","BZN|DK1","0.00","n/e"," ","0.00"
"21/03/2017 03:00:00 - 21/03/2017 04:00:00","BZN|DK1","0.00","n/e"," ","0.00"
"21/03/2017 04:00:00 - 21/03/2017 05:00:00","BZN|DK1","0.00","n/e"," ","0.01"
"21/03/2017 05:00:00 - 21/03/2017 06:00:00","BZN|DK1","0.00","n/e"," ","0.01"
"21/03/2017 06:00:00 - 21/03/2017 07:00:00","BZN|DK1","4.00","n/e"," ","3.65"
"21/03/2017 07:00:00 - 21/03/2017 08:00:00","BZN|DK1","40.00","n/e"," ","44.98"
"21/03/2017 08:00:00 - 21/03/2017 09:00:00","BZN|DK1","97.00","n/e"," ","110.03"
"21/03/2017 09:00:00 - 21/03/2017 10:00:00","BZN|DK1","150.00","n/e"," ","151.81"
"21/03/2017 10:00:00 - 21/03/2017 11:00:00","BZN|DK1","194.00","n/e"," ","182.54"
"21/03/2017 11:00:00 - 21/03/2017 12:00:00","BZN|DK1","226.00","n/e"," ","195.94"
"21/03/2017 12:00:00 - 21/03/2017 13:00:00","BZN|DK1","234.00","n/e"," ","201.79"
"21/03/2017 13:00:00 - 21/03/2017 14:00:00","BZN|DK1","234.00","n/e"," ","199.29"
"21/03/2017 14:00:00 - 21/03/2017 15:00:00","BZN|DK1","221.00","n/e"," ","195.56"
"21/03/2017 15:00:00 - 21/03/2017 16:00:00","BZN|DK1","181.00","n/e"," ","174.92"
"21/03/2017 16:00:00 - 21/03/2017 17:00:00","BZN|DK1","100.00","n/e"," ","120.88"
"21/03/2017 17:00:00 - 21/03/2017 18:00:00","BZN|DK1","39.00","n/e"," ","43.47"
"21/03/2017 18:00:00 - 21/03/2017 19:00:00","BZN|DK1","3.00","n/e"," ","3.69"
"21/03/2017 19:00:00 - 21/03/2017 20:00:00","BZN|DK1","0.00","n/e"," ","0.01"
"21/03/2017 20:00:00 - 21/03/2017 21:00:00","BZN|DK1","0.00","n/e"," ","0.01"
"21/03/2017 21:00:00 - 21/03/2017 22:00:00","BZN|DK1","0.00","n/e"," ","0.01"
"21/03/2017 22:00:00 - 21/03/2017 23:00:00","BZN|DK1","0.00","n/e"," ","0.00"
"21/03/2017 23:00:00 - 22/03/2017 00:00:00","BZN|DK1","0.00","n/e"," ","0.00"
"22/03/2017 00:00:00 - 22/03/2017 01:00:00","BZN|DK1","0.00","n/e"," ","0.00"
"22/03/2017 01:00:00 - 22/03/2017 02:00:00","BZN|DK1","0.00","n/e"," ","0.00"
"22/03/2017 02:00:00 - 22/03/2017 03:00:00","BZN|DK1","0.00","n/e"," ","0.00"
"22/03/2017 03:00:00 - 22/03/2017 04:00:00","BZN|DK1","0.00","n/e"," ","0.00"
"22/03/2017 04:00:00 - 22/03/2017 05:00:00","BZN|DK1","0.00","n/e"," ","0.01"
"22/03/2017 05:00:00 - 22/03/2017 06:00:00","BZN|DK1","0.00","n/e"," ","0.01"
"22/03/2017 06:00:00 - 22/03/2017 07:00:00","BZN|DK1","6.00","n/e"," ","4.54"
"22/03/2017 07:00:00 - 22/03/2017 08:00:00","BZN|DK1","53.00","n/e"," ","52.32"
"22/03/2017 08:00:00 - 22/03/2017 09:00:00","BZN|DK1","126.00","n/e"," ","131.82"
"22/03/2017 09:00:00 - 22/03/2017 10:00:00","BZN|DK1","186.00","n/e"," ","219.35"
"22/03/2017 10:00:00 - 22/03/2017 11:00:00","BZN|DK1","242.00","n/e"," ","284.19"
"22/03/2017 11:00:00 - 22/03/2017 12:00:00","BZN|DK1","274.00","n/e"," ","307.38"
"22/03/2017 12:00:00 - 22/03/2017 13:00:00","BZN|DK1","284.00","n/e"," ","285.42"
"22/03/2017 13:00:00 - 22/03/2017 14:00:00","BZN|DK1","249.00","n/e"," ","266.37"
"22/03/2017 14:00:00 - 22/03/2017 15:00:00","BZN|DK1","230.00","n/e"," ","259.72"
"22/03/2017 15:00:00 - 22/03/2017 16:00:00","BZN|DK1","195.00","n/e"," ","207.42"
"22/03/2017 16:00:00 - 22/03/2017 17:00:00","BZN|DK1","120.00","n/e"," ","138.12"
"22/03/2017 17:00:00 - 22/03/2017 18:00:00","BZN|DK1","52.00","n/e"," ","53.96"
"22/03/2017 18:00:00 - 22/03/2017 19:00:00","BZN|DK1","4.00","n/e"," ","4.55"
"22/03/2017 19:00:00 - 22/03/2017 20:00:00","BZN|DK1","0.00","n/e"," ","0.01"
"22/03/2017 20:00:00 - 22/03/2017 21:00:00","BZN|DK1","0.00","n/e"," ","0.01"
"22/03/2017 21:00:00 - 22/03/2017 22:00:00","BZN|DK1","0.00","n/e"," ","0.00"
"22/03/2017 22:00:00 - 22/03/2017 23:00:00","BZN|DK1","0.00","n/e"," ","0.00"
"22/03/2017 23:00:00 - 23/03/2017 00:00:00","BZN|DK1","0.00","n/e"," ","0.00"
"23/03/2017 00:00:00 - 23/03/2017 01:00:00","BZN|DK1","0.00","n/e"," ","0.00"
"23/03/2017 01:00:00 - 23/03/2017 02:00:00","BZN|DK1","0.00","n/e"," ","0.00"
"23/03/2017 02:00:00 - 23/03/2017 03:00:00","BZN|DK1","0.00","n/e"," ","0.00"
"23/03/2017 03:00:00 - 23/03/2017 04:00:00","BZN|DK1","0.00","n/e"," ","0.00"
"23/03/2017 04:00:00 - 23/03/2017 05:00:00","BZN|DK1","0.00","n/e"," ","0.01"
"23/03/2017 05:00:00 - 23/03/2017 06:00:00","BZN|DK1","0.00","n/e"," ","0.01"
"23/03/2017 06:00:00 - 23/03/2017 07:00:00","BZN|DK1","7.00","n/e"," ","4.75"
"23/03/2017 07:00:00 - 23/03/2017 08:00:00","BZN|DK1","52.00","n/e"," ","46.53"
"23/03/2017 08:00:00 - 23/03/2017 09:00:00","BZN|DK1","118.00","n/e"," ","123.86"
"23/03/2017 09:00:00 - 23/03/2017 10:00:00","BZN|DK1","173.00","n/e"," ","210.83"
"23/03/2017 10:00:00 - 23/03/2017 11:00:00","BZN|DK1","266.00","n/e"," ","287.99"
"23/03/2017 11:00:00 - 23/03/2017 12:00:00","BZN|DK1","315.00","n/e"," ","331.06"
"23/03/2017 12:00:00 - 23/03/2017 13:00:00","BZN|DK1","349.00","n/e"," ","361.74"
"23/03/2017 13:00:00 - 23/03/2017 14:00:00","BZN|DK1","346.00","n/e"," ","356.61"
"23/03/2017 14:00:00 - 23/03/2017 15:00:00","BZN|DK1","311.00","n/e"," ","326.21"
"23/03/2017 15:00:00 - 23/03/2017 16:00:00","BZN|DK1","246.00","n/e"," ","266.17"
"23/03/2017 16:00:00 - 23/03/2017 17:00:00","BZN|DK1","143.00","n/e"," ","171.28"
"23/03/2017 17:00:00 - 23/03/2017 18:00:00","BZN|DK1","58.00","n/e"," ","68.25"
"23/03/2017 18:00:00 - 23/03/2017 19:00:00","BZN|DK1","7.00","n/e"," ","6.74"
"23/03/2017 19:00:00 - 23/03/2017 20:00:00","BZN|DK1","0.00","n/e"," ","0.01"
"23/03/2017 20:00:00 - 23/03/2017 21:00:00","BZN|DK1","0.00","n/e"," ","0.01"
"23/03/2017 21:00:00 - 23/03/2017 22:00:00","BZN|DK1","0.00","n/e"," ","0.01"
"23/03/2017 22:00:00 - 23/03/2017 23:00:00","BZN|DK1","0.00","n/e"," ","0.00"
"23/03/2017 23:00:00 - 24/03/2017 00:00:00","BZN|DK1","0.00","n/e"," ","0.00"
"24/03/2017 00:00:00 - 24/03/2017 01:00:00","BZN|DK1","0.00","n/e"," ","0.00"
"24/03/2017 01:00:00 - 24/03/2017 02:00:00","BZN|DK1","0.00","n/e"," ","0.00"
"24/03/2017 02:00:00 - 24/03/2017 03:00:00","BZN|DK1","0.00","n/e"," ","0.00"
"24/03/2017 03:00:00 - 24/03/2017 04:00:00","BZN|DK1","0.00","n/e"," ","0.00"
"24/03/2017 04:00:00 - 24/03/2017 05:00:00","BZN|DK1","0.00","n/e"," ","0.00"
"24/03/2017 05:00:00 - 24/03/2017 06:00:00","BZN|DK1","0.00","n/e"," ","0.01"
"24/03/2017 06:00:00 - 24/03/2017 07:00:00","BZN|DK1","8.00","n/e"," ","6.90"
"24/03/2017 07:00:00 - 24/03/2017 08:00:00","BZN|DK1","59.00","n/e"," ","62.70"
"24/03/2017 08:00:00 - 24/03/2017 09:00:00","BZN|DK1","139.00","n/e"," ","147.97"
"24/03/2017 09:00:00 - 24/03/2017 10:00:00","BZN|DK1","204.00","n/e"," ","219.06"
"24/03/2017 10:00:00 - 24/03/2017 11:00:00","BZN|DK1","288.00","n/e"," ","297.28"
"24/03/2017 11:00:00 - 24/03/2017 12:00:00","BZN|DK1","337.00","n/e"," ","378.45"
"24/03/2017 12:00:00 - 24/03/2017 13:00:00","BZN|DK1","365.00","n/e"," ","399.76"
"24/03/2017 13:00:00 - 24/03/2017 14:00:00","BZN|DK1","357.00","n/e"," ","382.18"
"24/03/2017 14:00:00 - 24/03/2017 15:00:00","BZN|DK1","319.00","n/e"," ","314.88"
"24/03/2017 15:00:00 - 24/03/2017 16:00:00","BZN|DK1","250.00","n/e"," ","205.40"
"24/03/2017 16:00:00 - 24/03/2017 17:00:00","BZN|DK1","142.00","n/e"," ","109.56"
"24/03/2017 17:00:00 - 24/03/2017 18:00:00","BZN|DK1","57.00","n/e"," ","43.60"
"24/03/2017 18:00:00 - 24/03/2017 19:00:00","BZN|DK1","7.00","n/e"," ","4.85"
"24/03/2017 19:00:00 - 24/03/2017 20:00:00","BZN|DK1","0.00","n/e"," ","0.01"
"24/03/2017 20:00:00 - 24/03/2017 21:00:00","BZN|DK1","0.00","n/e"," ","0.01"
"24/03/2017 21:00:00 - 24/03/2017 22:00:00","BZN|DK1","0.00","n/e"," ","0.00"
"24/03/2017 22:00:00 - 24/03/2017 23:00:00","BZN|DK1","0.00","n/e"," ","0.00"
"24/03/2017 23:00:00 - 25/03/2017 00:00:00","BZN|DK1","0.00","n/e"," ","0.00"
"25/03/2017 00:00:00 - 25/03/2017 01:00:00","BZN|DK1","0.00","n/e"," ","0.00"
"25/03/2017 01:00:00 - 25/03/2017 02:00:00","BZN|DK1","0.00","n/e"," ","0.00"
"25/03/2017 02:00:00 - 25/03/2017 03:00:00","BZN|DK1","0.00","n/e"," ","0.00"
"25/03/2017 03:00:00 - 25/03/2017 04:00:00","BZN|DK1","0.00","n/e"," ","0.00"
"25/03/2017 04:00:00 - 25/03/2017 05:00:00","BZN|DK1","0.00","n/e"," ","0.01"
"25/03/2017 05:00:00 - 25/03/2017 06:00:00","BZN|DK1","0.00","n/e"," ","0.01"
"25/03/2017 06:00:00 - 25/03/2017 07:00:00","BZN|DK1","5.00","n/e"," ","2.94"
"25/03/2017 07:00:00 - 25/03/2017 08:00:00","BZN|DK1","42.00","n/e"," ","27.15"
"25/03/2017 08:00:00 - 25/03/2017 09:00:00","BZN|DK1","112.00","n/e"," ","71.03"
"25/03/2017 09:00:00 - 25/03/2017 10:00:00","BZN|DK1","181.00","n/e"," ","128.30"
"25/03/2017 10:00:00 - 25/03/2017 11:00:00","BZN|DK1","276.00","n/e"," ","205.38"
"25/03/2017 11:00:00 - 25/03/2017 12:00:00","BZN|DK1","323.00","n/e"," ","285.50"
"25/03/2017 12:00:00 - 25/03/2017 13:00:00","BZN|DK1","350.00","n/e"," ","322.01"
"25/03/2017 13:00:00 - 25/03/2017 14:00:00","BZN|DK1","325.00","n/e"," ","326.47"
"25/03/2017 14:00:00 - 25/03/2017 15:00:00","BZN|DK1","280.00","n/e"," ","267.53"
"25/03/2017 15:00:00 - 25/03/2017 16:00:00","BZN|DK1","214.00","n/e"," ","171.35"
"25/03/2017 16:00:00 - 25/03/2017 17:00:00","BZN|DK1","117.00","n/e"," ","85.81"
"25/03/2017 17:00:00 - 25/03/2017 18:00:00","BZN|DK1","50.00","n/e"," ","30.60"
"25/03/2017 18:00:00 - 25/03/2017 19:00:00","BZN|DK1","6.00","n/e"," ","3.89"
"25/03/2017 19:00:00 - 25/03/2017 20:00:00","BZN|DK1","0.00","n/e"," ","0.02"
"25/03/2017 20:00:00 - 25/03/2017 21:00:00","BZN|DK1","0.00","n/e"," ","0.01"
"25/03/2017 21:00:00 - 25/03/2017 22:00:00","BZN|DK1","0.00","n/e"," ","0.00"
"25/03/2017 22:00:00 - 25/03/2017 23:00:00","BZN|DK1","0.00","n/e"," ","0.00"
"25/03/2017 23:00:00 - 26/03/2017 00:00:00","BZN|DK1","0.00","n/e"," ","0.00"
"26/03/2017 00:00:00 - 26/03/2017 01:00:00 (CET)","BZN|DK1","0.00","n/e"," ","0.00"
"26/03/2017 01:00:00 (CET) - 26/03/2017 03:00:00 (CEST)","BZN|DK1","0.00","n/e"," ","0.00"
"26/03/2017 03:00:00 (CEST) - 26/03/2017 04:00:00","BZN|DK1","0.00","n/e"," ","0.00"
"26/03/2017 04:00:00 - 26/03/2017 05:00:00","BZN|DK1","0.00","n/e"," ","0.01"
"26/03/2017 05:00:00 - 26/03/2017 06:00:00","BZN|DK1","0.00","n/e"," ","0.01"
"26/03/2017 06:00:00 - 26/03/2017 07:00:00","BZN|DK1","0.00","n/e"," ","0.01"
"26/03/2017 07:00:00 - 26/03/2017 08:00:00","BZN|DK1","6.00","n/e"," ","3.84"
"26/03/2017 08:00:00 - 26/03/2017 09:00:00","BZN|DK1","41.00","n/e"," ","26.33"
"26/03/2017 09:00:00 - 26/03/2017 10:00:00","BZN|DK1","97.00","n/e"," ","62.24"
"26/03/2017 10:00:00 - 26/03/2017 11:00:00","BZN|DK1","149.00","n/e"," ","115.60"
"26/03/2017 11:00:00 - 26/03/2017 12:00:00","BZN|DK1","198.00","n/e"," ","181.86"
"26/03/2017 12:00:00 - 26/03/2017 13:00:00","BZN|DK1","216.00","n/e"," ","239.19"
"26/03/2017 13:00:00 - 26/03/2017 14:00:00","BZN|DK1","268.00","n/e"," ","271.27"
"26/03/2017 14:00:00 - 26/03/2017 15:00:00","BZN|DK1","286.00","n/e"," ","274.38"
"26/03/2017 15:00:00 - 26/03/2017 16:00:00","BZN|DK1","262.00","n/e"," ","247.87"
"26/03/2017 16:00:00 - 26/03/2017 17:00:00","BZN|DK1","211.00","n/e"," ","194.82"
"26/03/2017 17:00:00 - 26/03/2017 18:00:00","BZN|DK1","135.00","n/e"," ","120.11"
"26/03/2017 18:00:00 - 26/03/2017 19:00:00","BZN|DK1","61.00","n/e"," ","46.61"
"26/03/2017 19:00:00 - 26/03/2017 20:00:00","BZN|DK1","9.00","n/e"," ","4.63"
"26/03/2017 20:00:00 - 26/03/2017 21:00:00","BZN|DK1","0.00","n/e"," ","0.01"
"26/03/2017 21:00:00 - 26/03/2017 22:00:00","BZN|DK1","0.00","n/e"," ","0.01"
"26/03/2017 22:00:00 - 26/03/2017 23:00:00","BZN|DK1","0.00","n/e"," ","0.01"
"26/03/2017 23:00:00 - 27/03/2017 00:00:00","BZN|DK1","0.00","n/e"," ","0.00"
"27/03/2017 00:00:00 - 27/03/2017 01:00:00","BZN|DK1","0.00","n/e"," ","0.00"
"27/03/2017 01:00:00 - 27/03/2017 02:00:00","BZN|DK1","0.00","n/e"," ","0.00"
"27/03/2017 02:00:00 - 27/03/2017 03:00:00","BZN|DK1","0.00","n/e"," ","0.00"
"27/03/2017 03:00:00 - 27/03/2017 04:00:00","BZN|DK1","0.00","n/e"," ","0.00"
"27/03/2017 04:00:00 - 27/03/2017 05:00:00","BZN|DK1","0.00","n/e"," ","0.00"
"27/03/2017 05:00:00 - 27/03/2017 06:00:00","BZN|DK1","0.00","n/e"," ","0.01"
"27/03/2017 06:00:00 - 27/03/2017 07:00:00","BZN|DK1","0.00","n/e"," ","0.01"
"27/03/2017 07:00:00 - 27/03/2017 08:00:00","BZN|DK1","4.00","n/e"," ","4.18"
"27/03/2017 08:00:00 - 27/03/2017 09:00:00","BZN|DK1","28.00","n/e"," ","27.69"
"27/03/2017 09:00:00 - 27/03/2017 10:00:00","BZN|DK1","67.00","n/e"," ","66.84"
"27/03/2017 10:00:00 - 27/03/2017 11:00:00","BZN|DK1","119.00","n/e"," ","112.58"
"27/03/2017 11:00:00 - 27/03/2017 12:00:00","BZN|DK1","215.00","n/e"," ","166.47"
"27/03/2017 12:00:00 - 27/03/2017 13:00:00","BZN|DK1","258.00","n/e"," ","245.66"
"27/03/2017 13:00:00 - 27/03/2017 14:00:00","BZN|DK1","308.00","n/e"," ","313.08"
"27/03/2017 14:00:00 - 27/03/2017 15:00:00","BZN|DK1","335.00","n/e"," ","339.08"
"27/03/2017 15:00:00 - 27/03/2017 16:00:00","BZN|DK1","299.00","n/e"," ","316.70"
"27/03/2017 16:00:00 - 27/03/2017 17:00:00","BZN|DK1","232.00","n/e"," ","247.46"
"27/03/2017 17:00:00 - 27/03/2017 18:00:00","BZN|DK1","140.00","n/e"," ","151.56"
"27/03/2017 18:00:00 - 27/03/2017 19:00:00","BZN|DK1","63.00","n/e"," ","60.18"
"27/03/2017 19:00:00 - 27/03/2017 20:00:00","BZN|DK1","10.00","n/e"," ","7.43"
"27/03/2017 20:00:00 - 27/03/2017 21:00:00","BZN|DK1","0.00","n/e"," ","0.02"
"27/03/2017 21:00:00 - 27/03/2017 22:00:00","BZN|DK1","0.00","n/e"," ","0.01"
"27/03/2017 22:00:00 - 27/03/2017 23:00:00","BZN|DK1","0.00","n/e"," ","0.01"
"27/03/2017 23:00:00 - 28/03/2017 00:00:00","BZN|DK1","0.00","n/e"," ","0.00"
"28/03/2017 00:00:00 - 28/03/2017 01:00:00","BZN|DK1","0.00","n/e"," ","0.00"
"28/03/2017 01:00:00 - 28/03/2017 02:00:00","BZN|DK1","0.00","n/e"," ","0.00"
"28/03/2017 02:00:00 - 28/03/2017 03:00:00","BZN|DK1","0.00","n/e"," ","0.00"
"28/03/2017 03:00:00 - 28/03/2017 04:00:00","BZN|DK1","0.00","n/e"," ","0.00"
"28/03/2017 04:00:00 - 28/03/2017 05:00:00","BZN|DK1","0.00","n/e"," ","0.01"
"28/03/2017 05:00:00 - 28/03/2017 06:00:00","BZN|DK1","0.00","n/e"," ","0.01"
"28/03/2017 06:00:00 - 28/03/2017 07:00:00","BZN|DK1","0.00","n/e"," ","0.02"
"28/03/2017 07:00:00 - 28/03/2017 08:00:00","BZN|DK1","6.00","n/e"," ","6.36"
"28/03/2017 08:00:00 - 28/03/2017 09:00:00","BZN|DK1","35.00","n/e"," ","37.34"
"28/03/2017 09:00:00 - 28/03/2017 10:00:00","BZN|DK1","78.00","n/e"," ","82.75"
"28/03/2017 10:00:00 - 28/03/2017 11:00:00","BZN|DK1","130.00","n/e"," ","132.77"
"28/03/2017 11:00:00 - 28/03/2017 12:00:00","BZN|DK1","209.00","n/e"," ","188.91"
"28/03/2017 12:00:00 - 28/03/2017 13:00:00","BZN|DK1","245.00","n/e"," ","260.17"
"28/03/2017 13:00:00 - 28/03/2017 14:00:00","BZN|DK1","291.00","n/e"," ","287.52"
"28/03/2017 14:00:00 - 28/03/2017 15:00:00","BZN|DK1","316.00","n/e"," ","283.82"
"28/03/2017 15:00:00 - 28/03/2017 16:00:00","BZN|DK1","274.00","n/e"," ","250.76"
"28/03/2017 16:00:00 - 28/03/2017 17:00:00","BZN|DK1","208.00","n/e"," ","195.56"
"28/03/2017 17:00:00 - 28/03/2017 18:00:00","BZN|DK1","121.00","n/e"," ","122.35"
"28/03/2017 18:00:00 - 28/03/2017 19:00:00","BZN|DK1","56.00","n/e"," ","50.08"
"28/03/2017 19:00:00 - 28/03/2017 20:00:00","BZN|DK1","9.00","n/e"," ","8.44"
"28/03/2017 20:00:00 - 28/03/2017 21:00:00","BZN|DK1","0.00","n/e"," ","0.02"
"28/03/2017 21:00:00 - 28/03/2017 22:00:00","BZN|DK1","0.00","n/e"," ","0.01"
"28/03/2017 22:00:00 - 28/03/2017 23:00:00","BZN|DK1","0.00","n/e"," ","0.01"
"28/03/2017 23:00:00 - 29/03/2017 00:00:00","BZN|DK1","0.00","n/e"," ","0.00"
"29/03/2017 00:00:00 - 29/03/2017 01:00:00","BZN|DK1","0.00","n/e"," ","0.00"
"29/03/2017 01:00:00 - 29/03/2017 02:00:00","BZN|DK1","0.00","n/e"," ","0.00"
"29/03/2017 02:00:00 - 29/03/2017 03:00:00","BZN|DK1","0.00","n/e"," ","0.00"
"29/03/2017 03:00:00 - 29/03/2017 04:00:00","BZN|DK1","0.00","n/e"," ","0.00"
"29/03/2017 04:00:00 - 29/03/2017 05:00:00","BZN|DK1","0.00","n/e"," ","0.00"
"29/03/2017 05:00:00 - 29/03/2017 06:00:00","BZN|DK1","0.00","n/e"," ","0.01"
"29/03/2017 06:00:00 - 29/03/2017 07:00:00","BZN|DK1","0.00","n/e"," ","0.01"
"29/03/2017 07:00:00 - 29/03/2017 08:00:00","BZN|DK1","2.00","n/e"," ","0.44"
"29/03/2017 08:00:00 - 29/03/2017 09:00:00","BZN|DK1","9.00","n/e"," ","4.91"
"29/03/2017 09:00:00 - 29/03/2017 10:00:00","BZN|DK1","21.00","n/e"," ","14.04"
"29/03/2017 10:00:00 - 29/03/2017 11:00:00","BZN|DK1","42.00","n/e"," ","29.85"
"29/03/2017 11:00:00 - 29/03/2017 12:00:00","BZN|DK1","72.00","n/e"," ","52.08"
"29/03/2017 12:00:00 - 29/03/2017 13:00:00","BZN|DK1","91.00","n/e"," ","68.84"
"29/03/2017 13:00:00 - 29/03/2017 14:00:00","BZN|DK1","103.00","n/e"," ","80.44"
"29/03/2017 14:00:00 - 29/03/2017 15:00:00","BZN|DK1","114.00","n/e"," ","79.57"
"29/03/2017 15:00:00 - 29/03/2017 16:00:00","BZN|DK1","111.00","n/e"," ","77.48"
"29/03/2017 16:00:00 - 29/03/2017 17:00:00","BZN|DK1","94.00","n/e"," ","70.33"
"29/03/2017 17:00:00 - 29/03/2017 18:00:00","BZN|DK1","69.00","n/e"," ","50.82"
"29/03/2017 18:00:00 - 29/03/2017 19:00:00","BZN|DK1","33.00","n/e"," ","22.21"
"29/03/2017 19:00:00 - 29/03/2017 20:00:00","BZN|DK1","6.00","n/e"," ","3.20"
"29/03/2017 20:00:00 - 29/03/2017 21:00:00","BZN|DK1","0.00","n/e"," ","0.02"
"29/03/2017 21:00:00 - 29/03/2017 22:00:00","BZN|DK1","0.00","n/e"," ","0.01"
"29/03/2017 22:00:00 - 29/03/2017 23:00:00","BZN|DK1","0.00","n/e"," ","0.01"
"29/03/2017 23:00:00 - 30/03/2017 00:00:00","BZN|DK1","0.00","n/e"," ","0.00"
"30/03/2017 00:00:00 - 30/03/2017 01:00:00","BZN|DK1","0.00","n/e"," ","0.00"
"30/03/2017 01:00:00 - 30/03/2017 02:00:00","BZN|DK1","0.00","n/e"," ","0.00"
"30/03/2017 02:00:00 - 30/03/2017 03:00:00","BZN|DK1","0.00","n/e"," ","0.00"
"30/03/2017 03:00:00 - 30/03/2017 04:00:00","BZN|DK1","0.00","n/e"," ","0.00"
"30/03/2017 04:00:00 - 30/03/2017 05:00:00","BZN|DK1","0.00","n/e"," ","0.00"
"30/03/2017 05:00:00 - 30/03/2017 06:00:00","BZN|DK1","0.00","n/e"," ","0.01"
"30/03/2017 06:00:00 - 30/03/2017 07:00:00","BZN|DK1","0.00","n/e"," ","0.01"
"30/03/2017 07:00:00 - 30/03/2017 08:00:00","BZN|DK1","1.00","n/e"," ","1.01"
"30/03/2017 08:00:00 - 30/03/2017 09:00:00","BZN|DK1","6.00","n/e"," ","8.02"
"30/03/2017 09:00:00 - 30/03/2017 10:00:00","BZN|DK1","12.00","n/e"," ","21.37"
"30/03/2017 10:00:00 - 30/03/2017 11:00:00","BZN|DK1","17.00","n/e"," ","31.38"
"30/03/2017 11:00:00 - 30/03/2017 12:00:00","BZN|DK1","31.00","n/e"," ","50.48"
"30/03/2017 12:00:00 - 30/03/2017 13:00:00","BZN|DK1","43.00","n/e"," ","57.36"
"30/03/2017 13:00:00 - 30/03/2017 14:00:00","BZN|DK1","54.00","n/e"," ","62.57"
"30/03/2017 14:00:00 - 30/03/2017 15:00:00","BZN|DK1","75.00","n/e"," ","79.26"
"30/03/2017 15:00:00 - 30/03/2017 16:00:00","BZN|DK1","64.00","n/e"," ","72.41"
"30/03/2017 16:00:00 - 30/03/2017 17:00:00","BZN|DK1","61.00","n/e"," ","54.78"
"30/03/2017 17:00:00 - 30/03/2017 18:00:00","BZN|DK1","50.00","n/e"," ","45.32"
"30/03/2017 18:00:00 - 30/03/2017 19:00:00","BZN|DK1","28.00","n/e"," ","20.24"
"30/03/2017 19:00:00 - 30/03/2017 20:00:00","BZN|DK1","6.00","n/e"," ","3.39"
"30/03/2017 20:00:00 - 30/03/2017 21:00:00","BZN|DK1","0.00","n/e"," ","0.02"
"30/03/2017 21:00:00 - 30/03/2017 22:00:00","BZN|DK1","0.00","n/e"," ","0.01"
"30/03/2017 22:00:00 - 30/03/2017 23:00:00","BZN|DK1","0.00","n/e"," ","0.01"
"30/03/2017 23:00:00 - 31/03/2017 00:00:00","BZN|DK1","0.00","n/e"," ","0.00"
"31/03/2017 00:00:00 - 31/03/2017 01:00:00","BZN|DK1","0.00","n/e"," ","0.00"
"31/03/2017 01:00:00 - 31/03/2017 02:00:00","BZN|DK1","0.00","n/e"," ","0.00"
"31/03/2017 02:00:00 - 31/03/2017 03:00:00","BZN|DK1","0.00","n/e"," ","0.00"
"31/03/2017 03:00:00 - 31/03/2017 04:00:00","BZN|DK1","0.00","n/e"," ","0.00"
"31/03/2017 04:00:00 - 31/03/2017 05:00:00","BZN|DK1","0.00","n/e"," ","0.01"
"31/03/2017 05:00:00 - 31/03/2017 06:00:00","BZN|DK1","0.00","n/e"," ","0.01"
"31/03/2017 06:00:00 - 31/03/2017 07:00:00","BZN|DK1","0.00","n/e"," ","0.01"
"31/03/2017 07:00:00 - 31/03/2017 08:00:00","BZN|DK1","9.00","n/e"," ","5.60"
"31/03/2017 08:00:00 - 31/03/2017 09:00:00","BZN|DK1","36.00","n/e"," ","32.96"
"31/03/2017 09:00:00 - 31/03/2017 10:00:00","BZN|DK1","74.00","n/e"," ","84.08"
"31/03/2017 10:00:00 - 31/03/2017 11:00:00","BZN|DK1","126.00","n/e"," ","153.77"
"31/03/2017 11:00:00 - 31/03/2017 12:00:00","BZN|DK1","206.00","n/e"," ","212.34"
"31/03/2017 12:00:00 - 31/03/2017 13:00:00","BZN|DK1","248.00","n/e"," ","248.79"
"31/03/2017 13:00:00 - 31/03/2017 14:00:00","BZN|DK1","272.00","n/e"," ","247.93"
"31/03/2017 14:00:00 - 31/03/2017 15:00:00","BZN|DK1","295.00","n/e"," ","274.57"
"31/03/2017 15:00:00 - 31/03/2017 16:00:00","BZN|DK1","265.00","n/e"," ","269.38"
"31/03/2017 16:00:00 - 31/03/2017 17:00:00","BZN|DK1","209.00","n/e"," ","207.47"
"31/03/2017 17:00:00 - 31/03/2017 18:00:00","BZN|DK1","130.00","n/e"," ","128.59"
"31/03/2017 18:00:00 - 31/03/2017 19:00:00","BZN|DK1","61.00","n/e"," ","58.39"
"31/03/2017 19:00:00 - 31/03/2017 20:00:00","BZN|DK1","12.00","n/e"," ","11.96"
"31/03/2017 20:00:00 - 31/03/2017 21:00:00","BZN|DK1","0.00","n/e"," ","0.08"
"31/03/2017 21:00:00 - 31/03/2017 22:00:00","BZN|DK1","0.00","n/e"," ","0.03"
"31/03/2017 22:00:00 - 31/03/2017 23:00:00","BZN|DK1","0.00","n/e"," ","0.03"
"31/03/2017 23:00:00 - 01/04/2017 00:00:00","BZN|DK1","0.00","n/e"," ","0.00"
"01/04/2017 00:00:00 - 01/04/2017 01:00:00","BZN|DK1","0.00","n/e"," ","0.00"
"01/04/2017 01:00:00 - 01/04/2017 02:00:00","BZN|DK1","0.00","n/e"," ","0.00"
"01/04/2017 02:00:00 - 01/04/2017 03:00:00","BZN|DK1","0.00","n/e"," ","0.00"
"01/04/2017 03:00:00 - 01/04/2017 04:00:00","BZN|DK1","0.00","n/e"," ","0.00"
"01/04/2017 04:00:00 - 01/04/2017 05:00:00","BZN|DK1","0.00","n/e"," ","0.03"
"01/04/2017 05:00:00 - 01/04/2017 06:00:00","BZN|DK1","0.00","n/e"," ","0.04"
"01/04/2017 06:00:00 - 01/04/2017 07:00:00","BZN|DK1","0.00","n/e"," ","0.07"
"01/04/2017 07:00:00 - 01/04/2017 08:00:00","BZN|DK1","9.00","n/e"," ","7.12"
"01/04/2017 08:00:00 - 01/04/2017 09:00:00","BZN|DK1","42.00","n/e"," ","44.41"
"01/04/2017 09:00:00 - 01/04/2017 10:00:00","BZN|DK1","102.00","n/e"," ","105.01"
"01/04/2017 10:00:00 - 01/04/2017 11:00:00","BZN|DK1","176.00","n/e"," ","200.88"
"01/04/2017 11:00:00 - 01/04/2017 12:00:00","BZN|DK1","248.00","n/e"," ","277.49"
"01/04/2017 12:00:00 - 01/04/2017 13:00:00","BZN|DK1","280.00","n/e"," ","297.87"
"01/04/2017 13:00:00 - 01/04/2017 14:00:00","BZN|DK1","284.00","n/e"," ","303.24"
"01/04/2017 14:00:00 - 01/04/2017 15:00:00","BZN|DK1","272.00","n/e"," ","284.46"
"01/04/2017 15:00:00 - 01/04/2017 16:00:00","BZN|DK1","236.00","n/e"," ","239.67"
"01/04/2017 16:00:00 - 01/04/2017 17:00:00","BZN|DK1","179.00","n/e"," ","158.07"
"01/04/2017 17:00:00 - 01/04/2017 18:00:00","BZN|DK1","103.00","n/e"," ","97.44"
"01/04/2017 18:00:00 - 01/04/2017 19:00:00","BZN|DK1","41.00","n/e"," ","49.85"
"01/04/2017 19:00:00 - 01/04/2017 20:00:00","BZN|DK1","7.00","n/e"," ","12.45"
"01/04/2017 20:00:00 - 01/04/2017 21:00:00","BZN|DK1","0.00","n/e"," ","0.14"
"01/04/2017 21:00:00 - 01/04/2017 22:00:00","BZN|DK1","0.00","n/e"," ","0.03"
"01/04/2017 22:00:00 - 01/04/2017 23:00:00","BZN|DK1","0.00","n/e"," ","0.05"
"01/04/2017 23:00:00 - 02/04/2017 00:00:00","BZN|DK1","0.00","n/e"," ","0.00"
"02/04/2017 00:00:00 - 02/04/2017 01:00:00","BZN|DK1","0.00","n/e"," ","0.00"
"02/04/2017 01:00:00 - 02/04/2017 02:00:00","BZN|DK1","0.00","n/e"," ","0.00"
"02/04/2017 02:00:00 - 02/04/2017 03:00:00","BZN|DK1","0.00","n/e"," ","0.00"
"02/04/2017 03:00:00 - 02/04/2017 04:00:00","BZN|DK1","0.00","n/e"," ","0.00"
"02/04/2017 04:00:00 - 02/04/2017 05:00:00","BZN|DK1","0.00","n/e"," ","0.03"
"02/04/2017 05:00:00 - 02/04/2017 06:00:00","BZN|DK1","0.00","n/e"," ","0.05"
"02/04/2017 06:00:00 - 02/04/2017 07:00:00","BZN|DK1","0.00","n/e"," ","0.07"
"02/04/2017 07:00:00 - 02/04/2017 08:00:00","BZN|DK1","9.00","n/e"," ","6.70"
"02/04/2017 08:00:00 - 02/04/2017 09:00:00","BZN|DK1","41.00","n/e"," ","46.76"
"02/04/2017 09:00:00 - 02/04/2017 10:00:00","BZN|DK1","98.00","n/e"," ","104.49"
"02/04/2017 10:00:00 - 02/04/2017 11:00:00","BZN|DK1","157.00","n/e"," ","150.35"
"02/04/2017 11:00:00 - 02/04/2017 12:00:00","BZN|DK1","212.00","n/e"," ","213.30"
"02/04/2017 12:00:00 - 02/04/2017 13:00:00","BZN|DK1","232.00","n/e"," ","241.35"
"02/04/2017 13:00:00 - 02/04/2017 14:00:00","BZN|DK1","228.00","n/e"," ","214.10"
"02/04/2017 14:00:00 - 02/04/2017 15:00:00","BZN|DK1","210.00","n/e"," ","191.31"
"02/04/2017 15:00:00 - 02/04/2017 16:00:00","BZN|DK1","188.00","n/e"," ","147.09"
"02/04/2017 16:00:00 - 02/04/2017 17:00:00","BZN|DK1","162.00","n/e"," ","103.09"
"02/04/2017 17:00:00 - 02/04/2017 18:00:00","BZN|DK1","104.00","n/e"," ","70.63"
"02/04/2017 18:00:00 - 02/04/2017 19:00:00","BZN|DK1","49.00","n/e"," ","25.83"
"02/04/2017 19:00:00 - 02/04/2017 20:00:00","BZN|DK1","10.00","n/e"," ","3.88"
"02/04/2017 20:00:00 - 02/04/2017 21:00:00","BZN|DK1","0.00","n/e"," ","0.08"
"02/04/2017 21:00:00 - 02/04/2017 22:00:00","BZN|DK1","0.00","n/e"," ","0.03"
"02/04/2017 22:00:00 - 02/04/2017 23:00:00","BZN|DK1","0.00","n/e"," ","0.04"
"02/04/2017 23:00:00 - 03/04/2017 00:00:00","BZN|DK1","0.00","n/e"," ","0.00"
"03/04/2017 00:00:00 - 03/04/2017 01:00:00","BZN|DK1","0.00","n/e"," ","0.00"
"03/04/2017 01:00:00 - 03/04/2017 02:00:00","BZN|DK1","0.00","n/e"," ","0.00"
"03/04/2017 02:00:00 - 03/04/2017 03:00:00","BZN|DK1","0.00","n/e"," ","0.00"
"03/04/2017 03:00:00 - 03/04/2017 04:00:00","BZN|DK1","0.00","n/e"," ","0.00"
"03/04/2017 04:00:00 - 03/04/2017 05:00:00","BZN|DK1","0.00","n/e"," ","0.03"
"03/04/2017 05:00:00 - 03/04/2017 06:00:00","BZN|DK1","0.00","n/e"," ","0.03"
"03/04/2017 06:00:00 - 03/04/2017 07:00:00","BZN|DK1","1.00","n/e"," ","0.31"
"03/04/2017 07:00:00 - 03/04/2017 08:00:00","BZN|DK1","18.00","n/e"," ","16.60"
"03/04/2017 08:00:00 - 03/04/2017 09:00:00","BZN|DK1","71.00","n/e"," ","69.13"
"03/04/2017 09:00:00 - 03/04/2017 10:00:00","BZN|DK1","149.00","n/e"," ","157.91"
"03/04/2017 10:00:00 - 03/04/2017 11:00:00","BZN|DK1","227.00","n/e"," ","242.67"
"03/04/2017 11:00:00 - 03/04/2017 12:00:00","BZN|DK1","312.00","n/e"," ","281.45"
"03/04/2017 12:00:00 - 03/04/2017 13:00:00","BZN|DK1","348.00","n/e"," ","292.50"
"03/04/2017 13:00:00 - 03/04/2017 14:00:00","BZN|DK1","362.00","n/e"," ","299.00"
"03/04/2017 14:00:00 - 03/04/2017 15:00:00","BZN|DK1","349.00","n/e"," ","293.24"
"03/04/2017 15:00:00 - 03/04/2017 16:00:00","BZN|DK1","318.00","n/e"," ","276.87"
"03/04/2017 16:00:00 - 03/04/2017 17:00:00","BZN|DK1","253.00","n/e"," ","230.34"
"03/04/2017 17:00:00 - 03/04/2017 18:00:00","BZN|DK1","148.00","n/e"," ","153.71"
"03/04/2017 18:00:00 - 03/04/2017 19:00:00","BZN|DK1","72.00","n/e"," ","75.61"
"03/04/2017 19:00:00 - 03/04/2017 20:00:00","BZN|DK1","14.00","n/e"," ","14.73"
"03/04/2017 20:00:00 - 03/04/2017 21:00:00","BZN|DK1","1.00","n/e"," ","0.13"
"03/04/2017 21:00:00 - 03/04/2017 22:00:00","BZN|DK1","0.00","n/e"," ","0.03"
"03/04/2017 22:00:00 - 03/04/2017 23:00:00","BZN|DK1","0.00","n/e"," ","0.03"
"03/04/2017 23:00:00 - 04/04/2017 00:00:00","BZN|DK1","0.00","n/e"," ","0.00"
"04/04/2017 00:00:00 - 04/04/2017 01:00:00","BZN|DK1","0.00","n/e"," ","0.00"
"04/04/2017 01:00:00 - 04/04/2017 02:00:00","BZN|DK1","0.00","n/e"," ","0.00"
"04/04/2017 02:00:00 - 04/04/2017 03:00:00","BZN|DK1","0.00","n/e"," ","0.00"
"04/04/2017 03:00:00 - 04/04/2017 04:00:00","BZN|DK1","0.00","n/e"," ","0.00"
"04/04/2017 04:00:00 - 04/04/2017 05:00:00","BZN|DK1","0.00","n/e"," ","0.03"
"04/04/2017 05:00:00 - 04/04/2017 06:00:00","BZN|DK1","0.00","n/e"," ","0.03"
"04/04/2017 06:00:00 - 04/04/2017 07:00:00","BZN|DK1","1.00","n/e"," ","0.34"
"04/04/2017 07:00:00 - 04/04/2017 08:00:00","BZN|DK1","22.00","n/e"," ","18.43"
"04/04/2017 08:00:00 - 04/04/2017 09:00:00","BZN|DK1","85.00","n/e"," ","81.87"
"04/04/2017 09:00:00 - 04/04/2017 10:00:00","BZN|DK1","165.00","n/e"," ","180.77"
"04/04/2017 10:00:00 - 04/04/2017 11:00:00","BZN|DK1","231.00","n/e"," ","276.15"
"04/04/2017 11:00:00 - 04/04/2017 12:00:00","BZN|DK1","298.00","n/e"," ","349.72"
"04/04/2017 12:00:00 - 04/04/2017 13:00:00","BZN|DK1","332.00","n/e"," ","375.22"
"04/04/2017 13:00:00 - 04/04/2017 14:00:00","BZN|DK1","347.00","n/e"," ","360.32"
"04/04/2017 14:00:00 - 04/04/2017 15:00:00","BZN|DK1","298.00","n/e"," ","327.16"
"04/04/2017 15:00:00 - 04/04/2017 16:00:00","BZN|DK1","263.00","n/e"," ","287.24"
"04/04/2017 16:00:00 - 04/04/2017 17:00:00","BZN|DK1","212.00","n/e"," ","237.48"
"04/04/2017 17:00:00 - 04/04/2017 18:00:00","BZN|DK1","122.00","n/e"," ","143.88"
"04/04/2017 18:00:00 - 04/04/2017 19:00:00","BZN|DK1","53.00","n/e"," ","67.23"
"04/04/2017 19:00:00 - 04/04/2017 20:00:00","BZN|DK1","10.00","n/e"," ","11.38"
"04/04/2017 20:00:00 - 04/04/2017 21:00:00","BZN|DK1","0.00","n/e"," ","0.11"
"04/04/2017 21:00:00 - 04/04/2017 22:00:00","BZN|DK1","0.00","n/e"," ","0.04"
"04/04/2017 22:00:00 - 04/04/2017 23:00:00","BZN|DK1","0.00","n/e"," ","0.03"
"04/04/2017 23:00:00 - 05/04/2017 00:00:00","BZN|DK1","0.00","n/e"," ","0.00"
"05/04/2017 00:00:00 - 05/04/2017 01:00:00","BZN|DK1","0.00","n/e"," ","0.00"
"05/04/2017 01:00:00 - 05/04/2017 02:00:00","BZN|DK1","0.00","n/e"," ","0.00"
"05/04/2017 02:00:00 - 05/04/2017 03:00:00","BZN|DK1","0.00","n/e"," ","0.00"
"05/04/2017 03:00:00 - 05/04/2017 04:00:00","BZN|DK1","0.00","n/e"," ","0.00"
"05/04/2017 04:00:00 - 05/04/2017 05:00:00","BZN|DK1","0.00","n/e"," ","0.02"
"05/04/2017 05:00:00 - 05/04/2017 06:00:00","BZN|DK1","0.00","n/e"," ","0.04"
"05/04/2017 06:00:00 - 05/04/2017 07:00:00","BZN|DK1","1.00","n/e"," ","0.15"
"05/04/2017 07:00:00 - 05/04/2017 08:00:00","BZN|DK1","13.00","n/e"," ","9.88"
"05/04/2017 08:00:00 - 05/04/2017 09:00:00","BZN|DK1","50.00","n/e"," ","42.08"
"05/04/2017 09:00:00 - 05/04/2017 10:00:00","BZN|DK1","109.00","n/e"," ","96.72"
"05/04/2017 10:00:00 - 05/04/2017 11:00:00","BZN|DK1","169.00","n/e"," ","173.82"
"05/04/2017 11:00:00 - 05/04/2017 12:00:00","BZN|DK1","234.00","n/e"," ","230.29"
"05/04/2017 12:00:00 - 05/04/2017 13:00:00","BZN|DK1","246.00","n/e"," ","288.38"
"05/04/2017 13:00:00 - 05/04/2017 14:00:00","BZN|DK1","226.00","n/e"," ","297.84"
"05/04/2017 14:00:00 - 05/04/2017 15:00:00","BZN|DK1","210.00","n/e"," ","270.39"
"05/04/2017 15:00:00 - 05/04/2017 16:00:00","BZN|DK1","187.00","n/e"," ","221.09"
"05/04/2017 16:00:00 - 05/04/2017 17:00:00","BZN|DK1","144.00","n/e"," ","156.85"
"05/04/2017 17:00:00 - 05/04/2017 18:00:00","BZN|DK1","75.00","n/e"," ","101.76"
"05/04/2017 18:00:00 - 05/04/2017 19:00:00","BZN|DK1","36.00","n/e"," ","58.04"
"05/04/2017 19:00:00 - 05/04/2017 20:00:00","BZN|DK1","10.00","n/e"," ","15.03"
"05/04/2017 20:00:00 - 05/04/2017 21:00:00","BZN|DK1","0.00","n/e"," ","0.28"
"05/04/2017 21:00:00 - 05/04/2017 22:00:00","BZN|DK1","0.00","n/e"," ","0.03"
"05/04/2017 22:00:00 - 05/04/2017 23:00:00","BZN|DK1","0.00","n/e"," ","0.03"
"05/04/2017 23:00:00 - 06/04/2017 00:00:00","BZN|DK1","0.00","n/e"," ","0.00"
"06/04/2017 00:00:00 - 06/04/2017 01:00:00","BZN|DK1","0.00","n/e"," ","0.00"
"06/04/2017 01:00:00 - 06/04/2017 02:00:00","BZN|DK1","0.00","n/e"," ","0.00"
"06/04/2017 02:00:00 - 06/04/2017 03:00:00","BZN|DK1","0.00","n/e"," ","0.00"
"06/04/2017 03:00:00 - 06/04/2017 04:00:00","BZN|DK1","0.00","n/e"," ","0.00"
"06/04/2017 04:00:00 - 06/04/2017 05:00:00","BZN|DK1","0.00","n/e"," ","0.01"
"06/04/2017 05:00:00 - 06/04/2017 06:00:00","BZN|DK1","0.00","n/e"," ","0.03"
"06/04/2017 06:00:00 - 06/04/2017 07:00:00","BZN|DK1","1.00","n/e"," ","0.75"
"06/04/2017 07:00:00 - 06/04/2017 08:00:00","BZN|DK1","24.00","n/e"," ","24.84"
"06/04/2017 08:00:00 - 06/04/2017 09:00:00","BZN|DK1","81.00","n/e"," ","98.58"
"06/04/2017 09:00:00 - 06/04/2017 10:00:00","BZN|DK1","147.00","n/e"," ","166.89"
"06/04/2017 10:00:00 - 06/04/2017 11:00:00","BZN|DK1","197.00","n/e"," ","207.35"
"06/04/2017 11:00:00 - 06/04/2017 12:00:00","BZN|DK1","259.00","n/e"," ","219.88"
"06/04/2017 12:00:00 - 06/04/2017 13:00:00","BZN|DK1","287.00","n/e"," ","204.03"
"06/04/2017 13:00:00 - 06/04/2017 14:00:00","BZN|DK1","263.00","n/e"," ","184.88"
"06/04/2017 14:00:00 - 06/04/2017 15:00:00","BZN|DK1","179.00","n/e"," ","132.94"
"06/04/2017 15:00:00 - 06/04/2017 16:00:00","BZN|DK1","148.00","n/e"," ","101.43"
"06/04/2017 16:00:00 - 06/04/2017 17:00:00","BZN|DK1","120.00","n/e"," ","71.86"
"06/04/2017 17:00:00 - 06/04/2017 18:00:00","BZN|DK1","63.00","n/e"," ","38.68"
"06/04/2017 18:00:00 - 06/04/2017 19:00:00","BZN|DK1","26.00","n/e"," ","17.38"
"06/04/2017 19:00:00 - 06/04/2017 20:00:00","BZN|DK1","6.00","n/e"," ","4.30"
"06/04/2017 20:00:00 - 06/04/2017 21:00:00","BZN|DK1","0.00","n/e"," ","0.11"
"06/04/2017 21:00:00 - 06/04/2017 22:00:00","BZN|DK1","0.00","n/e"," ","0.04"
"06/04/2017 22:00:00 - 06/04/2017 23:00:00","BZN|DK1","0.00","n/e"," ","0.04"
"06/04/2017 23:00:00 - 07/04/2017 00:00:00","BZN|DK1","0.00","n/e"," ","0.00"
"07/04/2017 00:00:00 - 07/04/2017 01:00:00","BZN|DK1","0.00","n/e"," ","0.00"
"07/04/2017 01:00:00 - 07/04/2017 02:00:00","BZN|DK1","0.00","n/e"," ","0.00"
"07/04/2017 02:00:00 - 07/04/2017 03:00:00","BZN|DK1","0.00","n/e"," ","0.00"
"07/04/2017 03:00:00 - 07/04/2017 04:00:00","BZN|DK1","0.00","n/e"," ","0.00"
"07/04/2017 04:00:00 - 07/04/2017 05:00:00","BZN|DK1","0.00","n/e"," ","0.02"
"07/04/2017 05:00:00 - 07/04/2017 06:00:00","BZN|DK1","0.00","n/e"," ","0.05"
"07/04/2017 06:00:00 - 07/04/2017 07:00:00","BZN|DK1","0.00","n/e"," ","0.23"
"07/04/2017 07:00:00 - 07/04/2017 08:00:00","BZN|DK1","6.00","n/e"," ","7.61"
"07/04/2017 08:00:00 - 07/04/2017 09:00:00","BZN|DK1","21.00","n/e"," ","34.41"
"07/04/2017 09:00:00 - 07/04/2017 10:00:00","BZN|DK1","54.00","n/e"," ","78.59"
"07/04/2017 10:00:00 - 07/04/2017 11:00:00","BZN|DK1","101.00","n/e"," ","134.00"
"07/04/2017 11:00:00 - 07/04/2017 12:00:00","BZN|DK1","170.00","n/e"," ","195.17"
"07/04/2017 12:00:00 - 07/04/2017 13:00:00","BZN|DK1","204.00","n/e"," ","260.80"
"07/04/2017 13:00:00 - 07/04/2017 14:00:00","BZN|DK1","235.00","n/e"," ","333.13"
"07/04/2017 14:00:00 - 07/04/2017 15:00:00","BZN|DK1","272.00","n/e"," ","347.27"
"07/04/2017 15:00:00 - 07/04/2017 16:00:00","BZN|DK1","254.00","n/e"," ","314.98"
"07/04/2017 16:00:00 - 07/04/2017 17:00:00","BZN|DK1","209.00","n/e"," ","256.98"
"07/04/2017 17:00:00 - 07/04/2017 18:00:00","BZN|DK1","134.00","n/e"," ","170.73"
"07/04/2017 18:00:00 - 07/04/2017 19:00:00","BZN|DK1","68.00","n/e"," ","81.77"
"07/04/2017 19:00:00 - 07/04/2017 20:00:00","BZN|DK1","17.00","n/e"," ","21.63"
"07/04/2017 20:00:00 - 07/04/2017 21:00:00","BZN|DK1","1.00","n/e"," ","0.40"
"07/04/2017 21:00:00 - 07/04/2017 22:00:00","BZN|DK1","0.00","n/e"," ","0.04"
"07/04/2017 22:00:00 - 07/04/2017 23:00:00","BZN|DK1","0.00","n/e"," ","0.03"
"07/04/2017 23:00:00 - 08/04/2017 00:00:00","BZN|DK1","0.00","n/e"," ","0.00"
"08/04/2017 00:00:00 - 08/04/2017 01:00:00","BZN|DK1","0.00","n/e"," ","0.00"
"08/04/2017 01:00:00 - 08/04/2017 02:00:00","BZN|DK1","0.00","n/e"," ","0.00"
"08/04/2017 02:00:00 - 08/04/2017 03:00:00","BZN|DK1","0.00","n/e"," ","0.00"
"08/04/2017 03:00:00 - 08/04/2017 04:00:00","BZN|DK1","0.00","n/e"," ","0.00"
"08/04/2017 04:00:00 - 08/04/2017 05:00:00","BZN|DK1","0.00","n/e"," ","0.02"
"08/04/2017 05:00:00 - 08/04/2017 06:00:00","BZN|DK1","0.00","n/e"," ","0.05"
"08/04/2017 06:00:00 - 08/04/2017 07:00:00","BZN|DK1","0.00","n/e"," ","0.28"
"08/04/2017 07:00:00 - 08/04/2017 08:00:00","BZN|DK1","9.00","n/e"," ","8.87"
"08/04/2017 08:00:00 - 08/04/2017 09:00:00","BZN|DK1","28.00","n/e"," ","34.50"
"08/04/2017 09:00:00 - 08/04/2017 10:00:00","BZN|DK1","61.00","n/e"," ","77.20"
"08/04/2017 10:00:00 - 08/04/2017 11:00:00","BZN|DK1","115.00","n/e"," ","131.23"
"08/04/2017 11:00:00 - 08/04/2017 12:00:00","BZN|DK1","201.00","n/e"," ","166.90"
"08/04/2017 12:00:00 - 08/04/2017 13:00:00","BZN|DK1","239.00","n/e"," ","166.62"
"08/04/2017 13:00:00 - 08/04/2017 14:00:00","BZN|DK1","249.00","n/e"," ","175.13"
"08/04/2017 14:00:00 - 08/04/2017 15:00:00","BZN|DK1","235.00","n/e"," ","163.94"
"08/04/2017 15:00:00 - 08/04/2017 16:00:00","BZN|DK1","220.00","n/e"," ","143.74"
"08/04/2017 16:00:00 - 08/04/2017 17:00:00","BZN|DK1","178.00","n/e"," ","121.43"
"08/04/2017 17:00:00 - 08/04/2017 18:00:00","BZN|DK1","106.00","n/e"," ","86.16"
"08/04/2017 18:00:00 - 08/04/2017 19:00:00","BZN|DK1","51.00","n/e"," ","54.07"
"08/04/2017 19:00:00 - 08/04/2017 20:00:00","BZN|DK1","13.00","n/e"," ","19.68"
"08/04/2017 20:00:00 - 08/04/2017 21:00:00","BZN|DK1","1.00","n/e"," ","0.72"
"08/04/2017 21:00:00 - 08/04/2017 22:00:00","BZN|DK1","0.00","n/e"," ","0.04"
"08/04/2017 22:00:00 - 08/04/2017 23:00:00","BZN|DK1","0.00","n/e"," ","0.03"
"08/04/2017 23:00:00 - 09/04/2017 00:00:00","BZN|DK1","0.00","n/e"," ","0.00"
"09/04/2017 00:00:00 - 09/04/2017 01:00:00","BZN|DK1","0.00","n/e"," ","0.00"
"09/04/2017 01:00:00 - 09/04/2017 02:00:00","BZN|DK1","0.00","n/e"," ","0.00"
"09/04/2017 02:00:00 - 09/04/2017 03:00:00","BZN|DK1","0.00","n/e"," ","0.00"
"09/04/2017 03:00:00 - 09/04/2017 04:00:00","BZN|DK1","0.00","n/e"," ","0.00"
"09/04/2017 04:00:00 - 09/04/2017 05:00:00","BZN|DK1","0.00","n/e"," ","0.03"
"09/04/2017 05:00:00 - 09/04/2017 06:00:00","BZN|DK1","0.00","n/e"," ","0.04"
"09/04/2017 06:00:00 - 09/04/2017 07:00:00","BZN|DK1","2.00","n/e"," ","0.81"
"09/04/2017 07:00:00 - 09/04/2017 08:00:00","BZN|DK1","30.00","n/e"," ","19.13"
"09/04/2017 08:00:00 - 09/04/2017 09:00:00","BZN|DK1","95.00","n/e"," ","74.20"
"09/04/2017 09:00:00 - 09/04/2017 10:00:00","BZN|DK1","177.00","n/e"," ","168.47"
"09/04/2017 10:00:00 - 09/04/2017 11:00:00","BZN|DK1","256.00","n/e"," ","269.77"
"09/04/2017 11:00:00 - 09/04/2017 12:00:00","BZN|DK1","335.00","n/e"," ","348.86"
"09/04/2017 12:00:00 - 09/04/2017 13:00:00","BZN|DK1","367.00","n/e"," ","400.74"
"09/04/2017 13:00:00 - 09/04/2017 14:00:00","BZN|DK1","388.00","n/e"," ","421.09"
"09/04/2017 14:00:00 - 09/04/2017 15:00:00","BZN|DK1","393.00","n/e"," ","407.81"
"09/04/2017 15:00:00 - 09/04/2017 16:00:00","BZN|DK1","360.00","n/e"," ","366.57"
"09/04/2017 16:00:00 - 09/04/2017 17:00:00","BZN|DK1","288.00","n/e"," ","296.62"
"09/04/2017 17:00:00 - 09/04/2017 18:00:00","BZN|DK1","177.00","n/e"," ","201.44"
"09/04/2017 18:00:00 - 09/04/2017 19:00:00","BZN|DK1","92.00","n/e"," ","98.78"
"09/04/2017 19:00:00 - 09/04/2017 20:00:00","BZN|DK1","23.00","n/e"," ","24.22"
"09/04/2017 20:00:00 - 09/04/2017 21:00:00","BZN|DK1","1.00","n/e"," ","0.60"
"09/04/2017 21:00:00 - 09/04/2017 22:00:00","BZN|DK1","0.00","n/e"," ","0.04"
"09/04/2017 22:00:00 - 09/04/2017 23:00:00","BZN|DK1","0.00","n/e"," ","0.03"
"09/04/2017 23:00:00 - 10/04/2017 00:00:00","BZN|DK1","0.00","n/e"," ","0.00"
"10/04/2017 00:00:00 - 10/04/2017 01:00:00","BZN|DK1","0.00","n/e"," ","0.00"
"10/04/2017 01:00:00 - 10/04/2017 02:00:00","BZN|DK1","0.00","n/e"," ","0.00"
"10/04/2017 02:00:00 - 10/04/2017 03:00:00","BZN|DK1","0.00","n/e"," ","0.00"
"10/04/2017 03:00:00 - 10/04/2017 04:00:00","BZN|DK1","0.00","n/e"," ","0.00"
"10/04/2017 04:00:00 - 10/04/2017 05:00:00","BZN|DK1","0.00","n/e"," ","0.02"
"10/04/2017 05:00:00 - 10/04/2017 06:00:00","BZN|DK1","0.00","n/e"," ","0.04"
"10/04/2017 06:00:00 - 10/04/2017 07:00:00","BZN|DK1","1.00","n/e"," ","0.28"
"10/04/2017 07:00:00 - 10/04/2017 08:00:00","BZN|DK1","14.00","n/e"," ","11.17"
"10/04/2017 08:00:00 - 10/04/2017 09:00:00","BZN|DK1","55.00","n/e"," ","61.32"
"10/04/2017 09:00:00 - 10/04/2017 10:00:00","BZN|DK1","139.00","n/e"," ","118.90"
"10/04/2017 10:00:00 - 10/04/2017 11:00:00","BZN|DK1","221.00","n/e"," ","171.43"
"10/04/2017 11:00:00 - 10/04/2017 12:00:00","BZN|DK1","268.00","n/e"," ","201.68"
"10/04/2017 12:00:00 - 10/04/2017 13:00:00","BZN|DK1","281.00","n/e"," ","203.20"
"10/04/2017 13:00:00 - 10/04/2017 14:00:00","BZN|DK1","277.00","n/e"," ","208.92"
"10/04/2017 14:00:00 - 10/04/2017 15:00:00","BZN|DK1","272.00","n/e"," ","209.23"
"10/04/2017 15:00:00 - 10/04/2017 16:00:00","BZN|DK1","256.00","n/e"," ","205.15"
"10/04/2017 16:00:00 - 10/04/2017 17:00:00","BZN|DK1","216.00","n/e"," ","187.33"
"10/04/2017 17:00:00 - 10/04/2017 18:00:00","BZN|DK1","133.00","n/e"," ","134.99"
"10/04/2017 18:00:00 - 10/04/2017 19:00:00","BZN|DK1","66.00","n/e"," ","70.27"
"10/04/2017 19:00:00 - 10/04/2017 20:00:00","BZN|DK1","17.00","n/e"," ","19.09"
"10/04/2017 20:00:00 - 10/04/2017 21:00:00","BZN|DK1","1.00","n/e"," ","0.74"
"10/04/2017 21:00:00 - 10/04/2017 22:00:00","BZN|DK1","0.00","n/e"," ","0.04"
"10/04/2017 22:00:00 - 10/04/2017 23:00:00","BZN|DK1","0.00","n/e"," ","0.03"
"10/04/2017 23:00:00 - 11/04/2017 00:00:00","BZN|DK1","0.00","n/e"," ","0.00"
"11/04/2017 00:00:00 - 11/04/2017 01:00:00","BZN|DK1","0.00","n/e"," ","0.00"
"11/04/2017 01:00:00 - 11/04/2017 02:00:00","BZN|DK1","0.00","n/e"," ","0.00"
"11/04/2017 02:00:00 - 11/04/2017 03:00:00","BZN|DK1","0.00","n/e"," ","0.00"
"11/04/2017 03:00:00 - 11/04/2017 04:00:00","BZN|DK1","0.00","n/e"," ","0.00"
"11/04/2017 04:00:00 - 11/04/2017 05:00:00","BZN|DK1","0.00","n/e"," ","0.02"
"11/04/2017 05:00:00 - 11/04/2017 06:00:00","BZN|DK1","0.00","n/e"," ","0.04"
"11/04/2017 06:00:00 - 11/04/2017 07:00:00","BZN|DK1","2.00","n/e"," ","1.92"
"11/04/2017 07:00:00 - 11/04/2017 08:00:00","BZN|DK1","30.00","n/e"," ","29.53"
"11/04/2017 08:00:00 - 11/04/2017 09:00:00","BZN|DK1","97.00","n/e"," ","108.49"
"11/04/2017 09:00:00 - 11/04/2017 10:00:00","BZN|DK1","178.00","n/e"," ","199.55"
"11/04/2017 10:00:00 - 11/04/2017 11:00:00","BZN|DK1","246.00","n/e"," ","265.48"
"11/04/2017 11:00:00 - 11/04/2017 12:00:00","BZN|DK1","297.00","n/e"," ","315.80"
"11/04/2017 12:00:00 - 11/04/2017 13:00:00","BZN|DK1","329.00","n/e"," ","341.27"
"11/04/2017 13:00:00 - 11/04/2017 14:00:00","BZN|DK1","339.00","n/e"," ","364.18"
"11/04/2017 14:00:00 - 11/04/2017 15:00:00","BZN|DK1","263.00","n/e"," ","338.49"
"11/04/2017 15:00:00 - 11/04/2017 16:00:00","BZN|DK1","195.00","n/e"," ","236.78"
"11/04/2017 16:00:00 - 11/04/2017 17:00:00","BZN|DK1","149.00","n/e"," ","115.24"
"11/04/2017 17:00:00 - 11/04/2017 18:00:00","BZN|DK1","63.00","n/e"," ","54.13"
"11/04/2017 18:00:00 - 11/04/2017 19:00:00","BZN|DK1","25.00","n/e"," ","23.87"
"11/04/2017 19:00:00 - 11/04/2017 20:00:00","BZN|DK1","7.00","n/e"," ","4.32"
"11/04/2017 20:00:00 - 11/04/2017 21:00:00","BZN|DK1","0.00","n/e"," ","0.11"
"11/04/2017 21:00:00 - 11/04/2017 22:00:00","BZN|DK1","0.00","n/e"," ","0.03"
"11/04/2017 22:00:00 - 11/04/2017 23:00:00","BZN|DK1","0.00","n/e"," ","0.03"
"11/04/2017 23:00:00 - 12/04/2017 00:00:00","BZN|DK1","0.00","n/e"," ","0.00"
"12/04/2017 00:00:00 - 12/04/2017 01:00:00","BZN|DK1","0.00","n/e"," ","0.00"
"12/04/2017 01:00:00 - 12/04/2017 02:00:00","BZN|DK1","0.00","n/e"," ","0.00"
"12/04/2017 02:00:00 - 12/04/2017 03:00:00","BZN|DK1","0.00","n/e"," ","0.00"
"12/04/2017 03:00:00 - 12/04/2017 04:00:00","BZN|DK1","0.00","n/e"," ","0.00"
"12/04/2017 04:00:00 - 12/04/2017 05:00:00","BZN|DK1","0.00","n/e"," ","0.02"
"12/04/2017 05:00:00 - 12/04/2017 06:00:00","BZN|DK1","0.00","n/e"," ","0.06"
"12/04/2017 06:00:00 - 12/04/2017 07:00:00","BZN|DK1","0.00","n/e"," ","0.68"
"12/04/2017 07:00:00 - 12/04/2017 08:00:00","BZN|DK1","4.00","n/e"," ","10.72"
"12/04/2017 08:00:00 - 12/04/2017 09:00:00","BZN|DK1","8.00","n/e"," ","32.63"
"12/04/2017 09:00:00 - 12/04/2017 10:00:00","BZN|DK1","15.00","n/e"," ","55.13"
"12/04/2017 10:00:00 - 12/04/2017 11:00:00","BZN|DK1","38.00","n/e"," ","84.84"
"12/04/2017 11:00:00 - 12/04/2017 12:00:00","BZN|DK1","83.00","n/e"," ","120.77"
"12/04/2017 12:00:00 - 12/04/2017 13:00:00","BZN|DK1","104.00","n/e"," ","158.11"
"12/04/2017 13:00:00 - 12/04/2017 14:00:00","BZN|DK1","113.00","n/e"," ","179.63"
"12/04/2017 14:00:00 - 12/04/2017 15:00:00","BZN|DK1","134.00","n/e"," ","173.47"
"12/04/2017 15:00:00 - 12/04/2017 16:00:00","BZN|DK1","120.00","n/e"," ","164.63"
"12/04/2017 16:00:00 - 12/04/2017 17:00:00","BZN|DK1","106.00","n/e"," ","141.18"
"12/04/2017 17:00:00 - 12/04/2017 18:00:00","BZN|DK1","69.00","n/e"," ","100.43"
"12/04/2017 18:00:00 - 12/04/2017 19:00:00","BZN|DK1","40.00","n/e"," ","57.77"
"12/04/2017 19:00:00 - 12/04/2017 20:00:00","BZN|DK1","13.00","n/e"," ","17.39"
"12/04/2017 20:00:00 - 12/04/2017 21:00:00","BZN|DK1","1.00","n/e"," ","0.70"
"12/04/2017 21:00:00 - 12/04/2017 22:00:00","BZN|DK1","0.00","n/e"," ","0.04"
"12/04/2017 22:00:00 - 12/04/2017 23:00:00","BZN|DK1","0.00","n/e"," ","0.03"
"12/04/2017 23:00:00 - 13/04/2017 00:00:00","BZN|DK1","0.00","n/e"," ","0.00"
"13/04/2017 00:00:00 - 13/04/2017 01:00:00","BZN|DK1","0.00","n/e"," ","0.00"
"13/04/2017 01:00:00 - 13/04/2017 02:00:00","BZN|DK1","0.00","n/e"," ","0.00"
"13/04/2017 02:00:00 - 13/04/2017 03:00:00","BZN|DK1","0.00","n/e"," ","0.00"
"13/04/2017 03:00:00 - 13/04/2017 04:00:00","BZN|DK1","0.00","n/e"," ","0.00"
"13/04/2017 04:00:00 - 13/04/2017 05:00:00","BZN|DK1","0.00","n/e"," ","0.03"
"13/04/2017 05:00:00 - 13/04/2017 06:00:00","BZN|DK1","0.00","n/e"," ","0.06"
"13/04/2017 06:00:00 - 13/04/2017 07:00:00","BZN|DK1","1.00","n/e"," ","1.78"
"13/04/2017 07:00:00 - 13/04/2017 08:00:00","BZN|DK1","17.00","n/e"," ","23.01"
"13/04/2017 08:00:00 - 13/04/2017 09:00:00","BZN|DK1","54.00","n/e"," ","66.45"
"13/04/2017 09:00:00 - 13/04/2017 10:00:00","BZN|DK1","124.00","n/e"," ","118.45"
"13/04/2017 10:00:00 - 13/04/2017 11:00:00","BZN|DK1","199.00","n/e"," ","162.78"
"13/04/2017 11:00:00 - 13/04/2017 12:00:00","BZN|DK1","252.00","n/e"," ","185.05"
"13/04/2017 12:00:00 - 13/04/2017 13:00:00","BZN|DK1","287.00","n/e"," ","199.71"
"13/04/2017 13:00:00 - 13/04/2017 14:00:00","BZN|DK1","301.00","n/e"," ","201.37"
"13/04/2017 14:00:00 - 13/04/2017 15:00:00","BZN|DK1","275.00","n/e"," ","220.70"
"13/04/2017 15:00:00 - 13/04/2017 16:00:00","BZN|DK1","233.00","n/e"," ","175.58"
"13/04/2017 16:00:00 - 13/04/2017 17:00:00","BZN|DK1","188.00","n/e"," ","138.00"
"13/04/2017 17:00:00 - 13/04/2017 18:00:00","BZN|DK1","107.00","n/e"," ","86.52"
"13/04/2017 18:00:00 - 13/04/2017 19:00:00","BZN|DK1","57.00","n/e"," ","44.95"
"13/04/2017 19:00:00 - 13/04/2017 20:00:00","BZN|DK1","18.00","n/e"," ","17.39"
"13/04/2017 20:00:00 - 13/04/2017 21:00:00","BZN|DK1","1.00","n/e"," ","1.25"
"13/04/2017 21:00:00 - 13/04/2017 22:00:00","BZN|DK1","0.00","n/e"," ","0.05"
"13/04/2017 22:00:00 - 13/04/2017 23:00:00","BZN|DK1","0.00","n/e"," ","0.02"
"13/04/2017 23:00:00 - 14/04/2017 00:00:00","BZN|DK1","0.00","n/e"," ","0.00"
"14/04/2017 00:00:00 - 14/04/2017 01:00:00","BZN|DK1","0.00","n/e"," ","0.00"
"14/04/2017 01:00:00 - 14/04/2017 02:00:00","BZN|DK1","0.00","n/e"," ","0.00"
"14/04/2017 02:00:00 - 14/04/2017 03:00:00","BZN|DK1","0.00","n/e"," ","0.00"
"14/04/2017 03:00:00 - 14/04/2017 04:00:00","BZN|DK1","0.00","n/e"," ","0.00"
"14/04/2017 04:00:00 - 14/04/2017 05:00:00","BZN|DK1","0.00","n/e"," ","0.03"
"14/04/2017 05:00:00 - 14/04/2017 06:00:00","BZN|DK1","0.00","n/e"," ","0.04"
"14/04/2017 06:00:00 - 14/04/2017 07:00:00","BZN|DK1","3.00","n/e"," ","4.16"
"14/04/2017 07:00:00 - 14/04/2017 08:00:00","BZN|DK1","31.00","n/e"," ","39.52"
"14/04/2017 08:00:00 - 14/04/2017 09:00:00","BZN|DK1","72.00","n/e"," ","91.19"
"14/04/2017 09:00:00 - 14/04/2017 10:00:00","BZN|DK1","122.00","n/e"," ","129.31"
"14/04/2017 10:00:00 - 14/04/2017 11:00:00","BZN|DK1","175.00","n/e"," ","152.80"
"14/04/2017 11:00:00 - 14/04/2017 12:00:00","BZN|DK1","212.00","n/e"," ","173.74"
"14/04/2017 12:00:00 - 14/04/2017 13:00:00","BZN|DK1","218.00","n/e"," ","195.60"
"14/04/2017 13:00:00 - 14/04/2017 14:00:00","BZN|DK1","212.00","n/e"," ","208.91"
"14/04/2017 14:00:00 - 14/04/2017 15:00:00","BZN|DK1","219.00","n/e"," ","214.29"
"14/04/2017 15:00:00 - 14/04/2017 16:00:00","BZN|DK1","192.00","n/e"," ","208.24"
"14/04/2017 16:00:00 - 14/04/2017 17:00:00","BZN|DK1","158.00","n/e"," ","155.07"
"14/04/2017 17:00:00 - 14/04/2017 18:00:00","BZN|DK1","87.00","n/e"," ","104.37"
"14/04/2017 18:00:00 - 14/04/2017 19:00:00","BZN|DK1","43.00","n/e"," ","54.99"
"14/04/2017 19:00:00 - 14/04/2017 20:00:00","BZN|DK1","13.00","n/e"," ","17.77"
"14/04/2017 20:00:00 - 14/04/2017 21:00:00","BZN|DK1","1.00","n/e"," ","0.77"
"14/04/2017 21:00:00 - 14/04/2017 22:00:00","BZN|DK1","0.00","n/e"," ","0.04"
"14/04/2017 22:00:00 - 14/04/2017 23:00:00","BZN|DK1","0.00","n/e"," ","0.03"
"14/04/2017 23:00:00 - 15/04/2017 00:00:00","BZN|DK1","0.00","n/e"," ","0.00"
"15/04/2017 00:00:00 - 15/04/2017 01:00:00","BZN|DK1","0.00","n/e"," ","0.00"
"15/04/2017 01:00:00 - 15/04/2017 02:00:00","BZN|DK1","0.00","n/e"," ","0.00"
"15/04/2017 02:00:00 - 15/04/2017 03:00:00","BZN|DK1","0.00","n/e"," ","0.00"
"15/04/2017 03:00:00 - 15/04/2017 04:00:00","BZN|DK1","0.00","n/e"," ","0.00"
"15/04/2017 04:00:00 - 15/04/2017 05:00:00","BZN|DK1","0.00","n/e"," ","0.01"
"15/04/2017 05:00:00 - 15/04/2017 06:00:00","BZN|DK1","0.00","n/e"," ","0.06"
"15/04/2017 06:00:00 - 15/04/2017 07:00:00","BZN|DK1","1.00","n/e"," ","0.49"
"15/04/2017 07:00:00 - 15/04/2017 08:00:00","BZN|DK1","5.00","n/e"," ","8.87"
"15/04/2017 08:00:00 - 15/04/2017 09:00:00","BZN|DK1","13.00","n/e"," ","31.40"
"15/04/2017 09:00:00 - 15/04/2017 10:00:00","BZN|DK1","31.00","n/e"," ","58.34"
"15/04/2017 10:00:00 - 15/04/2017 11:00:00","BZN|DK1","64.00","n/e"," ","79.97"
"15/04/2017 11:00:00 - 15/04/2017 12:00:00","BZN|DK1","104.00","n/e"," ","114.69"
"15/04/2017 12:00:00 - 15/04/2017 13:00:00","BZN|DK1","127.00","n/e"," ","139.10"
"15/04/2017 13:00:00 - 15/04/2017 14:00:00","BZN|DK1","131.00","n/e"," ","148.97"
"15/04/2017 14:00:00 - 15/04/2017 15:00:00","BZN|DK1","127.00","n/e"," ","158.53"
"15/04/2017 15:00:00 - 15/04/2017 16:00:00","BZN|DK1","116.00","n/e"," ","155.43"
"15/04/2017 16:00:00 - 15/04/2017 17:00:00","BZN|DK1","94.00","n/e"," ","121.45"
"15/04/2017 17:00:00 - 15/04/2017 18:00:00","BZN|DK1","62.00","n/e"," ","85.14"
"15/04/2017 18:00:00 - 15/04/2017 19:00:00","BZN|DK1","32.00","n/e"," ","55.02"
"15/04/2017 19:00:00 - 15/04/2017 20:00:00","BZN|DK1","12.00","n/e"," ","18.02"
"15/04/2017 20:00:00 - 15/04/2017 21:00:00","BZN|DK1","1.00","n/e"," ","1.14"
"15/04/2017 21:00:00 - 15/04/2017 22:00:00","BZN|DK1","0.00","n/e"," ","0.04"
"15/04/2017 22:00:00 - 15/04/2017 23:00:00","BZN|DK1","0.00","n/e"," ","0.03"
"15/04/2017 23:00:00 - 16/04/2017 00:00:00","BZN|DK1","0.00","n/e"," ","0.00"
"16/04/2017 00:00:00 - 16/04/2017 01:00:00","BZN|DK1","0.00","n/e"," ","0.00"
"16/04/2017 01:00:00 - 16/04/2017 02:00:00","BZN|DK1","0.00","n/e"," ","0.00"
"16/04/2017 02:00:00 - 16/04/2017 03:00:00","BZN|DK1","0.00","n/e"," ","0.00"
"16/04/2017 03:00:00 - 16/04/2017 04:00:00","BZN|DK1","0.00","n/e"," ","0.00"
"16/04/2017 04:00:00 - 16/04/2017 05:00:00","BZN|DK1","0.00","n/e"," ","0.03"
"16/04/2017 05:00:00 - 16/04/2017 06:00:00","BZN|DK1","0.00","n/e"," ","0.04"
"16/04/2017 06:00:00 - 16/04/2017 07:00:00","BZN|DK1","2.00","n/e"," ","1.75"
"16/04/2017 07:00:00 - 16/04/2017 08:00:00","BZN|DK1","21.00","n/e"," ","21.48"
"16/04/2017 08:00:00 - 16/04/2017 09:00:00","BZN|DK1","56.00","n/e"," ","63.63"
"16/04/2017 09:00:00 - 16/04/2017 10:00:00","BZN|DK1","99.00","n/e"," ","109.32"
"16/04/2017 10:00:00 - 16/04/2017 11:00:00","BZN|DK1","140.00","n/e"," ","162.86"
"16/04/2017 11:00:00 - 16/04/2017 12:00:00","BZN|DK1","179.00","n/e"," ","188.50"
"16/04/2017 12:00:00 - 16/04/2017 13:00:00","BZN|DK1","194.00","n/e"," ","182.21"
"16/04/2017 13:00:00 - 16/04/2017 14:00:00","BZN|DK1","195.00","n/e"," ","188.46"
"16/04/2017 14:00:00 - 16/04/2017 15:00:00","BZN|DK1","185.00","n/e"," ","158.52"
"16/04/2017 15:00:00 - 16/04/2017 16:00:00","BZN|DK1","157.00","n/e"," ","135.59"
"16/04/2017 16:00:00 - 16/04/2017 17:00:00","BZN|DK1","127.00","n/e"," ","119.79"
"16/04/2017 17:00:00 - 16/04/2017 18:00:00","BZN|DK1","81.00","n/e"," ","93.43"
"16/04/2017 18:00:00 - 16/04/2017 19:00:00","BZN|DK1","50.00","n/e"," ","52.57"
"16/04/2017 19:00:00 - 16/04/2017 20:00:00","BZN|DK1","19.00","n/e"," ","17.63"
"16/04/2017 20:00:00 - 16/04/2017 21:00:00","BZN|DK1","1.00","n/e"," ","1.75"
"16/04/2017 21:00:00 - 16/04/2017 22:00:00","BZN|DK1","0.00","n/e"," ","0.05"
"16/04/2017 22:00:00 - 16/04/2017 23:00:00","BZN|DK1","0.00","n/e"," ","0.01"
"16/04/2017 23:00:00 - 17/04/2017 00:00:00","BZN|DK1","0.00","n/e"," ","0.00"
"17/04/2017 00:00:00 - 17/04/2017 01:00:00","BZN|DK1","0.00","n/e"," ","0.00"
"17/04/2017 01:00:00 - 17/04/2017 02:00:00","BZN|DK1","0.00","n/e"," ","0.00"
"17/04/2017 02:00:00 - 17/04/2017 03:00:00","BZN|DK1","0.00","n/e"," ","0.00"
"17/04/2017 03:00:00 - 17/04/2017 04:00:00","BZN|DK1","0.00","n/e"," ","0.00"
"17/04/2017 04:00:00 - 17/04/2017 05:00:00","BZN|DK1","0.00","n/e"," ","0.03"
"17/04/2017 05:00:00 - 17/04/2017 06:00:00","BZN|DK1","0.00","n/e"," ","0.05"
"17/04/2017 06:00:00 - 17/04/2017 07:00:00","BZN|DK1","5.00","n/e"," ","3.61"
"17/04/2017 07:00:00 - 17/04/2017 08:00:00","BZN|DK1","33.00","n/e"," ","34.18"
"17/04/2017 08:00:00 - 17/04/2017 09:00:00","BZN|DK1","76.00","n/e"," ","96.18"
"17/04/2017 09:00:00 - 17/04/2017 10:00:00","BZN|DK1","131.00","n/e"," ","149.65"
"17/04/2017 10:00:00 - 17/04/2017 11:00:00","BZN|DK1","188.00","n/e"," ","157.32"
"17/04/2017 11:00:00 - 17/04/2017 12:00:00","BZN|DK1","229.00","n/e"," ","174.57"
"17/04/2017 12:00:00 - 17/04/2017 13:00:00","BZN|DK1","238.00","n/e"," ","188.76"
"17/04/2017 13:00:00 - 17/04/2017 14:00:00","BZN|DK1","215.00","n/e"," ","208.19"
"17/04/2017 14:00:00 - 17/04/2017 15:00:00","BZN|DK1","190.00","n/e"," ","202.65"
"17/04/2017 15:00:00 - 17/04/2017 16:00:00","BZN|DK1","176.00","n/e"," ","172.59"
"17/04/2017 16:00:00 - 17/04/2017 17:00:00","BZN|DK1","145.00","n/e"," ","153.44"
"17/04/2017 17:00:00 - 17/04/2017 18:00:00","BZN|DK1","79.00","n/e"," ","95.45"
"17/04/2017 18:00:00 - 17/04/2017 19:00:00","BZN|DK1","42.00","n/e"," ","51.01"
"17/04/2017 19:00:00 - 17/04/2017 20:00:00","BZN|DK1","14.00","n/e"," ","13.69"
"17/04/2017 20:00:00 - 17/04/2017 21:00:00","BZN|DK1","1.00","n/e"," ","1.02"
"17/04/2017 21:00:00 - 17/04/2017 22:00:00","BZN|DK1","0.00","n/e"," ","0.05"
"17/04/2017 22:00:00 - 17/04/2017 23:00:00","BZN|DK1","0.00","n/e"," ","0.02"
"17/04/2017 23:00:00 - 18/04/2017 00:00:00","BZN|DK1","0.00","n/e"," ","0.00"
"18/04/2017 00:00:00 - 18/04/2017 01:00:00","BZN|DK1","0.00","n/e"," ","0.00"
"18/04/2017 01:00:00 - 18/04/2017 02:00:00","BZN|DK1","0.00","n/e"," ","0.00"
"18/04/2017 02:00:00 - 18/04/2017 03:00:00","BZN|DK1","0.00","n/e"," ","0.00"
"18/04/2017 03:00:00 - 18/04/2017 04:00:00","BZN|DK1","0.00","n/e"," ","0.00"
"18/04/2017 04:00:00 - 18/04/2017 05:00:00","BZN|DK1","0.00","n/e"," ","0.03"
"18/04/2017 05:00:00 - 18/04/2017 06:00:00","BZN|DK1","0.00","n/e"," ","0.05"
"18/04/2017 06:00:00 - 18/04/2017 07:00:00","BZN|DK1","6.00","n/e"," ","4.60"
"18/04/2017 07:00:00 - 18/04/2017 08:00:00","BZN|DK1","36.00","n/e"," ","39.30"
"18/04/2017 08:00:00 - 18/04/2017 09:00:00","BZN|DK1","86.00","n/e"," ","109.01"
"18/04/2017 09:00:00 - 18/04/2017 10:00:00","BZN|DK1","157.00","n/e"," ","174.75"
"18/04/2017 10:00:00 - 18/04/2017 11:00:00","BZN|DK1","232.00","n/e"," ","228.14"
"18/04/2017 11:00:00 - 18/04/2017 12:00:00","BZN|DK1","294.00","n/e"," ","277.01"
"18/04/2017 12:00:00 - 18/04/2017 13:00:00","BZN|DK1","327.00","n/e"," ","312.77"
"18/04/2017 13:00:00 - 18/04/2017 14:00:00","BZN|DK1","338.00","n/e"," ","328.43"
"18/04/2017 14:00:00 - 18/04/2017 15:00:00","BZN|DK1","328.00","n/e"," ","301.83"
"18/04/2017 15:00:00 - 18/04/2017 16:00:00","BZN|DK1","291.00","n/e"," ","272.15"
"18/04/2017 16:00:00 - 18/04/2017 17:00:00","BZN|DK1","239.00","n/e"," ","237.24"
"18/04/2017 17:00:00 - 18/04/2017 18:00:00","BZN|DK1","163.00","n/e"," ","170.50"
"18/04/2017 18:00:00 - 18/04/2017 19:00:00","BZN|DK1","95.00","n/e"," ","100.23"
"18/04/2017 19:00:00 - 18/04/2017 20:00:00","BZN|DK1","33.00","n/e"," ","34.67"
"18/04/2017 20:00:00 - 18/04/2017 21:00:00","BZN|DK1","3.00","n/e"," ","3.22"
"18/04/2017 21:00:00 - 18/04/2017 22:00:00","BZN|DK1","0.00","n/e"," ","0.05"
"18/04/2017 22:00:00 - 18/04/2017 23:00:00","BZN|DK1","0.00","n/e"," ","0.01"
"18/04/2017 23:00:00 - 19/04/2017 00:00:00","BZN|DK1","0.00","n/e"," ","0.00"
"19/04/2017 00:00:00 - 19/04/2017 01:00:00","BZN|DK1","0.00","n/e"," ","0.00"
"19/04/2017 01:00:00 - 19/04/2017 02:00:00","BZN|DK1","0.00","n/e"," ","0.00"
"19/04/2017 02:00:00 - 19/04/2017 03:00:00","BZN|DK1","0.00","n/e"," ","0.00"
"19/04/2017 03:00:00 - 19/04/2017 04:00:00","BZN|DK1","0.00","n/e"," ","0.00"
"19/04/2017 04:00:00 - 19/04/2017 05:00:00","BZN|DK1","0.00","n/e"," ","0.03"
"19/04/2017 05:00:00 - 19/04/2017 06:00:00","BZN|DK1","0.00","n/e"," ","0.05"
"19/04/2017 06:00:00 - 19/04/2017 07:00:00","BZN|DK1","8.00","n/e"," ","6.26"
"19/04/2017 07:00:00 - 19/04/2017 08:00:00","BZN|DK1","48.00","n/e"," ","47.13"
"19/04/2017 08:00:00 - 19/04/2017 09:00:00","BZN|DK1","117.00","n/e"," ","125.39"
"19/04/2017 09:00:00 - 19/04/2017 10:00:00","BZN|DK1","198.00","n/e"," ","209.13"
"19/04/2017 10:00:00 - 19/04/2017 11:00:00","BZN|DK1","262.00","n/e"," ","274.19"
"19/04/2017 11:00:00 - 19/04/2017 12:00:00","BZN|DK1","300.00","n/e"," ","320.52"
"19/04/2017 12:00:00 - 19/04/2017 13:00:00","BZN|DK1","333.00","n/e"," ","326.87"
"19/04/2017 13:00:00 - 19/04/2017 14:00:00","BZN|DK1","337.00","n/e"," ","276.83"
"19/04/2017 14:00:00 - 19/04/2017 15:00:00","BZN|DK1","268.00","n/e"," ","246.39"
"19/04/2017 15:00:00 - 19/04/2017 16:00:00","BZN|DK1","233.00","n/e"," ","213.00"
"19/04/2017 16:00:00 - 19/04/2017 17:00:00","BZN|DK1","185.00","n/e"," ","178.96"
"19/04/2017 17:00:00 - 19/04/2017 18:00:00","BZN|DK1","124.00","n/e"," ","137.83"
"19/04/2017 18:00:00 - 19/04/2017 19:00:00","BZN|DK1","79.00","n/e"," ","73.57"
"19/04/2017 19:00:00 - 19/04/2017 20:00:00","BZN|DK1","30.00","n/e"," ","25.03"
"19/04/2017 20:00:00 - 19/04/2017 21:00:00","BZN|DK1","3.00","n/e"," ","2.18"
"19/04/2017 21:00:00 - 19/04/2017 22:00:00","BZN|DK1","0.00","n/e"," ","0.05"
"19/04/2017 22:00:00 - 19/04/2017 23:00:00","BZN|DK1","0.00","n/e"," ","0.01"
"19/04/2017 23:00:00 - 20/04/2017 00:00:00","BZN|DK1","0.00","n/e"," ","0.00"
"20/04/2017 00:00:00 - 20/04/2017 01:00:00","BZN|DK1","0.00","n/e"," ","0.00"
"20/04/2017 01:00:00 - 20/04/2017 02:00:00","BZN|DK1","0.00","n/e"," ","0.00"
"20/04/2017 02:00:00 - 20/04/2017 03:00:00","BZN|DK1","0.00","n/e"," ","0.00"
"20/04/2017 03:00:00 - 20/04/2017 04:00:00","BZN|DK1","0.00","n/e"," ","0.00"
"20/04/2017 04:00:00 - 20/04/2017 05:00:00","BZN|DK1","0.00","n/e"," ","0.02"
"20/04/2017 05:00:00 - 20/04/2017 06:00:00","BZN|DK1","0.00","n/e"," ","0.05"
"20/04/2017 06:00:00 - 20/04/2017 07:00:00","BZN|DK1","7.00","n/e"," ","6.70"
"20/04/2017 07:00:00 - 20/04/2017 08:00:00","BZN|DK1","44.00","n/e"," ","39.86"
"20/04/2017 08:00:00 - 20/04/2017 09:00:00","BZN|DK1","92.00","n/e"," ","75.66"
"20/04/2017 09:00:00 - 20/04/2017 10:00:00","BZN|DK1","136.00","n/e"," ","115.27"
"20/04/2017 10:00:00 - 20/04/2017 11:00:00","BZN|DK1","168.00","n/e"," ","119.91"
"20/04/2017 11:00:00 - 20/04/2017 12:00:00","BZN|DK1","188.00","n/e"," ","131.55"
"20/04/2017 12:00:00 - 20/04/2017 13:00:00","BZN|DK1","195.00","n/e"," ","146.76"
"20/04/2017 13:00:00 - 20/04/2017 14:00:00","BZN|DK1","204.00","n/e"," ","164.09"
"20/04/2017 14:00:00 - 20/04/2017 15:00:00","BZN|DK1","193.00","n/e"," ","171.41"
"20/04/2017 15:00:00 - 20/04/2017 16:00:00","BZN|DK1","166.00","n/e"," ","141.97"
"20/04/2017 16:00:00 - 20/04/2017 17:00:00","BZN|DK1","139.00","n/e"," ","112.21"
"20/04/2017 17:00:00 - 20/04/2017 18:00:00","BZN|DK1","86.00","n/e"," ","94.23"
"20/04/2017 18:00:00 - 20/04/2017 19:00:00","BZN|DK1","41.00","n/e"," ","51.72"
"20/04/2017 19:00:00 - 20/04/2017 20:00:00","BZN|DK1","15.00","n/e"," ","15.99"
"20/04/2017 20:00:00 - 20/04/2017 21:00:00","BZN|DK1","1.00","n/e"," ","1.19"
"20/04/2017 21:00:00 - 20/04/2017 22:00:00","BZN|DK1","0.00","n/e"," ","0.05"
"20/04/2017 22:00:00 - 20/04/2017 23:00:00","BZN|DK1","0.00","n/e"," ","0.01"
"20/04/2017 23:00:00 - 21/04/2017 00:00:00","BZN|DK1","0.00","n/e"," ","0.00"
"21/04/2017 00:00:00 - 21/04/2017 01:00:00","BZN|DK1","0.00","n/e"," ","0.00"
"21/04/2017 01:00:00 - 21/04/2017 02:00:00","BZN|DK1","0.00","n/e"," ","0.00"
"21/04/2017 02:00:00 - 21/04/2017 03:00:00","BZN|DK1","0.00","n/e"," ","0.00"
"21/04/2017 03:00:00 - 21/04/2017 04:00:00","BZN|DK1","0.00","n/e"," ","0.00"
"21/04/2017 04:00:00 - 21/04/2017 05:00:00","BZN|DK1","0.00","n/e"," ","0.03"
"21/04/2017 05:00:00 - 21/04/2017 06:00:00","BZN|DK1","0.00","n/e"," ","0.05"
"21/04/2017 06:00:00 - 21/04/2017 07:00:00","BZN|DK1","3.00","n/e"," ","3.17"
"21/04/2017 07:00:00 - 21/04/2017 08:00:00","BZN|DK1","15.00","n/e"," ","23.75"
"21/04/2017 08:00:00 - 21/04/2017 09:00:00","BZN|DK1","27.00","n/e"," ","58.25"
"21/04/2017 09:00:00 - 21/04/2017 10:00:00","BZN|DK1","49.00","n/e"," ","84.78"
"21/04/2017 10:00:00 - 21/04/2017 11:00:00","BZN|DK1","73.00","n/e"," ","108.17"
"21/04/2017 11:00:00 - 21/04/2017 12:00:00","BZN|DK1","91.00","n/e"," ","114.03"
"21/04/2017 12:00:00 - 21/04/2017 13:00:00","BZN|DK1","106.00","n/e"," ","115.43"
"21/04/2017 13:00:00 - 21/04/2017 14:00:00","BZN|DK1","116.00","n/e"," ","124.38"
"21/04/2017 14:00:00 - 21/04/2017 15:00:00","BZN|DK1","111.00","n/e"," ","122.95"
"21/04/2017 15:00:00 - 21/04/2017 16:00:00","BZN|DK1","113.00","n/e"," ","110.13"
"21/04/2017 16:00:00 - 21/04/2017 17:00:00","BZN|DK1","111.00","n/e"," ","94.92"
"21/04/2017 17:00:00 - 21/04/2017 18:00:00","BZN|DK1","97.00","n/e"," ","73.09"
"21/04/2017 18:00:00 - 21/04/2017 19:00:00","BZN|DK1","69.00","n/e"," ","58.62"
"21/04/2017 19:00:00 - 21/04/2017 20:00:00","BZN|DK1","32.00","n/e"," ","31.45"
"21/04/2017 20:00:00 - 21/04/2017 21:00:00","BZN|DK1","4.00","n/e"," ","4.03"
"21/04/2017 21:00:00 - 21/04/2017 22:00:00","BZN|DK1","0.00","n/e"," ","0.06"
"21/04/2017 22:00:00 - 21/04/2017 23:00:00","BZN|DK1","0.00","n/e"," ","0.01"
"21/04/2017 23:00:00 - 22/04/2017 00:00:00","BZN|DK1","0.00","n/e"," ","0.00"
"22/04/2017 00:00:00 - 22/04/2017 01:00:00","BZN|DK1","0.00","n/e"," ","0.00"
"22/04/2017 01:00:00 - 22/04/2017 02:00:00","BZN|DK1","0.00","n/e"," ","0.00"
"22/04/2017 02:00:00 - 22/04/2017 03:00:00","BZN|DK1","0.00","n/e"," ","0.00"
"22/04/2017 03:00:00 - 22/04/2017 04:00:00","BZN|DK1","0.00","n/e"," ","0.00"
"22/04/2017 04:00:00 - 22/04/2017 05:00:00","BZN|DK1","0.00","n/e"," ","0.01"
"22/04/2017 05:00:00 - 22/04/2017 06:00:00","BZN|DK1","0.00","n/e"," ","0.07"
"22/04/2017 06:00:00 - 22/04/2017 07:00:00","BZN|DK1","8.00","n/e"," ","9.05"
"22/04/2017 07:00:00 - 22/04/2017 08:00:00","BZN|DK1","44.00","n/e"," ","49.40"
"22/04/2017 08:00:00 - 22/04/2017 09:00:00","BZN|DK1","101.00","n/e"," ","118.98"
"22/04/2017 09:00:00 - 22/04/2017 10:00:00","BZN|DK1","176.00","n/e"," ","206.88"
"22/04/2017 10:00:00 - 22/04/2017 11:00:00","BZN|DK1","237.00","n/e"," ","251.04"
"22/04/2017 11:00:00 - 22/04/2017 12:00:00","BZN|DK1","294.00","n/e"," ","267.21"
"22/04/2017 12:00:00 - 22/04/2017 13:00:00","BZN|DK1","331.00","n/e"," ","288.95"
"22/04/2017 13:00:00 - 22/04/2017 14:00:00","BZN|DK1","349.00","n/e"," ","313.64"
"22/04/2017 14:00:00 - 22/04/2017 15:00:00","BZN|DK1","359.00","n/e"," ","344.15"
"22/04/2017 15:00:00 - 22/04/2017 16:00:00","BZN|DK1","350.00","n/e"," ","336.02"
"22/04/2017 16:00:00 - 22/04/2017 17:00:00","BZN|DK1","298.00","n/e"," ","293.37"
"22/04/2017 17:00:00 - 22/04/2017 18:00:00","BZN|DK1","197.00","n/e"," ","212.29"
"22/04/2017 18:00:00 - 22/04/2017 19:00:00","BZN|DK1","120.00","n/e"," ","122.45"
"22/04/2017 19:00:00 - 22/04/2017 20:00:00","BZN|DK1","42.00","n/e"," ","41.68"
"22/04/2017 20:00:00 - 22/04/2017 21:00:00","BZN|DK1","5.00","n/e"," ","4.71"
"22/04/2017 21:00:00 - 22/04/2017 22:00:00","BZN|DK1","0.00","n/e"," ","0.06"
"22/04/2017 22:00:00 - 22/04/2017 23:00:00","BZN|DK1","0.00","n/e"," ","0.01"
"22/04/2017 23:00:00 - 23/04/2017 00:00:00","BZN|DK1","0.00","n/e"," ","0.00"
"23/04/2017 00:00:00 - 23/04/2017 01:00:00","BZN|DK1","0.00","n/e"," ","0.00"
"23/04/2017 01:00:00 - 23/04/2017 02:00:00","BZN|DK1","0.00","n/e"," ","0.00"
"23/04/2017 02:00:00 - 23/04/2017 03:00:00","BZN|DK1","0.00","n/e"," ","0.00"
"23/04/2017 03:00:00 - 23/04/2017 04:00:00","BZN|DK1","0.00","n/e"," ","0.00"
"23/04/2017 04:00:00 - 23/04/2017 05:00:00","BZN|DK1","0.00","n/e"," ","0.01"
"23/04/2017 05:00:00 - 23/04/2017 06:00:00","BZN|DK1","0.00","n/e"," ","0.10"
"23/04/2017 06:00:00 - 23/04/2017 07:00:00","BZN|DK1","11.00","n/e"," ","10.77"
"23/04/2017 07:00:00 - 23/04/2017 08:00:00","BZN|DK1","48.00","n/e"," ","52.89"
"23/04/2017 08:00:00 - 23/04/2017 09:00:00","BZN|DK1","109.00","n/e"," ","131.66"
"23/04/2017 09:00:00 - 23/04/2017 10:00:00","BZN|DK1","196.00","n/e"," ","206.26"
"23/04/2017 10:00:00 - 23/04/2017 11:00:00","BZN|DK1","272.00","n/e"," ","254.61"
"23/04/2017 11:00:00 - 23/04/2017 12:00:00","BZN|DK1","320.00","n/e"," ","319.33"
"23/04/2017 12:00:00 - 23/04/2017 13:00:00","BZN|DK1","355.00","n/e"," ","359.24"
"23/04/2017 13:00:00 - 23/04/2017 14:00:00","BZN|DK1","362.00","n/e"," ","357.13"
"23/04/2017 14:00:00 - 23/04/2017 15:00:00","BZN|DK1","311.00","n/e"," ","346.62"
"23/04/2017 15:00:00 - 23/04/2017 16:00:00","BZN|DK1","292.00","n/e"," ","290.16"
"23/04/2017 16:00:00 - 23/04/2017 17:00:00","BZN|DK1","249.00","n/e"," ","249.62"
"23/04/2017 17:00:00 - 23/04/2017 18:00:00","BZN|DK1","162.00","n/e"," ","187.50"
"23/04/2017 18:00:00 - 23/04/2017 19:00:00","BZN|DK1","104.00","n/e"," ","100.96"
"23/04/2017 19:00:00 - 23/04/2017 20:00:00","BZN|DK1","40.00","n/e"," ","37.72"
"23/04/2017 20:00:00 - 23/04/2017 21:00:00","BZN|DK1","5.00","n/e"," ","4.62"
"23/04/2017 21:00:00 - 23/04/2017 22:00:00","BZN|DK1","0.00","n/e"," ","0.06"
"23/04/2017 22:00:00 - 23/04/2017 23:00:00","BZN|DK1","0.00","n/e"," ","0.01"
"23/04/2017 23:00:00 - 24/04/2017 00:00:00","BZN|DK1","0.00","n/e"," ","0.00"
"24/04/2017 00:00:00 - 24/04/2017 01:00:00","BZN|DK1","0.00","n/e"," ","0.00"
"24/04/2017 01:00:00 - 24/04/2017 02:00:00","BZN|DK1","0.00","n/e"," ","0.00"
"24/04/2017 02:00:00 - 24/04/2017 03:00:00","BZN|DK1","0.00","n/e"," ","0.00"
"24/04/2017 03:00:00 - 24/04/2017 04:00:00","BZN|DK1","0.00","n/e"," ","0.00"
"24/04/2017 04:00:00 - 24/04/2017 05:00:00","BZN|DK1","0.00","n/e"," ","0.02"
"24/04/2017 05:00:00 - 24/04/2017 06:00:00","BZN|DK1","0.00","n/e"," ","0.06"
"24/04/2017 06:00:00 - 24/04/2017 07:00:00","BZN|DK1","2.00","n/e"," ","1.58"
"24/04/2017 07:00:00 - 24/04/2017 08:00:00","BZN|DK1","7.00","n/e"," ","11.24"
"24/04/2017 08:00:00 - 24/04/2017 09:00:00","BZN|DK1","12.00","n/e"," ","31.53"
"24/04/2017 09:00:00 - 24/04/2017 10:00:00","BZN|DK1","37.00","n/e"," ","65.90"
"24/04/2017 10:00:00 - 24/04/2017 11:00:00","BZN|DK1","80.00","n/e"," ","106.08"
"24/04/2017 11:00:00 - 24/04/2017 12:00:00","BZN|DK1","143.00","n/e"," ","145.22"
"24/04/2017 12:00:00 - 24/04/2017 13:00:00","BZN|DK1","206.00","n/e"," ","209.44"
"24/04/2017 13:00:00 - 24/04/2017 14:00:00","BZN|DK1","250.00","n/e"," ","265.16"
"24/04/2017 14:00:00 - 24/04/2017 15:00:00","BZN|DK1","285.00","n/e"," ","312.85"
"24/04/2017 15:00:00 - 24/04/2017 16:00:00","BZN|DK1","306.00","n/e"," ","338.62"
"24/04/2017 16:00:00 - 24/04/2017 17:00:00","BZN|DK1","278.00","n/e"," ","317.47"
"24/04/2017 17:00:00 - 24/04/2017 18:00:00","BZN|DK1","207.00","n/e"," ","226.66"
"24/04/2017 18:00:00 - 24/04/2017 19:00:00","BZN|DK1","126.00","n/e"," ","126.44"
"24/04/2017 19:00:00 - 24/04/2017 20:00:00","BZN|DK1","45.00","n/e"," ","46.21"
"24/04/2017 20:00:00 - 24/04/2017 21:00:00","BZN|DK1","6.00","n/e"," ","6.28"
"24/04/2017 21:00:00 - 24/04/2017 22:00:00","BZN|DK1","0.00","n/e"," ","0.07"
"24/04/2017 22:00:00 - 24/04/2017 23:00:00","BZN|DK1","0.00","n/e"," ","0.01"
"24/04/2017 23:00:00 - 25/04/2017 00:00:00","BZN|DK1","0.00","n/e"," ","0.00"
"25/04/2017 00:00:00 - 25/04/2017 01:00:00","BZN|DK1","0.00","n/e"," ","0.00"
"25/04/2017 01:00:00 - 25/04/2017 02:00:00","BZN|DK1","0.00","n/e"," ","0.00"
"25/04/2017 02:00:00 - 25/04/2017 03:00:00","BZN|DK1","0.00","n/e"," ","0.00"
"25/04/2017 03:00:00 - 25/04/2017 04:00:00","BZN|DK1","0.00","n/e"," ","0.00"
"25/04/2017 04:00:00 - 25/04/2017 05:00:00","BZN|DK1","0.00","n/e"," ","0.02"
"25/04/2017 05:00:00 - 25/04/2017 06:00:00","BZN|DK1","0.00","n/e"," ","0.20"
"25/04/2017 06:00:00 - 25/04/2017 07:00:00","BZN|DK1","12.00","n/e"," ","12.77"
"25/04/2017 07:00:00 - 25/04/2017 08:00:00","BZN|DK1","53.00","n/e"," ","45.10"
"25/04/2017 08:00:00 - 25/04/2017 09:00:00","BZN|DK1","119.00","n/e"," ","96.92"
"25/04/2017 09:00:00 - 25/04/2017 10:00:00","BZN|DK1","184.00","n/e"," ","151.36"
"25/04/2017 10:00:00 - 25/04/2017 11:00:00","BZN|DK1","235.00","n/e"," ","190.94"
"25/04/2017 11:00:00 - 25/04/2017 12:00:00","BZN|DK1","277.00","n/e"," ","232.07"
"25/04/2017 12:00:00 - 25/04/2017 13:00:00","BZN|DK1","292.00","n/e"," ","267.12"
"25/04/2017 13:00:00 - 25/04/2017 14:00:00","BZN|DK1","288.00","n/e"," ","269.25"
"25/04/2017 14:00:00 - 25/04/2017 15:00:00","BZN|DK1","257.00","n/e"," ","266.72"
"25/04/2017 15:00:00 - 25/04/2017 16:00:00","BZN|DK1","233.00","n/e"," ","240.81"
"25/04/2017 16:00:00 - 25/04/2017 17:00:00","BZN|DK1","199.00","n/e"," ","199.45"
"25/04/2017 17:00:00 - 25/04/2017 18:00:00","BZN|DK1","133.00","n/e"," ","142.92"
"25/04/2017 18:00:00 - 25/04/2017 19:00:00","BZN|DK1","76.00","n/e"," ","88.10"
"25/04/2017 19:00:00 - 25/04/2017 20:00:00","BZN|DK1","29.00","n/e"," ","33.41"
"25/04/2017 20:00:00 - 25/04/2017 21:00:00","BZN|DK1","5.00","n/e"," ","5.97"
"25/04/2017 21:00:00 - 25/04/2017 22:00:00","BZN|DK1","0.00","n/e"," ","0.07"
"25/04/2017 22:00:00 - 25/04/2017 23:00:00","BZN|DK1","0.00","n/e"," ","0.01"
"25/04/2017 23:00:00 - 26/04/2017 00:00:00","BZN|DK1","0.00","n/e"," ","0.00"
"26/04/2017 00:00:00 - 26/04/2017 01:00:00","BZN|DK1","0.00","n/e"," ","0.00"
"26/04/2017 01:00:00 - 26/04/2017 02:00:00","BZN|DK1","0.00","n/e"," ","0.00"
"26/04/2017 02:00:00 - 26/04/2017 03:00:00","BZN|DK1","0.00","n/e"," ","0.00"
"26/04/2017 03:00:00 - 26/04/2017 04:00:00","BZN|DK1","0.00","n/e"," ","0.00"
"26/04/2017 04:00:00 - 26/04/2017 05:00:00","BZN|DK1","0.00","n/e"," ","0.02"
"26/04/2017 05:00:00 - 26/04/2017 06:00:00","BZN|DK1","1.00","n/e"," ","0.20"
"26/04/2017 06:00:00 - 26/04/2017 07:00:00","BZN|DK1","14.00","n/e"," ","12.22"
"26/04/2017 07:00:00 - 26/04/2017 08:00:00","BZN|DK1","62.00","n/e"," ","59.54"
"26/04/2017 08:00:00 - 26/04/2017 09:00:00","BZN|DK1","145.00","n/e"," ","137.10"
"26/04/2017 09:00:00 - 26/04/2017 10:00:00","BZN|DK1","230.00","n/e"," ","217.55"
"26/04/2017 10:00:00 - 26/04/2017 11:00:00","BZN|DK1","282.00","n/e"," ","253.26"
"26/04/2017 11:00:00 - 26/04/2017 12:00:00","BZN|DK1","319.00","n/e"," ","231.25"
"26/04/2017 12:00:00 - 26/04/2017 13:00:00","BZN|DK1","330.00","n/e"," ","251.55"
"26/04/2017 13:00:00 - 26/04/2017 14:00:00","BZN|DK1","324.00","n/e"," ","242.70"
"26/04/2017 14:00:00 - 26/04/2017 15:00:00","BZN|DK1","309.00","n/e"," ","229.10"
"26/04/2017 15:00:00 - 26/04/2017 16:00:00","BZN|DK1","274.00","n/e"," ","224.57"
"26/04/2017 16:00:00 - 26/04/2017 17:00:00","BZN|DK1","219.00","n/e"," ","195.49"
"26/04/2017 17:00:00 - 26/04/2017 18:00:00","BZN|DK1","140.00","n/e"," ","160.96"
"26/04/2017 18:00:00 - 26/04/2017 19:00:00","BZN|DK1","83.00","n/e"," ","103.77"
"26/04/2017 19:00:00 - 26/04/2017 20:00:00","BZN|DK1","33.00","n/e"," ","44.09"
"26/04/2017 20:00:00 - 26/04/2017 21:00:00","BZN|DK1","5.00","n/e"," ","7.83"
"26/04/2017 21:00:00 - 26/04/2017 22:00:00","BZN|DK1","0.00","n/e"," ","0.08"
"26/04/2017 22:00:00 - 26/04/2017 23:00:00","BZN|DK1","0.00","n/e"," ","0.02"
"26/04/2017 23:00:00 - 27/04/2017 00:00:00","BZN|DK1","0.00","n/e"," ","0.00"
"27/04/2017 00:00:00 - 27/04/2017 01:00:00","BZN|DK1","0.00","n/e"," ","0.00"
"27/04/2017 01:00:00 - 27/04/2017 02:00:00","BZN|DK1","0.00","n/e"," ","0.00"
"27/04/2017 02:00:00 - 27/04/2017 03:00:00","BZN|DK1","0.00","n/e"," ","0.00"
"27/04/2017 03:00:00 - 27/04/2017 04:00:00","BZN|DK1","0.00","n/e"," ","0.00"
"27/04/2017 04:00:00 - 27/04/2017 05:00:00","BZN|DK1","0.00","n/e"," ","0.02"
"27/04/2017 05:00:00 - 27/04/2017 06:00:00","BZN|DK1","1.00","n/e"," ","0.30"
"27/04/2017 06:00:00 - 27/04/2017 07:00:00","BZN|DK1","15.00","n/e"," ","15.18"
"27/04/2017 07:00:00 - 27/04/2017 08:00:00","BZN|DK1","57.00","n/e"," ","64.42"
"27/04/2017 08:00:00 - 27/04/2017 09:00:00","BZN|DK1","119.00","n/e"," ","135.95"
"27/04/2017 09:00:00 - 27/04/2017 10:00:00","BZN|DK1","176.00","n/e"," ","206.25"
"27/04/2017 10:00:00 - 27/04/2017 11:00:00","BZN|DK1","199.00","n/e"," ","226.21"
"27/04/2017 11:00:00 - 27/04/2017 12:00:00","BZN|DK1","211.00","n/e"," ","253.88"
"27/04/2017 12:00:00 - 27/04/2017 13:00:00","BZN|DK1","217.00","n/e"," ","252.72"
"27/04/2017 13:00:00 - 27/04/2017 14:00:00","BZN|DK1","220.00","n/e"," ","257.79"
"27/04/2017 14:00:00 - 27/04/2017 15:00:00","BZN|DK1","240.00","n/e"," ","225.46"
"27/04/2017 15:00:00 - 27/04/2017 16:00:00","BZN|DK1","209.00","n/e"," ","188.44"
"27/04/2017 16:00:00 - 27/04/2017 17:00:00","BZN|DK1","160.00","n/e"," ","151.67"
"27/04/2017 17:00:00 - 27/04/2017 18:00:00","BZN|DK1","86.00","n/e"," ","107.51"
"27/04/2017 18:00:00 - 27/04/2017 19:00:00","BZN|DK1","42.00","n/e"," ","54.00"
"27/04/2017 19:00:00 - 27/04/2017 20:00:00","BZN|DK1","16.00","n/e"," ","17.91"
"27/04/2017 20:00:00 - 27/04/2017 21:00:00","BZN|DK1","2.00","n/e"," ","2.56"
"27/04/2017 21:00:00 - 27/04/2017 22:00:00","BZN|DK1","0.00","n/e"," ","0.07"
"27/04/2017 22:00:00 - 27/04/2017 23:00:00","BZN|DK1","0.00","n/e"," ","0.02"
"27/04/2017 23:00:00 - 28/04/2017 00:00:00","BZN|DK1","0.00","n/e"," ","0.00"
"28/04/2017 00:00:00 - 28/04/2017 01:00:00","BZN|DK1","0.00","n/e"," ","0.00"
"28/04/2017 01:00:00 - 28/04/2017 02:00:00","BZN|DK1","0.00","n/e"," ","0.00"
"28/04/2017 02:00:00 - 28/04/2017 03:00:00","BZN|DK1","0.00","n/e"," ","0.00"
"28/04/2017 03:00:00 - 28/04/2017 04:00:00","BZN|DK1","0.00","n/e"," ","0.00"
"28/04/2017 04:00:00 - 28/04/2017 05:00:00","BZN|DK1","0.00","n/e"," ","0.03"
"28/04/2017 05:00:00 - 28/04/2017 06:00:00","BZN|DK1","0.00","n/e"," ","0.10"
"28/04/2017 06:00:00 - 28/04/2017 07:00:00","BZN|DK1","7.00","n/e"," ","8.15"
"28/04/2017 07:00:00 - 28/04/2017 08:00:00","BZN|DK1","31.00","n/e"," ","40.87"
"28/04/2017 08:00:00 - 28/04/2017 09:00:00","BZN|DK1","66.00","n/e"," ","97.52"
"28/04/2017 09:00:00 - 28/04/2017 10:00:00","BZN|DK1","111.00","n/e"," ","149.64"
"28/04/2017 10:00:00 - 28/04/2017 11:00:00","BZN|DK1","152.00","n/e"," ","190.03"
"28/04/2017 11:00:00 - 28/04/2017 12:00:00","BZN|DK1","183.00","n/e"," ","200.72"
"28/04/2017 12:00:00 - 28/04/2017 13:00:00","BZN|DK1","198.00","n/e"," ","197.04"
"28/04/2017 13:00:00 - 28/04/2017 14:00:00","BZN|DK1","209.00","n/e"," ","176.07"
"28/04/2017 14:00:00 - 28/04/2017 15:00:00","BZN|DK1","235.00","n/e"," ","190.25"
"28/04/2017 15:00:00 - 28/04/2017 16:00:00","BZN|DK1","216.00","n/e"," ","172.26"
"28/04/2017 16:00:00 - 28/04/2017 17:00:00","BZN|DK1","174.00","n/e"," ","159.88"
"28/04/2017 17:00:00 - 28/04/2017 18:00:00","BZN|DK1","108.00","n/e"," ","105.82"
"28/04/2017 18:00:00 - 28/04/2017 19:00:00","BZN|DK1","64.00","n/e"," ","74.87"
"28/04/2017 19:00:00 - 28/04/2017 20:00:00","BZN|DK1","26.00","n/e"," ","30.40"
"28/04/2017 20:00:00 - 28/04/2017 21:00:00","BZN|DK1","4.00","n/e"," ","5.94"
"28/04/2017 21:00:00 - 28/04/2017 22:00:00","BZN|DK1","0.00","n/e"," ","0.09"
"28/04/2017 22:00:00 - 28/04/2017 23:00:00","BZN|DK1","0.00","n/e"," ","0.02"
"28/04/2017 23:00:00 - 29/04/2017 00:00:00","BZN|DK1","0.00","n/e"," ","0.00"
"29/04/2017 00:00:00 - 29/04/2017 01:00:00","BZN|DK1","0.00","n/e"," ","0.00"
"29/04/2017 01:00:00 - 29/04/2017 02:00:00","BZN|DK1","0.00","n/e"," ","0.00"
"29/04/2017 02:00:00 - 29/04/2017 03:00:00","BZN|DK1","0.00","n/e"," ","0.00"
"29/04/2017 03:00:00 - 29/04/2017 04:00:00","BZN|DK1","0.00","n/e"," ","0.00"
"29/04/2017 04:00:00 - 29/04/2017 05:00:00","BZN|DK1","0.00","n/e"," ","0.03"
"29/04/2017 05:00:00 - 29/04/2017 06:00:00","BZN|DK1","0.00","n/e"," ","0.12"
"29/04/2017 06:00:00 - 29/04/2017 07:00:00","BZN|DK1","13.00","n/e"," ","7.94"
"29/04/2017 07:00:00 - 29/04/2017 08:00:00","BZN|DK1","45.00","n/e"," ","35.46"
"29/04/2017 08:00:00 - 29/04/2017 09:00:00","BZN|DK1","89.00","n/e"," ","87.00"
"29/04/2017 09:00:00 - 29/04/2017 10:00:00","BZN|DK1","154.00","n/e"," ","122.41"
"29/04/2017 10:00:00 - 29/04/2017 11:00:00","BZN|DK1","211.00","n/e"," ","143.50"
"29/04/2017 11:00:00 - 29/04/2017 12:00:00","BZN|DK1","253.00","n/e"," ","200.35"
"29/04/2017 12:00:00 - 29/04/2017 13:00:00","BZN|DK1","279.00","n/e"," ","242.77"
"29/04/2017 13:00:00 - 29/04/2017 14:00:00","BZN|DK1","296.00","n/e"," ","281.86"
"29/04/2017 14:00:00 - 29/04/2017 15:00:00","BZN|DK1","297.00","n/e"," ","269.48"
"29/04/2017 15:00:00 - 29/04/2017 16:00:00","BZN|DK1","272.00","n/e"," ","248.64"
"29/04/2017 16:00:00 - 29/04/2017 17:00:00","BZN|DK1","242.00","n/e"," ","217.39"
"29/04/2017 17:00:00 - 29/04/2017 18:00:00","BZN|DK1","180.00","n/e"," ","173.84"
"29/04/2017 18:00:00 - 29/04/2017 19:00:00","BZN|DK1","117.00","n/e"," ","115.21"
"29/04/2017 19:00:00 - 29/04/2017 20:00:00","BZN|DK1","48.00","n/e"," ","46.31"
"29/04/2017 20:00:00 - 29/04/2017 21:00:00","BZN|DK1","8.00","n/e"," ","8.52"
"29/04/2017 21:00:00 - 29/04/2017 22:00:00","BZN|DK1","0.00","n/e"," ","0.10"
"29/04/2017 22:00:00 - 29/04/2017 23:00:00","BZN|DK1","0.00","n/e"," ","0.02"
"29/04/2017 23:00:00 - 30/04/2017 00:00:00","BZN|DK1","0.00","n/e"," ","0.00"
"30/04/2017 00:00:00 - 30/04/2017 01:00:00","BZN|DK1","0.00","n/e"," ","0.00"
"30/04/2017 01:00:00 - 30/04/2017 02:00:00","BZN|DK1","0.00","n/e"," ","0.00"
"30/04/2017 02:00:00 - 30/04/2017 03:00:00","BZN|DK1","0.00","n/e"," ","0.00"
"30/04/2017 03:00:00 - 30/04/2017 04:00:00","BZN|DK1","0.00","n/e"," ","0.00"
"30/04/2017 04:00:00 - 30/04/2017 05:00:00","BZN|DK1","0.00","n/e"," ","0.03"
"30/04/2017 05:00:00 - 30/04/2017 06:00:00","BZN|DK1","1.00","n/e"," ","0.52"
"30/04/2017 06:00:00 - 30/04/2017 07:00:00","BZN|DK1","18.00","n/e"," ","16.51"
"30/04/2017 07:00:00 - 30/04/2017 08:00:00","BZN|DK1","67.00","n/e"," ","65.97"
"30/04/2017 08:00:00 - 30/04/2017 09:00:00","BZN|DK1","149.00","n/e"," ","153.62"
"30/04/2017 09:00:00 - 30/04/2017 10:00:00","BZN|DK1","242.00","n/e"," ","248.62"
"30/04/2017 10:00:00 - 30/04/2017 11:00:00","BZN|DK1","316.00","n/e"," ","322.04"
"30/04/2017 11:00:00 - 30/04/2017 12:00:00","BZN|DK1","371.00","n/e"," ","355.57"
"30/04/2017 12:00:00 - 30/04/2017 13:00:00","BZN|DK1","398.00","n/e"," ","368.68"
"30/04/2017 13:00:00 - 30/04/2017 14:00:00","BZN|DK1","404.00","n/e"," ","386.85"
"30/04/2017 14:00:00 - 30/04/2017 15:00:00","BZN|DK1","392.00","n/e"," ","396.88"
"30/04/2017 15:00:00 - 30/04/2017 16:00:00","BZN|DK1","364.00","n/e"," ","379.78"
"30/04/2017 16:00:00 - 30/04/2017 17:00:00","BZN|DK1","315.00","n/e"," ","333.69"
"30/04/2017 17:00:00 - 30/04/2017 18:00:00","BZN|DK1","221.00","n/e"," ","252.34"
"30/04/2017 18:00:00 - 30/04/2017 19:00:00","BZN|DK1","135.00","n/e"," ","148.07"
"30/04/2017 19:00:00 - 30/04/2017 20:00:00","BZN|DK1","52.00","n/e"," ","55.92"
"30/04/2017 20:00:00 - 30/04/2017 21:00:00","BZN|DK1","9.00","n/e"," ","10.07"
"30/04/2017 21:00:00 - 30/04/2017 22:00:00","BZN|DK1","0.00","n/e"," ","0.13"
"30/04/2017 22:00:00 - 30/04/2017 23:00:00","BZN|DK1","0.00","n/e"," ","0.02"
"30/04/2017 23:00:00 - 01/05/2017 00:00:00","BZN|DK1","0.00","n/e"," ","0.00"
"01/05/2017 00:00:00 - 01/05/2017 01:00:00","BZN|DK1","0.00","n/e"," ","0.00"
"01/05/2017 01:00:00 - 01/05/2017 02:00:00","BZN|DK1","0.00","n/e"," ","0.00"
"01/05/2017 02:00:00 - 01/05/2017 03:00:00","BZN|DK1","0.00","n/e"," ","0.00"
"01/05/2017 03:00:00 - 01/05/2017 04:00:00","BZN|DK1","0.00","n/e"," ","0.00"
"01/05/2017 04:00:00 - 01/05/2017 05:00:00","BZN|DK1","0.00","n/e"," ","0.03"
"01/05/2017 05:00:00 - 01/05/2017 06:00:00","BZN|DK1","1.00","n/e"," ","1.08"
"01/05/2017 06:00:00 - 01/05/2017 07:00:00","BZN|DK1","21.00","n/e"," ","20.77"
"01/05/2017 07:00:00 - 01/05/2017 08:00:00","BZN|DK1","74.00","n/e"," ","67.36"
"01/05/2017 08:00:00 - 01/05/2017 09:00:00","BZN|DK1","163.00","n/e"," ","158.56"
"01/05/2017 09:00:00 - 01/05/2017 10:00:00","BZN|DK1","251.00","n/e"," ","266.84"
"01/05/2017 10:00:00 - 01/05/2017 11:00:00","BZN|DK1","321.00","n/e"," ","355.37"
"01/05/2017 11:00:00 - 01/05/2017 12:00:00","BZN|DK1","379.00","n/e"," ","411.52"
"01/05/2017 12:00:00 - 01/05/2017 13:00:00","BZN|DK1","404.00","n/e"," ","437.64"
"01/05/2017 13:00:00 - 01/05/2017 14:00:00","BZN|DK1","413.00","n/e"," ","446.01"
"01/05/2017 14:00:00 - 01/05/2017 15:00:00","BZN|DK1","416.00","n/e"," ","433.11"
"01/05/2017 15:00:00 - 01/05/2017 16:00:00","BZN|DK1","382.00","n/e"," ","393.36"
"01/05/2017 16:00:00 - 01/05/2017 17:00:00","BZN|DK1","326.00","n/e"," ","320.56"
"01/05/2017 17:00:00 - 01/05/2017 18:00:00","BZN|DK1","223.00","n/e"," ","226.53"
"01/05/2017 18:00:00 - 01/05/2017 19:00:00","BZN|DK1","133.00","n/e"," ","126.30"
"01/05/2017 19:00:00 - 01/05/2017 20:00:00","BZN|DK1","52.00","n/e"," ","50.00"
"01/05/2017 20:00:00 - 01/05/2017 21:00:00","BZN|DK1","10.00","n/e"," ","9.61"
"01/05/2017 21:00:00 - 01/05/2017 22:00:00","BZN|DK1","0.00","n/e"," ","0.09"
"01/05/2017 22:00:00 - 01/05/2017 23:00:00","BZN|DK1","0.00","n/e"," ","0.02"
"01/05/2017 23:00:00 - 02/05/2017 00:00:00","BZN|DK1","0.00","n/e"," ","0.00"
"02/05/2017 00:00:00 - 02/05/2017 01:00:00","BZN|DK1","0.00","n/e"," ","0.00"
"02/05/2017 01:00:00 - 02/05/2017 02:00:00","BZN|DK1","0.00","n/e"," ","0.00"
"02/05/2017 02:00:00 - 02/05/2017 03:00:00","BZN|DK1","0.00","n/e"," ","0.00"
"02/05/2017 03:00:00 - 02/05/2017 04:00:00","BZN|DK1","0.00","n/e"," ","0.00"
"02/05/2017 04:00:00 - 02/05/2017 05:00:00","BZN|DK1","0.00","n/e"," ","0.03"
"02/05/2017 05:00:00 - 02/05/2017 06:00:00","BZN|DK1","1.00","n/e"," ","1.19"
"02/05/2017 06:00:00 - 02/05/2017 07:00:00","BZN|DK1","23.00","n/e"," ","21.32"
"02/05/2017 07:00:00 - 02/05/2017 08:00:00","BZN|DK1","74.00","n/e"," ","72.55"
"02/05/2017 08:00:00 - 02/05/2017 09:00:00","BZN|DK1","162.00","n/e"," ","165.76"
"02/05/2017 09:00:00 - 02/05/2017 10:00:00","BZN|DK1","258.00","n/e"," ","270.45"
"02/05/2017 10:00:00 - 02/05/2017 11:00:00","BZN|DK1","332.00","n/e"," ","351.45"
"02/05/2017 11:00:00 - 02/05/2017 12:00:00","BZN|DK1","392.00","n/e"," ","407.88"
"02/05/2017 12:00:00 - 02/05/2017 13:00:00","BZN|DK1","417.00","n/e"," ","439.57"
"02/05/2017 13:00:00 - 02/05/2017 14:00:00","BZN|DK1","426.00","n/e"," ","453.94"
"02/05/2017 14:00:00 - 02/05/2017 15:00:00","BZN|DK1","422.00","n/e"," ","436.42"
"02/05/2017 15:00:00 - 02/05/2017 16:00:00","BZN|DK1","383.00","n/e"," ","393.94"
"02/05/2017 16:00:00 - 02/05/2017 17:00:00","BZN|DK1","321.00","n/e"," ","315.68"
"02/05/2017 17:00:00 - 02/05/2017 18:00:00","BZN|DK1","216.00","n/e"," ","223.19"
"02/05/2017 18:00:00 - 02/05/2017 19:00:00","BZN|DK1","130.00","n/e"," ","131.86"
"02/05/2017 19:00:00 - 02/05/2017 20:00:00","BZN|DK1","53.00","n/e"," ","57.34"
"02/05/2017 20:00:00 - 02/05/2017 21:00:00","BZN|DK1","10.00","n/e"," ","12.40"
"02/05/2017 21:00:00 - 02/05/2017 22:00:00","BZN|DK1","0.00","n/e"," ","0.23"
"02/05/2017 22:00:00 - 02/05/2017 23:00:00","BZN|DK1","0.00","n/e"," ","0.03"
"02/05/2017 23:00:00 - 03/05/2017 00:00:00","BZN|DK1","0.00","n/e"," ","0.00"
"03/05/2017 00:00:00 - 03/05/2017 01:00:00","BZN|DK1","0.00","n/e"," ","0.00"
"03/05/2017 01:00:00 - 03/05/2017 02:00:00","BZN|DK1","0.00","n/e"," ","0.00"
"03/05/2017 02:00:00 - 03/05/2017 03:00:00","BZN|DK1","0.00","n/e"," ","0.00"
"03/05/2017 03:00:00 - 03/05/2017 04:00:00","BZN|DK1","0.00","n/e"," ","0.00"
"03/05/2017 04:00:00 - 03/05/2017 05:00:00","BZN|DK1","0.00","n/e"," ","0.03"
"03/05/2017 05:00:00 - 03/05/2017 06:00:00","BZN|DK1","1.00","n/e"," ","0.56"
"03/05/2017 06:00:00 - 03/05/2017 07:00:00","BZN|DK1","19.00","n/e"," ","14.64"
"03/05/2017 07:00:00 - 03/05/2017 08:00:00","BZN|DK1","54.00","n/e"," ","52.17"
"03/05/2017 08:00:00 - 03/05/2017 09:00:00","BZN|DK1","109.00","n/e"," ","115.08"
"03/05/2017 09:00:00 - 03/05/2017 10:00:00","BZN|DK1","182.00","n/e"," ","202.41"
"03/05/2017 10:00:00 - 03/05/2017 11:00:00","BZN|DK1","247.00","n/e"," ","272.41"
"03/05/2017 11:00:00 - 03/05/2017 12:00:00","BZN|DK1","319.00","n/e"," ","338.81"
"03/05/2017 12:00:00 - 03/05/2017 13:00:00","BZN|DK1","353.00","n/e"," ","390.93"
"03/05/2017 13:00:00 - 03/05/2017 14:00:00","BZN|DK1","380.00","n/e"," ","413.10"
"03/05/2017 14:00:00 - 03/05/2017 15:00:00","BZN|DK1","400.00","n/e"," ","402.30"
"03/05/2017 15:00:00 - 03/05/2017 16:00:00","BZN|DK1","367.00","n/e"," ","374.23"
"03/05/2017 16:00:00 - 03/05/2017 17:00:00","BZN|DK1","320.00","n/e"," ","319.39"
"03/05/2017 17:00:00 - 03/05/2017 18:00:00","BZN|DK1","224.00","n/e"," ","241.24"
"03/05/2017 18:00:00 - 03/05/2017 19:00:00","BZN|DK1","134.00","n/e"," ","141.66"
"03/05/2017 19:00:00 - 03/05/2017 20:00:00","BZN|DK1","54.00","n/e"," ","56.54"
"03/05/2017 20:00:00 - 03/05/2017 21:00:00","BZN|DK1","11.00","n/e"," ","11.12"
"03/05/2017 21:00:00 - 03/05/2017 22:00:00","BZN|DK1","0.00","n/e"," ","0.17"
"03/05/2017 22:00:00 - 03/05/2017 23:00:00","BZN|DK1","0.00","n/e"," ","0.04"
"03/05/2017 23:00:00 - 04/05/2017 00:00:00","BZN|DK1","0.00","n/e"," ","0.04"
"04/05/2017 00:00:00 - 04/05/2017 01:00:00","BZN|DK1","0.00","n/e"," ","0.04"
"04/05/2017 01:00:00 - 04/05/2017 02:00:00","BZN|DK1","0.00","n/e"," ","0.04"
"04/05/2017 02:00:00 - 04/05/2017 03:00:00","BZN|DK1","0.00","n/e"," ","0.04"
"04/05/2017 03:00:00 - 04/05/2017 04:00:00","BZN|DK1","0.00","n/e"," ","0.04"
"04/05/2017 04:00:00 - 04/05/2017 05:00:00","BZN|DK1","0.00","n/e"," ","0.04"
"04/05/2017 05:00:00 - 04/05/2017 06:00:00","BZN|DK1","1.00","n/e"," ","1.70"
"04/05/2017 06:00:00 - 04/05/2017 07:00:00","BZN|DK1","23.00","n/e"," ","21.87"
"04/05/2017 07:00:00 - 04/05/2017 08:00:00","BZN|DK1","69.00","n/e"," ","65.63"
"04/05/2017 08:00:00 - 04/05/2017 09:00:00","BZN|DK1","141.00","n/e"," ","128.72"
"04/05/2017 09:00:00 - 04/05/2017 10:00:00","BZN|DK1","225.00","n/e"," ","205.12"
"04/05/2017 10:00:00 - 04/05/2017 11:00:00","BZN|DK1","288.00","n/e"," ","266.39"
"04/05/2017 11:00:00 - 04/05/2017 12:00:00","BZN|DK1","334.00","n/e"," ","322.93"
"04/05/2017 12:00:00 - 04/05/2017 13:00:00","BZN|DK1","355.00","n/e"," ","371.03"
"04/05/2017 13:00:00 - 04/05/2017 14:00:00","BZN|DK1","359.00","n/e"," ","410.04"
"04/05/2017 14:00:00 - 04/05/2017 15:00:00","BZN|DK1","359.00","n/e"," ","390.14"
"04/05/2017 15:00:00 - 04/05/2017 16:00:00","BZN|DK1","324.00","n/e"," ","342.27"
"04/05/2017 16:00:00 - 04/05/2017 17:00:00","BZN|DK1","283.00","n/e"," ","277.11"
"04/05/2017 17:00:00 - 04/05/2017 18:00:00","BZN|DK1","193.00","n/e"," ","208.04"
"04/05/2017 18:00:00 - 04/05/2017 19:00:00","BZN|DK1","118.00","n/e"," ","129.60"
"04/05/2017 19:00:00 - 04/05/2017 20:00:00","BZN|DK1","51.00","n/e"," ","56.77"
"04/05/2017 20:00:00 - 04/05/2017 21:00:00","BZN|DK1","11.00","n/e"," ","14.06"
"04/05/2017 21:00:00 - 04/05/2017 22:00:00","BZN|DK1","0.00","n/e"," ","0.46"
"04/05/2017 22:00:00 - 04/05/2017 23:00:00","BZN|DK1","0.00","n/e"," ","0.03"
"04/05/2017 23:00:00 - 05/05/2017 00:00:00","BZN|DK1","0.00","n/e"," ","0.00"
"05/05/2017 00:00:00 - 05/05/2017 01:00:00","BZN|DK1","0.00","n/e"," ","0.00"
"05/05/2017 01:00:00 - 05/05/2017 02:00:00","BZN|DK1","0.00","n/e"," ","0.00"
"05/05/2017 02:00:00 - 05/05/2017 03:00:00","BZN|DK1","0.00","n/e"," ","0.00"
"05/05/2017 03:00:00 - 05/05/2017 04:00:00","BZN|DK1","0.00","n/e"," ","0.00"
"05/05/2017 04:00:00 - 05/05/2017 05:00:00","BZN|DK1","0.00","n/e"," ","0.03"
"05/05/2017 05:00:00 - 05/05/2017 06:00:00","BZN|DK1","1.00","n/e"," ","0.97"
"05/05/2017 06:00:00 - 05/05/2017 07:00:00","BZN|DK1","21.00","n/e"," ","19.37"
"05/05/2017 07:00:00 - 05/05/2017 08:00:00","BZN|DK1","61.00","n/e"," ","60.89"
"05/05/2017 08:00:00 - 05/05/2017 09:00:00","BZN|DK1","124.00","n/e"," ","134.67"
"05/05/2017 09:00:00 - 05/05/2017 10:00:00","BZN|DK1","185.00","n/e"," ","219.86"
"05/05/2017 10:00:00 - 05/05/2017 11:00:00","BZN|DK1","233.00","n/e"," ","289.70"
"05/05/2017 11:00:00 - 05/05/2017 12:00:00","BZN|DK1","263.00","n/e"," ","334.93"
"05/05/2017 12:00:00 - 05/05/2017 13:00:00","BZN|DK1","266.00","n/e"," ","329.76"
"05/05/2017 13:00:00 - 05/05/2017 14:00:00","BZN|DK1","249.00","n/e"," ","307.64"
"05/05/2017 14:00:00 - 05/05/2017 15:00:00","BZN|DK1","218.00","n/e"," ","245.23"
"05/05/2017 15:00:00 - 05/05/2017 16:00:00","BZN|DK1","198.00","n/e"," ","203.56"
"05/05/2017 16:00:00 - 05/05/2017 17:00:00","BZN|DK1","167.00","n/e"," ","138.84"
"05/05/2017 17:00:00 - 05/05/2017 18:00:00","BZN|DK1","108.00","n/e"," ","88.49"
"05/05/2017 18:00:00 - 05/05/2017 19:00:00","BZN|DK1","65.00","n/e"," ","52.90"
"05/05/2017 19:00:00 - 05/05/2017 20:00:00","BZN|DK1","28.00","n/e"," ","21.04"
"05/05/2017 20:00:00 - 05/05/2017 21:00:00","BZN|DK1","6.00","n/e"," ","4.94"
"05/05/2017 21:00:00 - 05/05/2017 22:00:00","BZN|DK1","0.00","n/e"," ","0.20"
"05/05/2017 22:00:00 - 05/05/2017 23:00:00","BZN|DK1","0.00","n/e"," ","0.03"
"05/05/2017 23:00:00 - 06/05/2017 00:00:00","BZN|DK1","0.00","n/e"," ","0.00"
"06/05/2017 00:00:00 - 06/05/2017 01:00:00","BZN|DK1","0.00","n/e"," ","0.00"
"06/05/2017 01:00:00 - 06/05/2017 02:00:00","BZN|DK1","0.00","n/e"," ","0.00"
"06/05/2017 02:00:00 - 06/05/2017 03:00:00","BZN|DK1","0.00","n/e"," ","0.00"
"06/05/2017 03:00:00 - 06/05/2017 04:00:00","BZN|DK1","0.00","n/e"," ","0.00"
"06/05/2017 04:00:00 - 06/05/2017 05:00:00","BZN|DK1","0.00","n/e"," ","0.01"
"06/05/2017 05:00:00 - 06/05/2017 06:00:00","BZN|DK1","1.00","n/e"," ","1.31"
"06/05/2017 06:00:00 - 06/05/2017 07:00:00","BZN|DK1","17.00","n/e"," ","17.57"
"06/05/2017 07:00:00 - 06/05/2017 08:00:00","BZN|DK1","58.00","n/e"," ","53.91"
"06/05/2017 08:00:00 - 06/05/2017 09:00:00","BZN|DK1","128.00","n/e"," ","109.65"
"06/05/2017 09:00:00 - 06/05/2017 10:00:00","BZN|DK1","205.00","n/e"," ","174.47"
"06/05/2017 10:00:00 - 06/05/2017 11:00:00","BZN|DK1","275.00","n/e"," ","231.50"
"06/05/2017 11:00:00 - 06/05/2017 12:00:00","BZN|DK1","338.00","n/e"," ","301.23"
"06/05/2017 12:00:00 - 06/05/2017 13:00:00","BZN|DK1","372.00","n/e"," ","346.62"
"06/05/2017 13:00:00 - 06/05/2017 14:00:00","BZN|DK1","389.00","n/e"," ","384.87"
"06/05/2017 14:00:00 - 06/05/2017 15:00:00","BZN|DK1","382.00","n/e"," ","360.37"
"06/05/2017 15:00:00 - 06/05/2017 16:00:00","BZN|DK1","349.00","n/e"," ","317.73"
"06/05/2017 16:00:00 - 06/05/2017 17:00:00","BZN|DK1","301.00","n/e"," ","278.61"
"06/05/2017 17:00:00 - 06/05/2017 18:00:00","BZN|DK1","209.00","n/e"," ","215.57"
"06/05/2017 18:00:00 - 06/05/2017 19:00:00","BZN|DK1","131.00","n/e"," ","143.30"
"06/05/2017 19:00:00 - 06/05/2017 20:00:00","BZN|DK1","56.00","n/e"," ","59.03"
"06/05/2017 20:00:00 - 06/05/2017 21:00:00","BZN|DK1","12.00","n/e"," ","13.39"
"06/05/2017 21:00:00 - 06/05/2017 22:00:00","BZN|DK1","0.00","n/e"," ","0.43"
"06/05/2017 22:00:00 - 06/05/2017 23:00:00","BZN|DK1","0.00","n/e"," ","0.03"
"06/05/2017 23:00:00 - 07/05/2017 00:00:00","BZN|DK1","0.00","n/e"," ","0.00"
"07/05/2017 00:00:00 - 07/05/2017 01:00:00","BZN|DK1","0.00","n/e"," ","0.00"
"07/05/2017 01:00:00 - 07/05/2017 02:00:00","BZN|DK1","0.00","n/e"," ","0.00"
"07/05/2017 02:00:00 - 07/05/2017 03:00:00","BZN|DK1","0.00","n/e"," ","0.00"
"07/05/2017 03:00:00 - 07/05/2017 04:00:00","BZN|DK1","0.00","n/e"," ","0.00"
"07/05/2017 04:00:00 - 07/05/2017 05:00:00","BZN|DK1","0.00","n/e"," ","0.04"
"07/05/2017 05:00:00 - 07/05/2017 06:00:00","BZN|DK1","1.00","n/e"," ","1.74"
"07/05/2017 06:00:00 - 07/05/2017 07:00:00","BZN|DK1","26.00","n/e"," ","22.80"
"07/05/2017 07:00:00 - 07/05/2017 08:00:00","BZN|DK1","76.00","n/e"," ","72.87"
"07/05/2017 08:00:00 - 07/05/2017 09:00:00","BZN|DK1","163.00","n/e"," ","161.20"
"07/05/2017 09:00:00 - 07/05/2017 10:00:00","BZN|DK1","254.00","n/e"," ","248.87"
"07/05/2017 10:00:00 - 07/05/2017 11:00:00","BZN|DK1","329.00","n/e"," ","326.95"
"07/05/2017 11:00:00 - 07/05/2017 12:00:00","BZN|DK1","389.00","n/e"," ","371.13"
"07/05/2017 12:00:00 - 07/05/2017 13:00:00","BZN|DK1","418.00","n/e"," ","399.95"
"07/05/2017 13:00:00 - 07/05/2017 14:00:00","BZN|DK1","425.00","n/e"," ","394.60"
"07/05/2017 14:00:00 - 07/05/2017 15:00:00","BZN|DK1","389.00","n/e"," ","355.26"
"07/05/2017 15:00:00 - 07/05/2017 16:00:00","BZN|DK1","344.00","n/e"," ","295.38"
"07/05/2017 16:00:00 - 07/05/2017 17:00:00","BZN|DK1","287.00","n/e"," ","228.89"
"07/05/2017 17:00:00 - 07/05/2017 18:00:00","BZN|DK1","193.00","n/e"," ","159.74"
"07/05/2017 18:00:00 - 07/05/2017 19:00:00","BZN|DK1","117.00","n/e"," ","82.77"
"07/05/2017 19:00:00 - 07/05/2017 20:00:00","BZN|DK1","48.00","n/e"," ","36.15"
"07/05/2017 20:00:00 - 07/05/2017 21:00:00","BZN|DK1","10.00","n/e"," ","9.61"
"07/05/2017 21:00:00 - 07/05/2017 22:00:00","BZN|DK1","0.00","n/e"," ","0.33"
"07/05/2017 22:00:00 - 07/05/2017 23:00:00","BZN|DK1","0.00","n/e"," ","0.03"
"07/05/2017 23:00:00 - 08/05/2017 00:00:00","BZN|DK1","0.00","n/e"," ","0.00"
"08/05/2017 00:00:00 - 08/05/2017 01:00:00","BZN|DK1","0.00","n/e"," ","0.00"
"08/05/2017 01:00:00 - 08/05/2017 02:00:00","BZN|DK1","0.00","n/e"," ","0.00"
"08/05/2017 02:00:00 - 08/05/2017 03:00:00","BZN|DK1","0.00","n/e"," ","0.00"
"08/05/2017 03:00:00 - 08/05/2017 04:00:00","BZN|DK1","0.00","n/e"," ","0.00"
"08/05/2017 04:00:00 - 08/05/2017 05:00:00","BZN|DK1","0.00","n/e"," ","0.03"
"08/05/2017 05:00:00 - 08/05/2017 06:00:00","BZN|DK1","1.00","n/e"," ","2.50"
"08/05/2017 06:00:00 - 08/05/2017 07:00:00","BZN|DK1","26.00","n/e"," ","25.44"
"08/05/2017 07:00:00 - 08/05/2017 08:00:00","BZN|DK1","73.00","n/e"," ","70.20"
"08/05/2017 08:00:00 - 08/05/2017 09:00:00","BZN|DK1","145.00","n/e"," ","137.13"
"08/05/2017 09:00:00 - 08/05/2017 10:00:00","BZN|DK1","237.00","n/e"," ","226.55"
"08/05/2017 10:00:00 - 08/05/2017 11:00:00","BZN|DK1","316.00","n/e"," ","318.87"
"08/05/2017 11:00:00 - 08/05/2017 12:00:00","BZN|DK1","380.00","n/e"," ","382.59"
"08/05/2017 12:00:00 - 08/05/2017 13:00:00","BZN|DK1","414.00","n/e"," ","427.77"
"08/05/2017 13:00:00 - 08/05/2017 14:00:00","BZN|DK1","432.00","n/e"," ","439.95"
"08/05/2017 14:00:00 - 08/05/2017 15:00:00","BZN|DK1","419.00","n/e"," ","408.00"
"08/05/2017 15:00:00 - 08/05/2017 16:00:00","BZN|DK1","376.00","n/e"," ","384.22"
"08/05/2017 16:00:00 - 08/05/2017 17:00:00","BZN|DK1","319.00","n/e"," ","334.80"
"08/05/2017 17:00:00 - 08/05/2017 18:00:00","BZN|DK1","227.00","n/e"," ","257.18"
"08/05/2017 18:00:00 - 08/05/2017 19:00:00","BZN|DK1","145.00","n/e"," ","155.82"
"08/05/2017 19:00:00 - 08/05/2017 20:00:00","BZN|DK1","64.00","n/e"," ","63.67"
"08/05/2017 20:00:00 - 08/05/2017 21:00:00","BZN|DK1","15.00","n/e"," ","13.75"
"08/05/2017 21:00:00 - 08/05/2017 22:00:00","BZN|DK1","1.00","n/e"," ","0.47"
"08/05/2017 22:00:00 - 08/05/2017 23:00:00","BZN|DK1","0.00","n/e"," ","0.04"
"08/05/2017 23:00:00 - 09/05/2017 00:00:00","BZN|DK1","0.00","n/e"," ","0.00"
"09/05/2017 00:00:00 - 09/05/2017 01:00:00","BZN|DK1","0.00","n/e"," ","0.00"
"09/05/2017 01:00:00 - 09/05/2017 02:00:00","BZN|DK1","0.00","n/e"," ","0.00"
"09/05/2017 02:00:00 - 09/05/2017 03:00:00","BZN|DK1","0.00","n/e"," ","0.00"
"09/05/2017 03:00:00 - 09/05/2017 04:00:00","BZN|DK1","0.00","n/e"," ","0.00"
"09/05/2017 04:00:00 - 09/05/2017 05:00:00","BZN|DK1","0.00","n/e"," ","0.03"
"09/05/2017 05:00:00 - 09/05/2017 06:00:00","BZN|DK1","1.00","n/e"," ","2.02"
"09/05/2017 06:00:00 - 09/05/2017 07:00:00","BZN|DK1","25.00","n/e"," ","29.05"
"09/05/2017 07:00:00 - 09/05/2017 08:00:00","BZN|DK1","65.00","n/e"," ","62.83"
"09/05/2017 08:00:00 - 09/05/2017 09:00:00","BZN|DK1","132.00","n/e"," ","128.09"
"09/05/2017 09:00:00 - 09/05/2017 10:00:00","BZN|DK1","200.00","n/e"," ","168.09"
"09/05/2017 10:00:00 - 09/05/2017 11:00:00","BZN|DK1","226.00","n/e"," ","180.99"
"09/05/2017 11:00:00 - 09/05/2017 12:00:00","BZN|DK1","227.00","n/e"," ","171.72"
"09/05/2017 12:00:00 - 09/05/2017 13:00:00","BZN|DK1","223.00","n/e"," ","175.97"
"09/05/2017 13:00:00 - 09/05/2017 14:00:00","BZN|DK1","228.00","n/e"," ","168.55"
"09/05/2017 14:00:00 - 09/05/2017 15:00:00","BZN|DK1","236.00","n/e"," ","153.87"
"09/05/2017 15:00:00 - 09/05/2017 16:00:00","BZN|DK1","205.00","n/e"," ","146.86"
"09/05/2017 16:00:00 - 09/05/2017 17:00:00","BZN|DK1","165.00","n/e"," ","133.06"
"09/05/2017 17:00:00 - 09/05/2017 18:00:00","BZN|DK1","101.00","n/e"," ","119.75"
"09/05/2017 18:00:00 - 09/05/2017 19:00:00","BZN|DK1","55.00","n/e"," ","77.68"
"09/05/2017 19:00:00 - 09/05/2017 20:00:00","BZN|DK1","24.00","n/e"," ","38.12"
"09/05/2017 20:00:00 - 09/05/2017 21:00:00","BZN|DK1","5.00","n/e"," ","10.40"
"09/05/2017 21:00:00 - 09/05/2017 22:00:00","BZN|DK1","0.00","n/e"," ","0.20"
"09/05/2017 22:00:00 - 09/05/2017 23:00:00","BZN|DK1","0.00","n/e"," ","0.04"
"09/05/2017 23:00:00 - 10/05/2017 00:00:00","BZN|DK1","0.00","n/e"," ","0.00"
"10/05/2017 00:00:00 - 10/05/2017 01:00:00","BZN|DK1","0.00","n/e"," ","0.00"
"10/05/2017 01:00:00 - 10/05/2017 02:00:00","BZN|DK1","0.00","n/e"," ","0.00"
"10/05/2017 02:00:00 - 10/05/2017 03:00:00","BZN|DK1","0.00","n/e"," ","0.00"
"10/05/2017 03:00:00 - 10/05/2017 04:00:00","BZN|DK1","0.00","n/e"," ","0.00"
"10/05/2017 04:00:00 - 10/05/2017 05:00:00","BZN|DK1","0.00","n/e"," ","0.03"
"10/05/2017 05:00:00 - 10/05/2017 06:00:00","BZN|DK1","0.00","n/e"," ","1.23"
"10/05/2017 06:00:00 - 10/05/2017 07:00:00","BZN|DK1","7.00","n/e"," ","15.16"
"10/05/2017 07:00:00 - 10/05/2017 08:00:00","BZN|DK1","23.00","n/e"," ","45.31"
"10/05/2017 08:00:00 - 10/05/2017 09:00:00","BZN|DK1","40.00","n/e"," ","81.49"
"10/05/2017 09:00:00 - 10/05/2017 10:00:00","BZN|DK1","61.00","n/e"," ","119.38"
"10/05/2017 10:00:00 - 10/05/2017 11:00:00","BZN|DK1","74.00","n/e"," ","153.80"
"10/05/2017 11:00:00 - 10/05/2017 12:00:00","BZN|DK1","79.00","n/e"," ","161.65"
"10/05/2017 12:00:00 - 10/05/2017 13:00:00","BZN|DK1","83.00","n/e"," ","150.63"
"10/05/2017 13:00:00 - 10/05/2017 14:00:00","BZN|DK1","83.00","n/e"," ","153.68"
"10/05/2017 14:00:00 - 10/05/2017 15:00:00","BZN|DK1","79.00","n/e"," ","152.06"
"10/05/2017 15:00:00 - 10/05/2017 16:00:00","BZN|DK1","61.00","n/e"," ","142.08"
"10/05/2017 16:00:00 - 10/05/2017 17:00:00","BZN|DK1","55.00","n/e"," ","130.48"
"10/05/2017 17:00:00 - 10/05/2017 18:00:00","BZN|DK1","45.00","n/e"," ","103.27"
"10/05/2017 18:00:00 - 10/05/2017 19:00:00","BZN|DK1","28.00","n/e"," ","66.58"
"10/05/2017 19:00:00 - 10/05/2017 20:00:00","BZN|DK1","13.00","n/e"," ","38.11"
"10/05/2017 20:00:00 - 10/05/2017 21:00:00","BZN|DK1","3.00","n/e"," ","10.98"
"10/05/2017 21:00:00 - 10/05/2017 22:00:00","BZN|DK1","0.00","n/e"," ","0.31"
"10/05/2017 22:00:00 - 10/05/2017 23:00:00","BZN|DK1","0.00","n/e"," ","0.03"
"10/05/2017 23:00:00 - 11/05/2017 00:00:00","BZN|DK1","0.00","n/e"," ","0.00"
"11/05/2017 00:00:00 - 11/05/2017 01:00:00","BZN|DK1","0.00","n/e"," ","0.00"
"11/05/2017 01:00:00 - 11/05/2017 02:00:00","BZN|DK1","0.00","n/e"," ","0.00"
"11/05/2017 02:00:00 - 11/05/2017 03:00:00","BZN|DK1","0.00","n/e"," ","0.00"
"11/05/2017 03:00:00 - 11/05/2017 04:00:00","BZN|DK1","0.00","n/e"," ","0.00"
"11/05/2017 04:00:00 - 11/05/2017 05:00:00","BZN|DK1","0.00","n/e"," ","0.04"
"11/05/2017 05:00:00 - 11/05/2017 06:00:00","BZN|DK1","1.00","n/e"," ","1.48"
"11/05/2017 06:00:00 - 11/05/2017 07:00:00","BZN|DK1","14.00","n/e"," ","16.80"
"11/05/2017 07:00:00 - 11/05/2017 08:00:00","BZN|DK1","38.00","n/e"," ","49.09"
"11/05/2017 08:00:00 - 11/05/2017 09:00:00","BZN|DK1","78.00","n/e"," ","93.78"
"11/05/2017 09:00:00 - 11/05/2017 10:00:00","BZN|DK1","124.00","n/e"," ","145.88"
"11/05/2017 10:00:00 - 11/05/2017 11:00:00","BZN|DK1","162.00","n/e"," ","159.67"
"11/05/2017 11:00:00 - 11/05/2017 12:00:00","BZN|DK1","196.00","n/e"," ","189.87"
"11/05/2017 12:00:00 - 11/05/2017 13:00:00","BZN|DK1","224.00","n/e"," ","214.93"
"11/05/2017 13:00:00 - 11/05/2017 14:00:00","BZN|DK1","236.00","n/e"," ","234.32"
"11/05/2017 14:00:00 - 11/05/2017 15:00:00","BZN|DK1","242.00","n/e"," ","242.10"
"11/05/2017 15:00:00 - 11/05/2017 16:00:00","BZN|DK1","230.00","n/e"," ","221.11"
"11/05/2017 16:00:00 - 11/05/2017 17:00:00","BZN|DK1","206.00","n/e"," ","209.25"
"11/05/2017 17:00:00 - 11/05/2017 18:00:00","BZN|DK1","159.00","n/e"," ","164.96"
"11/05/2017 18:00:00 - 11/05/2017 19:00:00","BZN|DK1","102.00","n/e"," ","115.35"
"11/05/2017 19:00:00 - 11/05/2017 20:00:00","BZN|DK1","48.00","n/e"," ","58.63"
"11/05/2017 20:00:00 - 11/05/2017 21:00:00","BZN|DK1","12.00","n/e"," ","17.63"
"11/05/2017 21:00:00 - 11/05/2017 22:00:00","BZN|DK1","1.00","n/e"," ","1.04"
"11/05/2017 22:00:00 - 11/05/2017 23:00:00","BZN|DK1","0.00","n/e"," ","0.05"
"11/05/2017 23:00:00 - 12/05/2017 00:00:00","BZN|DK1","0.00","n/e"," ","0.00"
"12/05/2017 00:00:00 - 12/05/2017 01:00:00","BZN|DK1","0.00","n/e"," ","0.00"
"12/05/2017 01:00:00 - 12/05/2017 02:00:00","BZN|DK1","0.00","n/e"," ","0.00"
"12/05/2017 02:00:00 - 12/05/2017 03:00:00","BZN|DK1","0.00","n/e"," ","0.00"
"12/05/2017 03:00:00 - 12/05/2017 04:00:00","BZN|DK1","0.00","n/e"," ","0.00"
"12/05/2017 04:00:00 - 12/05/2017 05:00:00","BZN|DK1","0.00","n/e"," ","0.04"
"12/05/2017 05:00:00 - 12/05/2017 06:00:00","BZN|DK1","3.00","n/e"," ","2.73"
"12/05/2017 06:00:00 - 12/05/2017 07:00:00","BZN|DK1","29.00","n/e"," ","26.14"
"12/05/2017 07:00:00 - 12/05/2017 08:00:00","BZN|DK1","73.00","n/e"," ","71.61"
"12/05/2017 08:00:00 - 12/05/2017 09:00:00","BZN|DK1","142.00","n/e"," ","149.98"
"12/05/2017 09:00:00 - 12/05/2017 10:00:00","BZN|DK1","206.00","n/e"," ","238.47"
"12/05/2017 10:00:00 - 12/05/2017 11:00:00","BZN|DK1","245.00","n/e"," ","308.55"
"12/05/2017 11:00:00 - 12/05/2017 12:00:00","BZN|DK1","256.00","n/e"," ","351.17"
"12/05/2017 12:00:00 - 12/05/2017 13:00:00","BZN|DK1","257.00","n/e"," ","361.06"
"12/05/2017 13:00:00 - 12/05/2017 14:00:00","BZN|DK1","216.00","n/e"," ","365.92"
"12/05/2017 14:00:00 - 12/05/2017 15:00:00","BZN|DK1","143.00","n/e"," ","324.30"
"12/05/2017 15:00:00 - 12/05/2017 16:00:00","BZN|DK1","126.00","n/e"," ","249.46"
"12/05/2017 16:00:00 - 12/05/2017 17:00:00","BZN|DK1","110.00","n/e"," ","189.28"
"12/05/2017 17:00:00 - 12/05/2017 18:00:00","BZN|DK1","70.00","n/e"," ","133.74"
"12/05/2017 18:00:00 - 12/05/2017 19:00:00","BZN|DK1","48.00","n/e"," ","78.60"
"12/05/2017 19:00:00 - 12/05/2017 20:00:00","BZN|DK1","23.00","n/e"," ","34.22"
"12/05/2017 20:00:00 - 12/05/2017 21:00:00","BZN|DK1","5.00","n/e"," ","8.16"
"12/05/2017 21:00:00 - 12/05/2017 22:00:00","BZN|DK1","0.00","n/e"," ","0.28"
"12/05/2017 22:00:00 - 12/05/2017 23:00:00","BZN|DK1","0.00","n/e"," ","0.04"
"12/05/2017 23:00:00 - 13/05/2017 00:00:00","BZN|DK1","0.00","n/e"," ","0.00"
"13/05/2017 00:00:00 - 13/05/2017 01:00:00","BZN|DK1","0.00","n/e"," ","0.00"
"13/05/2017 01:00:00 - 13/05/2017 02:00:00","BZN|DK1","0.00","n/e"," ","0.00"
"13/05/2017 02:00:00 - 13/05/2017 03:00:00","BZN|DK1","0.00","n/e"," ","0.00"
"13/05/2017 03:00:00 - 13/05/2017 04:00:00","BZN|DK1","0.00","n/e"," ","0.00"
"13/05/2017 04:00:00 - 13/05/2017 05:00:00","BZN|DK1","0.00","n/e"," ","0.03"
"13/05/2017 05:00:00 - 13/05/2017 06:00:00","BZN|DK1","1.00","n/e"," ","0.74"
"13/05/2017 06:00:00 - 13/05/2017 07:00:00","BZN|DK1","12.00","n/e"," ","16.06"
"13/05/2017 07:00:00 - 13/05/2017 08:00:00","BZN|DK1","47.00","n/e"," ","50.93"
"13/05/2017 08:00:00 - 13/05/2017 09:00:00","BZN|DK1","110.00","n/e"," ","120.44"
"13/05/2017 09:00:00 - 13/05/2017 10:00:00","BZN|DK1","172.00","n/e"," ","184.75"
"13/05/2017 10:00:00 - 13/05/2017 11:00:00","BZN|DK1","231.00","n/e"," ","228.79"
"13/05/2017 11:00:00 - 13/05/2017 12:00:00","BZN|DK1","282.00","n/e"," ","296.11"
"13/05/2017 12:00:00 - 13/05/2017 13:00:00","BZN|DK1","302.00","n/e"," ","332.73"
"13/05/2017 13:00:00 - 13/05/2017 14:00:00","BZN|DK1","306.00","n/e"," ","315.95"
"13/05/2017 14:00:00 - 13/05/2017 15:00:00","BZN|DK1","304.00","n/e"," ","296.39"
"13/05/2017 15:00:00 - 13/05/2017 16:00:00","BZN|DK1","259.00","n/e"," ","234.39"
"13/05/2017 16:00:00 - 13/05/2017 17:00:00","BZN|DK1","196.00","n/e"," ","161.35"
"13/05/2017 17:00:00 - 13/05/2017 18:00:00","BZN|DK1","113.00","n/e"," ","90.61"
"13/05/2017 18:00:00 - 13/05/2017 19:00:00","BZN|DK1","61.00","n/e"," ","46.90"
"13/05/2017 19:00:00 - 13/05/2017 20:00:00","BZN|DK1","25.00","n/e"," ","24.61"
"13/05/2017 20:00:00 - 13/05/2017 21:00:00","BZN|DK1","6.00","n/e"," ","8.53"
"13/05/2017 21:00:00 - 13/05/2017 22:00:00","BZN|DK1","0.00","n/e"," ","0.40"
"13/05/2017 22:00:00 - 13/05/2017 23:00:00","BZN|DK1","0.00","n/e"," ","0.04"
"13/05/2017 23:00:00 - 14/05/2017 00:00:00","BZN|DK1","0.00","n/e"," ","0.00"
"14/05/2017 00:00:00 - 14/05/2017 01:00:00","BZN|DK1","0.00","n/e"," ","0.00"
"14/05/2017 01:00:00 - 14/05/2017 02:00:00","BZN|DK1","0.00","n/e"," ","0.00"
"14/05/2017 02:00:00 - 14/05/2017 03:00:00","BZN|DK1","0.00","n/e"," ","0.00"
"14/05/2017 03:00:00 - 14/05/2017 04:00:00","BZN|DK1","0.00","n/e"," ","0.00"
"14/05/2017 04:00:00 - 14/05/2017 05:00:00","BZN|DK1","0.00","n/e"," ","0.03"
"14/05/2017 05:00:00 - 14/05/2017 06:00:00","BZN|DK1","3.00","n/e"," ","1.16"
"14/05/2017 06:00:00 - 14/05/2017 07:00:00","BZN|DK1","23.00","n/e"," ","13.63"
"14/05/2017 07:00:00 - 14/05/2017 08:00:00","BZN|DK1","51.00","n/e"," ","38.97"
"14/05/2017 08:00:00 - 14/05/2017 09:00:00","BZN|DK1","77.00","n/e"," ","75.10"
"14/05/2017 09:00:00 - 14/05/2017 10:00:00","BZN|DK1","113.00","n/e"," ","149.94"
"14/05/2017 10:00:00 - 14/05/2017 11:00:00","BZN|DK1","152.00","n/e"," ","226.44"
"14/05/2017 11:00:00 - 14/05/2017 12:00:00","BZN|DK1","231.00","n/e"," ","286.96"
"14/05/2017 12:00:00 - 14/05/2017 13:00:00","BZN|DK1","288.00","n/e"," ","316.73"
"14/05/2017 13:00:00 - 14/05/2017 14:00:00","BZN|DK1","317.00","n/e"," ","320.47"
"14/05/2017 14:00:00 - 14/05/2017 15:00:00","BZN|DK1","323.00","n/e"," ","309.14"
"14/05/2017 15:00:00 - 14/05/2017 16:00:00","BZN|DK1","305.00","n/e"," ","295.50"
"14/05/2017 16:00:00 - 14/05/2017 17:00:00","BZN|DK1","265.00","n/e"," ","255.44"
"14/05/2017 17:00:00 - 14/05/2017 18:00:00","BZN|DK1","196.00","n/e"," ","201.82"
"14/05/2017 18:00:00 - 14/05/2017 19:00:00","BZN|DK1","128.00","n/e"," ","126.29"
"14/05/2017 19:00:00 - 14/05/2017 20:00:00","BZN|DK1","60.00","n/e"," ","61.23"
"14/05/2017 20:00:00 - 14/05/2017 21:00:00","BZN|DK1","15.00","n/e"," ","17.88"
"14/05/2017 21:00:00 - 14/05/2017 22:00:00","BZN|DK1","1.00","n/e"," ","1.30"
"14/05/2017 22:00:00 - 14/05/2017 23:00:00","BZN|DK1","0.00","n/e"," ","0.06"
"14/05/2017 23:00:00 - 15/05/2017 00:00:00","BZN|DK1","0.00","n/e"," ","0.00"
"15/05/2017 00:00:00 - 15/05/2017 01:00:00","BZN|DK1","0.00","n/e"," ","0.00"
"15/05/2017 01:00:00 - 15/05/2017 02:00:00","BZN|DK1","0.00","n/e"," ","0.00"
"15/05/2017 02:00:00 - 15/05/2017 03:00:00","BZN|DK1","0.00","n/e"," ","0.00"
"15/05/2017 03:00:00 - 15/05/2017 04:00:00","BZN|DK1","0.00","n/e"," ","0.00"
"15/05/2017 04:00:00 - 15/05/2017 05:00:00","BZN|DK1","0.00","n/e"," ","0.03"
"15/05/2017 05:00:00 - 15/05/2017 06:00:00","BZN|DK1","3.00","n/e"," ","0.70"
"15/05/2017 06:00:00 - 15/05/2017 07:00:00","BZN|DK1","22.00","n/e"," ","8.94"
"15/05/2017 07:00:00 - 15/05/2017 08:00:00","BZN|DK1","52.00","n/e"," ","36.86"
"15/05/2017 08:00:00 - 15/05/2017 09:00:00","BZN|DK1","116.00","n/e"," ","95.53"
"15/05/2017 09:00:00 - 15/05/2017 10:00:00","BZN|DK1","200.00","n/e"," ","200.36"
"15/05/2017 10:00:00 - 15/05/2017 11:00:00","BZN|DK1","277.00","n/e"," ","317.89"
"15/05/2017 11:00:00 - 15/05/2017 12:00:00","BZN|DK1","360.00","n/e"," ","389.98"
"15/05/2017 12:00:00 - 15/05/2017 13:00:00","BZN|DK1","409.00","n/e"," ","419.12"
"15/05/2017 13:00:00 - 15/05/2017 14:00:00","BZN|DK1","419.00","n/e"," ","403.75"
"15/05/2017 14:00:00 - 15/05/2017 15:00:00","BZN|DK1","394.00","n/e"," ","391.05"
"15/05/2017 15:00:00 - 15/05/2017 16:00:00","BZN|DK1","363.00","n/e"," ","341.46"
"15/05/2017 16:00:00 - 15/05/2017 17:00:00","BZN|DK1","311.00","n/e"," ","268.30"
"15/05/2017 17:00:00 - 15/05/2017 18:00:00","BZN|DK1","207.00","n/e"," ","179.21"
"15/05/2017 18:00:00 - 15/05/2017 19:00:00","BZN|DK1","129.00","n/e"," ","104.01"
"15/05/2017 19:00:00 - 15/05/2017 20:00:00","BZN|DK1","59.00","n/e"," ","50.11"
"15/05/2017 20:00:00 - 15/05/2017 21:00:00","BZN|DK1","13.00","n/e"," ","13.75"
"15/05/2017 21:00:00 - 15/05/2017 22:00:00","BZN|DK1","1.00","n/e"," ","0.49"
"15/05/2017 22:00:00 - 15/05/2017 23:00:00","BZN|DK1","0.00","n/e"," ","0.05"
"15/05/2017 23:00:00 - 16/05/2017 00:00:00","BZN|DK1","0.00","n/e"," ","0.00"
"16/05/2017 00:00:00 - 16/05/2017 01:00:00","BZN|DK1","0.00","n/e"," ","0.00"
"16/05/2017 01:00:00 - 16/05/2017 02:00:00","BZN|DK1","0.00","n/e"," ","0.00"
"16/05/2017 02:00:00 - 16/05/2017 03:00:00","BZN|DK1","0.00","n/e"," ","0.00"
"16/05/2017 03:00:00 - 16/05/2017 04:00:00","BZN|DK1","0.00","n/e"," ","0.00"
"16/05/2017 04:00:00 - 16/05/2017 05:00:00","BZN|DK1","0.00","n/e"," ","0.02"
"16/05/2017 05:00:00 - 16/05/2017 06:00:00","BZN|DK1","1.00","n/e"," ","0.62"
"16/05/2017 06:00:00 - 16/05/2017 07:00:00","BZN|DK1","5.00","n/e"," ","6.49"
"16/05/2017 07:00:00 - 16/05/2017 08:00:00","BZN|DK1","11.00","n/e"," ","16.69"
"16/05/2017 08:00:00 - 16/05/2017 09:00:00","BZN|DK1","19.00","n/e"," ","29.33"
"16/05/2017 09:00:00 - 16/05/2017 10:00:00","BZN|DK1","24.00","n/e"," ","41.59"
"16/05/2017 10:00:00 - 16/05/2017 11:00:00","BZN|DK1","35.00","n/e"," ","50.46"
"16/05/2017 11:00:00 - 16/05/2017 12:00:00","BZN|DK1","37.00","n/e"," ","55.26"
"16/05/2017 12:00:00 - 16/05/2017 13:00:00","BZN|DK1","37.00","n/e"," ","63.23"
"16/05/2017 13:00:00 - 16/05/2017 14:00:00","BZN|DK1","46.00","n/e"," ","61.64"
"16/05/2017 14:00:00 - 16/05/2017 15:00:00","BZN|DK1","46.00","n/e"," ","65.16"
"16/05/2017 15:00:00 - 16/05/2017 16:00:00","BZN|DK1","31.00","n/e"," ","64.20"
"16/05/2017 16:00:00 - 16/05/2017 17:00:00","BZN|DK1","29.00","n/e"," ","63.15"
"16/05/2017 17:00:00 - 16/05/2017 18:00:00","BZN|DK1","43.00","n/e"," ","55.24"
"16/05/2017 18:00:00 - 16/05/2017 19:00:00","BZN|DK1","29.00","n/e"," ","38.80"
"16/05/2017 19:00:00 - 16/05/2017 20:00:00","BZN|DK1","14.00","n/e"," ","19.27"
"16/05/2017 20:00:00 - 16/05/2017 21:00:00","BZN|DK1","4.00","n/e"," ","7.10"
"16/05/2017 21:00:00 - 16/05/2017 22:00:00","BZN|DK1","0.00","n/e"," ","0.28"
"16/05/2017 22:00:00 - 16/05/2017 23:00:00","BZN|DK1","0.00","n/e"," ","0.05"
"16/05/2017 23:00:00 - 17/05/2017 00:00:00","BZN|DK1","0.00","n/e"," ","0.00"
"17/05/2017 00:00:00 - 17/05/2017 01:00:00","BZN|DK1","0.00","n/e"," ","0.00"
"17/05/2017 01:00:00 - 17/05/2017 02:00:00","BZN|DK1","0.00","n/e"," ","0.00"
"17/05/2017 02:00:00 - 17/05/2017 03:00:00","BZN|DK1","0.00","n/e"," ","0.00"
"17/05/2017 03:00:00 - 17/05/2017 04:00:00","BZN|DK1","0.00","n/e"," ","0.00"
"17/05/2017 04:00:00 - 17/05/2017 05:00:00","BZN|DK1","0.00","n/e"," ","0.04"
"17/05/2017 05:00:00 - 17/05/2017 06:00:00","BZN|DK1","1.00","n/e"," ","1.34"
"17/05/2017 06:00:00 - 17/05/2017 07:00:00","BZN|DK1","9.00","n/e"," ","13.08"
"17/05/2017 07:00:00 - 17/05/2017 08:00:00","BZN|DK1","24.00","n/e"," ","33.34"
"17/05/2017 08:00:00 - 17/05/2017 09:00:00","BZN|DK1","53.00","n/e"," ","64.44"
"17/05/2017 09:00:00 - 17/05/2017 10:00:00","BZN|DK1","74.00","n/e"," ","93.46"
"17/05/2017 10:00:00 - 17/05/2017 11:00:00","BZN|DK1","94.00","n/e"," ","114.08"
"17/05/2017 11:00:00 - 17/05/2017 12:00:00","BZN|DK1","126.00","n/e"," ","148.22"
"17/05/2017 12:00:00 - 17/05/2017 13:00:00","BZN|DK1","136.00","n/e"," ","185.74"
"17/05/2017 13:00:00 - 17/05/2017 14:00:00","BZN|DK1","144.00","n/e"," ","225.56"
"17/05/2017 14:00:00 - 17/05/2017 15:00:00","BZN|DK1","133.00","n/e"," ","234.54"
"17/05/2017 15:00:00 - 17/05/2017 16:00:00","BZN|DK1","112.00","n/e"," ","191.70"
"17/05/2017 16:00:00 - 17/05/2017 17:00:00","BZN|DK1","104.00","n/e"," ","158.70"
"17/05/2017 17:00:00 - 17/05/2017 18:00:00","BZN|DK1","92.00","n/e"," ","88.65"
"17/05/2017 18:00:00 - 17/05/2017 19:00:00","BZN|DK1","63.00","n/e"," ","61.08"
"17/05/2017 19:00:00 - 17/05/2017 20:00:00","BZN|DK1","33.00","n/e"," ","46.97"
"17/05/2017 20:00:00 - 17/05/2017 21:00:00","BZN|DK1","10.00","n/e"," ","13.23"
"17/05/2017 21:00:00 - 17/05/2017 22:00:00","BZN|DK1","1.00","n/e"," ","0.81"
"17/05/2017 22:00:00 - 17/05/2017 23:00:00","BZN|DK1","0.00","n/e"," ","0.04"
"17/05/2017 23:00:00 - 18/05/2017 00:00:00","BZN|DK1","0.00","n/e"," ","0.00"
"18/05/2017 00:00:00 - 18/05/2017 01:00:00","BZN|DK1","0.00","n/e"," ","0.00"
"18/05/2017 01:00:00 - 18/05/2017 02:00:00","BZN|DK1","0.00","n/e"," ","0.00"
"18/05/2017 02:00:00 - 18/05/2017 03:00:00","BZN|DK1","0.00","n/e"," ","0.00"
"18/05/2017 03:00:00 - 18/05/2017 04:00:00","BZN|DK1","0.00","n/e"," ","0.00"
"18/05/2017 04:00:00 - 18/05/2017 05:00:00","BZN|DK1","0.00","n/e"," ","0.04"
"18/05/2017 05:00:00 - 18/05/2017 06:00:00","BZN|DK1","7.00","n/e"," ","5.58"
"18/05/2017 06:00:00 - 18/05/2017 07:00:00","BZN|DK1","33.00","n/e"," ","35.23"
"18/05/2017 07:00:00 - 18/05/2017 08:00:00","BZN|DK1","79.00","n/e"," ","83.22"
"18/05/2017 08:00:00 - 18/05/2017 09:00:00","BZN|DK1","162.00","n/e"," ","150.01"
"18/05/2017 09:00:00 - 18/05/2017 10:00:00","BZN|DK1","239.00","n/e"," ","218.41"
"18/05/2017 10:00:00 - 18/05/2017 11:00:00","BZN|DK1","301.00","n/e"," ","281.15"
"18/05/2017 11:00:00 - 18/05/2017 12:00:00","BZN|DK1","339.00","n/e"," ","307.44"
"18/05/2017 12:00:00 - 18/05/2017 13:00:00","BZN|DK1","338.00","n/e"," ","307.46"
"18/05/2017 13:00:00 - 18/05/2017 14:00:00","BZN|DK1","335.00","n/e"," ","307.46"
"18/05/2017 14:00:00 - 18/05/2017 15:00:00","BZN|DK1","298.00","n/e"," ","272.16"
"18/05/2017 15:00:00 - 18/05/2017 16:00:00","BZN|DK1","225.00","n/e"," ","221.82"
"18/05/2017 16:00:00 - 18/05/2017 17:00:00","BZN|DK1","154.00","n/e"," ","188.31"
"18/05/2017 17:00:00 - 18/05/2017 18:00:00","BZN|DK1","82.00","n/e"," ","128.76"
"18/05/2017 18:00:00 - 18/05/2017 19:00:00","BZN|DK1","52.00","n/e"," ","85.98"
"18/05/2017 19:00:00 - 18/05/2017 20:00:00","BZN|DK1","29.00","n/e"," ","43.14"
"18/05/2017 20:00:00 - 18/05/2017 21:00:00","BZN|DK1","9.00","n/e"," ","13.50"
"18/05/2017 21:00:00 - 18/05/2017 22:00:00","BZN|DK1","1.00","n/e"," ","1.06"
"18/05/2017 22:00:00 - 18/05/2017 23:00:00","BZN|DK1","0.00","n/e"," ","0.05"
"18/05/2017 23:00:00 - 19/05/2017 00:00:00","BZN|DK1","0.00","n/e"," ","0.00"
"19/05/2017 00:00:00 - 19/05/2017 01:00:00","BZN|DK1","0.00","n/e"," ","0.00"
"19/05/2017 01:00:00 - 19/05/2017 02:00:00","BZN|DK1","0.00","n/e"," ","0.00"
"19/05/2017 02:00:00 - 19/05/2017 03:00:00","BZN|DK1","0.00","n/e"," ","0.00"
"19/05/2017 03:00:00 - 19/05/2017 04:00:00","BZN|DK1","0.00","n/e"," ","0.00"
"19/05/2017 04:00:00 - 19/05/2017 05:00:00","BZN|DK1","0.00","n/e"," ","0.04"
"19/05/2017 05:00:00 - 19/05/2017 06:00:00","BZN|DK1","3.00","n/e"," ","2.73"
"19/05/2017 06:00:00 - 19/05/2017 07:00:00","BZN|DK1","17.00","n/e"," ","17.81"
"19/05/2017 07:00:00 - 19/05/2017 08:00:00","BZN|DK1","47.00","n/e"," ","47.49"
"19/05/2017 08:00:00 - 19/05/2017 09:00:00","BZN|DK1","115.00","n/e"," ","96.39"
"19/05/2017 09:00:00 - 19/05/2017 10:00:00","BZN|DK1","194.00","n/e"," ","152.98"
"19/05/2017 10:00:00 - 19/05/2017 11:00:00","BZN|DK1","256.00","n/e"," ","172.04"
"19/05/2017 11:00:00 - 19/05/2017 12:00:00","BZN|DK1","325.00","n/e"," ","171.90"
"19/05/2017 12:00:00 - 19/05/2017 13:00:00","BZN|DK1","357.00","n/e"," ","171.90"
"19/05/2017 13:00:00 - 19/05/2017 14:00:00","BZN|DK1","378.00","n/e"," ","327.94"
"19/05/2017 14:00:00 - 19/05/2017 15:00:00","BZN|DK1","353.00","n/e"," ","362.33"
"19/05/2017 15:00:00 - 19/05/2017 16:00:00","BZN|DK1","302.00","n/e"," ","288.92"
"19/05/2017 16:00:00 - 19/05/2017 17:00:00","BZN|DK1","243.00","n/e"," ","215.85"
"19/05/2017 17:00:00 - 19/05/2017 18:00:00","BZN|DK1","147.00","n/e"," ","156.45"
"19/05/2017 18:00:00 - 19/05/2017 19:00:00","BZN|DK1","88.00","n/e"," ","101.35"
"19/05/2017 19:00:00 - 19/05/2017 20:00:00","BZN|DK1","41.00","n/e"," ","52.62"
"19/05/2017 20:00:00 - 19/05/2017 21:00:00","BZN|DK1","13.00","n/e"," ","14.64"
"19/05/2017 21:00:00 - 19/05/2017 22:00:00","BZN|DK1","1.00","n/e"," ","0.99"
"19/05/2017 22:00:00 - 19/05/2017 23:00:00","BZN|DK1","0.00","n/e"," ","0.05"
"19/05/2017 23:00:00 - 20/05/2017 00:00:00","BZN|DK1","0.00","n/e"," ","0.00"
"20/05/2017 00:00:00 - 20/05/2017 01:00:00","BZN|DK1","0.00","n/e"," ","0.00"
"20/05/2017 01:00:00 - 20/05/2017 02:00:00","BZN|DK1","0.00","n/e"," ","0.00"
"20/05/2017 02:00:00 - 20/05/2017 03:00:00","BZN|DK1","0.00","n/e"," ","0.00"
"20/05/2017 03:00:00 - 20/05/2017 04:00:00","BZN|DK1","0.00","n/e"," ","0.00"
"20/05/2017 04:00:00 - 20/05/2017 05:00:00","BZN|DK1","0.00","n/e"," ","0.04"
"20/05/2017 05:00:00 - 20/05/2017 06:00:00","BZN|DK1","5.00","n/e"," ","2.53"
"20/05/2017 06:00:00 - 20/05/2017 07:00:00","BZN|DK1","23.00","n/e"," ","13.50"
"20/05/2017 07:00:00 - 20/05/2017 08:00:00","BZN|DK1","38.00","n/e"," ","27.72"
"20/05/2017 08:00:00 - 20/05/2017 09:00:00","BZN|DK1","58.00","n/e"," ","52.99"
"20/05/2017 09:00:00 - 20/05/2017 10:00:00","BZN|DK1","84.00","n/e"," ","69.65"
"20/05/2017 10:00:00 - 20/05/2017 11:00:00","BZN|DK1","108.00","n/e"," ","90.17"
"20/05/2017 11:00:00 - 20/05/2017 12:00:00","BZN|DK1","182.00","n/e"," ","148.79"
"20/05/2017 12:00:00 - 20/05/2017 13:00:00","BZN|DK1","222.00","n/e"," ","240.16"
"20/05/2017 13:00:00 - 20/05/2017 14:00:00","BZN|DK1","257.00","n/e"," ","277.06"
"20/05/2017 14:00:00 - 20/05/2017 15:00:00","BZN|DK1","321.00","n/e"," ","288.15"
"20/05/2017 15:00:00 - 20/05/2017 16:00:00","BZN|DK1","322.00","n/e"," ","271.34"
"20/05/2017 16:00:00 - 20/05/2017 17:00:00","BZN|DK1","292.00","n/e"," ","254.40"
"20/05/2017 17:00:00 - 20/05/2017 18:00:00","BZN|DK1","224.00","n/e"," ","212.33"
"20/05/2017 18:00:00 - 20/05/2017 19:00:00","BZN|DK1","144.00","n/e"," ","149.05"
"20/05/2017 19:00:00 - 20/05/2017 20:00:00","BZN|DK1","69.00","n/e"," ","74.24"
"20/05/2017 20:00:00 - 20/05/2017 21:00:00","BZN|DK1","22.00","n/e"," ","22.94"
"20/05/2017 21:00:00 - 20/05/2017 22:00:00","BZN|DK1","2.00","n/e"," ","2.69"
"20/05/2017 22:00:00 - 20/05/2017 23:00:00","BZN|DK1","0.00","n/e"," ","0.05"
"20/05/2017 23:00:00 - 21/05/2017 00:00:00","BZN|DK1","0.00","n/e"," ","0.00"
"21/05/2017 00:00:00 - 21/05/2017 01:00:00","BZN|DK1","0.00","n/e"," ","0.00"
"21/05/2017 01:00:00 - 21/05/2017 02:00:00","BZN|DK1","0.00","n/e"," ","0.00"
"21/05/2017 02:00:00 - 21/05/2017 03:00:00","BZN|DK1","0.00","n/e"," ","0.00"
"21/05/2017 03:00:00 - 21/05/2017 04:00:00","BZN|DK1","0.00","n/e"," ","0.00"
"21/05/2017 04:00:00 - 21/05/2017 05:00:00","BZN|DK1","0.00","n/e"," ","0.07"
"21/05/2017 05:00:00 - 21/05/2017 06:00:00","BZN|DK1","7.00","n/e"," ","6.00"
"21/05/2017 06:00:00 - 21/05/2017 07:00:00","BZN|DK1","36.00","n/e"," ","32.32"
"21/05/2017 07:00:00 - 21/05/2017 08:00:00","BZN|DK1","90.00","n/e"," ","91.10"
"21/05/2017 08:00:00 - 21/05/2017 09:00:00","BZN|DK1","182.00","n/e"," ","183.94"
"21/05/2017 09:00:00 - 21/05/2017 10:00:00","BZN|DK1","267.00","n/e"," ","275.10"
"21/05/2017 10:00:00 - 21/05/2017 11:00:00","BZN|DK1","331.00","n/e"," ","319.31"
"21/05/2017 11:00:00 - 21/05/2017 12:00:00","BZN|DK1","356.00","n/e"," ","333.60"
"21/05/2017 12:00:00 - 21/05/2017 13:00:00","BZN|DK1","364.00","n/e"," ","348.18"
"21/05/2017 13:00:00 - 21/05/2017 14:00:00","BZN|DK1","372.00","n/e"," ","374.60"
"21/05/2017 14:00:00 - 21/05/2017 15:00:00","BZN|DK1","348.00","n/e"," ","367.89"
"21/05/2017 15:00:00 - 21/05/2017 16:00:00","BZN|DK1","325.00","n/e"," ","345.86"
"21/05/2017 16:00:00 - 21/05/2017 17:00:00","BZN|DK1","286.00","n/e"," ","302.15"
"21/05/2017 17:00:00 - 21/05/2017 18:00:00","BZN|DK1","223.00","n/e"," ","233.04"
"21/05/2017 18:00:00 - 21/05/2017 19:00:00","BZN|DK1","151.00","n/e"," ","149.90"
"21/05/2017 19:00:00 - 21/05/2017 20:00:00","BZN|DK1","74.00","n/e"," ","69.50"
"21/05/2017 20:00:00 - 21/05/2017 21:00:00","BZN|DK1","21.00","n/e"," ","18.66"
"21/05/2017 21:00:00 - 21/05/2017 22:00:00","BZN|DK1","3.00","n/e"," ","1.86"
"21/05/2017 22:00:00 - 21/05/2017 23:00:00","BZN|DK1","0.00","n/e"," ","0.05"
"21/05/2017 23:00:00 - 22/05/2017 00:00:00","BZN|DK1","0.00","n/e"," ","0.00"
"22/05/2017 00:00:00 - 22/05/2017 01:00:00","BZN|DK1","0.00","n/e"," ","0.00"
"22/05/2017 01:00:00 - 22/05/2017 02:00:00","BZN|DK1","0.00","n/e"," ","0.00"
"22/05/2017 02:00:00 - 22/05/2017 03:00:00","BZN|DK1","0.00","n/e"," ","0.00"
"22/05/2017 03:00:00 - 22/05/2017 04:00:00","BZN|DK1","0.00","n/e"," ","0.00"
"22/05/2017 04:00:00 - 22/05/2017 05:00:00","BZN|DK1","0.00","n/e"," ","0.04"
"22/05/2017 05:00:00 - 22/05/2017 06:00:00","BZN|DK1","8.00","n/e"," ","3.51"
"22/05/2017 06:00:00 - 22/05/2017 07:00:00","BZN|DK1","35.00","n/e"," ","24.94"
"22/05/2017 07:00:00 - 22/05/2017 08:00:00","BZN|DK1","76.00","n/e"," ","64.22"
"22/05/2017 08:00:00 - 22/05/2017 09:00:00","BZN|DK1","156.00","n/e"," ","133.95"
"22/05/2017 09:00:00 - 22/05/2017 10:00:00","BZN|DK1","237.00","n/e"," ","244.11"
"22/05/2017 10:00:00 - 22/05/2017 11:00:00","BZN|DK1","301.00","n/e"," ","335.58"
"22/05/2017 11:00:00 - 22/05/2017 12:00:00","BZN|DK1","375.00","n/e"," ","391.68"
"22/05/2017 12:00:00 - 22/05/2017 13:00:00","BZN|DK1","402.00","n/e"," ","415.85"
"22/05/2017 13:00:00 - 22/05/2017 14:00:00","BZN|DK1","415.00","n/e"," ","415.14"
"22/05/2017 14:00:00 - 22/05/2017 15:00:00","BZN|DK1","403.00","n/e"," ","406.04"
"22/05/2017 15:00:00 - 22/05/2017 16:00:00","BZN|DK1","367.00","n/e"," ","375.77"
"22/05/2017 16:00:00 - 22/05/2017 17:00:00","BZN|DK1","310.00","n/e"," ","317.77"
"22/05/2017 17:00:00 - 22/05/2017 18:00:00","BZN|DK1","230.00","n/e"," ","245.37"
"22/05/2017 18:00:00 - 22/05/2017 19:00:00","BZN|DK1","153.00","n/e"," ","158.68"
"22/05/2017 19:00:00 - 22/05/2017 20:00:00","BZN|DK1","74.00","n/e"," ","73.76"
"22/05/2017 20:00:00 - 22/05/2017 21:00:00","BZN|DK1","22.00","n/e"," ","22.97"
"22/05/2017 21:00:00 - 22/05/2017 22:00:00","BZN|DK1","3.00","n/e"," ","2.49"
"22/05/2017 22:00:00 - 22/05/2017 23:00:00","BZN|DK1","0.00","n/e"," ","0.06"
"22/05/2017 23:00:00 - 23/05/2017 00:00:00","BZN|DK1","0.00","n/e"," ","0.00"
"23/05/2017 00:00:00 - 23/05/2017 01:00:00","BZN|DK1","0.00","n/e"," ","0.00"
"23/05/2017 01:00:00 - 23/05/2017 02:00:00","BZN|DK1","0.00","n/e"," ","0.00"
"23/05/2017 02:00:00 - 23/05/2017 03:00:00","BZN|DK1","0.00","n/e"," ","0.00"
"23/05/2017 03:00:00 - 23/05/2017 04:00:00","BZN|DK1","0.00","n/e"," ","0.00"
"23/05/2017 04:00:00 - 23/05/2017 05:00:00","BZN|DK1","0.00","n/e"," ","0.08"
"23/05/2017 05:00:00 - 23/05/2017 06:00:00","BZN|DK1","6.00","n/e"," ","7.24"
"23/05/2017 06:00:00 - 23/05/2017 07:00:00","BZN|DK1","26.00","n/e"," ","32.00"
"23/05/2017 07:00:00 - 23/05/2017 08:00:00","BZN|DK1","69.00","n/e"," ","69.95"
"23/05/2017 08:00:00 - 23/05/2017 09:00:00","BZN|DK1","143.00","n/e"," ","143.33"
"23/05/2017 09:00:00 - 23/05/2017 10:00:00","BZN|DK1","210.00","n/e"," ","197.67"
"23/05/2017 10:00:00 - 23/05/2017 11:00:00","BZN|DK1","263.00","n/e"," ","240.01"
"23/05/2017 11:00:00 - 23/05/2017 12:00:00","BZN|DK1","288.00","n/e"," ","305.22"
"23/05/2017 12:00:00 - 23/05/2017 13:00:00","BZN|DK1","279.00","n/e"," ","324.09"
"23/05/2017 13:00:00 - 23/05/2017 14:00:00","BZN|DK1","266.00","n/e"," ","297.10"
"23/05/2017 14:00:00 - 23/05/2017 15:00:00","BZN|DK1","249.00","n/e"," ","299.11"
"23/05/2017 15:00:00 - 23/05/2017 16:00:00","BZN|DK1","221.00","n/e"," ","264.01"
"23/05/2017 16:00:00 - 23/05/2017 17:00:00","BZN|DK1","189.00","n/e"," ","206.84"
"23/05/2017 17:00:00 - 23/05/2017 18:00:00","BZN|DK1","140.00","n/e"," ","109.03"
"23/05/2017 18:00:00 - 23/05/2017 19:00:00","BZN|DK1","92.00","n/e"," ","68.11"
"23/05/2017 19:00:00 - 23/05/2017 20:00:00","BZN|DK1","48.00","n/e"," ","41.93"
"23/05/2017 20:00:00 - 23/05/2017 21:00:00","BZN|DK1","15.00","n/e"," ","13.67"
"23/05/2017 21:00:00 - 23/05/2017 22:00:00","BZN|DK1","2.00","n/e"," ","1.24"
"23/05/2017 22:00:00 - 23/05/2017 23:00:00","BZN|DK1","0.00","n/e"," ","0.05"
"23/05/2017 23:00:00 - 24/05/2017 00:00:00","BZN|DK1","0.00","n/e"," ","0.00"
"24/05/2017 00:00:00 - 24/05/2017 01:00:00","BZN|DK1","0.00","n/e"," ","0.00"
"24/05/2017 01:00:00 - 24/05/2017 02:00:00","BZN|DK1","0.00","n/e"," ","0.00"
"24/05/2017 02:00:00 - 24/05/2017 03:00:00","BZN|DK1","0.00","n/e"," ","0.00"
"24/05/2017 03:00:00 - 24/05/2017 04:00:00","BZN|DK1","0.00","n/e"," ","0.00"
"24/05/2017 04:00:00 - 24/05/2017 05:00:00","BZN|DK1","0.00","n/e"," ","0.04"
"24/05/2017 05:00:00 - 24/05/2017 06:00:00","BZN|DK1","7.00","n/e"," ","3.30"
"24/05/2017 06:00:00 - 24/05/2017 07:00:00","BZN|DK1","27.00","n/e"," ","23.32"
"24/05/2017 07:00:00 - 24/05/2017 08:00:00","BZN|DK1","65.00","n/e"," ","67.14"
"24/05/2017 08:00:00 - 24/05/2017 09:00:00","BZN|DK1","139.00","n/e"," ","143.32"
"24/05/2017 09:00:00 - 24/05/2017 10:00:00","BZN|DK1","226.00","n/e"," ","243.48"
"24/05/2017 10:00:00 - 24/05/2017 11:00:00","BZN|DK1","298.00","n/e"," ","338.15"
"24/05/2017 11:00:00 - 24/05/2017 12:00:00","BZN|DK1","365.00","n/e"," ","392.50"
"24/05/2017 12:00:00 - 24/05/2017 13:00:00","BZN|DK1","402.00","n/e"," ","424.94"
"24/05/2017 13:00:00 - 24/05/2017 14:00:00","BZN|DK1","411.00","n/e"," ","418.37"
"24/05/2017 14:00:00 - 24/05/2017 15:00:00","BZN|DK1","401.00","n/e"," ","389.24"
"24/05/2017 15:00:00 - 24/05/2017 16:00:00","BZN|DK1","378.00","n/e"," ","351.90"
"24/05/2017 16:00:00 - 24/05/2017 17:00:00","BZN|DK1","329.00","n/e"," ","293.60"
"24/05/2017 17:00:00 - 24/05/2017 18:00:00","BZN|DK1","241.00","n/e"," ","231.50"
"24/05/2017 18:00:00 - 24/05/2017 19:00:00","BZN|DK1","156.00","n/e"," ","153.03"
"24/05/2017 19:00:00 - 24/05/2017 20:00:00","BZN|DK1","76.00","n/e"," ","79.97"
"24/05/2017 20:00:00 - 24/05/2017 21:00:00","BZN|DK1","24.00","n/e"," ","28.00"
"24/05/2017 21:00:00 - 24/05/2017 22:00:00","BZN|DK1","3.00","n/e"," ","3.90"
"24/05/2017 22:00:00 - 24/05/2017 23:00:00","BZN|DK1","0.00","n/e"," ","0.06"
"24/05/2017 23:00:00 - 25/05/2017 00:00:00","BZN|DK1","0.00","n/e"," ","0.00"
"25/05/2017 00:00:00 - 25/05/2017 01:00:00","BZN|DK1","0.00","n/e"," ","0.00"
"25/05/2017 01:00:00 - 25/05/2017 02:00:00","BZN|DK1","0.00","n/e"," ","0.00"
"25/05/2017 02:00:00 - 25/05/2017 03:00:00","BZN|DK1","0.00","n/e"," ","0.00"
"25/05/2017 03:00:00 - 25/05/2017 04:00:00","BZN|DK1","0.00","n/e"," ","0.00"
"25/05/2017 04:00:00 - 25/05/2017 05:00:00","BZN|DK1","0.00","n/e"," ","0.14"
"25/05/2017 05:00:00 - 25/05/2017 06:00:00","BZN|DK1","10.00","n/e"," ","8.56"
"25/05/2017 06:00:00 - 25/05/2017 07:00:00","BZN|DK1","37.00","n/e"," ","36.31"
"25/05/2017 07:00:00 - 25/05/2017 08:00:00","BZN|DK1","88.00","n/e"," ","92.53"
"25/05/2017 08:00:00 - 25/05/2017 09:00:00","BZN|DK1","184.00","n/e"," ","181.26"
"25/05/2017 09:00:00 - 25/05/2017 10:00:00","BZN|DK1","269.00","n/e"," ","278.55"
"25/05/2017 10:00:00 - 25/05/2017 11:00:00","BZN|DK1","337.00","n/e"," ","354.07"
"25/05/2017 11:00:00 - 25/05/2017 12:00:00","BZN|DK1","391.00","n/e"," ","407.75"
"25/05/2017 12:00:00 - 25/05/2017 13:00:00","BZN|DK1","409.00","n/e"," ","433.50"
"25/05/2017 13:00:00 - 25/05/2017 14:00:00","BZN|DK1","413.00","n/e"," ","432.85"
"25/05/2017 14:00:00 - 25/05/2017 15:00:00","BZN|DK1","383.00","n/e"," ","421.25"
"25/05/2017 15:00:00 - 25/05/2017 16:00:00","BZN|DK1","337.00","n/e"," ","393.84"
"25/05/2017 16:00:00 - 25/05/2017 17:00:00","BZN|DK1","276.00","n/e"," ","336.26"
"25/05/2017 17:00:00 - 25/05/2017 18:00:00","BZN|DK1","199.00","n/e"," ","258.59"
"25/05/2017 18:00:00 - 25/05/2017 19:00:00","BZN|DK1","128.00","n/e"," ","164.57"
"25/05/2017 19:00:00 - 25/05/2017 20:00:00","BZN|DK1","65.00","n/e"," ","74.91"
"25/05/2017 20:00:00 - 25/05/2017 21:00:00","BZN|DK1","22.00","n/e"," ","21.81"
"25/05/2017 21:00:00 - 25/05/2017 22:00:00","BZN|DK1","3.00","n/e"," ","2.93"
"25/05/2017 22:00:00 - 25/05/2017 23:00:00","BZN|DK1","0.00","n/e"," ","0.06"
"25/05/2017 23:00:00 - 26/05/2017 00:00:00","BZN|DK1","0.00","n/e"," ","0.00"
"26/05/2017 00:00:00 - 26/05/2017 01:00:00","BZN|DK1","0.00","n/e"," ","0.00"
"26/05/2017 01:00:00 - 26/05/2017 02:00:00","BZN|DK1","0.00","n/e"," ","0.00"
"26/05/2017 02:00:00 - 26/05/2017 03:00:00","BZN|DK1","0.00","n/e"," ","0.00"
"26/05/2017 03:00:00 - 26/05/2017 04:00:00","BZN|DK1","0.00","n/e"," ","0.00"
"26/05/2017 04:00:00 - 26/05/2017 05:00:00","BZN|DK1","0.00","n/e"," ","0.11"
"26/05/2017 05:00:00 - 26/05/2017 06:00:00","BZN|DK1","9.00","n/e"," ","5.56"
"26/05/2017 06:00:00 - 26/05/2017 07:00:00","BZN|DK1","33.00","n/e"," ","30.33"
"26/05/2017 07:00:00 - 26/05/2017 08:00:00","BZN|DK1","78.00","n/e"," ","81.52"
"26/05/2017 08:00:00 - 26/05/2017 09:00:00","BZN|DK1","172.00","n/e"," ","166.69"
"26/05/2017 09:00:00 - 26/05/2017 10:00:00","BZN|DK1","264.00","n/e"," ","263.44"
"26/05/2017 10:00:00 - 26/05/2017 11:00:00","BZN|DK1","335.00","n/e"," ","343.64"
"26/05/2017 11:00:00 - 26/05/2017 12:00:00","BZN|DK1","394.00","n/e"," ","394.59"
"26/05/2017 12:00:00 - 26/05/2017 13:00:00","BZN|DK1","421.00","n/e"," ","424.02"
"26/05/2017 13:00:00 - 26/05/2017 14:00:00","BZN|DK1","431.00","n/e"," ","430.24"
"26/05/2017 14:00:00 - 26/05/2017 15:00:00","BZN|DK1","422.00","n/e"," ","416.73"
"26/05/2017 15:00:00 - 26/05/2017 16:00:00","BZN|DK1","394.00","n/e"," ","383.18"
"26/05/2017 16:00:00 - 26/05/2017 17:00:00","BZN|DK1","338.00","n/e"," ","328.48"
"26/05/2017 17:00:00 - 26/05/2017 18:00:00","BZN|DK1","244.00","n/e"," ","251.99"
"26/05/2017 18:00:00 - 26/05/2017 19:00:00","BZN|DK1","156.00","n/e"," ","162.31"
"26/05/2017 19:00:00 - 26/05/2017 20:00:00","BZN|DK1","77.00","n/e"," ","76.41"
"26/05/2017 20:00:00 - 26/05/2017 21:00:00","BZN|DK1","25.00","n/e"," ","23.38"
"26/05/2017 21:00:00 - 26/05/2017 22:00:00","BZN|DK1","4.00","n/e"," ","3.34"
"26/05/2017 22:00:00 - 26/05/2017 23:00:00","BZN|DK1","0.00","n/e"," ","0.06"
"26/05/2017 23:00:00 - 27/05/2017 00:00:00","BZN|DK1","0.00","n/e"," ","0.00"
"27/05/2017 00:00:00 - 27/05/2017 01:00:00","BZN|DK1","0.00","n/e"," ","0.00"
"27/05/2017 01:00:00 - 27/05/2017 02:00:00","BZN|DK1","0.00","n/e"," ","0.00"
"27/05/2017 02:00:00 - 27/05/2017 03:00:00","BZN|DK1","0.00","n/e"," ","0.00"
"27/05/2017 03:00:00 - 27/05/2017 04:00:00","BZN|DK1","0.00","n/e"," ","0.00"
"27/05/2017 04:00:00 - 27/05/2017 05:00:00","BZN|DK1","0.00","n/e"," ","0.14"
"27/05/2017 05:00:00 - 27/05/2017 06:00:00","BZN|DK1","10.00","n/e"," ","7.64"
"27/05/2017 06:00:00 - 27/05/2017 07:00:00","BZN|DK1","37.00","n/e"," ","34.13"
"27/05/2017 07:00:00 - 27/05/2017 08:00:00","BZN|DK1","88.00","n/e"," ","92.74"
"27/05/2017 08:00:00 - 27/05/2017 09:00:00","BZN|DK1","183.00","n/e"," ","181.22"
"27/05/2017 09:00:00 - 27/05/2017 10:00:00","BZN|DK1","272.00","n/e"," ","272.61"
"27/05/2017 10:00:00 - 27/05/2017 11:00:00","BZN|DK1","339.00","n/e"," ","346.49"
"27/05/2017 11:00:00 - 27/05/2017 12:00:00","BZN|DK1","398.00","n/e"," ","397.18"
"27/05/2017 12:00:00 - 27/05/2017 13:00:00","BZN|DK1","424.00","n/e"," ","424.28"
"27/05/2017 13:00:00 - 27/05/2017 14:00:00","BZN|DK1","433.00","n/e"," ","430.62"
"27/05/2017 14:00:00 - 27/05/2017 15:00:00","BZN|DK1","430.00","n/e"," ","418.24"
"27/05/2017 15:00:00 - 27/05/2017 16:00:00","BZN|DK1","397.00","n/e"," ","386.54"
"27/05/2017 16:00:00 - 27/05/2017 17:00:00","BZN|DK1","342.00","n/e"," ","332.79"
"27/05/2017 17:00:00 - 27/05/2017 18:00:00","BZN|DK1","248.00","n/e"," ","256.69"
"27/05/2017 18:00:00 - 27/05/2017 19:00:00","BZN|DK1","159.00","n/e"," ","165.26"
"27/05/2017 19:00:00 - 27/05/2017 20:00:00","BZN|DK1","79.00","n/e"," ","77.69"
"27/05/2017 20:00:00 - 27/05/2017 21:00:00","BZN|DK1","26.00","n/e"," ","23.84"
"27/05/2017 21:00:00 - 27/05/2017 22:00:00","BZN|DK1","4.00","n/e"," ","3.55"
"27/05/2017 22:00:00 - 27/05/2017 23:00:00","BZN|DK1","0.00","n/e"," ","0.07"
"27/05/2017 23:00:00 - 28/05/2017 00:00:00","BZN|DK1","0.00","n/e"," ","0.00"
"28/05/2017 00:00:00 - 28/05/2017 01:00:00","BZN|DK1","0.00","n/e"," ","0.00"
"28/05/2017 01:00:00 - 28/05/2017 02:00:00","BZN|DK1","0.00","n/e"," ","0.00"
"28/05/2017 02:00:00 - 28/05/2017 03:00:00","BZN|DK1","0.00","n/e"," ","0.00"
"28/05/2017 03:00:00 - 28/05/2017 04:00:00","BZN|DK1","0.00","n/e"," ","0.00"
"28/05/2017 04:00:00 - 28/05/2017 05:00:00","BZN|DK1","0.00","n/e"," ","0.25"
"28/05/2017 05:00:00 - 28/05/2017 06:00:00","BZN|DK1","8.00","n/e"," ","11.96"
"28/05/2017 06:00:00 - 28/05/2017 07:00:00","BZN|DK1","31.00","n/e"," ","41.08"
"28/05/2017 07:00:00 - 28/05/2017 08:00:00","BZN|DK1","70.00","n/e"," ","70.64"
"28/05/2017 08:00:00 - 28/05/2017 09:00:00","BZN|DK1","114.00","n/e"," ","101.65"
"28/05/2017 09:00:00 - 28/05/2017 10:00:00","BZN|DK1","164.00","n/e"," ","145.89"
"28/05/2017 10:00:00 - 28/05/2017 11:00:00","BZN|DK1","241.00","n/e"," ","235.09"
"28/05/2017 11:00:00 - 28/05/2017 12:00:00","BZN|DK1","347.00","n/e"," ","343.63"
"28/05/2017 12:00:00 - 28/05/2017 13:00:00","BZN|DK1","383.00","n/e"," ","396.65"
"28/05/2017 13:00:00 - 28/05/2017 14:00:00","BZN|DK1","383.00","n/e"," ","410.97"
"28/05/2017 14:00:00 - 28/05/2017 15:00:00","BZN|DK1","344.00","n/e"," ","364.32"
"28/05/2017 15:00:00 - 28/05/2017 16:00:00","BZN|DK1","295.00","n/e"," ","261.43"
"28/05/2017 16:00:00 - 28/05/2017 17:00:00","BZN|DK1","241.00","n/e"," ","149.15"
"28/05/2017 17:00:00 - 28/05/2017 18:00:00","BZN|DK1","156.00","n/e"," ","98.77"
"28/05/2017 18:00:00 - 28/05/2017 19:00:00","BZN|DK1","100.00","n/e"," ","58.59"
"28/05/2017 19:00:00 - 28/05/2017 20:00:00","BZN|DK1","50.00","n/e"," ","24.16"
"28/05/2017 20:00:00 - 28/05/2017 21:00:00","BZN|DK1","16.00","n/e"," ","7.41"
"28/05/2017 21:00:00 - 28/05/2017 22:00:00","BZN|DK1","2.00","n/e"," ","0.83"
"28/05/2017 22:00:00 - 28/05/2017 23:00:00","BZN|DK1","0.00","n/e"," ","0.08"
"28/05/2017 23:00:00 - 29/05/2017 00:00:00","BZN|DK1","0.00","n/e"," ","0.00"
"29/05/2017 00:00:00 - 29/05/2017 01:00:00","BZN|DK1","0.00","n/e"," ","0.00"
"29/05/2017 01:00:00 - 29/05/2017 02:00:00","BZN|DK1","0.00","n/e"," ","0.00"
"29/05/2017 02:00:00 - 29/05/2017 03:00:00","BZN|DK1","0.00","n/e"," ","0.00"
"29/05/2017 03:00:00 - 29/05/2017 04:00:00","BZN|DK1","0.00","n/e"," ","0.00"
"29/05/2017 04:00:00 - 29/05/2017 05:00:00","BZN|DK1","0.00","n/e"," ","0.04"
"29/05/2017 05:00:00 - 29/05/2017 06:00:00","BZN|DK1","6.00","n/e"," ","0.82"
"29/05/2017 06:00:00 - 29/05/2017 07:00:00","BZN|DK1","20.00","n/e"," ","6.96"
"29/05/2017 07:00:00 - 29/05/2017 08:00:00","BZN|DK1","16.00","n/e"," ","19.15"
"29/05/2017 08:00:00 - 29/05/2017 09:00:00","BZN|DK1","32.00","n/e"," ","34.02"
"29/05/2017 09:00:00 - 29/05/2017 10:00:00","BZN|DK1","74.00","n/e"," ","49.79"
"29/05/2017 10:00:00 - 29/05/2017 11:00:00","BZN|DK1","125.00","n/e"," ","62.73"
"29/05/2017 11:00:00 - 29/05/2017 12:00:00","BZN|DK1","200.00","n/e"," ","76.72"
"29/05/2017 12:00:00 - 29/05/2017 13:00:00","BZN|DK1","239.00","n/e"," ","96.78"
"29/05/2017 13:00:00 - 29/05/2017 14:00:00","BZN|DK1","265.00","n/e"," ","113.80"
"29/05/2017 14:00:00 - 29/05/2017 15:00:00","BZN|DK1","297.00","n/e"," ","114.82"
"29/05/2017 15:00:00 - 29/05/2017 16:00:00","BZN|DK1","316.00","n/e"," ","105.66"
"29/05/2017 16:00:00 - 29/05/2017 17:00:00","BZN|DK1","274.00","n/e"," ","85.30"
"29/05/2017 17:00:00 - 29/05/2017 18:00:00","BZN|DK1","197.00","n/e"," ","63.43"
"29/05/2017 18:00:00 - 29/05/2017 19:00:00","BZN|DK1","117.00","n/e"," ","39.22"
"29/05/2017 19:00:00 - 29/05/2017 20:00:00","BZN|DK1","60.00","n/e"," ","25.28"
"29/05/2017 20:00:00 - 29/05/2017 21:00:00","BZN|DK1","19.00","n/e"," ","10.33"
"29/05/2017 21:00:00 - 29/05/2017 22:00:00","BZN|DK1","3.00","n/e"," ","1.41"
"29/05/2017 22:00:00 - 29/05/2017 23:00:00","BZN|DK1","0.00","n/e"," ","0.05"
"29/05/2017 23:00:00 - 30/05/2017 00:00:00","BZN|DK1","0.00","n/e"," ","0.00"
"30/05/2017 00:00:00 - 30/05/2017 01:00:00","BZN|DK1","0.00","n/e"," ","0.00"
"30/05/2017 01:00:00 - 30/05/2017 02:00:00","BZN|DK1","0.00","n/e"," ","0.00"
"30/05/2017 02:00:00 - 30/05/2017 03:00:00","BZN|DK1","0.00","n/e"," ","0.00"
"30/05/2017 03:00:00 - 30/05/2017 04:00:00","BZN|DK1","0.00","n/e"," ","0.00"
"30/05/2017 04:00:00 - 30/05/2017 05:00:00","BZN|DK1","0.00","n/e"," ","0.05"
"30/05/2017 05:00:00 - 30/05/2017 06:00:00","BZN|DK1","5.00","n/e"," ","1.96"
"30/05/2017 06:00:00 - 30/05/2017 07:00:00","BZN|DK1","16.00","n/e"," ","16.09"
"30/05/2017 07:00:00 - 30/05/2017 08:00:00","BZN|DK1","42.00","n/e"," ","42.40"
"30/05/2017 08:00:00 - 30/05/2017 09:00:00","BZN|DK1","62.00","n/e"," ","64.66"
"30/05/2017 09:00:00 - 30/05/2017 10:00:00","BZN|DK1","94.00","n/e"," ","101.21"
"30/05/2017 10:00:00 - 30/05/2017 11:00:00","BZN|DK1","137.00","n/e"," ","158.61"
"30/05/2017 11:00:00 - 30/05/2017 12:00:00","BZN|DK1","195.00","n/e"," ","156.68"
"30/05/2017 12:00:00 - 30/05/2017 13:00:00","BZN|DK1","202.00","n/e"," ","133.77"
"30/05/2017 13:00:00 - 30/05/2017 14:00:00","BZN|DK1","193.00","n/e"," ","131.27"
"30/05/2017 14:00:00 - 30/05/2017 15:00:00","BZN|DK1","194.00","n/e"," ","133.01"
"30/05/2017 15:00:00 - 30/05/2017 16:00:00","BZN|DK1","165.00","n/e"," ","143.81"
"30/05/2017 16:00:00 - 30/05/2017 17:00:00","BZN|DK1","140.00","n/e"," ","130.67"
"30/05/2017 17:00:00 - 30/05/2017 18:00:00","BZN|DK1","110.00","n/e"," ","103.69"
"30/05/2017 18:00:00 - 30/05/2017 19:00:00","BZN|DK1","79.00","n/e"," ","60.67"
"30/05/2017 19:00:00 - 30/05/2017 20:00:00","BZN|DK1","44.00","n/e"," ","27.61"
"30/05/2017 20:00:00 - 30/05/2017 21:00:00","BZN|DK1","16.00","n/e"," ","9.73"
"30/05/2017 21:00:00 - 30/05/2017 22:00:00","BZN|DK1","3.00","n/e"," ","2.03"
"30/05/2017 22:00:00 - 30/05/2017 23:00:00","BZN|DK1","0.00","n/e"," ","0.11"
"30/05/2017 23:00:00 - 31/05/2017 00:00:00","BZN|DK1","0.00","n/e"," ","0.00"
"31/05/2017 00:00:00 - 31/05/2017 01:00:00","BZN|DK1","0.00","n/e"," ","0.00"
"31/05/2017 01:00:00 - 31/05/2017 02:00:00","BZN|DK1","0.00","n/e"," ","0.00"
"31/05/2017 02:00:00 - 31/05/2017 03:00:00","BZN|DK1","0.00","n/e"," ","0.00"
"31/05/2017 03:00:00 - 31/05/2017 04:00:00","BZN|DK1","0.00","n/e"," ","0.00"
"31/05/2017 04:00:00 - 31/05/2017 05:00:00","BZN|DK1","0.00","n/e"," ","0.08"
"31/05/2017 05:00:00 - 31/05/2017 06:00:00","BZN|DK1","8.00","n/e"," ","6.67"
"31/05/2017 06:00:00 - 31/05/2017 07:00:00","BZN|DK1","30.00","n/e"," ","24.69"
"31/05/2017 07:00:00 - 31/05/2017 08:00:00","BZN|DK1","51.00","n/e"," ","48.71"
"31/05/2017 08:00:00 - 31/05/2017 09:00:00","BZN|DK1","103.00","n/e"," ","83.94"
"31/05/2017 09:00:00 - 31/05/2017 10:00:00","BZN|DK1","168.00","n/e"," ","103.99"
"31/05/2017 10:00:00 - 31/05/2017 11:00:00","BZN|DK1","236.00","n/e"," ","148.89"
"31/05/2017 11:00:00 - 31/05/2017 12:00:00","BZN|DK1","283.00","n/e"," ","199.64"
"31/05/2017 12:00:00 - 31/05/2017 13:00:00","BZN|DK1","291.00","n/e"," ","204.46"
"31/05/2017 13:00:00 - 31/05/2017 14:00:00","BZN|DK1","300.00","n/e"," ","214.91"
"31/05/2017 14:00:00 - 31/05/2017 15:00:00","BZN|DK1","274.00","n/e"," ","252.69"
"31/05/2017 15:00:00 - 31/05/2017 16:00:00","BZN|DK1","271.00","n/e"," ","271.60"
"31/05/2017 16:00:00 - 31/05/2017 17:00:00","BZN|DK1","254.00","n/e"," ","233.81"
"31/05/2017 17:00:00 - 31/05/2017 18:00:00","BZN|DK1","201.00","n/e"," ","171.34"
"31/05/2017 18:00:00 - 31/05/2017 19:00:00","BZN|DK1","141.00","n/e"," ","107.96"
"31/05/2017 19:00:00 - 31/05/2017 20:00:00","BZN|DK1","75.00","n/e"," ","52.07"
"31/05/2017 20:00:00 - 31/05/2017 21:00:00","BZN|DK1","24.00","n/e"," ","19.36"
"31/05/2017 21:00:00 - 31/05/2017 22:00:00","BZN|DK1","3.00","n/e"," ","2.61"
"31/05/2017 22:00:00 - 31/05/2017 23:00:00","BZN|DK1","0.00","n/e"," ","0.08"
"31/05/2017 23:00:00 - 01/06/2017 00:00:00","BZN|DK1","0.00","n/e"," ","0.00"
"01/06/2017 00:00:00 - 01/06/2017 01:00:00","BZN|DK1","0.00","n/e"," ","0.00"
"01/06/2017 01:00:00 - 01/06/2017 02:00:00","BZN|DK1","0.00","n/e"," ","0.00"
"01/06/2017 02:00:00 - 01/06/2017 03:00:00","BZN|DK1","0.00","n/e"," ","0.00"
"01/06/2017 03:00:00 - 01/06/2017 04:00:00","BZN|DK1","0.00","n/e"," ","0.00"
"01/06/2017 04:00:00 - 01/06/2017 05:00:00","BZN|DK1","1.00","n/e"," ","0.25"
"01/06/2017 05:00:00 - 01/06/2017 06:00:00","BZN|DK1","11.00","n/e"," ","9.70"
"01/06/2017 06:00:00 - 01/06/2017 07:00:00","BZN|DK1","39.00","n/e"," ","38.67"
"01/06/2017 07:00:00 - 01/06/2017 08:00:00","BZN|DK1","95.00","n/e"," ","101.47"
"01/06/2017 08:00:00 - 01/06/2017 09:00:00","BZN|DK1","191.00","n/e"," ","187.40"
"01/06/2017 09:00:00 - 01/06/2017 10:00:00","BZN|DK1","273.00","n/e"," ","276.99"
"01/06/2017 10:00:00 - 01/06/2017 11:00:00","BZN|DK1","338.00","n/e"," ","356.74"
"01/06/2017 11:00:00 - 01/06/2017 12:00:00","BZN|DK1","401.00","n/e"," ","421.12"
"01/06/2017 12:00:00 - 01/06/2017 13:00:00","BZN|DK1","432.00","n/e"," ","452.90"
"01/06/2017 13:00:00 - 01/06/2017 14:00:00","BZN|DK1","448.00","n/e"," ","460.18"
"01/06/2017 14:00:00 - 01/06/2017 15:00:00","BZN|DK1","445.00","n/e"," ","447.34"
"01/06/2017 15:00:00 - 01/06/2017 16:00:00","BZN|DK1","407.00","n/e"," ","412.76"
"01/06/2017 16:00:00 - 01/06/2017 17:00:00","BZN|DK1","341.00","n/e"," ","358.34"
"01/06/2017 17:00:00 - 01/06/2017 18:00:00","BZN|DK1","247.00","n/e"," ","277.49"
"01/06/2017 18:00:00 - 01/06/2017 19:00:00","BZN|DK1","160.00","n/e"," ","180.62"
"01/06/2017 19:00:00 - 01/06/2017 20:00:00","BZN|DK1","83.00","n/e"," ","86.73"
"01/06/2017 20:00:00 - 01/06/2017 21:00:00","BZN|DK1","28.00","n/e"," ","29.70"
"01/06/2017 21:00:00 - 01/06/2017 22:00:00","BZN|DK1","5.00","n/e"," ","4.63"
"01/06/2017 22:00:00 - 01/06/2017 23:00:00","BZN|DK1","0.00","n/e"," ","0.07"
"01/06/2017 23:00:00 - 02/06/2017 00:00:00","BZN|DK1","0.00","n/e"," ","0.00"
"02/06/2017 00:00:00 - 02/06/2017 01:00:00","BZN|DK1","0.00","n/e"," ","0.00"
"02/06/2017 01:00:00 - 02/06/2017 02:00:00","BZN|DK1","0.00","n/e"," ","0.00"
"02/06/2017 02:00:00 - 02/06/2017 03:00:00","BZN|DK1","0.00","n/e"," ","0.00"
"02/06/2017 03:00:00 - 02/06/2017 04:00:00","BZN|DK1","0.00","n/e"," ","0.00"
"02/06/2017 04:00:00 - 02/06/2017 05:00:00","BZN|DK1","1.00","n/e"," ","0.19"
"02/06/2017 05:00:00 - 02/06/2017 06:00:00","BZN|DK1","11.00","n/e"," ","8.63"
"02/06/2017 06:00:00 - 02/06/2017 07:00:00","BZN|DK1","35.00","n/e"," ","32.94"
"02/06/2017 07:00:00 - 02/06/2017 08:00:00","BZN|DK1","85.00","n/e"," ","85.60"
"02/06/2017 08:00:00 - 02/06/2017 09:00:00","BZN|DK1","175.00","n/e"," ","160.54"
"02/06/2017 09:00:00 - 02/06/2017 10:00:00","BZN|DK1","247.00","n/e"," ","232.35"
"02/06/2017 10:00:00 - 02/06/2017 11:00:00","BZN|DK1","311.00","n/e"," ","278.87"
"02/06/2017 11:00:00 - 02/06/2017 12:00:00","BZN|DK1","369.00","n/e"," ","310.83"
"02/06/2017 12:00:00 - 02/06/2017 13:00:00","BZN|DK1","389.00","n/e"," ","352.09"
"02/06/2017 13:00:00 - 02/06/2017 14:00:00","BZN|DK1","395.00","n/e"," ","363.20"
"02/06/2017 14:00:00 - 02/06/2017 15:00:00","BZN|DK1","381.00","n/e"," ","356.83"
"02/06/2017 15:00:00 - 02/06/2017 16:00:00","BZN|DK1","345.00","n/e"," ","316.46"
"02/06/2017 16:00:00 - 02/06/2017 17:00:00","BZN|DK1","294.00","n/e"," ","281.00"
"02/06/2017 17:00:00 - 02/06/2017 18:00:00","BZN|DK1","210.00","n/e"," ","212.54"
"02/06/2017 18:00:00 - 02/06/2017 19:00:00","BZN|DK1","139.00","n/e"," ","134.95"
"02/06/2017 19:00:00 - 02/06/2017 20:00:00","BZN|DK1","73.00","n/e"," ","64.17"
"02/06/2017 20:00:00 - 02/06/2017 21:00:00","BZN|DK1","24.00","n/e"," ","21.73"
"02/06/2017 21:00:00 - 02/06/2017 22:00:00","BZN|DK1","4.00","n/e"," ","4.57"
"02/06/2017 22:00:00 - 02/06/2017 23:00:00","BZN|DK1","0.00","n/e"," ","0.08"
"02/06/2017 23:00:00 - 03/06/2017 00:00:00","BZN|DK1","0.00","n/e"," ","0.00"
"03/06/2017 00:00:00 - 03/06/2017 01:00:00","BZN|DK1","0.00","n/e"," ","0.00"
"03/06/2017 01:00:00 - 03/06/2017 02:00:00","BZN|DK1","0.00","n/e"," ","0.00"
"03/06/2017 02:00:00 - 03/06/2017 03:00:00","BZN|DK1","0.00","n/e"," ","0.00"
"03/06/2017 03:00:00 - 03/06/2017 04:00:00","BZN|DK1","0.00","n/e"," ","0.00"
"03/06/2017 04:00:00 - 03/06/2017 05:00:00","BZN|DK1","0.00","n/e"," ","0.15"
"03/06/2017 05:00:00 - 03/06/2017 06:00:00","BZN|DK1","8.00","n/e"," ","9.93"
"03/06/2017 06:00:00 - 03/06/2017 07:00:00","BZN|DK1","36.00","n/e"," ","42.04"
"03/06/2017 07:00:00 - 03/06/2017 08:00:00","BZN|DK1","89.00","n/e"," ","90.68"
"03/06/2017 08:00:00 - 03/06/2017 09:00:00","BZN|DK1","153.00","n/e"," ","124.27"
"03/06/2017 09:00:00 - 03/06/2017 10:00:00","BZN|DK1","203.00","n/e"," ","154.51"
"03/06/2017 10:00:00 - 03/06/2017 11:00:00","BZN|DK1","239.00","n/e"," ","202.63"
"03/06/2017 11:00:00 - 03/06/2017 12:00:00","BZN|DK1","277.00","n/e"," ","239.45"
"03/06/2017 12:00:00 - 03/06/2017 13:00:00","BZN|DK1","279.00","n/e"," ","246.48"
"03/06/2017 13:00:00 - 03/06/2017 14:00:00","BZN|DK1","260.00","n/e"," ","222.24"
"03/06/2017 14:00:00 - 03/06/2017 15:00:00","BZN|DK1","179.00","n/e"," ","169.30"
"03/06/2017 15:00:00 - 03/06/2017 16:00:00","BZN|DK1","122.00","n/e"," ","101.36"
"03/06/2017 16:00:00 - 03/06/2017 17:00:00","BZN|DK1","111.00","n/e"," ","83.78"
"03/06/2017 17:00:00 - 03/06/2017 18:00:00","BZN|DK1","77.00","n/e"," ","74.60"
"03/06/2017 18:00:00 - 03/06/2017 19:00:00","BZN|DK1","60.00","n/e"," ","63.47"
"03/06/2017 19:00:00 - 03/06/2017 20:00:00","BZN|DK1","34.00","n/e"," ","39.31"
"03/06/2017 20:00:00 - 03/06/2017 21:00:00","BZN|DK1","13.00","n/e"," ","13.13"
"03/06/2017 21:00:00 - 03/06/2017 22:00:00","BZN|DK1","2.00","n/e"," ","2.18"
"03/06/2017 22:00:00 - 03/06/2017 23:00:00","BZN|DK1","0.00","n/e"," ","0.07"
"03/06/2017 23:00:00 - 04/06/2017 00:00:00","BZN|DK1","0.00","n/e"," ","0.00"
"04/06/2017 00:00:00 - 04/06/2017 01:00:00","BZN|DK1","0.00","n/e"," ","0.00"
"04/06/2017 01:00:00 - 04/06/2017 02:00:00","BZN|DK1","0.00","n/e"," ","0.00"
"04/06/2017 02:00:00 - 04/06/2017 03:00:00","BZN|DK1","0.00","n/e"," ","0.00"
"04/06/2017 03:00:00 - 04/06/2017 04:00:00","BZN|DK1","0.00","n/e"," ","0.00"
"04/06/2017 04:00:00 - 04/06/2017 05:00:00","BZN|DK1","0.00","n/e"," ","0.07"
"04/06/2017 05:00:00 - 04/06/2017 06:00:00","BZN|DK1","4.00","n/e"," ","3.88"
"04/06/2017 06:00:00 - 04/06/2017 07:00:00","BZN|DK1","13.00","n/e"," ","10.64"
"04/06/2017 07:00:00 - 04/06/2017 08:00:00","BZN|DK1","21.00","n/e"," ","10.67"
"04/06/2017 08:00:00 - 04/06/2017 09:00:00","BZN|DK1","35.00","n/e"," ","10.67"
"04/06/2017 09:00:00 - 04/06/2017 10:00:00","BZN|DK1","57.00","n/e"," ","10.67"
"04/06/2017 10:00:00 - 04/06/2017 11:00:00","BZN|DK1","69.00","n/e"," ","10.67"
"04/06/2017 11:00:00 - 04/06/2017 12:00:00","BZN|DK1","109.00","n/e"," ","65.08"
"04/06/2017 12:00:00 - 04/06/2017 13:00:00","BZN|DK1","133.00","n/e"," ","118.44"
"04/06/2017 13:00:00 - 04/06/2017 14:00:00","BZN|DK1","162.00","n/e"," ","143.52"
"04/06/2017 14:00:00 - 04/06/2017 15:00:00","BZN|DK1","230.00","n/e"," ","203.49"
"04/06/2017 15:00:00 - 04/06/2017 16:00:00","BZN|DK1","262.00","n/e"," ","241.52"
"04/06/2017 16:00:00 - 04/06/2017 17:00:00","BZN|DK1","251.00","n/e"," ","265.81"
"04/06/2017 17:00:00 - 04/06/2017 18:00:00","BZN|DK1","215.00","n/e"," ","221.00"
"04/06/2017 18:00:00 - 04/06/2017 19:00:00","BZN|DK1","148.00","n/e"," ","143.24"
"04/06/2017 19:00:00 - 04/06/2017 20:00:00","BZN|DK1","77.00","n/e"," ","71.70"
"04/06/2017 20:00:00 - 04/06/2017 21:00:00","BZN|DK1","26.00","n/e"," ","23.95"
"04/06/2017 21:00:00 - 04/06/2017 22:00:00","BZN|DK1","5.00","n/e"," ","4.02"
"04/06/2017 22:00:00 - 04/06/2017 23:00:00","BZN|DK1","0.00","n/e"," ","0.10"
"04/06/2017 23:00:00 - 05/06/2017 00:00:00","BZN|DK1","0.00","n/e"," ","0.00"
"05/06/2017 00:00:00 - 05/06/2017 01:00:00","BZN|DK1","0.00","n/e"," ","0.00"
"05/06/2017 01:00:00 - 05/06/2017 02:00:00","BZN|DK1","0.00","n/e"," ","0.00"
"05/06/2017 02:00:00 - 05/06/2017 03:00:00","BZN|DK1","0.00","n/e"," ","0.00"
"05/06/2017 03:00:00 - 05/06/2017 04:00:00","BZN|DK1","0.00","n/e"," ","0.00"
"05/06/2017 04:00:00 - 05/06/2017 05:00:00","BZN|DK1","1.00","n/e"," ","0.35"
"05/06/2017 05:00:00 - 05/06/2017 06:00:00","BZN|DK1","11.00","n/e"," ","10.26"
"05/06/2017 06:00:00 - 05/06/2017 07:00:00","BZN|DK1","38.00","n/e"," ","39.06"
"05/06/2017 07:00:00 - 05/06/2017 08:00:00","BZN|DK1","95.00","n/e"," ","100.45"
"05/06/2017 08:00:00 - 05/06/2017 09:00:00","BZN|DK1","172.00","n/e"," ","171.44"
"05/06/2017 09:00:00 - 05/06/2017 10:00:00","BZN|DK1","213.00","n/e"," ","230.35"
"05/06/2017 10:00:00 - 05/06/2017 11:00:00","BZN|DK1","221.00","n/e"," ","241.01"
"05/06/2017 11:00:00 - 05/06/2017 12:00:00","BZN|DK1","238.00","n/e"," ","250.78"
"05/06/2017 12:00:00 - 05/06/2017 13:00:00","BZN|DK1","259.00","n/e"," ","274.92"
"05/06/2017 13:00:00 - 05/06/2017 14:00:00","BZN|DK1","276.00","n/e"," ","295.51"
"05/06/2017 14:00:00 - 05/06/2017 15:00:00","BZN|DK1","274.00","n/e"," ","246.91"
"05/06/2017 15:00:00 - 05/06/2017 16:00:00","BZN|DK1","227.00","n/e"," ","187.30"
"05/06/2017 16:00:00 - 05/06/2017 17:00:00","BZN|DK1","193.00","n/e"," ","177.66"
"05/06/2017 17:00:00 - 05/06/2017 18:00:00","BZN|DK1","158.00","n/e"," ","153.29"
"05/06/2017 18:00:00 - 05/06/2017 19:00:00","BZN|DK1","108.00","n/e"," ","115.70"
"05/06/2017 19:00:00 - 05/06/2017 20:00:00","BZN|DK1","63.00","n/e"," ","68.71"
"05/06/2017 20:00:00 - 05/06/2017 21:00:00","BZN|DK1","25.00","n/e"," ","27.27"
"05/06/2017 21:00:00 - 05/06/2017 22:00:00","BZN|DK1","5.00","n/e"," ","5.22"
"05/06/2017 22:00:00 - 05/06/2017 23:00:00","BZN|DK1","0.00","n/e"," ","0.08"
"05/06/2017 23:00:00 - 06/06/2017 00:00:00","BZN|DK1","0.00","n/e"," ","0.00"
"06/06/2017 00:00:00 - 06/06/2017 01:00:00","BZN|DK1","0.00","n/e"," ","0.00"
"06/06/2017 01:00:00 - 06/06/2017 02:00:00","BZN|DK1","0.00","n/e"," ","0.00"
"06/06/2017 02:00:00 - 06/06/2017 03:00:00","BZN|DK1","0.00","n/e"," ","0.00"
"06/06/2017 03:00:00 - 06/06/2017 04:00:00","BZN|DK1","0.00","n/e"," ","0.00"
"06/06/2017 04:00:00 - 06/06/2017 05:00:00","BZN|DK1","0.00","n/e"," ","0.28"
"06/06/2017 05:00:00 - 06/06/2017 06:00:00","BZN|DK1","10.00","n/e"," ","9.99"
"06/06/2017 06:00:00 - 06/06/2017 07:00:00","BZN|DK1","39.00","n/e"," ","37.95"
"06/06/2017 07:00:00 - 06/06/2017 08:00:00","BZN|DK1","91.00","n/e"," ","96.42"
"06/06/2017 08:00:00 - 06/06/2017 09:00:00","BZN|DK1","175.00","n/e"," ","180.72"
"06/06/2017 09:00:00 - 06/06/2017 10:00:00","BZN|DK1","240.00","n/e"," ","262.46"
"06/06/2017 10:00:00 - 06/06/2017 11:00:00","BZN|DK1","291.00","n/e"," ","321.42"
"06/06/2017 11:00:00 - 06/06/2017 12:00:00","BZN|DK1","339.00","n/e"," ","365.34"
"06/06/2017 12:00:00 - 06/06/2017 13:00:00","BZN|DK1","364.00","n/e"," ","403.30"
"06/06/2017 13:00:00 - 06/06/2017 14:00:00","BZN|DK1","370.00","n/e"," ","403.18"
"06/06/2017 14:00:00 - 06/06/2017 15:00:00","BZN|DK1","309.00","n/e"," ","350.31"
"06/06/2017 15:00:00 - 06/06/2017 16:00:00","BZN|DK1","281.00","n/e"," ","298.43"
"06/06/2017 16:00:00 - 06/06/2017 17:00:00","BZN|DK1","252.00","n/e"," ","229.52"
"06/06/2017 17:00:00 - 06/06/2017 18:00:00","BZN|DK1","166.00","n/e"," ","145.06"
"06/06/2017 18:00:00 - 06/06/2017 19:00:00","BZN|DK1","92.00","n/e"," ","61.21"
"06/06/2017 19:00:00 - 06/06/2017 20:00:00","BZN|DK1","37.00","n/e"," ","32.22"
"06/06/2017 20:00:00 - 06/06/2017 21:00:00","BZN|DK1","9.00","n/e"," ","12.87"
"06/06/2017 21:00:00 - 06/06/2017 22:00:00","BZN|DK1","2.00","n/e"," ","2.74"
"06/06/2017 22:00:00 - 06/06/2017 23:00:00","BZN|DK1","0.00","n/e"," ","0.05"
"06/06/2017 23:00:00 - 07/06/2017 00:00:00","BZN|DK1","0.00","n/e"," ","0.00"
"07/06/2017 00:00:00 - 07/06/2017 01:00:00","BZN|DK1","0.00","n/e"," ","0.00"
"07/06/2017 01:00:00 - 07/06/2017 02:00:00","BZN|DK1","0.00","n/e"," ","0.00"
"07/06/2017 02:00:00 - 07/06/2017 03:00:00","BZN|DK1","0.00","n/e"," ","0.00"
"07/06/2017 03:00:00 - 07/06/2017 04:00:00","BZN|DK1","0.00","n/e"," ","0.00"
"07/06/2017 04:00:00 - 07/06/2017 05:00:00","BZN|DK1","0.00","n/e"," ","0.04"
"07/06/2017 05:00:00 - 07/06/2017 06:00:00","BZN|DK1","5.00","n/e"," ","2.47"
"07/06/2017 06:00:00 - 07/06/2017 07:00:00","BZN|DK1","18.00","n/e"," ","13.59"
"07/06/2017 07:00:00 - 07/06/2017 08:00:00","BZN|DK1","31.00","n/e"," ","35.46"
"07/06/2017 08:00:00 - 07/06/2017 09:00:00","BZN|DK1","46.00","n/e"," ","64.33"
"07/06/2017 09:00:00 - 07/06/2017 10:00:00","BZN|DK1","82.00","n/e"," ","90.64"
"07/06/2017 10:00:00 - 07/06/2017 11:00:00","BZN|DK1","101.00","n/e"," ","112.26"
"07/06/2017 11:00:00 - 07/06/2017 12:00:00","BZN|DK1","110.00","n/e"," ","125.47"
"07/06/2017 12:00:00 - 07/06/2017 13:00:00","BZN|DK1","117.00","n/e"," ","123.98"
"07/06/2017 13:00:00 - 07/06/2017 14:00:00","BZN|DK1","117.00","n/e"," ","115.88"
"07/06/2017 14:00:00 - 07/06/2017 15:00:00","BZN|DK1","84.00","n/e"," ","96.07"
"07/06/2017 15:00:00 - 07/06/2017 16:00:00","BZN|DK1","82.00","n/e"," ","92.54"
"07/06/2017 16:00:00 - 07/06/2017 17:00:00","BZN|DK1","72.00","n/e"," ","99.97"
"07/06/2017 17:00:00 - 07/06/2017 18:00:00","BZN|DK1","62.00","n/e"," ","74.60"
"07/06/2017 18:00:00 - 07/06/2017 19:00:00","BZN|DK1","39.00","n/e"," ","49.41"
"07/06/2017 19:00:00 - 07/06/2017 20:00:00","BZN|DK1","22.00","n/e"," ","22.81"
"07/06/2017 20:00:00 - 07/06/2017 21:00:00","BZN|DK1","7.00","n/e"," ","7.01"
"07/06/2017 21:00:00 - 07/06/2017 22:00:00","BZN|DK1","2.00","n/e"," ","1.50"
"07/06/2017 22:00:00 - 07/06/2017 23:00:00","BZN|DK1","0.00","n/e"," ","0.06"
"07/06/2017 23:00:00 - 08/06/2017 00:00:00","BZN|DK1","0.00","n/e"," ","0.00"
"08/06/2017 00:00:00 - 08/06/2017 01:00:00","BZN|DK1","0.00","n/e"," ","0.00"
"08/06/2017 01:00:00 - 08/06/2017 02:00:00","BZN|DK1","0.00","n/e"," ","0.00"
"08/06/2017 02:00:00 - 08/06/2017 03:00:00","BZN|DK1","0.00","n/e"," ","0.00"
"08/06/2017 03:00:00 - 08/06/2017 04:00:00","BZN|DK1","0.00","n/e"," ","0.00"
"08/06/2017 04:00:00 - 08/06/2017 05:00:00","BZN|DK1","0.00","n/e"," ","0.12"
"08/06/2017 05:00:00 - 08/06/2017 06:00:00","BZN|DK1","4.00","n/e"," ","3.59"
"08/06/2017 06:00:00 - 08/06/2017 07:00:00","BZN|DK1","19.00","n/e"," ","20.51"
"08/06/2017 07:00:00 - 08/06/2017 08:00:00","BZN|DK1","54.00","n/e"," ","60.99"
"08/06/2017 08:00:00 - 08/06/2017 09:00:00","BZN|DK1","111.00","n/e"," ","121.88"
"08/06/2017 09:00:00 - 08/06/2017 10:00:00","BZN|DK1","190.00","n/e"," ","190.68"
"08/06/2017 10:00:00 - 08/06/2017 11:00:00","BZN|DK1","240.00","n/e"," ","233.27"
"08/06/2017 11:00:00 - 08/06/2017 12:00:00","BZN|DK1","257.00","n/e"," ","271.81"
"08/06/2017 12:00:00 - 08/06/2017 13:00:00","BZN|DK1","270.00","n/e"," ","279.82"
"08/06/2017 13:00:00 - 08/06/2017 14:00:00","BZN|DK1","282.00","n/e"," ","275.41"
"08/06/2017 14:00:00 - 08/06/2017 15:00:00","BZN|DK1","222.00","n/e"," ","216.84"
"08/06/2017 15:00:00 - 08/06/2017 16:00:00","BZN|DK1","167.00","n/e"," ","161.87"
"08/06/2017 16:00:00 - 08/06/2017 17:00:00","BZN|DK1","134.00","n/e"," ","111.28"
"08/06/2017 17:00:00 - 08/06/2017 18:00:00","BZN|DK1","77.00","n/e"," ","72.90"
"08/06/2017 18:00:00 - 08/06/2017 19:00:00","BZN|DK1","45.00","n/e"," ","40.66"
"08/06/2017 19:00:00 - 08/06/2017 20:00:00","BZN|DK1","21.00","n/e"," ","19.57"
"08/06/2017 20:00:00 - 08/06/2017 21:00:00","BZN|DK1","7.00","n/e"," ","8.25"
"08/06/2017 21:00:00 - 08/06/2017 22:00:00","BZN|DK1","2.00","n/e"," ","2.41"
"08/06/2017 22:00:00 - 08/06/2017 23:00:00","BZN|DK1","0.00","n/e"," ","0.07"
"08/06/2017 23:00:00 - 09/06/2017 00:00:00","BZN|DK1","0.00","n/e"," ","0.00"
"09/06/2017 00:00:00 - 09/06/2017 01:00:00","BZN|DK1","0.00","n/e"," ","0.00"
"09/06/2017 01:00:00 - 09/06/2017 02:00:00","BZN|DK1","0.00","n/e"," ","0.00"
"09/06/2017 02:00:00 - 09/06/2017 03:00:00","BZN|DK1","0.00","n/e"," ","0.00"
"09/06/2017 03:00:00 - 09/06/2017 04:00:00","BZN|DK1","0.00","n/e"," ","0.00"
"09/06/2017 04:00:00 - 09/06/2017 05:00:00","BZN|DK1","0.00","n/e"," ","0.25"
"09/06/2017 05:00:00 - 09/06/2017 06:00:00","BZN|DK1","8.00","n/e"," ","9.86"
"09/06/2017 06:00:00 - 09/06/2017 07:00:00","BZN|DK1","30.00","n/e"," ","24.66"
"09/06/2017 07:00:00 - 09/06/2017 08:00:00","BZN|DK1","57.00","n/e"," ","54.95"
"09/06/2017 08:00:00 - 09/06/2017 09:00:00","BZN|DK1","97.00","n/e"," ","75.64"
"09/06/2017 09:00:00 - 09/06/2017 10:00:00","BZN|DK1","136.00","n/e"," ","101.60"
"09/06/2017 10:00:00 - 09/06/2017 11:00:00","BZN|DK1","148.00","n/e"," ","166.01"
"09/06/2017 11:00:00 - 09/06/2017 12:00:00","BZN|DK1","148.00","n/e"," ","199.95"
"09/06/2017 12:00:00 - 09/06/2017 13:00:00","BZN|DK1","131.00","n/e"," ","176.95"
"09/06/2017 13:00:00 - 09/06/2017 14:00:00","BZN|DK1","124.00","n/e"," ","152.63"
"09/06/2017 14:00:00 - 09/06/2017 15:00:00","BZN|DK1","100.00","n/e"," ","114.36"
"09/06/2017 15:00:00 - 09/06/2017 16:00:00","BZN|DK1","78.00","n/e"," ","65.43"
"09/06/2017 16:00:00 - 09/06/2017 17:00:00","BZN|DK1","58.00","n/e"," ","45.00"
"09/06/2017 17:00:00 - 09/06/2017 18:00:00","BZN|DK1","36.00","n/e"," ","31.50"
"09/06/2017 18:00:00 - 09/06/2017 19:00:00","BZN|DK1","34.00","n/e"," ","20.66"
"09/06/2017 19:00:00 - 09/06/2017 20:00:00","BZN|DK1","23.00","n/e"," ","16.10"
"09/06/2017 20:00:00 - 09/06/2017 21:00:00","BZN|DK1","13.00","n/e"," ","11.96"
"09/06/2017 21:00:00 - 09/06/2017 22:00:00","BZN|DK1","4.00","n/e"," ","2.54"
"09/06/2017 22:00:00 - 09/06/2017 23:00:00","BZN|DK1","0.00","n/e"," ","0.07"
"09/06/2017 23:00:00 - 10/06/2017 00:00:00","BZN|DK1","0.00","n/e"," ","0.00"
"10/06/2017 00:00:00 - 10/06/2017 01:00:00","BZN|DK1","0.00","n/e"," ","0.00"
"10/06/2017 01:00:00 - 10/06/2017 02:00:00","BZN|DK1","0.00","n/e"," ","0.00"
"10/06/2017 02:00:00 - 10/06/2017 03:00:00","BZN|DK1","0.00","n/e"," ","0.00"
"10/06/2017 03:00:00 - 10/06/2017 04:00:00","BZN|DK1","0.00","n/e"," ","0.00"
"10/06/2017 04:00:00 - 10/06/2017 05:00:00","BZN|DK1","1.00","n/e"," ","0.19"
"10/06/2017 05:00:00 - 10/06/2017 06:00:00","BZN|DK1","11.00","n/e"," ","9.17"
"10/06/2017 06:00:00 - 10/06/2017 07:00:00","BZN|DK1","36.00","n/e"," ","36.03"
"10/06/2017 07:00:00 - 10/06/2017 08:00:00","BZN|DK1","85.00","n/e"," ","91.23"
"10/06/2017 08:00:00 - 10/06/2017 09:00:00","BZN|DK1","168.00","n/e"," ","175.17"
"10/06/2017 09:00:00 - 10/06/2017 10:00:00","BZN|DK1","257.00","n/e"," ","263.46"
"10/06/2017 10:00:00 - 10/06/2017 11:00:00","BZN|DK1","311.00","n/e"," ","328.16"
"10/06/2017 11:00:00 - 10/06/2017 12:00:00","BZN|DK1","313.00","n/e"," ","351.89"
"10/06/2017 12:00:00 - 10/06/2017 13:00:00","BZN|DK1","334.00","n/e"," ","349.46"
"10/06/2017 13:00:00 - 10/06/2017 14:00:00","BZN|DK1","356.00","n/e"," ","345.54"
"10/06/2017 14:00:00 - 10/06/2017 15:00:00","BZN|DK1","342.00","n/e"," ","315.24"
"10/06/2017 15:00:00 - 10/06/2017 16:00:00","BZN|DK1","315.00","n/e"," ","281.63"
"10/06/2017 16:00:00 - 10/06/2017 17:00:00","BZN|DK1","274.00","n/e"," ","248.22"
"10/06/2017 17:00:00 - 10/06/2017 18:00:00","BZN|DK1","207.00","n/e"," ","219.75"
"10/06/2017 18:00:00 - 10/06/2017 19:00:00","BZN|DK1","143.00","n/e"," ","142.82"
"10/06/2017 19:00:00 - 10/06/2017 20:00:00","BZN|DK1","75.00","n/e"," ","75.46"
"10/06/2017 20:00:00 - 10/06/2017 21:00:00","BZN|DK1","28.00","n/e"," ","28.12"
"10/06/2017 21:00:00 - 10/06/2017 22:00:00","BZN|DK1","6.00","n/e"," ","5.59"
"10/06/2017 22:00:00 - 10/06/2017 23:00:00","BZN|DK1","0.00","n/e"," ","0.11"
"10/06/2017 23:00:00 - 11/06/2017 00:00:00","BZN|DK1","0.00","n/e"," ","0.00"
"11/06/2017 00:00:00 - 11/06/2017 01:00:00","BZN|DK1","0.00","n/e"," ","0.00"
"11/06/2017 01:00:00 - 11/06/2017 02:00:00","BZN|DK1","0.00","n/e"," ","0.00"
"11/06/2017 02:00:00 - 11/06/2017 03:00:00","BZN|DK1","0.00","n/e"," ","0.00"
"11/06/2017 03:00:00 - 11/06/2017 04:00:00","BZN|DK1","0.00","n/e"," ","0.00"
"11/06/2017 04:00:00 - 11/06/2017 05:00:00","BZN|DK1","0.00","n/e"," ","0.10"
"11/06/2017 05:00:00 - 11/06/2017 06:00:00","BZN|DK1","5.00","n/e"," ","5.62"
"11/06/2017 06:00:00 - 11/06/2017 07:00:00","BZN|DK1","23.00","n/e"," ","24.92"
"11/06/2017 07:00:00 - 11/06/2017 08:00:00","BZN|DK1","61.00","n/e"," ","69.08"
"11/06/2017 08:00:00 - 11/06/2017 09:00:00","BZN|DK1","109.00","n/e"," ","125.32"
"11/06/2017 09:00:00 - 11/06/2017 10:00:00","BZN|DK1","150.00","n/e"," ","182.90"
"11/06/2017 10:00:00 - 11/06/2017 11:00:00","BZN|DK1","156.00","n/e"," ","222.70"
"11/06/2017 11:00:00 - 11/06/2017 12:00:00","BZN|DK1","162.00","n/e"," ","194.45"
"11/06/2017 12:00:00 - 11/06/2017 13:00:00","BZN|DK1","175.00","n/e"," ","201.84"
"11/06/2017 13:00:00 - 11/06/2017 14:00:00","BZN|DK1","180.00","n/e"," ","217.13"
"11/06/2017 14:00:00 - 11/06/2017 15:00:00","BZN|DK1","183.00","n/e"," ","191.26"
"11/06/2017 15:00:00 - 11/06/2017 16:00:00","BZN|DK1","171.00","n/e"," ","163.84"
"11/06/2017 16:00:00 - 11/06/2017 17:00:00","BZN|DK1","152.00","n/e"," ","128.52"
"11/06/2017 17:00:00 - 11/06/2017 18:00:00","BZN|DK1","111.00","n/e"," ","89.09"
"11/06/2017 18:00:00 - 11/06/2017 19:00:00","BZN|DK1","67.00","n/e"," ","50.03"
"11/06/2017 19:00:00 - 11/06/2017 20:00:00","BZN|DK1","33.00","n/e"," ","27.05"
"11/06/2017 20:00:00 - 11/06/2017 21:00:00","BZN|DK1","12.00","n/e"," ","8.12"
"11/06/2017 21:00:00 - 11/06/2017 22:00:00","BZN|DK1","3.00","n/e"," ","1.18"
"11/06/2017 22:00:00 - 11/06/2017 23:00:00","BZN|DK1","0.00","n/e"," ","0.07"
"11/06/2017 23:00:00 - 12/06/2017 00:00:00","BZN|DK1","0.00","n/e"," ","0.00"
"12/06/2017 00:00:00 - 12/06/2017 01:00:00","BZN|DK1","0.00","n/e"," ","0.00"
"12/06/2017 01:00:00 - 12/06/2017 02:00:00","BZN|DK1","0.00","n/e"," ","0.00"
"12/06/2017 02:00:00 - 12/06/2017 03:00:00","BZN|DK1","0.00","n/e"," ","0.00"
"12/06/2017 03:00:00 - 12/06/2017 04:00:00","BZN|DK1","0.00","n/e"," ","0.00"
"12/06/2017 04:00:00 - 12/06/2017 05:00:00","BZN|DK1","0.00","n/e"," ","0.25"
"12/06/2017 05:00:00 - 12/06/2017 06:00:00","BZN|DK1","10.00","n/e"," ","9.66"
"12/06/2017 06:00:00 - 12/06/2017 07:00:00","BZN|DK1","38.00","n/e"," ","39.08"
"12/06/2017 07:00:00 - 12/06/2017 08:00:00","BZN|DK1","81.00","n/e"," ","84.73"
"12/06/2017 08:00:00 - 12/06/2017 09:00:00","BZN|DK1","135.00","n/e"," ","137.07"
"12/06/2017 09:00:00 - 12/06/2017 10:00:00","BZN|DK1","191.00","n/e"," ","165.22"
"12/06/2017 10:00:00 - 12/06/2017 11:00:00","BZN|DK1","228.00","n/e"," ","152.10"
"12/06/2017 11:00:00 - 12/06/2017 12:00:00","BZN|DK1","261.00","n/e"," ","166.96"
"12/06/2017 12:00:00 - 12/06/2017 13:00:00","BZN|DK1","278.00","n/e"," ","197.14"
"12/06/2017 13:00:00 - 12/06/2017 14:00:00","BZN|DK1","277.00","n/e"," ","224.18"
"12/06/2017 14:00:00 - 12/06/2017 15:00:00","BZN|DK1","245.00","n/e"," ","189.91"
"12/06/2017 15:00:00 - 12/06/2017 16:00:00","BZN|DK1","209.00","n/e"," ","155.09"
"12/06/2017 16:00:00 - 12/06/2017 17:00:00","BZN|DK1","167.00","n/e"," ","126.77"
"12/06/2017 17:00:00 - 12/06/2017 18:00:00","BZN|DK1","110.00","n/e"," ","99.57"
"12/06/2017 18:00:00 - 12/06/2017 19:00:00","BZN|DK1","69.00","n/e"," ","66.97"
"12/06/2017 19:00:00 - 12/06/2017 20:00:00","BZN|DK1","40.00","n/e"," ","38.27"
"12/06/2017 20:00:00 - 12/06/2017 21:00:00","BZN|DK1","15.00","n/e"," ","17.49"
"12/06/2017 21:00:00 - 12/06/2017 22:00:00","BZN|DK1","3.00","n/e"," ","2.64"
"12/06/2017 22:00:00 - 12/06/2017 23:00:00","BZN|DK1","0.00","n/e"," ","0.09"
"12/06/2017 23:00:00 - 13/06/2017 00:00:00","BZN|DK1","0.00","n/e"," ","0.00"
"13/06/2017 00:00:00 - 13/06/2017 01:00:00","BZN|DK1","0.00","n/e"," ","0.00"
"13/06/2017 01:00:00 - 13/06/2017 02:00:00","BZN|DK1","0.00","n/e"," ","0.00"
"13/06/2017 02:00:00 - 13/06/2017 03:00:00","BZN|DK1","0.00","n/e"," ","0.00"
"13/06/2017 03:00:00 - 13/06/2017 04:00:00","BZN|DK1","0.00","n/e"," ","0.00"
"13/06/2017 04:00:00 - 13/06/2017 05:00:00","BZN|DK1","0.00","n/e"," ","0.19"
"13/06/2017 05:00:00 - 13/06/2017 06:00:00","BZN|DK1","9.00","n/e"," ","4.11"
"13/06/2017 06:00:00 - 13/06/2017 07:00:00","BZN|DK1","29.00","n/e"," ","18.88"
"13/06/2017 07:00:00 - 13/06/2017 08:00:00","BZN|DK1","46.00","n/e"," ","43.46"
"13/06/2017 08:00:00 - 13/06/2017 09:00:00","BZN|DK1","85.00","n/e"," ","77.67"
"13/06/2017 09:00:00 - 13/06/2017 10:00:00","BZN|DK1","154.00","n/e"," ","131.24"
"13/06/2017 10:00:00 - 13/06/2017 11:00:00","BZN|DK1","208.00","n/e"," ","199.02"
"13/06/2017 11:00:00 - 13/06/2017 12:00:00","BZN|DK1","265.00","n/e"," ","254.86"
"13/06/2017 12:00:00 - 13/06/2017 13:00:00","BZN|DK1","304.00","n/e"," ","278.59"
"13/06/2017 13:00:00 - 13/06/2017 14:00:00","BZN|DK1","313.00","n/e"," ","292.47"
"13/06/2017 14:00:00 - 13/06/2017 15:00:00","BZN|DK1","271.00","n/e"," ","288.32"
"13/06/2017 15:00:00 - 13/06/2017 16:00:00","BZN|DK1","295.00","n/e"," ","268.45"
"13/06/2017 16:00:00 - 13/06/2017 17:00:00","BZN|DK1","272.00","n/e"," ","236.65"
"13/06/2017 17:00:00 - 13/06/2017 18:00:00","BZN|DK1","211.00","n/e"," ","178.87"
"13/06/2017 18:00:00 - 13/06/2017 19:00:00","BZN|DK1","140.00","n/e"," ","125.64"
"13/06/2017 19:00:00 - 13/06/2017 20:00:00","BZN|DK1","76.00","n/e"," ","76.98"
"13/06/2017 20:00:00 - 13/06/2017 21:00:00","BZN|DK1","30.00","n/e"," ","31.08"
"13/06/2017 21:00:00 - 13/06/2017 22:00:00","BZN|DK1","7.00","n/e"," ","7.26"
"13/06/2017 22:00:00 - 13/06/2017 23:00:00","BZN|DK1","0.00","n/e"," ","0.23"
"13/06/2017 23:00:00 - 14/06/2017 00:00:00","BZN|DK1","0.00","n/e"," ","0.00"
"14/06/2017 00:00:00 - 14/06/2017 01:00:00","BZN|DK1","0.00","n/e"," ","0.00"
"14/06/2017 01:00:00 - 14/06/2017 02:00:00","BZN|DK1","0.00","n/e"," ","0.00"
"14/06/2017 02:00:00 - 14/06/2017 03:00:00","BZN|DK1","0.00","n/e"," ","0.00"
"14/06/2017 03:00:00 - 14/06/2017 04:00:00","BZN|DK1","0.00","n/e"," ","0.00"
"14/06/2017 04:00:00 - 14/06/2017 05:00:00","BZN|DK1","1.00","n/e"," ","0.62"
"14/06/2017 05:00:00 - 14/06/2017 06:00:00","BZN|DK1","12.00","n/e"," ","10.45"
"14/06/2017 06:00:00 - 14/06/2017 07:00:00","BZN|DK1","37.00","n/e"," ","38.43"
"14/06/2017 07:00:00 - 14/06/2017 08:00:00","BZN|DK1","86.00","n/e"," ","89.72"
"14/06/2017 08:00:00 - 14/06/2017 09:00:00","BZN|DK1","159.00","n/e"," ","163.49"
"14/06/2017 09:00:00 - 14/06/2017 10:00:00","BZN|DK1","238.00","n/e"," ","241.24"
"14/06/2017 10:00:00 - 14/06/2017 11:00:00","BZN|DK1","298.00","n/e"," ","273.93"
"14/06/2017 11:00:00 - 14/06/2017 12:00:00","BZN|DK1","326.00","n/e"," ","289.55"
"14/06/2017 12:00:00 - 14/06/2017 13:00:00","BZN|DK1","342.00","n/e"," ","310.90"
"14/06/2017 13:00:00 - 14/06/2017 14:00:00","BZN|DK1","347.00","n/e"," ","313.75"
"14/06/2017 14:00:00 - 14/06/2017 15:00:00","BZN|DK1","309.00","n/e"," ","310.20"
"14/06/2017 15:00:00 - 14/06/2017 16:00:00","BZN|DK1","266.00","n/e"," ","310.43"
"14/06/2017 16:00:00 - 14/06/2017 17:00:00","BZN|DK1","233.00","n/e"," ","291.72"
"14/06/2017 17:00:00 - 14/06/2017 18:00:00","BZN|DK1","181.00","n/e"," ","231.62"
"14/06/2017 18:00:00 - 14/06/2017 19:00:00","BZN|DK1","121.00","n/e"," ","155.19"
"14/06/2017 19:00:00 - 14/06/2017 20:00:00","BZN|DK1","70.00","n/e"," ","76.99"
"14/06/2017 20:00:00 - 14/06/2017 21:00:00","BZN|DK1","29.00","n/e"," ","31.78"
"14/06/2017 21:00:00 - 14/06/2017 22:00:00","BZN|DK1","7.00","n/e"," ","9.03"
"14/06/2017 22:00:00 - 14/06/2017 23:00:00","BZN|DK1","0.00","n/e"," ","0.29"
"14/06/2017 23:00:00 - 15/06/2017 00:00:00","BZN|DK1","0.00","n/e"," ","0.00"
"15/06/2017 00:00:00 - 15/06/2017 01:00:00","BZN|DK1","0.00","n/e"," ","0.00"
"15/06/2017 01:00:00 - 15/06/2017 02:00:00","BZN|DK1","0.00","n/e"," ","0.00"
"15/06/2017 02:00:00 - 15/06/2017 03:00:00","BZN|DK1","0.00","n/e"," ","0.00"
"15/06/2017 03:00:00 - 15/06/2017 04:00:00","BZN|DK1","0.00","n/e"," ","0.00"
"15/06/2017 04:00:00 - 15/06/2017 05:00:00","BZN|DK1","1.00","n/e"," ","0.41"
"15/06/2017 05:00:00 - 15/06/2017 06:00:00","BZN|DK1","14.00","n/e"," ","9.91"
"15/06/2017 06:00:00 - 15/06/2017 07:00:00","BZN|DK1","38.00","n/e"," ","36.05"
"15/06/2017 07:00:00 - 15/06/2017 08:00:00","BZN|DK1","87.00","n/e"," ","90.33"
"15/06/2017 08:00:00 - 15/06/2017 09:00:00","BZN|DK1","159.00","n/e"," ","150.03"
"15/06/2017 09:00:00 - 15/06/2017 10:00:00","BZN|DK1","205.00","n/e"," ","203.66"
"15/06/2017 10:00:00 - 15/06/2017 11:00:00","BZN|DK1","248.00","n/e"," ","275.80"
"15/06/2017 11:00:00 - 15/06/2017 12:00:00","BZN|DK1","291.00","n/e"," ","331.42"
"15/06/2017 12:00:00 - 15/06/2017 13:00:00","BZN|DK1","304.00","n/e"," ","329.89"
"15/06/2017 13:00:00 - 15/06/2017 14:00:00","BZN|DK1","310.00","n/e"," ","305.30"
"15/06/2017 14:00:00 - 15/06/2017 15:00:00","BZN|DK1","300.00","n/e"," ","284.54"
"15/06/2017 15:00:00 - 15/06/2017 16:00:00","BZN|DK1","267.00","n/e"," ","238.08"
"15/06/2017 16:00:00 - 15/06/2017 17:00:00","BZN|DK1","230.00","n/e"," ","147.77"
"15/06/2017 17:00:00 - 15/06/2017 18:00:00","BZN|DK1","181.00","n/e"," ","99.27"
"15/06/2017 18:00:00 - 15/06/2017 19:00:00","BZN|DK1","132.00","n/e"," ","91.69"
"15/06/2017 19:00:00 - 15/06/2017 20:00:00","BZN|DK1","73.00","n/e"," ","63.03"
"15/06/2017 20:00:00 - 15/06/2017 21:00:00","BZN|DK1","28.00","n/e"," ","33.56"
"15/06/2017 21:00:00 - 15/06/2017 22:00:00","BZN|DK1","6.00","n/e"," ","8.85"
"15/06/2017 22:00:00 - 15/06/2017 23:00:00","BZN|DK1","0.00","n/e"," ","0.16"
"15/06/2017 23:00:00 - 16/06/2017 00:00:00","BZN|DK1","0.00","n/e"," ","0.00"
"16/06/2017 00:00:00 - 16/06/2017 01:00:00","BZN|DK1","0.00","n/e"," ","0.00"
"16/06/2017 01:00:00 - 16/06/2017 02:00:00","BZN|DK1","0.00","n/e"," ","0.00"
"16/06/2017 02:00:00 - 16/06/2017 03:00:00","BZN|DK1","0.00","n/e"," ","0.00"
"16/06/2017 03:00:00 - 16/06/2017 04:00:00","BZN|DK1","0.00","n/e"," ","0.00"
"16/06/2017 04:00:00 - 16/06/2017 05:00:00","BZN|DK1","0.00","n/e"," ","0.08"
"16/06/2017 05:00:00 - 16/06/2017 06:00:00","BZN|DK1","10.00","n/e"," ","7.78"
"16/06/2017 06:00:00 - 16/06/2017 07:00:00","BZN|DK1","33.00","n/e"," ","35.39"
"16/06/2017 07:00:00 - 16/06/2017 08:00:00","BZN|DK1","78.00","n/e"," ","79.49"
"16/06/2017 08:00:00 - 16/06/2017 09:00:00","BZN|DK1","129.00","n/e"," ","131.67"
"16/06/2017 09:00:00 - 16/06/2017 10:00:00","BZN|DK1","186.00","n/e"," ","173.18"
"16/06/2017 10:00:00 - 16/06/2017 11:00:00","BZN|DK1","220.00","n/e"," ","194.22"
"16/06/2017 11:00:00 - 16/06/2017 12:00:00","BZN|DK1","237.00","n/e"," ","231.79"
"16/06/2017 12:00:00 - 16/06/2017 13:00:00","BZN|DK1","260.00","n/e"," ","237.61"
"16/06/2017 13:00:00 - 16/06/2017 14:00:00","BZN|DK1","266.00","n/e"," ","270.49"
"16/06/2017 14:00:00 - 16/06/2017 15:00:00","BZN|DK1","309.00","n/e"," ","320.04"
"16/06/2017 15:00:00 - 16/06/2017 16:00:00","BZN|DK1","338.00","n/e"," ","342.77"
"16/06/2017 16:00:00 - 16/06/2017 17:00:00","BZN|DK1","307.00","n/e"," ","300.28"
"16/06/2017 17:00:00 - 16/06/2017 18:00:00","BZN|DK1","238.00","n/e"," ","243.77"
"16/06/2017 18:00:00 - 16/06/2017 19:00:00","BZN|DK1","163.00","n/e"," ","168.44"
"16/06/2017 19:00:00 - 16/06/2017 20:00:00","BZN|DK1","88.00","n/e"," ","86.48"
"16/06/2017 20:00:00 - 16/06/2017 21:00:00","BZN|DK1","32.00","n/e"," ","34.40"
"16/06/2017 21:00:00 - 16/06/2017 22:00:00","BZN|DK1","7.00","n/e"," ","9.88"
"16/06/2017 22:00:00 - 16/06/2017 23:00:00","BZN|DK1","0.00","n/e"," ","0.28"
"16/06/2017 23:00:00 - 17/06/2017 00:00:00","BZN|DK1","0.00","n/e"," ","0.00"
"17/06/2017 00:00:00 - 17/06/2017 01:00:00","BZN|DK1","0.00","n/e"," ","0.00"
"17/06/2017 01:00:00 - 17/06/2017 02:00:00","BZN|DK1","0.00","n/e"," ","0.00"
"17/06/2017 02:00:00 - 17/06/2017 03:00:00","BZN|DK1","0.00","n/e"," ","0.00"
"17/06/2017 03:00:00 - 17/06/2017 04:00:00","BZN|DK1","0.00","n/e"," ","0.00"
"17/06/2017 04:00:00 - 17/06/2017 05:00:00","BZN|DK1","1.00","n/e"," ","0.53"
"17/06/2017 05:00:00 - 17/06/2017 06:00:00","BZN|DK1","14.00","n/e"," ","11.71"
"17/06/2017 06:00:00 - 17/06/2017 07:00:00","BZN|DK1","43.00","n/e"," ","41.03"
"17/06/2017 07:00:00 - 17/06/2017 08:00:00","BZN|DK1","93.00","n/e"," ","101.14"
"17/06/2017 08:00:00 - 17/06/2017 09:00:00","BZN|DK1","186.00","n/e"," ","192.46"
"17/06/2017 09:00:00 - 17/06/2017 10:00:00","BZN|DK1","273.00","n/e"," ","285.08"
"17/06/2017 10:00:00 - 17/06/2017 11:00:00","BZN|DK1","350.00","n/e"," ","362.86"
"17/06/2017 11:00:00 - 17/06/2017 12:00:00","BZN|DK1","412.00","n/e"," ","411.11"
"17/06/2017 12:00:00 - 17/06/2017 13:00:00","BZN|DK1","429.00","n/e"," ","437.68"
"17/06/2017 13:00:00 - 17/06/2017 14:00:00","BZN|DK1","437.00","n/e"," ","445.55"
"17/06/2017 14:00:00 - 17/06/2017 15:00:00","BZN|DK1","430.00","n/e"," ","432.80"
"17/06/2017 15:00:00 - 17/06/2017 16:00:00","BZN|DK1","398.00","n/e"," ","399.82"
"17/06/2017 16:00:00 - 17/06/2017 17:00:00","BZN|DK1","339.00","n/e"," ","343.72"
"17/06/2017 17:00:00 - 17/06/2017 18:00:00","BZN|DK1","262.00","n/e"," ","268.65"
"17/06/2017 18:00:00 - 17/06/2017 19:00:00","BZN|DK1","179.00","n/e"," ","174.74"
"17/06/2017 19:00:00 - 17/06/2017 20:00:00","BZN|DK1","91.00","n/e"," ","92.46"
"17/06/2017 20:00:00 - 17/06/2017 21:00:00","BZN|DK1","32.00","n/e"," ","34.24"
"17/06/2017 21:00:00 - 17/06/2017 22:00:00","BZN|DK1","7.00","n/e"," ","7.44"
"17/06/2017 22:00:00 - 17/06/2017 23:00:00","BZN|DK1","0.00","n/e"," ","0.24"
"17/06/2017 23:00:00 - 18/06/2017 00:00:00","BZN|DK1","0.00","n/e"," ","0.00"
"18/06/2017 00:00:00 - 18/06/2017 01:00:00","BZN|DK1","0.00","n/e"," ","0.00"
"18/06/2017 01:00:00 - 18/06/2017 02:00:00","BZN|DK1","0.00","n/e"," ","0.00"
"18/06/2017 02:00:00 - 18/06/2017 03:00:00","BZN|DK1","0.00","n/e"," ","0.00"
"18/06/2017 03:00:00 - 18/06/2017 04:00:00","BZN|DK1","0.00","n/e"," ","0.00"
"18/06/2017 04:00:00 - 18/06/2017 05:00:00","BZN|DK1","0.00","n/e"," ","0.10"
"18/06/2017 05:00:00 - 18/06/2017 06:00:00","BZN|DK1","10.00","n/e"," ","6.12"
"18/06/2017 06:00:00 - 18/06/2017 07:00:00","BZN|DK1","29.00","n/e"," ","27.71"
"18/06/2017 07:00:00 - 18/06/2017 08:00:00","BZN|DK1","73.00","n/e"," ","79.65"
"18/06/2017 08:00:00 - 18/06/2017 09:00:00","BZN|DK1","160.00","n/e"," ","172.75"
"18/06/2017 09:00:00 - 18/06/2017 10:00:00","BZN|DK1","246.00","n/e"," ","271.05"
"18/06/2017 10:00:00 - 18/06/2017 11:00:00","BZN|DK1","333.00","n/e"," ","342.71"
"18/06/2017 11:00:00 - 18/06/2017 12:00:00","BZN|DK1","391.00","n/e"," ","383.54"
"18/06/2017 12:00:00 - 18/06/2017 13:00:00","BZN|DK1","406.00","n/e"," ","401.10"
"18/06/2017 13:00:00 - 18/06/2017 14:00:00","BZN|DK1","406.00","n/e"," ","402.53"
"18/06/2017 14:00:00 - 18/06/2017 15:00:00","BZN|DK1","392.00","n/e"," ","400.10"
"18/06/2017 15:00:00 - 18/06/2017 16:00:00","BZN|DK1","375.00","n/e"," ","378.57"
"18/06/2017 16:00:00 - 18/06/2017 17:00:00","BZN|DK1","328.00","n/e"," ","332.10"
"18/06/2017 17:00:00 - 18/06/2017 18:00:00","BZN|DK1","250.00","n/e"," ","263.30"
"18/06/2017 18:00:00 - 18/06/2017 19:00:00","BZN|DK1","170.00","n/e"," ","178.85"
"18/06/2017 19:00:00 - 18/06/2017 20:00:00","BZN|DK1","90.00","n/e"," ","91.35"
"18/06/2017 20:00:00 - 18/06/2017 21:00:00","BZN|DK1","32.00","n/e"," ","32.45"
"18/06/2017 21:00:00 - 18/06/2017 22:00:00","BZN|DK1","7.00","n/e"," ","7.53"
"18/06/2017 22:00:00 - 18/06/2017 23:00:00","BZN|DK1","0.00","n/e"," ","0.29"
"18/06/2017 23:00:00 - 19/06/2017 00:00:00","BZN|DK1","0.00","n/e"," ","0.00"
"19/06/2017 00:00:00 - 19/06/2017 01:00:00","BZN|DK1","0.00","n/e"," ","0.00"
"19/06/2017 01:00:00 - 19/06/2017 02:00:00","BZN|DK1","0.00","n/e"," ","0.00"
"19/06/2017 02:00:00 - 19/06/2017 03:00:00","BZN|DK1","0.00","n/e"," ","0.00"
"19/06/2017 03:00:00 - 19/06/2017 04:00:00","BZN|DK1","0.00","n/e"," ","0.00"
"19/06/2017 04:00:00 - 19/06/2017 05:00:00","BZN|DK1","0.00","n/e"," ","0.24"
"19/06/2017 05:00:00 - 19/06/2017 06:00:00","BZN|DK1","10.00","n/e"," ","8.02"
"19/06/2017 06:00:00 - 19/06/2017 07:00:00","BZN|DK1","32.00","n/e"," ","33.28"
"19/06/2017 07:00:00 - 19/06/2017 08:00:00","BZN|DK1","82.00","n/e"," ","84.44"
"19/06/2017 08:00:00 - 19/06/2017 09:00:00","BZN|DK1","160.00","n/e"," ","159.86"
"19/06/2017 09:00:00 - 19/06/2017 10:00:00","BZN|DK1","233.00","n/e"," ","244.72"
"19/06/2017 10:00:00 - 19/06/2017 11:00:00","BZN|DK1","307.00","n/e"," ","317.47"
"19/06/2017 11:00:00 - 19/06/2017 12:00:00","BZN|DK1","360.00","n/e"," ","371.33"
"19/06/2017 12:00:00 - 19/06/2017 13:00:00","BZN|DK1","388.00","n/e"," ","391.58"
"19/06/2017 13:00:00 - 19/06/2017 14:00:00","BZN|DK1","395.00","n/e"," ","383.33"
"19/06/2017 14:00:00 - 19/06/2017 15:00:00","BZN|DK1","371.00","n/e"," ","369.73"
"19/06/2017 15:00:00 - 19/06/2017 16:00:00","BZN|DK1","351.00","n/e"," ","346.07"
"19/06/2017 16:00:00 - 19/06/2017 17:00:00","BZN|DK1","312.00","n/e"," ","308.52"
"19/06/2017 17:00:00 - 19/06/2017 18:00:00","BZN|DK1","247.00","n/e"," ","248.21"
"19/06/2017 18:00:00 - 19/06/2017 19:00:00","BZN|DK1","171.00","n/e"," ","165.80"
"19/06/2017 19:00:00 - 19/06/2017 20:00:00","BZN|DK1","90.00","n/e"," ","81.98"
"19/06/2017 20:00:00 - 19/06/2017 21:00:00","BZN|DK1","32.00","n/e"," ","30.61"
"19/06/2017 21:00:00 - 19/06/2017 22:00:00","BZN|DK1","8.00","n/e"," ","7.97"
"19/06/2017 22:00:00 - 19/06/2017 23:00:00","BZN|DK1","0.00","n/e"," ","0.38"
"19/06/2017 23:00:00 - 20/06/2017 00:00:00","BZN|DK1","0.00","n/e"," ","0.00"
"20/06/2017 00:00:00 - 20/06/2017 01:00:00","BZN|DK1","0.00","n/e"," ","0.00"
"20/06/2017 01:00:00 - 20/06/2017 02:00:00","BZN|DK1","0.00","n/e"," ","0.00"
"20/06/2017 02:00:00 - 20/06/2017 03:00:00","BZN|DK1","0.00","n/e"," ","0.00"
"20/06/2017 03:00:00 - 20/06/2017 04:00:00","BZN|DK1","0.00","n/e"," ","0.00"
"20/06/2017 04:00:00 - 20/06/2017 05:00:00","BZN|DK1","1.00","n/e"," ","0.54"
"20/06/2017 05:00:00 - 20/06/2017 06:00:00","BZN|DK1","11.00","n/e"," ","10.33"
"20/06/2017 06:00:00 - 20/06/2017 07:00:00","BZN|DK1","39.00","n/e"," ","37.87"
"20/06/2017 07:00:00 - 20/06/2017 08:00:00","BZN|DK1","86.00","n/e"," ","96.05"
"20/06/2017 08:00:00 - 20/06/2017 09:00:00","BZN|DK1","161.00","n/e"," ","180.18"
"20/06/2017 09:00:00 - 20/06/2017 10:00:00","BZN|DK1","241.00","n/e"," ","257.44"
"20/06/2017 10:00:00 - 20/06/2017 11:00:00","BZN|DK1","308.00","n/e"," ","318.17"
"20/06/2017 11:00:00 - 20/06/2017 12:00:00","BZN|DK1","376.00","n/e"," ","361.84"
"20/06/2017 12:00:00 - 20/06/2017 13:00:00","BZN|DK1","402.00","n/e"," ","383.81"
"20/06/2017 13:00:00 - 20/06/2017 14:00:00","BZN|DK1","414.00","n/e"," ","396.82"
"20/06/2017 14:00:00 - 20/06/2017 15:00:00","BZN|DK1","393.00","n/e"," ","394.95"
"20/06/2017 15:00:00 - 20/06/2017 16:00:00","BZN|DK1","371.00","n/e"," ","376.93"
"20/06/2017 16:00:00 - 20/06/2017 17:00:00","BZN|DK1","327.00","n/e"," ","332.38"
"20/06/2017 17:00:00 - 20/06/2017 18:00:00","BZN|DK1","244.00","n/e"," ","260.60"
"20/06/2017 18:00:00 - 20/06/2017 19:00:00","BZN|DK1","164.00","n/e"," ","179.40"
"20/06/2017 19:00:00 - 20/06/2017 20:00:00","BZN|DK1","89.00","n/e"," ","92.44"
"20/06/2017 20:00:00 - 20/06/2017 21:00:00","BZN|DK1","34.00","n/e"," ","34.69"
"20/06/2017 21:00:00 - 20/06/2017 22:00:00","BZN|DK1","8.00","n/e"," ","8.29"
"20/06/2017 22:00:00 - 20/06/2017 23:00:00","BZN|DK1","0.00","n/e"," ","0.39"
"20/06/2017 23:00:00 - 21/06/2017 00:00:00","BZN|DK1","0.00","n/e"," ","0.00"
"21/06/2017 00:00:00 - 21/06/2017 01:00:00","BZN|DK1","0.00","n/e"," ","0.00"
"21/06/2017 01:00:00 - 21/06/2017 02:00:00","BZN|DK1","0.00","n/e"," ","0.00"
"21/06/2017 02:00:00 - 21/06/2017 03:00:00","BZN|DK1","0.00","n/e"," ","0.00"
"21/06/2017 03:00:00 - 21/06/2017 04:00:00","BZN|DK1","0.00","n/e"," ","0.00"
"21/06/2017 04:00:00 - 21/06/2017 05:00:00","BZN|DK1","1.00","n/e"," ","0.56"
"21/06/2017 05:00:00 - 21/06/2017 06:00:00","BZN|DK1","12.00","n/e"," ","11.23"
"21/06/2017 06:00:00 - 21/06/2017 07:00:00","BZN|DK1","37.00","n/e"," ","38.55"
"21/06/2017 07:00:00 - 21/06/2017 08:00:00","BZN|DK1","83.00","n/e"," ","92.44"
"21/06/2017 08:00:00 - 21/06/2017 09:00:00","BZN|DK1","148.00","n/e"," ","143.14"
"21/06/2017 09:00:00 - 21/06/2017 10:00:00","BZN|DK1","220.00","n/e"," ","178.31"
"21/06/2017 10:00:00 - 21/06/2017 11:00:00","BZN|DK1","268.00","n/e"," ","226.25"
"21/06/2017 11:00:00 - 21/06/2017 12:00:00","BZN|DK1","304.00","n/e"," ","276.45"
"21/06/2017 12:00:00 - 21/06/2017 13:00:00","BZN|DK1","324.00","n/e"," ","320.30"
"21/06/2017 13:00:00 - 21/06/2017 14:00:00","BZN|DK1","329.00","n/e"," ","347.57"
"21/06/2017 14:00:00 - 21/06/2017 15:00:00","BZN|DK1","315.00","n/e"," ","339.31"
"21/06/2017 15:00:00 - 21/06/2017 16:00:00","BZN|DK1","300.00","n/e"," ","306.85"
"21/06/2017 16:00:00 - 21/06/2017 17:00:00","BZN|DK1","253.00","n/e"," ","249.09"
"21/06/2017 17:00:00 - 21/06/2017 18:00:00","BZN|DK1","182.00","n/e"," ","142.30"
"21/06/2017 18:00:00 - 21/06/2017 19:00:00","BZN|DK1","126.00","n/e"," ","91.22"
"21/06/2017 19:00:00 - 21/06/2017 20:00:00","BZN|DK1","71.00","n/e"," ","50.73"
"21/06/2017 20:00:00 - 21/06/2017 21:00:00","BZN|DK1","30.00","n/e"," ","25.81"
"21/06/2017 21:00:00 - 21/06/2017 22:00:00","BZN|DK1","7.00","n/e"," ","6.07"
"21/06/2017 22:00:00 - 21/06/2017 23:00:00","BZN|DK1","0.00","n/e"," ","0.16"
"21/06/2017 23:00:00 - 22/06/2017 00:00:00","BZN|DK1","0.00","n/e"," ","0.00"
"22/06/2017 00:00:00 - 22/06/2017 01:00:00","BZN|DK1","0.00","n/e"," ","0.00"
"22/06/2017 01:00:00 - 22/06/2017 02:00:00","BZN|DK1","0.00","n/e"," ","0.00"
"22/06/2017 02:00:00 - 22/06/2017 03:00:00","BZN|DK1","0.00","n/e"," ","0.00"
"22/06/2017 03:00:00 - 22/06/2017 04:00:00","BZN|DK1","0.00","n/e"," ","0.00"
"22/06/2017 04:00:00 - 22/06/2017 05:00:00","BZN|DK1","0.00","n/e"," ","0.84"
"22/06/2017 05:00:00 - 22/06/2017 06:00:00","BZN|DK1","4.00","n/e"," ","15.59"
"22/06/2017 06:00:00 - 22/06/2017 07:00:00","BZN|DK1","29.00","n/e"," ","39.39"
"22/06/2017 07:00:00 - 22/06/2017 08:00:00","BZN|DK1","48.00","n/e"," ","32.59"
"22/06/2017 08:00:00 - 22/06/2017 09:00:00","BZN|DK1","39.00","n/e"," ","27.11"
"22/06/2017 09:00:00 - 22/06/2017 10:00:00","BZN|DK1","58.00","n/e"," ","31.83"
"22/06/2017 10:00:00 - 22/06/2017 11:00:00","BZN|DK1","99.00","n/e"," ","50.66"
"22/06/2017 11:00:00 - 22/06/2017 12:00:00","BZN|DK1","152.00","n/e"," ","162.31"
"22/06/2017 12:00:00 - 22/06/2017 13:00:00","BZN|DK1","151.00","n/e"," ","301.92"
"22/06/2017 13:00:00 - 22/06/2017 14:00:00","BZN|DK1","136.00","n/e"," ","316.11"
"22/06/2017 14:00:00 - 22/06/2017 15:00:00","BZN|DK1","175.00","n/e"," ","303.85"
"22/06/2017 15:00:00 - 22/06/2017 16:00:00","BZN|DK1","171.00","n/e"," ","262.09"
"22/06/2017 16:00:00 - 22/06/2017 17:00:00","BZN|DK1","169.00","n/e"," ","181.17"
"22/06/2017 17:00:00 - 22/06/2017 18:00:00","BZN|DK1","126.00","n/e"," ","106.98"
"22/06/2017 18:00:00 - 22/06/2017 19:00:00","BZN|DK1","82.00","n/e"," ","44.89"
"22/06/2017 19:00:00 - 22/06/2017 20:00:00","BZN|DK1","49.00","n/e"," ","27.77"
"22/06/2017 20:00:00 - 22/06/2017 21:00:00","BZN|DK1","23.00","n/e"," ","12.57"
"22/06/2017 21:00:00 - 22/06/2017 22:00:00","BZN|DK1","6.00","n/e"," ","3.57"
"22/06/2017 22:00:00 - 22/06/2017 23:00:00","BZN|DK1","0.00","n/e"," ","0.33"
"22/06/2017 23:00:00 - 23/06/2017 00:00:00","BZN|DK1","0.00","n/e"," ","0.00"
"23/06/2017 00:00:00 - 23/06/2017 01:00:00","BZN|DK1","0.00","n/e"," ","0.00"
"23/06/2017 01:00:00 - 23/06/2017 02:00:00","BZN|DK1","0.00","n/e"," ","0.00"
"23/06/2017 02:00:00 - 23/06/2017 03:00:00","BZN|DK1","0.00","n/e"," ","0.00"
"23/06/2017 03:00:00 - 23/06/2017 04:00:00","BZN|DK1","0.00","n/e"," ","0.00"
"23/06/2017 04:00:00 - 23/06/2017 05:00:00","BZN|DK1","0.00","n/e"," ","0.14"
"23/06/2017 05:00:00 - 23/06/2017 06:00:00","BZN|DK1","5.00","n/e"," ","2.34"
"23/06/2017 06:00:00 - 23/06/2017 07:00:00","BZN|DK1","16.00","n/e"," ","12.77"
"23/06/2017 07:00:00 - 23/06/2017 08:00:00","BZN|DK1","34.00","n/e"," ","30.88"
"23/06/2017 08:00:00 - 23/06/2017 09:00:00","BZN|DK1","51.00","n/e"," ","46.07"
"23/06/2017 09:00:00 - 23/06/2017 10:00:00","BZN|DK1","73.00","n/e"," ","63.06"
"23/06/2017 10:00:00 - 23/06/2017 11:00:00","BZN|DK1","94.00","n/e"," ","77.54"
"23/06/2017 11:00:00 - 23/06/2017 12:00:00","BZN|DK1","95.00","n/e"," ","76.81"
"23/06/2017 12:00:00 - 23/06/2017 13:00:00","BZN|DK1","92.00","n/e"," ","67.96"
"23/06/2017 13:00:00 - 23/06/2017 14:00:00","BZN|DK1","102.00","n/e"," ","101.74"
"23/06/2017 14:00:00 - 23/06/2017 15:00:00","BZN|DK1","150.00","n/e"," ","166.87"
"23/06/2017 15:00:00 - 23/06/2017 16:00:00","BZN|DK1","168.00","n/e"," ","195.80"
"23/06/2017 16:00:00 - 23/06/2017 17:00:00","BZN|DK1","147.00","n/e"," ","147.34"
"23/06/2017 17:00:00 - 23/06/2017 18:00:00","BZN|DK1","131.00","n/e"," ","100.44"
"23/06/2017 18:00:00 - 23/06/2017 19:00:00","BZN|DK1","107.00","n/e"," ","61.24"
"23/06/2017 19:00:00 - 23/06/2017 20:00:00","BZN|DK1","55.00","n/e"," ","28.69"
"23/06/2017 20:00:00 - 23/06/2017 21:00:00","BZN|DK1","18.00","n/e"," ","12.30"
"23/06/2017 21:00:00 - 23/06/2017 22:00:00","BZN|DK1","3.00","n/e"," ","2.15"
"23/06/2017 22:00:00 - 23/06/2017 23:00:00","BZN|DK1","0.00","n/e"," ","0.10"
"23/06/2017 23:00:00 - 24/06/2017 00:00:00","BZN|DK1","0.00","n/e"," ","0.00"
"24/06/2017 00:00:00 - 24/06/2017 01:00:00","BZN|DK1","0.00","n/e"," ","0.00"
"24/06/2017 01:00:00 - 24/06/2017 02:00:00","BZN|DK1","0.00","n/e"," ","0.00"
"24/06/2017 02:00:00 - 24/06/2017 03:00:00","BZN|DK1","0.00","n/e"," ","0.00"
"24/06/2017 03:00:00 - 24/06/2017 04:00:00","BZN|DK1","0.00","n/e"," ","0.00"
"24/06/2017 04:00:00 - 24/06/2017 05:00:00","BZN|DK1","0.00","n/e"," ","0.29"
"24/06/2017 05:00:00 - 24/06/2017 06:00:00","BZN|DK1","5.00","n/e"," ","4.17"
"24/06/2017 06:00:00 - 24/06/2017 07:00:00","BZN|DK1","19.00","n/e"," ","17.91"
"24/06/2017 07:00:00 - 24/06/2017 08:00:00","BZN|DK1","37.00","n/e"," ","37.01"
"24/06/2017 08:00:00 - 24/06/2017 09:00:00","BZN|DK1","49.00","n/e"," ","62.59"
"24/06/2017 09:00:00 - 24/06/2017 10:00:00","BZN|DK1","85.00","n/e"," ","94.33"
"24/06/2017 10:00:00 - 24/06/2017 11:00:00","BZN|DK1","136.00","n/e"," ","138.65"
"24/06/2017 11:00:00 - 24/06/2017 12:00:00","BZN|DK1","209.00","n/e"," ","164.98"
"24/06/2017 12:00:00 - 24/06/2017 13:00:00","BZN|DK1","259.00","n/e"," ","179.93"
"24/06/2017 13:00:00 - 24/06/2017 14:00:00","BZN|DK1","285.00","n/e"," ","207.67"
"24/06/2017 14:00:00 - 24/06/2017 15:00:00","BZN|DK1","274.00","n/e"," ","238.78"
"24/06/2017 15:00:00 - 24/06/2017 16:00:00","BZN|DK1","288.00","n/e"," ","247.39"
"24/06/2017 16:00:00 - 24/06/2017 17:00:00","BZN|DK1","276.00","n/e"," ","241.18"
"24/06/2017 17:00:00 - 24/06/2017 18:00:00","BZN|DK1","220.00","n/e"," ","199.13"
"24/06/2017 18:00:00 - 24/06/2017 19:00:00","BZN|DK1","161.00","n/e"," ","137.58"
"24/06/2017 19:00:00 - 24/06/2017 20:00:00","BZN|DK1","88.00","n/e"," ","73.08"
"24/06/2017 20:00:00 - 24/06/2017 21:00:00","BZN|DK1","31.00","n/e"," ","29.75"
"24/06/2017 21:00:00 - 24/06/2017 22:00:00","BZN|DK1","7.00","n/e"," ","6.66"
"24/06/2017 22:00:00 - 24/06/2017 23:00:00","BZN|DK1","0.00","n/e"," ","0.16"
"24/06/2017 23:00:00 - 25/06/2017 00:00:00","BZN|DK1","0.00","n/e"," ","0.00"
"25/06/2017 00:00:00 - 25/06/2017 01:00:00","BZN|DK1","0.00","n/e"," ","0.00"
"25/06/2017 01:00:00 - 25/06/2017 02:00:00","BZN|DK1","0.00","n/e"," ","0.00"
"25/06/2017 02:00:00 - 25/06/2017 03:00:00","BZN|DK1","0.00","n/e"," ","0.00"
"25/06/2017 03:00:00 - 25/06/2017 04:00:00","BZN|DK1","0.00","n/e"," ","0.00"
"25/06/2017 04:00:00 - 25/06/2017 05:00:00","BZN|DK1","0.00","n/e"," ","0.27"
"25/06/2017 05:00:00 - 25/06/2017 06:00:00","BZN|DK1","7.00","n/e"," ","6.98"
"25/06/2017 06:00:00 - 25/06/2017 07:00:00","BZN|DK1","26.00","n/e"," ","25.34"
"25/06/2017 07:00:00 - 25/06/2017 08:00:00","BZN|DK1","56.00","n/e"," ","61.90"
"25/06/2017 08:00:00 - 25/06/2017 09:00:00","BZN|DK1","93.00","n/e"," ","119.65"
"25/06/2017 09:00:00 - 25/06/2017 10:00:00","BZN|DK1","135.00","n/e"," ","186.79"
"25/06/2017 10:00:00 - 25/06/2017 11:00:00","BZN|DK1","194.00","n/e"," ","262.52"
"25/06/2017 11:00:00 - 25/06/2017 12:00:00","BZN|DK1","264.00","n/e"," ","294.09"
"25/06/2017 12:00:00 - 25/06/2017 13:00:00","BZN|DK1","312.00","n/e"," ","318.15"
"25/06/2017 13:00:00 - 25/06/2017 14:00:00","BZN|DK1","337.00","n/e"," ","333.83"
"25/06/2017 14:00:00 - 25/06/2017 15:00:00","BZN|DK1","307.00","n/e"," ","320.47"
"25/06/2017 15:00:00 - 25/06/2017 16:00:00","BZN|DK1","293.00","n/e"," ","286.85"
"25/06/2017 16:00:00 - 25/06/2017 17:00:00","BZN|DK1","258.00","n/e"," ","248.94"
"25/06/2017 17:00:00 - 25/06/2017 18:00:00","BZN|DK1","192.00","n/e"," ","189.98"
"25/06/2017 18:00:00 - 25/06/2017 19:00:00","BZN|DK1","136.00","n/e"," ","122.10"
"25/06/2017 19:00:00 - 25/06/2017 20:00:00","BZN|DK1","75.00","n/e"," ","71.77"
"25/06/2017 20:00:00 - 25/06/2017 21:00:00","BZN|DK1","29.00","n/e"," ","31.51"
"25/06/2017 21:00:00 - 25/06/2017 22:00:00","BZN|DK1","7.00","n/e"," ","7.77"
"25/06/2017 22:00:00 - 25/06/2017 23:00:00","BZN|DK1","0.00","n/e"," ","0.22"
"25/06/2017 23:00:00 - 26/06/2017 00:00:00","BZN|DK1","0.00","n/e"," ","0.00"
"26/06/2017 00:00:00 - 26/06/2017 01:00:00","BZN|DK1","0.00","n/e"," ","0.00"
"26/06/2017 01:00:00 - 26/06/2017 02:00:00","BZN|DK1","0.00","n/e"," ","0.00"
"26/06/2017 02:00:00 - 26/06/2017 03:00:00","BZN|DK1","0.00","n/e"," ","0.00"
"26/06/2017 03:00:00 - 26/06/2017 04:00:00","BZN|DK1","0.00","n/e"," ","0.00"
"26/06/2017 04:00:00 - 26/06/2017 05:00:00","BZN|DK1","0.00","n/e"," ","0.36"
"26/06/2017 05:00:00 - 26/06/2017 06:00:00","BZN|DK1","8.00","n/e"," ","11.27"
"26/06/2017 06:00:00 - 26/06/2017 07:00:00","BZN|DK1","32.00","n/e"," ","37.25"
"26/06/2017 07:00:00 - 26/06/2017 08:00:00","BZN|DK1","85.00","n/e"," ","91.69"
"26/06/2017 08:00:00 - 26/06/2017 09:00:00","BZN|DK1","133.00","n/e"," ","159.02"
"26/06/2017 09:00:00 - 26/06/2017 10:00:00","BZN|DK1","193.00","n/e"," ","213.78"
"26/06/2017 10:00:00 - 26/06/2017 11:00:00","BZN|DK1","254.00","n/e"," ","236.26"
"26/06/2017 11:00:00 - 26/06/2017 12:00:00","BZN|DK1","291.00","n/e"," ","267.72"
"26/06/2017 12:00:00 - 26/06/2017 13:00:00","BZN|DK1","330.00","n/e"," ","278.07"
"26/06/2017 13:00:00 - 26/06/2017 14:00:00","BZN|DK1","347.00","n/e"," ","300.09"
"26/06/2017 14:00:00 - 26/06/2017 15:00:00","BZN|DK1","317.00","n/e"," ","303.18"
"26/06/2017 15:00:00 - 26/06/2017 16:00:00","BZN|DK1","302.00","n/e"," ","289.17"
"26/06/2017 16:00:00 - 26/06/2017 17:00:00","BZN|DK1","276.00","n/e"," ","255.69"
"26/06/2017 17:00:00 - 26/06/2017 18:00:00","BZN|DK1","215.00","n/e"," ","211.64"
"26/06/2017 18:00:00 - 26/06/2017 19:00:00","BZN|DK1","155.00","n/e"," ","154.85"
"26/06/2017 19:00:00 - 26/06/2017 20:00:00","BZN|DK1","87.00","n/e"," ","82.32"
"26/06/2017 20:00:00 - 26/06/2017 21:00:00","BZN|DK1","33.00","n/e"," ","33.81"
"26/06/2017 21:00:00 - 26/06/2017 22:00:00","BZN|DK1","7.00","n/e"," ","8.32"
"26/06/2017 22:00:00 - 26/06/2017 23:00:00","BZN|DK1","0.00","n/e"," ","0.30"
"26/06/2017 23:00:00 - 27/06/2017 00:00:00","BZN|DK1","0.00","n/e"," ","0.00"
"27/06/2017 00:00:00 - 27/06/2017 01:00:00","BZN|DK1","0.00","n/e"," ","0.00"
"27/06/2017 01:00:00 - 27/06/2017 02:00:00","BZN|DK1","0.00","n/e"," ","0.00"
"27/06/2017 02:00:00 - 27/06/2017 03:00:00","BZN|DK1","0.00","n/e"," ","0.00"
"27/06/2017 03:00:00 - 27/06/2017 04:00:00","BZN|DK1","0.00","n/e"," ","0.00"
"27/06/2017 04:00:00 - 27/06/2017 05:00:00","BZN|DK1","1.00","n/e"," ","0.42"
"27/06/2017 05:00:00 - 27/06/2017 06:00:00","BZN|DK1","11.00","n/e"," ","10.72"
"27/06/2017 06:00:00 - 27/06/2017 07:00:00","BZN|DK1","39.00","n/e"," ","39.29"
"27/06/2017 07:00:00 - 27/06/2017 08:00:00","BZN|DK1","91.00","n/e"," ","99.39"
"27/06/2017 08:00:00 - 27/06/2017 09:00:00","BZN|DK1","159.00","n/e"," ","177.73"
"27/06/2017 09:00:00 - 27/06/2017 10:00:00","BZN|DK1","234.00","n/e"," ","236.36"
"27/06/2017 10:00:00 - 27/06/2017 11:00:00","BZN|DK1","294.00","n/e"," ","291.98"
"27/06/2017 11:00:00 - 27/06/2017 12:00:00","BZN|DK1","331.00","n/e"," ","345.48"
"27/06/2017 12:00:00 - 27/06/2017 13:00:00","BZN|DK1","345.00","n/e"," ","367.30"
"27/06/2017 13:00:00 - 27/06/2017 14:00:00","BZN|DK1","352.00","n/e"," ","366.56"
"27/06/2017 14:00:00 - 27/06/2017 15:00:00","BZN|DK1","322.00","n/e"," ","323.08"
"27/06/2017 15:00:00 - 27/06/2017 16:00:00","BZN|DK1","294.00","n/e"," ","309.93"
"27/06/2017 16:00:00 - 27/06/2017 17:00:00","BZN|DK1","247.00","n/e"," ","278.99"
"27/06/2017 17:00:00 - 27/06/2017 18:00:00","BZN|DK1","183.00","n/e"," ","216.66"
"27/06/2017 18:00:00 - 27/06/2017 19:00:00","BZN|DK1","121.00","n/e"," ","143.95"
"27/06/2017 19:00:00 - 27/06/2017 20:00:00","BZN|DK1","66.00","n/e"," ","78.06"
"27/06/2017 20:00:00 - 27/06/2017 21:00:00","BZN|DK1","26.00","n/e"," ","31.19"
"27/06/2017 21:00:00 - 27/06/2017 22:00:00","BZN|DK1","7.00","n/e"," ","7.04"
"27/06/2017 22:00:00 - 27/06/2017 23:00:00","BZN|DK1","0.00","n/e"," ","0.20"
"27/06/2017 23:00:00 - 28/06/2017 00:00:00","BZN|DK1","0.00","n/e"," ","0.00"
"28/06/2017 00:00:00 - 28/06/2017 01:00:00","BZN|DK1","0.00","n/e"," ","0.00"
"28/06/2017 01:00:00 - 28/06/2017 02:00:00","BZN|DK1","0.00","n/e"," ","0.00"
"28/06/2017 02:00:00 - 28/06/2017 03:00:00","BZN|DK1","0.00","n/e"," ","0.00"
"28/06/2017 03:00:00 - 28/06/2017 04:00:00","BZN|DK1","0.00","n/e"," ","0.00"
"28/06/2017 04:00:00 - 28/06/2017 05:00:00","BZN|DK1","0.00","n/e"," ","0.29"
"28/06/2017 05:00:00 - 28/06/2017 06:00:00","BZN|DK1","7.00","n/e"," ","11.16"
"28/06/2017 06:00:00 - 28/06/2017 07:00:00","BZN|DK1","24.00","n/e"," ","35.52"
"28/06/2017 07:00:00 - 28/06/2017 08:00:00","BZN|DK1","67.00","n/e"," ","68.54"
"28/06/2017 08:00:00 - 28/06/2017 09:00:00","BZN|DK1","103.00","n/e"," ","105.93"
"28/06/2017 09:00:00 - 28/06/2017 10:00:00","BZN|DK1","144.00","n/e"," ","146.93"
"28/06/2017 10:00:00 - 28/06/2017 11:00:00","BZN|DK1","174.00","n/e"," ","202.23"
"28/06/2017 11:00:00 - 28/06/2017 12:00:00","BZN|DK1","180.00","n/e"," ","240.55"
"28/06/2017 12:00:00 - 28/06/2017 13:00:00","BZN|DK1","174.00","n/e"," ","262.62"
"28/06/2017 13:00:00 - 28/06/2017 14:00:00","BZN|DK1","171.00","n/e"," ","267.78"
"28/06/2017 14:00:00 - 28/06/2017 15:00:00","BZN|DK1","156.00","n/e"," ","233.86"
"28/06/2017 15:00:00 - 28/06/2017 16:00:00","BZN|DK1","152.00","n/e"," ","198.91"
"28/06/2017 16:00:00 - 28/06/2017 17:00:00","BZN|DK1","139.00","n/e"," ","151.33"
"28/06/2017 17:00:00 - 28/06/2017 18:00:00","BZN|DK1","107.00","n/e"," ","103.59"
"28/06/2017 18:00:00 - 28/06/2017 19:00:00","BZN|DK1","72.00","n/e"," ","77.68"
"28/06/2017 19:00:00 - 28/06/2017 20:00:00","BZN|DK1","38.00","n/e"," ","47.32"
"28/06/2017 20:00:00 - 28/06/2017 21:00:00","BZN|DK1","14.00","n/e"," ","23.46"
"28/06/2017 21:00:00 - 28/06/2017 22:00:00","BZN|DK1","3.00","n/e"," ","4.59"
"28/06/2017 22:00:00 - 28/06/2017 23:00:00","BZN|DK1","0.00","n/e"," ","0.08"
"28/06/2017 23:00:00 - 29/06/2017 00:00:00","BZN|DK1","0.00","n/e"," ","0.00"
"29/06/2017 00:00:00 - 29/06/2017 01:00:00","BZN|DK1","0.00","n/e"," ","0.00"
"29/06/2017 01:00:00 - 29/06/2017 02:00:00","BZN|DK1","0.00","n/e"," ","0.00"
"29/06/2017 02:00:00 - 29/06/2017 03:00:00","BZN|DK1","0.00","n/e"," ","0.00"
"29/06/2017 03:00:00 - 29/06/2017 04:00:00","BZN|DK1","0.00","n/e"," ","0.00"
"29/06/2017 04:00:00 - 29/06/2017 05:00:00","BZN|DK1","0.00","n/e"," ","0.06"
"29/06/2017 05:00:00 - 29/06/2017 06:00:00","BZN|DK1","2.00","n/e"," ","1.10"
"29/06/2017 06:00:00 - 29/06/2017 07:00:00","BZN|DK1","10.00","n/e"," ","6.08"
"29/06/2017 07:00:00 - 29/06/2017 08:00:00","BZN|DK1","11.00","n/e"," ","12.48"
"29/06/2017 08:00:00 - 29/06/2017 09:00:00","BZN|DK1","11.00","n/e"," ","25.77"
"29/06/2017 09:00:00 - 29/06/2017 10:00:00","BZN|DK1","37.00","n/e"," ","40.08"
"29/06/2017 10:00:00 - 29/06/2017 11:00:00","BZN|DK1","62.00","n/e"," ","50.47"
"29/06/2017 11:00:00 - 29/06/2017 12:00:00","BZN|DK1","83.00","n/e"," ","61.20"
"29/06/2017 12:00:00 - 29/06/2017 13:00:00","BZN|DK1","91.00","n/e"," ","62.89"
"29/06/2017 13:00:00 - 29/06/2017 14:00:00","BZN|DK1","93.00","n/e"," ","55.07"
"29/06/2017 14:00:00 - 29/06/2017 15:00:00","BZN|DK1","74.00","n/e"," ","50.07"
"29/06/2017 15:00:00 - 29/06/2017 16:00:00","BZN|DK1","101.00","n/e"," ","47.93"
"29/06/2017 16:00:00 - 29/06/2017 17:00:00","BZN|DK1","89.00","n/e"," ","46.91"
"29/06/2017 17:00:00 - 29/06/2017 18:00:00","BZN|DK1","63.00","n/e"," ","39.29"
"29/06/2017 18:00:00 - 29/06/2017 19:00:00","BZN|DK1","44.00","n/e"," ","22.83"
"29/06/2017 19:00:00 - 29/06/2017 20:00:00","BZN|DK1","25.00","n/e"," ","10.50"
"29/06/2017 20:00:00 - 29/06/2017 21:00:00","BZN|DK1","9.00","n/e"," ","4.15"
"29/06/2017 21:00:00 - 29/06/2017 22:00:00","BZN|DK1","2.00","n/e"," ","0.60"
"29/06/2017 22:00:00 - 29/06/2017 23:00:00","BZN|DK1","0.00","n/e"," ","0.07"
"29/06/2017 23:00:00 - 30/06/2017 00:00:00","BZN|DK1","0.00","n/e"," ","0.00"
"30/06/2017 00:00:00 - 30/06/2017 01:00:00","BZN|DK1","0.00","n/e"," ","0.00"
"30/06/2017 01:00:00 - 30/06/2017 02:00:00","BZN|DK1","0.00","n/e"," ","0.00"
"30/06/2017 02:00:00 - 30/06/2017 03:00:00","BZN|DK1","0.00","n/e"," ","0.00"
"30/06/2017 03:00:00 - 30/06/2017 04:00:00","BZN|DK1","0.00","n/e"," ","0.00"
"30/06/2017 04:00:00 - 30/06/2017 05:00:00","BZN|DK1","0.00","n/e"," ","0.05"
"30/06/2017 05:00:00 - 30/06/2017 06:00:00","BZN|DK1","2.00","n/e"," ","0.65"
"30/06/2017 06:00:00 - 30/06/2017 07:00:00","BZN|DK1","8.00","n/e"," ","5.11"
"30/06/2017 07:00:00 - 30/06/2017 08:00:00","BZN|DK1","12.00","n/e"," ","16.88"
"30/06/2017 08:00:00 - 30/06/2017 09:00:00","BZN|DK1","10.00","n/e"," ","31.71"
"30/06/2017 09:00:00 - 30/06/2017 10:00:00","BZN|DK1","25.00","n/e"," ","49.68"
"30/06/2017 10:00:00 - 30/06/2017 11:00:00","BZN|DK1","43.00","n/e"," ","79.66"
"30/06/2017 11:00:00 - 30/06/2017 12:00:00","BZN|DK1","57.00","n/e"," ","90.42"
"30/06/2017 12:00:00 - 30/06/2017 13:00:00","BZN|DK1","54.00","n/e"," ","91.69"
"30/06/2017 13:00:00 - 30/06/2017 14:00:00","BZN|DK1","48.00","n/e"," ","81.01"
"30/06/2017 14:00:00 - 30/06/2017 15:00:00","BZN|DK1","32.00","n/e"," ","71.93"
"30/06/2017 15:00:00 - 30/06/2017 16:00:00","BZN|DK1","37.00","n/e"," ","55.23"
"30/06/2017 16:00:00 - 30/06/2017 17:00:00","BZN|DK1","32.00","n/e"," ","49.70"
"30/06/2017 17:00:00 - 30/06/2017 18:00:00","BZN|DK1","20.00","n/e"," ","40.94"
"30/06/2017 18:00:00 - 30/06/2017 19:00:00","BZN|DK1","15.00","n/e"," ","30.58"
"30/06/2017 19:00:00 - 30/06/2017 20:00:00","BZN|DK1","11.00","n/e"," ","19.86"
"30/06/2017 20:00:00 - 30/06/2017 21:00:00","BZN|DK1","6.00","n/e"," ","9.01"
"30/06/2017 21:00:00 - 30/06/2017 22:00:00","BZN|DK1","1.00","n/e"," ","1.41"
"30/06/2017 22:00:00 - 30/06/2017 23:00:00","BZN|DK1","0.00","n/e"," ","0.07"
"30/06/2017 23:00:00 - 01/07/2017 00:00:00","BZN|DK1","0.00","n/e"," ","0.00"
"01/07/2017 00:00:00 - 01/07/2017 01:00:00","BZN|DK1","0.00","n/e"," ","0.00"
"01/07/2017 01:00:00 - 01/07/2017 02:00:00","BZN|DK1","0.00","n/e"," ","0.00"
"01/07/2017 02:00:00 - 01/07/2017 03:00:00","BZN|DK1","0.00","n/e"," ","0.00"
"01/07/2017 03:00:00 - 01/07/2017 04:00:00","BZN|DK1","0.00","n/e"," ","0.00"
"01/07/2017 04:00:00 - 01/07/2017 05:00:00","BZN|DK1","0.00","n/e"," ","0.16"
"01/07/2017 05:00:00 - 01/07/2017 06:00:00","BZN|DK1","4.00","n/e"," ","4.86"
"01/07/2017 06:00:00 - 01/07/2017 07:00:00","BZN|DK1","19.00","n/e"," ","24.68"
"01/07/2017 07:00:00 - 01/07/2017 08:00:00","BZN|DK1","53.00","n/e"," ","61.99"
"01/07/2017 08:00:00 - 01/07/2017 09:00:00","BZN|DK1","110.00","n/e"," ","121.79"
"01/07/2017 09:00:00 - 01/07/2017 10:00:00","BZN|DK1","173.00","n/e"," ","210.47"
"01/07/2017 10:00:00 - 01/07/2017 11:00:00","BZN|DK1","246.00","n/e"," ","289.76"
"01/07/2017 11:00:00 - 01/07/2017 12:00:00","BZN|DK1","359.00","n/e"," ","341.79"
"01/07/2017 12:00:00 - 01/07/2017 13:00:00","BZN|DK1","390.00","n/e"," ","392.84"
"01/07/2017 13:00:00 - 01/07/2017 14:00:00","BZN|DK1","395.00","n/e"," ","404.57"
"01/07/2017 14:00:00 - 01/07/2017 15:00:00","BZN|DK1","380.00","n/e"," ","387.84"
"01/07/2017 15:00:00 - 01/07/2017 16:00:00","BZN|DK1","344.00","n/e"," ","355.55"
"01/07/2017 16:00:00 - 01/07/2017 17:00:00","BZN|DK1","298.00","n/e"," ","326.82"
"01/07/2017 17:00:00 - 01/07/2017 18:00:00","BZN|DK1","225.00","n/e"," ","268.78"
"01/07/2017 18:00:00 - 01/07/2017 19:00:00","BZN|DK1","161.00","n/e"," ","183.57"
"01/07/2017 19:00:00 - 01/07/2017 20:00:00","BZN|DK1","89.00","n/e"," ","94.36"
"01/07/2017 20:00:00 - 01/07/2017 21:00:00","BZN|DK1","32.00","n/e"," ","33.14"
"01/07/2017 21:00:00 - 01/07/2017 22:00:00","BZN|DK1","7.00","n/e"," ","7.20"
"01/07/2017 22:00:00 - 01/07/2017 23:00:00","BZN|DK1","0.00","n/e"," ","0.21"
"01/07/2017 23:00:00 - 02/07/2017 00:00:00","BZN|DK1","0.00","n/e"," ","0.00"
"02/07/2017 00:00:00 - 02/07/2017 01:00:00","BZN|DK1","0.00","n/e"," ","0.00"
"02/07/2017 01:00:00 - 02/07/2017 02:00:00","BZN|DK1","0.00","n/e"," ","0.00"
"02/07/2017 02:00:00 - 02/07/2017 03:00:00","BZN|DK1","0.00","n/e"," ","0.00"
"02/07/2017 03:00:00 - 02/07/2017 04:00:00","BZN|DK1","0.00","n/e"," ","0.00"
"02/07/2017 04:00:00 - 02/07/2017 05:00:00","BZN|DK1","0.00","n/e"," ","0.34"
"02/07/2017 05:00:00 - 02/07/2017 06:00:00","BZN|DK1","8.00","n/e"," ","7.34"
"02/07/2017 06:00:00 - 02/07/2017 07:00:00","BZN|DK1","21.00","n/e"," ","19.14"
"02/07/2017 07:00:00 - 02/07/2017 08:00:00","BZN|DK1","34.00","n/e"," ","39.69"
"02/07/2017 08:00:00 - 02/07/2017 09:00:00","BZN|DK1","61.00","n/e"," ","72.04"
"02/07/2017 09:00:00 - 02/07/2017 10:00:00","BZN|DK1","105.00","n/e"," ","109.86"
"02/07/2017 10:00:00 - 02/07/2017 11:00:00","BZN|DK1","147.00","n/e"," ","166.82"
"02/07/2017 11:00:00 - 02/07/2017 12:00:00","BZN|DK1","236.00","n/e"," ","217.39"
"02/07/2017 12:00:00 - 02/07/2017 13:00:00","BZN|DK1","268.00","n/e"," ","259.33"
"02/07/2017 13:00:00 - 02/07/2017 14:00:00","BZN|DK1","283.00","n/e"," ","274.27"
"02/07/2017 14:00:00 - 02/07/2017 15:00:00","BZN|DK1","301.00","n/e"," ","263.54"
"02/07/2017 15:00:00 - 02/07/2017 16:00:00","BZN|DK1","285.00","n/e"," ","234.29"
"02/07/2017 16:00:00 - 02/07/2017 17:00:00","BZN|DK1","246.00","n/e"," ","205.55"
"02/07/2017 17:00:00 - 02/07/2017 18:00:00","BZN|DK1","173.00","n/e"," ","159.67"
"02/07/2017 18:00:00 - 02/07/2017 19:00:00","BZN|DK1","121.00","n/e"," ","114.33"
"02/07/2017 19:00:00 - 02/07/2017 20:00:00","BZN|DK1","74.00","n/e"," ","66.53"
"02/07/2017 20:00:00 - 02/07/2017 21:00:00","BZN|DK1","31.00","n/e"," ","27.93"
"02/07/2017 21:00:00 - 02/07/2017 22:00:00","BZN|DK1","7.00","n/e"," ","7.81"
"02/07/2017 22:00:00 - 02/07/2017 23:00:00","BZN|DK1","0.00","n/e"," ","0.21"
"02/07/2017 23:00:00 - 03/07/2017 00:00:00","BZN|DK1","0.00","n/e"," ","0.00"
"03/07/2017 00:00:00 - 03/07/2017 01:00:00","BZN|DK1","0.00","n/e"," ","0.00"
"03/07/2017 01:00:00 - 03/07/2017 02:00:00","BZN|DK1","0.00","n/e"," ","0.00"
"03/07/2017 02:00:00 - 03/07/2017 03:00:00","BZN|DK1","0.00","n/e"," ","0.00"
"03/07/2017 03:00:00 - 03/07/2017 04:00:00","BZN|DK1","0.00","n/e"," ","0.00"
"03/07/2017 04:00:00 - 03/07/2017 05:00:00","BZN|DK1","0.00","n/e"," ","0.30"
"03/07/2017 05:00:00 - 03/07/2017 06:00:00","BZN|DK1","9.00","n/e"," ","10.50"
"03/07/2017 06:00:00 - 03/07/2017 07:00:00","BZN|DK1","36.00","n/e"," ","35.72"
"03/07/2017 07:00:00 - 03/07/2017 08:00:00","BZN|DK1","78.00","n/e"," ","86.59"
"03/07/2017 08:00:00 - 03/07/2017 09:00:00","BZN|DK1","113.00","n/e"," ","136.16"
"03/07/2017 09:00:00 - 03/07/2017 10:00:00","BZN|DK1","159.00","n/e"," ","171.51"
"03/07/2017 10:00:00 - 03/07/2017 11:00:00","BZN|DK1","189.00","n/e"," ","196.61"
"03/07/2017 11:00:00 - 03/07/2017 12:00:00","BZN|DK1","217.00","n/e"," ","225.27"
"03/07/2017 12:00:00 - 03/07/2017 13:00:00","BZN|DK1","253.00","n/e"," ","252.68"
"03/07/2017 13:00:00 - 03/07/2017 14:00:00","BZN|DK1","256.00","n/e"," ","230.67"
"03/07/2017 14:00:00 - 03/07/2017 15:00:00","BZN|DK1","226.00","n/e"," ","178.35"
"03/07/2017 15:00:00 - 03/07/2017 16:00:00","BZN|DK1","206.00","n/e"," ","207.15"
"03/07/2017 16:00:00 - 03/07/2017 17:00:00","BZN|DK1","186.00","n/e"," ","190.76"
"03/07/2017 17:00:00 - 03/07/2017 18:00:00","BZN|DK1","145.00","n/e"," ","150.84"
"03/07/2017 18:00:00 - 03/07/2017 19:00:00","BZN|DK1","98.00","n/e"," ","117.15"
"03/07/2017 19:00:00 - 03/07/2017 20:00:00","BZN|DK1","52.00","n/e"," ","74.40"
"03/07/2017 20:00:00 - 03/07/2017 21:00:00","BZN|DK1","19.00","n/e"," ","33.94"
"03/07/2017 21:00:00 - 03/07/2017 22:00:00","BZN|DK1","5.00","n/e"," ","15.50"
"03/07/2017 22:00:00 - 03/07/2017 23:00:00","BZN|DK1","0.00","n/e"," ","10.25"
"03/07/2017 23:00:00 - 04/07/2017 00:00:00","BZN|DK1","0.00","n/e"," ","0.00"
"04/07/2017 00:00:00 - 04/07/2017 01:00:00","BZN|DK1","0.00","n/e"," ","0.00"
"04/07/2017 01:00:00 - 04/07/2017 02:00:00","BZN|DK1","0.00","n/e"," ","0.00"
"04/07/2017 02:00:00 - 04/07/2017 03:00:00","BZN|DK1","0.00","n/e"," ","0.00"
"04/07/2017 03:00:00 - 04/07/2017 04:00:00","BZN|DK1","0.00","n/e"," ","0.00"
"04/07/2017 04:00:00 - 04/07/2017 05:00:00","BZN|DK1","0.00","n/e"," ","0.18"
"04/07/2017 05:00:00 - 04/07/2017 06:00:00","BZN|DK1","9.00","n/e"," ","7.68"
"04/07/2017 06:00:00 - 04/07/2017 07:00:00","BZN|DK1","34.00","n/e"," ","33.34"
"04/07/2017 07:00:00 - 04/07/2017 08:00:00","BZN|DK1","76.00","n/e"," ","80.81"
"04/07/2017 08:00:00 - 04/07/2017 09:00:00","BZN|DK1","153.00","n/e"," ","147.95"
"04/07/2017 09:00:00 - 04/07/2017 10:00:00","BZN|DK1","230.00","n/e"," ","217.79"
"04/07/2017 10:00:00 - 04/07/2017 11:00:00","BZN|DK1","290.00","n/e"," ","276.26"
"04/07/2017 11:00:00 - 04/07/2017 12:00:00","BZN|DK1","342.00","n/e"," ","310.77"
"04/07/2017 12:00:00 - 04/07/2017 13:00:00","BZN|DK1","356.00","n/e"," ","320.67"
"04/07/2017 13:00:00 - 04/07/2017 14:00:00","BZN|DK1","362.00","n/e"," ","331.95"
"04/07/2017 14:00:00 - 04/07/2017 15:00:00","BZN|DK1","344.00","n/e"," ","332.11"
"04/07/2017 15:00:00 - 04/07/2017 16:00:00","BZN|DK1","332.00","n/e"," ","320.84"
"04/07/2017 16:00:00 - 04/07/2017 17:00:00","BZN|DK1","294.00","n/e"," ","290.98"
"04/07/2017 17:00:00 - 04/07/2017 18:00:00","BZN|DK1","219.00","n/e"," ","231.42"
"04/07/2017 18:00:00 - 04/07/2017 19:00:00","BZN|DK1","147.00","n/e"," ","148.86"
"04/07/2017 19:00:00 - 04/07/2017 20:00:00","BZN|DK1","82.00","n/e"," ","79.67"
"04/07/2017 20:00:00 - 04/07/2017 21:00:00","BZN|DK1","30.00","n/e"," ","33.68"
"04/07/2017 21:00:00 - 04/07/2017 22:00:00","BZN|DK1","7.00","n/e"," ","7.21"
"04/07/2017 22:00:00 - 04/07/2017 23:00:00","BZN|DK1","0.00","n/e"," ","0.17"
"04/07/2017 23:00:00 - 05/07/2017 00:00:00","BZN|DK1","0.00","n/e"," ","0.00"
"05/07/2017 00:00:00 - 05/07/2017 01:00:00","BZN|DK1","0.00","n/e"," ","0.00"
"05/07/2017 01:00:00 - 05/07/2017 02:00:00","BZN|DK1","0.00","n/e"," ","0.00"
"05/07/2017 02:00:00 - 05/07/2017 03:00:00","BZN|DK1","0.00","n/e"," ","0.00"
"05/07/2017 03:00:00 - 05/07/2017 04:00:00","BZN|DK1","0.00","n/e"," ","0.00"
"05/07/2017 04:00:00 - 05/07/2017 05:00:00","BZN|DK1","0.00","n/e"," ","0.18"
"05/07/2017 05:00:00 - 05/07/2017 06:00:00","BZN|DK1","10.00","n/e"," ","6.95"
"05/07/2017 06:00:00 - 05/07/2017 07:00:00","BZN|DK1","34.00","n/e"," ","32.61"
"05/07/2017 07:00:00 - 05/07/2017 08:00:00","BZN|DK1","83.00","n/e"," ","88.38"
"05/07/2017 08:00:00 - 05/07/2017 09:00:00","BZN|DK1","169.00","n/e"," ","170.43"
"05/07/2017 09:00:00 - 05/07/2017 10:00:00","BZN|DK1","260.00","n/e"," ","270.79"
"05/07/2017 10:00:00 - 05/07/2017 11:00:00","BZN|DK1","329.00","n/e"," ","355.43"
"05/07/2017 11:00:00 - 05/07/2017 12:00:00","BZN|DK1","390.00","n/e"," ","411.51"
"05/07/2017 12:00:00 - 05/07/2017 13:00:00","BZN|DK1","408.00","n/e"," ","440.43"
"05/07/2017 13:00:00 - 05/07/2017 14:00:00","BZN|DK1","408.00","n/e"," ","430.15"
"05/07/2017 14:00:00 - 05/07/2017 15:00:00","BZN|DK1","401.00","n/e"," ","415.72"
"05/07/2017 15:00:00 - 05/07/2017 16:00:00","BZN|DK1","375.00","n/e"," ","387.53"
"05/07/2017 16:00:00 - 05/07/2017 17:00:00","BZN|DK1","328.00","n/e"," ","341.22"
"05/07/2017 17:00:00 - 05/07/2017 18:00:00","BZN|DK1","239.00","n/e"," ","267.53"
"05/07/2017 18:00:00 - 05/07/2017 19:00:00","BZN|DK1","166.00","n/e"," ","186.27"
"05/07/2017 19:00:00 - 05/07/2017 20:00:00","BZN|DK1","90.00","n/e"," ","96.01"
"05/07/2017 20:00:00 - 05/07/2017 21:00:00","BZN|DK1","34.00","n/e"," ","37.52"
"05/07/2017 21:00:00 - 05/07/2017 22:00:00","BZN|DK1","8.00","n/e"," ","9.48"
"05/07/2017 22:00:00 - 05/07/2017 23:00:00","BZN|DK1","0.00","n/e"," ","0.32"
"05/07/2017 23:00:00 - 06/07/2017 00:00:00","BZN|DK1","0.00","n/e"," ","0.00"
"06/07/2017 00:00:00 - 06/07/2017 01:00:00","BZN|DK1","0.00","n/e"," ","0.00"
"06/07/2017 01:00:00 - 06/07/2017 02:00:00","BZN|DK1","0.00","n/e"," ","0.00"
"06/07/2017 02:00:00 - 06/07/2017 03:00:00","BZN|DK1","0.00","n/e"," ","0.00"
"06/07/2017 03:00:00 - 06/07/2017 04:00:00","BZN|DK1","0.00","n/e"," ","0.00"
"06/07/2017 04:00:00 - 06/07/2017 05:00:00","BZN|DK1","0.00","n/e"," ","0.31"
"06/07/2017 05:00:00 - 06/07/2017 06:00:00","BZN|DK1","11.00","n/e"," ","10.08"
"06/07/2017 06:00:00 - 06/07/2017 07:00:00","BZN|DK1","44.00","n/e"," ","41.40"
"06/07/2017 07:00:00 - 06/07/2017 08:00:00","BZN|DK1","95.00","n/e"," ","97.28"
"06/07/2017 08:00:00 - 06/07/2017 09:00:00","BZN|DK1","174.00","n/e"," ","166.09"
"06/07/2017 09:00:00 - 06/07/2017 10:00:00","BZN|DK1","256.00","n/e"," ","241.43"
"06/07/2017 10:00:00 - 06/07/2017 11:00:00","BZN|DK1","318.00","n/e"," ","325.63"
"06/07/2017 11:00:00 - 06/07/2017 12:00:00","BZN|DK1","367.00","n/e"," ","375.88"
"06/07/2017 12:00:00 - 06/07/2017 13:00:00","BZN|DK1","378.00","n/e"," ","395.14"
"06/07/2017 13:00:00 - 06/07/2017 14:00:00","BZN|DK1","383.00","n/e"," ","411.23"
"06/07/2017 14:00:00 - 06/07/2017 15:00:00","BZN|DK1","386.00","n/e"," ","422.19"
"06/07/2017 15:00:00 - 06/07/2017 16:00:00","BZN|DK1","366.00","n/e"," ","389.68"
"06/07/2017 16:00:00 - 06/07/2017 17:00:00","BZN|DK1","318.00","n/e"," ","330.65"
"06/07/2017 17:00:00 - 06/07/2017 18:00:00","BZN|DK1","241.00","n/e"," ","246.24"
"06/07/2017 18:00:00 - 06/07/2017 19:00:00","BZN|DK1","161.00","n/e"," ","159.99"
"06/07/2017 19:00:00 - 06/07/2017 20:00:00","BZN|DK1","87.00","n/e"," ","75.64"
"06/07/2017 20:00:00 - 06/07/2017 21:00:00","BZN|DK1","30.00","n/e"," ","27.11"
"06/07/2017 21:00:00 - 06/07/2017 22:00:00","BZN|DK1","7.00","n/e"," ","5.05"
"06/07/2017 22:00:00 - 06/07/2017 23:00:00","BZN|DK1","0.00","n/e"," ","0.12"
"06/07/2017 23:00:00 - 07/07/2017 00:00:00","BZN|DK1","0.00","n/e"," ","0.00"
"07/07/2017 00:00:00 - 07/07/2017 01:00:00","BZN|DK1","0.00","n/e"," ","0.00"
"07/07/2017 01:00:00 - 07/07/2017 02:00:00","BZN|DK1","0.00","n/e"," ","0.00"
"07/07/2017 02:00:00 - 07/07/2017 03:00:00","BZN|DK1","0.00","n/e"," ","0.00"
"07/07/2017 03:00:00 - 07/07/2017 04:00:00","BZN|DK1","0.00","n/e"," ","0.00"
"07/07/2017 04:00:00 - 07/07/2017 05:00:00","BZN|DK1","0.00","n/e"," ","0.12"
"07/07/2017 05:00:00 - 07/07/2017 06:00:00","BZN|DK1","5.00","n/e"," ","6.15"
"07/07/2017 06:00:00 - 07/07/2017 07:00:00","BZN|DK1","20.00","n/e"," ","26.26"
"07/07/2017 07:00:00 - 07/07/2017 08:00:00","BZN|DK1","57.00","n/e"," ","60.38"
"07/07/2017 08:00:00 - 07/07/2017 09:00:00","BZN|DK1","99.00","n/e"," ","112.24"
"07/07/2017 09:00:00 - 07/07/2017 10:00:00","BZN|DK1","133.00","n/e"," ","139.98"
"07/07/2017 10:00:00 - 07/07/2017 11:00:00","BZN|DK1","166.00","n/e"," ","145.38"
"07/07/2017 11:00:00 - 07/07/2017 12:00:00","BZN|DK1","198.00","n/e"," ","153.62"
"07/07/2017 12:00:00 - 07/07/2017 13:00:00","BZN|DK1","213.00","n/e"," ","156.29"
"07/07/2017 13:00:00 - 07/07/2017 14:00:00","BZN|DK1","211.00","n/e"," ","180.38"
"07/07/2017 14:00:00 - 07/07/2017 15:00:00","BZN|DK1","198.00","n/e"," ","211.00"
"07/07/2017 15:00:00 - 07/07/2017 16:00:00","BZN|DK1","190.00","n/e"," ","217.24"
"07/07/2017 16:00:00 - 07/07/2017 17:00:00","BZN|DK1","176.00","n/e"," ","192.61"
"07/07/2017 17:00:00 - 07/07/2017 18:00:00","BZN|DK1","144.00","n/e"," ","178.62"
"07/07/2017 18:00:00 - 07/07/2017 19:00:00","BZN|DK1","103.00","n/e"," ","114.10"
"07/07/2017 19:00:00 - 07/07/2017 20:00:00","BZN|DK1","59.00","n/e"," ","59.56"
"07/07/2017 20:00:00 - 07/07/2017 21:00:00","BZN|DK1","22.00","n/e"," ","30.71"
"07/07/2017 21:00:00 - 07/07/2017 22:00:00","BZN|DK1","5.00","n/e"," ","5.80"
"07/07/2017 22:00:00 - 07/07/2017 23:00:00","BZN|DK1","0.00","n/e"," ","0.09"
"07/07/2017 23:00:00 - 08/07/2017 00:00:00","BZN|DK1","0.00","n/e"," ","0.00"
"08/07/2017 00:00:00 - 08/07/2017 01:00:00","BZN|DK1","0.00","n/e"," ","0.00"
"08/07/2017 01:00:00 - 08/07/2017 02:00:00","BZN|DK1","0.00","n/e"," ","0.00"
"08/07/2017 02:00:00 - 08/07/2017 03:00:00","BZN|DK1","0.00","n/e"," ","0.00"
"08/07/2017 03:00:00 - 08/07/2017 04:00:00","BZN|DK1","0.00","n/e"," ","0.00"
"08/07/2017 04:00:00 - 08/07/2017 05:00:00","BZN|DK1","0.00","n/e"," ","0.04"
"08/07/2017 05:00:00 - 08/07/2017 06:00:00","BZN|DK1","5.00","n/e"," ","3.06"
"08/07/2017 06:00:00 - 08/07/2017 07:00:00","BZN|DK1","21.00","n/e"," ","17.01"
"08/07/2017 07:00:00 - 08/07/2017 08:00:00","BZN|DK1","43.00","n/e"," ","39.69"
"08/07/2017 08:00:00 - 08/07/2017 09:00:00","BZN|DK1","63.00","n/e"," ","71.85"
"08/07/2017 09:00:00 - 08/07/2017 10:00:00","BZN|DK1","103.00","n/e"," ","100.92"
"08/07/2017 10:00:00 - 08/07/2017 11:00:00","BZN|DK1","137.00","n/e"," ","159.59"
"08/07/2017 11:00:00 - 08/07/2017 12:00:00","BZN|DK1","196.00","n/e"," ","223.49"
"08/07/2017 12:00:00 - 08/07/2017 13:00:00","BZN|DK1","229.00","n/e"," ","294.84"
"08/07/2017 13:00:00 - 08/07/2017 14:00:00","BZN|DK1","257.00","n/e"," ","323.24"
"08/07/2017 14:00:00 - 08/07/2017 15:00:00","BZN|DK1","301.00","n/e"," ","307.11"
"08/07/2017 15:00:00 - 08/07/2017 16:00:00","BZN|DK1","310.00","n/e"," ","276.28"
"08/07/2017 16:00:00 - 08/07/2017 17:00:00","BZN|DK1","280.00","n/e"," ","248.22"
"08/07/2017 17:00:00 - 08/07/2017 18:00:00","BZN|DK1","212.00","n/e"," ","209.44"
"08/07/2017 18:00:00 - 08/07/2017 19:00:00","BZN|DK1","149.00","n/e"," ","141.57"
"08/07/2017 19:00:00 - 08/07/2017 20:00:00","BZN|DK1","84.00","n/e"," ","81.02"
"08/07/2017 20:00:00 - 08/07/2017 21:00:00","BZN|DK1","31.00","n/e"," ","31.34"
"08/07/2017 21:00:00 - 08/07/2017 22:00:00","BZN|DK1","6.00","n/e"," ","6.15"
"08/07/2017 22:00:00 - 08/07/2017 23:00:00","BZN|DK1","0.00","n/e"," ","0.13"
"08/07/2017 23:00:00 - 09/07/2017 00:00:00","BZN|DK1","0.00","n/e"," ","0.00"
"09/07/2017 00:00:00 - 09/07/2017 01:00:00","BZN|DK1","0.00","n/e"," ","0.00"
"09/07/2017 01:00:00 - 09/07/2017 02:00:00","BZN|DK1","0.00","n/e"," ","0.00"
"09/07/2017 02:00:00 - 09/07/2017 03:00:00","BZN|DK1","0.00","n/e"," ","0.00"
"09/07/2017 03:00:00 - 09/07/2017 04:00:00","BZN|DK1","0.00","n/e"," ","0.00"
"09/07/2017 04:00:00 - 09/07/2017 05:00:00","BZN|DK1","0.00","n/e"," ","0.16"
"09/07/2017 05:00:00 - 09/07/2017 06:00:00","BZN|DK1","9.00","n/e"," ","7.25"
"09/07/2017 06:00:00 - 09/07/2017 07:00:00","BZN|DK1","40.00","n/e"," ","32.03"
"09/07/2017 07:00:00 - 09/07/2017 08:00:00","BZN|DK1","88.00","n/e"," ","89.63"
"09/07/2017 08:00:00 - 09/07/2017 09:00:00","BZN|DK1","165.00","n/e"," ","172.90"
"09/07/2017 09:00:00 - 09/07/2017 10:00:00","BZN|DK1","243.00","n/e"," ","243.52"
"09/07/2017 10:00:00 - 09/07/2017 11:00:00","BZN|DK1","313.00","n/e"," ","290.22"
"09/07/2017 11:00:00 - 09/07/2017 12:00:00","BZN|DK1","367.00","n/e"," ","350.10"
"09/07/2017 12:00:00 - 09/07/2017 13:00:00","BZN|DK1","384.00","n/e"," ","378.43"
"09/07/2017 13:00:00 - 09/07/2017 14:00:00","BZN|DK1","392.00","n/e"," ","376.54"
"09/07/2017 14:00:00 - 09/07/2017 15:00:00","BZN|DK1","398.00","n/e"," ","363.37"
"09/07/2017 15:00:00 - 09/07/2017 16:00:00","BZN|DK1","379.00","n/e"," ","339.62"
"09/07/2017 16:00:00 - 09/07/2017 17:00:00","BZN|DK1","337.00","n/e"," ","305.57"
"09/07/2017 17:00:00 - 09/07/2017 18:00:00","BZN|DK1","250.00","n/e"," ","238.58"
"09/07/2017 18:00:00 - 09/07/2017 19:00:00","BZN|DK1","171.00","n/e"," ","168.51"
"09/07/2017 19:00:00 - 09/07/2017 20:00:00","BZN|DK1","92.00","n/e"," ","87.55"
"09/07/2017 20:00:00 - 09/07/2017 21:00:00","BZN|DK1","33.00","n/e"," ","31.60"
"09/07/2017 21:00:00 - 09/07/2017 22:00:00","BZN|DK1","7.00","n/e"," ","6.67"
"09/07/2017 22:00:00 - 09/07/2017 23:00:00","BZN|DK1","0.00","n/e"," ","0.14"
"09/07/2017 23:00:00 - 10/07/2017 00:00:00","BZN|DK1","0.00","n/e"," ","0.00"
"10/07/2017 00:00:00 - 10/07/2017 01:00:00","BZN|DK1","0.00","n/e"," ","0.00"
"10/07/2017 01:00:00 - 10/07/2017 02:00:00","BZN|DK1","0.00","n/e"," ","0.00"
"10/07/2017 02:00:00 - 10/07/2017 03:00:00","BZN|DK1","0.00","n/e"," ","0.00"
"10/07/2017 03:00:00 - 10/07/2017 04:00:00","BZN|DK1","0.00","n/e"," ","0.00"
"10/07/2017 04:00:00 - 10/07/2017 05:00:00","BZN|DK1","0.00","n/e"," ","0.16"
"10/07/2017 05:00:00 - 10/07/2017 06:00:00","BZN|DK1","8.00","n/e"," ","10.42"
"10/07/2017 06:00:00 - 10/07/2017 07:00:00","BZN|DK1","37.00","n/e"," ","39.16"
"10/07/2017 07:00:00 - 10/07/2017 08:00:00","BZN|DK1","89.00","n/e"," ","89.64"
"10/07/2017 08:00:00 - 10/07/2017 09:00:00","BZN|DK1","160.00","n/e"," ","146.17"
"10/07/2017 09:00:00 - 10/07/2017 10:00:00","BZN|DK1","221.00","n/e"," ","172.70"
"10/07/2017 10:00:00 - 10/07/2017 11:00:00","BZN|DK1","255.00","n/e"," ","185.89"
"10/07/2017 11:00:00 - 10/07/2017 12:00:00","BZN|DK1","262.00","n/e"," ","169.90"
"10/07/2017 12:00:00 - 10/07/2017 13:00:00","BZN|DK1","264.00","n/e"," ","189.53"
"10/07/2017 13:00:00 - 10/07/2017 14:00:00","BZN|DK1","256.00","n/e"," ","194.08"
"10/07/2017 14:00:00 - 10/07/2017 15:00:00","BZN|DK1","226.00","n/e"," ","179.96"
"10/07/2017 15:00:00 - 10/07/2017 16:00:00","BZN|DK1","199.00","n/e"," ","187.17"
"10/07/2017 16:00:00 - 10/07/2017 17:00:00","BZN|DK1","175.00","n/e"," ","181.76"
"10/07/2017 17:00:00 - 10/07/2017 18:00:00","BZN|DK1","130.00","n/e"," ","156.97"
"10/07/2017 18:00:00 - 10/07/2017 19:00:00","BZN|DK1","104.00","n/e"," ","111.23"
"10/07/2017 19:00:00 - 10/07/2017 20:00:00","BZN|DK1","63.00","n/e"," ","60.18"
"10/07/2017 20:00:00 - 10/07/2017 21:00:00","BZN|DK1","26.00","n/e"," ","24.95"
"10/07/2017 21:00:00 - 10/07/2017 22:00:00","BZN|DK1","7.00","n/e"," ","4.79"
"10/07/2017 22:00:00 - 10/07/2017 23:00:00","BZN|DK1","0.00","n/e"," ","0.10"
"10/07/2017 23:00:00 - 11/07/2017 00:00:00","BZN|DK1","0.00","n/e"," ","0.00"
"11/07/2017 00:00:00 - 11/07/2017 01:00:00","BZN|DK1","0.00","n/e"," ","0.00"
"11/07/2017 01:00:00 - 11/07/2017 02:00:00","BZN|DK1","0.00","n/e"," ","0.00"
"11/07/2017 02:00:00 - 11/07/2017 03:00:00","BZN|DK1","0.00","n/e"," ","0.00"
"11/07/2017 03:00:00 - 11/07/2017 04:00:00","BZN|DK1","0.00","n/e"," ","0.00"
"11/07/2017 04:00:00 - 11/07/2017 05:00:00","BZN|DK1","0.00","n/e"," ","0.06"
"11/07/2017 05:00:00 - 11/07/2017 06:00:00","BZN|DK1","6.00","n/e"," ","3.34"
"11/07/2017 06:00:00 - 11/07/2017 07:00:00","BZN|DK1","20.00","n/e"," ","18.03"
"11/07/2017 07:00:00 - 11/07/2017 08:00:00","BZN|DK1","38.00","n/e"," ","36.28"
"11/07/2017 08:00:00 - 11/07/2017 09:00:00","BZN|DK1","60.00","n/e"," ","52.21"
"11/07/2017 09:00:00 - 11/07/2017 10:00:00","BZN|DK1","98.00","n/e"," ","88.87"
"11/07/2017 10:00:00 - 11/07/2017 11:00:00","BZN|DK1","139.00","n/e"," ","131.71"
"11/07/2017 11:00:00 - 11/07/2017 12:00:00","BZN|DK1","188.00","n/e"," ","175.04"
"11/07/2017 12:00:00 - 11/07/2017 13:00:00","BZN|DK1","214.00","n/e"," ","233.94"
"11/07/2017 13:00:00 - 11/07/2017 14:00:00","BZN|DK1","222.00","n/e"," ","266.63"
"11/07/2017 14:00:00 - 11/07/2017 15:00:00","BZN|DK1","225.00","n/e"," ","263.74"
"11/07/2017 15:00:00 - 11/07/2017 16:00:00","BZN|DK1","245.00","n/e"," ","261.38"
"11/07/2017 16:00:00 - 11/07/2017 17:00:00","BZN|DK1","230.00","n/e"," ","214.64"
"11/07/2017 17:00:00 - 11/07/2017 18:00:00","BZN|DK1","154.00","n/e"," ","150.26"
"11/07/2017 18:00:00 - 11/07/2017 19:00:00","BZN|DK1","116.00","n/e"," ","107.95"
"11/07/2017 19:00:00 - 11/07/2017 20:00:00","BZN|DK1","66.00","n/e"," ","60.84"
"11/07/2017 20:00:00 - 11/07/2017 21:00:00","BZN|DK1","24.00","n/e"," ","29.59"
"11/07/2017 21:00:00 - 11/07/2017 22:00:00","BZN|DK1","5.00","n/e"," ","5.84"
"11/07/2017 22:00:00 - 11/07/2017 23:00:00","BZN|DK1","0.00","n/e"," ","0.14"
"11/07/2017 23:00:00 - 12/07/2017 00:00:00","BZN|DK1","0.00","n/e"," ","0.00"
"12/07/2017 00:00:00 - 12/07/2017 01:00:00","BZN|DK1","0.00","n/e"," ","0.00"
"12/07/2017 01:00:00 - 12/07/2017 02:00:00","BZN|DK1","0.00","n/e"," ","0.00"
"12/07/2017 02:00:00 - 12/07/2017 03:00:00","BZN|DK1","0.00","n/e"," ","0.00"
"12/07/2017 03:00:00 - 12/07/2017 04:00:00","BZN|DK1","0.00","n/e"," ","0.00"
"12/07/2017 04:00:00 - 12/07/2017 05:00:00","BZN|DK1","0.00","n/e"," ","0.16"
"12/07/2017 05:00:00 - 12/07/2017 06:00:00","BZN|DK1","4.00","n/e"," ","4.73"
"12/07/2017 06:00:00 - 12/07/2017 07:00:00","BZN|DK1","19.00","n/e"," ","17.26"
"12/07/2017 07:00:00 - 12/07/2017 08:00:00","BZN|DK1","43.00","n/e"," ","44.66"
"12/07/2017 08:00:00 - 12/07/2017 09:00:00","BZN|DK1","81.00","n/e"," ","92.13"
"12/07/2017 09:00:00 - 12/07/2017 10:00:00","BZN|DK1","128.00","n/e"," ","143.30"
"12/07/2017 10:00:00 - 12/07/2017 11:00:00","BZN|DK1","173.00","n/e"," ","191.19"
"12/07/2017 11:00:00 - 12/07/2017 12:00:00","BZN|DK1","235.00","n/e"," ","239.62"
"12/07/2017 12:00:00 - 12/07/2017 13:00:00","BZN|DK1","269.00","n/e"," ","270.92"
"12/07/2017 13:00:00 - 12/07/2017 14:00:00","BZN|DK1","289.00","n/e"," ","309.85"
"12/07/2017 14:00:00 - 12/07/2017 15:00:00","BZN|DK1","310.00","n/e"," ","337.81"
"12/07/2017 15:00:00 - 12/07/2017 16:00:00","BZN|DK1","315.00","n/e"," ","334.64"
"12/07/2017 16:00:00 - 12/07/2017 17:00:00","BZN|DK1","285.00","n/e"," ","297.60"
"12/07/2017 17:00:00 - 12/07/2017 18:00:00","BZN|DK1","206.00","n/e"," ","236.64"
"12/07/2017 18:00:00 - 12/07/2017 19:00:00","BZN|DK1","156.00","n/e"," ","162.24"
"12/07/2017 19:00:00 - 12/07/2017 20:00:00","BZN|DK1","86.00","n/e"," ","89.33"
"12/07/2017 20:00:00 - 12/07/2017 21:00:00","BZN|DK1","30.00","n/e"," ","33.48"
"12/07/2017 21:00:00 - 12/07/2017 22:00:00","BZN|DK1","6.00","n/e"," ","6.29"
"12/07/2017 22:00:00 - 12/07/2017 23:00:00","BZN|DK1","0.00","n/e"," ","0.13"
"12/07/2017 23:00:00 - 13/07/2017 00:00:00","BZN|DK1","0.00","n/e"," ","0.00"
"13/07/2017 00:00:00 - 13/07/2017 01:00:00","BZN|DK1","0.00","n/e"," ","0.00"
"13/07/2017 01:00:00 - 13/07/2017 02:00:00","BZN|DK1","0.00","n/e"," ","0.00"
"13/07/2017 02:00:00 - 13/07/2017 03:00:00","BZN|DK1","0.00","n/e"," ","0.00"
"13/07/2017 03:00:00 - 13/07/2017 04:00:00","BZN|DK1","0.00","n/e"," ","0.00"
"13/07/2017 04:00:00 - 13/07/2017 05:00:00","BZN|DK1","0.00","n/e"," ","0.11"
"13/07/2017 05:00:00 - 13/07/2017 06:00:00","BZN|DK1","8.00","n/e"," ","6.68"
"13/07/2017 06:00:00 - 13/07/2017 07:00:00","BZN|DK1","31.00","n/e"," ","31.35"
"13/07/2017 07:00:00 - 13/07/2017 08:00:00","BZN|DK1","80.00","n/e"," ","85.75"
"13/07/2017 08:00:00 - 13/07/2017 09:00:00","BZN|DK1","159.00","n/e"," ","163.11"
"13/07/2017 09:00:00 - 13/07/2017 10:00:00","BZN|DK1","230.00","n/e"," ","250.64"
"13/07/2017 10:00:00 - 13/07/2017 11:00:00","BZN|DK1","291.00","n/e"," ","311.12"
"13/07/2017 11:00:00 - 13/07/2017 12:00:00","BZN|DK1","335.00","n/e"," ","329.89"
"13/07/2017 12:00:00 - 13/07/2017 13:00:00","BZN|DK1","350.00","n/e"," ","327.01"
"13/07/2017 13:00:00 - 13/07/2017 14:00:00","BZN|DK1","349.00","n/e"," ","322.02"
"13/07/2017 14:00:00 - 13/07/2017 15:00:00","BZN|DK1","321.00","n/e"," ","316.25"
"13/07/2017 15:00:00 - 13/07/2017 16:00:00","BZN|DK1","297.00","n/e"," ","297.91"
"13/07/2017 16:00:00 - 13/07/2017 17:00:00","BZN|DK1","264.00","n/e"," ","265.78"
"13/07/2017 17:00:00 - 13/07/2017 18:00:00","BZN|DK1","213.00","n/e"," ","239.23"
"13/07/2017 18:00:00 - 13/07/2017 19:00:00","BZN|DK1","157.00","n/e"," ","166.90"
"13/07/2017 19:00:00 - 13/07/2017 20:00:00","BZN|DK1","88.00","n/e"," ","90.38"
"13/07/2017 20:00:00 - 13/07/2017 21:00:00","BZN|DK1","31.00","n/e"," ","31.71"
"13/07/2017 21:00:00 - 13/07/2017 22:00:00","BZN|DK1","6.00","n/e"," ","6.36"
"13/07/2017 22:00:00 - 13/07/2017 23:00:00","BZN|DK1","0.00","n/e"," ","0.12"
"13/07/2017 23:00:00 - 14/07/2017 00:00:00","BZN|DK1","0.00","n/e"," ","0.00"
"14/07/2017 00:00:00 - 14/07/2017 01:00:00","BZN|DK1","0.00","n/e"," ","0.00"
"14/07/2017 01:00:00 - 14/07/2017 02:00:00","BZN|DK1","0.00","n/e"," ","0.00"
"14/07/2017 02:00:00 - 14/07/2017 03:00:00","BZN|DK1","0.00","n/e"," ","0.00"
"14/07/2017 03:00:00 - 14/07/2017 04:00:00","BZN|DK1","0.00","n/e"," ","0.00"
"14/07/2017 04:00:00 - 14/07/2017 05:00:00","BZN|DK1","0.00","n/e"," ","0.11"
"14/07/2017 05:00:00 - 14/07/2017 06:00:00","BZN|DK1","5.00","n/e"," ","5.33"
"14/07/2017 06:00:00 - 14/07/2017 07:00:00","BZN|DK1","28.00","n/e"," ","27.16"
"14/07/2017 07:00:00 - 14/07/2017 08:00:00","BZN|DK1","58.00","n/e"," ","59.07"
"14/07/2017 08:00:00 - 14/07/2017 09:00:00","BZN|DK1","112.00","n/e"," ","101.85"
"14/07/2017 09:00:00 - 14/07/2017 10:00:00","BZN|DK1","182.00","n/e"," ","141.94"
"14/07/2017 10:00:00 - 14/07/2017 11:00:00","BZN|DK1","243.00","n/e"," ","186.41"
"14/07/2017 11:00:00 - 14/07/2017 12:00:00","BZN|DK1","287.00","n/e"," ","223.42"
"14/07/2017 12:00:00 - 14/07/2017 13:00:00","BZN|DK1","306.00","n/e"," ","242.24"
"14/07/2017 13:00:00 - 14/07/2017 14:00:00","BZN|DK1","298.00","n/e"," ","280.16"
"14/07/2017 14:00:00 - 14/07/2017 15:00:00","BZN|DK1","262.00","n/e"," ","259.99"
"14/07/2017 15:00:00 - 14/07/2017 16:00:00","BZN|DK1","251.00","n/e"," ","230.02"
"14/07/2017 16:00:00 - 14/07/2017 17:00:00","BZN|DK1","210.00","n/e"," ","208.85"
"14/07/2017 17:00:00 - 14/07/2017 18:00:00","BZN|DK1","150.00","n/e"," ","171.91"
"14/07/2017 18:00:00 - 14/07/2017 19:00:00","BZN|DK1","102.00","n/e"," ","100.99"
"14/07/2017 19:00:00 - 14/07/2017 20:00:00","BZN|DK1","58.00","n/e"," ","58.47"
"14/07/2017 20:00:00 - 14/07/2017 21:00:00","BZN|DK1","23.00","n/e"," ","25.38"
"14/07/2017 21:00:00 - 14/07/2017 22:00:00","BZN|DK1","4.00","n/e"," ","4.89"
"14/07/2017 22:00:00 - 14/07/2017 23:00:00","BZN|DK1","0.00","n/e"," ","0.10"
"14/07/2017 23:00:00 - 15/07/2017 00:00:00","BZN|DK1","0.00","n/e"," ","0.00"
"15/07/2017 00:00:00 - 15/07/2017 01:00:00","BZN|DK1","0.00","n/e"," ","0.00"
"15/07/2017 01:00:00 - 15/07/2017 02:00:00","BZN|DK1","0.00","n/e"," ","0.00"
"15/07/2017 02:00:00 - 15/07/2017 03:00:00","BZN|DK1","0.00","n/e"," ","0.00"
"15/07/2017 03:00:00 - 15/07/2017 04:00:00","BZN|DK1","0.00","n/e"," ","0.00"
"15/07/2017 04:00:00 - 15/07/2017 05:00:00","BZN|DK1","0.00","n/e"," ","0.07"
"15/07/2017 05:00:00 - 15/07/2017 06:00:00","BZN|DK1","6.00","n/e"," ","5.89"
"15/07/2017 06:00:00 - 15/07/2017 07:00:00","BZN|DK1","31.00","n/e"," ","30.74"
"15/07/2017 07:00:00 - 15/07/2017 08:00:00","BZN|DK1","79.00","n/e"," ","79.09"
"15/07/2017 08:00:00 - 15/07/2017 09:00:00","BZN|DK1","150.00","n/e"," ","155.31"
"15/07/2017 09:00:00 - 15/07/2017 10:00:00","BZN|DK1","231.00","n/e"," ","231.08"
"15/07/2017 10:00:00 - 15/07/2017 11:00:00","BZN|DK1","291.00","n/e"," ","289.91"
"15/07/2017 11:00:00 - 15/07/2017 12:00:00","BZN|DK1","326.00","n/e"," ","300.77"
"15/07/2017 12:00:00 - 15/07/2017 13:00:00","BZN|DK1","345.00","n/e"," ","300.95"
"15/07/2017 13:00:00 - 15/07/2017 14:00:00","BZN|DK1","345.00","n/e"," ","278.55"
"15/07/2017 14:00:00 - 15/07/2017 15:00:00","BZN|DK1","299.00","n/e"," ","272.30"
"15/07/2017 15:00:00 - 15/07/2017 16:00:00","BZN|DK1","275.00","n/e"," ","270.05"
"15/07/2017 16:00:00 - 15/07/2017 17:00:00","BZN|DK1","227.00","n/e"," ","240.15"
"15/07/2017 17:00:00 - 15/07/2017 18:00:00","BZN|DK1","163.00","n/e"," ","195.91"
"15/07/2017 18:00:00 - 15/07/2017 19:00:00","BZN|DK1","117.00","n/e"," ","131.11"
"15/07/2017 19:00:00 - 15/07/2017 20:00:00","BZN|DK1","69.00","n/e"," ","72.12"
"15/07/2017 20:00:00 - 15/07/2017 21:00:00","BZN|DK1","25.00","n/e"," ","28.16"
"15/07/2017 21:00:00 - 15/07/2017 22:00:00","BZN|DK1","4.00","n/e"," ","4.08"
"15/07/2017 22:00:00 - 15/07/2017 23:00:00","BZN|DK1","0.00","n/e"," ","0.06"
"15/07/2017 23:00:00 - 16/07/2017 00:00:00","BZN|DK1","0.00","n/e"," ","0.00"
"16/07/2017 00:00:00 - 16/07/2017 01:00:00","BZN|DK1","0.00","n/e"," ","0.00"
"16/07/2017 01:00:00 - 16/07/2017 02:00:00","BZN|DK1","0.00","n/e"," ","0.00"
"16/07/2017 02:00:00 - 16/07/2017 03:00:00","BZN|DK1","0.00","n/e"," ","0.00"
"16/07/2017 03:00:00 - 16/07/2017 04:00:00","BZN|DK1","0.00","n/e"," ","0.00"
"16/07/2017 04:00:00 - 16/07/2017 05:00:00","BZN|DK1","0.00","n/e"," ","0.03"
"16/07/2017 05:00:00 - 16/07/2017 06:00:00","BZN|DK1","2.00","n/e"," ","0.91"
"16/07/2017 06:00:00 - 16/07/2017 07:00:00","BZN|DK1","8.00","n/e"," ","7.29"
"16/07/2017 07:00:00 - 16/07/2017 08:00:00","BZN|DK1","13.00","n/e"," ","16.16"
"16/07/2017 08:00:00 - 16/07/2017 09:00:00","BZN|DK1","9.00","n/e"," ","27.96"
"16/07/2017 09:00:00 - 16/07/2017 10:00:00","BZN|DK1","24.00","n/e"," ","41.48"
"16/07/2017 10:00:00 - 16/07/2017 11:00:00","BZN|DK1","50.00","n/e"," ","66.40"
"16/07/2017 11:00:00 - 16/07/2017 12:00:00","BZN|DK1","79.00","n/e"," ","89.09"
"16/07/2017 12:00:00 - 16/07/2017 13:00:00","BZN|DK1","95.00","n/e"," ","121.42"
"16/07/2017 13:00:00 - 16/07/2017 14:00:00","BZN|DK1","109.00","n/e"," ","158.55"
"16/07/2017 14:00:00 - 16/07/2017 15:00:00","BZN|DK1","159.00","n/e"," ","191.60"
"16/07/2017 15:00:00 - 16/07/2017 16:00:00","BZN|DK1","192.00","n/e"," ","212.71"
"16/07/2017 16:00:00 - 16/07/2017 17:00:00","BZN|DK1","197.00","n/e"," ","237.27"
"16/07/2017 17:00:00 - 16/07/2017 18:00:00","BZN|DK1","197.00","n/e"," ","212.63"
"16/07/2017 18:00:00 - 16/07/2017 19:00:00","BZN|DK1","146.00","n/e"," ","164.99"
"16/07/2017 19:00:00 - 16/07/2017 20:00:00","BZN|DK1","82.00","n/e"," ","91.47"
"16/07/2017 20:00:00 - 16/07/2017 21:00:00","BZN|DK1","28.00","n/e"," ","30.41"
"16/07/2017 21:00:00 - 16/07/2017 22:00:00","BZN|DK1","4.00","n/e"," ","5.37"
"16/07/2017 22:00:00 - 16/07/2017 23:00:00","BZN|DK1","0.00","n/e"," ","0.10"
"16/07/2017 23:00:00 - 17/07/2017 00:00:00","BZN|DK1","0.00","n/e"," ","0.00"
"17/07/2017 00:00:00 - 17/07/2017 01:00:00","BZN|DK1","0.00","n/e"," ","0.00"
"17/07/2017 01:00:00 - 17/07/2017 02:00:00","BZN|DK1","0.00","n/e"," ","0.00"
"17/07/2017 02:00:00 - 17/07/2017 03:00:00","BZN|DK1","0.00","n/e"," ","0.00"
"17/07/2017 03:00:00 - 17/07/2017 04:00:00","BZN|DK1","0.00","n/e"," ","0.00"
"17/07/2017 04:00:00 - 17/07/2017 05:00:00","BZN|DK1","0.00","n/e"," ","0.07"
"17/07/2017 05:00:00 - 17/07/2017 06:00:00","BZN|DK1","6.00","n/e"," ","5.10"
"17/07/2017 06:00:00 - 17/07/2017 07:00:00","BZN|DK1","33.00","n/e"," ","27.89"
"17/07/2017 07:00:00 - 17/07/2017 08:00:00","BZN|DK1","77.00","n/e"," ","81.95"
"17/07/2017 08:00:00 - 17/07/2017 09:00:00","BZN|DK1","137.00","n/e"," ","161.07"
"17/07/2017 09:00:00 - 17/07/2017 10:00:00","BZN|DK1","202.00","n/e"," ","236.39"
"17/07/2017 10:00:00 - 17/07/2017 11:00:00","BZN|DK1","254.00","n/e"," ","264.14"
"17/07/2017 11:00:00 - 17/07/2017 12:00:00","BZN|DK1","279.00","n/e"," ","259.98"
"17/07/2017 12:00:00 - 17/07/2017 13:00:00","BZN|DK1","284.00","n/e"," ","287.85"
"17/07/2017 13:00:00 - 17/07/2017 14:00:00","BZN|DK1","272.00","n/e"," ","300.15"
"17/07/2017 14:00:00 - 17/07/2017 15:00:00","BZN|DK1","219.00","n/e"," ","297.52"
"17/07/2017 15:00:00 - 17/07/2017 16:00:00","BZN|DK1","218.00","n/e"," ","283.64"
"17/07/2017 16:00:00 - 17/07/2017 17:00:00","BZN|DK1","195.00","n/e"," ","239.35"
"17/07/2017 17:00:00 - 17/07/2017 18:00:00","BZN|DK1","150.00","n/e"," ","187.10"
"17/07/2017 18:00:00 - 17/07/2017 19:00:00","BZN|DK1","110.00","n/e"," ","132.78"
"17/07/2017 19:00:00 - 17/07/2017 20:00:00","BZN|DK1","63.00","n/e"," ","76.97"
"17/07/2017 20:00:00 - 17/07/2017 21:00:00","BZN|DK1","24.00","n/e"," ","28.47"
"17/07/2017 21:00:00 - 17/07/2017 22:00:00","BZN|DK1","4.00","n/e"," ","4.87"
"17/07/2017 22:00:00 - 17/07/2017 23:00:00","BZN|DK1","0.00","n/e"," ","0.08"
"17/07/2017 23:00:00 - 18/07/2017 00:00:00","BZN|DK1","0.00","n/e"," ","0.00"
"18/07/2017 00:00:00 - 18/07/2017 01:00:00","BZN|DK1","0.00","n/e"," ","0.00"
"18/07/2017 01:00:00 - 18/07/2017 02:00:00","BZN|DK1","0.00","n/e"," ","0.00"
"18/07/2017 02:00:00 - 18/07/2017 03:00:00","BZN|DK1","0.00","n/e"," ","0.00"
"18/07/2017 03:00:00 - 18/07/2017 04:00:00","BZN|DK1","0.00","n/e"," ","0.00"
"18/07/2017 04:00:00 - 18/07/2017 05:00:00","BZN|DK1","0.00","n/e"," ","0.05"
"18/07/2017 05:00:00 - 18/07/2017 06:00:00","BZN|DK1","4.00","n/e"," ","1.71"
"18/07/2017 06:00:00 - 18/07/2017 07:00:00","BZN|DK1","17.00","n/e"," ","11.29"
"18/07/2017 07:00:00 - 18/07/2017 08:00:00","BZN|DK1","32.00","n/e"," ","31.57"
"18/07/2017 08:00:00 - 18/07/2017 09:00:00","BZN|DK1","53.00","n/e"," ","61.77"
"18/07/2017 09:00:00 - 18/07/2017 10:00:00","BZN|DK1","109.00","n/e"," ","97.30"
"18/07/2017 10:00:00 - 18/07/2017 11:00:00","BZN|DK1","153.00","n/e"," ","134.16"
"18/07/2017 11:00:00 - 18/07/2017 12:00:00","BZN|DK1","200.00","n/e"," ","159.29"
"18/07/2017 12:00:00 - 18/07/2017 13:00:00","BZN|DK1","230.00","n/e"," ","195.81"
"18/07/2017 13:00:00 - 18/07/2017 14:00:00","BZN|DK1","239.00","n/e"," ","225.98"
"18/07/2017 14:00:00 - 18/07/2017 15:00:00","BZN|DK1","248.00","n/e"," ","239.45"
"18/07/2017 15:00:00 - 18/07/2017 16:00:00","BZN|DK1","267.00","n/e"," ","243.78"
"18/07/2017 16:00:00 - 18/07/2017 17:00:00","BZN|DK1","247.00","n/e"," ","234.01"
"18/07/2017 17:00:00 - 18/07/2017 18:00:00","BZN|DK1","201.00","n/e"," ","192.88"
"18/07/2017 18:00:00 - 18/07/2017 19:00:00","BZN|DK1","135.00","n/e"," ","133.61"
"18/07/2017 19:00:00 - 18/07/2017 20:00:00","BZN|DK1","75.00","n/e"," ","72.75"
"18/07/2017 20:00:00 - 18/07/2017 21:00:00","BZN|DK1","26.00","n/e"," ","25.86"
"18/07/2017 21:00:00 - 18/07/2017 22:00:00","BZN|DK1","4.00","n/e"," ","3.91"
"18/07/2017 22:00:00 - 18/07/2017 23:00:00","BZN|DK1","0.00","n/e"," ","0.07"
"18/07/2017 23:00:00 - 19/07/2017 00:00:00","BZN|DK1","0.00","n/e"," ","0.00"
"19/07/2017 00:00:00 - 19/07/2017 01:00:00","BZN|DK1","0.00","n/e"," ","0.00"
"19/07/2017 01:00:00 - 19/07/2017 02:00:00","BZN|DK1","0.00","n/e"," ","0.00"
"19/07/2017 02:00:00 - 19/07/2017 03:00:00","BZN|DK1","0.00","n/e"," ","0.00"
"19/07/2017 03:00:00 - 19/07/2017 04:00:00","BZN|DK1","0.00","n/e"," ","0.00"
"19/07/2017 04:00:00 - 19/07/2017 05:00:00","BZN|DK1","0.00","n/e"," ","0.04"
"19/07/2017 05:00:00 - 19/07/2017 06:00:00","BZN|DK1","6.00","n/e"," ","3.51"
"19/07/2017 06:00:00 - 19/07/2017 07:00:00","BZN|DK1","26.00","n/e"," ","23.80"
"19/07/2017 07:00:00 - 19/07/2017 08:00:00","BZN|DK1","68.00","n/e"," ","69.05"
"19/07/2017 08:00:00 - 19/07/2017 09:00:00","BZN|DK1","138.00","n/e"," ","138.33"
"19/07/2017 09:00:00 - 19/07/2017 10:00:00","BZN|DK1","219.00","n/e"," ","218.97"
"19/07/2017 10:00:00 - 19/07/2017 11:00:00","BZN|DK1","283.00","n/e"," ","292.77"
"19/07/2017 11:00:00 - 19/07/2017 12:00:00","BZN|DK1","354.00","n/e"," ","348.26"
"19/07/2017 12:00:00 - 19/07/2017 13:00:00","BZN|DK1","387.00","n/e"," ","389.47"
"19/07/2017 13:00:00 - 19/07/2017 14:00:00","BZN|DK1","394.00","n/e"," ","410.04"
"19/07/2017 14:00:00 - 19/07/2017 15:00:00","BZN|DK1","375.00","n/e"," ","406.50"
"19/07/2017 15:00:00 - 19/07/2017 16:00:00","BZN|DK1","364.00","n/e"," ","365.37"
"19/07/2017 16:00:00 - 19/07/2017 17:00:00","BZN|DK1","321.00","n/e"," ","317.96"
"19/07/2017 17:00:00 - 19/07/2017 18:00:00","BZN|DK1","225.00","n/e"," ","225.12"
"19/07/2017 18:00:00 - 19/07/2017 19:00:00","BZN|DK1","152.00","n/e"," ","140.68"
"19/07/2017 19:00:00 - 19/07/2017 20:00:00","BZN|DK1","79.00","n/e"," ","69.27"
"19/07/2017 20:00:00 - 19/07/2017 21:00:00","BZN|DK1","25.00","n/e"," ","26.36"
"19/07/2017 21:00:00 - 19/07/2017 22:00:00","BZN|DK1","4.00","n/e"," ","4.76"
"19/07/2017 22:00:00 - 19/07/2017 23:00:00","BZN|DK1","0.00","n/e"," ","0.10"
"19/07/2017 23:00:00 - 20/07/2017 00:00:00","BZN|DK1","0.00","n/e"," ","0.00"
"20/07/2017 00:00:00 - 20/07/2017 01:00:00","BZN|DK1","0.00","n/e"," ","0.00"
"20/07/2017 01:00:00 - 20/07/2017 02:00:00","BZN|DK1","0.00","n/e"," ","0.00"
"20/07/2017 02:00:00 - 20/07/2017 03:00:00","BZN|DK1","0.00","n/e"," ","0.00"
"20/07/2017 03:00:00 - 20/07/2017 04:00:00","BZN|DK1","0.00","n/e"," ","0.00"
"20/07/2017 04:00:00 - 20/07/2017 05:00:00","BZN|DK1","0.00","n/e"," ","0.07"
"20/07/2017 05:00:00 - 20/07/2017 06:00:00","BZN|DK1","5.00","n/e"," ","3.90"
"20/07/2017 06:00:00 - 20/07/2017 07:00:00","BZN|DK1","26.00","n/e"," ","25.63"
"20/07/2017 07:00:00 - 20/07/2017 08:00:00","BZN|DK1","72.00","n/e"," ","71.86"
"20/07/2017 08:00:00 - 20/07/2017 09:00:00","BZN|DK1","133.00","n/e"," ","129.06"
"20/07/2017 09:00:00 - 20/07/2017 10:00:00","BZN|DK1","201.00","n/e"," ","186.22"
"20/07/2017 10:00:00 - 20/07/2017 11:00:00","BZN|DK1","253.00","n/e"," ","207.99"
"20/07/2017 11:00:00 - 20/07/2017 12:00:00","BZN|DK1","257.00","n/e"," ","222.10"
"20/07/2017 12:00:00 - 20/07/2017 13:00:00","BZN|DK1","240.00","n/e"," ","234.69"
"20/07/2017 13:00:00 - 20/07/2017 14:00:00","BZN|DK1","221.00","n/e"," ","226.76"
"20/07/2017 14:00:00 - 20/07/2017 15:00:00","BZN|DK1","189.00","n/e"," ","153.52"
"20/07/2017 15:00:00 - 20/07/2017 16:00:00","BZN|DK1","172.00","n/e"," ","110.20"
"20/07/2017 16:00:00 - 20/07/2017 17:00:00","BZN|DK1","149.00","n/e"," ","75.43"
"20/07/2017 17:00:00 - 20/07/2017 18:00:00","BZN|DK1","85.00","n/e"," ","45.87"
"20/07/2017 18:00:00 - 20/07/2017 19:00:00","BZN|DK1","54.00","n/e"," ","26.27"
"20/07/2017 19:00:00 - 20/07/2017 20:00:00","BZN|DK1","24.00","n/e"," ","18.68"
"20/07/2017 20:00:00 - 20/07/2017 21:00:00","BZN|DK1","9.00","n/e"," ","7.06"
"20/07/2017 21:00:00 - 20/07/2017 22:00:00","BZN|DK1","2.00","n/e"," ","0.73"
"20/07/2017 22:00:00 - 20/07/2017 23:00:00","BZN|DK1","0.00","n/e"," ","0.05"
"20/07/2017 23:00:00 - 21/07/2017 00:00:00","BZN|DK1","0.00","n/e"," ","0.00"
"21/07/2017 00:00:00 - 21/07/2017 01:00:00","BZN|DK1","0.00","n/e"," ","0.00"
"21/07/2017 01:00:00 - 21/07/2017 02:00:00","BZN|DK1","0.00","n/e"," ","0.00"
"21/07/2017 02:00:00 - 21/07/2017 03:00:00","BZN|DK1","0.00","n/e"," ","0.00"
"21/07/2017 03:00:00 - 21/07/2017 04:00:00","BZN|DK1","0.00","n/e"," ","0.00"
"21/07/2017 04:00:00 - 21/07/2017 05:00:00","BZN|DK1","0.00","n/e"," ","0.04"
"21/07/2017 05:00:00 - 21/07/2017 06:00:00","BZN|DK1","3.00","n/e"," ","0.91"
"21/07/2017 06:00:00 - 21/07/2017 07:00:00","BZN|DK1","20.00","n/e"," ","10.80"
"21/07/2017 07:00:00 - 21/07/2017 08:00:00","BZN|DK1","31.00","n/e"," ","30.34"
"21/07/2017 08:00:00 - 21/07/2017 09:00:00","BZN|DK1","37.00","n/e"," ","58.21"
"21/07/2017 09:00:00 - 21/07/2017 10:00:00","BZN|DK1","80.00","n/e"," ","104.92"
"21/07/2017 10:00:00 - 21/07/2017 11:00:00","BZN|DK1","131.00","n/e"," ","149.00"
"21/07/2017 11:00:00 - 21/07/2017 12:00:00","BZN|DK1","179.00","n/e"," ","186.30"
"21/07/2017 12:00:00 - 21/07/2017 13:00:00","BZN|DK1","198.00","n/e"," ","216.80"
"21/07/2017 13:00:00 - 21/07/2017 14:00:00","BZN|DK1","204.00","n/e"," ","215.04"
"21/07/2017 14:00:00 - 21/07/2017 15:00:00","BZN|DK1","192.00","n/e"," ","205.57"
"21/07/2017 15:00:00 - 21/07/2017 16:00:00","BZN|DK1","208.00","n/e"," ","186.53"
"21/07/2017 16:00:00 - 21/07/2017 17:00:00","BZN|DK1","190.00","n/e"," ","161.91"
"21/07/2017 17:00:00 - 21/07/2017 18:00:00","BZN|DK1","140.00","n/e"," ","143.68"
"21/07/2017 18:00:00 - 21/07/2017 19:00:00","BZN|DK1","98.00","n/e"," ","93.28"
"21/07/2017 19:00:00 - 21/07/2017 20:00:00","BZN|DK1","55.00","n/e"," ","53.06"
"21/07/2017 20:00:00 - 21/07/2017 21:00:00","BZN|DK1","19.00","n/e"," ","20.29"
"21/07/2017 21:00:00 - 21/07/2017 22:00:00","BZN|DK1","3.00","n/e"," ","2.48"
"21/07/2017 22:00:00 - 21/07/2017 23:00:00","BZN|DK1","0.00","n/e"," ","0.06"
"21/07/2017 23:00:00 - 22/07/2017 00:00:00","BZN|DK1","0.00","n/e"," ","0.00"
"22/07/2017 00:00:00 - 22/07/2017 01:00:00","BZN|DK1","0.00","n/e"," ","0.00"
"22/07/2017 01:00:00 - 22/07/2017 02:00:00","BZN|DK1","0.00","n/e"," ","0.00"
"22/07/2017 02:00:00 - 22/07/2017 03:00:00","BZN|DK1","0.00","n/e"," ","0.00"
"22/07/2017 03:00:00 - 22/07/2017 04:00:00","BZN|DK1","0.00","n/e"," ","0.00"
"22/07/2017 04:00:00 - 22/07/2017 05:00:00","BZN|DK1","0.00","n/e"," ","0.04"
"22/07/2017 05:00:00 - 22/07/2017 06:00:00","BZN|DK1","3.00","n/e"," ","2.51"
"22/07/2017 06:00:00 - 22/07/2017 07:00:00","BZN|DK1","24.00","n/e"," ","18.88"
"22/07/2017 07:00:00 - 22/07/2017 08:00:00","BZN|DK1","48.00","n/e"," ","45.43"
"22/07/2017 08:00:00 - 22/07/2017 09:00:00","BZN|DK1","78.00","n/e"," ","88.98"
"22/07/2017 09:00:00 - 22/07/2017 10:00:00","BZN|DK1","129.00","n/e"," ","114.18"
"22/07/2017 10:00:00 - 22/07/2017 11:00:00","BZN|DK1","172.00","n/e"," ","151.05"
"22/07/2017 11:00:00 - 22/07/2017 12:00:00","BZN|DK1","213.00","n/e"," ","193.04"
"22/07/2017 12:00:00 - 22/07/2017 13:00:00","BZN|DK1","232.00","n/e"," ","211.18"
"22/07/2017 13:00:00 - 22/07/2017 14:00:00","BZN|DK1","237.00","n/e"," ","208.24"
"22/07/2017 14:00:00 - 22/07/2017 15:00:00","BZN|DK1","181.00","n/e"," ","180.37"
"22/07/2017 15:00:00 - 22/07/2017 16:00:00","BZN|DK1","177.00","n/e"," ","142.95"
"22/07/2017 16:00:00 - 22/07/2017 17:00:00","BZN|DK1","162.00","n/e"," ","106.06"
"22/07/2017 17:00:00 - 22/07/2017 18:00:00","BZN|DK1","97.00","n/e"," ","72.98"
"22/07/2017 18:00:00 - 22/07/2017 19:00:00","BZN|DK1","78.00","n/e"," ","42.24"
"22/07/2017 19:00:00 - 22/07/2017 20:00:00","BZN|DK1","44.00","n/e"," ","21.61"
"22/07/2017 20:00:00 - 22/07/2017 21:00:00","BZN|DK1","16.00","n/e"," ","8.32"
"22/07/2017 21:00:00 - 22/07/2017 22:00:00","BZN|DK1","3.00","n/e"," ","0.71"
"22/07/2017 22:00:00 - 22/07/2017 23:00:00","BZN|DK1","0.00","n/e"," ","0.06"
"22/07/2017 23:00:00 - 23/07/2017 00:00:00","BZN|DK1","0.00","n/e"," ","0.00"
"23/07/2017 00:00:00 - 23/07/2017 01:00:00","BZN|DK1","0.00","n/e"," ","0.00"
"23/07/2017 01:00:00 - 23/07/2017 02:00:00","BZN|DK1","0.00","n/e"," ","0.00"
"23/07/2017 02:00:00 - 23/07/2017 03:00:00","BZN|DK1","0.00","n/e"," ","0.00"
"23/07/2017 03:00:00 - 23/07/2017 04:00:00","BZN|DK1","0.00","n/e"," ","0.00"
"23/07/2017 04:00:00 - 23/07/2017 05:00:00","BZN|DK1","0.00","n/e"," ","0.05"
"23/07/2017 05:00:00 - 23/07/2017 06:00:00","BZN|DK1","2.00","n/e"," ","1.32"
"23/07/2017 06:00:00 - 23/07/2017 07:00:00","BZN|DK1","12.00","n/e"," ","8.40"
"23/07/2017 07:00:00 - 23/07/2017 08:00:00","BZN|DK1","19.00","n/e"," ","19.00"
"23/07/2017 08:00:00 - 23/07/2017 09:00:00","BZN|DK1","21.00","n/e"," ","29.61"
"23/07/2017 09:00:00 - 23/07/2017 10:00:00","BZN|DK1","62.00","n/e"," ","40.89"
"23/07/2017 10:00:00 - 23/07/2017 11:00:00","BZN|DK1","96.00","n/e"," ","38.11"
"23/07/2017 11:00:00 - 23/07/2017 12:00:00","BZN|DK1","95.00","n/e"," ","35.62"
"23/07/2017 12:00:00 - 23/07/2017 13:00:00","BZN|DK1","94.00","n/e"," ","38.02"
"23/07/2017 13:00:00 - 23/07/2017 14:00:00","BZN|DK1","89.00","n/e"," ","65.92"
"23/07/2017 14:00:00 - 23/07/2017 15:00:00","BZN|DK1","64.00","n/e"," ","82.68"
"23/07/2017 15:00:00 - 23/07/2017 16:00:00","BZN|DK1","82.00","n/e"," ","78.67"
"23/07/2017 16:00:00 - 23/07/2017 17:00:00","BZN|DK1","83.00","n/e"," ","94.17"
"23/07/2017 17:00:00 - 23/07/2017 18:00:00","BZN|DK1","62.00","n/e"," ","90.08"
"23/07/2017 18:00:00 - 23/07/2017 19:00:00","BZN|DK1","47.00","n/e"," ","71.06"
"23/07/2017 19:00:00 - 23/07/2017 20:00:00","BZN|DK1","29.00","n/e"," ","40.30"
"23/07/2017 20:00:00 - 23/07/2017 21:00:00","BZN|DK1","12.00","n/e"," ","14.04"
"23/07/2017 21:00:00 - 23/07/2017 22:00:00","BZN|DK1","2.00","n/e"," ","1.52"
"23/07/2017 22:00:00 - 23/07/2017 23:00:00","BZN|DK1","0.00","n/e"," ","0.05"
"23/07/2017 23:00:00 - 24/07/2017 00:00:00","BZN|DK1","0.00","n/e"," ","0.00"
"24/07/2017 00:00:00 - 24/07/2017 01:00:00","BZN|DK1","0.00","n/e"," ","0.00"
"24/07/2017 01:00:00 - 24/07/2017 02:00:00","BZN|DK1","0.00","n/e"," ","0.00"
"24/07/2017 02:00:00 - 24/07/2017 03:00:00","BZN|DK1","0.00","n/e"," ","0.00"
"24/07/2017 03:00:00 - 24/07/2017 04:00:00","BZN|DK1","0.00","n/e"," ","0.00"
"24/07/2017 04:00:00 - 24/07/2017 05:00:00","BZN|DK1","0.00","n/e"," ","0.03"
"24/07/2017 05:00:00 - 24/07/2017 06:00:00","BZN|DK1","3.00","n/e"," ","3.04"
"24/07/2017 06:00:00 - 24/07/2017 07:00:00","BZN|DK1","26.00","n/e"," ","24.54"
"24/07/2017 07:00:00 - 24/07/2017 08:00:00","BZN|DK1","51.00","n/e"," ","48.33"
"24/07/2017 08:00:00 - 24/07/2017 09:00:00","BZN|DK1","54.00","n/e"," ","116.20"
"24/07/2017 09:00:00 - 24/07/2017 10:00:00","BZN|DK1","106.00","n/e"," ","179.11"
"24/07/2017 10:00:00 - 24/07/2017 11:00:00","BZN|DK1","159.00","n/e"," ","236.80"
"24/07/2017 11:00:00 - 24/07/2017 12:00:00","BZN|DK1","205.00","n/e"," ","266.03"
"24/07/2017 12:00:00 - 24/07/2017 13:00:00","BZN|DK1","232.00","n/e"," ","257.79"
"24/07/2017 13:00:00 - 24/07/2017 14:00:00","BZN|DK1","238.00","n/e"," ","232.04"
"24/07/2017 14:00:00 - 24/07/2017 15:00:00","BZN|DK1","210.00","n/e"," ","213.18"
"24/07/2017 15:00:00 - 24/07/2017 16:00:00","BZN|DK1","218.00","n/e"," ","167.59"
"24/07/2017 16:00:00 - 24/07/2017 17:00:00","BZN|DK1","199.00","n/e"," ","113.71"
"24/07/2017 17:00:00 - 24/07/2017 18:00:00","BZN|DK1","133.00","n/e"," ","73.01"
"24/07/2017 18:00:00 - 24/07/2017 19:00:00","BZN|DK1","82.00","n/e"," ","39.59"
"24/07/2017 19:00:00 - 24/07/2017 20:00:00","BZN|DK1","43.00","n/e"," ","20.73"
"24/07/2017 20:00:00 - 24/07/2017 21:00:00","BZN|DK1","15.00","n/e"," ","8.14"
"24/07/2017 21:00:00 - 24/07/2017 22:00:00","BZN|DK1","2.00","n/e"," ","0.74"
"24/07/2017 22:00:00 - 24/07/2017 23:00:00","BZN|DK1","0.00","n/e"," ","0.05"
"24/07/2017 23:00:00 - 25/07/2017 00:00:00","BZN|DK1","0.00","n/e"," ","0.00"
"25/07/2017 00:00:00 - 25/07/2017 01:00:00","BZN|DK1","0.00","n/e"," ","0.00"
"25/07/2017 01:00:00 - 25/07/2017 02:00:00","BZN|DK1","0.00","n/e"," ","0.00"
"25/07/2017 02:00:00 - 25/07/2017 03:00:00","BZN|DK1","0.00","n/e"," ","0.00"
"25/07/2017 03:00:00 - 25/07/2017 04:00:00","BZN|DK1","0.00","n/e"," ","0.00"
"25/07/2017 04:00:00 - 25/07/2017 05:00:00","BZN|DK1","0.00","n/e"," ","0.03"
"25/07/2017 05:00:00 - 25/07/2017 06:00:00","BZN|DK1","2.00","n/e"," ","0.58"
"25/07/2017 06:00:00 - 25/07/2017 07:00:00","BZN|DK1","11.00","n/e"," ","9.83"
"25/07/2017 07:00:00 - 25/07/2017 08:00:00","BZN|DK1","35.00","n/e"," ","39.90"
"25/07/2017 08:00:00 - 25/07/2017 09:00:00","BZN|DK1","75.00","n/e"," ","93.06"
"25/07/2017 09:00:00 - 25/07/2017 10:00:00","BZN|DK1","130.00","n/e"," ","157.07"
"25/07/2017 10:00:00 - 25/07/2017 11:00:00","BZN|DK1","174.00","n/e"," ","236.81"
"25/07/2017 11:00:00 - 25/07/2017 12:00:00","BZN|DK1","191.00","n/e"," ","256.77"
"25/07/2017 12:00:00 - 25/07/2017 13:00:00","BZN|DK1","204.00","n/e"," ","257.99"
"25/07/2017 13:00:00 - 25/07/2017 14:00:00","BZN|DK1","211.00","n/e"," ","234.85"
"25/07/2017 14:00:00 - 25/07/2017 15:00:00","BZN|DK1","187.00","n/e"," ","206.48"
"25/07/2017 15:00:00 - 25/07/2017 16:00:00","BZN|DK1","183.00","n/e"," ","179.14"
"25/07/2017 16:00:00 - 25/07/2017 17:00:00","BZN|DK1","169.00","n/e"," ","152.11"
"25/07/2017 17:00:00 - 25/07/2017 18:00:00","BZN|DK1","120.00","n/e"," ","113.77"
"25/07/2017 18:00:00 - 25/07/2017 19:00:00","BZN|DK1","83.00","n/e"," ","72.19"
"25/07/2017 19:00:00 - 25/07/2017 20:00:00","BZN|DK1","46.00","n/e"," ","35.60"
"25/07/2017 20:00:00 - 25/07/2017 21:00:00","BZN|DK1","16.00","n/e"," ","11.34"
"25/07/2017 21:00:00 - 25/07/2017 22:00:00","BZN|DK1","2.00","n/e"," ","1.66"
"25/07/2017 22:00:00 - 25/07/2017 23:00:00","BZN|DK1","0.00","n/e"," ","0.05"
"25/07/2017 23:00:00 - 26/07/2017 00:00:00","BZN|DK1","0.00","n/e"," ","0.00"
"26/07/2017 00:00:00 - 26/07/2017 01:00:00","BZN|DK1","0.00","n/e"," ","0.00"
"26/07/2017 01:00:00 - 26/07/2017 02:00:00","BZN|DK1","0.00","n/e"," ","0.00"
"26/07/2017 02:00:00 - 26/07/2017 03:00:00","BZN|DK1","0.00","n/e"," ","0.00"
"26/07/2017 03:00:00 - 26/07/2017 04:00:00","BZN|DK1","0.00","n/e"," ","0.00"
"26/07/2017 04:00:00 - 26/07/2017 05:00:00","BZN|DK1","0.00","n/e"," ","0.02"
"26/07/2017 05:00:00 - 26/07/2017 06:00:00","BZN|DK1","2.00","n/e"," ","1.19"
"26/07/2017 06:00:00 - 26/07/2017 07:00:00","BZN|DK1","16.00","n/e"," ","15.90"
"26/07/2017 07:00:00 - 26/07/2017 08:00:00","BZN|DK1","50.00","n/e"," ","42.35"
"26/07/2017 08:00:00 - 26/07/2017 09:00:00","BZN|DK1","104.00","n/e"," ","108.81"
"26/07/2017 09:00:00 - 26/07/2017 10:00:00","BZN|DK1","171.00","n/e"," ","187.02"
"26/07/2017 10:00:00 - 26/07/2017 11:00:00","BZN|DK1","235.00","n/e"," ","266.53"
"26/07/2017 11:00:00 - 26/07/2017 12:00:00","BZN|DK1","296.00","n/e"," ","329.97"
"26/07/2017 12:00:00 - 26/07/2017 13:00:00","BZN|DK1","317.00","n/e"," ","365.23"
"26/07/2017 13:00:00 - 26/07/2017 14:00:00","BZN|DK1","317.00","n/e"," ","365.98"
"26/07/2017 14:00:00 - 26/07/2017 15:00:00","BZN|DK1","290.00","n/e"," ","338.33"
"26/07/2017 15:00:00 - 26/07/2017 16:00:00","BZN|DK1","276.00","n/e"," ","306.29"
"26/07/2017 16:00:00 - 26/07/2017 17:00:00","BZN|DK1","248.00","n/e"," ","246.93"
"26/07/2017 17:00:00 - 26/07/2017 18:00:00","BZN|DK1","171.00","n/e"," ","194.58"
"26/07/2017 18:00:00 - 26/07/2017 19:00:00","BZN|DK1","115.00","n/e"," ","132.41"
"26/07/2017 19:00:00 - 26/07/2017 20:00:00","BZN|DK1","60.00","n/e"," ","64.11"
"26/07/2017 20:00:00 - 26/07/2017 21:00:00","BZN|DK1","18.00","n/e"," ","20.58"
"26/07/2017 21:00:00 - 26/07/2017 22:00:00","BZN|DK1","2.00","n/e"," ","1.46"
"26/07/2017 22:00:00 - 26/07/2017 23:00:00","BZN|DK1","0.00","n/e"," ","0.05"
"26/07/2017 23:00:00 - 27/07/2017 00:00:00","BZN|DK1","0.00","n/e"," ","0.00"
"27/07/2017 00:00:00 - 27/07/2017 01:00:00","BZN|DK1","0.00","n/e"," ","0.00"
"27/07/2017 01:00:00 - 27/07/2017 02:00:00","BZN|DK1","0.00","n/e"," ","0.00"
"27/07/2017 02:00:00 - 27/07/2017 03:00:00","BZN|DK1","0.00","n/e"," ","0.00"
"27/07/2017 03:00:00 - 27/07/2017 04:00:00","BZN|DK1","0.00","n/e"," ","0.00"
"27/07/2017 04:00:00 - 27/07/2017 05:00:00","BZN|DK1","0.00","n/e"," ","0.02"
"27/07/2017 05:00:00 - 27/07/2017 06:00:00","BZN|DK1","2.00","n/e"," ","1.77"
"27/07/2017 06:00:00 - 27/07/2017 07:00:00","BZN|DK1","14.00","n/e"," ","14.94"
"27/07/2017 07:00:00 - 27/07/2017 08:00:00","BZN|DK1","38.00","n/e"," ","37.90"
"27/07/2017 08:00:00 - 27/07/2017 09:00:00","BZN|DK1","55.00","n/e"," ","46.32"
"27/07/2017 09:00:00 - 27/07/2017 10:00:00","BZN|DK1","82.00","n/e"," ","49.66"
"27/07/2017 10:00:00 - 27/07/2017 11:00:00","BZN|DK1","109.00","n/e"," ","70.13"
"27/07/2017 11:00:00 - 27/07/2017 12:00:00","BZN|DK1","135.00","n/e"," ","116.21"
"27/07/2017 12:00:00 - 27/07/2017 13:00:00","BZN|DK1","146.00","n/e"," ","180.19"
"27/07/2017 13:00:00 - 27/07/2017 14:00:00","BZN|DK1","160.00","n/e"," ","226.02"
"27/07/2017 14:00:00 - 27/07/2017 15:00:00","BZN|DK1","174.00","n/e"," ","260.98"
"27/07/2017 15:00:00 - 27/07/2017 16:00:00","BZN|DK1","178.00","n/e"," ","232.91"
"27/07/2017 16:00:00 - 27/07/2017 17:00:00","BZN|DK1","167.00","n/e"," ","175.74"
"27/07/2017 17:00:00 - 27/07/2017 18:00:00","BZN|DK1","121.00","n/e"," ","124.73"
"27/07/2017 18:00:00 - 27/07/2017 19:00:00","BZN|DK1","84.00","n/e"," ","79.41"
"27/07/2017 19:00:00 - 27/07/2017 20:00:00","BZN|DK1","45.00","n/e"," ","45.54"
"27/07/2017 20:00:00 - 27/07/2017 21:00:00","BZN|DK1","16.00","n/e"," ","14.88"
"27/07/2017 21:00:00 - 27/07/2017 22:00:00","BZN|DK1","2.00","n/e"," ","1.36"
"27/07/2017 22:00:00 - 27/07/2017 23:00:00","BZN|DK1","0.00","n/e"," ","0.05"
"27/07/2017 23:00:00 - 28/07/2017 00:00:00","BZN|DK1","0.00","n/e"," ","0.00"
"28/07/2017 00:00:00 - 28/07/2017 01:00:00","BZN|DK1","0.00","n/e"," ","0.00"
"28/07/2017 01:00:00 - 28/07/2017 02:00:00","BZN|DK1","0.00","n/e"," ","0.00"
"28/07/2017 02:00:00 - 28/07/2017 03:00:00","BZN|DK1","0.00","n/e"," ","0.00"
"28/07/2017 03:00:00 - 28/07/2017 04:00:00","BZN|DK1","0.00","n/e"," ","0.00"
"28/07/2017 04:00:00 - 28/07/2017 05:00:00","BZN|DK1","0.00","n/e"," ","0.02"
"28/07/2017 05:00:00 - 28/07/2017 06:00:00","BZN|DK1","3.00","n/e"," ","2.52"
"28/07/2017 06:00:00 - 28/07/2017 07:00:00","BZN|DK1","23.00","n/e"," ","23.50"
"28/07/2017 07:00:00 - 28/07/2017 08:00:00","BZN|DK1","63.00","n/e"," ","68.68"
"28/07/2017 08:00:00 - 28/07/2017 09:00:00","BZN|DK1","117.00","n/e"," ","126.55"
"28/07/2017 09:00:00 - 28/07/2017 10:00:00","BZN|DK1","166.00","n/e"," ","163.18"
"28/07/2017 10:00:00 - 28/07/2017 11:00:00","BZN|DK1","195.00","n/e"," ","191.37"
"28/07/2017 11:00:00 - 28/07/2017 12:00:00","BZN|DK1","194.00","n/e"," ","240.93"
"28/07/2017 12:00:00 - 28/07/2017 13:00:00","BZN|DK1","194.00","n/e"," ","282.04"
"28/07/2017 13:00:00 - 28/07/2017 14:00:00","BZN|DK1","191.00","n/e"," ","269.89"
"28/07/2017 14:00:00 - 28/07/2017 15:00:00","BZN|DK1","208.00","n/e"," ","271.51"
"28/07/2017 15:00:00 - 28/07/2017 16:00:00","BZN|DK1","210.00","n/e"," ","240.24"
"28/07/2017 16:00:00 - 28/07/2017 17:00:00","BZN|DK1","188.00","n/e"," ","241.40"
"28/07/2017 17:00:00 - 28/07/2017 18:00:00","BZN|DK1","128.00","n/e"," ","194.14"
"28/07/2017 18:00:00 - 28/07/2017 19:00:00","BZN|DK1","80.00","n/e"," ","113.49"
"28/07/2017 19:00:00 - 28/07/2017 20:00:00","BZN|DK1","46.00","n/e"," ","50.96"
"28/07/2017 20:00:00 - 28/07/2017 21:00:00","BZN|DK1","14.00","n/e"," ","17.83"
"28/07/2017 21:00:00 - 28/07/2017 22:00:00","BZN|DK1","1.00","n/e"," ","1.50"
"28/07/2017 22:00:00 - 28/07/2017 23:00:00","BZN|DK1","0.00","n/e"," ","0.05"
"28/07/2017 23:00:00 - 29/07/2017 00:00:00","BZN|DK1","0.00","n/e"," ","0.00"
"29/07/2017 00:00:00 - 29/07/2017 01:00:00","BZN|DK1","0.00","n/e"," ","0.00"
"29/07/2017 01:00:00 - 29/07/2017 02:00:00","BZN|DK1","0.00","n/e"," ","0.00"
"29/07/2017 02:00:00 - 29/07/2017 03:00:00","BZN|DK1","0.00","n/e"," ","0.00"
"29/07/2017 03:00:00 - 29/07/2017 04:00:00","BZN|DK1","0.00","n/e"," ","0.00"
"29/07/2017 04:00:00 - 29/07/2017 05:00:00","BZN|DK1","0.00","n/e"," ","0.03"
"29/07/2017 05:00:00 - 29/07/2017 06:00:00","BZN|DK1","1.00","n/e"," ","0.64"
"29/07/2017 06:00:00 - 29/07/2017 07:00:00","BZN|DK1","6.00","n/e"," ","4.25"
"29/07/2017 07:00:00 - 29/07/2017 08:00:00","BZN|DK1","10.00","n/e"," ","13.50"
"29/07/2017 08:00:00 - 29/07/2017 09:00:00","BZN|DK1","13.00","n/e"," ","28.16"
"29/07/2017 09:00:00 - 29/07/2017 10:00:00","BZN|DK1","33.00","n/e"," ","45.80"
"29/07/2017 10:00:00 - 29/07/2017 11:00:00","BZN|DK1","66.00","n/e"," ","73.13"
"29/07/2017 11:00:00 - 29/07/2017 12:00:00","BZN|DK1","142.00","n/e"," ","89.47"
"29/07/2017 12:00:00 - 29/07/2017 13:00:00","BZN|DK1","169.00","n/e"," ","134.55"
"29/07/2017 13:00:00 - 29/07/2017 14:00:00","BZN|DK1","184.00","n/e"," ","211.00"
"29/07/2017 14:00:00 - 29/07/2017 15:00:00","BZN|DK1","239.00","n/e"," ","259.43"
"29/07/2017 15:00:00 - 29/07/2017 16:00:00","BZN|DK1","242.00","n/e"," ","257.01"
"29/07/2017 16:00:00 - 29/07/2017 17:00:00","BZN|DK1","221.00","n/e"," ","211.36"
"29/07/2017 17:00:00 - 29/07/2017 18:00:00","BZN|DK1","172.00","n/e"," ","170.49"
"29/07/2017 18:00:00 - 29/07/2017 19:00:00","BZN|DK1","120.00","n/e"," ","125.20"
"29/07/2017 19:00:00 - 29/07/2017 20:00:00","BZN|DK1","65.00","n/e"," ","63.63"
"29/07/2017 20:00:00 - 29/07/2017 21:00:00","BZN|DK1","19.00","n/e"," ","21.40"
"29/07/2017 21:00:00 - 29/07/2017 22:00:00","BZN|DK1","1.00","n/e"," ","2.17"
"29/07/2017 22:00:00 - 29/07/2017 23:00:00","BZN|DK1","0.00","n/e"," ","0.06"
"29/07/2017 23:00:00 - 30/07/2017 00:00:00","BZN|DK1","0.00","n/e"," ","0.00"
"30/07/2017 00:00:00 - 30/07/2017 01:00:00","BZN|DK1","0.00","n/e"," ","0.00"
"30/07/2017 01:00:00 - 30/07/2017 02:00:00","BZN|DK1","0.00","n/e"," ","0.00"
"30/07/2017 02:00:00 - 30/07/2017 03:00:00","BZN|DK1","0.00","n/e"," ","0.00"
"30/07/2017 03:00:00 - 30/07/2017 04:00:00","BZN|DK1","0.00","n/e"," ","0.00"
"30/07/2017 04:00:00 - 30/07/2017 05:00:00","BZN|DK1","0.00","n/e"," ","0.02"
"30/07/2017 05:00:00 - 30/07/2017 06:00:00","BZN|DK1","1.00","n/e"," ","0.30"
"30/07/2017 06:00:00 - 30/07/2017 07:00:00","BZN|DK1","9.00","n/e"," ","7.57"
"30/07/2017 07:00:00 - 30/07/2017 08:00:00","BZN|DK1","24.00","n/e"," ","35.20"
"30/07/2017 08:00:00 - 30/07/2017 09:00:00","BZN|DK1","35.00","n/e"," ","74.31"
"30/07/2017 09:00:00 - 30/07/2017 10:00:00","BZN|DK1","71.00","n/e"," ","77.83"
"30/07/2017 10:00:00 - 30/07/2017 11:00:00","BZN|DK1","111.00","n/e"," ","60.71"
"30/07/2017 11:00:00 - 30/07/2017 12:00:00","BZN|DK1","159.00","n/e"," ","58.35"
"30/07/2017 12:00:00 - 30/07/2017 13:00:00","BZN|DK1","182.00","n/e"," ","144.19"
"30/07/2017 13:00:00 - 30/07/2017 14:00:00","BZN|DK1","196.00","n/e"," ","220.09"
"30/07/2017 14:00:00 - 30/07/2017 15:00:00","BZN|DK1","241.00","n/e"," ","226.46"
"30/07/2017 15:00:00 - 30/07/2017 16:00:00","BZN|DK1","243.00","n/e"," ","244.28"
"30/07/2017 16:00:00 - 30/07/2017 17:00:00","BZN|DK1","225.00","n/e"," ","233.24"
"30/07/2017 17:00:00 - 30/07/2017 18:00:00","BZN|DK1","153.00","n/e"," ","171.38"
"30/07/2017 18:00:00 - 30/07/2017 19:00:00","BZN|DK1","91.00","n/e"," ","116.23"
"30/07/2017 19:00:00 - 30/07/2017 20:00:00","BZN|DK1","46.00","n/e"," ","64.56"
"30/07/2017 20:00:00 - 30/07/2017 21:00:00","BZN|DK1","15.00","n/e"," ","20.63"
"30/07/2017 21:00:00 - 30/07/2017 22:00:00","BZN|DK1","1.00","n/e"," ","1.69"
"30/07/2017 22:00:00 - 30/07/2017 23:00:00","BZN|DK1","0.00","n/e"," ","0.04"
"30/07/2017 23:00:00 - 31/07/2017 00:00:00","BZN|DK1","0.00","n/e"," ","0.00"
"31/07/2017 00:00:00 - 31/07/2017 01:00:00","BZN|DK1","0.00","n/e"," ","0.00"
"31/07/2017 01:00:00 - 31/07/2017 02:00:00","BZN|DK1","0.00","n/e"," ","0.00"
"31/07/2017 02:00:00 - 31/07/2017 03:00:00","BZN|DK1","0.00","n/e"," ","0.00"
"31/07/2017 03:00:00 - 31/07/2017 04:00:00","BZN|DK1","0.00","n/e"," ","0.00"
"31/07/2017 04:00:00 - 31/07/2017 05:00:00","BZN|DK1","0.00","n/e"," ","0.03"
"31/07/2017 05:00:00 - 31/07/2017 06:00:00","BZN|DK1","2.00","n/e"," ","1.01"
"31/07/2017 06:00:00 - 31/07/2017 07:00:00","BZN|DK1","17.00","n/e"," ","18.05"
"31/07/2017 07:00:00 - 31/07/2017 08:00:00","BZN|DK1","52.00","n/e"," ","51.47"
"31/07/2017 08:00:00 - 31/07/2017 09:00:00","BZN|DK1","103.00","n/e"," ","113.70"
"31/07/2017 09:00:00 - 31/07/2017 10:00:00","BZN|DK1","157.00","n/e"," ","165.83"
"31/07/2017 10:00:00 - 31/07/2017 11:00:00","BZN|DK1","196.00","n/e"," ","223.09"
"31/07/2017 11:00:00 - 31/07/2017 12:00:00","BZN|DK1","247.00","n/e"," ","277.04"
"31/07/2017 12:00:00 - 31/07/2017 13:00:00","BZN|DK1","277.00","n/e"," ","306.30"
"31/07/2017 13:00:00 - 31/07/2017 14:00:00","BZN|DK1","289.00","n/e"," ","323.60"
"31/07/2017 14:00:00 - 31/07/2017 15:00:00","BZN|DK1","284.00","n/e"," ","284.90"
"31/07/2017 15:00:00 - 31/07/2017 16:00:00","BZN|DK1","272.00","n/e"," ","263.74"
"31/07/2017 16:00:00 - 31/07/2017 17:00:00","BZN|DK1","241.00","n/e"," ","243.77"
"31/07/2017 17:00:00 - 31/07/2017 18:00:00","BZN|DK1","173.00","n/e"," ","191.65"
"31/07/2017 18:00:00 - 31/07/2017 19:00:00","BZN|DK1","111.00","n/e"," ","135.19"
"31/07/2017 19:00:00 - 31/07/2017 20:00:00","BZN|DK1","56.00","n/e"," ","66.70"
"31/07/2017 20:00:00 - 31/07/2017 21:00:00","BZN|DK1","16.00","n/e"," ","19.70"
"31/07/2017 21:00:00 - 31/07/2017 22:00:00","BZN|DK1","1.00","n/e"," ","1.61"
"31/07/2017 22:00:00 - 31/07/2017 23:00:00","BZN|DK1","0.00","n/e"," ","0.05"
"31/07/2017 23:00:00 - 01/08/2017 00:00:00","BZN|DK1","0.00","n/e"," ","0.00"
"01/08/2017 00:00:00 - 01/08/2017 01:00:00","BZN|DK1","0.00","n/e"," ","0.00"
"01/08/2017 01:00:00 - 01/08/2017 02:00:00","BZN|DK1","0.00","n/e"," ","0.00"
"01/08/2017 02:00:00 - 01/08/2017 03:00:00","BZN|DK1","0.00","n/e"," ","0.00"
"01/08/2017 03:00:00 - 01/08/2017 04:00:00","BZN|DK1","0.00","n/e"," ","0.00"
"01/08/2017 04:00:00 - 01/08/2017 05:00:00","BZN|DK1","0.00","n/e"," ","0.02"
"01/08/2017 05:00:00 - 01/08/2017 06:00:00","BZN|DK1","1.00","n/e"," ","1.07"
"01/08/2017 06:00:00 - 01/08/2017 07:00:00","BZN|DK1","19.00","n/e"," ","18.76"
"01/08/2017 07:00:00 - 01/08/2017 08:00:00","BZN|DK1","62.00","n/e"," ","61.14"
"01/08/2017 08:00:00 - 01/08/2017 09:00:00","BZN|DK1","133.00","n/e"," ","140.75"
"01/08/2017 09:00:00 - 01/08/2017 10:00:00","BZN|DK1","204.00","n/e"," ","236.83"
"01/08/2017 10:00:00 - 01/08/2017 11:00:00","BZN|DK1","255.00","n/e"," ","317.64"
"01/08/2017 11:00:00 - 01/08/2017 12:00:00","BZN|DK1","273.00","n/e"," ","347.68"
"01/08/2017 12:00:00 - 01/08/2017 13:00:00","BZN|DK1","285.00","n/e"," ","324.98"
"01/08/2017 13:00:00 - 01/08/2017 14:00:00","BZN|DK1","287.00","n/e"," ","287.42"
"01/08/2017 14:00:00 - 01/08/2017 15:00:00","BZN|DK1","230.00","n/e"," ","266.50"
"01/08/2017 15:00:00 - 01/08/2017 16:00:00","BZN|DK1","212.00","n/e"," ","214.00"
"01/08/2017 16:00:00 - 01/08/2017 17:00:00","BZN|DK1","182.00","n/e"," ","140.48"
"01/08/2017 17:00:00 - 01/08/2017 18:00:00","BZN|DK1","102.00","n/e"," ","82.00"
"01/08/2017 18:00:00 - 01/08/2017 19:00:00","BZN|DK1","53.00","n/e"," ","56.22"
"01/08/2017 19:00:00 - 01/08/2017 20:00:00","BZN|DK1","21.00","n/e"," ","34.78"
"01/08/2017 20:00:00 - 01/08/2017 21:00:00","BZN|DK1","6.00","n/e"," ","10.43"
"01/08/2017 21:00:00 - 01/08/2017 22:00:00","BZN|DK1","0.00","n/e"," ","0.55"
"01/08/2017 22:00:00 - 01/08/2017 23:00:00","BZN|DK1","0.00","n/e"," ","0.04"
"01/08/2017 23:00:00 - 02/08/2017 00:00:00","BZN|DK1","0.00","n/e"," ","0.00"
"02/08/2017 00:00:00 - 02/08/2017 01:00:00","BZN|DK1","0.00","n/e"," ","0.00"
"02/08/2017 01:00:00 - 02/08/2017 02:00:00","BZN|DK1","0.00","n/e"," ","0.00"
"02/08/2017 02:00:00 - 02/08/2017 03:00:00","BZN|DK1","0.00","n/e"," ","0.00"
"02/08/2017 03:00:00 - 02/08/2017 04:00:00","BZN|DK1","0.00","n/e"," ","0.00"
"02/08/2017 04:00:00 - 02/08/2017 05:00:00","BZN|DK1","0.00","n/e"," ","0.01"
"02/08/2017 05:00:00 - 02/08/2017 06:00:00","BZN|DK1","2.00","n/e"," ","1.14"
"02/08/2017 06:00:00 - 02/08/2017 07:00:00","BZN|DK1","19.00","n/e"," ","17.08"
"02/08/2017 07:00:00 - 02/08/2017 08:00:00","BZN|DK1","56.00","n/e"," ","57.36"
"02/08/2017 08:00:00 - 02/08/2017 09:00:00","BZN|DK1","116.00","n/e"," ","117.39"
"02/08/2017 09:00:00 - 02/08/2017 10:00:00","BZN|DK1","177.00","n/e"," ","173.60"
"02/08/2017 10:00:00 - 02/08/2017 11:00:00","BZN|DK1","226.00","n/e"," ","221.65"
"02/08/2017 11:00:00 - 02/08/2017 12:00:00","BZN|DK1","278.00","n/e"," ","280.16"
"02/08/2017 12:00:00 - 02/08/2017 13:00:00","BZN|DK1","299.00","n/e"," ","326.69"
"02/08/2017 13:00:00 - 02/08/2017 14:00:00","BZN|DK1","302.00","n/e"," ","288.73"
"02/08/2017 14:00:00 - 02/08/2017 15:00:00","BZN|DK1","269.00","n/e"," ","244.57"
"02/08/2017 15:00:00 - 02/08/2017 16:00:00","BZN|DK1","262.00","n/e"," ","206.45"
"02/08/2017 16:00:00 - 02/08/2017 17:00:00","BZN|DK1","236.00","n/e"," ","183.88"
"02/08/2017 17:00:00 - 02/08/2017 18:00:00","BZN|DK1","168.00","n/e"," ","144.63"
"02/08/2017 18:00:00 - 02/08/2017 19:00:00","BZN|DK1","113.00","n/e"," ","106.78"
"02/08/2017 19:00:00 - 02/08/2017 20:00:00","BZN|DK1","57.00","n/e"," ","54.56"
"02/08/2017 20:00:00 - 02/08/2017 21:00:00","BZN|DK1","14.00","n/e"," ","16.52"
"02/08/2017 21:00:00 - 02/08/2017 22:00:00","BZN|DK1","1.00","n/e"," ","1.31"
"02/08/2017 22:00:00 - 02/08/2017 23:00:00","BZN|DK1","0.00","n/e"," ","0.05"
"02/08/2017 23:00:00 - 03/08/2017 00:00:00","BZN|DK1","0.00","n/e"," ","0.00"
"03/08/2017 00:00:00 - 03/08/2017 01:00:00","BZN|DK1","0.00","n/e"," ","0.00"
"03/08/2017 01:00:00 - 03/08/2017 02:00:00","BZN|DK1","0.00","n/e"," ","0.00"
"03/08/2017 02:00:00 - 03/08/2017 03:00:00","BZN|DK1","0.00","n/e"," ","0.00"
"03/08/2017 03:00:00 - 03/08/2017 04:00:00","BZN|DK1","0.00","n/e"," ","0.00"
"03/08/2017 04:00:00 - 03/08/2017 05:00:00","BZN|DK1","0.00","n/e"," ","0.01"
"03/08/2017 05:00:00 - 03/08/2017 06:00:00","BZN|DK1","0.00","n/e"," ","0.46"
"03/08/2017 06:00:00 - 03/08/2017 07:00:00","BZN|DK1","6.00","n/e"," ","2.40"
"03/08/2017 07:00:00 - 03/08/2017 08:00:00","BZN|DK1","6.00","n/e"," ","7.18"
"03/08/2017 08:00:00 - 03/08/2017 09:00:00","BZN|DK1","4.00","n/e"," ","16.74"
"03/08/2017 09:00:00 - 03/08/2017 10:00:00","BZN|DK1","20.00","n/e"," ","26.37"
"03/08/2017 10:00:00 - 03/08/2017 11:00:00","BZN|DK1","49.00","n/e"," ","36.67"
"03/08/2017 11:00:00 - 03/08/2017 12:00:00","BZN|DK1","82.00","n/e"," ","59.45"
"03/08/2017 12:00:00 - 03/08/2017 13:00:00","BZN|DK1","93.00","n/e"," ","80.25"
"03/08/2017 13:00:00 - 03/08/2017 14:00:00","BZN|DK1","114.00","n/e"," ","101.01"
"03/08/2017 14:00:00 - 03/08/2017 15:00:00","BZN|DK1","179.00","n/e"," ","134.99"
"03/08/2017 15:00:00 - 03/08/2017 16:00:00","BZN|DK1","195.00","n/e"," ","181.96"
"03/08/2017 16:00:00 - 03/08/2017 17:00:00","BZN|DK1","177.00","n/e"," ","196.32"
"03/08/2017 17:00:00 - 03/08/2017 18:00:00","BZN|DK1","132.00","n/e"," ","177.00"
"03/08/2017 18:00:00 - 03/08/2017 19:00:00","BZN|DK1","90.00","n/e"," ","98.74"
"03/08/2017 19:00:00 - 03/08/2017 20:00:00","BZN|DK1","42.00","n/e"," ","44.64"
"03/08/2017 20:00:00 - 03/08/2017 21:00:00","BZN|DK1","10.00","n/e"," ","13.15"
"03/08/2017 21:00:00 - 03/08/2017 22:00:00","BZN|DK1","0.00","n/e"," ","0.50"
"03/08/2017 22:00:00 - 03/08/2017 23:00:00","BZN|DK1","0.00","n/e"," ","0.04"
"03/08/2017 23:00:00 - 04/08/2017 00:00:00","BZN|DK1","0.00","n/e"," ","0.00"
"04/08/2017 00:00:00 - 04/08/2017 01:00:00","BZN|DK1","0.00","n/e"," ","0.00"
"04/08/2017 01:00:00 - 04/08/2017 02:00:00","BZN|DK1","0.00","n/e"," ","0.00"
"04/08/2017 02:00:00 - 04/08/2017 03:00:00","BZN|DK1","0.00","n/e"," ","0.00"
"04/08/2017 03:00:00 - 04/08/2017 04:00:00","BZN|DK1","0.00","n/e"," ","0.00"
"04/08/2017 04:00:00 - 04/08/2017 05:00:00","BZN|DK1","0.00","n/e"," ","0.01"
"04/08/2017 05:00:00 - 04/08/2017 06:00:00","BZN|DK1","1.00","n/e"," ","0.41"
"04/08/2017 06:00:00 - 04/08/2017 07:00:00","BZN|DK1","11.00","n/e"," ","10.69"
"04/08/2017 07:00:00 - 04/08/2017 08:00:00","BZN|DK1","36.00","n/e"," ","35.02"
"04/08/2017 08:00:00 - 04/08/2017 09:00:00","BZN|DK1","71.00","n/e"," ","72.32"
"04/08/2017 09:00:00 - 04/08/2017 10:00:00","BZN|DK1","114.00","n/e"," ","127.38"
"04/08/2017 10:00:00 - 04/08/2017 11:00:00","BZN|DK1","150.00","n/e"," ","172.51"
"04/08/2017 11:00:00 - 04/08/2017 12:00:00","BZN|DK1","182.00","n/e"," ","192.86"
"04/08/2017 12:00:00 - 04/08/2017 13:00:00","BZN|DK1","203.00","n/e"," ","195.03"
"04/08/2017 13:00:00 - 04/08/2017 14:00:00","BZN|DK1","209.00","n/e"," ","193.46"
"04/08/2017 14:00:00 - 04/08/2017 15:00:00","BZN|DK1","196.00","n/e"," ","254.55"
"04/08/2017 15:00:00 - 04/08/2017 16:00:00","BZN|DK1","191.00","n/e"," ","233.47"
"04/08/2017 16:00:00 - 04/08/2017 17:00:00","BZN|DK1","173.00","n/e"," ","195.39"
"04/08/2017 17:00:00 - 04/08/2017 18:00:00","BZN|DK1","118.00","n/e"," ","136.52"
"04/08/2017 18:00:00 - 04/08/2017 19:00:00","BZN|DK1","70.00","n/e"," ","83.42"
"04/08/2017 19:00:00 - 04/08/2017 20:00:00","BZN|DK1","31.00","n/e"," ","37.81"
"04/08/2017 20:00:00 - 04/08/2017 21:00:00","BZN|DK1","9.00","n/e"," ","10.42"
"04/08/2017 21:00:00 - 04/08/2017 22:00:00","BZN|DK1","0.00","n/e"," ","0.38"
"04/08/2017 22:00:00 - 04/08/2017 23:00:00","BZN|DK1","0.00","n/e"," ","0.04"
"04/08/2017 23:00:00 - 05/08/2017 00:00:00","BZN|DK1","0.00","n/e"," ","0.00"
"05/08/2017 00:00:00 - 05/08/2017 01:00:00","BZN|DK1","0.00","n/e"," ","0.00"
"05/08/2017 01:00:00 - 05/08/2017 02:00:00","BZN|DK1","0.00","n/e"," ","0.00"
"05/08/2017 02:00:00 - 05/08/2017 03:00:00","BZN|DK1","0.00","n/e"," ","0.00"
"05/08/2017 03:00:00 - 05/08/2017 04:00:00","BZN|DK1","0.00","n/e"," ","0.00"
"05/08/2017 04:00:00 - 05/08/2017 05:00:00","BZN|DK1","0.00","n/e"," ","0.02"
"05/08/2017 05:00:00 - 05/08/2017 06:00:00","BZN|DK1","1.00","n/e"," ","0.48"
"05/08/2017 06:00:00 - 05/08/2017 07:00:00","BZN|DK1","11.00","n/e"," ","13.21"
"05/08/2017 07:00:00 - 05/08/2017 08:00:00","BZN|DK1","45.00","n/e"," ","46.29"
"05/08/2017 08:00:00 - 05/08/2017 09:00:00","BZN|DK1","93.00","n/e"," ","96.51"
"05/08/2017 09:00:00 - 05/08/2017 10:00:00","BZN|DK1","150.00","n/e"," ","159.29"
"05/08/2017 10:00:00 - 05/08/2017 11:00:00","BZN|DK1","195.00","n/e"," ","228.40"
"05/08/2017 11:00:00 - 05/08/2017 12:00:00","BZN|DK1","260.00","n/e"," ","275.91"
"05/08/2017 12:00:00 - 05/08/2017 13:00:00","BZN|DK1","291.00","n/e"," ","282.60"
"05/08/2017 13:00:00 - 05/08/2017 14:00:00","BZN|DK1","293.00","n/e"," ","289.50"
"05/08/2017 14:00:00 - 05/08/2017 15:00:00","BZN|DK1","268.00","n/e"," ","262.09"
"05/08/2017 15:00:00 - 05/08/2017 16:00:00","BZN|DK1","254.00","n/e"," ","241.25"
"05/08/2017 16:00:00 - 05/08/2017 17:00:00","BZN|DK1","223.00","n/e"," ","215.25"
"05/08/2017 17:00:00 - 05/08/2017 18:00:00","BZN|DK1","154.00","n/e"," ","181.99"
"05/08/2017 18:00:00 - 05/08/2017 19:00:00","BZN|DK1","96.00","n/e"," ","121.15"
"05/08/2017 19:00:00 - 05/08/2017 20:00:00","BZN|DK1","48.00","n/e"," ","56.12"
"05/08/2017 20:00:00 - 05/08/2017 21:00:00","BZN|DK1","12.00","n/e"," ","16.50"
"05/08/2017 21:00:00 - 05/08/2017 22:00:00","BZN|DK1","1.00","n/e"," ","0.78"
"05/08/2017 22:00:00 - 05/08/2017 23:00:00","BZN|DK1","0.00","n/e"," ","0.04"
"05/08/2017 23:00:00 - 06/08/2017 00:00:00","BZN|DK1","0.00","n/e"," ","0.00"
"06/08/2017 00:00:00 - 06/08/2017 01:00:00","BZN|DK1","0.00","n/e"," ","0.00"
"06/08/2017 01:00:00 - 06/08/2017 02:00:00","BZN|DK1","0.00","n/e"," ","0.00"
"06/08/2017 02:00:00 - 06/08/2017 03:00:00","BZN|DK1","0.00","n/e"," ","0.00"
"06/08/2017 03:00:00 - 06/08/2017 04:00:00","BZN|DK1","0.00","n/e"," ","0.00"
"06/08/2017 04:00:00 - 06/08/2017 05:00:00","BZN|DK1","0.00","n/e"," ","0.04"
"06/08/2017 05:00:00 - 06/08/2017 06:00:00","BZN|DK1","1.00","n/e"," ","0.58"
"06/08/2017 06:00:00 - 06/08/2017 07:00:00","BZN|DK1","14.00","n/e"," ","13.26"
"06/08/2017 07:00:00 - 06/08/2017 08:00:00","BZN|DK1","60.00","n/e"," ","56.55"
"06/08/2017 08:00:00 - 06/08/2017 09:00:00","BZN|DK1","135.00","n/e"," ","130.26"
"06/08/2017 09:00:00 - 06/08/2017 10:00:00","BZN|DK1","206.00","n/e"," ","187.22"
"06/08/2017 10:00:00 - 06/08/2017 11:00:00","BZN|DK1","242.00","n/e"," ","227.51"
"06/08/2017 11:00:00 - 06/08/2017 12:00:00","BZN|DK1","278.00","n/e"," ","272.35"
"06/08/2017 12:00:00 - 06/08/2017 13:00:00","BZN|DK1","301.00","n/e"," ","316.73"
"06/08/2017 13:00:00 - 06/08/2017 14:00:00","BZN|DK1","306.00","n/e"," ","307.42"
"06/08/2017 14:00:00 - 06/08/2017 15:00:00","BZN|DK1","291.00","n/e"," ","312.13"
"06/08/2017 15:00:00 - 06/08/2017 16:00:00","BZN|DK1","269.00","n/e"," ","290.12"
"06/08/2017 16:00:00 - 06/08/2017 17:00:00","BZN|DK1","236.00","n/e"," ","258.76"
"06/08/2017 17:00:00 - 06/08/2017 18:00:00","BZN|DK1","166.00","n/e"," ","199.56"
"06/08/2017 18:00:00 - 06/08/2017 19:00:00","BZN|DK1","108.00","n/e"," ","129.76"
"06/08/2017 19:00:00 - 06/08/2017 20:00:00","BZN|DK1","54.00","n/e"," ","62.21"
"06/08/2017 20:00:00 - 06/08/2017 21:00:00","BZN|DK1","13.00","n/e"," ","15.53"
"06/08/2017 21:00:00 - 06/08/2017 22:00:00","BZN|DK1","1.00","n/e"," ","0.73"
"06/08/2017 22:00:00 - 06/08/2017 23:00:00","BZN|DK1","0.00","n/e"," ","0.04"
"06/08/2017 23:00:00 - 07/08/2017 00:00:00","BZN|DK1","0.00","n/e"," ","0.00"
"07/08/2017 00:00:00 - 07/08/2017 01:00:00","BZN|DK1","0.00","n/e"," ","0.00"
"07/08/2017 01:00:00 - 07/08/2017 02:00:00","BZN|DK1","0.00","n/e"," ","0.00"
"07/08/2017 02:00:00 - 07/08/2017 03:00:00","BZN|DK1","0.00","n/e"," ","0.00"
"07/08/2017 03:00:00 - 07/08/2017 04:00:00","BZN|DK1","0.00","n/e"," ","0.00"
"07/08/2017 04:00:00 - 07/08/2017 05:00:00","BZN|DK1","0.00","n/e"," ","0.03"
"07/08/2017 05:00:00 - 07/08/2017 06:00:00","BZN|DK1","1.00","n/e"," ","0.95"
"07/08/2017 06:00:00 - 07/08/2017 07:00:00","BZN|DK1","17.00","n/e"," ","19.55"
"07/08/2017 07:00:00 - 07/08/2017 08:00:00","BZN|DK1","62.00","n/e"," ","62.60"
"07/08/2017 08:00:00 - 07/08/2017 09:00:00","BZN|DK1","117.00","n/e"," ","120.94"
"07/08/2017 09:00:00 - 07/08/2017 10:00:00","BZN|DK1","176.00","n/e"," ","183.65"
"07/08/2017 10:00:00 - 07/08/2017 11:00:00","BZN|DK1","216.00","n/e"," ","228.02"
"07/08/2017 11:00:00 - 07/08/2017 12:00:00","BZN|DK1","254.00","n/e"," ","267.59"
"07/08/2017 12:00:00 - 07/08/2017 13:00:00","BZN|DK1","271.00","n/e"," ","293.23"
"07/08/2017 13:00:00 - 07/08/2017 14:00:00","BZN|DK1","272.00","n/e"," ","307.62"
"07/08/2017 14:00:00 - 07/08/2017 15:00:00","BZN|DK1","249.00","n/e"," ","302.81"
"07/08/2017 15:00:00 - 07/08/2017 16:00:00","BZN|DK1","230.00","n/e"," ","259.68"
"07/08/2017 16:00:00 - 07/08/2017 17:00:00","BZN|DK1","203.00","n/e"," ","225.24"
"07/08/2017 17:00:00 - 07/08/2017 18:00:00","BZN|DK1","139.00","n/e"," ","170.84"
"07/08/2017 18:00:00 - 07/08/2017 19:00:00","BZN|DK1","86.00","n/e"," ","100.89"
"07/08/2017 19:00:00 - 07/08/2017 20:00:00","BZN|DK1","40.00","n/e"," ","43.11"
"07/08/2017 20:00:00 - 07/08/2017 21:00:00","BZN|DK1","9.00","n/e"," ","10.98"
"07/08/2017 21:00:00 - 07/08/2017 22:00:00","BZN|DK1","0.00","n/e"," ","0.45"
"07/08/2017 22:00:00 - 07/08/2017 23:00:00","BZN|DK1","0.00","n/e"," ","0.04"
"07/08/2017 23:00:00 - 08/08/2017 00:00:00","BZN|DK1","0.00","n/e"," ","0.00"
"08/08/2017 00:00:00 - 08/08/2017 01:00:00","BZN|DK1","0.00","n/e"," ","0.00"
"08/08/2017 01:00:00 - 08/08/2017 02:00:00","BZN|DK1","0.00","n/e"," ","0.00"
"08/08/2017 02:00:00 - 08/08/2017 03:00:00","BZN|DK1","0.00","n/e"," ","0.00"
"08/08/2017 03:00:00 - 08/08/2017 04:00:00","BZN|DK1","0.00","n/e"," ","0.00"
"08/08/2017 04:00:00 - 08/08/2017 05:00:00","BZN|DK1","0.00","n/e"," ","0.02"
"08/08/2017 05:00:00 - 08/08/2017 06:00:00","BZN|DK1","1.00","n/e"," ","0.39"
"08/08/2017 06:00:00 - 08/08/2017 07:00:00","BZN|DK1","14.00","n/e"," ","13.82"
"08/08/2017 07:00:00 - 08/08/2017 08:00:00","BZN|DK1","50.00","n/e"," ","49.61"
"08/08/2017 08:00:00 - 08/08/2017 09:00:00","BZN|DK1","105.00","n/e"," ","100.23"
"08/08/2017 09:00:00 - 08/08/2017 10:00:00","BZN|DK1","150.00","n/e"," ","189.90"
"08/08/2017 10:00:00 - 08/08/2017 11:00:00","BZN|DK1","193.00","n/e"," ","266.07"
"08/08/2017 11:00:00 - 08/08/2017 12:00:00","BZN|DK1","251.00","n/e"," ","311.04"
"08/08/2017 12:00:00 - 08/08/2017 13:00:00","BZN|DK1","280.00","n/e"," ","341.86"
"08/08/2017 13:00:00 - 08/08/2017 14:00:00","BZN|DK1","288.00","n/e"," ","299.15"
"08/08/2017 14:00:00 - 08/08/2017 15:00:00","BZN|DK1","238.00","n/e"," ","245.52"
"08/08/2017 15:00:00 - 08/08/2017 16:00:00","BZN|DK1","215.00","n/e"," ","170.68"
"08/08/2017 16:00:00 - 08/08/2017 17:00:00","BZN|DK1","191.00","n/e"," ","115.95"
"08/08/2017 17:00:00 - 08/08/2017 18:00:00","BZN|DK1","103.00","n/e"," ","66.49"
"08/08/2017 18:00:00 - 08/08/2017 19:00:00","BZN|DK1","65.00","n/e"," ","32.73"
"08/08/2017 19:00:00 - 08/08/2017 20:00:00","BZN|DK1","27.00","n/e"," ","12.70"
"08/08/2017 20:00:00 - 08/08/2017 21:00:00","BZN|DK1","6.00","n/e"," ","2.03"
"08/08/2017 21:00:00 - 08/08/2017 22:00:00","BZN|DK1","0.00","n/e"," ","0.10"
"08/08/2017 22:00:00 - 08/08/2017 23:00:00","BZN|DK1","0.00","n/e"," ","0.03"
"08/08/2017 23:00:00 - 09/08/2017 00:00:00","BZN|DK1","0.00","n/e"," ","0.00"
"09/08/2017 00:00:00 - 09/08/2017 01:00:00","BZN|DK1","0.00","n/e"," ","0.00"
"09/08/2017 01:00:00 - 09/08/2017 02:00:00","BZN|DK1","0.00","n/e"," ","0.00"
"09/08/2017 02:00:00 - 09/08/2017 03:00:00","BZN|DK1","0.00","n/e"," ","0.00"
"09/08/2017 03:00:00 - 09/08/2017 04:00:00","BZN|DK1","0.00","n/e"," ","0.00"
"09/08/2017 04:00:00 - 09/08/2017 05:00:00","BZN|DK1","0.00","n/e"," ","0.03"
"09/08/2017 05:00:00 - 09/08/2017 06:00:00","BZN|DK1","0.00","n/e"," ","0.09"
"09/08/2017 06:00:00 - 09/08/2017 07:00:00","BZN|DK1","10.00","n/e"," ","8.02"
"09/08/2017 07:00:00 - 09/08/2017 08:00:00","BZN|DK1","33.00","n/e"," ","32.34"
"09/08/2017 08:00:00 - 09/08/2017 09:00:00","BZN|DK1","76.00","n/e"," ","68.99"
"09/08/2017 09:00:00 - 09/08/2017 10:00:00","BZN|DK1","132.00","n/e"," ","91.88"
"09/08/2017 10:00:00 - 09/08/2017 11:00:00","BZN|DK1","195.00","n/e"," ","137.69"
"09/08/2017 11:00:00 - 09/08/2017 12:00:00","BZN|DK1","272.00","n/e"," ","203.19"
"09/08/2017 12:00:00 - 09/08/2017 13:00:00","BZN|DK1","292.00","n/e"," ","265.43"
"09/08/2017 13:00:00 - 09/08/2017 14:00:00","BZN|DK1","301.00","n/e"," ","285.42"
"09/08/2017 14:00:00 - 09/08/2017 15:00:00","BZN|DK1","281.00","n/e"," ","272.92"
"09/08/2017 15:00:00 - 09/08/2017 16:00:00","BZN|DK1","266.00","n/e"," ","236.12"
"09/08/2017 16:00:00 - 09/08/2017 17:00:00","BZN|DK1","237.00","n/e"," ","188.82"
"09/08/2017 17:00:00 - 09/08/2017 18:00:00","BZN|DK1","167.00","n/e"," ","142.14"
"09/08/2017 18:00:00 - 09/08/2017 19:00:00","BZN|DK1","111.00","n/e"," ","77.18"
"09/08/2017 19:00:00 - 09/08/2017 20:00:00","BZN|DK1","51.00","n/e"," ","33.96"
"09/08/2017 20:00:00 - 09/08/2017 21:00:00","BZN|DK1","10.00","n/e"," ","8.05"
"09/08/2017 21:00:00 - 09/08/2017 22:00:00","BZN|DK1","0.00","n/e"," ","0.22"
"09/08/2017 22:00:00 - 09/08/2017 23:00:00","BZN|DK1","0.00","n/e"," ","0.03"
"09/08/2017 23:00:00 - 10/08/2017 00:00:00","BZN|DK1","0.00","n/e"," ","0.00"
"10/08/2017 00:00:00 - 10/08/2017 01:00:00","BZN|DK1","0.00","n/e"," ","0.00"
"10/08/2017 01:00:00 - 10/08/2017 02:00:00","BZN|DK1","0.00","n/e"," ","0.00"
"10/08/2017 02:00:00 - 10/08/2017 03:00:00","BZN|DK1","0.00","n/e"," ","0.00"
"10/08/2017 03:00:00 - 10/08/2017 04:00:00","BZN|DK1","0.00","n/e"," ","0.00"
"10/08/2017 04:00:00 - 10/08/2017 05:00:00","BZN|DK1","0.00","n/e"," ","0.03"
"10/08/2017 05:00:00 - 10/08/2017 06:00:00","BZN|DK1","1.00","n/e"," ","0.15"
"10/08/2017 06:00:00 - 10/08/2017 07:00:00","BZN|DK1","12.00","n/e"," ","8.99"
"10/08/2017 07:00:00 - 10/08/2017 08:00:00","BZN|DK1","43.00","n/e"," ","35.41"
"10/08/2017 08:00:00 - 10/08/2017 09:00:00","BZN|DK1","99.00","n/e"," ","84.01"
"10/08/2017 09:00:00 - 10/08/2017 10:00:00","BZN|DK1","159.00","n/e"," ","138.97"
"10/08/2017 10:00:00 - 10/08/2017 11:00:00","BZN|DK1","217.00","n/e"," ","171.06"
"10/08/2017 11:00:00 - 10/08/2017 12:00:00","BZN|DK1","292.00","n/e"," ","235.43"
"10/08/2017 12:00:00 - 10/08/2017 13:00:00","BZN|DK1","309.00","n/e"," ","285.75"
"10/08/2017 13:00:00 - 10/08/2017 14:00:00","BZN|DK1","322.00","n/e"," ","323.49"
"10/08/2017 14:00:00 - 10/08/2017 15:00:00","BZN|DK1","349.00","n/e"," ","338.57"
"10/08/2017 15:00:00 - 10/08/2017 16:00:00","BZN|DK1","328.00","n/e"," ","328.51"
"10/08/2017 16:00:00 - 10/08/2017 17:00:00","BZN|DK1","286.00","n/e"," ","294.29"
"10/08/2017 17:00:00 - 10/08/2017 18:00:00","BZN|DK1","199.00","n/e"," ","214.76"
"10/08/2017 18:00:00 - 10/08/2017 19:00:00","BZN|DK1","130.00","n/e"," ","131.02"
"10/08/2017 19:00:00 - 10/08/2017 20:00:00","BZN|DK1","57.00","n/e"," ","51.72"
"10/08/2017 20:00:00 - 10/08/2017 21:00:00","BZN|DK1","10.00","n/e"," ","10.21"
"10/08/2017 21:00:00 - 10/08/2017 22:00:00","BZN|DK1","0.00","n/e"," ","0.24"
"10/08/2017 22:00:00 - 10/08/2017 23:00:00","BZN|DK1","0.00","n/e"," ","0.03"
"10/08/2017 23:00:00 - 11/08/2017 00:00:00","BZN|DK1","0.00","n/e"," ","0.00"
"11/08/2017 00:00:00 - 11/08/2017 01:00:00","BZN|DK1","0.00","n/e"," ","0.00"
"11/08/2017 01:00:00 - 11/08/2017 02:00:00","BZN|DK1","0.00","n/e"," ","0.00"
"11/08/2017 02:00:00 - 11/08/2017 03:00:00","BZN|DK1","0.00","n/e"," ","0.00"
"11/08/2017 03:00:00 - 11/08/2017 04:00:00","BZN|DK1","0.00","n/e"," ","0.00"
"11/08/2017 04:00:00 - 11/08/2017 05:00:00","BZN|DK1","0.00","n/e"," ","0.03"
"11/08/2017 05:00:00 - 11/08/2017 06:00:00","BZN|DK1","1.00","n/e"," ","0.16"
"11/08/2017 06:00:00 - 11/08/2017 07:00:00","BZN|DK1","13.00","n/e"," ","6.71"
"11/08/2017 07:00:00 - 11/08/2017 08:00:00","BZN|DK1","32.00","n/e"," ","29.52"
"11/08/2017 08:00:00 - 11/08/2017 09:00:00","BZN|DK1","85.00","n/e"," ","71.48"
"11/08/2017 09:00:00 - 11/08/2017 10:00:00","BZN|DK1","141.00","n/e"," ","118.36"
"11/08/2017 10:00:00 - 11/08/2017 11:00:00","BZN|DK1","196.00","n/e"," ","153.18"
"11/08/2017 11:00:00 - 11/08/2017 12:00:00","BZN|DK1","249.00","n/e"," ","173.24"
"11/08/2017 12:00:00 - 11/08/2017 13:00:00","BZN|DK1","266.00","n/e"," ","167.24"
"11/08/2017 13:00:00 - 11/08/2017 14:00:00","BZN|DK1","276.00","n/e"," ","173.47"
"11/08/2017 14:00:00 - 11/08/2017 15:00:00","BZN|DK1","269.00","n/e"," ","181.51"
"11/08/2017 15:00:00 - 11/08/2017 16:00:00","BZN|DK1","255.00","n/e"," ","173.72"
"11/08/2017 16:00:00 - 11/08/2017 17:00:00","BZN|DK1","207.00","n/e"," ","177.23"
"11/08/2017 17:00:00 - 11/08/2017 18:00:00","BZN|DK1","130.00","n/e"," ","132.22"
"11/08/2017 18:00:00 - 11/08/2017 19:00:00","BZN|DK1","75.00","n/e"," ","82.93"
"11/08/2017 19:00:00 - 11/08/2017 20:00:00","BZN|DK1","29.00","n/e"," ","35.14"
"11/08/2017 20:00:00 - 11/08/2017 21:00:00","BZN|DK1","5.00","n/e"," ","9.45"
"11/08/2017 21:00:00 - 11/08/2017 22:00:00","BZN|DK1","0.00","n/e"," ","0.12"
"11/08/2017 22:00:00 - 11/08/2017 23:00:00","BZN|DK1","0.00","n/e"," ","0.03"
"11/08/2017 23:00:00 - 12/08/2017 00:00:00","BZN|DK1","0.00","n/e"," ","0.00"
"12/08/2017 00:00:00 - 12/08/2017 01:00:00","BZN|DK1","0.00","n/e"," ","0.00"
"12/08/2017 01:00:00 - 12/08/2017 02:00:00","BZN|DK1","0.00","n/e"," ","0.00"
"12/08/2017 02:00:00 - 12/08/2017 03:00:00","BZN|DK1","0.00","n/e"," ","0.00"
"12/08/2017 03:00:00 - 12/08/2017 04:00:00","BZN|DK1","0.00","n/e"," ","0.00"
"12/08/2017 04:00:00 - 12/08/2017 05:00:00","BZN|DK1","0.00","n/e"," ","0.03"
"12/08/2017 05:00:00 - 12/08/2017 06:00:00","BZN|DK1","0.00","n/e"," ","0.14"
"12/08/2017 06:00:00 - 12/08/2017 07:00:00","BZN|DK1","10.00","n/e"," ","6.20"
"12/08/2017 07:00:00 - 12/08/2017 08:00:00","BZN|DK1","21.00","n/e"," ","20.61"
"12/08/2017 08:00:00 - 12/08/2017 09:00:00","BZN|DK1","26.00","n/e"," ","45.22"
"12/08/2017 09:00:00 - 12/08/2017 10:00:00","BZN|DK1","38.00","n/e"," ","58.17"
"12/08/2017 10:00:00 - 12/08/2017 11:00:00","BZN|DK1","53.00","n/e"," ","64.13"
"12/08/2017 11:00:00 - 12/08/2017 12:00:00","BZN|DK1","52.00","n/e"," ","53.57"
"12/08/2017 12:00:00 - 12/08/2017 13:00:00","BZN|DK1","46.00","n/e"," ","63.36"
"12/08/2017 13:00:00 - 12/08/2017 14:00:00","BZN|DK1","69.00","n/e"," ","82.56"
"12/08/2017 14:00:00 - 12/08/2017 15:00:00","BZN|DK1","120.00","n/e"," ","99.52"
"12/08/2017 15:00:00 - 12/08/2017 16:00:00","BZN|DK1","126.00","n/e"," ","119.45"
"12/08/2017 16:00:00 - 12/08/2017 17:00:00","BZN|DK1","119.00","n/e"," ","127.01"
"12/08/2017 17:00:00 - 12/08/2017 18:00:00","BZN|DK1","101.00","n/e"," ","107.16"
"12/08/2017 18:00:00 - 12/08/2017 19:00:00","BZN|DK1","70.00","n/e"," ","78.06"
"12/08/2017 19:00:00 - 12/08/2017 20:00:00","BZN|DK1","31.00","n/e"," ","41.39"
"12/08/2017 20:00:00 - 12/08/2017 21:00:00","BZN|DK1","6.00","n/e"," ","8.75"
"12/08/2017 21:00:00 - 12/08/2017 22:00:00","BZN|DK1","0.00","n/e"," ","0.15"
"12/08/2017 22:00:00 - 12/08/2017 23:00:00","BZN|DK1","0.00","n/e"," ","0.02"
"12/08/2017 23:00:00 - 13/08/2017 00:00:00","BZN|DK1","0.00","n/e"," ","0.00"
"13/08/2017 00:00:00 - 13/08/2017 01:00:00","BZN|DK1","0.00","n/e"," ","0.00"
"13/08/2017 01:00:00 - 13/08/2017 02:00:00","BZN|DK1","0.00","n/e"," ","0.00"
"13/08/2017 02:00:00 - 13/08/2017 03:00:00","BZN|DK1","0.00","n/e"," ","0.00"
"13/08/2017 03:00:00 - 13/08/2017 04:00:00","BZN|DK1","0.00","n/e"," ","0.00"
"13/08/2017 04:00:00 - 13/08/2017 05:00:00","BZN|DK1","0.00","n/e"," ","0.03"
"13/08/2017 05:00:00 - 13/08/2017 06:00:00","BZN|DK1","1.00","n/e"," ","0.20"
"13/08/2017 06:00:00 - 13/08/2017 07:00:00","BZN|DK1","12.00","n/e"," ","11.14"
"13/08/2017 07:00:00 - 13/08/2017 08:00:00","BZN|DK1","49.00","n/e"," ","51.12"
"13/08/2017 08:00:00 - 13/08/2017 09:00:00","BZN|DK1","124.00","n/e"," ","120.22"
"13/08/2017 09:00:00 - 13/08/2017 10:00:00","BZN|DK1","193.00","n/e"," ","198.60"
"13/08/2017 10:00:00 - 13/08/2017 11:00:00","BZN|DK1","231.00","n/e"," ","255.32"
"13/08/2017 11:00:00 - 13/08/2017 12:00:00","BZN|DK1","271.00","n/e"," ","276.82"
"13/08/2017 12:00:00 - 13/08/2017 13:00:00","BZN|DK1","290.00","n/e"," ","279.00"
"13/08/2017 13:00:00 - 13/08/2017 14:00:00","BZN|DK1","296.00","n/e"," ","316.10"
"13/08/2017 14:00:00 - 13/08/2017 15:00:00","BZN|DK1","282.00","n/e"," ","308.91"
"13/08/2017 15:00:00 - 13/08/2017 16:00:00","BZN|DK1","268.00","n/e"," ","321.73"
"13/08/2017 16:00:00 - 13/08/2017 17:00:00","BZN|DK1","242.00","n/e"," ","277.27"
"13/08/2017 17:00:00 - 13/08/2017 18:00:00","BZN|DK1","178.00","n/e"," ","219.51"
"13/08/2017 18:00:00 - 13/08/2017 19:00:00","BZN|DK1","113.00","n/e"," ","130.62"
"13/08/2017 19:00:00 - 13/08/2017 20:00:00","BZN|DK1","49.00","n/e"," ","53.30"
"13/08/2017 20:00:00 - 13/08/2017 21:00:00","BZN|DK1","8.00","n/e"," ","9.67"
"13/08/2017 21:00:00 - 13/08/2017 22:00:00","BZN|DK1","0.00","n/e"," ","0.17"
"13/08/2017 22:00:00 - 13/08/2017 23:00:00","BZN|DK1","0.00","n/e"," ","0.02"
"13/08/2017 23:00:00 - 14/08/2017 00:00:00","BZN|DK1","0.00","n/e"," ","0.00"
"14/08/2017 00:00:00 - 14/08/2017 01:00:00","BZN|DK1","0.00","n/e"," ","0.00"
"14/08/2017 01:00:00 - 14/08/2017 02:00:00","BZN|DK1","0.00","n/e"," ","0.00"
"14/08/2017 02:00:00 - 14/08/2017 03:00:00","BZN|DK1","0.00","n/e"," ","0.00"
"14/08/2017 03:00:00 - 14/08/2017 04:00:00","BZN|DK1","0.00","n/e"," ","0.00"
"14/08/2017 04:00:00 - 14/08/2017 05:00:00","BZN|DK1","0.00","n/e"," ","0.03"
"14/08/2017 05:00:00 - 14/08/2017 06:00:00","BZN|DK1","0.00","n/e"," ","0.17"
"14/08/2017 06:00:00 - 14/08/2017 07:00:00","BZN|DK1","9.00","n/e"," ","10.54"
"14/08/2017 07:00:00 - 14/08/2017 08:00:00","BZN|DK1","48.00","n/e"," ","49.86"
"14/08/2017 08:00:00 - 14/08/2017 09:00:00","BZN|DK1","116.00","n/e"," ","125.12"
"14/08/2017 09:00:00 - 14/08/2017 10:00:00","BZN|DK1","176.00","n/e"," ","206.57"
"14/08/2017 10:00:00 - 14/08/2017 11:00:00","BZN|DK1","219.00","n/e"," ","264.28"
"14/08/2017 11:00:00 - 14/08/2017 12:00:00","BZN|DK1","256.00","n/e"," ","312.76"
"14/08/2017 12:00:00 - 14/08/2017 13:00:00","BZN|DK1","268.00","n/e"," ","342.03"
"14/08/2017 13:00:00 - 14/08/2017 14:00:00","BZN|DK1","282.00","n/e"," ","338.63"
"14/08/2017 14:00:00 - 14/08/2017 15:00:00","BZN|DK1","297.00","n/e"," ","300.51"
"14/08/2017 15:00:00 - 14/08/2017 16:00:00","BZN|DK1","276.00","n/e"," ","284.96"
"14/08/2017 16:00:00 - 14/08/2017 17:00:00","BZN|DK1","242.00","n/e"," ","256.26"
"14/08/2017 17:00:00 - 14/08/2017 18:00:00","BZN|DK1","172.00","n/e"," ","191.75"
"14/08/2017 18:00:00 - 14/08/2017 19:00:00","BZN|DK1","107.00","n/e"," ","110.89"
"14/08/2017 19:00:00 - 14/08/2017 20:00:00","BZN|DK1","46.00","n/e"," ","46.35"
"14/08/2017 20:00:00 - 14/08/2017 21:00:00","BZN|DK1","8.00","n/e"," ","8.78"
"14/08/2017 21:00:00 - 14/08/2017 22:00:00","BZN|DK1","0.00","n/e"," ","0.09"
"14/08/2017 22:00:00 - 14/08/2017 23:00:00","BZN|DK1","0.00","n/e"," ","0.02"
"14/08/2017 23:00:00 - 15/08/2017 00:00:00","BZN|DK1","0.00","n/e"," ","0.00"
"15/08/2017 00:00:00 - 15/08/2017 01:00:00","BZN|DK1","0.00","n/e"," ","0.00"
"15/08/2017 01:00:00 - 15/08/2017 02:00:00","BZN|DK1","0.00","n/e"," ","0.00"
"15/08/2017 02:00:00 - 15/08/2017 03:00:00","BZN|DK1","0.00","n/e"," ","0.00"
"15/08/2017 03:00:00 - 15/08/2017 04:00:00","BZN|DK1","0.00","n/e"," ","0.00"
"15/08/2017 04:00:00 - 15/08/2017 05:00:00","BZN|DK1","0.00","n/e"," ","0.03"
"15/08/2017 05:00:00 - 15/08/2017 06:00:00","BZN|DK1","0.00","n/e"," ","0.08"
"15/08/2017 06:00:00 - 15/08/2017 07:00:00","BZN|DK1","5.00","n/e"," ","4.19"
"15/08/2017 07:00:00 - 15/08/2017 08:00:00","BZN|DK1","20.00","n/e"," ","21.75"
"15/08/2017 08:00:00 - 15/08/2017 09:00:00","BZN|DK1","47.00","n/e"," ","61.92"
"15/08/2017 09:00:00 - 15/08/2017 10:00:00","BZN|DK1","84.00","n/e"," ","127.21"
"15/08/2017 10:00:00 - 15/08/2017 11:00:00","BZN|DK1","134.00","n/e"," ","205.62"
"15/08/2017 11:00:00 - 15/08/2017 12:00:00","BZN|DK1","239.00","n/e"," ","243.88"
"15/08/2017 12:00:00 - 15/08/2017 13:00:00","BZN|DK1","263.00","n/e"," ","223.87"
"15/08/2017 13:00:00 - 15/08/2017 14:00:00","BZN|DK1","277.00","n/e"," ","220.22"
"15/08/2017 14:00:00 - 15/08/2017 15:00:00","BZN|DK1","285.00","n/e"," ","296.22"
"15/08/2017 15:00:00 - 15/08/2017 16:00:00","BZN|DK1","265.00","n/e"," ","246.27"
"15/08/2017 16:00:00 - 15/08/2017 17:00:00","BZN|DK1","225.00","n/e"," ","131.23"
"15/08/2017 17:00:00 - 15/08/2017 18:00:00","BZN|DK1","115.00","n/e"," ","61.17"
"15/08/2017 18:00:00 - 15/08/2017 19:00:00","BZN|DK1","61.00","n/e"," ","33.75"
"15/08/2017 19:00:00 - 15/08/2017 20:00:00","BZN|DK1","21.00","n/e"," ","12.89"
"15/08/2017 20:00:00 - 15/08/2017 21:00:00","BZN|DK1","3.00","n/e"," ","2.47"
"15/08/2017 21:00:00 - 15/08/2017 22:00:00","BZN|DK1","0.00","n/e"," ","0.10"
"15/08/2017 22:00:00 - 15/08/2017 23:00:00","BZN|DK1","0.00","n/e"," ","0.02"
"15/08/2017 23:00:00 - 16/08/2017 00:00:00","BZN|DK1","0.00","n/e"," ","0.00"
"16/08/2017 00:00:00 - 16/08/2017 01:00:00","BZN|DK1","0.00","n/e"," ","0.00"
"16/08/2017 01:00:00 - 16/08/2017 02:00:00","BZN|DK1","0.00","n/e"," ","0.00"
"16/08/2017 02:00:00 - 16/08/2017 03:00:00","BZN|DK1","0.00","n/e"," ","0.00"
"16/08/2017 03:00:00 - 16/08/2017 04:00:00","BZN|DK1","0.00","n/e"," ","0.00"
"16/08/2017 04:00:00 - 16/08/2017 05:00:00","BZN|DK1","0.00","n/e"," ","0.03"
"16/08/2017 05:00:00 - 16/08/2017 06:00:00","BZN|DK1","0.00","n/e"," ","0.08"
"16/08/2017 06:00:00 - 16/08/2017 07:00:00","BZN|DK1","10.00","n/e"," ","8.33"
"16/08/2017 07:00:00 - 16/08/2017 08:00:00","BZN|DK1","35.00","n/e"," ","31.48"
"16/08/2017 08:00:00 - 16/08/2017 09:00:00","BZN|DK1","97.00","n/e"," ","115.78"
"16/08/2017 09:00:00 - 16/08/2017 10:00:00","BZN|DK1","166.00","n/e"," ","189.93"
"16/08/2017 10:00:00 - 16/08/2017 11:00:00","BZN|DK1","232.00","n/e"," ","271.12"
"16/08/2017 11:00:00 - 16/08/2017 12:00:00","BZN|DK1","317.00","n/e"," ","332.88"
"16/08/2017 12:00:00 - 16/08/2017 13:00:00","BZN|DK1","340.00","n/e"," ","358.14"
"16/08/2017 13:00:00 - 16/08/2017 14:00:00","BZN|DK1","349.00","n/e"," ","364.99"
"16/08/2017 14:00:00 - 16/08/2017 15:00:00","BZN|DK1","338.00","n/e"," ","353.75"
"16/08/2017 15:00:00 - 16/08/2017 16:00:00","BZN|DK1","318.00","n/e"," ","323.21"
"16/08/2017 16:00:00 - 16/08/2017 17:00:00","BZN|DK1","273.00","n/e"," ","280.40"
"16/08/2017 17:00:00 - 16/08/2017 18:00:00","BZN|DK1","176.00","n/e"," ","202.51"
"16/08/2017 18:00:00 - 16/08/2017 19:00:00","BZN|DK1","106.00","n/e"," ","96.61"
"16/08/2017 19:00:00 - 16/08/2017 20:00:00","BZN|DK1","43.00","n/e"," ","32.84"
"16/08/2017 20:00:00 - 16/08/2017 21:00:00","BZN|DK1","7.00","n/e"," ","6.56"
"16/08/2017 21:00:00 - 16/08/2017 22:00:00","BZN|DK1","0.00","n/e"," ","0.09"
"16/08/2017 22:00:00 - 16/08/2017 23:00:00","BZN|DK1","0.00","n/e"," ","0.02"
"16/08/2017 23:00:00 - 17/08/2017 00:00:00","BZN|DK1","0.00","n/e"," ","0.00"
"17/08/2017 00:00:00 - 17/08/2017 01:00:00","BZN|DK1","0.00","n/e"," ","0.00"
"17/08/2017 01:00:00 - 17/08/2017 02:00:00","BZN|DK1","0.00","n/e"," ","0.00"
"17/08/2017 02:00:00 - 17/08/2017 03:00:00","BZN|DK1","0.00","n/e"," ","0.00"
"17/08/2017 03:00:00 - 17/08/2017 04:00:00","BZN|DK1","0.00","n/e"," ","0.00"
"17/08/2017 04:00:00 - 17/08/2017 05:00:00","BZN|DK1","0.00","n/e"," ","0.03"
"17/08/2017 05:00:00 - 17/08/2017 06:00:00","BZN|DK1","0.00","n/e"," ","0.11"
"17/08/2017 06:00:00 - 17/08/2017 07:00:00","BZN|DK1","9.00","n/e"," ","10.29"
"17/08/2017 07:00:00 - 17/08/2017 08:00:00","BZN|DK1","52.00","n/e"," ","53.20"
"17/08/2017 08:00:00 - 17/08/2017 09:00:00","BZN|DK1","109.00","n/e"," ","116.06"
"17/08/2017 09:00:00 - 17/08/2017 10:00:00","BZN|DK1","161.00","n/e"," ","180.63"
"17/08/2017 10:00:00 - 17/08/2017 11:00:00","BZN|DK1","199.00","n/e"," ","230.79"
"17/08/2017 11:00:00 - 17/08/2017 12:00:00","BZN|DK1","181.00","n/e"," ","210.74"
"17/08/2017 12:00:00 - 17/08/2017 13:00:00","BZN|DK1","163.00","n/e"," ","171.49"
"17/08/2017 13:00:00 - 17/08/2017 14:00:00","BZN|DK1","167.00","n/e"," ","160.91"
"17/08/2017 14:00:00 - 17/08/2017 15:00:00","BZN|DK1","127.00","n/e"," ","110.25"
"17/08/2017 15:00:00 - 17/08/2017 16:00:00","BZN|DK1","109.00","n/e"," ","69.62"
"17/08/2017 16:00:00 - 17/08/2017 17:00:00","BZN|DK1","89.00","n/e"," ","37.28"
"17/08/2017 17:00:00 - 17/08/2017 18:00:00","BZN|DK1","39.00","n/e"," ","20.98"
"17/08/2017 18:00:00 - 17/08/2017 19:00:00","BZN|DK1","12.00","n/e"," ","15.55"
"17/08/2017 19:00:00 - 17/08/2017 20:00:00","BZN|DK1","4.00","n/e"," ","8.24"
"17/08/2017 20:00:00 - 17/08/2017 21:00:00","BZN|DK1","0.00","n/e"," ","2.57"
"17/08/2017 21:00:00 - 17/08/2017 22:00:00","BZN|DK1","0.00","n/e"," ","0.11"
"17/08/2017 22:00:00 - 17/08/2017 23:00:00","BZN|DK1","0.00","n/e"," ","0.02"
"17/08/2017 23:00:00 - 18/08/2017 00:00:00","BZN|DK1","0.00","n/e"," ","0.00"
"18/08/2017 00:00:00 - 18/08/2017 01:00:00","BZN|DK1","0.00","n/e"," ","0.00"
"18/08/2017 01:00:00 - 18/08/2017 02:00:00","BZN|DK1","0.00","n/e"," ","0.00"
"18/08/2017 02:00:00 - 18/08/2017 03:00:00","BZN|DK1","0.00","n/e"," ","0.00"
"18/08/2017 03:00:00 - 18/08/2017 04:00:00","BZN|DK1","0.00","n/e"," ","0.00"
"18/08/2017 04:00:00 - 18/08/2017 05:00:00","BZN|DK1","0.00","n/e"," ","0.02"
"18/08/2017 05:00:00 - 18/08/2017 06:00:00","BZN|DK1","0.00","n/e"," ","0.06"
"18/08/2017 06:00:00 - 18/08/2017 07:00:00","BZN|DK1","7.00","n/e"," ","5.65"
"18/08/2017 07:00:00 - 18/08/2017 08:00:00","BZN|DK1","29.00","n/e"," ","26.65"
"18/08/2017 08:00:00 - 18/08/2017 09:00:00","BZN|DK1","67.00","n/e"," ","51.87"
"18/08/2017 09:00:00 - 18/08/2017 10:00:00","BZN|DK1","109.00","n/e"," ","83.89"
"18/08/2017 10:00:00 - 18/08/2017 11:00:00","BZN|DK1","160.00","n/e"," ","114.46"
"18/08/2017 11:00:00 - 18/08/2017 12:00:00","BZN|DK1","225.00","n/e"," ","171.92"
"18/08/2017 12:00:00 - 18/08/2017 13:00:00","BZN|DK1","236.00","n/e"," ","203.84"
"18/08/2017 13:00:00 - 18/08/2017 14:00:00","BZN|DK1","239.00","n/e"," ","185.01"
"18/08/2017 14:00:00 - 18/08/2017 15:00:00","BZN|DK1","187.00","n/e"," ","201.22"
"18/08/2017 15:00:00 - 18/08/2017 16:00:00","BZN|DK1","171.00","n/e"," ","192.25"
"18/08/2017 16:00:00 - 18/08/2017 17:00:00","BZN|DK1","153.00","n/e"," ","174.06"
"18/08/2017 17:00:00 - 18/08/2017 18:00:00","BZN|DK1","94.00","n/e"," ","112.02"
"18/08/2017 18:00:00 - 18/08/2017 19:00:00","BZN|DK1","59.00","n/e"," ","59.70"
"18/08/2017 19:00:00 - 18/08/2017 20:00:00","BZN|DK1","26.00","n/e"," ","18.98"
"18/08/2017 20:00:00 - 18/08/2017 21:00:00","BZN|DK1","4.00","n/e"," ","1.52"
"18/08/2017 21:00:00 - 18/08/2017 22:00:00","BZN|DK1","0.00","n/e"," ","0.08"
"18/08/2017 22:00:00 - 18/08/2017 23:00:00","BZN|DK1","0.00","n/e"," ","0.02"
"18/08/2017 23:00:00 - 19/08/2017 00:00:00","BZN|DK1","0.00","n/e"," ","0.00"
"19/08/2017 00:00:00 - 19/08/2017 01:00:00","BZN|DK1","0.00","n/e"," ","0.00"
"19/08/2017 01:00:00 - 19/08/2017 02:00:00","BZN|DK1","0.00","n/e"," ","0.00"
"19/08/2017 02:00:00 - 19/08/2017 03:00:00","BZN|DK1","0.00","n/e"," ","0.00"
"19/08/2017 03:00:00 - 19/08/2017 04:00:00","BZN|DK1","0.00","n/e"," ","0.00"
"19/08/2017 04:00:00 - 19/08/2017 05:00:00","BZN|DK1","0.00","n/e"," ","0.02"
"19/08/2017 05:00:00 - 19/08/2017 06:00:00","BZN|DK1","0.00","n/e"," ","0.05"
"19/08/2017 06:00:00 - 19/08/2017 07:00:00","BZN|DK1","5.00","n/e"," ","5.29"
"19/08/2017 07:00:00 - 19/08/2017 08:00:00","BZN|DK1","35.00","n/e"," ","36.99"
"19/08/2017 08:00:00 - 19/08/2017 09:00:00","BZN|DK1","88.00","n/e"," ","98.37"
"19/08/2017 09:00:00 - 19/08/2017 10:00:00","BZN|DK1","138.00","n/e"," ","162.21"
"19/08/2017 10:00:00 - 19/08/2017 11:00:00","BZN|DK1","194.00","n/e"," ","209.57"
"19/08/2017 11:00:00 - 19/08/2017 12:00:00","BZN|DK1","250.00","n/e"," ","280.96"
"19/08/2017 12:00:00 - 19/08/2017 13:00:00","BZN|DK1","268.00","n/e"," ","307.48"
"19/08/2017 13:00:00 - 19/08/2017 14:00:00","BZN|DK1","272.00","n/e"," ","291.04"
"19/08/2017 14:00:00 - 19/08/2017 15:00:00","BZN|DK1","251.00","n/e"," ","256.56"
"19/08/2017 15:00:00 - 19/08/2017 16:00:00","BZN|DK1","225.00","n/e"," ","229.46"
"19/08/2017 16:00:00 - 19/08/2017 17:00:00","BZN|DK1","182.00","n/e"," ","189.78"
"19/08/2017 17:00:00 - 19/08/2017 18:00:00","BZN|DK1","107.00","n/e"," ","144.19"
"19/08/2017 18:00:00 - 19/08/2017 19:00:00","BZN|DK1","54.00","n/e"," ","82.22"
"19/08/2017 19:00:00 - 19/08/2017 20:00:00","BZN|DK1","19.00","n/e"," ","38.42"
"19/08/2017 20:00:00 - 19/08/2017 21:00:00","BZN|DK1","3.00","n/e"," ","5.61"
"19/08/2017 21:00:00 - 19/08/2017 22:00:00","BZN|DK1","0.00","n/e"," ","0.07"
"19/08/2017 22:00:00 - 19/08/2017 23:00:00","BZN|DK1","0.00","n/e"," ","0.01"
"19/08/2017 23:00:00 - 20/08/2017 00:00:00","BZN|DK1","0.00","n/e"," ","0.00"
"20/08/2017 00:00:00 - 20/08/2017 01:00:00","BZN|DK1","0.00","n/e"," ","0.00"
"20/08/2017 01:00:00 - 20/08/2017 02:00:00","BZN|DK1","0.00","n/e"," ","0.00"
"20/08/2017 02:00:00 - 20/08/2017 03:00:00","BZN|DK1","0.00","n/e"," ","0.00"
"20/08/2017 03:00:00 - 20/08/2017 04:00:00","BZN|DK1","0.00","n/e"," ","0.00"
"20/08/2017 04:00:00 - 20/08/2017 05:00:00","BZN|DK1","0.00","n/e"," ","0.02"
"20/08/2017 05:00:00 - 20/08/2017 06:00:00","BZN|DK1","0.00","n/e"," ","0.07"
"20/08/2017 06:00:00 - 20/08/2017 07:00:00","BZN|DK1","5.00","n/e"," ","6.74"
"20/08/2017 07:00:00 - 20/08/2017 08:00:00","BZN|DK1","30.00","n/e"," ","29.89"
"20/08/2017 08:00:00 - 20/08/2017 09:00:00","BZN|DK1","66.00","n/e"," ","72.57"
"20/08/2017 09:00:00 - 20/08/2017 10:00:00","BZN|DK1","114.00","n/e"," ","140.88"
"20/08/2017 10:00:00 - 20/08/2017 11:00:00","BZN|DK1","150.00","n/e"," ","212.48"
"20/08/2017 11:00:00 - 20/08/2017 12:00:00","BZN|DK1","227.00","n/e"," ","207.96"
"20/08/2017 12:00:00 - 20/08/2017 13:00:00","BZN|DK1","261.00","n/e"," ","211.69"
"20/08/2017 13:00:00 - 20/08/2017 14:00:00","BZN|DK1","263.00","n/e"," ","252.75"
"20/08/2017 14:00:00 - 20/08/2017 15:00:00","BZN|DK1","242.00","n/e"," ","263.45"
"20/08/2017 15:00:00 - 20/08/2017 16:00:00","BZN|DK1","215.00","n/e"," ","247.64"
"20/08/2017 16:00:00 - 20/08/2017 17:00:00","BZN|DK1","164.00","n/e"," ","214.04"
"20/08/2017 17:00:00 - 20/08/2017 18:00:00","BZN|DK1","100.00","n/e"," ","167.30"
"20/08/2017 18:00:00 - 20/08/2017 19:00:00","BZN|DK1","48.00","n/e"," ","85.32"
"20/08/2017 19:00:00 - 20/08/2017 20:00:00","BZN|DK1","18.00","n/e"," ","27.98"
"20/08/2017 20:00:00 - 20/08/2017 21:00:00","BZN|DK1","2.00","n/e"," ","4.32"
"20/08/2017 21:00:00 - 20/08/2017 22:00:00","BZN|DK1","0.00","n/e"," ","0.07"
"20/08/2017 22:00:00 - 20/08/2017 23:00:00","BZN|DK1","0.00","n/e"," ","0.01"
"20/08/2017 23:00:00 - 21/08/2017 00:00:00","BZN|DK1","0.00","n/e"," ","0.00"
"21/08/2017 00:00:00 - 21/08/2017 01:00:00","BZN|DK1","0.00","n/e"," ","0.00"
"21/08/2017 01:00:00 - 21/08/2017 02:00:00","BZN|DK1","0.00","n/e"," ","0.00"
"21/08/2017 02:00:00 - 21/08/2017 03:00:00","BZN|DK1","0.00","n/e"," ","0.00"
"21/08/2017 03:00:00 - 21/08/2017 04:00:00","BZN|DK1","0.00","n/e"," ","0.00"
"21/08/2017 04:00:00 - 21/08/2017 05:00:00","BZN|DK1","0.00","n/e"," ","0.02"
"21/08/2017 05:00:00 - 21/08/2017 06:00:00","BZN|DK1","0.00","n/e"," ","0.06"
"21/08/2017 06:00:00 - 21/08/2017 07:00:00","BZN|DK1","5.00","n/e"," ","4.40"
"21/08/2017 07:00:00 - 21/08/2017 08:00:00","BZN|DK1","33.00","n/e"," ","34.33"
"21/08/2017 08:00:00 - 21/08/2017 09:00:00","BZN|DK1","92.00","n/e"," ","80.42"
"21/08/2017 09:00:00 - 21/08/2017 10:00:00","BZN|DK1","152.00","n/e"," ","135.93"
"21/08/2017 10:00:00 - 21/08/2017 11:00:00","BZN|DK1","197.00","n/e"," ","191.60"
"21/08/2017 11:00:00 - 21/08/2017 12:00:00","BZN|DK1","260.00","n/e"," ","218.04"
"21/08/2017 12:00:00 - 21/08/2017 13:00:00","BZN|DK1","288.00","n/e"," ","232.17"
"21/08/2017 13:00:00 - 21/08/2017 14:00:00","BZN|DK1","291.00","n/e"," ","253.41"
"21/08/2017 14:00:00 - 21/08/2017 15:00:00","BZN|DK1","289.00","n/e"," ","267.93"
"21/08/2017 15:00:00 - 21/08/2017 16:00:00","BZN|DK1","269.00","n/e"," ","239.85"
"21/08/2017 16:00:00 - 21/08/2017 17:00:00","BZN|DK1","229.00","n/e"," ","170.56"
"21/08/2017 17:00:00 - 21/08/2017 18:00:00","BZN|DK1","155.00","n/e"," ","111.84"
"21/08/2017 18:00:00 - 21/08/2017 19:00:00","BZN|DK1","93.00","n/e"," ","60.65"
"21/08/2017 19:00:00 - 21/08/2017 20:00:00","BZN|DK1","35.00","n/e"," ","22.28"
"21/08/2017 20:00:00 - 21/08/2017 21:00:00","BZN|DK1","3.00","n/e"," ","1.98"
"21/08/2017 21:00:00 - 21/08/2017 22:00:00","BZN|DK1","0.00","n/e"," ","0.06"
"21/08/2017 22:00:00 - 21/08/2017 23:00:00","BZN|DK1","0.00","n/e"," ","0.02"
"21/08/2017 23:00:00 - 22/08/2017 00:00:00","BZN|DK1","0.00","n/e"," ","0.00"
"22/08/2017 00:00:00 - 22/08/2017 01:00:00","BZN|DK1","0.00","n/e"," ","0.00"
"22/08/2017 01:00:00 - 22/08/2017 02:00:00","BZN|DK1","0.00","n/e"," ","0.00"
"22/08/2017 02:00:00 - 22/08/2017 03:00:00","BZN|DK1","0.00","n/e"," ","0.00"
"22/08/2017 03:00:00 - 22/08/2017 04:00:00","BZN|DK1","0.00","n/e"," ","0.00"
"22/08/2017 04:00:00 - 22/08/2017 05:00:00","BZN|DK1","0.00","n/e"," ","0.01"
"22/08/2017 05:00:00 - 22/08/2017 06:00:00","BZN|DK1","0.00","n/e"," ","0.06"
"22/08/2017 06:00:00 - 22/08/2017 07:00:00","BZN|DK1","6.00","n/e"," ","6.38"
"22/08/2017 07:00:00 - 22/08/2017 08:00:00","BZN|DK1","41.00","n/e"," ","38.53"
"22/08/2017 08:00:00 - 22/08/2017 09:00:00","BZN|DK1","102.00","n/e"," ","102.31"
"22/08/2017 09:00:00 - 22/08/2017 10:00:00","BZN|DK1","166.00","n/e"," ","164.76"
"22/08/2017 10:00:00 - 22/08/2017 11:00:00","BZN|DK1","216.00","n/e"," ","207.97"
"22/08/2017 11:00:00 - 22/08/2017 12:00:00","BZN|DK1","248.00","n/e"," ","261.16"
"22/08/2017 12:00:00 - 22/08/2017 13:00:00","BZN|DK1","247.00","n/e"," ","291.61"
"22/08/2017 13:00:00 - 22/08/2017 14:00:00","BZN|DK1","260.00","n/e"," ","295.87"
"22/08/2017 14:00:00 - 22/08/2017 15:00:00","BZN|DK1","266.00","n/e"," ","309.75"
"22/08/2017 15:00:00 - 22/08/2017 16:00:00","BZN|DK1","247.00","n/e"," ","274.72"
"22/08/2017 16:00:00 - 22/08/2017 17:00:00","BZN|DK1","214.00","n/e"," ","217.61"
"22/08/2017 17:00:00 - 22/08/2017 18:00:00","BZN|DK1","140.00","n/e"," ","150.48"
"22/08/2017 18:00:00 - 22/08/2017 19:00:00","BZN|DK1","78.00","n/e"," ","89.51"
"22/08/2017 19:00:00 - 22/08/2017 20:00:00","BZN|DK1","28.00","n/e"," ","30.43"
"22/08/2017 20:00:00 - 22/08/2017 21:00:00","BZN|DK1","3.00","n/e"," ","3.02"
"22/08/2017 21:00:00 - 22/08/2017 22:00:00","BZN|DK1","0.00","n/e"," ","0.06"
"22/08/2017 22:00:00 - 22/08/2017 23:00:00","BZN|DK1","0.00","n/e"," ","0.01"
"22/08/2017 23:00:00 - 23/08/2017 00:00:00","BZN|DK1","0.00","n/e"," ","0.00"
"23/08/2017 00:00:00 - 23/08/2017 01:00:00","BZN|DK1","0.00","n/e"," ","0.00"
"23/08/2017 01:00:00 - 23/08/2017 02:00:00","BZN|DK1","0.00","n/e"," ","0.00"
"23/08/2017 02:00:00 - 23/08/2017 03:00:00","BZN|DK1","0.00","n/e"," ","0.00"
"23/08/2017 03:00:00 - 23/08/2017 04:00:00","BZN|DK1","0.00","n/e"," ","0.00"
"23/08/2017 04:00:00 - 23/08/2017 05:00:00","BZN|DK1","0.00","n/e"," ","0.01"
"23/08/2017 05:00:00 - 23/08/2017 06:00:00","BZN|DK1","0.00","n/e"," ","0.07"
"23/08/2017 06:00:00 - 23/08/2017 07:00:00","BZN|DK1","6.00","n/e"," ","6.80"
"23/08/2017 07:00:00 - 23/08/2017 08:00:00","BZN|DK1","42.00","n/e"," ","39.55"
"23/08/2017 08:00:00 - 23/08/2017 09:00:00","BZN|DK1","120.00","n/e"," ","102.62"
"23/08/2017 09:00:00 - 23/08/2017 10:00:00","BZN|DK1","201.00","n/e"," ","189.93"
"23/08/2017 10:00:00 - 23/08/2017 11:00:00","BZN|DK1","266.00","n/e"," ","277.18"
"23/08/2017 11:00:00 - 23/08/2017 12:00:00","BZN|DK1","345.00","n/e"," ","344.04"
"23/08/2017 12:00:00 - 23/08/2017 13:00:00","BZN|DK1","367.00","n/e"," ","377.10"
"23/08/2017 13:00:00 - 23/08/2017 14:00:00","BZN|DK1","368.00","n/e"," ","382.34"
"23/08/2017 14:00:00 - 23/08/2017 15:00:00","BZN|DK1","339.00","n/e"," ","363.45"
"23/08/2017 15:00:00 - 23/08/2017 16:00:00","BZN|DK1","306.00","n/e"," ","320.73"
"23/08/2017 16:00:00 - 23/08/2017 17:00:00","BZN|DK1","255.00","n/e"," ","264.25"
"23/08/2017 17:00:00 - 23/08/2017 18:00:00","BZN|DK1","166.00","n/e"," ","188.92"
"23/08/2017 18:00:00 - 23/08/2017 19:00:00","BZN|DK1","94.00","n/e"," ","104.27"
"23/08/2017 19:00:00 - 23/08/2017 20:00:00","BZN|DK1","34.00","n/e"," ","34.47"
"23/08/2017 20:00:00 - 23/08/2017 21:00:00","BZN|DK1","3.00","n/e"," ","3.38"
"23/08/2017 21:00:00 - 23/08/2017 22:00:00","BZN|DK1","0.00","n/e"," ","0.06"
"23/08/2017 22:00:00 - 23/08/2017 23:00:00","BZN|DK1","0.00","n/e"," ","0.01"
"23/08/2017 23:00:00 - 24/08/2017 00:00:00","BZN|DK1","0.00","n/e"," ","0.00"
"24/08/2017 00:00:00 - 24/08/2017 01:00:00","BZN|DK1","0.00","n/e"," ","0.00"
"24/08/2017 01:00:00 - 24/08/2017 02:00:00","BZN|DK1","0.00","n/e"," ","0.00"
"24/08/2017 02:00:00 - 24/08/2017 03:00:00","BZN|DK1","0.00","n/e"," ","0.00"
"24/08/2017 03:00:00 - 24/08/2017 04:00:00","BZN|DK1","0.00","n/e"," ","0.00"
"24/08/2017 04:00:00 - 24/08/2017 05:00:00","BZN|DK1","0.00","n/e"," ","0.01"
"24/08/2017 05:00:00 - 24/08/2017 06:00:00","BZN|DK1","0.00","n/e"," ","0.05"
"24/08/2017 06:00:00 - 24/08/2017 07:00:00","BZN|DK1","3.00","n/e"," ","2.58"
"24/08/2017 07:00:00 - 24/08/2017 08:00:00","BZN|DK1","28.00","n/e"," ","25.95"
"24/08/2017 08:00:00 - 24/08/2017 09:00:00","BZN|DK1","74.00","n/e"," ","66.53"
"24/08/2017 09:00:00 - 24/08/2017 10:00:00","BZN|DK1","119.00","n/e"," ","102.43"
"24/08/2017 10:00:00 - 24/08/2017 11:00:00","BZN|DK1","156.00","n/e"," ","118.57"
"24/08/2017 11:00:00 - 24/08/2017 12:00:00","BZN|DK1","169.00","n/e"," ","110.31"
"24/08/2017 12:00:00 - 24/08/2017 13:00:00","BZN|DK1","174.00","n/e"," ","124.78"
"24/08/2017 13:00:00 - 24/08/2017 14:00:00","BZN|DK1","182.00","n/e"," ","147.25"
"24/08/2017 14:00:00 - 24/08/2017 15:00:00","BZN|DK1","176.00","n/e"," ","165.07"
"24/08/2017 15:00:00 - 24/08/2017 16:00:00","BZN|DK1","172.00","n/e"," ","183.21"
"24/08/2017 16:00:00 - 24/08/2017 17:00:00","BZN|DK1","155.00","n/e"," ","158.40"
"24/08/2017 17:00:00 - 24/08/2017 18:00:00","BZN|DK1","122.00","n/e"," ","122.86"
"24/08/2017 18:00:00 - 24/08/2017 19:00:00","BZN|DK1","77.00","n/e"," ","70.99"
"24/08/2017 19:00:00 - 24/08/2017 20:00:00","BZN|DK1","27.00","n/e"," ","24.17"
"24/08/2017 20:00:00 - 24/08/2017 21:00:00","BZN|DK1","2.00","n/e"," ","2.50"
"24/08/2017 21:00:00 - 24/08/2017 22:00:00","BZN|DK1","0.00","n/e"," ","0.06"
"24/08/2017 22:00:00 - 24/08/2017 23:00:00","BZN|DK1","0.00","n/e"," ","0.01"
"24/08/2017 23:00:00 - 25/08/2017 00:00:00","BZN|DK1","0.00","n/e"," ","0.00"
"25/08/2017 00:00:00 - 25/08/2017 01:00:00","BZN|DK1","0.00","n/e"," ","0.00"
"25/08/2017 01:00:00 - 25/08/2017 02:00:00","BZN|DK1","0.00","n/e"," ","0.00"
"25/08/2017 02:00:00 - 25/08/2017 03:00:00","BZN|DK1","0.00","n/e"," ","0.00"
"25/08/2017 03:00:00 - 25/08/2017 04:00:00","BZN|DK1","0.00","n/e"," ","0.00"
"25/08/2017 04:00:00 - 25/08/2017 05:00:00","BZN|DK1","0.00","n/e"," ","0.03"
"25/08/2017 05:00:00 - 25/08/2017 06:00:00","BZN|DK1","0.00","n/e"," ","0.05"
"25/08/2017 06:00:00 - 25/08/2017 07:00:00","BZN|DK1","4.00","n/e"," ","3.64"
"25/08/2017 07:00:00 - 25/08/2017 08:00:00","BZN|DK1","33.00","n/e"," ","31.30"
"25/08/2017 08:00:00 - 25/08/2017 09:00:00","BZN|DK1","87.00","n/e"," ","93.88"
"25/08/2017 09:00:00 - 25/08/2017 10:00:00","BZN|DK1","150.00","n/e"," ","158.77"
"25/08/2017 10:00:00 - 25/08/2017 11:00:00","BZN|DK1","204.00","n/e"," ","221.78"
"25/08/2017 11:00:00 - 25/08/2017 12:00:00","BZN|DK1","267.00","n/e"," ","269.35"
"25/08/2017 12:00:00 - 25/08/2017 13:00:00","BZN|DK1","284.00","n/e"," ","304.89"
"25/08/2017 13:00:00 - 25/08/2017 14:00:00","BZN|DK1","293.00","n/e"," ","305.63"
"25/08/2017 14:00:00 - 25/08/2017 15:00:00","BZN|DK1","277.00","n/e"," ","293.69"
"25/08/2017 15:00:00 - 25/08/2017 16:00:00","BZN|DK1","259.00","n/e"," ","262.30"
"25/08/2017 16:00:00 - 25/08/2017 17:00:00","BZN|DK1","221.00","n/e"," ","210.89"
"25/08/2017 17:00:00 - 25/08/2017 18:00:00","BZN|DK1","147.00","n/e"," ","143.72"
"25/08/2017 18:00:00 - 25/08/2017 19:00:00","BZN|DK1","87.00","n/e"," ","77.04"
"25/08/2017 19:00:00 - 25/08/2017 20:00:00","BZN|DK1","29.00","n/e"," ","26.28"
"25/08/2017 20:00:00 - 25/08/2017 21:00:00","BZN|DK1","2.00","n/e"," ","2.41"
"25/08/2017 21:00:00 - 25/08/2017 22:00:00","BZN|DK1","0.00","n/e"," ","0.06"
"25/08/2017 22:00:00 - 25/08/2017 23:00:00","BZN|DK1","0.00","n/e"," ","0.01"
"25/08/2017 23:00:00 - 26/08/2017 00:00:00","BZN|DK1","0.00","n/e"," ","0.00"
"26/08/2017 00:00:00 - 26/08/2017 01:00:00","BZN|DK1","0.00","n/e"," ","0.00"
"26/08/2017 01:00:00 - 26/08/2017 02:00:00","BZN|DK1","0.00","n/e"," ","0.00"
"26/08/2017 02:00:00 - 26/08/2017 03:00:00","BZN|DK1","0.00","n/e"," ","0.00"
"26/08/2017 03:00:00 - 26/08/2017 04:00:00","BZN|DK1","0.00","n/e"," ","0.00"
"26/08/2017 04:00:00 - 26/08/2017 05:00:00","BZN|DK1","0.00","n/e"," ","0.02"
"26/08/2017 05:00:00 - 26/08/2017 06:00:00","BZN|DK1","0.00","n/e"," ","0.05"
"26/08/2017 06:00:00 - 26/08/2017 07:00:00","BZN|DK1","4.00","n/e"," ","2.02"
"26/08/2017 07:00:00 - 26/08/2017 08:00:00","BZN|DK1","25.00","n/e"," ","21.08"
"26/08/2017 08:00:00 - 26/08/2017 09:00:00","BZN|DK1","63.00","n/e"," ","67.94"
"26/08/2017 09:00:00 - 26/08/2017 10:00:00","BZN|DK1","116.00","n/e"," ","127.06"
"26/08/2017 10:00:00 - 26/08/2017 11:00:00","BZN|DK1","171.00","n/e"," ","192.98"
"26/08/2017 11:00:00 - 26/08/2017 12:00:00","BZN|DK1","206.00","n/e"," ","237.48"
"26/08/2017 12:00:00 - 26/08/2017 13:00:00","BZN|DK1","218.00","n/e"," ","215.22"
"26/08/2017 13:00:00 - 26/08/2017 14:00:00","BZN|DK1","219.00","n/e"," ","191.65"
"26/08/2017 14:00:00 - 26/08/2017 15:00:00","BZN|DK1","180.00","n/e"," ","167.32"
"26/08/2017 15:00:00 - 26/08/2017 16:00:00","BZN|DK1","158.00","n/e"," ","125.59"
"26/08/2017 16:00:00 - 26/08/2017 17:00:00","BZN|DK1","127.00","n/e"," ","77.43"
"26/08/2017 17:00:00 - 26/08/2017 18:00:00","BZN|DK1","76.00","n/e"," ","48.93"
"26/08/2017 18:00:00 - 26/08/2017 19:00:00","BZN|DK1","41.00","n/e"," ","25.81"
"26/08/2017 19:00:00 - 26/08/2017 20:00:00","BZN|DK1","15.00","n/e"," ","11.68"
"26/08/2017 20:00:00 - 26/08/2017 21:00:00","BZN|DK1","1.00","n/e"," ","0.80"
"26/08/2017 21:00:00 - 26/08/2017 22:00:00","BZN|DK1","0.00","n/e"," ","0.05"
"26/08/2017 22:00:00 - 26/08/2017 23:00:00","BZN|DK1","0.00","n/e"," ","0.02"
"26/08/2017 23:00:00 - 27/08/2017 00:00:00","BZN|DK1","0.00","n/e"," ","0.00"
"27/08/2017 00:00:00 - 27/08/2017 01:00:00","BZN|DK1","0.00","n/e"," ","0.00"
"27/08/2017 01:00:00 - 27/08/2017 02:00:00","BZN|DK1","0.00","n/e"," ","0.00"
"27/08/2017 02:00:00 - 27/08/2017 03:00:00","BZN|DK1","0.00","n/e"," ","0.00"
"27/08/2017 03:00:00 - 27/08/2017 04:00:00","BZN|DK1","0.00","n/e"," ","0.00"
"27/08/2017 04:00:00 - 27/08/2017 05:00:00","BZN|DK1","0.00","n/e"," ","0.01"
"27/08/2017 05:00:00 - 27/08/2017 06:00:00","BZN|DK1","0.00","n/e"," ","0.04"
"27/08/2017 06:00:00 - 27/08/2017 07:00:00","BZN|DK1","3.00","n/e"," ","1.41"
"27/08/2017 07:00:00 - 27/08/2017 08:00:00","BZN|DK1","26.00","n/e"," ","22.24"
"27/08/2017 08:00:00 - 27/08/2017 09:00:00","BZN|DK1","74.00","n/e"," ","82.25"
"27/08/2017 09:00:00 - 27/08/2017 10:00:00","BZN|DK1","132.00","n/e"," ","151.31"
"27/08/2017 10:00:00 - 27/08/2017 11:00:00","BZN|DK1","177.00","n/e"," ","196.70"
"27/08/2017 11:00:00 - 27/08/2017 12:00:00","BZN|DK1","217.00","n/e"," ","234.90"
"27/08/2017 12:00:00 - 27/08/2017 13:00:00","BZN|DK1","227.00","n/e"," ","253.71"
"27/08/2017 13:00:00 - 27/08/2017 14:00:00","BZN|DK1","240.00","n/e"," ","252.05"
"27/08/2017 14:00:00 - 27/08/2017 15:00:00","BZN|DK1","247.00","n/e"," ","257.10"
"27/08/2017 15:00:00 - 27/08/2017 16:00:00","BZN|DK1","231.00","n/e"," ","241.89"
"27/08/2017 16:00:00 - 27/08/2017 17:00:00","BZN|DK1","201.00","n/e"," ","203.23"
"27/08/2017 17:00:00 - 27/08/2017 18:00:00","BZN|DK1","128.00","n/e"," ","154.30"
"27/08/2017 18:00:00 - 27/08/2017 19:00:00","BZN|DK1","76.00","n/e"," ","92.08"
"27/08/2017 19:00:00 - 27/08/2017 20:00:00","BZN|DK1","25.00","n/e"," ","25.90"
"27/08/2017 20:00:00 - 27/08/2017 21:00:00","BZN|DK1","1.00","n/e"," ","1.66"
"27/08/2017 21:00:00 - 27/08/2017 22:00:00","BZN|DK1","0.00","n/e"," ","0.05"
"27/08/2017 22:00:00 - 27/08/2017 23:00:00","BZN|DK1","0.00","n/e"," ","0.02"
"27/08/2017 23:00:00 - 28/08/2017 00:00:00","BZN|DK1","0.00","n/e"," ","0.00"
"28/08/2017 00:00:00 - 28/08/2017 01:00:00","BZN|DK1","0.00","n/e"," ","0.00"
"28/08/2017 01:00:00 - 28/08/2017 02:00:00","BZN|DK1","0.00","n/e"," ","0.00"
"28/08/2017 02:00:00 - 28/08/2017 03:00:00","BZN|DK1","0.00","n/e"," ","0.00"
"28/08/2017 03:00:00 - 28/08/2017 04:00:00","BZN|DK1","0.00","n/e"," ","0.00"
"28/08/2017 04:00:00 - 28/08/2017 05:00:00","BZN|DK1","0.00","n/e"," ","0.01"
"28/08/2017 05:00:00 - 28/08/2017 06:00:00","BZN|DK1","0.00","n/e"," ","0.04"
"28/08/2017 06:00:00 - 28/08/2017 07:00:00","BZN|DK1","4.00","n/e"," ","2.70"
"28/08/2017 07:00:00 - 28/08/2017 08:00:00","BZN|DK1","34.00","n/e"," ","32.58"
"28/08/2017 08:00:00 - 28/08/2017 09:00:00","BZN|DK1","101.00","n/e"," ","102.77"
"28/08/2017 09:00:00 - 28/08/2017 10:00:00","BZN|DK1","174.00","n/e"," ","189.38"
"28/08/2017 10:00:00 - 28/08/2017 11:00:00","BZN|DK1","228.00","n/e"," ","228.95"
"28/08/2017 11:00:00 - 28/08/2017 12:00:00","BZN|DK1","241.00","n/e"," ","273.13"
"28/08/2017 12:00:00 - 28/08/2017 13:00:00","BZN|DK1","238.00","n/e"," ","301.10"
"28/08/2017 13:00:00 - 28/08/2017 14:00:00","BZN|DK1","246.00","n/e"," ","293.95"
"28/08/2017 14:00:00 - 28/08/2017 15:00:00","BZN|DK1","237.00","n/e"," ","272.97"
"28/08/2017 15:00:00 - 28/08/2017 16:00:00","BZN|DK1","214.00","n/e"," ","230.54"
"28/08/2017 16:00:00 - 28/08/2017 17:00:00","BZN|DK1","180.00","n/e"," ","174.18"
"28/08/2017 17:00:00 - 28/08/2017 18:00:00","BZN|DK1","114.00","n/e"," ","127.06"
"28/08/2017 18:00:00 - 28/08/2017 19:00:00","BZN|DK1","62.00","n/e"," ","69.73"
"28/08/2017 19:00:00 - 28/08/2017 20:00:00","BZN|DK1","21.00","n/e"," ","19.58"
"28/08/2017 20:00:00 - 28/08/2017 21:00:00","BZN|DK1","1.00","n/e"," ","0.89"
"28/08/2017 21:00:00 - 28/08/2017 22:00:00","BZN|DK1","0.00","n/e"," ","0.05"
"28/08/2017 22:00:00 - 28/08/2017 23:00:00","BZN|DK1","0.00","n/e"," ","0.02"
"28/08/2017 23:00:00 - 29/08/2017 00:00:00","BZN|DK1","0.00","n/e"," ","0.00"
"29/08/2017 00:00:00 - 29/08/2017 01:00:00","BZN|DK1","0.00","n/e"," ","0.00"
"29/08/2017 01:00:00 - 29/08/2017 02:00:00","BZN|DK1","0.00","n/e"," ","0.00"
"29/08/2017 02:00:00 - 29/08/2017 03:00:00","BZN|DK1","0.00","n/e"," ","0.00"
"29/08/2017 03:00:00 - 29/08/2017 04:00:00","BZN|DK1","0.00","n/e"," ","0.00"
"29/08/2017 04:00:00 - 29/08/2017 05:00:00","BZN|DK1","0.00","n/e"," ","0.01"
"29/08/2017 05:00:00 - 29/08/2017 06:00:00","BZN|DK1","0.00","n/e"," ","0.04"
"29/08/2017 06:00:00 - 29/08/2017 07:00:00","BZN|DK1","3.00","n/e"," ","3.80"
"29/08/2017 07:00:00 - 29/08/2017 08:00:00","BZN|DK1","38.00","n/e"," ","35.53"
"29/08/2017 08:00:00 - 29/08/2017 09:00:00","BZN|DK1","103.00","n/e"," ","86.85"
"29/08/2017 09:00:00 - 29/08/2017 10:00:00","BZN|DK1","183.00","n/e"," ","149.55"
"29/08/2017 10:00:00 - 29/08/2017 11:00:00","BZN|DK1","255.00","n/e"," ","243.30"
"29/08/2017 11:00:00 - 29/08/2017 12:00:00","BZN|DK1","327.00","n/e"," ","320.09"
"29/08/2017 12:00:00 - 29/08/2017 13:00:00","BZN|DK1","349.00","n/e"," ","350.97"
"29/08/2017 13:00:00 - 29/08/2017 14:00:00","BZN|DK1","356.00","n/e"," ","370.37"
"29/08/2017 14:00:00 - 29/08/2017 15:00:00","BZN|DK1","342.00","n/e"," ","348.18"
"29/08/2017 15:00:00 - 29/08/2017 16:00:00","BZN|DK1","293.00","n/e"," ","290.52"
"29/08/2017 16:00:00 - 29/08/2017 17:00:00","BZN|DK1","230.00","n/e"," ","216.51"
"29/08/2017 17:00:00 - 29/08/2017 18:00:00","BZN|DK1","141.00","n/e"," ","138.98"
"29/08/2017 18:00:00 - 29/08/2017 19:00:00","BZN|DK1","73.00","n/e"," ","67.14"
"29/08/2017 19:00:00 - 29/08/2017 20:00:00","BZN|DK1","20.00","n/e"," ","15.96"
"29/08/2017 20:00:00 - 29/08/2017 21:00:00","BZN|DK1","1.00","n/e"," ","0.43"
"29/08/2017 21:00:00 - 29/08/2017 22:00:00","BZN|DK1","0.00","n/e"," ","0.05"
"29/08/2017 22:00:00 - 29/08/2017 23:00:00","BZN|DK1","0.00","n/e"," ","0.03"
"29/08/2017 23:00:00 - 30/08/2017 00:00:00","BZN|DK1","0.00","n/e"," ","0.00"
"30/08/2017 00:00:00 - 30/08/2017 01:00:00","BZN|DK1","0.00","n/e"," ","0.00"
"30/08/2017 01:00:00 - 30/08/2017 02:00:00","BZN|DK1","0.00","n/e"," ","0.00"
"30/08/2017 02:00:00 - 30/08/2017 03:00:00","BZN|DK1","0.00","n/e"," ","0.00"
"30/08/2017 03:00:00 - 30/08/2017 04:00:00","BZN|DK1","0.00","n/e"," ","0.00"
"30/08/2017 04:00:00 - 30/08/2017 05:00:00","BZN|DK1","0.00","n/e"," ","0.01"
"30/08/2017 05:00:00 - 30/08/2017 06:00:00","BZN|DK1","0.00","n/e"," ","0.04"
"30/08/2017 06:00:00 - 30/08/2017 07:00:00","BZN|DK1","2.00","n/e"," ","0.72"
"30/08/2017 07:00:00 - 30/08/2017 08:00:00","BZN|DK1","14.00","n/e"," ","15.76"
"30/08/2017 08:00:00 - 30/08/2017 09:00:00","BZN|DK1","28.00","n/e"," ","43.09"
"30/08/2017 09:00:00 - 30/08/2017 10:00:00","BZN|DK1","54.00","n/e"," ","61.50"
"30/08/2017 10:00:00 - 30/08/2017 11:00:00","BZN|DK1","75.00","n/e"," ","70.83"
"30/08/2017 11:00:00 - 30/08/2017 12:00:00","BZN|DK1","94.00","n/e"," ","73.55"
"30/08/2017 12:00:00 - 30/08/2017 13:00:00","BZN|DK1","114.00","n/e"," ","71.31"
"30/08/2017 13:00:00 - 30/08/2017 14:00:00","BZN|DK1","126.00","n/e"," ","76.29"
"30/08/2017 14:00:00 - 30/08/2017 15:00:00","BZN|DK1","110.00","n/e"," ","55.91"
"30/08/2017 15:00:00 - 30/08/2017 16:00:00","BZN|DK1","91.00","n/e"," ","48.89"
"30/08/2017 16:00:00 - 30/08/2017 17:00:00","BZN|DK1","67.00","n/e"," ","38.27"
"30/08/2017 17:00:00 - 30/08/2017 18:00:00","BZN|DK1","36.00","n/e"," ","25.85"
"30/08/2017 18:00:00 - 30/08/2017 19:00:00","BZN|DK1","14.00","n/e"," ","13.53"
"30/08/2017 19:00:00 - 30/08/2017 20:00:00","BZN|DK1","4.00","n/e"," ","3.33"
"30/08/2017 20:00:00 - 30/08/2017 21:00:00","BZN|DK1","0.00","n/e"," ","0.24"
"30/08/2017 21:00:00 - 30/08/2017 22:00:00","BZN|DK1","0.00","n/e"," ","0.03"
"30/08/2017 22:00:00 - 30/08/2017 23:00:00","BZN|DK1","0.00","n/e"," ","0.03"
"30/08/2017 23:00:00 - 31/08/2017 00:00:00","BZN|DK1","0.00","n/e"," ","0.00"
"31/08/2017 00:00:00 - 31/08/2017 01:00:00","BZN|DK1","0.00","n/e"," ","0.00"
"31/08/2017 01:00:00 - 31/08/2017 02:00:00","BZN|DK1","0.00","n/e"," ","0.00"
"31/08/2017 02:00:00 - 31/08/2017 03:00:00","BZN|DK1","0.00","n/e"," ","0.00"
"31/08/2017 03:00:00 - 31/08/2017 04:00:00","BZN|DK1","0.00","n/e"," ","0.00"
"31/08/2017 04:00:00 - 31/08/2017 05:00:00","BZN|DK1","0.00","n/e"," ","0.02"
"31/08/2017 05:00:00 - 31/08/2017 06:00:00","BZN|DK1","0.00","n/e"," ","0.03"
"31/08/2017 06:00:00 - 31/08/2017 07:00:00","BZN|DK1","1.00","n/e"," ","0.31"
"31/08/2017 07:00:00 - 31/08/2017 08:00:00","BZN|DK1","5.00","n/e"," ","7.70"
"31/08/2017 08:00:00 - 31/08/2017 09:00:00","BZN|DK1","9.00","n/e"," ","25.01"
"31/08/2017 09:00:00 - 31/08/2017 10:00:00","BZN|DK1","28.00","n/e"," ","46.87"
"31/08/2017 10:00:00 - 31/08/2017 11:00:00","BZN|DK1","45.00","n/e"," ","70.01"
"31/08/2017 11:00:00 - 31/08/2017 12:00:00","BZN|DK1","43.00","n/e"," ","99.23"
"31/08/2017 12:00:00 - 31/08/2017 13:00:00","BZN|DK1","38.00","n/e"," ","108.90"
"31/08/2017 13:00:00 - 31/08/2017 14:00:00","BZN|DK1","68.00","n/e"," ","183.10"
"31/08/2017 14:00:00 - 31/08/2017 15:00:00","BZN|DK1","153.00","n/e"," ","234.83"
"31/08/2017 15:00:00 - 31/08/2017 16:00:00","BZN|DK1","154.00","n/e"," ","167.22"
"31/08/2017 16:00:00 - 31/08/2017 17:00:00","BZN|DK1","131.00","n/e"," ","145.66"
"31/08/2017 17:00:00 - 31/08/2017 18:00:00","BZN|DK1","97.00","n/e"," ","123.13"
"31/08/2017 18:00:00 - 31/08/2017 19:00:00","BZN|DK1","58.00","n/e"," ","79.28"
"31/08/2017 19:00:00 - 31/08/2017 20:00:00","BZN|DK1","18.00","n/e"," ","21.36"
"31/08/2017 20:00:00 - 31/08/2017 21:00:00","BZN|DK1","1.00","n/e"," ","1.14"
"31/08/2017 21:00:00 - 31/08/2017 22:00:00","BZN|DK1","0.00","n/e"," ","0.05"
"31/08/2017 22:00:00 - 31/08/2017 23:00:00","BZN|DK1","0.00","n/e"," ","0.03"
"31/08/2017 23:00:00 - 01/09/2017 00:00:00","BZN|DK1","0.00","n/e"," ","0.00"
"01/09/2017 00:00:00 - 01/09/2017 01:00:00","BZN|DK1","0.00","n/e"," ","0.00"
"01/09/2017 01:00:00 - 01/09/2017 02:00:00","BZN|DK1","0.00","n/e"," ","0.00"
"01/09/2017 02:00:00 - 01/09/2017 03:00:00","BZN|DK1","0.00","n/e"," ","0.00"
"01/09/2017 03:00:00 - 01/09/2017 04:00:00","BZN|DK1","0.00","n/e"," ","0.00"
"01/09/2017 04:00:00 - 01/09/2017 05:00:00","BZN|DK1","0.00","n/e"," ","0.01"
"01/09/2017 05:00:00 - 01/09/2017 06:00:00","BZN|DK1","0.00","n/e"," ","0.04"
"01/09/2017 06:00:00 - 01/09/2017 07:00:00","BZN|DK1","2.00","n/e"," ","1.13"
"01/09/2017 07:00:00 - 01/09/2017 08:00:00","BZN|DK1","16.00","n/e"," ","25.67"
"01/09/2017 08:00:00 - 01/09/2017 09:00:00","BZN|DK1","59.00","n/e"," ","91.79"
"01/09/2017 09:00:00 - 01/09/2017 10:00:00","BZN|DK1","116.00","n/e"," ","181.47"
"01/09/2017 10:00:00 - 01/09/2017 11:00:00","BZN|DK1","166.00","n/e"," ","242.04"
"01/09/2017 11:00:00 - 01/09/2017 12:00:00","BZN|DK1","213.00","n/e"," ","257.99"
"01/09/2017 12:00:00 - 01/09/2017 13:00:00","BZN|DK1","218.00","n/e"," ","294.40"
"01/09/2017 13:00:00 - 01/09/2017 14:00:00","BZN|DK1","229.00","n/e"," ","279.12"
"01/09/2017 14:00:00 - 01/09/2017 15:00:00","BZN|DK1","217.00","n/e"," ","270.79"
"01/09/2017 15:00:00 - 01/09/2017 16:00:00","BZN|DK1","213.00","n/e"," ","268.96"
"01/09/2017 16:00:00 - 01/09/2017 17:00:00","BZN|DK1","180.00","n/e"," ","214.65"
"01/09/2017 17:00:00 - 01/09/2017 18:00:00","BZN|DK1","112.00","n/e"," ","152.74"
"01/09/2017 18:00:00 - 01/09/2017 19:00:00","BZN|DK1","61.00","n/e"," ","81.42"
"01/09/2017 19:00:00 - 01/09/2017 20:00:00","BZN|DK1","17.00","n/e"," ","22.15"
"01/09/2017 20:00:00 - 01/09/2017 21:00:00","BZN|DK1","1.00","n/e"," ","1.06"
"01/09/2017 21:00:00 - 01/09/2017 22:00:00","BZN|DK1","0.00","n/e"," ","0.05"
"01/09/2017 22:00:00 - 01/09/2017 23:00:00","BZN|DK1","0.00","n/e"," ","0.03"
"01/09/2017 23:00:00 - 02/09/2017 00:00:00","BZN|DK1","0.00","n/e"," ","0.00"
"02/09/2017 00:00:00 - 02/09/2017 01:00:00","BZN|DK1","0.00","n/e"," ","0.00"
"02/09/2017 01:00:00 - 02/09/2017 02:00:00","BZN|DK1","0.00","n/e"," ","0.00"
"02/09/2017 02:00:00 - 02/09/2017 03:00:00","BZN|DK1","0.00","n/e"," ","0.00"
"02/09/2017 03:00:00 - 02/09/2017 04:00:00","BZN|DK1","0.00","n/e"," ","0.00"
"02/09/2017 04:00:00 - 02/09/2017 05:00:00","BZN|DK1","0.00","n/e"," ","0.01"
"02/09/2017 05:00:00 - 02/09/2017 06:00:00","BZN|DK1","0.00","n/e"," ","0.04"
"02/09/2017 06:00:00 - 02/09/2017 07:00:00","BZN|DK1","1.00","n/e"," ","1.89"
"02/09/2017 07:00:00 - 02/09/2017 08:00:00","BZN|DK1","28.00","n/e"," ","29.84"
"02/09/2017 08:00:00 - 02/09/2017 09:00:00","BZN|DK1","90.00","n/e"," ","95.21"
"02/09/2017 09:00:00 - 02/09/2017 10:00:00","BZN|DK1","164.00","n/e"," ","185.66"
"02/09/2017 10:00:00 - 02/09/2017 11:00:00","BZN|DK1","219.00","n/e"," ","244.87"
"02/09/2017 11:00:00 - 02/09/2017 12:00:00","BZN|DK1","257.00","n/e"," ","253.24"
"02/09/2017 12:00:00 - 02/09/2017 13:00:00","BZN|DK1","266.00","n/e"," ","248.32"
"02/09/2017 13:00:00 - 02/09/2017 14:00:00","BZN|DK1","270.00","n/e"," ","241.97"
"02/09/2017 14:00:00 - 02/09/2017 15:00:00","BZN|DK1","248.00","n/e"," ","266.51"
"02/09/2017 15:00:00 - 02/09/2017 16:00:00","BZN|DK1","221.00","n/e"," ","234.21"
"02/09/2017 16:00:00 - 02/09/2017 17:00:00","BZN|DK1","181.00","n/e"," ","200.71"
"02/09/2017 17:00:00 - 02/09/2017 18:00:00","BZN|DK1","108.00","n/e"," ","145.03"
"02/09/2017 18:00:00 - 02/09/2017 19:00:00","BZN|DK1","55.00","n/e"," ","75.58"
"02/09/2017 19:00:00 - 02/09/2017 20:00:00","BZN|DK1","15.00","n/e"," ","20.59"
"02/09/2017 20:00:00 - 02/09/2017 21:00:00","BZN|DK1","1.00","n/e"," ","0.78"
"02/09/2017 21:00:00 - 02/09/2017 22:00:00","BZN|DK1","0.00","n/e"," ","0.04"
"02/09/2017 22:00:00 - 02/09/2017 23:00:00","BZN|DK1","0.00","n/e"," ","0.03"
"02/09/2017 23:00:00 - 03/09/2017 00:00:00","BZN|DK1","0.00","n/e"," ","0.00"
"03/09/2017 00:00:00 - 03/09/2017 01:00:00","BZN|DK1","0.00","n/e"," ","0.00"
"03/09/2017 01:00:00 - 03/09/2017 02:00:00","BZN|DK1","0.00","n/e"," ","0.00"
"03/09/2017 02:00:00 - 03/09/2017 03:00:00","BZN|DK1","0.00","n/e"," ","0.00"
"03/09/2017 03:00:00 - 03/09/2017 04:00:00","BZN|DK1","0.00","n/e"," ","0.00"
"03/09/2017 04:00:00 - 03/09/2017 05:00:00","BZN|DK1","0.00","n/e"," ","0.01"
"03/09/2017 05:00:00 - 03/09/2017 06:00:00","BZN|DK1","0.00","n/e"," ","0.04"
"03/09/2017 06:00:00 - 03/09/2017 07:00:00","BZN|DK1","1.00","n/e"," ","1.85"
"03/09/2017 07:00:00 - 03/09/2017 08:00:00","BZN|DK1","27.00","n/e"," ","26.50"
"03/09/2017 08:00:00 - 03/09/2017 09:00:00","BZN|DK1","89.00","n/e"," ","85.58"
"03/09/2017 09:00:00 - 03/09/2017 10:00:00","BZN|DK1","162.00","n/e"," ","177.77"
"03/09/2017 10:00:00 - 03/09/2017 11:00:00","BZN|DK1","218.00","n/e"," ","252.48"
"03/09/2017 11:00:00 - 03/09/2017 12:00:00","BZN|DK1","260.00","n/e"," ","259.58"
"03/09/2017 12:00:00 - 03/09/2017 13:00:00","BZN|DK1","277.00","n/e"," ","280.84"
"03/09/2017 13:00:00 - 03/09/2017 14:00:00","BZN|DK1","281.00","n/e"," ","278.45"
"03/09/2017 14:00:00 - 03/09/2017 15:00:00","BZN|DK1","257.00","n/e"," ","253.80"
"03/09/2017 15:00:00 - 03/09/2017 16:00:00","BZN|DK1","222.00","n/e"," ","227.84"
"03/09/2017 16:00:00 - 03/09/2017 17:00:00","BZN|DK1","174.00","n/e"," ","186.01"
"03/09/2017 17:00:00 - 03/09/2017 18:00:00","BZN|DK1","105.00","n/e"," ","130.79"
"03/09/2017 18:00:00 - 03/09/2017 19:00:00","BZN|DK1","51.00","n/e"," ","63.22"
"03/09/2017 19:00:00 - 03/09/2017 20:00:00","BZN|DK1","14.00","n/e"," ","16.70"
"03/09/2017 20:00:00 - 03/09/2017 21:00:00","BZN|DK1","1.00","n/e"," ","0.65"
"03/09/2017 21:00:00 - 03/09/2017 22:00:00","BZN|DK1","0.00","n/e"," ","0.03"
"03/09/2017 22:00:00 - 03/09/2017 23:00:00","BZN|DK1","0.00","n/e"," ","0.03"
"03/09/2017 23:00:00 - 04/09/2017 00:00:00","BZN|DK1","0.00","n/e"," ","0.00"
"04/09/2017 00:00:00 - 04/09/2017 01:00:00","BZN|DK1","0.00","n/e"," ","0.00"
"04/09/2017 01:00:00 - 04/09/2017 02:00:00","BZN|DK1","0.00","n/e"," ","0.00"
"04/09/2017 02:00:00 - 04/09/2017 03:00:00","BZN|DK1","0.00","n/e"," ","0.00"
"04/09/2017 03:00:00 - 04/09/2017 04:00:00","BZN|DK1","0.00","n/e"," ","0.00"
"04/09/2017 04:00:00 - 04/09/2017 05:00:00","BZN|DK1","0.00","n/e"," ","0.02"
"04/09/2017 05:00:00 - 04/09/2017 06:00:00","BZN|DK1","0.00","n/e"," ","0.03"
"04/09/2017 06:00:00 - 04/09/2017 07:00:00","BZN|DK1","1.00","n/e"," ","1.35"
"04/09/2017 07:00:00 - 04/09/2017 08:00:00","BZN|DK1","26.00","n/e"," ","24.28"
"04/09/2017 08:00:00 - 04/09/2017 09:00:00","BZN|DK1","92.00","n/e"," ","85.27"
"04/09/2017 09:00:00 - 04/09/2017 10:00:00","BZN|DK1","167.00","n/e"," ","170.65"
"04/09/2017 10:00:00 - 04/09/2017 11:00:00","BZN|DK1","221.00","n/e"," ","233.78"
"04/09/2017 11:00:00 - 04/09/2017 12:00:00","BZN|DK1","259.00","n/e"," ","263.23"
"04/09/2017 12:00:00 - 04/09/2017 13:00:00","BZN|DK1","269.00","n/e"," ","267.67"
"04/09/2017 13:00:00 - 04/09/2017 14:00:00","BZN|DK1","272.00","n/e"," ","277.67"
"04/09/2017 14:00:00 - 04/09/2017 15:00:00","BZN|DK1","237.00","n/e"," ","264.18"
"04/09/2017 15:00:00 - 04/09/2017 16:00:00","BZN|DK1","212.00","n/e"," ","229.93"
"04/09/2017 16:00:00 - 04/09/2017 17:00:00","BZN|DK1","179.00","n/e"," ","184.38"
"04/09/2017 17:00:00 - 04/09/2017 18:00:00","BZN|DK1","114.00","n/e"," ","124.07"
"04/09/2017 18:00:00 - 04/09/2017 19:00:00","BZN|DK1","58.00","n/e"," ","62.20"
"04/09/2017 19:00:00 - 04/09/2017 20:00:00","BZN|DK1","13.00","n/e"," ","13.88"
"04/09/2017 20:00:00 - 04/09/2017 21:00:00","BZN|DK1","1.00","n/e"," ","0.32"
"04/09/2017 21:00:00 - 04/09/2017 22:00:00","BZN|DK1","0.00","n/e"," ","0.03"
"04/09/2017 22:00:00 - 04/09/2017 23:00:00","BZN|DK1","0.00","n/e"," ","0.03"
"04/09/2017 23:00:00 - 05/09/2017 00:00:00","BZN|DK1","0.00","n/e"," ","0.00"
"05/09/2017 00:00:00 - 05/09/2017 01:00:00","BZN|DK1","0.00","n/e"," ","0.00"
"05/09/2017 01:00:00 - 05/09/2017 02:00:00","BZN|DK1","0.00","n/e"," ","0.00"
"05/09/2017 02:00:00 - 05/09/2017 03:00:00","BZN|DK1","0.00","n/e"," ","0.00"
"05/09/2017 03:00:00 - 05/09/2017 04:00:00","BZN|DK1","0.00","n/e"," ","0.00"
"05/09/2017 04:00:00 - 05/09/2017 05:00:00","BZN|DK1","0.00","n/e"," ","0.02"
"05/09/2017 05:00:00 - 05/09/2017 06:00:00","BZN|DK1","0.00","n/e"," ","0.03"
"05/09/2017 06:00:00 - 05/09/2017 07:00:00","BZN|DK1","2.00","n/e"," ","1.01"
"05/09/2017 07:00:00 - 05/09/2017 08:00:00","BZN|DK1","22.00","n/e"," ","17.81"
"05/09/2017 08:00:00 - 05/09/2017 09:00:00","BZN|DK1","76.00","n/e"," ","57.17"
"05/09/2017 09:00:00 - 05/09/2017 10:00:00","BZN|DK1","142.00","n/e"," ","131.49"
"05/09/2017 10:00:00 - 05/09/2017 11:00:00","BZN|DK1","199.00","n/e"," ","216.54"
"05/09/2017 11:00:00 - 05/09/2017 12:00:00","BZN|DK1","252.00","n/e"," ","240.46"
"05/09/2017 12:00:00 - 05/09/2017 13:00:00","BZN|DK1","260.00","n/e"," ","225.90"
"05/09/2017 13:00:00 - 05/09/2017 14:00:00","BZN|DK1","255.00","n/e"," ","225.59"
"05/09/2017 14:00:00 - 05/09/2017 15:00:00","BZN|DK1","245.00","n/e"," ","241.65"
"05/09/2017 15:00:00 - 05/09/2017 16:00:00","BZN|DK1","206.00","n/e"," ","216.86"
"05/09/2017 16:00:00 - 05/09/2017 17:00:00","BZN|DK1","155.00","n/e"," ","168.77"
"05/09/2017 17:00:00 - 05/09/2017 18:00:00","BZN|DK1","82.00","n/e"," ","93.84"
"05/09/2017 18:00:00 - 05/09/2017 19:00:00","BZN|DK1","34.00","n/e"," ","37.47"
"05/09/2017 19:00:00 - 05/09/2017 20:00:00","BZN|DK1","7.00","n/e"," ","4.99"
"05/09/2017 20:00:00 - 05/09/2017 21:00:00","BZN|DK1","0.00","n/e"," ","0.12"
"05/09/2017 21:00:00 - 05/09/2017 22:00:00","BZN|DK1","0.00","n/e"," ","0.02"
"05/09/2017 22:00:00 - 05/09/2017 23:00:00","BZN|DK1","0.00","n/e"," ","0.03"
"05/09/2017 23:00:00 - 06/09/2017 00:00:00","BZN|DK1","0.00","n/e"," ","0.00"
"06/09/2017 00:00:00 - 06/09/2017 01:00:00","BZN|DK1","0.00","n/e"," ","0.00"
"06/09/2017 01:00:00 - 06/09/2017 02:00:00","BZN|DK1","0.00","n/e"," ","0.00"
"06/09/2017 02:00:00 - 06/09/2017 03:00:00","BZN|DK1","0.00","n/e"," ","0.00"
"06/09/2017 03:00:00 - 06/09/2017 04:00:00","BZN|DK1","0.00","n/e"," ","0.00"
"06/09/2017 04:00:00 - 06/09/2017 05:00:00","BZN|DK1","0.00","n/e"," ","0.00"
"06/09/2017 05:00:00 - 06/09/2017 06:00:00","BZN|DK1","0.00","n/e"," ","0.00"
"06/09/2017 06:00:00 - 06/09/2017 07:00:00","BZN|DK1","0.00","n/e"," ","0.00"
"06/09/2017 07:00:00 - 06/09/2017 08:00:00","BZN|DK1","3.00","n/e"," ","0.00"
"06/09/2017 08:00:00 - 06/09/2017 09:00:00","BZN|DK1","9.00","n/e"," ","3.20"
"06/09/2017 09:00:00 - 06/09/2017 10:00:00","BZN|DK1","44.00","n/e"," ","52.14"
"06/09/2017 10:00:00 - 06/09/2017 11:00:00","BZN|DK1","83.00","n/e"," ","74.50"
"06/09/2017 11:00:00 - 06/09/2017 12:00:00","BZN|DK1","99.00","n/e"," ","80.87"
"06/09/2017 12:00:00 - 06/09/2017 13:00:00","BZN|DK1","91.00","n/e"," ","89.90"
"06/09/2017 13:00:00 - 06/09/2017 14:00:00","BZN|DK1","96.00","n/e"," ","85.83"
"06/09/2017 14:00:00 - 06/09/2017 15:00:00","BZN|DK1","81.00","n/e"," ","67.15"
"06/09/2017 15:00:00 - 06/09/2017 16:00:00","BZN|DK1","65.00","n/e"," ","45.21"
"06/09/2017 16:00:00 - 06/09/2017 17:00:00","BZN|DK1","56.00","n/e"," ","42.76"
"06/09/2017 17:00:00 - 06/09/2017 18:00:00","BZN|DK1","39.00","n/e"," ","35.63"
"06/09/2017 18:00:00 - 06/09/2017 19:00:00","BZN|DK1","26.00","n/e"," ","19.27"
"06/09/2017 19:00:00 - 06/09/2017 20:00:00","BZN|DK1","8.00","n/e"," ","4.93"
"06/09/2017 20:00:00 - 06/09/2017 21:00:00","BZN|DK1","0.00","n/e"," ","0.11"
"06/09/2017 21:00:00 - 06/09/2017 22:00:00","BZN|DK1","0.00","n/e"," ","0.02"
"06/09/2017 22:00:00 - 06/09/2017 23:00:00","BZN|DK1","0.00","n/e"," ","0.03"
"06/09/2017 23:00:00 - 07/09/2017 00:00:00","BZN|DK1","0.00","n/e"," ","0.00"
"07/09/2017 00:00:00 - 07/09/2017 01:00:00","BZN|DK1","0.00","n/e"," ","0.00"
"07/09/2017 01:00:00 - 07/09/2017 02:00:00","BZN|DK1","0.00","n/e"," ","0.00"
"07/09/2017 02:00:00 - 07/09/2017 03:00:00","BZN|DK1","0.00","n/e"," ","0.00"
"07/09/2017 03:00:00 - 07/09/2017 04:00:00","BZN|DK1","0.00","n/e"," ","0.00"
"07/09/2017 04:00:00 - 07/09/2017 05:00:00","BZN|DK1","0.00","n/e"," ","0.03"
"07/09/2017 05:00:00 - 07/09/2017 06:00:00","BZN|DK1","0.00","n/e"," ","0.02"
"07/09/2017 06:00:00 - 07/09/2017 07:00:00","BZN|DK1","1.00","n/e"," ","0.19"
"07/09/2017 07:00:00 - 07/09/2017 08:00:00","BZN|DK1","7.00","n/e"," ","8.35"
"07/09/2017 08:00:00 - 07/09/2017 09:00:00","BZN|DK1","17.00","n/e"," ","28.95"
"07/09/2017 09:00:00 - 07/09/2017 10:00:00","BZN|DK1","41.00","n/e"," ","54.90"
"07/09/2017 10:00:00 - 07/09/2017 11:00:00","BZN|DK1","68.00","n/e"," ","89.32"
"07/09/2017 11:00:00 - 07/09/2017 12:00:00","BZN|DK1","99.00","n/e"," ","125.85"
"07/09/2017 12:00:00 - 07/09/2017 13:00:00","BZN|DK1","108.00","n/e"," ","140.13"
"07/09/2017 13:00:00 - 07/09/2017 14:00:00","BZN|DK1","127.00","n/e"," ","153.44"
"07/09/2017 14:00:00 - 07/09/2017 15:00:00","BZN|DK1","137.00","n/e"," ","137.79"
"07/09/2017 15:00:00 - 07/09/2017 16:00:00","BZN|DK1","124.00","n/e"," ","125.75"
"07/09/2017 16:00:00 - 07/09/2017 17:00:00","BZN|DK1","102.00","n/e"," ","105.05"
"07/09/2017 17:00:00 - 07/09/2017 18:00:00","BZN|DK1","72.00","n/e"," ","75.24"
"07/09/2017 18:00:00 - 07/09/2017 19:00:00","BZN|DK1","36.00","n/e"," ","36.58"
"07/09/2017 19:00:00 - 07/09/2017 20:00:00","BZN|DK1","7.00","n/e"," ","7.28"
"07/09/2017 20:00:00 - 07/09/2017 21:00:00","BZN|DK1","0.00","n/e"," ","0.11"
"07/09/2017 21:00:00 - 07/09/2017 22:00:00","BZN|DK1","0.00","n/e"," ","0.02"
"07/09/2017 22:00:00 - 07/09/2017 23:00:00","BZN|DK1","0.00","n/e"," ","0.03"
"07/09/2017 23:00:00 - 08/09/2017 00:00:00","BZN|DK1","0.00","n/e"," ","0.00"
"08/09/2017 00:00:00 - 08/09/2017 01:00:00","BZN|DK1","0.00","n/e"," ","0.00"
"08/09/2017 01:00:00 - 08/09/2017 02:00:00","BZN|DK1","0.00","n/e"," ","0.00"
"08/09/2017 02:00:00 - 08/09/2017 03:00:00","BZN|DK1","0.00","n/e"," ","0.00"
"08/09/2017 03:00:00 - 08/09/2017 04:00:00","BZN|DK1","0.00","n/e"," ","0.00"
"08/09/2017 04:00:00 - 08/09/2017 05:00:00","BZN|DK1","0.00","n/e"," ","0.03"
"08/09/2017 05:00:00 - 08/09/2017 06:00:00","BZN|DK1","0.00","n/e"," ","0.03"
"08/09/2017 06:00:00 - 08/09/2017 07:00:00","BZN|DK1","1.00","n/e"," ","0.14"
"08/09/2017 07:00:00 - 08/09/2017 08:00:00","BZN|DK1","5.00","n/e"," ","8.52"
"08/09/2017 08:00:00 - 08/09/2017 09:00:00","BZN|DK1","14.00","n/e"," ","24.85"
"08/09/2017 09:00:00 - 08/09/2017 10:00:00","BZN|DK1","24.00","n/e"," ","36.07"
"08/09/2017 10:00:00 - 08/09/2017 11:00:00","BZN|DK1","41.00","n/e"," ","42.93"
"08/09/2017 11:00:00 - 08/09/2017 12:00:00","BZN|DK1","53.00","n/e"," ","43.16"
"08/09/2017 12:00:00 - 08/09/2017 13:00:00","BZN|DK1","52.00","n/e"," ","58.73"
"08/09/2017 13:00:00 - 08/09/2017 14:00:00","BZN|DK1","67.00","n/e"," ","98.92"
"08/09/2017 14:00:00 - 08/09/2017 15:00:00","BZN|DK1","64.00","n/e"," ","148.12"
"08/09/2017 15:00:00 - 08/09/2017 16:00:00","BZN|DK1","56.00","n/e"," ","174.98"
"08/09/2017 16:00:00 - 08/09/2017 17:00:00","BZN|DK1","50.00","n/e"," ","137.36"
"08/09/2017 17:00:00 - 08/09/2017 18:00:00","BZN|DK1","49.00","n/e"," ","101.17"
"08/09/2017 18:00:00 - 08/09/2017 19:00:00","BZN|DK1","29.00","n/e"," ","46.49"
"08/09/2017 19:00:00 - 08/09/2017 20:00:00","BZN|DK1","6.00","n/e"," ","11.30"
"08/09/2017 20:00:00 - 08/09/2017 21:00:00","BZN|DK1","0.00","n/e"," ","0.14"
"08/09/2017 21:00:00 - 08/09/2017 22:00:00","BZN|DK1","0.00","n/e"," ","0.02"
"08/09/2017 22:00:00 - 08/09/2017 23:00:00","BZN|DK1","0.00","n/e"," ","0.03"
"08/09/2017 23:00:00 - 09/09/2017 00:00:00","BZN|DK1","0.00","n/e"," ","0.00"
"09/09/2017 00:00:00 - 09/09/2017 01:00:00","BZN|DK1","0.00","n/e"," ","0.00"
"09/09/2017 01:00:00 - 09/09/2017 02:00:00","BZN|DK1","0.00","n/e"," ","0.00"
"09/09/2017 02:00:00 - 09/09/2017 03:00:00","BZN|DK1","0.00","n/e"," ","0.00"
"09/09/2017 03:00:00 - 09/09/2017 04:00:00","BZN|DK1","0.00","n/e"," ","0.00"
"09/09/2017 04:00:00 - 09/09/2017 05:00:00","BZN|DK1","0.00","n/e"," ","0.03"
"09/09/2017 05:00:00 - 09/09/2017 06:00:00","BZN|DK1","0.00","n/e"," ","0.02"
"09/09/2017 06:00:00 - 09/09/2017 07:00:00","BZN|DK1","0.00","n/e"," ","0.24"
"09/09/2017 07:00:00 - 09/09/2017 08:00:00","BZN|DK1","12.00","n/e"," ","14.83"
"09/09/2017 08:00:00 - 09/09/2017 09:00:00","BZN|DK1","56.00","n/e"," ","59.02"
"09/09/2017 09:00:00 - 09/09/2017 10:00:00","BZN|DK1","121.00","n/e"," ","92.09"
"09/09/2017 10:00:00 - 09/09/2017 11:00:00","BZN|DK1","161.00","n/e"," ","121.85"
"09/09/2017 11:00:00 - 09/09/2017 12:00:00","BZN|DK1","178.00","n/e"," ","137.01"
"09/09/2017 12:00:00 - 09/09/2017 13:00:00","BZN|DK1","186.00","n/e"," ","132.40"
"09/09/2017 13:00:00 - 09/09/2017 14:00:00","BZN|DK1","180.00","n/e"," ","100.34"
"09/09/2017 14:00:00 - 09/09/2017 15:00:00","BZN|DK1","121.00","n/e"," ","76.40"
"09/09/2017 15:00:00 - 09/09/2017 16:00:00","BZN|DK1","107.00","n/e"," ","77.07"
"09/09/2017 16:00:00 - 09/09/2017 17:00:00","BZN|DK1","88.00","n/e"," ","102.26"
"09/09/2017 17:00:00 - 09/09/2017 18:00:00","BZN|DK1","59.00","n/e"," ","86.86"
"09/09/2017 18:00:00 - 09/09/2017 19:00:00","BZN|DK1","27.00","n/e"," ","45.13"
"09/09/2017 19:00:00 - 09/09/2017 20:00:00","BZN|DK1","5.00","n/e"," ","7.84"
"09/09/2017 20:00:00 - 09/09/2017 21:00:00","BZN|DK1","0.00","n/e"," ","0.11"
"09/09/2017 21:00:00 - 09/09/2017 22:00:00","BZN|DK1","0.00","n/e"," ","0.02"
"09/09/2017 22:00:00 - 09/09/2017 23:00:00","BZN|DK1","0.00","n/e"," ","0.03"
"09/09/2017 23:00:00 - 10/09/2017 00:00:00","BZN|DK1","0.00","n/e"," ","0.00"
"10/09/2017 00:00:00 - 10/09/2017 01:00:00","BZN|DK1","0.00","n/e"," ","0.00"
"10/09/2017 01:00:00 - 10/09/2017 02:00:00","BZN|DK1","0.00","n/e"," ","0.00"
"10/09/2017 02:00:00 - 10/09/2017 03:00:00","BZN|DK1","0.00","n/e"," ","0.00"
"10/09/2017 03:00:00 - 10/09/2017 04:00:00","BZN|DK1","0.00","n/e"," ","0.00"
"10/09/2017 04:00:00 - 10/09/2017 05:00:00","BZN|DK1","0.00","n/e"," ","0.03"
"10/09/2017 05:00:00 - 10/09/2017 06:00:00","BZN|DK1","0.00","n/e"," ","0.02"
"10/09/2017 06:00:00 - 10/09/2017 07:00:00","BZN|DK1","1.00","n/e"," ","0.47"
"10/09/2017 07:00:00 - 10/09/2017 08:00:00","BZN|DK1","17.00","n/e"," ","20.02"
"10/09/2017 08:00:00 - 10/09/2017 09:00:00","BZN|DK1","66.00","n/e"," ","81.11"
"10/09/2017 09:00:00 - 10/09/2017 10:00:00","BZN|DK1","122.00","n/e"," ","167.66"
"10/09/2017 10:00:00 - 10/09/2017 11:00:00","BZN|DK1","163.00","n/e"," ","230.19"
"10/09/2017 11:00:00 - 10/09/2017 12:00:00","BZN|DK1","199.00","n/e"," ","241.00"
"10/09/2017 12:00:00 - 10/09/2017 13:00:00","BZN|DK1","204.00","n/e"," ","243.26"
"10/09/2017 13:00:00 - 10/09/2017 14:00:00","BZN|DK1","205.00","n/e"," ","250.35"
"10/09/2017 14:00:00 - 10/09/2017 15:00:00","BZN|DK1","213.00","n/e"," ","247.85"
"10/09/2017 15:00:00 - 10/09/2017 16:00:00","BZN|DK1","194.00","n/e"," ","216.31"
"10/09/2017 16:00:00 - 10/09/2017 17:00:00","BZN|DK1","160.00","n/e"," ","136.72"
"10/09/2017 17:00:00 - 10/09/2017 18:00:00","BZN|DK1","95.00","n/e"," ","84.67"
"10/09/2017 18:00:00 - 10/09/2017 19:00:00","BZN|DK1","42.00","n/e"," ","27.54"
"10/09/2017 19:00:00 - 10/09/2017 20:00:00","BZN|DK1","7.00","n/e"," ","3.29"
"10/09/2017 20:00:00 - 10/09/2017 21:00:00","BZN|DK1","0.00","n/e"," ","0.09"
"10/09/2017 21:00:00 - 10/09/2017 22:00:00","BZN|DK1","0.00","n/e"," ","0.03"
"10/09/2017 22:00:00 - 10/09/2017 23:00:00","BZN|DK1","0.00","n/e"," ","0.03"
"10/09/2017 23:00:00 - 11/09/2017 00:00:00","BZN|DK1","0.00","n/e"," ","0.00"
"11/09/2017 00:00:00 - 11/09/2017 01:00:00","BZN|DK1","0.00","n/e"," ","0.00"
"11/09/2017 01:00:00 - 11/09/2017 02:00:00","BZN|DK1","0.00","n/e"," ","0.00"
"11/09/2017 02:00:00 - 11/09/2017 03:00:00","BZN|DK1","0.00","n/e"," ","0.00"
"11/09/2017 03:00:00 - 11/09/2017 04:00:00","BZN|DK1","0.00","n/e"," ","0.00"
"11/09/2017 04:00:00 - 11/09/2017 05:00:00","BZN|DK1","0.00","n/e"," ","0.03"
"11/09/2017 05:00:00 - 11/09/2017 06:00:00","BZN|DK1","0.00","n/e"," ","0.03"
"11/09/2017 06:00:00 - 11/09/2017 07:00:00","BZN|DK1","0.00","n/e"," ","0.05"
"11/09/2017 07:00:00 - 11/09/2017 08:00:00","BZN|DK1","2.00","n/e"," ","1.98"
"11/09/2017 08:00:00 - 11/09/2017 09:00:00","BZN|DK1","7.00","n/e"," ","13.43"
"11/09/2017 09:00:00 - 11/09/2017 10:00:00","BZN|DK1","33.00","n/e"," ","52.65"
"11/09/2017 10:00:00 - 11/09/2017 11:00:00","BZN|DK1","72.00","n/e"," ","92.81"
"11/09/2017 11:00:00 - 11/09/2017 12:00:00","BZN|DK1","133.00","n/e"," ","125.14"
"11/09/2017 12:00:00 - 11/09/2017 13:00:00","BZN|DK1","147.00","n/e"," ","176.49"
"11/09/2017 13:00:00 - 11/09/2017 14:00:00","BZN|DK1","156.00","n/e"," ","216.07"
"11/09/2017 14:00:00 - 11/09/2017 15:00:00","BZN|DK1","186.00","n/e"," ","237.52"
"11/09/2017 15:00:00 - 11/09/2017 16:00:00","BZN|DK1","177.00","n/e"," ","205.99"
"11/09/2017 16:00:00 - 11/09/2017 17:00:00","BZN|DK1","146.00","n/e"," ","142.13"
"11/09/2017 17:00:00 - 11/09/2017 18:00:00","BZN|DK1","79.00","n/e"," ","94.91"
"11/09/2017 18:00:00 - 11/09/2017 19:00:00","BZN|DK1","31.00","n/e"," ","35.91"
"11/09/2017 19:00:00 - 11/09/2017 20:00:00","BZN|DK1","4.00","n/e"," ","2.53"
"11/09/2017 20:00:00 - 11/09/2017 21:00:00","BZN|DK1","0.00","n/e"," ","0.02"
"11/09/2017 21:00:00 - 11/09/2017 22:00:00","BZN|DK1","0.00","n/e"," ","0.01"
"11/09/2017 22:00:00 - 11/09/2017 23:00:00","BZN|DK1","0.00","n/e"," ","0.00"
"11/09/2017 23:00:00 - 12/09/2017 00:00:00","BZN|DK1","0.00","n/e"," ","0.00"
"12/09/2017 00:00:00 - 12/09/2017 01:00:00","BZN|DK1","0.00","n/e"," ","0.00"
"12/09/2017 01:00:00 - 12/09/2017 02:00:00","BZN|DK1","0.00","n/e"," ","0.00"
"12/09/2017 02:00:00 - 12/09/2017 03:00:00","BZN|DK1","0.00","n/e"," ","0.00"
"12/09/2017 03:00:00 - 12/09/2017 04:00:00","BZN|DK1","0.00","n/e"," ","0.00"
"12/09/2017 04:00:00 - 12/09/2017 05:00:00","BZN|DK1","0.00","n/e"," ","0.00"
"12/09/2017 05:00:00 - 12/09/2017 06:00:00","BZN|DK1","0.00","n/e"," ","0.01"
"12/09/2017 06:00:00 - 12/09/2017 07:00:00","BZN|DK1","1.00","n/e"," ","0.15"
"12/09/2017 07:00:00 - 12/09/2017 08:00:00","BZN|DK1","14.00","n/e"," ","16.09"
"12/09/2017 08:00:00 - 12/09/2017 09:00:00","BZN|DK1","62.00","n/e"," ","62.26"
"12/09/2017 09:00:00 - 12/09/2017 10:00:00","BZN|DK1","109.00","n/e"," ","115.93"
"12/09/2017 10:00:00 - 12/09/2017 11:00:00","BZN|DK1","149.00","n/e"," ","164.77"
"12/09/2017 11:00:00 - 12/09/2017 12:00:00","BZN|DK1","173.00","n/e"," ","197.95"
"12/09/2017 12:00:00 - 12/09/2017 13:00:00","BZN|DK1","167.00","n/e"," ","251.57"
"12/09/2017 13:00:00 - 12/09/2017 14:00:00","BZN|DK1","166.00","n/e"," ","285.10"
"12/09/2017 14:00:00 - 12/09/2017 15:00:00","BZN|DK1","192.00","n/e"," ","248.81"
"12/09/2017 15:00:00 - 12/09/2017 16:00:00","BZN|DK1","170.00","n/e"," ","232.03"
"12/09/2017 16:00:00 - 12/09/2017 17:00:00","BZN|DK1","126.00","n/e"," ","179.45"
"12/09/2017 17:00:00 - 12/09/2017 18:00:00","BZN|DK1","67.00","n/e"," ","100.75"
"12/09/2017 18:00:00 - 12/09/2017 19:00:00","BZN|DK1","24.00","n/e"," ","45.19"
"12/09/2017 19:00:00 - 12/09/2017 20:00:00","BZN|DK1","3.00","n/e"," ","5.75"
"12/09/2017 20:00:00 - 12/09/2017 21:00:00","BZN|DK1","0.00","n/e"," ","0.03"
"12/09/2017 21:00:00 - 12/09/2017 22:00:00","BZN|DK1","0.00","n/e"," ","0.00"
"12/09/2017 22:00:00 - 12/09/2017 23:00:00","BZN|DK1","0.00","n/e"," ","0.00"
"12/09/2017 23:00:00 - 13/09/2017 00:00:00","BZN|DK1","0.00","n/e"," ","0.00"
"13/09/2017 00:00:00 - 13/09/2017 01:00:00","BZN|DK1","0.00","n/e"," ","0.00"
"13/09/2017 01:00:00 - 13/09/2017 02:00:00","BZN|DK1","0.00","n/e"," ","0.00"
"13/09/2017 02:00:00 - 13/09/2017 03:00:00","BZN|DK1","0.00","n/e"," ","0.00"
"13/09/2017 03:00:00 - 13/09/2017 04:00:00","BZN|DK1","0.00","n/e"," ","0.00"
"13/09/2017 04:00:00 - 13/09/2017 05:00:00","BZN|DK1","0.00","n/e"," ","0.00"
"13/09/2017 05:00:00 - 13/09/2017 06:00:00","BZN|DK1","0.00","n/e"," ","0.01"
"13/09/2017 06:00:00 - 13/09/2017 07:00:00","BZN|DK1","0.00","n/e"," ","0.02"
"13/09/2017 07:00:00 - 13/09/2017 08:00:00","BZN|DK1","4.00","n/e"," ","5.51"
"13/09/2017 08:00:00 - 13/09/2017 09:00:00","BZN|DK1","10.00","n/e"," ","23.82"
"13/09/2017 09:00:00 - 13/09/2017 10:00:00","BZN|DK1","30.00","n/e"," ","39.44"
"13/09/2017 10:00:00 - 13/09/2017 11:00:00","BZN|DK1","55.00","n/e"," ","46.03"
"13/09/2017 11:00:00 - 13/09/2017 12:00:00","BZN|DK1","67.00","n/e"," ","52.35"
"13/09/2017 12:00:00 - 13/09/2017 13:00:00","BZN|DK1","67.00","n/e"," ","54.69"
"13/09/2017 13:00:00 - 13/09/2017 14:00:00","BZN|DK1","83.00","n/e"," ","69.06"
"13/09/2017 14:00:00 - 13/09/2017 15:00:00","BZN|DK1","107.00","n/e"," ","88.56"
"13/09/2017 15:00:00 - 13/09/2017 16:00:00","BZN|DK1","101.00","n/e"," ","100.30"
"13/09/2017 16:00:00 - 13/09/2017 17:00:00","BZN|DK1","75.00","n/e"," ","82.69"
"13/09/2017 17:00:00 - 13/09/2017 18:00:00","BZN|DK1","40.00","n/e"," ","54.49"
"13/09/2017 18:00:00 - 13/09/2017 19:00:00","BZN|DK1","11.00","n/e"," ","19.98"
"13/09/2017 19:00:00 - 13/09/2017 20:00:00","BZN|DK1","0.00","n/e"," ","1.69"
"13/09/2017 20:00:00 - 13/09/2017 21:00:00","BZN|DK1","0.00","n/e"," ","0.02"
"13/09/2017 21:00:00 - 13/09/2017 22:00:00","BZN|DK1","0.00","n/e"," ","0.00"
"13/09/2017 22:00:00 - 13/09/2017 23:00:00","BZN|DK1","0.00","n/e"," ","0.00"
"13/09/2017 23:00:00 - 14/09/2017 00:00:00","BZN|DK1","0.00","n/e"," ","0.00"
"14/09/2017 00:00:00 - 14/09/2017 01:00:00","BZN|DK1","0.00","n/e"," ","0.00"
"14/09/2017 01:00:00 - 14/09/2017 02:00:00","BZN|DK1","0.00","n/e"," ","0.00"
"14/09/2017 02:00:00 - 14/09/2017 03:00:00","BZN|DK1","0.00","n/e"," ","0.00"
"14/09/2017 03:00:00 - 14/09/2017 04:00:00","BZN|DK1","0.00","n/e"," ","0.00"
"14/09/2017 04:00:00 - 14/09/2017 05:00:00","BZN|DK1","0.00","n/e"," ","0.00"
"14/09/2017 05:00:00 - 14/09/2017 06:00:00","BZN|DK1","0.00","n/e"," ","0.00"
"14/09/2017 06:00:00 - 14/09/2017 07:00:00","BZN|DK1","0.00","n/e"," ","0.09"
"14/09/2017 07:00:00 - 14/09/2017 08:00:00","BZN|DK1","8.00","n/e"," ","11.29"
"14/09/2017 08:00:00 - 14/09/2017 09:00:00","BZN|DK1","37.00","n/e"," ","48.89"
"14/09/2017 09:00:00 - 14/09/2017 10:00:00","BZN|DK1","81.00","n/e"," ","114.05"
"14/09/2017 10:00:00 - 14/09/2017 11:00:00","BZN|DK1","133.00","n/e"," ","166.51"
"14/09/2017 11:00:00 - 14/09/2017 12:00:00","BZN|DK1","187.00","n/e"," ","184.38"
"14/09/2017 12:00:00 - 14/09/2017 13:00:00","BZN|DK1","210.00","n/e"," ","207.63"
"14/09/2017 13:00:00 - 14/09/2017 14:00:00","BZN|DK1","213.00","n/e"," ","217.48"
"14/09/2017 14:00:00 - 14/09/2017 15:00:00","BZN|DK1","203.00","n/e"," ","193.95"
"14/09/2017 15:00:00 - 14/09/2017 16:00:00","BZN|DK1","181.00","n/e"," ","169.26"
"14/09/2017 16:00:00 - 14/09/2017 17:00:00","BZN|DK1","131.00","n/e"," ","134.36"
"14/09/2017 17:00:00 - 14/09/2017 18:00:00","BZN|DK1","69.00","n/e"," ","87.21"
"14/09/2017 18:00:00 - 14/09/2017 19:00:00","BZN|DK1","29.00","n/e"," ","33.63"
"14/09/2017 19:00:00 - 14/09/2017 20:00:00","BZN|DK1","4.00","n/e"," ","3.57"
"14/09/2017 20:00:00 - 14/09/2017 21:00:00","BZN|DK1","0.00","n/e"," ","0.02"
"14/09/2017 21:00:00 - 14/09/2017 22:00:00","BZN|DK1","0.00","n/e"," ","0.01"
"14/09/2017 22:00:00 - 14/09/2017 23:00:00","BZN|DK1","0.00","n/e"," ","0.00"
"14/09/2017 23:00:00 - 15/09/2017 00:00:00","BZN|DK1","0.00","n/e"," ","0.00"
"15/09/2017 00:00:00 - 15/09/2017 01:00:00","BZN|DK1","0.00","n/e"," ","0.00"
"15/09/2017 01:00:00 - 15/09/2017 02:00:00","BZN|DK1","0.00","n/e"," ","0.00"
"15/09/2017 02:00:00 - 15/09/2017 03:00:00","BZN|DK1","0.00","n/e"," ","0.00"
"15/09/2017 03:00:00 - 15/09/2017 04:00:00","BZN|DK1","0.00","n/e"," ","0.00"
"15/09/2017 04:00:00 - 15/09/2017 05:00:00","BZN|DK1","0.00","n/e"," ","0.00"
"15/09/2017 05:00:00 - 15/09/2017 06:00:00","BZN|DK1","0.00","n/e"," ","0.01"
"15/09/2017 06:00:00 - 15/09/2017 07:00:00","BZN|DK1","0.00","n/e"," ","0.39"
"15/09/2017 07:00:00 - 15/09/2017 08:00:00","BZN|DK1","12.00","n/e"," ","19.54"
"15/09/2017 08:00:00 - 15/09/2017 09:00:00","BZN|DK1","49.00","n/e"," ","74.11"
"15/09/2017 09:00:00 - 15/09/2017 10:00:00","BZN|DK1","98.00","n/e"," ","161.19"
"15/09/2017 10:00:00 - 15/09/2017 11:00:00","BZN|DK1","152.00","n/e"," ","236.30"
"15/09/2017 11:00:00 - 15/09/2017 12:00:00","BZN|DK1","193.00","n/e"," ","263.69"
"15/09/2017 12:00:00 - 15/09/2017 13:00:00","BZN|DK1","208.00","n/e"," ","262.73"
"15/09/2017 13:00:00 - 15/09/2017 14:00:00","BZN|DK1","209.00","n/e"," ","284.92"
"15/09/2017 14:00:00 - 15/09/2017 15:00:00","BZN|DK1","186.00","n/e"," ","250.39"
"15/09/2017 15:00:00 - 15/09/2017 16:00:00","BZN|DK1","172.00","n/e"," ","229.08"
"15/09/2017 16:00:00 - 15/09/2017 17:00:00","BZN|DK1","130.00","n/e"," ","169.70"
"15/09/2017 17:00:00 - 15/09/2017 18:00:00","BZN|DK1","70.00","n/e"," ","112.28"
"15/09/2017 18:00:00 - 15/09/2017 19:00:00","BZN|DK1","28.00","n/e"," ","49.46"
"15/09/2017 19:00:00 - 15/09/2017 20:00:00","BZN|DK1","3.00","n/e"," ","6.87"
"15/09/2017 20:00:00 - 15/09/2017 21:00:00","BZN|DK1","0.00","n/e"," ","0.11"
"15/09/2017 21:00:00 - 15/09/2017 22:00:00","BZN|DK1","0.00","n/e"," ","0.01"
"15/09/2017 22:00:00 - 15/09/2017 23:00:00","BZN|DK1","0.00","n/e"," ","0.00"
"15/09/2017 23:00:00 - 16/09/2017 00:00:00","BZN|DK1","0.00","n/e"," ","0.00"
"16/09/2017 00:00:00 - 16/09/2017 01:00:00","BZN|DK1","0.00","n/e"," ","0.00"
"16/09/2017 01:00:00 - 16/09/2017 02:00:00","BZN|DK1","0.00","n/e"," ","0.00"
"16/09/2017 02:00:00 - 16/09/2017 03:00:00","BZN|DK1","0.00","n/e"," ","0.00"
"16/09/2017 03:00:00 - 16/09/2017 04:00:00","BZN|DK1","0.00","n/e"," ","0.00"
"16/09/2017 04:00:00 - 16/09/2017 05:00:00","BZN|DK1","0.00","n/e"," ","0.00"
"16/09/2017 05:00:00 - 16/09/2017 06:00:00","BZN|DK1","0.00","n/e"," ","0.00"
"16/09/2017 06:00:00 - 16/09/2017 07:00:00","BZN|DK1","1.00","n/e"," ","0.39"
"16/09/2017 07:00:00 - 16/09/2017 08:00:00","BZN|DK1","12.00","n/e"," ","15.11"
"16/09/2017 08:00:00 - 16/09/2017 09:00:00","BZN|DK1","52.00","n/e"," ","52.79"
"16/09/2017 09:00:00 - 16/09/2017 10:00:00","BZN|DK1","113.00","n/e"," ","97.66"
"16/09/2017 10:00:00 - 16/09/2017 11:00:00","BZN|DK1","159.00","n/e"," ","139.07"
"16/09/2017 11:00:00 - 16/09/2017 12:00:00","BZN|DK1","202.00","n/e"," ","158.39"
"16/09/2017 12:00:00 - 16/09/2017 13:00:00","BZN|DK1","216.00","n/e"," ","165.50"
"16/09/2017 13:00:00 - 16/09/2017 14:00:00","BZN|DK1","219.00","n/e"," ","175.54"
"16/09/2017 14:00:00 - 16/09/2017 15:00:00","BZN|DK1","192.00","n/e"," ","179.18"
"16/09/2017 15:00:00 - 16/09/2017 16:00:00","BZN|DK1","166.00","n/e"," ","150.53"
"16/09/2017 16:00:00 - 16/09/2017 17:00:00","BZN|DK1","129.00","n/e"," ","106.19"
"16/09/2017 17:00:00 - 16/09/2017 18:00:00","BZN|DK1","64.00","n/e"," ","64.46"
"16/09/2017 18:00:00 - 16/09/2017 19:00:00","BZN|DK1","22.00","n/e"," ","32.89"
"16/09/2017 19:00:00 - 16/09/2017 20:00:00","BZN|DK1","3.00","n/e"," ","5.46"
"16/09/2017 20:00:00 - 16/09/2017 21:00:00","BZN|DK1","0.00","n/e"," ","0.09"
"16/09/2017 21:00:00 - 16/09/2017 22:00:00","BZN|DK1","0.00","n/e"," ","0.00"
"16/09/2017 22:00:00 - 16/09/2017 23:00:00","BZN|DK1","0.00","n/e"," ","0.00"
"16/09/2017 23:00:00 - 17/09/2017 00:00:00","BZN|DK1","0.00","n/e"," ","0.00"
"17/09/2017 00:00:00 - 17/09/2017 01:00:00","BZN|DK1","0.00","n/e"," ","0.00"
"17/09/2017 01:00:00 - 17/09/2017 02:00:00","BZN|DK1","0.00","n/e"," ","0.00"
"17/09/2017 02:00:00 - 17/09/2017 03:00:00","BZN|DK1","0.00","n/e"," ","0.00"
"17/09/2017 03:00:00 - 17/09/2017 04:00:00","BZN|DK1","0.00","n/e"," ","0.00"
"17/09/2017 04:00:00 - 17/09/2017 05:00:00","BZN|DK1","0.00","n/e"," ","0.00"
"17/09/2017 05:00:00 - 17/09/2017 06:00:00","BZN|DK1","0.00","n/e"," ","0.01"
"17/09/2017 06:00:00 - 17/09/2017 07:00:00","BZN|DK1","0.00","n/e"," ","0.28"
"17/09/2017 07:00:00 - 17/09/2017 08:00:00","BZN|DK1","10.00","n/e"," ","11.67"
"17/09/2017 08:00:00 - 17/09/2017 09:00:00","BZN|DK1","53.00","n/e"," ","54.33"
"17/09/2017 09:00:00 - 17/09/2017 10:00:00","BZN|DK1","105.00","n/e"," ","105.67"
"17/09/2017 10:00:00 - 17/09/2017 11:00:00","BZN|DK1","156.00","n/e"," ","159.39"
"17/09/2017 11:00:00 - 17/09/2017 12:00:00","BZN|DK1","207.00","n/e"," ","187.40"
"17/09/2017 12:00:00 - 17/09/2017 13:00:00","BZN|DK1","229.00","n/e"," ","203.83"
"17/09/2017 13:00:00 - 17/09/2017 14:00:00","BZN|DK1","230.00","n/e"," ","236.80"
"17/09/2017 14:00:00 - 17/09/2017 15:00:00","BZN|DK1","210.00","n/e"," ","232.48"
"17/09/2017 15:00:00 - 17/09/2017 16:00:00","BZN|DK1","179.00","n/e"," ","187.96"
"17/09/2017 16:00:00 - 17/09/2017 17:00:00","BZN|DK1","137.00","n/e"," ","146.39"
"17/09/2017 17:00:00 - 17/09/2017 18:00:00","BZN|DK1","67.00","n/e"," ","81.88"
"17/09/2017 18:00:00 - 17/09/2017 19:00:00","BZN|DK1","22.00","n/e"," ","30.84"
"17/09/2017 19:00:00 - 17/09/2017 20:00:00","BZN|DK1","2.00","n/e"," ","3.83"
"17/09/2017 20:00:00 - 17/09/2017 21:00:00","BZN|DK1","0.00","n/e"," ","0.07"
"17/09/2017 21:00:00 - 17/09/2017 22:00:00","BZN|DK1","0.00","n/e"," ","0.01"
"17/09/2017 22:00:00 - 17/09/2017 23:00:00","BZN|DK1","0.00","n/e"," ","0.00"
"17/09/2017 23:00:00 - 18/09/2017 00:00:00","BZN|DK1","0.00","n/e"," ","0.00"
"18/09/2017 00:00:00 - 18/09/2017 01:00:00","BZN|DK1","0.00","n/e"," ","0.00"
"18/09/2017 01:00:00 - 18/09/2017 02:00:00","BZN|DK1","0.00","n/e"," ","0.00"
"18/09/2017 02:00:00 - 18/09/2017 03:00:00","BZN|DK1","0.00","n/e"," ","0.00"
"18/09/2017 03:00:00 - 18/09/2017 04:00:00","BZN|DK1","0.00","n/e"," ","0.00"
"18/09/2017 04:00:00 - 18/09/2017 05:00:00","BZN|DK1","0.00","n/e"," ","0.00"
"18/09/2017 05:00:00 - 18/09/2017 06:00:00","BZN|DK1","0.00","n/e"," ","0.00"
"18/09/2017 06:00:00 - 18/09/2017 07:00:00","BZN|DK1","1.00","n/e"," ","0.28"
"18/09/2017 07:00:00 - 18/09/2017 08:00:00","BZN|DK1","10.00","n/e"," ","14.72"
"18/09/2017 08:00:00 - 18/09/2017 09:00:00","BZN|DK1","59.00","n/e"," ","67.14"
"18/09/2017 09:00:00 - 18/09/2017 10:00:00","BZN|DK1","135.00","n/e"," ","145.13"
"18/09/2017 10:00:00 - 18/09/2017 11:00:00","BZN|DK1","206.00","n/e"," ","226.04"
"18/09/2017 11:00:00 - 18/09/2017 12:00:00","BZN|DK1","268.00","n/e"," ","276.28"
"18/09/2017 12:00:00 - 18/09/2017 13:00:00","BZN|DK1","282.00","n/e"," ","294.08"
"18/09/2017 13:00:00 - 18/09/2017 14:00:00","BZN|DK1","278.00","n/e"," ","287.59"
"18/09/2017 14:00:00 - 18/09/2017 15:00:00","BZN|DK1","246.00","n/e"," ","268.69"
"18/09/2017 15:00:00 - 18/09/2017 16:00:00","BZN|DK1","217.00","n/e"," ","220.92"
"18/09/2017 16:00:00 - 18/09/2017 17:00:00","BZN|DK1","170.00","n/e"," ","150.40"
"18/09/2017 17:00:00 - 18/09/2017 18:00:00","BZN|DK1","87.00","n/e"," ","84.15"
"18/09/2017 18:00:00 - 18/09/2017 19:00:00","BZN|DK1","32.00","n/e"," ","39.54"
"18/09/2017 19:00:00 - 18/09/2017 20:00:00","BZN|DK1","3.00","n/e"," ","4.54"
"18/09/2017 20:00:00 - 18/09/2017 21:00:00","BZN|DK1","0.00","n/e"," ","0.05"
"18/09/2017 21:00:00 - 18/09/2017 22:00:00","BZN|DK1","0.00","n/e"," ","0.00"
"18/09/2017 22:00:00 - 18/09/2017 23:00:00","BZN|DK1","0.00","n/e"," ","0.00"
"18/09/2017 23:00:00 - 19/09/2017 00:00:00","BZN|DK1","0.00","n/e"," ","0.00"
"19/09/2017 00:00:00 - 19/09/2017 01:00:00","BZN|DK1","0.00","n/e"," ","0.00"
"19/09/2017 01:00:00 - 19/09/2017 02:00:00","BZN|DK1","0.00","n/e"," ","0.00"
"19/09/2017 02:00:00 - 19/09/2017 03:00:00","BZN|DK1","0.00","n/e"," ","0.00"
"19/09/2017 03:00:00 - 19/09/2017 04:00:00","BZN|DK1","0.00","n/e"," ","0.00"
"19/09/2017 04:00:00 - 19/09/2017 05:00:00","BZN|DK1","0.00","n/e"," ","0.00"
"19/09/2017 05:00:00 - 19/09/2017 06:00:00","BZN|DK1","0.00","n/e"," ","0.00"
"19/09/2017 06:00:00 - 19/09/2017 07:00:00","BZN|DK1","0.00","n/e"," ","0.21"
"19/09/2017 07:00:00 - 19/09/2017 08:00:00","BZN|DK1","9.00","n/e"," ","12.31"
"19/09/2017 08:00:00 - 19/09/2017 09:00:00","BZN|DK1","57.00","n/e"," ","51.21"
"19/09/2017 09:00:00 - 19/09/2017 10:00:00","BZN|DK1","111.00","n/e"," ","101.97"
"19/09/2017 10:00:00 - 19/09/2017 11:00:00","BZN|DK1","149.00","n/e"," ","149.27"
"19/09/2017 11:00:00 - 19/09/2017 12:00:00","BZN|DK1","185.00","n/e"," ","156.37"
"19/09/2017 12:00:00 - 19/09/2017 13:00:00","BZN|DK1","193.00","n/e"," ","182.32"
"19/09/2017 13:00:00 - 19/09/2017 14:00:00","BZN|DK1","184.00","n/e"," ","148.81"
"19/09/2017 14:00:00 - 19/09/2017 15:00:00","BZN|DK1","141.00","n/e"," ","116.89"
"19/09/2017 15:00:00 - 19/09/2017 16:00:00","BZN|DK1","125.00","n/e"," ","87.67"
"19/09/2017 16:00:00 - 19/09/2017 17:00:00","BZN|DK1","96.00","n/e"," ","66.10"
"19/09/2017 17:00:00 - 19/09/2017 18:00:00","BZN|DK1","39.00","n/e"," ","46.43"
"19/09/2017 18:00:00 - 19/09/2017 19:00:00","BZN|DK1","8.00","n/e"," ","18.42"
"19/09/2017 19:00:00 - 19/09/2017 20:00:00","BZN|DK1","0.00","n/e"," ","1.63"
"19/09/2017 20:00:00 - 19/09/2017 21:00:00","BZN|DK1","0.00","n/e"," ","0.02"
"19/09/2017 21:00:00 - 19/09/2017 22:00:00","BZN|DK1","0.00","n/e"," ","0.01"
"19/09/2017 22:00:00 - 19/09/2017 23:00:00","BZN|DK1","0.00","n/e"," ","0.00"
"19/09/2017 23:00:00 - 20/09/2017 00:00:00","BZN|DK1","0.00","n/e"," ","0.00"
"20/09/2017 00:00:00 - 20/09/2017 01:00:00","BZN|DK1","0.00","n/e"," ","0.00"
"20/09/2017 01:00:00 - 20/09/2017 02:00:00","BZN|DK1","0.00","n/e"," ","0.00"
"20/09/2017 02:00:00 - 20/09/2017 03:00:00","BZN|DK1","0.00","n/e"," ","0.00"
"20/09/2017 03:00:00 - 20/09/2017 04:00:00","BZN|DK1","0.00","n/e"," ","0.00"
"20/09/2017 04:00:00 - 20/09/2017 05:00:00","BZN|DK1","0.00","n/e"," ","0.00"
"20/09/2017 05:00:00 - 20/09/2017 06:00:00","BZN|DK1","0.00","n/e"," ","0.01"
"20/09/2017 06:00:00 - 20/09/2017 07:00:00","BZN|DK1","0.00","n/e"," ","0.20"
"20/09/2017 07:00:00 - 20/09/2017 08:00:00","BZN|DK1","4.00","n/e"," ","10.66"
"20/09/2017 08:00:00 - 20/09/2017 09:00:00","BZN|DK1","22.00","n/e"," ","48.17"
"20/09/2017 09:00:00 - 20/09/2017 10:00:00","BZN|DK1","59.00","n/e"," ","95.01"
"20/09/2017 10:00:00 - 20/09/2017 11:00:00","BZN|DK1","117.00","n/e"," ","159.39"
"20/09/2017 11:00:00 - 20/09/2017 12:00:00","BZN|DK1","163.00","n/e"," ","198.67"
"20/09/2017 12:00:00 - 20/09/2017 13:00:00","BZN|DK1","179.00","n/e"," ","219.47"
"20/09/2017 13:00:00 - 20/09/2017 14:00:00","BZN|DK1","184.00","n/e"," ","225.22"
"20/09/2017 14:00:00 - 20/09/2017 15:00:00","BZN|DK1","165.00","n/e"," ","186.63"
"20/09/2017 15:00:00 - 20/09/2017 16:00:00","BZN|DK1","149.00","n/e"," ","162.56"
"20/09/2017 16:00:00 - 20/09/2017 17:00:00","BZN|DK1","116.00","n/e"," ","120.29"
"20/09/2017 17:00:00 - 20/09/2017 18:00:00","BZN|DK1","51.00","n/e"," ","63.48"
"20/09/2017 18:00:00 - 20/09/2017 19:00:00","BZN|DK1","14.00","n/e"," ","21.04"
"20/09/2017 19:00:00 - 20/09/2017 20:00:00","BZN|DK1","1.00","n/e"," ","1.81"
"20/09/2017 20:00:00 - 20/09/2017 21:00:00","BZN|DK1","0.00","n/e"," ","0.01"
"20/09/2017 21:00:00 - 20/09/2017 22:00:00","BZN|DK1","0.00","n/e"," ","0.00"
"20/09/2017 22:00:00 - 20/09/2017 23:00:00","BZN|DK1","0.00","n/e"," ","0.00"
"20/09/2017 23:00:00 - 21/09/2017 00:00:00","BZN|DK1","0.00","n/e"," ","0.00"
"21/09/2017 00:00:00 - 21/09/2017 01:00:00","BZN|DK1","0.00","n/e"," ","0.00"
"21/09/2017 01:00:00 - 21/09/2017 02:00:00","BZN|DK1","0.00","n/e"," ","0.00"
"21/09/2017 02:00:00 - 21/09/2017 03:00:00","BZN|DK1","0.00","n/e"," ","0.00"
"21/09/2017 03:00:00 - 21/09/2017 04:00:00","BZN|DK1","0.00","n/e"," ","0.00"
"21/09/2017 04:00:00 - 21/09/2017 05:00:00","BZN|DK1","0.00","n/e"," ","0.00"
"21/09/2017 05:00:00 - 21/09/2017 06:00:00","BZN|DK1","0.00","n/e"," ","0.01"
"21/09/2017 06:00:00 - 21/09/2017 07:00:00","BZN|DK1","0.00","n/e"," ","0.13"
"21/09/2017 07:00:00 - 21/09/2017 08:00:00","BZN|DK1","4.00","n/e"," ","5.65"
"21/09/2017 08:00:00 - 21/09/2017 09:00:00","BZN|DK1","23.00","n/e"," ","36.14"
"21/09/2017 09:00:00 - 21/09/2017 10:00:00","BZN|DK1","62.00","n/e"," ","73.56"
"21/09/2017 10:00:00 - 21/09/2017 11:00:00","BZN|DK1","106.00","n/e"," ","114.84"
"21/09/2017 11:00:00 - 21/09/2017 12:00:00","BZN|DK1","151.00","n/e"," ","163.13"
"21/09/2017 12:00:00 - 21/09/2017 13:00:00","BZN|DK1","172.00","n/e"," ","180.02"
"21/09/2017 13:00:00 - 21/09/2017 14:00:00","BZN|DK1","184.00","n/e"," ","177.32"
"21/09/2017 14:00:00 - 21/09/2017 15:00:00","BZN|DK1","164.00","n/e"," ","164.55"
"21/09/2017 15:00:00 - 21/09/2017 16:00:00","BZN|DK1","148.00","n/e"," ","116.49"
"21/09/2017 16:00:00 - 21/09/2017 17:00:00","BZN|DK1","115.00","n/e"," ","82.74"
"21/09/2017 17:00:00 - 21/09/2017 18:00:00","BZN|DK1","54.00","n/e"," ","50.38"
"21/09/2017 18:00:00 - 21/09/2017 19:00:00","BZN|DK1","14.00","n/e"," ","15.86"
"21/09/2017 19:00:00 - 21/09/2017 20:00:00","BZN|DK1","1.00","n/e"," ","1.01"
"21/09/2017 20:00:00 - 21/09/2017 21:00:00","BZN|DK1","0.00","n/e"," ","0.01"
"21/09/2017 21:00:00 - 21/09/2017 22:00:00","BZN|DK1","0.00","n/e"," ","0.00"
"21/09/2017 22:00:00 - 21/09/2017 23:00:00","BZN|DK1","0.00","n/e"," ","0.00"
"21/09/2017 23:00:00 - 22/09/2017 00:00:00","BZN|DK1","0.00","n/e"," ","0.00"
"22/09/2017 00:00:00 - 22/09/2017 01:00:00","BZN|DK1","0.00","n/e"," ","0.00"
"22/09/2017 01:00:00 - 22/09/2017 02:00:00","BZN|DK1","0.00","n/e"," ","0.00"
"22/09/2017 02:00:00 - 22/09/2017 03:00:00","BZN|DK1","0.00","n/e"," ","0.00"
"22/09/2017 03:00:00 - 22/09/2017 04:00:00","BZN|DK1","0.00","n/e"," ","0.00"
"22/09/2017 04:00:00 - 22/09/2017 05:00:00","BZN|DK1","0.00","n/e"," ","0.00"
"22/09/2017 05:00:00 - 22/09/2017 06:00:00","BZN|DK1","0.00","n/e"," ","0.00"
"22/09/2017 06:00:00 - 22/09/2017 07:00:00","BZN|DK1","0.00","n/e"," ","0.15"
"22/09/2017 07:00:00 - 22/09/2017 08:00:00","BZN|DK1","9.00","n/e"," ","10.61"
"22/09/2017 08:00:00 - 22/09/2017 09:00:00","BZN|DK1","60.00","n/e"," ","51.82"
"22/09/2017 09:00:00 - 22/09/2017 10:00:00","BZN|DK1","132.00","n/e"," ","94.68"
"22/09/2017 10:00:00 - 22/09/2017 11:00:00","BZN|DK1","194.00","n/e"," ","137.91"
"22/09/2017 11:00:00 - 22/09/2017 12:00:00","BZN|DK1","249.00","n/e"," ","185.34"
"22/09/2017 12:00:00 - 22/09/2017 13:00:00","BZN|DK1","275.00","n/e"," ","228.76"
"22/09/2017 13:00:00 - 22/09/2017 14:00:00","BZN|DK1","282.00","n/e"," ","243.94"
"22/09/2017 14:00:00 - 22/09/2017 15:00:00","BZN|DK1","252.00","n/e"," ","224.70"
"22/09/2017 15:00:00 - 22/09/2017 16:00:00","BZN|DK1","210.00","n/e"," ","165.81"
"22/09/2017 16:00:00 - 22/09/2017 17:00:00","BZN|DK1","157.00","n/e"," ","114.89"
"22/09/2017 17:00:00 - 22/09/2017 18:00:00","BZN|DK1","76.00","n/e"," ","63.61"
"22/09/2017 18:00:00 - 22/09/2017 19:00:00","BZN|DK1","24.00","n/e"," ","18.13"
"22/09/2017 19:00:00 - 22/09/2017 20:00:00","BZN|DK1","1.00","n/e"," ","0.94"
"22/09/2017 20:00:00 - 22/09/2017 21:00:00","BZN|DK1","0.00","n/e"," ","0.01"
"22/09/2017 21:00:00 - 22/09/2017 22:00:00","BZN|DK1","0.00","n/e"," ","0.00"
"22/09/2017 22:00:00 - 22/09/2017 23:00:00","BZN|DK1","0.00","n/e"," ","0.00"
"22/09/2017 23:00:00 - 23/09/2017 00:00:00","BZN|DK1","0.00","n/e"," ","0.00"
"23/09/2017 00:00:00 - 23/09/2017 01:00:00","BZN|DK1","0.00","n/e"," ","0.00"
"23/09/2017 01:00:00 - 23/09/2017 02:00:00","BZN|DK1","0.00","n/e"," ","0.00"
"23/09/2017 02:00:00 - 23/09/2017 03:00:00","BZN|DK1","0.00","n/e"," ","0.00"
"23/09/2017 03:00:00 - 23/09/2017 04:00:00","BZN|DK1","0.00","n/e"," ","0.00"
"23/09/2017 04:00:00 - 23/09/2017 05:00:00","BZN|DK1","0.00","n/e"," ","0.00"
"23/09/2017 05:00:00 - 23/09/2017 06:00:00","BZN|DK1","0.00","n/e"," ","0.00"
"23/09/2017 06:00:00 - 23/09/2017 07:00:00","BZN|DK1","0.00","n/e"," ","0.10"
"23/09/2017 07:00:00 - 23/09/2017 08:00:00","BZN|DK1","6.00","n/e"," ","9.72"
"23/09/2017 08:00:00 - 23/09/2017 09:00:00","BZN|DK1","45.00","n/e"," ","54.43"
"23/09/2017 09:00:00 - 23/09/2017 10:00:00","BZN|DK1","110.00","n/e"," ","117.12"
"23/09/2017 10:00:00 - 23/09/2017 11:00:00","BZN|DK1","176.00","n/e"," ","193.42"
"23/09/2017 11:00:00 - 23/09/2017 12:00:00","BZN|DK1","232.00","n/e"," ","239.28"
"23/09/2017 12:00:00 - 23/09/2017 13:00:00","BZN|DK1","251.00","n/e"," ","250.73"
"23/09/2017 13:00:00 - 23/09/2017 14:00:00","BZN|DK1","253.00","n/e"," ","240.39"
"23/09/2017 14:00:00 - 23/09/2017 15:00:00","BZN|DK1","209.00","n/e"," ","217.32"
"23/09/2017 15:00:00 - 23/09/2017 16:00:00","BZN|DK1","181.00","n/e"," ","164.64"
"23/09/2017 16:00:00 - 23/09/2017 17:00:00","BZN|DK1","138.00","n/e"," ","118.87"
"23/09/2017 17:00:00 - 23/09/2017 18:00:00","BZN|DK1","67.00","n/e"," ","68.80"
"23/09/2017 18:00:00 - 23/09/2017 19:00:00","BZN|DK1","19.00","n/e"," ","22.55"
"23/09/2017 19:00:00 - 23/09/2017 20:00:00","BZN|DK1","1.00","n/e"," ","1.66"
"23/09/2017 20:00:00 - 23/09/2017 21:00:00","BZN|DK1","0.00","n/e"," ","0.01"
"23/09/2017 21:00:00 - 23/09/2017 22:00:00","BZN|DK1","0.00","n/e"," ","0.00"
"23/09/2017 22:00:00 - 23/09/2017 23:00:00","BZN|DK1","0.00","n/e"," ","0.00"
"23/09/2017 23:00:00 - 24/09/2017 00:00:00","BZN|DK1","0.00","n/e"," ","0.00"
"24/09/2017 00:00:00 - 24/09/2017 01:00:00","BZN|DK1","0.00","n/e"," ","0.00"
"24/09/2017 01:00:00 - 24/09/2017 02:00:00","BZN|DK1","0.00","n/e"," ","0.00"
"24/09/2017 02:00:00 - 24/09/2017 03:00:00","BZN|DK1","0.00","n/e"," ","0.00"
"24/09/2017 03:00:00 - 24/09/2017 04:00:00","BZN|DK1","0.00","n/e"," ","0.00"
"24/09/2017 04:00:00 - 24/09/2017 05:00:00","BZN|DK1","0.00","n/e"," ","0.00"
"24/09/2017 05:00:00 - 24/09/2017 06:00:00","BZN|DK1","0.00","n/e"," ","0.00"
"24/09/2017 06:00:00 - 24/09/2017 07:00:00","BZN|DK1","0.00","n/e"," ","0.04"
"24/09/2017 07:00:00 - 24/09/2017 08:00:00","BZN|DK1","2.00","n/e"," ","1.48"
"24/09/2017 08:00:00 - 24/09/2017 09:00:00","BZN|DK1","9.00","n/e"," ","14.86"
"24/09/2017 09:00:00 - 24/09/2017 10:00:00","BZN|DK1","33.00","n/e"," ","34.27"
"24/09/2017 10:00:00 - 24/09/2017 11:00:00","BZN|DK1","68.00","n/e"," ","45.39"
"24/09/2017 11:00:00 - 24/09/2017 12:00:00","BZN|DK1","103.00","n/e"," ","53.76"
"24/09/2017 12:00:00 - 24/09/2017 13:00:00","BZN|DK1","118.00","n/e"," ","69.10"
"24/09/2017 13:00:00 - 24/09/2017 14:00:00","BZN|DK1","132.00","n/e"," ","70.91"
"24/09/2017 14:00:00 - 24/09/2017 15:00:00","BZN|DK1","137.00","n/e"," ","74.11"
"24/09/2017 15:00:00 - 24/09/2017 16:00:00","BZN|DK1","140.00","n/e"," ","73.23"
"24/09/2017 16:00:00 - 24/09/2017 17:00:00","BZN|DK1","116.00","n/e"," ","70.96"
"24/09/2017 17:00:00 - 24/09/2017 18:00:00","BZN|DK1","64.00","n/e"," ","60.98"
"24/09/2017 18:00:00 - 24/09/2017 19:00:00","BZN|DK1","19.00","n/e"," ","25.07"
"24/09/2017 19:00:00 - 24/09/2017 20:00:00","BZN|DK1","1.00","n/e"," ","1.35"
"24/09/2017 20:00:00 - 24/09/2017 21:00:00","BZN|DK1","0.00","n/e"," ","0.00"
"24/09/2017 21:00:00 - 24/09/2017 22:00:00","BZN|DK1","0.00","n/e"," ","0.00"
"24/09/2017 22:00:00 - 24/09/2017 23:00:00","BZN|DK1","0.00","n/e"," ","0.00"
"24/09/2017 23:00:00 - 25/09/2017 00:00:00","BZN|DK1","0.00","n/e"," ","0.00"
"25/09/2017 00:00:00 - 25/09/2017 01:00:00","BZN|DK1","0.00","n/e"," ","0.00"
"25/09/2017 01:00:00 - 25/09/2017 02:00:00","BZN|DK1","0.00","n/e"," ","0.00"
"25/09/2017 02:00:00 - 25/09/2017 03:00:00","BZN|DK1","0.00","n/e"," ","0.00"
"25/09/2017 03:00:00 - 25/09/2017 04:00:00","BZN|DK1","0.00","n/e"," ","0.00"
"25/09/2017 04:00:00 - 25/09/2017 05:00:00","BZN|DK1","0.00","n/e"," ","0.00"
"25/09/2017 05:00:00 - 25/09/2017 06:00:00","BZN|DK1","0.00","n/e"," ","0.00"
"25/09/2017 06:00:00 - 25/09/2017 07:00:00","BZN|DK1","0.00","n/e"," ","0.09"
"25/09/2017 07:00:00 - 25/09/2017 08:00:00","BZN|DK1","4.00","n/e"," ","3.53"
"25/09/2017 08:00:00 - 25/09/2017 09:00:00","BZN|DK1","29.00","n/e"," ","25.71"
"25/09/2017 09:00:00 - 25/09/2017 10:00:00","BZN|DK1","61.00","n/e"," ","49.51"
"25/09/2017 10:00:00 - 25/09/2017 11:00:00","BZN|DK1","79.00","n/e"," ","66.21"
"25/09/2017 11:00:00 - 25/09/2017 12:00:00","BZN|DK1","113.00","n/e"," ","98.65"
"25/09/2017 12:00:00 - 25/09/2017 13:00:00","BZN|DK1","136.00","n/e"," ","153.18"
"25/09/2017 13:00:00 - 25/09/2017 14:00:00","BZN|DK1","216.00","n/e"," ","231.66"
"25/09/2017 14:00:00 - 25/09/2017 15:00:00","BZN|DK1","257.00","n/e"," ","255.15"
"25/09/2017 15:00:00 - 25/09/2017 16:00:00","BZN|DK1","232.00","n/e"," ","215.89"
"25/09/2017 16:00:00 - 25/09/2017 17:00:00","BZN|DK1","171.00","n/e"," ","137.59"
"25/09/2017 17:00:00 - 25/09/2017 18:00:00","BZN|DK1","80.00","n/e"," ","57.14"
"25/09/2017 18:00:00 - 25/09/2017 19:00:00","BZN|DK1","21.00","n/e"," ","16.22"
"25/09/2017 19:00:00 - 25/09/2017 20:00:00","BZN|DK1","2.00","n/e"," ","0.74"
"25/09/2017 20:00:00 - 25/09/2017 21:00:00","BZN|DK1","0.00","n/e"," ","0.01"
"25/09/2017 21:00:00 - 25/09/2017 22:00:00","BZN|DK1","0.00","n/e"," ","0.01"
"25/09/2017 22:00:00 - 25/09/2017 23:00:00","BZN|DK1","0.00","n/e"," ","0.00"
"25/09/2017 23:00:00 - 26/09/2017 00:00:00","BZN|DK1","0.00","n/e"," ","0.00"
"26/09/2017 00:00:00 - 26/09/2017 01:00:00","BZN|DK1","0.00","n/e"," ","0.00"
"26/09/2017 01:00:00 - 26/09/2017 02:00:00","BZN|DK1","0.00","n/e"," ","0.00"
"26/09/2017 02:00:00 - 26/09/2017 03:00:00","BZN|DK1","0.00","n/e"," ","0.00"
"26/09/2017 03:00:00 - 26/09/2017 04:00:00","BZN|DK1","0.00","n/e"," ","0.00"
"26/09/2017 04:00:00 - 26/09/2017 05:00:00","BZN|DK1","0.00","n/e"," ","0.00"
"26/09/2017 05:00:00 - 26/09/2017 06:00:00","BZN|DK1","0.00","n/e"," ","0.01"
"26/09/2017 06:00:00 - 26/09/2017 07:00:00","BZN|DK1","0.00","n/e"," ","0.05"
"26/09/2017 07:00:00 - 26/09/2017 08:00:00","BZN|DK1","3.00","n/e"," ","2.14"
"26/09/2017 08:00:00 - 26/09/2017 09:00:00","BZN|DK1","27.00","n/e"," ","20.66"
"26/09/2017 09:00:00 - 26/09/2017 10:00:00","BZN|DK1","68.00","n/e"," ","46.58"
"26/09/2017 10:00:00 - 26/09/2017 11:00:00","BZN|DK1","119.00","n/e"," ","63.01"
"26/09/2017 11:00:00 - 26/09/2017 12:00:00","BZN|DK1","178.00","n/e"," ","86.16"
"26/09/2017 12:00:00 - 26/09/2017 13:00:00","BZN|DK1","207.00","n/e"," ","104.32"
"26/09/2017 13:00:00 - 26/09/2017 14:00:00","BZN|DK1","223.00","n/e"," ","113.70"
"26/09/2017 14:00:00 - 26/09/2017 15:00:00","BZN|DK1","206.00","n/e"," ","133.96"
"26/09/2017 15:00:00 - 26/09/2017 16:00:00","BZN|DK1","183.00","n/e"," ","135.82"
"26/09/2017 16:00:00 - 26/09/2017 17:00:00","BZN|DK1","139.00","n/e"," ","107.51"
"26/09/2017 17:00:00 - 26/09/2017 18:00:00","BZN|DK1","69.00","n/e"," ","70.68"
"26/09/2017 18:00:00 - 26/09/2017 19:00:00","BZN|DK1","17.00","n/e"," ","25.05"
"26/09/2017 19:00:00 - 26/09/2017 20:00:00","BZN|DK1","1.00","n/e"," ","1.00"
"26/09/2017 20:00:00 - 26/09/2017 21:00:00","BZN|DK1","0.00","n/e"," ","0.01"
"26/09/2017 21:00:00 - 26/09/2017 22:00:00","BZN|DK1","0.00","n/e"," ","0.01"
"26/09/2017 22:00:00 - 26/09/2017 23:00:00","BZN|DK1","0.00","n/e"," ","0.00"
"26/09/2017 23:00:00 - 27/09/2017 00:00:00","BZN|DK1","0.00","n/e"," ","0.00"
"27/09/2017 00:00:00 - 27/09/2017 01:00:00","BZN|DK1","0.00","n/e"," ","0.00"
"27/09/2017 01:00:00 - 27/09/2017 02:00:00","BZN|DK1","0.00","n/e"," ","0.00"
"27/09/2017 02:00:00 - 27/09/2017 03:00:00","BZN|DK1","0.00","n/e"," ","0.00"
"27/09/2017 03:00:00 - 27/09/2017 04:00:00","BZN|DK1","0.00","n/e"," ","0.00"
"27/09/2017 04:00:00 - 27/09/2017 05:00:00","BZN|DK1","0.00","n/e"," ","0.00"
"27/09/2017 05:00:00 - 27/09/2017 06:00:00","BZN|DK1","0.00","n/e"," ","0.01"
"27/09/2017 06:00:00 - 27/09/2017 07:00:00","BZN|DK1","0.00","n/e"," ","0.01"
"27/09/2017 07:00:00 - 27/09/2017 08:00:00","BZN|DK1","3.00","n/e"," ","1.73"
"27/09/2017 08:00:00 - 27/09/2017 09:00:00","BZN|DK1","27.00","n/e"," ","17.23"
"27/09/2017 09:00:00 - 27/09/2017 10:00:00","BZN|DK1","72.00","n/e"," ","51.37"
"27/09/2017 10:00:00 - 27/09/2017 11:00:00","BZN|DK1","118.00","n/e"," ","99.69"
"27/09/2017 11:00:00 - 27/09/2017 12:00:00","BZN|DK1","153.00","n/e"," ","179.09"
"27/09/2017 12:00:00 - 27/09/2017 13:00:00","BZN|DK1","171.00","n/e"," ","205.54"
"27/09/2017 13:00:00 - 27/09/2017 14:00:00","BZN|DK1","174.00","n/e"," ","182.06"
"27/09/2017 14:00:00 - 27/09/2017 15:00:00","BZN|DK1","151.00","n/e"," ","152.88"
"27/09/2017 15:00:00 - 27/09/2017 16:00:00","BZN|DK1","143.00","n/e"," ","128.25"
"27/09/2017 16:00:00 - 27/09/2017 17:00:00","BZN|DK1","110.00","n/e"," ","92.91"
"27/09/2017 17:00:00 - 27/09/2017 18:00:00","BZN|DK1","49.00","n/e"," ","61.69"
"27/09/2017 18:00:00 - 27/09/2017 19:00:00","BZN|DK1","11.00","n/e"," ","19.91"
"27/09/2017 19:00:00 - 27/09/2017 20:00:00","BZN|DK1","0.00","n/e"," ","0.75"
"27/09/2017 20:00:00 - 27/09/2017 21:00:00","BZN|DK1","0.00","n/e"," ","0.01"
"27/09/2017 21:00:00 - 27/09/2017 22:00:00","BZN|DK1","0.00","n/e"," ","0.00"
"27/09/2017 22:00:00 - 27/09/2017 23:00:00","BZN|DK1","0.00","n/e"," ","0.00"
"27/09/2017 23:00:00 - 28/09/2017 00:00:00","BZN|DK1","0.00","n/e"," ","0.00"
"28/09/2017 00:00:00 - 28/09/2017 01:00:00","BZN|DK1","0.00","n/e"," ","0.00"
"28/09/2017 01:00:00 - 28/09/2017 02:00:00","BZN|DK1","0.00","n/e"," ","0.00"
"28/09/2017 02:00:00 - 28/09/2017 03:00:00","BZN|DK1","0.00","n/e"," ","0.00"
"28/09/2017 03:00:00 - 28/09/2017 04:00:00","BZN|DK1","0.00","n/e"," ","0.00"
"28/09/2017 04:00:00 - 28/09/2017 05:00:00","BZN|DK1","0.00","n/e"," ","0.00"
"28/09/2017 05:00:00 - 28/09/2017 06:00:00","BZN|DK1","0.00","n/e"," ","0.00"
"28/09/2017 06:00:00 - 28/09/2017 07:00:00","BZN|DK1","0.00","n/e"," ","0.05"
"28/09/2017 07:00:00 - 28/09/2017 08:00:00","BZN|DK1","3.00","n/e"," ","3.45"
"28/09/2017 08:00:00 - 28/09/2017 09:00:00","BZN|DK1","28.00","n/e"," ","32.01"
"28/09/2017 09:00:00 - 28/09/2017 10:00:00","BZN|DK1","63.00","n/e"," ","56.81"
"28/09/2017 10:00:00 - 28/09/2017 11:00:00","BZN|DK1","104.00","n/e"," ","75.48"
"28/09/2017 11:00:00 - 28/09/2017 12:00:00","BZN|DK1","145.00","n/e"," ","112.70"
"28/09/2017 12:00:00 - 28/09/2017 13:00:00","BZN|DK1","171.00","n/e"," ","139.29"
"28/09/2017 13:00:00 - 28/09/2017 14:00:00","BZN|DK1","180.00","n/e"," ","128.81"
"28/09/2017 14:00:00 - 28/09/2017 15:00:00","BZN|DK1","157.00","n/e"," ","128.78"
"28/09/2017 15:00:00 - 28/09/2017 16:00:00","BZN|DK1","147.00","n/e"," ","124.62"
"28/09/2017 16:00:00 - 28/09/2017 17:00:00","BZN|DK1","116.00","n/e"," ","96.81"
"28/09/2017 17:00:00 - 28/09/2017 18:00:00","BZN|DK1","59.00","n/e"," ","59.43"
"28/09/2017 18:00:00 - 28/09/2017 19:00:00","BZN|DK1","14.00","n/e"," ","16.44"
"28/09/2017 19:00:00 - 28/09/2017 20:00:00","BZN|DK1","1.00","n/e"," ","0.39"
"28/09/2017 20:00:00 - 28/09/2017 21:00:00","BZN|DK1","0.00","n/e"," ","0.01"
"28/09/2017 21:00:00 - 28/09/2017 22:00:00","BZN|DK1","0.00","n/e"," ","0.00"
"28/09/2017 22:00:00 - 28/09/2017 23:00:00","BZN|DK1","0.00","n/e"," ","0.00"
"28/09/2017 23:00:00 - 29/09/2017 00:00:00","BZN|DK1","0.00","n/e"," ","0.00"
"29/09/2017 00:00:00 - 29/09/2017 01:00:00","BZN|DK1","0.00","n/e"," ","0.00"
"29/09/2017 01:00:00 - 29/09/2017 02:00:00","BZN|DK1","0.00","n/e"," ","0.00"
"29/09/2017 02:00:00 - 29/09/2017 03:00:00","BZN|DK1","0.00","n/e"," ","0.00"
"29/09/2017 03:00:00 - 29/09/2017 04:00:00","BZN|DK1","0.00","n/e"," ","0.00"
"29/09/2017 04:00:00 - 29/09/2017 05:00:00","BZN|DK1","0.00","n/e"," ","0.00"
"29/09/2017 05:00:00 - 29/09/2017 06:00:00","BZN|DK1","0.00","n/e"," ","0.00"
"29/09/2017 06:00:00 - 29/09/2017 07:00:00","BZN|DK1","0.00","n/e"," ","0.01"
"29/09/2017 07:00:00 - 29/09/2017 08:00:00","BZN|DK1","2.00","n/e"," ","2.05"
"29/09/2017 08:00:00 - 29/09/2017 09:00:00","BZN|DK1","23.00","n/e"," ","20.09"
"29/09/2017 09:00:00 - 29/09/2017 10:00:00","BZN|DK1","59.00","n/e"," ","46.10"
"29/09/2017 10:00:00 - 29/09/2017 11:00:00","BZN|DK1","99.00","n/e"," ","78.91"
"29/09/2017 11:00:00 - 29/09/2017 12:00:00","BZN|DK1","135.00","n/e"," ","99.87"
"29/09/2017 12:00:00 - 29/09/2017 13:00:00","BZN|DK1","154.00","n/e"," ","118.81"
"29/09/2017 13:00:00 - 29/09/2017 14:00:00","BZN|DK1","160.00","n/e"," ","129.82"
"29/09/2017 14:00:00 - 29/09/2017 15:00:00","BZN|DK1","139.00","n/e"," ","135.28"
"29/09/2017 15:00:00 - 29/09/2017 16:00:00","BZN|DK1","127.00","n/e"," ","119.83"
"29/09/2017 16:00:00 - 29/09/2017 17:00:00","BZN|DK1","96.00","n/e"," ","89.32"
"29/09/2017 17:00:00 - 29/09/2017 18:00:00","BZN|DK1","41.00","n/e"," ","48.37"
"29/09/2017 18:00:00 - 29/09/2017 19:00:00","BZN|DK1","9.00","n/e"," ","13.18"
"29/09/2017 19:00:00 - 29/09/2017 20:00:00","BZN|DK1","0.00","n/e"," ","0.30"
"29/09/2017 20:00:00 - 29/09/2017 21:00:00","BZN|DK1","0.00","n/e"," ","0.00"
"29/09/2017 21:00:00 - 29/09/2017 22:00:00","BZN|DK1","0.00","n/e"," ","0.00"
"29/09/2017 22:00:00 - 29/09/2017 23:00:00","BZN|DK1","0.00","n/e"," ","0.00"
"29/09/2017 23:00:00 - 30/09/2017 00:00:00","BZN|DK1","0.00","n/e"," ","0.00"
"30/09/2017 00:00:00 - 30/09/2017 01:00:00","BZN|DK1","0.00","n/e"," ","0.00"
"30/09/2017 01:00:00 - 30/09/2017 02:00:00","BZN|DK1","0.00","n/e"," ","0.00"
"30/09/2017 02:00:00 - 30/09/2017 03:00:00","BZN|DK1","0.00","n/e"," ","0.00"
"30/09/2017 03:00:00 - 30/09/2017 04:00:00","BZN|DK1","0.00","n/e"," ","0.00"
"30/09/2017 04:00:00 - 30/09/2017 05:00:00","BZN|DK1","0.00","n/e"," ","0.00"
"30/09/2017 05:00:00 - 30/09/2017 06:00:00","BZN|DK1","0.00","n/e"," ","0.00"
"30/09/2017 06:00:00 - 30/09/2017 07:00:00","BZN|DK1","0.00","n/e"," ","0.02"
"30/09/2017 07:00:00 - 30/09/2017 08:00:00","BZN|DK1","1.00","n/e"," ","2.26"
"30/09/2017 08:00:00 - 30/09/2017 09:00:00","BZN|DK1","13.00","n/e"," ","18.34"
"30/09/2017 09:00:00 - 30/09/2017 10:00:00","BZN|DK1","32.00","n/e"," ","35.88"
"30/09/2017 10:00:00 - 30/09/2017 11:00:00","BZN|DK1","58.00","n/e"," ","52.92"
"30/09/2017 11:00:00 - 30/09/2017 12:00:00","BZN|DK1","70.00","n/e"," ","55.39"
"30/09/2017 12:00:00 - 30/09/2017 13:00:00","BZN|DK1","70.00","n/e"," ","50.63"
"30/09/2017 13:00:00 - 30/09/2017 14:00:00","BZN|DK1","69.00","n/e"," ","53.94"
"30/09/2017 14:00:00 - 30/09/2017 15:00:00","BZN|DK1","35.00","n/e"," ","48.73"
"30/09/2017 15:00:00 - 30/09/2017 16:00:00","BZN|DK1","35.00","n/e"," ","40.64"
"30/09/2017 16:00:00 - 30/09/2017 17:00:00","BZN|DK1","31.00","n/e"," ","32.07"
"30/09/2017 17:00:00 - 30/09/2017 18:00:00","BZN|DK1","16.00","n/e"," ","14.81"
"30/09/2017 18:00:00 - 30/09/2017 19:00:00","BZN|DK1","2.00","n/e"," ","2.50"
"30/09/2017 19:00:00 - 30/09/2017 20:00:00","BZN|DK1","0.00","n/e"," ","0.17"
"30/09/2017 20:00:00 - 30/09/2017 21:00:00","BZN|DK1","0.00","n/e"," ","0.01"
"30/09/2017 21:00:00 - 30/09/2017 22:00:00","BZN|DK1","0.00","n/e"," ","0.01"
"30/09/2017 22:00:00 - 30/09/2017 23:00:00","BZN|DK1","0.00","n/e"," ","0.00"
"30/09/2017 23:00:00 - 01/10/2017 00:00:00","BZN|DK1","0.00","n/e"," ","0.00"
"01/10/2017 00:00:00 - 01/10/2017 01:00:00","BZN|DK1","0.00","n/e"," ","0.00"
"01/10/2017 01:00:00 - 01/10/2017 02:00:00","BZN|DK1","0.00","n/e"," ","0.00"
"01/10/2017 02:00:00 - 01/10/2017 03:00:00","BZN|DK1","0.00","n/e"," ","0.00"
"01/10/2017 03:00:00 - 01/10/2017 04:00:00","BZN|DK1","0.00","n/e"," ","0.00"
"01/10/2017 04:00:00 - 01/10/2017 05:00:00","BZN|DK1","0.00","n/e"," ","0.00"
"01/10/2017 05:00:00 - 01/10/2017 06:00:00","BZN|DK1","0.00","n/e"," ","0.01"
"01/10/2017 06:00:00 - 01/10/2017 07:00:00","BZN|DK1","0.00","n/e"," ","0.01"
"01/10/2017 07:00:00 - 01/10/2017 08:00:00","BZN|DK1","1.00","n/e"," ","1.58"
"01/10/2017 08:00:00 - 01/10/2017 09:00:00","BZN|DK1","19.00","n/e"," ","27.26"
"01/10/2017 09:00:00 - 01/10/2017 10:00:00","BZN|DK1","63.00","n/e"," ","86.42"
"01/10/2017 10:00:00 - 01/10/2017 11:00:00","BZN|DK1","135.00","n/e"," ","175.29"
"01/10/2017 11:00:00 - 01/10/2017 12:00:00","BZN|DK1","227.00","n/e"," ","228.71"
"01/10/2017 12:00:00 - 01/10/2017 13:00:00","BZN|DK1","263.00","n/e"," ","253.14"
"01/10/2017 13:00:00 - 01/10/2017 14:00:00","BZN|DK1","274.00","n/e"," ","273.33"
"01/10/2017 14:00:00 - 01/10/2017 15:00:00","BZN|DK1","238.00","n/e"," ","272.91"
"01/10/2017 15:00:00 - 01/10/2017 16:00:00","BZN|DK1","205.00","n/e"," ","228.33"
"01/10/2017 16:00:00 - 01/10/2017 17:00:00","BZN|DK1","154.00","n/e"," ","166.19"
"01/10/2017 17:00:00 - 01/10/2017 18:00:00","BZN|DK1","70.00","n/e"," ","86.13"
"01/10/2017 18:00:00 - 01/10/2017 19:00:00","BZN|DK1","12.00","n/e"," ","11.67"
"01/10/2017 19:00:00 - 01/10/2017 20:00:00","BZN|DK1","0.00","n/e"," ","0.27"
"01/10/2017 20:00:00 - 01/10/2017 21:00:00","BZN|DK1","0.00","n/e"," ","0.00"
"01/10/2017 21:00:00 - 01/10/2017 22:00:00","BZN|DK1","0.00","n/e"," ","0.00"
"01/10/2017 22:00:00 - 01/10/2017 23:00:00","BZN|DK1","0.00","n/e"," ","0.00"
"01/10/2017 23:00:00 - 02/10/2017 00:00:00","BZN|DK1","0.00","n/e"," ","0.00"
"02/10/2017 00:00:00 - 02/10/2017 01:00:00","BZN|DK1","0.00","n/e"," ","0.00"
"02/10/2017 01:00:00 - 02/10/2017 02:00:00","BZN|DK1","0.00","n/e"," ","0.00"
"02/10/2017 02:00:00 - 02/10/2017 03:00:00","BZN|DK1","0.00","n/e"," ","0.00"
"02/10/2017 03:00:00 - 02/10/2017 04:00:00","BZN|DK1","0.00","n/e"," ","0.00"
"02/10/2017 04:00:00 - 02/10/2017 05:00:00","BZN|DK1","0.00","n/e"," ","0.00"
"02/10/2017 05:00:00 - 02/10/2017 06:00:00","BZN|DK1","0.00","n/e"," ","0.00"
"02/10/2017 06:00:00 - 02/10/2017 07:00:00","BZN|DK1","0.00","n/e"," ","0.00"
"02/10/2017 07:00:00 - 02/10/2017 08:00:00","BZN|DK1","0.00","n/e"," ","0.36"
"02/10/2017 08:00:00 - 02/10/2017 09:00:00","BZN|DK1","3.00","n/e"," ","2.98"
"02/10/2017 09:00:00 - 02/10/2017 10:00:00","BZN|DK1","19.00","n/e"," ","27.66"
"02/10/2017 10:00:00 - 02/10/2017 11:00:00","BZN|DK1","60.00","n/e"," ","86.98"
"02/10/2017 11:00:00 - 02/10/2017 12:00:00","BZN|DK1","135.00","n/e"," ","152.23"
"02/10/2017 12:00:00 - 02/10/2017 13:00:00","BZN|DK1","162.00","n/e"," ","216.27"
"02/10/2017 13:00:00 - 02/10/2017 14:00:00","BZN|DK1","160.00","n/e"," ","231.91"
"02/10/2017 14:00:00 - 02/10/2017 15:00:00","BZN|DK1","138.00","n/e"," ","195.57"
"02/10/2017 15:00:00 - 02/10/2017 16:00:00","BZN|DK1","127.00","n/e"," ","130.11"
"02/10/2017 16:00:00 - 02/10/2017 17:00:00","BZN|DK1","97.00","n/e"," ","89.36"
"02/10/2017 17:00:00 - 02/10/2017 18:00:00","BZN|DK1","37.00","n/e"," ","46.84"
"02/10/2017 18:00:00 - 02/10/2017 19:00:00","BZN|DK1","5.00","n/e"," ","11.13"
"02/10/2017 19:00:00 - 02/10/2017 20:00:00","BZN|DK1","0.00","n/e"," ","0.23"
"02/10/2017 20:00:00 - 02/10/2017 21:00:00","BZN|DK1","0.00","n/e"," ","0.01"
"02/10/2017 21:00:00 - 02/10/2017 22:00:00","BZN|DK1","0.00","n/e"," ","0.00"
"02/10/2017 22:00:00 - 02/10/2017 23:00:00","BZN|DK1","0.00","n/e"," ","0.00"
"02/10/2017 23:00:00 - 03/10/2017 00:00:00","BZN|DK1","0.00","n/e"," ","0.00"
"03/10/2017 00:00:00 - 03/10/2017 01:00:00","BZN|DK1","0.00","n/e"," ","0.00"
"03/10/2017 01:00:00 - 03/10/2017 02:00:00","BZN|DK1","0.00","n/e"," ","0.00"
"03/10/2017 02:00:00 - 03/10/2017 03:00:00","BZN|DK1","0.00","n/e"," ","0.00"
"03/10/2017 03:00:00 - 03/10/2017 04:00:00","BZN|DK1","0.00","n/e"," ","0.00"
"03/10/2017 04:00:00 - 03/10/2017 05:00:00","BZN|DK1","0.00","n/e"," ","0.00"
"03/10/2017 05:00:00 - 03/10/2017 06:00:00","BZN|DK1","0.00","n/e"," ","0.01"
"03/10/2017 06:00:00 - 03/10/2017 07:00:00","BZN|DK1","0.00","n/e"," ","0.01"
"03/10/2017 07:00:00 - 03/10/2017 08:00:00","BZN|DK1","2.00","n/e"," ","1.94"
"03/10/2017 08:00:00 - 03/10/2017 09:00:00","BZN|DK1","28.00","n/e"," ","30.00"
"03/10/2017 09:00:00 - 03/10/2017 10:00:00","BZN|DK1","69.00","n/e"," ","90.01"
"03/10/2017 10:00:00 - 03/10/2017 11:00:00","BZN|DK1","105.00","n/e"," ","155.24"
"03/10/2017 11:00:00 - 03/10/2017 12:00:00","BZN|DK1","131.00","n/e"," ","180.40"
"03/10/2017 12:00:00 - 03/10/2017 13:00:00","BZN|DK1","151.00","n/e"," ","182.14"
"03/10/2017 13:00:00 - 03/10/2017 14:00:00","BZN|DK1","153.00","n/e"," ","178.47"
"03/10/2017 14:00:00 - 03/10/2017 15:00:00","BZN|DK1","118.00","n/e"," ","174.82"
"03/10/2017 15:00:00 - 03/10/2017 16:00:00","BZN|DK1","122.00","n/e"," ","149.79"
"03/10/2017 16:00:00 - 03/10/2017 17:00:00","BZN|DK1","100.00","n/e"," ","108.73"
"03/10/2017 17:00:00 - 03/10/2017 18:00:00","BZN|DK1","47.00","n/e"," ","51.70"
"03/10/2017 18:00:00 - 03/10/2017 19:00:00","BZN|DK1","9.00","n/e"," ","8.35"
"03/10/2017 19:00:00 - 03/10/2017 20:00:00","BZN|DK1","0.00","n/e"," ","0.23"
"03/10/2017 20:00:00 - 03/10/2017 21:00:00","BZN|DK1","0.00","n/e"," ","0.00"
"03/10/2017 21:00:00 - 03/10/2017 22:00:00","BZN|DK1","0.00","n/e"," ","0.00"
"03/10/2017 22:00:00 - 03/10/2017 23:00:00","BZN|DK1","0.00","n/e"," ","0.00"
"03/10/2017 23:00:00 - 04/10/2017 00:00:00","BZN|DK1","0.00","n/e"," ","0.00"
"04/10/2017 00:00:00 - 04/10/2017 01:00:00","BZN|DK1","0.00","n/e"," ","0.00"
"04/10/2017 01:00:00 - 04/10/2017 02:00:00","BZN|DK1","0.00","n/e"," ","0.00"
"04/10/2017 02:00:00 - 04/10/2017 03:00:00","BZN|DK1","0.00","n/e"," ","0.00"
"04/10/2017 03:00:00 - 04/10/2017 04:00:00","BZN|DK1","0.00","n/e"," ","0.00"
"04/10/2017 04:00:00 - 04/10/2017 05:00:00","BZN|DK1","0.00","n/e"," ","0.00"
"04/10/2017 05:00:00 - 04/10/2017 06:00:00","BZN|DK1","0.00","n/e"," ","0.01"
"04/10/2017 06:00:00 - 04/10/2017 07:00:00","BZN|DK1","0.00","n/e"," ","0.00"
"04/10/2017 07:00:00 - 04/10/2017 08:00:00","BZN|DK1","1.00","n/e"," ","0.68"
"04/10/2017 08:00:00 - 04/10/2017 09:00:00","BZN|DK1","9.00","n/e"," ","9.01"
"04/10/2017 09:00:00 - 04/10/2017 10:00:00","BZN|DK1","19.00","n/e"," ","28.43"
"04/10/2017 10:00:00 - 04/10/2017 11:00:00","BZN|DK1","33.00","n/e"," ","43.33"
"04/10/2017 11:00:00 - 04/10/2017 12:00:00","BZN|DK1","56.00","n/e"," ","53.12"
"04/10/2017 12:00:00 - 04/10/2017 13:00:00","BZN|DK1","63.00","n/e"," ","54.69"
"04/10/2017 13:00:00 - 04/10/2017 14:00:00","BZN|DK1","73.00","n/e"," ","55.07"
"04/10/2017 14:00:00 - 04/10/2017 15:00:00","BZN|DK1","101.00","n/e"," ","55.13"
"04/10/2017 15:00:00 - 04/10/2017 16:00:00","BZN|DK1","109.00","n/e"," ","60.61"
"04/10/2017 16:00:00 - 04/10/2017 17:00:00","BZN|DK1","88.00","n/e"," ","52.83"
"04/10/2017 17:00:00 - 04/10/2017 18:00:00","BZN|DK1","41.00","n/e"," ","30.96"
"04/10/2017 18:00:00 - 04/10/2017 19:00:00","BZN|DK1","7.00","n/e"," ","5.99"
"04/10/2017 19:00:00 - 04/10/2017 20:00:00","BZN|DK1","0.00","n/e"," ","0.15"
"04/10/2017 20:00:00 - 04/10/2017 21:00:00","BZN|DK1","0.00","n/e"," ","0.00"
"04/10/2017 21:00:00 - 04/10/2017 22:00:00","BZN|DK1","0.00","n/e"," ","0.00"
"04/10/2017 22:00:00 - 04/10/2017 23:00:00","BZN|DK1","0.00","n/e"," ","0.00"
"04/10/2017 23:00:00 - 05/10/2017 00:00:00","BZN|DK1","0.00","n/e"," ","0.00"
"05/10/2017 00:00:00 - 05/10/2017 01:00:00","BZN|DK1","0.00","n/e"," ","0.00"
"05/10/2017 01:00:00 - 05/10/2017 02:00:00","BZN|DK1","0.00","n/e"," ","0.00"
"05/10/2017 02:00:00 - 05/10/2017 03:00:00","BZN|DK1","0.00","n/e"," ","0.00"
"05/10/2017 03:00:00 - 05/10/2017 04:00:00","BZN|DK1","0.00","n/e"," ","0.00"
"05/10/2017 04:00:00 - 05/10/2017 05:00:00","BZN|DK1","0.00","n/e"," ","0.00"
"05/10/2017 05:00:00 - 05/10/2017 06:00:00","BZN|DK1","0.00","n/e"," ","0.00"
"05/10/2017 06:00:00 - 05/10/2017 07:00:00","BZN|DK1","0.00","n/e"," ","0.00"
"05/10/2017 07:00:00 - 05/10/2017 08:00:00","BZN|DK1","1.00","n/e"," ","0.84"
"05/10/2017 08:00:00 - 05/10/2017 09:00:00","BZN|DK1","13.00","n/e"," ","10.89"
"05/10/2017 09:00:00 - 05/10/2017 10:00:00","BZN|DK1","32.00","n/e"," ","26.91"
"05/10/2017 10:00:00 - 05/10/2017 11:00:00","BZN|DK1","49.00","n/e"," ","40.68"
"05/10/2017 11:00:00 - 05/10/2017 12:00:00","BZN|DK1","91.00","n/e"," ","57.25"
"05/10/2017 12:00:00 - 05/10/2017 13:00:00","BZN|DK1","110.00","n/e"," ","89.21"
"05/10/2017 13:00:00 - 05/10/2017 14:00:00","BZN|DK1","129.00","n/e"," ","126.69"
"05/10/2017 14:00:00 - 05/10/2017 15:00:00","BZN|DK1","165.00","n/e"," ","173.54"
"05/10/2017 15:00:00 - 05/10/2017 16:00:00","BZN|DK1","163.00","n/e"," ","182.54"
"05/10/2017 16:00:00 - 05/10/2017 17:00:00","BZN|DK1","121.00","n/e"," ","127.38"
"05/10/2017 17:00:00 - 05/10/2017 18:00:00","BZN|DK1","43.00","n/e"," ","56.27"
"05/10/2017 18:00:00 - 05/10/2017 19:00:00","BZN|DK1","6.00","n/e"," ","8.95"
"05/10/2017 19:00:00 - 05/10/2017 20:00:00","BZN|DK1","0.00","n/e"," ","0.17"
"05/10/2017 20:00:00 - 05/10/2017 21:00:00","BZN|DK1","0.00","n/e"," ","0.00"
"05/10/2017 21:00:00 - 05/10/2017 22:00:00","BZN|DK1","0.00","n/e"," ","0.00"
"05/10/2017 22:00:00 - 05/10/2017 23:00:00","BZN|DK1","0.00","n/e"," ","0.00"
"05/10/2017 23:00:00 - 06/10/2017 00:00:00","BZN|DK1","0.00","n/e"," ","0.00"
"06/10/2017 00:00:00 - 06/10/2017 01:00:00","BZN|DK1","0.00","n/e"," ","0.00"
"06/10/2017 01:00:00 - 06/10/2017 02:00:00","BZN|DK1","0.00","n/e"," ","0.00"
"06/10/2017 02:00:00 - 06/10/2017 03:00:00","BZN|DK1","0.00","n/e"," ","0.00"
"06/10/2017 03:00:00 - 06/10/2017 04:00:00","BZN|DK1","0.00","n/e"," ","0.00"
"06/10/2017 04:00:00 - 06/10/2017 05:00:00","BZN|DK1","0.00","n/e"," ","0.00"
"06/10/2017 05:00:00 - 06/10/2017 06:00:00","BZN|DK1","0.00","n/e"," ","0.01"
"06/10/2017 06:00:00 - 06/10/2017 07:00:00","BZN|DK1","0.00","n/e"," ","0.00"
"06/10/2017 07:00:00 - 06/10/2017 08:00:00","BZN|DK1","3.00","n/e"," ","2.34"
"06/10/2017 08:00:00 - 06/10/2017 09:00:00","BZN|DK1","44.00","n/e"," ","40.66"
"06/10/2017 09:00:00 - 06/10/2017 10:00:00","BZN|DK1","118.00","n/e"," ","124.66"
"06/10/2017 10:00:00 - 06/10/2017 11:00:00","BZN|DK1","195.00","n/e"," ","220.34"
"06/10/2017 11:00:00 - 06/10/2017 12:00:00","BZN|DK1","275.00","n/e"," ","287.41"
"06/10/2017 12:00:00 - 06/10/2017 13:00:00","BZN|DK1","300.00","n/e"," ","323.01"
"06/10/2017 13:00:00 - 06/10/2017 14:00:00","BZN|DK1","311.00","n/e"," ","324.74"
"06/10/2017 14:00:00 - 06/10/2017 15:00:00","BZN|DK1","273.00","n/e"," ","297.90"
"06/10/2017 15:00:00 - 06/10/2017 16:00:00","BZN|DK1","233.00","n/e"," ","246.48"
"06/10/2017 16:00:00 - 06/10/2017 17:00:00","BZN|DK1","168.00","n/e"," ","168.22"
"06/10/2017 17:00:00 - 06/10/2017 18:00:00","BZN|DK1","64.00","n/e"," ","73.60"
"06/10/2017 18:00:00 - 06/10/2017 19:00:00","BZN|DK1","7.00","n/e"," ","11.26"
"06/10/2017 19:00:00 - 06/10/2017 20:00:00","BZN|DK1","0.00","n/e"," ","0.13"
"06/10/2017 20:00:00 - 06/10/2017 21:00:00","BZN|DK1","0.00","n/e"," ","0.00"
"06/10/2017 21:00:00 - 06/10/2017 22:00:00","BZN|DK1","0.00","n/e"," ","0.01"
"06/10/2017 22:00:00 - 06/10/2017 23:00:00","BZN|DK1","0.00","n/e"," ","0.00"
"06/10/2017 23:00:00 - 07/10/2017 00:00:00","BZN|DK1","0.00","n/e"," ","0.00"
"07/10/2017 00:00:00 - 07/10/2017 01:00:00","BZN|DK1","0.00","n/e"," ","0.00"
"07/10/2017 01:00:00 - 07/10/2017 02:00:00","BZN|DK1","0.00","n/e"," ","0.00"
"07/10/2017 02:00:00 - 07/10/2017 03:00:00","BZN|DK1","0.00","n/e"," ","0.00"
"07/10/2017 03:00:00 - 07/10/2017 04:00:00","BZN|DK1","0.00","n/e"," ","0.00"
"07/10/2017 04:00:00 - 07/10/2017 05:00:00","BZN|DK1","0.00","n/e"," ","0.00"
"07/10/2017 05:00:00 - 07/10/2017 06:00:00","BZN|DK1","0.00","n/e"," ","0.01"
"07/10/2017 06:00:00 - 07/10/2017 07:00:00","BZN|DK1","0.00","n/e"," ","0.00"
"07/10/2017 07:00:00 - 07/10/2017 08:00:00","BZN|DK1","0.00","n/e"," ","0.56"
"07/10/2017 08:00:00 - 07/10/2017 09:00:00","BZN|DK1","2.00","n/e"," ","5.95"
"07/10/2017 09:00:00 - 07/10/2017 10:00:00","BZN|DK1","7.00","n/e"," ","19.13"
"07/10/2017 10:00:00 - 07/10/2017 11:00:00","BZN|DK1","12.00","n/e"," ","38.13"
"07/10/2017 11:00:00 - 07/10/2017 12:00:00","BZN|DK1","16.00","n/e"," ","47.10"
"07/10/2017 12:00:00 - 07/10/2017 13:00:00","BZN|DK1","18.00","n/e"," ","51.67"
"07/10/2017 13:00:00 - 07/10/2017 14:00:00","BZN|DK1","18.00","n/e"," ","56.16"
"07/10/2017 14:00:00 - 07/10/2017 15:00:00","BZN|DK1","17.00","n/e"," ","53.67"
"07/10/2017 15:00:00 - 07/10/2017 16:00:00","BZN|DK1","14.00","n/e"," ","47.25"
"07/10/2017 16:00:00 - 07/10/2017 17:00:00","BZN|DK1","15.00","n/e"," ","38.93"
"07/10/2017 17:00:00 - 07/10/2017 18:00:00","BZN|DK1","10.00","n/e"," ","24.62"
"07/10/2017 18:00:00 - 07/10/2017 19:00:00","BZN|DK1","1.00","n/e"," ","4.22"
"07/10/2017 19:00:00 - 07/10/2017 20:00:00","BZN|DK1","0.00","n/e"," ","0.14"
"07/10/2017 20:00:00 - 07/10/2017 21:00:00","BZN|DK1","0.00","n/e"," ","0.00"
"07/10/2017 21:00:00 - 07/10/2017 22:00:00","BZN|DK1","0.00","n/e"," ","0.00"
"07/10/2017 22:00:00 - 07/10/2017 23:00:00","BZN|DK1","0.00","n/e"," ","0.00"
"07/10/2017 23:00:00 - 08/10/2017 00:00:00","BZN|DK1","0.00","n/e"," ","0.00"
"08/10/2017 00:00:00 - 08/10/2017 01:00:00","BZN|DK1","0.00","n/e"," ","0.00"
"08/10/2017 01:00:00 - 08/10/2017 02:00:00","BZN|DK1","0.00","n/e"," ","0.00"
"08/10/2017 02:00:00 - 08/10/2017 03:00:00","BZN|DK1","0.00","n/e"," ","0.00"
"08/10/2017 03:00:00 - 08/10/2017 04:00:00","BZN|DK1","0.00","n/e"," ","0.00"
"08/10/2017 04:00:00 - 08/10/2017 05:00:00","BZN|DK1","0.00","n/e"," ","0.00"
"08/10/2017 05:00:00 - 08/10/2017 06:00:00","BZN|DK1","0.00","n/e"," ","0.00"
"08/10/2017 06:00:00 - 08/10/2017 07:00:00","BZN|DK1","0.00","n/e"," ","0.01"
"08/10/2017 07:00:00 - 08/10/2017 08:00:00","BZN|DK1","3.00","n/e"," ","1.74"
"08/10/2017 08:00:00 - 08/10/2017 09:00:00","BZN|DK1","42.00","n/e"," ","37.53"
"08/10/2017 09:00:00 - 08/10/2017 10:00:00","BZN|DK1","120.00","n/e"," ","124.05"
"08/10/2017 10:00:00 - 08/10/2017 11:00:00","BZN|DK1","199.00","n/e"," ","218.54"
"08/10/2017 11:00:00 - 08/10/2017 12:00:00","BZN|DK1","284.00","n/e"," ","284.95"
"08/10/2017 12:00:00 - 08/10/2017 13:00:00","BZN|DK1","311.00","n/e"," ","311.07"
"08/10/2017 13:00:00 - 08/10/2017 14:00:00","BZN|DK1","318.00","n/e"," ","311.77"
"08/10/2017 14:00:00 - 08/10/2017 15:00:00","BZN|DK1","273.00","n/e"," ","294.55"
"08/10/2017 15:00:00 - 08/10/2017 16:00:00","BZN|DK1","233.00","n/e"," ","242.41"
"08/10/2017 16:00:00 - 08/10/2017 17:00:00","BZN|DK1","168.00","n/e"," ","163.22"
"08/10/2017 17:00:00 - 08/10/2017 18:00:00","BZN|DK1","62.00","n/e"," ","72.55"
"08/10/2017 18:00:00 - 08/10/2017 19:00:00","BZN|DK1","7.00","n/e"," ","9.89"
"08/10/2017 19:00:00 - 08/10/2017 20:00:00","BZN|DK1","0.00","n/e"," ","0.13"
"08/10/2017 20:00:00 - 08/10/2017 21:00:00","BZN|DK1","0.00","n/e"," ","0.00"
"08/10/2017 21:00:00 - 08/10/2017 22:00:00","BZN|DK1","0.00","n/e"," ","0.00"
"08/10/2017 22:00:00 - 08/10/2017 23:00:00","BZN|DK1","0.00","n/e"," ","0.00"
"08/10/2017 23:00:00 - 09/10/2017 00:00:00","BZN|DK1","0.00","n/e"," ","0.00"
"09/10/2017 00:00:00 - 09/10/2017 01:00:00","BZN|DK1","0.00","n/e"," ","0.00"
"09/10/2017 01:00:00 - 09/10/2017 02:00:00","BZN|DK1","0.00","n/e"," ","0.00"
"09/10/2017 02:00:00 - 09/10/2017 03:00:00","BZN|DK1","0.00","n/e"," ","0.00"
"09/10/2017 03:00:00 - 09/10/2017 04:00:00","BZN|DK1","0.00","n/e"," ","0.00"
"09/10/2017 04:00:00 - 09/10/2017 05:00:00","BZN|DK1","0.00","n/e"," ","0.00"
"09/10/2017 05:00:00 - 09/10/2017 06:00:00","BZN|DK1","0.00","n/e"," ","0.01"
"09/10/2017 06:00:00 - 09/10/2017 07:00:00","BZN|DK1","0.00","n/e"," ","0.00"
"09/10/2017 07:00:00 - 09/10/2017 08:00:00","BZN|DK1","2.00","n/e"," ","1.80"
"09/10/2017 08:00:00 - 09/10/2017 09:00:00","BZN|DK1","33.00","n/e"," ","37.27"
"09/10/2017 09:00:00 - 09/10/2017 10:00:00","BZN|DK1","96.00","n/e"," ","107.86"
"09/10/2017 10:00:00 - 09/10/2017 11:00:00","BZN|DK1","160.00","n/e"," ","196.58"
"09/10/2017 11:00:00 - 09/10/2017 12:00:00","BZN|DK1","228.00","n/e"," ","250.33"
"09/10/2017 12:00:00 - 09/10/2017 13:00:00","BZN|DK1","246.00","n/e"," ","270.96"
"09/10/2017 13:00:00 - 09/10/2017 14:00:00","BZN|DK1","255.00","n/e"," ","271.46"
"09/10/2017 14:00:00 - 09/10/2017 15:00:00","BZN|DK1","218.00","n/e"," ","252.81"
"09/10/2017 15:00:00 - 09/10/2017 16:00:00","BZN|DK1","189.00","n/e"," ","202.06"
"09/10/2017 16:00:00 - 09/10/2017 17:00:00","BZN|DK1","132.00","n/e"," ","128.01"
"09/10/2017 17:00:00 - 09/10/2017 18:00:00","BZN|DK1","45.00","n/e"," ","48.85"
"09/10/2017 18:00:00 - 09/10/2017 19:00:00","BZN|DK1","4.00","n/e"," ","6.59"
"09/10/2017 19:00:00 - 09/10/2017 20:00:00","BZN|DK1","0.00","n/e"," ","0.07"
"09/10/2017 20:00:00 - 09/10/2017 21:00:00","BZN|DK1","0.00","n/e"," ","0.00"
"09/10/2017 21:00:00 - 09/10/2017 22:00:00","BZN|DK1","0.00","n/e"," ","0.00"
"09/10/2017 22:00:00 - 09/10/2017 23:00:00","BZN|DK1","0.00","n/e"," ","0.00"
"09/10/2017 23:00:00 - 10/10/2017 00:00:00","BZN|DK1","0.00","n/e"," ","0.00"
"10/10/2017 00:00:00 - 10/10/2017 01:00:00","BZN|DK1","0.00","n/e"," ","0.00"
"10/10/2017 01:00:00 - 10/10/2017 02:00:00","BZN|DK1","0.00","n/e"," ","0.00"
"10/10/2017 02:00:00 - 10/10/2017 03:00:00","BZN|DK1","0.00","n/e"," ","0.00"
"10/10/2017 03:00:00 - 10/10/2017 04:00:00","BZN|DK1","0.00","n/e"," ","0.00"
"10/10/2017 04:00:00 - 10/10/2017 05:00:00","BZN|DK1","0.00","n/e"," ","0.00"
"10/10/2017 05:00:00 - 10/10/2017 06:00:00","BZN|DK1","0.00","n/e"," ","0.00"
"10/10/2017 06:00:00 - 10/10/2017 07:00:00","BZN|DK1","0.00","n/e"," ","0.00"
"10/10/2017 07:00:00 - 10/10/2017 08:00:00","BZN|DK1","1.00","n/e"," ","1.03"
"10/10/2017 08:00:00 - 10/10/2017 09:00:00","BZN|DK1","5.00","n/e"," ","16.61"
"10/10/2017 09:00:00 - 10/10/2017 10:00:00","BZN|DK1","13.00","n/e"," ","41.29"
"10/10/2017 10:00:00 - 10/10/2017 11:00:00","BZN|DK1","29.00","n/e"," ","53.65"
"10/10/2017 11:00:00 - 10/10/2017 12:00:00","BZN|DK1","57.00","n/e"," ","69.29"
"10/10/2017 12:00:00 - 10/10/2017 13:00:00","BZN|DK1","63.00","n/e"," ","73.91"
"10/10/2017 13:00:00 - 10/10/2017 14:00:00","BZN|DK1","62.00","n/e"," ","74.14"
"10/10/2017 14:00:00 - 10/10/2017 15:00:00","BZN|DK1","27.00","n/e"," ","54.95"
"10/10/2017 15:00:00 - 10/10/2017 16:00:00","BZN|DK1","19.00","n/e"," ","37.05"
"10/10/2017 16:00:00 - 10/10/2017 17:00:00","BZN|DK1","16.00","n/e"," ","25.67"
"10/10/2017 17:00:00 - 10/10/2017 18:00:00","BZN|DK1","10.00","n/e"," ","16.95"
"10/10/2017 18:00:00 - 10/10/2017 19:00:00","BZN|DK1","1.00","n/e"," ","3.13"
"10/10/2017 19:00:00 - 10/10/2017 20:00:00","BZN|DK1","0.00","n/e"," ","0.04"
"10/10/2017 20:00:00 - 10/10/2017 21:00:00","BZN|DK1","0.00","n/e"," ","0.00"
"10/10/2017 21:00:00 - 10/10/2017 22:00:00","BZN|DK1","0.00","n/e"," ","0.00"
"10/10/2017 22:00:00 - 10/10/2017 23:00:00","BZN|DK1","0.00","n/e"," ","0.00"
"10/10/2017 23:00:00 - 11/10/2017 00:00:00","BZN|DK1","0.00","n/e"," ","0.00"
"11/10/2017 00:00:00 - 11/10/2017 01:00:00","BZN|DK1","0.00","n/e"," ","0.00"
"11/10/2017 01:00:00 - 11/10/2017 02:00:00","BZN|DK1","0.00","n/e"," ","0.00"
"11/10/2017 02:00:00 - 11/10/2017 03:00:00","BZN|DK1","0.00","n/e"," ","0.00"
"11/10/2017 03:00:00 - 11/10/2017 04:00:00","BZN|DK1","0.00","n/e"," ","0.00"
"11/10/2017 04:00:00 - 11/10/2017 05:00:00","BZN|DK1","0.00","n/e"," ","0.00"
"11/10/2017 05:00:00 - 11/10/2017 06:00:00","BZN|DK1","0.00","n/e"," ","0.00"
"11/10/2017 06:00:00 - 11/10/2017 07:00:00","BZN|DK1","0.00","n/e"," ","0.00"
"11/10/2017 07:00:00 - 11/10/2017 08:00:00","BZN|DK1","0.00","n/e"," ","0.35"
"11/10/2017 08:00:00 - 11/10/2017 09:00:00","BZN|DK1","4.00","n/e"," ","7.43"
"11/10/2017 09:00:00 - 11/10/2017 10:00:00","BZN|DK1","10.00","n/e"," ","33.92"
"11/10/2017 10:00:00 - 11/10/2017 11:00:00","BZN|DK1","23.00","n/e"," ","64.07"
"11/10/2017 11:00:00 - 11/10/2017 12:00:00","BZN|DK1","67.00","n/e"," ","97.15"
"11/10/2017 12:00:00 - 11/10/2017 13:00:00","BZN|DK1","81.00","n/e"," ","89.44"
"11/10/2017 13:00:00 - 11/10/2017 14:00:00","BZN|DK1","74.00","n/e"," ","67.51"
"11/10/2017 14:00:00 - 11/10/2017 15:00:00","BZN|DK1","20.00","n/e"," ","50.75"
"11/10/2017 15:00:00 - 11/10/2017 16:00:00","BZN|DK1","13.00","n/e"," ","39.81"
"11/10/2017 16:00:00 - 11/10/2017 17:00:00","BZN|DK1","11.00","n/e"," ","25.81"
"11/10/2017 17:00:00 - 11/10/2017 18:00:00","BZN|DK1","5.00","n/e"," ","9.56"
"11/10/2017 18:00:00 - 11/10/2017 19:00:00","BZN|DK1","0.00","n/e"," ","1.12"
"11/10/2017 19:00:00 - 11/10/2017 20:00:00","BZN|DK1","0.00","n/e"," ","0.01"
"11/10/2017 20:00:00 - 11/10/2017 21:00:00","BZN|DK1","0.00","n/e"," ","0.00"
"11/10/2017 21:00:00 - 11/10/2017 22:00:00","BZN|DK1","0.00","n/e"," ","0.00"
"11/10/2017 22:00:00 - 11/10/2017 23:00:00","BZN|DK1","0.00","n/e"," ","0.00"
"11/10/2017 23:00:00 - 12/10/2017 00:00:00","BZN|DK1","0.00","n/e"," ","0.00"
"12/10/2017 00:00:00 - 12/10/2017 01:00:00","BZN|DK1","0.00","n/e"," ","0.00"
"12/10/2017 01:00:00 - 12/10/2017 02:00:00","BZN|DK1","0.00","n/e"," ","0.00"
"12/10/2017 02:00:00 - 12/10/2017 03:00:00","BZN|DK1","0.00","n/e"," ","0.00"
"12/10/2017 03:00:00 - 12/10/2017 04:00:00","BZN|DK1","0.00","n/e"," ","0.00"
"12/10/2017 04:00:00 - 12/10/2017 05:00:00","BZN|DK1","0.00","n/e"," ","0.00"
"12/10/2017 05:00:00 - 12/10/2017 06:00:00","BZN|DK1","0.00","n/e"," ","0.00"
"12/10/2017 06:00:00 - 12/10/2017 07:00:00","BZN|DK1","0.00","n/e"," ","0.00"
"12/10/2017 07:00:00 - 12/10/2017 08:00:00","BZN|DK1","1.00","n/e"," ","0.61"
"12/10/2017 08:00:00 - 12/10/2017 09:00:00","BZN|DK1","15.00","n/e"," ","18.14"
"12/10/2017 09:00:00 - 12/10/2017 10:00:00","BZN|DK1","49.00","n/e"," ","55.72"
"12/10/2017 10:00:00 - 12/10/2017 11:00:00","BZN|DK1","90.00","n/e"," ","112.63"
"12/10/2017 11:00:00 - 12/10/2017 12:00:00","BZN|DK1","148.00","n/e"," ","149.69"
"12/10/2017 12:00:00 - 12/10/2017 13:00:00","BZN|DK1","178.00","n/e"," ","190.81"
"12/10/2017 13:00:00 - 12/10/2017 14:00:00","BZN|DK1","204.00","n/e"," ","214.97"
"12/10/2017 14:00:00 - 12/10/2017 15:00:00","BZN|DK1","197.00","n/e"," ","168.55"
"12/10/2017 15:00:00 - 12/10/2017 16:00:00","BZN|DK1","167.00","n/e"," ","129.18"
"12/10/2017 16:00:00 - 12/10/2017 17:00:00","BZN|DK1","109.00","n/e"," ","84.30"
"12/10/2017 17:00:00 - 12/10/2017 18:00:00","BZN|DK1","35.00","n/e"," ","36.16"
"12/10/2017 18:00:00 - 12/10/2017 19:00:00","BZN|DK1","2.00","n/e"," ","3.50"
"12/10/2017 19:00:00 - 12/10/2017 20:00:00","BZN|DK1","0.00","n/e"," ","0.03"
"12/10/2017 20:00:00 - 12/10/2017 21:00:00","BZN|DK1","0.00","n/e"," ","0.00"
"12/10/2017 21:00:00 - 12/10/2017 22:00:00","BZN|DK1","0.00","n/e"," ","0.00"
"12/10/2017 22:00:00 - 12/10/2017 23:00:00","BZN|DK1","0.00","n/e"," ","0.00"
"12/10/2017 23:00:00 - 13/10/2017 00:00:00","BZN|DK1","0.00","n/e"," ","0.00"
"13/10/2017 00:00:00 - 13/10/2017 01:00:00","BZN|DK1","0.00","n/e"," ","0.00"
"13/10/2017 01:00:00 - 13/10/2017 02:00:00","BZN|DK1","0.00","n/e"," ","0.00"
"13/10/2017 02:00:00 - 13/10/2017 03:00:00","BZN|DK1","0.00","n/e"," ","0.00"
"13/10/2017 03:00:00 - 13/10/2017 04:00:00","BZN|DK1","0.00","n/e"," ","0.00"
"13/10/2017 04:00:00 - 13/10/2017 05:00:00","BZN|DK1","0.00","n/e"," ","0.00"
"13/10/2017 05:00:00 - 13/10/2017 06:00:00","BZN|DK1","0.00","n/e"," ","0.00"
"13/10/2017 06:00:00 - 13/10/2017 07:00:00","BZN|DK1","0.00","n/e"," ","0.00"
"13/10/2017 07:00:00 - 13/10/2017 08:00:00","BZN|DK1","1.00","n/e"," ","0.70"
"13/10/2017 08:00:00 - 13/10/2017 09:00:00","BZN|DK1","24.00","n/e"," ","18.71"
"13/10/2017 09:00:00 - 13/10/2017 10:00:00","BZN|DK1","87.00","n/e"," ","76.83"
"13/10/2017 10:00:00 - 13/10/2017 11:00:00","BZN|DK1","153.00","n/e"," ","124.55"
"13/10/2017 11:00:00 - 13/10/2017 12:00:00","BZN|DK1","180.00","n/e"," ","132.49"
"13/10/2017 12:00:00 - 13/10/2017 13:00:00","BZN|DK1","183.00","n/e"," ","121.90"
"13/10/2017 13:00:00 - 13/10/2017 14:00:00","BZN|DK1","175.00","n/e"," ","113.48"
"13/10/2017 14:00:00 - 13/10/2017 15:00:00","BZN|DK1","101.00","n/e"," ","73.62"
"13/10/2017 15:00:00 - 13/10/2017 16:00:00","BZN|DK1","77.00","n/e"," ","40.48"
"13/10/2017 16:00:00 - 13/10/2017 17:00:00","BZN|DK1","54.00","n/e"," ","21.58"
"13/10/2017 17:00:00 - 13/10/2017 18:00:00","BZN|DK1","18.00","n/e"," ","7.40"
"13/10/2017 18:00:00 - 13/10/2017 19:00:00","BZN|DK1","1.00","n/e"," ","0.60"
"13/10/2017 19:00:00 - 13/10/2017 20:00:00","BZN|DK1","0.00","n/e"," ","0.00"
"13/10/2017 20:00:00 - 13/10/2017 21:00:00","BZN|DK1","0.00","n/e"," ","0.00"
"13/10/2017 21:00:00 - 13/10/2017 22:00:00","BZN|DK1","0.00","n/e"," ","0.00"
"13/10/2017 22:00:00 - 13/10/2017 23:00:00","BZN|DK1","0.00","n/e"," ","0.00"
"13/10/2017 23:00:00 - 14/10/2017 00:00:00","BZN|DK1","0.00","n/e"," ","0.00"
"14/10/2017 00:00:00 - 14/10/2017 01:00:00","BZN|DK1","0.00","n/e"," ","0.00"
"14/10/2017 01:00:00 - 14/10/2017 02:00:00","BZN|DK1","0.00","n/e"," ","0.00"
"14/10/2017 02:00:00 - 14/10/2017 03:00:00","BZN|DK1","0.00","n/e"," ","0.00"
"14/10/2017 03:00:00 - 14/10/2017 04:00:00","BZN|DK1","0.00","n/e"," ","0.00"
"14/10/2017 04:00:00 - 14/10/2017 05:00:00","BZN|DK1","0.00","n/e"," ","0.00"
"14/10/2017 05:00:00 - 14/10/2017 06:00:00","BZN|DK1","0.00","n/e"," ","0.00"
"14/10/2017 06:00:00 - 14/10/2017 07:00:00","BZN|DK1","0.00","n/e"," ","0.00"
"14/10/2017 07:00:00 - 14/10/2017 08:00:00","BZN|DK1","0.00","n/e"," ","0.20"
"14/10/2017 08:00:00 - 14/10/2017 09:00:00","BZN|DK1","2.00","n/e"," ","3.13"
"14/10/2017 09:00:00 - 14/10/2017 10:00:00","BZN|DK1","8.00","n/e"," ","14.98"
"14/10/2017 10:00:00 - 14/10/2017 11:00:00","BZN|DK1","20.00","n/e"," ","33.87"
"14/10/2017 11:00:00 - 14/10/2017 12:00:00","BZN|DK1","41.00","n/e"," ","50.39"
"14/10/2017 12:00:00 - 14/10/2017 13:00:00","BZN|DK1","45.00","n/e"," ","60.04"
"14/10/2017 13:00:00 - 14/10/2017 14:00:00","BZN|DK1","47.00","n/e"," ","67.72"
"14/10/2017 14:00:00 - 14/10/2017 15:00:00","BZN|DK1","49.00","n/e"," ","70.28"
"14/10/2017 15:00:00 - 14/10/2017 16:00:00","BZN|DK1","47.00","n/e"," ","50.54"
"14/10/2017 16:00:00 - 14/10/2017 17:00:00","BZN|DK1","37.00","n/e"," ","29.19"
"14/10/2017 17:00:00 - 14/10/2017 18:00:00","BZN|DK1","12.00","n/e"," ","9.67"
"14/10/2017 18:00:00 - 14/10/2017 19:00:00","BZN|DK1","1.00","n/e"," ","0.78"
"14/10/2017 19:00:00 - 14/10/2017 20:00:00","BZN|DK1","0.00","n/e"," ","0.00"
"14/10/2017 20:00:00 - 14/10/2017 21:00:00","BZN|DK1","0.00","n/e"," ","0.00"
"14/10/2017 21:00:00 - 14/10/2017 22:00:00","BZN|DK1","0.00","n/e"," ","0.00"
"14/10/2017 22:00:00 - 14/10/2017 23:00:00","BZN|DK1","0.00","n/e"," ","0.00"
"14/10/2017 23:00:00 - 15/10/2017 00:00:00","BZN|DK1","0.00","n/e"," ","0.00"
"15/10/2017 00:00:00 - 15/10/2017 01:00:00","BZN|DK1","0.00","n/e"," ","0.00"
"15/10/2017 01:00:00 - 15/10/2017 02:00:00","BZN|DK1","0.00","n/e"," ","0.00"
"15/10/2017 02:00:00 - 15/10/2017 03:00:00","BZN|DK1","0.00","n/e"," ","0.00"
"15/10/2017 03:00:00 - 15/10/2017 04:00:00","BZN|DK1","0.00","n/e"," ","0.00"
"15/10/2017 04:00:00 - 15/10/2017 05:00:00","BZN|DK1","0.00","n/e"," ","0.00"
"15/10/2017 05:00:00 - 15/10/2017 06:00:00","BZN|DK1","0.00","n/e"," ","0.00"
"15/10/2017 06:00:00 - 15/10/2017 07:00:00","BZN|DK1","0.00","n/e"," ","0.00"
"15/10/2017 07:00:00 - 15/10/2017 08:00:00","BZN|DK1","0.00","n/e"," ","0.24"
"15/10/2017 08:00:00 - 15/10/2017 09:00:00","BZN|DK1","9.00","n/e"," ","6.23"
"15/10/2017 09:00:00 - 15/10/2017 10:00:00","BZN|DK1","40.00","n/e"," ","28.07"
"15/10/2017 10:00:00 - 15/10/2017 11:00:00","BZN|DK1","78.00","n/e"," ","44.65"
"15/10/2017 11:00:00 - 15/10/2017 12:00:00","BZN|DK1","140.00","n/e"," ","62.34"
"15/10/2017 12:00:00 - 15/10/2017 13:00:00","BZN|DK1","171.00","n/e"," ","73.30"
"15/10/2017 13:00:00 - 15/10/2017 14:00:00","BZN|DK1","192.00","n/e"," ","98.66"
"15/10/2017 14:00:00 - 15/10/2017 15:00:00","BZN|DK1","180.00","n/e"," ","112.44"
"15/10/2017 15:00:00 - 15/10/2017 16:00:00","BZN|DK1","160.00","n/e"," ","109.05"
"15/10/2017 16:00:00 - 15/10/2017 17:00:00","BZN|DK1","112.00","n/e"," ","75.86"
"15/10/2017 17:00:00 - 15/10/2017 18:00:00","BZN|DK1","33.00","n/e"," ","34.29"
"15/10/2017 18:00:00 - 15/10/2017 19:00:00","BZN|DK1","2.00","n/e"," ","2.63"
"15/10/2017 19:00:00 - 15/10/2017 20:00:00","BZN|DK1","0.00","n/e"," ","0.02"
"15/10/2017 20:00:00 - 15/10/2017 21:00:00","BZN|DK1","0.00","n/e"," ","0.00"
"15/10/2017 21:00:00 - 15/10/2017 22:00:00","BZN|DK1","0.00","n/e"," ","0.00"
"15/10/2017 22:00:00 - 15/10/2017 23:00:00","BZN|DK1","0.00","n/e"," ","0.00"
"15/10/2017 23:00:00 - 16/10/2017 00:00:00","BZN|DK1","0.00","n/e"," ","0.00"
"16/10/2017 00:00:00 - 16/10/2017 01:00:00","BZN|DK1","0.00","n/e"," ","0.00"
"16/10/2017 01:00:00 - 16/10/2017 02:00:00","BZN|DK1","0.00","n/e"," ","0.00"
"16/10/2017 02:00:00 - 16/10/2017 03:00:00","BZN|DK1","0.00","n/e"," ","0.00"
"16/10/2017 03:00:00 - 16/10/2017 04:00:00","BZN|DK1","0.00","n/e"," ","0.00"
"16/10/2017 04:00:00 - 16/10/2017 05:00:00","BZN|DK1","0.00","n/e"," ","0.00"
"16/10/2017 05:00:00 - 16/10/2017 06:00:00","BZN|DK1","0.00","n/e"," ","0.00"
"16/10/2017 06:00:00 - 16/10/2017 07:00:00","BZN|DK1","0.00","n/e"," ","0.00"
"16/10/2017 07:00:00 - 16/10/2017 08:00:00","BZN|DK1","1.00","n/e"," ","0.23"
"16/10/2017 08:00:00 - 16/10/2017 09:00:00","BZN|DK1","11.00","n/e"," ","5.83"
"16/10/2017 09:00:00 - 16/10/2017 10:00:00","BZN|DK1","48.00","n/e"," ","30.64"
"16/10/2017 10:00:00 - 16/10/2017 11:00:00","BZN|DK1","91.00","n/e"," ","55.15"
"16/10/2017 11:00:00 - 16/10/2017 12:00:00","BZN|DK1","134.00","n/e"," ","82.77"
"16/10/2017 12:00:00 - 16/10/2017 13:00:00","BZN|DK1","152.00","n/e"," ","123.91"
"16/10/2017 13:00:00 - 16/10/2017 14:00:00","BZN|DK1","155.00","n/e"," ","134.96"
"16/10/2017 14:00:00 - 16/10/2017 15:00:00","BZN|DK1","140.00","n/e"," ","128.62"
"16/10/2017 15:00:00 - 16/10/2017 16:00:00","BZN|DK1","123.00","n/e"," ","106.79"
"16/10/2017 16:00:00 - 16/10/2017 17:00:00","BZN|DK1","85.00","n/e"," ","59.11"
"16/10/2017 17:00:00 - 16/10/2017 18:00:00","BZN|DK1","22.00","n/e"," ","18.10"
"16/10/2017 18:00:00 - 16/10/2017 19:00:00","BZN|DK1","1.00","n/e"," ","0.96"
"16/10/2017 19:00:00 - 16/10/2017 20:00:00","BZN|DK1","0.00","n/e"," ","0.00"
"16/10/2017 20:00:00 - 16/10/2017 21:00:00","BZN|DK1","0.00","n/e"," ","0.00"
"16/10/2017 21:00:00 - 16/10/2017 22:00:00","BZN|DK1","0.00","n/e"," ","0.00"
"16/10/2017 22:00:00 - 16/10/2017 23:00:00","BZN|DK1","0.00","n/e"," ","0.00"
"16/10/2017 23:00:00 - 17/10/2017 00:00:00","BZN|DK1","0.00","n/e"," ","0.00"
"17/10/2017 00:00:00 - 17/10/2017 01:00:00","BZN|DK1","0.00","n/e"," ","0.00"
"17/10/2017 01:00:00 - 17/10/2017 02:00:00","BZN|DK1","0.00","n/e"," ","0.00"
"17/10/2017 02:00:00 - 17/10/2017 03:00:00","BZN|DK1","0.00","n/e"," ","0.00"
"17/10/2017 03:00:00 - 17/10/2017 04:00:00","BZN|DK1","0.00","n/e"," ","0.00"
"17/10/2017 04:00:00 - 17/10/2017 05:00:00","BZN|DK1","0.00","n/e"," ","0.00"
"17/10/2017 05:00:00 - 17/10/2017 06:00:00","BZN|DK1","0.00","n/e"," ","0.00"
"17/10/2017 06:00:00 - 17/10/2017 07:00:00","BZN|DK1","0.00","n/e"," ","0.00"
"17/10/2017 07:00:00 - 17/10/2017 08:00:00","BZN|DK1","1.00","n/e"," ","0.20"
"17/10/2017 08:00:00 - 17/10/2017 09:00:00","BZN|DK1","21.00","n/e"," ","7.47"
"17/10/2017 09:00:00 - 17/10/2017 10:00:00","BZN|DK1","86.00","n/e"," ","43.26"
"17/10/2017 10:00:00 - 17/10/2017 11:00:00","BZN|DK1","147.00","n/e"," ","75.78"
"17/10/2017 11:00:00 - 17/10/2017 12:00:00","BZN|DK1","178.00","n/e"," ","90.55"
"17/10/2017 12:00:00 - 17/10/2017 13:00:00","BZN|DK1","180.00","n/e"," ","108.85"
"17/10/2017 13:00:00 - 17/10/2017 14:00:00","BZN|DK1","184.00","n/e"," ","109.75"
"17/10/2017 14:00:00 - 17/10/2017 15:00:00","BZN|DK1","166.00","n/e"," ","108.84"
"17/10/2017 15:00:00 - 17/10/2017 16:00:00","BZN|DK1","139.00","n/e"," ","90.29"
"17/10/2017 16:00:00 - 17/10/2017 17:00:00","BZN|DK1","91.00","n/e"," ","52.79"
"17/10/2017 17:00:00 - 17/10/2017 18:00:00","BZN|DK1","23.00","n/e"," ","18.09"
"17/10/2017 18:00:00 - 17/10/2017 19:00:00","BZN|DK1","1.00","n/e"," ","0.97"
"17/10/2017 19:00:00 - 17/10/2017 20:00:00","BZN|DK1","0.00","n/e"," ","0.00"
"17/10/2017 20:00:00 - 17/10/2017 21:00:00","BZN|DK1","0.00","n/e"," ","0.00"
"17/10/2017 21:00:00 - 17/10/2017 22:00:00","BZN|DK1","0.00","n/e"," ","0.00"
"17/10/2017 22:00:00 - 17/10/2017 23:00:00","BZN|DK1","0.00","n/e"," ","0.00"
"17/10/2017 23:00:00 - 18/10/2017 00:00:00","BZN|DK1","0.00","n/e"," ","0.00"
"18/10/2017 00:00:00 - 18/10/2017 01:00:00","BZN|DK1","0.00","n/e"," ","0.00"
"18/10/2017 01:00:00 - 18/10/2017 02:00:00","BZN|DK1","0.00","n/e"," ","0.00"
"18/10/2017 02:00:00 - 18/10/2017 03:00:00","BZN|DK1","0.00","n/e"," ","0.00"
"18/10/2017 03:00:00 - 18/10/2017 04:00:00","BZN|DK1","0.00","n/e"," ","0.00"
"18/10/2017 04:00:00 - 18/10/2017 05:00:00","BZN|DK1","0.00","n/e"," ","0.00"
"18/10/2017 05:00:00 - 18/10/2017 06:00:00","BZN|DK1","0.00","n/e"," ","0.00"
"18/10/2017 06:00:00 - 18/10/2017 07:00:00","BZN|DK1","0.00","n/e"," ","0.00"
"18/10/2017 07:00:00 - 18/10/2017 08:00:00","BZN|DK1","0.00","n/e"," ","0.25"
"18/10/2017 08:00:00 - 18/10/2017 09:00:00","BZN|DK1","5.00","n/e"," ","9.43"
"18/10/2017 09:00:00 - 18/10/2017 10:00:00","BZN|DK1","24.00","n/e"," ","36.07"
"18/10/2017 10:00:00 - 18/10/2017 11:00:00","BZN|DK1","48.00","n/e"," ","59.21"
"18/10/2017 11:00:00 - 18/10/2017 12:00:00","BZN|DK1","59.00","n/e"," ","59.48"
"18/10/2017 12:00:00 - 18/10/2017 13:00:00","BZN|DK1","64.00","n/e"," ","64.60"
"18/10/2017 13:00:00 - 18/10/2017 14:00:00","BZN|DK1","67.00","n/e"," ","70.75"
"18/10/2017 14:00:00 - 18/10/2017 15:00:00","BZN|DK1","53.00","n/e"," ","65.33"
"18/10/2017 15:00:00 - 18/10/2017 16:00:00","BZN|DK1","43.00","n/e"," ","47.18"
"18/10/2017 16:00:00 - 18/10/2017 17:00:00","BZN|DK1","29.00","n/e"," ","25.84"
"18/10/2017 17:00:00 - 18/10/2017 18:00:00","BZN|DK1","7.00","n/e"," ","6.82"
"18/10/2017 18:00:00 - 18/10/2017 19:00:00","BZN|DK1","0.00","n/e"," ","0.44"
"18/10/2017 19:00:00 - 18/10/2017 20:00:00","BZN|DK1","0.00","n/e"," ","0.00"
"18/10/2017 20:00:00 - 18/10/2017 21:00:00","BZN|DK1","0.00","n/e"," ","0.00"
"18/10/2017 21:00:00 - 18/10/2017 22:00:00","BZN|DK1","0.00","n/e"," ","0.00"
"18/10/2017 22:00:00 - 18/10/2017 23:00:00","BZN|DK1","0.00","n/e"," ","0.00"
"18/10/2017 23:00:00 - 19/10/2017 00:00:00","BZN|DK1","0.00","n/e"," ","0.00"
"19/10/2017 00:00:00 - 19/10/2017 01:00:00","BZN|DK1","0.00","n/e"," ","0.00"
"19/10/2017 01:00:00 - 19/10/2017 02:00:00","BZN|DK1","0.00","n/e"," ","0.00"
"19/10/2017 02:00:00 - 19/10/2017 03:00:00","BZN|DK1","0.00","n/e"," ","0.00"
"19/10/2017 03:00:00 - 19/10/2017 04:00:00","BZN|DK1","0.00","n/e"," ","0.00"
"19/10/2017 04:00:00 - 19/10/2017 05:00:00","BZN|DK1","0.00","n/e"," ","0.00"
"19/10/2017 05:00:00 - 19/10/2017 06:00:00","BZN|DK1","0.00","n/e"," ","0.00"
"19/10/2017 06:00:00 - 19/10/2017 07:00:00","BZN|DK1","0.00","n/e"," ","0.00"
"19/10/2017 07:00:00 - 19/10/2017 08:00:00","BZN|DK1","0.00","n/e"," ","0.15"
"19/10/2017 08:00:00 - 19/10/2017 09:00:00","BZN|DK1","2.00","n/e"," ","3.98"
"19/10/2017 09:00:00 - 19/10/2017 10:00:00","BZN|DK1","9.00","n/e"," ","22.47"
"19/10/2017 10:00:00 - 19/10/2017 11:00:00","BZN|DK1","17.00","n/e"," ","44.39"
"19/10/2017 11:00:00 - 19/10/2017 12:00:00","BZN|DK1","27.00","n/e"," ","64.87"
"19/10/2017 12:00:00 - 19/10/2017 13:00:00","BZN|DK1","33.00","n/e"," ","68.57"
"19/10/2017 13:00:00 - 19/10/2017 14:00:00","BZN|DK1","41.00","n/e"," ","59.51"
"19/10/2017 14:00:00 - 19/10/2017 15:00:00","BZN|DK1","28.00","n/e"," ","51.22"
"19/10/2017 15:00:00 - 19/10/2017 16:00:00","BZN|DK1","26.00","n/e"," ","42.14"
"19/10/2017 16:00:00 - 19/10/2017 17:00:00","BZN|DK1","20.00","n/e"," ","25.78"
"19/10/2017 17:00:00 - 19/10/2017 18:00:00","BZN|DK1","7.00","n/e"," ","8.70"
"19/10/2017 18:00:00 - 19/10/2017 19:00:00","BZN|DK1","0.00","n/e"," ","0.47"
"19/10/2017 19:00:00 - 19/10/2017 20:00:00","BZN|DK1","0.00","n/e"," ","0.00"
"19/10/2017 20:00:00 - 19/10/2017 21:00:00","BZN|DK1","0.00","n/e"," ","0.00"
"19/10/2017 21:00:00 - 19/10/2017 22:00:00","BZN|DK1","0.00","n/e"," ","0.00"
"19/10/2017 22:00:00 - 19/10/2017 23:00:00","BZN|DK1","0.00","n/e"," ","0.00"
"19/10/2017 23:00:00 - 20/10/2017 00:00:00","BZN|DK1","0.00","n/e"," ","0.00"
"20/10/2017 00:00:00 - 20/10/2017 01:00:00","BZN|DK1","0.00","n/e"," ","0.00"
"20/10/2017 01:00:00 - 20/10/2017 02:00:00","BZN|DK1","0.00","n/e"," ","0.00"
"20/10/2017 02:00:00 - 20/10/2017 03:00:00","BZN|DK1","0.00","n/e"," ","0.00"
"20/10/2017 03:00:00 - 20/10/2017 04:00:00","BZN|DK1","0.00","n/e"," ","0.00"
"20/10/2017 04:00:00 - 20/10/2017 05:00:00","BZN|DK1","0.00","n/e"," ","0.00"
"20/10/2017 05:00:00 - 20/10/2017 06:00:00","BZN|DK1","0.00","n/e"," ","0.00"
"20/10/2017 06:00:00 - 20/10/2017 07:00:00","BZN|DK1","0.00","n/e"," ","0.00"
"20/10/2017 07:00:00 - 20/10/2017 08:00:00","BZN|DK1","0.00","n/e"," ","0.09"
"20/10/2017 08:00:00 - 20/10/2017 09:00:00","BZN|DK1","3.00","n/e"," ","1.92"
"20/10/2017 09:00:00 - 20/10/2017 10:00:00","BZN|DK1","20.00","n/e"," ","11.78"
"20/10/2017 10:00:00 - 20/10/2017 11:00:00","BZN|DK1","47.00","n/e"," ","24.99"
"20/10/2017 11:00:00 - 20/10/2017 12:00:00","BZN|DK1","66.00","n/e"," ","30.07"
"20/10/2017 12:00:00 - 20/10/2017 13:00:00","BZN|DK1","76.00","n/e"," ","30.18"
"20/10/2017 13:00:00 - 20/10/2017 14:00:00","BZN|DK1","77.00","n/e"," ","33.65"
"20/10/2017 14:00:00 - 20/10/2017 15:00:00","BZN|DK1","63.00","n/e"," ","43.56"
"20/10/2017 15:00:00 - 20/10/2017 16:00:00","BZN|DK1","42.00","n/e"," ","39.73"
"20/10/2017 16:00:00 - 20/10/2017 17:00:00","BZN|DK1","22.00","n/e"," ","24.56"
"20/10/2017 17:00:00 - 20/10/2017 18:00:00","BZN|DK1","2.00","n/e"," ","6.97"
"20/10/2017 18:00:00 - 20/10/2017 19:00:00","BZN|DK1","0.00","n/e"," ","0.52"
"20/10/2017 19:00:00 - 20/10/2017 20:00:00","BZN|DK1","0.00","n/e"," ","0.00"
"20/10/2017 20:00:00 - 20/10/2017 21:00:00","BZN|DK1","0.00","n/e"," ","0.00"
"20/10/2017 21:00:00 - 20/10/2017 22:00:00","BZN|DK1","0.00","n/e"," ","0.00"
"20/10/2017 22:00:00 - 20/10/2017 23:00:00","BZN|DK1","0.00","n/e"," ","0.00"
"20/10/2017 23:00:00 - 21/10/2017 00:00:00","BZN|DK1","0.00","n/e"," ","0.00"
"21/10/2017 00:00:00 - 21/10/2017 01:00:00","BZN|DK1","0.00","n/e"," ","0.00"
"21/10/2017 01:00:00 - 21/10/2017 02:00:00","BZN|DK1","0.00","n/e"," ","0.00"
"21/10/2017 02:00:00 - 21/10/2017 03:00:00","BZN|DK1","0.00","n/e"," ","0.00"
"21/10/2017 03:00:00 - 21/10/2017 04:00:00","BZN|DK1","0.00","n/e"," ","0.00"
"21/10/2017 04:00:00 - 21/10/2017 05:00:00","BZN|DK1","0.00","n/e"," ","0.00"
"21/10/2017 05:00:00 - 21/10/2017 06:00:00","BZN|DK1","0.00","n/e"," ","0.00"
"21/10/2017 06:00:00 - 21/10/2017 07:00:00","BZN|DK1","0.00","n/e"," ","0.00"
"21/10/2017 07:00:00 - 21/10/2017 08:00:00","BZN|DK1","0.00","n/e"," ","0.14"
"21/10/2017 08:00:00 - 21/10/2017 09:00:00","BZN|DK1","5.00","n/e"," ","5.26"
"21/10/2017 09:00:00 - 21/10/2017 10:00:00","BZN|DK1","34.00","n/e"," ","32.50"
"21/10/2017 10:00:00 - 21/10/2017 11:00:00","BZN|DK1","72.00","n/e"," ","70.71"
"21/10/2017 11:00:00 - 21/10/2017 12:00:00","BZN|DK1","94.00","n/e"," ","97.70"
"21/10/2017 12:00:00 - 21/10/2017 13:00:00","BZN|DK1","109.00","n/e"," ","90.30"
"21/10/2017 13:00:00 - 21/10/2017 14:00:00","BZN|DK1","108.00","n/e"," ","87.02"
"21/10/2017 14:00:00 - 21/10/2017 15:00:00","BZN|DK1","72.00","n/e"," ","72.39"
"21/10/2017 15:00:00 - 21/10/2017 16:00:00","BZN|DK1","56.00","n/e"," ","56.22"
"21/10/2017 16:00:00 - 21/10/2017 17:00:00","BZN|DK1","31.00","n/e"," ","31.03"
"21/10/2017 17:00:00 - 21/10/2017 18:00:00","BZN|DK1","3.00","n/e"," ","9.96"
"21/10/2017 18:00:00 - 21/10/2017 19:00:00","BZN|DK1","0.00","n/e"," ","0.37"
"21/10/2017 19:00:00 - 21/10/2017 20:00:00","BZN|DK1","0.00","n/e"," ","0.00"
"21/10/2017 20:00:00 - 21/10/2017 21:00:00","BZN|DK1","0.00","n/e"," ","0.00"
"21/10/2017 21:00:00 - 21/10/2017 22:00:00","BZN|DK1","0.00","n/e"," ","0.00"
"21/10/2017 22:00:00 - 21/10/2017 23:00:00","BZN|DK1","0.00","n/e"," ","0.00"
"21/10/2017 23:00:00 - 22/10/2017 00:00:00","BZN|DK1","0.00","n/e"," ","0.00"
"22/10/2017 00:00:00 - 22/10/2017 01:00:00","BZN|DK1","0.00","n/e"," ","0.00"
"22/10/2017 01:00:00 - 22/10/2017 02:00:00","BZN|DK1","0.00","n/e"," ","0.00"
"22/10/2017 02:00:00 - 22/10/2017 03:00:00","BZN|DK1","0.00","n/e"," ","0.00"
"22/10/2017 03:00:00 - 22/10/2017 04:00:00","BZN|DK1","0.00","n/e"," ","0.00"
"22/10/2017 04:00:00 - 22/10/2017 05:00:00","BZN|DK1","0.00","n/e"," ","0.00"
"22/10/2017 05:00:00 - 22/10/2017 06:00:00","BZN|DK1","0.00","n/e"," ","0.00"
"22/10/2017 06:00:00 - 22/10/2017 07:00:00","BZN|DK1","0.00","n/e"," ","0.00"
"22/10/2017 07:00:00 - 22/10/2017 08:00:00","BZN|DK1","0.00","n/e"," ","0.14"
"22/10/2017 08:00:00 - 22/10/2017 09:00:00","BZN|DK1","8.00","n/e"," ","6.70"
"22/10/2017 09:00:00 - 22/10/2017 10:00:00","BZN|DK1","54.00","n/e"," ","45.22"
"22/10/2017 10:00:00 - 22/10/2017 11:00:00","BZN|DK1","121.00","n/e"," ","99.50"
"22/10/2017 11:00:00 - 22/10/2017 12:00:00","BZN|DK1","178.00","n/e"," ","127.52"
"22/10/2017 12:00:00 - 22/10/2017 13:00:00","BZN|DK1","206.00","n/e"," ","135.60"
"22/10/2017 13:00:00 - 22/10/2017 14:00:00","BZN|DK1","212.00","n/e"," ","133.04"
"22/10/2017 14:00:00 - 22/10/2017 15:00:00","BZN|DK1","161.00","n/e"," ","127.03"
"22/10/2017 15:00:00 - 22/10/2017 16:00:00","BZN|DK1","130.00","n/e"," ","82.29"
"22/10/2017 16:00:00 - 22/10/2017 17:00:00","BZN|DK1","78.00","n/e"," ","43.08"
"22/10/2017 17:00:00 - 22/10/2017 18:00:00","BZN|DK1","12.00","n/e"," ","10.43"
"22/10/2017 18:00:00 - 22/10/2017 19:00:00","BZN|DK1","0.00","n/e"," ","0.65"
"22/10/2017 19:00:00 - 22/10/2017 20:00:00","BZN|DK1","0.00","n/e"," ","0.00"
"22/10/2017 20:00:00 - 22/10/2017 21:00:00","BZN|DK1","0.00","n/e"," ","0.00"
"22/10/2017 21:00:00 - 22/10/2017 22:00:00","BZN|DK1","0.00","n/e"," ","0.00"
"22/10/2017 22:00:00 - 22/10/2017 23:00:00","BZN|DK1","0.00","n/e"," ","0.00"
"22/10/2017 23:00:00 - 23/10/2017 00:00:00","BZN|DK1","0.00","n/e"," ","0.00"
"23/10/2017 00:00:00 - 23/10/2017 01:00:00","BZN|DK1","0.00","n/e"," ","0.00"
"23/10/2017 01:00:00 - 23/10/2017 02:00:00","BZN|DK1","0.00","n/e"," ","0.00"
"23/10/2017 02:00:00 - 23/10/2017 03:00:00","BZN|DK1","0.00","n/e"," ","0.00"
"23/10/2017 03:00:00 - 23/10/2017 04:00:00","BZN|DK1","0.00","n/e"," ","0.00"
"23/10/2017 04:00:00 - 23/10/2017 05:00:00","BZN|DK1","0.00","n/e"," ","0.00"
"23/10/2017 05:00:00 - 23/10/2017 06:00:00","BZN|DK1","0.00","n/e"," ","0.00"
"23/10/2017 06:00:00 - 23/10/2017 07:00:00","BZN|DK1","0.00","n/e"," ","0.00"
"23/10/2017 07:00:00 - 23/10/2017 08:00:00","BZN|DK1","0.00","n/e"," ","0.10"
"23/10/2017 08:00:00 - 23/10/2017 09:00:00","BZN|DK1","3.00","n/e"," ","3.64"
"23/10/2017 09:00:00 - 23/10/2017 10:00:00","BZN|DK1","28.00","n/e"," ","29.08"
"23/10/2017 10:00:00 - 23/10/2017 11:00:00","BZN|DK1","66.00","n/e"," ","60.07"
"23/10/2017 11:00:00 - 23/10/2017 12:00:00","BZN|DK1","101.00","n/e"," ","77.22"
"23/10/2017 12:00:00 - 23/10/2017 13:00:00","BZN|DK1","117.00","n/e"," ","89.55"
"23/10/2017 13:00:00 - 23/10/2017 14:00:00","BZN|DK1","126.00","n/e"," ","94.65"
"23/10/2017 14:00:00 - 23/10/2017 15:00:00","BZN|DK1","106.00","n/e"," ","87.47"
"23/10/2017 15:00:00 - 23/10/2017 16:00:00","BZN|DK1","86.00","n/e"," ","62.04"
"23/10/2017 16:00:00 - 23/10/2017 17:00:00","BZN|DK1","50.00","n/e"," ","36.20"
"23/10/2017 17:00:00 - 23/10/2017 18:00:00","BZN|DK1","8.00","n/e"," ","7.18"
"23/10/2017 18:00:00 - 23/10/2017 19:00:00","BZN|DK1","0.00","n/e"," ","0.37"
"23/10/2017 19:00:00 - 23/10/2017 20:00:00","BZN|DK1","0.00","n/e"," ","0.00"
"23/10/2017 20:00:00 - 23/10/2017 21:00:00","BZN|DK1","0.00","n/e"," ","0.00"
"23/10/2017 21:00:00 - 23/10/2017 22:00:00","BZN|DK1","0.00","n/e"," ","0.00"
"23/10/2017 22:00:00 - 23/10/2017 23:00:00","BZN|DK1","0.00","n/e"," ","0.00"
"23/10/2017 23:00:00 - 24/10/2017 00:00:00","BZN|DK1","0.00","n/e"," ","0.00"
"24/10/2017 00:00:00 - 24/10/2017 01:00:00","BZN|DK1","0.00","n/e"," ","0.00"
"24/10/2017 01:00:00 - 24/10/2017 02:00:00","BZN|DK1","0.00","n/e"," ","0.00"
"24/10/2017 02:00:00 - 24/10/2017 03:00:00","BZN|DK1","0.00","n/e"," ","0.00"
"24/10/2017 03:00:00 - 24/10/2017 04:00:00","BZN|DK1","0.00","n/e"," ","0.00"
"24/10/2017 04:00:00 - 24/10/2017 05:00:00","BZN|DK1","0.00","n/e"," ","0.00"
"24/10/2017 05:00:00 - 24/10/2017 06:00:00","BZN|DK1","0.00","n/e"," ","0.00"
"24/10/2017 06:00:00 - 24/10/2017 07:00:00","BZN|DK1","0.00","n/e"," ","0.00"
"24/10/2017 07:00:00 - 24/10/2017 08:00:00","BZN|DK1","0.00","n/e"," ","0.03"
"24/10/2017 08:00:00 - 24/10/2017 09:00:00","BZN|DK1","0.00","n/e"," ","2.38"
"24/10/2017 09:00:00 - 24/10/2017 10:00:00","BZN|DK1","4.00","n/e"," ","19.41"
"24/10/2017 10:00:00 - 24/10/2017 11:00:00","BZN|DK1","10.00","n/e"," ","37.53"
"24/10/2017 11:00:00 - 24/10/2017 12:00:00","BZN|DK1","14.00","n/e"," ","39.85"
"24/10/2017 12:00:00 - 24/10/2017 13:00:00","BZN|DK1","16.00","n/e"," ","39.21"
"24/10/2017 13:00:00 - 24/10/2017 14:00:00","BZN|DK1","16.00","n/e"," ","35.71"
"24/10/2017 14:00:00 - 24/10/2017 15:00:00","BZN|DK1","14.00","n/e"," ","19.74"
"24/10/2017 15:00:00 - 24/10/2017 16:00:00","BZN|DK1","11.00","n/e"," ","12.87"
"24/10/2017 16:00:00 - 24/10/2017 17:00:00","BZN|DK1","6.00","n/e"," ","6.43"
"24/10/2017 17:00:00 - 24/10/2017 18:00:00","BZN|DK1","1.00","n/e"," ","1.72"
"24/10/2017 18:00:00 - 24/10/2017 19:00:00","BZN|DK1","0.00","n/e"," ","0.17"
"24/10/2017 19:00:00 - 24/10/2017 20:00:00","BZN|DK1","0.00","n/e"," ","0.00"
"24/10/2017 20:00:00 - 24/10/2017 21:00:00","BZN|DK1","0.00","n/e"," ","0.00"
"24/10/2017 21:00:00 - 24/10/2017 22:00:00","BZN|DK1","0.00","n/e"," ","0.00"
"24/10/2017 22:00:00 - 24/10/2017 23:00:00","BZN|DK1","0.00","n/e"," ","0.00"
"24/10/2017 23:00:00 - 25/10/2017 00:00:00","BZN|DK1","0.00","n/e"," ","0.00"
"25/10/2017 00:00:00 - 25/10/2017 01:00:00","BZN|DK1","0.00","n/e"," ","0.00"
"25/10/2017 01:00:00 - 25/10/2017 02:00:00","BZN|DK1","0.00","n/e"," ","0.00"
"25/10/2017 02:00:00 - 25/10/2017 03:00:00","BZN|DK1","0.00","n/e"," ","0.00"
"25/10/2017 03:00:00 - 25/10/2017 04:00:00","BZN|DK1","0.00","n/e"," ","0.00"
"25/10/2017 04:00:00 - 25/10/2017 05:00:00","BZN|DK1","0.00","n/e"," ","0.00"
"25/10/2017 05:00:00 - 25/10/2017 06:00:00","BZN|DK1","0.00","n/e"," ","0.00"
"25/10/2017 06:00:00 - 25/10/2017 07:00:00","BZN|DK1","0.00","n/e"," ","0.00"
"25/10/2017 07:00:00 - 25/10/2017 08:00:00","BZN|DK1","0.00","n/e"," ","0.01"
"25/10/2017 08:00:00 - 25/10/2017 09:00:00","BZN|DK1","0.00","n/e"," ","1.13"
"25/10/2017 09:00:00 - 25/10/2017 10:00:00","BZN|DK1","4.00","n/e"," ","8.61"
"25/10/2017 10:00:00 - 25/10/2017 11:00:00","BZN|DK1","12.00","n/e"," ","20.50"
"25/10/2017 11:00:00 - 25/10/2017 12:00:00","BZN|DK1","46.00","n/e"," ","56.61"
"25/10/2017 12:00:00 - 25/10/2017 13:00:00","BZN|DK1","69.00","n/e"," ","103.03"
"25/10/2017 13:00:00 - 25/10/2017 14:00:00","BZN|DK1","86.00","n/e"," ","119.27"
"25/10/2017 14:00:00 - 25/10/2017 15:00:00","BZN|DK1","142.00","n/e"," ","119.00"
"25/10/2017 15:00:00 - 25/10/2017 16:00:00","BZN|DK1","124.00","n/e"," ","99.76"
"25/10/2017 16:00:00 - 25/10/2017 17:00:00","BZN|DK1","75.00","n/e"," ","56.91"
"25/10/2017 17:00:00 - 25/10/2017 18:00:00","BZN|DK1","14.00","n/e"," ","13.83"
"25/10/2017 18:00:00 - 25/10/2017 19:00:00","BZN|DK1","0.00","n/e"," ","0.34"
"25/10/2017 19:00:00 - 25/10/2017 20:00:00","BZN|DK1","0.00","n/e"," ","0.00"
"25/10/2017 20:00:00 - 25/10/2017 21:00:00","BZN|DK1","0.00","n/e"," ","0.00"
"25/10/2017 21:00:00 - 25/10/2017 22:00:00","BZN|DK1","0.00","n/e"," ","0.00"
"25/10/2017 22:00:00 - 25/10/2017 23:00:00","BZN|DK1","0.00","n/e"," ","0.00"
"25/10/2017 23:00:00 - 26/10/2017 00:00:00","BZN|DK1","0.00","n/e"," ","0.00"
"26/10/2017 00:00:00 - 26/10/2017 01:00:00","BZN|DK1","0.00","n/e"," ","0.00"
"26/10/2017 01:00:00 - 26/10/2017 02:00:00","BZN|DK1","0.00","n/e"," ","0.00"
"26/10/2017 02:00:00 - 26/10/2017 03:00:00","BZN|DK1","0.00","n/e"," ","0.00"
"26/10/2017 03:00:00 - 26/10/2017 04:00:00","BZN|DK1","0.00","n/e"," ","0.00"
"26/10/2017 04:00:00 - 26/10/2017 05:00:00","BZN|DK1","0.00","n/e"," ","0.00"
"26/10/2017 05:00:00 - 26/10/2017 06:00:00","BZN|DK1","0.00","n/e"," ","0.00"
"26/10/2017 06:00:00 - 26/10/2017 07:00:00","BZN|DK1","0.00","n/e"," ","0.00"
"26/10/2017 07:00:00 - 26/10/2017 08:00:00","BZN|DK1","0.00","n/e"," ","0.04"
"26/10/2017 08:00:00 - 26/10/2017 09:00:00","BZN|DK1","2.00","n/e"," ","2.84"
"26/10/2017 09:00:00 - 26/10/2017 10:00:00","BZN|DK1","20.00","n/e"," ","26.06"
"26/10/2017 10:00:00 - 26/10/2017 11:00:00","BZN|DK1","51.00","n/e"," ","63.93"
"26/10/2017 11:00:00 - 26/10/2017 12:00:00","BZN|DK1","107.00","n/e"," ","114.52"
"26/10/2017 12:00:00 - 26/10/2017 13:00:00","BZN|DK1","137.00","n/e"," ","147.29"
"26/10/2017 13:00:00 - 26/10/2017 14:00:00","BZN|DK1","155.00","n/e"," ","140.04"
"26/10/2017 14:00:00 - 26/10/2017 15:00:00","BZN|DK1","131.00","n/e"," ","132.69"
"26/10/2017 15:00:00 - 26/10/2017 16:00:00","BZN|DK1","105.00","n/e"," ","81.32"
"26/10/2017 16:00:00 - 26/10/2017 17:00:00","BZN|DK1","59.00","n/e"," ","39.33"
"26/10/2017 17:00:00 - 26/10/2017 18:00:00","BZN|DK1","9.00","n/e"," ","7.89"
"26/10/2017 18:00:00 - 26/10/2017 19:00:00","BZN|DK1","0.00","n/e"," ","0.29"
"26/10/2017 19:00:00 - 26/10/2017 20:00:00","BZN|DK1","0.00","n/e"," ","0.00"
"26/10/2017 20:00:00 - 26/10/2017 21:00:00","BZN|DK1","0.00","n/e"," ","0.00"
"26/10/2017 21:00:00 - 26/10/2017 22:00:00","BZN|DK1","0.00","n/e"," ","0.00"
"26/10/2017 22:00:00 - 26/10/2017 23:00:00","BZN|DK1","0.00","n/e"," ","0.00"
"26/10/2017 23:00:00 - 27/10/2017 00:00:00","BZN|DK1","0.00","n/e"," ","0.00"
"27/10/2017 00:00:00 - 27/10/2017 01:00:00","BZN|DK1","0.00","n/e"," ","0.00"
"27/10/2017 01:00:00 - 27/10/2017 02:00:00","BZN|DK1","0.00","n/e"," ","0.00"
"27/10/2017 02:00:00 - 27/10/2017 03:00:00","BZN|DK1","0.00","n/e"," ","0.00"
"27/10/2017 03:00:00 - 27/10/2017 04:00:00","BZN|DK1","0.00","n/e"," ","0.00"
"27/10/2017 04:00:00 - 27/10/2017 05:00:00","BZN|DK1","0.00","n/e"," ","0.00"
"27/10/2017 05:00:00 - 27/10/2017 06:00:00","BZN|DK1","0.00","n/e"," ","0.00"
"27/10/2017 06:00:00 - 27/10/2017 07:00:00","BZN|DK1","0.00","n/e"," ","0.00"
"27/10/2017 07:00:00 - 27/10/2017 08:00:00","BZN|DK1","0.00","n/e"," ","0.07"
"27/10/2017 08:00:00 - 27/10/2017 09:00:00","BZN|DK1","4.00","n/e"," ","7.01"
"27/10/2017 09:00:00 - 27/10/2017 10:00:00","BZN|DK1","56.00","n/e"," ","60.85"
"27/10/2017 10:00:00 - 27/10/2017 11:00:00","BZN|DK1","135.00","n/e"," ","142.74"
"27/10/2017 11:00:00 - 27/10/2017 12:00:00","BZN|DK1","187.00","n/e"," ","203.69"
"27/10/2017 12:00:00 - 27/10/2017 13:00:00","BZN|DK1","190.00","n/e"," ","215.34"
"27/10/2017 13:00:00 - 27/10/2017 14:00:00","BZN|DK1","192.00","n/e"," ","152.96"
"27/10/2017 14:00:00 - 27/10/2017 15:00:00","BZN|DK1","122.00","n/e"," ","107.60"
"27/10/2017 15:00:00 - 27/10/2017 16:00:00","BZN|DK1","94.00","n/e"," ","84.13"
"27/10/2017 16:00:00 - 27/10/2017 17:00:00","BZN|DK1","50.00","n/e"," ","37.87"
"27/10/2017 17:00:00 - 27/10/2017 18:00:00","BZN|DK1","7.00","n/e"," ","7.60"
"27/10/2017 18:00:00 - 27/10/2017 19:00:00","BZN|DK1","0.00","n/e"," ","0.24"
"27/10/2017 19:00:00 - 27/10/2017 20:00:00","BZN|DK1","0.00","n/e"," ","0.00"
"27/10/2017 20:00:00 - 27/10/2017 21:00:00","BZN|DK1","0.00","n/e"," ","0.00"
"27/10/2017 21:00:00 - 27/10/2017 22:00:00","BZN|DK1","0.00","n/e"," ","0.00"
"27/10/2017 22:00:00 - 27/10/2017 23:00:00","BZN|DK1","0.00","n/e"," ","0.00"
"27/10/2017 23:00:00 - 28/10/2017 00:00:00","BZN|DK1","0.00","n/e"," ","0.00"
"28/10/2017 00:00:00 - 28/10/2017 01:00:00","BZN|DK1","0.00","n/e"," ","0.00"
"28/10/2017 01:00:00 - 28/10/2017 02:00:00","BZN|DK1","0.00","n/e"," ","0.00"
"28/10/2017 02:00:00 - 28/10/2017 03:00:00","BZN|DK1","0.00","n/e"," ","0.00"
"28/10/2017 03:00:00 - 28/10/2017 04:00:00","BZN|DK1","0.00","n/e"," ","0.00"
"28/10/2017 04:00:00 - 28/10/2017 05:00:00","BZN|DK1","0.00","n/e"," ","0.00"
"28/10/2017 05:00:00 - 28/10/2017 06:00:00","BZN|DK1","0.00","n/e"," ","0.00"
"28/10/2017 06:00:00 - 28/10/2017 07:00:00","BZN|DK1","0.00","n/e"," ","0.00"
"28/10/2017 07:00:00 - 28/10/2017 08:00:00","BZN|DK1","0.00","n/e"," ","0.02"
"28/10/2017 08:00:00 - 28/10/2017 09:00:00","BZN|DK1","0.00","n/e"," ","2.05"
"28/10/2017 09:00:00 - 28/10/2017 10:00:00","BZN|DK1","6.00","n/e"," ","14.59"
"28/10/2017 10:00:00 - 28/10/2017 11:00:00","BZN|DK1","29.00","n/e"," ","32.32"
"28/10/2017 11:00:00 - 28/10/2017 12:00:00","BZN|DK1","106.00","n/e"," ","53.52"
"28/10/2017 12:00:00 - 28/10/2017 13:00:00","BZN|DK1","130.00","n/e"," ","92.47"
"28/10/2017 13:00:00 - 28/10/2017 14:00:00","BZN|DK1","132.00","n/e"," ","128.12"
"28/10/2017 14:00:00 - 28/10/2017 15:00:00","BZN|DK1","132.00","n/e"," ","107.27"
"28/10/2017 15:00:00 - 28/10/2017 16:00:00","BZN|DK1","101.00","n/e"," ","66.28"
"28/10/2017 16:00:00 - 28/10/2017 17:00:00","BZN|DK1","46.00","n/e"," ","28.58"
"28/10/2017 17:00:00 - 28/10/2017 18:00:00","BZN|DK1","3.00","n/e"," ","5.12"
"28/10/2017 18:00:00 - 28/10/2017 19:00:00","BZN|DK1","0.00","n/e"," ","0.17"
"28/10/2017 19:00:00 - 28/10/2017 20:00:00","BZN|DK1","0.00","n/e"," ","0.00"
"28/10/2017 20:00:00 - 28/10/2017 21:00:00","BZN|DK1","0.00","n/e"," ","0.00"
"28/10/2017 21:00:00 - 28/10/2017 22:00:00","BZN|DK1","0.00","n/e"," ","0.00"
"28/10/2017 22:00:00 - 28/10/2017 23:00:00","BZN|DK1","0.00","n/e"," ","0.00"
"28/10/2017 23:00:00 - 29/10/2017 00:00:00","BZN|DK1","0.00","n/e"," ","0.00"
"29/10/2017 00:00:00 - 29/10/2017 01:00:00","BZN|DK1","0.00","n/e"," ","0.00"
"29/10/2017 01:00:00 - 29/10/2017 02:00:00 (CEST)","BZN|DK1","0.00","n/e"," ","0.00"
"29/10/2017 02:00:00 (CEST) - 29/10/2017 02:00:00 (CET)","BZN|DK1","0.00","n/e"," ","0.00"
"29/10/2017 02:00:00 (CET) - 29/10/2017 03:00:00","BZN|DK1","0.00","n/e"," ","0.00"
"29/10/2017 03:00:00 - 29/10/2017 04:00:00","BZN|DK1","0.00","n/e"," ","0.00"
"29/10/2017 04:00:00 - 29/10/2017 05:00:00","BZN|DK1","0.00","n/e"," ","0.00"
"29/10/2017 05:00:00 - 29/10/2017 06:00:00","BZN|DK1","0.00","n/e"," ","0.00"
"29/10/2017 06:00:00 - 29/10/2017 07:00:00","BZN|DK1","0.00","n/e"," ","0.02"
"29/10/2017 07:00:00 - 29/10/2017 08:00:00","BZN|DK1","3.00","n/e"," ","3.84"
"29/10/2017 08:00:00 - 29/10/2017 09:00:00","BZN|DK1","45.00","n/e"," ","42.73"
"29/10/2017 09:00:00 - 29/10/2017 10:00:00","BZN|DK1","122.00","n/e"," ","115.58"
"29/10/2017 10:00:00 - 29/10/2017 11:00:00","BZN|DK1","203.00","n/e"," ","192.70"
"29/10/2017 11:00:00 - 29/10/2017 12:00:00","BZN|DK1","225.00","n/e"," ","247.01"
"29/10/2017 12:00:00 - 29/10/2017 13:00:00","BZN|DK1","229.00","n/e"," ","251.64"
"29/10/2017 13:00:00 - 29/10/2017 14:00:00","BZN|DK1","215.00","n/e"," ","224.82"
"29/10/2017 14:00:00 - 29/10/2017 15:00:00","BZN|DK1","176.00","n/e"," ","166.25"
"29/10/2017 15:00:00 - 29/10/2017 16:00:00","BZN|DK1","91.00","n/e"," ","84.22"
"29/10/2017 16:00:00 - 29/10/2017 17:00:00","BZN|DK1","11.00","n/e"," ","15.14"
"29/10/2017 17:00:00 - 29/10/2017 18:00:00","BZN|DK1","0.00","n/e"," ","0.29"
"29/10/2017 18:00:00 - 29/10/2017 19:00:00","BZN|DK1","0.00","n/e"," ","0.00"
"29/10/2017 19:00:00 - 29/10/2017 20:00:00","BZN|DK1","0.00","n/e"," ","0.00"
"29/10/2017 20:00:00 - 29/10/2017 21:00:00","BZN|DK1","0.00","n/e"," ","0.00"
"29/10/2017 21:00:00 - 29/10/2017 22:00:00","BZN|DK1","0.00","n/e"," ","0.00"
"29/10/2017 22:00:00 - 29/10/2017 23:00:00","BZN|DK1","0.00","n/e"," ","0.00"
"29/10/2017 23:00:00 - 30/10/2017 00:00:00","BZN|DK1","0.00","n/e"," ","0.00"
"30/10/2017 00:00:00 - 30/10/2017 01:00:00","BZN|DK1","0.00","n/e"," ","0.00"
"30/10/2017 01:00:00 - 30/10/2017 02:00:00","BZN|DK1","0.00","n/e"," ","0.00"
"30/10/2017 02:00:00 - 30/10/2017 03:00:00","BZN|DK1","0.00","n/e"," ","0.00"
"30/10/2017 03:00:00 - 30/10/2017 04:00:00","BZN|DK1","0.00","n/e"," ","0.00"
"30/10/2017 04:00:00 - 30/10/2017 05:00:00","BZN|DK1","0.00","n/e"," ","0.00"
"30/10/2017 05:00:00 - 30/10/2017 06:00:00","BZN|DK1","0.00","n/e"," ","0.00"
"30/10/2017 06:00:00 - 30/10/2017 07:00:00","BZN|DK1","0.00","n/e"," ","0.05"
"30/10/2017 07:00:00 - 30/10/2017 08:00:00","BZN|DK1","5.00","n/e"," ","5.96"
"30/10/2017 08:00:00 - 30/10/2017 09:00:00","BZN|DK1","63.00","n/e"," ","59.14"
"30/10/2017 09:00:00 - 30/10/2017 10:00:00","BZN|DK1","145.00","n/e"," ","141.67"
"30/10/2017 10:00:00 - 30/10/2017 11:00:00","BZN|DK1","221.00","n/e"," ","208.26"
"30/10/2017 11:00:00 - 30/10/2017 12:00:00","BZN|DK1","238.00","n/e"," ","248.61"
"30/10/2017 12:00:00 - 30/10/2017 13:00:00","BZN|DK1","239.00","n/e"," ","240.26"
"30/10/2017 13:00:00 - 30/10/2017 14:00:00","BZN|DK1","195.00","n/e"," ","188.45"
"30/10/2017 14:00:00 - 30/10/2017 15:00:00","BZN|DK1","155.00","n/e"," ","128.49"
"30/10/2017 15:00:00 - 30/10/2017 16:00:00","BZN|DK1","75.00","n/e"," ","65.15"
"30/10/2017 16:00:00 - 30/10/2017 17:00:00","BZN|DK1","7.00","n/e"," ","11.33"
"30/10/2017 17:00:00 - 30/10/2017 18:00:00","BZN|DK1","0.00","n/e"," ","0.17"
"30/10/2017 18:00:00 - 30/10/2017 19:00:00","BZN|DK1","0.00","n/e"," ","0.00"
"30/10/2017 19:00:00 - 30/10/2017 20:00:00","BZN|DK1","0.00","n/e"," ","0.00"
"30/10/2017 20:00:00 - 30/10/2017 21:00:00","BZN|DK1","0.00","n/e"," ","0.00"
"30/10/2017 21:00:00 - 30/10/2017 22:00:00","BZN|DK1","0.00","n/e"," ","0.00"
"30/10/2017 22:00:00 - 30/10/2017 23:00:00","BZN|DK1","0.00","n/e"," ","0.00"
"30/10/2017 23:00:00 - 31/10/2017 00:00:00","BZN|DK1","0.00","n/e"," ","0.00"
"31/10/2017 00:00:00 - 31/10/2017 01:00:00","BZN|DK1","0.00","n/e"," ","0.00"
"31/10/2017 01:00:00 - 31/10/2017 02:00:00","BZN|DK1","0.00","n/e"," ","0.00"
"31/10/2017 02:00:00 - 31/10/2017 03:00:00","BZN|DK1","0.00","n/e"," ","0.00"
"31/10/2017 03:00:00 - 31/10/2017 04:00:00","BZN|DK1","0.00","n/e"," ","0.00"
"31/10/2017 04:00:00 - 31/10/2017 05:00:00","BZN|DK1","0.00","n/e"," ","0.00"
"31/10/2017 05:00:00 - 31/10/2017 06:00:00","BZN|DK1","0.00","n/e"," ","0.00"
"31/10/2017 06:00:00 - 31/10/2017 07:00:00","BZN|DK1","0.00","n/e"," ","0.01"
"31/10/2017 07:00:00 - 31/10/2017 08:00:00","BZN|DK1","2.00","n/e"," ","3.19"
"31/10/2017 08:00:00 - 31/10/2017 09:00:00","BZN|DK1","23.00","n/e"," ","28.28"
"31/10/2017 09:00:00 - 31/10/2017 10:00:00","BZN|DK1","42.00","n/e"," ","56.94"
"31/10/2017 10:00:00 - 31/10/2017 11:00:00","BZN|DK1","29.00","n/e"," ","73.98"
"31/10/2017 11:00:00 - 31/10/2017 12:00:00","BZN|DK1","29.00","n/e"," ","81.18"
"31/10/2017 12:00:00 - 31/10/2017 13:00:00","BZN|DK1","37.00","n/e"," ","67.10"
"31/10/2017 13:00:00 - 31/10/2017 14:00:00","BZN|DK1","19.00","n/e"," ","53.15"
"31/10/2017 14:00:00 - 31/10/2017 15:00:00","BZN|DK1","11.00","n/e"," ","43.70"
"31/10/2017 15:00:00 - 31/10/2017 16:00:00","BZN|DK1","7.00","n/e"," ","26.29"
"31/10/2017 16:00:00 - 31/10/2017 17:00:00","BZN|DK1","1.00","n/e"," ","4.22"
"31/10/2017 17:00:00 - 31/10/2017 18:00:00","BZN|DK1","0.00","n/e"," ","0.10"
"31/10/2017 18:00:00 - 31/10/2017 19:00:00","BZN|DK1","0.00","n/e"," ","0.01"
"31/10/2017 19:00:00 - 31/10/2017 20:00:00","BZN|DK1","0.00","n/e"," ","0.00"
"31/10/2017 20:00:00 - 31/10/2017 21:00:00","BZN|DK1","0.00","n/e"," ","0.01"
"31/10/2017 21:00:00 - 31/10/2017 22:00:00","BZN|DK1","0.00","n/e"," ","0.00"
"31/10/2017 22:00:00 - 31/10/2017 23:00:00","BZN|DK1","0.00","n/e"," ","0.00"
"31/10/2017 23:00:00 - 01/11/2017 00:00:00","BZN|DK1","0.00","n/e"," ","0.00"
"01/11/2017 00:00:00 - 01/11/2017 01:00:00","BZN|DK1","0.00","n/e"," ","0.00"
"01/11/2017 01:00:00 - 01/11/2017 02:00:00","BZN|DK1","0.00","n/e"," ","0.00"
"01/11/2017 02:00:00 - 01/11/2017 03:00:00","BZN|DK1","0.00","n/e"," ","0.00"
"01/11/2017 03:00:00 - 01/11/2017 04:00:00","BZN|DK1","0.00","n/e"," ","0.00"
"01/11/2017 04:00:00 - 01/11/2017 05:00:00","BZN|DK1","0.00","n/e"," ","0.01"
"01/11/2017 05:00:00 - 01/11/2017 06:00:00","BZN|DK1","0.00","n/e"," ","0.01"
"01/11/2017 06:00:00 - 01/11/2017 07:00:00","BZN|DK1","0.00","n/e"," ","0.01"
"01/11/2017 07:00:00 - 01/11/2017 08:00:00","BZN|DK1","0.00","n/e"," ","1.05"
"01/11/2017 08:00:00 - 01/11/2017 09:00:00","BZN|DK1","5.00","n/e"," ","11.28"
"01/11/2017 09:00:00 - 01/11/2017 10:00:00","BZN|DK1","24.00","n/e"," ","28.62"
"01/11/2017 10:00:00 - 01/11/2017 11:00:00","BZN|DK1","49.00","n/e"," ","31.09"
"01/11/2017 11:00:00 - 01/11/2017 12:00:00","BZN|DK1","61.00","n/e"," ","33.61"
"01/11/2017 12:00:00 - 01/11/2017 13:00:00","BZN|DK1","67.00","n/e"," ","38.77"
"01/11/2017 13:00:00 - 01/11/2017 14:00:00","BZN|DK1","41.00","n/e"," ","32.46"
"01/11/2017 14:00:00 - 01/11/2017 15:00:00","BZN|DK1","29.00","n/e"," ","26.32"
"01/11/2017 15:00:00 - 01/11/2017 16:00:00","BZN|DK1","15.00","n/e"," ","15.57"
"01/11/2017 16:00:00 - 01/11/2017 17:00:00","BZN|DK1","1.00","n/e"," ","2.23"
"01/11/2017 17:00:00 - 01/11/2017 18:00:00","BZN|DK1","0.00","n/e"," ","0.07"
"01/11/2017 18:00:00 - 01/11/2017 19:00:00","BZN|DK1","0.00","n/e"," ","0.00"
"01/11/2017 19:00:00 - 01/11/2017 20:00:00","BZN|DK1","0.00","n/e"," ","0.01"
"01/11/2017 20:00:00 - 01/11/2017 21:00:00","BZN|DK1","0.00","n/e"," ","0.01"
"01/11/2017 21:00:00 - 01/11/2017 22:00:00","BZN|DK1","0.00","n/e"," ","0.00"
"01/11/2017 22:00:00 - 01/11/2017 23:00:00","BZN|DK1","0.00","n/e"," ","0.00"
"01/11/2017 23:00:00 - 02/11/2017 00:00:00","BZN|DK1","0.00","n/e"," ","0.00"
"02/11/2017 00:00:00 - 02/11/2017 01:00:00","BZN|DK1","0.00","n/e"," ","0.00"
"02/11/2017 01:00:00 - 02/11/2017 02:00:00","BZN|DK1","0.00","n/e"," ","0.00"
"02/11/2017 02:00:00 - 02/11/2017 03:00:00","BZN|DK1","0.00","n/e"," ","0.00"
"02/11/2017 03:00:00 - 02/11/2017 04:00:00","BZN|DK1","0.00","n/e"," ","0.00"
"02/11/2017 04:00:00 - 02/11/2017 05:00:00","BZN|DK1","0.00","n/e"," ","0.00"
"02/11/2017 05:00:00 - 02/11/2017 06:00:00","BZN|DK1","0.00","n/e"," ","0.00"
"02/11/2017 06:00:00 - 02/11/2017 07:00:00","BZN|DK1","0.00","n/e"," ","0.01"
"02/11/2017 07:00:00 - 02/11/2017 08:00:00","BZN|DK1","3.00","n/e"," ","2.26"
"02/11/2017 08:00:00 - 02/11/2017 09:00:00","BZN|DK1","42.00","n/e"," ","31.87"
"02/11/2017 09:00:00 - 02/11/2017 10:00:00","BZN|DK1","106.00","n/e"," ","78.91"
"02/11/2017 10:00:00 - 02/11/2017 11:00:00","BZN|DK1","162.00","n/e"," ","101.40"
"02/11/2017 11:00:00 - 02/11/2017 12:00:00","BZN|DK1","181.00","n/e"," ","110.39"
"02/11/2017 12:00:00 - 02/11/2017 13:00:00","BZN|DK1","184.00","n/e"," ","107.99"
"02/11/2017 13:00:00 - 02/11/2017 14:00:00","BZN|DK1","133.00","n/e"," ","100.87"
"02/11/2017 14:00:00 - 02/11/2017 15:00:00","BZN|DK1","97.00","n/e"," ","77.31"
"02/11/2017 15:00:00 - 02/11/2017 16:00:00","BZN|DK1","44.00","n/e"," ","42.60"
"02/11/2017 16:00:00 - 02/11/2017 17:00:00","BZN|DK1","3.00","n/e"," ","5.50"
"02/11/2017 17:00:00 - 02/11/2017 18:00:00","BZN|DK1","0.00","n/e"," ","0.16"
"02/11/2017 18:00:00 - 02/11/2017 19:00:00","BZN|DK1","0.00","n/e"," ","0.01"
"02/11/2017 19:00:00 - 02/11/2017 20:00:00","BZN|DK1","0.00","n/e"," ","0.01"
"02/11/2017 20:00:00 - 02/11/2017 21:00:00","BZN|DK1","0.00","n/e"," ","0.01"
"02/11/2017 21:00:00 - 02/11/2017 22:00:00","BZN|DK1","0.00","n/e"," ","0.00"
"02/11/2017 22:00:00 - 02/11/2017 23:00:00","BZN|DK1","0.00","n/e"," ","0.00"
"02/11/2017 23:00:00 - 03/11/2017 00:00:00","BZN|DK1","0.00","n/e"," ","0.00"
"03/11/2017 00:00:00 - 03/11/2017 01:00:00","BZN|DK1","0.00","n/e"," ","0.00"
"03/11/2017 01:00:00 - 03/11/2017 02:00:00","BZN|DK1","0.00","n/e"," ","0.00"
"03/11/2017 02:00:00 - 03/11/2017 03:00:00","BZN|DK1","0.00","n/e"," ","0.00"
"03/11/2017 03:00:00 - 03/11/2017 04:00:00","BZN|DK1","0.00","n/e"," ","0.00"
"03/11/2017 04:00:00 - 03/11/2017 05:00:00","BZN|DK1","0.00","n/e"," ","0.01"
"03/11/2017 05:00:00 - 03/11/2017 06:00:00","BZN|DK1","0.00","n/e"," ","0.01"
"03/11/2017 06:00:00 - 03/11/2017 07:00:00","BZN|DK1","0.00","n/e"," ","0.01"
"03/11/2017 07:00:00 - 03/11/2017 08:00:00","BZN|DK1","1.00","n/e"," ","1.22"
"03/11/2017 08:00:00 - 03/11/2017 09:00:00","BZN|DK1","16.00","n/e"," ","14.69"
"03/11/2017 09:00:00 - 03/11/2017 10:00:00","BZN|DK1","44.00","n/e"," ","41.20"
"03/11/2017 10:00:00 - 03/11/2017 11:00:00","BZN|DK1","79.00","n/e"," ","58.89"
"03/11/2017 11:00:00 - 03/11/2017 12:00:00","BZN|DK1","91.00","n/e"," ","74.55"
"03/11/2017 12:00:00 - 03/11/2017 13:00:00","BZN|DK1","90.00","n/e"," ","77.51"
"03/11/2017 13:00:00 - 03/11/2017 14:00:00","BZN|DK1","63.00","n/e"," ","73.81"
"03/11/2017 14:00:00 - 03/11/2017 15:00:00","BZN|DK1","38.00","n/e"," ","53.37"
"03/11/2017 15:00:00 - 03/11/2017 16:00:00","BZN|DK1","13.00","n/e"," ","29.82"
"03/11/2017 16:00:00 - 03/11/2017 17:00:00","BZN|DK1","1.00","n/e"," ","3.68"
"03/11/2017 17:00:00 - 03/11/2017 18:00:00","BZN|DK1","0.00","n/e"," ","0.09"
"03/11/2017 18:00:00 - 03/11/2017 19:00:00","BZN|DK1","0.00","n/e"," ","0.00"
"03/11/2017 19:00:00 - 03/11/2017 20:00:00","BZN|DK1","0.00","n/e"," ","0.00"
"03/11/2017 20:00:00 - 03/11/2017 21:00:00","BZN|DK1","0.00","n/e"," ","0.00"
"03/11/2017 21:00:00 - 03/11/2017 22:00:00","BZN|DK1","0.00","n/e"," ","0.00"
"03/11/2017 22:00:00 - 03/11/2017 23:00:00","BZN|DK1","0.00","n/e"," ","0.00"
"03/11/2017 23:00:00 - 04/11/2017 00:00:00","BZN|DK1","0.00","n/e"," ","0.00"
"04/11/2017 00:00:00 - 04/11/2017 01:00:00","BZN|DK1","0.00","n/e"," ","0.00"
"04/11/2017 01:00:00 - 04/11/2017 02:00:00","BZN|DK1","0.00","n/e"," ","0.00"
"04/11/2017 02:00:00 - 04/11/2017 03:00:00","BZN|DK1","0.00","n/e"," ","0.00"
"04/11/2017 03:00:00 - 04/11/2017 04:00:00","BZN|DK1","0.00","n/e"," ","0.00"
"04/11/2017 04:00:00 - 04/11/2017 05:00:00","BZN|DK1","0.00","n/e"," ","0.00"
"04/11/2017 05:00:00 - 04/11/2017 06:00:00","BZN|DK1","0.00","n/e"," ","0.00"
"04/11/2017 06:00:00 - 04/11/2017 07:00:00","BZN|DK1","0.00","n/e"," ","0.00"
"04/11/2017 07:00:00 - 04/11/2017 08:00:00","BZN|DK1","0.00","n/e"," ","0.78"
"04/11/2017 08:00:00 - 04/11/2017 09:00:00","BZN|DK1","6.00","n/e"," ","10.05"
"04/11/2017 09:00:00 - 04/11/2017 10:00:00","BZN|DK1","22.00","n/e"," ","28.14"
"04/11/2017 10:00:00 - 04/11/2017 11:00:00","BZN|DK1","47.00","n/e"," ","48.49"
"04/11/2017 11:00:00 - 04/11/2017 12:00:00","BZN|DK1","69.00","n/e"," ","54.61"
"04/11/2017 12:00:00 - 04/11/2017 13:00:00","BZN|DK1","75.00","n/e"," ","59.23"
"04/11/2017 13:00:00 - 04/11/2017 14:00:00","BZN|DK1","44.00","n/e"," ","60.33"
"04/11/2017 14:00:00 - 04/11/2017 15:00:00","BZN|DK1","25.00","n/e"," ","47.85"
"04/11/2017 15:00:00 - 04/11/2017 16:00:00","BZN|DK1","10.00","n/e"," ","26.65"
"04/11/2017 16:00:00 - 04/11/2017 17:00:00","BZN|DK1","1.00","n/e"," ","3.45"
"04/11/2017 17:00:00 - 04/11/2017 18:00:00","BZN|DK1","0.00","n/e"," ","0.06"
"04/11/2017 18:00:00 - 04/11/2017 19:00:00","BZN|DK1","0.00","n/e"," ","0.00"
"04/11/2017 19:00:00 - 04/11/2017 20:00:00","BZN|DK1","0.00","n/e"," ","0.00"
"04/11/2017 20:00:00 - 04/11/2017 21:00:00","BZN|DK1","0.00","n/e"," ","0.00"
"04/11/2017 21:00:00 - 04/11/2017 22:00:00","BZN|DK1","0.00","n/e"," ","0.00"
"04/11/2017 22:00:00 - 04/11/2017 23:00:00","BZN|DK1","0.00","n/e"," ","0.00"
"04/11/2017 23:00:00 - 05/11/2017 00:00:00","BZN|DK1","0.00","n/e"," ","0.00"
"05/11/2017 00:00:00 - 05/11/2017 01:00:00","BZN|DK1","0.00","n/e"," ","0.00"
"05/11/2017 01:00:00 - 05/11/2017 02:00:00","BZN|DK1","0.00","n/e"," ","0.00"
"05/11/2017 02:00:00 - 05/11/2017 03:00:00","BZN|DK1","0.00","n/e"," ","0.00"
"05/11/2017 03:00:00 - 05/11/2017 04:00:00","BZN|DK1","0.00","n/e"," ","0.00"
"05/11/2017 04:00:00 - 05/11/2017 05:00:00","BZN|DK1","0.00","n/e"," ","0.00"
"05/11/2017 05:00:00 - 05/11/2017 06:00:00","BZN|DK1","0.00","n/e"," ","0.01"
"05/11/2017 06:00:00 - 05/11/2017 07:00:00","BZN|DK1","0.00","n/e"," ","0.00"
"05/11/2017 07:00:00 - 05/11/2017 08:00:00","BZN|DK1","1.00","n/e"," ","0.91"
"05/11/2017 08:00:00 - 05/11/2017 09:00:00","BZN|DK1","12.00","n/e"," ","20.32"
"05/11/2017 09:00:00 - 05/11/2017 10:00:00","BZN|DK1","39.00","n/e"," ","45.08"
"05/11/2017 10:00:00 - 05/11/2017 11:00:00","BZN|DK1","63.00","n/e"," ","52.01"
"05/11/2017 11:00:00 - 05/11/2017 12:00:00","BZN|DK1","78.00","n/e"," ","64.33"
"05/11/2017 12:00:00 - 05/11/2017 13:00:00","BZN|DK1","81.00","n/e"," ","65.38"
"05/11/2017 13:00:00 - 05/11/2017 14:00:00","BZN|DK1","58.00","n/e"," ","56.89"
"05/11/2017 14:00:00 - 05/11/2017 15:00:00","BZN|DK1","39.00","n/e"," ","53.62"
"05/11/2017 15:00:00 - 05/11/2017 16:00:00","BZN|DK1","16.00","n/e"," ","29.31"
"05/11/2017 16:00:00 - 05/11/2017 17:00:00","BZN|DK1","1.00","n/e"," ","5.54"
"05/11/2017 17:00:00 - 05/11/2017 18:00:00","BZN|DK1","0.00","n/e"," ","0.10"
"05/11/2017 18:00:00 - 05/11/2017 19:00:00","BZN|DK1","0.00","n/e"," ","0.01"
"05/11/2017 19:00:00 - 05/11/2017 20:00:00","BZN|DK1","0.00","n/e"," ","0.00"
"05/11/2017 20:00:00 - 05/11/2017 21:00:00","BZN|DK1","0.00","n/e"," ","0.00"
"05/11/2017 21:00:00 - 05/11/2017 22:00:00","BZN|DK1","0.00","n/e"," ","0.00"
"05/11/2017 22:00:00 - 05/11/2017 23:00:00","BZN|DK1","0.00","n/e"," ","0.00"
"05/11/2017 23:00:00 - 06/11/2017 00:00:00","BZN|DK1","0.00","n/e"," ","0.00"
"06/11/2017 00:00:00 - 06/11/2017 01:00:00","BZN|DK1","0.00","n/e"," ","0.00"
"06/11/2017 01:00:00 - 06/11/2017 02:00:00","BZN|DK1","0.00","n/e"," ","0.00"
"06/11/2017 02:00:00 - 06/11/2017 03:00:00","BZN|DK1","0.00","n/e"," ","0.00"
"06/11/2017 03:00:00 - 06/11/2017 04:00:00","BZN|DK1","0.00","n/e"," ","0.00"
"06/11/2017 04:00:00 - 06/11/2017 05:00:00","BZN|DK1","0.00","n/e"," ","0.00"
"06/11/2017 05:00:00 - 06/11/2017 06:00:00","BZN|DK1","0.00","n/e"," ","0.00"
"06/11/2017 06:00:00 - 06/11/2017 07:00:00","BZN|DK1","0.00","n/e"," ","0.01"
"06/11/2017 07:00:00 - 06/11/2017 08:00:00","BZN|DK1","2.00","n/e"," ","1.74"
"06/11/2017 08:00:00 - 06/11/2017 09:00:00","BZN|DK1","36.00","n/e"," ","36.58"
"06/11/2017 09:00:00 - 06/11/2017 10:00:00","BZN|DK1","101.00","n/e"," ","103.42"
"06/11/2017 10:00:00 - 06/11/2017 11:00:00","BZN|DK1","168.00","n/e"," ","171.07"
"06/11/2017 11:00:00 - 06/11/2017 12:00:00","BZN|DK1","196.00","n/e"," ","209.43"
"06/11/2017 12:00:00 - 06/11/2017 13:00:00","BZN|DK1","193.00","n/e"," ","208.79"
"06/11/2017 13:00:00 - 06/11/2017 14:00:00","BZN|DK1","165.00","n/e"," ","179.81"
"06/11/2017 14:00:00 - 06/11/2017 15:00:00","BZN|DK1","128.00","n/e"," ","120.80"
"06/11/2017 15:00:00 - 06/11/2017 16:00:00","BZN|DK1","57.00","n/e"," ","54.20"
"06/11/2017 16:00:00 - 06/11/2017 17:00:00","BZN|DK1","4.00","n/e"," ","5.94"
"06/11/2017 17:00:00 - 06/11/2017 18:00:00","BZN|DK1","0.00","n/e"," ","0.10"
"06/11/2017 18:00:00 - 06/11/2017 19:00:00","BZN|DK1","0.00","n/e"," ","0.00"
"06/11/2017 19:00:00 - 06/11/2017 20:00:00","BZN|DK1","0.00","n/e"," ","0.00"
"06/11/2017 20:00:00 - 06/11/2017 21:00:00","BZN|DK1","0.00","n/e"," ","0.00"
"06/11/2017 21:00:00 - 06/11/2017 22:00:00","BZN|DK1","0.00","n/e"," ","0.00"
"06/11/2017 22:00:00 - 06/11/2017 23:00:00","BZN|DK1","0.00","n/e"," ","0.00"
"06/11/2017 23:00:00 - 07/11/2017 00:00:00","BZN|DK1","0.00","n/e"," ","0.00"
"07/11/2017 00:00:00 - 07/11/2017 01:00:00","BZN|DK1","0.00","n/e"," ","0.00"
"07/11/2017 01:00:00 - 07/11/2017 02:00:00","BZN|DK1","0.00","n/e"," ","0.00"
"07/11/2017 02:00:00 - 07/11/2017 03:00:00","BZN|DK1","0.00","n/e"," ","0.00"
"07/11/2017 03:00:00 - 07/11/2017 04:00:00","BZN|DK1","0.00","n/e"," ","0.00"
"07/11/2017 04:00:00 - 07/11/2017 05:00:00","BZN|DK1","0.00","n/e"," ","0.00"
"07/11/2017 05:00:00 - 07/11/2017 06:00:00","BZN|DK1","0.00","n/e"," ","0.00"
"07/11/2017 06:00:00 - 07/11/2017 07:00:00","BZN|DK1","0.00","n/e"," ","0.01"
"07/11/2017 07:00:00 - 07/11/2017 08:00:00","BZN|DK1","2.00","n/e"," ","1.88"
"07/11/2017 08:00:00 - 07/11/2017 09:00:00","BZN|DK1","25.00","n/e"," ","36.38"
"07/11/2017 09:00:00 - 07/11/2017 10:00:00","BZN|DK1","73.00","n/e"," ","104.82"
"07/11/2017 10:00:00 - 07/11/2017 11:00:00","BZN|DK1","129.00","n/e"," ","175.61"
"07/11/2017 11:00:00 - 07/11/2017 12:00:00","BZN|DK1","159.00","n/e"," ","215.61"
"07/11/2017 12:00:00 - 07/11/2017 13:00:00","BZN|DK1","168.00","n/e"," ","216.77"
"07/11/2017 13:00:00 - 07/11/2017 14:00:00","BZN|DK1","146.00","n/e"," ","185.91"
"07/11/2017 14:00:00 - 07/11/2017 15:00:00","BZN|DK1","109.00","n/e"," ","123.42"
"07/11/2017 15:00:00 - 07/11/2017 16:00:00","BZN|DK1","45.00","n/e"," ","52.38"
"07/11/2017 16:00:00 - 07/11/2017 17:00:00","BZN|DK1","4.00","n/e"," ","5.17"
"07/11/2017 17:00:00 - 07/11/2017 18:00:00","BZN|DK1","0.00","n/e"," ","0.08"
"07/11/2017 18:00:00 - 07/11/2017 19:00:00","BZN|DK1","0.00","n/e"," ","0.00"
"07/11/2017 19:00:00 - 07/11/2017 20:00:00","BZN|DK1","0.00","n/e"," ","0.00"
"07/11/2017 20:00:00 - 07/11/2017 21:00:00","BZN|DK1","0.00","n/e"," ","0.00"
"07/11/2017 21:00:00 - 07/11/2017 22:00:00","BZN|DK1","0.00","n/e"," ","0.00"
"07/11/2017 22:00:00 - 07/11/2017 23:00:00","BZN|DK1","0.00","n/e"," ","0.00"
"07/11/2017 23:00:00 - 08/11/2017 00:00:00","BZN|DK1","0.00","n/e"," ","0.00"
"08/11/2017 00:00:00 - 08/11/2017 01:00:00","BZN|DK1","0.00","n/e"," ","0.00"
"08/11/2017 01:00:00 - 08/11/2017 02:00:00","BZN|DK1","0.00","n/e"," ","0.00"
"08/11/2017 02:00:00 - 08/11/2017 03:00:00","BZN|DK1","0.00","n/e"," ","0.00"
"08/11/2017 03:00:00 - 08/11/2017 04:00:00","BZN|DK1","0.00","n/e"," ","0.00"
"08/11/2017 04:00:00 - 08/11/2017 05:00:00","BZN|DK1","0.00","n/e"," ","0.00"
"08/11/2017 05:00:00 - 08/11/2017 06:00:00","BZN|DK1","0.00","n/e"," ","0.00"
"08/11/2017 06:00:00 - 08/11/2017 07:00:00","BZN|DK1","0.00","n/e"," ","0.00"
"08/11/2017 07:00:00 - 08/11/2017 08:00:00","BZN|DK1","1.00","n/e"," ","1.02"
"08/11/2017 08:00:00 - 08/11/2017 09:00:00","BZN|DK1","21.00","n/e"," ","22.30"
"08/11/2017 09:00:00 - 08/11/2017 10:00:00","BZN|DK1","63.00","n/e"," ","60.45"
"08/11/2017 10:00:00 - 08/11/2017 11:00:00","BZN|DK1","106.00","n/e"," ","82.92"
"08/11/2017 11:00:00 - 08/11/2017 12:00:00","BZN|DK1","121.00","n/e"," ","111.57"
"08/11/2017 12:00:00 - 08/11/2017 13:00:00","BZN|DK1","119.00","n/e"," ","123.88"
"08/11/2017 13:00:00 - 08/11/2017 14:00:00","BZN|DK1","98.00","n/e"," ","113.70"
"08/11/2017 14:00:00 - 08/11/2017 15:00:00","BZN|DK1","67.00","n/e"," ","74.99"
"08/11/2017 15:00:00 - 08/11/2017 16:00:00","BZN|DK1","24.00","n/e"," ","34.05"
"08/11/2017 16:00:00 - 08/11/2017 17:00:00","BZN|DK1","1.00","n/e"," ","3.38"
"08/11/2017 17:00:00 - 08/11/2017 18:00:00","BZN|DK1","0.00","n/e"," ","0.04"
"08/11/2017 18:00:00 - 08/11/2017 19:00:00","BZN|DK1","0.00","n/e"," ","0.00"
"08/11/2017 19:00:00 - 08/11/2017 20:00:00","BZN|DK1","0.00","n/e"," ","0.00"
"08/11/2017 20:00:00 - 08/11/2017 21:00:00","BZN|DK1","0.00","n/e"," ","0.00"
"08/11/2017 21:00:00 - 08/11/2017 22:00:00","BZN|DK1","0.00","n/e"," ","0.00"
"08/11/2017 22:00:00 - 08/11/2017 23:00:00","BZN|DK1","0.00","n/e"," ","0.00"
"08/11/2017 23:00:00 - 09/11/2017 00:00:00","BZN|DK1","0.00","n/e"," ","0.00"
"09/11/2017 00:00:00 - 09/11/2017 01:00:00","BZN|DK1","0.00","n/e"," ","0.00"
"09/11/2017 01:00:00 - 09/11/2017 02:00:00","BZN|DK1","0.00","n/e"," ","0.00"
"09/11/2017 02:00:00 - 09/11/2017 03:00:00","BZN|DK1","0.00","n/e"," ","0.00"
"09/11/2017 03:00:00 - 09/11/2017 04:00:00","BZN|DK1","0.00","n/e"," ","0.00"
"09/11/2017 04:00:00 - 09/11/2017 05:00:00","BZN|DK1","0.00","n/e"," ","0.00"
"09/11/2017 05:00:00 - 09/11/2017 06:00:00","BZN|DK1","0.00","n/e"," ","0.00"
"09/11/2017 06:00:00 - 09/11/2017 07:00:00","BZN|DK1","0.00","n/e"," ","0.00"
"09/11/2017 07:00:00 - 09/11/2017 08:00:00","BZN|DK1","0.00","n/e"," ","0.80"
"09/11/2017 08:00:00 - 09/11/2017 09:00:00","BZN|DK1","7.00","n/e"," ","4.97"
"09/11/2017 09:00:00 - 09/11/2017 10:00:00","BZN|DK1","18.00","n/e"," ","20.17"
"09/11/2017 10:00:00 - 09/11/2017 11:00:00","BZN|DK1","18.00","n/e"," ","37.12"
"09/11/2017 11:00:00 - 09/11/2017 12:00:00","BZN|DK1","23.00","n/e"," ","42.84"
"09/11/2017 12:00:00 - 09/11/2017 13:00:00","BZN|DK1","26.00","n/e"," ","40.43"
"09/11/2017 13:00:00 - 09/11/2017 14:00:00","BZN|DK1","12.00","n/e"," ","34.11"
"09/11/2017 14:00:00 - 09/11/2017 15:00:00","BZN|DK1","8.00","n/e"," ","22.48"
"09/11/2017 15:00:00 - 09/11/2017 16:00:00","BZN|DK1","2.00","n/e"," ","10.37"
"09/11/2017 16:00:00 - 09/11/2017 17:00:00","BZN|DK1","0.00","n/e"," ","1.01"
"09/11/2017 17:00:00 - 09/11/2017 18:00:00","BZN|DK1","0.00","n/e"," ","0.01"
"09/11/2017 18:00:00 - 09/11/2017 19:00:00","BZN|DK1","0.00","n/e"," ","0.00"
"09/11/2017 19:00:00 - 09/11/2017 20:00:00","BZN|DK1","0.00","n/e"," ","0.00"
"09/11/2017 20:00:00 - 09/11/2017 21:00:00","BZN|DK1","0.00","n/e"," ","0.00"
"09/11/2017 21:00:00 - 09/11/2017 22:00:00","BZN|DK1","0.00","n/e"," ","0.00"
"09/11/2017 22:00:00 - 09/11/2017 23:00:00","BZN|DK1","0.00","n/e"," ","0.00"
"09/11/2017 23:00:00 - 10/11/2017 00:00:00","BZN|DK1","0.00","n/e"," ","0.00"
"10/11/2017 00:00:00 - 10/11/2017 01:00:00","BZN|DK1","0.00","n/e"," ","0.00"
"10/11/2017 01:00:00 - 10/11/2017 02:00:00","BZN|DK1","0.00","n/e"," ","0.00"
"10/11/2017 02:00:00 - 10/11/2017 03:00:00","BZN|DK1","0.00","n/e"," ","0.00"
"10/11/2017 03:00:00 - 10/11/2017 04:00:00","BZN|DK1","0.00","n/e"," ","0.00"
"10/11/2017 04:00:00 - 10/11/2017 05:00:00","BZN|DK1","0.00","n/e"," ","0.00"
"10/11/2017 05:00:00 - 10/11/2017 06:00:00","BZN|DK1","0.00","n/e"," ","0.00"
"10/11/2017 06:00:00 - 10/11/2017 07:00:00","BZN|DK1","0.00","n/e"," ","0.00"
"10/11/2017 07:00:00 - 10/11/2017 08:00:00","BZN|DK1","1.00","n/e"," ","0.32"
"10/11/2017 08:00:00 - 10/11/2017 09:00:00","BZN|DK1","7.00","n/e"," ","11.18"
"10/11/2017 09:00:00 - 10/11/2017 10:00:00","BZN|DK1","14.00","n/e"," ","47.22"
"10/11/2017 10:00:00 - 10/11/2017 11:00:00","BZN|DK1","40.00","n/e"," ","58.17"
"10/11/2017 11:00:00 - 10/11/2017 12:00:00","BZN|DK1","55.00","n/e"," ","44.09"
"10/11/2017 12:00:00 - 10/11/2017 13:00:00","BZN|DK1","61.00","n/e"," ","42.13"
"10/11/2017 13:00:00 - 10/11/2017 14:00:00","BZN|DK1","65.00","n/e"," ","58.13"
"10/11/2017 14:00:00 - 10/11/2017 15:00:00","BZN|DK1","48.00","n/e"," ","55.51"
"10/11/2017 15:00:00 - 10/11/2017 16:00:00","BZN|DK1","21.00","n/e"," ","22.36"
"10/11/2017 16:00:00 - 10/11/2017 17:00:00","BZN|DK1","1.00","n/e"," ","1.52"
"10/11/2017 17:00:00 - 10/11/2017 18:00:00","BZN|DK1","0.00","n/e"," ","0.01"
"10/11/2017 18:00:00 - 10/11/2017 19:00:00","BZN|DK1","0.00","n/e"," ","0.01"
"10/11/2017 19:00:00 - 10/11/2017 20:00:00","BZN|DK1","0.00","n/e"," ","0.00"
"10/11/2017 20:00:00 - 10/11/2017 21:00:00","BZN|DK1","0.00","n/e"," ","0.01"
"10/11/2017 21:00:00 - 10/11/2017 22:00:00","BZN|DK1","0.00","n/e"," ","0.00"
"10/11/2017 22:00:00 - 10/11/2017 23:00:00","BZN|DK1","0.00","n/e"," ","0.00"
"10/11/2017 23:00:00 - 11/11/2017 00:00:00","BZN|DK1","0.00","n/e"," ","0.00"
"11/11/2017 00:00:00 - 11/11/2017 01:00:00","BZN|DK1","0.00","n/e"," ","0.00"
"11/11/2017 01:00:00 - 11/11/2017 02:00:00","BZN|DK1","0.00","n/e"," ","0.00"
"11/11/2017 02:00:00 - 11/11/2017 03:00:00","BZN|DK1","0.00","n/e"," ","0.00"
"11/11/2017 03:00:00 - 11/11/2017 04:00:00","BZN|DK1","0.00","n/e"," ","0.00"
"11/11/2017 04:00:00 - 11/11/2017 05:00:00","BZN|DK1","0.00","n/e"," ","0.00"
"11/11/2017 05:00:00 - 11/11/2017 06:00:00","BZN|DK1","0.00","n/e"," ","0.00"
"11/11/2017 06:00:00 - 11/11/2017 07:00:00","BZN|DK1","0.00","n/e"," ","0.00"
"11/11/2017 07:00:00 - 11/11/2017 08:00:00","BZN|DK1","1.00","n/e"," ","0.71"
"11/11/2017 08:00:00 - 11/11/2017 09:00:00","BZN|DK1","20.00","n/e"," ","17.84"
"11/11/2017 09:00:00 - 11/11/2017 10:00:00","BZN|DK1","59.00","n/e"," ","66.85"
"11/11/2017 10:00:00 - 11/11/2017 11:00:00","BZN|DK1","115.00","n/e"," ","116.89"
"11/11/2017 11:00:00 - 11/11/2017 12:00:00","BZN|DK1","139.00","n/e"," ","166.02"
"11/11/2017 12:00:00 - 11/11/2017 13:00:00","BZN|DK1","140.00","n/e"," ","172.97"
"11/11/2017 13:00:00 - 11/11/2017 14:00:00","BZN|DK1","121.00","n/e"," ","142.00"
"11/11/2017 14:00:00 - 11/11/2017 15:00:00","BZN|DK1","85.00","n/e"," ","87.55"
"11/11/2017 15:00:00 - 11/11/2017 16:00:00","BZN|DK1","32.00","n/e"," ","32.25"
"11/11/2017 16:00:00 - 11/11/2017 17:00:00","BZN|DK1","2.00","n/e"," ","2.17"
"11/11/2017 17:00:00 - 11/11/2017 18:00:00","BZN|DK1","0.00","n/e"," ","0.01"
"11/11/2017 18:00:00 - 11/11/2017 19:00:00","BZN|DK1","0.00","n/e"," ","0.00"
"11/11/2017 19:00:00 - 11/11/2017 20:00:00","BZN|DK1","0.00","n/e"," ","0.00"
"11/11/2017 20:00:00 - 11/11/2017 21:00:00","BZN|DK1","0.00","n/e"," ","0.00"
"11/11/2017 21:00:00 - 11/11/2017 22:00:00","BZN|DK1","0.00","n/e"," ","0.00"
"11/11/2017 22:00:00 - 11/11/2017 23:00:00","BZN|DK1","0.00","n/e"," ","0.00"
"11/11/2017 23:00:00 - 12/11/2017 00:00:00","BZN|DK1","0.00","n/e"," ","0.00"
"12/11/2017 00:00:00 - 12/11/2017 01:00:00","BZN|DK1","0.00","n/e"," ","0.00"
"12/11/2017 01:00:00 - 12/11/2017 02:00:00","BZN|DK1","0.00","n/e"," ","0.00"
"12/11/2017 02:00:00 - 12/11/2017 03:00:00","BZN|DK1","0.00","n/e"," ","0.00"
"12/11/2017 03:00:00 - 12/11/2017 04:00:00","BZN|DK1","0.00","n/e"," ","0.00"
"12/11/2017 04:00:00 - 12/11/2017 05:00:00","BZN|DK1","0.00","n/e"," ","0.00"
"12/11/2017 05:00:00 - 12/11/2017 06:00:00","BZN|DK1","0.00","n/e"," ","0.00"
"12/11/2017 06:00:00 - 12/11/2017 07:00:00","BZN|DK1","0.00","n/e"," ","0.00"
"12/11/2017 07:00:00 - 12/11/2017 08:00:00","BZN|DK1","1.00","n/e"," ","0.93"
"12/11/2017 08:00:00 - 12/11/2017 09:00:00","BZN|DK1","16.00","n/e"," ","19.16"
"12/11/2017 09:00:00 - 12/11/2017 10:00:00","BZN|DK1","51.00","n/e"," ","46.42"
"12/11/2017 10:00:00 - 12/11/2017 11:00:00","BZN|DK1","95.00","n/e"," ","66.68"
"12/11/2017 11:00:00 - 12/11/2017 12:00:00","BZN|DK1","117.00","n/e"," ","91.94"
"12/11/2017 12:00:00 - 12/11/2017 13:00:00","BZN|DK1","126.00","n/e"," ","99.66"
"12/11/2017 13:00:00 - 12/11/2017 14:00:00","BZN|DK1","108.00","n/e"," ","84.57"
"12/11/2017 14:00:00 - 12/11/2017 15:00:00","BZN|DK1","79.00","n/e"," ","60.63"
"12/11/2017 15:00:00 - 12/11/2017 16:00:00","BZN|DK1","30.00","n/e"," ","27.97"
"12/11/2017 16:00:00 - 12/11/2017 17:00:00","BZN|DK1","2.00","n/e"," ","2.04"
"12/11/2017 17:00:00 - 12/11/2017 18:00:00","BZN|DK1","0.00","n/e"," ","0.02"
"12/11/2017 18:00:00 - 12/11/2017 19:00:00","BZN|DK1","0.00","n/e"," ","0.00"
"12/11/2017 19:00:00 - 12/11/2017 20:00:00","BZN|DK1","0.00","n/e"," ","0.00"
"12/11/2017 20:00:00 - 12/11/2017 21:00:00","BZN|DK1","0.00","n/e"," ","0.00"
"12/11/2017 21:00:00 - 12/11/2017 22:00:00","BZN|DK1","0.00","n/e"," ","0.00"
"12/11/2017 22:00:00 - 12/11/2017 23:00:00","BZN|DK1","0.00","n/e"," ","0.00"
"12/11/2017 23:00:00 - 13/11/2017 00:00:00","BZN|DK1","0.00","n/e"," ","0.00"
"13/11/2017 00:00:00 - 13/11/2017 01:00:00","BZN|DK1","0.00","n/e"," ","0.00"
"13/11/2017 01:00:00 - 13/11/2017 02:00:00","BZN|DK1","0.00","n/e"," ","0.00"
"13/11/2017 02:00:00 - 13/11/2017 03:00:00","BZN|DK1","0.00","n/e"," ","0.00"
"13/11/2017 03:00:00 - 13/11/2017 04:00:00","BZN|DK1","0.00","n/e"," ","0.00"
"13/11/2017 04:00:00 - 13/11/2017 05:00:00","BZN|DK1","0.00","n/e"," ","0.00"
"13/11/2017 05:00:00 - 13/11/2017 06:00:00","BZN|DK1","0.00","n/e"," ","0.00"
"13/11/2017 06:00:00 - 13/11/2017 07:00:00","BZN|DK1","0.00","n/e"," ","0.00"
"13/11/2017 07:00:00 - 13/11/2017 08:00:00","BZN|DK1","1.00","n/e"," ","0.60"
"13/11/2017 08:00:00 - 13/11/2017 09:00:00","BZN|DK1","25.00","n/e"," ","23.23"
"13/11/2017 09:00:00 - 13/11/2017 10:00:00","BZN|DK1","89.00","n/e"," ","88.62"
"13/11/2017 10:00:00 - 13/11/2017 11:00:00","BZN|DK1","162.00","n/e"," ","155.23"
"13/11/2017 11:00:00 - 13/11/2017 12:00:00","BZN|DK1","193.00","n/e"," ","193.69"
"13/11/2017 12:00:00 - 13/11/2017 13:00:00","BZN|DK1","193.00","n/e"," ","175.15"
"13/11/2017 13:00:00 - 13/11/2017 14:00:00","BZN|DK1","155.00","n/e"," ","134.69"
"13/11/2017 14:00:00 - 13/11/2017 15:00:00","BZN|DK1","100.00","n/e"," ","81.22"
"13/11/2017 15:00:00 - 13/11/2017 16:00:00","BZN|DK1","35.00","n/e"," ","23.16"
"13/11/2017 16:00:00 - 13/11/2017 17:00:00","BZN|DK1","2.00","n/e"," ","1.09"
"13/11/2017 17:00:00 - 13/11/2017 18:00:00","BZN|DK1","0.00","n/e"," ","0.01"
"13/11/2017 18:00:00 - 13/11/2017 19:00:00","BZN|DK1","0.00","n/e"," ","0.01"
"13/11/2017 19:00:00 - 13/11/2017 20:00:00","BZN|DK1","0.00","n/e"," ","0.01"
"13/11/2017 20:00:00 - 13/11/2017 21:00:00","BZN|DK1","0.00","n/e"," ","0.00"
"13/11/2017 21:00:00 - 13/11/2017 22:00:00","BZN|DK1","0.00","n/e"," ","0.00"
"13/11/2017 22:00:00 - 13/11/2017 23:00:00","BZN|DK1","0.00","n/e"," ","0.00"
"13/11/2017 23:00:00 - 14/11/2017 00:00:00","BZN|DK1","0.00","n/e"," ","0.00"
"14/11/2017 00:00:00 - 14/11/2017 01:00:00","BZN|DK1","0.00","n/e"," ","0.00"
"14/11/2017 01:00:00 - 14/11/2017 02:00:00","BZN|DK1","0.00","n/e"," ","0.00"
"14/11/2017 02:00:00 - 14/11/2017 03:00:00","BZN|DK1","0.00","n/e"," ","0.00"
"14/11/2017 03:00:00 - 14/11/2017 04:00:00","BZN|DK1","0.00","n/e"," ","0.00"
"14/11/2017 04:00:00 - 14/11/2017 05:00:00","BZN|DK1","0.00","n/e"," ","0.00"
"14/11/2017 05:00:00 - 14/11/2017 06:00:00","BZN|DK1","0.00","n/e"," ","0.01"
"14/11/2017 06:00:00 - 14/11/2017 07:00:00","BZN|DK1","0.00","n/e"," ","0.00"
"14/11/2017 07:00:00 - 14/11/2017 08:00:00","BZN|DK1","0.00","n/e"," ","0.23"
"14/11/2017 08:00:00 - 14/11/2017 09:00:00","BZN|DK1","1.00","n/e"," ","2.50"
"14/11/2017 09:00:00 - 14/11/2017 10:00:00","BZN|DK1","6.00","n/e"," ","11.13"
"14/11/2017 10:00:00 - 14/11/2017 11:00:00","BZN|DK1","10.00","n/e"," ","27.73"
"14/11/2017 11:00:00 - 14/11/2017 12:00:00","BZN|DK1","22.00","n/e"," ","55.55"
"14/11/2017 12:00:00 - 14/11/2017 13:00:00","BZN|DK1","56.00","n/e"," ","97.68"
"14/11/2017 13:00:00 - 14/11/2017 14:00:00","BZN|DK1","84.00","n/e"," ","109.38"
"14/11/2017 14:00:00 - 14/11/2017 15:00:00","BZN|DK1","67.00","n/e"," ","81.33"
"14/11/2017 15:00:00 - 14/11/2017 16:00:00","BZN|DK1","25.00","n/e"," ","32.80"
"14/11/2017 16:00:00 - 14/11/2017 17:00:00","BZN|DK1","1.00","n/e"," ","2.15"
"14/11/2017 17:00:00 - 14/11/2017 18:00:00","BZN|DK1","0.00","n/e"," ","0.01"
"14/11/2017 18:00:00 - 14/11/2017 19:00:00","BZN|DK1","0.00","n/e"," ","0.00"
"14/11/2017 19:00:00 - 14/11/2017 20:00:00","BZN|DK1","0.00","n/e"," ","0.00"
"14/11/2017 20:00:00 - 14/11/2017 21:00:00","BZN|DK1","0.00","n/e"," ","0.00"
"14/11/2017 21:00:00 - 14/11/2017 22:00:00","BZN|DK1","0.00","n/e"," ","0.00"
"14/11/2017 22:00:00 - 14/11/2017 23:00:00","BZN|DK1","0.00","n/e"," ","0.00"
"14/11/2017 23:00:00 - 15/11/2017 00:00:00","BZN|DK1","0.00","n/e"," ","0.00"
"15/11/2017 00:00:00 - 15/11/2017 01:00:00","BZN|DK1","0.00","n/e"," ","0.00"
"15/11/2017 01:00:00 - 15/11/2017 02:00:00","BZN|DK1","0.00","n/e"," ","0.00"
"15/11/2017 02:00:00 - 15/11/2017 03:00:00","BZN|DK1","0.00","n/e"," ","0.00"
"15/11/2017 03:00:00 - 15/11/2017 04:00:00","BZN|DK1","0.00","n/e"," ","0.00"
"15/11/2017 04:00:00 - 15/11/2017 05:00:00","BZN|DK1","0.00","n/e"," ","0.00"
"15/11/2017 05:00:00 - 15/11/2017 06:00:00","BZN|DK1","0.00","n/e"," ","0.00"
"15/11/2017 06:00:00 - 15/11/2017 07:00:00","BZN|DK1","0.00","n/e"," ","0.00"
"15/11/2017 07:00:00 - 15/11/2017 08:00:00","BZN|DK1","1.00","n/e"," ","0.38"
"15/11/2017 08:00:00 - 15/11/2017 09:00:00","BZN|DK1","7.00","n/e"," ","14.90"
"15/11/2017 09:00:00 - 15/11/2017 10:00:00","BZN|DK1","32.00","n/e"," ","52.30"
"15/11/2017 10:00:00 - 15/11/2017 11:00:00","BZN|DK1","73.00","n/e"," ","83.82"
"15/11/2017 11:00:00 - 15/11/2017 12:00:00","BZN|DK1","103.00","n/e"," ","116.93"
"15/11/2017 12:00:00 - 15/11/2017 13:00:00","BZN|DK1","121.00","n/e"," ","144.19"
"15/11/2017 13:00:00 - 15/11/2017 14:00:00","BZN|DK1","115.00","n/e"," ","123.13"
"15/11/2017 14:00:00 - 15/11/2017 15:00:00","BZN|DK1","77.00","n/e"," ","73.66"
"15/11/2017 15:00:00 - 15/11/2017 16:00:00","BZN|DK1","25.00","n/e"," ","30.14"
"15/11/2017 16:00:00 - 15/11/2017 17:00:00","BZN|DK1","1.00","n/e"," ","1.59"
"15/11/2017 17:00:00 - 15/11/2017 18:00:00","BZN|DK1","0.00","n/e"," ","0.00"
"15/11/2017 18:00:00 - 15/11/2017 19:00:00","BZN|DK1","0.00","n/e"," ","0.00"
"15/11/2017 19:00:00 - 15/11/2017 20:00:00","BZN|DK1","0.00","n/e"," ","0.00"
"15/11/2017 20:00:00 - 15/11/2017 21:00:00","BZN|DK1","0.00","n/e"," ","0.00"
"15/11/2017 21:00:00 - 15/11/2017 22:00:00","BZN|DK1","0.00","n/e"," ","0.00"
"15/11/2017 22:00:00 - 15/11/2017 23:00:00","BZN|DK1","0.00","n/e"," ","0.00"
"15/11/2017 23:00:00 - 16/11/2017 00:00:00","BZN|DK1","0.00","n/e"," ","0.00"
"16/11/2017 00:00:00 - 16/11/2017 01:00:00","BZN|DK1","0.00","n/e"," ","0.00"
"16/11/2017 01:00:00 - 16/11/2017 02:00:00","BZN|DK1","0.00","n/e"," ","0.00"
"16/11/2017 02:00:00 - 16/11/2017 03:00:00","BZN|DK1","0.00","n/e"," ","0.00"
"16/11/2017 03:00:00 - 16/11/2017 04:00:00","BZN|DK1","0.00","n/e"," ","0.00"
"16/11/2017 04:00:00 - 16/11/2017 05:00:00","BZN|DK1","0.00","n/e"," ","0.00"
"16/11/2017 05:00:00 - 16/11/2017 06:00:00","BZN|DK1","0.00","n/e"," ","0.00"
"16/11/2017 06:00:00 - 16/11/2017 07:00:00","BZN|DK1","0.00","n/e"," ","0.00"
"16/11/2017 07:00:00 - 16/11/2017 08:00:00","BZN|DK1","0.00","n/e"," ","0.18"
"16/11/2017 08:00:00 - 16/11/2017 09:00:00","BZN|DK1","2.00","n/e"," ","2.64"
"16/11/2017 09:00:00 - 16/11/2017 10:00:00","BZN|DK1","6.00","n/e"," ","9.59"
"16/11/2017 10:00:00 - 16/11/2017 11:00:00","BZN|DK1","10.00","n/e"," ","17.80"
"16/11/2017 11:00:00 - 16/11/2017 12:00:00","BZN|DK1","13.00","n/e"," ","25.21"
"16/11/2017 12:00:00 - 16/11/2017 13:00:00","BZN|DK1","16.00","n/e"," ","26.03"
"16/11/2017 13:00:00 - 16/11/2017 14:00:00","BZN|DK1","12.00","n/e"," ","26.12"
"16/11/2017 14:00:00 - 16/11/2017 15:00:00","BZN|DK1","6.00","n/e"," ","17.09"
"16/11/2017 15:00:00 - 16/11/2017 16:00:00","BZN|DK1","2.00","n/e"," ","4.87"
"16/11/2017 16:00:00 - 16/11/2017 17:00:00","BZN|DK1","0.00","n/e"," ","0.49"
"16/11/2017 17:00:00 - 16/11/2017 18:00:00","BZN|DK1","0.00","n/e"," ","0.00"
"16/11/2017 18:00:00 - 16/11/2017 19:00:00","BZN|DK1","0.00","n/e"," ","0.00"
"16/11/2017 19:00:00 - 16/11/2017 20:00:00","BZN|DK1","0.00","n/e"," ","0.00"
"16/11/2017 20:00:00 - 16/11/2017 21:00:00","BZN|DK1","0.00","n/e"," ","0.00"
"16/11/2017 21:00:00 - 16/11/2017 22:00:00","BZN|DK1","0.00","n/e"," ","0.00"
"16/11/2017 22:00:00 - 16/11/2017 23:00:00","BZN|DK1","0.00","n/e"," ","0.00"
"16/11/2017 23:00:00 - 17/11/2017 00:00:00","BZN|DK1","0.00","n/e"," ","0.00"
"17/11/2017 00:00:00 - 17/11/2017 01:00:00","BZN|DK1","0.00","n/e"," ","0.00"
"17/11/2017 01:00:00 - 17/11/2017 02:00:00","BZN|DK1","0.00","n/e"," ","0.00"
"17/11/2017 02:00:00 - 17/11/2017 03:00:00","BZN|DK1","0.00","n/e"," ","0.00"
"17/11/2017 03:00:00 - 17/11/2017 04:00:00","BZN|DK1","0.00","n/e"," ","0.00"
"17/11/2017 04:00:00 - 17/11/2017 05:00:00","BZN|DK1","0.00","n/e"," ","0.00"
"17/11/2017 05:00:00 - 17/11/2017 06:00:00","BZN|DK1","0.00","n/e"," ","0.00"
"17/11/2017 06:00:00 - 17/11/2017 07:00:00","BZN|DK1","0.00","n/e"," ","0.00"
"17/11/2017 07:00:00 - 17/11/2017 08:00:00","BZN|DK1","0.00","n/e"," ","0.35"
"17/11/2017 08:00:00 - 17/11/2017 09:00:00","BZN|DK1","13.00","n/e"," ","15.93"
"17/11/2017 09:00:00 - 17/11/2017 10:00:00","BZN|DK1","63.00","n/e"," ","65.81"
"17/11/2017 10:00:00 - 17/11/2017 11:00:00","BZN|DK1","122.00","n/e"," ","117.89"
"17/11/2017 11:00:00 - 17/11/2017 12:00:00","BZN|DK1","148.00","n/e"," ","155.91"
"17/11/2017 12:00:00 - 17/11/2017 13:00:00","BZN|DK1","150.00","n/e"," ","160.43"
"17/11/2017 13:00:00 - 17/11/2017 14:00:00","BZN|DK1","111.00","n/e"," ","131.82"
"17/11/2017 14:00:00 - 17/11/2017 15:00:00","BZN|DK1","63.00","n/e"," ","75.68"
"17/11/2017 15:00:00 - 17/11/2017 16:00:00","BZN|DK1","19.00","n/e"," ","22.83"
"17/11/2017 16:00:00 - 17/11/2017 17:00:00","BZN|DK1","1.00","n/e"," ","0.96"
"17/11/2017 17:00:00 - 17/11/2017 18:00:00","BZN|DK1","0.00","n/e"," ","0.00"
"17/11/2017 18:00:00 - 17/11/2017 19:00:00","BZN|DK1","0.00","n/e"," ","0.00"
"17/11/2017 19:00:00 - 17/11/2017 20:00:00","BZN|DK1","0.00","n/e"," ","0.00"
"17/11/2017 20:00:00 - 17/11/2017 21:00:00","BZN|DK1","0.00","n/e"," ","0.00"
"17/11/2017 21:00:00 - 17/11/2017 22:00:00","BZN|DK1","0.00","n/e"," ","0.00"
"17/11/2017 22:00:00 - 17/11/2017 23:00:00","BZN|DK1","0.00","n/e"," ","0.00"
"17/11/2017 23:00:00 - 18/11/2017 00:00:00","BZN|DK1","0.00","n/e"," ","0.00"
"18/11/2017 00:00:00 - 18/11/2017 01:00:00","BZN|DK1","0.00","n/e"," ","0.00"
"18/11/2017 01:00:00 - 18/11/2017 02:00:00","BZN|DK1","0.00","n/e"," ","0.00"
"18/11/2017 02:00:00 - 18/11/2017 03:00:00","BZN|DK1","0.00","n/e"," ","0.00"
"18/11/2017 03:00:00 - 18/11/2017 04:00:00","BZN|DK1","0.00","n/e"," ","0.00"
"18/11/2017 04:00:00 - 18/11/2017 05:00:00","BZN|DK1","0.00","n/e"," ","0.00"
"18/11/2017 05:00:00 - 18/11/2017 06:00:00","BZN|DK1","0.00","n/e"," ","0.00"
"18/11/2017 06:00:00 - 18/11/2017 07:00:00","BZN|DK1","0.00","n/e"," ","0.00"
"18/11/2017 07:00:00 - 18/11/2017 08:00:00","BZN|DK1","0.00","n/e"," ","0.13"
"18/11/2017 08:00:00 - 18/11/2017 09:00:00","BZN|DK1","3.00","n/e"," ","2.28"
"18/11/2017 09:00:00 - 18/11/2017 10:00:00","BZN|DK1","23.00","n/e"," ","15.65"
"18/11/2017 10:00:00 - 18/11/2017 11:00:00","BZN|DK1","56.00","n/e"," ","39.82"
"18/11/2017 11:00:00 - 18/11/2017 12:00:00","BZN|DK1","103.00","n/e"," ","98.89"
"18/11/2017 12:00:00 - 18/11/2017 13:00:00","BZN|DK1","127.00","n/e"," ","136.13"
"18/11/2017 13:00:00 - 18/11/2017 14:00:00","BZN|DK1","115.00","n/e"," ","114.32"
"18/11/2017 14:00:00 - 18/11/2017 15:00:00","BZN|DK1","72.00","n/e"," ","68.88"
"18/11/2017 15:00:00 - 18/11/2017 16:00:00","BZN|DK1","19.00","n/e"," ","19.67"
"18/11/2017 16:00:00 - 18/11/2017 17:00:00","BZN|DK1","1.00","n/e"," ","0.82"
"18/11/2017 17:00:00 - 18/11/2017 18:00:00","BZN|DK1","0.00","n/e"," ","0.01"
"18/11/2017 18:00:00 - 18/11/2017 19:00:00","BZN|DK1","0.00","n/e"," ","0.00"
"18/11/2017 19:00:00 - 18/11/2017 20:00:00","BZN|DK1","0.00","n/e"," ","0.00"
"18/11/2017 20:00:00 - 18/11/2017 21:00:00","BZN|DK1","0.00","n/e"," ","0.00"
"18/11/2017 21:00:00 - 18/11/2017 22:00:00","BZN|DK1","0.00","n/e"," ","0.00"
"18/11/2017 22:00:00 - 18/11/2017 23:00:00","BZN|DK1","0.00","n/e"," ","0.00"
"18/11/2017 23:00:00 - 19/11/2017 00:00:00","BZN|DK1","0.00","n/e"," ","0.00"
"19/11/2017 00:00:00 - 19/11/2017 01:00:00","BZN|DK1","0.00","n/e"," ","0.00"
"19/11/2017 01:00:00 - 19/11/2017 02:00:00","BZN|DK1","0.00","n/e"," ","0.00"
"19/11/2017 02:00:00 - 19/11/2017 03:00:00","BZN|DK1","0.00","n/e"," ","0.00"
"19/11/2017 03:00:00 - 19/11/2017 04:00:00","BZN|DK1","0.00","n/e"," ","0.00"
"19/11/2017 04:00:00 - 19/11/2017 05:00:00","BZN|DK1","0.00","n/e"," ","0.00"
"19/11/2017 05:00:00 - 19/11/2017 06:00:00","BZN|DK1","0.00","n/e"," ","0.00"
"19/11/2017 06:00:00 - 19/11/2017 07:00:00","BZN|DK1","0.00","n/e"," ","0.00"
"19/11/2017 07:00:00 - 19/11/2017 08:00:00","BZN|DK1","0.00","n/e"," ","0.18"
"19/11/2017 08:00:00 - 19/11/2017 09:00:00","BZN|DK1","11.00","n/e"," ","9.76"
"19/11/2017 09:00:00 - 19/11/2017 10:00:00","BZN|DK1","66.00","n/e"," ","59.44"
"19/11/2017 10:00:00 - 19/11/2017 11:00:00","BZN|DK1","136.00","n/e"," ","115.06"
"19/11/2017 11:00:00 - 19/11/2017 12:00:00","BZN|DK1","179.00","n/e"," ","147.10"
"19/11/2017 12:00:00 - 19/11/2017 13:00:00","BZN|DK1","184.00","n/e"," ","158.60"
"19/11/2017 13:00:00 - 19/11/2017 14:00:00","BZN|DK1","148.00","n/e"," ","132.14"
"19/11/2017 14:00:00 - 19/11/2017 15:00:00","BZN|DK1","89.00","n/e"," ","82.78"
"19/11/2017 15:00:00 - 19/11/2017 16:00:00","BZN|DK1","25.00","n/e"," ","25.46"
"19/11/2017 16:00:00 - 19/11/2017 17:00:00","BZN|DK1","1.00","n/e"," ","1.02"
"19/11/2017 17:00:00 - 19/11/2017 18:00:00","BZN|DK1","0.00","n/e"," ","0.00"
"19/11/2017 18:00:00 - 19/11/2017 19:00:00","BZN|DK1","0.00","n/e"," ","0.00"
"19/11/2017 19:00:00 - 19/11/2017 20:00:00","BZN|DK1","0.00","n/e"," ","0.00"
"19/11/2017 20:00:00 - 19/11/2017 21:00:00","BZN|DK1","0.00","n/e"," ","0.00"
"19/11/2017 21:00:00 - 19/11/2017 22:00:00","BZN|DK1","0.00","n/e"," ","0.00"
"19/11/2017 22:00:00 - 19/11/2017 23:00:00","BZN|DK1","0.00","n/e"," ","0.00"
"19/11/2017 23:00:00 - 20/11/2017 00:00:00","BZN|DK1","0.00","n/e"," ","0.00"
"20/11/2017 00:00:00 - 20/11/2017 01:00:00","BZN|DK1","0.00","n/e"," ","0.00"
"20/11/2017 01:00:00 - 20/11/2017 02:00:00","BZN|DK1","0.00","n/e"," ","0.00"
"20/11/2017 02:00:00 - 20/11/2017 03:00:00","BZN|DK1","0.00","n/e"," ","0.00"
"20/11/2017 03:00:00 - 20/11/2017 04:00:00","BZN|DK1","0.00","n/e"," ","0.00"
"20/11/2017 04:00:00 - 20/11/2017 05:00:00","BZN|DK1","0.00","n/e"," ","0.00"
"20/11/2017 05:00:00 - 20/11/2017 06:00:00","BZN|DK1","0.00","n/e"," ","0.00"
"20/11/2017 06:00:00 - 20/11/2017 07:00:00","BZN|DK1","0.00","n/e"," ","0.00"
"20/11/2017 07:00:00 - 20/11/2017 08:00:00","BZN|DK1","0.00","n/e"," ","0.32"
"20/11/2017 08:00:00 - 20/11/2017 09:00:00","BZN|DK1","7.00","n/e"," ","12.64"
"20/11/2017 09:00:00 - 20/11/2017 10:00:00","BZN|DK1","43.00","n/e"," ","55.91"
"20/11/2017 10:00:00 - 20/11/2017 11:00:00","BZN|DK1","73.00","n/e"," ","95.97"
"20/11/2017 11:00:00 - 20/11/2017 12:00:00","BZN|DK1","105.00","n/e"," ","117.49"
"20/11/2017 12:00:00 - 20/11/2017 13:00:00","BZN|DK1","115.00","n/e"," ","91.64"
"20/11/2017 13:00:00 - 20/11/2017 14:00:00","BZN|DK1","92.00","n/e"," ","71.31"
"20/11/2017 14:00:00 - 20/11/2017 15:00:00","BZN|DK1","53.00","n/e"," ","54.16"
"20/11/2017 15:00:00 - 20/11/2017 16:00:00","BZN|DK1","13.00","n/e"," ","19.68"
"20/11/2017 16:00:00 - 20/11/2017 17:00:00","BZN|DK1","1.00","n/e"," ","1.00"
"20/11/2017 17:00:00 - 20/11/2017 18:00:00","BZN|DK1","0.00","n/e"," ","0.01"
"20/11/2017 18:00:00 - 20/11/2017 19:00:00","BZN|DK1","0.00","n/e"," ","0.01"
"20/11/2017 19:00:00 - 20/11/2017 20:00:00","BZN|DK1","0.00","n/e"," ","0.00"
"20/11/2017 20:00:00 - 20/11/2017 21:00:00","BZN|DK1","0.00","n/e"," ","0.00"
"20/11/2017 21:00:00 - 20/11/2017 22:00:00","BZN|DK1","0.00","n/e"," ","0.00"
"20/11/2017 22:00:00 - 20/11/2017 23:00:00","BZN|DK1","0.00","n/e"," ","0.00"
"20/11/2017 23:00:00 - 21/11/2017 00:00:00","BZN|DK1","0.00","n/e"," ","0.00"
"21/11/2017 00:00:00 - 21/11/2017 01:00:00","BZN|DK1","0.00","n/e"," ","0.00"
"21/11/2017 01:00:00 - 21/11/2017 02:00:00","BZN|DK1","0.00","n/e"," ","0.00"
"21/11/2017 02:00:00 - 21/11/2017 03:00:00","BZN|DK1","0.00","n/e"," ","0.00"
"21/11/2017 03:00:00 - 21/11/2017 04:00:00","BZN|DK1","0.00","n/e"," ","0.00"
"21/11/2017 04:00:00 - 21/11/2017 05:00:00","BZN|DK1","0.00","n/e"," ","0.00"
"21/11/2017 05:00:00 - 21/11/2017 06:00:00","BZN|DK1","0.00","n/e"," ","0.00"
"21/11/2017 06:00:00 - 21/11/2017 07:00:00","BZN|DK1","0.00","n/e"," ","0.00"
"21/11/2017 07:00:00 - 21/11/2017 08:00:00","BZN|DK1","0.00","n/e"," ","0.21"
"21/11/2017 08:00:00 - 21/11/2017 09:00:00","BZN|DK1","1.00","n/e"," ","4.47"
"21/11/2017 09:00:00 - 21/11/2017 10:00:00","BZN|DK1","17.00","n/e"," ","25.56"
"21/11/2017 10:00:00 - 21/11/2017 11:00:00","BZN|DK1","45.00","n/e"," ","48.73"
"21/11/2017 11:00:00 - 21/11/2017 12:00:00","BZN|DK1","72.00","n/e"," ","56.93"
"21/11/2017 12:00:00 - 21/11/2017 13:00:00","BZN|DK1","79.00","n/e"," ","61.21"
"21/11/2017 13:00:00 - 21/11/2017 14:00:00","BZN|DK1","58.00","n/e"," ","54.40"
"21/11/2017 14:00:00 - 21/11/2017 15:00:00","BZN|DK1","30.00","n/e"," ","39.34"
"21/11/2017 15:00:00 - 21/11/2017 16:00:00","BZN|DK1","5.00","n/e"," ","9.53"
"21/11/2017 16:00:00 - 21/11/2017 17:00:00","BZN|DK1","0.00","n/e"," ","0.48"
"21/11/2017 17:00:00 - 21/11/2017 18:00:00","BZN|DK1","0.00","n/e"," ","0.00"
"21/11/2017 18:00:00 - 21/11/2017 19:00:00","BZN|DK1","0.00","n/e"," ","0.00"
"21/11/2017 19:00:00 - 21/11/2017 20:00:00","BZN|DK1","0.00","n/e"," ","0.00"
"21/11/2017 20:00:00 - 21/11/2017 21:00:00","BZN|DK1","0.00","n/e"," ","0.00"
"21/11/2017 21:00:00 - 21/11/2017 22:00:00","BZN|DK1","0.00","n/e"," ","0.00"
"21/11/2017 22:00:00 - 21/11/2017 23:00:00","BZN|DK1","0.00","n/e"," ","0.00"
"21/11/2017 23:00:00 - 22/11/2017 00:00:00","BZN|DK1","0.00","n/e"," ","0.00"
"22/11/2017 00:00:00 - 22/11/2017 01:00:00","BZN|DK1","0.00","n/e"," ","0.00"
"22/11/2017 01:00:00 - 22/11/2017 02:00:00","BZN|DK1","0.00","n/e"," ","0.00"
"22/11/2017 02:00:00 - 22/11/2017 03:00:00","BZN|DK1","0.00","n/e"," ","0.00"
"22/11/2017 03:00:00 - 22/11/2017 04:00:00","BZN|DK1","0.00","n/e"," ","0.00"
"22/11/2017 04:00:00 - 22/11/2017 05:00:00","BZN|DK1","0.00","n/e"," ","0.00"
"22/11/2017 05:00:00 - 22/11/2017 06:00:00","BZN|DK1","0.00","n/e"," ","0.00"
"22/11/2017 06:00:00 - 22/11/2017 07:00:00","BZN|DK1","0.00","n/e"," ","0.01"
"22/11/2017 07:00:00 - 22/11/2017 08:00:00","BZN|DK1","0.00","n/e"," ","0.04"
"22/11/2017 08:00:00 - 22/11/2017 09:00:00","BZN|DK1","0.00","n/e"," ","1.35"
"22/11/2017 09:00:00 - 22/11/2017 10:00:00","BZN|DK1","7.00","n/e"," ","9.09"
"22/11/2017 10:00:00 - 22/11/2017 11:00:00","BZN|DK1","23.00","n/e"," ","21.62"
"22/11/2017 11:00:00 - 22/11/2017 12:00:00","BZN|DK1","31.00","n/e"," ","26.18"
"22/11/2017 12:00:00 - 22/11/2017 13:00:00","BZN|DK1","26.00","n/e"," ","21.94"
"22/11/2017 13:00:00 - 22/11/2017 14:00:00","BZN|DK1","10.00","n/e"," ","15.50"
"22/11/2017 14:00:00 - 22/11/2017 15:00:00","BZN|DK1","5.00","n/e"," ","7.40"
"22/11/2017 15:00:00 - 22/11/2017 16:00:00","BZN|DK1","1.00","n/e"," ","1.63"
"22/11/2017 16:00:00 - 22/11/2017 17:00:00","BZN|DK1","0.00","n/e"," ","0.38"
"22/11/2017 17:00:00 - 22/11/2017 18:00:00","BZN|DK1","0.00","n/e"," ","0.00"
"22/11/2017 18:00:00 - 22/11/2017 19:00:00","BZN|DK1","0.00","n/e"," ","0.00"
"22/11/2017 19:00:00 - 22/11/2017 20:00:00","BZN|DK1","0.00","n/e"," ","0.00"
"22/11/2017 20:00:00 - 22/11/2017 21:00:00","BZN|DK1","0.00","n/e"," ","0.00"
"22/11/2017 21:00:00 - 22/11/2017 22:00:00","BZN|DK1","0.00","n/e"," ","0.00"
"22/11/2017 22:00:00 - 22/11/2017 23:00:00","BZN|DK1","0.00","n/e"," ","0.00"
"22/11/2017 23:00:00 - 23/11/2017 00:00:00","BZN|DK1","0.00","n/e"," ","0.00"
"23/11/2017 00:00:00 - 23/11/2017 01:00:00","BZN|DK1","0.00","n/e"," ","0.00"
"23/11/2017 01:00:00 - 23/11/2017 02:00:00","BZN|DK1","0.00","n/e"," ","0.00"
"23/11/2017 02:00:00 - 23/11/2017 03:00:00","BZN|DK1","0.00","n/e"," ","0.00"
"23/11/2017 03:00:00 - 23/11/2017 04:00:00","BZN|DK1","0.00","n/e"," ","0.00"
"23/11/2017 04:00:00 - 23/11/2017 05:00:00","BZN|DK1","0.00","n/e"," ","0.00"
"23/11/2017 05:00:00 - 23/11/2017 06:00:00","BZN|DK1","0.00","n/e"," ","0.00"
"23/11/2017 06:00:00 - 23/11/2017 07:00:00","BZN|DK1","0.00","n/e"," ","0.00"
"23/11/2017 07:00:00 - 23/11/2017 08:00:00","BZN|DK1","0.00","n/e"," ","0.08"
"23/11/2017 08:00:00 - 23/11/2017 09:00:00","BZN|DK1","3.00","n/e"," ","2.26"
"23/11/2017 09:00:00 - 23/11/2017 10:00:00","BZN|DK1","27.00","n/e"," ","15.63"
"23/11/2017 10:00:00 - 23/11/2017 11:00:00","BZN|DK1","45.00","n/e"," ","36.17"
"23/11/2017 11:00:00 - 23/11/2017 12:00:00","BZN|DK1","46.00","n/e"," ","40.34"
"23/11/2017 12:00:00 - 23/11/2017 13:00:00","BZN|DK1","34.00","n/e"," ","26.10"
"23/11/2017 13:00:00 - 23/11/2017 14:00:00","BZN|DK1","11.00","n/e"," ","12.55"
"23/11/2017 14:00:00 - 23/11/2017 15:00:00","BZN|DK1","5.00","n/e"," ","10.99"
"23/11/2017 15:00:00 - 23/11/2017 16:00:00","BZN|DK1","1.00","n/e"," ","10.13"
"23/11/2017 16:00:00 - 23/11/2017 17:00:00","BZN|DK1","0.00","n/e"," ","0.85"
"23/11/2017 17:00:00 - 23/11/2017 18:00:00","BZN|DK1","0.00","n/e"," ","0.00"
"23/11/2017 18:00:00 - 23/11/2017 19:00:00","BZN|DK1","0.00","n/e"," ","0.00"
"23/11/2017 19:00:00 - 23/11/2017 20:00:00","BZN|DK1","0.00","n/e"," ","0.00"
"23/11/2017 20:00:00 - 23/11/2017 21:00:00","BZN|DK1","0.00","n/e"," ","0.00"
"23/11/2017 21:00:00 - 23/11/2017 22:00:00","BZN|DK1","0.00","n/e"," ","0.00"
"23/11/2017 22:00:00 - 23/11/2017 23:00:00","BZN|DK1","0.00","n/e"," ","0.00"
"23/11/2017 23:00:00 - 24/11/2017 00:00:00","BZN|DK1","0.00","n/e"," ","0.00"
"24/11/2017 00:00:00 - 24/11/2017 01:00:00","BZN|DK1","0.00","n/e"," ","0.00"
"24/11/2017 01:00:00 - 24/11/2017 02:00:00","BZN|DK1","0.00","n/e"," ","0.00"
"24/11/2017 02:00:00 - 24/11/2017 03:00:00","BZN|DK1","0.00","n/e"," ","0.00"
"24/11/2017 03:00:00 - 24/11/2017 04:00:00","BZN|DK1","0.00","n/e"," ","0.00"
"24/11/2017 04:00:00 - 24/11/2017 05:00:00","BZN|DK1","0.00","n/e"," ","0.00"
"24/11/2017 05:00:00 - 24/11/2017 06:00:00","BZN|DK1","0.00","n/e"," ","0.00"
"24/11/2017 06:00:00 - 24/11/2017 07:00:00","BZN|DK1","0.00","n/e"," ","0.00"
"24/11/2017 07:00:00 - 24/11/2017 08:00:00","BZN|DK1","0.00","n/e"," ","0.07"
"24/11/2017 08:00:00 - 24/11/2017 09:00:00","BZN|DK1","2.00","n/e"," ","1.92"
"24/11/2017 09:00:00 - 24/11/2017 10:00:00","BZN|DK1","33.00","n/e"," ","18.18"
"24/11/2017 10:00:00 - 24/11/2017 11:00:00","BZN|DK1","71.00","n/e"," ","41.46"
"24/11/2017 11:00:00 - 24/11/2017 12:00:00","BZN|DK1","93.00","n/e"," ","57.55"
"24/11/2017 12:00:00 - 24/11/2017 13:00:00","BZN|DK1","89.00","n/e"," ","63.83"
"24/11/2017 13:00:00 - 24/11/2017 14:00:00","BZN|DK1","63.00","n/e"," ","60.78"
"24/11/2017 14:00:00 - 24/11/2017 15:00:00","BZN|DK1","39.00","n/e"," ","45.36"
"24/11/2017 15:00:00 - 24/11/2017 16:00:00","BZN|DK1","8.00","n/e"," ","17.25"
"24/11/2017 16:00:00 - 24/11/2017 17:00:00","BZN|DK1","0.00","n/e"," ","0.68"
"24/11/2017 17:00:00 - 24/11/2017 18:00:00","BZN|DK1","0.00","n/e"," ","0.00"
"24/11/2017 18:00:00 - 24/11/2017 19:00:00","BZN|DK1","0.00","n/e"," ","0.00"
"24/11/2017 19:00:00 - 24/11/2017 20:00:00","BZN|DK1","0.00","n/e"," ","0.00"
"24/11/2017 20:00:00 - 24/11/2017 21:00:00","BZN|DK1","0.00","n/e"," ","0.00"
"24/11/2017 21:00:00 - 24/11/2017 22:00:00","BZN|DK1","0.00","n/e"," ","0.00"
"24/11/2017 22:00:00 - 24/11/2017 23:00:00","BZN|DK1","0.00","n/e"," ","0.00"
"24/11/2017 23:00:00 - 25/11/2017 00:00:00","BZN|DK1","0.00","n/e"," ","0.00"
"25/11/2017 00:00:00 - 25/11/2017 01:00:00","BZN|DK1","0.00","n/e"," ","0.00"
"25/11/2017 01:00:00 - 25/11/2017 02:00:00","BZN|DK1","0.00","n/e"," ","0.00"
"25/11/2017 02:00:00 - 25/11/2017 03:00:00","BZN|DK1","0.00","n/e"," ","0.00"
"25/11/2017 03:00:00 - 25/11/2017 04:00:00","BZN|DK1","0.00","n/e"," ","0.00"
"25/11/2017 04:00:00 - 25/11/2017 05:00:00","BZN|DK1","0.00","n/e"," ","0.00"
"25/11/2017 05:00:00 - 25/11/2017 06:00:00","BZN|DK1","0.00","n/e"," ","0.00"
"25/11/2017 06:00:00 - 25/11/2017 07:00:00","BZN|DK1","0.00","n/e"," ","0.00"
"25/11/2017 07:00:00 - 25/11/2017 08:00:00","BZN|DK1","0.00","n/e"," ","0.09"
"25/11/2017 08:00:00 - 25/11/2017 09:00:00","BZN|DK1","4.00","n/e"," ","5.89"
"25/11/2017 09:00:00 - 25/11/2017 10:00:00","BZN|DK1","49.00","n/e"," ","42.02"
"25/11/2017 10:00:00 - 25/11/2017 11:00:00","BZN|DK1","93.00","n/e"," ","69.28"
"25/11/2017 11:00:00 - 25/11/2017 12:00:00","BZN|DK1","117.00","n/e"," ","82.67"
"25/11/2017 12:00:00 - 25/11/2017 13:00:00","BZN|DK1","127.00","n/e"," ","95.87"
"25/11/2017 13:00:00 - 25/11/2017 14:00:00","BZN|DK1","102.00","n/e"," ","95.20"
"25/11/2017 14:00:00 - 25/11/2017 15:00:00","BZN|DK1","60.00","n/e"," ","56.29"
"25/11/2017 15:00:00 - 25/11/2017 16:00:00","BZN|DK1","14.00","n/e"," ","14.63"
"25/11/2017 16:00:00 - 25/11/2017 17:00:00","BZN|DK1","1.00","n/e"," ","0.59"
"25/11/2017 17:00:00 - 25/11/2017 18:00:00","BZN|DK1","0.00","n/e"," ","0.00"
"25/11/2017 18:00:00 - 25/11/2017 19:00:00","BZN|DK1","0.00","n/e"," ","0.00"
"25/11/2017 19:00:00 - 25/11/2017 20:00:00","BZN|DK1","0.00","n/e"," ","0.00"
"25/11/2017 20:00:00 - 25/11/2017 21:00:00","BZN|DK1","0.00","n/e"," ","0.00"
"25/11/2017 21:00:00 - 25/11/2017 22:00:00","BZN|DK1","0.00","n/e"," ","0.00"
"25/11/2017 22:00:00 - 25/11/2017 23:00:00","BZN|DK1","0.00","n/e"," ","0.00"
"25/11/2017 23:00:00 - 26/11/2017 00:00:00","BZN|DK1","0.00","n/e"," ","0.00"
"26/11/2017 00:00:00 - 26/11/2017 01:00:00","BZN|DK1","0.00","n/e"," ","0.00"
"26/11/2017 01:00:00 - 26/11/2017 02:00:00","BZN|DK1","0.00","n/e"," ","0.00"
"26/11/2017 02:00:00 - 26/11/2017 03:00:00","BZN|DK1","0.00","n/e"," ","0.00"
"26/11/2017 03:00:00 - 26/11/2017 04:00:00","BZN|DK1","0.00","n/e"," ","0.00"
"26/11/2017 04:00:00 - 26/11/2017 05:00:00","BZN|DK1","0.00","n/e"," ","0.00"
"26/11/2017 05:00:00 - 26/11/2017 06:00:00","BZN|DK1","0.00","n/e"," ","0.00"
"26/11/2017 06:00:00 - 26/11/2017 07:00:00","BZN|DK1","0.00","n/e"," ","0.00"
"26/11/2017 07:00:00 - 26/11/2017 08:00:00","BZN|DK1","0.00","n/e"," ","0.05"
"26/11/2017 08:00:00 - 26/11/2017 09:00:00","BZN|DK1","2.00","n/e"," ","2.53"
"26/11/2017 09:00:00 - 26/11/2017 10:00:00","BZN|DK1","31.00","n/e"," ","28.42"
"26/11/2017 10:00:00 - 26/11/2017 11:00:00","BZN|DK1","77.00","n/e"," ","57.29"
"26/11/2017 11:00:00 - 26/11/2017 12:00:00","BZN|DK1","103.00","n/e"," ","85.33"
"26/11/2017 12:00:00 - 26/11/2017 13:00:00","BZN|DK1","105.00","n/e"," ","96.91"
"26/11/2017 13:00:00 - 26/11/2017 14:00:00","BZN|DK1","73.00","n/e"," ","84.39"
"26/11/2017 14:00:00 - 26/11/2017 15:00:00","BZN|DK1","37.00","n/e"," ","52.20"
"26/11/2017 15:00:00 - 26/11/2017 16:00:00","BZN|DK1","5.00","n/e"," ","13.54"
"26/11/2017 16:00:00 - 26/11/2017 17:00:00","BZN|DK1","0.00","n/e"," ","0.53"
"26/11/2017 17:00:00 - 26/11/2017 18:00:00","BZN|DK1","0.00","n/e"," ","0.00"
"26/11/2017 18:00:00 - 26/11/2017 19:00:00","BZN|DK1","0.00","n/e"," ","0.00"
"26/11/2017 19:00:00 - 26/11/2017 20:00:00","BZN|DK1","0.00","n/e"," ","0.00"
"26/11/2017 20:00:00 - 26/11/2017 21:00:00","BZN|DK1","0.00","n/e"," ","0.00"
"26/11/2017 21:00:00 - 26/11/2017 22:00:00","BZN|DK1","0.00","n/e"," ","0.00"
"26/11/2017 22:00:00 - 26/11/2017 23:00:00","BZN|DK1","0.00","n/e"," ","0.00"
"26/11/2017 23:00:00 - 27/11/2017 00:00:00","BZN|DK1","0.00","n/e"," ","0.00"
"27/11/2017 00:00:00 - 27/11/2017 01:00:00","BZN|DK1","0.00","n/e"," ","0.00"
"27/11/2017 01:00:00 - 27/11/2017 02:00:00","BZN|DK1","0.00","n/e"," ","0.00"
"27/11/2017 02:00:00 - 27/11/2017 03:00:00","BZN|DK1","0.00","n/e"," ","0.00"
"27/11/2017 03:00:00 - 27/11/2017 04:00:00","BZN|DK1","0.00","n/e"," ","0.00"
"27/11/2017 04:00:00 - 27/11/2017 05:00:00","BZN|DK1","0.00","n/e"," ","0.00"
"27/11/2017 05:00:00 - 27/11/2017 06:00:00","BZN|DK1","0.00","n/e"," ","0.00"
"27/11/2017 06:00:00 - 27/11/2017 07:00:00","BZN|DK1","0.00","n/e"," ","0.00"
"27/11/2017 07:00:00 - 27/11/2017 08:00:00","BZN|DK1","0.00","n/e"," ","0.06"
"27/11/2017 08:00:00 - 27/11/2017 09:00:00","BZN|DK1","1.00","n/e"," ","3.15"
"27/11/2017 09:00:00 - 27/11/2017 10:00:00","BZN|DK1","10.00","n/e"," ","14.28"
"27/11/2017 10:00:00 - 27/11/2017 11:00:00","BZN|DK1","12.00","n/e"," ","19.24"
"27/11/2017 11:00:00 - 27/11/2017 12:00:00","BZN|DK1","11.00","n/e"," ","20.13"
"27/11/2017 12:00:00 - 27/11/2017 13:00:00","BZN|DK1","11.00","n/e"," ","19.15"
"27/11/2017 13:00:00 - 27/11/2017 14:00:00","BZN|DK1","9.00","n/e"," ","15.37"
"27/11/2017 14:00:00 - 27/11/2017 15:00:00","BZN|DK1","5.00","n/e"," ","8.09"
"27/11/2017 15:00:00 - 27/11/2017 16:00:00","BZN|DK1","1.00","n/e"," ","2.14"
"27/11/2017 16:00:00 - 27/11/2017 17:00:00","BZN|DK1","0.00","n/e"," ","0.27"
"27/11/2017 17:00:00 - 27/11/2017 18:00:00","BZN|DK1","0.00","n/e"," ","0.00"
"27/11/2017 18:00:00 - 27/11/2017 19:00:00","BZN|DK1","0.00","n/e"," ","0.00"
"27/11/2017 19:00:00 - 27/11/2017 20:00:00","BZN|DK1","0.00","n/e"," ","0.00"
"27/11/2017 20:00:00 - 27/11/2017 21:00:00","BZN|DK1","0.00","n/e"," ","0.00"
"27/11/2017 21:00:00 - 27/11/2017 22:00:00","BZN|DK1","0.00","n/e"," ","0.00"
"27/11/2017 22:00:00 - 27/11/2017 23:00:00","BZN|DK1","0.00","n/e"," ","0.00"
"27/11/2017 23:00:00 - 28/11/2017 00:00:00","BZN|DK1","0.00","n/e"," ","0.00"
"28/11/2017 00:00:00 - 28/11/2017 01:00:00","BZN|DK1","0.00","n/e"," ","0.00"
"28/11/2017 01:00:00 - 28/11/2017 02:00:00","BZN|DK1","0.00","n/e"," ","0.00"
"28/11/2017 02:00:00 - 28/11/2017 03:00:00","BZN|DK1","0.00","n/e"," ","0.00"
"28/11/2017 03:00:00 - 28/11/2017 04:00:00","BZN|DK1","0.00","n/e"," ","0.00"
"28/11/2017 04:00:00 - 28/11/2017 05:00:00","BZN|DK1","0.00","n/e"," ","0.00"
"28/11/2017 05:00:00 - 28/11/2017 06:00:00","BZN|DK1","0.00","n/e"," ","0.00"
"28/11/2017 06:00:00 - 28/11/2017 07:00:00","BZN|DK1","0.00","n/e"," ","0.00"
"28/11/2017 07:00:00 - 28/11/2017 08:00:00","BZN|DK1","0.00","n/e"," ","0.02"
"28/11/2017 08:00:00 - 28/11/2017 09:00:00","BZN|DK1","1.00","n/e"," ","2.69"
"28/11/2017 09:00:00 - 28/11/2017 10:00:00","BZN|DK1","17.00","n/e"," ","15.92"
"28/11/2017 10:00:00 - 28/11/2017 11:00:00","BZN|DK1","40.00","n/e"," ","34.06"
"28/11/2017 11:00:00 - 28/11/2017 12:00:00","BZN|DK1","57.00","n/e"," ","52.16"
"28/11/2017 12:00:00 - 28/11/2017 13:00:00","BZN|DK1","63.00","n/e"," ","54.49"
"28/11/2017 13:00:00 - 28/11/2017 14:00:00","BZN|DK1","44.00","n/e"," ","46.33"
"28/11/2017 14:00:00 - 28/11/2017 15:00:00","BZN|DK1","22.00","n/e"," ","29.60"
"28/11/2017 15:00:00 - 28/11/2017 16:00:00","BZN|DK1","2.00","n/e"," ","7.91"
"28/11/2017 16:00:00 - 28/11/2017 17:00:00","BZN|DK1","0.00","n/e"," ","0.43"
"28/11/2017 17:00:00 - 28/11/2017 18:00:00","BZN|DK1","0.00","n/e"," ","0.00"
"28/11/2017 18:00:00 - 28/11/2017 19:00:00","BZN|DK1","0.00","n/e"," ","0.00"
"28/11/2017 19:00:00 - 28/11/2017 20:00:00","BZN|DK1","0.00","n/e"," ","0.00"
"28/11/2017 20:00:00 - 28/11/2017 21:00:00","BZN|DK1","0.00","n/e"," ","0.00"
"28/11/2017 21:00:00 - 28/11/2017 22:00:00","BZN|DK1","0.00","n/e"," ","0.00"
"28/11/2017 22:00:00 - 28/11/2017 23:00:00","BZN|DK1","0.00","n/e"," ","0.00"
"28/11/2017 23:00:00 - 29/11/2017 00:00:00","BZN|DK1","0.00","n/e"," ","0.00"
"29/11/2017 00:00:00 - 29/11/2017 01:00:00","BZN|DK1","0.00","n/e"," ","0.00"
"29/11/2017 01:00:00 - 29/11/2017 02:00:00","BZN|DK1","0.00","n/e"," ","0.00"
"29/11/2017 02:00:00 - 29/11/2017 03:00:00","BZN|DK1","0.00","n/e"," ","0.00"
"29/11/2017 03:00:00 - 29/11/2017 04:00:00","BZN|DK1","0.00","n/e"," ","0.00"
"29/11/2017 04:00:00 - 29/11/2017 05:00:00","BZN|DK1","0.00","n/e"," ","0.00"
"29/11/2017 05:00:00 - 29/11/2017 06:00:00","BZN|DK1","0.00","n/e"," ","0.00"
"29/11/2017 06:00:00 - 29/11/2017 07:00:00","BZN|DK1","0.00","n/e"," ","0.00"
"29/11/2017 07:00:00 - 29/11/2017 08:00:00","BZN|DK1","0.00","n/e"," ","0.03"
"29/11/2017 08:00:00 - 29/11/2017 09:00:00","BZN|DK1","2.00","n/e"," ","3.52"
"29/11/2017 09:00:00 - 29/11/2017 10:00:00","BZN|DK1","28.00","n/e"," ","23.25"
"29/11/2017 10:00:00 - 29/11/2017 11:00:00","BZN|DK1","60.00","n/e"," ","55.17"
"29/11/2017 11:00:00 - 29/11/2017 12:00:00","BZN|DK1","76.00","n/e"," ","68.34"
"29/11/2017 12:00:00 - 29/11/2017 13:00:00","BZN|DK1","82.00","n/e"," ","69.70"
"29/11/2017 13:00:00 - 29/11/2017 14:00:00","BZN|DK1","58.00","n/e"," ","56.41"
"29/11/2017 14:00:00 - 29/11/2017 15:00:00","BZN|DK1","28.00","n/e"," ","37.34"
"29/11/2017 15:00:00 - 29/11/2017 16:00:00","BZN|DK1","3.00","n/e"," ","9.43"
"29/11/2017 16:00:00 - 29/11/2017 17:00:00","BZN|DK1","0.00","n/e"," ","0.46"
"29/11/2017 17:00:00 - 29/11/2017 18:00:00","BZN|DK1","0.00","n/e"," ","0.00"
"29/11/2017 18:00:00 - 29/11/2017 19:00:00","BZN|DK1","0.00","n/e"," ","0.00"
"29/11/2017 19:00:00 - 29/11/2017 20:00:00","BZN|DK1","0.00","n/e"," ","0.00"
"29/11/2017 20:00:00 - 29/11/2017 21:00:00","BZN|DK1","0.00","n/e"," ","0.00"
"29/11/2017 21:00:00 - 29/11/2017 22:00:00","BZN|DK1","0.00","n/e"," ","0.00"
"29/11/2017 22:00:00 - 29/11/2017 23:00:00","BZN|DK1","0.00","n/e"," ","0.00"
"29/11/2017 23:00:00 - 30/11/2017 00:00:00","BZN|DK1","0.00","n/e"," ","0.00"
"30/11/2017 00:00:00 - 30/11/2017 01:00:00","BZN|DK1","0.00","n/e"," ","0.00"
"30/11/2017 01:00:00 - 30/11/2017 02:00:00","BZN|DK1","0.00","n/e"," ","0.00"
"30/11/2017 02:00:00 - 30/11/2017 03:00:00","BZN|DK1","0.00","n/e"," ","0.00"
"30/11/2017 03:00:00 - 30/11/2017 04:00:00","BZN|DK1","0.00","n/e"," ","0.00"
"30/11/2017 04:00:00 - 30/11/2017 05:00:00","BZN|DK1","0.00","n/e"," ","0.00"
"30/11/2017 05:00:00 - 30/11/2017 06:00:00","BZN|DK1","0.00","n/e"," ","0.00"
"30/11/2017 06:00:00 - 30/11/2017 07:00:00","BZN|DK1","0.00","n/e"," ","0.00"
"30/11/2017 07:00:00 - 30/11/2017 08:00:00","BZN|DK1","0.00","n/e"," ","0.03"
"30/11/2017 08:00:00 - 30/11/2017 09:00:00","BZN|DK1","3.00","n/e"," ","3.60"
"30/11/2017 09:00:00 - 30/11/2017 10:00:00","BZN|DK1","38.00","n/e"," ","29.48"
"30/11/2017 10:00:00 - 30/11/2017 11:00:00","BZN|DK1","78.00","n/e"," ","59.39"
"30/11/2017 11:00:00 - 30/11/2017 12:00:00","BZN|DK1","105.00","n/e"," ","82.12"
"30/11/2017 12:00:00 - 30/11/2017 13:00:00","BZN|DK1","115.00","n/e"," ","89.74"
"30/11/2017 13:00:00 - 30/11/2017 14:00:00","BZN|DK1","95.00","n/e"," ","73.81"
"30/11/2017 14:00:00 - 30/11/2017 15:00:00","BZN|DK1","55.00","n/e"," ","40.00"
"30/11/2017 15:00:00 - 30/11/2017 16:00:00","BZN|DK1","11.00","n/e"," ","10.12"
"30/11/2017 16:00:00 - 30/11/2017 17:00:00","BZN|DK1","0.00","n/e"," ","0.43"
"30/11/2017 17:00:00 - 30/11/2017 18:00:00","BZN|DK1","0.00","n/e"," ","0.00"
"30/11/2017 18:00:00 - 30/11/2017 19:00:00","BZN|DK1","0.00","n/e"," ","0.00"
"30/11/2017 19:00:00 - 30/11/2017 20:00:00","BZN|DK1","0.00","n/e"," ","0.00"
"30/11/2017 20:00:00 - 30/11/2017 21:00:00","BZN|DK1","0.00","n/e"," ","0.00"
"30/11/2017 21:00:00 - 30/11/2017 22:00:00","BZN|DK1","0.00","n/e"," ","0.00"
"30/11/2017 22:00:00 - 30/11/2017 23:00:00","BZN|DK1","0.00","n/e"," ","0.00"
"30/11/2017 23:00:00 - 01/12/2017 00:00:00","BZN|DK1","0.00","n/e"," ","0.00"
"01/12/2017 00:00:00 - 01/12/2017 01:00:00","BZN|DK1","0.00","n/e"," ","0.00"
"01/12/2017 01:00:00 - 01/12/2017 02:00:00","BZN|DK1","0.00","n/e"," ","0.00"
"01/12/2017 02:00:00 - 01/12/2017 03:00:00","BZN|DK1","0.00","n/e"," ","0.00"
"01/12/2017 03:00:00 - 01/12/2017 04:00:00","BZN|DK1","0.00","n/e"," ","0.00"
"01/12/2017 04:00:00 - 01/12/2017 05:00:00","BZN|DK1","0.00","n/e"," ","0.00"
"01/12/2017 05:00:00 - 01/12/2017 06:00:00","BZN|DK1","0.00","n/e"," ","0.00"
"01/12/2017 06:00:00 - 01/12/2017 07:00:00","BZN|DK1","0.00","n/e"," ","0.00"
"01/12/2017 07:00:00 - 01/12/2017 08:00:00","BZN|DK1","0.00","n/e"," ","0.01"
"01/12/2017 08:00:00 - 01/12/2017 09:00:00","BZN|DK1","1.00","n/e"," ","1.87"
"01/12/2017 09:00:00 - 01/12/2017 10:00:00","BZN|DK1","26.00","n/e"," ","20.83"
"01/12/2017 10:00:00 - 01/12/2017 11:00:00","BZN|DK1","66.00","n/e"," ","48.42"
"01/12/2017 11:00:00 - 01/12/2017 12:00:00","BZN|DK1","98.00","n/e"," ","76.39"
"01/12/2017 12:00:00 - 01/12/2017 13:00:00","BZN|DK1","111.00","n/e"," ","84.86"
"01/12/2017 13:00:00 - 01/12/2017 14:00:00","BZN|DK1","90.00","n/e"," ","67.47"
"01/12/2017 14:00:00 - 01/12/2017 15:00:00","BZN|DK1","51.00","n/e"," ","40.47"
"01/12/2017 15:00:00 - 01/12/2017 16:00:00","BZN|DK1","9.00","n/e"," ","11.46"
"01/12/2017 16:00:00 - 01/12/2017 17:00:00","BZN|DK1","0.00","n/e"," ","0.49"
"01/12/2017 17:00:00 - 01/12/2017 18:00:00","BZN|DK1","0.00","n/e"," ","0.00"
"01/12/2017 18:00:00 - 01/12/2017 19:00:00","BZN|DK1","0.00","n/e"," ","0.00"
"01/12/2017 19:00:00 - 01/12/2017 20:00:00","BZN|DK1","0.00","n/e"," ","0.00"
"01/12/2017 20:00:00 - 01/12/2017 21:00:00","BZN|DK1","0.00","n/e"," ","0.00"
"01/12/2017 21:00:00 - 01/12/2017 22:00:00","BZN|DK1","0.00","n/e"," ","0.00"
"01/12/2017 22:00:00 - 01/12/2017 23:00:00","BZN|DK1","0.00","n/e"," ","0.00"
"01/12/2017 23:00:00 - 02/12/2017 00:00:00","BZN|DK1","0.00","n/e"," ","0.00"
"02/12/2017 00:00:00 - 02/12/2017 01:00:00","BZN|DK1","0.00","n/e"," ","0.00"
"02/12/2017 01:00:00 - 02/12/2017 02:00:00","BZN|DK1","0.00","n/e"," ","0.00"
"02/12/2017 02:00:00 - 02/12/2017 03:00:00","BZN|DK1","0.00","n/e"," ","0.00"
"02/12/2017 03:00:00 - 02/12/2017 04:00:00","BZN|DK1","0.00","n/e"," ","0.00"
"02/12/2017 04:00:00 - 02/12/2017 05:00:00","BZN|DK1","0.00","n/e"," ","0.00"
"02/12/2017 05:00:00 - 02/12/2017 06:00:00","BZN|DK1","0.00","n/e"," ","0.00"
"02/12/2017 06:00:00 - 02/12/2017 07:00:00","BZN|DK1","0.00","n/e"," ","0.00"
"02/12/2017 07:00:00 - 02/12/2017 08:00:00","BZN|DK1","0.00","n/e"," ","0.03"
"02/12/2017 08:00:00 - 02/12/2017 09:00:00","BZN|DK1","1.00","n/e"," ","2.96"
"02/12/2017 09:00:00 - 02/12/2017 10:00:00","BZN|DK1","17.00","n/e"," ","28.19"
"02/12/2017 10:00:00 - 02/12/2017 11:00:00","BZN|DK1","38.00","n/e"," ","61.70"
"02/12/2017 11:00:00 - 02/12/2017 12:00:00","BZN|DK1","47.00","n/e"," ","80.36"
"02/12/2017 12:00:00 - 02/12/2017 13:00:00","BZN|DK1","42.00","n/e"," ","81.01"
"02/12/2017 13:00:00 - 02/12/2017 14:00:00","BZN|DK1","18.00","n/e"," ","64.91"
"02/12/2017 14:00:00 - 02/12/2017 15:00:00","BZN|DK1","7.00","n/e"," ","31.43"
"02/12/2017 15:00:00 - 02/12/2017 16:00:00","BZN|DK1","1.00","n/e"," ","5.79"
"02/12/2017 16:00:00 - 02/12/2017 17:00:00","BZN|DK1","0.00","n/e"," ","0.34"
"02/12/2017 17:00:00 - 02/12/2017 18:00:00","BZN|DK1","0.00","n/e"," ","0.00"
"02/12/2017 18:00:00 - 02/12/2017 19:00:00","BZN|DK1","0.00","n/e"," ","0.00"
"02/12/2017 19:00:00 - 02/12/2017 20:00:00","BZN|DK1","0.00","n/e"," ","0.01"
"02/12/2017 20:00:00 - 02/12/2017 21:00:00","BZN|DK1","0.00","n/e"," ","0.00"
"02/12/2017 21:00:00 - 02/12/2017 22:00:00","BZN|DK1","0.00","n/e"," ","0.00"
"02/12/2017 22:00:00 - 02/12/2017 23:00:00","BZN|DK1","0.00","n/e"," ","0.00"
"02/12/2017 23:00:00 - 03/12/2017 00:00:00","BZN|DK1","0.00","n/e"," ","0.00"
"03/12/2017 00:00:00 - 03/12/2017 01:00:00","BZN|DK1","0.00","n/e"," ","0.00"
"03/12/2017 01:00:00 - 03/12/2017 02:00:00","BZN|DK1","0.00","n/e"," ","0.00"
"03/12/2017 02:00:00 - 03/12/2017 03:00:00","BZN|DK1","0.00","n/e"," ","0.00"
"03/12/2017 03:00:00 - 03/12/2017 04:00:00","BZN|DK1","0.00","n/e"," ","0.00"
"03/12/2017 04:00:00 - 03/12/2017 05:00:00","BZN|DK1","0.00","n/e"," ","0.00"
"03/12/2017 05:00:00 - 03/12/2017 06:00:00","BZN|DK1","0.00","n/e"," ","0.01"
"03/12/2017 06:00:00 - 03/12/2017 07:00:00","BZN|DK1","0.00","n/e"," ","0.00"
"03/12/2017 07:00:00 - 03/12/2017 08:00:00","BZN|DK1","0.00","n/e"," ","0.01"
"03/12/2017 08:00:00 - 03/12/2017 09:00:00","BZN|DK1","0.00","n/e"," ","1.86"
"03/12/2017 09:00:00 - 03/12/2017 10:00:00","BZN|DK1","9.00","n/e"," ","28.24"
"03/12/2017 10:00:00 - 03/12/2017 11:00:00","BZN|DK1","34.00","n/e"," ","61.51"
"03/12/2017 11:00:00 - 03/12/2017 12:00:00","BZN|DK1","52.00","n/e"," ","91.62"
"03/12/2017 12:00:00 - 03/12/2017 13:00:00","BZN|DK1","59.00","n/e"," ","94.91"
"03/12/2017 13:00:00 - 03/12/2017 14:00:00","BZN|DK1","52.00","n/e"," ","77.65"
"03/12/2017 14:00:00 - 03/12/2017 15:00:00","BZN|DK1","29.00","n/e"," ","48.52"
"03/12/2017 15:00:00 - 03/12/2017 16:00:00","BZN|DK1","4.00","n/e"," ","12.38"
"03/12/2017 16:00:00 - 03/12/2017 17:00:00","BZN|DK1","0.00","n/e"," ","0.39"
"03/12/2017 17:00:00 - 03/12/2017 18:00:00","BZN|DK1","0.00","n/e"," ","0.00"
"03/12/2017 18:00:00 - 03/12/2017 19:00:00","BZN|DK1","0.00","n/e"," ","0.00"
"03/12/2017 19:00:00 - 03/12/2017 20:00:00","BZN|DK1","0.00","n/e"," ","0.00"
"03/12/2017 20:00:00 - 03/12/2017 21:00:00","BZN|DK1","0.00","n/e"," ","0.00"
"03/12/2017 21:00:00 - 03/12/2017 22:00:00","BZN|DK1","0.00","n/e"," ","0.00"
"03/12/2017 22:00:00 - 03/12/2017 23:00:00","BZN|DK1","0.00","n/e"," ","0.00"
"03/12/2017 23:00:00 - 04/12/2017 00:00:00","BZN|DK1","0.00","n/e"," ","0.00"
"04/12/2017 00:00:00 - 04/12/2017 01:00:00","BZN|DK1","0.00","n/e"," ","0.00"
"04/12/2017 01:00:00 - 04/12/2017 02:00:00","BZN|DK1","0.00","n/e"," ","0.00"
"04/12/2017 02:00:00 - 04/12/2017 03:00:00","BZN|DK1","0.00","n/e"," ","0.00"
"04/12/2017 03:00:00 - 04/12/2017 04:00:00","BZN|DK1","0.00","n/e"," ","0.00"
"04/12/2017 04:00:00 - 04/12/2017 05:00:00","BZN|DK1","0.00","n/e"," ","0.00"
"04/12/2017 05:00:00 - 04/12/2017 06:00:00","BZN|DK1","0.00","n/e"," ","0.00"
"04/12/2017 06:00:00 - 04/12/2017 07:00:00","BZN|DK1","0.00","n/e"," ","0.00"
"04/12/2017 07:00:00 - 04/12/2017 08:00:00","BZN|DK1","0.00","n/e"," ","0.03"
"04/12/2017 08:00:00 - 04/12/2017 09:00:00","BZN|DK1","2.00","n/e"," ","3.42"
"04/12/2017 09:00:00 - 04/12/2017 10:00:00","BZN|DK1","31.00","n/e"," ","41.28"
"04/12/2017 10:00:00 - 04/12/2017 11:00:00","BZN|DK1","93.00","n/e"," ","96.61"
"04/12/2017 11:00:00 - 04/12/2017 12:00:00","BZN|DK1","136.00","n/e"," ","140.47"
"04/12/2017 12:00:00 - 04/12/2017 13:00:00","BZN|DK1","148.00","n/e"," ","152.15"
"04/12/2017 13:00:00 - 04/12/2017 14:00:00","BZN|DK1","113.00","n/e"," ","115.45"
"04/12/2017 14:00:00 - 04/12/2017 15:00:00","BZN|DK1","62.00","n/e"," ","61.18"
"04/12/2017 15:00:00 - 04/12/2017 16:00:00","BZN|DK1","10.00","n/e"," ","16.73"
"04/12/2017 16:00:00 - 04/12/2017 17:00:00","BZN|DK1","0.00","n/e"," ","0.47"
"04/12/2017 17:00:00 - 04/12/2017 18:00:00","BZN|DK1","0.00","n/e"," ","0.00"
"04/12/2017 18:00:00 - 04/12/2017 19:00:00","BZN|DK1","0.00","n/e"," ","0.00"
"04/12/2017 19:00:00 - 04/12/2017 20:00:00","BZN|DK1","0.00","n/e"," ","0.00"
"04/12/2017 20:00:00 - 04/12/2017 21:00:00","BZN|DK1","0.00","n/e"," ","0.00"
"04/12/2017 21:00:00 - 04/12/2017 22:00:00","BZN|DK1","0.00","n/e"," ","0.00"
"04/12/2017 22:00:00 - 04/12/2017 23:00:00","BZN|DK1","0.00","n/e"," ","0.00"
"04/12/2017 23:00:00 - 05/12/2017 00:00:00","BZN|DK1","0.00","n/e"," ","0.00"
"05/12/2017 00:00:00 - 05/12/2017 01:00:00","BZN|DK1","0.00","n/e"," ","0.00"
"05/12/2017 01:00:00 - 05/12/2017 02:00:00","BZN|DK1","0.00","n/e"," ","0.00"
"05/12/2017 02:00:00 - 05/12/2017 03:00:00","BZN|DK1","0.00","n/e"," ","0.00"
"05/12/2017 03:00:00 - 05/12/2017 04:00:00","BZN|DK1","0.00","n/e"," ","0.00"
"05/12/2017 04:00:00 - 05/12/2017 05:00:00","BZN|DK1","0.00","n/e"," ","0.00"
"05/12/2017 05:00:00 - 05/12/2017 06:00:00","BZN|DK1","0.00","n/e"," ","0.00"
"05/12/2017 06:00:00 - 05/12/2017 07:00:00","BZN|DK1","0.00","n/e"," ","0.00"
"05/12/2017 07:00:00 - 05/12/2017 08:00:00","BZN|DK1","0.00","n/e"," ","0.01"
"05/12/2017 08:00:00 - 05/12/2017 09:00:00","BZN|DK1","0.00","n/e"," ","1.07"
"05/12/2017 09:00:00 - 05/12/2017 10:00:00","BZN|DK1","4.00","n/e"," ","15.71"
"05/12/2017 10:00:00 - 05/12/2017 11:00:00","BZN|DK1","21.00","n/e"," ","27.93"
"05/12/2017 11:00:00 - 05/12/2017 12:00:00","BZN|DK1","39.00","n/e"," ","35.51"
"05/12/2017 12:00:00 - 05/12/2017 13:00:00","BZN|DK1","44.00","n/e"," ","39.57"
"05/12/2017 13:00:00 - 05/12/2017 14:00:00","BZN|DK1","33.00","n/e"," ","36.93"
"05/12/2017 14:00:00 - 05/12/2017 15:00:00","BZN|DK1","16.00","n/e"," ","22.82"
"05/12/2017 15:00:00 - 05/12/2017 16:00:00","BZN|DK1","1.00","n/e"," ","7.08"
"05/12/2017 16:00:00 - 05/12/2017 17:00:00","BZN|DK1","0.00","n/e"," ","0.38"
"05/12/2017 17:00:00 - 05/12/2017 18:00:00","BZN|DK1","0.00","n/e"," ","0.00"
"05/12/2017 18:00:00 - 05/12/2017 19:00:00","BZN|DK1","0.00","n/e"," ","0.01"
"05/12/2017 19:00:00 - 05/12/2017 20:00:00","BZN|DK1","0.00","n/e"," ","0.01"
"05/12/2017 20:00:00 - 05/12/2017 21:00:00","BZN|DK1","0.00","n/e"," ","0.00"
"05/12/2017 21:00:00 - 05/12/2017 22:00:00","BZN|DK1","0.00","n/e"," ","0.00"
"05/12/2017 22:00:00 - 05/12/2017 23:00:00","BZN|DK1","0.00","n/e"," ","0.00"
"05/12/2017 23:00:00 - 06/12/2017 00:00:00","BZN|DK1","0.00","n/e"," ","0.00"
"06/12/2017 00:00:00 - 06/12/2017 01:00:00","BZN|DK1","0.00","n/e"," ","0.00"
"06/12/2017 01:00:00 - 06/12/2017 02:00:00","BZN|DK1","0.00","n/e"," ","0.00"
"06/12/2017 02:00:00 - 06/12/2017 03:00:00","BZN|DK1","0.00","n/e"," ","0.00"
"06/12/2017 03:00:00 - 06/12/2017 04:00:00","BZN|DK1","0.00","n/e"," ","0.00"
"06/12/2017 04:00:00 - 06/12/2017 05:00:00","BZN|DK1","0.00","n/e"," ","0.00"
"06/12/2017 05:00:00 - 06/12/2017 06:00:00","BZN|DK1","0.00","n/e"," ","0.00"
"06/12/2017 06:00:00 - 06/12/2017 07:00:00","BZN|DK1","0.00","n/e"," ","0.00"
"06/12/2017 07:00:00 - 06/12/2017 08:00:00","BZN|DK1","0.00","n/e"," ","0.00"
"06/12/2017 08:00:00 - 06/12/2017 09:00:00","BZN|DK1","0.00","n/e"," ","0.36"
"06/12/2017 09:00:00 - 06/12/2017 10:00:00","BZN|DK1","2.00","n/e"," ","3.60"
"06/12/2017 10:00:00 - 06/12/2017 11:00:00","BZN|DK1","7.00","n/e"," ","10.86"
"06/12/2017 11:00:00 - 06/12/2017 12:00:00","BZN|DK1","10.00","n/e"," ","17.57"
"06/12/2017 12:00:00 - 06/12/2017 13:00:00","BZN|DK1","11.00","n/e"," ","20.06"
"06/12/2017 13:00:00 - 06/12/2017 14:00:00","BZN|DK1","9.00","n/e"," ","15.70"
"06/12/2017 14:00:00 - 06/12/2017 15:00:00","BZN|DK1","4.00","n/e"," ","8.38"
"06/12/2017 15:00:00 - 06/12/2017 16:00:00","BZN|DK1","0.00","n/e"," ","2.12"
"06/12/2017 16:00:00 - 06/12/2017 17:00:00","BZN|DK1","0.00","n/e"," ","0.24"
"06/12/2017 17:00:00 - 06/12/2017 18:00:00","BZN|DK1","0.00","n/e"," ","0.00"
"06/12/2017 18:00:00 - 06/12/2017 19:00:00","BZN|DK1","0.00","n/e"," ","0.00"
"06/12/2017 19:00:00 - 06/12/2017 20:00:00","BZN|DK1","0.00","n/e"," ","0.00"
"06/12/2017 20:00:00 - 06/12/2017 21:00:00","BZN|DK1","0.00","n/e"," ","0.01"
"06/12/2017 21:00:00 - 06/12/2017 22:00:00","BZN|DK1","0.00","n/e"," ","0.00"
"06/12/2017 22:00:00 - 06/12/2017 23:00:00","BZN|DK1","0.00","n/e"," ","0.00"
"06/12/2017 23:00:00 - 07/12/2017 00:00:00","BZN|DK1","0.00","n/e"," ","0.00"
"07/12/2017 00:00:00 - 07/12/2017 01:00:00","BZN|DK1","0.00","n/e"," ","0.00"
"07/12/2017 01:00:00 - 07/12/2017 02:00:00","BZN|DK1","0.00","n/e"," ","0.00"
"07/12/2017 02:00:00 - 07/12/2017 03:00:00","BZN|DK1","0.00","n/e"," ","0.00"
"07/12/2017 03:00:00 - 07/12/2017 04:00:00","BZN|DK1","0.00","n/e"," ","0.00"
"07/12/2017 04:00:00 - 07/12/2017 05:00:00","BZN|DK1","0.00","n/e"," ","0.00"
"07/12/2017 05:00:00 - 07/12/2017 06:00:00","BZN|DK1","0.00","n/e"," ","0.00"
"07/12/2017 06:00:00 - 07/12/2017 07:00:00","BZN|DK1","0.00","n/e"," ","0.00"
"07/12/2017 07:00:00 - 07/12/2017 08:00:00","BZN|DK1","0.00","n/e"," ","0.00"
"07/12/2017 08:00:00 - 07/12/2017 09:00:00","BZN|DK1","0.00","n/e"," ","0.36"
"07/12/2017 09:00:00 - 07/12/2017 10:00:00","BZN|DK1","2.00","n/e"," ","1.75"
"07/12/2017 10:00:00 - 07/12/2017 11:00:00","BZN|DK1","7.00","n/e"," ","5.17"
"07/12/2017 11:00:00 - 07/12/2017 12:00:00","BZN|DK1","10.00","n/e"," ","9.63"
"07/12/2017 12:00:00 - 07/12/2017 13:00:00","BZN|DK1","11.00","n/e"," ","11.72"
"07/12/2017 13:00:00 - 07/12/2017 14:00:00","BZN|DK1","9.00","n/e"," ","10.94"
"07/12/2017 14:00:00 - 07/12/2017 15:00:00","BZN|DK1","4.00","n/e"," ","4.50"
"07/12/2017 15:00:00 - 07/12/2017 16:00:00","BZN|DK1","0.00","n/e"," ","1.14"
"07/12/2017 16:00:00 - 07/12/2017 17:00:00","BZN|DK1","0.00","n/e"," ","0.14"
"07/12/2017 17:00:00 - 07/12/2017 18:00:00","BZN|DK1","0.00","n/e"," ","0.00"
"07/12/2017 18:00:00 - 07/12/2017 19:00:00","BZN|DK1","0.00","n/e"," ","0.00"
"07/12/2017 19:00:00 - 07/12/2017 20:00:00","BZN|DK1","0.00","n/e"," ","0.00"
"07/12/2017 20:00:00 - 07/12/2017 21:00:00","BZN|DK1","0.00","n/e"," ","0.00"
"07/12/2017 21:00:00 - 07/12/2017 22:00:00","BZN|DK1","0.00","n/e"," ","0.00"
"07/12/2017 22:00:00 - 07/12/2017 23:00:00","BZN|DK1","0.00","n/e"," ","0.00"
"07/12/2017 23:00:00 - 08/12/2017 00:00:00","BZN|DK1","0.00","n/e"," ","0.00"
"08/12/2017 00:00:00 - 08/12/2017 01:00:00","BZN|DK1","0.00","n/e"," ","0.00"
"08/12/2017 01:00:00 - 08/12/2017 02:00:00","BZN|DK1","0.00","n/e"," ","0.00"
"08/12/2017 02:00:00 - 08/12/2017 03:00:00","BZN|DK1","0.00","n/e"," ","0.00"
"08/12/2017 03:00:00 - 08/12/2017 04:00:00","BZN|DK1","0.00","n/e"," ","0.00"
"08/12/2017 04:00:00 - 08/12/2017 05:00:00","BZN|DK1","0.00","n/e"," ","0.00"
"08/12/2017 05:00:00 - 08/12/2017 06:00:00","BZN|DK1","0.00","n/e"," ","0.00"
"08/12/2017 06:00:00 - 08/12/2017 07:00:00","BZN|DK1","0.00","n/e"," ","0.00"
"08/12/2017 07:00:00 - 08/12/2017 08:00:00","BZN|DK1","0.00","n/e"," ","0.00"
"08/12/2017 08:00:00 - 08/12/2017 09:00:00","BZN|DK1","1.00","n/e"," ","1.07"
"08/12/2017 09:00:00 - 08/12/2017 10:00:00","BZN|DK1","16.00","n/e"," ","21.28"
"08/12/2017 10:00:00 - 08/12/2017 11:00:00","BZN|DK1","52.00","n/e"," ","53.37"
"08/12/2017 11:00:00 - 08/12/2017 12:00:00","BZN|DK1","84.00","n/e"," ","76.59"
"08/12/2017 12:00:00 - 08/12/2017 13:00:00","BZN|DK1","97.00","n/e"," ","91.25"
"08/12/2017 13:00:00 - 08/12/2017 14:00:00","BZN|DK1","70.00","n/e"," ","74.10"
"08/12/2017 14:00:00 - 08/12/2017 15:00:00","BZN|DK1","38.00","n/e"," ","43.03"
"08/12/2017 15:00:00 - 08/12/2017 16:00:00","BZN|DK1","6.00","n/e"," ","9.37"
"08/12/2017 16:00:00 - 08/12/2017 17:00:00","BZN|DK1","0.00","n/e"," ","0.34"
"08/12/2017 17:00:00 - 08/12/2017 18:00:00","BZN|DK1","0.00","n/e"," ","0.00"
"08/12/2017 18:00:00 - 08/12/2017 19:00:00","BZN|DK1","0.00","n/e"," ","0.00"
"08/12/2017 19:00:00 - 08/12/2017 20:00:00","BZN|DK1","0.00","n/e"," ","0.00"
"08/12/2017 20:00:00 - 08/12/2017 21:00:00","BZN|DK1","0.00","n/e"," ","0.00"
"08/12/2017 21:00:00 - 08/12/2017 22:00:00","BZN|DK1","0.00","n/e"," ","0.00"
"08/12/2017 22:00:00 - 08/12/2017 23:00:00","BZN|DK1","0.00","n/e"," ","0.00"
"08/12/2017 23:00:00 - 09/12/2017 00:00:00","BZN|DK1","0.00","n/e"," ","0.00"
"09/12/2017 00:00:00 - 09/12/2017 01:00:00","BZN|DK1","0.00","n/e"," ","0.00"
"09/12/2017 01:00:00 - 09/12/2017 02:00:00","BZN|DK1","0.00","n/e"," ","0.00"
"09/12/2017 02:00:00 - 09/12/2017 03:00:00","BZN|DK1","0.00","n/e"," ","0.00"
"09/12/2017 03:00:00 - 09/12/2017 04:00:00","BZN|DK1","0.00","n/e"," ","0.00"
"09/12/2017 04:00:00 - 09/12/2017 05:00:00","BZN|DK1","0.00","n/e"," ","0.00"
"09/12/2017 05:00:00 - 09/12/2017 06:00:00","BZN|DK1","0.00","n/e"," ","0.00"
"09/12/2017 06:00:00 - 09/12/2017 07:00:00","BZN|DK1","0.00","n/e"," ","0.00"
"09/12/2017 07:00:00 - 09/12/2017 08:00:00","BZN|DK1","0.00","n/e"," ","0.00"
"09/12/2017 08:00:00 - 09/12/2017 09:00:00","BZN|DK1","1.00","n/e"," ","0.97"
"09/12/2017 09:00:00 - 09/12/2017 10:00:00","BZN|DK1","26.00","n/e"," ","17.37"
"09/12/2017 10:00:00 - 09/12/2017 11:00:00","BZN|DK1","75.00","n/e"," ","55.97"
"09/12/2017 11:00:00 - 09/12/2017 12:00:00","BZN|DK1","106.00","n/e"," ","83.51"
"09/12/2017 12:00:00 - 09/12/2017 13:00:00","BZN|DK1","114.00","n/e"," ","83.36"
"09/12/2017 13:00:00 - 09/12/2017 14:00:00","BZN|DK1","87.00","n/e"," ","60.75"
"09/12/2017 14:00:00 - 09/12/2017 15:00:00","BZN|DK1","44.00","n/e"," ","37.86"
"09/12/2017 15:00:00 - 09/12/2017 16:00:00","BZN|DK1","7.00","n/e"," ","7.58"
"09/12/2017 16:00:00 - 09/12/2017 17:00:00","BZN|DK1","0.00","n/e"," ","0.35"
"09/12/2017 17:00:00 - 09/12/2017 18:00:00","BZN|DK1","0.00","n/e"," ","0.00"
"09/12/2017 18:00:00 - 09/12/2017 19:00:00","BZN|DK1","0.00","n/e"," ","0.00"
"09/12/2017 19:00:00 - 09/12/2017 20:00:00","BZN|DK1","0.00","n/e"," ","0.00"
"09/12/2017 20:00:00 - 09/12/2017 21:00:00","BZN|DK1","0.00","n/e"," ","0.00"
"09/12/2017 21:00:00 - 09/12/2017 22:00:00","BZN|DK1","0.00","n/e"," ","0.00"
"09/12/2017 22:00:00 - 09/12/2017 23:00:00","BZN|DK1","0.00","n/e"," ","0.00"
"09/12/2017 23:00:00 - 10/12/2017 00:00:00","BZN|DK1","0.00","n/e"," ","0.00"
"10/12/2017 00:00:00 - 10/12/2017 01:00:00","BZN|DK1","0.00","n/e"," ","0.00"
"10/12/2017 01:00:00 - 10/12/2017 02:00:00","BZN|DK1","0.00","n/e"," ","0.00"
"10/12/2017 02:00:00 - 10/12/2017 03:00:00","BZN|DK1","0.00","n/e"," ","0.00"
"10/12/2017 03:00:00 - 10/12/2017 04:00:00","BZN|DK1","0.00","n/e"," ","0.00"
"10/12/2017 04:00:00 - 10/12/2017 05:00:00","BZN|DK1","0.00","n/e"," ","0.00"
"10/12/2017 05:00:00 - 10/12/2017 06:00:00","BZN|DK1","0.00","n/e"," ","0.00"
"10/12/2017 06:00:00 - 10/12/2017 07:00:00","BZN|DK1","0.00","n/e"," ","0.00"
"10/12/2017 07:00:00 - 10/12/2017 08:00:00","BZN|DK1","0.00","n/e"," ","0.00"
"10/12/2017 08:00:00 - 10/12/2017 09:00:00","BZN|DK1","1.00","n/e"," ","0.38"
"10/12/2017 09:00:00 - 10/12/2017 10:00:00","BZN|DK1","15.00","n/e"," ","4.22"
"10/12/2017 10:00:00 - 10/12/2017 11:00:00","BZN|DK1","50.00","n/e"," ","10.76"
"10/12/2017 11:00:00 - 10/12/2017 12:00:00","BZN|DK1","73.00","n/e"," ","15.52"
"10/12/2017 12:00:00 - 10/12/2017 13:00:00","BZN|DK1","79.00","n/e"," ","14.67"
"10/12/2017 13:00:00 - 10/12/2017 14:00:00","BZN|DK1","54.00","n/e"," ","11.93"
"10/12/2017 14:00:00 - 10/12/2017 15:00:00","BZN|DK1","27.00","n/e"," ","6.03"
"10/12/2017 15:00:00 - 10/12/2017 16:00:00","BZN|DK1","4.00","n/e"," ","1.77"
"10/12/2017 16:00:00 - 10/12/2017 17:00:00","BZN|DK1","0.00","n/e"," ","0.18"
"10/12/2017 17:00:00 - 10/12/2017 18:00:00","BZN|DK1","0.00","n/e"," ","0.00"
"10/12/2017 18:00:00 - 10/12/2017 19:00:00","BZN|DK1","0.00","n/e"," ","0.00"
"10/12/2017 19:00:00 - 10/12/2017 20:00:00","BZN|DK1","0.00","n/e"," ","0.00"
"10/12/2017 20:00:00 - 10/12/2017 21:00:00","BZN|DK1","0.00","n/e"," ","0.00"
"10/12/2017 21:00:00 - 10/12/2017 22:00:00","BZN|DK1","0.00","n/e"," ","0.00"
"10/12/2017 22:00:00 - 10/12/2017 23:00:00","BZN|DK1","0.00","n/e"," ","0.00"
"10/12/2017 23:00:00 - 11/12/2017 00:00:00","BZN|DK1","0.00","n/e"," ","0.00"
"11/12/2017 00:00:00 - 11/12/2017 01:00:00","BZN|DK1","0.00","n/e"," ","0.00"
"11/12/2017 01:00:00 - 11/12/2017 02:00:00","BZN|DK1","0.00","n/e"," ","0.00"
"11/12/2017 02:00:00 - 11/12/2017 03:00:00","BZN|DK1","0.00","n/e"," ","0.00"
"11/12/2017 03:00:00 - 11/12/2017 04:00:00","BZN|DK1","0.00","n/e"," ","0.00"
"11/12/2017 04:00:00 - 11/12/2017 05:00:00","BZN|DK1","0.00","n/e"," ","0.00"
"11/12/2017 05:00:00 - 11/12/2017 06:00:00","BZN|DK1","0.00","n/e"," ","0.00"
"11/12/2017 06:00:00 - 11/12/2017 07:00:00","BZN|DK1","0.00","n/e"," ","0.00"
"11/12/2017 07:00:00 - 11/12/2017 08:00:00","BZN|DK1","0.00","n/e"," ","0.00"
"11/12/2017 08:00:00 - 11/12/2017 09:00:00","BZN|DK1","1.00","n/e"," ","0.50"
"11/12/2017 09:00:00 - 11/12/2017 10:00:00","BZN|DK1","24.00","n/e"," ","5.97"
"11/12/2017 10:00:00 - 11/12/2017 11:00:00","BZN|DK1","68.00","n/e"," ","12.62"
"11/12/2017 11:00:00 - 11/12/2017 12:00:00","BZN|DK1","98.00","n/e"," ","17.99"
"11/12/2017 12:00:00 - 11/12/2017 13:00:00","BZN|DK1","105.00","n/e"," ","19.65"
"11/12/2017 13:00:00 - 11/12/2017 14:00:00","BZN|DK1","70.00","n/e"," ","14.97"
"11/12/2017 14:00:00 - 11/12/2017 15:00:00","BZN|DK1","37.00","n/e"," ","7.02"
"11/12/2017 15:00:00 - 11/12/2017 16:00:00","BZN|DK1","6.00","n/e"," ","1.63"
"11/12/2017 16:00:00 - 11/12/2017 17:00:00","BZN|DK1","0.00","n/e"," ","0.15"
"11/12/2017 17:00:00 - 11/12/2017 18:00:00","BZN|DK1","0.00","n/e"," ","0.00"
"11/12/2017 18:00:00 - 11/12/2017 19:00:00","BZN|DK1","0.00","n/e"," ","0.00"
"11/12/2017 19:00:00 - 11/12/2017 20:00:00","BZN|DK1","0.00","n/e"," ","0.00"
"11/12/2017 20:00:00 - 11/12/2017 21:00:00","BZN|DK1","0.00","n/e"," ","0.00"
"11/12/2017 21:00:00 - 11/12/2017 22:00:00","BZN|DK1","0.00","n/e"," ","0.00"
"11/12/2017 22:00:00 - 11/12/2017 23:00:00","BZN|DK1","0.00","n/e"," ","0.00"
"11/12/2017 23:00:00 - 12/12/2017 00:00:00","BZN|DK1","0.00","n/e"," ","0.00"
"12/12/2017 00:00:00 - 12/12/2017 01:00:00","BZN|DK1","0.00","n/e"," ","0.00"
"12/12/2017 01:00:00 - 12/12/2017 02:00:00","BZN|DK1","0.00","n/e"," ","0.00"
"12/12/2017 02:00:00 - 12/12/2017 03:00:00","BZN|DK1","0.00","n/e"," ","0.00"
"12/12/2017 03:00:00 - 12/12/2017 04:00:00","BZN|DK1","0.00","n/e"," ","0.00"
"12/12/2017 04:00:00 - 12/12/2017 05:00:00","BZN|DK1","0.00","n/e"," ","0.00"
"12/12/2017 05:00:00 - 12/12/2017 06:00:00","BZN|DK1","0.00","n/e"," ","0.00"
"12/12/2017 06:00:00 - 12/12/2017 07:00:00","BZN|DK1","0.00","n/e"," ","0.00"
"12/12/2017 07:00:00 - 12/12/2017 08:00:00","BZN|DK1","0.00","n/e"," ","0.00"
"12/12/2017 08:00:00 - 12/12/2017 09:00:00","BZN|DK1","1.00","n/e"," ","0.42"
"12/12/2017 09:00:00 - 12/12/2017 10:00:00","BZN|DK1","14.00","n/e"," ","4.43"
"12/12/2017 10:00:00 - 12/12/2017 11:00:00","BZN|DK1","56.00","n/e"," ","15.29"
"12/12/2017 11:00:00 - 12/12/2017 12:00:00","BZN|DK1","88.00","n/e"," ","28.72"
"12/12/2017 12:00:00 - 12/12/2017 13:00:00","BZN|DK1","98.00","n/e"," ","51.01"
"12/12/2017 13:00:00 - 12/12/2017 14:00:00","BZN|DK1","74.00","n/e"," ","53.81"
"12/12/2017 14:00:00 - 12/12/2017 15:00:00","BZN|DK1","41.00","n/e"," ","33.93"
"12/12/2017 15:00:00 - 12/12/2017 16:00:00","BZN|DK1","7.00","n/e"," ","9.30"
"12/12/2017 16:00:00 - 12/12/2017 17:00:00","BZN|DK1","0.00","n/e"," ","0.46"
"12/12/2017 17:00:00 - 12/12/2017 18:00:00","BZN|DK1","0.00","n/e"," ","0.00"
"12/12/2017 18:00:00 - 12/12/2017 19:00:00","BZN|DK1","0.00","n/e"," ","0.00"
"12/12/2017 19:00:00 - 12/12/2017 20:00:00","BZN|DK1","0.00","n/e"," ","0.00"
"12/12/2017 20:00:00 - 12/12/2017 21:00:00","BZN|DK1","0.00","n/e"," ","0.00"
"12/12/2017 21:00:00 - 12/12/2017 22:00:00","BZN|DK1","0.00","n/e"," ","0.00"
"12/12/2017 22:00:00 - 12/12/2017 23:00:00","BZN|DK1","0.00","n/e"," ","0.00"
"12/12/2017 23:00:00 - 13/12/2017 00:00:00","BZN|DK1","0.00","n/e"," ","0.00"
"13/12/2017 00:00:00 - 13/12/2017 01:00:00","BZN|DK1","0.00","n/e"," ","0.00"
"13/12/2017 01:00:00 - 13/12/2017 02:00:00","BZN|DK1","0.00","n/e"," ","0.00"
"13/12/2017 02:00:00 - 13/12/2017 03:00:00","BZN|DK1","0.00","n/e"," ","0.00"
"13/12/2017 03:00:00 - 13/12/2017 04:00:00","BZN|DK1","0.00","n/e"," ","0.00"
"13/12/2017 04:00:00 - 13/12/2017 05:00:00","BZN|DK1","0.00","n/e"," ","0.00"
"13/12/2017 05:00:00 - 13/12/2017 06:00:00","BZN|DK1","0.00","n/e"," ","0.00"
"13/12/2017 06:00:00 - 13/12/2017 07:00:00","BZN|DK1","0.00","n/e"," ","0.00"
"13/12/2017 07:00:00 - 13/12/2017 08:00:00","BZN|DK1","0.00","n/e"," ","0.01"
"13/12/2017 08:00:00 - 13/12/2017 09:00:00","BZN|DK1","0.00","n/e"," ","0.48"
"13/12/2017 09:00:00 - 13/12/2017 10:00:00","BZN|DK1","1.00","n/e"," ","3.51"
"13/12/2017 10:00:00 - 13/12/2017 11:00:00","BZN|DK1","6.00","n/e"," ","10.73"
"13/12/2017 11:00:00 - 13/12/2017 12:00:00","BZN|DK1","10.00","n/e"," ","11.70"
"13/12/2017 12:00:00 - 13/12/2017 13:00:00","BZN|DK1","11.00","n/e"," ","10.56"
"13/12/2017 13:00:00 - 13/12/2017 14:00:00","BZN|DK1","9.00","n/e"," ","9.25"
"13/12/2017 14:00:00 - 13/12/2017 15:00:00","BZN|DK1","4.00","n/e"," ","5.84"
"13/12/2017 15:00:00 - 13/12/2017 16:00:00","BZN|DK1","0.00","n/e"," ","1.46"
"13/12/2017 16:00:00 - 13/12/2017 17:00:00","BZN|DK1","0.00","n/e"," ","0.18"
"13/12/2017 17:00:00 - 13/12/2017 18:00:00","BZN|DK1","0.00","n/e"," ","0.00"
"13/12/2017 18:00:00 - 13/12/2017 19:00:00","BZN|DK1","0.00","n/e"," ","0.00"
"13/12/2017 19:00:00 - 13/12/2017 20:00:00","BZN|DK1","0.00","n/e"," ","0.00"
"13/12/2017 20:00:00 - 13/12/2017 21:00:00","BZN|DK1","0.00","n/e"," ","0.00"
"13/12/2017 21:00:00 - 13/12/2017 22:00:00","BZN|DK1","0.00","n/e"," ","0.00"
"13/12/2017 22:00:00 - 13/12/2017 23:00:00","BZN|DK1","0.00","n/e"," ","0.00"
"13/12/2017 23:00:00 - 14/12/2017 00:00:00","BZN|DK1","0.00","n/e"," ","0.00"
"14/12/2017 00:00:00 - 14/12/2017 01:00:00","BZN|DK1","0.00","n/e"," ","0.00"
"14/12/2017 01:00:00 - 14/12/2017 02:00:00","BZN|DK1","0.00","n/e"," ","0.00"
"14/12/2017 02:00:00 - 14/12/2017 03:00:00","BZN|DK1","0.00","n/e"," ","0.00"
"14/12/2017 03:00:00 - 14/12/2017 04:00:00","BZN|DK1","0.00","n/e"," ","0.00"
"14/12/2017 04:00:00 - 14/12/2017 05:00:00","BZN|DK1","0.00","n/e"," ","0.00"
"14/12/2017 05:00:00 - 14/12/2017 06:00:00","BZN|DK1","0.00","n/e"," ","0.00"
"14/12/2017 06:00:00 - 14/12/2017 07:00:00","BZN|DK1","0.00","n/e"," ","0.00"
"14/12/2017 07:00:00 - 14/12/2017 08:00:00","BZN|DK1","0.00","n/e"," ","0.00"
"14/12/2017 08:00:00 - 14/12/2017 09:00:00","BZN|DK1","0.00","n/e"," ","0.52"
"14/12/2017 09:00:00 - 14/12/2017 10:00:00","BZN|DK1","9.00","n/e"," ","8.17"
"14/12/2017 10:00:00 - 14/12/2017 11:00:00","BZN|DK1","32.00","n/e"," ","29.34"
"14/12/2017 11:00:00 - 14/12/2017 12:00:00","BZN|DK1","47.00","n/e"," ","39.80"
"14/12/2017 12:00:00 - 14/12/2017 13:00:00","BZN|DK1","51.00","n/e"," ","39.88"
"14/12/2017 13:00:00 - 14/12/2017 14:00:00","BZN|DK1","42.00","n/e"," ","35.74"
"14/12/2017 14:00:00 - 14/12/2017 15:00:00","BZN|DK1","25.00","n/e"," ","19.55"
"14/12/2017 15:00:00 - 14/12/2017 16:00:00","BZN|DK1","4.00","n/e"," ","4.97"
"14/12/2017 16:00:00 - 14/12/2017 17:00:00","BZN|DK1","0.00","n/e"," ","0.25"
"14/12/2017 17:00:00 - 14/12/2017 18:00:00","BZN|DK1","0.00","n/e"," ","0.00"
"14/12/2017 18:00:00 - 14/12/2017 19:00:00","BZN|DK1","0.00","n/e"," ","0.00"
"14/12/2017 19:00:00 - 14/12/2017 20:00:00","BZN|DK1","0.00","n/e"," ","0.00"
"14/12/2017 20:00:00 - 14/12/2017 21:00:00","BZN|DK1","0.00","n/e"," ","0.00"
"14/12/2017 21:00:00 - 14/12/2017 22:00:00","BZN|DK1","0.00","n/e"," ","0.00"
"14/12/2017 22:00:00 - 14/12/2017 23:00:00","BZN|DK1","0.00","n/e"," ","0.00"
"14/12/2017 23:00:00 - 15/12/2017 00:00:00","BZN|DK1","0.00","n/e"," ","0.00"
"15/12/2017 00:00:00 - 15/12/2017 01:00:00","BZN|DK1","0.00","n/e"," ","0.00"
"15/12/2017 01:00:00 - 15/12/2017 02:00:00","BZN|DK1","0.00","n/e"," ","0.00"
"15/12/2017 02:00:00 - 15/12/2017 03:00:00","BZN|DK1","0.00","n/e"," ","0.00"
"15/12/2017 03:00:00 - 15/12/2017 04:00:00","BZN|DK1","0.00","n/e"," ","0.00"
"15/12/2017 04:00:00 - 15/12/2017 05:00:00","BZN|DK1","0.00","n/e"," ","0.00"
"15/12/2017 05:00:00 - 15/12/2017 06:00:00","BZN|DK1","0.00","n/e"," ","0.00"
"15/12/2017 06:00:00 - 15/12/2017 07:00:00","BZN|DK1","0.00","n/e"," ","0.00"
"15/12/2017 07:00:00 - 15/12/2017 08:00:00","BZN|DK1","0.00","n/e"," ","0.00"
"15/12/2017 08:00:00 - 15/12/2017 09:00:00","BZN|DK1","0.00","n/e"," ","0.53"
"15/12/2017 09:00:00 - 15/12/2017 10:00:00","BZN|DK1","9.00","n/e"," ","9.17"
"15/12/2017 10:00:00 - 15/12/2017 11:00:00","BZN|DK1","38.00","n/e"," ","28.03"
"15/12/2017 11:00:00 - 15/12/2017 12:00:00","BZN|DK1","64.00","n/e"," ","41.93"
"15/12/2017 12:00:00 - 15/12/2017 13:00:00","BZN|DK1","71.00","n/e"," ","50.26"
"15/12/2017 13:00:00 - 15/12/2017 14:00:00","BZN|DK1","55.00","n/e"," ","43.21"
"15/12/2017 14:00:00 - 15/12/2017 15:00:00","BZN|DK1","31.00","n/e"," ","25.00"
"15/12/2017 15:00:00 - 15/12/2017 16:00:00","BZN|DK1","5.00","n/e"," ","6.06"
"15/12/2017 16:00:00 - 15/12/2017 17:00:00","BZN|DK1","0.00","n/e"," ","0.34"
"15/12/2017 17:00:00 - 15/12/2017 18:00:00","BZN|DK1","0.00","n/e"," ","0.00"
"15/12/2017 18:00:00 - 15/12/2017 19:00:00","BZN|DK1","0.00","n/e"," ","0.00"
"15/12/2017 19:00:00 - 15/12/2017 20:00:00","BZN|DK1","0.00","n/e"," ","0.00"
"15/12/2017 20:00:00 - 15/12/2017 21:00:00","BZN|DK1","0.00","n/e"," ","0.00"
"15/12/2017 21:00:00 - 15/12/2017 22:00:00","BZN|DK1","0.00","n/e"," ","0.00"
"15/12/2017 22:00:00 - 15/12/2017 23:00:00","BZN|DK1","0.00","n/e"," ","0.00"
"15/12/2017 23:00:00 - 16/12/2017 00:00:00","BZN|DK1","0.00","n/e"," ","0.00"
"16/12/2017 00:00:00 - 16/12/2017 01:00:00","BZN|DK1","0.00","n/e"," ","0.00"
"16/12/2017 01:00:00 - 16/12/2017 02:00:00","BZN|DK1","0.00","n/e"," ","0.00"
"16/12/2017 02:00:00 - 16/12/2017 03:00:00","BZN|DK1","0.00","n/e"," ","0.00"
"16/12/2017 03:00:00 - 16/12/2017 04:00:00","BZN|DK1","0.00","n/e"," ","0.00"
"16/12/2017 04:00:00 - 16/12/2017 05:00:00","BZN|DK1","0.00","n/e"," ","0.00"
"16/12/2017 05:00:00 - 16/12/2017 06:00:00","BZN|DK1","0.00","n/e"," ","0.00"
"16/12/2017 06:00:00 - 16/12/2017 07:00:00","BZN|DK1","0.00","n/e"," ","0.00"
"16/12/2017 07:00:00 - 16/12/2017 08:00:00","BZN|DK1","0.00","n/e"," ","0.00"
"16/12/2017 08:00:00 - 16/12/2017 09:00:00","BZN|DK1","1.00","n/e"," ","0.87"
"16/12/2017 09:00:00 - 16/12/2017 10:00:00","BZN|DK1","20.00","n/e"," ","23.66"
"16/12/2017 10:00:00 - 16/12/2017 11:00:00","BZN|DK1","63.00","n/e"," ","72.08"
"16/12/2017 11:00:00 - 16/12/2017 12:00:00","BZN|DK1","101.00","n/e"," ","109.98"
"16/12/2017 12:00:00 - 16/12/2017 13:00:00","BZN|DK1","113.00","n/e"," ","128.61"
"16/12/2017 13:00:00 - 16/12/2017 14:00:00","BZN|DK1","87.00","n/e"," ","105.82"
"16/12/2017 14:00:00 - 16/12/2017 15:00:00","BZN|DK1","51.00","n/e"," ","60.76"
"16/12/2017 15:00:00 - 16/12/2017 16:00:00","BZN|DK1","9.00","n/e"," ","11.44"
"16/12/2017 16:00:00 - 16/12/2017 17:00:00","BZN|DK1","0.00","n/e"," ","0.41"
"16/12/2017 17:00:00 - 16/12/2017 18:00:00","BZN|DK1","0.00","n/e"," ","0.00"
"16/12/2017 18:00:00 - 16/12/2017 19:00:00","BZN|DK1","0.00","n/e"," ","0.00"
"16/12/2017 19:00:00 - 16/12/2017 20:00:00","BZN|DK1","0.00","n/e"," ","0.00"
"16/12/2017 20:00:00 - 16/12/2017 21:00:00","BZN|DK1","0.00","n/e"," ","0.00"
"16/12/2017 21:00:00 - 16/12/2017 22:00:00","BZN|DK1","0.00","n/e"," ","0.00"
"16/12/2017 22:00:00 - 16/12/2017 23:00:00","BZN|DK1","0.00","n/e"," ","0.00"
"16/12/2017 23:00:00 - 17/12/2017 00:00:00","BZN|DK1","0.00","n/e"," ","0.00"
"17/12/2017 00:00:00 - 17/12/2017 01:00:00","BZN|DK1","0.00","n/e"," ","0.00"
"17/12/2017 01:00:00 - 17/12/2017 02:00:00","BZN|DK1","0.00","n/e"," ","0.00"
"17/12/2017 02:00:00 - 17/12/2017 03:00:00","BZN|DK1","0.00","n/e"," ","0.00"
"17/12/2017 03:00:00 - 17/12/2017 04:00:00","BZN|DK1","0.00","n/e"," ","0.00"
"17/12/2017 04:00:00 - 17/12/2017 05:00:00","BZN|DK1","0.00","n/e"," ","0.00"
"17/12/2017 05:00:00 - 17/12/2017 06:00:00","BZN|DK1","0.00","n/e"," ","0.00"
"17/12/2017 06:00:00 - 17/12/2017 07:00:00","BZN|DK1","0.00","n/e"," ","0.00"
"17/12/2017 07:00:00 - 17/12/2017 08:00:00","BZN|DK1","0.00","n/e"," ","0.00"
"17/12/2017 08:00:00 - 17/12/2017 09:00:00","BZN|DK1","1.00","n/e"," ","0.94"
"17/12/2017 09:00:00 - 17/12/2017 10:00:00","BZN|DK1","18.00","n/e"," ","23.84"
"17/12/2017 10:00:00 - 17/12/2017 11:00:00","BZN|DK1","66.00","n/e"," ","71.95"
"17/12/2017 11:00:00 - 17/12/2017 12:00:00","BZN|DK1","106.00","n/e"," ","111.17"
"17/12/2017 12:00:00 - 17/12/2017 13:00:00","BZN|DK1","117.00","n/e"," ","122.33"
"17/12/2017 13:00:00 - 17/12/2017 14:00:00","BZN|DK1","95.00","n/e"," ","106.19"
"17/12/2017 14:00:00 - 17/12/2017 15:00:00","BZN|DK1","51.00","n/e"," ","63.35"
"17/12/2017 15:00:00 - 17/12/2017 16:00:00","BZN|DK1","8.00","n/e"," ","12.11"
"17/12/2017 16:00:00 - 17/12/2017 17:00:00","BZN|DK1","0.00","n/e"," ","0.35"
"17/12/2017 17:00:00 - 17/12/2017 18:00:00","BZN|DK1","0.00","n/e"," ","0.00"
"17/12/2017 18:00:00 - 17/12/2017 19:00:00","BZN|DK1","0.00","n/e"," ","0.00"
"17/12/2017 19:00:00 - 17/12/2017 20:00:00","BZN|DK1","0.00","n/e"," ","0.00"
"17/12/2017 20:00:00 - 17/12/2017 21:00:00","BZN|DK1","0.00","n/e"," ","0.00"
"17/12/2017 21:00:00 - 17/12/2017 22:00:00","BZN|DK1","0.00","n/e"," ","0.00"
"17/12/2017 22:00:00 - 17/12/2017 23:00:00","BZN|DK1","0.00","n/e"," ","0.00"
"17/12/2017 23:00:00 - 18/12/2017 00:00:00","BZN|DK1","0.00","n/e"," ","0.00"
"18/12/2017 00:00:00 - 18/12/2017 01:00:00","BZN|DK1","0.00","n/e"," ","0.00"
"18/12/2017 01:00:00 - 18/12/2017 02:00:00","BZN|DK1","0.00","n/e"," ","0.00"
"18/12/2017 02:00:00 - 18/12/2017 03:00:00","BZN|DK1","0.00","n/e"," ","0.00"
"18/12/2017 03:00:00 - 18/12/2017 04:00:00","BZN|DK1","0.00","n/e"," ","0.00"
"18/12/2017 04:00:00 - 18/12/2017 05:00:00","BZN|DK1","0.00","n/e"," ","0.00"
"18/12/2017 05:00:00 - 18/12/2017 06:00:00","BZN|DK1","0.00","n/e"," ","0.00"
"18/12/2017 06:00:00 - 18/12/2017 07:00:00","BZN|DK1","0.00","n/e"," ","0.00"
"18/12/2017 07:00:00 - 18/12/2017 08:00:00","BZN|DK1","0.00","n/e"," ","0.00"
"18/12/2017 08:00:00 - 18/12/2017 09:00:00","BZN|DK1","0.00","n/e"," ","0.51"
"18/12/2017 09:00:00 - 18/12/2017 10:00:00","BZN|DK1","2.00","n/e"," ","6.94"
"18/12/2017 10:00:00 - 18/12/2017 11:00:00","BZN|DK1","6.00","n/e"," ","16.70"
"18/12/2017 11:00:00 - 18/12/2017 12:00:00","BZN|DK1","10.00","n/e"," ","27.34"
"18/12/2017 12:00:00 - 18/12/2017 13:00:00","BZN|DK1","13.00","n/e"," ","33.05"
"18/12/2017 13:00:00 - 18/12/2017 14:00:00","BZN|DK1","9.00","n/e"," ","30.42"
"18/12/2017 14:00:00 - 18/12/2017 15:00:00","BZN|DK1","4.00","n/e"," ","20.56"
"18/12/2017 15:00:00 - 18/12/2017 16:00:00","BZN|DK1","1.00","n/e"," ","6.05"
"18/12/2017 16:00:00 - 18/12/2017 17:00:00","BZN|DK1","0.00","n/e"," ","0.29"
"18/12/2017 17:00:00 - 18/12/2017 18:00:00","BZN|DK1","0.00","n/e"," ","0.00"
"18/12/2017 18:00:00 - 18/12/2017 19:00:00","BZN|DK1","0.00","n/e"," ","0.00"
"18/12/2017 19:00:00 - 18/12/2017 20:00:00","BZN|DK1","0.00","n/e"," ","0.00"
"18/12/2017 20:00:00 - 18/12/2017 21:00:00","BZN|DK1","0.00","n/e"," ","0.00"
"18/12/2017 21:00:00 - 18/12/2017 22:00:00","BZN|DK1","0.00","n/e"," ","0.00"
"18/12/2017 22:00:00 - 18/12/2017 23:00:00","BZN|DK1","0.00","n/e"," ","0.00"
"18/12/2017 23:00:00 - 19/12/2017 00:00:00","BZN|DK1","0.00","n/e"," ","0.00"
"19/12/2017 00:00:00 - 19/12/2017 01:00:00","BZN|DK1","0.00","n/e"," ","0.00"
"19/12/2017 01:00:00 - 19/12/2017 02:00:00","BZN|DK1","0.00","n/e"," ","0.00"
"19/12/2017 02:00:00 - 19/12/2017 03:00:00","BZN|DK1","0.00","n/e"," ","0.00"
"19/12/2017 03:00:00 - 19/12/2017 04:00:00","BZN|DK1","0.00","n/e"," ","0.00"
"19/12/2017 04:00:00 - 19/12/2017 05:00:00","BZN|DK1","0.00","n/e"," ","0.00"
"19/12/2017 05:00:00 - 19/12/2017 06:00:00","BZN|DK1","0.00","n/e"," ","0.00"
"19/12/2017 06:00:00 - 19/12/2017 07:00:00","BZN|DK1","0.00","n/e"," ","0.00"
"19/12/2017 07:00:00 - 19/12/2017 08:00:00","BZN|DK1","0.00","n/e"," ","0.00"
"19/12/2017 08:00:00 - 19/12/2017 09:00:00","BZN|DK1","0.00","n/e"," ","1.74"
"19/12/2017 09:00:00 - 19/12/2017 10:00:00","BZN|DK1","5.00","n/e"," ","19.28"
"19/12/2017 10:00:00 - 19/12/2017 11:00:00","BZN|DK1","26.00","n/e"," ","40.53"
"19/12/2017 11:00:00 - 19/12/2017 12:00:00","BZN|DK1","43.00","n/e"," ","52.35"
"19/12/2017 12:00:00 - 19/12/2017 13:00:00","BZN|DK1","42.00","n/e"," ","52.15"
"19/12/2017 13:00:00 - 19/12/2017 14:00:00","BZN|DK1","22.00","n/e"," ","41.01"
"19/12/2017 14:00:00 - 19/12/2017 15:00:00","BZN|DK1","9.00","n/e"," ","20.12"
"19/12/2017 15:00:00 - 19/12/2017 16:00:00","BZN|DK1","1.00","n/e"," ","3.65"
"19/12/2017 16:00:00 - 19/12/2017 17:00:00","BZN|DK1","0.00","n/e"," ","0.26"
"19/12/2017 17:00:00 - 19/12/2017 18:00:00","BZN|DK1","0.00","n/e"," ","0.00"
"19/12/2017 18:00:00 - 19/12/2017 19:00:00","BZN|DK1","0.00","n/e"," ","0.00"
"19/12/2017 19:00:00 - 19/12/2017 20:00:00","BZN|DK1","0.00","n/e"," ","0.00"
"19/12/2017 20:00:00 - 19/12/2017 21:00:00","BZN|DK1","0.00","n/e"," ","0.00"
"19/12/2017 21:00:00 - 19/12/2017 22:00:00","BZN|DK1","0.00","n/e"," ","0.00"
"19/12/2017 22:00:00 - 19/12/2017 23:00:00","BZN|DK1","0.00","n/e"," ","0.00"
"19/12/2017 23:00:00 - 20/12/2017 00:00:00","BZN|DK1","0.00","n/e"," ","0.00"
"20/12/2017 00:00:00 - 20/12/2017 01:00:00","BZN|DK1","0.00","n/e"," ","0.00"
"20/12/2017 01:00:00 - 20/12/2017 02:00:00","BZN|DK1","0.00","n/e"," ","0.00"
"20/12/2017 02:00:00 - 20/12/2017 03:00:00","BZN|DK1","0.00","n/e"," ","0.00"
"20/12/2017 03:00:00 - 20/12/2017 04:00:00","BZN|DK1","0.00","n/e"," ","0.00"
"20/12/2017 04:00:00 - 20/12/2017 05:00:00","BZN|DK1","0.00","n/e"," ","0.00"
"20/12/2017 05:00:00 - 20/12/2017 06:00:00","BZN|DK1","0.00","n/e"," ","0.00"
"20/12/2017 06:00:00 - 20/12/2017 07:00:00","BZN|DK1","0.00","n/e"," ","0.00"
"20/12/2017 07:00:00 - 20/12/2017 08:00:00","BZN|DK1","0.00","n/e"," ","0.00"
"20/12/2017 08:00:00 - 20/12/2017 09:00:00","BZN|DK1","0.00","n/e"," ","0.64"
"20/12/2017 09:00:00 - 20/12/2017 10:00:00","BZN|DK1","1.00","n/e"," ","6.29"
"20/12/2017 10:00:00 - 20/12/2017 11:00:00","BZN|DK1","7.00","n/e"," ","22.07"
"20/12/2017 11:00:00 - 20/12/2017 12:00:00","BZN|DK1","16.00","n/e"," ","29.66"
"20/12/2017 12:00:00 - 20/12/2017 13:00:00","BZN|DK1","19.00","n/e"," ","29.24"
"20/12/2017 13:00:00 - 20/12/2017 14:00:00","BZN|DK1","10.00","n/e"," ","22.81"
"20/12/2017 14:00:00 - 20/12/2017 15:00:00","BZN|DK1","4.00","n/e"," ","10.33"
"20/12/2017 15:00:00 - 20/12/2017 16:00:00","BZN|DK1","1.00","n/e"," ","1.85"
"20/12/2017 16:00:00 - 20/12/2017 17:00:00","BZN|DK1","0.00","n/e"," ","0.17"
"20/12/2017 17:00:00 - 20/12/2017 18:00:00","BZN|DK1","0.00","n/e"," ","0.00"
"20/12/2017 18:00:00 - 20/12/2017 19:00:00","BZN|DK1","0.00","n/e"," ","0.00"
"20/12/2017 19:00:00 - 20/12/2017 20:00:00","BZN|DK1","0.00","n/e"," ","0.00"
"20/12/2017 20:00:00 - 20/12/2017 21:00:00","BZN|DK1","0.00","n/e"," ","0.00"
"20/12/2017 21:00:00 - 20/12/2017 22:00:00","BZN|DK1","0.00","n/e"," ","0.00"
"20/12/2017 22:00:00 - 20/12/2017 23:00:00","BZN|DK1","0.00","n/e"," ","0.00"
"20/12/2017 23:00:00 - 21/12/2017 00:00:00","BZN|DK1","0.00","n/e"," ","0.00"
"21/12/2017 00:00:00 - 21/12/2017 01:00:00","BZN|DK1","0.00","n/e"," ","0.00"
"21/12/2017 01:00:00 - 21/12/2017 02:00:00","BZN|DK1","0.00","n/e"," ","0.00"
"21/12/2017 02:00:00 - 21/12/2017 03:00:00","BZN|DK1","0.00","n/e"," ","0.00"
"21/12/2017 03:00:00 - 21/12/2017 04:00:00","BZN|DK1","0.00","n/e"," ","0.00"
"21/12/2017 04:00:00 - 21/12/2017 05:00:00","BZN|DK1","0.00","n/e"," ","0.00"
"21/12/2017 05:00:00 - 21/12/2017 06:00:00","BZN|DK1","0.00","n/e"," ","0.00"
"21/12/2017 06:00:00 - 21/12/2017 07:00:00","BZN|DK1","0.00","n/e"," ","0.00"
"21/12/2017 07:00:00 - 21/12/2017 08:00:00","BZN|DK1","0.00","n/e"," ","0.00"
"21/12/2017 08:00:00 - 21/12/2017 09:00:00","BZN|DK1","1.00","n/e"," ","0.40"
"21/12/2017 09:00:00 - 21/12/2017 10:00:00","BZN|DK1","14.00","n/e"," ","13.57"
"21/12/2017 10:00:00 - 21/12/2017 11:00:00","BZN|DK1","39.00","n/e"," ","51.42"
"21/12/2017 11:00:00 - 21/12/2017 12:00:00","BZN|DK1","46.00","n/e"," ","55.25"
"21/12/2017 12:00:00 - 21/12/2017 13:00:00","BZN|DK1","42.00","n/e"," ","45.18"
"21/12/2017 13:00:00 - 21/12/2017 14:00:00","BZN|DK1","25.00","n/e"," ","37.90"
"21/12/2017 14:00:00 - 21/12/2017 15:00:00","BZN|DK1","13.00","n/e"," ","23.37"
"21/12/2017 15:00:00 - 21/12/2017 16:00:00","BZN|DK1","3.00","n/e"," ","5.85"
"21/12/2017 16:00:00 - 21/12/2017 17:00:00","BZN|DK1","0.00","n/e"," ","0.30"
"21/12/2017 17:00:00 - 21/12/2017 18:00:00","BZN|DK1","0.00","n/e"," ","0.00"
"21/12/2017 18:00:00 - 21/12/2017 19:00:00","BZN|DK1","0.00","n/e"," ","0.00"
"21/12/2017 19:00:00 - 21/12/2017 20:00:00","BZN|DK1","0.00","n/e"," ","0.00"
"21/12/2017 20:00:00 - 21/12/2017 21:00:00","BZN|DK1","0.00","n/e"," ","0.00"
"21/12/2017 21:00:00 - 21/12/2017 22:00:00","BZN|DK1","0.00","n/e"," ","0.00"
"21/12/2017 22:00:00 - 21/12/2017 23:00:00","BZN|DK1","0.00","n/e"," ","0.00"
"21/12/2017 23:00:00 - 22/12/2017 00:00:00","BZN|DK1","0.00","n/e"," ","0.00"
"22/12/2017 00:00:00 - 22/12/2017 01:00:00","BZN|DK1","0.00","n/e"," ","0.00"
"22/12/2017 01:00:00 - 22/12/2017 02:00:00","BZN|DK1","0.00","n/e"," ","0.00"
"22/12/2017 02:00:00 - 22/12/2017 03:00:00","BZN|DK1","0.00","n/e"," ","0.00"
"22/12/2017 03:00:00 - 22/12/2017 04:00:00","BZN|DK1","0.00","n/e"," ","0.00"
"22/12/2017 04:00:00 - 22/12/2017 05:00:00","BZN|DK1","0.00","n/e"," ","0.00"
"22/12/2017 05:00:00 - 22/12/2017 06:00:00","BZN|DK1","0.00","n/e"," ","0.00"
"22/12/2017 06:00:00 - 22/12/2017 07:00:00","BZN|DK1","0.00","n/e"," ","0.00"
"22/12/2017 07:00:00 - 22/12/2017 08:00:00","BZN|DK1","0.00","n/e"," ","0.00"
"22/12/2017 08:00:00 - 22/12/2017 09:00:00","BZN|DK1","1.00","n/e"," ","0.56"
"22/12/2017 09:00:00 - 22/12/2017 10:00:00","BZN|DK1","16.00","n/e"," ","19.05"
"22/12/2017 10:00:00 - 22/12/2017 11:00:00","BZN|DK1","56.00","n/e"," ","42.95"
"22/12/2017 11:00:00 - 22/12/2017 12:00:00","BZN|DK1","86.00","n/e"," ","61.77"
"22/12/2017 12:00:00 - 22/12/2017 13:00:00","BZN|DK1","94.00","n/e"," ","61.95"
"22/12/2017 13:00:00 - 22/12/2017 14:00:00","BZN|DK1","78.00","n/e"," ","57.90"
"22/12/2017 14:00:00 - 22/12/2017 15:00:00","BZN|DK1","45.00","n/e"," ","39.39"
"22/12/2017 15:00:00 - 22/12/2017 16:00:00","BZN|DK1","8.00","n/e"," ","8.29"
"22/12/2017 16:00:00 - 22/12/2017 17:00:00","BZN|DK1","0.00","n/e"," ","0.32"
"22/12/2017 17:00:00 - 22/12/2017 18:00:00","BZN|DK1","0.00","n/e"," ","0.00"
"22/12/2017 18:00:00 - 22/12/2017 19:00:00","BZN|DK1","0.00","n/e"," ","0.00"
"22/12/2017 19:00:00 - 22/12/2017 20:00:00","BZN|DK1","0.00","n/e"," ","0.00"
"22/12/2017 20:00:00 - 22/12/2017 21:00:00","BZN|DK1","0.00","n/e"," ","0.00"
"22/12/2017 21:00:00 - 22/12/2017 22:00:00","BZN|DK1","0.00","n/e"," ","0.00"
"22/12/2017 22:00:00 - 22/12/2017 23:00:00","BZN|DK1","0.00","n/e"," ","0.00"
"22/12/2017 23:00:00 - 23/12/2017 00:00:00","BZN|DK1","0.00","n/e"," ","0.00"
"23/12/2017 00:00:00 - 23/12/2017 01:00:00","BZN|DK1","0.00","n/e"," ","0.00"
"23/12/2017 01:00:00 - 23/12/2017 02:00:00","BZN|DK1","0.00","n/e"," ","0.00"
"23/12/2017 02:00:00 - 23/12/2017 03:00:00","BZN|DK1","0.00","n/e"," ","0.00"
"23/12/2017 03:00:00 - 23/12/2017 04:00:00","BZN|DK1","0.00","n/e"," ","0.00"
"23/12/2017 04:00:00 - 23/12/2017 05:00:00","BZN|DK1","0.00","n/e"," ","0.00"
"23/12/2017 05:00:00 - 23/12/2017 06:00:00","BZN|DK1","0.00","n/e"," ","0.00"
"23/12/2017 06:00:00 - 23/12/2017 07:00:00","BZN|DK1","0.00","n/e"," ","0.00"
"23/12/2017 07:00:00 - 23/12/2017 08:00:00","BZN|DK1","0.00","n/e"," ","0.00"
"23/12/2017 08:00:00 - 23/12/2017 09:00:00","BZN|DK1","0.00","n/e"," ","0.18"
"23/12/2017 09:00:00 - 23/12/2017 10:00:00","BZN|DK1","1.00","n/e"," ","2.46"
"23/12/2017 10:00:00 - 23/12/2017 11:00:00","BZN|DK1","6.00","n/e"," ","10.14"
"23/12/2017 11:00:00 - 23/12/2017 12:00:00","BZN|DK1","12.00","n/e"," ","18.68"
"23/12/2017 12:00:00 - 23/12/2017 13:00:00","BZN|DK1","15.00","n/e"," ","22.16"
"23/12/2017 13:00:00 - 23/12/2017 14:00:00","BZN|DK1","10.00","n/e"," ","24.45"
"23/12/2017 14:00:00 - 23/12/2017 15:00:00","BZN|DK1","5.00","n/e"," ","17.41"
"23/12/2017 15:00:00 - 23/12/2017 16:00:00","BZN|DK1","1.00","n/e"," ","4.74"
"23/12/2017 16:00:00 - 23/12/2017 17:00:00","BZN|DK1","0.00","n/e"," ","0.49"
"23/12/2017 17:00:00 - 23/12/2017 18:00:00","BZN|DK1","0.00","n/e"," ","0.00"
"23/12/2017 18:00:00 - 23/12/2017 19:00:00","BZN|DK1","0.00","n/e"," ","0.00"
"23/12/2017 19:00:00 - 23/12/2017 20:00:00","BZN|DK1","0.00","n/e"," ","0.00"
"23/12/2017 20:00:00 - 23/12/2017 21:00:00","BZN|DK1","0.00","n/e"," ","0.00"
"23/12/2017 21:00:00 - 23/12/2017 22:00:00","BZN|DK1","0.00","n/e"," ","0.00"
"23/12/2017 22:00:00 - 23/12/2017 23:00:00","BZN|DK1","0.00","n/e"," ","0.00"
"23/12/2017 23:00:00 - 24/12/2017 00:00:00","BZN|DK1","0.00","n/e"," ","0.00"
"24/12/2017 00:00:00 - 24/12/2017 01:00:00","BZN|DK1","0.00","n/e"," ","0.00"
"24/12/2017 01:00:00 - 24/12/2017 02:00:00","BZN|DK1","0.00","n/e"," ","0.00"
"24/12/2017 02:00:00 - 24/12/2017 03:00:00","BZN|DK1","0.00","n/e"," ","0.00"
"24/12/2017 03:00:00 - 24/12/2017 04:00:00","BZN|DK1","0.00","n/e"," ","0.00"
"24/12/2017 04:00:00 - 24/12/2017 05:00:00","BZN|DK1","0.00","n/e"," ","0.00"
"24/12/2017 05:00:00 - 24/12/2017 06:00:00","BZN|DK1","0.00","n/e"," ","0.00"
"24/12/2017 06:00:00 - 24/12/2017 07:00:00","BZN|DK1","0.00","n/e"," ","0.00"
"24/12/2017 07:00:00 - 24/12/2017 08:00:00","BZN|DK1","0.00","n/e"," ","0.00"
"24/12/2017 08:00:00 - 24/12/2017 09:00:00","BZN|DK1","0.00","n/e"," ","0.24"
"24/12/2017 09:00:00 - 24/12/2017 10:00:00","BZN|DK1","1.00","n/e"," ","2.66"
"24/12/2017 10:00:00 - 24/12/2017 11:00:00","BZN|DK1","6.00","n/e"," ","10.38"
"24/12/2017 11:00:00 - 24/12/2017 12:00:00","BZN|DK1","10.00","n/e"," ","15.64"
"24/12/2017 12:00:00 - 24/12/2017 13:00:00","BZN|DK1","11.00","n/e"," ","16.49"
"24/12/2017 13:00:00 - 24/12/2017 14:00:00","BZN|DK1","9.00","n/e"," ","11.85"
"24/12/2017 14:00:00 - 24/12/2017 15:00:00","BZN|DK1","5.00","n/e"," ","4.50"
"24/12/2017 15:00:00 - 24/12/2017 16:00:00","BZN|DK1","1.00","n/e"," ","1.36"
"24/12/2017 16:00:00 - 24/12/2017 17:00:00","BZN|DK1","0.00","n/e"," ","0.14"
"24/12/2017 17:00:00 - 24/12/2017 18:00:00","BZN|DK1","0.00","n/e"," ","0.00"
"24/12/2017 18:00:00 - 24/12/2017 19:00:00","BZN|DK1","0.00","n/e"," ","0.00"
"24/12/2017 19:00:00 - 24/12/2017 20:00:00","BZN|DK1","0.00","n/e"," ","0.00"
"24/12/2017 20:00:00 - 24/12/2017 21:00:00","BZN|DK1","0.00","n/e"," ","0.00"
"24/12/2017 21:00:00 - 24/12/2017 22:00:00","BZN|DK1","0.00","n/e"," ","0.00"
"24/12/2017 22:00:00 - 24/12/2017 23:00:00","BZN|DK1","0.00","n/e"," ","0.00"
"24/12/2017 23:00:00 - 25/12/2017 00:00:00","BZN|DK1","0.00","n/e"," ","0.00"
"25/12/2017 00:00:00 - 25/12/2017 01:00:00","BZN|DK1","0.00","n/e"," ","0.00"
"25/12/2017 01:00:00 - 25/12/2017 02:00:00","BZN|DK1","0.00","n/e"," ","0.00"
"25/12/2017 02:00:00 - 25/12/2017 03:00:00","BZN|DK1","0.00","n/e"," ","0.00"
"25/12/2017 03:00:00 - 25/12/2017 04:00:00","BZN|DK1","0.00","n/e"," ","0.00"
"25/12/2017 04:00:00 - 25/12/2017 05:00:00","BZN|DK1","0.00","n/e"," ","0.00"
"25/12/2017 05:00:00 - 25/12/2017 06:00:00","BZN|DK1","0.00","n/e"," ","0.00"
"25/12/2017 06:00:00 - 25/12/2017 07:00:00","BZN|DK1","0.00","n/e"," ","0.00"
"25/12/2017 07:00:00 - 25/12/2017 08:00:00","BZN|DK1","0.00","n/e"," ","0.00"
"25/12/2017 08:00:00 - 25/12/2017 09:00:00","BZN|DK1","0.00","n/e"," ","0.17"
"25/12/2017 09:00:00 - 25/12/2017 10:00:00","BZN|DK1","1.00","n/e"," ","2.40"
"25/12/2017 10:00:00 - 25/12/2017 11:00:00","BZN|DK1","6.00","n/e"," ","10.66"
"25/12/2017 11:00:00 - 25/12/2017 12:00:00","BZN|DK1","10.00","n/e"," ","20.42"
"25/12/2017 12:00:00 - 25/12/2017 13:00:00","BZN|DK1","11.00","n/e"," ","25.36"
"25/12/2017 13:00:00 - 25/12/2017 14:00:00","BZN|DK1","9.00","n/e"," ","20.33"
"25/12/2017 14:00:00 - 25/12/2017 15:00:00","BZN|DK1","5.00","n/e"," ","8.20"
"25/12/2017 15:00:00 - 25/12/2017 16:00:00","BZN|DK1","1.00","n/e"," ","1.66"
"25/12/2017 16:00:00 - 25/12/2017 17:00:00","BZN|DK1","0.00","n/e"," ","0.27"
"25/12/2017 17:00:00 - 25/12/2017 18:00:00","BZN|DK1","0.00","n/e"," ","0.00"
"25/12/2017 18:00:00 - 25/12/2017 19:00:00","BZN|DK1","0.00","n/e"," ","0.00"
"25/12/2017 19:00:00 - 25/12/2017 20:00:00","BZN|DK1","0.00","n/e"," ","0.00"
"25/12/2017 20:00:00 - 25/12/2017 21:00:00","BZN|DK1","0.00","n/e"," ","0.00"
"25/12/2017 21:00:00 - 25/12/2017 22:00:00","BZN|DK1","0.00","n/e"," ","0.00"
"25/12/2017 22:00:00 - 25/12/2017 23:00:00","BZN|DK1","0.00","n/e"," ","0.00"
"25/12/2017 23:00:00 - 26/12/2017 00:00:00","BZN|DK1","0.00","n/e"," ","0.00"
"26/12/2017 00:00:00 - 26/12/2017 01:00:00","BZN|DK1","0.00","n/e"," ","0.00"
"26/12/2017 01:00:00 - 26/12/2017 02:00:00","BZN|DK1","0.00","n/e"," ","0.00"
"26/12/2017 02:00:00 - 26/12/2017 03:00:00","BZN|DK1","0.00","n/e"," ","0.00"
"26/12/2017 03:00:00 - 26/12/2017 04:00:00","BZN|DK1","0.00","n/e"," ","0.00"
"26/12/2017 04:00:00 - 26/12/2017 05:00:00","BZN|DK1","0.00","n/e"," ","0.00"
"26/12/2017 05:00:00 - 26/12/2017 06:00:00","BZN|DK1","0.00","n/e"," ","0.00"
"26/12/2017 06:00:00 - 26/12/2017 07:00:00","BZN|DK1","0.00","n/e"," ","0.00"
"26/12/2017 07:00:00 - 26/12/2017 08:00:00","BZN|DK1","0.00","n/e"," ","0.00"
"26/12/2017 08:00:00 - 26/12/2017 09:00:00","BZN|DK1","0.00","n/e"," ","0.25"
"26/12/2017 09:00:00 - 26/12/2017 10:00:00","BZN|DK1","1.00","n/e"," ","1.28"
"26/12/2017 10:00:00 - 26/12/2017 11:00:00","BZN|DK1","6.00","n/e"," ","6.16"
"26/12/2017 11:00:00 - 26/12/2017 12:00:00","BZN|DK1","10.00","n/e"," ","20.43"
"26/12/2017 12:00:00 - 26/12/2017 13:00:00","BZN|DK1","12.00","n/e"," ","31.32"
"26/12/2017 13:00:00 - 26/12/2017 14:00:00","BZN|DK1","21.00","n/e"," ","29.01"
"26/12/2017 14:00:00 - 26/12/2017 15:00:00","BZN|DK1","18.00","n/e"," ","19.79"
"26/12/2017 15:00:00 - 26/12/2017 16:00:00","BZN|DK1","4.00","n/e"," ","5.37"
"26/12/2017 16:00:00 - 26/12/2017 17:00:00","BZN|DK1","0.00","n/e"," ","0.33"
"26/12/2017 17:00:00 - 26/12/2017 18:00:00","BZN|DK1","0.00","n/e"," ","0.00"
"26/12/2017 18:00:00 - 26/12/2017 19:00:00","BZN|DK1","0.00","n/e"," ","0.00"
"26/12/2017 19:00:00 - 26/12/2017 20:00:00","BZN|DK1","0.00","n/e"," ","0.00"
"26/12/2017 20:00:00 - 26/12/2017 21:00:00","BZN|DK1","0.00","n/e"," ","0.00"
"26/12/2017 21:00:00 - 26/12/2017 22:00:00","BZN|DK1","0.00","n/e"," ","0.00"
"26/12/2017 22:00:00 - 26/12/2017 23:00:00","BZN|DK1","0.00","n/e"," ","0.00"
"26/12/2017 23:00:00 - 27/12/2017 00:00:00","BZN|DK1","0.00","n/e"," ","0.00"
"27/12/2017 00:00:00 - 27/12/2017 01:00:00","BZN|DK1","0.00","n/e"," ","0.00"
"27/12/2017 01:00:00 - 27/12/2017 02:00:00","BZN|DK1","0.00","n/e"," ","0.00"
"27/12/2017 02:00:00 - 27/12/2017 03:00:00","BZN|DK1","0.00","n/e"," ","0.00"
"27/12/2017 03:00:00 - 27/12/2017 04:00:00","BZN|DK1","0.00","n/e"," ","0.00"
"27/12/2017 04:00:00 - 27/12/2017 05:00:00","BZN|DK1","0.00","n/e"," ","0.00"
"27/12/2017 05:00:00 - 27/12/2017 06:00:00","BZN|DK1","0.00","n/e"," ","0.00"
"27/12/2017 06:00:00 - 27/12/2017 07:00:00","BZN|DK1","0.00","n/e"," ","0.00"
"27/12/2017 07:00:00 - 27/12/2017 08:00:00","BZN|DK1","0.00","n/e"," ","0.00"
"27/12/2017 08:00:00 - 27/12/2017 09:00:00","BZN|DK1","0.00","n/e"," ","0.29"
"27/12/2017 09:00:00 - 27/12/2017 10:00:00","BZN|DK1","4.00","n/e"," ","5.82"
"27/12/2017 10:00:00 - 27/12/2017 11:00:00","BZN|DK1","13.00","n/e"," ","23.51"
"27/12/2017 11:00:00 - 27/12/2017 12:00:00","BZN|DK1","17.00","n/e"," ","35.46"
"27/12/2017 12:00:00 - 27/12/2017 13:00:00","BZN|DK1","19.00","n/e"," ","35.18"
"27/12/2017 13:00:00 - 27/12/2017 14:00:00","BZN|DK1","10.00","n/e"," ","25.40"
"27/12/2017 14:00:00 - 27/12/2017 15:00:00","BZN|DK1","5.00","n/e"," ","10.84"
"27/12/2017 15:00:00 - 27/12/2017 16:00:00","BZN|DK1","1.00","n/e"," ","2.01"
"27/12/2017 16:00:00 - 27/12/2017 17:00:00","BZN|DK1","0.00","n/e"," ","0.22"
"27/12/2017 17:00:00 - 27/12/2017 18:00:00","BZN|DK1","0.00","n/e"," ","0.00"
"27/12/2017 18:00:00 - 27/12/2017 19:00:00","BZN|DK1","0.00","n/e"," ","0.00"
"27/12/2017 19:00:00 - 27/12/2017 20:00:00","BZN|DK1","0.00","n/e"," ","0.00"
"27/12/2017 20:00:00 - 27/12/2017 21:00:00","BZN|DK1","0.00","n/e"," ","0.00"
"27/12/2017 21:00:00 - 27/12/2017 22:00:00","BZN|DK1","0.00","n/e"," ","0.00"
"27/12/2017 22:00:00 - 27/12/2017 23:00:00","BZN|DK1","0.00","n/e"," ","0.00"
"27/12/2017 23:00:00 - 28/12/2017 00:00:00","BZN|DK1","0.00","n/e"," ","0.00"
"28/12/2017 00:00:00 - 28/12/2017 01:00:00","BZN|DK1","0.00","n/e"," ","0.00"
"28/12/2017 01:00:00 - 28/12/2017 02:00:00","BZN|DK1","0.00","n/e"," ","0.00"
"28/12/2017 02:00:00 - 28/12/2017 03:00:00","BZN|DK1","0.00","n/e"," ","0.00"
"28/12/2017 03:00:00 - 28/12/2017 04:00:00","BZN|DK1","0.00","n/e"," ","0.00"
"28/12/2017 04:00:00 - 28/12/2017 05:00:00","BZN|DK1","0.00","n/e"," ","0.00"
"28/12/2017 05:00:00 - 28/12/2017 06:00:00","BZN|DK1","0.00","n/e"," ","0.00"
"28/12/2017 06:00:00 - 28/12/2017 07:00:00","BZN|DK1","0.00","n/e"," ","0.00"
"28/12/2017 07:00:00 - 28/12/2017 08:00:00","BZN|DK1","0.00","n/e"," ","0.00"
"28/12/2017 08:00:00 - 28/12/2017 09:00:00","BZN|DK1","1.00","n/e"," ","0.45"
"28/12/2017 09:00:00 - 28/12/2017 10:00:00","BZN|DK1","13.00","n/e"," ","14.53"
"28/12/2017 10:00:00 - 28/12/2017 11:00:00","BZN|DK1","56.00","n/e"," ","59.57"
"28/12/2017 11:00:00 - 28/12/2017 12:00:00","BZN|DK1","87.00","n/e"," ","97.51"
"28/12/2017 12:00:00 - 28/12/2017 13:00:00","BZN|DK1","95.00","n/e"," ","113.69"
"28/12/2017 13:00:00 - 28/12/2017 14:00:00","BZN|DK1","78.00","n/e"," ","98.49"
"28/12/2017 14:00:00 - 28/12/2017 15:00:00","BZN|DK1","44.00","n/e"," ","55.88"
"28/12/2017 15:00:00 - 28/12/2017 16:00:00","BZN|DK1","9.00","n/e"," ","11.64"
"28/12/2017 16:00:00 - 28/12/2017 17:00:00","BZN|DK1","0.00","n/e"," ","0.54"
"28/12/2017 17:00:00 - 28/12/2017 18:00:00","BZN|DK1","0.00","n/e"," ","0.00"
"28/12/2017 18:00:00 - 28/12/2017 19:00:00","BZN|DK1","0.00","n/e"," ","0.00"
"28/12/2017 19:00:00 - 28/12/2017 20:00:00","BZN|DK1","0.00","n/e"," ","0.00"
"28/12/2017 20:00:00 - 28/12/2017 21:00:00","BZN|DK1","0.00","n/e"," ","0.00"
"28/12/2017 21:00:00 - 28/12/2017 22:00:00","BZN|DK1","0.00","n/e"," ","0.00"
"28/12/2017 22:00:00 - 28/12/2017 23:00:00","BZN|DK1","0.00","n/e"," ","0.00"
"28/12/2017 23:00:00 - 29/12/2017 00:00:00","BZN|DK1","0.00","n/e"," ","0.00"
"29/12/2017 00:00:00 - 29/12/2017 01:00:00","BZN|DK1","0.00","n/e"," ","0.00"
"29/12/2017 01:00:00 - 29/12/2017 02:00:00","BZN|DK1","0.00","n/e"," ","0.00"
"29/12/2017 02:00:00 - 29/12/2017 03:00:00","BZN|DK1","0.00","n/e"," ","0.00"
"29/12/2017 03:00:00 - 29/12/2017 04:00:00","BZN|DK1","0.00","n/e"," ","0.00"
"29/12/2017 04:00:00 - 29/12/2017 05:00:00","BZN|DK1","0.00","n/e"," ","0.00"
"29/12/2017 05:00:00 - 29/12/2017 06:00:00","BZN|DK1","0.00","n/e"," ","0.00"
"29/12/2017 06:00:00 - 29/12/2017 07:00:00","BZN|DK1","0.00","n/e"," ","0.00"
"29/12/2017 07:00:00 - 29/12/2017 08:00:00","BZN|DK1","0.00","n/e"," ","0.00"
"29/12/2017 08:00:00 - 29/12/2017 09:00:00","BZN|DK1","1.00","n/e"," ","0.61"
"29/12/2017 09:00:00 - 29/12/2017 10:00:00","BZN|DK1","13.00","n/e"," ","17.48"
"29/12/2017 10:00:00 - 29/12/2017 11:00:00","BZN|DK1","51.00","n/e"," ","53.56"
"29/12/2017 11:00:00 - 29/12/2017 12:00:00","BZN|DK1","78.00","n/e"," ","89.74"
"29/12/2017 12:00:00 - 29/12/2017 13:00:00","BZN|DK1","87.00","n/e"," ","109.95"
"29/12/2017 13:00:00 - 29/12/2017 14:00:00","BZN|DK1","68.00","n/e"," ","87.87"
"29/12/2017 14:00:00 - 29/12/2017 15:00:00","BZN|DK1","38.00","n/e"," ","49.37"
"29/12/2017 15:00:00 - 29/12/2017 16:00:00","BZN|DK1","8.00","n/e"," ","10.68"
"29/12/2017 16:00:00 - 29/12/2017 17:00:00","BZN|DK1","0.00","n/e"," ","0.45"
"29/12/2017 17:00:00 - 29/12/2017 18:00:00","BZN|DK1","0.00","n/e"," ","0.00"
"29/12/2017 18:00:00 - 29/12/2017 19:00:00","BZN|DK1","0.00","n/e"," ","0.00"
"29/12/2017 19:00:00 - 29/12/2017 20:00:00","BZN|DK1","0.00","n/e"," ","0.00"
"29/12/2017 20:00:00 - 29/12/2017 21:00:00","BZN|DK1","0.00","n/e"," ","0.00"
"29/12/2017 21:00:00 - 29/12/2017 22:00:00","BZN|DK1","0.00","n/e"," ","0.00"
"29/12/2017 22:00:00 - 29/12/2017 23:00:00","BZN|DK1","0.00","n/e"," ","0.00"
"29/12/2017 23:00:00 - 30/12/2017 00:00:00","BZN|DK1","0.00","n/e"," ","0.00"
"30/12/2017 00:00:00 - 30/12/2017 01:00:00","BZN|DK1","0.00","n/e"," ","0.00"
"30/12/2017 01:00:00 - 30/12/2017 02:00:00","BZN|DK1","0.00","n/e"," ","0.00"
"30/12/2017 02:00:00 - 30/12/2017 03:00:00","BZN|DK1","0.00","n/e"," ","0.00"
"30/12/2017 03:00:00 - 30/12/2017 04:00:00","BZN|DK1","0.00","n/e"," ","0.00"
"30/12/2017 04:00:00 - 30/12/2017 05:00:00","BZN|DK1","0.00","n/e"," ","0.00"
"30/12/2017 05:00:00 - 30/12/2017 06:00:00","BZN|DK1","0.00","n/e"," ","0.00"
"30/12/2017 06:00:00 - 30/12/2017 07:00:00","BZN|DK1","0.00","n/e"," ","0.00"
"30/12/2017 07:00:00 - 30/12/2017 08:00:00","BZN|DK1","0.00","n/e"," ","0.00"
"30/12/2017 08:00:00 - 30/12/2017 09:00:00","BZN|DK1","0.00","n/e"," ","0.27"
"30/12/2017 09:00:00 - 30/12/2017 10:00:00","BZN|DK1","1.00","n/e"," ","2.51"
"30/12/2017 10:00:00 - 30/12/2017 11:00:00","BZN|DK1","10.00","n/e"," ","12.65"
"30/12/2017 11:00:00 - 30/12/2017 12:00:00","BZN|DK1","18.00","n/e"," ","21.62"
"30/12/2017 12:00:00 - 30/12/2017 13:00:00","BZN|DK1","22.00","n/e"," ","19.81"
"30/12/2017 13:00:00 - 30/12/2017 14:00:00","BZN|DK1","17.00","n/e"," ","16.74"
"30/12/2017 14:00:00 - 30/12/2017 15:00:00","BZN|DK1","8.00","n/e"," ","10.65"
"30/12/2017 15:00:00 - 30/12/2017 16:00:00","BZN|DK1","2.00","n/e"," ","3.89"
"30/12/2017 16:00:00 - 30/12/2017 17:00:00","BZN|DK1","0.00","n/e"," ","0.32"
"30/12/2017 17:00:00 - 30/12/2017 18:00:00","BZN|DK1","0.00","n/e"," ","0.00"
"30/12/2017 18:00:00 - 30/12/2017 19:00:00","BZN|DK1","0.00","n/e"," ","0.00"
"30/12/2017 19:00:00 - 30/12/2017 20:00:00","BZN|DK1","0.00","n/e"," ","0.00"
"30/12/2017 20:00:00 - 30/12/2017 21:00:00","BZN|DK1","0.00","n/e"," ","0.00"
"30/12/2017 21:00:00 - 30/12/2017 22:00:00","BZN|DK1","0.00","n/e"," ","0.00"
"30/12/2017 22:00:00 - 30/12/2017 23:00:00","BZN|DK1","0.00","n/e"," ","0.00"
"30/12/2017 23:00:00 - 31/12/2017 00:00:00","BZN|DK1","0.00","n/e"," ","0.00"
"31/12/2017 00:00:00 - 31/12/2017 01:00:00","BZN|DK1","0.00","n/e"," ","0.00"
"31/12/2017 01:00:00 - 31/12/2017 02:00:00","BZN|DK1","0.00","n/e"," ","0.00"
"31/12/2017 02:00:00 - 31/12/2017 03:00:00","BZN|DK1","0.00","n/e"," ","0.00"
"31/12/2017 03:00:00 - 31/12/2017 04:00:00","BZN|DK1","0.00","n/e"," ","0.00"
"31/12/2017 04:00:00 - 31/12/2017 05:00:00","BZN|DK1","0.00","n/e"," ","0.00"
"31/12/2017 05:00:00 - 31/12/2017 06:00:00","BZN|DK1","0.00","n/e"," ","0.00"
"31/12/2017 06:00:00 - 31/12/2017 07:00:00","BZN|DK1","0.00","n/e"," ","0.00"
"31/12/2017 07:00:00 - 31/12/2017 08:00:00","BZN|DK1","0.00","n/e"," ","0.00"
"31/12/2017 08:00:00 - 31/12/2017 09:00:00","BZN|DK1","0.00","n/e"," ","0.17"
"31/12/2017 09:00:00 - 31/12/2017 10:00:00","BZN|DK1","5.00","n/e"," ","1.27"
"31/12/2017 10:00:00 - 31/12/2017 11:00:00","BZN|DK1","10.00","n/e"," ","8.04"
"31/12/2017 11:00:00 - 31/12/2017 12:00:00","BZN|DK1","12.00","n/e"," ","17.92"
"31/12/2017 12:00:00 - 31/12/2017 13:00:00","BZN|DK1","12.00","n/e"," ","15.20"
"31/12/2017 13:00:00 - 31/12/2017 14:00:00","BZN|DK1","10.00","n/e"," ","6.78"
"31/12/2017 14:00:00 - 31/12/2017 15:00:00","BZN|DK1","6.00","n/e"," ","4.51"
"31/12/2017 15:00:00 - 31/12/2017 16:00:00","BZN|DK1","1.00","n/e"," ","2.03"
"31/12/2017 16:00:00 - 31/12/2017 17:00:00","BZN|DK1","0.00","n/e"," ","0.36"
"31/12/2017 17:00:00 - 31/12/2017 18:00:00","BZN|DK1","0.00","n/e"," ","0.00"
"31/12/2017 18:00:00 - 31/12/2017 19:00:00","BZN|DK1","0.00","n/e"," ","0.00"
"31/12/2017 19:00:00 - 31/12/2017 20:00:00","BZN|DK1","0.00","n/e"," ","0.00"
"31/12/2017 20:00:00 - 31/12/2017 21:00:00","BZN|DK1","0.00","n/e"," ","0.00"
"31/12/2017 21:00:00 - 31/12/2017 22:00:00","BZN|DK1","0.00","n/e"," ","0.00"
"31/12/2017 22:00:00 - 31/12/2017 23:00:00","BZN|DK1","0.00","n/e"," ","0.00"
"31/12/2017 23:00:00 - 01/01/2018 00:00:00","BZN|DK1","0.00","n/e"," ","0.00"
