"MTU (CET/CEST)","Area","Day-ahead (MW)","Intraday (MW)","Current (MW)","Actual (MW)"
"01/01/2023 00:00:00 - 01/01/2023 01:00:00","BZN|DK1","74.79","N/A","118.79","186.84"
"01/01/2023 01:00:00 - 01/01/2023 02:00:00","BZN|DK1","146.00","N/A","190.29","350.62"
"01/01/2023 02:00:00 - 01/01/2023 03:00:00","BZN|DK1","328.42","N/A","284.63","314.94"
"01/01/2023 03:00:00 - 01/01/2023 04:00:00","BZN|DK1","376.42","N/A","306.33","302.83"
"01/01/2023 04:00:00 - 01/01/2023 05:00:00","BZN|DK1","428.71","N/A","343.96","213.72"
"01/01/2023 05:00:00 - 01/01/2023 06:00:00","BZN|DK1","716.92","N/A","396.58","43.62"
"01/01/2023 06:00:00 - 01/01/2023 07:00:00","BZN|DK1","784.33","N/A","197.96","69.04"
"01/01/2023 07:00:00 - 01/01/2023 08:00:00","BZN|DK1","867.25","N/A","199.42","139.73"
"01/01/2023 08:00:00 - 01/01/2023 09:00:00","BZN|DK1","955.75","264.04","277.04","247.50"
"01/01/2023 09:00:00 - 01/01/2023 10:00:00","BZN|DK1","963.96","403.04","340.54","589.47"
"01/01/2023 10:00:00 - 01/01/2023 11:00:00","BZN|DK1","1029.46","536.29","593.46","801.97"
"01/01/2023 11:00:00 - 01/01/2023 12:00:00","BZN|DK1","1084.50","678.00","757.46","653.12"
"01/01/2023 12:00:00 - 01/01/2023 13:00:00","BZN|DK1","1066.50","739.21","715.63","750.09"
"01/01/2023 13:00:00 - 01/01/2023 14:00:00","BZN|DK1","1084.58","837.42","749.29","324.34"
"01/01/2023 14:00:00 - 01/01/2023 15:00:00","BZN|DK1","1097.00","961.54","436.08","1106.59"
"01/01/2023 15:00:00 - 01/01/2023 16:00:00","BZN|DK1","1088.13","994.08","1085.38","1165.86"
"01/01/2023 16:00:00 - 01/01/2023 17:00:00","BZN|DK1","1076.17","985.46","1127.25","1143.49"
"01/01/2023 17:00:00 - 01/01/2023 18:00:00","BZN|DK1","1040.71","1011.88","1088.42","1064.26"
"01/01/2023 18:00:00 - 01/01/2023 19:00:00","BZN|DK1","942.96","1002.50","935.17","971.14"
"01/01/2023 19:00:00 - 01/01/2023 20:00:00","BZN|DK1","980.38","946.58","901.13","1026.50"
"01/01/2023 20:00:00 - 01/01/2023 21:00:00","BZN|DK1","1036.38","901.17","956.92","985.56"
"01/01/2023 21:00:00 - 01/01/2023 22:00:00","BZN|DK1","958.21","896.46","851.75","884.57"
"01/01/2023 22:00:00 - 01/01/2023 23:00:00","BZN|DK1","818.67","874.58","877.54","970.06"
"01/01/2023 23:00:00 - 02/01/2023 00:00:00","BZN|DK1","652.38","743.21","852.33","872.47"
"02/01/2023 00:00:00 - 02/01/2023 01:00:00","BZN|DK1","729.42","N/A","749.58","740.47"
"02/01/2023 01:00:00 - 02/01/2023 02:00:00","BZN|DK1","686.13","N/A","606.25","590.84"
"02/01/2023 02:00:00 - 02/01/2023 03:00:00","BZN|DK1","649.88","N/A","463.25","490.02"
"02/01/2023 03:00:00 - 02/01/2023 04:00:00","BZN|DK1","694.33","N/A","399.13","407.96"
"02/01/2023 04:00:00 - 02/01/2023 05:00:00","BZN|DK1","654.71","N/A","305.29","362.82"
"02/01/2023 05:00:00 - 02/01/2023 06:00:00","BZN|DK1","403.00","N/A","275.50","317.79"
"02/01/2023 06:00:00 - 02/01/2023 07:00:00","BZN|DK1","294.13","N/A","192.21","162.77"
"02/01/2023 07:00:00 - 02/01/2023 08:00:00","BZN|DK1","224.42","N/A","79.33","73.47"
"02/01/2023 08:00:00 - 02/01/2023 09:00:00","BZN|DK1","169.04","23.79","22.13","30.45"
"02/01/2023 09:00:00 - 02/01/2023 10:00:00","BZN|DK1","127.92","16.42","8.46","17.73"
"02/01/2023 10:00:00 - 02/01/2023 11:00:00","BZN|DK1","125.88","28.67","45.25","59.17"
"02/01/2023 11:00:00 - 02/01/2023 12:00:00","BZN|DK1","131.75","78.92","48.71","57.20"
"02/01/2023 12:00:00 - 02/01/2023 13:00:00","BZN|DK1","113.46","195.79","113.83","193.98"
"02/01/2023 13:00:00 - 02/01/2023 14:00:00","BZN|DK1","131.29","309.46","350.96","443.51"
"02/01/2023 14:00:00 - 02/01/2023 15:00:00","BZN|DK1","267.46","468.08","559.63","531.32"
"02/01/2023 15:00:00 - 02/01/2023 16:00:00","BZN|DK1","323.33","666.42","605.33","757.84"
"02/01/2023 16:00:00 - 02/01/2023 17:00:00","BZN|DK1","345.33","776.13","818.83","782.86"
"02/01/2023 17:00:00 - 02/01/2023 18:00:00","BZN|DK1","498.25","773.25","868.75","929.32"
"02/01/2023 18:00:00 - 02/01/2023 19:00:00","BZN|DK1","617.29","856.58","943.29","994.22"
"02/01/2023 19:00:00 - 02/01/2023 20:00:00","BZN|DK1","755.38","991.08","1025.17","1101.64"
"02/01/2023 20:00:00 - 02/01/2023 21:00:00","BZN|DK1","827.54","1065.17","1055.96","1108.08"
"02/01/2023 21:00:00 - 02/01/2023 22:00:00","BZN|DK1","908.38","1082.50","1098.04","1133.24"
"02/01/2023 22:00:00 - 02/01/2023 23:00:00","BZN|DK1","913.54","1089.50","1096.29","1163.45"
"02/01/2023 23:00:00 - 03/01/2023 00:00:00","BZN|DK1","955.33","1075.79","1086.33","1118.63"
"03/01/2023 00:00:00 - 03/01/2023 01:00:00","BZN|DK1","1042.71","N/A","1029.63","1152.00"
"03/01/2023 01:00:00 - 03/01/2023 02:00:00","BZN|DK1","1041.17","N/A","1023.04","1160.92"
"03/01/2023 02:00:00 - 03/01/2023 03:00:00","BZN|DK1","1006.75","N/A","1051.96","1114.07"
"03/01/2023 03:00:00 - 03/01/2023 04:00:00","BZN|DK1","879.04","N/A","963.33","934.66"
"03/01/2023 04:00:00 - 03/01/2023 05:00:00","BZN|DK1","800.38","N/A","837.25","776.99"
"03/01/2023 05:00:00 - 03/01/2023 06:00:00","BZN|DK1","812.04","N/A","706.67","672.73"
"03/01/2023 06:00:00 - 03/01/2023 07:00:00","BZN|DK1","835.54","N/A","586.83","463.87"
"03/01/2023 07:00:00 - 03/01/2023 08:00:00","BZN|DK1","769.00","N/A","479.38","400.17"
"03/01/2023 08:00:00 - 03/01/2023 09:00:00","BZN|DK1","579.63","317.67","327.33","398.72"
"03/01/2023 09:00:00 - 03/01/2023 10:00:00","BZN|DK1","423.96","379.46","397.38","469.67"
"03/01/2023 10:00:00 - 03/01/2023 11:00:00","BZN|DK1","369.25","407.58","444.71","486.67"
"03/01/2023 11:00:00 - 03/01/2023 12:00:00","BZN|DK1","370.92","365.71","375.71","441.14"
"03/01/2023 12:00:00 - 03/01/2023 13:00:00","BZN|DK1","359.21","363.00","496.83","514.60"
"03/01/2023 13:00:00 - 03/01/2023 14:00:00","BZN|DK1","337.29","356.88","324.75","240.83"
"03/01/2023 14:00:00 - 03/01/2023 15:00:00","BZN|DK1","413.92","319.54","233.71","294.90"
"03/01/2023 15:00:00 - 03/01/2023 16:00:00","BZN|DK1","508.96","365.63","402.79","521.42"
"03/01/2023 16:00:00 - 03/01/2023 17:00:00","BZN|DK1","594.25","551.00","675.75","607.32"
"03/01/2023 17:00:00 - 03/01/2023 18:00:00","BZN|DK1","763.79","745.21","685.33","723.49"
"03/01/2023 18:00:00 - 03/01/2023 19:00:00","BZN|DK1","794.25","795.63","824.54","848.34"
"03/01/2023 19:00:00 - 03/01/2023 20:00:00","BZN|DK1","819.88","839.54","822.42","873.42"
"03/01/2023 20:00:00 - 03/01/2023 21:00:00","BZN|DK1","841.71","861.46","826.50","837.16"
"03/01/2023 21:00:00 - 03/01/2023 22:00:00","BZN|DK1","893.33","868.33","898.92","911.29"
"03/01/2023 22:00:00 - 03/01/2023 23:00:00","BZN|DK1","944.04","934.50","904.21","967.93"
"03/01/2023 23:00:00 - 04/01/2023 00:00:00","BZN|DK1","1009.46","1014.63","996.75","1035.28"
"04/01/2023 00:00:00 - 04/01/2023 01:00:00","BZN|DK1","1013.13","N/A","1027.29","1099.55"
"04/01/2023 01:00:00 - 04/01/2023 02:00:00","BZN|DK1","1025.58","N/A","1060.00","1127.31"
"04/01/2023 02:00:00 - 04/01/2023 03:00:00","BZN|DK1","1002.79","N/A","1078.79","1097.77"
"04/01/2023 03:00:00 - 04/01/2023 04:00:00","BZN|DK1","1008.25","N/A","1032.29","1099.09"
"04/01/2023 04:00:00 - 04/01/2023 05:00:00","BZN|DK1","1053.54","N/A","1043.46","1005.28"
"04/01/2023 05:00:00 - 04/01/2023 06:00:00","BZN|DK1","1085.00","N/A","968.38","1101.94"
"04/01/2023 06:00:00 - 04/01/2023 07:00:00","BZN|DK1","1107.04","N/A","1093.38","1140.89"
"04/01/2023 07:00:00 - 04/01/2023 08:00:00","BZN|DK1","1141.17","N/A","1125.46","1169.13"
"04/01/2023 08:00:00 - 04/01/2023 09:00:00","BZN|DK1","1135.63","1104.42","1102.92","1155.36"
"04/01/2023 09:00:00 - 04/01/2023 10:00:00","BZN|DK1","1104.42","1097.38","1080.38","1084.69"
"04/01/2023 10:00:00 - 04/01/2023 11:00:00","BZN|DK1","1114.29","1107.38","1037.75","1077.64"
"04/01/2023 11:00:00 - 04/01/2023 12:00:00","BZN|DK1","1092.42","1094.75","1031.58","1139.99"
"04/01/2023 12:00:00 - 04/01/2023 13:00:00","BZN|DK1","1044.29","1074.71","1077.00","1136.54"
"04/01/2023 13:00:00 - 04/01/2023 14:00:00","BZN|DK1","1044.58","1045.75","1084.58","1133.44"
"04/01/2023 14:00:00 - 04/01/2023 15:00:00","BZN|DK1","1044.21","1033.88","1080.71","1062.97"
"04/01/2023 15:00:00 - 04/01/2023 16:00:00","BZN|DK1","998.25","994.42","961.08","967.99"
"04/01/2023 16:00:00 - 04/01/2023 17:00:00","BZN|DK1","997.38","974.00","943.21","1000.33"
"04/01/2023 17:00:00 - 04/01/2023 18:00:00","BZN|DK1","1049.79","1021.08","1007.04","1066.58"
"04/01/2023 18:00:00 - 04/01/2023 19:00:00","BZN|DK1","1023.79","1034.96","981.04","1016.18"
"04/01/2023 19:00:00 - 04/01/2023 20:00:00","BZN|DK1","1057.88","1016.54","1007.79","1069.38"
"04/01/2023 20:00:00 - 04/01/2023 21:00:00","BZN|DK1","1073.96","1070.92","992.75","1047.40"
"04/01/2023 21:00:00 - 04/01/2023 22:00:00","BZN|DK1","1089.38","1079.71","1038.79","1139.21"
"04/01/2023 22:00:00 - 04/01/2023 23:00:00","BZN|DK1","1100.75","1090.58","1112.58","1095.13"
"04/01/2023 23:00:00 - 05/01/2023 00:00:00","BZN|DK1","1100.58","1067.88","1060.67","1098.77"
"05/01/2023 00:00:00 - 05/01/2023 01:00:00","BZN|DK1","1023.79","N/A","1072.96","1062.08"
"05/01/2023 01:00:00 - 05/01/2023 02:00:00","BZN|DK1","1031.42","N/A","1030.50","1105.31"
"05/01/2023 02:00:00 - 05/01/2023 03:00:00","BZN|DK1","1014.17","N/A","1031.79","1073.37"
"05/01/2023 03:00:00 - 05/01/2023 04:00:00","BZN|DK1","974.71","N/A","1012.33","1017.64"
"05/01/2023 04:00:00 - 05/01/2023 05:00:00","BZN|DK1","982.71","N/A","1022.25","1131.51"
"05/01/2023 05:00:00 - 05/01/2023 06:00:00","BZN|DK1","1067.79","N/A","1062.46","1126.12"
"05/01/2023 06:00:00 - 05/01/2023 07:00:00","BZN|DK1","1025.50","N/A","1098.04","989.33"
"05/01/2023 07:00:00 - 05/01/2023 08:00:00","BZN|DK1","894.63","N/A","849.67","977.95"
"05/01/2023 08:00:00 - 05/01/2023 09:00:00","BZN|DK1","886.92","799.00","797.33","792.90"
"05/01/2023 09:00:00 - 05/01/2023 10:00:00","BZN|DK1","747.83","668.17","598.33","684.94"
"05/01/2023 10:00:00 - 05/01/2023 11:00:00","BZN|DK1","612.17","516.88","507.67","529.74"
"05/01/2023 11:00:00 - 05/01/2023 12:00:00","BZN|DK1","448.00","400.42","377.13","307.19"
"05/01/2023 12:00:00 - 05/01/2023 13:00:00","BZN|DK1","333.50","316.88","161.21","182.20"
"05/01/2023 13:00:00 - 05/01/2023 14:00:00","BZN|DK1","270.54","215.96","77.17","110.52"
"05/01/2023 14:00:00 - 05/01/2023 15:00:00","BZN|DK1","208.08","157.46","51.46","70.71"
"05/01/2023 15:00:00 - 05/01/2023 16:00:00","BZN|DK1","181.71","126.79","34.63","63.58"
"05/01/2023 16:00:00 - 05/01/2023 17:00:00","BZN|DK1","174.58","103.71","73.29","91.59"
"05/01/2023 17:00:00 - 05/01/2023 18:00:00","BZN|DK1","156.75","136.67","114.96","143.00"
"05/01/2023 18:00:00 - 05/01/2023 19:00:00","BZN|DK1","149.50","213.75","210.04","244.31"
"05/01/2023 19:00:00 - 05/01/2023 20:00:00","BZN|DK1","173.63","350.33","352.29","365.87"
"05/01/2023 20:00:00 - 05/01/2023 21:00:00","BZN|DK1","231.96","536.21","453.46","441.68"
"05/01/2023 21:00:00 - 05/01/2023 22:00:00","BZN|DK1","381.21","733.54","567.88","552.91"
"05/01/2023 22:00:00 - 05/01/2023 23:00:00","BZN|DK1","567.88","895.04","736.67","837.44"
"05/01/2023 23:00:00 - 06/01/2023 00:00:00","BZN|DK1","712.71","973.96","996.83","1000.57"
"06/01/2023 00:00:00 - 06/01/2023 01:00:00","BZN|DK1","1002.33","N/A","1070.50","1113.82"
"06/01/2023 01:00:00 - 06/01/2023 02:00:00","BZN|DK1","1039.92","N/A","1089.46","1138.82"
"06/01/2023 02:00:00 - 06/01/2023 03:00:00","BZN|DK1","1037.58","N/A","1073.00","1102.05"
"06/01/2023 03:00:00 - 06/01/2023 04:00:00","BZN|DK1","1062.50","N/A","1063.88","1113.18"
"06/01/2023 04:00:00 - 06/01/2023 05:00:00","BZN|DK1","1092.17","N/A","1057.21","1152.69"
"06/01/2023 05:00:00 - 06/01/2023 06:00:00","BZN|DK1","1112.17","N/A","1095.04","1118.45"
"06/01/2023 06:00:00 - 06/01/2023 07:00:00","BZN|DK1","1103.04","N/A","1011.17","1136.84"
"06/01/2023 07:00:00 - 06/01/2023 08:00:00","BZN|DK1","1093.21","N/A","1099.71","1149.87"
"06/01/2023 08:00:00 - 06/01/2023 09:00:00","BZN|DK1","1072.21","1073.79","1076.92","1108.55"
"06/01/2023 09:00:00 - 06/01/2023 10:00:00","BZN|DK1","1043.63","1000.79","1026.04","1096.05"
"06/01/2023 10:00:00 - 06/01/2023 11:00:00","BZN|DK1","1050.54","1021.83","1115.25","1133.44"
"06/01/2023 11:00:00 - 06/01/2023 12:00:00","BZN|DK1","1078.83","1084.67","1091.83","1123.65"
"06/01/2023 12:00:00 - 06/01/2023 13:00:00","BZN|DK1","1082.58","1077.88","1027.17","1070.49"
"06/01/2023 13:00:00 - 06/01/2023 14:00:00","BZN|DK1","1072.42","1081.92","1039.25","861.58"
"06/01/2023 14:00:00 - 06/01/2023 15:00:00","BZN|DK1","987.08","963.79","852.92","824.80"
"06/01/2023 15:00:00 - 06/01/2023 16:00:00","BZN|DK1","954.46","963.25","801.75","766.60"
"06/01/2023 16:00:00 - 06/01/2023 17:00:00","BZN|DK1","965.08","980.25","713.50","705.61"
"06/01/2023 17:00:00 - 06/01/2023 18:00:00","BZN|DK1","987.96","991.29","739.50","582.16"
"06/01/2023 18:00:00 - 06/01/2023 19:00:00","BZN|DK1","994.13","983.00","617.88","903.62"
"06/01/2023 19:00:00 - 06/01/2023 20:00:00","BZN|DK1","994.42","985.13","781.33","658.04"
"06/01/2023 20:00:00 - 06/01/2023 21:00:00","BZN|DK1","968.50","969.25","687.58","664.55"
"06/01/2023 21:00:00 - 06/01/2023 22:00:00","BZN|DK1","910.00","907.83","694.50","713.49"
"06/01/2023 22:00:00 - 06/01/2023 23:00:00","BZN|DK1","865.79","828.08","774.83","908.06"
"06/01/2023 23:00:00 - 07/01/2023 00:00:00","BZN|DK1","780.00","646.00","716.33","794.71"
"07/01/2023 00:00:00 - 07/01/2023 01:00:00","BZN|DK1","584.63","N/A","651.25","593.39"
"07/01/2023 01:00:00 - 07/01/2023 02:00:00","BZN|DK1","534.58","N/A","556.50","585.01"
"07/01/2023 02:00:00 - 07/01/2023 03:00:00","BZN|DK1","568.83","N/A","637.54","634.19"
"07/01/2023 03:00:00 - 07/01/2023 04:00:00","BZN|DK1","612.79","N/A","665.29","591.84"
"07/01/2023 04:00:00 - 07/01/2023 05:00:00","BZN|DK1","623.75","N/A","596.75","799.27"
"07/01/2023 05:00:00 - 07/01/2023 06:00:00","BZN|DK1","705.58","N/A","877.54","877.51"
"07/01/2023 06:00:00 - 07/01/2023 07:00:00","BZN|DK1","745.54","N/A","911.96","890.96"
"07/01/2023 07:00:00 - 07/01/2023 08:00:00","BZN|DK1","903.67","N/A","968.25","895.37"
"07/01/2023 08:00:00 - 07/01/2023 09:00:00","BZN|DK1","1035.79","872.33","867.04","939.91"
"07/01/2023 09:00:00 - 07/01/2023 10:00:00","BZN|DK1","1064.79","948.29","964.83","970.16"
"07/01/2023 10:00:00 - 07/01/2023 11:00:00","BZN|DK1","1095.71","973.13","1002.71","1036.72"
"07/01/2023 11:00:00 - 07/01/2023 12:00:00","BZN|DK1","1086.38","982.38","996.38","1073.58"
"07/01/2023 12:00:00 - 07/01/2023 13:00:00","BZN|DK1","1069.75","1029.67","1064.13","1111.60"
"07/01/2023 13:00:00 - 07/01/2023 14:00:00","BZN|DK1","1089.38","1036.13","1093.67","1102.11"
"07/01/2023 14:00:00 - 07/01/2023 15:00:00","BZN|DK1","1101.25","1071.42","1085.75","1120.41"
"07/01/2023 15:00:00 - 07/01/2023 16:00:00","BZN|DK1","1097.75","1032.92","1071.71","1073.54"
"07/01/2023 16:00:00 - 07/01/2023 17:00:00","BZN|DK1","1089.21","1036.04","1024.33","1036.22"
"07/01/2023 17:00:00 - 07/01/2023 18:00:00","BZN|DK1","1093.71","1057.71","1010.08","1083.93"
"07/01/2023 18:00:00 - 07/01/2023 19:00:00","BZN|DK1","1089.42","1055.38","1040.58","1081.58"
"07/01/2023 19:00:00 - 07/01/2023 20:00:00","BZN|DK1","1098.33","1071.00","1026.33","1101.96"
"07/01/2023 20:00:00 - 07/01/2023 21:00:00","BZN|DK1","1097.25","1096.79","1068.21","1093.38"
"07/01/2023 21:00:00 - 07/01/2023 22:00:00","BZN|DK1","1096.63","1097.71","1091.63","1125.13"
"07/01/2023 22:00:00 - 07/01/2023 23:00:00","BZN|DK1","1106.88","1103.75","1076.96","1121.86"
"07/01/2023 23:00:00 - 08/01/2023 00:00:00","BZN|DK1","1123.92","1091.13","1094.08","1157.50"
"08/01/2023 00:00:00 - 08/01/2023 01:00:00","BZN|DK1","1070.42","N/A","1092.04","1130.10"
"08/01/2023 01:00:00 - 08/01/2023 02:00:00","BZN|DK1","1069.13","N/A","1077.58","1152.22"
"08/01/2023 02:00:00 - 08/01/2023 03:00:00","BZN|DK1","1038.79","N/A","1070.13","1148.46"
"08/01/2023 03:00:00 - 08/01/2023 04:00:00","BZN|DK1","1041.00","N/A","1096.58","1139.73"
"08/01/2023 04:00:00 - 08/01/2023 05:00:00","BZN|DK1","1086.88","N/A","1101.58","1138.99"
"08/01/2023 05:00:00 - 08/01/2023 06:00:00","BZN|DK1","1092.25","N/A","1106.21","1143.28"
"08/01/2023 06:00:00 - 08/01/2023 07:00:00","BZN|DK1","1079.21","N/A","1099.58","1148.63"
"08/01/2023 07:00:00 - 08/01/2023 08:00:00","BZN|DK1","1099.79","N/A","1110.33","1080.94"
"08/01/2023 08:00:00 - 08/01/2023 09:00:00","BZN|DK1","1098.83","1065.04","1079.25","1141.73"
"08/01/2023 09:00:00 - 08/01/2023 10:00:00","BZN|DK1","1078.63","1060.50","1077.33","1129.80"
"08/01/2023 10:00:00 - 08/01/2023 11:00:00","BZN|DK1","1082.88","1058.79","1096.50","1117.40"
"08/01/2023 11:00:00 - 08/01/2023 12:00:00","BZN|DK1","1080.00","1034.33","1070.58","1093.91"
"08/01/2023 12:00:00 - 08/01/2023 13:00:00","BZN|DK1","1073.13","1005.71","1038.00","1063.71"
"08/01/2023 13:00:00 - 08/01/2023 14:00:00","BZN|DK1","1062.21","1003.25","1029.83","1026.24"
"08/01/2023 14:00:00 - 08/01/2023 15:00:00","BZN|DK1","1065.13","1024.17","1006.25","949.72"
"08/01/2023 15:00:00 - 08/01/2023 16:00:00","BZN|DK1","1049.25","1001.17","945.29","925.25"
"08/01/2023 16:00:00 - 08/01/2023 17:00:00","BZN|DK1","1066.42","1030.04","862.08","897.27"
"08/01/2023 17:00:00 - 08/01/2023 18:00:00","BZN|DK1","1056.29","1052.29","874.08","929.15"
"08/01/2023 18:00:00 - 08/01/2023 19:00:00","BZN|DK1","1012.38","1015.83","878.88","878.42"
"08/01/2023 19:00:00 - 08/01/2023 20:00:00","BZN|DK1","1006.25","980.92","833.63","871.63"
"08/01/2023 20:00:00 - 08/01/2023 21:00:00","BZN|DK1","992.75","977.79","886.67","914.77"
"08/01/2023 21:00:00 - 08/01/2023 22:00:00","BZN|DK1","997.71","980.29","889.71","799.50"
"08/01/2023 22:00:00 - 08/01/2023 23:00:00","BZN|DK1","1018.50","973.88","796.83","794.14"
"08/01/2023 23:00:00 - 09/01/2023 00:00:00","BZN|DK1","1000.63","948.17","832.29","883.42"
"09/01/2023 00:00:00 - 09/01/2023 01:00:00","BZN|DK1","905.75","N/A","864.21","834.54"
"09/01/2023 01:00:00 - 09/01/2023 02:00:00","BZN|DK1","893.88","N/A","868.38","922.89"
"09/01/2023 02:00:00 - 09/01/2023 03:00:00","BZN|DK1","880.58","N/A","912.13","921.72"
"09/01/2023 03:00:00 - 09/01/2023 04:00:00","BZN|DK1","923.96","N/A","958.58","921.82"
"09/01/2023 04:00:00 - 09/01/2023 05:00:00","BZN|DK1","994.33","N/A","935.42","760.28"
"09/01/2023 05:00:00 - 09/01/2023 06:00:00","BZN|DK1","1006.83","N/A","723.88","925.91"
"09/01/2023 06:00:00 - 09/01/2023 07:00:00","BZN|DK1","887.58","N/A","893.42","919.81"
"09/01/2023 07:00:00 - 09/01/2023 08:00:00","BZN|DK1","748.83","N/A","873.79","873.59"
"09/01/2023 08:00:00 - 09/01/2023 09:00:00","BZN|DK1","621.54","736.58","711.75","671.68"
"09/01/2023 09:00:00 - 09/01/2023 10:00:00","BZN|DK1","515.13","669.13","663.00","713.72"
"09/01/2023 10:00:00 - 09/01/2023 11:00:00","BZN|DK1","534.29","629.25","640.00","740.98"
"09/01/2023 11:00:00 - 09/01/2023 12:00:00","BZN|DK1","571.25","573.00","693.29","731.51"
"09/01/2023 12:00:00 - 09/01/2023 13:00:00","BZN|DK1","575.33","669.96","650.25","596.55"
"09/01/2023 13:00:00 - 09/01/2023 14:00:00","BZN|DK1","517.42","633.75","587.13","614.11"
"09/01/2023 14:00:00 - 09/01/2023 15:00:00","BZN|DK1","417.58","505.67","521.71","595.42"
"09/01/2023 15:00:00 - 09/01/2023 16:00:00","BZN|DK1","373.79","395.54","509.50","460.75"
"09/01/2023 16:00:00 - 09/01/2023 17:00:00","BZN|DK1","373.54","297.71","420.00","388.09"
"09/01/2023 17:00:00 - 09/01/2023 18:00:00","BZN|DK1","340.25","278.21","416.25","462.42"
"09/01/2023 18:00:00 - 09/01/2023 19:00:00","BZN|DK1","366.42","355.42","444.42","501.63"
"09/01/2023 19:00:00 - 09/01/2023 20:00:00","BZN|DK1","402.58","400.67","500.54","498.78"
"09/01/2023 20:00:00 - 09/01/2023 21:00:00","BZN|DK1","445.33","478.50","550.83","543.60"
"09/01/2023 21:00:00 - 09/01/2023 22:00:00","BZN|DK1","509.96","552.00","558.33","622.46"
"09/01/2023 22:00:00 - 09/01/2023 23:00:00","BZN|DK1","604.42","576.33","646.00","649.28"
"09/01/2023 23:00:00 - 10/01/2023 00:00:00","BZN|DK1","639.50","628.17","612.92","631.99"
"10/01/2023 00:00:00 - 10/01/2023 01:00:00","BZN|DK1","538.54","N/A","610.38","698.72"
"10/01/2023 01:00:00 - 10/01/2023 02:00:00","BZN|DK1","548.58","N/A","649.38","652.16"
"10/01/2023 02:00:00 - 10/01/2023 03:00:00","BZN|DK1","464.58","N/A","524.75","535.05"
"10/01/2023 03:00:00 - 10/01/2023 04:00:00","BZN|DK1","435.50","N/A","458.75","572.23"
"10/01/2023 04:00:00 - 10/01/2023 05:00:00","BZN|DK1","508.71","N/A","567.58","594.51"
"10/01/2023 05:00:00 - 10/01/2023 06:00:00","BZN|DK1","518.92","N/A","492.13","491.68"
"10/01/2023 06:00:00 - 10/01/2023 07:00:00","BZN|DK1","488.88","N/A","411.63","412.47"
"10/01/2023 07:00:00 - 10/01/2023 08:00:00","BZN|DK1","501.67","N/A","452.46","377.91"
"10/01/2023 08:00:00 - 10/01/2023 09:00:00","BZN|DK1","532.96","357.42","353.75","360.91"
"10/01/2023 09:00:00 - 10/01/2023 10:00:00","BZN|DK1","479.33","397.88","322.88","273.23"
"10/01/2023 10:00:00 - 10/01/2023 11:00:00","BZN|DK1","462.50","417.79","330.75","436.62"
"10/01/2023 11:00:00 - 10/01/2023 12:00:00","BZN|DK1","512.96","427.83","555.13","620.64"
"10/01/2023 12:00:00 - 10/01/2023 13:00:00","BZN|DK1","575.67","551.13","607.25","677.98"
"10/01/2023 13:00:00 - 10/01/2023 14:00:00","BZN|DK1","660.75","672.83","771.38","659.07"
"10/01/2023 14:00:00 - 10/01/2023 15:00:00","BZN|DK1","788.13","786.67","637.42","802.94"
"10/01/2023 15:00:00 - 10/01/2023 16:00:00","BZN|DK1","900.92","902.58","931.17","823.28"
"10/01/2023 16:00:00 - 10/01/2023 17:00:00","BZN|DK1","959.38","976.96","900.92","929.02"
"10/01/2023 17:00:00 - 10/01/2023 18:00:00","BZN|DK1","1016.79","1008.58","975.67","1090.65"
"10/01/2023 18:00:00 - 10/01/2023 19:00:00","BZN|DK1","1057.21","1047.25","1072.88","855.06"
"10/01/2023 19:00:00 - 10/01/2023 20:00:00","BZN|DK1","1093.46","1074.83","809.83","903.03"
"10/01/2023 20:00:00 - 10/01/2023 21:00:00","BZN|DK1","1113.83","1098.63","906.33","850.51"
"10/01/2023 21:00:00 - 10/01/2023 22:00:00","BZN|DK1","1088.33","1050.63","898.96","1150.35"
"10/01/2023 22:00:00 - 10/01/2023 23:00:00","BZN|DK1","1062.25","1049.38","1102.75","1132.29"
"10/01/2023 23:00:00 - 11/01/2023 00:00:00","BZN|DK1","1057.08","1030.00","1065.96","1120.99"
"11/01/2023 00:00:00 - 11/01/2023 01:00:00","BZN|DK1","1031.50","N/A","1034.00","1135.10"
"11/01/2023 01:00:00 - 11/01/2023 02:00:00","BZN|DK1","1023.08","N/A","977.38","998.75"
"11/01/2023 02:00:00 - 11/01/2023 03:00:00","BZN|DK1","969.92","N/A","904.00","984.62"
"11/01/2023 03:00:00 - 11/01/2023 04:00:00","BZN|DK1","955.29","N/A","898.58","676.11"
"11/01/2023 04:00:00 - 11/01/2023 05:00:00","BZN|DK1","998.71","N/A","712.54","735.77"
"11/01/2023 05:00:00 - 11/01/2023 06:00:00","BZN|DK1","1040.79","N/A","773.00","785.88"
"11/01/2023 06:00:00 - 11/01/2023 07:00:00","BZN|DK1","1040.25","N/A","782.92","1005.49"
"11/01/2023 07:00:00 - 11/01/2023 08:00:00","BZN|DK1","1054.54","N/A","1079.58","1114.80"
"11/01/2023 08:00:00 - 11/01/2023 09:00:00","BZN|DK1","1009.00","1065.17","1065.08","764.36"
"11/01/2023 09:00:00 - 11/01/2023 10:00:00","BZN|DK1","962.33","1040.00","782.33","717.84"
"11/01/2023 10:00:00 - 11/01/2023 11:00:00","BZN|DK1","917.88","1003.88","729.75","674.13"
"11/01/2023 11:00:00 - 11/01/2023 12:00:00","BZN|DK1","903.71","967.13","753.75","829.51"
"11/01/2023 12:00:00 - 11/01/2023 13:00:00","BZN|DK1","958.63","1012.83","868.71","1039.83"
"11/01/2023 13:00:00 - 11/01/2023 14:00:00","BZN|DK1","999.54","1032.50","1002.29","1037.18"
"11/01/2023 14:00:00 - 11/01/2023 15:00:00","BZN|DK1","1005.08","1056.21","950.46","779.41"
"11/01/2023 15:00:00 - 11/01/2023 16:00:00","BZN|DK1","1024.04","1073.79","784.63","879.67"
"11/01/2023 16:00:00 - 11/01/2023 17:00:00","BZN|DK1","1061.96","1071.79","856.83","696.84"
"11/01/2023 17:00:00 - 11/01/2023 18:00:00","BZN|DK1","1063.83","1083.67","773.42","1039.61"
"11/01/2023 18:00:00 - 11/01/2023 19:00:00","BZN|DK1","1041.58","1061.58","1065.75","1025.91"
"11/01/2023 19:00:00 - 11/01/2023 20:00:00","BZN|DK1","1062.58","1065.25","1036.04","1096.19"
"11/01/2023 20:00:00 - 11/01/2023 21:00:00","BZN|DK1","1103.63","1091.42","1062.17","1151.29"
"11/01/2023 21:00:00 - 11/01/2023 22:00:00","BZN|DK1","1102.96","1087.54","1121.71","1136.86"
"11/01/2023 22:00:00 - 11/01/2023 23:00:00","BZN|DK1","1088.67","1071.04","1115.13","1151.42"
"11/01/2023 23:00:00 - 12/01/2023 00:00:00","BZN|DK1","1073.25","1060.58","1137.42","1152.84"
"12/01/2023 00:00:00 - 12/01/2023 01:00:00","BZN|DK1","1070.46","N/A","1077.00","1123.49"
"12/01/2023 01:00:00 - 12/01/2023 02:00:00","BZN|DK1","1045.08","N/A","1103.17","1154.01"
"12/01/2023 02:00:00 - 12/01/2023 03:00:00","BZN|DK1","1020.38","N/A","1101.54","1123.34"
"12/01/2023 03:00:00 - 12/01/2023 04:00:00","BZN|DK1","1026.58","N/A","1064.25","981.59"
"12/01/2023 04:00:00 - 12/01/2023 05:00:00","BZN|DK1","1080.38","N/A","1012.96","1110.94"
"12/01/2023 05:00:00 - 12/01/2023 06:00:00","BZN|DK1","1073.33","N/A","990.63","1054.52"
"12/01/2023 06:00:00 - 12/01/2023 07:00:00","BZN|DK1","1026.17","N/A","918.13","951.56"
"12/01/2023 07:00:00 - 12/01/2023 08:00:00","BZN|DK1","959.25","N/A","767.25","657.46"
"12/01/2023 08:00:00 - 12/01/2023 09:00:00","BZN|DK1","884.04","476.00","506.29","606.50"
"12/01/2023 09:00:00 - 12/01/2023 10:00:00","BZN|DK1","848.79","341.88","500.83","426.90"
"12/01/2023 10:00:00 - 12/01/2023 11:00:00","BZN|DK1","911.96","324.33","379.17","382.50"
"12/01/2023 11:00:00 - 12/01/2023 12:00:00","BZN|DK1","765.42","326.92","382.25","326.54"
"12/01/2023 12:00:00 - 12/01/2023 13:00:00","BZN|DK1","637.88","303.13","270.08","166.99"
"12/01/2023 13:00:00 - 12/01/2023 14:00:00","BZN|DK1","552.38","284.75","126.04","38.29"
"12/01/2023 14:00:00 - 12/01/2023 15:00:00","BZN|DK1","515.83","331.88","110.38","73.85"
"12/01/2023 15:00:00 - 12/01/2023 16:00:00","BZN|DK1","516.58","450.88","173.21","225.91"
"12/01/2023 16:00:00 - 12/01/2023 17:00:00","BZN|DK1","581.75","518.88","354.29","312.68"
"12/01/2023 17:00:00 - 12/01/2023 18:00:00","BZN|DK1","674.67","570.29","345.96","364.12"
"12/01/2023 18:00:00 - 12/01/2023 19:00:00","BZN|DK1","811.17","686.54","506.75","476.21"
"12/01/2023 19:00:00 - 12/01/2023 20:00:00","BZN|DK1","896.67","830.63","627.13","689.62"
"12/01/2023 20:00:00 - 12/01/2023 21:00:00","BZN|DK1","944.75","919.58","808.17","870.80"
"12/01/2023 21:00:00 - 12/01/2023 22:00:00","BZN|DK1","1011.63","1032.54","970.21","968.07"
"12/01/2023 22:00:00 - 12/01/2023 23:00:00","BZN|DK1","1072.17","1084.25","988.33","1055.76"
"12/01/2023 23:00:00 - 13/01/2023 00:00:00","BZN|DK1","1072.04","1103.67","1089.88","1116.32"
"13/01/2023 00:00:00 - 13/01/2023 01:00:00","BZN|DK1","1036.33","N/A","1042.79","1132.84"
"13/01/2023 01:00:00 - 13/01/2023 02:00:00","BZN|DK1","1026.79","N/A","1075.38","1152.92"
"13/01/2023 02:00:00 - 13/01/2023 03:00:00","BZN|DK1","985.25","N/A","1075.88","1100.67"
"13/01/2023 03:00:00 - 13/01/2023 04:00:00","BZN|DK1","973.21","N/A","1043.71","1086.00"
"13/01/2023 04:00:00 - 13/01/2023 05:00:00","BZN|DK1","1015.42","N/A","1049.92","1103.08"
"13/01/2023 05:00:00 - 13/01/2023 06:00:00","BZN|DK1","1036.58","N/A","1091.71","1148.06"
"13/01/2023 06:00:00 - 13/01/2023 07:00:00","BZN|DK1","1058.92","N/A","1075.33","1102.94"
"13/01/2023 07:00:00 - 13/01/2023 08:00:00","BZN|DK1","1098.08","N/A","1115.83","1179.76"
"13/01/2023 08:00:00 - 13/01/2023 09:00:00","BZN|DK1","1101.92","N/A","1122.00","1179.17"
"13/01/2023 09:00:00 - 13/01/2023 10:00:00","BZN|DK1","1083.21","N/A","1104.88","1180.50"
"13/01/2023 10:00:00 - 13/01/2023 11:00:00","BZN|DK1","1072.29","N/A","1126.88","1173.66"
"13/01/2023 11:00:00 - 13/01/2023 12:00:00","BZN|DK1","1066.38","N/A","1112.67","1181.66"
"13/01/2023 12:00:00 - 13/01/2023 13:00:00","BZN|DK1","1077.83","N/A","1082.88","1180.50"
"13/01/2023 13:00:00 - 13/01/2023 14:00:00","BZN|DK1","1085.71","N/A","1117.25","1172.71"
"13/01/2023 14:00:00 - 13/01/2023 15:00:00","BZN|DK1","1099.17","N/A","1120.63","1174.57"
"13/01/2023 15:00:00 - 13/01/2023 16:00:00","BZN|DK1","1103.29","N/A","1134.79","1172.03"
"13/01/2023 16:00:00 - 13/01/2023 17:00:00","BZN|DK1","1097.42","N/A","1118.08","1170.06"
"13/01/2023 17:00:00 - 13/01/2023 18:00:00","BZN|DK1","1084.46","N/A","1105.79","1172.68"
"13/01/2023 18:00:00 - 13/01/2023 19:00:00","BZN|DK1","1067.00","N/A","1110.42","1176.22"
"13/01/2023 19:00:00 - 13/01/2023 20:00:00","BZN|DK1","1066.17","N/A","1112.42","1175.33"
"13/01/2023 20:00:00 - 13/01/2023 21:00:00","BZN|DK1","1074.13","N/A","1105.63","1172.86"
"13/01/2023 21:00:00 - 13/01/2023 22:00:00","BZN|DK1","1067.88","N/A","1109.92","1146.24"
"13/01/2023 22:00:00 - 13/01/2023 23:00:00","BZN|DK1","1071.38","N/A","1089.38","1149.30"
"13/01/2023 23:00:00 - 14/01/2023 00:00:00","BZN|DK1","1070.21","N/A","1116.79","1170.65"
"14/01/2023 00:00:00 - 14/01/2023 01:00:00","BZN|DK1","1073.33","N/A","1106.79","1141.88"
"14/01/2023 01:00:00 - 14/01/2023 02:00:00","BZN|DK1","1088.88","N/A","1099.50","1167.59"
"14/01/2023 02:00:00 - 14/01/2023 03:00:00","BZN|DK1","1056.29","N/A","1101.79","1092.26"
"14/01/2023 03:00:00 - 14/01/2023 04:00:00","BZN|DK1","1025.33","N/A","1023.42","1152.65"
"14/01/2023 04:00:00 - 14/01/2023 05:00:00","BZN|DK1","1036.38","N/A","1087.92","1160.25"
"14/01/2023 05:00:00 - 14/01/2023 06:00:00","BZN|DK1","1033.96","N/A","1102.75","1094.35"
"14/01/2023 06:00:00 - 14/01/2023 07:00:00","BZN|DK1","1009.83","N/A","1028.33","1055.73"
"14/01/2023 07:00:00 - 14/01/2023 08:00:00","BZN|DK1","986.46","N/A","977.42","906.63"
"14/01/2023 08:00:00 - 14/01/2023 09:00:00","BZN|DK1","958.58","855.83","859.75","979.90"
"14/01/2023 09:00:00 - 14/01/2023 10:00:00","BZN|DK1","970.83","845.75","954.38","931.65"
"14/01/2023 10:00:00 - 14/01/2023 11:00:00","BZN|DK1","943.75","917.92","928.21","970.21"
"14/01/2023 11:00:00 - 14/01/2023 12:00:00","BZN|DK1","999.96","953.79","1033.54","1048.00"
"14/01/2023 12:00:00 - 14/01/2023 13:00:00","BZN|DK1","1017.46","953.83","951.58","1006.83"
"14/01/2023 13:00:00 - 14/01/2023 14:00:00","BZN|DK1","1010.92","939.67","978.13","1048.34"
"14/01/2023 14:00:00 - 14/01/2023 15:00:00","BZN|DK1","1044.96","997.13","1115.79","1062.79"
"14/01/2023 15:00:00 - 14/01/2023 16:00:00","BZN|DK1","1084.08","1066.67","1057.96","1048.84"
"14/01/2023 16:00:00 - 14/01/2023 17:00:00","BZN|DK1","1089.38","1054.67","1032.04","1098.30"
"14/01/2023 17:00:00 - 14/01/2023 18:00:00","BZN|DK1","1091.63","1034.25","1027.58","1144.55"
"14/01/2023 18:00:00 - 14/01/2023 19:00:00","BZN|DK1","1087.63","1030.21","1078.46","1085.96"
"14/01/2023 19:00:00 - 14/01/2023 20:00:00","BZN|DK1","1064.67","1040.83","1001.25","1139.54"
"14/01/2023 20:00:00 - 14/01/2023 21:00:00","BZN|DK1","1046.08","1056.58","1089.13","1158.81"
"14/01/2023 21:00:00 - 14/01/2023 22:00:00","BZN|DK1","1032.25","1055.08","1101.54","1104.78"
"14/01/2023 22:00:00 - 14/01/2023 23:00:00","BZN|DK1","1047.29","1078.71","1030.46","1106.75"
"14/01/2023 23:00:00 - 15/01/2023 00:00:00","BZN|DK1","1063.13","1098.42","1075.54","1061.27"
"15/01/2023 00:00:00 - 15/01/2023 01:00:00","BZN|DK1","1053.08","N/A","1003.46","1146.29"
"15/01/2023 01:00:00 - 15/01/2023 02:00:00","BZN|DK1","1072.54","N/A","1105.58","1148.98"
"15/01/2023 02:00:00 - 15/01/2023 03:00:00","BZN|DK1","1015.00","N/A","1079.38","1108.32"
"15/01/2023 03:00:00 - 15/01/2023 04:00:00","BZN|DK1","991.96","N/A","1017.54","1066.86"
"15/01/2023 04:00:00 - 15/01/2023 05:00:00","BZN|DK1","1013.13","N/A","1009.71","1054.69"
"15/01/2023 05:00:00 - 15/01/2023 06:00:00","BZN|DK1","1032.63","N/A","1020.46","1092.39"
"15/01/2023 06:00:00 - 15/01/2023 07:00:00","BZN|DK1","1035.46","N/A","1010.04","1075.32"
"15/01/2023 07:00:00 - 15/01/2023 08:00:00","BZN|DK1","1060.33","N/A","1078.79","1073.36"
"15/01/2023 08:00:00 - 15/01/2023 09:00:00","BZN|DK1","1079.96","1013.92","1022.67","1064.51"
"15/01/2023 09:00:00 - 15/01/2023 10:00:00","BZN|DK1","1047.46","980.13","930.71","1003.00"
"15/01/2023 10:00:00 - 15/01/2023 11:00:00","BZN|DK1","1017.54","937.79","900.25","912.25"
"15/01/2023 11:00:00 - 15/01/2023 12:00:00","BZN|DK1","917.08","848.83","807.08","907.60"
"15/01/2023 12:00:00 - 15/01/2023 13:00:00","BZN|DK1","824.29","872.29","886.33","867.84"
"15/01/2023 13:00:00 - 15/01/2023 14:00:00","BZN|DK1","915.50","918.46","869.00","984.00"
"15/01/2023 14:00:00 - 15/01/2023 15:00:00","BZN|DK1","994.08","921.42","1038.67","1025.29"
"15/01/2023 15:00:00 - 15/01/2023 16:00:00","BZN|DK1","1003.50","984.21","984.75","1016.38"
"15/01/2023 16:00:00 - 15/01/2023 17:00:00","BZN|DK1","987.67","1007.50","1023.17","1113.32"
"15/01/2023 17:00:00 - 15/01/2023 18:00:00","BZN|DK1","1007.92","993.21","1057.46","1158.94"
"15/01/2023 18:00:00 - 15/01/2023 19:00:00","BZN|DK1","1029.08","1021.25","1107.50","1089.85"
"15/01/2023 19:00:00 - 15/01/2023 20:00:00","BZN|DK1","1039.92","1041.04","1055.42","1159.45"
"15/01/2023 20:00:00 - 15/01/2023 21:00:00","BZN|DK1","1016.13","1055.17","1110.29","1159.83"
"15/01/2023 21:00:00 - 15/01/2023 22:00:00","BZN|DK1","1014.33","1077.42","1097.92","1133.97"
"15/01/2023 22:00:00 - 15/01/2023 23:00:00","BZN|DK1","1035.38","1111.96","1064.79","1113.36"
"15/01/2023 23:00:00 - 16/01/2023 00:00:00","BZN|DK1","1039.67","1098.25","1054.17","1079.01"
"16/01/2023 00:00:00 - 16/01/2023 01:00:00","BZN|DK1","1059.17","N/A","1054.96","1114.42"
"16/01/2023 01:00:00 - 16/01/2023 02:00:00","BZN|DK1","1018.67","N/A","1086.00","1109.01"
"16/01/2023 02:00:00 - 16/01/2023 03:00:00","BZN|DK1","959.21","N/A","1012.17","1041.27"
"16/01/2023 03:00:00 - 16/01/2023 04:00:00","BZN|DK1","900.71","N/A","848.21","808.71"
"16/01/2023 04:00:00 - 16/01/2023 05:00:00","BZN|DK1","738.00","N/A","644.63","599.98"
"16/01/2023 05:00:00 - 16/01/2023 06:00:00","BZN|DK1","585.46","N/A","433.79","513.54"
"16/01/2023 06:00:00 - 16/01/2023 07:00:00","BZN|DK1","484.54","N/A","408.00","404.92"
"16/01/2023 07:00:00 - 16/01/2023 08:00:00","BZN|DK1","427.50","N/A","333.46","470.61"
"16/01/2023 08:00:00 - 16/01/2023 09:00:00","BZN|DK1","460.33","551.00","585.92","764.59"
"16/01/2023 09:00:00 - 16/01/2023 10:00:00","BZN|DK1","529.21","665.33","685.42","787.72"
"16/01/2023 10:00:00 - 16/01/2023 11:00:00","BZN|DK1","520.63","768.63","872.50","887.94"
"16/01/2023 11:00:00 - 16/01/2023 12:00:00","BZN|DK1","672.04","839.58","948.75","849.58"
"16/01/2023 12:00:00 - 16/01/2023 13:00:00","BZN|DK1","822.63","822.42","787.08","907.85"
"16/01/2023 13:00:00 - 16/01/2023 14:00:00","BZN|DK1","862.17","776.50","857.08","877.41"
"16/01/2023 14:00:00 - 16/01/2023 15:00:00","BZN|DK1","773.58","702.54","824.50","719.64"
"16/01/2023 15:00:00 - 16/01/2023 16:00:00","BZN|DK1","659.17","717.00","703.58","770.57"
"16/01/2023 16:00:00 - 16/01/2023 17:00:00","BZN|DK1","574.88","733.04","742.50","795.17"
"16/01/2023 17:00:00 - 16/01/2023 18:00:00","BZN|DK1","520.13","806.00","794.79","878.83"
"16/01/2023 18:00:00 - 16/01/2023 19:00:00","BZN|DK1","446.79","729.00","834.63","895.63"
"16/01/2023 19:00:00 - 16/01/2023 20:00:00","BZN|DK1","474.63","661.42","793.50","717.76"
"16/01/2023 20:00:00 - 16/01/2023 21:00:00","BZN|DK1","545.58","586.88","676.33","752.91"
"16/01/2023 21:00:00 - 16/01/2023 22:00:00","BZN|DK1","598.75","524.67","789.00","952.14"
"16/01/2023 22:00:00 - 16/01/2023 23:00:00","BZN|DK1","627.75","473.96","981.67","830.93"
"16/01/2023 23:00:00 - 17/01/2023 00:00:00","BZN|DK1","687.29","431.25","744.13","714.63"
"17/01/2023 00:00:00 - 17/01/2023 01:00:00","BZN|DK1","658.25","N/A","640.21","562.82"
"17/01/2023 01:00:00 - 17/01/2023 02:00:00","BZN|DK1","591.46","N/A","472.92","526.59"
"17/01/2023 02:00:00 - 17/01/2023 03:00:00","BZN|DK1","563.92","N/A","471.71","424.23"
"17/01/2023 03:00:00 - 17/01/2023 04:00:00","BZN|DK1","633.21","N/A","375.46","436.46"
"17/01/2023 04:00:00 - 17/01/2023 05:00:00","BZN|DK1","839.58","N/A","554.50","568.78"
"17/01/2023 05:00:00 - 17/01/2023 06:00:00","BZN|DK1","827.75","N/A","771.04","991.03"
"17/01/2023 06:00:00 - 17/01/2023 07:00:00","BZN|DK1","897.00","N/A","1093.88","1151.34"
"17/01/2023 07:00:00 - 17/01/2023 08:00:00","BZN|DK1","995.67","N/A","1155.71","1144.55"
"17/01/2023 08:00:00 - 17/01/2023 09:00:00","BZN|DK1","1059.42","1136.79","1129.54","1120.54"
"17/01/2023 09:00:00 - 17/01/2023 10:00:00","BZN|DK1","1122.75","1093.46","1067.46","1115.05"
"17/01/2023 10:00:00 - 17/01/2023 11:00:00","BZN|DK1","1117.38","1028.04","1095.83","1102.79"
"17/01/2023 11:00:00 - 17/01/2023 12:00:00","BZN|DK1","1048.21","956.92","1040.46","1100.18"
"17/01/2023 12:00:00 - 17/01/2023 13:00:00","BZN|DK1","854.83","837.96","1006.58","1037.96"
"17/01/2023 13:00:00 - 17/01/2023 14:00:00","BZN|DK1","762.75","637.67","813.63","682.67"
"17/01/2023 14:00:00 - 17/01/2023 15:00:00","BZN|DK1","792.17","458.92","533.33","505.86"
"17/01/2023 15:00:00 - 17/01/2023 16:00:00","BZN|DK1","743.83","435.13","400.63","435.11"
"17/01/2023 16:00:00 - 17/01/2023 17:00:00","BZN|DK1","680.00","685.00","481.63","505.87"
"17/01/2023 17:00:00 - 17/01/2023 18:00:00","BZN|DK1","632.13","806.92","593.04","683.85"
"17/01/2023 18:00:00 - 17/01/2023 19:00:00","BZN|DK1","646.75","927.96","770.38","785.94"
"17/01/2023 19:00:00 - 17/01/2023 20:00:00","BZN|DK1","749.67","1010.58","764.33","378.08"
"17/01/2023 20:00:00 - 17/01/2023 21:00:00","BZN|DK1","873.00","1073.38","325.75","252.96"
"17/01/2023 21:00:00 - 17/01/2023 22:00:00","BZN|DK1","918.25","1101.79","331.71","461.73"
"17/01/2023 22:00:00 - 17/01/2023 23:00:00","BZN|DK1","980.25","1085.04","509.33","638.98"
"17/01/2023 23:00:00 - 18/01/2023 00:00:00","BZN|DK1","1026.79","1029.00","643.21","869.02"
"18/01/2023 00:00:00 - 18/01/2023 01:00:00","BZN|DK1","958.17","N/A","904.50","643.23"
"18/01/2023 01:00:00 - 18/01/2023 02:00:00","BZN|DK1","982.83","N/A","636.63","701.10"
"18/01/2023 02:00:00 - 18/01/2023 03:00:00","BZN|DK1","980.50","N/A","913.33","1094.46"
"18/01/2023 03:00:00 - 18/01/2023 04:00:00","BZN|DK1","921.83","N/A","1002.29","1085.25"
"18/01/2023 04:00:00 - 18/01/2023 05:00:00","BZN|DK1","849.04","N/A","964.25","1025.06"
"18/01/2023 05:00:00 - 18/01/2023 06:00:00","BZN|DK1","795.63","N/A","974.83","946.32"
"18/01/2023 06:00:00 - 18/01/2023 07:00:00","BZN|DK1","731.58","N/A","782.21","796.11"
"18/01/2023 07:00:00 - 18/01/2023 08:00:00","BZN|DK1","738.71","N/A","876.79","827.86"
"18/01/2023 08:00:00 - 18/01/2023 09:00:00","BZN|DK1","784.13","761.88","746.83","769.62"
"18/01/2023 09:00:00 - 18/01/2023 10:00:00","BZN|DK1","744.38","780.71","764.42","713.97"
"18/01/2023 10:00:00 - 18/01/2023 11:00:00","BZN|DK1","768.21","703.71","730.96","832.56"
"18/01/2023 11:00:00 - 18/01/2023 12:00:00","BZN|DK1","824.46","636.29","787.46","1038.46"
"18/01/2023 12:00:00 - 18/01/2023 13:00:00","BZN|DK1","814.21","614.54","968.79","958.79"
"18/01/2023 13:00:00 - 18/01/2023 14:00:00","BZN|DK1","800.79","746.13","916.75","966.91"
"18/01/2023 14:00:00 - 18/01/2023 15:00:00","BZN|DK1","675.42","877.63","902.42","916.88"
"18/01/2023 15:00:00 - 18/01/2023 16:00:00","BZN|DK1","579.38","824.04","808.25","636.87"
"18/01/2023 16:00:00 - 18/01/2023 17:00:00","BZN|DK1","568.13","693.29","492.71","567.40"
"18/01/2023 17:00:00 - 18/01/2023 18:00:00","BZN|DK1","569.08","741.58","678.04","756.34"
"18/01/2023 18:00:00 - 18/01/2023 19:00:00","BZN|DK1","548.38","759.63","823.42","888.95"
"18/01/2023 19:00:00 - 18/01/2023 20:00:00","BZN|DK1","548.50","758.08","866.71","881.27"
"18/01/2023 20:00:00 - 18/01/2023 21:00:00","BZN|DK1","552.83","793.08","831.29","837.03"
"18/01/2023 21:00:00 - 18/01/2023 22:00:00","BZN|DK1","493.63","845.25","836.08","908.12"
"18/01/2023 22:00:00 - 18/01/2023 23:00:00","BZN|DK1","466.00","871.75","912.13","954.75"
"18/01/2023 23:00:00 - 19/01/2023 00:00:00","BZN|DK1","489.29","824.46","915.71","995.82"
"19/01/2023 00:00:00 - 19/01/2023 01:00:00","BZN|DK1","708.38","N/A","833.17","935.05"
"19/01/2023 01:00:00 - 19/01/2023 02:00:00","BZN|DK1","628.25","N/A","747.92","850.39"
"19/01/2023 02:00:00 - 19/01/2023 03:00:00","BZN|DK1","641.38","N/A","731.38","930.66"
"19/01/2023 03:00:00 - 19/01/2023 04:00:00","BZN|DK1","667.33","N/A","829.63","886.24"
"19/01/2023 04:00:00 - 19/01/2023 05:00:00","BZN|DK1","710.21","N/A","866.58","882.99"
"19/01/2023 05:00:00 - 19/01/2023 06:00:00","BZN|DK1","664.96","N/A","711.25","758.63"
"19/01/2023 06:00:00 - 19/01/2023 07:00:00","BZN|DK1","712.75","N/A","648.58","691.86"
"19/01/2023 07:00:00 - 19/01/2023 08:00:00","BZN|DK1","789.88","N/A","675.17","700.80"
"19/01/2023 08:00:00 - 19/01/2023 09:00:00","BZN|DK1","668.17","649.58","640.96","583.32"
"19/01/2023 09:00:00 - 19/01/2023 10:00:00","BZN|DK1","613.13","617.67","482.46","488.15"
"19/01/2023 10:00:00 - 19/01/2023 11:00:00","BZN|DK1","586.04","569.71","412.71","434.50"
"19/01/2023 11:00:00 - 19/01/2023 12:00:00","BZN|DK1","531.75","486.71","404.92","396.85"
"19/01/2023 12:00:00 - 19/01/2023 13:00:00","BZN|DK1","455.17","423.25","357.50","380.38"
"19/01/2023 13:00:00 - 19/01/2023 14:00:00","BZN|DK1","365.63","337.25","337.17","285.13"
"19/01/2023 14:00:00 - 19/01/2023 15:00:00","BZN|DK1","318.29","194.21","104.46","114.29"
"19/01/2023 15:00:00 - 19/01/2023 16:00:00","BZN|DK1","241.50","64.67","6.79","32.37"
"19/01/2023 16:00:00 - 19/01/2023 17:00:00","BZN|DK1","268.54","66.96","1.63","24.43"
"19/01/2023 17:00:00 - 19/01/2023 18:00:00","BZN|DK1","400.88","106.04","8.38","40.86"
"19/01/2023 18:00:00 - 19/01/2023 19:00:00","BZN|DK1","469.79","208.00","44.33","29.46"
"19/01/2023 19:00:00 - 19/01/2023 20:00:00","BZN|DK1","531.38","190.92","47.13","61.15"
"19/01/2023 20:00:00 - 19/01/2023 21:00:00","BZN|DK1","551.29","201.96","65.29","153.46"
"19/01/2023 21:00:00 - 19/01/2023 22:00:00","BZN|DK1","512.04","188.83","218.00","185.64"
"19/01/2023 22:00:00 - 19/01/2023 23:00:00","BZN|DK1","498.79","146.71","72.75","51.41"
"19/01/2023 23:00:00 - 20/01/2023 00:00:00","BZN|DK1","483.38","81.29","26.88","62.91"
"20/01/2023 00:00:00 - 20/01/2023 01:00:00","BZN|DK1","48.46","N/A","66.67","66.44"
"20/01/2023 01:00:00 - 20/01/2023 02:00:00","BZN|DK1","49.83","N/A","44.13","14.90"
"20/01/2023 02:00:00 - 20/01/2023 03:00:00","BZN|DK1","48.13","N/A","30.42","44.59"
"20/01/2023 03:00:00 - 20/01/2023 04:00:00","BZN|DK1","45.63","N/A","16.00","26.92"
"20/01/2023 04:00:00 - 20/01/2023 05:00:00","BZN|DK1","46.04","N/A","11.83","7.85"
"20/01/2023 05:00:00 - 20/01/2023 06:00:00","BZN|DK1","66.58","N/A","15.92","30.96"
"20/01/2023 06:00:00 - 20/01/2023 07:00:00","BZN|DK1","81.33","N/A","48.50","24.83"
"20/01/2023 07:00:00 - 20/01/2023 08:00:00","BZN|DK1","85.33","N/A","22.96","4.81"
"20/01/2023 08:00:00 - 20/01/2023 09:00:00","BZN|DK1","95.54","9.92","8.75","3.40"
"20/01/2023 09:00:00 - 20/01/2023 10:00:00","BZN|DK1","112.00","17.46","5.92","12.02"
"20/01/2023 10:00:00 - 20/01/2023 11:00:00","BZN|DK1","84.46","29.79","28.08","17.47"
"20/01/2023 11:00:00 - 20/01/2023 12:00:00","BZN|DK1","59.46","46.96","45.79","26.02"
"20/01/2023 12:00:00 - 20/01/2023 13:00:00","BZN|DK1","58.54","69.17","29.33","20.53"
"20/01/2023 13:00:00 - 20/01/2023 14:00:00","BZN|DK1","81.63","62.58","53.96","49.87"
"20/01/2023 14:00:00 - 20/01/2023 15:00:00","BZN|DK1","119.96","93.13","76.79","44.51"
"20/01/2023 15:00:00 - 20/01/2023 16:00:00","BZN|DK1","156.63","113.08","61.17","68.60"
"20/01/2023 16:00:00 - 20/01/2023 17:00:00","BZN|DK1","155.67","123.50","122.29","129.25"
"20/01/2023 17:00:00 - 20/01/2023 18:00:00","BZN|DK1","155.67","144.75","184.96","165.82"
"20/01/2023 18:00:00 - 20/01/2023 19:00:00","BZN|DK1","172.58","200.63","163.38","189.47"
"20/01/2023 19:00:00 - 20/01/2023 20:00:00","BZN|DK1","194.25","229.54","176.63","147.35"
"20/01/2023 20:00:00 - 20/01/2023 21:00:00","BZN|DK1","189.96","261.13","155.75","174.81"
"20/01/2023 21:00:00 - 20/01/2023 22:00:00","BZN|DK1","177.92","281.96","188.38","194.34"
"20/01/2023 22:00:00 - 20/01/2023 23:00:00","BZN|DK1","170.13","293.04","176.21","185.10"
"20/01/2023 23:00:00 - 21/01/2023 00:00:00","BZN|DK1","168.13","280.75","210.21","175.80"
"21/01/2023 00:00:00 - 21/01/2023 01:00:00","BZN|DK1","224.13","N/A","194.63","214.84"
"21/01/2023 01:00:00 - 21/01/2023 02:00:00","BZN|DK1","237.96","N/A","257.21","224.37"
"21/01/2023 02:00:00 - 21/01/2023 03:00:00","BZN|DK1","259.71","N/A","244.00","216.86"
"21/01/2023 03:00:00 - 21/01/2023 04:00:00","BZN|DK1","242.33","N/A","228.46","224.93"
"21/01/2023 04:00:00 - 21/01/2023 05:00:00","BZN|DK1","251.88","N/A","234.00","256.00"
"21/01/2023 05:00:00 - 21/01/2023 06:00:00","BZN|DK1","272.50","N/A","288.08","271.08"
"21/01/2023 06:00:00 - 21/01/2023 07:00:00","BZN|DK1","280.08","N/A","251.38","250.72"
"21/01/2023 07:00:00 - 21/01/2023 08:00:00","BZN|DK1","285.21","N/A","228.88","225.84"
"21/01/2023 08:00:00 - 21/01/2023 09:00:00","BZN|DK1","213.67","161.17","162.08","188.64"
"21/01/2023 09:00:00 - 21/01/2023 10:00:00","BZN|DK1","181.00","108.63","143.75","171.06"
"21/01/2023 10:00:00 - 21/01/2023 11:00:00","BZN|DK1","165.58","95.42","144.33","130.37"
"21/01/2023 11:00:00 - 21/01/2023 12:00:00","BZN|DK1","156.67","118.58","125.25","144.30"
"21/01/2023 12:00:00 - 21/01/2023 13:00:00","BZN|DK1","145.67","126.71","157.96","130.56"
"21/01/2023 13:00:00 - 21/01/2023 14:00:00","BZN|DK1","120.21","109.42","102.96","110.40"
"21/01/2023 14:00:00 - 21/01/2023 15:00:00","BZN|DK1","101.96","82.92","100.96","74.18"
"21/01/2023 15:00:00 - 21/01/2023 16:00:00","BZN|DK1","98.67","88.83","61.79","59.02"
"21/01/2023 16:00:00 - 21/01/2023 17:00:00","BZN|DK1","113.50","135.67","87.33","98.46"
"21/01/2023 17:00:00 - 21/01/2023 18:00:00","BZN|DK1","142.29","186.54","156.75","143.78"
"21/01/2023 18:00:00 - 21/01/2023 19:00:00","BZN|DK1","147.25","195.75","152.50","150.29"
"21/01/2023 19:00:00 - 21/01/2023 20:00:00","BZN|DK1","149.42","200.75","130.96","180.14"
"21/01/2023 20:00:00 - 21/01/2023 21:00:00","BZN|DK1","167.29","203.79","164.46","147.14"
"21/01/2023 21:00:00 - 21/01/2023 22:00:00","BZN|DK1","183.92","197.00","100.13","116.79"
"21/01/2023 22:00:00 - 21/01/2023 23:00:00","BZN|DK1","195.21","221.50","119.17","132.70"
"21/01/2023 23:00:00 - 22/01/2023 00:00:00","BZN|DK1","178.71","232.38","138.67","178.52"
"22/01/2023 00:00:00 - 22/01/2023 01:00:00","BZN|DK1","183.42","N/A","212.29","194.59"
"22/01/2023 01:00:00 - 22/01/2023 02:00:00","BZN|DK1","197.29","N/A","156.63","150.58"
"22/01/2023 02:00:00 - 22/01/2023 03:00:00","BZN|DK1","201.08","N/A","102.04","130.49"
"22/01/2023 03:00:00 - 22/01/2023 04:00:00","BZN|DK1","167.58","N/A","112.88","137.67"
"22/01/2023 04:00:00 - 22/01/2023 05:00:00","BZN|DK1","138.88","N/A","126.21","119.25"
"22/01/2023 05:00:00 - 22/01/2023 06:00:00","BZN|DK1","157.75","N/A","117.17","100.79"
"22/01/2023 06:00:00 - 22/01/2023 07:00:00","BZN|DK1","200.29","N/A","91.67","82.52"
"22/01/2023 07:00:00 - 22/01/2023 08:00:00","BZN|DK1","206.71","N/A","72.29","90.12"
"22/01/2023 08:00:00 - 22/01/2023 09:00:00","BZN|DK1","162.29","88.67","85.96","71.84"
"22/01/2023 09:00:00 - 22/01/2023 10:00:00","BZN|DK1","130.17","104.21","79.46","66.37"
"22/01/2023 10:00:00 - 22/01/2023 11:00:00","BZN|DK1","118.13","108.42","57.17","53.95"
"22/01/2023 11:00:00 - 22/01/2023 12:00:00","BZN|DK1","109.79","92.54","48.75","43.65"
"22/01/2023 12:00:00 - 22/01/2023 13:00:00","BZN|DK1","93.96","54.42","30.00","36.68"
"22/01/2023 13:00:00 - 22/01/2023 14:00:00","BZN|DK1","71.08","47.88","36.21","49.06"
"22/01/2023 14:00:00 - 22/01/2023 15:00:00","BZN|DK1","69.63","39.63","51.96","46.55"
"22/01/2023 15:00:00 - 22/01/2023 16:00:00","BZN|DK1","74.83","42.33","35.17","44.27"
"22/01/2023 16:00:00 - 22/01/2023 17:00:00","BZN|DK1","83.63","51.58","51.79","39.22"
"22/01/2023 17:00:00 - 22/01/2023 18:00:00","BZN|DK1","98.29","56.13","38.38","23.75"
"22/01/2023 18:00:00 - 22/01/2023 19:00:00","BZN|DK1","96.67","48.00","25.46","33.27"
"22/01/2023 19:00:00 - 22/01/2023 20:00:00","BZN|DK1","89.67","40.42","39.88","38.47"
"22/01/2023 20:00:00 - 22/01/2023 21:00:00","BZN|DK1","87.75","36.58","30.21","15.19"
"22/01/2023 21:00:00 - 22/01/2023 22:00:00","BZN|DK1","90.42","49.33","23.50","48.19"
"22/01/2023 22:00:00 - 22/01/2023 23:00:00","BZN|DK1","97.75","59.33","55.25","57.07"
"22/01/2023 23:00:00 - 23/01/2023 00:00:00","BZN|DK1","90.21","75.79","38.79","74.93"
"23/01/2023 00:00:00 - 23/01/2023 01:00:00","BZN|DK1","64.58","N/A","98.04","73.26"
"23/01/2023 01:00:00 - 23/01/2023 02:00:00","BZN|DK1","50.13","N/A","49.92","33.55"
"23/01/2023 02:00:00 - 23/01/2023 03:00:00","BZN|DK1","28.71","N/A","13.42","20.86"
"23/01/2023 03:00:00 - 23/01/2023 04:00:00","BZN|DK1","21.63","N/A","8.67","25.01"
"23/01/2023 04:00:00 - 23/01/2023 05:00:00","BZN|DK1","42.92","N/A","22.75","27.77"
"23/01/2023 05:00:00 - 23/01/2023 06:00:00","BZN|DK1","38.83","N/A","37.21","45.76"
"23/01/2023 06:00:00 - 23/01/2023 07:00:00","BZN|DK1","29.58","N/A","38.04","33.89"
"23/01/2023 07:00:00 - 23/01/2023 08:00:00","BZN|DK1","39.17","N/A","19.83","4.86"
"23/01/2023 08:00:00 - 23/01/2023 09:00:00","BZN|DK1","43.33","1.79","1.79","5.31"
"23/01/2023 09:00:00 - 23/01/2023 10:00:00","BZN|DK1","29.00","5.29","5.58","6.89"
"23/01/2023 10:00:00 - 23/01/2023 11:00:00","BZN|DK1","24.54","17.79","6.83","3.10"
"23/01/2023 11:00:00 - 23/01/2023 12:00:00","BZN|DK1","31.54","17.04","4.50","1.31"
"23/01/2023 12:00:00 - 23/01/2023 13:00:00","BZN|DK1","42.46","15.38","5.75","4.87"
"23/01/2023 13:00:00 - 23/01/2023 14:00:00","BZN|DK1","46.46","12.13","20.63","46.84"
"23/01/2023 14:00:00 - 23/01/2023 15:00:00","BZN|DK1","39.04","16.21","35.38","28.87"
"23/01/2023 15:00:00 - 23/01/2023 16:00:00","BZN|DK1","39.67","26.92","31.92","29.51"
"23/01/2023 16:00:00 - 23/01/2023 17:00:00","BZN|DK1","41.38","22.25","16.88","29.34"
"23/01/2023 17:00:00 - 23/01/2023 18:00:00","BZN|DK1","43.04","22.08","43.96","38.77"
"23/01/2023 18:00:00 - 23/01/2023 19:00:00","BZN|DK1","51.25","28.38","36.67","48.76"
"23/01/2023 19:00:00 - 23/01/2023 20:00:00","BZN|DK1","59.79","46.00","50.25","57.23"
"23/01/2023 20:00:00 - 23/01/2023 21:00:00","BZN|DK1","77.79","60.04","60.83","46.99"
"23/01/2023 21:00:00 - 23/01/2023 22:00:00","BZN|DK1","101.92","66.79","59.63","69.02"
"23/01/2023 22:00:00 - 23/01/2023 23:00:00","BZN|DK1","132.63","89.33","94.58","109.06"
"23/01/2023 23:00:00 - 24/01/2023 00:00:00","BZN|DK1","185.50","130.92","112.21","120.76"
"24/01/2023 00:00:00 - 24/01/2023 01:00:00","BZN|DK1","186.79","N/A","173.88","163.25"
"24/01/2023 01:00:00 - 24/01/2023 02:00:00","BZN|DK1","205.92","N/A","202.29","204.56"
"24/01/2023 02:00:00 - 24/01/2023 03:00:00","BZN|DK1","225.96","N/A","190.00","184.69"
"24/01/2023 03:00:00 - 24/01/2023 04:00:00","BZN|DK1","268.50","N/A","218.54","206.98"
"24/01/2023 04:00:00 - 24/01/2023 05:00:00","BZN|DK1","306.46","N/A","234.29","228.81"
"24/01/2023 05:00:00 - 24/01/2023 06:00:00","BZN|DK1","312.29","N/A","267.96","284.58"
"24/01/2023 06:00:00 - 24/01/2023 07:00:00","BZN|DK1","300.38","N/A","312.46","294.14"
"24/01/2023 07:00:00 - 24/01/2023 08:00:00","BZN|DK1","328.33","N/A","298.54","306.27"
"24/01/2023 08:00:00 - 24/01/2023 09:00:00","BZN|DK1","379.13","325.88","324.25","307.19"
"24/01/2023 09:00:00 - 24/01/2023 10:00:00","BZN|DK1","412.08","379.58","353.92","364.62"
"24/01/2023 10:00:00 - 24/01/2023 11:00:00","BZN|DK1","442.46","401.00","411.08","433.24"
"24/01/2023 11:00:00 - 24/01/2023 12:00:00","BZN|DK1","429.42","400.08","440.63","402.22"
"24/01/2023 12:00:00 - 24/01/2023 13:00:00","BZN|DK1","414.67","412.21","369.04","371.96"
"24/01/2023 13:00:00 - 24/01/2023 14:00:00","BZN|DK1","412.88","414.63","387.29","366.81"
"24/01/2023 14:00:00 - 24/01/2023 15:00:00","BZN|DK1","434.88","426.46","395.54","349.05"
"24/01/2023 15:00:00 - 24/01/2023 16:00:00","BZN|DK1","454.83","471.54","364.79","405.05"
"24/01/2023 16:00:00 - 24/01/2023 17:00:00","BZN|DK1","463.67","481.00","444.13","576.47"
"24/01/2023 17:00:00 - 24/01/2023 18:00:00","BZN|DK1","491.75","495.25","610.58","665.71"
"24/01/2023 18:00:00 - 24/01/2023 19:00:00","BZN|DK1","537.88","540.42","625.83","619.06"
"24/01/2023 19:00:00 - 24/01/2023 20:00:00","BZN|DK1","581.08","578.88","605.54","580.57"
"24/01/2023 20:00:00 - 24/01/2023 21:00:00","BZN|DK1","614.96","602.46","559.29","598.90"
"24/01/2023 21:00:00 - 24/01/2023 22:00:00","BZN|DK1","685.92","643.54","588.17","559.26"
"24/01/2023 22:00:00 - 24/01/2023 23:00:00","BZN|DK1","762.00","715.92","516.08","545.91"
"24/01/2023 23:00:00 - 25/01/2023 00:00:00","BZN|DK1","770.29","753.79","645.50","642.56"
"25/01/2023 00:00:00 - 25/01/2023 01:00:00","BZN|DK1","815.33","N/A","694.50","743.41"
"25/01/2023 01:00:00 - 25/01/2023 02:00:00","BZN|DK1","856.63","N/A","847.75","830.58"
"25/01/2023 02:00:00 - 25/01/2023 03:00:00","BZN|DK1","865.83","N/A","838.13","804.92"
"25/01/2023 03:00:00 - 25/01/2023 04:00:00","BZN|DK1","857.79","N/A","771.75","768.91"
"25/01/2023 04:00:00 - 25/01/2023 05:00:00","BZN|DK1","870.21","N/A","757.54","787.96"
"25/01/2023 05:00:00 - 25/01/2023 06:00:00","BZN|DK1","894.00","N/A","789.71","741.74"
"25/01/2023 06:00:00 - 25/01/2023 07:00:00","BZN|DK1","886.29","N/A","731.33","763.17"
"25/01/2023 07:00:00 - 25/01/2023 08:00:00","BZN|DK1","928.46","N/A","827.50","815.33"
"25/01/2023 08:00:00 - 25/01/2023 09:00:00","BZN|DK1","969.13","870.17","862.96","826.65"
"25/01/2023 09:00:00 - 25/01/2023 10:00:00","BZN|DK1","1008.75","916.63","822.63","884.40"
"25/01/2023 10:00:00 - 25/01/2023 11:00:00","BZN|DK1","1077.21","968.21","943.33","966.86"
"25/01/2023 11:00:00 - 25/01/2023 12:00:00","BZN|DK1","1071.83","1002.38","994.04","997.92"
"25/01/2023 12:00:00 - 25/01/2023 13:00:00","BZN|DK1","1056.46","1011.54","951.96","1008.42"
"25/01/2023 13:00:00 - 25/01/2023 14:00:00","BZN|DK1","1012.50","986.21","978.00","1008.12"
"25/01/2023 14:00:00 - 25/01/2023 15:00:00","BZN|DK1","1023.75","1010.17","1004.71","941.65"
"25/01/2023 15:00:00 - 25/01/2023 16:00:00","BZN|DK1","1013.46","1038.75","900.63","900.36"
"25/01/2023 16:00:00 - 25/01/2023 17:00:00","BZN|DK1","976.04","996.46","889.29","878.24"
"25/01/2023 17:00:00 - 25/01/2023 18:00:00","BZN|DK1","859.83","901.71","833.92","900.20"
"25/01/2023 18:00:00 - 25/01/2023 19:00:00","BZN|DK1","759.58","776.71","842.50","880.57"
"25/01/2023 19:00:00 - 25/01/2023 20:00:00","BZN|DK1","721.21","713.58","772.21","803.01"
"25/01/2023 20:00:00 - 25/01/2023 21:00:00","BZN|DK1","662.46","670.79","689.92","604.59"
"25/01/2023 21:00:00 - 25/01/2023 22:00:00","BZN|DK1","658.88","645.54","496.63","456.92"
"25/01/2023 22:00:00 - 25/01/2023 23:00:00","BZN|DK1","748.83","735.38","406.83","452.87"
"25/01/2023 23:00:00 - 26/01/2023 00:00:00","BZN|DK1","691.63","707.96","478.17","507.67"
"26/01/2023 00:00:00 - 26/01/2023 01:00:00","BZN|DK1","524.13","N/A","418.50","509.17"
"26/01/2023 01:00:00 - 26/01/2023 02:00:00","BZN|DK1","503.96","N/A","493.13","565.23"
"26/01/2023 02:00:00 - 26/01/2023 03:00:00","BZN|DK1","479.46","N/A","546.96","475.88"
"26/01/2023 03:00:00 - 26/01/2023 04:00:00","BZN|DK1","436.96","N/A","462.58","600.07"
"26/01/2023 04:00:00 - 26/01/2023 05:00:00","BZN|DK1","443.96","N/A","561.08","519.96"
"26/01/2023 05:00:00 - 26/01/2023 06:00:00","BZN|DK1","523.96","N/A","513.46","575.29"
"26/01/2023 06:00:00 - 26/01/2023 07:00:00","BZN|DK1","579.17","N/A","678.50","626.02"
"26/01/2023 07:00:00 - 26/01/2023 08:00:00","BZN|DK1","685.54","N/A","672.63","577.25"
"26/01/2023 08:00:00 - 26/01/2023 09:00:00","BZN|DK1","784.17","635.96","633.13","656.76"
"26/01/2023 09:00:00 - 26/01/2023 10:00:00","BZN|DK1","786.21","626.75","624.75","544.70"
"26/01/2023 10:00:00 - 26/01/2023 11:00:00","BZN|DK1","767.29","632.17","566.58","517.24"
"26/01/2023 11:00:00 - 26/01/2023 12:00:00","BZN|DK1","779.08","718.50","616.58","614.72"
"26/01/2023 12:00:00 - 26/01/2023 13:00:00","BZN|DK1","840.88","755.13","726.58","716.28"
"26/01/2023 13:00:00 - 26/01/2023 14:00:00","BZN|DK1","827.75","713.79","678.92","647.50"
"26/01/2023 14:00:00 - 26/01/2023 15:00:00","BZN|DK1","868.25","778.92","663.46","749.78"
"26/01/2023 15:00:00 - 26/01/2023 16:00:00","BZN|DK1","937.04","853.71","781.96","839.29"
"26/01/2023 16:00:00 - 26/01/2023 17:00:00","BZN|DK1","939.96","865.33","808.79","892.29"
"26/01/2023 17:00:00 - 26/01/2023 18:00:00","BZN|DK1","920.25","898.50","878.96","815.52"
"26/01/2023 18:00:00 - 26/01/2023 19:00:00","BZN|DK1","932.54","922.08","695.50","789.67"
"26/01/2023 19:00:00 - 26/01/2023 20:00:00","BZN|DK1","955.67","943.67","806.33","534.68"
"26/01/2023 20:00:00 - 26/01/2023 21:00:00","BZN|DK1","940.17","909.92","475.17","860.91"
"26/01/2023 21:00:00 - 26/01/2023 22:00:00","BZN|DK1","924.00","870.29","820.58","839.07"
"26/01/2023 22:00:00 - 26/01/2023 23:00:00","BZN|DK1","937.96","865.33","780.58","855.27"
"26/01/2023 23:00:00 - 27/01/2023 00:00:00","BZN|DK1","907.83","819.04","745.13","787.85"
"27/01/2023 00:00:00 - 27/01/2023 01:00:00","BZN|DK1","605.67","N/A","634.71","627.20"
"27/01/2023 01:00:00 - 27/01/2023 02:00:00","BZN|DK1","529.04","N/A","614.67","680.60"
"27/01/2023 02:00:00 - 27/01/2023 03:00:00","BZN|DK1","479.08","N/A","580.50","572.10"
"27/01/2023 03:00:00 - 27/01/2023 04:00:00","BZN|DK1","382.25","N/A","483.75","500.78"
"27/01/2023 04:00:00 - 27/01/2023 05:00:00","BZN|DK1","350.92","N/A","429.46","423.85"
"27/01/2023 05:00:00 - 27/01/2023 06:00:00","BZN|DK1","368.88","N/A","393.67","289.47"
"27/01/2023 06:00:00 - 27/01/2023 07:00:00","BZN|DK1","348.38","N/A","230.71","231.90"
"27/01/2023 07:00:00 - 27/01/2023 08:00:00","BZN|DK1","306.04","N/A","189.58","209.51"
"27/01/2023 08:00:00 - 27/01/2023 09:00:00","BZN|DK1","235.88","163.04","167.29","161.71"
"27/01/2023 09:00:00 - 27/01/2023 10:00:00","BZN|DK1","172.17","122.96","94.21","114.78"
"27/01/2023 10:00:00 - 27/01/2023 11:00:00","BZN|DK1","136.33","76.00","93.67","85.70"
"27/01/2023 11:00:00 - 27/01/2023 12:00:00","BZN|DK1","87.67","35.83","33.50","24.95"
"27/01/2023 12:00:00 - 27/01/2023 13:00:00","BZN|DK1","49.33","16.42","6.54","5.32"
"27/01/2023 13:00:00 - 27/01/2023 14:00:00","BZN|DK1","30.54","11.29","2.42","0.58"
"27/01/2023 14:00:00 - 27/01/2023 15:00:00","BZN|DK1","17.75","10.00","0.00","0.00"
"27/01/2023 15:00:00 - 27/01/2023 16:00:00","BZN|DK1","10.17","9.42","0.00","0.01"
"27/01/2023 16:00:00 - 27/01/2023 17:00:00","BZN|DK1","5.29","5.67","0.00","0.00"
"27/01/2023 17:00:00 - 27/01/2023 18:00:00","BZN|DK1","3.00","3.04","0.00","0.07"
"27/01/2023 18:00:00 - 27/01/2023 19:00:00","BZN|DK1","4.29","3.42","1.29","1.07"
"27/01/2023 19:00:00 - 27/01/2023 20:00:00","BZN|DK1","8.96","12.50","3.33","5.41"
"27/01/2023 20:00:00 - 27/01/2023 21:00:00","BZN|DK1","25.42","31.96","25.58","29.47"
"27/01/2023 21:00:00 - 27/01/2023 22:00:00","BZN|DK1","39.63","48.08","43.13","44.98"
"27/01/2023 22:00:00 - 27/01/2023 23:00:00","BZN|DK1","53.50","74.67","56.38","55.00"
"27/01/2023 23:00:00 - 28/01/2023 00:00:00","BZN|DK1","74.33","122.29","70.63","64.17"
"28/01/2023 00:00:00 - 28/01/2023 01:00:00","BZN|DK1","158.04","N/A","102.33","96.65"
"28/01/2023 01:00:00 - 28/01/2023 02:00:00","BZN|DK1","193.38","N/A","133.75","116.17"
"28/01/2023 02:00:00 - 28/01/2023 03:00:00","BZN|DK1","267.46","N/A","179.33","171.28"
"28/01/2023 03:00:00 - 28/01/2023 04:00:00","BZN|DK1","360.21","N/A","239.79","232.20"
"28/01/2023 04:00:00 - 28/01/2023 05:00:00","BZN|DK1","406.88","N/A","296.88","313.04"
"28/01/2023 05:00:00 - 28/01/2023 06:00:00","BZN|DK1","448.92","N/A","357.46","415.02"
"28/01/2023 06:00:00 - 28/01/2023 07:00:00","BZN|DK1","455.88","N/A","492.54","566.84"
"28/01/2023 07:00:00 - 28/01/2023 08:00:00","BZN|DK1","481.17","N/A","583.17","644.73"
"28/01/2023 08:00:00 - 28/01/2023 09:00:00","BZN|DK1","549.92","659.42","659.63","712.76"
"28/01/2023 09:00:00 - 28/01/2023 10:00:00","BZN|DK1","655.33","639.42","636.71","686.41"
"28/01/2023 10:00:00 - 28/01/2023 11:00:00","BZN|DK1","785.25","656.50","692.29","766.70"
"28/01/2023 11:00:00 - 28/01/2023 12:00:00","BZN|DK1","778.00","747.63","734.04","786.29"
"28/01/2023 12:00:00 - 28/01/2023 13:00:00","BZN|DK1","763.04","764.63","733.38","825.02"
"28/01/2023 13:00:00 - 28/01/2023 14:00:00","BZN|DK1","665.08","701.83","745.75","898.67"
"28/01/2023 14:00:00 - 28/01/2023 15:00:00","BZN|DK1","562.25","653.83","769.21","684.97"
"28/01/2023 15:00:00 - 28/01/2023 16:00:00","BZN|DK1","487.04","583.88","503.63","578.26"
"28/01/2023 16:00:00 - 28/01/2023 17:00:00","BZN|DK1","464.50","491.29","500.38","583.48"
"28/01/2023 17:00:00 - 28/01/2023 18:00:00","BZN|DK1","474.88","478.21","582.83","634.65"
"28/01/2023 18:00:00 - 28/01/2023 19:00:00","BZN|DK1","522.71","531.38","638.13","657.67"
"28/01/2023 19:00:00 - 28/01/2023 20:00:00","BZN|DK1","550.50","542.29","585.04","579.63"
"28/01/2023 20:00:00 - 28/01/2023 21:00:00","BZN|DK1","559.79","537.29","534.08","583.48"
"28/01/2023 21:00:00 - 28/01/2023 22:00:00","BZN|DK1","568.42","534.50","600.58","601.30"
"28/01/2023 22:00:00 - 28/01/2023 23:00:00","BZN|DK1","605.46","564.67","590.63","704.82"
"28/01/2023 23:00:00 - 29/01/2023 00:00:00","BZN|DK1","623.21","631.50","728.17","726.95"
"29/01/2023 00:00:00 - 29/01/2023 01:00:00","BZN|DK1","644.29","N/A","709.88","758.22"
"29/01/2023 01:00:00 - 29/01/2023 02:00:00","BZN|DK1","691.71","N/A","739.71","743.58"
"29/01/2023 02:00:00 - 29/01/2023 03:00:00","BZN|DK1","687.46","N/A","710.21","367.02"
"29/01/2023 03:00:00 - 29/01/2023 04:00:00","BZN|DK1","653.04","N/A","312.25","404.01"
"29/01/2023 04:00:00 - 29/01/2023 05:00:00","BZN|DK1","609.63","N/A","409.79","605.58"
"29/01/2023 05:00:00 - 29/01/2023 06:00:00","BZN|DK1","566.46","N/A","534.17","591.09"
"29/01/2023 06:00:00 - 29/01/2023 07:00:00","BZN|DK1","545.46","N/A","526.42","467.52"
"29/01/2023 07:00:00 - 29/01/2023 08:00:00","BZN|DK1","576.04","N/A","566.71","358.52"
"29/01/2023 08:00:00 - 29/01/2023 09:00:00","BZN|DK1","625.00","515.17","486.63","271.84"
"29/01/2023 09:00:00 - 29/01/2023 10:00:00","BZN|DK1","709.04","628.63","318.33","220.76"
"29/01/2023 10:00:00 - 29/01/2023 11:00:00","BZN|DK1","812.29","732.08","364.17","447.52"
"29/01/2023 11:00:00 - 29/01/2023 12:00:00","BZN|DK1","927.88","821.79","412.96","599.44"
"29/01/2023 12:00:00 - 29/01/2023 13:00:00","BZN|DK1","1028.67","845.63","605.04","590.62"
"29/01/2023 13:00:00 - 29/01/2023 14:00:00","BZN|DK1","996.33","844.13","591.33","738.25"
"29/01/2023 14:00:00 - 29/01/2023 15:00:00","BZN|DK1","1018.21","884.71","816.79","785.11"
"29/01/2023 15:00:00 - 29/01/2023 16:00:00","BZN|DK1","1045.38","937.79","866.83","995.06"
"29/01/2023 16:00:00 - 29/01/2023 17:00:00","BZN|DK1","1049.88","950.54","945.79","1007.81"
"29/01/2023 17:00:00 - 29/01/2023 18:00:00","BZN|DK1","1084.83","951.08","1005.04","954.29"
"29/01/2023 18:00:00 - 29/01/2023 19:00:00","BZN|DK1","1059.50","985.92","935.00","1034.98"
"29/01/2023 19:00:00 - 29/01/2023 20:00:00","BZN|DK1","1077.42","1043.88","963.08","1069.95"
"29/01/2023 20:00:00 - 29/01/2023 21:00:00","BZN|DK1","1085.75","1078.04","1042.17","1136.02"
"29/01/2023 21:00:00 - 29/01/2023 22:00:00","BZN|DK1","1087.71","1089.46","1107.00","1166.04"
"29/01/2023 22:00:00 - 29/01/2023 23:00:00","BZN|DK1","1085.67","1098.29","1112.63","1166.47"
"29/01/2023 23:00:00 - 30/01/2023 00:00:00","BZN|DK1","1078.96","1093.75","1086.04","1167.44"
"30/01/2023 00:00:00 - 30/01/2023 01:00:00","BZN|DK1","975.13","N/A","1097.75","1155.04"
"30/01/2023 01:00:00 - 30/01/2023 02:00:00","BZN|DK1","991.17","N/A","1095.50","1139.61"
"30/01/2023 02:00:00 - 30/01/2023 03:00:00","BZN|DK1","976.63","N/A","1070.58","1157.89"
"30/01/2023 03:00:00 - 30/01/2023 04:00:00","BZN|DK1","946.00","N/A","1075.46","1052.67"
"30/01/2023 04:00:00 - 30/01/2023 05:00:00","BZN|DK1","961.92","N/A","990.29","1079.49"
"30/01/2023 05:00:00 - 30/01/2023 06:00:00","BZN|DK1","1001.00","N/A","1067.33","1120.22"
"30/01/2023 06:00:00 - 30/01/2023 07:00:00","BZN|DK1","1008.08","N/A","1082.29","1142.93"
"30/01/2023 07:00:00 - 30/01/2023 08:00:00","BZN|DK1","1050.17","N/A","1104.79","1143.72"
"30/01/2023 08:00:00 - 30/01/2023 09:00:00","BZN|DK1","1078.63","1092.21","1090.54","1149.73"
"30/01/2023 09:00:00 - 30/01/2023 10:00:00","BZN|DK1","1055.17","1053.42","1051.13","1159.87"
"30/01/2023 10:00:00 - 30/01/2023 11:00:00","BZN|DK1","1080.71","1067.67","1119.17","1115.64"
"30/01/2023 11:00:00 - 30/01/2023 12:00:00","BZN|DK1","1027.42","1074.92","1051.79","1089.51"
"30/01/2023 12:00:00 - 30/01/2023 13:00:00","BZN|DK1","918.04","1063.33","1026.38","1089.30"
"30/01/2023 13:00:00 - 30/01/2023 14:00:00","BZN|DK1","887.75","1043.42","1038.58","1095.31"
"30/01/2023 14:00:00 - 30/01/2023 15:00:00","BZN|DK1","951.17","1061.92","1030.00","1043.44"
"30/01/2023 15:00:00 - 30/01/2023 16:00:00","BZN|DK1","953.29","1002.54","1044.38","1097.24"
"30/01/2023 16:00:00 - 30/01/2023 17:00:00","BZN|DK1","961.88","992.96","1069.08","1095.48"
"30/01/2023 17:00:00 - 30/01/2023 18:00:00","BZN|DK1","1010.63","1022.71","1066.25","1107.90"
"30/01/2023 18:00:00 - 30/01/2023 19:00:00","BZN|DK1","1009.17","1003.83","1067.79","1050.03"
"30/01/2023 19:00:00 - 30/01/2023 20:00:00","BZN|DK1","1031.33","1032.08","1018.83","1113.42"
"30/01/2023 20:00:00 - 30/01/2023 21:00:00","BZN|DK1","1049.58","1037.96","1059.83","1132.16"
"30/01/2023 21:00:00 - 30/01/2023 22:00:00","BZN|DK1","1056.88","1058.21","1067.33","1148.00"
"30/01/2023 22:00:00 - 30/01/2023 23:00:00","BZN|DK1","1081.42","1097.08","1112.79","1143.16"
"30/01/2023 23:00:00 - 31/01/2023 00:00:00","BZN|DK1","1089.92","1106.25","1088.71","1101.58"
"31/01/2023 00:00:00 - 31/01/2023 01:00:00","BZN|DK1","1094.13","N/A","1095.58","1077.40"
"31/01/2023 01:00:00 - 31/01/2023 02:00:00","BZN|DK1","1098.29","N/A","1065.83","1107.39"
"31/01/2023 02:00:00 - 31/01/2023 03:00:00","BZN|DK1","1068.96","N/A","1032.88","974.36"
"31/01/2023 03:00:00 - 31/01/2023 04:00:00","BZN|DK1","1028.46","N/A","878.08","923.17"
"31/01/2023 04:00:00 - 31/01/2023 05:00:00","BZN|DK1","1015.08","N/A","854.33","849.23"
"31/01/2023 05:00:00 - 31/01/2023 06:00:00","BZN|DK1","1008.25","N/A","808.71","968.67"
"31/01/2023 06:00:00 - 31/01/2023 07:00:00","BZN|DK1","1003.08","N/A","1012.83","947.67"
"31/01/2023 07:00:00 - 31/01/2023 08:00:00","BZN|DK1","1020.71","N/A","945.21","1032.68"
"31/01/2023 08:00:00 - 31/01/2023 09:00:00","BZN|DK1","999.63","1025.83","1037.42","978.31"
"31/01/2023 09:00:00 - 31/01/2023 10:00:00","BZN|DK1","923.17","936.58","941.63","1007.81"
"31/01/2023 10:00:00 - 31/01/2023 11:00:00","BZN|DK1","966.67","887.33","913.75","913.72"
"31/01/2023 11:00:00 - 31/01/2023 12:00:00","BZN|DK1","1040.42","927.04","887.92","1021.45"
"31/01/2023 12:00:00 - 31/01/2023 13:00:00","BZN|DK1","1052.46","997.88","1009.42","1055.50"
"31/01/2023 13:00:00 - 31/01/2023 14:00:00","BZN|DK1","1018.13","1022.54","1009.25","1026.80"
"31/01/2023 14:00:00 - 31/01/2023 15:00:00","BZN|DK1","1061.71","1045.13","972.71","1055.68"
"31/01/2023 15:00:00 - 31/01/2023 16:00:00","BZN|DK1","1085.88","1037.79","1066.67","1143.01"
"31/01/2023 16:00:00 - 31/01/2023 17:00:00","BZN|DK1","1086.46","1057.08","1068.46","1055.42"
"31/01/2023 17:00:00 - 31/01/2023 18:00:00","BZN|DK1","1089.96","1067.29","1020.96","1110.46"
"31/01/2023 18:00:00 - 31/01/2023 19:00:00","BZN|DK1","1044.17","1038.38","1068.54","1050.83"
"31/01/2023 19:00:00 - 31/01/2023 20:00:00","BZN|DK1","1047.63","1039.83","998.50","1091.61"
"31/01/2023 20:00:00 - 31/01/2023 21:00:00","BZN|DK1","1056.67","1071.88","1039.42","1090.34"
"31/01/2023 21:00:00 - 31/01/2023 22:00:00","BZN|DK1","1063.13","1085.33","1022.42","1117.34"
"31/01/2023 22:00:00 - 31/01/2023 23:00:00","BZN|DK1","1063.50","1093.88","1072.04","1111.32"
"31/01/2023 23:00:00 - 01/02/2023 00:00:00","BZN|DK1","1050.33","1076.54","1065.42","1147.82"
"01/02/2023 00:00:00 - 01/02/2023 01:00:00","BZN|DK1","1026.63","N/A","1057.63","1130.27"
"01/02/2023 01:00:00 - 01/02/2023 02:00:00","BZN|DK1","1048.71","N/A","1074.13","1129.15"
"01/02/2023 02:00:00 - 01/02/2023 03:00:00","BZN|DK1","1030.46","N/A","1034.67","1128.70"
"01/02/2023 03:00:00 - 01/02/2023 04:00:00","BZN|DK1","1022.17","N/A","1094.46","1108.53"
"01/02/2023 04:00:00 - 01/02/2023 05:00:00","BZN|DK1","1017.46","N/A","1052.75","1139.69"
"01/02/2023 05:00:00 - 01/02/2023 06:00:00","BZN|DK1","1043.58","N/A","1103.33","1060.70"
"01/02/2023 06:00:00 - 01/02/2023 07:00:00","BZN|DK1","1057.83","N/A","1057.67","1107.29"
"01/02/2023 07:00:00 - 01/02/2023 08:00:00","BZN|DK1","1082.25","N/A","1091.71","1113.58"
"01/02/2023 08:00:00 - 01/02/2023 09:00:00","BZN|DK1","1093.42","1061.92","1091.46","1141.02"
"01/02/2023 09:00:00 - 01/02/2023 10:00:00","BZN|DK1","1074.08","1058.88","1053.13","1080.38"
"01/02/2023 10:00:00 - 01/02/2023 11:00:00","BZN|DK1","1096.04","1074.00","1073.92","1143.07"
"01/02/2023 11:00:00 - 01/02/2023 12:00:00","BZN|DK1","1074.46","1067.29","1078.50","1139.91"
"01/02/2023 12:00:00 - 01/02/2023 13:00:00","BZN|DK1","1053.13","1038.17","1074.21","1059.75"
"01/02/2023 13:00:00 - 01/02/2023 14:00:00","BZN|DK1","1017.21","996.58","1014.88","1026.31"
"01/02/2023 14:00:00 - 01/02/2023 15:00:00","BZN|DK1","1042.75","989.54","970.00","1087.86"
"01/02/2023 15:00:00 - 01/02/2023 16:00:00","BZN|DK1","1001.25","974.63","1048.63","1107.88"
"01/02/2023 16:00:00 - 01/02/2023 17:00:00","BZN|DK1","982.46","973.54","1050.96","1115.30"
"01/02/2023 17:00:00 - 01/02/2023 18:00:00","BZN|DK1","994.29","990.71","1066.75","1056.23"
"01/02/2023 18:00:00 - 01/02/2023 19:00:00","BZN|DK1","960.17","946.71","984.54","1063.47"
"01/02/2023 19:00:00 - 01/02/2023 20:00:00","BZN|DK1","955.75","999.96","889.67","796.49"
"01/02/2023 20:00:00 - 01/02/2023 21:00:00","BZN|DK1","948.33","1071.92","785.79","812.43"
"01/02/2023 21:00:00 - 01/02/2023 22:00:00","BZN|DK1","961.75","1086.17","960.92","1096.59"
"01/02/2023 22:00:00 - 01/02/2023 23:00:00","BZN|DK1","993.75","1068.58","1106.58","1141.25"
"01/02/2023 23:00:00 - 02/02/2023 00:00:00","BZN|DK1","1009.50","1058.25","1077.38","1111.29"
"02/02/2023 00:00:00 - 02/02/2023 01:00:00","BZN|DK1","1063.08","N/A","1053.67","1103.62"
"02/02/2023 01:00:00 - 02/02/2023 02:00:00","BZN|DK1","1075.58","N/A","1093.38","1114.42"
"02/02/2023 02:00:00 - 02/02/2023 03:00:00","BZN|DK1","1048.42","N/A","1056.96","1073.54"
"02/02/2023 03:00:00 - 02/02/2023 04:00:00","BZN|DK1","1006.79","N/A","1008.67","1013.98"
"02/02/2023 04:00:00 - 02/02/2023 05:00:00","BZN|DK1","981.08","N/A","971.83","971.81"
"02/02/2023 05:00:00 - 02/02/2023 06:00:00","BZN|DK1","969.79","N/A","962.54","910.85"
"02/02/2023 06:00:00 - 02/02/2023 07:00:00","BZN|DK1","938.71","N/A","810.42","787.17"
"02/02/2023 07:00:00 - 02/02/2023 08:00:00","BZN|DK1","925.21","N/A","749.21","694.16"
"02/02/2023 08:00:00 - 02/02/2023 09:00:00","BZN|DK1","841.58","581.83","582.88","523.53"
"02/02/2023 09:00:00 - 02/02/2023 10:00:00","BZN|DK1","638.50","418.54","318.92","402.43"
"02/02/2023 10:00:00 - 02/02/2023 11:00:00","BZN|DK1","491.17","249.46","304.13","339.62"
"02/02/2023 11:00:00 - 02/02/2023 12:00:00","BZN|DK1","340.50","159.71","207.54","187.51"
"02/02/2023 12:00:00 - 02/02/2023 13:00:00","BZN|DK1","228.79","68.75","63.00","77.29"
"02/02/2023 13:00:00 - 02/02/2023 14:00:00","BZN|DK1","144.71","20.92","39.88","34.60"
"02/02/2023 14:00:00 - 02/02/2023 15:00:00","BZN|DK1","92.33","10.67","30.92","23.61"
"02/02/2023 15:00:00 - 02/02/2023 16:00:00","BZN|DK1","61.54","7.42","23.08","17.33"
"02/02/2023 16:00:00 - 02/02/2023 17:00:00","BZN|DK1","39.25","10.96","28.04","46.62"
"02/02/2023 17:00:00 - 02/02/2023 18:00:00","BZN|DK1","50.21","40.21","90.33","119.27"
"02/02/2023 18:00:00 - 02/02/2023 19:00:00","BZN|DK1","91.17","110.75","185.71","259.86"
"02/02/2023 19:00:00 - 02/02/2023 20:00:00","BZN|DK1","172.04","233.42","443.50","484.83"
"02/02/2023 20:00:00 - 02/02/2023 21:00:00","BZN|DK1","313.17","432.83","682.88","745.11"
"02/02/2023 21:00:00 - 02/02/2023 22:00:00","BZN|DK1","527.21","673.67","891.83","866.90"
"02/02/2023 22:00:00 - 02/02/2023 23:00:00","BZN|DK1","654.00","803.75","874.79","934.66"
"02/02/2023 23:00:00 - 03/02/2023 00:00:00","BZN|DK1","694.04","856.08","1002.33","1024.81"
"03/02/2023 00:00:00 - 03/02/2023 01:00:00","BZN|DK1","989.58","N/A","1056.88","1083.90"
"03/02/2023 01:00:00 - 03/02/2023 02:00:00","BZN|DK1","1059.92","N/A","1037.83","1114.60"
"03/02/2023 02:00:00 - 03/02/2023 03:00:00","BZN|DK1","1042.88","N/A","1059.33","1128.08"
"03/02/2023 03:00:00 - 03/02/2023 04:00:00","BZN|DK1","1003.25","N/A","1057.75","1127.65"
"03/02/2023 04:00:00 - 03/02/2023 05:00:00","BZN|DK1","988.79","N/A","1066.13","1147.40"
"03/02/2023 05:00:00 - 03/02/2023 06:00:00","BZN|DK1","1002.63","N/A","1086.54","1150.56"
"03/02/2023 06:00:00 - 03/02/2023 07:00:00","BZN|DK1","984.29","N/A","1056.33","1147.85"
"03/02/2023 07:00:00 - 03/02/2023 08:00:00","BZN|DK1","1010.33","N/A","1107.92","1155.88"
"03/02/2023 08:00:00 - 03/02/2023 09:00:00","BZN|DK1","1054.83","1083.13","1080.92","1139.65"
"03/02/2023 09:00:00 - 03/02/2023 10:00:00","BZN|DK1","993.71","1020.42","1013.25","1139.87"
"03/02/2023 10:00:00 - 03/02/2023 11:00:00","BZN|DK1","967.58","998.67","1072.83","1132.58"
"03/02/2023 11:00:00 - 03/02/2023 12:00:00","BZN|DK1","965.33","981.71","1049.75","1138.11"
"03/02/2023 12:00:00 - 03/02/2023 13:00:00","BZN|DK1","991.21","1011.46","1088.38","1143.63"
"03/02/2023 13:00:00 - 03/02/2023 14:00:00","BZN|DK1","1025.38","1041.00","1069.29","1154.25"
"03/02/2023 14:00:00 - 03/02/2023 15:00:00","BZN|DK1","1051.25","1047.96","1087.58","1121.83"
"03/02/2023 15:00:00 - 03/02/2023 16:00:00","BZN|DK1","1035.42","1007.46","1006.75","1070.08"
"03/02/2023 16:00:00 - 03/02/2023 17:00:00","BZN|DK1","993.00","964.08","1044.42","1102.41"
"03/02/2023 17:00:00 - 03/02/2023 18:00:00","BZN|DK1","931.83","970.42","1056.58","1091.81"
"03/02/2023 18:00:00 - 03/02/2023 19:00:00","BZN|DK1","858.96","993.54","1020.08","1141.13"
"03/02/2023 19:00:00 - 03/02/2023 20:00:00","BZN|DK1","883.92","920.54","1031.46","1091.73"
"03/02/2023 20:00:00 - 03/02/2023 21:00:00","BZN|DK1","884.54","828.67","949.00","1010.65"
"03/02/2023 21:00:00 - 03/02/2023 22:00:00","BZN|DK1","773.13","710.38","818.96","795.91"
"03/02/2023 22:00:00 - 03/02/2023 23:00:00","BZN|DK1","660.58","593.29","461.08","349.19"
"03/02/2023 23:00:00 - 04/02/2023 00:00:00","BZN|DK1","589.83","456.38","293.58","378.91"
"04/02/2023 00:00:00 - 04/02/2023 01:00:00","BZN|DK1","333.67","N/A","320.29","260.58"
"04/02/2023 01:00:00 - 04/02/2023 02:00:00","BZN|DK1","265.25","N/A","194.00","170.96"
"04/02/2023 02:00:00 - 04/02/2023 03:00:00","BZN|DK1","191.46","N/A","122.71","117.12"
"04/02/2023 03:00:00 - 04/02/2023 04:00:00","BZN|DK1","153.21","N/A","92.50","148.33"
"04/02/2023 04:00:00 - 04/02/2023 05:00:00","BZN|DK1","153.04","N/A","116.21","89.95"
"04/02/2023 05:00:00 - 04/02/2023 06:00:00","BZN|DK1","162.25","N/A","81.33","111.65"
"04/02/2023 06:00:00 - 04/02/2023 07:00:00","BZN|DK1","131.17","N/A","178.38","139.62"
"04/02/2023 07:00:00 - 04/02/2023 08:00:00","BZN|DK1","155.96","N/A","112.00","92.34"
"04/02/2023 08:00:00 - 04/02/2023 09:00:00","BZN|DK1","174.50","87.46","82.33","117.51"
"04/02/2023 09:00:00 - 04/02/2023 10:00:00","BZN|DK1","163.13","100.21","147.13","177.45"
"04/02/2023 10:00:00 - 04/02/2023 11:00:00","BZN|DK1","152.04","134.96","176.38","200.33"
"04/02/2023 11:00:00 - 04/02/2023 12:00:00","BZN|DK1","156.50","164.08","196.46","223.38"
"04/02/2023 12:00:00 - 04/02/2023 13:00:00","BZN|DK1","154.79","162.21","221.75","206.69"
"04/02/2023 13:00:00 - 04/02/2023 14:00:00","BZN|DK1","162.92","171.67","202.38","234.93"
"04/02/2023 14:00:00 - 04/02/2023 15:00:00","BZN|DK1","187.79","204.58","219.54","257.56"
"04/02/2023 15:00:00 - 04/02/2023 16:00:00","BZN|DK1","221.38","216.42","248.71","271.55"
"04/02/2023 16:00:00 - 04/02/2023 17:00:00","BZN|DK1","251.21","236.00","261.75","269.05"
"04/02/2023 17:00:00 - 04/02/2023 18:00:00","BZN|DK1","301.21","264.21","308.21","302.86"
"04/02/2023 18:00:00 - 04/02/2023 19:00:00","BZN|DK1","317.75","295.08","333.29","349.65"
"04/02/2023 19:00:00 - 04/02/2023 20:00:00","BZN|DK1","398.71","377.88","446.04","468.51"
"04/02/2023 20:00:00 - 04/02/2023 21:00:00","BZN|DK1","507.54","515.58","554.71","615.45"
"04/02/2023 21:00:00 - 04/02/2023 22:00:00","BZN|DK1","680.67","670.13","739.75","713.06"
"04/02/2023 22:00:00 - 04/02/2023 23:00:00","BZN|DK1","824.21","801.96","785.71","774.04"
"04/02/2023 23:00:00 - 05/02/2023 00:00:00","BZN|DK1","922.00","920.42","864.13","940.99"
"05/02/2023 00:00:00 - 05/02/2023 01:00:00","BZN|DK1","946.58","N/A","1016.88","1110.06"
"05/02/2023 01:00:00 - 05/02/2023 02:00:00","BZN|DK1","1010.46","N/A","1088.17","1129.70"
"05/02/2023 02:00:00 - 05/02/2023 03:00:00","BZN|DK1","994.17","N/A","1077.88","1115.13"
"05/02/2023 03:00:00 - 05/02/2023 04:00:00","BZN|DK1","957.92","N/A","1023.54","1054.53"
"05/02/2023 04:00:00 - 05/02/2023 05:00:00","BZN|DK1","920.67","N/A","989.71","1035.16"
"05/02/2023 05:00:00 - 05/02/2023 06:00:00","BZN|DK1","926.42","N/A","918.75","1017.12"
"05/02/2023 06:00:00 - 05/02/2023 07:00:00","BZN|DK1","942.67","N/A","966.96","877.24"
"05/02/2023 07:00:00 - 05/02/2023 08:00:00","BZN|DK1","941.04","N/A","979.96","1010.23"
"05/02/2023 08:00:00 - 05/02/2023 09:00:00","BZN|DK1","1050.79","1083.67","1079.71","1025.72"
"05/02/2023 09:00:00 - 05/02/2023 10:00:00","BZN|DK1","1043.13","1097.92","986.13","1035.50"
"05/02/2023 10:00:00 - 05/02/2023 11:00:00","BZN|DK1","1014.67","1131.29","1115.04","1092.45"
"05/02/2023 11:00:00 - 05/02/2023 12:00:00","BZN|DK1","951.63","1117.17","1033.96","1121.22"
"05/02/2023 12:00:00 - 05/02/2023 13:00:00","BZN|DK1","911.96","1043.25","1047.42","1115.14"
"05/02/2023 13:00:00 - 05/02/2023 14:00:00","BZN|DK1","960.50","881.92","987.58","922.73"
"05/02/2023 14:00:00 - 05/02/2023 15:00:00","BZN|DK1","1057.00","862.04","791.67","784.64"
"05/02/2023 15:00:00 - 05/02/2023 16:00:00","BZN|DK1","1042.13","1058.54","759.79","888.49"
"05/02/2023 16:00:00 - 05/02/2023 17:00:00","BZN|DK1","994.38","1076.92","958.83","834.35"
"05/02/2023 17:00:00 - 05/02/2023 18:00:00","BZN|DK1","968.38","1034.00","733.50","800.80"
"05/02/2023 18:00:00 - 05/02/2023 19:00:00","BZN|DK1","874.71","959.04","739.79","565.77"
"05/02/2023 19:00:00 - 05/02/2023 20:00:00","BZN|DK1","745.38","811.33","532.38","575.74"
"05/02/2023 20:00:00 - 05/02/2023 21:00:00","BZN|DK1","585.83","648.92","566.00","606.73"
"05/02/2023 21:00:00 - 05/02/2023 22:00:00","BZN|DK1","499.42","552.33","381.42","325.39"
"05/02/2023 22:00:00 - 05/02/2023 23:00:00","BZN|DK1","499.08","447.46","256.25","267.51"
"05/02/2023 23:00:00 - 06/02/2023 00:00:00","BZN|DK1","456.29","348.46","181.96","230.04"
"06/02/2023 00:00:00 - 06/02/2023 01:00:00","BZN|DK1","266.63","N/A","143.46","144.70"
"06/02/2023 01:00:00 - 06/02/2023 02:00:00","BZN|DK1","223.67","N/A","158.96","201.15"
"06/02/2023 02:00:00 - 06/02/2023 03:00:00","BZN|DK1","134.79","N/A","116.71","104.05"
"06/02/2023 03:00:00 - 06/02/2023 04:00:00","BZN|DK1","86.54","N/A","90.08","49.39"
"06/02/2023 04:00:00 - 06/02/2023 05:00:00","BZN|DK1","65.46","N/A","41.75","77.43"
"06/02/2023 05:00:00 - 06/02/2023 06:00:00","BZN|DK1","44.79","N/A","84.79","88.74"
"06/02/2023 06:00:00 - 06/02/2023 07:00:00","BZN|DK1","39.04","N/A","75.42","70.28"
"06/02/2023 07:00:00 - 06/02/2023 08:00:00","BZN|DK1","42.25","N/A","56.75","17.70"
"06/02/2023 08:00:00 - 06/02/2023 09:00:00","BZN|DK1","51.58","20.00","17.13","7.19"
"06/02/2023 09:00:00 - 06/02/2023 10:00:00","BZN|DK1","37.38","18.54","8.58","3.57"
"06/02/2023 10:00:00 - 06/02/2023 11:00:00","BZN|DK1","23.79","22.13","5.92","3.89"
"06/02/2023 11:00:00 - 06/02/2023 12:00:00","BZN|DK1","12.54","29.21","6.83","6.19"
"06/02/2023 12:00:00 - 06/02/2023 13:00:00","BZN|DK1","9.92","22.96","6.79","0.70"
"06/02/2023 13:00:00 - 06/02/2023 14:00:00","BZN|DK1","13.83","18.63","3.38","0.62"
"06/02/2023 14:00:00 - 06/02/2023 15:00:00","BZN|DK1","22.38","18.25","28.71","31.05"
"06/02/2023 15:00:00 - 06/02/2023 16:00:00","BZN|DK1","37.92","58.46","79.04","103.44"
"06/02/2023 16:00:00 - 06/02/2023 17:00:00","BZN|DK1","65.29","76.00","145.29","188.14"
"06/02/2023 17:00:00 - 06/02/2023 18:00:00","BZN|DK1","100.33","101.04","214.58","226.21"
"06/02/2023 18:00:00 - 06/02/2023 19:00:00","BZN|DK1","128.58","112.42","197.63","164.85"
"06/02/2023 19:00:00 - 06/02/2023 20:00:00","BZN|DK1","206.92","174.63","152.83","170.25"
"06/02/2023 20:00:00 - 06/02/2023 21:00:00","BZN|DK1","291.08","256.17","245.50","274.97"
"06/02/2023 21:00:00 - 06/02/2023 22:00:00","BZN|DK1","325.58","283.75","409.08","357.35"
"06/02/2023 22:00:00 - 06/02/2023 23:00:00","BZN|DK1","309.46","297.50","354.96","329.86"
"06/02/2023 23:00:00 - 07/02/2023 00:00:00","BZN|DK1","319.50","342.33","376.58","308.58"
"07/02/2023 00:00:00 - 07/02/2023 01:00:00","BZN|DK1","421.75","N/A","356.38","358.46"
"07/02/2023 01:00:00 - 07/02/2023 02:00:00","BZN|DK1","446.42","N/A","415.25","428.67"
"07/02/2023 02:00:00 - 07/02/2023 03:00:00","BZN|DK1","449.83","N/A","457.33","405.80"
"07/02/2023 03:00:00 - 07/02/2023 04:00:00","BZN|DK1","459.67","N/A","405.13","394.83"
"07/02/2023 04:00:00 - 07/02/2023 05:00:00","BZN|DK1","446.67","N/A","337.08","304.46"
"07/02/2023 05:00:00 - 07/02/2023 06:00:00","BZN|DK1","432.08","N/A","312.54","256.78"
"07/02/2023 06:00:00 - 07/02/2023 07:00:00","BZN|DK1","472.17","N/A","280.13","307.86"
"07/02/2023 07:00:00 - 07/02/2023 08:00:00","BZN|DK1","556.29","N/A","454.17","438.31"
"07/02/2023 08:00:00 - 07/02/2023 09:00:00","BZN|DK1","589.88","515.17","512.33","548.65"
"07/02/2023 09:00:00 - 07/02/2023 10:00:00","BZN|DK1","600.63","531.00","542.25","568.03"
"07/02/2023 10:00:00 - 07/02/2023 11:00:00","BZN|DK1","624.58","536.96","555.00","514.61"
"07/02/2023 11:00:00 - 07/02/2023 12:00:00","BZN|DK1","572.83","544.38","465.25","466.15"
"07/02/2023 12:00:00 - 07/02/2023 13:00:00","BZN|DK1","545.21","538.75","490.08","479.98"
"07/02/2023 13:00:00 - 07/02/2023 14:00:00","BZN|DK1","554.25","495.58","426.67","474.74"
"07/02/2023 14:00:00 - 07/02/2023 15:00:00","BZN|DK1","529.04","481.54","458.46","541.11"
"07/02/2023 15:00:00 - 07/02/2023 16:00:00","BZN|DK1","463.33","478.04","509.33","559.50"
"07/02/2023 16:00:00 - 07/02/2023 17:00:00","BZN|DK1","445.79","499.13","523.29","608.71"
"07/02/2023 17:00:00 - 07/02/2023 18:00:00","BZN|DK1","472.50","538.92","650.21","616.52"
"07/02/2023 18:00:00 - 07/02/2023 19:00:00","BZN|DK1","457.50","519.04","550.04","597.32"
"07/02/2023 19:00:00 - 07/02/2023 20:00:00","BZN|DK1","453.25","537.92","559.00","555.47"
"07/02/2023 20:00:00 - 07/02/2023 21:00:00","BZN|DK1","437.08","533.79","520.04","549.32"
"07/02/2023 21:00:00 - 07/02/2023 22:00:00","BZN|DK1","410.79","516.71","524.42","560.64"
"07/02/2023 22:00:00 - 07/02/2023 23:00:00","BZN|DK1","395.00","511.96","493.00","421.76"
"07/02/2023 23:00:00 - 08/02/2023 00:00:00","BZN|DK1","386.25","480.04","361.13","350.97"
"08/02/2023 00:00:00 - 08/02/2023 01:00:00","BZN|DK1","455.00","N/A","329.04","358.24"
"08/02/2023 01:00:00 - 08/02/2023 02:00:00","BZN|DK1","404.79","N/A","326.79","352.66"
"08/02/2023 02:00:00 - 08/02/2023 03:00:00","BZN|DK1","373.38","N/A","383.88","409.45"
"08/02/2023 03:00:00 - 08/02/2023 04:00:00","BZN|DK1","335.00","N/A","373.04","335.94"
"08/02/2023 04:00:00 - 08/02/2023 05:00:00","BZN|DK1","318.38","N/A","282.71","280.67"
"08/02/2023 05:00:00 - 08/02/2023 06:00:00","BZN|DK1","350.71","N/A","291.88","221.28"
"08/02/2023 06:00:00 - 08/02/2023 07:00:00","BZN|DK1","401.25","N/A","244.29","217.52"
"08/02/2023 07:00:00 - 08/02/2023 08:00:00","BZN|DK1","488.96","N/A","311.50","405.38"
"08/02/2023 08:00:00 - 08/02/2023 09:00:00","BZN|DK1","602.08","516.13","527.04","601.26"
"08/02/2023 09:00:00 - 08/02/2023 10:00:00","BZN|DK1","580.71","577.38","626.63","569.04"
"08/02/2023 10:00:00 - 08/02/2023 11:00:00","BZN|DK1","566.63","629.25","548.54","593.22"
"08/02/2023 11:00:00 - 08/02/2023 12:00:00","BZN|DK1","574.04","626.96","619.50","574.73"
"08/02/2023 12:00:00 - 08/02/2023 13:00:00","BZN|DK1","584.08","639.71","587.42","617.56"
"08/02/2023 13:00:00 - 08/02/2023 14:00:00","BZN|DK1","645.88","672.25","623.79","619.45"
"08/02/2023 14:00:00 - 08/02/2023 15:00:00","BZN|DK1","755.54","787.92","718.38","751.25"
"08/02/2023 15:00:00 - 08/02/2023 16:00:00","BZN|DK1","822.17","897.21","860.46","963.66"
"08/02/2023 16:00:00 - 08/02/2023 17:00:00","BZN|DK1","906.00","963.13","1028.96","1107.54"
"08/02/2023 17:00:00 - 08/02/2023 18:00:00","BZN|DK1","997.50","1034.54","1128.96","1138.04"
"08/02/2023 18:00:00 - 08/02/2023 19:00:00","BZN|DK1","1001.67","1015.21","1055.71","1142.28"
"08/02/2023 19:00:00 - 08/02/2023 20:00:00","BZN|DK1","1034.67","1039.83","1122.17","1152.18"
"08/02/2023 20:00:00 - 08/02/2023 21:00:00","BZN|DK1","1041.88","1052.21","1095.83","1158.60"
"08/02/2023 21:00:00 - 08/02/2023 22:00:00","BZN|DK1","1060.17","1068.92","1120.21","1084.33"
"08/02/2023 22:00:00 - 08/02/2023 23:00:00","BZN|DK1","1060.50","1078.63","1047.63","1169.88"
"08/02/2023 23:00:00 - 09/02/2023 00:00:00","BZN|DK1","1045.13","1078.83","1080.71","1159.53"
"09/02/2023 00:00:00 - 09/02/2023 01:00:00","BZN|DK1","1037.04","N/A","1079.04","1075.59"
"09/02/2023 01:00:00 - 09/02/2023 02:00:00","BZN|DK1","1051.92","N/A","1027.21","1143.93"
"09/02/2023 02:00:00 - 09/02/2023 03:00:00","BZN|DK1","1032.79","N/A","1097.71","1135.45"
"09/02/2023 03:00:00 - 09/02/2023 04:00:00","BZN|DK1","984.63","N/A","1075.00","1091.04"
"09/02/2023 04:00:00 - 09/02/2023 05:00:00","BZN|DK1","978.42","N/A","1019.79","1148.79"
"09/02/2023 05:00:00 - 09/02/2023 06:00:00","BZN|DK1","1036.08","N/A","1101.83","1128.06"
"09/02/2023 06:00:00 - 09/02/2023 07:00:00","BZN|DK1","1024.17","N/A","1032.08","1055.49"
"09/02/2023 07:00:00 - 09/02/2023 08:00:00","BZN|DK1","1030.50","N/A","1049.88","1046.56"
"09/02/2023 08:00:00 - 09/02/2023 09:00:00","BZN|DK1","1032.17","1026.83","1027.13","1053.36"
"09/02/2023 09:00:00 - 09/02/2023 10:00:00","BZN|DK1","931.67","953.00","944.17","881.05"
"09/02/2023 10:00:00 - 09/02/2023 11:00:00","BZN|DK1","872.17","897.92","823.33","896.13"
"09/02/2023 11:00:00 - 09/02/2023 12:00:00","BZN|DK1","851.33","858.58","805.88","851.91"
"09/02/2023 12:00:00 - 09/02/2023 13:00:00","BZN|DK1","917.54","831.58","799.29","927.52"
"09/02/2023 13:00:00 - 09/02/2023 14:00:00","BZN|DK1","949.29","829.58","886.88","958.05"
"09/02/2023 14:00:00 - 09/02/2023 15:00:00","BZN|DK1","994.79","851.33","1021.58","1007.04"
"09/02/2023 15:00:00 - 09/02/2023 16:00:00","BZN|DK1","1021.13","903.25","967.58","1004.78"
"09/02/2023 16:00:00 - 09/02/2023 17:00:00","BZN|DK1","1022.79","940.21","999.83","1061.07"
"09/02/2023 17:00:00 - 09/02/2023 18:00:00","BZN|DK1","1077.13","1006.46","1054.96","1093.97"
"09/02/2023 18:00:00 - 09/02/2023 19:00:00","BZN|DK1","1053.58","1021.58","1041.54","1111.90"
"09/02/2023 19:00:00 - 09/02/2023 20:00:00","BZN|DK1","1071.88","1059.21","1089.71","1132.24"
"09/02/2023 20:00:00 - 09/02/2023 21:00:00","BZN|DK1","1063.04","1069.13","1057.58","1109.30"
"09/02/2023 21:00:00 - 09/02/2023 22:00:00","BZN|DK1","1071.50","1075.42","1073.92","1123.48"
"09/02/2023 22:00:00 - 09/02/2023 23:00:00","BZN|DK1","1068.54","1075.83","1052.54","1132.76"
"09/02/2023 23:00:00 - 10/02/2023 00:00:00","BZN|DK1","1046.71","1080.63","1058.75","1133.36"
"10/02/2023 00:00:00 - 10/02/2023 01:00:00","BZN|DK1","1017.17","N/A","1041.42","1102.55"
"10/02/2023 01:00:00 - 10/02/2023 02:00:00","BZN|DK1","1001.00","N/A","1009.08","952.31"
"10/02/2023 02:00:00 - 10/02/2023 03:00:00","BZN|DK1","902.46","N/A","745.71","821.36"
"10/02/2023 03:00:00 - 10/02/2023 04:00:00","BZN|DK1","768.96","N/A","613.83","713.89"
"10/02/2023 04:00:00 - 10/02/2023 05:00:00","BZN|DK1","660.58","N/A","567.25","638.57"
"10/02/2023 05:00:00 - 10/02/2023 06:00:00","BZN|DK1","546.67","N/A","511.83","632.44"
"10/02/2023 06:00:00 - 10/02/2023 07:00:00","BZN|DK1","438.75","N/A","554.79","595.83"
"10/02/2023 07:00:00 - 10/02/2023 08:00:00","BZN|DK1","413.42","N/A","541.08","703.40"
"10/02/2023 08:00:00 - 10/02/2023 09:00:00","BZN|DK1","475.67","611.92","623.13","749.44"
"10/02/2023 09:00:00 - 10/02/2023 10:00:00","BZN|DK1","635.21","649.92","731.46","860.01"
"10/02/2023 10:00:00 - 10/02/2023 11:00:00","BZN|DK1","767.21","696.29","835.92","832.36"
"10/02/2023 11:00:00 - 10/02/2023 12:00:00","BZN|DK1","817.58","822.13","821.04","839.48"
"10/02/2023 12:00:00 - 10/02/2023 13:00:00","BZN|DK1","884.63","861.38","836.83","811.89"
"10/02/2023 13:00:00 - 10/02/2023 14:00:00","BZN|DK1","877.88","764.79","810.92","880.22"
"10/02/2023 14:00:00 - 10/02/2023 15:00:00","BZN|DK1","896.54","781.54","911.88","986.67"
"10/02/2023 15:00:00 - 10/02/2023 16:00:00","BZN|DK1","969.75","896.42","975.04","1102.90"
"10/02/2023 16:00:00 - 10/02/2023 17:00:00","BZN|DK1","1022.42","928.58","1080.21","1150.89"
"10/02/2023 17:00:00 - 10/02/2023 18:00:00","BZN|DK1","1088.83","1017.46","1124.50","1170.00"
"10/02/2023 18:00:00 - 10/02/2023 19:00:00","BZN|DK1","1069.92","1042.92","1086.92","1145.64"
"10/02/2023 19:00:00 - 10/02/2023 20:00:00","BZN|DK1","1086.04","1090.00","1075.25","1147.69"
"10/02/2023 20:00:00 - 10/02/2023 21:00:00","BZN|DK1","1080.67","1097.25","1083.79","1167.52"
"10/02/2023 21:00:00 - 10/02/2023 22:00:00","BZN|DK1","1084.71","1095.33","1112.75","1152.48"
"10/02/2023 22:00:00 - 10/02/2023 23:00:00","BZN|DK1","1073.08","1093.25","1085.21","1121.34"
"10/02/2023 23:00:00 - 11/02/2023 00:00:00","BZN|DK1","1085.50","1093.67","1037.88","1109.93"
"11/02/2023 00:00:00 - 11/02/2023 01:00:00","BZN|DK1","1048.29","N/A","1033.29","1108.71"
"11/02/2023 01:00:00 - 11/02/2023 02:00:00","BZN|DK1","1055.92","N/A","1075.67","1132.41"
"11/02/2023 02:00:00 - 11/02/2023 03:00:00","BZN|DK1","1023.71","N/A","1055.50","1106.93"
"11/02/2023 03:00:00 - 11/02/2023 04:00:00","BZN|DK1","978.50","N/A","1056.38","985.43"
"11/02/2023 04:00:00 - 11/02/2023 05:00:00","BZN|DK1","976.71","N/A","832.79","941.43"
"11/02/2023 05:00:00 - 11/02/2023 06:00:00","BZN|DK1","1034.63","N/A","915.58","1141.00"
"11/02/2023 06:00:00 - 11/02/2023 07:00:00","BZN|DK1","1035.13","N/A","1052.17","1154.51"
"11/02/2023 07:00:00 - 11/02/2023 08:00:00","BZN|DK1","1054.54","N/A","1103.96","1133.99"
"11/02/2023 08:00:00 - 11/02/2023 09:00:00","BZN|DK1","1075.29","1094.08","1093.42","1150.00"
"11/02/2023 09:00:00 - 11/02/2023 10:00:00","BZN|DK1","1020.00","1031.58","1039.58","1135.89"
"11/02/2023 10:00:00 - 11/02/2023 11:00:00","BZN|DK1","1052.04","1032.54","1063.21","1133.17"
"11/02/2023 11:00:00 - 11/02/2023 12:00:00","BZN|DK1","1079.46","1056.21","1052.42","1136.04"
"11/02/2023 12:00:00 - 11/02/2023 13:00:00","BZN|DK1","1080.58","1063.21","1066.38","1132.93"
"11/02/2023 13:00:00 - 11/02/2023 14:00:00","BZN|DK1","1030.67","989.38","1030.63","1111.40"
"11/02/2023 14:00:00 - 11/02/2023 15:00:00","BZN|DK1","1015.33","939.71","996.33","1112.78"
"11/02/2023 15:00:00 - 11/02/2023 16:00:00","BZN|DK1","995.96","877.08","977.71","1093.54"
"11/02/2023 16:00:00 - 11/02/2023 17:00:00","BZN|DK1","930.25","726.46","954.46","979.39"
"11/02/2023 17:00:00 - 11/02/2023 18:00:00","BZN|DK1","863.25","578.21","757.96","897.19"
"11/02/2023 18:00:00 - 11/02/2023 19:00:00","BZN|DK1","704.00","484.46","745.29","700.08"
"11/02/2023 19:00:00 - 11/02/2023 20:00:00","BZN|DK1","583.83","453.42","516.29","653.99"
"11/02/2023 20:00:00 - 11/02/2023 21:00:00","BZN|DK1","463.04","372.08","519.04","592.31"
"11/02/2023 21:00:00 - 11/02/2023 22:00:00","BZN|DK1","429.63","307.71","434.92","496.20"
"11/02/2023 22:00:00 - 11/02/2023 23:00:00","BZN|DK1","395.38","297.71","466.13","427.86"
"11/02/2023 23:00:00 - 12/02/2023 00:00:00","BZN|DK1","359.50","326.88","422.58","484.11"
"12/02/2023 00:00:00 - 12/02/2023 01:00:00","BZN|DK1","343.67","N/A","403.00","468.68"
"12/02/2023 01:00:00 - 12/02/2023 02:00:00","BZN|DK1","320.42","N/A","422.46","457.36"
"12/02/2023 02:00:00 - 12/02/2023 03:00:00","BZN|DK1","307.25","N/A","401.58","427.08"
"12/02/2023 03:00:00 - 12/02/2023 04:00:00","BZN|DK1","286.54","N/A","396.17","581.26"
"12/02/2023 04:00:00 - 12/02/2023 05:00:00","BZN|DK1","334.13","N/A","579.38","649.67"
"12/02/2023 05:00:00 - 12/02/2023 06:00:00","BZN|DK1","344.63","N/A","591.42","665.62"
"12/02/2023 06:00:00 - 12/02/2023 07:00:00","BZN|DK1","305.33","N/A","533.21","632.95"
"12/02/2023 07:00:00 - 12/02/2023 08:00:00","BZN|DK1","274.83","N/A","606.29","611.91"
"12/02/2023 08:00:00 - 12/02/2023 09:00:00","BZN|DK1","319.08","590.54","579.75","531.04"
"12/02/2023 09:00:00 - 12/02/2023 10:00:00","BZN|DK1","393.46","552.50","483.83","476.96"
"12/02/2023 10:00:00 - 12/02/2023 11:00:00","BZN|DK1","400.38","529.50","448.29","550.80"
"12/02/2023 11:00:00 - 12/02/2023 12:00:00","BZN|DK1","419.08","536.88","558.50","669.41"
"12/02/2023 12:00:00 - 12/02/2023 13:00:00","BZN|DK1","521.21","597.83","704.96","780.23"
"12/02/2023 13:00:00 - 12/02/2023 14:00:00","BZN|DK1","506.54","567.00","716.79","785.35"
"12/02/2023 14:00:00 - 12/02/2023 15:00:00","BZN|DK1","522.25","596.75","771.58","863.99"
"12/02/2023 15:00:00 - 12/02/2023 16:00:00","BZN|DK1","523.08","581.83","749.33","911.92"
"12/02/2023 16:00:00 - 12/02/2023 17:00:00","BZN|DK1","496.50","571.50","830.50","942.85"
"12/02/2023 17:00:00 - 12/02/2023 18:00:00","BZN|DK1","502.92","586.96","838.21","871.55"
"12/02/2023 18:00:00 - 12/02/2023 19:00:00","BZN|DK1","500.00","574.25","763.88","770.47"
"12/02/2023 19:00:00 - 12/02/2023 20:00:00","BZN|DK1","510.08","587.75","728.42","691.04"
"12/02/2023 20:00:00 - 12/02/2023 21:00:00","BZN|DK1","539.25","587.63","587.13","552.47"
"12/02/2023 21:00:00 - 12/02/2023 22:00:00","BZN|DK1","533.21","598.67","453.38","570.85"
"12/02/2023 22:00:00 - 12/02/2023 23:00:00","BZN|DK1","496.79","627.08","547.79","585.72"
"12/02/2023 23:00:00 - 13/02/2023 00:00:00","BZN|DK1","447.79","624.17","529.29","587.89"
"13/02/2023 00:00:00 - 13/02/2023 01:00:00","BZN|DK1","576.42","N/A","542.92","613.55"
"13/02/2023 01:00:00 - 13/02/2023 02:00:00","BZN|DK1","566.92","N/A","576.75","637.81"
"13/02/2023 02:00:00 - 13/02/2023 03:00:00","BZN|DK1","500.00","N/A","566.75","631.66"
"13/02/2023 03:00:00 - 13/02/2023 04:00:00","BZN|DK1","477.50","N/A","576.92","633.87"
"13/02/2023 04:00:00 - 13/02/2023 05:00:00","BZN|DK1","437.67","N/A","561.08","586.58"
"13/02/2023 05:00:00 - 13/02/2023 06:00:00","BZN|DK1","392.38","N/A","502.17","599.42"
"13/02/2023 06:00:00 - 13/02/2023 07:00:00","BZN|DK1","334.88","N/A","548.25","580.60"
"13/02/2023 07:00:00 - 13/02/2023 08:00:00","BZN|DK1","331.79","N/A","521.04","566.35"
"13/02/2023 08:00:00 - 13/02/2023 09:00:00","BZN|DK1","385.42","546.00","545.79","525.44"
"13/02/2023 09:00:00 - 13/02/2023 10:00:00","BZN|DK1","437.96","507.63","468.96","474.28"
"13/02/2023 10:00:00 - 13/02/2023 11:00:00","BZN|DK1","415.04","480.79","427.58","438.00"
"13/02/2023 11:00:00 - 13/02/2023 12:00:00","BZN|DK1","366.75","422.04","390.88","421.85"
"13/02/2023 12:00:00 - 13/02/2023 13:00:00","BZN|DK1","421.38","437.04","414.17","436.00"
"13/02/2023 13:00:00 - 13/02/2023 14:00:00","BZN|DK1","363.29","321.25","390.50","418.84"
"13/02/2023 14:00:00 - 13/02/2023 15:00:00","BZN|DK1","316.04","293.29","353.17","359.25"
"13/02/2023 15:00:00 - 13/02/2023 16:00:00","BZN|DK1","292.17","237.88","243.75","311.21"
"13/02/2023 16:00:00 - 13/02/2023 17:00:00","BZN|DK1","257.46","194.63","308.58","301.31"
"13/02/2023 17:00:00 - 13/02/2023 18:00:00","BZN|DK1","216.38","197.75","241.21","241.69"
"13/02/2023 18:00:00 - 13/02/2023 19:00:00","BZN|DK1","184.17","209.04","245.50","277.96"
"13/02/2023 19:00:00 - 13/02/2023 20:00:00","BZN|DK1","183.58","245.33","278.21","288.43"
"13/02/2023 20:00:00 - 13/02/2023 21:00:00","BZN|DK1","248.83","272.29","266.50","275.17"
"13/02/2023 21:00:00 - 13/02/2023 22:00:00","BZN|DK1","262.79","246.67","237.92","268.90"
"13/02/2023 22:00:00 - 13/02/2023 23:00:00","BZN|DK1","231.38","218.75","248.46","241.74"
"13/02/2023 23:00:00 - 14/02/2023 00:00:00","BZN|DK1","163.67","160.96","215.00","185.64"
"14/02/2023 00:00:00 - 14/02/2023 01:00:00","BZN|DK1","146.88","N/A","153.38","152.24"
"14/02/2023 01:00:00 - 14/02/2023 02:00:00","BZN|DK1","126.08","N/A","127.50","91.98"
"14/02/2023 02:00:00 - 14/02/2023 03:00:00","BZN|DK1","113.88","N/A","82.21","63.32"
"14/02/2023 03:00:00 - 14/02/2023 04:00:00","BZN|DK1","114.54","N/A","49.38","61.89"
"14/02/2023 04:00:00 - 14/02/2023 05:00:00","BZN|DK1","125.21","N/A","86.17","90.28"
"14/02/2023 05:00:00 - 14/02/2023 06:00:00","BZN|DK1","156.13","N/A","93.96","90.27"
"14/02/2023 06:00:00 - 14/02/2023 07:00:00","BZN|DK1","175.42","N/A","102.58","61.13"
"14/02/2023 07:00:00 - 14/02/2023 08:00:00","BZN|DK1","171.13","N/A","83.63","53.23"
"14/02/2023 08:00:00 - 14/02/2023 09:00:00","BZN|DK1","197.71","116.71","105.63","55.53"
"14/02/2023 09:00:00 - 14/02/2023 10:00:00","BZN|DK1","240.71","159.75","103.63","106.81"
"14/02/2023 10:00:00 - 14/02/2023 11:00:00","BZN|DK1","265.58","191.08","139.38","122.98"
"14/02/2023 11:00:00 - 14/02/2023 12:00:00","BZN|DK1","282.96","216.83","169.58","141.17"
"14/02/2023 12:00:00 - 14/02/2023 13:00:00","BZN|DK1","317.08","273.00","202.21","162.44"
"14/02/2023 13:00:00 - 14/02/2023 14:00:00","BZN|DK1","273.75","255.50","171.25","137.86"
"14/02/2023 14:00:00 - 14/02/2023 15:00:00","BZN|DK1","224.08","209.83","167.25","156.02"
"14/02/2023 15:00:00 - 14/02/2023 16:00:00","BZN|DK1","193.08","196.46","173.33","165.01"
"14/02/2023 16:00:00 - 14/02/2023 17:00:00","BZN|DK1","175.58","185.04","168.13","156.77"
"14/02/2023 17:00:00 - 14/02/2023 18:00:00","BZN|DK1","186.92","195.21","167.71","200.01"
"14/02/2023 18:00:00 - 14/02/2023 19:00:00","BZN|DK1","204.42","230.88","241.08","257.70"
"14/02/2023 19:00:00 - 14/02/2023 20:00:00","BZN|DK1","228.33","286.42","280.92","274.68"
"14/02/2023 20:00:00 - 14/02/2023 21:00:00","BZN|DK1","269.42","263.96","249.17","284.11"
"14/02/2023 21:00:00 - 14/02/2023 22:00:00","BZN|DK1","309.54","231.92","269.46","244.81"
"14/02/2023 22:00:00 - 14/02/2023 23:00:00","BZN|DK1","286.29","235.75","223.63","209.74"
"14/02/2023 23:00:00 - 15/02/2023 00:00:00","BZN|DK1","276.08","206.63","166.17","186.68"
"15/02/2023 00:00:00 - 15/02/2023 01:00:00","BZN|DK1","136.42","N/A","117.71","98.39"
"15/02/2023 01:00:00 - 15/02/2023 02:00:00","BZN|DK1","114.54","N/A","78.88","78.69"
"15/02/2023 02:00:00 - 15/02/2023 03:00:00","BZN|DK1","92.38","N/A","75.67","49.75"
"15/02/2023 03:00:00 - 15/02/2023 04:00:00","BZN|DK1","92.46","N/A","37.83","23.60"
"15/02/2023 04:00:00 - 15/02/2023 05:00:00","BZN|DK1","92.17","N/A","41.08","12.62"
"15/02/2023 05:00:00 - 15/02/2023 06:00:00","BZN|DK1","131.75","N/A","37.54","4.02"
"15/02/2023 06:00:00 - 15/02/2023 07:00:00","BZN|DK1","159.92","N/A","19.83","5.21"
"15/02/2023 07:00:00 - 15/02/2023 08:00:00","BZN|DK1","159.71","N/A","28.83","20.30"
"15/02/2023 08:00:00 - 15/02/2023 09:00:00","BZN|DK1","175.33","62.13","53.83","46.56"
"15/02/2023 09:00:00 - 15/02/2023 10:00:00","BZN|DK1","169.83","104.71","50.67","71.05"
"15/02/2023 10:00:00 - 15/02/2023 11:00:00","BZN|DK1","175.04","131.54","88.08","93.41"
"15/02/2023 11:00:00 - 15/02/2023 12:00:00","BZN|DK1","225.33","171.71","142.83","118.74"
"15/02/2023 12:00:00 - 15/02/2023 13:00:00","BZN|DK1","290.17","224.92","200.42","193.30"
"15/02/2023 13:00:00 - 15/02/2023 14:00:00","BZN|DK1","343.00","243.88","220.29","217.28"
"15/02/2023 14:00:00 - 15/02/2023 15:00:00","BZN|DK1","375.42","284.46","276.29","248.91"
"15/02/2023 15:00:00 - 15/02/2023 16:00:00","BZN|DK1","422.13","326.00","333.75","236.12"
"15/02/2023 16:00:00 - 15/02/2023 17:00:00","BZN|DK1","451.21","387.25","257.54","269.68"
"15/02/2023 17:00:00 - 15/02/2023 18:00:00","BZN|DK1","516.25","441.54","338.88","288.88"
"15/02/2023 18:00:00 - 15/02/2023 19:00:00","BZN|DK1","540.88","518.54","406.83","398.15"
"15/02/2023 19:00:00 - 15/02/2023 20:00:00","BZN|DK1","581.08","596.17","513.63","564.15"
"15/02/2023 20:00:00 - 15/02/2023 21:00:00","BZN|DK1","599.13","656.08","629.58","751.00"
"15/02/2023 21:00:00 - 15/02/2023 22:00:00","BZN|DK1","614.25","686.21","806.88","836.47"
"15/02/2023 22:00:00 - 15/02/2023 23:00:00","BZN|DK1","601.83","672.54","812.67","907.60"
"15/02/2023 23:00:00 - 16/02/2023 00:00:00","BZN|DK1","563.38","636.00","826.08","947.15"
"16/02/2023 00:00:00 - 16/02/2023 01:00:00","BZN|DK1","581.04","N/A","813.00","832.04"
"16/02/2023 01:00:00 - 16/02/2023 02:00:00","BZN|DK1","524.71","N/A","675.54","683.07"
"16/02/2023 02:00:00 - 16/02/2023 03:00:00","BZN|DK1","396.38","N/A","501.17","492.82"
"16/02/2023 03:00:00 - 16/02/2023 04:00:00","BZN|DK1","349.63","N/A","329.42","366.55"
"16/02/2023 04:00:00 - 16/02/2023 05:00:00","BZN|DK1","287.29","N/A","327.38","289.38"
"16/02/2023 05:00:00 - 16/02/2023 06:00:00","BZN|DK1","219.13","N/A","194.38","232.15"
"16/02/2023 06:00:00 - 16/02/2023 07:00:00","BZN|DK1","189.96","N/A","173.92","183.79"
"16/02/2023 07:00:00 - 16/02/2023 08:00:00","BZN|DK1","187.50","N/A","168.04","147.38"
"16/02/2023 08:00:00 - 16/02/2023 09:00:00","BZN|DK1","241.88","129.50","128.75","136.41"
"16/02/2023 09:00:00 - 16/02/2023 10:00:00","BZN|DK1","279.71","133.54","153.29","180.33"
"16/02/2023 10:00:00 - 16/02/2023 11:00:00","BZN|DK1","265.42","150.42","153.92","158.13"
"16/02/2023 11:00:00 - 16/02/2023 12:00:00","BZN|DK1","280.00","141.96","183.50","198.57"
"16/02/2023 12:00:00 - 16/02/2023 13:00:00","BZN|DK1","335.00","158.00","221.33","290.81"
"16/02/2023 13:00:00 - 16/02/2023 14:00:00","BZN|DK1","324.08","115.75","244.96","246.99"
"16/02/2023 14:00:00 - 16/02/2023 15:00:00","BZN|DK1","307.46","125.54","280.54","263.89"
"16/02/2023 15:00:00 - 16/02/2023 16:00:00","BZN|DK1","314.38","171.83","277.08","239.12"
"16/02/2023 16:00:00 - 16/02/2023 17:00:00","BZN|DK1","302.71","210.83","238.00","286.20"
"16/02/2023 17:00:00 - 16/02/2023 18:00:00","BZN|DK1","325.33","256.79","323.25","260.94"
"16/02/2023 18:00:00 - 16/02/2023 19:00:00","BZN|DK1","340.21","245.88","209.33","285.93"
"16/02/2023 19:00:00 - 16/02/2023 20:00:00","BZN|DK1","314.21","217.42","355.13","507.60"
"16/02/2023 20:00:00 - 16/02/2023 21:00:00","BZN|DK1","299.33","259.88","516.29","515.90"
"16/02/2023 21:00:00 - 16/02/2023 22:00:00","BZN|DK1","345.88","310.58","463.71","534.79"
"16/02/2023 22:00:00 - 16/02/2023 23:00:00","BZN|DK1","377.38","360.79","657.25","741.37"
"16/02/2023 23:00:00 - 17/02/2023 00:00:00","BZN|DK1","386.13","393.42","719.04","665.53"
"17/02/2023 00:00:00 - 17/02/2023 01:00:00","BZN|DK1","451.17","N/A","599.67","604.61"
"17/02/2023 01:00:00 - 17/02/2023 02:00:00","BZN|DK1","500.42","N/A","655.33","796.12"
"17/02/2023 02:00:00 - 17/02/2023 03:00:00","BZN|DK1","580.63","N/A","808.08","898.19"
"17/02/2023 03:00:00 - 17/02/2023 04:00:00","BZN|DK1","673.33","N/A","840.04","1065.97"
"17/02/2023 04:00:00 - 17/02/2023 05:00:00","BZN|DK1","774.88","N/A","1059.50","1007.91"
"17/02/2023 05:00:00 - 17/02/2023 06:00:00","BZN|DK1","812.38","N/A","903.75","884.45"
"17/02/2023 06:00:00 - 17/02/2023 07:00:00","BZN|DK1","885.71","N/A","898.00","912.80"
"17/02/2023 07:00:00 - 17/02/2023 08:00:00","BZN|DK1","963.92","N/A","982.17","1158.80"
"17/02/2023 08:00:00 - 17/02/2023 09:00:00","BZN|DK1","1007.75","1118.88","1118.21","1167.67"
"17/02/2023 09:00:00 - 17/02/2023 10:00:00","BZN|DK1","1004.38","1088.29","1109.58","1174.32"
"17/02/2023 10:00:00 - 17/02/2023 11:00:00","BZN|DK1","1030.54","1093.08","1100.42","1174.93"
"17/02/2023 11:00:00 - 17/02/2023 12:00:00","BZN|DK1","996.46","1061.42","1070.46","1142.99"
"17/02/2023 12:00:00 - 17/02/2023 13:00:00","BZN|DK1","926.83","944.58","972.50","1081.82"
"17/02/2023 13:00:00 - 17/02/2023 14:00:00","BZN|DK1","850.08","865.88","985.00","1095.46"
"17/02/2023 14:00:00 - 17/02/2023 15:00:00","BZN|DK1","862.54","870.25","995.04","1041.33"
"17/02/2023 15:00:00 - 17/02/2023 16:00:00","BZN|DK1","884.25","831.17","887.00","900.55"
"17/02/2023 16:00:00 - 17/02/2023 17:00:00","BZN|DK1","876.00","760.38","775.63","883.74"
"17/02/2023 17:00:00 - 17/02/2023 18:00:00","BZN|DK1","916.17","767.96","864.29","946.51"
"17/02/2023 18:00:00 - 17/02/2023 19:00:00","BZN|DK1","882.63","701.33","904.29","884.64"
"17/02/2023 19:00:00 - 17/02/2023 20:00:00","BZN|DK1","871.17","686.79","847.50","772.18"
"17/02/2023 20:00:00 - 17/02/2023 21:00:00","BZN|DK1","869.63","726.67","756.58","831.58"
"17/02/2023 21:00:00 - 17/02/2023 22:00:00","BZN|DK1","874.79","771.29","770.33","816.19"
"17/02/2023 22:00:00 - 17/02/2023 23:00:00","BZN|DK1","872.83","823.21","770.67","867.40"
"17/02/2023 23:00:00 - 18/02/2023 00:00:00","BZN|DK1","898.58","870.29","817.33","936.35"
"18/02/2023 00:00:00 - 18/02/2023 01:00:00","BZN|DK1","954.83","N/A","969.17","1014.18"
"18/02/2023 01:00:00 - 18/02/2023 02:00:00","BZN|DK1","995.04","N/A","990.29","1077.27"
"18/02/2023 02:00:00 - 18/02/2023 03:00:00","BZN|DK1","991.67","N/A","1002.50","1133.86"
"18/02/2023 03:00:00 - 18/02/2023 04:00:00","BZN|DK1","994.50","N/A","1079.29","1134.27"
"18/02/2023 04:00:00 - 18/02/2023 05:00:00","BZN|DK1","1010.08","N/A","1032.83","1095.10"
"18/02/2023 05:00:00 - 18/02/2023 06:00:00","BZN|DK1","1006.38","N/A","934.17","886.18"
"18/02/2023 06:00:00 - 18/02/2023 07:00:00","BZN|DK1","866.00","N/A","644.71","763.47"
"18/02/2023 07:00:00 - 18/02/2023 08:00:00","BZN|DK1","670.38","N/A","586.71","711.84"
"18/02/2023 08:00:00 - 18/02/2023 09:00:00","BZN|DK1","610.67","572.83","587.88","703.13"
"18/02/2023 09:00:00 - 18/02/2023 10:00:00","BZN|DK1","583.96","502.42","602.50","572.53"
"18/02/2023 10:00:00 - 18/02/2023 11:00:00","BZN|DK1","558.71","487.38","493.92","499.98"
"18/02/2023 11:00:00 - 18/02/2023 12:00:00","BZN|DK1","514.17","454.00","431.25","408.43"
"18/02/2023 12:00:00 - 18/02/2023 13:00:00","BZN|DK1","485.38","437.71","396.13","426.58"
"18/02/2023 13:00:00 - 18/02/2023 14:00:00","BZN|DK1","459.92","381.08","429.17","533.74"
"18/02/2023 14:00:00 - 18/02/2023 15:00:00","BZN|DK1","511.13","472.92","592.96","612.38"
"18/02/2023 15:00:00 - 18/02/2023 16:00:00","BZN|DK1","584.21","572.96","647.88","647.85"
"18/02/2023 16:00:00 - 18/02/2023 17:00:00","BZN|DK1","607.46","626.96","620.50","673.00"
"18/02/2023 17:00:00 - 18/02/2023 18:00:00","BZN|DK1","627.50","654.75","677.79","678.91"
"18/02/2023 18:00:00 - 18/02/2023 19:00:00","BZN|DK1","604.96","640.33","629.13","669.69"
"18/02/2023 19:00:00 - 18/02/2023 20:00:00","BZN|DK1","539.92","597.00","617.13","625.34"
"18/02/2023 20:00:00 - 18/02/2023 21:00:00","BZN|DK1","477.38","567.13","553.00","556.93"
"18/02/2023 21:00:00 - 18/02/2023 22:00:00","BZN|DK1","417.21","536.08","528.25","576.20"
"18/02/2023 22:00:00 - 18/02/2023 23:00:00","BZN|DK1","383.83","473.92","521.83","489.06"
"18/02/2023 23:00:00 - 19/02/2023 00:00:00","BZN|DK1","373.75","456.83","466.08","458.39"
"19/02/2023 00:00:00 - 19/02/2023 01:00:00","BZN|DK1","517.92","N/A","424.46","396.18"
"19/02/2023 01:00:00 - 19/02/2023 02:00:00","BZN|DK1","529.50","N/A","409.54","391.75"
"19/02/2023 02:00:00 - 19/02/2023 03:00:00","BZN|DK1","542.63","N/A","433.21","405.84"
"19/02/2023 03:00:00 - 19/02/2023 04:00:00","BZN|DK1","533.88","N/A","402.13","372.71"
"19/02/2023 04:00:00 - 19/02/2023 05:00:00","BZN|DK1","565.42","N/A","395.46","401.76"
"19/02/2023 05:00:00 - 19/02/2023 06:00:00","BZN|DK1","541.71","N/A","430.13","481.45"
"19/02/2023 06:00:00 - 19/02/2023 07:00:00","BZN|DK1","510.88","N/A","500.46","469.45"
"19/02/2023 07:00:00 - 19/02/2023 08:00:00","BZN|DK1","527.33","N/A","460.25","469.79"
"19/02/2023 08:00:00 - 19/02/2023 09:00:00","BZN|DK1","534.67","493.83","479.75","425.78"
"19/02/2023 09:00:00 - 19/02/2023 10:00:00","BZN|DK1","492.13","520.33","295.21","284.35"
"19/02/2023 10:00:00 - 19/02/2023 11:00:00","BZN|DK1","460.33","496.96","327.17","384.24"
"19/02/2023 11:00:00 - 19/02/2023 12:00:00","BZN|DK1","487.50","453.13","512.13","626.96"
"19/02/2023 12:00:00 - 19/02/2023 13:00:00","BZN|DK1","547.25","384.33","602.46","635.08"
"19/02/2023 13:00:00 - 19/02/2023 14:00:00","BZN|DK1","596.54","374.04","597.96","738.01"
"19/02/2023 14:00:00 - 19/02/2023 15:00:00","BZN|DK1","608.79","464.75","798.46","766.68"
"19/02/2023 15:00:00 - 19/02/2023 16:00:00","BZN|DK1","622.08","597.67","757.21","760.13"
"19/02/2023 16:00:00 - 19/02/2023 17:00:00","BZN|DK1","662.63","686.25","779.71","815.36"
"19/02/2023 17:00:00 - 19/02/2023 18:00:00","BZN|DK1","761.75","815.58","880.25","968.77"
"19/02/2023 18:00:00 - 19/02/2023 19:00:00","BZN|DK1","905.13","947.75","1053.21","1030.08"
"19/02/2023 19:00:00 - 19/02/2023 20:00:00","BZN|DK1","980.38","1003.83","1005.33","1044.98"
"19/02/2023 20:00:00 - 19/02/2023 21:00:00","BZN|DK1","1030.92","1031.88","1056.83","1081.21"
"19/02/2023 21:00:00 - 19/02/2023 22:00:00","BZN|DK1","1050.00","1050.13","1021.21","697.63"
"19/02/2023 22:00:00 - 19/02/2023 23:00:00","BZN|DK1","1022.50","1032.00","687.54","709.84"
"19/02/2023 23:00:00 - 20/02/2023 00:00:00","BZN|DK1","1028.71","1030.71","702.63","814.07"
"20/02/2023 00:00:00 - 20/02/2023 01:00:00","BZN|DK1","1055.04","N/A","811.00","1126.27"
"20/02/2023 01:00:00 - 20/02/2023 02:00:00","BZN|DK1","1061.96","N/A","1079.63","1152.34"
"20/02/2023 02:00:00 - 20/02/2023 03:00:00","BZN|DK1","1035.96","N/A","1088.88","1132.30"
"20/02/2023 03:00:00 - 20/02/2023 04:00:00","BZN|DK1","1023.92","N/A","1050.13","1147.83"
"20/02/2023 04:00:00 - 20/02/2023 05:00:00","BZN|DK1","1020.04","N/A","1092.63","1117.28"
"20/02/2023 05:00:00 - 20/02/2023 06:00:00","BZN|DK1","1038.67","N/A","1070.08","1107.68"
"20/02/2023 06:00:00 - 20/02/2023 07:00:00","BZN|DK1","1062.50","N/A","1062.96","1168.97"
"20/02/2023 07:00:00 - 20/02/2023 08:00:00","BZN|DK1","1082.63","N/A","1093.21","1150.29"
"20/02/2023 08:00:00 - 20/02/2023 09:00:00","BZN|DK1","1071.29","1063.00","1062.75","1153.45"
"20/02/2023 09:00:00 - 20/02/2023 10:00:00","BZN|DK1","1040.00","1049.38","1074.67","1106.18"
"20/02/2023 10:00:00 - 20/02/2023 11:00:00","BZN|DK1","1056.79","1065.83","1056.63","1077.91"
"20/02/2023 11:00:00 - 20/02/2023 12:00:00","BZN|DK1","1060.79","1065.96","1024.33","1129.72"
"20/02/2023 12:00:00 - 20/02/2023 13:00:00","BZN|DK1","1044.92","1011.75","1003.38","1108.21"
"20/02/2023 13:00:00 - 20/02/2023 14:00:00","BZN|DK1","1031.38","1022.79","1089.42","1149.80"
"20/02/2023 14:00:00 - 20/02/2023 15:00:00","BZN|DK1","1015.71","1020.50","1064.75","1089.33"
"20/02/2023 15:00:00 - 20/02/2023 16:00:00","BZN|DK1","1033.79","1035.67","1010.33","1039.79"
"20/02/2023 16:00:00 - 20/02/2023 17:00:00","BZN|DK1","1051.04","1050.67","1005.38","1107.45"
"20/02/2023 17:00:00 - 20/02/2023 18:00:00","BZN|DK1","1077.54","1073.29","1081.83","1111.64"
"20/02/2023 18:00:00 - 20/02/2023 19:00:00","BZN|DK1","1043.71","1044.13","1066.96","1130.53"
"20/02/2023 19:00:00 - 20/02/2023 20:00:00","BZN|DK1","1017.17","1025.17","1046.75","1138.70"
"20/02/2023 20:00:00 - 20/02/2023 21:00:00","BZN|DK1","1036.92","1043.71","1093.38","1119.64"
"20/02/2023 21:00:00 - 20/02/2023 22:00:00","BZN|DK1","1052.67","1066.17","1088.04","1149.76"
"20/02/2023 22:00:00 - 20/02/2023 23:00:00","BZN|DK1","1046.17","1056.96","1093.96","1080.24"
"20/02/2023 23:00:00 - 21/02/2023 00:00:00","BZN|DK1","1056.17","1081.46","1044.63","1152.84"
"21/02/2023 00:00:00 - 21/02/2023 01:00:00","BZN|DK1","1078.25","N/A","1073.58","1138.45"
"21/02/2023 01:00:00 - 21/02/2023 02:00:00","BZN|DK1","1056.17","N/A","1085.79","1144.79"
"21/02/2023 02:00:00 - 21/02/2023 03:00:00","BZN|DK1","1015.79","N/A","1070.00","1080.46"
"21/02/2023 03:00:00 - 21/02/2023 04:00:00","BZN|DK1","988.21","N/A","1007.17","1089.83"
"21/02/2023 04:00:00 - 21/02/2023 05:00:00","BZN|DK1","970.25","N/A","1068.67","1150.01"
"21/02/2023 05:00:00 - 21/02/2023 06:00:00","BZN|DK1","979.92","N/A","1077.79","1150.24"
"21/02/2023 06:00:00 - 21/02/2023 07:00:00","BZN|DK1","975.63","N/A","1047.08","1152.75"
"21/02/2023 07:00:00 - 21/02/2023 08:00:00","BZN|DK1","969.21","N/A","1073.54","1120.29"
"21/02/2023 08:00:00 - 21/02/2023 09:00:00","BZN|DK1","972.79","1043.54","1055.33","1087.62"
"21/02/2023 09:00:00 - 21/02/2023 10:00:00","BZN|DK1","935.79","930.04","840.46","936.33"
"21/02/2023 10:00:00 - 21/02/2023 11:00:00","BZN|DK1","870.79","774.33","833.88","1012.61"
"21/02/2023 11:00:00 - 21/02/2023 12:00:00","BZN|DK1","775.13","654.42","884.08","993.80"
"21/02/2023 12:00:00 - 21/02/2023 13:00:00","BZN|DK1","715.08","492.63","774.67","688.28"
"21/02/2023 13:00:00 - 21/02/2023 14:00:00","BZN|DK1","538.38","322.21","374.75","350.30"
"21/02/2023 14:00:00 - 21/02/2023 15:00:00","BZN|DK1","343.13","201.25","199.17","227.37"
"21/02/2023 15:00:00 - 21/02/2023 16:00:00","BZN|DK1","227.33","146.50","134.25","128.59"
"21/02/2023 16:00:00 - 21/02/2023 17:00:00","BZN|DK1","158.17","109.13","32.54","78.88"
"21/02/2023 17:00:00 - 21/02/2023 18:00:00","BZN|DK1","109.71","82.04","43.50","71.35"
"21/02/2023 18:00:00 - 21/02/2023 19:00:00","BZN|DK1","80.29","59.42","30.38","41.64"
"21/02/2023 19:00:00 - 21/02/2023 20:00:00","BZN|DK1","55.63","42.54","39.33","41.50"
"21/02/2023 20:00:00 - 21/02/2023 21:00:00","BZN|DK1","65.13","44.17","42.58","54.53"
"21/02/2023 21:00:00 - 21/02/2023 22:00:00","BZN|DK1","82.75","64.54","69.08","141.26"
"21/02/2023 22:00:00 - 21/02/2023 23:00:00","BZN|DK1","88.08","111.33","221.88","193.46"
"21/02/2023 23:00:00 - 22/02/2023 00:00:00","BZN|DK1","98.71","180.96","227.25","191.84"
"22/02/2023 00:00:00 - 22/02/2023 01:00:00","BZN|DK1","130.83","N/A","241.79","275.51"
"22/02/2023 01:00:00 - 22/02/2023 02:00:00","BZN|DK1","172.83","N/A","303.71","309.27"
"22/02/2023 02:00:00 - 22/02/2023 03:00:00","BZN|DK1","231.17","N/A","271.79","220.74"
"22/02/2023 03:00:00 - 22/02/2023 04:00:00","BZN|DK1","250.46","N/A","182.92","156.30"
"22/02/2023 04:00:00 - 22/02/2023 05:00:00","BZN|DK1","282.71","N/A","149.08","175.40"
"22/02/2023 05:00:00 - 22/02/2023 06:00:00","BZN|DK1","290.38","N/A","231.83","204.88"
"22/02/2023 06:00:00 - 22/02/2023 07:00:00","BZN|DK1","336.71","N/A","215.58","192.48"
"22/02/2023 07:00:00 - 22/02/2023 08:00:00","BZN|DK1","402.67","N/A","236.08","252.49"
"22/02/2023 08:00:00 - 22/02/2023 09:00:00","BZN|DK1","481.88","345.79","342.54","323.07"
"22/02/2023 09:00:00 - 22/02/2023 10:00:00","BZN|DK1","612.79","465.13","392.42","409.74"
"22/02/2023 10:00:00 - 22/02/2023 11:00:00","BZN|DK1","700.79","564.13","513.17","565.28"
"22/02/2023 11:00:00 - 22/02/2023 12:00:00","BZN|DK1","703.17","684.92","675.25","679.20"
"22/02/2023 12:00:00 - 22/02/2023 13:00:00","BZN|DK1","723.58","760.46","687.96","697.56"
"22/02/2023 13:00:00 - 22/02/2023 14:00:00","BZN|DK1","711.63","693.96","638.92","686.90"
"22/02/2023 14:00:00 - 22/02/2023 15:00:00","BZN|DK1","658.67","643.42","612.79","612.41"
"22/02/2023 15:00:00 - 22/02/2023 16:00:00","BZN|DK1","674.25","659.25","593.42","603.14"
"22/02/2023 16:00:00 - 22/02/2023 17:00:00","BZN|DK1","632.42","636.08","561.79","618.51"
"22/02/2023 17:00:00 - 22/02/2023 18:00:00","BZN|DK1","590.00","626.96","567.42","610.57"
"22/02/2023 18:00:00 - 22/02/2023 19:00:00","BZN|DK1","546.04","708.29","630.38","805.56"
"22/02/2023 19:00:00 - 22/02/2023 20:00:00","BZN|DK1","546.21","691.38","795.54","904.31"
"22/02/2023 20:00:00 - 22/02/2023 21:00:00","BZN|DK1","619.17","538.13","782.83","959.14"
"22/02/2023 21:00:00 - 22/02/2023 22:00:00","BZN|DK1","656.25","457.00","867.71","955.22"
"22/02/2023 22:00:00 - 22/02/2023 23:00:00","BZN|DK1","561.83","404.38","745.25","790.18"
"22/02/2023 23:00:00 - 23/02/2023 00:00:00","BZN|DK1","493.58","388.71","595.96","587.52"
"23/02/2023 00:00:00 - 23/02/2023 01:00:00","BZN|DK1","380.33","N/A","472.54","542.48"
"23/02/2023 01:00:00 - 23/02/2023 02:00:00","BZN|DK1","380.83","N/A","465.63","469.03"
"23/02/2023 02:00:00 - 23/02/2023 03:00:00","BZN|DK1","366.38","N/A","403.92","399.97"
"23/02/2023 03:00:00 - 23/02/2023 04:00:00","BZN|DK1","346.75","N/A","330.33","336.78"
"23/02/2023 04:00:00 - 23/02/2023 05:00:00","BZN|DK1","350.00","N/A","306.04","299.28"
"23/02/2023 05:00:00 - 23/02/2023 06:00:00","BZN|DK1","346.25","N/A","250.25","287.58"
"23/02/2023 06:00:00 - 23/02/2023 07:00:00","BZN|DK1","386.42","N/A","280.08","367.38"
"23/02/2023 07:00:00 - 23/02/2023 08:00:00","BZN|DK1","501.33","N/A","325.25","363.29"
"23/02/2023 08:00:00 - 23/02/2023 09:00:00","BZN|DK1","609.67","395.54","387.63","337.79"
"23/02/2023 09:00:00 - 23/02/2023 10:00:00","BZN|DK1","721.13","544.29","573.71","664.78"
"23/02/2023 10:00:00 - 23/02/2023 11:00:00","BZN|DK1","766.08","687.25","755.46","723.86"
"23/02/2023 11:00:00 - 23/02/2023 12:00:00","BZN|DK1","780.92","755.63","734.79","730.86"
"23/02/2023 12:00:00 - 23/02/2023 13:00:00","BZN|DK1","778.08","768.00","734.04","752.93"
"23/02/2023 13:00:00 - 23/02/2023 14:00:00","BZN|DK1","789.33","776.46","743.88","797.27"
"23/02/2023 14:00:00 - 23/02/2023 15:00:00","BZN|DK1","788.75","781.50","774.96","801.53"
"23/02/2023 15:00:00 - 23/02/2023 16:00:00","BZN|DK1","837.42","808.08","772.17","775.09"
"23/02/2023 16:00:00 - 23/02/2023 17:00:00","BZN|DK1","869.50","807.75","753.58","862.41"
"23/02/2023 17:00:00 - 23/02/2023 18:00:00","BZN|DK1","957.33","856.63","914.79","961.97"
"23/02/2023 18:00:00 - 23/02/2023 19:00:00","BZN|DK1","944.25","873.21","945.08","1006.23"
"23/02/2023 19:00:00 - 23/02/2023 20:00:00","BZN|DK1","929.25","869.04","935.46","912.40"
"23/02/2023 20:00:00 - 23/02/2023 21:00:00","BZN|DK1","893.21","860.25","768.75","729.65"
"23/02/2023 21:00:00 - 23/02/2023 22:00:00","BZN|DK1","774.58","751.33","722.79","703.15"
"23/02/2023 22:00:00 - 23/02/2023 23:00:00","BZN|DK1","696.67","684.29","647.29","758.11"
"23/02/2023 23:00:00 - 24/02/2023 00:00:00","BZN|DK1","736.38","770.67","804.25","857.19"
"24/02/2023 00:00:00 - 24/02/2023 01:00:00","BZN|DK1","867.00","N/A","840.33","931.17"
"24/02/2023 01:00:00 - 24/02/2023 02:00:00","BZN|DK1","873.63","N/A","854.25","859.79"
"24/02/2023 02:00:00 - 24/02/2023 03:00:00","BZN|DK1","869.13","N/A","844.25","949.89"
"24/02/2023 03:00:00 - 24/02/2023 04:00:00","BZN|DK1","913.25","N/A","946.83","1027.30"
"24/02/2023 04:00:00 - 24/02/2023 05:00:00","BZN|DK1","922.04","N/A","1072.21","1125.72"
"24/02/2023 05:00:00 - 24/02/2023 06:00:00","BZN|DK1","970.13","N/A","1108.38","1139.86"
"24/02/2023 06:00:00 - 24/02/2023 07:00:00","BZN|DK1","957.21","N/A","1049.63","1161.66"
"24/02/2023 07:00:00 - 24/02/2023 08:00:00","BZN|DK1","995.54","N/A","1095.71","1135.29"
"24/02/2023 08:00:00 - 24/02/2023 09:00:00","BZN|DK1","1017.08","1058.04","1056.63","1116.39"
"24/02/2023 09:00:00 - 24/02/2023 10:00:00","BZN|DK1","972.79","1027.92","1007.00","1095.79"
"24/02/2023 10:00:00 - 24/02/2023 11:00:00","BZN|DK1","988.79","1022.58","1020.83","985.26"
"24/02/2023 11:00:00 - 24/02/2023 12:00:00","BZN|DK1","951.75","1010.08","938.04","1000.00"
"24/02/2023 12:00:00 - 24/02/2023 13:00:00","BZN|DK1","904.71","1014.25","972.75","1047.78"
"24/02/2023 13:00:00 - 24/02/2023 14:00:00","BZN|DK1","883.50","1019.21","1006.21","1072.05"
"24/02/2023 14:00:00 - 24/02/2023 15:00:00","BZN|DK1","933.08","1031.38","1037.58","1140.47"
"24/02/2023 15:00:00 - 24/02/2023 16:00:00","BZN|DK1","1005.00","1056.17","1105.75","1148.68"
"24/02/2023 16:00:00 - 24/02/2023 17:00:00","BZN|DK1","1046.21","1046.33","1079.00","1101.45"
"24/02/2023 17:00:00 - 24/02/2023 18:00:00","BZN|DK1","1090.08","1086.42","1075.88","1147.37"
"24/02/2023 18:00:00 - 24/02/2023 19:00:00","BZN|DK1","1058.71","1063.33","1059.75","1148.40"
"24/02/2023 19:00:00 - 24/02/2023 20:00:00","BZN|DK1","1030.50","1026.71","1095.67","1161.58"
"24/02/2023 20:00:00 - 24/02/2023 21:00:00","BZN|DK1","1063.08","1055.25","1124.08","1161.89"
"24/02/2023 21:00:00 - 24/02/2023 22:00:00","BZN|DK1","1093.67","1072.63","1110.17","1169.08"
"24/02/2023 22:00:00 - 24/02/2023 23:00:00","BZN|DK1","1026.46","1033.42","1101.46","1166.63"
"24/02/2023 23:00:00 - 25/02/2023 00:00:00","BZN|DK1","1014.29","1053.21","1107.88","1164.13"
"25/02/2023 00:00:00 - 25/02/2023 01:00:00","BZN|DK1","1042.13","N/A","1083.92","1164.30"
"25/02/2023 01:00:00 - 25/02/2023 02:00:00","BZN|DK1","1049.71","N/A","1106.42","1161.13"
"25/02/2023 02:00:00 - 25/02/2023 03:00:00","BZN|DK1","1051.08","N/A","1080.42","1165.37"
"25/02/2023 03:00:00 - 25/02/2023 04:00:00","BZN|DK1","1022.92","N/A","1086.96","1164.14"
"25/02/2023 04:00:00 - 25/02/2023 05:00:00","BZN|DK1","1004.04","N/A","1099.50","1166.10"
"25/02/2023 05:00:00 - 25/02/2023 06:00:00","BZN|DK1","1035.21","N/A","1116.50","1169.07"
"25/02/2023 06:00:00 - 25/02/2023 07:00:00","BZN|DK1","1060.42","N/A","1089.13","1177.01"
"25/02/2023 07:00:00 - 25/02/2023 08:00:00","BZN|DK1","1079.50","N/A","1106.92","1171.58"
"25/02/2023 08:00:00 - 25/02/2023 09:00:00","BZN|DK1","1073.17","1103.79","1101.58","1167.38"
"25/02/2023 09:00:00 - 25/02/2023 10:00:00","BZN|DK1","1057.46","1083.92","1106.08","1171.66"
"25/02/2023 10:00:00 - 25/02/2023 11:00:00","BZN|DK1","1081.00","1085.13","1116.54","1178.82"
"25/02/2023 11:00:00 - 25/02/2023 12:00:00","BZN|DK1","1078.13","1044.08","1102.42","1160.68"
"25/02/2023 12:00:00 - 25/02/2023 13:00:00","BZN|DK1","1055.33","978.96","1058.17","1103.11"
"25/02/2023 13:00:00 - 25/02/2023 14:00:00","BZN|DK1","994.63","925.46","1041.63","1155.79"
"25/02/2023 14:00:00 - 25/02/2023 15:00:00","BZN|DK1","971.71","931.58","1054.33","1091.74"
"25/02/2023 15:00:00 - 25/02/2023 16:00:00","BZN|DK1","1018.92","973.71","1026.54","1148.53"
"25/02/2023 16:00:00 - 25/02/2023 17:00:00","BZN|DK1","1045.83","1008.13","1100.04","1167.85"
"25/02/2023 17:00:00 - 25/02/2023 18:00:00","BZN|DK1","1087.75","1070.92","1120.92","1138.84"
"25/02/2023 18:00:00 - 25/02/2023 19:00:00","BZN|DK1","1070.54","1057.50","1050.08","1157.08"
"25/02/2023 19:00:00 - 25/02/2023 20:00:00","BZN|DK1","1037.33","1029.08","1102.00","1152.06"
"25/02/2023 20:00:00 - 25/02/2023 21:00:00","BZN|DK1","1048.17","1029.33","1089.83","1105.58"
"25/02/2023 21:00:00 - 25/02/2023 22:00:00","BZN|DK1","1033.71","998.54","1042.00","1113.36"
"25/02/2023 22:00:00 - 25/02/2023 23:00:00","BZN|DK1","946.17","954.29","1038.63","994.97"
"25/02/2023 23:00:00 - 26/02/2023 00:00:00","BZN|DK1","939.25","965.83","873.88","815.63"
"26/02/2023 00:00:00 - 26/02/2023 01:00:00","BZN|DK1","840.50","N/A","797.63","708.45"
"26/02/2023 01:00:00 - 26/02/2023 02:00:00","BZN|DK1","856.08","N/A","719.04","586.69"
"26/02/2023 02:00:00 - 26/02/2023 03:00:00","BZN|DK1","853.71","N/A","576.71","462.52"
"26/02/2023 03:00:00 - 26/02/2023 04:00:00","BZN|DK1","769.50","N/A","417.17","459.47"
"26/02/2023 04:00:00 - 26/02/2023 05:00:00","BZN|DK1","706.92","N/A","485.96","451.51"
"26/02/2023 05:00:00 - 26/02/2023 06:00:00","BZN|DK1","652.21","N/A","462.46","505.93"
"26/02/2023 06:00:00 - 26/02/2023 07:00:00","BZN|DK1","638.13","N/A","587.54","582.79"
"26/02/2023 07:00:00 - 26/02/2023 08:00:00","BZN|DK1","644.92","N/A","555.42","601.13"
"26/02/2023 08:00:00 - 26/02/2023 09:00:00","BZN|DK1","605.75","514.08","518.67","535.98"
"26/02/2023 09:00:00 - 26/02/2023 10:00:00","BZN|DK1","561.21","457.67","486.67","446.88"
"26/02/2023 10:00:00 - 26/02/2023 11:00:00","BZN|DK1","520.00","433.67","420.04","484.60"
"26/02/2023 11:00:00 - 26/02/2023 12:00:00","BZN|DK1","518.83","407.88","401.71","406.84"
"26/02/2023 12:00:00 - 26/02/2023 13:00:00","BZN|DK1","509.33","387.58","335.04","376.55"
"26/02/2023 13:00:00 - 26/02/2023 14:00:00","BZN|DK1","512.33","400.46","399.88","420.46"
"26/02/2023 14:00:00 - 26/02/2023 15:00:00","BZN|DK1","490.25","445.92","432.92","429.48"
"26/02/2023 15:00:00 - 26/02/2023 16:00:00","BZN|DK1","493.58","496.63","475.88","468.73"
"26/02/2023 16:00:00 - 26/02/2023 17:00:00","BZN|DK1","493.92","550.92","469.50","525.32"
"26/02/2023 17:00:00 - 26/02/2023 18:00:00","BZN|DK1","422.96","611.50","512.17","585.39"
"26/02/2023 18:00:00 - 26/02/2023 19:00:00","BZN|DK1","414.17","611.88","532.38","518.24"
"26/02/2023 19:00:00 - 26/02/2023 20:00:00","BZN|DK1","452.42","560.79","480.96","435.37"
"26/02/2023 20:00:00 - 26/02/2023 21:00:00","BZN|DK1","431.21","411.38","323.83","321.29"
"26/02/2023 21:00:00 - 26/02/2023 22:00:00","BZN|DK1","335.13","267.50","265.38","305.89"
"26/02/2023 22:00:00 - 26/02/2023 23:00:00","BZN|DK1","230.13","170.83","220.58","188.80"
"26/02/2023 23:00:00 - 27/02/2023 00:00:00","BZN|DK1","147.42","127.21","145.54","112.56"
"27/02/2023 00:00:00 - 27/02/2023 01:00:00","BZN|DK1","138.00","N/A","72.83","85.71"
"27/02/2023 01:00:00 - 27/02/2023 02:00:00","BZN|DK1","90.67","N/A","46.71","26.17"
"27/02/2023 02:00:00 - 27/02/2023 03:00:00","BZN|DK1","65.08","N/A","10.92","12.43"
"27/02/2023 03:00:00 - 27/02/2023 04:00:00","BZN|DK1","50.21","N/A","7.54","18.00"
"27/02/2023 04:00:00 - 27/02/2023 05:00:00","BZN|DK1","51.29","N/A","26.83","13.32"
"27/02/2023 05:00:00 - 27/02/2023 06:00:00","BZN|DK1","57.71","N/A","39.63","30.66"
"27/02/2023 06:00:00 - 27/02/2023 07:00:00","BZN|DK1","55.92","N/A","40.13","42.83"
"27/02/2023 07:00:00 - 27/02/2023 08:00:00","BZN|DK1","55.29","N/A","37.88","28.84"
"27/02/2023 08:00:00 - 27/02/2023 09:00:00","BZN|DK1","55.42","36.54","38.79","62.53"
"27/02/2023 09:00:00 - 27/02/2023 10:00:00","BZN|DK1","60.63","43.83","60.46","50.83"
"27/02/2023 10:00:00 - 27/02/2023 11:00:00","BZN|DK1","63.96","60.71","47.92","58.19"
"27/02/2023 11:00:00 - 27/02/2023 12:00:00","BZN|DK1","82.04","62.42","66.33","67.18"
"27/02/2023 12:00:00 - 27/02/2023 13:00:00","BZN|DK1","104.92","70.83","73.96","67.76"
"27/02/2023 13:00:00 - 27/02/2023 14:00:00","BZN|DK1","117.17","64.79","63.58","48.64"
"27/02/2023 14:00:00 - 27/02/2023 15:00:00","BZN|DK1","114.83","68.63","49.83","38.13"
"27/02/2023 15:00:00 - 27/02/2023 16:00:00","BZN|DK1","107.21","66.33","57.63","73.71"
"27/02/2023 16:00:00 - 27/02/2023 17:00:00","BZN|DK1","102.04","70.92","54.08","48.68"
"27/02/2023 17:00:00 - 27/02/2023 18:00:00","BZN|DK1","94.21","92.96","57.71","46.03"
"27/02/2023 18:00:00 - 27/02/2023 19:00:00","BZN|DK1","92.79","130.17","45.58","55.40"
"27/02/2023 19:00:00 - 27/02/2023 20:00:00","BZN|DK1","124.63","173.13","62.42","72.75"
"27/02/2023 20:00:00 - 27/02/2023 21:00:00","BZN|DK1","134.38","149.50","74.08","101.15"
"27/02/2023 21:00:00 - 27/02/2023 22:00:00","BZN|DK1","100.54","116.63","103.38","100.89"
"27/02/2023 22:00:00 - 27/02/2023 23:00:00","BZN|DK1","79.46","88.96","95.58","82.64"
"27/02/2023 23:00:00 - 28/02/2023 00:00:00","BZN|DK1","49.21","50.83","58.96","29.30"
"28/02/2023 00:00:00 - 28/02/2023 01:00:00","BZN|DK1","33.42","N/A","14.63","33.22"
"28/02/2023 01:00:00 - 28/02/2023 02:00:00","BZN|DK1","32.13","N/A","31.21","43.09"
"28/02/2023 02:00:00 - 28/02/2023 03:00:00","BZN|DK1","43.63","N/A","40.21","68.57"
"28/02/2023 03:00:00 - 28/02/2023 04:00:00","BZN|DK1","40.13","N/A","65.08","63.55"
"28/02/2023 04:00:00 - 28/02/2023 05:00:00","BZN|DK1","37.17","N/A","47.04","46.51"
"28/02/2023 05:00:00 - 28/02/2023 06:00:00","BZN|DK1","31.67","N/A","35.38","15.46"
"28/02/2023 06:00:00 - 28/02/2023 07:00:00","BZN|DK1","18.96","N/A","3.83","1.82"
"28/02/2023 07:00:00 - 28/02/2023 08:00:00","BZN|DK1","16.33","N/A","1.63","7.10"
"28/02/2023 08:00:00 - 28/02/2023 09:00:00","BZN|DK1","15.58","5.21","4.54","1.79"
"28/02/2023 09:00:00 - 28/02/2023 10:00:00","BZN|DK1","14.96","5.71","0.00","0.76"
"28/02/2023 10:00:00 - 28/02/2023 11:00:00","BZN|DK1","14.67","5.42","0.00","0.98"
"28/02/2023 11:00:00 - 28/02/2023 12:00:00","BZN|DK1","17.63","5.54","0.13","0.91"
"28/02/2023 12:00:00 - 28/02/2023 13:00:00","BZN|DK1","15.58","11.58","3.71","1.46"
"28/02/2023 13:00:00 - 28/02/2023 14:00:00","BZN|DK1","15.25","18.33","7.00","1.30"
"28/02/2023 14:00:00 - 28/02/2023 15:00:00","BZN|DK1","15.75","22.50","3.21","1.15"
"28/02/2023 15:00:00 - 28/02/2023 16:00:00","BZN|DK1","15.00","21.92","1.33","4.02"
"28/02/2023 16:00:00 - 28/02/2023 17:00:00","BZN|DK1","17.00","22.75","6.50","4.11"
"28/02/2023 17:00:00 - 28/02/2023 18:00:00","BZN|DK1","25.42","34.50","14.33","6.58"
"28/02/2023 18:00:00 - 28/02/2023 19:00:00","BZN|DK1","34.58","19.00","6.38","5.18"
"28/02/2023 19:00:00 - 28/02/2023 20:00:00","BZN|DK1","31.79","20.79","3.71","2.05"
"28/02/2023 20:00:00 - 28/02/2023 21:00:00","BZN|DK1","38.92","38.33","19.92","4.71"
"28/02/2023 21:00:00 - 28/02/2023 22:00:00","BZN|DK1","41.33","32.25","2.25","19.26"
"28/02/2023 22:00:00 - 28/02/2023 23:00:00","BZN|DK1","36.17","24.17","17.21","28.52"
"28/02/2023 23:00:00 - 01/03/2023 00:00:00","BZN|DK1","42.88","25.38","28.13","25.52"
"01/03/2023 00:00:00 - 01/03/2023 01:00:00","BZN|DK1","24.42","N/A","34.38","47.92"
"01/03/2023 01:00:00 - 01/03/2023 02:00:00","BZN|DK1","27.25","N/A","52.04","41.03"
"01/03/2023 02:00:00 - 01/03/2023 03:00:00","BZN|DK1","20.63","N/A","17.79","15.53"
"01/03/2023 03:00:00 - 01/03/2023 04:00:00","BZN|DK1","9.42","N/A","11.88","17.99"
"01/03/2023 04:00:00 - 01/03/2023 05:00:00","BZN|DK1","25.67","N/A","24.33","11.23"
"01/03/2023 05:00:00 - 01/03/2023 06:00:00","BZN|DK1","33.00","N/A","15.71","19.42"
"01/03/2023 06:00:00 - 01/03/2023 07:00:00","BZN|DK1","35.25","N/A","21.79","24.80"
"01/03/2023 07:00:00 - 01/03/2023 08:00:00","BZN|DK1","35.79","N/A","29.04","29.46"
"01/03/2023 08:00:00 - 01/03/2023 09:00:00","BZN|DK1","44.21","33.50","32.79","24.16"
"01/03/2023 09:00:00 - 01/03/2023 10:00:00","BZN|DK1","56.79","49.58","27.75","5.81"
"01/03/2023 10:00:00 - 01/03/2023 11:00:00","BZN|DK1","50.67","45.29","3.42","22.72"
"01/03/2023 11:00:00 - 01/03/2023 12:00:00","BZN|DK1","47.00","42.17","29.79","18.59"
"01/03/2023 12:00:00 - 01/03/2023 13:00:00","BZN|DK1","45.17","40.46","19.92","15.50"
"01/03/2023 13:00:00 - 01/03/2023 14:00:00","BZN|DK1","40.46","35.71","13.50","9.16"
"01/03/2023 14:00:00 - 01/03/2023 15:00:00","BZN|DK1","25.75","21.67","11.38","35.31"
"01/03/2023 15:00:00 - 01/03/2023 16:00:00","BZN|DK1","26.25","22.71","38.71","38.78"
"01/03/2023 16:00:00 - 01/03/2023 17:00:00","BZN|DK1","34.50","31.50","47.58","66.28"
"01/03/2023 17:00:00 - 01/03/2023 18:00:00","BZN|DK1","51.46","49.00","89.46","121.50"
"01/03/2023 18:00:00 - 01/03/2023 19:00:00","BZN|DK1","65.29","63.04","125.67","160.34"
"01/03/2023 19:00:00 - 01/03/2023 20:00:00","BZN|DK1","62.25","63.08","152.92","184.72"
"01/03/2023 20:00:00 - 01/03/2023 21:00:00","BZN|DK1","76.92","78.17","174.21","184.15"
"01/03/2023 21:00:00 - 01/03/2023 22:00:00","BZN|DK1","99.29","99.29","207.33","196.22"
"01/03/2023 22:00:00 - 01/03/2023 23:00:00","BZN|DK1","96.83","96.83","171.71","178.49"
"01/03/2023 23:00:00 - 02/03/2023 00:00:00","BZN|DK1","83.75","83.75","150.33","109.99"
"02/03/2023 00:00:00 - 02/03/2023 01:00:00","BZN|DK1","73.17","N/A","61.38","83.57"
"02/03/2023 01:00:00 - 02/03/2023 02:00:00","BZN|DK1","65.50","N/A","75.33","70.41"
"02/03/2023 02:00:00 - 02/03/2023 03:00:00","BZN|DK1","84.33","N/A","70.88","75.06"
"02/03/2023 03:00:00 - 02/03/2023 04:00:00","BZN|DK1","78.88","N/A","70.17","80.27"
"02/03/2023 04:00:00 - 02/03/2023 05:00:00","BZN|DK1","70.33","N/A","73.92","72.78"
"02/03/2023 05:00:00 - 02/03/2023 06:00:00","BZN|DK1","69.00","N/A","74.54","74.53"
"02/03/2023 06:00:00 - 02/03/2023 07:00:00","BZN|DK1","57.71","N/A","56.71","99.42"
"02/03/2023 07:00:00 - 02/03/2023 08:00:00","BZN|DK1","54.54","N/A","82.21","82.46"
"02/03/2023 08:00:00 - 02/03/2023 09:00:00","BZN|DK1","44.67","65.71","65.04","57.44"
"02/03/2023 09:00:00 - 02/03/2023 10:00:00","BZN|DK1","37.08","53.17","43.79","17.86"
"02/03/2023 10:00:00 - 02/03/2023 11:00:00","BZN|DK1","35.00","48.21","11.04","5.24"
"02/03/2023 11:00:00 - 02/03/2023 12:00:00","BZN|DK1","42.08","53.79","11.46","0.87"
"02/03/2023 12:00:00 - 02/03/2023 13:00:00","BZN|DK1","48.71","59.46","7.79","3.78"
"02/03/2023 13:00:00 - 02/03/2023 14:00:00","BZN|DK1","64.17","74.33","24.29","14.95"
"02/03/2023 14:00:00 - 02/03/2023 15:00:00","BZN|DK1","59.13","68.33","28.33","58.63"
"02/03/2023 15:00:00 - 02/03/2023 16:00:00","BZN|DK1","70.13","78.67","81.79","137.85"
"02/03/2023 16:00:00 - 02/03/2023 17:00:00","BZN|DK1","99.92","107.04","169.58","183.98"
"02/03/2023 17:00:00 - 02/03/2023 18:00:00","BZN|DK1","150.21","157.00","200.67","218.40"
"02/03/2023 18:00:00 - 02/03/2023 19:00:00","BZN|DK1","190.08","194.33","225.42","180.82"
"02/03/2023 19:00:00 - 02/03/2023 20:00:00","BZN|DK1","199.33","203.83","158.38","159.97"
"02/03/2023 20:00:00 - 02/03/2023 21:00:00","BZN|DK1","237.50","238.75","201.54","145.31"
"02/03/2023 21:00:00 - 02/03/2023 22:00:00","BZN|DK1","273.08","273.08","193.13","243.53"
"02/03/2023 22:00:00 - 02/03/2023 23:00:00","BZN|DK1","300.21","300.21","277.63","262.72"
"02/03/2023 23:00:00 - 03/03/2023 00:00:00","BZN|DK1","360.25","360.25","299.96","261.56"
"03/03/2023 00:00:00 - 03/03/2023 01:00:00","BZN|DK1","402.08","N/A","307.63","379.92"
"03/03/2023 01:00:00 - 03/03/2023 02:00:00","BZN|DK1","415.17","N/A","393.08","363.98"
"03/03/2023 02:00:00 - 03/03/2023 03:00:00","BZN|DK1","411.42","N/A","356.54","301.20"
"03/03/2023 03:00:00 - 03/03/2023 04:00:00","BZN|DK1","437.63","N/A","295.63","241.16"
"03/03/2023 04:00:00 - 03/03/2023 05:00:00","BZN|DK1","432.17","N/A","254.54","231.39"
"03/03/2023 05:00:00 - 03/03/2023 06:00:00","BZN|DK1","372.38","N/A","228.08","225.85"
"03/03/2023 06:00:00 - 03/03/2023 07:00:00","BZN|DK1","317.67","N/A","210.96","193.33"
"03/03/2023 07:00:00 - 03/03/2023 08:00:00","BZN|DK1","325.71","N/A","217.00","113.82"
"03/03/2023 08:00:00 - 03/03/2023 09:00:00","BZN|DK1","330.58","137.79","125.00","80.63"
"03/03/2023 09:00:00 - 03/03/2023 10:00:00","BZN|DK1","365.88","233.54","180.38","103.63"
"03/03/2023 10:00:00 - 03/03/2023 11:00:00","BZN|DK1","406.96","305.50","174.75","108.43"
"03/03/2023 11:00:00 - 03/03/2023 12:00:00","BZN|DK1","526.96","442.71","276.08","130.93"
"03/03/2023 12:00:00 - 03/03/2023 13:00:00","BZN|DK1","567.17","491.00","234.50","266.04"
"03/03/2023 13:00:00 - 03/03/2023 14:00:00","BZN|DK1","539.63","471.67","314.29","411.30"
"03/03/2023 14:00:00 - 03/03/2023 15:00:00","BZN|DK1","521.21","461.58","497.58","785.26"
"03/03/2023 15:00:00 - 03/03/2023 16:00:00","BZN|DK1","502.25","451.25","805.67","1047.22"
"03/03/2023 16:00:00 - 03/03/2023 17:00:00","BZN|DK1","536.71","493.58","1031.08","1147.53"
"03/03/2023 17:00:00 - 03/03/2023 18:00:00","BZN|DK1","614.46","576.54","1050.79","1154.19"
"03/03/2023 18:00:00 - 03/03/2023 19:00:00","BZN|DK1","600.63","577.29","1012.13","1163.85"
"03/03/2023 19:00:00 - 03/03/2023 20:00:00","BZN|DK1","614.17","611.88","1032.50","1170.88"
"03/03/2023 20:00:00 - 03/03/2023 21:00:00","BZN|DK1","688.71","692.08","1087.58","1169.41"
"03/03/2023 21:00:00 - 03/03/2023 22:00:00","BZN|DK1","792.33","792.33","1097.08","1151.52"
"03/03/2023 22:00:00 - 03/03/2023 23:00:00","BZN|DK1","848.42","848.42","1075.92","1162.54"
"03/03/2023 23:00:00 - 04/03/2023 00:00:00","BZN|DK1","846.71","846.71","1053.71","1151.21"
"04/03/2023 00:00:00 - 04/03/2023 01:00:00","BZN|DK1","917.46","N/A","1015.88","1131.59"
"04/03/2023 01:00:00 - 04/03/2023 02:00:00","BZN|DK1","928.42","N/A","1066.33","1165.57"
"04/03/2023 02:00:00 - 04/03/2023 03:00:00","BZN|DK1","874.04","N/A","1028.08","1125.47"
"04/03/2023 03:00:00 - 04/03/2023 04:00:00","BZN|DK1","837.04","N/A","1027.13","501.83"
"04/03/2023 04:00:00 - 04/03/2023 05:00:00","BZN|DK1","785.71","N/A","341.33","245.47"
"04/03/2023 05:00:00 - 04/03/2023 06:00:00","BZN|DK1","762.21","N/A","328.67","281.32"
"04/03/2023 06:00:00 - 04/03/2023 07:00:00","BZN|DK1","760.00","N/A","296.08","739.87"
"04/03/2023 07:00:00 - 04/03/2023 08:00:00","BZN|DK1","784.46","N/A","790.04","1048.40"
"04/03/2023 08:00:00 - 04/03/2023 09:00:00","BZN|DK1","758.79","948.38","952.67","987.75"
"04/03/2023 09:00:00 - 04/03/2023 10:00:00","BZN|DK1","708.63","842.04","1025.54","1069.98"
"04/03/2023 10:00:00 - 04/03/2023 11:00:00","BZN|DK1","728.00","828.38","959.00","1056.45"
"04/03/2023 11:00:00 - 04/03/2023 12:00:00","BZN|DK1","727.83","806.08","975.25","1069.06"
"04/03/2023 12:00:00 - 04/03/2023 13:00:00","BZN|DK1","715.79","778.92","1000.75","1024.46"
"04/03/2023 13:00:00 - 04/03/2023 14:00:00","BZN|DK1","736.25","785.63","955.54","904.33"
"04/03/2023 14:00:00 - 04/03/2023 15:00:00","BZN|DK1","719.04","759.17","802.96","800.55"
"04/03/2023 15:00:00 - 04/03/2023 16:00:00","BZN|DK1","779.88","813.58","810.04","810.48"
"04/03/2023 16:00:00 - 04/03/2023 17:00:00","BZN|DK1","787.79","815.88","794.63","736.73"
"04/03/2023 17:00:00 - 04/03/2023 18:00:00","BZN|DK1","789.50","814.58","755.54","759.52"
"04/03/2023 18:00:00 - 04/03/2023 19:00:00","BZN|DK1","775.33","792.21","743.63","761.52"
"04/03/2023 19:00:00 - 04/03/2023 20:00:00","BZN|DK1","778.71","781.25","765.71","789.90"
"04/03/2023 20:00:00 - 04/03/2023 21:00:00","BZN|DK1","754.96","752.54","788.13","887.88"
"04/03/2023 21:00:00 - 04/03/2023 22:00:00","BZN|DK1","711.00","711.00","807.21","836.02"
"04/03/2023 22:00:00 - 04/03/2023 23:00:00","BZN|DK1","663.21","663.21","766.04","860.65"
"04/03/2023 23:00:00 - 05/03/2023 00:00:00","BZN|DK1","600.38","600.38","746.50","820.23"
"05/03/2023 00:00:00 - 05/03/2023 01:00:00","BZN|DK1","570.13","N/A","783.50","896.80"
"05/03/2023 01:00:00 - 05/03/2023 02:00:00","BZN|DK1","555.71","N/A","813.88","935.05"
"05/03/2023 02:00:00 - 05/03/2023 03:00:00","BZN|DK1","517.04","N/A","826.33","931.21"
"05/03/2023 03:00:00 - 05/03/2023 04:00:00","BZN|DK1","526.79","N/A","827.46","855.75"
"05/03/2023 04:00:00 - 05/03/2023 05:00:00","BZN|DK1","578.50","N/A","836.67","916.33"
"05/03/2023 05:00:00 - 05/03/2023 06:00:00","BZN|DK1","611.29","N/A","863.58","879.67"
"05/03/2023 06:00:00 - 05/03/2023 07:00:00","BZN|DK1","608.33","N/A","738.92","822.64"
"05/03/2023 07:00:00 - 05/03/2023 08:00:00","BZN|DK1","619.96","N/A","767.29","904.75"
"05/03/2023 08:00:00 - 05/03/2023 09:00:00","BZN|DK1","594.33","811.92","826.29","894.68"
"05/03/2023 09:00:00 - 05/03/2023 10:00:00","BZN|DK1","561.88","713.50","766.63","795.29"
"05/03/2023 10:00:00 - 05/03/2023 11:00:00","BZN|DK1","548.25","666.63","706.54","627.36"
"05/03/2023 11:00:00 - 05/03/2023 12:00:00","BZN|DK1","537.29","634.92","553.96","325.57"
"05/03/2023 12:00:00 - 05/03/2023 13:00:00","BZN|DK1","527.67","614.33","320.38","485.76"
"05/03/2023 13:00:00 - 05/03/2023 14:00:00","BZN|DK1","536.13","611.04","457.21","379.36"
"05/03/2023 14:00:00 - 05/03/2023 15:00:00","BZN|DK1","495.75","561.00","358.79","308.87"
"05/03/2023 15:00:00 - 05/03/2023 16:00:00","BZN|DK1","513.38","570.63","363.25","304.33"
"05/03/2023 16:00:00 - 05/03/2023 17:00:00","BZN|DK1","566.58","616.04","376.54","304.63"
"05/03/2023 17:00:00 - 05/03/2023 18:00:00","BZN|DK1","589.67","633.96","380.13","354.25"
"05/03/2023 18:00:00 - 05/03/2023 19:00:00","BZN|DK1","610.25","636.46","426.46","410.77"
"05/03/2023 19:00:00 - 05/03/2023 20:00:00","BZN|DK1","534.29","541.71","393.79","441.90"
"05/03/2023 20:00:00 - 05/03/2023 21:00:00","BZN|DK1","469.25","464.17","408.00","426.91"
"05/03/2023 21:00:00 - 05/03/2023 22:00:00","BZN|DK1","397.71","397.71","378.96","455.86"
"05/03/2023 22:00:00 - 05/03/2023 23:00:00","BZN|DK1","352.75","352.75","403.21","471.33"
"05/03/2023 23:00:00 - 06/03/2023 00:00:00","BZN|DK1","308.04","308.04","400.33","455.90"
"06/03/2023 00:00:00 - 06/03/2023 01:00:00","BZN|DK1","223.25","N/A","325.38","372.40"
"06/03/2023 01:00:00 - 06/03/2023 02:00:00","BZN|DK1","186.92","N/A","402.08","439.72"
"06/03/2023 02:00:00 - 06/03/2023 03:00:00","BZN|DK1","160.71","N/A","361.96","431.80"
"06/03/2023 03:00:00 - 06/03/2023 04:00:00","BZN|DK1","157.71","N/A","354.21","394.58"
"06/03/2023 04:00:00 - 06/03/2023 05:00:00","BZN|DK1","168.50","N/A","321.00","248.35"
"06/03/2023 05:00:00 - 06/03/2023 06:00:00","BZN|DK1","206.75","N/A","251.42","249.52"
"06/03/2023 06:00:00 - 06/03/2023 07:00:00","BZN|DK1","225.42","N/A","255.29","345.76"
"06/03/2023 07:00:00 - 06/03/2023 08:00:00","BZN|DK1","238.79","N/A","315.04","325.01"
"06/03/2023 08:00:00 - 06/03/2023 09:00:00","BZN|DK1","239.92","232.08","232.25","233.23"
"06/03/2023 09:00:00 - 06/03/2023 10:00:00","BZN|DK1","222.38","215.83","181.33","147.44"
"06/03/2023 10:00:00 - 06/03/2023 11:00:00","BZN|DK1","230.71","226.13","66.17","60.93"
"06/03/2023 11:00:00 - 06/03/2023 12:00:00","BZN|DK1","238.33","237.25","19.63","24.34"
"06/03/2023 12:00:00 - 06/03/2023 13:00:00","BZN|DK1","230.75","233.42","16.00","19.09"
"06/03/2023 13:00:00 - 06/03/2023 14:00:00","BZN|DK1","201.17","207.83","34.50","87.74"
"06/03/2023 14:00:00 - 06/03/2023 15:00:00","BZN|DK1","178.54","186.04","182.42","57.72"
"06/03/2023 15:00:00 - 06/03/2023 16:00:00","BZN|DK1","206.00","211.83","208.21","210.21"
"06/03/2023 16:00:00 - 06/03/2023 17:00:00","BZN|DK1","272.50","277.13","426.38","530.57"
"06/03/2023 17:00:00 - 06/03/2023 18:00:00","BZN|DK1","353.00","356.54","684.25","693.56"
"06/03/2023 18:00:00 - 06/03/2023 19:00:00","BZN|DK1","387.17","388.71","732.96","743.51"
"06/03/2023 19:00:00 - 06/03/2023 20:00:00","BZN|DK1","366.71","371.88","753.33","754.41"
"06/03/2023 20:00:00 - 06/03/2023 21:00:00","BZN|DK1","392.33","390.00","741.29","752.78"
"06/03/2023 21:00:00 - 06/03/2023 22:00:00","BZN|DK1","398.17","398.17","767.17","777.51"
"06/03/2023 22:00:00 - 06/03/2023 23:00:00","BZN|DK1","354.83","354.83","826.71","765.91"
"06/03/2023 23:00:00 - 07/03/2023 00:00:00","BZN|DK1","290.38","290.38","964.67","848.94"
"07/03/2023 00:00:00 - 07/03/2023 01:00:00","BZN|DK1","1066.50","N/A","906.67","1141.76"
"07/03/2023 01:00:00 - 07/03/2023 02:00:00","BZN|DK1","1094.50","N/A","955.33","1172.65"
"07/03/2023 02:00:00 - 07/03/2023 03:00:00","BZN|DK1","1070.08","N/A","986.08","1124.17"
"07/03/2023 03:00:00 - 07/03/2023 04:00:00","BZN|DK1","1042.08","N/A","1022.42","1020.36"
"07/03/2023 04:00:00 - 07/03/2023 05:00:00","BZN|DK1","1011.29","N/A","1041.83","868.59"
"07/03/2023 05:00:00 - 07/03/2023 06:00:00","BZN|DK1","1031.33","N/A","1043.71","1100.82"
"07/03/2023 06:00:00 - 07/03/2023 07:00:00","BZN|DK1","983.25","N/A","979.58","1126.95"
"07/03/2023 07:00:00 - 07/03/2023 08:00:00","BZN|DK1","930.46","N/A","930.38","1057.61"
"07/03/2023 08:00:00 - 07/03/2023 09:00:00","BZN|DK1","900.58","975.42","978.67","1062.93"
"07/03/2023 09:00:00 - 07/03/2023 10:00:00","BZN|DK1","870.25","911.79","1021.96","1008.57"
"07/03/2023 10:00:00 - 07/03/2023 11:00:00","BZN|DK1","891.58","934.42","899.29","893.60"
"07/03/2023 11:00:00 - 07/03/2023 12:00:00","BZN|DK1","923.58","963.75","888.83","1050.57"
"07/03/2023 12:00:00 - 07/03/2023 13:00:00","BZN|DK1","947.00","999.29","1096.75","1132.93"
"07/03/2023 13:00:00 - 07/03/2023 14:00:00","BZN|DK1","967.67","1026.29","1099.13","1166.93"
"07/03/2023 14:00:00 - 07/03/2023 15:00:00","BZN|DK1","1010.42","1054.71","1076.38","1161.84"
"07/03/2023 15:00:00 - 07/03/2023 16:00:00","BZN|DK1","1035.96","1049.50","1095.50","1152.05"
"07/03/2023 16:00:00 - 07/03/2023 17:00:00","BZN|DK1","1056.50","1040.88","1039.79","1021.63"
"07/03/2023 17:00:00 - 07/03/2023 18:00:00","BZN|DK1","1066.92","1033.83","869.33","945.84"
"07/03/2023 18:00:00 - 07/03/2023 19:00:00","BZN|DK1","1042.92","1021.67","842.42","940.14"
"07/03/2023 19:00:00 - 07/03/2023 20:00:00","BZN|DK1","1039.92","1011.50","805.83","888.83"
"07/03/2023 20:00:00 - 07/03/2023 21:00:00","BZN|DK1","1057.21","1008.13","784.83","802.80"
"07/03/2023 21:00:00 - 07/03/2023 22:00:00","BZN|DK1","1067.58","1008.63","718.00","958.08"
"07/03/2023 22:00:00 - 07/03/2023 23:00:00","BZN|DK1","995.75","996.33","923.54","666.06"
"07/03/2023 23:00:00 - 08/03/2023 00:00:00","BZN|DK1","971.25","972.13","554.21","584.24"
"08/03/2023 00:00:00 - 08/03/2023 01:00:00","BZN|DK1","454.71","N/A","566.75","506.33"
"08/03/2023 01:00:00 - 08/03/2023 02:00:00","BZN|DK1","414.83","N/A","389.79","288.32"
"08/03/2023 02:00:00 - 08/03/2023 03:00:00","BZN|DK1","357.42","N/A","227.17","393.88"
"08/03/2023 03:00:00 - 08/03/2023 04:00:00","BZN|DK1","280.83","N/A","327.38","203.40"
"08/03/2023 04:00:00 - 08/03/2023 05:00:00","BZN|DK1","207.33","N/A","91.00","135.41"
"08/03/2023 05:00:00 - 08/03/2023 06:00:00","BZN|DK1","137.96","N/A","70.54","165.46"
"08/03/2023 06:00:00 - 08/03/2023 07:00:00","BZN|DK1","93.96","N/A","127.96","113.26"
"08/03/2023 07:00:00 - 08/03/2023 08:00:00","BZN|DK1","77.25","N/A","78.50","83.01"
"08/03/2023 08:00:00 - 08/03/2023 09:00:00","BZN|DK1","53.79","52.67","53.79","61.72"
"08/03/2023 09:00:00 - 08/03/2023 10:00:00","BZN|DK1","34.83","26.13","31.75","28.44"
"08/03/2023 10:00:00 - 08/03/2023 11:00:00","BZN|DK1","24.25","16.67","13.88","10.56"
"08/03/2023 11:00:00 - 08/03/2023 12:00:00","BZN|DK1","19.13","13.08","3.75","0.44"
"08/03/2023 12:00:00 - 08/03/2023 13:00:00","BZN|DK1","16.92","9.46","0.00","0.00"
"08/03/2023 13:00:00 - 08/03/2023 14:00:00","BZN|DK1","16.29","6.83","0.00","0.02"
"08/03/2023 14:00:00 - 08/03/2023 15:00:00","BZN|DK1","18.33","5.38","0.00","0.02"
"08/03/2023 15:00:00 - 08/03/2023 16:00:00","BZN|DK1","23.92","6.00","0.00","0.00"
"08/03/2023 16:00:00 - 08/03/2023 17:00:00","BZN|DK1","30.63","8.92","0.13","0.00"
"08/03/2023 17:00:00 - 08/03/2023 18:00:00","BZN|DK1","38.92","13.92","1.92","0.00"
"08/03/2023 18:00:00 - 08/03/2023 19:00:00","BZN|DK1","50.67","20.50","4.50","0.35"
"08/03/2023 19:00:00 - 08/03/2023 20:00:00","BZN|DK1","63.08","29.29","11.00","8.03"
"08/03/2023 20:00:00 - 08/03/2023 21:00:00","BZN|DK1","82.04","37.71","25.42","21.05"
"08/03/2023 21:00:00 - 08/03/2023 22:00:00","BZN|DK1","94.46","45.71","32.13","25.88"
"08/03/2023 22:00:00 - 08/03/2023 23:00:00","BZN|DK1","95.38","53.04","36.42","49.33"
"08/03/2023 23:00:00 - 09/03/2023 00:00:00","BZN|DK1","88.46","59.25","56.83","59.05"
"09/03/2023 00:00:00 - 09/03/2023 01:00:00","BZN|DK1","85.75","N/A","51.29","37.45"
"09/03/2023 01:00:00 - 09/03/2023 02:00:00","BZN|DK1","85.50","N/A","28.63","30.01"
"09/03/2023 02:00:00 - 09/03/2023 03:00:00","BZN|DK1","84.54","N/A","37.17","33.27"
"09/03/2023 03:00:00 - 09/03/2023 04:00:00","BZN|DK1","84.00","N/A","46.42","52.77"
"09/03/2023 04:00:00 - 09/03/2023 05:00:00","BZN|DK1","86.67","N/A","65.38","74.18"
"09/03/2023 05:00:00 - 09/03/2023 06:00:00","BZN|DK1","100.92","N/A","99.83","92.89"
"09/03/2023 06:00:00 - 09/03/2023 07:00:00","BZN|DK1","120.13","N/A","125.67","145.23"
"09/03/2023 07:00:00 - 09/03/2023 08:00:00","BZN|DK1","148.92","N/A","176.13","178.14"
"09/03/2023 08:00:00 - 09/03/2023 09:00:00","BZN|DK1","175.83","187.25","185.71","210.27"
"09/03/2023 09:00:00 - 09/03/2023 10:00:00","BZN|DK1","182.29","189.54","233.21","275.21"
"09/03/2023 10:00:00 - 09/03/2023 11:00:00","BZN|DK1","199.58","206.38","282.17","309.15"
"09/03/2023 11:00:00 - 09/03/2023 12:00:00","BZN|DK1","220.13","228.58","319.92","352.35"
"09/03/2023 12:00:00 - 09/03/2023 13:00:00","BZN|DK1","240.38","240.25","342.50","410.12"
"09/03/2023 13:00:00 - 09/03/2023 14:00:00","BZN|DK1","263.83","249.75","399.25","424.09"
"09/03/2023 14:00:00 - 09/03/2023 15:00:00","BZN|DK1","270.33","254.46","392.54","403.93"
"09/03/2023 15:00:00 - 09/03/2023 16:00:00","BZN|DK1","280.17","247.21","357.88","382.80"
"09/03/2023 16:00:00 - 09/03/2023 17:00:00","BZN|DK1","270.54","253.33","367.25","388.01"
"09/03/2023 17:00:00 - 09/03/2023 18:00:00","BZN|DK1","191.88","227.88","353.63","323.03"
"09/03/2023 18:00:00 - 09/03/2023 19:00:00","BZN|DK1","122.58","183.71","235.83","183.72"
"09/03/2023 19:00:00 - 09/03/2023 20:00:00","BZN|DK1","96.54","160.00","97.13","119.00"
"09/03/2023 20:00:00 - 09/03/2023 21:00:00","BZN|DK1","79.54","127.58","111.88","107.62"
"09/03/2023 21:00:00 - 09/03/2023 22:00:00","BZN|DK1","73.50","89.21","86.79","180.53"
"09/03/2023 22:00:00 - 09/03/2023 23:00:00","BZN|DK1","95.67","70.92","194.00","236.81"
"09/03/2023 23:00:00 - 10/03/2023 00:00:00","BZN|DK1","135.08","90.46","209.04","191.59"
"10/03/2023 00:00:00 - 10/03/2023 01:00:00","BZN|DK1","101.00","N/A","189.42","217.24"
"10/03/2023 01:00:00 - 10/03/2023 02:00:00","BZN|DK1","98.13","N/A","191.63","184.96"
"10/03/2023 02:00:00 - 10/03/2023 03:00:00","BZN|DK1","99.75","N/A","123.83","127.52"
"10/03/2023 03:00:00 - 10/03/2023 04:00:00","BZN|DK1","144.17","N/A","103.00","87.00"
"10/03/2023 04:00:00 - 10/03/2023 05:00:00","BZN|DK1","206.58","N/A","106.63","97.14"
"10/03/2023 05:00:00 - 10/03/2023 06:00:00","BZN|DK1","270.83","N/A","127.75","115.12"
"10/03/2023 06:00:00 - 10/03/2023 07:00:00","BZN|DK1","334.17","N/A","135.54","135.92"
"10/03/2023 07:00:00 - 10/03/2023 08:00:00","BZN|DK1","403.42","N/A","240.25","181.63"
"10/03/2023 08:00:00 - 10/03/2023 09:00:00","BZN|DK1","428.92","199.38","188.42","201.69"
"10/03/2023 09:00:00 - 10/03/2023 10:00:00","BZN|DK1","416.21","212.96","240.54","238.31"
"10/03/2023 10:00:00 - 10/03/2023 11:00:00","BZN|DK1","401.83","237.46","233.58","221.25"
"10/03/2023 11:00:00 - 10/03/2023 12:00:00","BZN|DK1","386.71","225.29","208.13","138.93"
"10/03/2023 12:00:00 - 10/03/2023 13:00:00","BZN|DK1","375.92","212.42","135.58","150.53"
"10/03/2023 13:00:00 - 10/03/2023 14:00:00","BZN|DK1","395.58","242.25","175.29","140.17"
"10/03/2023 14:00:00 - 10/03/2023 15:00:00","BZN|DK1","450.04","335.21","185.42","128.87"
"10/03/2023 15:00:00 - 10/03/2023 16:00:00","BZN|DK1","492.00","448.33","200.79","139.70"
"10/03/2023 16:00:00 - 10/03/2023 17:00:00","BZN|DK1","558.96","528.71","256.21","170.22"
"10/03/2023 17:00:00 - 10/03/2023 18:00:00","BZN|DK1","635.79","584.67","290.29","203.03"
"10/03/2023 18:00:00 - 10/03/2023 19:00:00","BZN|DK1","680.58","644.38","309.54","251.34"
"10/03/2023 19:00:00 - 10/03/2023 20:00:00","BZN|DK1","735.50","760.58","399.33","391.93"
"10/03/2023 20:00:00 - 10/03/2023 21:00:00","BZN|DK1","795.71","837.58","554.17","421.56"
"10/03/2023 21:00:00 - 10/03/2023 22:00:00","BZN|DK1","764.17","829.50","474.71","466.83"
"10/03/2023 22:00:00 - 10/03/2023 23:00:00","BZN|DK1","717.46","820.13","595.79","641.35"
"10/03/2023 23:00:00 - 11/03/2023 00:00:00","BZN|DK1","698.46","817.13","656.13","708.71"
"11/03/2023 00:00:00 - 11/03/2023 01:00:00","BZN|DK1","630.88","N/A","589.54","668.86"
"11/03/2023 01:00:00 - 11/03/2023 02:00:00","BZN|DK1","617.04","N/A","635.75","588.82"
"11/03/2023 02:00:00 - 11/03/2023 03:00:00","BZN|DK1","607.92","N/A","509.38","431.78"
"11/03/2023 03:00:00 - 11/03/2023 04:00:00","BZN|DK1","647.71","N/A","422.79","403.72"
"11/03/2023 04:00:00 - 11/03/2023 05:00:00","BZN|DK1","687.96","N/A","418.13","408.01"
"11/03/2023 05:00:00 - 11/03/2023 06:00:00","BZN|DK1","644.83","N/A","428.83","487.66"
"11/03/2023 06:00:00 - 11/03/2023 07:00:00","BZN|DK1","549.50","N/A","507.63","551.73"
"11/03/2023 07:00:00 - 11/03/2023 08:00:00","BZN|DK1","542.46","N/A","507.46","489.85"
"11/03/2023 08:00:00 - 11/03/2023 09:00:00","BZN|DK1","620.83","503.96","494.21","495.50"
"11/03/2023 09:00:00 - 11/03/2023 10:00:00","BZN|DK1","625.96","560.96","615.88","631.83"
"11/03/2023 10:00:00 - 11/03/2023 11:00:00","BZN|DK1","639.42","630.88","648.92","475.97"
"11/03/2023 11:00:00 - 11/03/2023 12:00:00","BZN|DK1","718.29","716.33","518.08","733.30"
"11/03/2023 12:00:00 - 11/03/2023 13:00:00","BZN|DK1","733.21","749.08","735.13","573.10"
"11/03/2023 13:00:00 - 11/03/2023 14:00:00","BZN|DK1","788.67","807.63","625.13","506.67"
"11/03/2023 14:00:00 - 11/03/2023 15:00:00","BZN|DK1","896.46","874.25","549.38","385.88"
"11/03/2023 15:00:00 - 11/03/2023 16:00:00","BZN|DK1","931.63","901.00","542.25","536.72"
"11/03/2023 16:00:00 - 11/03/2023 17:00:00","BZN|DK1","970.29","961.04","684.58","835.89"
"11/03/2023 17:00:00 - 11/03/2023 18:00:00","BZN|DK1","1004.67","1029.92","873.50","998.86"
"11/03/2023 18:00:00 - 11/03/2023 19:00:00","BZN|DK1","976.42","1017.17","1025.38","1100.84"
"11/03/2023 19:00:00 - 11/03/2023 20:00:00","BZN|DK1","993.92","1017.75","1004.50","1086.29"
"11/03/2023 20:00:00 - 11/03/2023 21:00:00","BZN|DK1","1002.13","1029.46","991.13","1087.35"
"11/03/2023 21:00:00 - 11/03/2023 22:00:00","BZN|DK1","918.63","979.88","958.21","1026.74"
"11/03/2023 22:00:00 - 11/03/2023 23:00:00","BZN|DK1","900.38","918.67","910.17","943.37"
"11/03/2023 23:00:00 - 12/03/2023 00:00:00","BZN|DK1","943.63","866.83","797.75","924.47"
"12/03/2023 00:00:00 - 12/03/2023 01:00:00","BZN|DK1","703.08","N/A","798.71","793.05"
"12/03/2023 01:00:00 - 12/03/2023 02:00:00","BZN|DK1","615.29","N/A","617.25","634.36"
"12/03/2023 02:00:00 - 12/03/2023 03:00:00","BZN|DK1","499.38","N/A","494.50","524.31"
"12/03/2023 03:00:00 - 12/03/2023 04:00:00","BZN|DK1","424.75","N/A","430.71","465.21"
"12/03/2023 04:00:00 - 12/03/2023 05:00:00","BZN|DK1","383.50","N/A","409.46","418.78"
"12/03/2023 05:00:00 - 12/03/2023 06:00:00","BZN|DK1","353.75","N/A","387.13","405.56"
"12/03/2023 06:00:00 - 12/03/2023 07:00:00","BZN|DK1","329.46","N/A","379.17","420.47"
"12/03/2023 07:00:00 - 12/03/2023 08:00:00","BZN|DK1","327.08","N/A","443.33","464.97"
"12/03/2023 08:00:00 - 12/03/2023 09:00:00","BZN|DK1","317.67","478.92","478.46","505.00"
"12/03/2023 09:00:00 - 12/03/2023 10:00:00","BZN|DK1","355.25","541.38","605.33","649.90"
"12/03/2023 10:00:00 - 12/03/2023 11:00:00","BZN|DK1","448.54","615.00","618.17","452.09"
"12/03/2023 11:00:00 - 12/03/2023 12:00:00","BZN|DK1","485.88","681.58","475.00","585.18"
"12/03/2023 12:00:00 - 12/03/2023 13:00:00","BZN|DK1","510.08","724.38","682.88","692.06"
"12/03/2023 13:00:00 - 12/03/2023 14:00:00","BZN|DK1","565.75","753.50","740.88","850.71"
"12/03/2023 14:00:00 - 12/03/2023 15:00:00","BZN|DK1","595.38","801.04","921.04","900.54"
"12/03/2023 15:00:00 - 12/03/2023 16:00:00","BZN|DK1","621.96","840.96","875.33","849.53"
"12/03/2023 16:00:00 - 12/03/2023 17:00:00","BZN|DK1","662.71","922.33","880.83","929.07"
"12/03/2023 17:00:00 - 12/03/2023 18:00:00","BZN|DK1","701.00","942.08","981.54","1066.43"
"12/03/2023 18:00:00 - 12/03/2023 19:00:00","BZN|DK1","674.58","871.96","947.17","1000.79"
"12/03/2023 19:00:00 - 12/03/2023 20:00:00","BZN|DK1","602.50","914.67","1011.83","1038.08"
"12/03/2023 20:00:00 - 12/03/2023 21:00:00","BZN|DK1","574.75","959.13","1043.83","1124.52"
"12/03/2023 21:00:00 - 12/03/2023 22:00:00","BZN|DK1","588.29","949.08","1099.13","1170.73"
"12/03/2023 22:00:00 - 12/03/2023 23:00:00","BZN|DK1","653.83","952.08","1103.67","1166.64"
"12/03/2023 23:00:00 - 13/03/2023 00:00:00","BZN|DK1","752.67","957.71","1099.17","1149.68"
"13/03/2023 00:00:00 - 13/03/2023 01:00:00","BZN|DK1","938.42","N/A","1053.79","1101.52"
"13/03/2023 01:00:00 - 13/03/2023 02:00:00","BZN|DK1","923.08","N/A","1066.08","1110.72"
"13/03/2023 02:00:00 - 13/03/2023 03:00:00","BZN|DK1","911.33","N/A","1050.92","1124.78"
"13/03/2023 03:00:00 - 13/03/2023 04:00:00","BZN|DK1","922.33","N/A","1045.46","1104.90"
"13/03/2023 04:00:00 - 13/03/2023 05:00:00","BZN|DK1","949.17","N/A","1045.29","1058.80"
"13/03/2023 05:00:00 - 13/03/2023 06:00:00","BZN|DK1","987.21","N/A","1041.21","1137.99"
"13/03/2023 06:00:00 - 13/03/2023 07:00:00","BZN|DK1","1001.71","N/A","1113.92","1172.63"
"13/03/2023 07:00:00 - 13/03/2023 08:00:00","BZN|DK1","1048.25","N/A","1137.42","1174.60"
"13/03/2023 08:00:00 - 13/03/2023 09:00:00","BZN|DK1","1050.29","1123.08","1121.92","1159.88"
"13/03/2023 09:00:00 - 13/03/2023 10:00:00","BZN|DK1","1036.38","1094.25","1098.88","1178.65"
"13/03/2023 10:00:00 - 13/03/2023 11:00:00","BZN|DK1","1064.92","1106.08","1125.92","1111.57"
"13/03/2023 11:00:00 - 13/03/2023 12:00:00","BZN|DK1","1090.54","1124.63","1070.21","1076.28"
"13/03/2023 12:00:00 - 13/03/2023 13:00:00","BZN|DK1","1081.00","1115.58","1035.58","1045.19"
"13/03/2023 13:00:00 - 13/03/2023 14:00:00","BZN|DK1","1065.25","1106.88","1016.79","708.75"
"13/03/2023 14:00:00 - 13/03/2023 15:00:00","BZN|DK1","1058.25","1090.17","698.75","382.52"
"13/03/2023 15:00:00 - 13/03/2023 16:00:00","BZN|DK1","1065.71","1072.29","414.29","939.77"
"13/03/2023 16:00:00 - 13/03/2023 17:00:00","BZN|DK1","1083.67","1068.63","1025.04","1089.77"
"13/03/2023 17:00:00 - 13/03/2023 18:00:00","BZN|DK1","1091.13","1070.21","1066.58","1153.05"
"13/03/2023 18:00:00 - 13/03/2023 19:00:00","BZN|DK1","1072.33","1055.46","1100.33","1109.79"
"13/03/2023 19:00:00 - 13/03/2023 20:00:00","BZN|DK1","1078.92","1063.71","1067.29","1146.62"
"13/03/2023 20:00:00 - 13/03/2023 21:00:00","BZN|DK1","1080.67","1083.17","1079.04","1163.72"
"13/03/2023 21:00:00 - 13/03/2023 22:00:00","BZN|DK1","1048.21","1066.38","1097.96","1134.44"
"13/03/2023 22:00:00 - 13/03/2023 23:00:00","BZN|DK1","1042.63","1059.46","1036.79","1057.30"
"13/03/2023 23:00:00 - 14/03/2023 00:00:00","BZN|DK1","1064.88","1080.75","1043.88","1172.84"
"14/03/2023 00:00:00 - 14/03/2023 01:00:00","BZN|DK1","1102.88","N/A","1118.50","1169.78"
"14/03/2023 01:00:00 - 14/03/2023 02:00:00","BZN|DK1","1109.33","N/A","1119.63","1169.05"
"14/03/2023 02:00:00 - 14/03/2023 03:00:00","BZN|DK1","1022.17","N/A","1073.46","1167.30"
"14/03/2023 03:00:00 - 14/03/2023 04:00:00","BZN|DK1","849.54","N/A","1026.67","1045.28"
"14/03/2023 04:00:00 - 14/03/2023 05:00:00","BZN|DK1","812.50","N/A","1005.83","1022.33"
"14/03/2023 05:00:00 - 14/03/2023 06:00:00","BZN|DK1","850.79","N/A","1008.63","938.49"
"14/03/2023 06:00:00 - 14/03/2023 07:00:00","BZN|DK1","852.63","N/A","807.71","950.41"
"14/03/2023 07:00:00 - 14/03/2023 08:00:00","BZN|DK1","880.54","N/A","1039.33","1062.55"
"14/03/2023 08:00:00 - 14/03/2023 09:00:00","BZN|DK1","921.33","1006.79","985.46","1137.21"
"14/03/2023 09:00:00 - 14/03/2023 10:00:00","BZN|DK1","969.79","992.25","1080.08","1119.03"
"14/03/2023 10:00:00 - 14/03/2023 11:00:00","BZN|DK1","1022.08","1026.17","1106.79","1140.91"
"14/03/2023 11:00:00 - 14/03/2023 12:00:00","BZN|DK1","1065.46","1083.67","1127.63","1108.10"
"14/03/2023 12:00:00 - 14/03/2023 13:00:00","BZN|DK1","1060.75","1093.17","1056.63","997.76"
"14/03/2023 13:00:00 - 14/03/2023 14:00:00","BZN|DK1","1056.54","1107.92","978.67","1152.93"
"14/03/2023 14:00:00 - 14/03/2023 15:00:00","BZN|DK1","1044.92","1098.75","1116.04","1117.65"
"14/03/2023 15:00:00 - 14/03/2023 16:00:00","BZN|DK1","1054.75","1087.33","1129.54","1177.22"
"14/03/2023 16:00:00 - 14/03/2023 17:00:00","BZN|DK1","1074.50","1070.25","1120.88","1185.60"
"14/03/2023 17:00:00 - 14/03/2023 18:00:00","BZN|DK1","1080.96","1038.58","1108.75","1170.91"
"14/03/2023 18:00:00 - 14/03/2023 19:00:00","BZN|DK1","1041.29","1017.92","1015.25","1012.17"
"14/03/2023 19:00:00 - 14/03/2023 20:00:00","BZN|DK1","1020.13","1047.42","930.33","999.79"
"14/03/2023 20:00:00 - 14/03/2023 21:00:00","BZN|DK1","1017.21","1045.63","952.88","980.04"
"14/03/2023 21:00:00 - 14/03/2023 22:00:00","BZN|DK1","1009.13","1024.67","919.46","903.70"
"14/03/2023 22:00:00 - 14/03/2023 23:00:00","BZN|DK1","971.17","1024.29","861.96","1057.92"
"14/03/2023 23:00:00 - 15/03/2023 00:00:00","BZN|DK1","1003.38","1041.96","1086.13","1129.42"
"15/03/2023 00:00:00 - 15/03/2023 01:00:00","BZN|DK1","1031.17","N/A","1119.71","1104.25"
"15/03/2023 01:00:00 - 15/03/2023 02:00:00","BZN|DK1","1021.54","N/A","1015.38","1051.90"
"15/03/2023 02:00:00 - 15/03/2023 03:00:00","BZN|DK1","998.83","N/A","1017.08","1057.86"
"15/03/2023 03:00:00 - 15/03/2023 04:00:00","BZN|DK1","988.04","N/A","996.08","1100.93"
"15/03/2023 04:00:00 - 15/03/2023 05:00:00","BZN|DK1","977.21","N/A","1074.29","1130.35"
"15/03/2023 05:00:00 - 15/03/2023 06:00:00","BZN|DK1","945.71","N/A","1069.00","1067.28"
"15/03/2023 06:00:00 - 15/03/2023 07:00:00","BZN|DK1","929.83","N/A","955.04","959.90"
"15/03/2023 07:00:00 - 15/03/2023 08:00:00","BZN|DK1","987.17","N/A","937.25","1030.12"
"15/03/2023 08:00:00 - 15/03/2023 09:00:00","BZN|DK1","958.75","1055.04","1061.63","1061.15"
"15/03/2023 09:00:00 - 15/03/2023 10:00:00","BZN|DK1","924.88","1016.29","962.21","1048.75"
"15/03/2023 10:00:00 - 15/03/2023 11:00:00","BZN|DK1","930.54","989.63","1030.83","1103.14"
"15/03/2023 11:00:00 - 15/03/2023 12:00:00","BZN|DK1","926.92","896.25","1041.63","927.53"
"15/03/2023 12:00:00 - 15/03/2023 13:00:00","BZN|DK1","871.96","853.25","802.21","891.46"
"15/03/2023 13:00:00 - 15/03/2023 14:00:00","BZN|DK1","848.63","914.00","902.38","945.45"
"15/03/2023 14:00:00 - 15/03/2023 15:00:00","BZN|DK1","864.54","874.50","907.50","1025.30"
"15/03/2023 15:00:00 - 15/03/2023 16:00:00","BZN|DK1","857.96","855.88","930.71","1021.55"
"15/03/2023 16:00:00 - 15/03/2023 17:00:00","BZN|DK1","833.21","846.17","1056.92","1043.83"
"15/03/2023 17:00:00 - 15/03/2023 18:00:00","BZN|DK1","843.63","827.33","1049.00","748.93"
"15/03/2023 18:00:00 - 15/03/2023 19:00:00","BZN|DK1","809.54","799.75","738.42","816.21"
"15/03/2023 19:00:00 - 15/03/2023 20:00:00","BZN|DK1","779.88","779.29","803.58","781.08"
"15/03/2023 20:00:00 - 15/03/2023 21:00:00","BZN|DK1","721.54","751.29","702.29","765.98"
"15/03/2023 21:00:00 - 15/03/2023 22:00:00","BZN|DK1","593.63","654.96","592.42","493.30"
"15/03/2023 22:00:00 - 15/03/2023 23:00:00","BZN|DK1","490.00","475.25","274.17","249.25"
"15/03/2023 23:00:00 - 16/03/2023 00:00:00","BZN|DK1","345.21","299.79","132.83","229.58"
"16/03/2023 00:00:00 - 16/03/2023 01:00:00","BZN|DK1","202.79","N/A","166.00","228.62"
"16/03/2023 01:00:00 - 16/03/2023 02:00:00","BZN|DK1","160.67","N/A","168.21","181.38"
"16/03/2023 02:00:00 - 16/03/2023 03:00:00","BZN|DK1","145.13","N/A","183.50","214.50"
"16/03/2023 03:00:00 - 16/03/2023 04:00:00","BZN|DK1","180.04","N/A","287.08","290.37"
"16/03/2023 04:00:00 - 16/03/2023 05:00:00","BZN|DK1","276.96","N/A","406.08","454.23"
"16/03/2023 05:00:00 - 16/03/2023 06:00:00","BZN|DK1","394.58","N/A","574.42","653.42"
"16/03/2023 06:00:00 - 16/03/2023 07:00:00","BZN|DK1","483.38","N/A","715.88","729.85"
"16/03/2023 07:00:00 - 16/03/2023 08:00:00","BZN|DK1","569.17","N/A","755.13","762.03"
"16/03/2023 08:00:00 - 16/03/2023 09:00:00","BZN|DK1","650.33","784.54","786.88","800.69"
"16/03/2023 09:00:00 - 16/03/2023 10:00:00","BZN|DK1","716.42","829.50","811.96","835.36"
"16/03/2023 10:00:00 - 16/03/2023 11:00:00","BZN|DK1","808.50","893.75","850.13","815.54"
"16/03/2023 11:00:00 - 16/03/2023 12:00:00","BZN|DK1","871.04","945.58","867.42","941.15"
"16/03/2023 12:00:00 - 16/03/2023 13:00:00","BZN|DK1","908.63","991.83","916.88","906.33"
"16/03/2023 13:00:00 - 16/03/2023 14:00:00","BZN|DK1","944.79","1055.50","942.33","999.07"
"16/03/2023 14:00:00 - 16/03/2023 15:00:00","BZN|DK1","979.04","1073.71","1009.58","1096.65"
"16/03/2023 15:00:00 - 16/03/2023 16:00:00","BZN|DK1","1028.63","1087.58","1065.04","1143.92"
"16/03/2023 16:00:00 - 16/03/2023 17:00:00","BZN|DK1","1070.29","1105.13","1099.25","1170.17"
"16/03/2023 17:00:00 - 16/03/2023 18:00:00","BZN|DK1","1087.13","1115.54","1121.83","1182.50"
"16/03/2023 18:00:00 - 16/03/2023 19:00:00","BZN|DK1","1069.54","1094.33","1102.50","1182.35"
"16/03/2023 19:00:00 - 16/03/2023 20:00:00","BZN|DK1","1074.83","1088.67","1116.83","1178.70"
"16/03/2023 20:00:00 - 16/03/2023 21:00:00","BZN|DK1","1072.96","1087.00","1109.29","1176.81"
"16/03/2023 21:00:00 - 16/03/2023 22:00:00","BZN|DK1","1052.38","1070.67","1098.00","1167.43"
"16/03/2023 22:00:00 - 16/03/2023 23:00:00","BZN|DK1","1047.71","1060.04","1089.33","1162.78"
"16/03/2023 23:00:00 - 17/03/2023 00:00:00","BZN|DK1","1068.71","1072.63","1085.71","1157.26"
"17/03/2023 00:00:00 - 17/03/2023 01:00:00","BZN|DK1","1078.63","N/A","1100.25","1164.02"
"17/03/2023 01:00:00 - 17/03/2023 02:00:00","BZN|DK1","1075.71","N/A","1097.29","1165.93"
"17/03/2023 02:00:00 - 17/03/2023 03:00:00","BZN|DK1","1045.71","N/A","1079.21","1167.38"
"17/03/2023 03:00:00 - 17/03/2023 04:00:00","BZN|DK1","1026.67","N/A","1087.83","1145.65"
"17/03/2023 04:00:00 - 17/03/2023 05:00:00","BZN|DK1","1025.08","N/A","1086.00","1162.83"
"17/03/2023 05:00:00 - 17/03/2023 06:00:00","BZN|DK1","1026.00","N/A","1102.13","1157.47"
"17/03/2023 06:00:00 - 17/03/2023 07:00:00","BZN|DK1","1017.79","N/A","1088.17","1157.49"
"17/03/2023 07:00:00 - 17/03/2023 08:00:00","BZN|DK1","1032.04","N/A","1088.54","1141.69"
"17/03/2023 08:00:00 - 17/03/2023 09:00:00","BZN|DK1","993.50","1047.83","1055.25","1129.73"
"17/03/2023 09:00:00 - 17/03/2023 10:00:00","BZN|DK1","930.00","989.50","1028.54","1121.18"
"17/03/2023 10:00:00 - 17/03/2023 11:00:00","BZN|DK1","903.92","965.67","1024.08","1062.14"
"17/03/2023 11:00:00 - 17/03/2023 12:00:00","BZN|DK1","845.54","939.83","985.46","862.65"
"17/03/2023 12:00:00 - 17/03/2023 13:00:00","BZN|DK1","792.50","867.63","814.54","970.48"
"17/03/2023 13:00:00 - 17/03/2023 14:00:00","BZN|DK1","736.75","784.92","837.38","801.75"
"17/03/2023 14:00:00 - 17/03/2023 15:00:00","BZN|DK1","656.50","697.08","706.63","649.14"
"17/03/2023 15:00:00 - 17/03/2023 16:00:00","BZN|DK1","587.50","569.50","480.13","533.33"
"17/03/2023 16:00:00 - 17/03/2023 17:00:00","BZN|DK1","560.54","483.54","546.21","582.12"
"17/03/2023 17:00:00 - 17/03/2023 18:00:00","BZN|DK1","553.58","461.71","518.63","461.11"
"17/03/2023 18:00:00 - 17/03/2023 19:00:00","BZN|DK1","523.08","408.75","398.21","502.04"
"17/03/2023 19:00:00 - 17/03/2023 20:00:00","BZN|DK1","530.88","355.21","500.04","481.76"
"17/03/2023 20:00:00 - 17/03/2023 21:00:00","BZN|DK1","520.00","323.71","467.83","519.22"
"17/03/2023 21:00:00 - 17/03/2023 22:00:00","BZN|DK1","485.04","257.71","418.58","512.30"
"17/03/2023 22:00:00 - 17/03/2023 23:00:00","BZN|DK1","440.58","188.50","360.63","455.60"
"17/03/2023 23:00:00 - 18/03/2023 00:00:00","BZN|DK1","360.71","138.67","351.46","313.46"
"18/03/2023 00:00:00 - 18/03/2023 01:00:00","BZN|DK1","155.33","N/A","219.08","182.89"
"18/03/2023 01:00:00 - 18/03/2023 02:00:00","BZN|DK1","79.42","N/A","113.67","146.58"
"18/03/2023 02:00:00 - 18/03/2023 03:00:00","BZN|DK1","61.71","N/A","110.50","67.76"
"18/03/2023 03:00:00 - 18/03/2023 04:00:00","BZN|DK1","54.13","N/A","75.75","73.77"
"18/03/2023 04:00:00 - 18/03/2023 05:00:00","BZN|DK1","58.83","N/A","35.88","26.87"
"18/03/2023 05:00:00 - 18/03/2023 06:00:00","BZN|DK1","45.67","N/A","18.58","67.67"
"18/03/2023 06:00:00 - 18/03/2023 07:00:00","BZN|DK1","27.79","N/A","78.75","56.18"
"18/03/2023 07:00:00 - 18/03/2023 08:00:00","BZN|DK1","24.29","N/A","25.96","14.70"
"18/03/2023 08:00:00 - 18/03/2023 09:00:00","BZN|DK1","23.79","8.17","9.92","21.75"
"18/03/2023 09:00:00 - 18/03/2023 10:00:00","BZN|DK1","29.71","11.54","21.25","39.92"
"18/03/2023 10:00:00 - 18/03/2023 11:00:00","BZN|DK1","36.50","12.67","30.88","25.61"
"18/03/2023 11:00:00 - 18/03/2023 12:00:00","BZN|DK1","38.58","14.96","7.04","9.60"
"18/03/2023 12:00:00 - 18/03/2023 13:00:00","BZN|DK1","33.71","17.88","7.04","27.18"
"18/03/2023 13:00:00 - 18/03/2023 14:00:00","BZN|DK1","35.83","19.50","50.50","28.70"
"18/03/2023 14:00:00 - 18/03/2023 15:00:00","BZN|DK1","61.54","25.33","17.04","2.34"
"18/03/2023 15:00:00 - 18/03/2023 16:00:00","BZN|DK1","77.83","41.42","16.42","6.00"
"18/03/2023 16:00:00 - 18/03/2023 17:00:00","BZN|DK1","62.17","52.38","18.83","37.29"
"18/03/2023 17:00:00 - 18/03/2023 18:00:00","BZN|DK1","57.50","46.79","49.29","64.51"
"18/03/2023 18:00:00 - 18/03/2023 19:00:00","BZN|DK1","61.79","45.58","53.79","95.69"
"18/03/2023 19:00:00 - 18/03/2023 20:00:00","BZN|DK1","71.42","60.42","123.29","88.06"
"18/03/2023 20:00:00 - 18/03/2023 21:00:00","BZN|DK1","90.71","68.92","90.83","61.84"
"18/03/2023 21:00:00 - 18/03/2023 22:00:00","BZN|DK1","121.83","70.46","102.54","71.70"
"18/03/2023 22:00:00 - 18/03/2023 23:00:00","BZN|DK1","156.04","80.54","57.83","98.05"
"18/03/2023 23:00:00 - 19/03/2023 00:00:00","BZN|DK1","195.88","110.67","121.08","127.99"
"19/03/2023 00:00:00 - 19/03/2023 01:00:00","BZN|DK1","126.63","N/A","167.54","187.20"
"19/03/2023 01:00:00 - 19/03/2023 02:00:00","BZN|DK1","167.04","N/A","263.83","302.15"
"19/03/2023 02:00:00 - 19/03/2023 03:00:00","BZN|DK1","232.63","N/A","352.08","313.78"
"19/03/2023 03:00:00 - 19/03/2023 04:00:00","BZN|DK1","303.58","N/A","381.46","371.81"
"19/03/2023 04:00:00 - 19/03/2023 05:00:00","BZN|DK1","380.79","N/A","409.92","467.00"
"19/03/2023 05:00:00 - 19/03/2023 06:00:00","BZN|DK1","385.33","N/A","495.71","508.59"
"19/03/2023 06:00:00 - 19/03/2023 07:00:00","BZN|DK1","363.67","N/A","430.83","518.79"
"19/03/2023 07:00:00 - 19/03/2023 08:00:00","BZN|DK1","328.46","N/A","434.96","483.41"
"19/03/2023 08:00:00 - 19/03/2023 09:00:00","BZN|DK1","342.71","449.00","442.58","333.42"
"19/03/2023 09:00:00 - 19/03/2023 10:00:00","BZN|DK1","337.54","360.75","262.04","228.33"
"19/03/2023 10:00:00 - 19/03/2023 11:00:00","BZN|DK1","421.38","313.92","261.96","249.74"
"19/03/2023 11:00:00 - 19/03/2023 12:00:00","BZN|DK1","498.92","348.75","247.54","260.23"
"19/03/2023 12:00:00 - 19/03/2023 13:00:00","BZN|DK1","420.21","350.92","178.63","213.78"
"19/03/2023 13:00:00 - 19/03/2023 14:00:00","BZN|DK1","320.50","242.13","175.00","224.72"
"19/03/2023 14:00:00 - 19/03/2023 15:00:00","BZN|DK1","334.33","258.13","250.29","261.54"
"19/03/2023 15:00:00 - 19/03/2023 16:00:00","BZN|DK1","308.79","266.00","280.42","240.23"
"19/03/2023 16:00:00 - 19/03/2023 17:00:00","BZN|DK1","304.63","283.08","243.04","253.86"
"19/03/2023 17:00:00 - 19/03/2023 18:00:00","BZN|DK1","297.54","243.08","263.46","281.75"
"19/03/2023 18:00:00 - 19/03/2023 19:00:00","BZN|DK1","327.38","210.67","292.17","294.11"
"19/03/2023 19:00:00 - 19/03/2023 20:00:00","BZN|DK1","316.04","211.13","284.17","348.23"
"19/03/2023 20:00:00 - 19/03/2023 21:00:00","BZN|DK1","334.13","198.29","358.38","367.29"
"19/03/2023 21:00:00 - 19/03/2023 22:00:00","BZN|DK1","381.71","199.71","328.46","334.36"
"19/03/2023 22:00:00 - 19/03/2023 23:00:00","BZN|DK1","405.96","223.58","278.88","379.26"
"19/03/2023 23:00:00 - 20/03/2023 00:00:00","BZN|DK1","441.75","297.83","414.75","573.75"
"20/03/2023 00:00:00 - 20/03/2023 01:00:00","BZN|DK1","475.75","N/A","642.58","641.76"
"20/03/2023 01:00:00 - 20/03/2023 02:00:00","BZN|DK1","535.58","N/A","631.96","573.84"
"20/03/2023 02:00:00 - 20/03/2023 03:00:00","BZN|DK1","528.96","N/A","415.13","422.55"
"20/03/2023 03:00:00 - 20/03/2023 04:00:00","BZN|DK1","533.33","N/A","496.75","529.35"
"20/03/2023 04:00:00 - 20/03/2023 05:00:00","BZN|DK1","543.46","N/A","454.88","485.97"
"20/03/2023 05:00:00 - 20/03/2023 06:00:00","BZN|DK1","508.67","N/A","505.42","512.03"
"20/03/2023 06:00:00 - 20/03/2023 07:00:00","BZN|DK1","409.96","N/A","363.63","486.38"
"20/03/2023 07:00:00 - 20/03/2023 08:00:00","BZN|DK1","366.67","N/A","399.33","410.83"
"20/03/2023 08:00:00 - 20/03/2023 09:00:00","BZN|DK1","323.29","286.29","288.58","334.92"
"20/03/2023 09:00:00 - 20/03/2023 10:00:00","BZN|DK1","296.46","216.67","285.75","306.11"
"20/03/2023 10:00:00 - 20/03/2023 11:00:00","BZN|DK1","313.38","234.88","274.58","339.52"
"20/03/2023 11:00:00 - 20/03/2023 12:00:00","BZN|DK1","314.46","272.58","330.00","352.13"
"20/03/2023 12:00:00 - 20/03/2023 13:00:00","BZN|DK1","292.92","290.83","299.75","350.34"
"20/03/2023 13:00:00 - 20/03/2023 14:00:00","BZN|DK1","266.17","264.00","332.50","385.81"
"20/03/2023 14:00:00 - 20/03/2023 15:00:00","BZN|DK1","337.08","313.63","320.63","386.05"
"20/03/2023 15:00:00 - 20/03/2023 16:00:00","BZN|DK1","398.00","332.83","338.50","384.10"
"20/03/2023 16:00:00 - 20/03/2023 17:00:00","BZN|DK1","384.29","335.17","359.13","332.49"
"20/03/2023 17:00:00 - 20/03/2023 18:00:00","BZN|DK1","321.50","260.83","294.00","319.46"
"20/03/2023 18:00:00 - 20/03/2023 19:00:00","BZN|DK1","229.33","234.08","316.79","338.71"
"20/03/2023 19:00:00 - 20/03/2023 20:00:00","BZN|DK1","215.29","226.79","331.54","326.60"
"20/03/2023 20:00:00 - 20/03/2023 21:00:00","BZN|DK1","181.71","202.67","262.79","238.30"
"20/03/2023 21:00:00 - 20/03/2023 22:00:00","BZN|DK1","183.08","190.96","206.46","181.32"
"20/03/2023 22:00:00 - 20/03/2023 23:00:00","BZN|DK1","167.38","182.00","167.79","176.97"
"20/03/2023 23:00:00 - 21/03/2023 00:00:00","BZN|DK1","120.38","134.58","163.63","196.73"
"21/03/2023 00:00:00 - 21/03/2023 01:00:00","BZN|DK1","132.46","N/A","140.33","108.69"
"21/03/2023 01:00:00 - 21/03/2023 02:00:00","BZN|DK1","116.71","N/A","55.92","46.58"
"21/03/2023 02:00:00 - 21/03/2023 03:00:00","BZN|DK1","108.42","N/A","37.75","38.76"
"21/03/2023 03:00:00 - 21/03/2023 04:00:00","BZN|DK1","117.33","N/A","54.92","67.84"
"21/03/2023 04:00:00 - 21/03/2023 05:00:00","BZN|DK1","159.75","N/A","104.08","76.41"
"21/03/2023 05:00:00 - 21/03/2023 06:00:00","BZN|DK1","244.67","N/A","120.75","94.20"
"21/03/2023 06:00:00 - 21/03/2023 07:00:00","BZN|DK1","316.29","N/A","166.88","149.06"
"21/03/2023 07:00:00 - 21/03/2023 08:00:00","BZN|DK1","364.88","N/A","238.00","192.29"
"21/03/2023 08:00:00 - 21/03/2023 09:00:00","BZN|DK1","408.92","285.08","284.33","282.02"
"21/03/2023 09:00:00 - 21/03/2023 10:00:00","BZN|DK1","516.88","449.33","398.00","377.12"
"21/03/2023 10:00:00 - 21/03/2023 11:00:00","BZN|DK1","611.79","539.25","437.21","370.43"
"21/03/2023 11:00:00 - 21/03/2023 12:00:00","BZN|DK1","734.13","606.25","452.67","385.32"
"21/03/2023 12:00:00 - 21/03/2023 13:00:00","BZN|DK1","797.00","645.92","505.00","553.42"
"21/03/2023 13:00:00 - 21/03/2023 14:00:00","BZN|DK1","801.04","666.71","614.38","644.60"
"21/03/2023 14:00:00 - 21/03/2023 15:00:00","BZN|DK1","867.33","718.63","732.13","740.56"
"21/03/2023 15:00:00 - 21/03/2023 16:00:00","BZN|DK1","932.21","793.38","830.67","810.93"
"21/03/2023 16:00:00 - 21/03/2023 17:00:00","BZN|DK1","966.96","870.50","850.25","895.41"
"21/03/2023 17:00:00 - 21/03/2023 18:00:00","BZN|DK1","959.46","914.67","899.21","991.93"
"21/03/2023 18:00:00 - 21/03/2023 19:00:00","BZN|DK1","940.25","900.46","999.33","1055.57"
"21/03/2023 19:00:00 - 21/03/2023 20:00:00","BZN|DK1","976.79","952.96","980.79","1100.85"
"21/03/2023 20:00:00 - 21/03/2023 21:00:00","BZN|DK1","959.13","973.92","1038.88","1040.78"
"21/03/2023 21:00:00 - 21/03/2023 22:00:00","BZN|DK1","929.17","943.42","948.21","901.23"
"21/03/2023 22:00:00 - 21/03/2023 23:00:00","BZN|DK1","969.75","930.75","814.75","955.96"
"21/03/2023 23:00:00 - 22/03/2023 00:00:00","BZN|DK1","960.71","925.38","970.83","1105.13"
"22/03/2023 00:00:00 - 22/03/2023 01:00:00","BZN|DK1","971.17","N/A","1067.42","1117.17"
"22/03/2023 01:00:00 - 22/03/2023 02:00:00","BZN|DK1","989.67","N/A","1086.00","1051.18"
"22/03/2023 02:00:00 - 22/03/2023 03:00:00","BZN|DK1","964.00","N/A","946.04","1066.66"
"22/03/2023 03:00:00 - 22/03/2023 04:00:00","BZN|DK1","923.46","N/A","1011.25","1100.47"
"22/03/2023 04:00:00 - 22/03/2023 05:00:00","BZN|DK1","910.25","N/A","1062.00","1134.05"
"22/03/2023 05:00:00 - 22/03/2023 06:00:00","BZN|DK1","926.58","N/A","1087.67","1160.73"
"22/03/2023 06:00:00 - 22/03/2023 07:00:00","BZN|DK1","956.42","N/A","1089.96","1123.32"
"22/03/2023 07:00:00 - 22/03/2023 08:00:00","BZN|DK1","1018.33","N/A","1100.54","1143.37"
"22/03/2023 08:00:00 - 22/03/2023 09:00:00","BZN|DK1","1031.17","1102.04","1109.13","1166.99"
"22/03/2023 09:00:00 - 22/03/2023 10:00:00","BZN|DK1","1047.00","1096.04","1099.21","1159.39"
"22/03/2023 10:00:00 - 22/03/2023 11:00:00","BZN|DK1","1058.38","1095.13","1096.42","1117.21"
"22/03/2023 11:00:00 - 22/03/2023 12:00:00","BZN|DK1","1071.21","1100.13","1084.54","1112.95"
"22/03/2023 12:00:00 - 22/03/2023 13:00:00","BZN|DK1","1040.83","1065.04","1034.58","1113.34"
"22/03/2023 13:00:00 - 22/03/2023 14:00:00","BZN|DK1","1031.92","1052.13","1089.83","1150.25"
"22/03/2023 14:00:00 - 22/03/2023 15:00:00","BZN|DK1","1015.33","1031.83","1076.83","1094.12"
"22/03/2023 15:00:00 - 22/03/2023 16:00:00","BZN|DK1","1023.13","1037.54","1040.08","1106.58"
"22/03/2023 16:00:00 - 22/03/2023 17:00:00","BZN|DK1","1019.38","1031.63","1084.38","1161.89"
"22/03/2023 17:00:00 - 22/03/2023 18:00:00","BZN|DK1","996.46","1007.71","1090.17","1159.43"
"22/03/2023 18:00:00 - 22/03/2023 19:00:00","BZN|DK1","878.79","887.96","1059.13","1112.54"
"22/03/2023 19:00:00 - 22/03/2023 20:00:00","BZN|DK1","838.13","843.54","995.96","999.09"
"22/03/2023 20:00:00 - 22/03/2023 21:00:00","BZN|DK1","861.25","857.83","904.13","915.83"
"22/03/2023 21:00:00 - 22/03/2023 22:00:00","BZN|DK1","835.00","835.00","823.38","909.11"
"22/03/2023 22:00:00 - 22/03/2023 23:00:00","BZN|DK1","851.25","851.25","821.71","801.55"
"22/03/2023 23:00:00 - 23/03/2023 00:00:00","BZN|DK1","891.04","891.04","750.50","685.87"
"23/03/2023 00:00:00 - 23/03/2023 01:00:00","BZN|DK1","840.63","N/A","691.21","693.72"
"23/03/2023 01:00:00 - 23/03/2023 02:00:00","BZN|DK1","877.88","N/A","625.58","644.84"
"23/03/2023 02:00:00 - 23/03/2023 03:00:00","BZN|DK1","853.42","N/A","757.29","794.78"
"23/03/2023 03:00:00 - 23/03/2023 04:00:00","BZN|DK1","796.25","N/A","817.08","782.55"
"23/03/2023 04:00:00 - 23/03/2023 05:00:00","BZN|DK1","824.88","N/A","821.79","830.40"
"23/03/2023 05:00:00 - 23/03/2023 06:00:00","BZN|DK1","900.04","N/A","807.92","907.86"
"23/03/2023 06:00:00 - 23/03/2023 07:00:00","BZN|DK1","957.71","N/A","886.21","967.67"
"23/03/2023 07:00:00 - 23/03/2023 08:00:00","BZN|DK1","1033.83","N/A","1023.63","1103.37"
"23/03/2023 08:00:00 - 23/03/2023 09:00:00","BZN|DK1","1034.25","1092.67","1098.25","1170.32"
"23/03/2023 09:00:00 - 23/03/2023 10:00:00","BZN|DK1","1038.42","1095.29","1104.54","1159.76"
"23/03/2023 10:00:00 - 23/03/2023 11:00:00","BZN|DK1","1054.79","1122.17","1117.13","1078.57"
"23/03/2023 11:00:00 - 23/03/2023 12:00:00","BZN|DK1","1076.67","1136.83","1056.25","1127.98"
"23/03/2023 12:00:00 - 23/03/2023 13:00:00","BZN|DK1","1054.67","1106.00","1022.58","1064.50"
"23/03/2023 13:00:00 - 23/03/2023 14:00:00","BZN|DK1","1019.33","1064.63","991.04","1047.10"
"23/03/2023 14:00:00 - 23/03/2023 15:00:00","BZN|DK1","987.71","1004.33","974.54","990.61"
"23/03/2023 15:00:00 - 23/03/2023 16:00:00","BZN|DK1","966.08","988.25","950.42","995.65"
"23/03/2023 16:00:00 - 23/03/2023 17:00:00","BZN|DK1","926.29","989.79","934.13","1052.54"
"23/03/2023 17:00:00 - 23/03/2023 18:00:00","BZN|DK1","858.21","951.58","956.08","1020.12"
"23/03/2023 18:00:00 - 23/03/2023 19:00:00","BZN|DK1","821.54","865.29","892.21","956.42"
"23/03/2023 19:00:00 - 23/03/2023 20:00:00","BZN|DK1","846.42","885.21","879.88","910.01"
"23/03/2023 20:00:00 - 23/03/2023 21:00:00","BZN|DK1","893.50","959.13","935.75","995.87"
"23/03/2023 21:00:00 - 23/03/2023 22:00:00","BZN|DK1","897.33","951.38","949.83","1018.28"
"23/03/2023 22:00:00 - 23/03/2023 23:00:00","BZN|DK1","926.00","968.58","988.13","1053.14"
"23/03/2023 23:00:00 - 24/03/2023 00:00:00","BZN|DK1","928.04","969.08","1032.96","1096.36"
"24/03/2023 00:00:00 - 24/03/2023 01:00:00","BZN|DK1","988.42","N/A","1052.63","1085.80"
"24/03/2023 01:00:00 - 24/03/2023 02:00:00","BZN|DK1","987.33","N/A","1047.21","1146.42"
"24/03/2023 02:00:00 - 24/03/2023 03:00:00","BZN|DK1","895.75","N/A","1024.83","1072.36"
"24/03/2023 03:00:00 - 24/03/2023 04:00:00","BZN|DK1","761.33","N/A","947.33","1027.46"
"24/03/2023 04:00:00 - 24/03/2023 05:00:00","BZN|DK1","770.92","N/A","1006.13","1059.92"
"24/03/2023 05:00:00 - 24/03/2023 06:00:00","BZN|DK1","763.83","N/A","1035.88","1129.51"
"24/03/2023 06:00:00 - 24/03/2023 07:00:00","BZN|DK1","845.21","N/A","1022.29","1120.51"
"24/03/2023 07:00:00 - 24/03/2023 08:00:00","BZN|DK1","884.17","N/A","1132.83","1174.25"
"24/03/2023 08:00:00 - 24/03/2023 09:00:00","BZN|DK1","830.38","1115.58","1119.58","1187.63"
"24/03/2023 09:00:00 - 24/03/2023 10:00:00","BZN|DK1","877.29","1102.42","1112.38","1186.98"
"24/03/2023 10:00:00 - 24/03/2023 11:00:00","BZN|DK1","913.92","1106.04","1117.08","1061.21"
"24/03/2023 11:00:00 - 24/03/2023 12:00:00","BZN|DK1","1003.17","1120.54","1043.25","1094.65"
"24/03/2023 12:00:00 - 24/03/2023 13:00:00","BZN|DK1","1046.63","1100.67","1048.92","1093.08"
"24/03/2023 13:00:00 - 24/03/2023 14:00:00","BZN|DK1","1026.79","1084.54","1041.46","1101.40"
"24/03/2023 14:00:00 - 24/03/2023 15:00:00","BZN|DK1","1008.04","1064.63","1053.92","1106.98"
"24/03/2023 15:00:00 - 24/03/2023 16:00:00","BZN|DK1","1035.00","1064.17","1065.63","1094.80"
"24/03/2023 16:00:00 - 24/03/2023 17:00:00","BZN|DK1","1052.08","1069.21","1064.04","1111.01"
"24/03/2023 17:00:00 - 24/03/2023 18:00:00","BZN|DK1","1056.08","1041.38","1088.42","1131.65"
"24/03/2023 18:00:00 - 24/03/2023 19:00:00","BZN|DK1","1014.13","961.33","1083.25","1131.50"
"24/03/2023 19:00:00 - 24/03/2023 20:00:00","BZN|DK1","997.04","984.08","1105.88","1150.79"
"24/03/2023 20:00:00 - 24/03/2023 21:00:00","BZN|DK1","960.50","1017.29","1077.75","1141.25"
"24/03/2023 21:00:00 - 24/03/2023 22:00:00","BZN|DK1","886.88","997.46","1047.04","1108.47"
"24/03/2023 22:00:00 - 24/03/2023 23:00:00","BZN|DK1","883.50","996.08","994.50","1022.04"
"24/03/2023 23:00:00 - 25/03/2023 00:00:00","BZN|DK1","880.38","998.46","984.33","1080.03"
"25/03/2023 00:00:00 - 25/03/2023 01:00:00","BZN|DK1","1022.67","N/A","1051.67","1150.48"
"25/03/2023 01:00:00 - 25/03/2023 02:00:00","BZN|DK1","1028.46","N/A","1035.29","983.78"
"25/03/2023 02:00:00 - 25/03/2023 03:00:00","BZN|DK1","999.38","N/A","969.08","900.24"
"25/03/2023 03:00:00 - 25/03/2023 04:00:00","BZN|DK1","937.46","N/A","817.29","609.21"
"25/03/2023 04:00:00 - 25/03/2023 05:00:00","BZN|DK1","899.50","N/A","654.33","639.49"
"25/03/2023 05:00:00 - 25/03/2023 06:00:00","BZN|DK1","904.58","N/A","626.50","643.43"
"25/03/2023 06:00:00 - 25/03/2023 07:00:00","BZN|DK1","909.08","N/A","784.38","1017.38"
"25/03/2023 07:00:00 - 25/03/2023 08:00:00","BZN|DK1","926.75","N/A","965.54","1004.53"
"25/03/2023 08:00:00 - 25/03/2023 09:00:00","BZN|DK1","920.83","949.46","938.71","958.31"
"25/03/2023 09:00:00 - 25/03/2023 10:00:00","BZN|DK1","906.17","927.92","893.79","858.67"
"25/03/2023 10:00:00 - 25/03/2023 11:00:00","BZN|DK1","928.00","939.71","857.00","356.63"
"25/03/2023 11:00:00 - 25/03/2023 12:00:00","BZN|DK1","913.13","966.33","400.71","122.04"
"25/03/2023 12:00:00 - 25/03/2023 13:00:00","BZN|DK1","797.29","847.13","138.75","178.66"
"25/03/2023 13:00:00 - 25/03/2023 14:00:00","BZN|DK1","704.54","659.92","188.29","197.29"
"25/03/2023 14:00:00 - 25/03/2023 15:00:00","BZN|DK1","641.83","545.50","154.96","463.54"
"25/03/2023 15:00:00 - 25/03/2023 16:00:00","BZN|DK1","540.50","450.58","322.67","314.57"
"25/03/2023 16:00:00 - 25/03/2023 17:00:00","BZN|DK1","446.88","385.00","227.67","243.09"
"25/03/2023 17:00:00 - 25/03/2023 18:00:00","BZN|DK1","361.92","306.79","291.25","197.23"
"25/03/2023 18:00:00 - 25/03/2023 19:00:00","BZN|DK1","283.92","289.46","204.38","185.18"
"25/03/2023 19:00:00 - 25/03/2023 20:00:00","BZN|DK1","383.54","402.67","292.29","250.19"
"25/03/2023 20:00:00 - 25/03/2023 21:00:00","BZN|DK1","591.46","591.79","353.58","456.04"
"25/03/2023 21:00:00 - 25/03/2023 22:00:00","BZN|DK1","665.38","658.29","579.42","459.77"
"25/03/2023 22:00:00 - 25/03/2023 23:00:00","BZN|DK1","658.46","672.00","433.71","446.25"
"25/03/2023 23:00:00 - 26/03/2023 00:00:00","BZN|DK1","720.71","712.42","592.63","634.86"
"26/03/2023 00:00:00 - 26/03/2023 01:00:00 (CET)","BZN|DK1","745.92","N/A","702.54","782.41"
"26/03/2023 01:00:00 (CET) - 26/03/2023 03:00:00 (CEST)","BZN|DK1","844.38","N/A","831.67","825.82"
"26/03/2023 03:00:00 (CEST) - 26/03/2023 04:00:00","BZN|DK1","838.21","N/A","854.17","923.25"
"26/03/2023 04:00:00 - 26/03/2023 05:00:00","BZN|DK1","804.50","N/A","507.75","959.09"
"26/03/2023 05:00:00 - 26/03/2023 06:00:00","BZN|DK1","802.58","N/A","862.83","1021.73"
"26/03/2023 06:00:00 - 26/03/2023 07:00:00","BZN|DK1","807.96","N/A","934.04","1008.23"
"26/03/2023 07:00:00 - 26/03/2023 08:00:00","BZN|DK1","794.25","N/A","908.63","940.98"
"26/03/2023 08:00:00 - 26/03/2023 09:00:00","BZN|DK1","815.13","883.13","870.79","875.82"
"26/03/2023 09:00:00 - 26/03/2023 10:00:00","BZN|DK1","891.00","825.83","809.75","816.08"
"26/03/2023 10:00:00 - 26/03/2023 11:00:00","BZN|DK1","910.21","826.17","808.21","863.91"
"26/03/2023 11:00:00 - 26/03/2023 12:00:00","BZN|DK1","845.58","790.83","822.92","898.38"
"26/03/2023 12:00:00 - 26/03/2023 13:00:00","BZN|DK1","771.71","679.67","771.67","831.81"
"26/03/2023 13:00:00 - 26/03/2023 14:00:00","BZN|DK1","822.63","664.63","817.54","770.75"
"26/03/2023 14:00:00 - 26/03/2023 15:00:00","BZN|DK1","903.00","739.33","787.00","797.64"
"26/03/2023 15:00:00 - 26/03/2023 16:00:00","BZN|DK1","949.83","885.00","842.63","854.41"
"26/03/2023 16:00:00 - 26/03/2023 17:00:00","BZN|DK1","927.42","881.38","896.42","942.10"
"26/03/2023 17:00:00 - 26/03/2023 18:00:00","BZN|DK1","940.33","899.42","969.13","921.22"
"26/03/2023 18:00:00 - 26/03/2023 19:00:00","BZN|DK1","974.75","934.50","925.63","1044.91"
"26/03/2023 19:00:00 - 26/03/2023 20:00:00","BZN|DK1","920.21","961.75","1021.08","1047.15"
"26/03/2023 20:00:00 - 26/03/2023 21:00:00","BZN|DK1","869.58","943.29","967.75","977.81"
"26/03/2023 21:00:00 - 26/03/2023 22:00:00","BZN|DK1","881.63","918.54","926.92","751.64"
"26/03/2023 22:00:00 - 26/03/2023 23:00:00","BZN|DK1","874.42","895.58","746.79","880.28"
"26/03/2023 23:00:00 - 27/03/2023 00:00:00","BZN|DK1","839.88","869.50","884.50","985.08"
"27/03/2023 00:00:00 - 27/03/2023 01:00:00","BZN|DK1","845.13","N/A","913.92","996.13"
"27/03/2023 01:00:00 - 27/03/2023 02:00:00","BZN|DK1","829.04","N/A","969.25","921.19"
"27/03/2023 02:00:00 - 27/03/2023 03:00:00","BZN|DK1","826.25","N/A","905.13","774.36"
"27/03/2023 03:00:00 - 27/03/2023 04:00:00","BZN|DK1","859.71","N/A","786.08","747.11"
"27/03/2023 04:00:00 - 27/03/2023 05:00:00","BZN|DK1","836.21","N/A","705.63","759.22"
"27/03/2023 05:00:00 - 27/03/2023 06:00:00","BZN|DK1","790.46","N/A","712.67","627.89"
"27/03/2023 06:00:00 - 27/03/2023 07:00:00","BZN|DK1","752.21","N/A","637.13","704.53"
"27/03/2023 07:00:00 - 27/03/2023 08:00:00","BZN|DK1","734.71","N/A","734.25","728.35"
"27/03/2023 08:00:00 - 27/03/2023 09:00:00","BZN|DK1","727.17","774.96","802.92","835.37"
"27/03/2023 09:00:00 - 27/03/2023 10:00:00","BZN|DK1","693.58","762.04","867.38","928.90"
"27/03/2023 10:00:00 - 27/03/2023 11:00:00","BZN|DK1","674.75","761.75","797.58","839.44"
"27/03/2023 11:00:00 - 27/03/2023 12:00:00","BZN|DK1","675.96","749.96","768.29","818.31"
"27/03/2023 12:00:00 - 27/03/2023 13:00:00","BZN|DK1","669.29","744.58","733.54","776.76"
"27/03/2023 13:00:00 - 27/03/2023 14:00:00","BZN|DK1","673.83","706.79","746.58","706.64"
"27/03/2023 14:00:00 - 27/03/2023 15:00:00","BZN|DK1","676.92","697.04","637.29","718.70"
"27/03/2023 15:00:00 - 27/03/2023 16:00:00","BZN|DK1","674.00","701.92","708.33","708.36"
"27/03/2023 16:00:00 - 27/03/2023 17:00:00","BZN|DK1","673.63","700.54","706.25","786.54"
"27/03/2023 17:00:00 - 27/03/2023 18:00:00","BZN|DK1","692.08","733.17","773.88","791.54"
"27/03/2023 18:00:00 - 27/03/2023 19:00:00","BZN|DK1","717.13","779.96","770.63","701.90"
"27/03/2023 19:00:00 - 27/03/2023 20:00:00","BZN|DK1","707.50","844.08","749.96","778.83"
"27/03/2023 20:00:00 - 27/03/2023 21:00:00","BZN|DK1","744.71","921.54","875.83","951.12"
"27/03/2023 21:00:00 - 27/03/2023 22:00:00","BZN|DK1","839.58","994.67","1054.54","894.43"
"27/03/2023 22:00:00 - 27/03/2023 23:00:00","BZN|DK1","927.38","1008.67","673.13","691.82"
"27/03/2023 23:00:00 - 28/03/2023 00:00:00","BZN|DK1","926.33","970.63","736.75","674.20"
"28/03/2023 00:00:00 - 28/03/2023 01:00:00","BZN|DK1","828.21","N/A","631.96","718.27"
"28/03/2023 01:00:00 - 28/03/2023 02:00:00","BZN|DK1","784.67","N/A","732.08","865.53"
"28/03/2023 02:00:00 - 28/03/2023 03:00:00","BZN|DK1","719.79","N/A","859.42","804.01"
"28/03/2023 03:00:00 - 28/03/2023 04:00:00","BZN|DK1","638.71","N/A","670.46","795.17"
"28/03/2023 04:00:00 - 28/03/2023 05:00:00","BZN|DK1","532.00","N/A","602.88","602.07"
"28/03/2023 05:00:00 - 28/03/2023 06:00:00","BZN|DK1","420.63","N/A","467.75","376.21"
"28/03/2023 06:00:00 - 28/03/2023 07:00:00","BZN|DK1","386.88","N/A","262.50","118.87"
"28/03/2023 07:00:00 - 28/03/2023 08:00:00","BZN|DK1","382.08","N/A","189.08","188.29"
"28/03/2023 08:00:00 - 28/03/2023 09:00:00","BZN|DK1","327.50","176.50","170.00","103.64"
"28/03/2023 09:00:00 - 28/03/2023 10:00:00","BZN|DK1","243.46","140.75","62.79","79.66"
"28/03/2023 10:00:00 - 28/03/2023 11:00:00","BZN|DK1","170.58","103.96","91.29","74.72"
"28/03/2023 11:00:00 - 28/03/2023 12:00:00","BZN|DK1","100.50","76.83","37.38","108.31"
"28/03/2023 12:00:00 - 28/03/2023 13:00:00","BZN|DK1","76.96","99.29","157.50","156.61"
"28/03/2023 13:00:00 - 28/03/2023 14:00:00","BZN|DK1","92.83","161.71","204.13","219.50"
"28/03/2023 14:00:00 - 28/03/2023 15:00:00","BZN|DK1","124.83","210.71","269.21","189.12"
"28/03/2023 15:00:00 - 28/03/2023 16:00:00","BZN|DK1","157.21","272.38","252.50","291.83"
"28/03/2023 16:00:00 - 28/03/2023 17:00:00","BZN|DK1","209.17","366.63","382.21","384.39"
"28/03/2023 17:00:00 - 28/03/2023 18:00:00","BZN|DK1","274.50","460.83","421.83","436.12"
"28/03/2023 18:00:00 - 28/03/2023 19:00:00","BZN|DK1","371.63","549.08","555.38","534.12"
"28/03/2023 19:00:00 - 28/03/2023 20:00:00","BZN|DK1","493.46","632.08","644.58","618.08"
"28/03/2023 20:00:00 - 28/03/2023 21:00:00","BZN|DK1","556.63","692.63","616.04","795.68"
"28/03/2023 21:00:00 - 28/03/2023 22:00:00","BZN|DK1","646.75","755.71","872.63","1020.69"
"28/03/2023 22:00:00 - 28/03/2023 23:00:00","BZN|DK1","717.79","833.42","1052.38","981.62"
"28/03/2023 23:00:00 - 29/03/2023 00:00:00","BZN|DK1","733.21","864.33","913.88","942.17"
"29/03/2023 00:00:00 - 29/03/2023 01:00:00","BZN|DK1","897.96","N/A","919.58","987.66"
"29/03/2023 01:00:00 - 29/03/2023 02:00:00","BZN|DK1","984.04","N/A","937.13","1015.42"
"29/03/2023 02:00:00 - 29/03/2023 03:00:00","BZN|DK1","963.88","N/A","907.50","955.57"
"29/03/2023 03:00:00 - 29/03/2023 04:00:00","BZN|DK1","865.67","N/A","893.00","1022.07"
"29/03/2023 04:00:00 - 29/03/2023 05:00:00","BZN|DK1","760.42","N/A","880.25","937.12"
"29/03/2023 05:00:00 - 29/03/2023 06:00:00","BZN|DK1","767.46","N/A","776.46","844.26"
"29/03/2023 06:00:00 - 29/03/2023 07:00:00","BZN|DK1","727.08","N/A","788.75","848.86"
"29/03/2023 07:00:00 - 29/03/2023 08:00:00","BZN|DK1","692.58","N/A","858.58","893.88"
"29/03/2023 08:00:00 - 29/03/2023 09:00:00","BZN|DK1","660.13","821.88","821.79","774.14"
"29/03/2023 09:00:00 - 29/03/2023 10:00:00","BZN|DK1","534.04","711.75","665.17","690.63"
"29/03/2023 10:00:00 - 29/03/2023 11:00:00","BZN|DK1","466.13","577.75","612.79","672.84"
"29/03/2023 11:00:00 - 29/03/2023 12:00:00","BZN|DK1","375.50","476.21","569.54","606.43"
"29/03/2023 12:00:00 - 29/03/2023 13:00:00","BZN|DK1","296.63","396.33","483.08","423.73"
"29/03/2023 13:00:00 - 29/03/2023 14:00:00","BZN|DK1","216.88","304.08","283.17","345.27"
"29/03/2023 14:00:00 - 29/03/2023 15:00:00","BZN|DK1","164.96","217.08","272.38","284.65"
"29/03/2023 15:00:00 - 29/03/2023 16:00:00","BZN|DK1","140.13","132.08","257.13","203.02"
"29/03/2023 16:00:00 - 29/03/2023 17:00:00","BZN|DK1","115.13","91.13","110.38","160.67"
"29/03/2023 17:00:00 - 29/03/2023 18:00:00","BZN|DK1","70.42","99.50","146.04","173.63"
"29/03/2023 18:00:00 - 29/03/2023 19:00:00","BZN|DK1","47.04","100.58","128.13","119.63"
"29/03/2023 19:00:00 - 29/03/2023 20:00:00","BZN|DK1","36.88","104.25","91.92","94.54"
"29/03/2023 20:00:00 - 29/03/2023 21:00:00","BZN|DK1","45.75","114.17","81.92","69.61"
"29/03/2023 21:00:00 - 29/03/2023 22:00:00","BZN|DK1","78.17","160.50","83.29","119.43"
"29/03/2023 22:00:00 - 29/03/2023 23:00:00","BZN|DK1","156.13","228.42","185.00","138.15"
"29/03/2023 23:00:00 - 30/03/2023 00:00:00","BZN|DK1","237.33","323.71","166.38","159.20"
"30/03/2023 00:00:00 - 30/03/2023 01:00:00","BZN|DK1","481.29","N/A","300.75","259.17"
"30/03/2023 01:00:00 - 30/03/2023 02:00:00","BZN|DK1","668.17","N/A","405.46","372.97"
"30/03/2023 02:00:00 - 30/03/2023 03:00:00","BZN|DK1","733.38","N/A","458.29","449.19"
"30/03/2023 03:00:00 - 30/03/2023 04:00:00","BZN|DK1","741.54","N/A","556.96","687.56"
"30/03/2023 04:00:00 - 30/03/2023 05:00:00","BZN|DK1","780.25","N/A","782.25","836.05"
"30/03/2023 05:00:00 - 30/03/2023 06:00:00","BZN|DK1","821.83","N/A","859.46","938.96"
"30/03/2023 06:00:00 - 30/03/2023 07:00:00","BZN|DK1","890.25","N/A","936.08","1055.26"
"30/03/2023 07:00:00 - 30/03/2023 08:00:00","BZN|DK1","949.54","N/A","1028.71","1042.61"
"30/03/2023 08:00:00 - 30/03/2023 09:00:00","BZN|DK1","995.46","989.08","980.46","1090.28"
"30/03/2023 09:00:00 - 30/03/2023 10:00:00","BZN|DK1","966.58","997.71","1081.83","1145.16"
"30/03/2023 10:00:00 - 30/03/2023 11:00:00","BZN|DK1","982.83","1047.54","1089.83","1141.82"
"30/03/2023 11:00:00 - 30/03/2023 12:00:00","BZN|DK1","1003.00","1073.33","1097.25","1149.31"
"30/03/2023 12:00:00 - 30/03/2023 13:00:00","BZN|DK1","1068.38","1101.25","1109.29","1145.72"
"30/03/2023 13:00:00 - 30/03/2023 14:00:00","BZN|DK1","1035.83","1048.42","1074.88","1121.95"
"30/03/2023 14:00:00 - 30/03/2023 15:00:00","BZN|DK1","961.63","1003.00","1065.54","1131.68"
"30/03/2023 15:00:00 - 30/03/2023 16:00:00","BZN|DK1","908.00","927.79","1046.71","1086.17"
"30/03/2023 16:00:00 - 30/03/2023 17:00:00","BZN|DK1","903.63","825.13","978.33","968.43"
"30/03/2023 17:00:00 - 30/03/2023 18:00:00","BZN|DK1","958.88","850.13","822.04","780.83"
"30/03/2023 18:00:00 - 30/03/2023 19:00:00","BZN|DK1","988.25","884.38","728.50","701.33"
"30/03/2023 19:00:00 - 30/03/2023 20:00:00","BZN|DK1","963.25","902.83","599.00","676.33"
"30/03/2023 20:00:00 - 30/03/2023 21:00:00","BZN|DK1","935.54","898.13","703.13","835.51"
"30/03/2023 21:00:00 - 30/03/2023 22:00:00","BZN|DK1","843.75","898.25","799.79","880.66"
"30/03/2023 22:00:00 - 30/03/2023 23:00:00","BZN|DK1","655.21","901.42","772.75","872.22"
"30/03/2023 23:00:00 - 31/03/2023 00:00:00","BZN|DK1","599.63","842.96","765.54","829.97"
"31/03/2023 00:00:00 - 31/03/2023 01:00:00","BZN|DK1","499.04","N/A","683.75","708.15"
"31/03/2023 01:00:00 - 31/03/2023 02:00:00","BZN|DK1","424.58","N/A","476.88","506.67"
"31/03/2023 02:00:00 - 31/03/2023 03:00:00","BZN|DK1","350.13","N/A","377.58","322.58"
"31/03/2023 03:00:00 - 31/03/2023 04:00:00","BZN|DK1","207.38","N/A","184.88","242.83"
"31/03/2023 04:00:00 - 31/03/2023 05:00:00","BZN|DK1","127.96","N/A","177.50","181.50"
"31/03/2023 05:00:00 - 31/03/2023 06:00:00","BZN|DK1","130.54","N/A","124.00","157.17"
"31/03/2023 06:00:00 - 31/03/2023 07:00:00","BZN|DK1","81.75","N/A","106.75","107.25"
"31/03/2023 07:00:00 - 31/03/2023 08:00:00","BZN|DK1","53.92","N/A","71.46","92.02"
"31/03/2023 08:00:00 - 31/03/2023 09:00:00","BZN|DK1","42.21","83.63","84.33","55.52"
"31/03/2023 09:00:00 - 31/03/2023 10:00:00","BZN|DK1","27.67","64.08","23.42","59.05"
"31/03/2023 10:00:00 - 31/03/2023 11:00:00","BZN|DK1","23.46","58.92","53.63","37.86"
"31/03/2023 11:00:00 - 31/03/2023 12:00:00","BZN|DK1","22.79","60.96","28.54","49.96"
"31/03/2023 12:00:00 - 31/03/2023 13:00:00","BZN|DK1","35.21","91.83","75.50","67.36"
"31/03/2023 13:00:00 - 31/03/2023 14:00:00","BZN|DK1","51.42","124.00","78.96","109.36"
"31/03/2023 14:00:00 - 31/03/2023 15:00:00","BZN|DK1","87.50","149.33","131.04","146.04"
"31/03/2023 15:00:00 - 31/03/2023 16:00:00","BZN|DK1","207.08","222.42","187.50","271.80"
"31/03/2023 16:00:00 - 31/03/2023 17:00:00","BZN|DK1","380.67","394.46","446.50","538.58"
"31/03/2023 17:00:00 - 31/03/2023 18:00:00","BZN|DK1","423.63","495.42","598.83","781.85"
"31/03/2023 18:00:00 - 31/03/2023 19:00:00","BZN|DK1","470.08","568.83","845.38","868.64"
"31/03/2023 19:00:00 - 31/03/2023 20:00:00","BZN|DK1","510.79","655.50","929.38","988.08"
"31/03/2023 20:00:00 - 31/03/2023 21:00:00","BZN|DK1","635.75","790.92","949.33","1007.97"
"31/03/2023 21:00:00 - 31/03/2023 22:00:00","BZN|DK1","763.83","919.75","1000.46","1025.20"
"31/03/2023 22:00:00 - 31/03/2023 23:00:00","BZN|DK1","856.00","955.13","989.21","1115.47"
"31/03/2023 23:00:00 - 01/04/2023 00:00:00","BZN|DK1","999.83","999.67","1099.67","1121.71"
"01/04/2023 00:00:00 - 01/04/2023 01:00:00","BZN|DK1","1068.08","N/A","1078.79","1135.51"
"01/04/2023 01:00:00 - 01/04/2023 02:00:00","BZN|DK1","1092.50","N/A","1098.13","1144.55"
"01/04/2023 02:00:00 - 01/04/2023 03:00:00","BZN|DK1","1082.08","N/A","1063.33","1148.89"
"01/04/2023 03:00:00 - 01/04/2023 04:00:00","BZN|DK1","1064.13","N/A","1084.79","1140.83"
"01/04/2023 04:00:00 - 01/04/2023 05:00:00","BZN|DK1","998.21","N/A","1042.38","1153.37"
"01/04/2023 05:00:00 - 01/04/2023 06:00:00","BZN|DK1","959.63","N/A","1071.50","1086.61"
"01/04/2023 06:00:00 - 01/04/2023 07:00:00","BZN|DK1","972.88","N/A","1045.17","1120.48"
"01/04/2023 07:00:00 - 01/04/2023 08:00:00","BZN|DK1","1021.00","N/A","1084.21","1144.89"
"01/04/2023 08:00:00 - 01/04/2023 09:00:00","BZN|DK1","1052.42","1115.38","1128.79","1176.10"
"01/04/2023 09:00:00 - 01/04/2023 10:00:00","BZN|DK1","1034.33","1101.50","1110.67","1156.29"
"01/04/2023 10:00:00 - 01/04/2023 11:00:00","BZN|DK1","1041.33","1105.67","1100.96","1146.50"
"01/04/2023 11:00:00 - 01/04/2023 12:00:00","BZN|DK1","990.92","1051.38","1067.63","1068.13"
"01/04/2023 12:00:00 - 01/04/2023 13:00:00","BZN|DK1","972.13","1027.83","993.75","1077.01"
"01/04/2023 13:00:00 - 01/04/2023 14:00:00","BZN|DK1","909.38","940.96","976.63","1020.70"
"01/04/2023 14:00:00 - 01/04/2023 15:00:00","BZN|DK1","888.75","901.88","890.58","932.26"
"01/04/2023 15:00:00 - 01/04/2023 16:00:00","BZN|DK1","778.17","856.54","813.00","819.80"
"01/04/2023 16:00:00 - 01/04/2023 17:00:00","BZN|DK1","745.00","814.54","805.38","752.39"
"01/04/2023 17:00:00 - 01/04/2023 18:00:00","BZN|DK1","779.25","797.96","745.67","789.56"
"01/04/2023 18:00:00 - 01/04/2023 19:00:00","BZN|DK1","803.13","802.17","794.63","814.56"
"01/04/2023 19:00:00 - 01/04/2023 20:00:00","BZN|DK1","803.17","818.38","805.63","881.71"
"01/04/2023 20:00:00 - 01/04/2023 21:00:00","BZN|DK1","801.54","816.79","882.63","954.89"
"01/04/2023 21:00:00 - 01/04/2023 22:00:00","BZN|DK1","776.46","823.75","913.04","996.25"
"01/04/2023 22:00:00 - 01/04/2023 23:00:00","BZN|DK1","794.29","800.92","904.08","1047.72"
"01/04/2023 23:00:00 - 02/04/2023 00:00:00","BZN|DK1","785.46","737.38","942.96","1033.27"
"02/04/2023 00:00:00 - 02/04/2023 01:00:00","BZN|DK1","591.79","N/A","862.63","797.01"
"02/04/2023 01:00:00 - 02/04/2023 02:00:00","BZN|DK1","547.79","N/A","595.25","624.53"
"02/04/2023 02:00:00 - 02/04/2023 03:00:00","BZN|DK1","494.63","N/A","536.33","586.17"
"02/04/2023 03:00:00 - 02/04/2023 04:00:00","BZN|DK1","488.50","N/A","544.96","568.84"
"02/04/2023 04:00:00 - 02/04/2023 05:00:00","BZN|DK1","449.21","N/A","431.75","436.11"
"02/04/2023 05:00:00 - 02/04/2023 06:00:00","BZN|DK1","409.17","N/A","360.75","373.01"
"02/04/2023 06:00:00 - 02/04/2023 07:00:00","BZN|DK1","369.42","N/A","330.04","319.96"
"02/04/2023 07:00:00 - 02/04/2023 08:00:00","BZN|DK1","376.00","N/A","350.08","364.10"
"02/04/2023 08:00:00 - 02/04/2023 09:00:00","BZN|DK1","404.21","377.17","379.83","391.18"
"02/04/2023 09:00:00 - 02/04/2023 10:00:00","BZN|DK1","392.25","367.33","337.75","317.06"
"02/04/2023 10:00:00 - 02/04/2023 11:00:00","BZN|DK1","391.29","343.08","300.04","305.70"
"02/04/2023 11:00:00 - 02/04/2023 12:00:00","BZN|DK1","340.92","299.92","236.96","234.38"
"02/04/2023 12:00:00 - 02/04/2023 13:00:00","BZN|DK1","299.96","248.42","187.75","251.01"
"02/04/2023 13:00:00 - 02/04/2023 14:00:00","BZN|DK1","253.54","208.54","228.50","212.76"
"02/04/2023 14:00:00 - 02/04/2023 15:00:00","BZN|DK1","253.33","192.38","216.50","258.23"
"02/04/2023 15:00:00 - 02/04/2023 16:00:00","BZN|DK1","289.54","186.04","282.67","329.20"
"02/04/2023 16:00:00 - 02/04/2023 17:00:00","BZN|DK1","329.04","227.75","346.25","306.93"
"02/04/2023 17:00:00 - 02/04/2023 18:00:00","BZN|DK1","459.21","344.54","349.75","366.16"
"02/04/2023 18:00:00 - 02/04/2023 19:00:00","BZN|DK1","535.04","416.63","398.13","437.93"
"02/04/2023 19:00:00 - 02/04/2023 20:00:00","BZN|DK1","509.63","473.42","439.29","476.28"
"02/04/2023 20:00:00 - 02/04/2023 21:00:00","BZN|DK1","492.71","413.83","412.92","490.48"
"02/04/2023 21:00:00 - 02/04/2023 22:00:00","BZN|DK1","400.33","294.13","421.92","435.69"
"02/04/2023 22:00:00 - 02/04/2023 23:00:00","BZN|DK1","259.83","224.42","300.50","333.99"
"02/04/2023 23:00:00 - 03/04/2023 00:00:00","BZN|DK1","205.29","187.58","310.25","247.11"
"03/04/2023 00:00:00 - 03/04/2023 01:00:00","BZN|DK1","227.54","N/A","171.21","120.28"
"03/04/2023 01:00:00 - 03/04/2023 02:00:00","BZN|DK1","171.04","N/A","103.79","133.50"
"03/04/2023 02:00:00 - 03/04/2023 03:00:00","BZN|DK1","123.54","N/A","119.17","114.06"
"03/04/2023 03:00:00 - 03/04/2023 04:00:00","BZN|DK1","102.50","N/A","103.58","85.04"
"03/04/2023 04:00:00 - 03/04/2023 05:00:00","BZN|DK1","80.58","N/A","56.54","62.93"
"03/04/2023 05:00:00 - 03/04/2023 06:00:00","BZN|DK1","71.04","N/A","70.96","77.03"
"03/04/2023 06:00:00 - 03/04/2023 07:00:00","BZN|DK1","54.00","N/A","76.96","68.01"
"03/04/2023 07:00:00 - 03/04/2023 08:00:00","BZN|DK1","45.54","N/A","61.42","64.98"
"03/04/2023 08:00:00 - 03/04/2023 09:00:00","BZN|DK1","36.50","42.79","43.29","37.27"
"03/04/2023 09:00:00 - 03/04/2023 10:00:00","BZN|DK1","33.92","31.38","19.75","19.08"
"03/04/2023 10:00:00 - 03/04/2023 11:00:00","BZN|DK1","40.88","28.58","14.88","13.09"
"03/04/2023 11:00:00 - 03/04/2023 12:00:00","BZN|DK1","38.25","27.79","8.33","2.10"
"03/04/2023 12:00:00 - 03/04/2023 13:00:00","BZN|DK1","28.33","18.08","0.42","0.47"
"03/04/2023 13:00:00 - 03/04/2023 14:00:00","BZN|DK1","18.46","10.33","0.17","2.65"
"03/04/2023 14:00:00 - 03/04/2023 15:00:00","BZN|DK1","14.04","7.88","1.71","9.68"
"03/04/2023 15:00:00 - 03/04/2023 16:00:00","BZN|DK1","18.63","9.71","8.67","12.27"
"03/04/2023 16:00:00 - 03/04/2023 17:00:00","BZN|DK1","33.42","17.79","12.04","20.69"
"03/04/2023 17:00:00 - 03/04/2023 18:00:00","BZN|DK1","44.21","39.83","23.00","26.22"
"03/04/2023 18:00:00 - 03/04/2023 19:00:00","BZN|DK1","66.75","52.29","23.63","22.25"
"03/04/2023 19:00:00 - 03/04/2023 20:00:00","BZN|DK1","83.83","73.17","20.67","13.99"
"03/04/2023 20:00:00 - 03/04/2023 21:00:00","BZN|DK1","71.08","63.46","7.58","5.61"
"03/04/2023 21:00:00 - 03/04/2023 22:00:00","BZN|DK1","52.63","45.04","1.54","4.58"
"03/04/2023 22:00:00 - 03/04/2023 23:00:00","BZN|DK1","51.46","42.96","10.46","4.97"
"03/04/2023 23:00:00 - 04/04/2023 00:00:00","BZN|DK1","49.67","36.63","22.38","6.91"
"04/04/2023 00:00:00 - 04/04/2023 01:00:00","BZN|DK1","44.88","N/A","34.13","7.37"
"04/04/2023 01:00:00 - 04/04/2023 02:00:00","BZN|DK1","74.54","N/A","66.29","0.52"
"04/04/2023 02:00:00 - 04/04/2023 03:00:00","BZN|DK1","59.75","N/A","52.08","0.30"
"04/04/2023 03:00:00 - 04/04/2023 04:00:00","BZN|DK1","31.83","N/A","25.17","1.28"
"04/04/2023 04:00:00 - 04/04/2023 05:00:00","BZN|DK1","42.96","N/A","37.46","7.31"
"04/04/2023 05:00:00 - 04/04/2023 06:00:00","BZN|DK1","55.50","N/A","50.63","12.92"
"04/04/2023 06:00:00 - 04/04/2023 07:00:00","BZN|DK1","61.29","N/A","57.79","18.12"
"04/04/2023 07:00:00 - 04/04/2023 08:00:00","BZN|DK1","63.46","N/A","60.54","29.72"
"04/04/2023 08:00:00 - 04/04/2023 09:00:00","BZN|DK1","80.42","49.42","78.13","37.74"
"04/04/2023 09:00:00 - 04/04/2023 10:00:00","BZN|DK1","94.67","73.79","55.00","50.13"
"04/04/2023 10:00:00 - 04/04/2023 11:00:00","BZN|DK1","103.75","88.38","44.38","39.72"
"04/04/2023 11:00:00 - 04/04/2023 12:00:00","BZN|DK1","103.54","91.63","24.25","32.91"
"04/04/2023 12:00:00 - 04/04/2023 13:00:00","BZN|DK1","106.67","96.92","17.29","14.92"
"04/04/2023 13:00:00 - 04/04/2023 14:00:00","BZN|DK1","81.71","73.71","1.83","2.17"
"04/04/2023 14:00:00 - 04/04/2023 15:00:00","BZN|DK1","68.46","62.17","1.17","0.71"
"04/04/2023 15:00:00 - 04/04/2023 16:00:00","BZN|DK1","60.71","55.67","4.54","3.42"
"04/04/2023 16:00:00 - 04/04/2023 17:00:00","BZN|DK1","66.71","62.75","7.67","6.93"
"04/04/2023 17:00:00 - 04/04/2023 18:00:00","BZN|DK1","76.42","73.04","9.25","11.41"
"04/04/2023 18:00:00 - 04/04/2023 19:00:00","BZN|DK1","77.75","75.54","15.92","13.61"
"04/04/2023 19:00:00 - 04/04/2023 20:00:00","BZN|DK1","81.83","82.79","15.63","7.49"
"04/04/2023 20:00:00 - 04/04/2023 21:00:00","BZN|DK1","97.00","95.54","8.25","0.51"
"04/04/2023 21:00:00 - 04/04/2023 22:00:00","BZN|DK1","85.75","85.75","4.92","0.85"
"04/04/2023 22:00:00 - 04/04/2023 23:00:00","BZN|DK1","79.38","79.38","13.50","6.77"
"04/04/2023 23:00:00 - 05/04/2023 00:00:00","BZN|DK1","80.54","80.54","14.29","19.02"
"05/04/2023 00:00:00 - 05/04/2023 01:00:00","BZN|DK1","24.71","N/A","14.88","29.91"
"05/04/2023 01:00:00 - 05/04/2023 02:00:00","BZN|DK1","23.04","N/A","33.63","56.42"
"05/04/2023 02:00:00 - 05/04/2023 03:00:00","BZN|DK1","30.29","N/A","49.17","64.71"
"05/04/2023 03:00:00 - 05/04/2023 04:00:00","BZN|DK1","39.46","N/A","39.29","20.65"
"05/04/2023 04:00:00 - 05/04/2023 05:00:00","BZN|DK1","58.21","N/A","32.96","31.92"
"05/04/2023 05:00:00 - 05/04/2023 06:00:00","BZN|DK1","51.67","N/A","33.13","25.59"
"05/04/2023 06:00:00 - 05/04/2023 07:00:00","BZN|DK1","17.38","N/A","23.46","23.27"
"05/04/2023 07:00:00 - 05/04/2023 08:00:00","BZN|DK1","9.79","N/A","13.33","11.44"
"05/04/2023 08:00:00 - 05/04/2023 09:00:00","BZN|DK1","7.04","2.96","2.21","3.29"
"05/04/2023 09:00:00 - 05/04/2023 10:00:00","BZN|DK1","5.50","5.29","0.92","1.82"
"05/04/2023 10:00:00 - 05/04/2023 11:00:00","BZN|DK1","12.17","7.42","0.46","3.62"
"05/04/2023 11:00:00 - 05/04/2023 12:00:00","BZN|DK1","22.79","13.25","10.21","13.06"
"05/04/2023 12:00:00 - 05/04/2023 13:00:00","BZN|DK1","32.88","22.54","25.79","31.90"
"05/04/2023 13:00:00 - 05/04/2023 14:00:00","BZN|DK1","40.46","32.71","48.08","40.59"
"05/04/2023 14:00:00 - 05/04/2023 15:00:00","BZN|DK1","50.83","23.17","41.42","48.04"
"05/04/2023 15:00:00 - 05/04/2023 16:00:00","BZN|DK1","88.71","22.17","54.67","66.23"
"05/04/2023 16:00:00 - 05/04/2023 17:00:00","BZN|DK1","107.83","47.33","72.63","85.92"
"05/04/2023 17:00:00 - 05/04/2023 18:00:00","BZN|DK1","143.25","83.63","96.13","139.85"
"05/04/2023 18:00:00 - 05/04/2023 19:00:00","BZN|DK1","171.58","118.96","165.63","165.64"
"05/04/2023 19:00:00 - 05/04/2023 20:00:00","BZN|DK1","172.92","137.00","155.92","182.68"
"05/04/2023 20:00:00 - 05/04/2023 21:00:00","BZN|DK1","163.67","125.83","173.88","279.40"
"05/04/2023 21:00:00 - 05/04/2023 22:00:00","BZN|DK1","189.92","116.08","303.58","155.23"
"05/04/2023 22:00:00 - 05/04/2023 23:00:00","BZN|DK1","175.67","120.29","103.71","91.29"
"05/04/2023 23:00:00 - 06/04/2023 00:00:00","BZN|DK1","111.42","93.38","88.67","66.94"
"06/04/2023 00:00:00 - 06/04/2023 01:00:00","BZN|DK1","39.88","N/A","20.58","5.67"
"06/04/2023 01:00:00 - 06/04/2023 02:00:00","BZN|DK1","27.50","N/A","0.13","0.95"
"06/04/2023 02:00:00 - 06/04/2023 03:00:00","BZN|DK1","26.71","N/A","3.71","17.02"
"06/04/2023 03:00:00 - 06/04/2023 04:00:00","BZN|DK1","28.79","N/A","27.33","39.01"
"06/04/2023 04:00:00 - 06/04/2023 05:00:00","BZN|DK1","28.75","N/A","65.33","72.96"
"06/04/2023 05:00:00 - 06/04/2023 06:00:00","BZN|DK1","48.96","N/A","86.29","78.98"
"06/04/2023 06:00:00 - 06/04/2023 07:00:00","BZN|DK1","77.42","N/A","111.88","70.82"
"06/04/2023 07:00:00 - 06/04/2023 08:00:00","BZN|DK1","120.92","N/A","96.04","113.57"
"06/04/2023 08:00:00 - 06/04/2023 09:00:00","BZN|DK1","190.42","184.83","186.75","170.31"
"06/04/2023 09:00:00 - 06/04/2023 10:00:00","BZN|DK1","314.00","297.46","275.63","257.26"
"06/04/2023 10:00:00 - 06/04/2023 11:00:00","BZN|DK1","412.92","412.96","347.00","336.66"
"06/04/2023 11:00:00 - 06/04/2023 12:00:00","BZN|DK1","485.96","450.04","397.42","379.18"
"06/04/2023 12:00:00 - 06/04/2023 13:00:00","BZN|DK1","536.75","506.75","393.63","436.87"
"06/04/2023 13:00:00 - 06/04/2023 14:00:00","BZN|DK1","540.58","546.50","484.08","509.81"
"06/04/2023 14:00:00 - 06/04/2023 15:00:00","BZN|DK1","507.75","533.33","508.33","484.69"
"06/04/2023 15:00:00 - 06/04/2023 16:00:00","BZN|DK1","440.08","503.79","417.21","343.74"
"06/04/2023 16:00:00 - 06/04/2023 17:00:00","BZN|DK1","425.63","488.25","311.00","245.98"
"06/04/2023 17:00:00 - 06/04/2023 18:00:00","BZN|DK1","505.00","530.00","295.96","266.39"
"06/04/2023 18:00:00 - 06/04/2023 19:00:00","BZN|DK1","594.83","620.42","309.63","333.60"
"06/04/2023 19:00:00 - 06/04/2023 20:00:00","BZN|DK1","728.04","728.08","552.71","648.39"
"06/04/2023 20:00:00 - 06/04/2023 21:00:00","BZN|DK1","873.63","841.75","790.92","800.87"
"06/04/2023 21:00:00 - 06/04/2023 22:00:00","BZN|DK1","921.04","880.50","827.08","861.54"
"06/04/2023 22:00:00 - 06/04/2023 23:00:00","BZN|DK1","917.79","913.00","882.25","1017.57"
"06/04/2023 23:00:00 - 07/04/2023 00:00:00","BZN|DK1","906.71","919.79","1053.71","913.58"
"07/04/2023 00:00:00 - 07/04/2023 01:00:00","BZN|DK1","971.33","N/A","908.38","1105.49"
"07/04/2023 01:00:00 - 07/04/2023 02:00:00","BZN|DK1","961.67","N/A","1021.21","1045.06"
"07/04/2023 02:00:00 - 07/04/2023 03:00:00","BZN|DK1","913.79","N/A","926.63","986.82"
"07/04/2023 03:00:00 - 07/04/2023 04:00:00","BZN|DK1","872.25","N/A","892.83","978.22"
"07/04/2023 04:00:00 - 07/04/2023 05:00:00","BZN|DK1","783.17","N/A","839.00","928.29"
"07/04/2023 05:00:00 - 07/04/2023 06:00:00","BZN|DK1","730.75","N/A","820.54","918.54"
"07/04/2023 06:00:00 - 07/04/2023 07:00:00","BZN|DK1","710.58","N/A","844.17","936.27"
"07/04/2023 07:00:00 - 07/04/2023 08:00:00","BZN|DK1","728.88","N/A","867.17","880.54"
"07/04/2023 08:00:00 - 07/04/2023 09:00:00","BZN|DK1","682.00","796.71","798.38","830.75"
"07/04/2023 09:00:00 - 07/04/2023 10:00:00","BZN|DK1","594.08","720.79","753.88","765.80"
"07/04/2023 10:00:00 - 07/04/2023 11:00:00","BZN|DK1","641.75","694.92","693.75","647.97"
"07/04/2023 11:00:00 - 07/04/2023 12:00:00","BZN|DK1","549.88","569.13","503.79","497.96"
"07/04/2023 12:00:00 - 07/04/2023 13:00:00","BZN|DK1","472.88","462.46","427.29","484.49"
"07/04/2023 13:00:00 - 07/04/2023 14:00:00","BZN|DK1","406.54","391.42","422.00","405.52"
"07/04/2023 14:00:00 - 07/04/2023 15:00:00","BZN|DK1","344.67","373.92","312.13","328.18"
"07/04/2023 15:00:00 - 07/04/2023 16:00:00","BZN|DK1","316.63","376.75","304.79","316.42"
"07/04/2023 16:00:00 - 07/04/2023 17:00:00","BZN|DK1","321.42","372.54","244.04","236.14"
"07/04/2023 17:00:00 - 07/04/2023 18:00:00","BZN|DK1","360.13","357.13","215.88","270.94"
"07/04/2023 18:00:00 - 07/04/2023 19:00:00","BZN|DK1","345.83","340.88","265.00","318.84"
"07/04/2023 19:00:00 - 07/04/2023 20:00:00","BZN|DK1","391.63","367.46","361.71","322.33"
"07/04/2023 20:00:00 - 07/04/2023 21:00:00","BZN|DK1","481.92","421.83","353.08","347.23"
"07/04/2023 21:00:00 - 07/04/2023 22:00:00","BZN|DK1","380.67","396.88","357.92","391.01"
"07/04/2023 22:00:00 - 07/04/2023 23:00:00","BZN|DK1","267.13","402.13","371.88","334.62"
"07/04/2023 23:00:00 - 08/04/2023 00:00:00","BZN|DK1","216.50","416.17","242.21","254.09"
"08/04/2023 00:00:00 - 08/04/2023 01:00:00","BZN|DK1","310.25","N/A","225.50","264.77"
"08/04/2023 01:00:00 - 08/04/2023 02:00:00","BZN|DK1","256.96","N/A","226.04","187.66"
"08/04/2023 02:00:00 - 08/04/2023 03:00:00","BZN|DK1","253.00","N/A","164.54","132.21"
"08/04/2023 03:00:00 - 08/04/2023 04:00:00","BZN|DK1","272.79","N/A","129.42","81.49"
"08/04/2023 04:00:00 - 08/04/2023 05:00:00","BZN|DK1","228.79","N/A","88.88","82.58"
"08/04/2023 05:00:00 - 08/04/2023 06:00:00","BZN|DK1","199.08","N/A","116.88","111.18"
"08/04/2023 06:00:00 - 08/04/2023 07:00:00","BZN|DK1","231.13","N/A","157.25","126.90"
"08/04/2023 07:00:00 - 08/04/2023 08:00:00","BZN|DK1","287.21","N/A","160.96","125.75"
"08/04/2023 08:00:00 - 08/04/2023 09:00:00","BZN|DK1","290.25","166.21","160.29","132.94"
"08/04/2023 09:00:00 - 08/04/2023 10:00:00","BZN|DK1","244.29","160.46","118.75","161.63"
"08/04/2023 10:00:00 - 08/04/2023 11:00:00","BZN|DK1","240.42","155.83","119.92","121.93"
"08/04/2023 11:00:00 - 08/04/2023 12:00:00","BZN|DK1","205.83","126.33","96.88","103.44"
"08/04/2023 12:00:00 - 08/04/2023 13:00:00","BZN|DK1","175.00","101.29","90.17","82.12"
"08/04/2023 13:00:00 - 08/04/2023 14:00:00","BZN|DK1","150.50","69.04","49.46","67.28"
"08/04/2023 14:00:00 - 08/04/2023 15:00:00","BZN|DK1","113.21","70.67","60.71","50.15"
"08/04/2023 15:00:00 - 08/04/2023 16:00:00","BZN|DK1","119.46","89.33","43.13","28.76"
"08/04/2023 16:00:00 - 08/04/2023 17:00:00","BZN|DK1","153.29","102.63","51.21","39.72"
"08/04/2023 17:00:00 - 08/04/2023 18:00:00","BZN|DK1","193.29","106.54","45.63","58.02"
"08/04/2023 18:00:00 - 08/04/2023 19:00:00","BZN|DK1","202.75","116.63","51.33","48.91"
"08/04/2023 19:00:00 - 08/04/2023 20:00:00","BZN|DK1","201.50","121.33","51.29","56.13"
"08/04/2023 20:00:00 - 08/04/2023 21:00:00","BZN|DK1","273.63","136.71","55.46","66.91"
"08/04/2023 21:00:00 - 08/04/2023 22:00:00","BZN|DK1","320.67","157.79","73.04","65.04"
"08/04/2023 22:00:00 - 08/04/2023 23:00:00","BZN|DK1","313.54","203.71","87.25","118.55"
"08/04/2023 23:00:00 - 09/04/2023 00:00:00","BZN|DK1","242.33","241.13","170.50","102.57"
"09/04/2023 00:00:00 - 09/04/2023 01:00:00","BZN|DK1","256.00","N/A","135.88","97.69"
"09/04/2023 01:00:00 - 09/04/2023 02:00:00","BZN|DK1","142.83","N/A","56.71","72.89"
"09/04/2023 02:00:00 - 09/04/2023 03:00:00","BZN|DK1","104.46","N/A","55.96","102.09"
"09/04/2023 03:00:00 - 09/04/2023 04:00:00","BZN|DK1","89.88","N/A","111.71","88.49"
"09/04/2023 04:00:00 - 09/04/2023 05:00:00","BZN|DK1","85.75","N/A","102.08","82.19"
"09/04/2023 05:00:00 - 09/04/2023 06:00:00","BZN|DK1","66.88","N/A","111.46","116.74"
"09/04/2023 06:00:00 - 09/04/2023 07:00:00","BZN|DK1","46.88","N/A","88.38","125.72"
"09/04/2023 07:00:00 - 09/04/2023 08:00:00","BZN|DK1","49.50","N/A","130.63","149.07"
"09/04/2023 08:00:00 - 09/04/2023 09:00:00","BZN|DK1","59.88","128.92","131.00","133.66"
"09/04/2023 09:00:00 - 09/04/2023 10:00:00","BZN|DK1","76.29","100.92","94.75","77.24"
"09/04/2023 10:00:00 - 09/04/2023 11:00:00","BZN|DK1","74.88","103.58","95.75","65.92"
"09/04/2023 11:00:00 - 09/04/2023 12:00:00","BZN|DK1","84.58","100.71","70.67","54.82"
"09/04/2023 12:00:00 - 09/04/2023 13:00:00","BZN|DK1","81.13","86.08","46.46","61.13"
"09/04/2023 13:00:00 - 09/04/2023 14:00:00","BZN|DK1","64.33","69.42","62.46","54.95"
"09/04/2023 14:00:00 - 09/04/2023 15:00:00","BZN|DK1","63.42","62.58","68.92","74.18"
"09/04/2023 15:00:00 - 09/04/2023 16:00:00","BZN|DK1","50.50","51.25","84.54","109.04"
"09/04/2023 16:00:00 - 09/04/2023 17:00:00","BZN|DK1","28.08","45.71","114.96","86.83"
"09/04/2023 17:00:00 - 09/04/2023 18:00:00","BZN|DK1","29.46","51.71","67.13","33.84"
"09/04/2023 18:00:00 - 09/04/2023 19:00:00","BZN|DK1","33.00","47.58","6.21","12.63"
"09/04/2023 19:00:00 - 09/04/2023 20:00:00","BZN|DK1","30.08","44.46","14.58","32.86"
"09/04/2023 20:00:00 - 09/04/2023 21:00:00","BZN|DK1","54.21","69.58","72.04","68.51"
"09/04/2023 21:00:00 - 09/04/2023 22:00:00","BZN|DK1","141.04","135.88","166.50","191.78"
"09/04/2023 22:00:00 - 09/04/2023 23:00:00","BZN|DK1","305.38","266.54","313.04","412.35"
"09/04/2023 23:00:00 - 10/04/2023 00:00:00","BZN|DK1","495.04","420.75","488.17","490.19"
"10/04/2023 00:00:00 - 10/04/2023 01:00:00","BZN|DK1","671.63","N/A","638.83","678.35"
"10/04/2023 01:00:00 - 10/04/2023 02:00:00","BZN|DK1","736.29","N/A","692.63","696.68"
"10/04/2023 02:00:00 - 10/04/2023 03:00:00","BZN|DK1","784.42","N/A","703.25","737.06"
"10/04/2023 03:00:00 - 10/04/2023 04:00:00","BZN|DK1","791.83","N/A","768.29","828.74"
"10/04/2023 04:00:00 - 10/04/2023 05:00:00","BZN|DK1","761.83","N/A","876.00","923.69"
"10/04/2023 05:00:00 - 10/04/2023 06:00:00","BZN|DK1","740.46","N/A","892.13","942.74"
"10/04/2023 06:00:00 - 10/04/2023 07:00:00","BZN|DK1","792.42","N/A","984.25","1002.00"
"10/04/2023 07:00:00 - 10/04/2023 08:00:00","BZN|DK1","880.67","N/A","1037.38","1062.29"
"10/04/2023 08:00:00 - 10/04/2023 09:00:00","BZN|DK1","946.46","1071.29","1057.71","987.57"
"10/04/2023 09:00:00 - 10/04/2023 10:00:00","BZN|DK1","977.08","1069.67","990.08","1058.05"
"10/04/2023 10:00:00 - 10/04/2023 11:00:00","BZN|DK1","1011.71","1110.13","1071.17","1027.10"
"10/04/2023 11:00:00 - 10/04/2023 12:00:00","BZN|DK1","999.00","1087.17","1003.46","891.47"
"10/04/2023 12:00:00 - 10/04/2023 13:00:00","BZN|DK1","1024.50","1084.96","893.21","43.18"
"10/04/2023 13:00:00 - 10/04/2023 14:00:00","BZN|DK1","1018.71","1054.54","155.25","38.51"
"10/04/2023 14:00:00 - 10/04/2023 15:00:00","BZN|DK1","1025.38","1055.75","198.50","39.69"
"10/04/2023 15:00:00 - 10/04/2023 16:00:00","BZN|DK1","991.92","1040.88","182.58","48.08"
"10/04/2023 16:00:00 - 10/04/2023 17:00:00","BZN|DK1","1007.71","1046.29","216.42","99.45"
"10/04/2023 17:00:00 - 10/04/2023 18:00:00","BZN|DK1","1044.38","1074.25","215.38","1086.71"
"10/04/2023 18:00:00 - 10/04/2023 19:00:00","BZN|DK1","1061.75","1085.29","1099.92","1184.43"
"10/04/2023 19:00:00 - 10/04/2023 20:00:00","BZN|DK1","1056.21","1086.33","1108.67","1181.34"
"10/04/2023 20:00:00 - 10/04/2023 21:00:00","BZN|DK1","1062.96","1083.96","1125.13","1134.35"
"10/04/2023 21:00:00 - 10/04/2023 22:00:00","BZN|DK1","1066.67","1072.63","1126.75","1107.45"
"10/04/2023 22:00:00 - 10/04/2023 23:00:00","BZN|DK1","1073.71","1056.08","1086.08","1179.30"
"10/04/2023 23:00:00 - 11/04/2023 00:00:00","BZN|DK1","1063.54","1060.67","1101.25","1157.83"
"11/04/2023 00:00:00 - 11/04/2023 01:00:00","BZN|DK1","N/A","N/A","1102.29","1095.71"
"11/04/2023 01:00:00 - 11/04/2023 02:00:00","BZN|DK1","N/A","N/A","1057.00","1031.99"
"11/04/2023 02:00:00 - 11/04/2023 03:00:00","BZN|DK1","N/A","N/A","973.83","944.61"
"11/04/2023 03:00:00 - 11/04/2023 04:00:00","BZN|DK1","N/A","N/A","912.04","851.35"
"11/04/2023 04:00:00 - 11/04/2023 05:00:00","BZN|DK1","N/A","N/A","852.67","963.10"
"11/04/2023 05:00:00 - 11/04/2023 06:00:00","BZN|DK1","N/A","N/A","846.46","719.03"
"11/04/2023 06:00:00 - 11/04/2023 07:00:00","BZN|DK1","N/A","N/A","740.38","758.58"
"11/04/2023 07:00:00 - 11/04/2023 08:00:00","BZN|DK1","N/A","N/A","770.04","739.48"
"11/04/2023 08:00:00 - 11/04/2023 09:00:00","BZN|DK1","N/A","N/A","644.00","653.38"
"11/04/2023 09:00:00 - 11/04/2023 10:00:00","BZN|DK1","N/A","N/A","535.25","627.80"
"11/04/2023 10:00:00 - 11/04/2023 11:00:00","BZN|DK1","N/A","N/A","628.38","619.04"
"11/04/2023 11:00:00 - 11/04/2023 12:00:00","BZN|DK1","N/A","N/A","511.50","529.05"
"11/04/2023 12:00:00 - 11/04/2023 13:00:00","BZN|DK1","N/A","N/A","498.17","461.25"
"11/04/2023 13:00:00 - 11/04/2023 14:00:00","BZN|DK1","N/A","N/A","476.63","499.92"
"11/04/2023 14:00:00 - 11/04/2023 15:00:00","BZN|DK1","N/A","N/A","467.29","470.31"
"11/04/2023 15:00:00 - 11/04/2023 16:00:00","BZN|DK1","N/A","N/A","446.71","414.45"
"11/04/2023 16:00:00 - 11/04/2023 17:00:00","BZN|DK1","N/A","N/A","405.88","461.49"
"11/04/2023 17:00:00 - 11/04/2023 18:00:00","BZN|DK1","N/A","N/A","442.33","472.14"
"11/04/2023 18:00:00 - 11/04/2023 19:00:00","BZN|DK1","N/A","N/A","403.88","353.56"
"11/04/2023 19:00:00 - 11/04/2023 20:00:00","BZN|DK1","N/A","N/A","273.88","319.76"
"11/04/2023 20:00:00 - 11/04/2023 21:00:00","BZN|DK1","N/A","N/A","287.79","235.32"
"11/04/2023 21:00:00 - 11/04/2023 22:00:00","BZN|DK1","N/A","N/A","250.92","230.05"
"11/04/2023 22:00:00 - 11/04/2023 23:00:00","BZN|DK1","N/A","N/A","264.29","256.50"
"11/04/2023 23:00:00 - 12/04/2023 00:00:00","BZN|DK1","N/A","N/A","222.13","304.16"
"12/04/2023 00:00:00 - 12/04/2023 01:00:00","BZN|DK1","387.75","N/A","342.08","393.55"
"12/04/2023 01:00:00 - 12/04/2023 02:00:00","BZN|DK1","429.13","N/A","453.21","384.94"
"12/04/2023 02:00:00 - 12/04/2023 03:00:00","BZN|DK1","542.08","N/A","435.25","445.46"
"12/04/2023 03:00:00 - 12/04/2023 04:00:00","BZN|DK1","665.67","N/A","603.46","601.58"
"12/04/2023 04:00:00 - 12/04/2023 05:00:00","BZN|DK1","660.63","N/A","639.00","669.97"
"12/04/2023 05:00:00 - 12/04/2023 06:00:00","BZN|DK1","657.42","N/A","678.33","681.42"
"12/04/2023 06:00:00 - 12/04/2023 07:00:00","BZN|DK1","715.13","N/A","723.79","638.32"
"12/04/2023 07:00:00 - 12/04/2023 08:00:00","BZN|DK1","821.46","N/A","714.25","825.56"
"12/04/2023 08:00:00 - 12/04/2023 09:00:00","BZN|DK1","889.08","831.83","820.88","902.45"
"12/04/2023 09:00:00 - 12/04/2023 10:00:00","BZN|DK1","935.71","879.00","914.00","966.72"
"12/04/2023 10:00:00 - 12/04/2023 11:00:00","BZN|DK1","981.38","937.88","899.00","1010.26"
"12/04/2023 11:00:00 - 12/04/2023 12:00:00","BZN|DK1","950.54","921.42","924.21","1005.31"
"12/04/2023 12:00:00 - 12/04/2023 13:00:00","BZN|DK1","969.00","932.08","925.92","896.88"
"12/04/2023 13:00:00 - 12/04/2023 14:00:00","BZN|DK1","920.92","910.79","825.63","1066.61"
"12/04/2023 14:00:00 - 12/04/2023 15:00:00","BZN|DK1","772.75","931.21","1056.96","1114.42"
"12/04/2023 15:00:00 - 12/04/2023 16:00:00","BZN|DK1","592.58","924.83","971.25","1044.43"
"12/04/2023 16:00:00 - 12/04/2023 17:00:00","BZN|DK1","575.46","829.38","920.58","1098.22"
"12/04/2023 17:00:00 - 12/04/2023 18:00:00","BZN|DK1","580.33","707.79","919.00","1076.87"
"12/04/2023 18:00:00 - 12/04/2023 19:00:00","BZN|DK1","620.42","595.17","848.42","938.04"
"12/04/2023 19:00:00 - 12/04/2023 20:00:00","BZN|DK1","657.96","488.00","765.08","774.72"
"12/04/2023 20:00:00 - 12/04/2023 21:00:00","BZN|DK1","599.50","441.83","610.88","647.61"
"12/04/2023 21:00:00 - 12/04/2023 22:00:00","BZN|DK1","579.58","436.58","559.08","575.90"
"12/04/2023 22:00:00 - 12/04/2023 23:00:00","BZN|DK1","635.79","427.13","446.38","497.13"
"12/04/2023 23:00:00 - 13/04/2023 00:00:00","BZN|DK1","652.08","434.67","433.38","445.70"
"13/04/2023 00:00:00 - 13/04/2023 01:00:00","BZN|DK1","449.08","N/A","404.79","443.10"
"13/04/2023 01:00:00 - 13/04/2023 02:00:00","BZN|DK1","455.75","N/A","401.88","445.59"
"13/04/2023 02:00:00 - 13/04/2023 03:00:00","BZN|DK1","437.38","N/A","397.63","444.14"
"13/04/2023 03:00:00 - 13/04/2023 04:00:00","BZN|DK1","469.42","N/A","453.92","457.14"
"13/04/2023 04:00:00 - 13/04/2023 05:00:00","BZN|DK1","514.88","N/A","495.75","479.85"
"13/04/2023 05:00:00 - 13/04/2023 06:00:00","BZN|DK1","576.08","N/A","555.08","504.77"
"13/04/2023 06:00:00 - 13/04/2023 07:00:00","BZN|DK1","698.83","N/A","610.42","549.90"
"13/04/2023 07:00:00 - 13/04/2023 08:00:00","BZN|DK1","780.00","N/A","654.88","604.83"
"13/04/2023 08:00:00 - 13/04/2023 09:00:00","BZN|DK1","845.79","778.46","776.42","821.84"
"13/04/2023 09:00:00 - 13/04/2023 10:00:00","BZN|DK1","828.13","842.67","813.25","774.03"
"13/04/2023 10:00:00 - 13/04/2023 11:00:00","BZN|DK1","788.79","750.33","756.33","757.63"
"13/04/2023 11:00:00 - 13/04/2023 12:00:00","BZN|DK1","670.00","711.75","744.04","809.39"
"13/04/2023 12:00:00 - 13/04/2023 13:00:00","BZN|DK1","594.42","732.21","819.04","794.14"
"13/04/2023 13:00:00 - 13/04/2023 14:00:00","BZN|DK1","588.25","716.42","809.29","934.00"
"13/04/2023 14:00:00 - 13/04/2023 15:00:00","BZN|DK1","671.00","802.88","973.29","1043.89"
"13/04/2023 15:00:00 - 13/04/2023 16:00:00","BZN|DK1","683.54","850.83","970.13","1011.17"
"13/04/2023 16:00:00 - 13/04/2023 17:00:00","BZN|DK1","737.21","893.33","956.46","980.31"
"13/04/2023 17:00:00 - 13/04/2023 18:00:00","BZN|DK1","808.50","888.08","916.50","816.17"
"13/04/2023 18:00:00 - 13/04/2023 19:00:00","BZN|DK1","899.67","854.96","831.67","637.57"
"13/04/2023 19:00:00 - 13/04/2023 20:00:00","BZN|DK1","943.08","876.46","765.17","983.84"
"13/04/2023 20:00:00 - 13/04/2023 21:00:00","BZN|DK1","895.50","888.50","947.96","875.66"
"13/04/2023 21:00:00 - 13/04/2023 22:00:00","BZN|DK1","839.75","854.00","844.75","1018.62"
"13/04/2023 22:00:00 - 13/04/2023 23:00:00","BZN|DK1","773.04","790.17","1018.75","1029.37"
"13/04/2023 23:00:00 - 14/04/2023 00:00:00","BZN|DK1","742.33","761.00","991.96","998.00"
"14/04/2023 00:00:00 - 14/04/2023 01:00:00","BZN|DK1","777.50","N/A","879.33","857.32"
"14/04/2023 01:00:00 - 14/04/2023 02:00:00","BZN|DK1","678.83","N/A","750.29","793.90"
"14/04/2023 02:00:00 - 14/04/2023 03:00:00","BZN|DK1","589.46","N/A","666.63","714.91"
"14/04/2023 03:00:00 - 14/04/2023 04:00:00","BZN|DK1","531.58","N/A","587.96","601.84"
"14/04/2023 04:00:00 - 14/04/2023 05:00:00","BZN|DK1","440.17","N/A","479.33","473.64"
"14/04/2023 05:00:00 - 14/04/2023 06:00:00","BZN|DK1","366.88","N/A","396.21","403.27"
"14/04/2023 06:00:00 - 14/04/2023 07:00:00","BZN|DK1","367.83","N/A","372.42","329.09"
"14/04/2023 07:00:00 - 14/04/2023 08:00:00","BZN|DK1","341.08","N/A","310.38","358.36"
"14/04/2023 08:00:00 - 14/04/2023 09:00:00","BZN|DK1","267.96","331.63","333.04","351.72"
"14/04/2023 09:00:00 - 14/04/2023 10:00:00","BZN|DK1","225.21","277.50","287.96","303.49"
"14/04/2023 10:00:00 - 14/04/2023 11:00:00","BZN|DK1","217.83","250.38","259.46","225.99"
"14/04/2023 11:00:00 - 14/04/2023 12:00:00","BZN|DK1","148.50","187.50","171.83","140.83"
"14/04/2023 12:00:00 - 14/04/2023 13:00:00","BZN|DK1","121.50","151.92","100.50","132.52"
"14/04/2023 13:00:00 - 14/04/2023 14:00:00","BZN|DK1","100.08","94.29","89.08","107.10"
"14/04/2023 14:00:00 - 14/04/2023 15:00:00","BZN|DK1","88.17","48.00","68.04","53.82"
"14/04/2023 15:00:00 - 14/04/2023 16:00:00","BZN|DK1","91.54","50.04","42.04","25.06"
"14/04/2023 16:00:00 - 14/04/2023 17:00:00","BZN|DK1","88.33","66.04","54.13","33.31"
"14/04/2023 17:00:00 - 14/04/2023 18:00:00","BZN|DK1","102.88","83.96","54.13","38.27"
"14/04/2023 18:00:00 - 14/04/2023 19:00:00","BZN|DK1","114.04","122.79","20.71","71.29"
"14/04/2023 19:00:00 - 14/04/2023 20:00:00","BZN|DK1","124.13","194.79","140.92","176.86"
"14/04/2023 20:00:00 - 14/04/2023 21:00:00","BZN|DK1","142.50","192.96","206.67","260.36"
"14/04/2023 21:00:00 - 14/04/2023 22:00:00","BZN|DK1","209.83","190.54","262.88","264.90"
"14/04/2023 22:00:00 - 14/04/2023 23:00:00","BZN|DK1","245.88","243.42","299.88","241.26"
"14/04/2023 23:00:00 - 15/04/2023 00:00:00","BZN|DK1","256.96","236.46","180.00","151.02"
"15/04/2023 00:00:00 - 15/04/2023 01:00:00","BZN|DK1","317.13","N/A","192.00","397.08"
"15/04/2023 01:00:00 - 15/04/2023 02:00:00","BZN|DK1","269.33","N/A","361.00","433.58"
"15/04/2023 02:00:00 - 15/04/2023 03:00:00","BZN|DK1","317.71","N/A","437.75","413.67"
"15/04/2023 03:00:00 - 15/04/2023 04:00:00","BZN|DK1","420.04","N/A","470.04","504.94"
"15/04/2023 04:00:00 - 15/04/2023 05:00:00","BZN|DK1","565.96","N/A","593.25","590.98"
"15/04/2023 05:00:00 - 15/04/2023 06:00:00","BZN|DK1","664.04","N/A","664.04","718.91"
"15/04/2023 06:00:00 - 15/04/2023 07:00:00","BZN|DK1","679.33","N/A","774.79","767.86"
"15/04/2023 07:00:00 - 15/04/2023 08:00:00","BZN|DK1","717.17","N/A","825.50","733.30"
"15/04/2023 08:00:00 - 15/04/2023 09:00:00","BZN|DK1","795.04","720.46","712.83","676.32"
"15/04/2023 09:00:00 - 15/04/2023 10:00:00","BZN|DK1","764.42","661.58","619.38","611.42"
"15/04/2023 10:00:00 - 15/04/2023 11:00:00","BZN|DK1","794.42","621.58","545.13","636.73"
"15/04/2023 11:00:00 - 15/04/2023 12:00:00","BZN|DK1","665.79","480.67","547.08","586.59"
"15/04/2023 12:00:00 - 15/04/2023 13:00:00","BZN|DK1","551.96","392.96","486.92","373.55"
"15/04/2023 13:00:00 - 15/04/2023 14:00:00","BZN|DK1","413.38","314.33","265.96","314.82"
"15/04/2023 14:00:00 - 15/04/2023 15:00:00","BZN|DK1","362.17","306.46","249.42","235.49"
"15/04/2023 15:00:00 - 15/04/2023 16:00:00","BZN|DK1","365.04","305.67","188.25","176.17"
"15/04/2023 16:00:00 - 15/04/2023 17:00:00","BZN|DK1","363.17","289.38","184.42","142.92"
"15/04/2023 17:00:00 - 15/04/2023 18:00:00","BZN|DK1","339.00","272.58","137.00","150.31"
"15/04/2023 18:00:00 - 15/04/2023 19:00:00","BZN|DK1","286.92","308.38","172.29","145.98"
"15/04/2023 19:00:00 - 15/04/2023 20:00:00","BZN|DK1","268.38","359.71","157.13","134.21"
"15/04/2023 20:00:00 - 15/04/2023 21:00:00","BZN|DK1","286.33","363.79","124.04","77.81"
"15/04/2023 21:00:00 - 15/04/2023 22:00:00","BZN|DK1","300.46","325.92","127.13","39.01"
"15/04/2023 22:00:00 - 15/04/2023 23:00:00","BZN|DK1","333.13","314.71","48.79","126.91"
"15/04/2023 23:00:00 - 16/04/2023 00:00:00","BZN|DK1","360.54","283.79","165.29","206.36"
"16/04/2023 00:00:00 - 16/04/2023 01:00:00","BZN|DK1","142.42","N/A","185.50","133.17"
"16/04/2023 01:00:00 - 16/04/2023 02:00:00","BZN|DK1","155.96","N/A","75.67","76.83"
"16/04/2023 02:00:00 - 16/04/2023 03:00:00","BZN|DK1","172.75","N/A","92.71","82.55"
"16/04/2023 03:00:00 - 16/04/2023 04:00:00","BZN|DK1","159.50","N/A","68.63","84.34"
"16/04/2023 04:00:00 - 16/04/2023 05:00:00","BZN|DK1","142.33","N/A","100.21","111.27"
"16/04/2023 05:00:00 - 16/04/2023 06:00:00","BZN|DK1","128.54","N/A","88.54","106.12"
"16/04/2023 06:00:00 - 16/04/2023 07:00:00","BZN|DK1","113.17","N/A","69.67","78.05"
"16/04/2023 07:00:00 - 16/04/2023 08:00:00","BZN|DK1","126.17","N/A","68.71","85.85"
"16/04/2023 08:00:00 - 16/04/2023 09:00:00","BZN|DK1","120.17","88.25","89.96","92.27"
"16/04/2023 09:00:00 - 16/04/2023 10:00:00","BZN|DK1","101.46","73.29","68.29","80.03"
"16/04/2023 10:00:00 - 16/04/2023 11:00:00","BZN|DK1","81.13","72.17","74.63","60.46"
"16/04/2023 11:00:00 - 16/04/2023 12:00:00","BZN|DK1","90.50","66.63","54.00","33.94"
"16/04/2023 12:00:00 - 16/04/2023 13:00:00","BZN|DK1","107.42","64.08","29.92","23.58"
"16/04/2023 13:00:00 - 16/04/2023 14:00:00","BZN|DK1","102.67","67.33","29.42","12.69"
"16/04/2023 14:00:00 - 16/04/2023 15:00:00","BZN|DK1","76.75","75.17","19.46","11.07"
"16/04/2023 15:00:00 - 16/04/2023 16:00:00","BZN|DK1","96.67","89.00","31.96","35.89"
"16/04/2023 16:00:00 - 16/04/2023 17:00:00","BZN|DK1","189.38","120.50","60.46","32.98"
"16/04/2023 17:00:00 - 16/04/2023 18:00:00","BZN|DK1","221.21","174.25","71.67","86.31"
"16/04/2023 18:00:00 - 16/04/2023 19:00:00","BZN|DK1","202.54","207.00","128.79","127.97"
"16/04/2023 19:00:00 - 16/04/2023 20:00:00","BZN|DK1","235.46","253.13","158.71","137.19"
"16/04/2023 20:00:00 - 16/04/2023 21:00:00","BZN|DK1","299.33","274.33","185.88","211.80"
"16/04/2023 21:00:00 - 16/04/2023 22:00:00","BZN|DK1","307.21","269.88","268.67","298.36"
"16/04/2023 22:00:00 - 16/04/2023 23:00:00","BZN|DK1","285.54","286.79","331.67","375.71"
"16/04/2023 23:00:00 - 17/04/2023 00:00:00","BZN|DK1","298.71","313.67","388.50","376.94"
"17/04/2023 00:00:00 - 17/04/2023 01:00:00","BZN|DK1","308.92","N/A","319.29","317.70"
"17/04/2023 01:00:00 - 17/04/2023 02:00:00","BZN|DK1","251.54","N/A","299.71","325.77"
"17/04/2023 02:00:00 - 17/04/2023 03:00:00","BZN|DK1","253.33","N/A","273.67","256.15"
"17/04/2023 03:00:00 - 17/04/2023 04:00:00","BZN|DK1","238.67","N/A","183.83","199.99"
"17/04/2023 04:00:00 - 17/04/2023 05:00:00","BZN|DK1","169.13","N/A","191.04","163.29"
"17/04/2023 05:00:00 - 17/04/2023 06:00:00","BZN|DK1","116.29","N/A","82.04","90.72"
"17/04/2023 06:00:00 - 17/04/2023 07:00:00","BZN|DK1","110.79","N/A","106.96","99.63"
"17/04/2023 07:00:00 - 17/04/2023 08:00:00","BZN|DK1","135.08","N/A","133.04","142.34"
"17/04/2023 08:00:00 - 17/04/2023 09:00:00","BZN|DK1","172.25","188.75","189.17","189.22"
"17/04/2023 09:00:00 - 17/04/2023 10:00:00","BZN|DK1","195.92","209.04","197.04","165.20"
"17/04/2023 10:00:00 - 17/04/2023 11:00:00","BZN|DK1","207.75","220.92","172.25","213.70"
"17/04/2023 11:00:00 - 17/04/2023 12:00:00","BZN|DK1","216.33","213.71","241.42","293.36"
"17/04/2023 12:00:00 - 17/04/2023 13:00:00","BZN|DK1","222.54","191.96","257.67","217.07"
"17/04/2023 13:00:00 - 17/04/2023 14:00:00","BZN|DK1","204.21","190.50","176.50","156.93"
"17/04/2023 14:00:00 - 17/04/2023 15:00:00","BZN|DK1","164.00","182.04","119.67","106.69"
"17/04/2023 15:00:00 - 17/04/2023 16:00:00","BZN|DK1","183.71","177.58","132.00","112.07"
"17/04/2023 16:00:00 - 17/04/2023 17:00:00","BZN|DK1","274.83","225.42","188.00","177.92"
"17/04/2023 17:00:00 - 17/04/2023 18:00:00","BZN|DK1","353.13","297.25","230.71","243.09"
"17/04/2023 18:00:00 - 17/04/2023 19:00:00","BZN|DK1","346.92","295.88","235.21","275.08"
"17/04/2023 19:00:00 - 17/04/2023 20:00:00","BZN|DK1","396.63","329.75","245.38","283.76"
"17/04/2023 20:00:00 - 17/04/2023 21:00:00","BZN|DK1","496.08","395.21","364.63","281.36"
"17/04/2023 21:00:00 - 17/04/2023 22:00:00","BZN|DK1","568.88","461.58","356.42","288.24"
"17/04/2023 22:00:00 - 17/04/2023 23:00:00","BZN|DK1","547.25","514.71","248.50","272.23"
"17/04/2023 23:00:00 - 18/04/2023 00:00:00","BZN|DK1","463.13","491.50","301.29","417.60"
"18/04/2023 00:00:00 - 18/04/2023 01:00:00","BZN|DK1","429.08","N/A","485.00","522.03"
"18/04/2023 01:00:00 - 18/04/2023 02:00:00","BZN|DK1","308.38","N/A","429.83","399.06"
"18/04/2023 02:00:00 - 18/04/2023 03:00:00","BZN|DK1","271.54","N/A","262.88","176.18"
"18/04/2023 03:00:00 - 18/04/2023 04:00:00","BZN|DK1","291.38","N/A","149.13","157.63"
"18/04/2023 04:00:00 - 18/04/2023 05:00:00","BZN|DK1","352.00","N/A","195.50","191.65"
"18/04/2023 05:00:00 - 18/04/2023 06:00:00","BZN|DK1","420.42","N/A","211.67","201.33"
"18/04/2023 06:00:00 - 18/04/2023 07:00:00","BZN|DK1","500.67","N/A","224.58","233.57"
"18/04/2023 07:00:00 - 18/04/2023 08:00:00","BZN|DK1","632.63","N/A","281.75","238.66"
"18/04/2023 08:00:00 - 18/04/2023 09:00:00","BZN|DK1","605.71","282.46","274.17","321.58"
"18/04/2023 09:00:00 - 18/04/2023 10:00:00","BZN|DK1","453.75","277.58","329.54","354.25"
"18/04/2023 10:00:00 - 18/04/2023 11:00:00","BZN|DK1","395.21","267.88","303.29","295.72"
"18/04/2023 11:00:00 - 18/04/2023 12:00:00","BZN|DK1","387.96","258.38","273.00","280.69"
"18/04/2023 12:00:00 - 18/04/2023 13:00:00","BZN|DK1","392.38","255.38","251.29","311.84"
"18/04/2023 13:00:00 - 18/04/2023 14:00:00","BZN|DK1","353.50","276.88","297.83","313.62"
"18/04/2023 14:00:00 - 18/04/2023 15:00:00","BZN|DK1","348.92","280.04","311.58","350.73"
"18/04/2023 15:00:00 - 18/04/2023 16:00:00","BZN|DK1","398.33","372.83","399.13","507.41"
"18/04/2023 16:00:00 - 18/04/2023 17:00:00","BZN|DK1","432.54","435.25","576.38","676.82"
"18/04/2023 17:00:00 - 18/04/2023 18:00:00","BZN|DK1","439.13","548.71","656.54","766.93"
"18/04/2023 18:00:00 - 18/04/2023 19:00:00","BZN|DK1","498.92","629.13","735.88","827.95"
"18/04/2023 19:00:00 - 18/04/2023 20:00:00","BZN|DK1","610.71","671.67","774.25","918.35"
"18/04/2023 20:00:00 - 18/04/2023 21:00:00","BZN|DK1","623.92","625.58","805.42","835.68"
"18/04/2023 21:00:00 - 18/04/2023 22:00:00","BZN|DK1","530.21","562.00","691.29","738.71"
"18/04/2023 22:00:00 - 18/04/2023 23:00:00","BZN|DK1","480.79","520.04","683.04","763.24"
"18/04/2023 23:00:00 - 19/04/2023 00:00:00","BZN|DK1","434.71","507.58","698.54","667.94"
"19/04/2023 00:00:00 - 19/04/2023 01:00:00","BZN|DK1","434.08","N/A","511.67","340.90"
"19/04/2023 01:00:00 - 19/04/2023 02:00:00","BZN|DK1","419.83","N/A","301.00","301.86"
"19/04/2023 02:00:00 - 19/04/2023 03:00:00","BZN|DK1","457.50","N/A","301.38","283.06"
"19/04/2023 03:00:00 - 19/04/2023 04:00:00","BZN|DK1","538.50","N/A","279.88","201.35"
"19/04/2023 04:00:00 - 19/04/2023 05:00:00","BZN|DK1","450.04","N/A","102.71","35.20"
"19/04/2023 05:00:00 - 19/04/2023 06:00:00","BZN|DK1","298.71","N/A","70.92","26.76"
"19/04/2023 06:00:00 - 19/04/2023 07:00:00","BZN|DK1","263.92","N/A","59.58","63.74"
"19/04/2023 07:00:00 - 19/04/2023 08:00:00","BZN|DK1","340.21","N/A","128.50","167.84"
"19/04/2023 08:00:00 - 19/04/2023 09:00:00","BZN|DK1","451.88","241.33","246.88","265.94"
"19/04/2023 09:00:00 - 19/04/2023 10:00:00","BZN|DK1","501.13","346.83","365.96","172.87"
"19/04/2023 10:00:00 - 19/04/2023 11:00:00","BZN|DK1","576.13","455.54","239.38","208.36"
"19/04/2023 11:00:00 - 19/04/2023 12:00:00","BZN|DK1","578.58","513.17","337.83","162.23"
"19/04/2023 12:00:00 - 19/04/2023 13:00:00","BZN|DK1","572.21","525.83","207.38","356.27"
"19/04/2023 13:00:00 - 19/04/2023 14:00:00","BZN|DK1","531.46","488.96","389.75","541.29"
"19/04/2023 14:00:00 - 19/04/2023 15:00:00","BZN|DK1","569.29","497.50","455.17","524.52"
"19/04/2023 15:00:00 - 19/04/2023 16:00:00","BZN|DK1","645.33","578.21","523.04","614.17"
"19/04/2023 16:00:00 - 19/04/2023 17:00:00","BZN|DK1","681.92","619.21","547.83","473.04"
"19/04/2023 17:00:00 - 19/04/2023 18:00:00","BZN|DK1","694.08","666.08","598.75","593.55"
"19/04/2023 18:00:00 - 19/04/2023 19:00:00","BZN|DK1","665.67","674.54","606.88","681.78"
"19/04/2023 19:00:00 - 19/04/2023 20:00:00","BZN|DK1","718.50","723.63","699.33","701.44"
"19/04/2023 20:00:00 - 19/04/2023 21:00:00","BZN|DK1","764.63","751.67","719.58","919.29"
"19/04/2023 21:00:00 - 19/04/2023 22:00:00","BZN|DK1","766.54","774.04","819.38","818.09"
"19/04/2023 22:00:00 - 19/04/2023 23:00:00","BZN|DK1","760.92","797.92","749.29","682.82"
"19/04/2023 23:00:00 - 20/04/2023 00:00:00","BZN|DK1","781.08","825.46","626.21","599.93"
"20/04/2023 00:00:00 - 20/04/2023 01:00:00","BZN|DK1","753.63","N/A","634.54","691.45"
"20/04/2023 01:00:00 - 20/04/2023 02:00:00","BZN|DK1","769.88","N/A","729.83","651.04"
"20/04/2023 02:00:00 - 20/04/2023 03:00:00","BZN|DK1","761.63","N/A","639.17","821.84"
"20/04/2023 03:00:00 - 20/04/2023 04:00:00","BZN|DK1","793.08","N/A","749.54","531.68"
"20/04/2023 04:00:00 - 20/04/2023 05:00:00","BZN|DK1","813.38","N/A","576.71","663.13"
"20/04/2023 05:00:00 - 20/04/2023 06:00:00","BZN|DK1","847.46","N/A","747.33","764.10"
"20/04/2023 06:00:00 - 20/04/2023 07:00:00","BZN|DK1","894.83","N/A","834.13","728.06"
"20/04/2023 07:00:00 - 20/04/2023 08:00:00","BZN|DK1","943.13","N/A","746.79","833.71"
"20/04/2023 08:00:00 - 20/04/2023 09:00:00","BZN|DK1","954.83","843.88","891.25","952.81"
"20/04/2023 09:00:00 - 20/04/2023 10:00:00","BZN|DK1","900.29","825.13","877.08","963.37"
"20/04/2023 10:00:00 - 20/04/2023 11:00:00","BZN|DK1","903.33","887.42","886.83","960.93"
"20/04/2023 11:00:00 - 20/04/2023 12:00:00","BZN|DK1","817.46","789.96","862.17","945.04"
"20/04/2023 12:00:00 - 20/04/2023 13:00:00","BZN|DK1","762.75","720.50","836.25","907.43"
"20/04/2023 13:00:00 - 20/04/2023 14:00:00","BZN|DK1","648.04","676.29","747.42","830.70"
"20/04/2023 14:00:00 - 20/04/2023 15:00:00","BZN|DK1","591.71","655.13","757.75","791.80"
"20/04/2023 15:00:00 - 20/04/2023 16:00:00","BZN|DK1","603.00","701.17","727.88","800.91"
"20/04/2023 16:00:00 - 20/04/2023 17:00:00","BZN|DK1","562.92","656.46","717.25","821.07"
"20/04/2023 17:00:00 - 20/04/2023 18:00:00","BZN|DK1","599.13","705.17","762.75","811.28"
"20/04/2023 18:00:00 - 20/04/2023 19:00:00","BZN|DK1","688.88","812.08","786.67","830.94"
"20/04/2023 19:00:00 - 20/04/2023 20:00:00","BZN|DK1","833.63","879.46","816.17","829.39"
"20/04/2023 20:00:00 - 20/04/2023 21:00:00","BZN|DK1","894.96","843.88","869.13","893.35"
"20/04/2023 21:00:00 - 20/04/2023 22:00:00","BZN|DK1","858.63","800.04","864.17","849.75"
"20/04/2023 22:00:00 - 20/04/2023 23:00:00","BZN|DK1","791.33","812.96","752.96","748.36"
"20/04/2023 23:00:00 - 21/04/2023 00:00:00","BZN|DK1","705.21","808.71","683.88","732.80"
"21/04/2023 00:00:00 - 21/04/2023 01:00:00","BZN|DK1","782.54","N/A","755.38","755.74"
"21/04/2023 01:00:00 - 21/04/2023 02:00:00","BZN|DK1","749.21","N/A","752.63","757.12"
"21/04/2023 02:00:00 - 21/04/2023 03:00:00","BZN|DK1","743.17","N/A","704.46","785.13"
"21/04/2023 03:00:00 - 21/04/2023 04:00:00","BZN|DK1","748.33","N/A","738.38","730.09"
"21/04/2023 04:00:00 - 21/04/2023 05:00:00","BZN|DK1","695.13","N/A","715.92","688.74"
"21/04/2023 05:00:00 - 21/04/2023 06:00:00","BZN|DK1","634.58","N/A","577.00","612.19"
"21/04/2023 06:00:00 - 21/04/2023 07:00:00","BZN|DK1","656.71","N/A","580.83","513.85"
"21/04/2023 07:00:00 - 21/04/2023 08:00:00","BZN|DK1","669.83","N/A","560.33","490.12"
"21/04/2023 08:00:00 - 21/04/2023 09:00:00","BZN|DK1","614.67","474.92","465.42","457.90"
"21/04/2023 09:00:00 - 21/04/2023 10:00:00","BZN|DK1","524.58","465.46","398.17","380.05"
"21/04/2023 10:00:00 - 21/04/2023 11:00:00","BZN|DK1","380.38","396.71","332.96","366.70"
"21/04/2023 11:00:00 - 21/04/2023 12:00:00","BZN|DK1","350.33","377.33","361.88","449.92"
"21/04/2023 12:00:00 - 21/04/2023 13:00:00","BZN|DK1","342.21","315.50","370.38","444.63"
"21/04/2023 13:00:00 - 21/04/2023 14:00:00","BZN|DK1","334.67","303.92","336.58","389.29"
"21/04/2023 14:00:00 - 21/04/2023 15:00:00","BZN|DK1","312.33","298.46","335.83","332.50"
"21/04/2023 15:00:00 - 21/04/2023 16:00:00","BZN|DK1","307.38","328.08","336.29","291.21"
"21/04/2023 16:00:00 - 21/04/2023 17:00:00","BZN|DK1","277.63","288.67","245.67","267.70"
"21/04/2023 17:00:00 - 21/04/2023 18:00:00","BZN|DK1","278.04","286.92","282.75","336.97"
"21/04/2023 18:00:00 - 21/04/2023 19:00:00","BZN|DK1","291.79","356.92","320.92","359.31"
"21/04/2023 19:00:00 - 21/04/2023 20:00:00","BZN|DK1","353.88","441.75","377.08","424.64"
"21/04/2023 20:00:00 - 21/04/2023 21:00:00","BZN|DK1","466.00","511.13","549.63","437.44"
"21/04/2023 21:00:00 - 21/04/2023 22:00:00","BZN|DK1","519.21","559.13","499.83","475.46"
"21/04/2023 22:00:00 - 21/04/2023 23:00:00","BZN|DK1","545.58","574.08","538.21","512.33"
"21/04/2023 23:00:00 - 22/04/2023 00:00:00","BZN|DK1","523.38","553.96","499.67","522.04"
"22/04/2023 00:00:00 - 22/04/2023 01:00:00","BZN|DK1","564.79","N/A","569.96","583.48"
"22/04/2023 01:00:00 - 22/04/2023 02:00:00","BZN|DK1","551.92","N/A","650.46","609.38"
"22/04/2023 02:00:00 - 22/04/2023 03:00:00","BZN|DK1","562.33","N/A","577.25","594.45"
"22/04/2023 03:00:00 - 22/04/2023 04:00:00","BZN|DK1","602.92","N/A","548.92","512.01"
"22/04/2023 04:00:00 - 22/04/2023 05:00:00","BZN|DK1","611.67","N/A","533.25","503.90"
"22/04/2023 05:00:00 - 22/04/2023 06:00:00","BZN|DK1","632.00","N/A","486.96","582.96"
"22/04/2023 06:00:00 - 22/04/2023 07:00:00","BZN|DK1","692.54","N/A","632.25","586.07"
"22/04/2023 07:00:00 - 22/04/2023 08:00:00","BZN|DK1","735.04","N/A","616.13","768.57"
"22/04/2023 08:00:00 - 22/04/2023 09:00:00","BZN|DK1","736.92","796.54","804.13","795.30"
"22/04/2023 09:00:00 - 22/04/2023 10:00:00","BZN|DK1","791.63","787.25","766.21","744.91"
"22/04/2023 10:00:00 - 22/04/2023 11:00:00","BZN|DK1","724.04","665.38","511.29","484.77"
"22/04/2023 11:00:00 - 22/04/2023 12:00:00","BZN|DK1","562.75","521.29","379.08","400.64"
"22/04/2023 12:00:00 - 22/04/2023 13:00:00","BZN|DK1","475.13","463.71","312.42","395.19"
"22/04/2023 13:00:00 - 22/04/2023 14:00:00","BZN|DK1","415.29","450.42","385.71","376.21"
"22/04/2023 14:00:00 - 22/04/2023 15:00:00","BZN|DK1","426.96","449.92","411.25","453.20"
"22/04/2023 15:00:00 - 22/04/2023 16:00:00","BZN|DK1","466.79","506.42","512.58","377.26"
"22/04/2023 16:00:00 - 22/04/2023 17:00:00","BZN|DK1","344.21","441.13","325.67","398.92"
"22/04/2023 17:00:00 - 22/04/2023 18:00:00","BZN|DK1","371.79","475.08","397.83","419.54"
"22/04/2023 18:00:00 - 22/04/2023 19:00:00","BZN|DK1","354.38","417.79","341.71","402.48"
"22/04/2023 19:00:00 - 22/04/2023 20:00:00","BZN|DK1","333.08","376.04","350.67","403.84"
"22/04/2023 20:00:00 - 22/04/2023 21:00:00","BZN|DK1","393.00","415.21","453.71","516.73"
"22/04/2023 21:00:00 - 22/04/2023 22:00:00","BZN|DK1","483.92","479.25","510.58","302.29"
"22/04/2023 22:00:00 - 22/04/2023 23:00:00","BZN|DK1","498.96","551.79","253.50","368.53"
"22/04/2023 23:00:00 - 23/04/2023 00:00:00","BZN|DK1","428.58","711.92","473.67","257.58"
"23/04/2023 00:00:00 - 23/04/2023 01:00:00","BZN|DK1","538.25","N/A","274.04","549.77"
"23/04/2023 01:00:00 - 23/04/2023 02:00:00","BZN|DK1","665.79","N/A","805.04","863.77"
"23/04/2023 02:00:00 - 23/04/2023 03:00:00","BZN|DK1","663.83","N/A","741.71","670.99"
"23/04/2023 03:00:00 - 23/04/2023 04:00:00","BZN|DK1","674.08","N/A","573.42","490.35"
"23/04/2023 04:00:00 - 23/04/2023 05:00:00","BZN|DK1","599.75","N/A","454.08","466.55"
"23/04/2023 05:00:00 - 23/04/2023 06:00:00","BZN|DK1","466.46","N/A","400.13","516.92"
"23/04/2023 06:00:00 - 23/04/2023 07:00:00","BZN|DK1","365.25","N/A","430.54","411.55"
"23/04/2023 07:00:00 - 23/04/2023 08:00:00","BZN|DK1","340.04","N/A","313.42","263.97"
"23/04/2023 08:00:00 - 23/04/2023 09:00:00","BZN|DK1","343.00","261.92","270.54","434.00"
"23/04/2023 09:00:00 - 23/04/2023 10:00:00","BZN|DK1","367.96","325.67","424.13","309.49"
"23/04/2023 10:00:00 - 23/04/2023 11:00:00","BZN|DK1","359.67","319.21","229.58","205.65"
"23/04/2023 11:00:00 - 23/04/2023 12:00:00","BZN|DK1","300.29","233.42","139.54","197.56"
"23/04/2023 12:00:00 - 23/04/2023 13:00:00","BZN|DK1","287.50","216.46","190.04","225.60"
"23/04/2023 13:00:00 - 23/04/2023 14:00:00","BZN|DK1","268.58","197.13","218.88","150.60"
"23/04/2023 14:00:00 - 23/04/2023 15:00:00","BZN|DK1","266.46","222.71","175.71","137.81"
"23/04/2023 15:00:00 - 23/04/2023 16:00:00","BZN|DK1","360.50","298.13","199.13","207.06"
"23/04/2023 16:00:00 - 23/04/2023 17:00:00","BZN|DK1","478.33","413.46","213.29","243.37"
"23/04/2023 17:00:00 - 23/04/2023 18:00:00","BZN|DK1","439.71","411.21","258.54","239.80"
"23/04/2023 18:00:00 - 23/04/2023 19:00:00","BZN|DK1","385.33","338.79","195.71","220.61"
"23/04/2023 19:00:00 - 23/04/2023 20:00:00","BZN|DK1","361.58","282.29","202.13","224.57"
"23/04/2023 20:00:00 - 23/04/2023 21:00:00","BZN|DK1","313.79","240.29","212.88","234.57"
"23/04/2023 21:00:00 - 23/04/2023 22:00:00","BZN|DK1","277.63","185.33","222.54","293.72"
"23/04/2023 22:00:00 - 23/04/2023 23:00:00","BZN|DK1","314.50","229.00","273.29","285.57"
"23/04/2023 23:00:00 - 24/04/2023 00:00:00","BZN|DK1","341.88","280.33","268.75","411.52"
"24/04/2023 00:00:00 - 24/04/2023 01:00:00","BZN|DK1","222.83","N/A","318.13","337.15"
"24/04/2023 01:00:00 - 24/04/2023 02:00:00","BZN|DK1","232.63","N/A","278.54","272.36"
"24/04/2023 02:00:00 - 24/04/2023 03:00:00","BZN|DK1","279.21","N/A","199.63","212.10"
"24/04/2023 03:00:00 - 24/04/2023 04:00:00","BZN|DK1","347.21","N/A","262.38","227.80"
"24/04/2023 04:00:00 - 24/04/2023 05:00:00","BZN|DK1","332.38","N/A","293.92","289.65"
"24/04/2023 05:00:00 - 24/04/2023 06:00:00","BZN|DK1","313.54","N/A","315.25","298.56"
"24/04/2023 06:00:00 - 24/04/2023 07:00:00","BZN|DK1","351.21","N/A","365.83","401.72"
"24/04/2023 07:00:00 - 24/04/2023 08:00:00","BZN|DK1","387.79","N/A","414.29","391.16"
"24/04/2023 08:00:00 - 24/04/2023 09:00:00","BZN|DK1","415.54","392.29","394.67","430.85"
"24/04/2023 09:00:00 - 24/04/2023 10:00:00","BZN|DK1","414.67","382.29","398.79","427.09"
"24/04/2023 10:00:00 - 24/04/2023 11:00:00","BZN|DK1","406.88","370.71","403.63","438.26"
"24/04/2023 11:00:00 - 24/04/2023 12:00:00","BZN|DK1","415.21","375.13","406.33","418.92"
"24/04/2023 12:00:00 - 24/04/2023 13:00:00","BZN|DK1","465.96","367.13","419.92","396.64"
"24/04/2023 13:00:00 - 24/04/2023 14:00:00","BZN|DK1","558.67","340.79","437.21","412.80"
"24/04/2023 14:00:00 - 24/04/2023 15:00:00","BZN|DK1","651.83","425.00","509.42","471.93"
"24/04/2023 15:00:00 - 24/04/2023 16:00:00","BZN|DK1","630.83","549.54","521.13","722.67"
"24/04/2023 16:00:00 - 24/04/2023 17:00:00","BZN|DK1","632.21","549.92","754.58","870.94"
"24/04/2023 17:00:00 - 24/04/2023 18:00:00","BZN|DK1","661.08","783.63","873.17","921.68"
"24/04/2023 18:00:00 - 24/04/2023 19:00:00","BZN|DK1","646.33","907.88","957.08","940.57"
"24/04/2023 19:00:00 - 24/04/2023 20:00:00","BZN|DK1","647.96","929.00","880.67","946.55"
"24/04/2023 20:00:00 - 24/04/2023 21:00:00","BZN|DK1","739.33","925.71","949.63","924.64"
"24/04/2023 21:00:00 - 24/04/2023 22:00:00","BZN|DK1","811.08","889.08","867.50","853.61"
"24/04/2023 22:00:00 - 24/04/2023 23:00:00","BZN|DK1","844.29","830.67","859.33","857.93"
"24/04/2023 23:00:00 - 25/04/2023 00:00:00","BZN|DK1","738.13","797.08","826.75","872.33"
"25/04/2023 00:00:00 - 25/04/2023 01:00:00","BZN|DK1","942.29","N/A","891.25","875.21"
"25/04/2023 01:00:00 - 25/04/2023 02:00:00","BZN|DK1","859.75","N/A","776.42","809.43"
"25/04/2023 02:00:00 - 25/04/2023 03:00:00","BZN|DK1","815.50","N/A","747.33","907.08"
"25/04/2023 03:00:00 - 25/04/2023 04:00:00","BZN|DK1","906.50","N/A","1014.54","1023.82"
"25/04/2023 04:00:00 - 25/04/2023 05:00:00","BZN|DK1","898.75","N/A","1019.75","1064.93"
"25/04/2023 05:00:00 - 25/04/2023 06:00:00","BZN|DK1","879.63","N/A","1006.00","1046.77"
"25/04/2023 06:00:00 - 25/04/2023 07:00:00","BZN|DK1","932.33","N/A","995.83","967.54"
"25/04/2023 07:00:00 - 25/04/2023 08:00:00","BZN|DK1","997.46","N/A","974.54","991.08"
"25/04/2023 08:00:00 - 25/04/2023 09:00:00","BZN|DK1","991.38","960.25","953.88","992.90"
"25/04/2023 09:00:00 - 25/04/2023 10:00:00","BZN|DK1","984.04","1003.21","937.00","1010.20"
"25/04/2023 10:00:00 - 25/04/2023 11:00:00","BZN|DK1","971.88","975.79","1067.17","1110.33"
"25/04/2023 11:00:00 - 25/04/2023 12:00:00","BZN|DK1","912.08","941.13","1006.08","1080.80"
"25/04/2023 12:00:00 - 25/04/2023 13:00:00","BZN|DK1","924.00","926.08","959.29","953.93"
"25/04/2023 13:00:00 - 25/04/2023 14:00:00","BZN|DK1","918.17","847.71","799.04","839.35"
"25/04/2023 14:00:00 - 25/04/2023 15:00:00","BZN|DK1","949.58","838.33","747.08","827.81"
"25/04/2023 15:00:00 - 25/04/2023 16:00:00","BZN|DK1","922.50","823.67","747.58","916.52"
"25/04/2023 16:00:00 - 25/04/2023 17:00:00","BZN|DK1","933.63","866.33","941.54","964.09"
"25/04/2023 17:00:00 - 25/04/2023 18:00:00","BZN|DK1","992.42","940.88","919.29","1031.58"
"25/04/2023 18:00:00 - 25/04/2023 19:00:00","BZN|DK1","1003.67","993.50","973.00","1105.54"
"25/04/2023 19:00:00 - 25/04/2023 20:00:00","BZN|DK1","1000.33","1020.75","1130.29","1170.43"
"25/04/2023 20:00:00 - 25/04/2023 21:00:00","BZN|DK1","1022.92","1041.33","1121.92","1168.36"
"25/04/2023 21:00:00 - 25/04/2023 22:00:00","BZN|DK1","1060.54","1051.63","1101.38","1169.69"
"25/04/2023 22:00:00 - 25/04/2023 23:00:00","BZN|DK1","1052.04","1029.54","1116.17","1168.55"
"25/04/2023 23:00:00 - 26/04/2023 00:00:00","BZN|DK1","1053.29","1041.21","1086.00","1171.38"
"26/04/2023 00:00:00 - 26/04/2023 01:00:00","BZN|DK1","1115.04","N/A","1141.63","1159.73"
"26/04/2023 01:00:00 - 26/04/2023 02:00:00","BZN|DK1","1101.75","N/A","1105.00","1159.38"
"26/04/2023 02:00:00 - 26/04/2023 03:00:00","BZN|DK1","1057.71","N/A","1070.54","1144.26"
"26/04/2023 03:00:00 - 26/04/2023 04:00:00","BZN|DK1","1057.13","N/A","1105.75","1142.47"
"26/04/2023 04:00:00 - 26/04/2023 05:00:00","BZN|DK1","1023.71","N/A","1036.42","1125.50"
"26/04/2023 05:00:00 - 26/04/2023 06:00:00","BZN|DK1","1000.13","N/A","1074.38","1105.62"
"26/04/2023 06:00:00 - 26/04/2023 07:00:00","BZN|DK1","1019.42","N/A","1076.50","1084.64"
"26/04/2023 07:00:00 - 26/04/2023 08:00:00","BZN|DK1","1057.33","N/A","1072.71","1128.61"
"26/04/2023 08:00:00 - 26/04/2023 09:00:00","BZN|DK1","1067.54","1097.67","1096.75","1126.71"
"26/04/2023 09:00:00 - 26/04/2023 10:00:00","BZN|DK1","1058.63","1103.25","1096.50","1033.92"
"26/04/2023 10:00:00 - 26/04/2023 11:00:00","BZN|DK1","1061.08","1082.67","1017.13","1046.27"
"26/04/2023 11:00:00 - 26/04/2023 12:00:00","BZN|DK1","987.08","998.29","910.08","1080.24"
"26/04/2023 12:00:00 - 26/04/2023 13:00:00","BZN|DK1","986.88","990.08","1004.13","1042.14"
"26/04/2023 13:00:00 - 26/04/2023 14:00:00","BZN|DK1","963.38","957.29","973.21","1068.41"
"26/04/2023 14:00:00 - 26/04/2023 15:00:00","BZN|DK1","967.63","962.38","1024.42","1069.41"
"26/04/2023 15:00:00 - 26/04/2023 16:00:00","BZN|DK1","925.71","915.71","1000.58","983.75"
"26/04/2023 16:00:00 - 26/04/2023 17:00:00","BZN|DK1","977.29","911.08","919.38","943.39"
"26/04/2023 17:00:00 - 26/04/2023 18:00:00","BZN|DK1","1015.50","935.79","967.67","1037.70"
"26/04/2023 18:00:00 - 26/04/2023 19:00:00","BZN|DK1","995.88","920.38","1005.21","1025.23"
"26/04/2023 19:00:00 - 26/04/2023 20:00:00","BZN|DK1","980.04","886.96","904.75","1004.55"
"26/04/2023 20:00:00 - 26/04/2023 21:00:00","BZN|DK1","1023.71","880.33","951.17","1032.43"
"26/04/2023 21:00:00 - 26/04/2023 22:00:00","BZN|DK1","1033.54","855.79","948.08","999.96"
"26/04/2023 22:00:00 - 26/04/2023 23:00:00","BZN|DK1","1029.17","851.88","1021.25","963.91"
"26/04/2023 23:00:00 - 27/04/2023 00:00:00","BZN|DK1","1016.92","927.13","867.67","999.45"
"27/04/2023 00:00:00 - 27/04/2023 01:00:00","BZN|DK1","1016.58","N/A","1055.17","1053.12"
"27/04/2023 01:00:00 - 27/04/2023 02:00:00","BZN|DK1","1014.00","N/A","1026.46","979.37"
"27/04/2023 02:00:00 - 27/04/2023 03:00:00","BZN|DK1","976.75","N/A","922.92","1116.78"
"27/04/2023 03:00:00 - 27/04/2023 04:00:00","BZN|DK1","955.08","N/A","1082.83","1135.14"
"27/04/2023 04:00:00 - 27/04/2023 05:00:00","BZN|DK1","907.42","N/A","1054.92","1135.85"
"27/04/2023 05:00:00 - 27/04/2023 06:00:00","BZN|DK1","854.63","N/A","1048.25","1072.55"
"27/04/2023 06:00:00 - 27/04/2023 07:00:00","BZN|DK1","853.08","N/A","932.79","1031.58"
"27/04/2023 07:00:00 - 27/04/2023 08:00:00","BZN|DK1","864.21","N/A","980.38","1014.38"
"27/04/2023 08:00:00 - 27/04/2023 09:00:00","BZN|DK1","860.00","925.17","924.21","900.57"
"27/04/2023 09:00:00 - 27/04/2023 10:00:00","BZN|DK1","829.88","895.96","767.25","822.85"
"27/04/2023 10:00:00 - 27/04/2023 11:00:00","BZN|DK1","777.79","840.63","759.38","743.57"
"27/04/2023 11:00:00 - 27/04/2023 12:00:00","BZN|DK1","671.67","737.54","611.25","681.37"
"27/04/2023 12:00:00 - 27/04/2023 13:00:00","BZN|DK1","642.46","697.04","643.25","678.78"
"27/04/2023 13:00:00 - 27/04/2023 14:00:00","BZN|DK1","590.46","625.13","623.00","640.01"
"27/04/2023 14:00:00 - 27/04/2023 15:00:00","BZN|DK1","535.29","594.50","585.71","621.87"
"27/04/2023 15:00:00 - 27/04/2023 16:00:00","BZN|DK1","433.54","537.04","543.33","569.00"
"27/04/2023 16:00:00 - 27/04/2023 17:00:00","BZN|DK1","417.46","451.17","498.25","539.04"
"27/04/2023 17:00:00 - 27/04/2023 18:00:00","BZN|DK1","419.67","420.63","496.50","516.30"
"27/04/2023 18:00:00 - 27/04/2023 19:00:00","BZN|DK1","374.38","412.92","478.88","497.46"
"27/04/2023 19:00:00 - 27/04/2023 20:00:00","BZN|DK1","322.13","365.96","409.33","450.60"
"27/04/2023 20:00:00 - 27/04/2023 21:00:00","BZN|DK1","319.58","344.58","396.08","414.06"
"27/04/2023 21:00:00 - 27/04/2023 22:00:00","BZN|DK1","314.00","334.29","339.38","388.31"
"27/04/2023 22:00:00 - 27/04/2023 23:00:00","BZN|DK1","294.79","292.96","367.83","376.44"
"27/04/2023 23:00:00 - 28/04/2023 00:00:00","BZN|DK1","315.46","284.17","341.29","366.87"
"28/04/2023 00:00:00 - 28/04/2023 01:00:00","BZN|DK1","328.58","N/A","346.04","334.50"
"28/04/2023 01:00:00 - 28/04/2023 02:00:00","BZN|DK1","291.25","N/A","322.25","296.13"
"28/04/2023 02:00:00 - 28/04/2023 03:00:00","BZN|DK1","238.00","N/A","245.88","228.87"
"28/04/2023 03:00:00 - 28/04/2023 04:00:00","BZN|DK1","195.42","N/A","186.67","166.37"
"28/04/2023 04:00:00 - 28/04/2023 05:00:00","BZN|DK1","145.04","N/A","103.04","103.80"
"28/04/2023 05:00:00 - 28/04/2023 06:00:00","BZN|DK1","137.33","N/A","110.63","68.41"
"28/04/2023 06:00:00 - 28/04/2023 07:00:00","BZN|DK1","157.46","N/A","81.75","51.60"
"28/04/2023 07:00:00 - 28/04/2023 08:00:00","BZN|DK1","187.29","N/A","88.29","77.75"
"28/04/2023 08:00:00 - 28/04/2023 09:00:00","BZN|DK1","234.54","130.75","127.21","131.50"
"28/04/2023 09:00:00 - 28/04/2023 10:00:00","BZN|DK1","312.75","189.00","189.67","173.53"
"28/04/2023 10:00:00 - 28/04/2023 11:00:00","BZN|DK1","377.38","229.88","173.71","156.97"
"28/04/2023 11:00:00 - 28/04/2023 12:00:00","BZN|DK1","341.04","174.96","118.42","140.36"
"28/04/2023 12:00:00 - 28/04/2023 13:00:00","BZN|DK1","311.42","129.92","114.13","89.50"
"28/04/2023 13:00:00 - 28/04/2023 14:00:00","BZN|DK1","263.79","88.21","49.13","39.25"
"28/04/2023 14:00:00 - 28/04/2023 15:00:00","BZN|DK1","250.83","74.17","20.79","17.12"
"28/04/2023 15:00:00 - 28/04/2023 16:00:00","BZN|DK1","266.71","81.67","12.13","22.40"
"28/04/2023 16:00:00 - 28/04/2023 17:00:00","BZN|DK1","278.58","66.54","27.25","51.57"
"28/04/2023 17:00:00 - 28/04/2023 18:00:00","BZN|DK1","264.71","67.38","69.17","147.44"
"28/04/2023 18:00:00 - 28/04/2023 19:00:00","BZN|DK1","262.50","99.58","152.83","185.89"
"28/04/2023 19:00:00 - 28/04/2023 20:00:00","BZN|DK1","285.04","134.67","154.08","133.46"
"28/04/2023 20:00:00 - 28/04/2023 21:00:00","BZN|DK1","313.46","144.92","87.04","56.22"
"28/04/2023 21:00:00 - 28/04/2023 22:00:00","BZN|DK1","343.75","133.00","43.83","21.71"
"28/04/2023 22:00:00 - 28/04/2023 23:00:00","BZN|DK1","334.00","115.75","10.25","6.08"
"28/04/2023 23:00:00 - 29/04/2023 00:00:00","BZN|DK1","277.96","90.42","6.13","11.71"
"29/04/2023 00:00:00 - 29/04/2023 01:00:00","BZN|DK1","57.29","N/A","18.50","13.51"
"29/04/2023 01:00:00 - 29/04/2023 02:00:00","BZN|DK1","39.50","N/A","1.67","5.46"
"29/04/2023 02:00:00 - 29/04/2023 03:00:00","BZN|DK1","32.00","N/A","1.00","3.35"
"29/04/2023 03:00:00 - 29/04/2023 04:00:00","BZN|DK1","37.71","N/A","5.54","50.13"
"29/04/2023 04:00:00 - 29/04/2023 05:00:00","BZN|DK1","32.75","N/A","90.08","121.28"
"29/04/2023 05:00:00 - 29/04/2023 06:00:00","BZN|DK1","32.13","N/A","171.08","164.63"
"29/04/2023 06:00:00 - 29/04/2023 07:00:00","BZN|DK1","84.13","N/A","199.54","203.21"
"29/04/2023 07:00:00 - 29/04/2023 08:00:00","BZN|DK1","185.54","N/A","208.33","204.61"
"29/04/2023 08:00:00 - 29/04/2023 09:00:00","BZN|DK1","253.75","240.83","246.67","243.47"
"29/04/2023 09:00:00 - 29/04/2023 10:00:00","BZN|DK1","306.75","322.75","307.83","275.18"
"29/04/2023 10:00:00 - 29/04/2023 11:00:00","BZN|DK1","368.96","418.71","381.83","374.52"
"29/04/2023 11:00:00 - 29/04/2023 12:00:00","BZN|DK1","396.04","451.79","459.33","694.88"
"29/04/2023 12:00:00 - 29/04/2023 13:00:00","BZN|DK1","492.83","552.29","753.08","599.46"
"29/04/2023 13:00:00 - 29/04/2023 14:00:00","BZN|DK1","594.71","683.04","635.21","736.81"
"29/04/2023 14:00:00 - 29/04/2023 15:00:00","BZN|DK1","643.63","743.63","807.96","843.62"
"29/04/2023 15:00:00 - 29/04/2023 16:00:00","BZN|DK1","626.33","745.79","781.79","891.53"
"29/04/2023 16:00:00 - 29/04/2023 17:00:00","BZN|DK1","675.29","760.79","851.50","709.22"
"29/04/2023 17:00:00 - 29/04/2023 18:00:00","BZN|DK1","762.17","801.00","639.83","721.61"
"29/04/2023 18:00:00 - 29/04/2023 19:00:00","BZN|DK1","784.17","816.92","726.50","640.16"
"29/04/2023 19:00:00 - 29/04/2023 20:00:00","BZN|DK1","780.92","805.38","627.17","604.37"
"29/04/2023 20:00:00 - 29/04/2023 21:00:00","BZN|DK1","795.25","812.21","637.04","829.45"
"29/04/2023 21:00:00 - 29/04/2023 22:00:00","BZN|DK1","795.17","795.33","781.83","937.02"
"29/04/2023 22:00:00 - 29/04/2023 23:00:00","BZN|DK1","780.79","759.00","844.13","852.90"
"29/04/2023 23:00:00 - 30/04/2023 00:00:00","BZN|DK1","776.21","774.79","808.46","843.09"
"30/04/2023 00:00:00 - 30/04/2023 01:00:00","BZN|DK1","828.25","N/A","771.21","830.51"
"30/04/2023 01:00:00 - 30/04/2023 02:00:00","BZN|DK1","803.29","N/A","743.58","814.16"
"30/04/2023 02:00:00 - 30/04/2023 03:00:00","BZN|DK1","706.50","N/A","711.71","801.61"
"30/04/2023 03:00:00 - 30/04/2023 04:00:00","BZN|DK1","621.75","N/A","717.50","730.20"
"30/04/2023 04:00:00 - 30/04/2023 05:00:00","BZN|DK1","577.92","N/A","621.54","694.94"
"30/04/2023 05:00:00 - 30/04/2023 06:00:00","BZN|DK1","544.58","N/A","586.67","695.44"
"30/04/2023 06:00:00 - 30/04/2023 07:00:00","BZN|DK1","537.63","N/A","608.29","628.71"
"30/04/2023 07:00:00 - 30/04/2023 08:00:00","BZN|DK1","501.25","N/A","552.67","562.56"
"30/04/2023 08:00:00 - 30/04/2023 09:00:00","BZN|DK1","495.96","511.71","507.88","518.76"
"30/04/2023 09:00:00 - 30/04/2023 10:00:00","BZN|DK1","490.29","480.71","477.29","453.58"
"30/04/2023 10:00:00 - 30/04/2023 11:00:00","BZN|DK1","382.17","367.00","339.21","429.61"
"30/04/2023 11:00:00 - 30/04/2023 12:00:00","BZN|DK1","304.25","313.63","341.50","394.65"
"30/04/2023 12:00:00 - 30/04/2023 13:00:00","BZN|DK1","293.38","317.00","349.88","77.04"
"30/04/2023 13:00:00 - 30/04/2023 14:00:00","BZN|DK1","301.92","278.00","29.21","5.61"
"30/04/2023 14:00:00 - 30/04/2023 15:00:00","BZN|DK1","282.71","208.67","3.92","8.66"
"30/04/2023 15:00:00 - 30/04/2023 16:00:00","BZN|DK1","163.54","140.96","9.88","176.60"
"30/04/2023 16:00:00 - 30/04/2023 17:00:00","BZN|DK1","130.04","135.58","160.08","135.98"
"30/04/2023 17:00:00 - 30/04/2023 18:00:00","BZN|DK1","126.63","134.46","127.17","114.52"
"30/04/2023 18:00:00 - 30/04/2023 19:00:00","BZN|DK1","131.17","157.13","109.38","95.43"
"30/04/2023 19:00:00 - 30/04/2023 20:00:00","BZN|DK1","142.92","162.54","102.96","119.07"
"30/04/2023 20:00:00 - 30/04/2023 21:00:00","BZN|DK1","161.83","169.50","129.88","132.53"
"30/04/2023 21:00:00 - 30/04/2023 22:00:00","BZN|DK1","189.71","188.67","161.08","194.92"
"30/04/2023 22:00:00 - 30/04/2023 23:00:00","BZN|DK1","221.75","212.00","253.46","216.65"
"30/04/2023 23:00:00 - 01/05/2023 00:00:00","BZN|DK1","245.42","256.00","242.58","206.50"
"01/05/2023 00:00:00 - 01/05/2023 01:00:00","BZN|DK1","360.33","N/A","337.75","239.86"
"01/05/2023 01:00:00 - 01/05/2023 02:00:00","BZN|DK1","387.83","N/A","315.04","247.41"
"01/05/2023 02:00:00 - 01/05/2023 03:00:00","BZN|DK1","403.54","N/A","293.54","272.32"
"01/05/2023 03:00:00 - 01/05/2023 04:00:00","BZN|DK1","504.83","N/A","325.00","288.47"
"01/05/2023 04:00:00 - 01/05/2023 05:00:00","BZN|DK1","541.83","N/A","364.00","344.54"
"01/05/2023 05:00:00 - 01/05/2023 06:00:00","BZN|DK1","555.38","N/A","455.50","525.18"
"01/05/2023 06:00:00 - 01/05/2023 07:00:00","BZN|DK1","663.38","N/A","645.58","680.17"
"01/05/2023 07:00:00 - 01/05/2023 08:00:00","BZN|DK1","799.58","N/A","761.83","782.10"
"01/05/2023 08:00:00 - 01/05/2023 09:00:00","BZN|DK1","837.33","807.50","822.21","833.31"
"01/05/2023 09:00:00 - 01/05/2023 10:00:00","BZN|DK1","787.50","805.08","771.38","821.83"
"01/05/2023 10:00:00 - 01/05/2023 11:00:00","BZN|DK1","675.88","784.71","789.58","829.31"
"01/05/2023 11:00:00 - 01/05/2023 12:00:00","BZN|DK1","632.58","677.58","757.75","793.46"
"01/05/2023 12:00:00 - 01/05/2023 13:00:00","BZN|DK1","585.63","626.71","670.25","748.81"
"01/05/2023 13:00:00 - 01/05/2023 14:00:00","BZN|DK1","619.04","654.58","700.25","696.32"
"01/05/2023 14:00:00 - 01/05/2023 15:00:00","BZN|DK1","647.88","654.79","629.46","666.44"
"01/05/2023 15:00:00 - 01/05/2023 16:00:00","BZN|DK1","611.83","622.67","599.08","685.28"
"01/05/2023 16:00:00 - 01/05/2023 17:00:00","BZN|DK1","561.75","571.88","605.33","685.55"
"01/05/2023 17:00:00 - 01/05/2023 18:00:00","BZN|DK1","548.88","562.75","661.04","730.92"
"01/05/2023 18:00:00 - 01/05/2023 19:00:00","BZN|DK1","547.67","551.92","651.25","546.24"
"01/05/2023 19:00:00 - 01/05/2023 20:00:00","BZN|DK1","606.42","514.38","455.42","634.23"
"01/05/2023 20:00:00 - 01/05/2023 21:00:00","BZN|DK1","613.00","537.38","697.71","822.65"
"01/05/2023 21:00:00 - 01/05/2023 22:00:00","BZN|DK1","661.58","629.75","842.75","950.75"
"01/05/2023 22:00:00 - 01/05/2023 23:00:00","BZN|DK1","783.71","782.58","991.88","1032.14"
"01/05/2023 23:00:00 - 02/05/2023 00:00:00","BZN|DK1","795.92","859.00","1001.63","1044.12"
"02/05/2023 00:00:00 - 02/05/2023 01:00:00","BZN|DK1","1015.08","N/A","1115.17","1143.52"
"02/05/2023 01:00:00 - 02/05/2023 02:00:00","BZN|DK1","1030.21","N/A","1116.75","1153.87"
"02/05/2023 02:00:00 - 02/05/2023 03:00:00","BZN|DK1","995.42","N/A","1066.42","1138.50"
"02/05/2023 03:00:00 - 02/05/2023 04:00:00","BZN|DK1","987.25","N/A","1052.67","1020.05"
"02/05/2023 04:00:00 - 02/05/2023 05:00:00","BZN|DK1","942.54","N/A","807.04","970.50"
"02/05/2023 05:00:00 - 02/05/2023 06:00:00","BZN|DK1","848.46","N/A","844.96","839.13"
"02/05/2023 06:00:00 - 02/05/2023 07:00:00","BZN|DK1","871.13","N/A","780.88","888.52"
"02/05/2023 07:00:00 - 02/05/2023 08:00:00","BZN|DK1","873.92","N/A","852.04","854.91"
"02/05/2023 08:00:00 - 02/05/2023 09:00:00","BZN|DK1","850.29","740.13","739.67","783.38"
"02/05/2023 09:00:00 - 02/05/2023 10:00:00","BZN|DK1","831.58","709.79","723.21","716.31"
"02/05/2023 10:00:00 - 02/05/2023 11:00:00","BZN|DK1","769.08","718.88","647.54","667.76"
"02/05/2023 11:00:00 - 02/05/2023 12:00:00","BZN|DK1","691.46","639.50","587.00","579.13"
"02/05/2023 12:00:00 - 02/05/2023 13:00:00","BZN|DK1","655.13","579.75","528.17","521.68"
"02/05/2023 13:00:00 - 02/05/2023 14:00:00","BZN|DK1","606.92","563.92","496.96","514.42"
"02/05/2023 14:00:00 - 02/05/2023 15:00:00","BZN|DK1","563.04","523.42","484.67","511.02"
"02/05/2023 15:00:00 - 02/05/2023 16:00:00","BZN|DK1","483.13","486.58","458.50","446.13"
"02/05/2023 16:00:00 - 02/05/2023 17:00:00","BZN|DK1","479.25","419.71","423.88","432.38"
"02/05/2023 17:00:00 - 02/05/2023 18:00:00","BZN|DK1","513.17","430.92","433.42","459.36"
"02/05/2023 18:00:00 - 02/05/2023 19:00:00","BZN|DK1","508.88","500.96","486.21","417.95"
"02/05/2023 19:00:00 - 02/05/2023 20:00:00","BZN|DK1","518.79","537.38","436.83","505.30"
"02/05/2023 20:00:00 - 02/05/2023 21:00:00","BZN|DK1","533.96","534.04","527.79","670.52"
"02/05/2023 21:00:00 - 02/05/2023 22:00:00","BZN|DK1","541.58","513.92","659.13","655.72"
"02/05/2023 22:00:00 - 02/05/2023 23:00:00","BZN|DK1","593.58","534.04","678.25","689.17"
"02/05/2023 23:00:00 - 03/05/2023 00:00:00","BZN|DK1","633.17","589.63","623.79","708.12"
"03/05/2023 00:00:00 - 03/05/2023 01:00:00","BZN|DK1","778.75","N/A","696.71","711.72"
"03/05/2023 01:00:00 - 03/05/2023 02:00:00","BZN|DK1","777.00","N/A","658.92","694.13"
"03/05/2023 02:00:00 - 03/05/2023 03:00:00","BZN|DK1","717.50","N/A","631.63","698.71"
"03/05/2023 03:00:00 - 03/05/2023 04:00:00","BZN|DK1","668.50","N/A","683.29","654.49"
"03/05/2023 04:00:00 - 03/05/2023 05:00:00","BZN|DK1","586.13","N/A","554.00","573.17"
"03/05/2023 05:00:00 - 03/05/2023 06:00:00","BZN|DK1","460.88","N/A","475.54","545.28"
"03/05/2023 06:00:00 - 03/05/2023 07:00:00","BZN|DK1","430.96","N/A","482.33","493.78"
"03/05/2023 07:00:00 - 03/05/2023 08:00:00","BZN|DK1","431.38","N/A","405.79","425.24"
"03/05/2023 08:00:00 - 03/05/2023 09:00:00","BZN|DK1","405.29","377.96","369.33","350.57"
"03/05/2023 09:00:00 - 03/05/2023 10:00:00","BZN|DK1","373.25","356.71","296.50","310.97"
"03/05/2023 10:00:00 - 03/05/2023 11:00:00","BZN|DK1","319.04","308.08","246.71","214.46"
"03/05/2023 11:00:00 - 03/05/2023 12:00:00","BZN|DK1","254.25","197.96","111.13","164.87"
"03/05/2023 12:00:00 - 03/05/2023 13:00:00","BZN|DK1","211.92","167.42","146.92","127.79"
"03/05/2023 13:00:00 - 03/05/2023 14:00:00","BZN|DK1","190.33","151.67","101.42","108.69"
"03/05/2023 14:00:00 - 03/05/2023 15:00:00","BZN|DK1","175.46","148.46","86.38","87.04"
"03/05/2023 15:00:00 - 03/05/2023 16:00:00","BZN|DK1","139.25","135.54","73.63","84.17"
"03/05/2023 16:00:00 - 03/05/2023 17:00:00","BZN|DK1","125.00","93.21","77.38","94.08"
"03/05/2023 17:00:00 - 03/05/2023 18:00:00","BZN|DK1","125.33","86.67","92.88","94.13"
"03/05/2023 18:00:00 - 03/05/2023 19:00:00","BZN|DK1","111.00","104.71","92.71","79.03"
"03/05/2023 19:00:00 - 03/05/2023 20:00:00","BZN|DK1","111.58","120.29","69.21","56.97"
"03/05/2023 20:00:00 - 03/05/2023 21:00:00","BZN|DK1","112.42","125.79","37.42","33.77"
"03/05/2023 21:00:00 - 03/05/2023 22:00:00","BZN|DK1","95.83","122.38","38.88","22.56"
"03/05/2023 22:00:00 - 03/05/2023 23:00:00","BZN|DK1","74.67","103.21","13.13","9.67"
"03/05/2023 23:00:00 - 04/05/2023 00:00:00","BZN|DK1","51.08","91.46","27.83","14.61"
"04/05/2023 00:00:00 - 04/05/2023 01:00:00","BZN|DK1","103.71","N/A","43.33","11.01"
"04/05/2023 01:00:00 - 04/05/2023 02:00:00","BZN|DK1","59.71","N/A","3.54","6.27"
"04/05/2023 02:00:00 - 04/05/2023 03:00:00","BZN|DK1","36.79","N/A","1.17","5.37"
"04/05/2023 03:00:00 - 04/05/2023 04:00:00","BZN|DK1","31.29","N/A","0.04","12.72"
"04/05/2023 04:00:00 - 04/05/2023 05:00:00","BZN|DK1","24.08","N/A","14.50","21.03"
"04/05/2023 05:00:00 - 04/05/2023 06:00:00","BZN|DK1","15.46","N/A","14.92","12.17"
"04/05/2023 06:00:00 - 04/05/2023 07:00:00","BZN|DK1","10.33","N/A","7.83","9.62"
"04/05/2023 07:00:00 - 04/05/2023 08:00:00","BZN|DK1","10.92","N/A","12.00","15.54"
"04/05/2023 08:00:00 - 04/05/2023 09:00:00","BZN|DK1","10.58","11.54","9.38","11.89"
"04/05/2023 09:00:00 - 04/05/2023 10:00:00","BZN|DK1","6.42","12.67","18.29","19.37"
"04/05/2023 10:00:00 - 04/05/2023 11:00:00","BZN|DK1","6.83","14.67","12.54","14.99"
"04/05/2023 11:00:00 - 04/05/2023 12:00:00","BZN|DK1","8.50","14.08","23.67","20.93"
"04/05/2023 12:00:00 - 04/05/2023 13:00:00","BZN|DK1","11.71","16.92","19.33","18.30"
"04/05/2023 13:00:00 - 04/05/2023 14:00:00","BZN|DK1","20.88","26.83","22.38","16.11"
"04/05/2023 14:00:00 - 04/05/2023 15:00:00","BZN|DK1","24.00","36.13","32.25","24.82"
"04/05/2023 15:00:00 - 04/05/2023 16:00:00","BZN|DK1","25.71","59.79","64.58","77.01"
"04/05/2023 16:00:00 - 04/05/2023 17:00:00","BZN|DK1","49.38","112.79","166.79","152.57"
"04/05/2023 17:00:00 - 04/05/2023 18:00:00","BZN|DK1","75.96","175.92","206.13","239.92"
"04/05/2023 18:00:00 - 04/05/2023 19:00:00","BZN|DK1","89.63","229.25","306.17","331.28"
"04/05/2023 19:00:00 - 04/05/2023 20:00:00","BZN|DK1","169.17","308.33","399.17","346.84"
"04/05/2023 20:00:00 - 04/05/2023 21:00:00","BZN|DK1","297.00","407.38","446.08","530.29"
"04/05/2023 21:00:00 - 04/05/2023 22:00:00","BZN|DK1","455.67","576.92","718.33","931.69"
"04/05/2023 22:00:00 - 04/05/2023 23:00:00","BZN|DK1","652.29","753.92","974.21","966.58"
"04/05/2023 23:00:00 - 05/05/2023 00:00:00","BZN|DK1","761.21","825.50","944.00","992.77"
"05/05/2023 00:00:00 - 05/05/2023 01:00:00","BZN|DK1","897.63","N/A","996.04","1047.69"
"05/05/2023 01:00:00 - 05/05/2023 02:00:00","BZN|DK1","881.38","N/A","1003.88","1053.13"
"05/05/2023 02:00:00 - 05/05/2023 03:00:00","BZN|DK1","898.29","N/A","975.67","1033.17"
"05/05/2023 03:00:00 - 05/05/2023 04:00:00","BZN|DK1","972.88","N/A","1009.25","1132.41"
"05/05/2023 04:00:00 - 05/05/2023 05:00:00","BZN|DK1","977.92","N/A","1090.92","1166.07"
"05/05/2023 05:00:00 - 05/05/2023 06:00:00","BZN|DK1","948.67","N/A","1074.33","1156.03"
"05/05/2023 06:00:00 - 05/05/2023 07:00:00","BZN|DK1","990.88","N/A","1081.50","1116.92"
"05/05/2023 07:00:00 - 05/05/2023 08:00:00","BZN|DK1","1052.50","N/A","1052.04","1111.55"
"05/05/2023 08:00:00 - 05/05/2023 09:00:00","BZN|DK1","1058.75","1108.75","1111.79","1177.01"
"05/05/2023 09:00:00 - 05/05/2023 10:00:00","BZN|DK1","1054.67","1119.38","1114.83","1162.08"
"05/05/2023 10:00:00 - 05/05/2023 11:00:00","BZN|DK1","1046.96","1105.17","1072.54","1162.07"
"05/05/2023 11:00:00 - 05/05/2023 12:00:00","BZN|DK1","977.75","1031.25","1031.46","1174.37"
"05/05/2023 12:00:00 - 05/05/2023 13:00:00","BZN|DK1","974.58","1027.13","1112.75","1173.80"
"05/05/2023 13:00:00 - 05/05/2023 14:00:00","BZN|DK1","1016.00","1048.25","1106.08","1166.97"
"05/05/2023 14:00:00 - 05/05/2023 15:00:00","BZN|DK1","1041.96","1049.71","1098.71","1129.27"
"05/05/2023 15:00:00 - 05/05/2023 16:00:00","BZN|DK1","985.29","1018.29","1035.04","1152.17"
"05/05/2023 16:00:00 - 05/05/2023 17:00:00","BZN|DK1","977.79","1020.46","1102.46","1175.63"
"05/05/2023 17:00:00 - 05/05/2023 18:00:00","BZN|DK1","1006.83","1024.08","1114.71","1176.74"
"05/05/2023 18:00:00 - 05/05/2023 19:00:00","BZN|DK1","1027.92","1042.50","1108.63","1176.88"
"05/05/2023 19:00:00 - 05/05/2023 20:00:00","BZN|DK1","1063.83","1079.38","1119.25","1176.68"
"05/05/2023 20:00:00 - 05/05/2023 21:00:00","BZN|DK1","1084.17","1082.79","1113.58","1166.24"
"05/05/2023 21:00:00 - 05/05/2023 22:00:00","BZN|DK1","1071.33","1071.79","1102.42","1176.23"
"05/05/2023 22:00:00 - 05/05/2023 23:00:00","BZN|DK1","1051.46","1067.46","1110.38","1102.29"
"05/05/2023 23:00:00 - 06/05/2023 00:00:00","BZN|DK1","1049.13","1069.58","1034.54","1161.35"
"06/05/2023 00:00:00 - 06/05/2023 01:00:00","BZN|DK1","1095.08","N/A","1115.83","1149.38"
"06/05/2023 01:00:00 - 06/05/2023 02:00:00","BZN|DK1","1074.04","N/A","1108.00","1090.62"
"06/05/2023 02:00:00 - 06/05/2023 03:00:00","BZN|DK1","1038.38","N/A","1007.50","1006.97"
"06/05/2023 03:00:00 - 06/05/2023 04:00:00","BZN|DK1","1030.71","N/A","902.25","983.96"
"06/05/2023 04:00:00 - 06/05/2023 05:00:00","BZN|DK1","984.21","N/A","958.42","1144.10"
"06/05/2023 05:00:00 - 06/05/2023 06:00:00","BZN|DK1","917.88","N/A","1045.79","1160.01"
"06/05/2023 06:00:00 - 06/05/2023 07:00:00","BZN|DK1","939.08","N/A","1092.38","1080.32"
"06/05/2023 07:00:00 - 06/05/2023 08:00:00","BZN|DK1","984.63","N/A","1038.25","1107.80"
"06/05/2023 08:00:00 - 06/05/2023 09:00:00","BZN|DK1","985.63","1054.58","1056.71","1115.08"
"06/05/2023 09:00:00 - 06/05/2023 10:00:00","BZN|DK1","971.67","1036.58","1036.96","1065.82"
"06/05/2023 10:00:00 - 06/05/2023 11:00:00","BZN|DK1","945.54","1007.50","997.33","1055.78"
"06/05/2023 11:00:00 - 06/05/2023 12:00:00","BZN|DK1","849.25","923.88","913.54","1036.67"
"06/05/2023 12:00:00 - 06/05/2023 13:00:00","BZN|DK1","829.79","867.04","888.58","972.00"
"06/05/2023 13:00:00 - 06/05/2023 14:00:00","BZN|DK1","850.67","834.67","917.00","894.11"
"06/05/2023 14:00:00 - 06/05/2023 15:00:00","BZN|DK1","896.38","803.88","817.63","739.34"
"06/05/2023 15:00:00 - 06/05/2023 16:00:00","BZN|DK1","829.25","756.54","673.25","755.64"
"06/05/2023 16:00:00 - 06/05/2023 17:00:00","BZN|DK1","812.63","763.04","745.71","858.23"
"06/05/2023 17:00:00 - 06/05/2023 18:00:00","BZN|DK1","834.17","750.79","838.29","918.95"
"06/05/2023 18:00:00 - 06/05/2023 19:00:00","BZN|DK1","850.96","762.50","914.38","969.68"
"06/05/2023 19:00:00 - 06/05/2023 20:00:00","BZN|DK1","873.75","835.00","936.29","981.25"
"06/05/2023 20:00:00 - 06/05/2023 21:00:00","BZN|DK1","868.79","875.33","944.96","1003.14"
"06/05/2023 21:00:00 - 06/05/2023 22:00:00","BZN|DK1","884.50","891.88","919.21","992.68"
"06/05/2023 22:00:00 - 06/05/2023 23:00:00","BZN|DK1","917.17","901.79","948.75","1000.67"
"06/05/2023 23:00:00 - 07/05/2023 00:00:00","BZN|DK1","933.21","911.67","970.79","1003.62"
"07/05/2023 00:00:00 - 07/05/2023 01:00:00","BZN|DK1","964.88","N/A","920.71","1032.29"
"07/05/2023 01:00:00 - 07/05/2023 02:00:00","BZN|DK1","914.50","N/A","971.38","1031.54"
"07/05/2023 02:00:00 - 07/05/2023 03:00:00","BZN|DK1","853.67","N/A","935.79","1045.04"
"07/05/2023 03:00:00 - 07/05/2023 04:00:00","BZN|DK1","789.29","N/A","920.25","976.75"
"07/05/2023 04:00:00 - 07/05/2023 05:00:00","BZN|DK1","711.96","N/A","819.71","882.35"
"07/05/2023 05:00:00 - 07/05/2023 06:00:00","BZN|DK1","625.00","N/A","722.92","812.84"
"07/05/2023 06:00:00 - 07/05/2023 07:00:00","BZN|DK1","654.00","N/A","741.83","750.25"
"07/05/2023 07:00:00 - 07/05/2023 08:00:00","BZN|DK1","703.33","N/A","736.17","818.95"
"07/05/2023 08:00:00 - 07/05/2023 09:00:00","BZN|DK1","703.75","801.38","791.13","775.53"
"07/05/2023 09:00:00 - 07/05/2023 10:00:00","BZN|DK1","698.33","768.29","699.96","724.66"
"07/05/2023 10:00:00 - 07/05/2023 11:00:00","BZN|DK1","661.67","680.38","640.79","654.03"
"07/05/2023 11:00:00 - 07/05/2023 12:00:00","BZN|DK1","561.33","581.50","552.63","519.24"
"07/05/2023 12:00:00 - 07/05/2023 13:00:00","BZN|DK1","531.00","494.38","497.33","437.30"
"07/05/2023 13:00:00 - 07/05/2023 14:00:00","BZN|DK1","514.13","518.21","422.13","333.31"
"07/05/2023 14:00:00 - 07/05/2023 15:00:00","BZN|DK1","553.50","547.58","323.17","335.64"
"07/05/2023 15:00:00 - 07/05/2023 16:00:00","BZN|DK1","600.21","563.46","355.46","613.76"
"07/05/2023 16:00:00 - 07/05/2023 17:00:00","BZN|DK1","592.71","583.17","572.38","634.00"
"07/05/2023 17:00:00 - 07/05/2023 18:00:00","BZN|DK1","566.88","586.21","559.58","605.98"
"07/05/2023 18:00:00 - 07/05/2023 19:00:00","BZN|DK1","574.79","552.88","547.42","650.09"
"07/05/2023 19:00:00 - 07/05/2023 20:00:00","BZN|DK1","643.04","594.71","652.21","693.29"
"07/05/2023 20:00:00 - 07/05/2023 21:00:00","BZN|DK1","659.04","654.25","718.75","709.08"
"07/05/2023 21:00:00 - 07/05/2023 22:00:00","BZN|DK1","774.83","771.04","725.04","752.91"
"07/05/2023 22:00:00 - 07/05/2023 23:00:00","BZN|DK1","925.21","836.88","786.25","807.33"
"07/05/2023 23:00:00 - 08/05/2023 00:00:00","BZN|DK1","942.83","876.79","833.54","832.08"
"08/05/2023 00:00:00 - 08/05/2023 01:00:00","BZN|DK1","933.54","N/A","782.79","859.63"
"08/05/2023 01:00:00 - 08/05/2023 02:00:00","BZN|DK1","823.00","N/A","801.92","925.19"
"08/05/2023 02:00:00 - 08/05/2023 03:00:00","BZN|DK1","743.71","N/A","832.92","893.91"
"08/05/2023 03:00:00 - 08/05/2023 04:00:00","BZN|DK1","737.50","N/A","806.63","799.14"
"08/05/2023 04:00:00 - 08/05/2023 05:00:00","BZN|DK1","738.08","N/A","735.79","820.39"
"08/05/2023 05:00:00 - 08/05/2023 06:00:00","BZN|DK1","711.96","N/A","788.29","872.43"
"08/05/2023 06:00:00 - 08/05/2023 07:00:00","BZN|DK1","721.83","N/A","773.63","763.83"
"08/05/2023 07:00:00 - 08/05/2023 08:00:00","BZN|DK1","742.46","N/A","684.00","734.67"
"08/05/2023 08:00:00 - 08/05/2023 09:00:00","BZN|DK1","727.21","731.17","738.42","739.04"
"08/05/2023 09:00:00 - 08/05/2023 10:00:00","BZN|DK1","757.75","754.88","714.42","684.76"
"08/05/2023 10:00:00 - 08/05/2023 11:00:00","BZN|DK1","741.38","747.50","654.04","579.96"
"08/05/2023 11:00:00 - 08/05/2023 12:00:00","BZN|DK1","650.92","711.42","515.46","567.23"
"08/05/2023 12:00:00 - 08/05/2023 13:00:00","BZN|DK1","549.08","660.75","493.29","545.45"
"08/05/2023 13:00:00 - 08/05/2023 14:00:00","BZN|DK1","555.00","691.17","591.92","726.98"
"08/05/2023 14:00:00 - 08/05/2023 15:00:00","BZN|DK1","658.83","742.75","762.21","827.92"
"08/05/2023 15:00:00 - 08/05/2023 16:00:00","BZN|DK1","770.58","766.29","794.75","798.21"
"08/05/2023 16:00:00 - 08/05/2023 17:00:00","BZN|DK1","765.00","736.13","702.29","754.18"
"08/05/2023 17:00:00 - 08/05/2023 18:00:00","BZN|DK1","754.67","791.79","680.21","599.17"
"08/05/2023 18:00:00 - 08/05/2023 19:00:00","BZN|DK1","790.83","826.79","585.46","590.11"
"08/05/2023 19:00:00 - 08/05/2023 20:00:00","BZN|DK1","875.21","868.63","581.92","613.30"
"08/05/2023 20:00:00 - 08/05/2023 21:00:00","BZN|DK1","908.33","914.08","658.04","656.65"
"08/05/2023 21:00:00 - 08/05/2023 22:00:00","BZN|DK1","952.17","968.38","728.83","767.28"
"08/05/2023 22:00:00 - 08/05/2023 23:00:00","BZN|DK1","990.63","1001.96","846.67","986.24"
"08/05/2023 23:00:00 - 09/05/2023 00:00:00","BZN|DK1","1018.96","1011.92","993.54","1053.24"
"09/05/2023 00:00:00 - 09/05/2023 01:00:00","BZN|DK1","1034.08","N/A","1054.71","1082.65"
"09/05/2023 01:00:00 - 09/05/2023 02:00:00","BZN|DK1","1009.00","N/A","992.04","1099.34"
"09/05/2023 02:00:00 - 09/05/2023 03:00:00","BZN|DK1","989.21","N/A","1007.17","1094.53"
"09/05/2023 03:00:00 - 09/05/2023 04:00:00","BZN|DK1","957.88","N/A","1001.25","1029.74"
"09/05/2023 04:00:00 - 09/05/2023 05:00:00","BZN|DK1","938.38","N/A","974.17","927.87"
"09/05/2023 05:00:00 - 09/05/2023 06:00:00","BZN|DK1","893.46","N/A","901.75","881.46"
"09/05/2023 06:00:00 - 09/05/2023 07:00:00","BZN|DK1","901.71","N/A","842.50","811.23"
"09/05/2023 07:00:00 - 09/05/2023 08:00:00","BZN|DK1","955.25","N/A","872.38","899.70"
"09/05/2023 08:00:00 - 09/05/2023 09:00:00","BZN|DK1","965.21","858.08","854.46","907.12"
"09/05/2023 09:00:00 - 09/05/2023 10:00:00","BZN|DK1","953.08","899.08","855.46","785.16"
"09/05/2023 10:00:00 - 09/05/2023 11:00:00","BZN|DK1","890.21","884.75","771.38","949.28"
"09/05/2023 11:00:00 - 09/05/2023 12:00:00","BZN|DK1","824.71","866.21","857.33","952.77"
"09/05/2023 12:00:00 - 09/05/2023 13:00:00","BZN|DK1","776.67","787.46","841.88","981.78"
"09/05/2023 13:00:00 - 09/05/2023 14:00:00","BZN|DK1","784.88","792.25","929.96","955.35"
"09/05/2023 14:00:00 - 09/05/2023 15:00:00","BZN|DK1","733.96","810.29","890.04","880.81"
"09/05/2023 15:00:00 - 09/05/2023 16:00:00","BZN|DK1","684.33","804.71","835.79","850.53"
"09/05/2023 16:00:00 - 09/05/2023 17:00:00","BZN|DK1","516.83","681.33","625.50","616.61"
"09/05/2023 17:00:00 - 09/05/2023 18:00:00","BZN|DK1","446.38","619.96","522.71","372.96"
"09/05/2023 18:00:00 - 09/05/2023 19:00:00","BZN|DK1","423.13","649.08","340.83","477.96"
"09/05/2023 19:00:00 - 09/05/2023 20:00:00","BZN|DK1","439.00","637.54","441.29","435.82"
"09/05/2023 20:00:00 - 09/05/2023 21:00:00","BZN|DK1","537.29","694.42","432.67","434.72"
"09/05/2023 21:00:00 - 09/05/2023 22:00:00","BZN|DK1","637.04","713.21","457.13","486.70"
"09/05/2023 22:00:00 - 09/05/2023 23:00:00","BZN|DK1","604.67","747.50","622.04","520.74"
"09/05/2023 23:00:00 - 10/05/2023 00:00:00","BZN|DK1","647.58","770.96","545.58","562.52"
"10/05/2023 00:00:00 - 10/05/2023 01:00:00","BZN|DK1","891.46","N/A","683.21","583.55"
"10/05/2023 01:00:00 - 10/05/2023 02:00:00","BZN|DK1","919.04","N/A","619.83","769.73"
"10/05/2023 02:00:00 - 10/05/2023 03:00:00","BZN|DK1","853.67","N/A","804.38","865.58"
"10/05/2023 03:00:00 - 10/05/2023 04:00:00","BZN|DK1","810.58","N/A","787.63","875.91"
"10/05/2023 04:00:00 - 10/05/2023 05:00:00","BZN|DK1","778.29","N/A","786.83","817.93"
"10/05/2023 05:00:00 - 10/05/2023 06:00:00","BZN|DK1","770.29","N/A","703.83","800.48"
"10/05/2023 06:00:00 - 10/05/2023 07:00:00","BZN|DK1","803.42","N/A","819.79","867.71"
"10/05/2023 07:00:00 - 10/05/2023 08:00:00","BZN|DK1","834.58","N/A","829.50","905.86"
"10/05/2023 08:00:00 - 10/05/2023 09:00:00","BZN|DK1","826.00","852.38","848.38","959.64"
"10/05/2023 09:00:00 - 10/05/2023 10:00:00","BZN|DK1","759.71","776.83","825.38","898.73"
"10/05/2023 10:00:00 - 10/05/2023 11:00:00","BZN|DK1","644.29","654.29","749.58","799.92"
"10/05/2023 11:00:00 - 10/05/2023 12:00:00","BZN|DK1","604.54","610.29","675.71","766.88"
"10/05/2023 12:00:00 - 10/05/2023 13:00:00","BZN|DK1","571.50","576.04","692.38","734.16"
"10/05/2023 13:00:00 - 10/05/2023 14:00:00","BZN|DK1","567.71","571.88","605.63","612.04"
"10/05/2023 14:00:00 - 10/05/2023 15:00:00","BZN|DK1","561.13","565.21","548.71","627.59"
"10/05/2023 15:00:00 - 10/05/2023 16:00:00","BZN|DK1","533.79","537.58","559.00","662.47"
"10/05/2023 16:00:00 - 10/05/2023 17:00:00","BZN|DK1","510.13","513.13","551.96","519.86"
"10/05/2023 17:00:00 - 10/05/2023 18:00:00","BZN|DK1","524.13","527.21","338.25","373.11"
"10/05/2023 18:00:00 - 10/05/2023 19:00:00","BZN|DK1","508.33","510.71","310.00","370.16"
"10/05/2023 19:00:00 - 10/05/2023 20:00:00","BZN|DK1","517.79","520.04","369.46","421.02"
"10/05/2023 20:00:00 - 10/05/2023 21:00:00","BZN|DK1","535.71","531.96","459.38","468.60"
"10/05/2023 21:00:00 - 10/05/2023 22:00:00","BZN|DK1","499.46","499.46","443.42","436.92"
"10/05/2023 22:00:00 - 10/05/2023 23:00:00","BZN|DK1","496.08","496.08","432.00","438.11"
"10/05/2023 23:00:00 - 11/05/2023 00:00:00","BZN|DK1","481.42","481.42","435.63","431.15"
"11/05/2023 00:00:00 - 11/05/2023 01:00:00","BZN|DK1","423.50","N/A","376.33","378.61"
"11/05/2023 01:00:00 - 11/05/2023 02:00:00","BZN|DK1","328.13","N/A","284.46","263.32"
"11/05/2023 02:00:00 - 11/05/2023 03:00:00","BZN|DK1","259.04","N/A","205.63","169.02"
"11/05/2023 03:00:00 - 11/05/2023 04:00:00","BZN|DK1","213.50","N/A","90.67","86.47"
"11/05/2023 04:00:00 - 11/05/2023 05:00:00","BZN|DK1","146.50","N/A","44.04","41.02"
"11/05/2023 05:00:00 - 11/05/2023 06:00:00","BZN|DK1","108.50","N/A","28.00","11.47"
"11/05/2023 06:00:00 - 11/05/2023 07:00:00","BZN|DK1","89.33","N/A","0.04","4.77"
"11/05/2023 07:00:00 - 11/05/2023 08:00:00","BZN|DK1","81.88","N/A","6.71","5.27"
"11/05/2023 08:00:00 - 11/05/2023 09:00:00","BZN|DK1","72.00","15.63","14.75","6.29"
"11/05/2023 09:00:00 - 11/05/2023 10:00:00","BZN|DK1","68.67","29.38","10.13","11.06"
"11/05/2023 10:00:00 - 11/05/2023 11:00:00","BZN|DK1","85.50","24.00","18.42","17.45"
"11/05/2023 11:00:00 - 11/05/2023 12:00:00","BZN|DK1","85.13","36.38","38.21","18.50"
"11/05/2023 12:00:00 - 11/05/2023 13:00:00","BZN|DK1","77.13","50.00","17.67","47.08"
"11/05/2023 13:00:00 - 11/05/2023 14:00:00","BZN|DK1","106.79","68.29","65.29","59.42"
"11/05/2023 14:00:00 - 11/05/2023 15:00:00","BZN|DK1","152.08","104.50","86.42","44.51"
"11/05/2023 15:00:00 - 11/05/2023 16:00:00","BZN|DK1","211.21","132.29","72.08","15.09"
"11/05/2023 16:00:00 - 11/05/2023 17:00:00","BZN|DK1","240.46","190.21","77.46","23.26"
"11/05/2023 17:00:00 - 11/05/2023 18:00:00","BZN|DK1","292.92","270.79","111.79","60.82"
"11/05/2023 18:00:00 - 11/05/2023 19:00:00","BZN|DK1","343.58","329.08","170.17","95.43"
"11/05/2023 19:00:00 - 11/05/2023 20:00:00","BZN|DK1","441.46","439.92","243.50","151.85"
"11/05/2023 20:00:00 - 11/05/2023 21:00:00","BZN|DK1","506.92","481.75","274.96","218.20"
"11/05/2023 21:00:00 - 11/05/2023 22:00:00","BZN|DK1","505.54","510.38","267.83","233.05"
"11/05/2023 22:00:00 - 11/05/2023 23:00:00","BZN|DK1","495.42","516.88","281.25","380.54"
"11/05/2023 23:00:00 - 12/05/2023 00:00:00","BZN|DK1","512.13","558.29","495.92","595.52"
"12/05/2023 00:00:00 - 12/05/2023 01:00:00","BZN|DK1","473.42","N/A","592.29","616.81"
"12/05/2023 01:00:00 - 12/05/2023 02:00:00","BZN|DK1","469.13","N/A","543.88","565.24"
"12/05/2023 02:00:00 - 12/05/2023 03:00:00","BZN|DK1","468.38","N/A","507.00","488.42"
"12/05/2023 03:00:00 - 12/05/2023 04:00:00","BZN|DK1","436.33","N/A","402.33","336.88"
"12/05/2023 04:00:00 - 12/05/2023 05:00:00","BZN|DK1","375.83","N/A","238.63","243.04"
"12/05/2023 05:00:00 - 12/05/2023 06:00:00","BZN|DK1","340.38","N/A","226.38","215.42"
"12/05/2023 06:00:00 - 12/05/2023 07:00:00","BZN|DK1","315.00","N/A","222.50","194.72"
"12/05/2023 07:00:00 - 12/05/2023 08:00:00","BZN|DK1","286.08","N/A","160.46","197.38"
"12/05/2023 08:00:00 - 12/05/2023 09:00:00","BZN|DK1","245.79","168.13","164.29","130.39"
"12/05/2023 09:00:00 - 12/05/2023 10:00:00","BZN|DK1","185.71","123.71","85.79","85.49"
"12/05/2023 10:00:00 - 12/05/2023 11:00:00","BZN|DK1","142.83","91.00","67.50","54.63"
"12/05/2023 11:00:00 - 12/05/2023 12:00:00","BZN|DK1","94.96","65.58","42.17","61.74"
"12/05/2023 12:00:00 - 12/05/2023 13:00:00","BZN|DK1","48.96","42.83","42.54","47.96"
"12/05/2023 13:00:00 - 12/05/2023 14:00:00","BZN|DK1","59.67","42.79","32.71","31.48"
"12/05/2023 14:00:00 - 12/05/2023 15:00:00","BZN|DK1","60.96","46.58","13.75","5.71"
"12/05/2023 15:00:00 - 12/05/2023 16:00:00","BZN|DK1","49.08","33.63","4.04","3.14"
"12/05/2023 16:00:00 - 12/05/2023 17:00:00","BZN|DK1","44.33","30.58","1.54","3.17"
"12/05/2023 17:00:00 - 12/05/2023 18:00:00","BZN|DK1","60.33","27.67","5.42","5.95"
"12/05/2023 18:00:00 - 12/05/2023 19:00:00","BZN|DK1","63.50","49.54","37.63","22.96"
"12/05/2023 19:00:00 - 12/05/2023 20:00:00","BZN|DK1","84.67","97.38","22.79","57.36"
"12/05/2023 20:00:00 - 12/05/2023 21:00:00","BZN|DK1","133.50","120.50","32.54","21.54"
"12/05/2023 21:00:00 - 12/05/2023 22:00:00","BZN|DK1","188.92","130.92","28.79","42.12"
"12/05/2023 22:00:00 - 12/05/2023 23:00:00","BZN|DK1","202.25","143.54","73.79","154.38"
"12/05/2023 23:00:00 - 13/05/2023 00:00:00","BZN|DK1","216.83","154.92","187.08","243.09"
"13/05/2023 00:00:00 - 13/05/2023 01:00:00","BZN|DK1","118.75","N/A","178.67","196.97"
"13/05/2023 01:00:00 - 13/05/2023 02:00:00","BZN|DK1","65.67","N/A","130.58","128.77"
"13/05/2023 02:00:00 - 13/05/2023 03:00:00","BZN|DK1","50.54","N/A","93.88","79.98"
"13/05/2023 03:00:00 - 13/05/2023 04:00:00","BZN|DK1","37.75","N/A","48.21","40.01"
"13/05/2023 04:00:00 - 13/05/2023 05:00:00","BZN|DK1","27.83","N/A","16.17","18.58"
"13/05/2023 05:00:00 - 13/05/2023 06:00:00","BZN|DK1","22.42","N/A","6.88","10.56"
"13/05/2023 06:00:00 - 13/05/2023 07:00:00","BZN|DK1","42.83","N/A","8.67","3.42"
"13/05/2023 07:00:00 - 13/05/2023 08:00:00","BZN|DK1","69.71","N/A","4.00","15.89"
"13/05/2023 08:00:00 - 13/05/2023 09:00:00","BZN|DK1","69.63","33.58","36.13","39.07"
"13/05/2023 09:00:00 - 13/05/2023 10:00:00","BZN|DK1","82.92","27.29","24.21","35.18"
"13/05/2023 10:00:00 - 13/05/2023 11:00:00","BZN|DK1","105.79","35.50","34.08","36.74"
"13/05/2023 11:00:00 - 13/05/2023 12:00:00","BZN|DK1","69.46","43.50","50.46","33.47"
"13/05/2023 12:00:00 - 13/05/2023 13:00:00","BZN|DK1","60.75","59.75","50.75","28.89"
"13/05/2023 13:00:00 - 13/05/2023 14:00:00","BZN|DK1","106.38","61.96","32.83","75.58"
"13/05/2023 14:00:00 - 13/05/2023 15:00:00","BZN|DK1","139.67","78.38","96.71","150.45"
"13/05/2023 15:00:00 - 13/05/2023 16:00:00","BZN|DK1","149.33","109.71","199.67","201.93"
"13/05/2023 16:00:00 - 13/05/2023 17:00:00","BZN|DK1","195.42","213.83","238.79","187.96"
"13/05/2023 17:00:00 - 13/05/2023 18:00:00","BZN|DK1","206.04","253.58","221.88","168.63"
"13/05/2023 18:00:00 - 13/05/2023 19:00:00","BZN|DK1","191.67","239.71","178.92","204.19"
"13/05/2023 19:00:00 - 13/05/2023 20:00:00","BZN|DK1","186.63","232.71","230.25","219.39"
"13/05/2023 20:00:00 - 13/05/2023 21:00:00","BZN|DK1","200.04","211.21","262.38","231.45"
"13/05/2023 21:00:00 - 13/05/2023 22:00:00","BZN|DK1","153.58","179.88","238.54","257.19"
"13/05/2023 22:00:00 - 13/05/2023 23:00:00","BZN|DK1","125.25","129.13","211.54","224.78"
"13/05/2023 23:00:00 - 14/05/2023 00:00:00","BZN|DK1","93.67","91.75","155.83","153.21"
"14/05/2023 00:00:00 - 14/05/2023 01:00:00","BZN|DK1","106.75","N/A","111.92","142.77"
"14/05/2023 01:00:00 - 14/05/2023 02:00:00","BZN|DK1","70.88","N/A","89.42","108.75"
"14/05/2023 02:00:00 - 14/05/2023 03:00:00","BZN|DK1","56.71","N/A","73.33","82.84"
"14/05/2023 03:00:00 - 14/05/2023 04:00:00","BZN|DK1","65.46","N/A","103.29","104.56"
"14/05/2023 04:00:00 - 14/05/2023 05:00:00","BZN|DK1","85.75","N/A","133.38","111.49"
"14/05/2023 05:00:00 - 14/05/2023 06:00:00","BZN|DK1","91.96","N/A","101.25","123.55"
"14/05/2023 06:00:00 - 14/05/2023 07:00:00","BZN|DK1","104.75","N/A","154.17","98.29"
"14/05/2023 07:00:00 - 14/05/2023 08:00:00","BZN|DK1","109.63","N/A","132.58","116.57"
"14/05/2023 08:00:00 - 14/05/2023 09:00:00","BZN|DK1","94.46","85.17","79.58","46.98"
"14/05/2023 09:00:00 - 14/05/2023 10:00:00","BZN|DK1","69.21","115.63","61.71","85.14"
"14/05/2023 10:00:00 - 14/05/2023 11:00:00","BZN|DK1","48.33","63.08","47.21","34.23"
"14/05/2023 11:00:00 - 14/05/2023 12:00:00","BZN|DK1","47.54","69.38","36.58","31.41"
"14/05/2023 12:00:00 - 14/05/2023 13:00:00","BZN|DK1","34.04","57.83","20.21","39.12"
"14/05/2023 13:00:00 - 14/05/2023 14:00:00","BZN|DK1","37.21","78.33","75.46","40.82"
"14/05/2023 14:00:00 - 14/05/2023 15:00:00","BZN|DK1","36.58","110.21","40.33","30.07"
"14/05/2023 15:00:00 - 14/05/2023 16:00:00","BZN|DK1","36.13","156.71","59.92","16.64"
"14/05/2023 16:00:00 - 14/05/2023 17:00:00","BZN|DK1","43.42","83.08","36.25","20.44"
"14/05/2023 17:00:00 - 14/05/2023 18:00:00","BZN|DK1","73.29","77.38","98.58","41.19"
"14/05/2023 18:00:00 - 14/05/2023 19:00:00","BZN|DK1","84.33","101.42","24.33","18.36"
"14/05/2023 19:00:00 - 14/05/2023 20:00:00","BZN|DK1","46.08","67.46","5.25","16.67"
"14/05/2023 20:00:00 - 14/05/2023 21:00:00","BZN|DK1","44.08","64.00","22.96","55.78"
"14/05/2023 21:00:00 - 14/05/2023 22:00:00","BZN|DK1","52.00","59.38","73.25","106.06"
"14/05/2023 22:00:00 - 14/05/2023 23:00:00","BZN|DK1","69.38","70.79","93.08","77.00"
"14/05/2023 23:00:00 - 15/05/2023 00:00:00","BZN|DK1","74.08","65.71","60.63","25.22"
"15/05/2023 00:00:00 - 15/05/2023 01:00:00","BZN|DK1","10.88","N/A","170.67","55.46"
"15/05/2023 01:00:00 - 15/05/2023 02:00:00","BZN|DK1","22.25","N/A","16.50","56.90"
"15/05/2023 02:00:00 - 15/05/2023 03:00:00","BZN|DK1","21.50","N/A","85.50","37.23"
"15/05/2023 03:00:00 - 15/05/2023 04:00:00","BZN|DK1","24.67","N/A","121.83","48.93"
"15/05/2023 04:00:00 - 15/05/2023 05:00:00","BZN|DK1","29.17","N/A","88.25","101.04"
"15/05/2023 05:00:00 - 15/05/2023 06:00:00","BZN|DK1","33.42","N/A","66.25","101.16"
"15/05/2023 06:00:00 - 15/05/2023 07:00:00","BZN|DK1","41.08","N/A","124.67","109.24"
"15/05/2023 07:00:00 - 15/05/2023 08:00:00","BZN|DK1","59.08","N/A","96.67","124.35"
"15/05/2023 08:00:00 - 15/05/2023 09:00:00","BZN|DK1","80.79","90.79","94.38","94.08"
"15/05/2023 09:00:00 - 15/05/2023 10:00:00","BZN|DK1","116.96","106.75","85.83","57.77"
"15/05/2023 10:00:00 - 15/05/2023 11:00:00","BZN|DK1","159.38","125.08","81.13","64.75"
"15/05/2023 11:00:00 - 15/05/2023 12:00:00","BZN|DK1","190.13","167.13","85.17","114.65"
"15/05/2023 12:00:00 - 15/05/2023 13:00:00","BZN|DK1","281.13","211.00","185.75","175.22"
"15/05/2023 13:00:00 - 15/05/2023 14:00:00","BZN|DK1","314.63","239.13","241.50","276.55"
"15/05/2023 14:00:00 - 15/05/2023 15:00:00","BZN|DK1","402.04","312.67","362.50","303.29"
"15/05/2023 15:00:00 - 15/05/2023 16:00:00","BZN|DK1","435.96","360.25","335.67","351.40"
"15/05/2023 16:00:00 - 15/05/2023 17:00:00","BZN|DK1","481.17","454.79","439.29","492.46"
"15/05/2023 17:00:00 - 15/05/2023 18:00:00","BZN|DK1","571.29","505.13","531.42","521.21"
"15/05/2023 18:00:00 - 15/05/2023 19:00:00","BZN|DK1","608.29","474.17","515.75","441.57"
"15/05/2023 19:00:00 - 15/05/2023 20:00:00","BZN|DK1","606.42","472.33","365.71","384.51"
"15/05/2023 20:00:00 - 15/05/2023 21:00:00","BZN|DK1","560.08","527.13","501.38","705.88"
"15/05/2023 21:00:00 - 15/05/2023 22:00:00","BZN|DK1","603.04","585.58","788.25","751.40"
"15/05/2023 22:00:00 - 15/05/2023 23:00:00","BZN|DK1","727.13","628.67","814.04","756.36"
"15/05/2023 23:00:00 - 16/05/2023 00:00:00","BZN|DK1","817.54","679.17","783.79","737.16"
"16/05/2023 00:00:00 - 16/05/2023 01:00:00","BZN|DK1","883.17","N/A","761.63","832.83"
"16/05/2023 01:00:00 - 16/05/2023 02:00:00","BZN|DK1","882.63","N/A","861.67","884.50"
"16/05/2023 02:00:00 - 16/05/2023 03:00:00","BZN|DK1","892.83","N/A","899.75","913.31"
"16/05/2023 03:00:00 - 16/05/2023 04:00:00","BZN|DK1","837.08","N/A","878.88","942.55"
"16/05/2023 04:00:00 - 16/05/2023 05:00:00","BZN|DK1","820.08","N/A","889.79","827.35"
"16/05/2023 05:00:00 - 16/05/2023 06:00:00","BZN|DK1","815.13","N/A","803.00","847.31"
"16/05/2023 06:00:00 - 16/05/2023 07:00:00","BZN|DK1","811.67","N/A","794.08","738.11"
"16/05/2023 07:00:00 - 16/05/2023 08:00:00","BZN|DK1","841.13","N/A","761.63","852.22"
"16/05/2023 08:00:00 - 16/05/2023 09:00:00","BZN|DK1","869.08","832.29","826.17","917.65"
"16/05/2023 09:00:00 - 16/05/2023 10:00:00","BZN|DK1","832.00","821.33","857.92","923.74"
"16/05/2023 10:00:00 - 16/05/2023 11:00:00","BZN|DK1","801.50","820.50","832.25","901.29"
"16/05/2023 11:00:00 - 16/05/2023 12:00:00","BZN|DK1","779.29","784.88","810.88","900.29"
"16/05/2023 12:00:00 - 16/05/2023 13:00:00","BZN|DK1","783.75","737.46","854.29","882.02"
"16/05/2023 13:00:00 - 16/05/2023 14:00:00","BZN|DK1","744.96","724.04","805.50","872.53"
"16/05/2023 14:00:00 - 16/05/2023 15:00:00","BZN|DK1","718.83","755.42","800.08","826.67"
"16/05/2023 15:00:00 - 16/05/2023 16:00:00","BZN|DK1","699.54","780.33","752.96","855.26"
"16/05/2023 16:00:00 - 16/05/2023 17:00:00","BZN|DK1","702.58","854.79","828.08","831.08"
"16/05/2023 17:00:00 - 16/05/2023 18:00:00","BZN|DK1","781.71","906.67","876.63","897.95"
"16/05/2023 18:00:00 - 16/05/2023 19:00:00","BZN|DK1","847.25","949.54","906.21","902.25"
"16/05/2023 19:00:00 - 16/05/2023 20:00:00","BZN|DK1","873.25","1003.00","897.88","985.50"
"16/05/2023 20:00:00 - 16/05/2023 21:00:00","BZN|DK1","963.17","1053.25","1038.33","1125.56"
"16/05/2023 21:00:00 - 16/05/2023 22:00:00","BZN|DK1","1042.38","1069.33","1120.29","1097.32"
"16/05/2023 22:00:00 - 16/05/2023 23:00:00","BZN|DK1","1058.79","1079.54","1062.63","1094.26"
"16/05/2023 23:00:00 - 17/05/2023 00:00:00","BZN|DK1","1057.54","1069.13","1047.54","1082.11"
"17/05/2023 00:00:00 - 17/05/2023 01:00:00","BZN|DK1","1105.17","N/A","1042.58","1176.14"
"17/05/2023 01:00:00 - 17/05/2023 02:00:00","BZN|DK1","1079.54","N/A","1081.58","1085.27"
"17/05/2023 02:00:00 - 17/05/2023 03:00:00","BZN|DK1","1072.54","N/A","1053.33","1169.87"
"17/05/2023 03:00:00 - 17/05/2023 04:00:00","BZN|DK1","1030.75","N/A","1077.92","1175.85"
"17/05/2023 04:00:00 - 17/05/2023 05:00:00","BZN|DK1","1023.67","N/A","1103.29","1179.11"
"17/05/2023 05:00:00 - 17/05/2023 06:00:00","BZN|DK1","1001.38","N/A","1094.63","1098.36"
"17/05/2023 06:00:00 - 17/05/2023 07:00:00","BZN|DK1","1000.75","N/A","1030.42","1095.53"
"17/05/2023 07:00:00 - 17/05/2023 08:00:00","BZN|DK1","1024.63","N/A","1082.79","1119.34"
"17/05/2023 08:00:00 - 17/05/2023 09:00:00","BZN|DK1","1029.83","1062.67","1060.33","1183.05"
"17/05/2023 09:00:00 - 17/05/2023 10:00:00","BZN|DK1","984.33","1045.04","1091.63","1122.29"
"17/05/2023 10:00:00 - 17/05/2023 11:00:00","BZN|DK1","963.25","1019.29","1055.58","1167.70"
"17/05/2023 11:00:00 - 17/05/2023 12:00:00","BZN|DK1","938.50","1004.54","1046.83","1084.59"
"17/05/2023 12:00:00 - 17/05/2023 13:00:00","BZN|DK1","927.67","962.42","973.50","1105.94"
"17/05/2023 13:00:00 - 17/05/2023 14:00:00","BZN|DK1","922.71","948.25","973.33","965.68"
"17/05/2023 14:00:00 - 17/05/2023 15:00:00","BZN|DK1","903.46","901.08","846.13","896.17"
"17/05/2023 15:00:00 - 17/05/2023 16:00:00","BZN|DK1","820.33","830.00","815.00","834.60"
"17/05/2023 16:00:00 - 17/05/2023 17:00:00","BZN|DK1","714.08","751.08","792.38","755.20"
"17/05/2023 17:00:00 - 17/05/2023 18:00:00","BZN|DK1","695.29","727.21","699.92","660.38"
"17/05/2023 18:00:00 - 17/05/2023 19:00:00","BZN|DK1","749.54","724.46","581.58","560.37"
"17/05/2023 19:00:00 - 17/05/2023 20:00:00","BZN|DK1","835.83","734.54","549.42","684.37"
"17/05/2023 20:00:00 - 17/05/2023 21:00:00","BZN|DK1","875.42","717.75","768.08","821.38"
"17/05/2023 21:00:00 - 17/05/2023 22:00:00","BZN|DK1","833.46","639.25","715.88","746.70"
"17/05/2023 22:00:00 - 17/05/2023 23:00:00","BZN|DK1","704.63","564.17","614.08","598.28"
"17/05/2023 23:00:00 - 18/05/2023 00:00:00","BZN|DK1","659.21","531.67","507.08","578.23"
"18/05/2023 00:00:00 - 18/05/2023 01:00:00","BZN|DK1","570.92","N/A","543.50","621.52"
"18/05/2023 01:00:00 - 18/05/2023 02:00:00","BZN|DK1","545.63","N/A","588.50","596.78"
"18/05/2023 02:00:00 - 18/05/2023 03:00:00","BZN|DK1","497.00","N/A","468.25","466.76"
"18/05/2023 03:00:00 - 18/05/2023 04:00:00","BZN|DK1","441.04","N/A","355.00","377.78"
"18/05/2023 04:00:00 - 18/05/2023 05:00:00","BZN|DK1","370.46","N/A","327.83","346.91"
"18/05/2023 05:00:00 - 18/05/2023 06:00:00","BZN|DK1","264.88","N/A","295.42","317.86"
"18/05/2023 06:00:00 - 18/05/2023 07:00:00","BZN|DK1","209.25","N/A","260.67","219.25"
"18/05/2023 07:00:00 - 18/05/2023 08:00:00","BZN|DK1","178.04","N/A","106.63","137.18"
"18/05/2023 08:00:00 - 18/05/2023 09:00:00","BZN|DK1","127.58","97.88","98.00","86.89"
"18/05/2023 09:00:00 - 18/05/2023 10:00:00","BZN|DK1","83.96","76.96","48.50","39.02"
"18/05/2023 10:00:00 - 18/05/2023 11:00:00","BZN|DK1","55.83","58.71","25.00","37.51"
"18/05/2023 11:00:00 - 18/05/2023 12:00:00","BZN|DK1","43.21","39.50","34.00","29.57"
"18/05/2023 12:00:00 - 18/05/2023 13:00:00","BZN|DK1","32.88","27.54","24.67","12.92"
"18/05/2023 13:00:00 - 18/05/2023 14:00:00","BZN|DK1","31.58","25.00","8.33","9.78"
"18/05/2023 14:00:00 - 18/05/2023 15:00:00","BZN|DK1","36.00","29.58","11.54","12.10"
"18/05/2023 15:00:00 - 18/05/2023 16:00:00","BZN|DK1","31.67","36.54","9.46","9.58"
"18/05/2023 16:00:00 - 18/05/2023 17:00:00","BZN|DK1","27.38","36.29","20.04","17.54"
"18/05/2023 17:00:00 - 18/05/2023 18:00:00","BZN|DK1","29.67","29.67","17.79","9.27"
"18/05/2023 18:00:00 - 18/05/2023 19:00:00","BZN|DK1","27.25","29.58","9.17","16.80"
"18/05/2023 19:00:00 - 18/05/2023 20:00:00","BZN|DK1","18.17","27.54","19.54","12.26"
"18/05/2023 20:00:00 - 18/05/2023 21:00:00","BZN|DK1","12.71","25.71","12.88","15.43"
"18/05/2023 21:00:00 - 18/05/2023 22:00:00","BZN|DK1","12.38","21.96","13.42","15.38"
"18/05/2023 22:00:00 - 18/05/2023 23:00:00","BZN|DK1","14.75","17.42","10.38","15.66"
"18/05/2023 23:00:00 - 19/05/2023 00:00:00","BZN|DK1","16.63","14.92","15.75","19.28"
"19/05/2023 00:00:00 - 19/05/2023 01:00:00","BZN|DK1","11.33","N/A","17.54","9.01"
"19/05/2023 01:00:00 - 19/05/2023 02:00:00","BZN|DK1","7.17","N/A","4.50","3.38"
"19/05/2023 02:00:00 - 19/05/2023 03:00:00","BZN|DK1","5.42","N/A","3.88","0.78"
"19/05/2023 03:00:00 - 19/05/2023 04:00:00","BZN|DK1","4.21","N/A","0.46","0.84"
"19/05/2023 04:00:00 - 19/05/2023 05:00:00","BZN|DK1","9.21","N/A","4.42","1.97"
"19/05/2023 05:00:00 - 19/05/2023 06:00:00","BZN|DK1","19.33","N/A","9.50","11.49"
"19/05/2023 06:00:00 - 19/05/2023 07:00:00","BZN|DK1","21.63","N/A","19.38","22.91"
"19/05/2023 07:00:00 - 19/05/2023 08:00:00","BZN|DK1","20.38","N/A","21.00","27.75"
"19/05/2023 08:00:00 - 19/05/2023 09:00:00","BZN|DK1","18.88","22.63","19.08","7.59"
"19/05/2023 09:00:00 - 19/05/2023 10:00:00","BZN|DK1","10.25","20.08","4.25","0.56"
"19/05/2023 10:00:00 - 19/05/2023 11:00:00","BZN|DK1","8.67","19.29","0.25","0.00"
"19/05/2023 11:00:00 - 19/05/2023 12:00:00","BZN|DK1","10.17","16.25","0.00","0.00"
"19/05/2023 12:00:00 - 19/05/2023 13:00:00","BZN|DK1","13.54","10.75","0.29","0.00"
"19/05/2023 13:00:00 - 19/05/2023 14:00:00","BZN|DK1","20.17","9.50","0.50","0.02"
"19/05/2023 14:00:00 - 19/05/2023 15:00:00","BZN|DK1","26.29","14.29","1.96","0.53"
"19/05/2023 15:00:00 - 19/05/2023 16:00:00","BZN|DK1","43.38","23.75","13.46","14.43"
"19/05/2023 16:00:00 - 19/05/2023 17:00:00","BZN|DK1","78.83","54.88","44.33","60.10"
"19/05/2023 17:00:00 - 19/05/2023 18:00:00","BZN|DK1","140.58","132.88","107.38","85.42"
"19/05/2023 18:00:00 - 19/05/2023 19:00:00","BZN|DK1","212.33","235.79","181.04","144.44"
"19/05/2023 19:00:00 - 19/05/2023 20:00:00","BZN|DK1","256.25","400.21","332.50","269.23"
"19/05/2023 20:00:00 - 19/05/2023 21:00:00","BZN|DK1","240.54","385.04","353.08","424.07"
"19/05/2023 21:00:00 - 19/05/2023 22:00:00","BZN|DK1","238.08","309.46","347.17","540.88"
"19/05/2023 22:00:00 - 19/05/2023 23:00:00","BZN|DK1","213.92","229.21","433.83","411.97"
"19/05/2023 23:00:00 - 20/05/2023 00:00:00","BZN|DK1","200.29","189.00","268.54","261.67"
"20/05/2023 00:00:00 - 20/05/2023 01:00:00","BZN|DK1","88.63","N/A","157.96","90.26"
"20/05/2023 01:00:00 - 20/05/2023 02:00:00","BZN|DK1","87.54","N/A","45.46","67.27"
"20/05/2023 02:00:00 - 20/05/2023 03:00:00","BZN|DK1","74.17","N/A","77.54","45.71"
"20/05/2023 03:00:00 - 20/05/2023 04:00:00","BZN|DK1","56.83","N/A","33.04","24.16"
"20/05/2023 04:00:00 - 20/05/2023 05:00:00","BZN|DK1","52.17","N/A","41.96","34.50"
"20/05/2023 05:00:00 - 20/05/2023 06:00:00","BZN|DK1","80.92","N/A","66.50","71.48"
"20/05/2023 06:00:00 - 20/05/2023 07:00:00","BZN|DK1","121.50","N/A","93.50","103.32"
"20/05/2023 07:00:00 - 20/05/2023 08:00:00","BZN|DK1","134.38","N/A","95.25","91.54"
"20/05/2023 08:00:00 - 20/05/2023 09:00:00","BZN|DK1","120.50","84.46","82.96","78.30"
"20/05/2023 09:00:00 - 20/05/2023 10:00:00","BZN|DK1","71.46","56.29","57.00","63.93"
"20/05/2023 10:00:00 - 20/05/2023 11:00:00","BZN|DK1","55.08","51.00","45.13","42.06"
"20/05/2023 11:00:00 - 20/05/2023 12:00:00","BZN|DK1","48.08","48.08","45.04","54.21"
"20/05/2023 12:00:00 - 20/05/2023 13:00:00","BZN|DK1","64.08","70.00","73.50","94.03"
"20/05/2023 13:00:00 - 20/05/2023 14:00:00","BZN|DK1","107.92","111.50","109.50","121.69"
"20/05/2023 14:00:00 - 20/05/2023 15:00:00","BZN|DK1","156.46","184.83","181.79","253.01"
"20/05/2023 15:00:00 - 20/05/2023 16:00:00","BZN|DK1","216.38","254.92","358.42","381.47"
"20/05/2023 16:00:00 - 20/05/2023 17:00:00","BZN|DK1","300.63","363.42","449.50","390.83"
"20/05/2023 17:00:00 - 20/05/2023 18:00:00","BZN|DK1","322.50","373.29","371.83","346.16"
"20/05/2023 18:00:00 - 20/05/2023 19:00:00","BZN|DK1","215.33","185.42","270.29","375.61"
"20/05/2023 19:00:00 - 20/05/2023 20:00:00","BZN|DK1","108.38","88.58","258.96","248.36"
"20/05/2023 20:00:00 - 20/05/2023 21:00:00","BZN|DK1","71.58","85.63","116.83","83.40"
"20/05/2023 21:00:00 - 20/05/2023 22:00:00","BZN|DK1","77.88","95.08","77.83","74.60"
"20/05/2023 22:00:00 - 20/05/2023 23:00:00","BZN|DK1","87.42","101.21","88.13","90.87"
"20/05/2023 23:00:00 - 21/05/2023 00:00:00","BZN|DK1","93.25","105.88","114.63","121.61"
"21/05/2023 00:00:00 - 21/05/2023 01:00:00","BZN|DK1","152.50","N/A","147.38","161.57"
"21/05/2023 01:00:00 - 21/05/2023 02:00:00","BZN|DK1","176.29","N/A","173.33","186.08"
"21/05/2023 02:00:00 - 21/05/2023 03:00:00","BZN|DK1","171.63","N/A","138.25","124.48"
"21/05/2023 03:00:00 - 21/05/2023 04:00:00","BZN|DK1","178.67","N/A","133.71","156.80"
"21/05/2023 04:00:00 - 21/05/2023 05:00:00","BZN|DK1","220.88","N/A","183.96","189.81"
"21/05/2023 05:00:00 - 21/05/2023 06:00:00","BZN|DK1","239.50","N/A","234.58","268.83"
"21/05/2023 06:00:00 - 21/05/2023 07:00:00","BZN|DK1","258.00","N/A","282.58","306.26"
"21/05/2023 07:00:00 - 21/05/2023 08:00:00","BZN|DK1","289.42","N/A","306.71","285.65"
"21/05/2023 08:00:00 - 21/05/2023 09:00:00","BZN|DK1","253.38","287.63","290.25","377.39"
"21/05/2023 09:00:00 - 21/05/2023 10:00:00","BZN|DK1","202.08","275.71","408.17","415.23"
"21/05/2023 10:00:00 - 21/05/2023 11:00:00","BZN|DK1","216.71","250.92","351.50","281.05"
"21/05/2023 11:00:00 - 21/05/2023 12:00:00","BZN|DK1","207.67","195.83","244.75","223.05"
"21/05/2023 12:00:00 - 21/05/2023 13:00:00","BZN|DK1","219.92","226.54","193.46","156.68"
"21/05/2023 13:00:00 - 21/05/2023 14:00:00","BZN|DK1","244.83","254.79","134.04","12.74"
"21/05/2023 14:00:00 - 21/05/2023 15:00:00","BZN|DK1","246.63","256.13","42.92","3.69"
"21/05/2023 15:00:00 - 21/05/2023 16:00:00","BZN|DK1","288.21","251.33","51.42","82.43"
"21/05/2023 16:00:00 - 21/05/2023 17:00:00","BZN|DK1","317.88","255.67","159.17","133.46"
"21/05/2023 17:00:00 - 21/05/2023 18:00:00","BZN|DK1","319.25","272.46","179.17","261.60"
"21/05/2023 18:00:00 - 21/05/2023 19:00:00","BZN|DK1","292.96","261.88","260.25","287.27"
"21/05/2023 19:00:00 - 21/05/2023 20:00:00","BZN|DK1","300.75","250.00","330.58","332.05"
"21/05/2023 20:00:00 - 21/05/2023 21:00:00","BZN|DK1","320.42","260.75","381.29","393.76"
"21/05/2023 21:00:00 - 21/05/2023 22:00:00","BZN|DK1","327.83","326.04","457.08","382.28"
"21/05/2023 22:00:00 - 21/05/2023 23:00:00","BZN|DK1","384.42","410.04","425.50","403.12"
"21/05/2023 23:00:00 - 22/05/2023 00:00:00","BZN|DK1","445.13","445.96","443.63","475.45"
"22/05/2023 00:00:00 - 22/05/2023 01:00:00","BZN|DK1","536.75","N/A","499.50","554.32"
"22/05/2023 01:00:00 - 22/05/2023 02:00:00","BZN|DK1","489.42","N/A","596.96","718.35"
"22/05/2023 02:00:00 - 22/05/2023 03:00:00","BZN|DK1","507.08","N/A","690.75","625.05"
"22/05/2023 03:00:00 - 22/05/2023 04:00:00","BZN|DK1","475.00","N/A","599.83","525.13"
"22/05/2023 04:00:00 - 22/05/2023 05:00:00","BZN|DK1","446.17","N/A","501.92","540.83"
"22/05/2023 05:00:00 - 22/05/2023 06:00:00","BZN|DK1","438.92","N/A","642.71","562.47"
"22/05/2023 06:00:00 - 22/05/2023 07:00:00","BZN|DK1","529.63","N/A","493.58","538.58"
"22/05/2023 07:00:00 - 22/05/2023 08:00:00","BZN|DK1","627.33","N/A","459.71","206.69"
"22/05/2023 08:00:00 - 22/05/2023 09:00:00","BZN|DK1","624.29","162.71","199.25","175.17"
"22/05/2023 09:00:00 - 22/05/2023 10:00:00","BZN|DK1","482.96","231.92","179.38","83.81"
"22/05/2023 10:00:00 - 22/05/2023 11:00:00","BZN|DK1","351.92","273.79","106.08","200.79"
"22/05/2023 11:00:00 - 22/05/2023 12:00:00","BZN|DK1","203.46","212.63","150.21","216.13"
"22/05/2023 12:00:00 - 22/05/2023 13:00:00","BZN|DK1","122.67","175.58","185.21","252.62"
"22/05/2023 13:00:00 - 22/05/2023 14:00:00","BZN|DK1","139.58","197.63","293.63","337.74"
"22/05/2023 14:00:00 - 22/05/2023 15:00:00","BZN|DK1","169.38","184.67","311.33","244.96"
"22/05/2023 15:00:00 - 22/05/2023 16:00:00","BZN|DK1","228.33","190.83","229.21","139.96"
"22/05/2023 16:00:00 - 22/05/2023 17:00:00","BZN|DK1","273.46","261.33","218.58","85.22"
"22/05/2023 17:00:00 - 22/05/2023 18:00:00","BZN|DK1","202.58","208.13","148.92","164.09"
"22/05/2023 18:00:00 - 22/05/2023 19:00:00","BZN|DK1","114.67","112.00","218.33","194.51"
"22/05/2023 19:00:00 - 22/05/2023 20:00:00","BZN|DK1","130.42","103.29","183.79","454.78"
"22/05/2023 20:00:00 - 22/05/2023 21:00:00","BZN|DK1","149.29","113.29","456.42","530.08"
"22/05/2023 21:00:00 - 22/05/2023 22:00:00","BZN|DK1","202.46","141.71","447.67","528.16"
"22/05/2023 22:00:00 - 22/05/2023 23:00:00","BZN|DK1","321.25","217.83","504.42","553.21"
"22/05/2023 23:00:00 - 23/05/2023 00:00:00","BZN|DK1","434.17","329.46","500.96","646.02"
"23/05/2023 00:00:00 - 23/05/2023 01:00:00","BZN|DK1","489.83","N/A","723.58","744.15"
"23/05/2023 01:00:00 - 23/05/2023 02:00:00","BZN|DK1","635.58","N/A","783.71","727.14"
"23/05/2023 02:00:00 - 23/05/2023 03:00:00","BZN|DK1","683.42","N/A","703.17","667.24"
"23/05/2023 03:00:00 - 23/05/2023 04:00:00","BZN|DK1","660.50","N/A","649.21","641.57"
"23/05/2023 04:00:00 - 23/05/2023 05:00:00","BZN|DK1","667.42","N/A","639.96","688.77"
"23/05/2023 05:00:00 - 23/05/2023 06:00:00","BZN|DK1","658.04","N/A","671.63","757.79"
"23/05/2023 06:00:00 - 23/05/2023 07:00:00","BZN|DK1","650.42","N/A","708.04","640.14"
"23/05/2023 07:00:00 - 23/05/2023 08:00:00","BZN|DK1","659.08","N/A","661.42","704.09"
"23/05/2023 08:00:00 - 23/05/2023 09:00:00","BZN|DK1","664.54","693.08","677.38","763.82"
"23/05/2023 09:00:00 - 23/05/2023 10:00:00","BZN|DK1","682.71","708.13","765.17","834.94"
"23/05/2023 10:00:00 - 23/05/2023 11:00:00","BZN|DK1","696.58","761.54","782.46","842.51"
"23/05/2023 11:00:00 - 23/05/2023 12:00:00","BZN|DK1","691.79","742.38","737.54","770.32"
"23/05/2023 12:00:00 - 23/05/2023 13:00:00","BZN|DK1","797.58","715.92","760.13","788.13"
"23/05/2023 13:00:00 - 23/05/2023 14:00:00","BZN|DK1","824.00","739.38","744.38","795.10"
"23/05/2023 14:00:00 - 23/05/2023 15:00:00","BZN|DK1","672.17","753.92","734.88","721.57"
"23/05/2023 15:00:00 - 23/05/2023 16:00:00","BZN|DK1","644.08","717.83","708.50","824.83"
"23/05/2023 16:00:00 - 23/05/2023 17:00:00","BZN|DK1","664.67","715.46","819.46","866.96"
"23/05/2023 17:00:00 - 23/05/2023 18:00:00","BZN|DK1","769.63","762.46","824.33","818.27"
"23/05/2023 18:00:00 - 23/05/2023 19:00:00","BZN|DK1","756.13","775.42","765.92","810.44"
"23/05/2023 19:00:00 - 23/05/2023 20:00:00","BZN|DK1","715.33","762.29","769.46","772.99"
"23/05/2023 20:00:00 - 23/05/2023 21:00:00","BZN|DK1","737.67","762.38","735.42","698.60"
"23/05/2023 21:00:00 - 23/05/2023 22:00:00","BZN|DK1","732.58","761.08","728.79","722.62"
"23/05/2023 22:00:00 - 23/05/2023 23:00:00","BZN|DK1","742.13","734.29","686.17","709.09"
"23/05/2023 23:00:00 - 24/05/2023 00:00:00","BZN|DK1","754.46","713.96","678.25","660.76"
"24/05/2023 00:00:00 - 24/05/2023 01:00:00","BZN|DK1","750.54","N/A","663.00","721.74"
"24/05/2023 01:00:00 - 24/05/2023 02:00:00","BZN|DK1","739.17","N/A","719.63","749.11"
"24/05/2023 02:00:00 - 24/05/2023 03:00:00","BZN|DK1","749.25","N/A","717.54","730.93"
"24/05/2023 03:00:00 - 24/05/2023 04:00:00","BZN|DK1","752.17","N/A","671.88","723.52"
"24/05/2023 04:00:00 - 24/05/2023 05:00:00","BZN|DK1","731.67","N/A","691.08","694.32"
"24/05/2023 05:00:00 - 24/05/2023 06:00:00","BZN|DK1","702.96","N/A","652.00","675.33"
"24/05/2023 06:00:00 - 24/05/2023 07:00:00","BZN|DK1","698.54","N/A","623.29","549.76"
"24/05/2023 07:00:00 - 24/05/2023 08:00:00","BZN|DK1","685.67","N/A","583.13","514.99"
"24/05/2023 08:00:00 - 24/05/2023 09:00:00","BZN|DK1","641.04","394.08","377.08","300.49"
"24/05/2023 09:00:00 - 24/05/2023 10:00:00","BZN|DK1","559.67","356.88","273.29","371.03"
"24/05/2023 10:00:00 - 24/05/2023 11:00:00","BZN|DK1","494.92","355.75","297.92","292.11"
"24/05/2023 11:00:00 - 24/05/2023 12:00:00","BZN|DK1","487.25","335.33","322.92","281.70"
"24/05/2023 12:00:00 - 24/05/2023 13:00:00","BZN|DK1","429.96","315.46","264.67","312.90"
"24/05/2023 13:00:00 - 24/05/2023 14:00:00","BZN|DK1","378.54","302.29","251.92","198.34"
"24/05/2023 14:00:00 - 24/05/2023 15:00:00","BZN|DK1","342.54","305.04","201.83","210.98"
"24/05/2023 15:00:00 - 24/05/2023 16:00:00","BZN|DK1","320.38","268.83","235.13","217.67"
"24/05/2023 16:00:00 - 24/05/2023 17:00:00","BZN|DK1","309.67","283.75","206.63","211.94"
"24/05/2023 17:00:00 - 24/05/2023 18:00:00","BZN|DK1","315.58","315.79","228.71","218.57"
"24/05/2023 18:00:00 - 24/05/2023 19:00:00","BZN|DK1","341.42","376.33","231.46","251.86"
"24/05/2023 19:00:00 - 24/05/2023 20:00:00","BZN|DK1","390.63","426.58","358.04","324.70"
"24/05/2023 20:00:00 - 24/05/2023 21:00:00","BZN|DK1","464.67","439.33","353.79","381.83"
"24/05/2023 21:00:00 - 24/05/2023 22:00:00","BZN|DK1","555.92","468.88","474.96","523.37"
"24/05/2023 22:00:00 - 24/05/2023 23:00:00","BZN|DK1","633.17","491.04","505.25","463.59"
"24/05/2023 23:00:00 - 25/05/2023 00:00:00","BZN|DK1","676.63","554.75","429.96","585.44"
"25/05/2023 00:00:00 - 25/05/2023 01:00:00","BZN|DK1","681.25","N/A","636.67","722.27"
"25/05/2023 01:00:00 - 25/05/2023 02:00:00","BZN|DK1","753.71","N/A","753.13","870.61"
"25/05/2023 02:00:00 - 25/05/2023 03:00:00","BZN|DK1","815.63","N/A","928.54","1032.62"
"25/05/2023 03:00:00 - 25/05/2023 04:00:00","BZN|DK1","782.83","N/A","967.75","1006.75"
"25/05/2023 04:00:00 - 25/05/2023 05:00:00","BZN|DK1","819.42","N/A","952.83","941.36"
"25/05/2023 05:00:00 - 25/05/2023 06:00:00","BZN|DK1","845.46","N/A","872.79","895.41"
"25/05/2023 06:00:00 - 25/05/2023 07:00:00","BZN|DK1","848.17","N/A","874.92","972.80"
"25/05/2023 07:00:00 - 25/05/2023 08:00:00","BZN|DK1","852.25","N/A","925.71","1037.99"
"25/05/2023 08:00:00 - 25/05/2023 09:00:00","BZN|DK1","832.54","976.54","986.13","1078.21"
"25/05/2023 09:00:00 - 25/05/2023 10:00:00","BZN|DK1","795.92","911.58","982.88","1018.14"
"25/05/2023 10:00:00 - 25/05/2023 11:00:00","BZN|DK1","764.71","818.17","854.46","881.54"
"25/05/2023 11:00:00 - 25/05/2023 12:00:00","BZN|DK1","745.50","736.25","804.33","778.44"
"25/05/2023 12:00:00 - 25/05/2023 13:00:00","BZN|DK1","681.33","740.46","677.79","729.28"
"25/05/2023 13:00:00 - 25/05/2023 14:00:00","BZN|DK1","642.71","701.63","706.13","679.55"
"25/05/2023 14:00:00 - 25/05/2023 15:00:00","BZN|DK1","591.13","613.46","599.58","461.72"
"25/05/2023 15:00:00 - 25/05/2023 16:00:00","BZN|DK1","580.58","603.42","500.33","332.90"
"25/05/2023 16:00:00 - 25/05/2023 17:00:00","BZN|DK1","557.13","642.33","366.96","481.28"
"25/05/2023 17:00:00 - 25/05/2023 18:00:00","BZN|DK1","663.46","698.25","593.08","642.90"
"25/05/2023 18:00:00 - 25/05/2023 19:00:00","BZN|DK1","712.25","772.83","750.71","690.13"
"25/05/2023 19:00:00 - 25/05/2023 20:00:00","BZN|DK1","748.83","845.71","767.75","916.26"
"25/05/2023 20:00:00 - 25/05/2023 21:00:00","BZN|DK1","845.96","888.67","961.33","1067.14"
"25/05/2023 21:00:00 - 25/05/2023 22:00:00","BZN|DK1","898.83","865.58","1009.92","1082.77"
"25/05/2023 22:00:00 - 25/05/2023 23:00:00","BZN|DK1","903.96","786.96","1010.83","1080.96"
"25/05/2023 23:00:00 - 26/05/2023 00:00:00","BZN|DK1","907.63","785.50","1027.71","1115.31"
"26/05/2023 00:00:00 - 26/05/2023 01:00:00","BZN|DK1","873.00","N/A","1005.75","1119.19"
"26/05/2023 01:00:00 - 26/05/2023 02:00:00","BZN|DK1","868.58","N/A","1010.58","1148.99"
"26/05/2023 02:00:00 - 26/05/2023 03:00:00","BZN|DK1","836.83","N/A","1012.92","1066.45"
"26/05/2023 03:00:00 - 26/05/2023 04:00:00","BZN|DK1","806.46","N/A","842.46","851.91"
"26/05/2023 04:00:00 - 26/05/2023 05:00:00","BZN|DK1","767.63","N/A","738.42","762.31"
"26/05/2023 05:00:00 - 26/05/2023 06:00:00","BZN|DK1","731.00","N/A","723.88","844.05"
"26/05/2023 06:00:00 - 26/05/2023 07:00:00","BZN|DK1","755.00","N/A","790.42","815.74"
"26/05/2023 07:00:00 - 26/05/2023 08:00:00","BZN|DK1","815.08","N/A","760.00","781.63"
"26/05/2023 08:00:00 - 26/05/2023 09:00:00","BZN|DK1","811.75","741.33","734.58","804.62"
"26/05/2023 09:00:00 - 26/05/2023 10:00:00","BZN|DK1","737.08","717.00","765.00","805.58"
"26/05/2023 10:00:00 - 26/05/2023 11:00:00","BZN|DK1","679.17","675.29","697.33","757.37"
"26/05/2023 11:00:00 - 26/05/2023 12:00:00","BZN|DK1","672.17","643.38","697.67","651.10"
"26/05/2023 12:00:00 - 26/05/2023 13:00:00","BZN|DK1","638.46","622.21","641.46","624.30"
"26/05/2023 13:00:00 - 26/05/2023 14:00:00","BZN|DK1","671.38","639.08","573.21","551.40"
"26/05/2023 14:00:00 - 26/05/2023 15:00:00","BZN|DK1","636.13","589.79","530.21","374.58"
"26/05/2023 15:00:00 - 26/05/2023 16:00:00","BZN|DK1","573.50","543.13","388.00","432.48"
"26/05/2023 16:00:00 - 26/05/2023 17:00:00","BZN|DK1","496.67","504.67","436.42","440.47"
"26/05/2023 17:00:00 - 26/05/2023 18:00:00","BZN|DK1","489.25","502.21","461.38","388.85"
"26/05/2023 18:00:00 - 26/05/2023 19:00:00","BZN|DK1","478.25","430.58","366.88","373.06"
"26/05/2023 19:00:00 - 26/05/2023 20:00:00","BZN|DK1","441.21","412.17","346.83","415.12"
"26/05/2023 20:00:00 - 26/05/2023 21:00:00","BZN|DK1","477.75","441.71","409.83","412.75"
"26/05/2023 21:00:00 - 26/05/2023 22:00:00","BZN|DK1","512.79","448.29","429.25","445.66"
"26/05/2023 22:00:00 - 26/05/2023 23:00:00","BZN|DK1","573.33","441.38","433.79","422.07"
"26/05/2023 23:00:00 - 27/05/2023 00:00:00","BZN|DK1","600.21","475.42","352.83","380.23"
"27/05/2023 00:00:00 - 27/05/2023 01:00:00","BZN|DK1","486.17","N/A","390.54","324.26"
"27/05/2023 01:00:00 - 27/05/2023 02:00:00","BZN|DK1","445.92","N/A","283.79","314.47"
"27/05/2023 02:00:00 - 27/05/2023 03:00:00","BZN|DK1","373.46","N/A","274.38","233.20"
"27/05/2023 03:00:00 - 27/05/2023 04:00:00","BZN|DK1","247.04","N/A","129.96","142.97"
"27/05/2023 04:00:00 - 27/05/2023 05:00:00","BZN|DK1","175.92","N/A","77.63","80.85"
"27/05/2023 05:00:00 - 27/05/2023 06:00:00","BZN|DK1","128.71","N/A","58.67","57.79"
"27/05/2023 06:00:00 - 27/05/2023 07:00:00","BZN|DK1","108.79","N/A","46.63","37.10"
"27/05/2023 07:00:00 - 27/05/2023 08:00:00","BZN|DK1","108.58","N/A","26.04","30.74"
"27/05/2023 08:00:00 - 27/05/2023 09:00:00","BZN|DK1","87.96","31.38","29.17","19.40"
"27/05/2023 09:00:00 - 27/05/2023 10:00:00","BZN|DK1","55.58","17.46","0.50","4.21"
"27/05/2023 10:00:00 - 27/05/2023 11:00:00","BZN|DK1","41.96","17.83","0.46","2.29"
"27/05/2023 11:00:00 - 27/05/2023 12:00:00","BZN|DK1","37.50","20.04","7.88","1.48"
"27/05/2023 12:00:00 - 27/05/2023 13:00:00","BZN|DK1","28.42","30.08","3.96","4.41"
"27/05/2023 13:00:00 - 27/05/2023 14:00:00","BZN|DK1","30.33","38.08","17.46","2.04"
"27/05/2023 14:00:00 - 27/05/2023 15:00:00","BZN|DK1","34.92","43.29","17.92","5.06"
"27/05/2023 15:00:00 - 27/05/2023 16:00:00","BZN|DK1","52.21","61.96","20.46","30.36"
"27/05/2023 16:00:00 - 27/05/2023 17:00:00","BZN|DK1","84.92","70.96","40.71","39.45"
"27/05/2023 17:00:00 - 27/05/2023 18:00:00","BZN|DK1","110.50","78.79","40.00","68.50"
"27/05/2023 18:00:00 - 27/05/2023 19:00:00","BZN|DK1","121.50","88.58","67.58","98.31"
"27/05/2023 19:00:00 - 27/05/2023 20:00:00","BZN|DK1","143.21","124.25","102.83","129.40"
"27/05/2023 20:00:00 - 27/05/2023 21:00:00","BZN|DK1","152.96","141.25","126.33","129.03"
"27/05/2023 21:00:00 - 27/05/2023 22:00:00","BZN|DK1","152.88","140.88","113.79","105.06"
"27/05/2023 22:00:00 - 27/05/2023 23:00:00","BZN|DK1","189.33","152.63","85.88","81.25"
"27/05/2023 23:00:00 - 28/05/2023 00:00:00","BZN|DK1","206.33","191.29","80.63","102.08"
"28/05/2023 00:00:00 - 28/05/2023 01:00:00","BZN|DK1","165.58","N/A","132.25","126.70"
"28/05/2023 01:00:00 - 28/05/2023 02:00:00","BZN|DK1","238.33","N/A","182.96","207.78"
"28/05/2023 02:00:00 - 28/05/2023 03:00:00","BZN|DK1","281.88","N/A","198.63","235.37"
"28/05/2023 03:00:00 - 28/05/2023 04:00:00","BZN|DK1","270.33","N/A","218.46","239.23"
"28/05/2023 04:00:00 - 28/05/2023 05:00:00","BZN|DK1","271.79","N/A","246.58","239.62"
"28/05/2023 05:00:00 - 28/05/2023 06:00:00","BZN|DK1","253.50","N/A","252.79","296.32"
"28/05/2023 06:00:00 - 28/05/2023 07:00:00","BZN|DK1","215.71","N/A","279.17","257.32"
"28/05/2023 07:00:00 - 28/05/2023 08:00:00","BZN|DK1","197.00","N/A","238.79","259.02"
"28/05/2023 08:00:00 - 28/05/2023 09:00:00","BZN|DK1","235.54","235.00","250.33","289.68"
"28/05/2023 09:00:00 - 28/05/2023 10:00:00","BZN|DK1","257.50","257.08","327.04","103.51"
"28/05/2023 10:00:00 - 28/05/2023 11:00:00","BZN|DK1","298.38","298.63","64.50","9.33"
"28/05/2023 11:00:00 - 28/05/2023 12:00:00","BZN|DK1","356.29","305.25","82.13","4.37"
"28/05/2023 12:00:00 - 28/05/2023 13:00:00","BZN|DK1","352.38","341.79","63.29","6.51"
"28/05/2023 13:00:00 - 28/05/2023 14:00:00","BZN|DK1","356.79","372.71","81.13","2.68"
"28/05/2023 14:00:00 - 28/05/2023 15:00:00","BZN|DK1","365.75","332.00","42.71","2.45"
"28/05/2023 15:00:00 - 28/05/2023 16:00:00","BZN|DK1","413.38","369.83","59.21","3.21"
"28/05/2023 16:00:00 - 28/05/2023 17:00:00","BZN|DK1","424.46","373.33","54.58","17.21"
"28/05/2023 17:00:00 - 28/05/2023 18:00:00","BZN|DK1","460.96","365.83","117.71","452.31"
"28/05/2023 18:00:00 - 28/05/2023 19:00:00","BZN|DK1","529.33","445.08","587.50","514.90"
"28/05/2023 19:00:00 - 28/05/2023 20:00:00","BZN|DK1","599.63","517.38","567.29","592.67"
"28/05/2023 20:00:00 - 28/05/2023 21:00:00","BZN|DK1","646.13","581.00","626.08","720.63"
"28/05/2023 21:00:00 - 28/05/2023 22:00:00","BZN|DK1","635.54","601.88","767.38","855.49"
"28/05/2023 22:00:00 - 28/05/2023 23:00:00","BZN|DK1","643.88","581.50","833.63","826.55"
"28/05/2023 23:00:00 - 29/05/2023 00:00:00","BZN|DK1","652.58","612.67","785.58","799.73"
"29/05/2023 00:00:00 - 29/05/2023 01:00:00","BZN|DK1","837.21","N/A","836.13","892.85"
"29/05/2023 01:00:00 - 29/05/2023 02:00:00","BZN|DK1","788.25","N/A","808.38","832.23"
"29/05/2023 02:00:00 - 29/05/2023 03:00:00","BZN|DK1","723.21","N/A","748.71","734.64"
"29/05/2023 03:00:00 - 29/05/2023 04:00:00","BZN|DK1","667.50","N/A","629.08","647.34"
"29/05/2023 04:00:00 - 29/05/2023 05:00:00","BZN|DK1","646.54","N/A","598.63","578.67"
"29/05/2023 05:00:00 - 29/05/2023 06:00:00","BZN|DK1","621.83","N/A","548.13","482.00"
"29/05/2023 06:00:00 - 29/05/2023 07:00:00","BZN|DK1","638.79","N/A","469.88","486.11"
"29/05/2023 07:00:00 - 29/05/2023 08:00:00","BZN|DK1","645.00","N/A","553.63","603.62"
"29/05/2023 08:00:00 - 29/05/2023 09:00:00","BZN|DK1","628.58","637.08","613.33","589.96"
"29/05/2023 09:00:00 - 29/05/2023 10:00:00","BZN|DK1","647.29","646.92","572.33","443.48"
"29/05/2023 10:00:00 - 29/05/2023 11:00:00","BZN|DK1","708.92","693.63","414.25","122.01"
"29/05/2023 11:00:00 - 29/05/2023 12:00:00","BZN|DK1","736.42","713.42","159.83","12.51"
"29/05/2023 12:00:00 - 29/05/2023 13:00:00","BZN|DK1","677.96","660.38","106.38","0.47"
"29/05/2023 13:00:00 - 29/05/2023 14:00:00","BZN|DK1","581.67","622.50","97.17","0.25"
"29/05/2023 14:00:00 - 29/05/2023 15:00:00","BZN|DK1","526.96","589.83","99.17","0.25"
"29/05/2023 15:00:00 - 29/05/2023 16:00:00","BZN|DK1","511.33","577.88","125.96","0.56"
"29/05/2023 16:00:00 - 29/05/2023 17:00:00","BZN|DK1","475.46","578.58","114.33","8.14"
"29/05/2023 17:00:00 - 29/05/2023 18:00:00","BZN|DK1","499.63","555.29","121.08","154.68"
"29/05/2023 18:00:00 - 29/05/2023 19:00:00","BZN|DK1","540.38","504.04","277.63","646.16"
"29/05/2023 19:00:00 - 29/05/2023 20:00:00","BZN|DK1","622.67","533.50","795.54","850.57"
"29/05/2023 20:00:00 - 29/05/2023 21:00:00","BZN|DK1","733.13","671.71","817.00","889.29"
"29/05/2023 21:00:00 - 29/05/2023 22:00:00","BZN|DK1","746.00","780.29","922.08","903.14"
"29/05/2023 22:00:00 - 29/05/2023 23:00:00","BZN|DK1","768.46","768.04","871.17","900.01"
"29/05/2023 23:00:00 - 30/05/2023 00:00:00","BZN|DK1","810.67","756.88","899.79","957.25"
"30/05/2023 00:00:00 - 30/05/2023 01:00:00","BZN|DK1","810.92","N/A","907.71","920.94"
"30/05/2023 01:00:00 - 30/05/2023 02:00:00","BZN|DK1","737.96","N/A","809.08","839.52"
"30/05/2023 02:00:00 - 30/05/2023 03:00:00","BZN|DK1","690.33","N/A","760.92","804.34"
"30/05/2023 03:00:00 - 30/05/2023 04:00:00","BZN|DK1","590.83","N/A","623.00","683.05"
"30/05/2023 04:00:00 - 30/05/2023 05:00:00","BZN|DK1","528.75","N/A","554.58","478.41"
"30/05/2023 05:00:00 - 30/05/2023 06:00:00","BZN|DK1","459.25","N/A","367.58","419.18"
"30/05/2023 06:00:00 - 30/05/2023 07:00:00","BZN|DK1","383.88","N/A","339.29","332.93"
"30/05/2023 07:00:00 - 30/05/2023 08:00:00","BZN|DK1","323.29","N/A","297.50","295.66"
"30/05/2023 08:00:00 - 30/05/2023 09:00:00","BZN|DK1","250.54","223.75","218.50","193.33"
"30/05/2023 09:00:00 - 30/05/2023 10:00:00","BZN|DK1","217.33","146.96","115.71","114.30"
"30/05/2023 10:00:00 - 30/05/2023 11:00:00","BZN|DK1","174.25","100.04","68.67","73.87"
"30/05/2023 11:00:00 - 30/05/2023 12:00:00","BZN|DK1","202.25","111.92","62.96","41.31"
"30/05/2023 12:00:00 - 30/05/2023 13:00:00","BZN|DK1","222.00","122.00","53.71","39.53"
"30/05/2023 13:00:00 - 30/05/2023 14:00:00","BZN|DK1","227.54","113.63","35.92","40.35"
"30/05/2023 14:00:00 - 30/05/2023 15:00:00","BZN|DK1","246.92","174.42","76.88","83.12"
"30/05/2023 15:00:00 - 30/05/2023 16:00:00","BZN|DK1","287.04","213.83","152.50","156.93"
"30/05/2023 16:00:00 - 30/05/2023 17:00:00","BZN|DK1","296.63","231.38","261.54","259.55"
"30/05/2023 17:00:00 - 30/05/2023 18:00:00","BZN|DK1","317.50","297.96","318.42","293.78"
"30/05/2023 18:00:00 - 30/05/2023 19:00:00","BZN|DK1","362.04","299.42","340.33","270.39"
"30/05/2023 19:00:00 - 30/05/2023 20:00:00","BZN|DK1","409.33","358.46","348.88","275.83"
"30/05/2023 20:00:00 - 30/05/2023 21:00:00","BZN|DK1","412.63","332.92","326.29","321.31"
"30/05/2023 21:00:00 - 30/05/2023 22:00:00","BZN|DK1","377.29","319.79","290.92","286.39"
"30/05/2023 22:00:00 - 30/05/2023 23:00:00","BZN|DK1","333.08","284.29","256.17","277.17"
"30/05/2023 23:00:00 - 31/05/2023 00:00:00","BZN|DK1","275.17","224.92","232.75","243.68"
"31/05/2023 00:00:00 - 31/05/2023 01:00:00","BZN|DK1","223.58","N/A","217.67","250.54"
"31/05/2023 01:00:00 - 31/05/2023 02:00:00","BZN|DK1","205.29","N/A","202.75","203.34"
"31/05/2023 02:00:00 - 31/05/2023 03:00:00","BZN|DK1","267.58","N/A","240.96","258.86"
"31/05/2023 03:00:00 - 31/05/2023 04:00:00","BZN|DK1","352.21","N/A","334.63","366.13"
"31/05/2023 04:00:00 - 31/05/2023 05:00:00","BZN|DK1","444.21","N/A","436.21","476.96"
"31/05/2023 05:00:00 - 31/05/2023 06:00:00","BZN|DK1","487.92","N/A","496.75","572.28"
"31/05/2023 06:00:00 - 31/05/2023 07:00:00","BZN|DK1","523.96","N/A","577.92","651.72"
"31/05/2023 07:00:00 - 31/05/2023 08:00:00","BZN|DK1","556.08","N/A","675.38","667.97"
"31/05/2023 08:00:00 - 31/05/2023 09:00:00","BZN|DK1","637.88","686.67","696.04","725.81"
"31/05/2023 09:00:00 - 31/05/2023 10:00:00","BZN|DK1","670.33","699.38","704.38","837.16"
"31/05/2023 10:00:00 - 31/05/2023 11:00:00","BZN|DK1","698.71","714.83","790.04","842.34"
"31/05/2023 11:00:00 - 31/05/2023 12:00:00","BZN|DK1","658.58","668.83","757.83","780.38"
"31/05/2023 12:00:00 - 31/05/2023 13:00:00","BZN|DK1","631.33","639.75","639.00","621.80"
"31/05/2023 13:00:00 - 31/05/2023 14:00:00","BZN|DK1","592.67","600.50","624.92","498.36"
"31/05/2023 14:00:00 - 31/05/2023 15:00:00","BZN|DK1","557.08","564.83","538.38","568.47"
"31/05/2023 15:00:00 - 31/05/2023 16:00:00","BZN|DK1","598.75","606.92","588.13","564.33"
"31/05/2023 16:00:00 - 31/05/2023 17:00:00","BZN|DK1","593.96","601.33","625.96","814.36"
"31/05/2023 17:00:00 - 31/05/2023 18:00:00","BZN|DK1","649.04","655.33","904.79","902.55"
"31/05/2023 18:00:00 - 31/05/2023 19:00:00","BZN|DK1","713.13","719.21","813.83","858.66"
"31/05/2023 19:00:00 - 31/05/2023 20:00:00","BZN|DK1","792.04","797.54","879.00","936.02"
"31/05/2023 20:00:00 - 31/05/2023 21:00:00","BZN|DK1","870.08","866.08","997.75","1071.88"
"31/05/2023 21:00:00 - 31/05/2023 22:00:00","BZN|DK1","869.08","869.08","1058.29","1029.08"
"31/05/2023 22:00:00 - 31/05/2023 23:00:00","BZN|DK1","921.50","921.50","1001.67","1115.64"
"31/05/2023 23:00:00 - 01/06/2023 00:00:00","BZN|DK1","954.88","954.88","1060.92","1133.59"
"01/06/2023 00:00:00 - 01/06/2023 01:00:00","BZN|DK1","998.50","N/A","1081.67","1079.62"
"01/06/2023 01:00:00 - 01/06/2023 02:00:00","BZN|DK1","969.13","N/A","990.17","1024.27"
"01/06/2023 02:00:00 - 01/06/2023 03:00:00","BZN|DK1","969.92","N/A","980.33","1024.72"
"01/06/2023 03:00:00 - 01/06/2023 04:00:00","BZN|DK1","876.17","N/A","949.50","996.68"
"01/06/2023 04:00:00 - 01/06/2023 05:00:00","BZN|DK1","833.71","N/A","946.88","1005.82"
"01/06/2023 05:00:00 - 01/06/2023 06:00:00","BZN|DK1","829.63","N/A","963.58","842.63"
"01/06/2023 06:00:00 - 01/06/2023 07:00:00","BZN|DK1","795.75","N/A","827.71","818.51"
"01/06/2023 07:00:00 - 01/06/2023 08:00:00","BZN|DK1","788.29","N/A","858.67","827.03"
"01/06/2023 08:00:00 - 01/06/2023 09:00:00","BZN|DK1","783.08","796.21","784.04","833.70"
"01/06/2023 09:00:00 - 01/06/2023 10:00:00","BZN|DK1","757.63","743.50","763.13","739.70"
"01/06/2023 10:00:00 - 01/06/2023 11:00:00","BZN|DK1","747.58","809.96","735.13","730.47"
"01/06/2023 11:00:00 - 01/06/2023 12:00:00","BZN|DK1","785.92","807.79","661.50","732.52"
"01/06/2023 12:00:00 - 01/06/2023 13:00:00","BZN|DK1","837.38","736.38","716.63","785.18"
"01/06/2023 13:00:00 - 01/06/2023 14:00:00","BZN|DK1","847.88","783.00","840.50","828.97"
"01/06/2023 14:00:00 - 01/06/2023 15:00:00","BZN|DK1","861.50","891.83","853.04","893.12"
"01/06/2023 15:00:00 - 01/06/2023 16:00:00","BZN|DK1","886.46","982.75","976.83","988.14"
"01/06/2023 16:00:00 - 01/06/2023 17:00:00","BZN|DK1","858.63","963.21","986.88","1026.71"
"01/06/2023 17:00:00 - 01/06/2023 18:00:00","BZN|DK1","852.29","938.92","1026.67","796.74"
"01/06/2023 18:00:00 - 01/06/2023 19:00:00","BZN|DK1","817.33","904.50","724.46","754.79"
"01/06/2023 19:00:00 - 01/06/2023 20:00:00","BZN|DK1","819.25","901.00","777.58","756.99"
"01/06/2023 20:00:00 - 01/06/2023 21:00:00","BZN|DK1","872.92","924.58","805.21","750.59"
"01/06/2023 21:00:00 - 01/06/2023 22:00:00","BZN|DK1","810.92","865.96","666.38","644.80"
"01/06/2023 22:00:00 - 01/06/2023 23:00:00","BZN|DK1","714.71","721.21","604.79","744.34"
"01/06/2023 23:00:00 - 02/06/2023 00:00:00","BZN|DK1","572.33","580.17","650.13","653.51"
"02/06/2023 00:00:00 - 02/06/2023 01:00:00","BZN|DK1","545.38","N/A","581.63","650.37"
"02/06/2023 01:00:00 - 02/06/2023 02:00:00","BZN|DK1","439.21","N/A","519.79","524.18"
"02/06/2023 02:00:00 - 02/06/2023 03:00:00","BZN|DK1","364.13","N/A","423.42","432.18"
"02/06/2023 03:00:00 - 02/06/2023 04:00:00","BZN|DK1","293.79","N/A","336.54","282.04"
"02/06/2023 04:00:00 - 02/06/2023 05:00:00","BZN|DK1","240.96","N/A","192.54","204.83"
"02/06/2023 05:00:00 - 02/06/2023 06:00:00","BZN|DK1","241.33","N/A","232.25","317.83"
"02/06/2023 06:00:00 - 02/06/2023 07:00:00","BZN|DK1","246.21","N/A","323.63","326.15"
"02/06/2023 07:00:00 - 02/06/2023 08:00:00","BZN|DK1","271.42","N/A","309.00","305.18"
"02/06/2023 08:00:00 - 02/06/2023 09:00:00","BZN|DK1","227.96","255.38","259.79","285.06"
"02/06/2023 09:00:00 - 02/06/2023 10:00:00","BZN|DK1","164.08","184.21","223.50","211.38"
"02/06/2023 10:00:00 - 02/06/2023 11:00:00","BZN|DK1","122.58","137.38","168.38","161.43"
"02/06/2023 11:00:00 - 02/06/2023 12:00:00","BZN|DK1","105.21","115.08","97.33","73.78"
"02/06/2023 12:00:00 - 02/06/2023 13:00:00","BZN|DK1","88.46","94.25","92.58","111.72"
"02/06/2023 13:00:00 - 02/06/2023 14:00:00","BZN|DK1","59.79","63.13","92.08","99.72"
"02/06/2023 14:00:00 - 02/06/2023 15:00:00","BZN|DK1","79.38","80.33","90.88","111.27"
"02/06/2023 15:00:00 - 02/06/2023 16:00:00","BZN|DK1","155.21","154.67","118.63","121.38"
"02/06/2023 16:00:00 - 02/06/2023 17:00:00","BZN|DK1","168.54","167.21","125.17","99.52"
"02/06/2023 17:00:00 - 02/06/2023 18:00:00","BZN|DK1","152.50","151.00","125.04","127.25"
"02/06/2023 18:00:00 - 02/06/2023 19:00:00","BZN|DK1","184.83","183.63","150.42","146.17"
"02/06/2023 19:00:00 - 02/06/2023 20:00:00","BZN|DK1","199.75","196.79","153.79","147.70"
"02/06/2023 20:00:00 - 02/06/2023 21:00:00","BZN|DK1","150.00","145.46","122.67","128.23"
"02/06/2023 21:00:00 - 02/06/2023 22:00:00","BZN|DK1","100.29","100.29","88.29","121.24"
"02/06/2023 22:00:00 - 02/06/2023 23:00:00","BZN|DK1","129.58","129.58","95.63","128.85"
"02/06/2023 23:00:00 - 03/06/2023 00:00:00","BZN|DK1","120.58","120.58","82.38","69.70"
"03/06/2023 00:00:00 - 03/06/2023 01:00:00","BZN|DK1","10.04","N/A","21.08","10.71"
"03/06/2023 01:00:00 - 03/06/2023 02:00:00","BZN|DK1","8.83","N/A","5.21","0.78"
"03/06/2023 02:00:00 - 03/06/2023 03:00:00","BZN|DK1","16.71","N/A","2.63","0.28"
"03/06/2023 03:00:00 - 03/06/2023 04:00:00","BZN|DK1","24.42","N/A","3.42","1.20"
"03/06/2023 04:00:00 - 03/06/2023 05:00:00","BZN|DK1","43.13","N/A","5.33","19.27"
"03/06/2023 05:00:00 - 03/06/2023 06:00:00","BZN|DK1","77.75","N/A","41.75","47.01"
"03/06/2023 06:00:00 - 03/06/2023 07:00:00","BZN|DK1","104.29","N/A","77.17","75.22"
"03/06/2023 07:00:00 - 03/06/2023 08:00:00","BZN|DK1","136.38","N/A","106.54","93.58"
"03/06/2023 08:00:00 - 03/06/2023 09:00:00","BZN|DK1","119.96","92.08","93.33","105.67"
"03/06/2023 09:00:00 - 03/06/2023 10:00:00","BZN|DK1","56.54","94.08","120.25","103.20"
"03/06/2023 10:00:00 - 03/06/2023 11:00:00","BZN|DK1","45.63","112.25","90.71","126.90"
"03/06/2023 11:00:00 - 03/06/2023 12:00:00","BZN|DK1","47.38","83.08","127.33","157.41"
"03/06/2023 12:00:00 - 03/06/2023 13:00:00","BZN|DK1","60.13","89.21","147.75","57.99"
"03/06/2023 13:00:00 - 03/06/2023 14:00:00","BZN|DK1","86.04","128.33","68.29","14.04"
"03/06/2023 14:00:00 - 03/06/2023 15:00:00","BZN|DK1","116.08","166.79","41.29","19.75"
"03/06/2023 15:00:00 - 03/06/2023 16:00:00","BZN|DK1","141.33","178.67","62.17","213.36"
"03/06/2023 16:00:00 - 03/06/2023 17:00:00","BZN|DK1","159.00","197.46","256.63","370.36"
"03/06/2023 17:00:00 - 03/06/2023 18:00:00","BZN|DK1","192.17","241.04","376.00","397.08"
"03/06/2023 18:00:00 - 03/06/2023 19:00:00","BZN|DK1","205.25","229.33","383.08","374.51"
"03/06/2023 19:00:00 - 03/06/2023 20:00:00","BZN|DK1","198.13","199.96","326.00","290.08"
"03/06/2023 20:00:00 - 03/06/2023 21:00:00","BZN|DK1","220.79","204.33","236.13","150.78"
"03/06/2023 21:00:00 - 03/06/2023 22:00:00","BZN|DK1","253.21","227.88","154.92","208.24"
"03/06/2023 22:00:00 - 03/06/2023 23:00:00","BZN|DK1","285.46","246.75","238.83","254.13"
"03/06/2023 23:00:00 - 04/06/2023 00:00:00","BZN|DK1","334.08","275.67","241.00","331.94"
"04/06/2023 00:00:00 - 04/06/2023 01:00:00","BZN|DK1","277.38","N/A","345.17","342.68"
"04/06/2023 01:00:00 - 04/06/2023 02:00:00","BZN|DK1","277.54","N/A","259.38","280.56"
"04/06/2023 02:00:00 - 04/06/2023 03:00:00","BZN|DK1","253.00","N/A","269.13","273.77"
"04/06/2023 03:00:00 - 04/06/2023 04:00:00","BZN|DK1","236.29","N/A","222.25","275.36"
"04/06/2023 04:00:00 - 04/06/2023 05:00:00","BZN|DK1","210.38","N/A","237.54","262.15"
"04/06/2023 05:00:00 - 04/06/2023 06:00:00","BZN|DK1","210.08","N/A","232.96","221.34"
"04/06/2023 06:00:00 - 04/06/2023 07:00:00","BZN|DK1","197.04","N/A","227.08","224.76"
"04/06/2023 07:00:00 - 04/06/2023 08:00:00","BZN|DK1","199.21","N/A","212.00","200.88"
"04/06/2023 08:00:00 - 04/06/2023 09:00:00","BZN|DK1","186.63","198.96","199.38","178.56"
"04/06/2023 09:00:00 - 04/06/2023 10:00:00","BZN|DK1","165.79","180.00","157.96","130.23"
"04/06/2023 10:00:00 - 04/06/2023 11:00:00","BZN|DK1","139.17","162.33","108.04","101.06"
"04/06/2023 11:00:00 - 04/06/2023 12:00:00","BZN|DK1","118.25","125.50","86.42","78.84"
"04/06/2023 12:00:00 - 04/06/2023 13:00:00","BZN|DK1","86.00","94.92","64.04","32.67"
"04/06/2023 13:00:00 - 04/06/2023 14:00:00","BZN|DK1","58.29","82.29","27.33","7.61"
"04/06/2023 14:00:00 - 04/06/2023 15:00:00","BZN|DK1","56.75","74.17","17.63","5.64"
"04/06/2023 15:00:00 - 04/06/2023 16:00:00","BZN|DK1","57.42","67.92","5.96","9.03"
"04/06/2023 16:00:00 - 04/06/2023 17:00:00","BZN|DK1","49.25","47.88","12.17","19.47"
"04/06/2023 17:00:00 - 04/06/2023 18:00:00","BZN|DK1","47.46","39.58","27.46","28.24"
"04/06/2023 18:00:00 - 04/06/2023 19:00:00","BZN|DK1","49.50","39.33","23.04","14.86"
"04/06/2023 19:00:00 - 04/06/2023 20:00:00","BZN|DK1","51.67","44.83","23.54","9.66"
"04/06/2023 20:00:00 - 04/06/2023 21:00:00","BZN|DK1","50.96","55.46","18.13","2.76"
"04/06/2023 21:00:00 - 04/06/2023 22:00:00","BZN|DK1","47.67","49.25","6.33","2.05"
"04/06/2023 22:00:00 - 04/06/2023 23:00:00","BZN|DK1","44.71","33.92","1.92","0.24"
"04/06/2023 23:00:00 - 05/06/2023 00:00:00","BZN|DK1","36.25","27.58","1.96","0.07"
"05/06/2023 00:00:00 - 05/06/2023 01:00:00","BZN|DK1","14.50","N/A","0.00","0.23"
"05/06/2023 01:00:00 - 05/06/2023 02:00:00","BZN|DK1","9.17","N/A","0.00","0.27"
"05/06/2023 02:00:00 - 05/06/2023 03:00:00","BZN|DK1","12.71","N/A","0.00","1.12"
"05/06/2023 03:00:00 - 05/06/2023 04:00:00","BZN|DK1","13.00","N/A","0.00","0.85"
"05/06/2023 04:00:00 - 05/06/2023 05:00:00","BZN|DK1","11.67","N/A","0.00","10.09"
"05/06/2023 05:00:00 - 05/06/2023 06:00:00","BZN|DK1","10.38","N/A","14.63","23.41"
"05/06/2023 06:00:00 - 05/06/2023 07:00:00","BZN|DK1","11.00","N/A","29.88","19.98"
"05/06/2023 07:00:00 - 05/06/2023 08:00:00","BZN|DK1","12.88","N/A","10.17","11.45"
"05/06/2023 08:00:00 - 05/06/2023 09:00:00","BZN|DK1","11.63","8.54","7.63","5.04"
"05/06/2023 09:00:00 - 05/06/2023 10:00:00","BZN|DK1","11.08","7.88","4.13","0.88"
"05/06/2023 10:00:00 - 05/06/2023 11:00:00","BZN|DK1","10.00","9.08","0.42","0.98"
"05/06/2023 11:00:00 - 05/06/2023 12:00:00","BZN|DK1","12.33","11.21","0.50","1.29"
"05/06/2023 12:00:00 - 05/06/2023 13:00:00","BZN|DK1","13.71","15.67","0.42","1.59"
"05/06/2023 13:00:00 - 05/06/2023 14:00:00","BZN|DK1","16.46","23.71","3.46","1.97"
"05/06/2023 14:00:00 - 05/06/2023 15:00:00","BZN|DK1","27.29","29.75","4.08","2.40"
"05/06/2023 15:00:00 - 05/06/2023 16:00:00","BZN|DK1","48.92","57.08","23.67","6.75"
"05/06/2023 16:00:00 - 05/06/2023 17:00:00","BZN|DK1","72.29","71.29","34.67","21.49"
"05/06/2023 17:00:00 - 05/06/2023 18:00:00","BZN|DK1","122.46","113.58","63.75","39.00"
"05/06/2023 18:00:00 - 05/06/2023 19:00:00","BZN|DK1","200.88","175.21","80.75","50.49"
"05/06/2023 19:00:00 - 05/06/2023 20:00:00","BZN|DK1","250.17","234.42","103.75","120.58"
"05/06/2023 20:00:00 - 05/06/2023 21:00:00","BZN|DK1","279.96","269.25","211.71","192.55"
"05/06/2023 21:00:00 - 05/06/2023 22:00:00","BZN|DK1","281.29","267.83","208.33","215.24"
"05/06/2023 22:00:00 - 05/06/2023 23:00:00","BZN|DK1","241.33","241.21","190.00","230.85"
"05/06/2023 23:00:00 - 06/06/2023 00:00:00","BZN|DK1","233.67","214.17","225.21","234.15"
"06/06/2023 00:00:00 - 06/06/2023 01:00:00","BZN|DK1","178.04","N/A","212.42","237.51"
"06/06/2023 01:00:00 - 06/06/2023 02:00:00","BZN|DK1","179.38","N/A","231.17","267.14"
"06/06/2023 02:00:00 - 06/06/2023 03:00:00","BZN|DK1","211.71","N/A","253.46","227.47"
"06/06/2023 03:00:00 - 06/06/2023 04:00:00","BZN|DK1","248.00","N/A","219.42","264.13"
"06/06/2023 04:00:00 - 06/06/2023 05:00:00","BZN|DK1","288.42","N/A","260.92","285.98"
"06/06/2023 05:00:00 - 06/06/2023 06:00:00","BZN|DK1","281.63","N/A","251.75","266.91"
"06/06/2023 06:00:00 - 06/06/2023 07:00:00","BZN|DK1","265.29","N/A","250.79","262.53"
"06/06/2023 07:00:00 - 06/06/2023 08:00:00","BZN|DK1","249.00","N/A","244.17","226.43"
"06/06/2023 08:00:00 - 06/06/2023 09:00:00","BZN|DK1","243.46","216.79","214.96","210.33"
"06/06/2023 09:00:00 - 06/06/2023 10:00:00","BZN|DK1","274.67","201.33","184.54","192.22"
"06/06/2023 10:00:00 - 06/06/2023 11:00:00","BZN|DK1","304.88","203.00","202.46","204.17"
"06/06/2023 11:00:00 - 06/06/2023 12:00:00","BZN|DK1","330.21","233.63","225.88","229.24"
"06/06/2023 12:00:00 - 06/06/2023 13:00:00","BZN|DK1","381.25","268.96","230.75","200.72"
"06/06/2023 13:00:00 - 06/06/2023 14:00:00","BZN|DK1","352.46","293.42","211.25","192.77"
"06/06/2023 14:00:00 - 06/06/2023 15:00:00","BZN|DK1","318.88","313.25","159.63","220.87"
"06/06/2023 15:00:00 - 06/06/2023 16:00:00","BZN|DK1","294.08","340.50","248.67","250.28"
"06/06/2023 16:00:00 - 06/06/2023 17:00:00","BZN|DK1","249.21","267.54","247.92","284.26"
"06/06/2023 17:00:00 - 06/06/2023 18:00:00","BZN|DK1","237.67","237.25","270.71","269.45"
"06/06/2023 18:00:00 - 06/06/2023 19:00:00","BZN|DK1","241.67","246.88","272.92","304.68"
"06/06/2023 19:00:00 - 06/06/2023 20:00:00","BZN|DK1","260.92","242.54","294.58","325.61"
"06/06/2023 20:00:00 - 06/06/2023 21:00:00","BZN|DK1","248.13","219.46","329.08","288.63"
"06/06/2023 21:00:00 - 06/06/2023 22:00:00","BZN|DK1","231.79","206.50","274.42","345.91"
"06/06/2023 22:00:00 - 06/06/2023 23:00:00","BZN|DK1","209.75","196.88","310.92","358.43"
"06/06/2023 23:00:00 - 07/06/2023 00:00:00","BZN|DK1","224.00","191.83","306.33","379.32"
"07/06/2023 00:00:00 - 07/06/2023 01:00:00","BZN|DK1","196.83","N/A","330.71","396.81"
"07/06/2023 01:00:00 - 07/06/2023 02:00:00","BZN|DK1","168.63","N/A","352.63","385.03"
"07/06/2023 02:00:00 - 07/06/2023 03:00:00","BZN|DK1","188.29","N/A","305.13","358.25"
"07/06/2023 03:00:00 - 07/06/2023 04:00:00","BZN|DK1","198.50","N/A","318.58","333.65"
"07/06/2023 04:00:00 - 07/06/2023 05:00:00","BZN|DK1","190.21","N/A","289.92","299.35"
"07/06/2023 05:00:00 - 07/06/2023 06:00:00","BZN|DK1","176.67","N/A","244.04","270.73"
"07/06/2023 06:00:00 - 07/06/2023 07:00:00","BZN|DK1","163.50","N/A","240.92","239.11"
"07/06/2023 07:00:00 - 07/06/2023 08:00:00","BZN|DK1","138.50","N/A","226.17","236.49"
"07/06/2023 08:00:00 - 07/06/2023 09:00:00","BZN|DK1","106.67","198.42","195.58","230.35"
"07/06/2023 09:00:00 - 07/06/2023 10:00:00","BZN|DK1","100.21","124.21","160.21","168.82"
"07/06/2023 10:00:00 - 07/06/2023 11:00:00","BZN|DK1","93.63","94.88","132.88","138.12"
"07/06/2023 11:00:00 - 07/06/2023 12:00:00","BZN|DK1","101.17","95.75","125.67","120.01"
"07/06/2023 12:00:00 - 07/06/2023 13:00:00","BZN|DK1","104.58","111.58","116.79","114.06"
"07/06/2023 13:00:00 - 07/06/2023 14:00:00","BZN|DK1","121.42","120.00","106.04","110.92"
"07/06/2023 14:00:00 - 07/06/2023 15:00:00","BZN|DK1","107.08","139.63","118.13","117.06"
"07/06/2023 15:00:00 - 07/06/2023 16:00:00","BZN|DK1","99.75","173.25","166.83","150.65"
"07/06/2023 16:00:00 - 07/06/2023 17:00:00","BZN|DK1","91.83","162.13","177.25","164.20"
"07/06/2023 17:00:00 - 07/06/2023 18:00:00","BZN|DK1","91.46","164.88","169.00","170.85"
"07/06/2023 18:00:00 - 07/06/2023 19:00:00","BZN|DK1","113.67","170.46","168.63","198.18"
"07/06/2023 19:00:00 - 07/06/2023 20:00:00","BZN|DK1","157.58","201.79","222.58","203.72"
"07/06/2023 20:00:00 - 07/06/2023 21:00:00","BZN|DK1","190.33","226.13","243.79","206.81"
"07/06/2023 21:00:00 - 07/06/2023 22:00:00","BZN|DK1","204.71","226.58","232.08","180.45"
"07/06/2023 22:00:00 - 07/06/2023 23:00:00","BZN|DK1","214.00","228.92","167.13","187.34"
"07/06/2023 23:00:00 - 08/06/2023 00:00:00","BZN|DK1","201.00","228.38","203.46","200.50"
"08/06/2023 00:00:00 - 08/06/2023 01:00:00","BZN|DK1","244.79","N/A","191.54","193.71"
"08/06/2023 01:00:00 - 08/06/2023 02:00:00","BZN|DK1","211.25","N/A","186.25","214.32"
"08/06/2023 02:00:00 - 08/06/2023 03:00:00","BZN|DK1","201.46","N/A","201.21","219.85"
"08/06/2023 03:00:00 - 08/06/2023 04:00:00","BZN|DK1","219.67","N/A","243.67","262.74"
"08/06/2023 04:00:00 - 08/06/2023 05:00:00","BZN|DK1","247.38","N/A","273.42","284.14"
"08/06/2023 05:00:00 - 08/06/2023 06:00:00","BZN|DK1","262.75","N/A","270.38","278.99"
"08/06/2023 06:00:00 - 08/06/2023 07:00:00","BZN|DK1","263.75","N/A","263.21","256.36"
"08/06/2023 07:00:00 - 08/06/2023 08:00:00","BZN|DK1","265.42","N/A","265.63","233.27"
"08/06/2023 08:00:00 - 08/06/2023 09:00:00","BZN|DK1","256.50","245.54","226.08","211.73"
"08/06/2023 09:00:00 - 08/06/2023 10:00:00","BZN|DK1","243.29","233.00","225.21","226.64"
"08/06/2023 10:00:00 - 08/06/2023 11:00:00","BZN|DK1","238.04","210.71","214.17","232.47"
"08/06/2023 11:00:00 - 08/06/2023 12:00:00","BZN|DK1","224.75","186.13","220.50","260.54"
"08/06/2023 12:00:00 - 08/06/2023 13:00:00","BZN|DK1","226.67","193.17","258.38","266.94"
"08/06/2023 13:00:00 - 08/06/2023 14:00:00","BZN|DK1","221.54","211.42","281.42","313.18"
"08/06/2023 14:00:00 - 08/06/2023 15:00:00","BZN|DK1","232.38","229.96","300.21","294.13"
"08/06/2023 15:00:00 - 08/06/2023 16:00:00","BZN|DK1","246.13","251.92","286.21","233.30"
"08/06/2023 16:00:00 - 08/06/2023 17:00:00","BZN|DK1","246.83","259.42","243.13","271.40"
"08/06/2023 17:00:00 - 08/06/2023 18:00:00","BZN|DK1","258.29","263.67","292.83","268.82"
"08/06/2023 18:00:00 - 08/06/2023 19:00:00","BZN|DK1","261.83","246.96","246.38","274.67"
"08/06/2023 19:00:00 - 08/06/2023 20:00:00","BZN|DK1","245.46","206.54","255.21","232.70"
"08/06/2023 20:00:00 - 08/06/2023 21:00:00","BZN|DK1","199.79","182.75","203.58","201.53"
"08/06/2023 21:00:00 - 08/06/2023 22:00:00","BZN|DK1","153.96","156.42","160.42","179.25"
"08/06/2023 22:00:00 - 08/06/2023 23:00:00","BZN|DK1","104.92","102.25","118.29","151.67"
"08/06/2023 23:00:00 - 09/06/2023 00:00:00","BZN|DK1","91.88","74.54","135.33","131.95"
"09/06/2023 00:00:00 - 09/06/2023 01:00:00","BZN|DK1","89.96","N/A","98.21","74.38"
"09/06/2023 01:00:00 - 09/06/2023 02:00:00","BZN|DK1","82.75","N/A","45.33","60.51"
"09/06/2023 02:00:00 - 09/06/2023 03:00:00","BZN|DK1","80.21","N/A","38.00","67.35"
"09/06/2023 03:00:00 - 09/06/2023 04:00:00","BZN|DK1","70.38","N/A","55.04","64.96"
"09/06/2023 04:00:00 - 09/06/2023 05:00:00","BZN|DK1","88.29","N/A","73.75","72.11"
"09/06/2023 05:00:00 - 09/06/2023 06:00:00","BZN|DK1","177.13","N/A","108.33","225.89"
"09/06/2023 06:00:00 - 09/06/2023 07:00:00","BZN|DK1","253.13","N/A","311.50","286.44"
"09/06/2023 07:00:00 - 09/06/2023 08:00:00","BZN|DK1","297.79","N/A","353.17","307.28"
"09/06/2023 08:00:00 - 09/06/2023 09:00:00","BZN|DK1","302.50","303.63","299.46","292.60"
"09/06/2023 09:00:00 - 09/06/2023 10:00:00","BZN|DK1","258.71","227.38","219.21","202.39"
"09/06/2023 10:00:00 - 09/06/2023 11:00:00","BZN|DK1","250.79","210.67","164.50","153.28"
"09/06/2023 11:00:00 - 09/06/2023 12:00:00","BZN|DK1","189.50","167.42","121.63","107.02"
"09/06/2023 12:00:00 - 09/06/2023 13:00:00","BZN|DK1","94.33","113.71","73.63","76.01"
"09/06/2023 13:00:00 - 09/06/2023 14:00:00","BZN|DK1","54.38","72.83","32.88","45.13"
"09/06/2023 14:00:00 - 09/06/2023 15:00:00","BZN|DK1","36.63","36.54","19.08","29.42"
"09/06/2023 15:00:00 - 09/06/2023 16:00:00","BZN|DK1","35.88","20.75","22.67","28.03"
"09/06/2023 16:00:00 - 09/06/2023 17:00:00","BZN|DK1","49.83","25.71","13.33","19.20"
"09/06/2023 17:00:00 - 09/06/2023 18:00:00","BZN|DK1","44.33","31.67","15.42","14.45"
"09/06/2023 18:00:00 - 09/06/2023 19:00:00","BZN|DK1","49.29","37.96","11.83","22.46"
"09/06/2023 19:00:00 - 09/06/2023 20:00:00","BZN|DK1","48.38","36.88","24.21","45.99"
"09/06/2023 20:00:00 - 09/06/2023 21:00:00","BZN|DK1","50.58","40.79","35.63","48.58"
"09/06/2023 21:00:00 - 09/06/2023 22:00:00","BZN|DK1","103.54","90.00","90.54","92.42"
"09/06/2023 22:00:00 - 09/06/2023 23:00:00","BZN|DK1","227.46","304.00","242.13","193.39"
"09/06/2023 23:00:00 - 10/06/2023 00:00:00","BZN|DK1","414.46","507.50","328.83","619.99"
"10/06/2023 00:00:00 - 10/06/2023 01:00:00","BZN|DK1","442.46","N/A","704.67","696.07"
"10/06/2023 01:00:00 - 10/06/2023 02:00:00","BZN|DK1","439.04","N/A","540.79","521.33"
"10/06/2023 02:00:00 - 10/06/2023 03:00:00","BZN|DK1","511.04","N/A","472.54","581.15"
"10/06/2023 03:00:00 - 10/06/2023 04:00:00","BZN|DK1","566.54","N/A","630.42","657.50"
"10/06/2023 04:00:00 - 10/06/2023 05:00:00","BZN|DK1","553.58","N/A","603.63","685.36"
"10/06/2023 05:00:00 - 10/06/2023 06:00:00","BZN|DK1","530.46","N/A","652.92","691.30"
"10/06/2023 06:00:00 - 10/06/2023 07:00:00","BZN|DK1","510.79","N/A","661.92","752.32"
"10/06/2023 07:00:00 - 10/06/2023 08:00:00","BZN|DK1","470.79","N/A","612.38","600.90"
"10/06/2023 08:00:00 - 10/06/2023 09:00:00","BZN|DK1","426.67","482.00","479.50","447.55"
"10/06/2023 09:00:00 - 10/06/2023 10:00:00","BZN|DK1","362.75","369.75","316.67","329.00"
"10/06/2023 10:00:00 - 10/06/2023 11:00:00","BZN|DK1","305.46","332.13","300.54","320.14"
"10/06/2023 11:00:00 - 10/06/2023 12:00:00","BZN|DK1","283.83","285.92","265.96","306.51"
"10/06/2023 12:00:00 - 10/06/2023 13:00:00","BZN|DK1","247.29","250.58","231.08","282.40"
"10/06/2023 13:00:00 - 10/06/2023 14:00:00","BZN|DK1","200.75","219.50","227.79","199.52"
"10/06/2023 14:00:00 - 10/06/2023 15:00:00","BZN|DK1","200.29","214.13","184.29","23.03"
"10/06/2023 15:00:00 - 10/06/2023 16:00:00","BZN|DK1","249.21","240.54","55.71","29.43"
"10/06/2023 16:00:00 - 10/06/2023 17:00:00","BZN|DK1","244.83","249.29","101.13","389.00"
"10/06/2023 17:00:00 - 10/06/2023 18:00:00","BZN|DK1","240.54","272.46","345.33","447.15"
"10/06/2023 18:00:00 - 10/06/2023 19:00:00","BZN|DK1","280.58","303.58","453.08","526.89"
"10/06/2023 19:00:00 - 10/06/2023 20:00:00","BZN|DK1","326.46","360.17","483.58","628.06"
"10/06/2023 20:00:00 - 10/06/2023 21:00:00","BZN|DK1","373.92","366.13","600.54","702.52"
"10/06/2023 21:00:00 - 10/06/2023 22:00:00","BZN|DK1","511.50","456.29","716.63","691.30"
"10/06/2023 22:00:00 - 10/06/2023 23:00:00","BZN|DK1","664.79","688.67","689.17","747.91"
"10/06/2023 23:00:00 - 11/06/2023 00:00:00","BZN|DK1","781.13","781.79","820.75","825.34"
"11/06/2023 00:00:00 - 11/06/2023 01:00:00","BZN|DK1","882.96","N/A","855.38","971.74"
"11/06/2023 01:00:00 - 11/06/2023 02:00:00","BZN|DK1","890.13","N/A","995.42","1003.86"
"11/06/2023 02:00:00 - 11/06/2023 03:00:00","BZN|DK1","870.00","N/A","975.04","992.54"
"11/06/2023 03:00:00 - 11/06/2023 04:00:00","BZN|DK1","828.33","N/A","931.21","1031.50"
"11/06/2023 04:00:00 - 11/06/2023 05:00:00","BZN|DK1","836.17","N/A","965.17","911.59"
"11/06/2023 05:00:00 - 11/06/2023 06:00:00","BZN|DK1","810.54","N/A","849.88","921.16"
"11/06/2023 06:00:00 - 11/06/2023 07:00:00","BZN|DK1","762.08","N/A","854.13","916.42"
"11/06/2023 07:00:00 - 11/06/2023 08:00:00","BZN|DK1","737.79","N/A","889.71","854.89"
"11/06/2023 08:00:00 - 11/06/2023 09:00:00","BZN|DK1","709.29","760.50","755.67","819.55"
"11/06/2023 09:00:00 - 11/06/2023 10:00:00","BZN|DK1","609.21","658.38","691.96","713.97"
"11/06/2023 10:00:00 - 11/06/2023 11:00:00","BZN|DK1","556.04","599.42","569.08","405.61"
"11/06/2023 11:00:00 - 11/06/2023 12:00:00","BZN|DK1","559.50","553.71","371.46","241.10"
"11/06/2023 12:00:00 - 11/06/2023 13:00:00","BZN|DK1","517.54","530.21","275.67","156.40"
"11/06/2023 13:00:00 - 11/06/2023 14:00:00","BZN|DK1","480.63","492.21","158.96","143.79"
"11/06/2023 14:00:00 - 11/06/2023 15:00:00","BZN|DK1","405.33","465.96","150.46","95.73"
"11/06/2023 15:00:00 - 11/06/2023 16:00:00","BZN|DK1","417.08","463.08","167.21","287.43"
"11/06/2023 16:00:00 - 11/06/2023 17:00:00","BZN|DK1","408.08","455.08","203.13","640.36"
"11/06/2023 17:00:00 - 11/06/2023 18:00:00","BZN|DK1","381.58","483.17","645.00","738.75"
"11/06/2023 18:00:00 - 11/06/2023 19:00:00","BZN|DK1","460.96","486.75","683.00","785.86"
"11/06/2023 19:00:00 - 11/06/2023 20:00:00","BZN|DK1","522.88","518.25","771.04","806.70"
"11/06/2023 20:00:00 - 11/06/2023 21:00:00","BZN|DK1","584.25","545.63","736.75","800.17"
"11/06/2023 21:00:00 - 11/06/2023 22:00:00","BZN|DK1","646.17","560.50","742.75","784.66"
"11/06/2023 22:00:00 - 11/06/2023 23:00:00","BZN|DK1","686.13","663.75","712.96","781.40"
"11/06/2023 23:00:00 - 12/06/2023 00:00:00","BZN|DK1","718.83","680.54","767.04","729.10"
"12/06/2023 00:00:00 - 12/06/2023 01:00:00","BZN|DK1","644.00","N/A","682.17","810.06"
"12/06/2023 01:00:00 - 12/06/2023 02:00:00","BZN|DK1","667.38","N/A","789.50","766.48"
"12/06/2023 02:00:00 - 12/06/2023 03:00:00","BZN|DK1","660.21","N/A","725.08","725.99"
"12/06/2023 03:00:00 - 12/06/2023 04:00:00","BZN|DK1","592.88","N/A","667.58","689.91"
"12/06/2023 04:00:00 - 12/06/2023 05:00:00","BZN|DK1","579.75","N/A","628.67","600.28"
"12/06/2023 05:00:00 - 12/06/2023 06:00:00","BZN|DK1","563.92","N/A","566.50","555.32"
"12/06/2023 06:00:00 - 12/06/2023 07:00:00","BZN|DK1","528.38","N/A","510.13","477.20"
"12/06/2023 07:00:00 - 12/06/2023 08:00:00","BZN|DK1","425.42","N/A","347.04","359.43"
"12/06/2023 08:00:00 - 12/06/2023 09:00:00","BZN|DK1","357.50","285.29","277.88","237.56"
"12/06/2023 09:00:00 - 12/06/2023 10:00:00","BZN|DK1","249.58","232.83","175.21","208.88"
"12/06/2023 10:00:00 - 12/06/2023 11:00:00","BZN|DK1","185.08","208.88","184.92","218.51"
"12/06/2023 11:00:00 - 12/06/2023 12:00:00","BZN|DK1","190.67","160.67","167.54","189.32"
"12/06/2023 12:00:00 - 12/06/2023 13:00:00","BZN|DK1","220.96","107.88","134.13","129.06"
"12/06/2023 13:00:00 - 12/06/2023 14:00:00","BZN|DK1","224.08","98.63","102.71","105.10"
"12/06/2023 14:00:00 - 12/06/2023 15:00:00","BZN|DK1","173.83","109.04","79.54","66.87"
"12/06/2023 15:00:00 - 12/06/2023 16:00:00","BZN|DK1","95.25","89.83","57.96","49.50"
"12/06/2023 16:00:00 - 12/06/2023 17:00:00","BZN|DK1","58.75","58.25","36.88","41.97"
"12/06/2023 17:00:00 - 12/06/2023 18:00:00","BZN|DK1","54.17","52.54","20.25","35.07"
"12/06/2023 18:00:00 - 12/06/2023 19:00:00","BZN|DK1","74.46","57.46","23.92","35.03"
"12/06/2023 19:00:00 - 12/06/2023 20:00:00","BZN|DK1","92.08","73.08","19.71","40.73"
"12/06/2023 20:00:00 - 12/06/2023 21:00:00","BZN|DK1","147.96","89.00","32.75","53.81"
"12/06/2023 21:00:00 - 12/06/2023 22:00:00","BZN|DK1","182.54","115.88","64.29","89.50"
"12/06/2023 22:00:00 - 12/06/2023 23:00:00","BZN|DK1","281.29","176.46","140.63","255.60"
"12/06/2023 23:00:00 - 13/06/2023 00:00:00","BZN|DK1","380.46","273.33","349.88","395.44"
"13/06/2023 00:00:00 - 13/06/2023 01:00:00","BZN|DK1","249.92","N/A","449.08","544.84"
"13/06/2023 01:00:00 - 13/06/2023 02:00:00","BZN|DK1","312.00","N/A","479.00","463.31"
"13/06/2023 02:00:00 - 13/06/2023 03:00:00","BZN|DK1","324.92","N/A","430.79","386.68"
"13/06/2023 03:00:00 - 13/06/2023 04:00:00","BZN|DK1","326.67","N/A","327.63","391.08"
"13/06/2023 04:00:00 - 13/06/2023 05:00:00","BZN|DK1","308.25","N/A","359.17","402.44"
"13/06/2023 05:00:00 - 13/06/2023 06:00:00","BZN|DK1","205.96","N/A","350.04","284.15"
"13/06/2023 06:00:00 - 13/06/2023 07:00:00","BZN|DK1","175.79","N/A","203.17","175.57"
"13/06/2023 07:00:00 - 13/06/2023 08:00:00","BZN|DK1","137.75","N/A","121.75","136.33"
"13/06/2023 08:00:00 - 13/06/2023 09:00:00","BZN|DK1","105.08","93.38","91.54","80.25"
"13/06/2023 09:00:00 - 13/06/2023 10:00:00","BZN|DK1","77.08","51.17","34.88","44.07"
"13/06/2023 10:00:00 - 13/06/2023 11:00:00","BZN|DK1","40.83","34.25","34.54","33.86"
"13/06/2023 11:00:00 - 13/06/2023 12:00:00","BZN|DK1","37.33","37.25","31.96","15.43"
"13/06/2023 12:00:00 - 13/06/2023 13:00:00","BZN|DK1","28.54","36.25","15.88","17.01"
"13/06/2023 13:00:00 - 13/06/2023 14:00:00","BZN|DK1","37.54","35.92","15.58","30.98"
"13/06/2023 14:00:00 - 13/06/2023 15:00:00","BZN|DK1","46.21","32.58","26.54","54.89"
"13/06/2023 15:00:00 - 13/06/2023 16:00:00","BZN|DK1","59.58","30.25","59.83","89.25"
"13/06/2023 16:00:00 - 13/06/2023 17:00:00","BZN|DK1","69.00","41.33","112.96","135.16"
"13/06/2023 17:00:00 - 13/06/2023 18:00:00","BZN|DK1","69.50","64.83","155.96","156.84"
"13/06/2023 18:00:00 - 13/06/2023 19:00:00","BZN|DK1","77.75","70.04","129.04","124.69"
"13/06/2023 19:00:00 - 13/06/2023 20:00:00","BZN|DK1","77.21","84.04","124.75","103.26"
"13/06/2023 20:00:00 - 13/06/2023 21:00:00","BZN|DK1","66.67","90.13","50.71","77.15"
"13/06/2023 21:00:00 - 13/06/2023 22:00:00","BZN|DK1","86.21","73.71","46.42","54.80"
"13/06/2023 22:00:00 - 13/06/2023 23:00:00","BZN|DK1","90.63","41.79","28.96","38.61"
"13/06/2023 23:00:00 - 14/06/2023 00:00:00","BZN|DK1","67.13","32.63","23.83","39.76"
"14/06/2023 00:00:00 - 14/06/2023 01:00:00","BZN|DK1","28.75","N/A","35.33","73.61"
"14/06/2023 01:00:00 - 14/06/2023 02:00:00","BZN|DK1","50.25","N/A","71.25","46.53"
"14/06/2023 02:00:00 - 14/06/2023 03:00:00","BZN|DK1","82.75","N/A","63.67","29.76"
"14/06/2023 03:00:00 - 14/06/2023 04:00:00","BZN|DK1","80.25","N/A","28.58","24.38"
"14/06/2023 04:00:00 - 14/06/2023 05:00:00","BZN|DK1","67.67","N/A","7.92","8.92"
"14/06/2023 05:00:00 - 14/06/2023 06:00:00","BZN|DK1","42.33","N/A","10.33","6.55"
"14/06/2023 06:00:00 - 14/06/2023 07:00:00","BZN|DK1","39.29","N/A","9.38","13.38"
"14/06/2023 07:00:00 - 14/06/2023 08:00:00","BZN|DK1","31.04","N/A","11.21","8.89"
"14/06/2023 08:00:00 - 14/06/2023 09:00:00","BZN|DK1","26.29","9.46","8.75","5.53"
"14/06/2023 09:00:00 - 14/06/2023 10:00:00","BZN|DK1","23.08","8.67","3.75","0.01"
"14/06/2023 10:00:00 - 14/06/2023 11:00:00","BZN|DK1","24.46","14.25","0.00","0.00"
"14/06/2023 11:00:00 - 14/06/2023 12:00:00","BZN|DK1","30.83","13.46","0.00","0.01"
"14/06/2023 12:00:00 - 14/06/2023 13:00:00","BZN|DK1","32.92","11.79","1.83","12.63"
"14/06/2023 13:00:00 - 14/06/2023 14:00:00","BZN|DK1","39.75","21.54","28.04","27.47"
"14/06/2023 14:00:00 - 14/06/2023 15:00:00","BZN|DK1","42.58","46.79","32.33","40.90"
"14/06/2023 15:00:00 - 14/06/2023 16:00:00","BZN|DK1","85.13","78.29","100.04","77.18"
"14/06/2023 16:00:00 - 14/06/2023 17:00:00","BZN|DK1","140.88","147.58","133.38","70.41"
"14/06/2023 17:00:00 - 14/06/2023 18:00:00","BZN|DK1","193.46","191.96","110.67","91.64"
"14/06/2023 18:00:00 - 14/06/2023 19:00:00","BZN|DK1","308.46","244.17","153.29","139.37"
"14/06/2023 19:00:00 - 14/06/2023 20:00:00","BZN|DK1","373.58","295.08","206.00","215.44"
"14/06/2023 20:00:00 - 14/06/2023 21:00:00","BZN|DK1","446.00","362.08","299.50","386.52"
"14/06/2023 21:00:00 - 14/06/2023 22:00:00","BZN|DK1","504.42","466.08","495.71","490.71"
"14/06/2023 22:00:00 - 14/06/2023 23:00:00","BZN|DK1","574.17","574.92","533.33","574.02"
"14/06/2023 23:00:00 - 15/06/2023 00:00:00","BZN|DK1","545.25","576.83","537.33","555.37"
"15/06/2023 00:00:00 - 15/06/2023 01:00:00","BZN|DK1","475.42","N/A","413.96","360.49"
"15/06/2023 01:00:00 - 15/06/2023 02:00:00","BZN|DK1","425.50","N/A","301.25","315.34"
"15/06/2023 02:00:00 - 15/06/2023 03:00:00","BZN|DK1","325.75","N/A","254.75","244.17"
"15/06/2023 03:00:00 - 15/06/2023 04:00:00","BZN|DK1","206.71","N/A","221.54","236.09"
"15/06/2023 04:00:00 - 15/06/2023 05:00:00","BZN|DK1","145.25","N/A","225.38","220.37"
"15/06/2023 05:00:00 - 15/06/2023 06:00:00","BZN|DK1","119.50","N/A","190.00","191.22"
"15/06/2023 06:00:00 - 15/06/2023 07:00:00","BZN|DK1","95.04","N/A","113.08","106.42"
"15/06/2023 07:00:00 - 15/06/2023 08:00:00","BZN|DK1","65.54","N/A","32.63","57.92"
"15/06/2023 08:00:00 - 15/06/2023 09:00:00","BZN|DK1","58.54","33.04","29.17","26.62"
"15/06/2023 09:00:00 - 15/06/2023 10:00:00","BZN|DK1","75.29","38.58","26.58","34.66"
"15/06/2023 10:00:00 - 15/06/2023 11:00:00","BZN|DK1","91.50","81.67","49.04","38.08"
"15/06/2023 11:00:00 - 15/06/2023 12:00:00","BZN|DK1","105.83","83.71","22.83","14.51"
"15/06/2023 12:00:00 - 15/06/2023 13:00:00","BZN|DK1","139.67","81.29","20.25","5.57"
"15/06/2023 13:00:00 - 15/06/2023 14:00:00","BZN|DK1","138.63","91.21","14.58","10.03"
"15/06/2023 14:00:00 - 15/06/2023 15:00:00","BZN|DK1","141.75","98.71","31.33","28.84"
"15/06/2023 15:00:00 - 15/06/2023 16:00:00","BZN|DK1","142.63","89.92","64.75","25.27"
"15/06/2023 16:00:00 - 15/06/2023 17:00:00","BZN|DK1","127.29","103.17","48.42","13.90"
"15/06/2023 17:00:00 - 15/06/2023 18:00:00","BZN|DK1","146.13","105.13","56.75","168.15"
"15/06/2023 18:00:00 - 15/06/2023 19:00:00","BZN|DK1","170.00","113.96","270.29","329.25"
"15/06/2023 19:00:00 - 15/06/2023 20:00:00","BZN|DK1","211.79","172.17","269.25","276.82"
"15/06/2023 20:00:00 - 15/06/2023 21:00:00","BZN|DK1","255.46","140.04","242.00","257.37"
"15/06/2023 21:00:00 - 15/06/2023 22:00:00","BZN|DK1","246.17","119.79","224.42","181.63"
"15/06/2023 22:00:00 - 15/06/2023 23:00:00","BZN|DK1","241.58","126.08","121.21","133.81"
"15/06/2023 23:00:00 - 16/06/2023 00:00:00","BZN|DK1","238.46","124.38","128.71","133.78"
"16/06/2023 00:00:00 - 16/06/2023 01:00:00","BZN|DK1","117.29","N/A","131.88","155.82"
"16/06/2023 01:00:00 - 16/06/2023 02:00:00","BZN|DK1","108.83","N/A","144.04","160.04"
"16/06/2023 02:00:00 - 16/06/2023 03:00:00","BZN|DK1","102.21","N/A","141.58","170.22"
"16/06/2023 03:00:00 - 16/06/2023 04:00:00","BZN|DK1","110.21","N/A","150.88","170.54"
"16/06/2023 04:00:00 - 16/06/2023 05:00:00","BZN|DK1","148.71","N/A","154.13","167.94"
"16/06/2023 05:00:00 - 16/06/2023 06:00:00","BZN|DK1","174.83","N/A","161.96","164.71"
"16/06/2023 06:00:00 - 16/06/2023 07:00:00","BZN|DK1","157.92","N/A","136.21","119.35"
"16/06/2023 07:00:00 - 16/06/2023 08:00:00","BZN|DK1","120.88","N/A","84.08","104.28"
"16/06/2023 08:00:00 - 16/06/2023 09:00:00","BZN|DK1","117.00","80.00","81.96","69.72"
"16/06/2023 09:00:00 - 16/06/2023 10:00:00","BZN|DK1","131.50","76.25","61.08","83.69"
"16/06/2023 10:00:00 - 16/06/2023 11:00:00","BZN|DK1","156.46","69.54","98.46","83.06"
"16/06/2023 11:00:00 - 16/06/2023 12:00:00","BZN|DK1","156.25","62.50","66.13","61.08"
"16/06/2023 12:00:00 - 16/06/2023 13:00:00","BZN|DK1","170.67","69.04","68.50","59.32"
"16/06/2023 13:00:00 - 16/06/2023 14:00:00","BZN|DK1","196.50","67.00","57.00","67.70"
"16/06/2023 14:00:00 - 16/06/2023 15:00:00","BZN|DK1","222.71","75.71","84.46","115.48"
"16/06/2023 15:00:00 - 16/06/2023 16:00:00","BZN|DK1","281.29","95.58","142.21","155.49"
"16/06/2023 16:00:00 - 16/06/2023 17:00:00","BZN|DK1","343.29","121.42","171.88","158.41"
"16/06/2023 17:00:00 - 16/06/2023 18:00:00","BZN|DK1","332.21","97.38","176.33","173.11"
"16/06/2023 18:00:00 - 16/06/2023 19:00:00","BZN|DK1","318.29","55.21","145.71","174.49"
"16/06/2023 19:00:00 - 16/06/2023 20:00:00","BZN|DK1","298.79","82.00","165.71","184.59"
"16/06/2023 20:00:00 - 16/06/2023 21:00:00","BZN|DK1","259.42","110.17","160.88","166.07"
"16/06/2023 21:00:00 - 16/06/2023 22:00:00","BZN|DK1","214.08","103.04","135.50","176.37"
"16/06/2023 22:00:00 - 16/06/2023 23:00:00","BZN|DK1","135.71","45.38","117.92","85.13"
"16/06/2023 23:00:00 - 17/06/2023 00:00:00","BZN|DK1","75.08","57.79","87.58","102.41"
"17/06/2023 00:00:00 - 17/06/2023 01:00:00","BZN|DK1","86.17","N/A","99.75","137.27"
"17/06/2023 01:00:00 - 17/06/2023 02:00:00","BZN|DK1","105.75","N/A","108.54","103.49"
"17/06/2023 02:00:00 - 17/06/2023 03:00:00","BZN|DK1","96.79","N/A","65.71","73.55"
"17/06/2023 03:00:00 - 17/06/2023 04:00:00","BZN|DK1","60.04","N/A","60.29","40.38"
"17/06/2023 04:00:00 - 17/06/2023 05:00:00","BZN|DK1","36.04","N/A","23.17","31.75"
"17/06/2023 05:00:00 - 17/06/2023 06:00:00","BZN|DK1","29.58","N/A","28.96","27.55"
"17/06/2023 06:00:00 - 17/06/2023 07:00:00","BZN|DK1","31.58","N/A","20.21","18.35"
"17/06/2023 07:00:00 - 17/06/2023 08:00:00","BZN|DK1","29.96","N/A","10.92","18.43"
"17/06/2023 08:00:00 - 17/06/2023 09:00:00","BZN|DK1","29.46","11.96","13.92","15.15"
"17/06/2023 09:00:00 - 17/06/2023 10:00:00","BZN|DK1","22.83","9.13","10.21","3.94"
"17/06/2023 10:00:00 - 17/06/2023 11:00:00","BZN|DK1","18.88","8.46","1.04","6.00"
"17/06/2023 11:00:00 - 17/06/2023 12:00:00","BZN|DK1","12.29","8.04","6.92","0.83"
"17/06/2023 12:00:00 - 17/06/2023 13:00:00","BZN|DK1","8.96","11.58","0.00","1.29"
"17/06/2023 13:00:00 - 17/06/2023 14:00:00","BZN|DK1","13.04","12.58","2.67","1.56"
"17/06/2023 14:00:00 - 17/06/2023 15:00:00","BZN|DK1","21.58","11.33","1.00","30.28"
"17/06/2023 15:00:00 - 17/06/2023 16:00:00","BZN|DK1","27.92","13.71","38.21","48.07"
"17/06/2023 16:00:00 - 17/06/2023 17:00:00","BZN|DK1","67.50","28.08","35.50","11.21"
"17/06/2023 17:00:00 - 17/06/2023 18:00:00","BZN|DK1","116.92","53.00","49.79","23.64"
"17/06/2023 18:00:00 - 17/06/2023 19:00:00","BZN|DK1","83.92","60.21","9.00","21.10"
"17/06/2023 19:00:00 - 17/06/2023 20:00:00","BZN|DK1","34.79","82.33","39.04","43.68"
"17/06/2023 20:00:00 - 17/06/2023 21:00:00","BZN|DK1","39.08","75.42","42.13","64.77"
"17/06/2023 21:00:00 - 17/06/2023 22:00:00","BZN|DK1","36.75","49.29","122.25","184.34"
"17/06/2023 22:00:00 - 17/06/2023 23:00:00","BZN|DK1","24.67","24.67","124.50","97.94"
"17/06/2023 23:00:00 - 18/06/2023 00:00:00","BZN|DK1","35.54","35.54","75.71","91.51"
"18/06/2023 00:00:00 - 18/06/2023 01:00:00","BZN|DK1","59.17","N/A","89.17","218.16"
"18/06/2023 01:00:00 - 18/06/2023 02:00:00","BZN|DK1","86.08","N/A","199.58","131.90"
"18/06/2023 02:00:00 - 18/06/2023 03:00:00","BZN|DK1","73.50","N/A","58.38","14.29"
"18/06/2023 03:00:00 - 18/06/2023 04:00:00","BZN|DK1","61.04","N/A","0.33","9.47"
"18/06/2023 04:00:00 - 18/06/2023 05:00:00","BZN|DK1","49.88","N/A","7.42","13.33"
"18/06/2023 05:00:00 - 18/06/2023 06:00:00","BZN|DK1","43.21","N/A","15.88","24.48"
"18/06/2023 06:00:00 - 18/06/2023 07:00:00","BZN|DK1","47.63","N/A","28.29","17.24"
"18/06/2023 07:00:00 - 18/06/2023 08:00:00","BZN|DK1","63.54","N/A","14.88","41.56"
"18/06/2023 08:00:00 - 18/06/2023 09:00:00","BZN|DK1","64.04","65.00","84.83","263.37"
"18/06/2023 09:00:00 - 18/06/2023 10:00:00","BZN|DK1","69.54","69.75","235.75","170.53"
"18/06/2023 10:00:00 - 18/06/2023 11:00:00","BZN|DK1","90.00","67.33","99.21","93.74"
"18/06/2023 11:00:00 - 18/06/2023 12:00:00","BZN|DK1","103.33","69.67","78.63","103.65"
"18/06/2023 12:00:00 - 18/06/2023 13:00:00","BZN|DK1","82.83","60.29","99.17","97.98"
"18/06/2023 13:00:00 - 18/06/2023 14:00:00","BZN|DK1","65.42","52.00","63.17","47.12"
"18/06/2023 14:00:00 - 18/06/2023 15:00:00","BZN|DK1","70.04","40.75","20.79","45.82"
"18/06/2023 15:00:00 - 18/06/2023 16:00:00","BZN|DK1","113.29","50.54","37.67","33.42"
"18/06/2023 16:00:00 - 18/06/2023 17:00:00","BZN|DK1","120.75","62.29","51.00","106.99"
"18/06/2023 17:00:00 - 18/06/2023 18:00:00","BZN|DK1","117.63","62.50","135.17","122.22"
"18/06/2023 18:00:00 - 18/06/2023 19:00:00","BZN|DK1","161.17","72.67","131.46","83.46"
"18/06/2023 19:00:00 - 18/06/2023 20:00:00","BZN|DK1","164.71","75.83","62.46","78.91"
"18/06/2023 20:00:00 - 18/06/2023 21:00:00","BZN|DK1","144.96","66.00","101.38","89.23"
"18/06/2023 21:00:00 - 18/06/2023 22:00:00","BZN|DK1","113.67","59.13","66.29","60.03"
"18/06/2023 22:00:00 - 18/06/2023 23:00:00","BZN|DK1","95.38","59.17","38.71","53.42"
"18/06/2023 23:00:00 - 19/06/2023 00:00:00","BZN|DK1","137.58","86.96","106.83","240.92"
"19/06/2023 00:00:00 - 19/06/2023 01:00:00","BZN|DK1","63.08","N/A","250.25","324.31"
"19/06/2023 01:00:00 - 19/06/2023 02:00:00","BZN|DK1","96.83","N/A","333.96","196.73"
"19/06/2023 02:00:00 - 19/06/2023 03:00:00","BZN|DK1","142.21","N/A","241.38","201.94"
"19/06/2023 03:00:00 - 19/06/2023 04:00:00","BZN|DK1","173.50","N/A","242.88","209.71"
"19/06/2023 04:00:00 - 19/06/2023 05:00:00","BZN|DK1","246.79","N/A","242.50","228.82"
"19/06/2023 05:00:00 - 19/06/2023 06:00:00","BZN|DK1","251.96","N/A","333.50","273.57"
"19/06/2023 06:00:00 - 19/06/2023 07:00:00","BZN|DK1","267.71","N/A","316.92","329.09"
"19/06/2023 07:00:00 - 19/06/2023 08:00:00","BZN|DK1","264.29","N/A","386.79","428.93"
"19/06/2023 08:00:00 - 19/06/2023 09:00:00","BZN|DK1","285.92","462.79","459.50","463.49"
"19/06/2023 09:00:00 - 19/06/2023 10:00:00","BZN|DK1","276.13","472.83","462.96","526.31"
"19/06/2023 10:00:00 - 19/06/2023 11:00:00","BZN|DK1","270.83","455.04","508.13","585.46"
"19/06/2023 11:00:00 - 19/06/2023 12:00:00","BZN|DK1","250.96","469.92","574.00","624.07"
"19/06/2023 12:00:00 - 19/06/2023 13:00:00","BZN|DK1","248.88","481.25","594.96","642.37"
"19/06/2023 13:00:00 - 19/06/2023 14:00:00","BZN|DK1","266.00","449.29","574.25","632.71"
"19/06/2023 14:00:00 - 19/06/2023 15:00:00","BZN|DK1","261.54","379.04","530.21","515.83"
"19/06/2023 15:00:00 - 19/06/2023 16:00:00","BZN|DK1","269.00","337.79","528.17","607.25"
"19/06/2023 16:00:00 - 19/06/2023 17:00:00","BZN|DK1","211.46","287.42","559.79","656.03"
"19/06/2023 17:00:00 - 19/06/2023 18:00:00","BZN|DK1","128.21","310.17","590.00","696.41"
"19/06/2023 18:00:00 - 19/06/2023 19:00:00","BZN|DK1","123.92","322.88","586.75","676.66"
"19/06/2023 19:00:00 - 19/06/2023 20:00:00","BZN|DK1","128.04","314.71","589.13","518.63"
"19/06/2023 20:00:00 - 19/06/2023 21:00:00","BZN|DK1","121.42","301.54","456.08","393.59"
"19/06/2023 21:00:00 - 19/06/2023 22:00:00","BZN|DK1","125.08","254.67","412.79","520.46"
"19/06/2023 22:00:00 - 19/06/2023 23:00:00","BZN|DK1","141.42","247.42","597.13","639.74"
"19/06/2023 23:00:00 - 20/06/2023 00:00:00","BZN|DK1","150.17","219.13","533.33","665.51"
"20/06/2023 00:00:00 - 20/06/2023 01:00:00","BZN|DK1","419.33","N/A","498.75","496.92"
"20/06/2023 01:00:00 - 20/06/2023 02:00:00","BZN|DK1","336.33","N/A","350.46","287.50"
"20/06/2023 02:00:00 - 20/06/2023 03:00:00","BZN|DK1","211.46","N/A","172.21","166.60"
"20/06/2023 03:00:00 - 20/06/2023 04:00:00","BZN|DK1","100.29","N/A","82.42","87.36"
"20/06/2023 04:00:00 - 20/06/2023 05:00:00","BZN|DK1","63.08","N/A","34.79","43.97"
"20/06/2023 05:00:00 - 20/06/2023 06:00:00","BZN|DK1","32.96","N/A","28.71","21.66"
"20/06/2023 06:00:00 - 20/06/2023 07:00:00","BZN|DK1","26.96","N/A","15.75","21.29"
"20/06/2023 07:00:00 - 20/06/2023 08:00:00","BZN|DK1","26.33","N/A","19.67","35.14"
"20/06/2023 08:00:00 - 20/06/2023 09:00:00","BZN|DK1","21.25","26.67","26.88","18.85"
"20/06/2023 09:00:00 - 20/06/2023 10:00:00","BZN|DK1","18.13","15.29","12.33","11.43"
"20/06/2023 10:00:00 - 20/06/2023 11:00:00","BZN|DK1","16.38","11.67","3.63","4.93"
"20/06/2023 11:00:00 - 20/06/2023 12:00:00","BZN|DK1","17.13","16.42","7.75","11.38"
"20/06/2023 12:00:00 - 20/06/2023 13:00:00","BZN|DK1","17.08","22.08","17.96","14.24"
"20/06/2023 13:00:00 - 20/06/2023 14:00:00","BZN|DK1","13.58","21.75","15.92","13.44"
"20/06/2023 14:00:00 - 20/06/2023 15:00:00","BZN|DK1","13.00","19.71","10.42","2.60"
"20/06/2023 15:00:00 - 20/06/2023 16:00:00","BZN|DK1","12.96","20.42","6.75","0.55"
"20/06/2023 16:00:00 - 20/06/2023 17:00:00","BZN|DK1","19.38","15.29","0.13","0.22"
"20/06/2023 17:00:00 - 20/06/2023 18:00:00","BZN|DK1","25.83","16.63","1.88","1.95"
"20/06/2023 18:00:00 - 20/06/2023 19:00:00","BZN|DK1","37.58","32.25","13.13","17.58"
"20/06/2023 19:00:00 - 20/06/2023 20:00:00","BZN|DK1","71.71","47.50","32.04","30.06"
"20/06/2023 20:00:00 - 20/06/2023 21:00:00","BZN|DK1","89.17","75.33","54.04","57.79"
"20/06/2023 21:00:00 - 20/06/2023 22:00:00","BZN|DK1","124.00","116.08","121.58","157.49"
"20/06/2023 22:00:00 - 20/06/2023 23:00:00","BZN|DK1","201.42","195.13","217.96","256.29"
"20/06/2023 23:00:00 - 21/06/2023 00:00:00","BZN|DK1","285.92","309.04","414.96","457.13"
"21/06/2023 00:00:00 - 21/06/2023 01:00:00","BZN|DK1","403.67","N/A","507.04","540.26"
"21/06/2023 01:00:00 - 21/06/2023 02:00:00","BZN|DK1","474.33","N/A","637.92","655.83"
"21/06/2023 02:00:00 - 21/06/2023 03:00:00","BZN|DK1","535.83","N/A","656.46","551.08"
"21/06/2023 03:00:00 - 21/06/2023 04:00:00","BZN|DK1","463.04","N/A","448.13","484.50"
"21/06/2023 04:00:00 - 21/06/2023 05:00:00","BZN|DK1","341.04","N/A","328.67","253.57"
"21/06/2023 05:00:00 - 21/06/2023 06:00:00","BZN|DK1","262.38","N/A","254.63","278.84"
"21/06/2023 06:00:00 - 21/06/2023 07:00:00","BZN|DK1","255.42","N/A","293.92","215.91"
"21/06/2023 07:00:00 - 21/06/2023 08:00:00","BZN|DK1","197.79","N/A","201.83","165.45"
"21/06/2023 08:00:00 - 21/06/2023 09:00:00","BZN|DK1","203.63","251.96","241.92","194.48"
"21/06/2023 09:00:00 - 21/06/2023 10:00:00","BZN|DK1","252.71","390.88","335.71","338.38"
"21/06/2023 10:00:00 - 21/06/2023 11:00:00","BZN|DK1","325.00","408.08","334.04","341.96"
"21/06/2023 11:00:00 - 21/06/2023 12:00:00","BZN|DK1","363.33","413.00","429.71","509.92"
"21/06/2023 12:00:00 - 21/06/2023 13:00:00","BZN|DK1","383.71","429.83","464.13","532.05"
"21/06/2023 13:00:00 - 21/06/2023 14:00:00","BZN|DK1","381.83","401.75","445.33","517.52"
"21/06/2023 14:00:00 - 21/06/2023 15:00:00","BZN|DK1","364.17","354.67","487.00","484.90"
"21/06/2023 15:00:00 - 21/06/2023 16:00:00","BZN|DK1","342.75","335.63","455.00","383.35"
"21/06/2023 16:00:00 - 21/06/2023 17:00:00","BZN|DK1","354.58","319.38","316.63","486.66"
"21/06/2023 17:00:00 - 21/06/2023 18:00:00","BZN|DK1","359.83","357.13","616.33","768.30"
"21/06/2023 18:00:00 - 21/06/2023 19:00:00","BZN|DK1","344.71","390.33","709.58","705.00"
"21/06/2023 19:00:00 - 21/06/2023 20:00:00","BZN|DK1","373.96","468.13","661.08","659.44"
"21/06/2023 20:00:00 - 21/06/2023 21:00:00","BZN|DK1","405.42","500.42","591.79","641.68"
"21/06/2023 21:00:00 - 21/06/2023 22:00:00","BZN|DK1","413.00","508.13","513.71","518.40"
"21/06/2023 22:00:00 - 21/06/2023 23:00:00","BZN|DK1","417.71","516.96","421.79","483.46"
"21/06/2023 23:00:00 - 22/06/2023 00:00:00","BZN|DK1","410.58","427.75","406.83","413.42"
"22/06/2023 00:00:00 - 22/06/2023 01:00:00","BZN|DK1","346.79","N/A","381.21","356.57"
"22/06/2023 01:00:00 - 22/06/2023 02:00:00","BZN|DK1","334.54","N/A","324.38","274.43"
"22/06/2023 02:00:00 - 22/06/2023 03:00:00","BZN|DK1","278.17","N/A","211.58","199.34"
"22/06/2023 03:00:00 - 22/06/2023 04:00:00","BZN|DK1","284.38","N/A","188.08","197.39"
"22/06/2023 04:00:00 - 22/06/2023 05:00:00","BZN|DK1","275.79","N/A","191.67","218.53"
"22/06/2023 05:00:00 - 22/06/2023 06:00:00","BZN|DK1","262.54","N/A","244.67","194.92"
"22/06/2023 06:00:00 - 22/06/2023 07:00:00","BZN|DK1","202.54","N/A","174.83","156.95"
"22/06/2023 07:00:00 - 22/06/2023 08:00:00","BZN|DK1","135.42","N/A","118.00","144.20"
"22/06/2023 08:00:00 - 22/06/2023 09:00:00","BZN|DK1","95.88","147.04","143.29","110.92"
"22/06/2023 09:00:00 - 22/06/2023 10:00:00","BZN|DK1","70.54","118.00","73.79","63.77"
"22/06/2023 10:00:00 - 22/06/2023 11:00:00","BZN|DK1","64.42","72.42","45.00","65.61"
"22/06/2023 11:00:00 - 22/06/2023 12:00:00","BZN|DK1","52.29","46.92","35.04","41.73"
"22/06/2023 12:00:00 - 22/06/2023 13:00:00","BZN|DK1","53.04","35.25","29.79","14.58"
"22/06/2023 13:00:00 - 22/06/2023 14:00:00","BZN|DK1","68.13","26.79","5.38","1.53"
"22/06/2023 14:00:00 - 22/06/2023 15:00:00","BZN|DK1","97.50","28.79","3.54","3.85"
"22/06/2023 15:00:00 - 22/06/2023 16:00:00","BZN|DK1","67.29","30.92","13.25","12.18"
"22/06/2023 16:00:00 - 22/06/2023 17:00:00","BZN|DK1","47.13","32.54","9.54","2.18"
"22/06/2023 17:00:00 - 22/06/2023 18:00:00","BZN|DK1","56.71","48.50","4.92","0.94"
"22/06/2023 18:00:00 - 22/06/2023 19:00:00","BZN|DK1","73.21","93.33","12.46","5.27"
"22/06/2023 19:00:00 - 22/06/2023 20:00:00","BZN|DK1","111.88","177.79","62.75","44.04"
"22/06/2023 20:00:00 - 22/06/2023 21:00:00","BZN|DK1","185.13","277.67","120.46","105.44"
"22/06/2023 21:00:00 - 22/06/2023 22:00:00","BZN|DK1","204.92","375.29","211.58","159.38"
"22/06/2023 22:00:00 - 22/06/2023 23:00:00","BZN|DK1","278.83","436.00","209.33","190.34"
"22/06/2023 23:00:00 - 23/06/2023 00:00:00","BZN|DK1","316.46","448.63","271.92","256.52"
"23/06/2023 00:00:00 - 23/06/2023 01:00:00","BZN|DK1","319.71","N/A","288.92","304.09"
"23/06/2023 01:00:00 - 23/06/2023 02:00:00","BZN|DK1","296.50","N/A","325.08","323.43"
"23/06/2023 02:00:00 - 23/06/2023 03:00:00","BZN|DK1","309.08","N/A","345.71","315.96"
"23/06/2023 03:00:00 - 23/06/2023 04:00:00","BZN|DK1","259.75","N/A","274.13","230.07"
"23/06/2023 04:00:00 - 23/06/2023 05:00:00","BZN|DK1","241.54","N/A","168.29","190.11"
"23/06/2023 05:00:00 - 23/06/2023 06:00:00","BZN|DK1","273.08","N/A","187.21","202.76"
"23/06/2023 06:00:00 - 23/06/2023 07:00:00","BZN|DK1","270.08","N/A","156.83","145.10"
"23/06/2023 07:00:00 - 23/06/2023 08:00:00","BZN|DK1","286.13","N/A","135.75","139.41"
"23/06/2023 08:00:00 - 23/06/2023 09:00:00","BZN|DK1","268.38","163.42","157.00","133.72"
"23/06/2023 09:00:00 - 23/06/2023 10:00:00","BZN|DK1","250.54","183.75","143.79","168.13"
"23/06/2023 10:00:00 - 23/06/2023 11:00:00","BZN|DK1","269.96","210.13","189.46","187.81"
"23/06/2023 11:00:00 - 23/06/2023 12:00:00","BZN|DK1","270.42","198.46","177.17","173.10"
"23/06/2023 12:00:00 - 23/06/2023 13:00:00","BZN|DK1","242.83","183.50","127.17","218.08"
"23/06/2023 13:00:00 - 23/06/2023 14:00:00","BZN|DK1","262.58","201.04","205.46","212.98"
"23/06/2023 14:00:00 - 23/06/2023 15:00:00","BZN|DK1","285.04","232.92","211.25","262.84"
"23/06/2023 15:00:00 - 23/06/2023 16:00:00","BZN|DK1","275.63","240.29","253.92","200.18"
"23/06/2023 16:00:00 - 23/06/2023 17:00:00","BZN|DK1","304.58","235.63","206.04","233.27"
"23/06/2023 17:00:00 - 23/06/2023 18:00:00","BZN|DK1","290.04","231.54","246.75","277.88"
"23/06/2023 18:00:00 - 23/06/2023 19:00:00","BZN|DK1","251.83","251.54","277.96","277.98"
"23/06/2023 19:00:00 - 23/06/2023 20:00:00","BZN|DK1","288.96","278.25","284.42","275.25"
"23/06/2023 20:00:00 - 23/06/2023 21:00:00","BZN|DK1","353.79","335.58","296.42","297.82"
"23/06/2023 21:00:00 - 23/06/2023 22:00:00","BZN|DK1","360.33","384.96","315.08","321.73"
"23/06/2023 22:00:00 - 23/06/2023 23:00:00","BZN|DK1","403.92","404.46","343.50","404.99"
"23/06/2023 23:00:00 - 24/06/2023 00:00:00","BZN|DK1","431.42","388.50","385.88","423.75"
"24/06/2023 00:00:00 - 24/06/2023 01:00:00","BZN|DK1","348.92","N/A","381.71","407.41"
"24/06/2023 01:00:00 - 24/06/2023 02:00:00","BZN|DK1","367.67","N/A","326.13","329.00"
"24/06/2023 02:00:00 - 24/06/2023 03:00:00","BZN|DK1","356.13","N/A","333.21","331.18"
"24/06/2023 03:00:00 - 24/06/2023 04:00:00","BZN|DK1","340.58","N/A","259.29","267.37"
"24/06/2023 04:00:00 - 24/06/2023 05:00:00","BZN|DK1","277.88","N/A","159.50","241.16"
"24/06/2023 05:00:00 - 24/06/2023 06:00:00","BZN|DK1","233.75","N/A","200.21","211.45"
"24/06/2023 06:00:00 - 24/06/2023 07:00:00","BZN|DK1","221.63","N/A","177.13","166.31"
"24/06/2023 07:00:00 - 24/06/2023 08:00:00","BZN|DK1","226.88","N/A","161.04","155.37"
"24/06/2023 08:00:00 - 24/06/2023 09:00:00","BZN|DK1","222.08","160.42","150.21","131.39"
"24/06/2023 09:00:00 - 24/06/2023 10:00:00","BZN|DK1","220.21","173.83","129.04","164.92"
"24/06/2023 10:00:00 - 24/06/2023 11:00:00","BZN|DK1","227.79","200.83","175.79","222.18"
"24/06/2023 11:00:00 - 24/06/2023 12:00:00","BZN|DK1","218.21","204.71","242.71","221.41"
"24/06/2023 12:00:00 - 24/06/2023 13:00:00","BZN|DK1","225.54","193.54","170.21","172.37"
"24/06/2023 13:00:00 - 24/06/2023 14:00:00","BZN|DK1","214.88","192.04","161.75","143.38"
"24/06/2023 14:00:00 - 24/06/2023 15:00:00","BZN|DK1","192.83","171.63","97.17","63.38"
"24/06/2023 15:00:00 - 24/06/2023 16:00:00","BZN|DK1","177.33","139.25","62.75","50.59"
"24/06/2023 16:00:00 - 24/06/2023 17:00:00","BZN|DK1","165.33","124.50","37.33","30.72"
"24/06/2023 17:00:00 - 24/06/2023 18:00:00","BZN|DK1","126.58","92.17","8.04","15.28"
"24/06/2023 18:00:00 - 24/06/2023 19:00:00","BZN|DK1","89.04","62.67","15.71","21.27"
"24/06/2023 19:00:00 - 24/06/2023 20:00:00","BZN|DK1","70.71","50.96","18.96","38.55"
"24/06/2023 20:00:00 - 24/06/2023 21:00:00","BZN|DK1","60.00","52.17","26.25","35.01"
"24/06/2023 21:00:00 - 24/06/2023 22:00:00","BZN|DK1","56.04","50.08","22.29","35.98"
"24/06/2023 22:00:00 - 24/06/2023 23:00:00","BZN|DK1","47.50","38.17","24.75","33.24"
"24/06/2023 23:00:00 - 25/06/2023 00:00:00","BZN|DK1","51.67","27.50","30.13","38.21"
"25/06/2023 00:00:00 - 25/06/2023 01:00:00","BZN|DK1","25.42","N/A","31.88","25.72"
"25/06/2023 01:00:00 - 25/06/2023 02:00:00","BZN|DK1","20.38","N/A","11.54","14.07"
"25/06/2023 02:00:00 - 25/06/2023 03:00:00","BZN|DK1","18.29","N/A","16.29","30.60"
"25/06/2023 03:00:00 - 25/06/2023 04:00:00","BZN|DK1","16.96","N/A","31.13","29.43"
"25/06/2023 04:00:00 - 25/06/2023 05:00:00","BZN|DK1","13.42","N/A","21.17","7.64"
"25/06/2023 05:00:00 - 25/06/2023 06:00:00","BZN|DK1","12.96","N/A","3.04","0.23"
"25/06/2023 06:00:00 - 25/06/2023 07:00:00","BZN|DK1","11.38","N/A","0.71","0.00"
"25/06/2023 07:00:00 - 25/06/2023 08:00:00","BZN|DK1","10.63","N/A","0.00","0.00"
"25/06/2023 08:00:00 - 25/06/2023 09:00:00","BZN|DK1","8.42","0.04","0.04","0.02"
"25/06/2023 09:00:00 - 25/06/2023 10:00:00","BZN|DK1","7.42","1.50","2.46","0.00"
"25/06/2023 10:00:00 - 25/06/2023 11:00:00","BZN|DK1","6.13","5.88","1.63","0.00"
"25/06/2023 11:00:00 - 25/06/2023 12:00:00","BZN|DK1","6.88","11.25","1.25","0.00"
"25/06/2023 12:00:00 - 25/06/2023 13:00:00","BZN|DK1","10.29","13.38","1.13","0.00"
"25/06/2023 13:00:00 - 25/06/2023 14:00:00","BZN|DK1","8.75","13.38","0.58","0.00"
"25/06/2023 14:00:00 - 25/06/2023 15:00:00","BZN|DK1","9.46","17.42","1.92","0.00"
"25/06/2023 15:00:00 - 25/06/2023 16:00:00","BZN|DK1","12.42","18.33","0.46","0.00"
"25/06/2023 16:00:00 - 25/06/2023 17:00:00","BZN|DK1","11.33","14.50","0.00","0.00"
"25/06/2023 17:00:00 - 25/06/2023 18:00:00","BZN|DK1","8.42","10.46","2.00","0.00"
"25/06/2023 18:00:00 - 25/06/2023 19:00:00","BZN|DK1","12.13","15.42","2.63","0.06"
"25/06/2023 19:00:00 - 25/06/2023 20:00:00","BZN|DK1","17.38","19.08","7.25","0.58"
"25/06/2023 20:00:00 - 25/06/2023 21:00:00","BZN|DK1","22.33","32.63","17.79","10.17"
"25/06/2023 21:00:00 - 25/06/2023 22:00:00","BZN|DK1","41.54","64.08","39.21","38.64"
"25/06/2023 22:00:00 - 25/06/2023 23:00:00","BZN|DK1","65.13","144.58","87.46","99.04"
"25/06/2023 23:00:00 - 26/06/2023 00:00:00","BZN|DK1","148.75","343.58","179.21","141.71"
"26/06/2023 00:00:00 - 26/06/2023 01:00:00","BZN|DK1","443.38","N/A","347.08","327.68"
"26/06/2023 01:00:00 - 26/06/2023 02:00:00","BZN|DK1","582.00","N/A","531.75","609.02"
"26/06/2023 02:00:00 - 26/06/2023 03:00:00","BZN|DK1","622.67","N/A","621.25","682.58"
"26/06/2023 03:00:00 - 26/06/2023 04:00:00","BZN|DK1","632.17","N/A","679.21","764.04"
"26/06/2023 04:00:00 - 26/06/2023 05:00:00","BZN|DK1","650.13","N/A","743.42","777.53"
"26/06/2023 05:00:00 - 26/06/2023 06:00:00","BZN|DK1","622.96","N/A","753.67","753.72"
"26/06/2023 06:00:00 - 26/06/2023 07:00:00","BZN|DK1","491.92","N/A","653.63","804.84"
"26/06/2023 07:00:00 - 26/06/2023 08:00:00","BZN|DK1","377.71","N/A","664.75","410.53"
"26/06/2023 08:00:00 - 26/06/2023 09:00:00","BZN|DK1","368.29","326.33","307.29","309.36"
"26/06/2023 09:00:00 - 26/06/2023 10:00:00","BZN|DK1","386.17","391.13","438.50","395.02"
"26/06/2023 10:00:00 - 26/06/2023 11:00:00","BZN|DK1","518.21","451.92","438.04","732.91"
"26/06/2023 11:00:00 - 26/06/2023 12:00:00","BZN|DK1","572.79","616.38","938.21","1071.57"
"26/06/2023 12:00:00 - 26/06/2023 13:00:00","BZN|DK1","580.13","738.29","1079.50","984.93"
"26/06/2023 13:00:00 - 26/06/2023 14:00:00","BZN|DK1","574.33","759.38","855.50","746.49"
"26/06/2023 14:00:00 - 26/06/2023 15:00:00","BZN|DK1","678.42","723.46","603.79","682.54"
"26/06/2023 15:00:00 - 26/06/2023 16:00:00","BZN|DK1","642.04","607.92","626.21","702.40"
"26/06/2023 16:00:00 - 26/06/2023 17:00:00","BZN|DK1","582.17","616.00","661.71","707.65"
"26/06/2023 17:00:00 - 26/06/2023 18:00:00","BZN|DK1","591.71","651.17","726.54","868.30"
"26/06/2023 18:00:00 - 26/06/2023 19:00:00","BZN|DK1","645.13","671.46","840.92","1080.96"
"26/06/2023 19:00:00 - 26/06/2023 20:00:00","BZN|DK1","714.71","766.13","1017.08","990.54"
"26/06/2023 20:00:00 - 26/06/2023 21:00:00","BZN|DK1","784.04","864.04","922.88","1081.60"
"26/06/2023 21:00:00 - 26/06/2023 22:00:00","BZN|DK1","844.33","944.46","1092.63","1137.08"
"26/06/2023 22:00:00 - 26/06/2023 23:00:00","BZN|DK1","862.04","986.38","1061.42","1150.81"
"26/06/2023 23:00:00 - 27/06/2023 00:00:00","BZN|DK1","859.00","971.67","1104.75","1159.00"
"27/06/2023 00:00:00 - 27/06/2023 01:00:00","BZN|DK1","982.50","N/A","1059.08","1135.00"
"27/06/2023 01:00:00 - 27/06/2023 02:00:00","BZN|DK1","936.46","N/A","1045.42","1133.90"
"27/06/2023 02:00:00 - 27/06/2023 03:00:00","BZN|DK1","852.29","N/A","1029.04","1088.53"
"27/06/2023 03:00:00 - 27/06/2023 04:00:00","BZN|DK1","785.54","N/A","971.63","1080.38"
"27/06/2023 04:00:00 - 27/06/2023 05:00:00","BZN|DK1","744.38","N/A","880.71","1058.52"
"27/06/2023 05:00:00 - 27/06/2023 06:00:00","BZN|DK1","721.29","N/A","911.83","1011.92"
"27/06/2023 06:00:00 - 27/06/2023 07:00:00","BZN|DK1","663.04","N/A","857.17","949.09"
"27/06/2023 07:00:00 - 27/06/2023 08:00:00","BZN|DK1","677.96","N/A","829.54","853.77"
"27/06/2023 08:00:00 - 27/06/2023 09:00:00","BZN|DK1","750.33","813.79","850.63","975.36"
"27/06/2023 09:00:00 - 27/06/2023 10:00:00","BZN|DK1","750.29","817.75","895.04","955.98"
"27/06/2023 10:00:00 - 27/06/2023 11:00:00","BZN|DK1","772.46","817.92","919.71","980.68"
"27/06/2023 11:00:00 - 27/06/2023 12:00:00","BZN|DK1","757.92","801.67","885.25","952.57"
"27/06/2023 12:00:00 - 27/06/2023 13:00:00","BZN|DK1","734.92","809.83","901.08","969.17"
"27/06/2023 13:00:00 - 27/06/2023 14:00:00","BZN|DK1","749.67","803.75","860.83","954.91"
"27/06/2023 14:00:00 - 27/06/2023 15:00:00","BZN|DK1","803.33","800.33","869.92","970.18"
"27/06/2023 15:00:00 - 27/06/2023 16:00:00","BZN|DK1","842.00","788.71","867.58","982.13"
"27/06/2023 16:00:00 - 27/06/2023 17:00:00","BZN|DK1","893.08","859.96","934.75","1028.87"
"27/06/2023 17:00:00 - 27/06/2023 18:00:00","BZN|DK1","845.63","798.79","894.50","1098.48"
"27/06/2023 18:00:00 - 27/06/2023 19:00:00","BZN|DK1","809.21","768.67","981.00","1072.15"
"27/06/2023 19:00:00 - 27/06/2023 20:00:00","BZN|DK1","831.08","747.96","997.46","1019.77"
"27/06/2023 20:00:00 - 27/06/2023 21:00:00","BZN|DK1","882.25","779.13","971.38","990.17"
"27/06/2023 21:00:00 - 27/06/2023 22:00:00","BZN|DK1","915.79","836.67","870.42","892.00"
"27/06/2023 22:00:00 - 27/06/2023 23:00:00","BZN|DK1","905.63","830.67","751.58","816.74"
"27/06/2023 23:00:00 - 28/06/2023 00:00:00","BZN|DK1","886.96","750.58","702.67","688.47"
"28/06/2023 00:00:00 - 28/06/2023 01:00:00","BZN|DK1","626.92","N/A","587.38","625.67"
"28/06/2023 01:00:00 - 28/06/2023 02:00:00","BZN|DK1","582.63","N/A","518.83","545.89"
"28/06/2023 02:00:00 - 28/06/2023 03:00:00","BZN|DK1","543.17","N/A","477.71","514.69"
"28/06/2023 03:00:00 - 28/06/2023 04:00:00","BZN|DK1","475.92","N/A","447.13","459.15"
"28/06/2023 04:00:00 - 28/06/2023 05:00:00","BZN|DK1","398.46","N/A","357.29","376.02"
"28/06/2023 05:00:00 - 28/06/2023 06:00:00","BZN|DK1","336.63","N/A","301.79","303.06"
"28/06/2023 06:00:00 - 28/06/2023 07:00:00","BZN|DK1","264.21","N/A","214.83","276.48"
"28/06/2023 07:00:00 - 28/06/2023 08:00:00","BZN|DK1","220.33","N/A","194.04","205.73"
"28/06/2023 08:00:00 - 28/06/2023 09:00:00","BZN|DK1","164.08","157.58","157.25","149.84"
"28/06/2023 09:00:00 - 28/06/2023 10:00:00","BZN|DK1","121.33","114.33","91.33","111.29"
"28/06/2023 10:00:00 - 28/06/2023 11:00:00","BZN|DK1","95.29","89.63","96.58","103.54"
"28/06/2023 11:00:00 - 28/06/2023 12:00:00","BZN|DK1","72.21","72.88","82.75","86.25"
"28/06/2023 12:00:00 - 28/06/2023 13:00:00","BZN|DK1","67.38","53.38","61.79","82.48"
"28/06/2023 13:00:00 - 28/06/2023 14:00:00","BZN|DK1","74.92","50.88","83.92","68.13"
"28/06/2023 14:00:00 - 28/06/2023 15:00:00","BZN|DK1","70.08","57.83","89.33","104.77"
"28/06/2023 15:00:00 - 28/06/2023 16:00:00","BZN|DK1","74.00","85.21","122.13","131.50"
"28/06/2023 16:00:00 - 28/06/2023 17:00:00","BZN|DK1","102.04","130.08","137.63","170.49"
"28/06/2023 17:00:00 - 28/06/2023 18:00:00","BZN|DK1","115.42","159.58","173.00","183.12"
"28/06/2023 18:00:00 - 28/06/2023 19:00:00","BZN|DK1","127.42","158.17","150.58","167.27"
"28/06/2023 19:00:00 - 28/06/2023 20:00:00","BZN|DK1","147.50","154.67","164.71","178.89"
"28/06/2023 20:00:00 - 28/06/2023 21:00:00","BZN|DK1","166.25","158.25","160.25","170.73"
"28/06/2023 21:00:00 - 28/06/2023 22:00:00","BZN|DK1","156.46","141.04","136.04","166.54"
"28/06/2023 22:00:00 - 28/06/2023 23:00:00","BZN|DK1","151.38","117.79","138.33","181.42"
"28/06/2023 23:00:00 - 29/06/2023 00:00:00","BZN|DK1","131.71","100.54","190.38","152.77"
"29/06/2023 00:00:00 - 29/06/2023 01:00:00","BZN|DK1","123.92","N/A","107.42","117.82"
"29/06/2023 01:00:00 - 29/06/2023 02:00:00","BZN|DK1","123.25","N/A","110.88","101.63"
"29/06/2023 02:00:00 - 29/06/2023 03:00:00","BZN|DK1","87.58","N/A","69.17","69.07"
"29/06/2023 03:00:00 - 29/06/2023 04:00:00","BZN|DK1","59.29","N/A","78.58","80.63"
"29/06/2023 04:00:00 - 29/06/2023 05:00:00","BZN|DK1","48.58","N/A","105.79","106.54"
"29/06/2023 05:00:00 - 29/06/2023 06:00:00","BZN|DK1","48.75","N/A","75.75","71.51"
"29/06/2023 06:00:00 - 29/06/2023 07:00:00","BZN|DK1","54.13","N/A","74.25","59.14"
"29/06/2023 07:00:00 - 29/06/2023 08:00:00","BZN|DK1","61.46","N/A","51.21","36.62"
"29/06/2023 08:00:00 - 29/06/2023 09:00:00","BZN|DK1","62.21","46.83","44.83","75.68"
"29/06/2023 09:00:00 - 29/06/2023 10:00:00","BZN|DK1","76.13","113.00","137.25","85.29"
"29/06/2023 10:00:00 - 29/06/2023 11:00:00","BZN|DK1","136.79","181.71","117.00","113.24"
"29/06/2023 11:00:00 - 29/06/2023 12:00:00","BZN|DK1","168.38","218.83","164.54","183.49"
"29/06/2023 12:00:00 - 29/06/2023 13:00:00","BZN|DK1","199.42","261.21","260.04","293.75"
"29/06/2023 13:00:00 - 29/06/2023 14:00:00","BZN|DK1","230.67","300.29","346.17","368.82"
"29/06/2023 14:00:00 - 29/06/2023 15:00:00","BZN|DK1","251.71","316.83","344.54","418.72"
"29/06/2023 15:00:00 - 29/06/2023 16:00:00","BZN|DK1","261.79","326.13","408.04","400.66"
"29/06/2023 16:00:00 - 29/06/2023 17:00:00","BZN|DK1","288.58","362.42","330.42","323.67"
"29/06/2023 17:00:00 - 29/06/2023 18:00:00","BZN|DK1","266.04","377.67","253.04","335.58"
"29/06/2023 18:00:00 - 29/06/2023 19:00:00","BZN|DK1","250.17","304.71","290.29","333.53"
"29/06/2023 19:00:00 - 29/06/2023 20:00:00","BZN|DK1","252.88","282.88","346.29","510.49"
"29/06/2023 20:00:00 - 29/06/2023 21:00:00","BZN|DK1","247.21","308.46","505.46","508.65"
"29/06/2023 21:00:00 - 29/06/2023 22:00:00","BZN|DK1","244.79","331.92","522.29","496.38"
"29/06/2023 22:00:00 - 29/06/2023 23:00:00","BZN|DK1","329.29","400.79","521.33","567.30"
"29/06/2023 23:00:00 - 30/06/2023 00:00:00","BZN|DK1","502.08","448.63","483.33","664.01"
"30/06/2023 00:00:00 - 30/06/2023 01:00:00","BZN|DK1","437.92","N/A","630.75","457.37"
"30/06/2023 01:00:00 - 30/06/2023 02:00:00","BZN|DK1","464.38","N/A","320.96","451.06"
"30/06/2023 02:00:00 - 30/06/2023 03:00:00","BZN|DK1","494.67","N/A","555.71","558.79"
"30/06/2023 03:00:00 - 30/06/2023 04:00:00","BZN|DK1","492.08","N/A","587.25","663.58"
"30/06/2023 04:00:00 - 30/06/2023 05:00:00","BZN|DK1","472.38","N/A","594.21","611.24"
"30/06/2023 05:00:00 - 30/06/2023 06:00:00","BZN|DK1","537.38","N/A","559.17","599.17"
"30/06/2023 06:00:00 - 30/06/2023 07:00:00","BZN|DK1","511.83","N/A","500.17","573.76"
"30/06/2023 07:00:00 - 30/06/2023 08:00:00","BZN|DK1","540.71","N/A","528.38","501.59"
"30/06/2023 08:00:00 - 30/06/2023 09:00:00","BZN|DK1","547.54","430.25","424.50","415.73"
"30/06/2023 09:00:00 - 30/06/2023 10:00:00","BZN|DK1","462.83","363.08","362.04","365.76"
"30/06/2023 10:00:00 - 30/06/2023 11:00:00","BZN|DK1","401.04","345.50","349.13","391.70"
"30/06/2023 11:00:00 - 30/06/2023 12:00:00","BZN|DK1","338.42","329.13","376.96","397.44"
"30/06/2023 12:00:00 - 30/06/2023 13:00:00","BZN|DK1","320.46","321.58","362.38","382.14"
"30/06/2023 13:00:00 - 30/06/2023 14:00:00","BZN|DK1","316.29","316.42","369.79","386.97"
"30/06/2023 14:00:00 - 30/06/2023 15:00:00","BZN|DK1","323.46","311.04","369.63","345.78"
"30/06/2023 15:00:00 - 30/06/2023 16:00:00","BZN|DK1","320.63","302.63","304.79","291.38"
"30/06/2023 16:00:00 - 30/06/2023 17:00:00","BZN|DK1","307.67","259.54","232.92","241.22"
"30/06/2023 17:00:00 - 30/06/2023 18:00:00","BZN|DK1","264.88","218.79","205.88","369.39"
"30/06/2023 18:00:00 - 30/06/2023 19:00:00","BZN|DK1","265.75","238.21","381.50","295.73"
"30/06/2023 19:00:00 - 30/06/2023 20:00:00","BZN|DK1","322.63","266.29","243.25","248.39"
"30/06/2023 20:00:00 - 30/06/2023 21:00:00","BZN|DK1","367.38","309.96","265.67","308.43"
"30/06/2023 21:00:00 - 30/06/2023 22:00:00","BZN|DK1","388.63","323.13","302.79","280.74"
"30/06/2023 22:00:00 - 30/06/2023 23:00:00","BZN|DK1","366.21","298.04","249.63","245.38"
"30/06/2023 23:00:00 - 01/07/2023 00:00:00","BZN|DK1","359.00","283.21","266.71","332.14"
"01/07/2023 00:00:00 - 01/07/2023 01:00:00","BZN|DK1","324.21","N/A","299.58","389.02"
"01/07/2023 01:00:00 - 01/07/2023 02:00:00","BZN|DK1","364.00","N/A","424.00","619.57"
"01/07/2023 02:00:00 - 01/07/2023 03:00:00","BZN|DK1","398.46","N/A","551.50","444.47"
"01/07/2023 03:00:00 - 01/07/2023 04:00:00","BZN|DK1","425.42","N/A","469.46","395.22"
"01/07/2023 04:00:00 - 01/07/2023 05:00:00","BZN|DK1","379.83","N/A","426.54","397.50"
"01/07/2023 05:00:00 - 01/07/2023 06:00:00","BZN|DK1","486.17","N/A","467.71","714.25"
"01/07/2023 06:00:00 - 01/07/2023 07:00:00","BZN|DK1","574.50","N/A","767.08","801.02"
"01/07/2023 07:00:00 - 01/07/2023 08:00:00","BZN|DK1","663.63","N/A","717.46","545.34"
"01/07/2023 08:00:00 - 01/07/2023 09:00:00","BZN|DK1","675.54","634.42","619.54","549.65"
"01/07/2023 09:00:00 - 01/07/2023 10:00:00","BZN|DK1","582.25","529.21","323.42","566.23"
"01/07/2023 10:00:00 - 01/07/2023 11:00:00","BZN|DK1","498.50","430.79","540.92","590.74"
"01/07/2023 11:00:00 - 01/07/2023 12:00:00","BZN|DK1","492.67","482.50","554.04","657.87"
"01/07/2023 12:00:00 - 01/07/2023 13:00:00","BZN|DK1","502.63","536.58","639.92","567.09"
"01/07/2023 13:00:00 - 01/07/2023 14:00:00","BZN|DK1","535.75","583.17","524.38","562.91"
"01/07/2023 14:00:00 - 01/07/2023 15:00:00","BZN|DK1","558.17","592.33","569.67","432.03"
"01/07/2023 15:00:00 - 01/07/2023 16:00:00","BZN|DK1","583.54","651.38","463.75","480.55"
"01/07/2023 16:00:00 - 01/07/2023 17:00:00","BZN|DK1","596.50","729.83","536.42","816.85"
"01/07/2023 17:00:00 - 01/07/2023 18:00:00","BZN|DK1","561.04","683.67","791.71","859.20"
"01/07/2023 18:00:00 - 01/07/2023 19:00:00","BZN|DK1","583.04","681.38","821.42","956.24"
"01/07/2023 19:00:00 - 01/07/2023 20:00:00","BZN|DK1","657.42","739.00","879.71","837.53"
"01/07/2023 20:00:00 - 01/07/2023 21:00:00","BZN|DK1","725.33","827.63","838.25","978.04"
"01/07/2023 21:00:00 - 01/07/2023 22:00:00","BZN|DK1","793.50","930.54","1003.29","971.96"
"01/07/2023 22:00:00 - 01/07/2023 23:00:00","BZN|DK1","743.46","985.54","952.75","1029.40"
"01/07/2023 23:00:00 - 02/07/2023 00:00:00","BZN|DK1","733.17","973.83","1042.63","993.11"
"02/07/2023 00:00:00 - 02/07/2023 01:00:00","BZN|DK1","1029.63","N/A","977.17","1022.22"
"02/07/2023 01:00:00 - 02/07/2023 02:00:00","BZN|DK1","1033.63","N/A","996.46","1068.67"
"02/07/2023 02:00:00 - 02/07/2023 03:00:00","BZN|DK1","1048.33","N/A","1028.79","1080.45"
"02/07/2023 03:00:00 - 02/07/2023 04:00:00","BZN|DK1","1018.92","N/A","1002.17","545.73"
"02/07/2023 04:00:00 - 02/07/2023 05:00:00","BZN|DK1","998.83","N/A","419.75","330.20"
"02/07/2023 05:00:00 - 02/07/2023 06:00:00","BZN|DK1","983.75","N/A","389.04","434.59"
"02/07/2023 06:00:00 - 02/07/2023 07:00:00","BZN|DK1","950.50","N/A","461.83","359.09"
"02/07/2023 07:00:00 - 02/07/2023 08:00:00","BZN|DK1","944.46","N/A","396.67","395.68"
"02/07/2023 08:00:00 - 02/07/2023 09:00:00","BZN|DK1","964.54","505.54","467.63","602.69"
"02/07/2023 09:00:00 - 02/07/2023 10:00:00","BZN|DK1","966.88","711.08","670.67","208.78"
"02/07/2023 10:00:00 - 02/07/2023 11:00:00","BZN|DK1","1001.17","874.71","311.42","179.31"
"02/07/2023 11:00:00 - 02/07/2023 12:00:00","BZN|DK1","985.21","945.75","266.63","22.98"
"02/07/2023 12:00:00 - 02/07/2023 13:00:00","BZN|DK1","962.25","976.63","212.58","22.65"
"02/07/2023 13:00:00 - 02/07/2023 14:00:00","BZN|DK1","947.00","964.96","140.00","24.39"
"02/07/2023 14:00:00 - 02/07/2023 15:00:00","BZN|DK1","948.21","946.00","155.58","24.32"
"02/07/2023 15:00:00 - 02/07/2023 16:00:00","BZN|DK1","946.88","934.17","154.67","28.33"
"02/07/2023 16:00:00 - 02/07/2023 17:00:00","BZN|DK1","1016.71","1020.46","186.38","32.15"
"02/07/2023 17:00:00 - 02/07/2023 18:00:00","BZN|DK1","979.38","999.08","208.38","195.65"
"02/07/2023 18:00:00 - 02/07/2023 19:00:00","BZN|DK1","979.29","1003.54","323.88","256.76"
"02/07/2023 19:00:00 - 02/07/2023 20:00:00","BZN|DK1","1021.83","1045.33","385.63","1039.99"
"02/07/2023 20:00:00 - 02/07/2023 21:00:00","BZN|DK1","1069.88","1089.63","1067.13","1150.98"
"02/07/2023 21:00:00 - 02/07/2023 22:00:00","BZN|DK1","1078.88","1094.92","1105.08","1150.91"
"02/07/2023 22:00:00 - 02/07/2023 23:00:00","BZN|DK1","1063.04","1102.08","1085.96","1146.21"
"02/07/2023 23:00:00 - 03/07/2023 00:00:00","BZN|DK1","1089.29","1114.71","1113.88","1126.90"
"03/07/2023 00:00:00 - 03/07/2023 01:00:00","BZN|DK1","1075.29","N/A","1118.00","1128.87"
"03/07/2023 01:00:00 - 03/07/2023 02:00:00","BZN|DK1","1069.67","N/A","1084.58","1126.84"
"03/07/2023 02:00:00 - 03/07/2023 03:00:00","BZN|DK1","1083.25","N/A","1087.67","1087.09"
"03/07/2023 03:00:00 - 03/07/2023 04:00:00","BZN|DK1","1066.21","N/A","1015.63","1052.41"
"03/07/2023 04:00:00 - 03/07/2023 05:00:00","BZN|DK1","1042.08","N/A","990.08","1119.47"
"03/07/2023 05:00:00 - 03/07/2023 06:00:00","BZN|DK1","1019.13","N/A","1086.79","1151.02"
"03/07/2023 06:00:00 - 03/07/2023 07:00:00","BZN|DK1","977.29","N/A","1059.96","1142.30"
"03/07/2023 07:00:00 - 03/07/2023 08:00:00","BZN|DK1","947.42","N/A","1032.92","1049.86"
"03/07/2023 08:00:00 - 03/07/2023 09:00:00","BZN|DK1","951.00","1062.46","1056.50","1051.88"
"03/07/2023 09:00:00 - 03/07/2023 10:00:00","BZN|DK1","943.08","1046.29","997.58","1098.96"
"03/07/2023 10:00:00 - 03/07/2023 11:00:00","BZN|DK1","957.67","1060.46","1039.67","1110.99"
"03/07/2023 11:00:00 - 03/07/2023 12:00:00","BZN|DK1","957.71","1039.88","1028.21","1043.09"
"03/07/2023 12:00:00 - 03/07/2023 13:00:00","BZN|DK1","923.25","1011.25","1035.79","1089.50"
"03/07/2023 13:00:00 - 03/07/2023 14:00:00","BZN|DK1","904.79","974.29","990.54","1078.41"
"03/07/2023 14:00:00 - 03/07/2023 15:00:00","BZN|DK1","900.38","945.17","1002.42","1098.62"
"03/07/2023 15:00:00 - 03/07/2023 16:00:00","BZN|DK1","917.96","917.25","971.17","1012.85"
"03/07/2023 16:00:00 - 03/07/2023 17:00:00","BZN|DK1","995.54","1016.04","1002.92","1022.94"
"03/07/2023 17:00:00 - 03/07/2023 18:00:00","BZN|DK1","973.67","991.88","949.17","1083.99"
"03/07/2023 18:00:00 - 03/07/2023 19:00:00","BZN|DK1","989.83","978.50","1055.58","1067.74"
"03/07/2023 19:00:00 - 03/07/2023 20:00:00","BZN|DK1","1014.67","983.13","1031.83","1094.28"
"03/07/2023 20:00:00 - 03/07/2023 21:00:00","BZN|DK1","1032.88","968.50","1079.21","1121.43"
"03/07/2023 21:00:00 - 03/07/2023 22:00:00","BZN|DK1","1034.92","938.04","980.79","986.35"
"03/07/2023 22:00:00 - 03/07/2023 23:00:00","BZN|DK1","1011.04","955.08","898.33","1091.37"
"03/07/2023 23:00:00 - 04/07/2023 00:00:00","BZN|DK1","1034.92","960.75","1025.71","1002.97"
"04/07/2023 00:00:00 - 04/07/2023 01:00:00","BZN|DK1","836.58","N/A","855.54","635.90"
"04/07/2023 01:00:00 - 04/07/2023 02:00:00","BZN|DK1","676.67","N/A","553.54","802.79"
"04/07/2023 02:00:00 - 04/07/2023 03:00:00","BZN|DK1","705.92","N/A","932.88","1025.43"
"04/07/2023 03:00:00 - 04/07/2023 04:00:00","BZN|DK1","910.75","N/A","995.33","955.22"
"04/07/2023 04:00:00 - 04/07/2023 05:00:00","BZN|DK1","926.21","N/A","897.63","1086.67"
"04/07/2023 05:00:00 - 04/07/2023 06:00:00","BZN|DK1","864.29","N/A","1069.29","1044.68"
"04/07/2023 06:00:00 - 04/07/2023 07:00:00","BZN|DK1","864.04","N/A","951.58","1106.34"
"04/07/2023 07:00:00 - 04/07/2023 08:00:00","BZN|DK1","894.88","N/A","1052.33","1084.63"
"04/07/2023 08:00:00 - 04/07/2023 09:00:00","BZN|DK1","911.29","1030.42","1018.83","1132.35"
"04/07/2023 09:00:00 - 04/07/2023 10:00:00","BZN|DK1","928.79","1044.29","1089.00","1141.87"
"04/07/2023 10:00:00 - 04/07/2023 11:00:00","BZN|DK1","950.42","1067.71","1080.75","1082.82"
"04/07/2023 11:00:00 - 04/07/2023 12:00:00","BZN|DK1","952.29","1051.08","1042.25","1103.66"
"04/07/2023 12:00:00 - 04/07/2023 13:00:00","BZN|DK1","922.00","1031.13","1037.13","1028.53"
"04/07/2023 13:00:00 - 04/07/2023 14:00:00","BZN|DK1","893.79","1004.00","858.63","540.17"
"04/07/2023 14:00:00 - 04/07/2023 15:00:00","BZN|DK1","881.67","969.50","520.38","584.40"
"04/07/2023 15:00:00 - 04/07/2023 16:00:00","BZN|DK1","912.00","939.46","579.00","697.97"
"04/07/2023 16:00:00 - 04/07/2023 17:00:00","BZN|DK1","986.50","1038.13","786.00","1109.37"
"04/07/2023 17:00:00 - 04/07/2023 18:00:00","BZN|DK1","963.83","1012.67","1074.21","1114.14"
"04/07/2023 18:00:00 - 04/07/2023 19:00:00","BZN|DK1","972.08","996.08","969.63","919.34"
"04/07/2023 19:00:00 - 04/07/2023 20:00:00","BZN|DK1","963.83","937.83","848.79","954.90"
"04/07/2023 20:00:00 - 04/07/2023 21:00:00","BZN|DK1","922.46","903.79","874.04","911.54"
"04/07/2023 21:00:00 - 04/07/2023 22:00:00","BZN|DK1","804.38","835.88","781.75","790.13"
"04/07/2023 22:00:00 - 04/07/2023 23:00:00","BZN|DK1","643.88","680.83","642.33","734.69"
"04/07/2023 23:00:00 - 05/07/2023 00:00:00","BZN|DK1","599.58","618.46","654.00","628.24"
"05/07/2023 00:00:00 - 05/07/2023 01:00:00","BZN|DK1","439.21","N/A","487.75","489.47"
"05/07/2023 01:00:00 - 05/07/2023 02:00:00","BZN|DK1","339.17","N/A","386.67","347.56"
"05/07/2023 02:00:00 - 05/07/2023 03:00:00","BZN|DK1","289.13","N/A","279.54","216.61"
"05/07/2023 03:00:00 - 05/07/2023 04:00:00","BZN|DK1","257.67","N/A","147.33","144.45"
"05/07/2023 04:00:00 - 05/07/2023 05:00:00","BZN|DK1","184.54","N/A","76.38","85.15"
"05/07/2023 05:00:00 - 05/07/2023 06:00:00","BZN|DK1","119.17","N/A","87.08","101.05"
"05/07/2023 06:00:00 - 05/07/2023 07:00:00","BZN|DK1","91.38","N/A","148.71","219.24"
"05/07/2023 07:00:00 - 05/07/2023 08:00:00","BZN|DK1","114.58","N/A","373.25","402.06"
"05/07/2023 08:00:00 - 05/07/2023 09:00:00","BZN|DK1","140.63","478.63","483.08","598.27"
"05/07/2023 09:00:00 - 05/07/2023 10:00:00","BZN|DK1","210.08","543.58","669.75","762.43"
"05/07/2023 10:00:00 - 05/07/2023 11:00:00","BZN|DK1","379.29","658.54","840.54","880.44"
"05/07/2023 11:00:00 - 05/07/2023 12:00:00","BZN|DK1","495.33","761.88","916.54","970.57"
"05/07/2023 12:00:00 - 05/07/2023 13:00:00","BZN|DK1","566.04","771.63","862.83","1024.19"
"05/07/2023 13:00:00 - 05/07/2023 14:00:00","BZN|DK1","621.08","688.67","844.88","476.92"
"05/07/2023 14:00:00 - 05/07/2023 15:00:00","BZN|DK1","539.38","568.50","180.96","187.22"
"05/07/2023 15:00:00 - 05/07/2023 16:00:00","BZN|DK1","436.13","415.08","138.00","488.99"
"05/07/2023 16:00:00 - 05/07/2023 17:00:00","BZN|DK1","435.54","467.13","508.79","496.39"
"05/07/2023 17:00:00 - 05/07/2023 18:00:00","BZN|DK1","332.21","386.42","360.13","434.39"
"05/07/2023 18:00:00 - 05/07/2023 19:00:00","BZN|DK1","364.33","328.21","422.17","415.02"
"05/07/2023 19:00:00 - 05/07/2023 20:00:00","BZN|DK1","543.38","450.25","452.25","499.34"
"05/07/2023 20:00:00 - 05/07/2023 21:00:00","BZN|DK1","623.88","703.75","568.58","514.72"
"05/07/2023 21:00:00 - 05/07/2023 22:00:00","BZN|DK1","747.79","788.00","639.63","596.21"
"05/07/2023 22:00:00 - 05/07/2023 23:00:00","BZN|DK1","852.92","963.67","759.71","934.03"
"05/07/2023 23:00:00 - 06/07/2023 00:00:00","BZN|DK1","835.08","1042.17","1080.46","1057.43"
"06/07/2023 00:00:00 - 06/07/2023 01:00:00","BZN|DK1","1122.13","N/A","1067.96","1115.80"
"06/07/2023 01:00:00 - 06/07/2023 02:00:00","BZN|DK1","1063.54","N/A","1034.08","1122.48"
"06/07/2023 02:00:00 - 06/07/2023 03:00:00","BZN|DK1","1038.63","N/A","1091.75","1080.54"
"06/07/2023 03:00:00 - 06/07/2023 04:00:00","BZN|DK1","1029.79","N/A","1017.75","1139.59"
"06/07/2023 04:00:00 - 06/07/2023 05:00:00","BZN|DK1","946.79","N/A","995.00","1068.93"
"06/07/2023 05:00:00 - 06/07/2023 06:00:00","BZN|DK1","835.88","N/A","902.83","1044.91"
"06/07/2023 06:00:00 - 06/07/2023 07:00:00","BZN|DK1","736.33","N/A","933.67","971.31"
"06/07/2023 07:00:00 - 06/07/2023 08:00:00","BZN|DK1","688.75","N/A","763.13","833.05"
"06/07/2023 08:00:00 - 06/07/2023 09:00:00","BZN|DK1","655.96","716.58","725.75","892.17"
"06/07/2023 09:00:00 - 06/07/2023 10:00:00","BZN|DK1","616.83","709.04","825.67","1012.28"
"06/07/2023 10:00:00 - 06/07/2023 11:00:00","BZN|DK1","641.75","737.96","964.13","1012.28"
"06/07/2023 11:00:00 - 06/07/2023 12:00:00","BZN|DK1","605.79","733.33","902.83","907.15"
"06/07/2023 12:00:00 - 06/07/2023 13:00:00","BZN|DK1","554.92","684.58","773.88","906.18"
"06/07/2023 13:00:00 - 06/07/2023 14:00:00","BZN|DK1","507.38","620.58","809.75","825.01"
"06/07/2023 14:00:00 - 06/07/2023 15:00:00","BZN|DK1","496.29","577.21","702.13","753.59"
"06/07/2023 15:00:00 - 06/07/2023 16:00:00","BZN|DK1","480.88","521.42","623.75","603.09"
"06/07/2023 16:00:00 - 06/07/2023 17:00:00","BZN|DK1","513.67","486.67","519.88","523.03"
"06/07/2023 17:00:00 - 06/07/2023 18:00:00","BZN|DK1","473.96","430.17","467.50","602.32"
"06/07/2023 18:00:00 - 06/07/2023 19:00:00","BZN|DK1","448.96","428.17","572.42","575.89"
"06/07/2023 19:00:00 - 06/07/2023 20:00:00","BZN|DK1","466.71","408.58","515.50","588.43"
"06/07/2023 20:00:00 - 06/07/2023 21:00:00","BZN|DK1","458.04","399.96","528.67","462.93"
"06/07/2023 21:00:00 - 06/07/2023 22:00:00","BZN|DK1","435.04","406.29","372.04","351.71"
"06/07/2023 22:00:00 - 06/07/2023 23:00:00","BZN|DK1","402.54","411.83","326.21","333.35"
"06/07/2023 23:00:00 - 07/07/2023 00:00:00","BZN|DK1","386.04","451.38","349.71","322.67"
"07/07/2023 00:00:00 - 07/07/2023 01:00:00","BZN|DK1","433.25","N/A","377.13","349.26"
"07/07/2023 01:00:00 - 07/07/2023 02:00:00","BZN|DK1","452.46","N/A","380.33","370.94"
"07/07/2023 02:00:00 - 07/07/2023 03:00:00","BZN|DK1","446.25","N/A","339.67","297.39"
"07/07/2023 03:00:00 - 07/07/2023 04:00:00","BZN|DK1","452.38","N/A","319.08","316.95"
"07/07/2023 04:00:00 - 07/07/2023 05:00:00","BZN|DK1","417.50","N/A","294.33","321.16"
"07/07/2023 05:00:00 - 07/07/2023 06:00:00","BZN|DK1","354.58","N/A","292.83","274.83"
"07/07/2023 06:00:00 - 07/07/2023 07:00:00","BZN|DK1","304.13","N/A","253.67","237.65"
"07/07/2023 07:00:00 - 07/07/2023 08:00:00","BZN|DK1","282.08","N/A","194.71","198.09"
"07/07/2023 08:00:00 - 07/07/2023 09:00:00","BZN|DK1","247.54","183.42","184.50","176.97"
"07/07/2023 09:00:00 - 07/07/2023 10:00:00","BZN|DK1","201.17","173.08","148.21","130.68"
"07/07/2023 10:00:00 - 07/07/2023 11:00:00","BZN|DK1","176.46","141.38","91.38","85.00"
"07/07/2023 11:00:00 - 07/07/2023 12:00:00","BZN|DK1","154.13","128.79","61.96","51.13"
"07/07/2023 12:00:00 - 07/07/2023 13:00:00","BZN|DK1","144.58","105.54","29.33","34.79"
"07/07/2023 13:00:00 - 07/07/2023 14:00:00","BZN|DK1","118.88","77.83","21.17","29.48"
"07/07/2023 14:00:00 - 07/07/2023 15:00:00","BZN|DK1","97.17","61.29","28.13","47.14"
"07/07/2023 15:00:00 - 07/07/2023 16:00:00","BZN|DK1","85.67","52.13","42.83","49.09"
"07/07/2023 16:00:00 - 07/07/2023 17:00:00","BZN|DK1","72.21","49.42","35.13","30.22"
"07/07/2023 17:00:00 - 07/07/2023 18:00:00","BZN|DK1","61.17","40.83","17.92","31.12"
"07/07/2023 18:00:00 - 07/07/2023 19:00:00","BZN|DK1","57.08","34.79","21.17","35.45"
"07/07/2023 19:00:00 - 07/07/2023 20:00:00","BZN|DK1","51.71","34.00","34.04","22.46"
"07/07/2023 20:00:00 - 07/07/2023 21:00:00","BZN|DK1","47.88","34.67","25.00","17.92"
"07/07/2023 21:00:00 - 07/07/2023 22:00:00","BZN|DK1","45.29","35.25","21.75","4.21"
"07/07/2023 22:00:00 - 07/07/2023 23:00:00","BZN|DK1","51.38","41.58","9.63","1.24"
"07/07/2023 23:00:00 - 08/07/2023 00:00:00","BZN|DK1","68.79","46.50","2.79","3.08"
"08/07/2023 00:00:00 - 08/07/2023 01:00:00","BZN|DK1","41.21","N/A","19.75","7.08"
"08/07/2023 01:00:00 - 08/07/2023 02:00:00","BZN|DK1","38.50","N/A","1.96","1.24"
"08/07/2023 02:00:00 - 08/07/2023 03:00:00","BZN|DK1","29.33","N/A","4.58","0.48"
"08/07/2023 03:00:00 - 08/07/2023 04:00:00","BZN|DK1","35.79","N/A","9.21","6.23"
"08/07/2023 04:00:00 - 08/07/2023 05:00:00","BZN|DK1","34.13","N/A","8.58","8.89"
"08/07/2023 05:00:00 - 08/07/2023 06:00:00","BZN|DK1","35.63","N/A","17.04","6.64"
"08/07/2023 06:00:00 - 08/07/2023 07:00:00","BZN|DK1","40.92","N/A","24.46","16.95"
"08/07/2023 07:00:00 - 08/07/2023 08:00:00","BZN|DK1","49.21","N/A","31.25","30.64"
"08/07/2023 08:00:00 - 08/07/2023 09:00:00","BZN|DK1","42.33","25.54","24.63","21.34"
"08/07/2023 09:00:00 - 08/07/2023 10:00:00","BZN|DK1","30.08","14.29","15.79","16.41"
"08/07/2023 10:00:00 - 08/07/2023 11:00:00","BZN|DK1","18.04","9.21","15.13","19.53"
"08/07/2023 11:00:00 - 08/07/2023 12:00:00","BZN|DK1","18.83","8.54","19.71","13.94"
"08/07/2023 12:00:00 - 08/07/2023 13:00:00","BZN|DK1","19.67","16.75","15.33","4.78"
"08/07/2023 13:00:00 - 08/07/2023 14:00:00","BZN|DK1","20.04","19.67","5.83","4.51"
"08/07/2023 14:00:00 - 08/07/2023 15:00:00","BZN|DK1","18.92","31.13","12.38","4.69"
"08/07/2023 15:00:00 - 08/07/2023 16:00:00","BZN|DK1","27.46","46.21","8.17","1.03"
"08/07/2023 16:00:00 - 08/07/2023 17:00:00","BZN|DK1","43.08","66.75","13.17","11.88"
"08/07/2023 17:00:00 - 08/07/2023 18:00:00","BZN|DK1","81.58","95.42","42.96","22.42"
"08/07/2023 18:00:00 - 08/07/2023 19:00:00","BZN|DK1","133.29","122.46","61.75","66.29"
"08/07/2023 19:00:00 - 08/07/2023 20:00:00","BZN|DK1","142.00","116.38","87.67","86.46"
"08/07/2023 20:00:00 - 08/07/2023 21:00:00","BZN|DK1","154.58","115.42","97.79","93.44"
"08/07/2023 21:00:00 - 08/07/2023 22:00:00","BZN|DK1","164.46","108.58","84.00","79.91"
"08/07/2023 22:00:00 - 08/07/2023 23:00:00","BZN|DK1","171.13","164.75","121.79","88.82"
"08/07/2023 23:00:00 - 09/07/2023 00:00:00","BZN|DK1","169.21","248.29","106.08","113.54"
"09/07/2023 00:00:00 - 09/07/2023 01:00:00","BZN|DK1","205.50","N/A","196.17","195.55"
"09/07/2023 01:00:00 - 09/07/2023 02:00:00","BZN|DK1","252.25","N/A","209.63","183.39"
"09/07/2023 02:00:00 - 09/07/2023 03:00:00","BZN|DK1","241.88","N/A","209.13","188.19"
"09/07/2023 03:00:00 - 09/07/2023 04:00:00","BZN|DK1","218.58","N/A","209.08","194.20"
"09/07/2023 04:00:00 - 09/07/2023 05:00:00","BZN|DK1","237.21","N/A","215.79","179.01"
"09/07/2023 05:00:00 - 09/07/2023 06:00:00","BZN|DK1","272.54","N/A","206.46","195.51"
"09/07/2023 06:00:00 - 09/07/2023 07:00:00","BZN|DK1","291.67","N/A","220.75","203.58"
"09/07/2023 07:00:00 - 09/07/2023 08:00:00","BZN|DK1","266.58","N/A","289.67","267.72"
"09/07/2023 08:00:00 - 09/07/2023 09:00:00","BZN|DK1","272.71","337.96","342.58","321.51"
"09/07/2023 09:00:00 - 09/07/2023 10:00:00","BZN|DK1","298.21","341.42","306.58","327.56"
"09/07/2023 10:00:00 - 09/07/2023 11:00:00","BZN|DK1","297.13","343.54","356.46","404.06"
"09/07/2023 11:00:00 - 09/07/2023 12:00:00","BZN|DK1","297.92","364.75","445.00","473.43"
"09/07/2023 12:00:00 - 09/07/2023 13:00:00","BZN|DK1","299.92","336.54","439.63","457.65"
"09/07/2023 13:00:00 - 09/07/2023 14:00:00","BZN|DK1","278.00","305.63","375.79","436.27"
"09/07/2023 14:00:00 - 09/07/2023 15:00:00","BZN|DK1","238.08","259.58","423.58","466.35"
"09/07/2023 15:00:00 - 09/07/2023 16:00:00","BZN|DK1","256.83","328.21","470.54","528.33"
"09/07/2023 16:00:00 - 09/07/2023 17:00:00","BZN|DK1","246.88","406.63","555.96","603.60"
"09/07/2023 17:00:00 - 09/07/2023 18:00:00","BZN|DK1","249.46","423.46","524.08","564.42"
"09/07/2023 18:00:00 - 09/07/2023 19:00:00","BZN|DK1","331.00","328.50","442.13","474.97"
"09/07/2023 19:00:00 - 09/07/2023 20:00:00","BZN|DK1","410.00","257.67","320.46","295.13"
"09/07/2023 20:00:00 - 09/07/2023 21:00:00","BZN|DK1","476.96","307.33","215.38","83.23"
"09/07/2023 21:00:00 - 09/07/2023 22:00:00","BZN|DK1","518.29","266.67","6.75","22.16"
"09/07/2023 22:00:00 - 09/07/2023 23:00:00","BZN|DK1","637.04","234.21","61.67","145.39"
"09/07/2023 23:00:00 - 10/07/2023 00:00:00","BZN|DK1","442.63","302.08","200.29","63.28"
"10/07/2023 00:00:00 - 10/07/2023 01:00:00","BZN|DK1","266.21","N/A","50.58","32.35"
"10/07/2023 01:00:00 - 10/07/2023 02:00:00","BZN|DK1","163.42","N/A","52.17","58.02"
"10/07/2023 02:00:00 - 10/07/2023 03:00:00","BZN|DK1","119.21","N/A","46.17","34.58"
"10/07/2023 03:00:00 - 10/07/2023 04:00:00","BZN|DK1","137.50","N/A","17.71","21.82"
"10/07/2023 04:00:00 - 10/07/2023 05:00:00","BZN|DK1","134.29","N/A","18.08","39.48"
"10/07/2023 05:00:00 - 10/07/2023 06:00:00","BZN|DK1","169.29","N/A","67.08","99.83"
"10/07/2023 06:00:00 - 10/07/2023 07:00:00","BZN|DK1","267.38","N/A","159.00","146.88"
"10/07/2023 07:00:00 - 10/07/2023 08:00:00","BZN|DK1","308.00","N/A","253.46","170.23"
"10/07/2023 08:00:00 - 10/07/2023 09:00:00","BZN|DK1","315.04","183.13","182.25","302.77"
"10/07/2023 09:00:00 - 10/07/2023 10:00:00","BZN|DK1","305.04","225.08","276.96","249.75"
"10/07/2023 10:00:00 - 10/07/2023 11:00:00","BZN|DK1","306.00","310.08","333.46","234.11"
"10/07/2023 11:00:00 - 10/07/2023 12:00:00","BZN|DK1","294.46","298.63","204.00","200.41"
"10/07/2023 12:00:00 - 10/07/2023 13:00:00","BZN|DK1","258.21","268.54","184.58","127.86"
"10/07/2023 13:00:00 - 10/07/2023 14:00:00","BZN|DK1","275.71","230.33","174.00","277.97"
"10/07/2023 14:00:00 - 10/07/2023 15:00:00","BZN|DK1","251.63","182.33","373.17","388.49"
"10/07/2023 15:00:00 - 10/07/2023 16:00:00","BZN|DK1","214.67","184.46","274.50","235.42"
"10/07/2023 16:00:00 - 10/07/2023 17:00:00","BZN|DK1","219.38","212.63","200.13","368.20"
"10/07/2023 17:00:00 - 10/07/2023 18:00:00","BZN|DK1","202.79","221.88","418.83","339.04"
"10/07/2023 18:00:00 - 10/07/2023 19:00:00","BZN|DK1","205.38","251.71","346.29","265.94"
"10/07/2023 19:00:00 - 10/07/2023 20:00:00","BZN|DK1","238.29","267.00","230.42","259.26"
"10/07/2023 20:00:00 - 10/07/2023 21:00:00","BZN|DK1","241.17","272.92","234.92","226.86"
"10/07/2023 21:00:00 - 10/07/2023 22:00:00","BZN|DK1","220.13","273.13","203.50","202.34"
"10/07/2023 22:00:00 - 10/07/2023 23:00:00","BZN|DK1","229.71","268.00","163.17","203.49"
"10/07/2023 23:00:00 - 11/07/2023 00:00:00","BZN|DK1","200.71","263.17","198.33","117.32"
"11/07/2023 00:00:00 - 11/07/2023 01:00:00","BZN|DK1","135.58","N/A","69.08","69.95"
"11/07/2023 01:00:00 - 11/07/2023 02:00:00","BZN|DK1","92.29","N/A","50.63","57.67"
"11/07/2023 02:00:00 - 11/07/2023 03:00:00","BZN|DK1","90.63","N/A","41.38","52.30"
"11/07/2023 03:00:00 - 11/07/2023 04:00:00","BZN|DK1","137.42","N/A","70.96","99.09"
"11/07/2023 04:00:00 - 11/07/2023 05:00:00","BZN|DK1","170.75","N/A","117.46","144.08"
"11/07/2023 05:00:00 - 11/07/2023 06:00:00","BZN|DK1","183.29","N/A","176.50","201.00"
"11/07/2023 06:00:00 - 11/07/2023 07:00:00","BZN|DK1","229.46","N/A","279.79","337.31"
"11/07/2023 07:00:00 - 11/07/2023 08:00:00","BZN|DK1","325.79","N/A","493.08","374.95"
"11/07/2023 08:00:00 - 11/07/2023 09:00:00","BZN|DK1","382.50","461.21","458.33","506.76"
"11/07/2023 09:00:00 - 11/07/2023 10:00:00","BZN|DK1","474.00","543.54","561.25","600.54"
"11/07/2023 10:00:00 - 11/07/2023 11:00:00","BZN|DK1","605.71","618.25","675.21","670.68"
"11/07/2023 11:00:00 - 11/07/2023 12:00:00","BZN|DK1","672.79","662.71","672.42","715.27"
"11/07/2023 12:00:00 - 11/07/2023 13:00:00","BZN|DK1","688.25","625.71","695.46","690.51"
"11/07/2023 13:00:00 - 11/07/2023 14:00:00","BZN|DK1","641.92","659.58","700.29","629.49"
"11/07/2023 14:00:00 - 11/07/2023 15:00:00","BZN|DK1","530.42","688.29","656.25","784.42"
"11/07/2023 15:00:00 - 11/07/2023 16:00:00","BZN|DK1","455.83","698.54","790.58","956.06"
"11/07/2023 16:00:00 - 11/07/2023 17:00:00","BZN|DK1","524.46","807.83","993.25","991.94"
"11/07/2023 17:00:00 - 11/07/2023 18:00:00","BZN|DK1","579.17","781.58","851.00","871.09"
"11/07/2023 18:00:00 - 11/07/2023 19:00:00","BZN|DK1","492.38","705.71","749.88","969.19"
"11/07/2023 19:00:00 - 11/07/2023 20:00:00","BZN|DK1","483.58","620.04","817.67","939.77"
"11/07/2023 20:00:00 - 11/07/2023 21:00:00","BZN|DK1","473.83","541.04","831.75","807.02"
"11/07/2023 21:00:00 - 11/07/2023 22:00:00","BZN|DK1","443.42","499.63","660.42","617.52"
"11/07/2023 22:00:00 - 11/07/2023 23:00:00","BZN|DK1","469.38","500.83","504.29","483.83"
"11/07/2023 23:00:00 - 12/07/2023 00:00:00","BZN|DK1","499.04","472.83","413.96","280.03"
"12/07/2023 00:00:00 - 12/07/2023 01:00:00","BZN|DK1","448.50","N/A","163.50","257.31"
"12/07/2023 01:00:00 - 12/07/2023 02:00:00","BZN|DK1","409.17","N/A","136.96","216.64"
"12/07/2023 02:00:00 - 12/07/2023 03:00:00","BZN|DK1","389.38","N/A","287.38","332.54"
"12/07/2023 03:00:00 - 12/07/2023 04:00:00","BZN|DK1","375.21","N/A","339.75","358.38"
"12/07/2023 04:00:00 - 12/07/2023 05:00:00","BZN|DK1","416.75","N/A","263.29","254.23"
"12/07/2023 05:00:00 - 12/07/2023 06:00:00","BZN|DK1","499.33","N/A","252.96","232.63"
"12/07/2023 06:00:00 - 12/07/2023 07:00:00","BZN|DK1","430.04","N/A","253.04","175.65"
"12/07/2023 07:00:00 - 12/07/2023 08:00:00","BZN|DK1","402.50","N/A","101.38","83.18"
"12/07/2023 08:00:00 - 12/07/2023 09:00:00","BZN|DK1","379.75","103.83","102.96","100.47"
"12/07/2023 09:00:00 - 12/07/2023 10:00:00","BZN|DK1","339.38","160.96","159.33","180.47"
"12/07/2023 10:00:00 - 12/07/2023 11:00:00","BZN|DK1","326.21","150.58","233.21","230.30"
"12/07/2023 11:00:00 - 12/07/2023 12:00:00","BZN|DK1","332.79","212.63","241.71","259.90"
"12/07/2023 12:00:00 - 12/07/2023 13:00:00","BZN|DK1","339.21","322.54","349.75","276.58"
"12/07/2023 13:00:00 - 12/07/2023 14:00:00","BZN|DK1","300.67","407.58","360.63","470.56"
"12/07/2023 14:00:00 - 12/07/2023 15:00:00","BZN|DK1","316.50","394.38","492.54","587.97"
"12/07/2023 15:00:00 - 12/07/2023 16:00:00","BZN|DK1","360.04","343.38","523.88","566.27"
"12/07/2023 16:00:00 - 12/07/2023 17:00:00","BZN|DK1","413.67","386.42","554.50","506.96"
"12/07/2023 17:00:00 - 12/07/2023 18:00:00","BZN|DK1","487.21","452.83","489.54","530.36"
"12/07/2023 18:00:00 - 12/07/2023 19:00:00","BZN|DK1","553.79","506.67","510.54","530.40"
"12/07/2023 19:00:00 - 12/07/2023 20:00:00","BZN|DK1","528.79","447.75","500.75","631.71"
"12/07/2023 20:00:00 - 12/07/2023 21:00:00","BZN|DK1","489.42","413.83","619.63","517.93"
"12/07/2023 21:00:00 - 12/07/2023 22:00:00","BZN|DK1","435.54","414.92","427.04","596.93"
"12/07/2023 22:00:00 - 12/07/2023 23:00:00","BZN|DK1","390.50","437.38","598.13","603.58"
"12/07/2023 23:00:00 - 13/07/2023 00:00:00","BZN|DK1","387.13","472.67","554.88","713.95"
"13/07/2023 00:00:00 - 13/07/2023 01:00:00","BZN|DK1","466.33","N/A","728.58","709.55"
"13/07/2023 01:00:00 - 13/07/2023 02:00:00","BZN|DK1","492.71","N/A","532.29","618.22"
"13/07/2023 02:00:00 - 13/07/2023 03:00:00","BZN|DK1","524.50","N/A","613.08","734.27"
"13/07/2023 03:00:00 - 13/07/2023 04:00:00","BZN|DK1","529.96","N/A","758.71","808.39"
"13/07/2023 04:00:00 - 13/07/2023 05:00:00","BZN|DK1","495.25","N/A","695.50","726.59"
"13/07/2023 05:00:00 - 13/07/2023 06:00:00","BZN|DK1","511.21","N/A","625.88","642.15"
"13/07/2023 06:00:00 - 13/07/2023 07:00:00","BZN|DK1","482.25","N/A","569.79","637.77"
"13/07/2023 07:00:00 - 13/07/2023 08:00:00","BZN|DK1","540.58","N/A","596.79","556.55"
"13/07/2023 08:00:00 - 13/07/2023 09:00:00","BZN|DK1","544.46","477.04","476.63","494.22"
"13/07/2023 09:00:00 - 13/07/2023 10:00:00","BZN|DK1","469.08","417.54","392.21","434.49"
"13/07/2023 10:00:00 - 13/07/2023 11:00:00","BZN|DK1","445.33","361.75","375.58","464.13"
"13/07/2023 11:00:00 - 13/07/2023 12:00:00","BZN|DK1","428.58","386.38","432.50","407.46"
"13/07/2023 12:00:00 - 13/07/2023 13:00:00","BZN|DK1","376.54","373.25","318.96","392.21"
"13/07/2023 13:00:00 - 13/07/2023 14:00:00","BZN|DK1","343.08","321.04","205.83","241.53"
"13/07/2023 14:00:00 - 13/07/2023 15:00:00","BZN|DK1","309.83","252.54","208.54","234.73"
"13/07/2023 15:00:00 - 13/07/2023 16:00:00","BZN|DK1","249.54","216.29","186.75","220.15"
"13/07/2023 16:00:00 - 13/07/2023 17:00:00","BZN|DK1","283.79","245.58","220.33","324.59"
"13/07/2023 17:00:00 - 13/07/2023 18:00:00","BZN|DK1","440.54","211.04","314.96","373.61"
"13/07/2023 18:00:00 - 13/07/2023 19:00:00","BZN|DK1","413.13","272.42","364.46","257.36"
"13/07/2023 19:00:00 - 13/07/2023 20:00:00","BZN|DK1","358.33","263.58","158.08","196.68"
"13/07/2023 20:00:00 - 13/07/2023 21:00:00","BZN|DK1","350.88","256.79","207.92","204.77"
"13/07/2023 21:00:00 - 13/07/2023 22:00:00","BZN|DK1","326.75","284.75","210.67","241.55"
"13/07/2023 22:00:00 - 13/07/2023 23:00:00","BZN|DK1","339.33","316.58","284.04","286.20"
"13/07/2023 23:00:00 - 14/07/2023 00:00:00","BZN|DK1","327.75","331.63","259.25","327.66"
"14/07/2023 00:00:00 - 14/07/2023 01:00:00","BZN|DK1","322.21","N/A","366.67","386.21"
"14/07/2023 01:00:00 - 14/07/2023 02:00:00","BZN|DK1","365.33","N/A","352.00","522.96"
"14/07/2023 02:00:00 - 14/07/2023 03:00:00","BZN|DK1","410.38","N/A","563.00","565.31"
"14/07/2023 03:00:00 - 14/07/2023 04:00:00","BZN|DK1","425.08","N/A","522.42","584.80"
"14/07/2023 04:00:00 - 14/07/2023 05:00:00","BZN|DK1","383.88","N/A","466.75","428.34"
"14/07/2023 05:00:00 - 14/07/2023 06:00:00","BZN|DK1","291.08","N/A","313.96","289.03"
"14/07/2023 06:00:00 - 14/07/2023 07:00:00","BZN|DK1","218.83","N/A","173.00","171.29"
"14/07/2023 07:00:00 - 14/07/2023 08:00:00","BZN|DK1","201.42","N/A","155.67","157.43"
"14/07/2023 08:00:00 - 14/07/2023 09:00:00","BZN|DK1","166.92","121.17","120.58","164.45"
"14/07/2023 09:00:00 - 14/07/2023 10:00:00","BZN|DK1","134.71","109.58","151.71","184.31"
"14/07/2023 10:00:00 - 14/07/2023 11:00:00","BZN|DK1","133.46","103.92","136.42","149.59"
"14/07/2023 11:00:00 - 14/07/2023 12:00:00","BZN|DK1","138.71","128.67","147.25","155.29"
"14/07/2023 12:00:00 - 14/07/2023 13:00:00","BZN|DK1","136.04","122.58","158.63","240.13"
"14/07/2023 13:00:00 - 14/07/2023 14:00:00","BZN|DK1","129.54","135.25","258.46","366.33"
"14/07/2023 14:00:00 - 14/07/2023 15:00:00","BZN|DK1","128.54","186.50","340.58","272.07"
"14/07/2023 15:00:00 - 14/07/2023 16:00:00","BZN|DK1","134.33","202.21","227.79","266.66"
"14/07/2023 16:00:00 - 14/07/2023 17:00:00","BZN|DK1","162.38","236.04","237.79","208.22"
"14/07/2023 17:00:00 - 14/07/2023 18:00:00","BZN|DK1","167.83","182.04","166.08","156.44"
"14/07/2023 18:00:00 - 14/07/2023 19:00:00","BZN|DK1","161.88","154.88","162.13","165.40"
"14/07/2023 19:00:00 - 14/07/2023 20:00:00","BZN|DK1","151.58","154.92","143.67","157.06"
"14/07/2023 20:00:00 - 14/07/2023 21:00:00","BZN|DK1","145.33","153.50","147.04","113.19"
"14/07/2023 21:00:00 - 14/07/2023 22:00:00","BZN|DK1","152.08","151.38","109.92","116.54"
"14/07/2023 22:00:00 - 14/07/2023 23:00:00","BZN|DK1","186.88","200.21","129.63","169.06"
"14/07/2023 23:00:00 - 15/07/2023 00:00:00","BZN|DK1","237.04","290.75","270.63","353.86"
"15/07/2023 00:00:00 - 15/07/2023 01:00:00","BZN|DK1","395.63","N/A","485.13","329.72"
"15/07/2023 01:00:00 - 15/07/2023 02:00:00","BZN|DK1","432.75","N/A","297.46","372.69"
"15/07/2023 02:00:00 - 15/07/2023 03:00:00","BZN|DK1","557.88","N/A","508.50","513.17"
"15/07/2023 03:00:00 - 15/07/2023 04:00:00","BZN|DK1","720.96","N/A","574.67","586.29"
"15/07/2023 04:00:00 - 15/07/2023 05:00:00","BZN|DK1","780.17","N/A","666.33","675.23"
"15/07/2023 05:00:00 - 15/07/2023 06:00:00","BZN|DK1","850.71","N/A","699.00","842.46"
"15/07/2023 06:00:00 - 15/07/2023 07:00:00","BZN|DK1","885.38","N/A","938.75","1124.24"
"15/07/2023 07:00:00 - 15/07/2023 08:00:00","BZN|DK1","866.42","N/A","1062.63","1126.31"
"15/07/2023 08:00:00 - 15/07/2023 09:00:00","BZN|DK1","871.92","1012.42","1009.21","1123.50"
"15/07/2023 09:00:00 - 15/07/2023 10:00:00","BZN|DK1","852.96","976.17","1010.63","1106.25"
"15/07/2023 10:00:00 - 15/07/2023 11:00:00","BZN|DK1","877.08","943.21","998.83","1018.00"
"15/07/2023 11:00:00 - 15/07/2023 12:00:00","BZN|DK1","834.42","886.75","935.75","541.37"
"15/07/2023 12:00:00 - 15/07/2023 13:00:00","BZN|DK1","757.96","837.58","504.29","412.12"
"15/07/2023 13:00:00 - 15/07/2023 14:00:00","BZN|DK1","723.58","758.42","314.29","419.78"
"15/07/2023 14:00:00 - 15/07/2023 15:00:00","BZN|DK1","693.67","671.17","447.00","611.77"
"15/07/2023 15:00:00 - 15/07/2023 16:00:00","BZN|DK1","593.29","554.71","519.38","458.76"
"15/07/2023 16:00:00 - 15/07/2023 17:00:00","BZN|DK1","492.75","541.29","452.17","584.43"
"15/07/2023 17:00:00 - 15/07/2023 18:00:00","BZN|DK1","430.58","534.25","351.17","272.48"
"15/07/2023 18:00:00 - 15/07/2023 19:00:00","BZN|DK1","343.33","426.04","115.54","160.67"
"15/07/2023 19:00:00 - 15/07/2023 20:00:00","BZN|DK1","288.25","303.75","170.29","217.66"
"15/07/2023 20:00:00 - 15/07/2023 21:00:00","BZN|DK1","325.83","391.42","220.71","247.61"
"15/07/2023 21:00:00 - 15/07/2023 22:00:00","BZN|DK1","483.96","518.08","307.88","322.42"
"15/07/2023 22:00:00 - 15/07/2023 23:00:00","BZN|DK1","683.58","598.04","447.04","387.43"
"15/07/2023 23:00:00 - 16/07/2023 00:00:00","BZN|DK1","720.63","558.54","442.96","624.40"
"16/07/2023 00:00:00 - 16/07/2023 01:00:00","BZN|DK1","612.58","N/A","838.50","687.74"
"16/07/2023 01:00:00 - 16/07/2023 02:00:00","BZN|DK1","664.04","N/A","741.04","792.82"
"16/07/2023 02:00:00 - 16/07/2023 03:00:00","BZN|DK1","725.54","N/A","705.54","723.12"
"16/07/2023 03:00:00 - 16/07/2023 04:00:00","BZN|DK1","707.08","N/A","675.38","691.60"
"16/07/2023 04:00:00 - 16/07/2023 05:00:00","BZN|DK1","781.33","N/A","709.13","588.38"
"16/07/2023 05:00:00 - 16/07/2023 06:00:00","BZN|DK1","830.29","N/A","623.00","684.42"
"16/07/2023 06:00:00 - 16/07/2023 07:00:00","BZN|DK1","856.38","N/A","669.00","776.19"
"16/07/2023 07:00:00 - 16/07/2023 08:00:00","BZN|DK1","901.21","N/A","724.17","670.08"
"16/07/2023 08:00:00 - 16/07/2023 09:00:00","BZN|DK1","939.25","701.21","692.58","623.41"
"16/07/2023 09:00:00 - 16/07/2023 10:00:00","BZN|DK1","956.67","836.25","695.46","208.62"
"16/07/2023 10:00:00 - 16/07/2023 11:00:00","BZN|DK1","1028.63","960.08","297.00","209.05"
"16/07/2023 11:00:00 - 16/07/2023 12:00:00","BZN|DK1","1060.67","1028.71","306.13","194.29"
"16/07/2023 12:00:00 - 16/07/2023 13:00:00","BZN|DK1","1016.92","1026.96","339.75","239.79"
"16/07/2023 13:00:00 - 16/07/2023 14:00:00","BZN|DK1","951.29","969.04","263.46","219.54"
"16/07/2023 14:00:00 - 16/07/2023 15:00:00","BZN|DK1","918.42","947.42","266.42","205.26"
"16/07/2023 15:00:00 - 16/07/2023 16:00:00","BZN|DK1","933.88","948.75","273.83","117.10"
"16/07/2023 16:00:00 - 16/07/2023 17:00:00","BZN|DK1","1036.38","1052.33","306.67","202.86"
"16/07/2023 17:00:00 - 16/07/2023 18:00:00","BZN|DK1","1094.88","1060.96","325.50","298.02"
"16/07/2023 18:00:00 - 16/07/2023 19:00:00","BZN|DK1","1049.58","1100.29","560.21","1034.73"
"16/07/2023 19:00:00 - 16/07/2023 20:00:00","BZN|DK1","1017.75","1037.42","957.79","1106.70"
"16/07/2023 20:00:00 - 16/07/2023 21:00:00","BZN|DK1","993.25","992.46","1057.46","1137.95"
"16/07/2023 21:00:00 - 16/07/2023 22:00:00","BZN|DK1","936.63","944.92","996.83","1117.92"
"16/07/2023 22:00:00 - 16/07/2023 23:00:00","BZN|DK1","967.96","957.75","1090.58","1112.67"
"16/07/2023 23:00:00 - 17/07/2023 00:00:00","BZN|DK1","966.50","954.79","1034.96","1081.81"
"17/07/2023 00:00:00 - 17/07/2023 01:00:00","BZN|DK1","920.46","N/A","1039.83","1124.14"
"17/07/2023 01:00:00 - 17/07/2023 02:00:00","BZN|DK1","888.29","N/A","1036.46","1111.71"
"17/07/2023 02:00:00 - 17/07/2023 03:00:00","BZN|DK1","856.63","N/A","1013.75","1118.82"
"17/07/2023 03:00:00 - 17/07/2023 04:00:00","BZN|DK1","844.42","N/A","997.79","1068.78"
"17/07/2023 04:00:00 - 17/07/2023 05:00:00","BZN|DK1","789.54","N/A","966.92","1092.67"
"17/07/2023 05:00:00 - 17/07/2023 06:00:00","BZN|DK1","773.88","N/A","998.75","1120.07"
"17/07/2023 06:00:00 - 17/07/2023 07:00:00","BZN|DK1","777.50","N/A","1015.13","1111.96"
"17/07/2023 07:00:00 - 17/07/2023 08:00:00","BZN|DK1","768.79","N/A","992.96","1019.01"
"17/07/2023 08:00:00 - 17/07/2023 09:00:00","BZN|DK1","810.54","928.54","939.83","1010.36"
"17/07/2023 09:00:00 - 17/07/2023 10:00:00","BZN|DK1","829.96","896.29","956.50","1044.78"
"17/07/2023 10:00:00 - 17/07/2023 11:00:00","BZN|DK1","860.67","912.33","994.17","994.87"
"17/07/2023 11:00:00 - 17/07/2023 12:00:00","BZN|DK1","876.00","914.96","869.96","867.58"
"17/07/2023 12:00:00 - 17/07/2023 13:00:00","BZN|DK1","846.00","885.13","829.25","856.85"
"17/07/2023 13:00:00 - 17/07/2023 14:00:00","BZN|DK1","764.29","801.38","811.33","985.76"
"17/07/2023 14:00:00 - 17/07/2023 15:00:00","BZN|DK1","687.96","750.54","870.92","665.18"
"17/07/2023 15:00:00 - 17/07/2023 16:00:00","BZN|DK1","689.00","770.79","630.08","854.12"
"17/07/2023 16:00:00 - 17/07/2023 17:00:00","BZN|DK1","831.04","843.46","795.88","723.29"
"17/07/2023 17:00:00 - 17/07/2023 18:00:00","BZN|DK1","935.75","932.71","827.58","928.64"
"17/07/2023 18:00:00 - 17/07/2023 19:00:00","BZN|DK1","875.00","970.79","946.08","1022.42"
"17/07/2023 19:00:00 - 17/07/2023 20:00:00","BZN|DK1","834.67","899.08","870.08","997.62"
"17/07/2023 20:00:00 - 17/07/2023 21:00:00","BZN|DK1","832.13","846.38","970.21","1097.62"
"17/07/2023 21:00:00 - 17/07/2023 22:00:00","BZN|DK1","792.42","809.42","936.04","1050.16"
"17/07/2023 22:00:00 - 17/07/2023 23:00:00","BZN|DK1","816.29","821.58","989.63","1000.24"
"17/07/2023 23:00:00 - 18/07/2023 00:00:00","BZN|DK1","847.88","833.00","916.29","961.28"
"18/07/2023 00:00:00 - 18/07/2023 01:00:00","BZN|DK1","828.71","N/A","890.75","1067.48"
"18/07/2023 01:00:00 - 18/07/2023 02:00:00","BZN|DK1","778.13","N/A","967.29","978.92"
"18/07/2023 02:00:00 - 18/07/2023 03:00:00","BZN|DK1","744.04","N/A","855.00","1030.88"
"18/07/2023 03:00:00 - 18/07/2023 04:00:00","BZN|DK1","717.42","N/A","862.75","931.67"
"18/07/2023 04:00:00 - 18/07/2023 05:00:00","BZN|DK1","647.71","N/A","772.75","807.19"
"18/07/2023 05:00:00 - 18/07/2023 06:00:00","BZN|DK1","596.71","N/A","687.79","689.21"
"18/07/2023 06:00:00 - 18/07/2023 07:00:00","BZN|DK1","567.83","N/A","608.00","680.32"
"18/07/2023 07:00:00 - 18/07/2023 08:00:00","BZN|DK1","550.25","N/A","612.08","646.57"
"18/07/2023 08:00:00 - 18/07/2023 09:00:00","BZN|DK1","524.71","578.04","584.13","701.64"
"18/07/2023 09:00:00 - 18/07/2023 10:00:00","BZN|DK1","523.58","565.08","643.88","697.28"
"18/07/2023 10:00:00 - 18/07/2023 11:00:00","BZN|DK1","561.75","594.08","643.50","720.15"
"18/07/2023 11:00:00 - 18/07/2023 12:00:00","BZN|DK1","548.54","602.38","658.88","660.94"
"18/07/2023 12:00:00 - 18/07/2023 13:00:00","BZN|DK1","500.83","543.75","562.79","612.03"
"18/07/2023 13:00:00 - 18/07/2023 14:00:00","BZN|DK1","426.50","462.33","517.88","611.62"
"18/07/2023 14:00:00 - 18/07/2023 15:00:00","BZN|DK1","338.25","420.29","482.33","370.72"
"18/07/2023 15:00:00 - 18/07/2023 16:00:00","BZN|DK1","247.79","372.33","264.83","375.53"
"18/07/2023 16:00:00 - 18/07/2023 17:00:00","BZN|DK1","240.96","325.46","282.67","399.25"
"18/07/2023 17:00:00 - 18/07/2023 18:00:00","BZN|DK1","296.50","315.42","316.96","321.33"
"18/07/2023 18:00:00 - 18/07/2023 19:00:00","BZN|DK1","296.75","351.08","296.17","291.81"
"18/07/2023 19:00:00 - 18/07/2023 20:00:00","BZN|DK1","290.21","312.17","223.13","357.69"
"18/07/2023 20:00:00 - 18/07/2023 21:00:00","BZN|DK1","305.25","310.71","408.42","380.66"
"18/07/2023 21:00:00 - 18/07/2023 22:00:00","BZN|DK1","291.00","314.21","298.46","374.28"
"18/07/2023 22:00:00 - 18/07/2023 23:00:00","BZN|DK1","318.50","335.54","389.38","405.21"
"18/07/2023 23:00:00 - 19/07/2023 00:00:00","BZN|DK1","334.42","356.21","370.21","385.56"
"19/07/2023 00:00:00 - 19/07/2023 01:00:00","BZN|DK1","366.71","N/A","367.63","385.51"
"19/07/2023 01:00:00 - 19/07/2023 02:00:00","BZN|DK1","336.42","N/A","330.13","355.40"
"19/07/2023 02:00:00 - 19/07/2023 03:00:00","BZN|DK1","313.50","N/A","319.71","297.12"
"19/07/2023 03:00:00 - 19/07/2023 04:00:00","BZN|DK1","321.63","N/A","274.92","314.99"
"19/07/2023 04:00:00 - 19/07/2023 05:00:00","BZN|DK1","302.33","N/A","294.79","289.66"
"19/07/2023 05:00:00 - 19/07/2023 06:00:00","BZN|DK1","299.79","N/A","260.17","248.11"
"19/07/2023 06:00:00 - 19/07/2023 07:00:00","BZN|DK1","293.50","N/A","219.25","238.66"
"19/07/2023 07:00:00 - 19/07/2023 08:00:00","BZN|DK1","266.21","N/A","237.38","242.25"
"19/07/2023 08:00:00 - 19/07/2023 09:00:00","BZN|DK1","224.08","214.83","215.33","269.40"
"19/07/2023 09:00:00 - 19/07/2023 10:00:00","BZN|DK1","201.50","246.46","287.08","231.72"
"19/07/2023 10:00:00 - 19/07/2023 11:00:00","BZN|DK1","185.63","237.67","197.63","162.92"
"19/07/2023 11:00:00 - 19/07/2023 12:00:00","BZN|DK1","201.63","215.38","130.46","112.76"
"19/07/2023 12:00:00 - 19/07/2023 13:00:00","BZN|DK1","178.54","197.08","113.67","113.12"
"19/07/2023 13:00:00 - 19/07/2023 14:00:00","BZN|DK1","111.38","173.42","97.92","116.56"
"19/07/2023 14:00:00 - 19/07/2023 15:00:00","BZN|DK1","85.46","141.08","107.67","150.18"
"19/07/2023 15:00:00 - 19/07/2023 16:00:00","BZN|DK1","97.54","148.29","164.92","148.17"
"19/07/2023 16:00:00 - 19/07/2023 17:00:00","BZN|DK1","113.54","165.42","162.25","137.07"
"19/07/2023 17:00:00 - 19/07/2023 18:00:00","BZN|DK1","155.54","173.50","176.00","138.99"
"19/07/2023 18:00:00 - 19/07/2023 19:00:00","BZN|DK1","273.08","263.83","158.75","157.96"
"19/07/2023 19:00:00 - 19/07/2023 20:00:00","BZN|DK1","356.79","292.50","186.58","231.24"
"19/07/2023 20:00:00 - 19/07/2023 21:00:00","BZN|DK1","407.08","341.00","301.96","354.66"
"19/07/2023 21:00:00 - 19/07/2023 22:00:00","BZN|DK1","425.17","390.04","426.83","484.15"
"19/07/2023 22:00:00 - 19/07/2023 23:00:00","BZN|DK1","464.17","444.00","580.00","508.76"
"19/07/2023 23:00:00 - 20/07/2023 00:00:00","BZN|DK1","503.71","519.17","511.04","661.37"
"20/07/2023 00:00:00 - 20/07/2023 01:00:00","BZN|DK1","588.33","N/A","688.83","785.04"
"20/07/2023 01:00:00 - 20/07/2023 02:00:00","BZN|DK1","627.21","N/A","777.71","847.07"
"20/07/2023 02:00:00 - 20/07/2023 03:00:00","BZN|DK1","656.38","N/A","770.29","890.14"
"20/07/2023 03:00:00 - 20/07/2023 04:00:00","BZN|DK1","688.04","N/A","890.17","909.36"
"20/07/2023 04:00:00 - 20/07/2023 05:00:00","BZN|DK1","738.50","N/A","876.50","938.58"
"20/07/2023 05:00:00 - 20/07/2023 06:00:00","BZN|DK1","718.38","N/A","879.25","904.62"
"20/07/2023 06:00:00 - 20/07/2023 07:00:00","BZN|DK1","703.25","N/A","799.58","874.46"
"20/07/2023 07:00:00 - 20/07/2023 08:00:00","BZN|DK1","653.08","N/A","804.25","817.48"
"20/07/2023 08:00:00 - 20/07/2023 09:00:00","BZN|DK1","685.63","739.88","702.96","901.66"
"20/07/2023 09:00:00 - 20/07/2023 10:00:00","BZN|DK1","695.58","756.63","880.17","1060.56"
"20/07/2023 10:00:00 - 20/07/2023 11:00:00","BZN|DK1","722.38","810.17","979.58","986.64"
"20/07/2023 11:00:00 - 20/07/2023 12:00:00","BZN|DK1","760.67","815.13","852.96","765.94"
"20/07/2023 12:00:00 - 20/07/2023 13:00:00","BZN|DK1","724.67","746.21","651.67","602.82"
"20/07/2023 13:00:00 - 20/07/2023 14:00:00","BZN|DK1","708.33","673.71","514.50","699.86"
"20/07/2023 14:00:00 - 20/07/2023 15:00:00","BZN|DK1","705.54","670.42","692.96","873.68"
"20/07/2023 15:00:00 - 20/07/2023 16:00:00","BZN|DK1","676.67","638.38","734.04","840.58"
"20/07/2023 16:00:00 - 20/07/2023 17:00:00","BZN|DK1","679.83","641.58","774.50","853.41"
"20/07/2023 17:00:00 - 20/07/2023 18:00:00","BZN|DK1","737.96","698.54","826.75","855.96"
"20/07/2023 18:00:00 - 20/07/2023 19:00:00","BZN|DK1","695.00","720.96","709.63","953.15"
"20/07/2023 19:00:00 - 20/07/2023 20:00:00","BZN|DK1","659.58","662.75","877.25","1016.63"
"20/07/2023 20:00:00 - 20/07/2023 21:00:00","BZN|DK1","670.42","648.21","879.33","992.68"
"20/07/2023 21:00:00 - 20/07/2023 22:00:00","BZN|DK1","608.83","601.04","802.13","876.65"
"20/07/2023 22:00:00 - 20/07/2023 23:00:00","BZN|DK1","561.33","600.50","828.25","753.11"
"20/07/2023 23:00:00 - 21/07/2023 00:00:00","BZN|DK1","519.17","588.63","587.75","722.01"
"21/07/2023 00:00:00 - 21/07/2023 01:00:00","BZN|DK1","640.29","N/A","685.63","757.56"
"21/07/2023 01:00:00 - 21/07/2023 02:00:00","BZN|DK1","599.04","N/A","711.50","765.00"
"21/07/2023 02:00:00 - 21/07/2023 03:00:00","BZN|DK1","570.25","N/A","726.42","691.35"
"21/07/2023 03:00:00 - 21/07/2023 04:00:00","BZN|DK1","562.13","N/A","591.75","650.89"
"21/07/2023 04:00:00 - 21/07/2023 05:00:00","BZN|DK1","539.33","N/A","585.04","705.86"
"21/07/2023 05:00:00 - 21/07/2023 06:00:00","BZN|DK1","498.04","N/A","688.13","638.76"
"21/07/2023 06:00:00 - 21/07/2023 07:00:00","BZN|DK1","444.54","N/A","545.71","604.45"
"21/07/2023 07:00:00 - 21/07/2023 08:00:00","BZN|DK1","374.25","N/A","507.67","430.11"
"21/07/2023 08:00:00 - 21/07/2023 09:00:00","BZN|DK1","380.88","303.17","285.38","247.88"
"21/07/2023 09:00:00 - 21/07/2023 10:00:00","BZN|DK1","360.83","316.25","217.92","178.23"
"21/07/2023 10:00:00 - 21/07/2023 11:00:00","BZN|DK1","373.33","328.63","162.33","172.48"
"21/07/2023 11:00:00 - 21/07/2023 12:00:00","BZN|DK1","371.96","334.38","168.04","146.73"
"21/07/2023 12:00:00 - 21/07/2023 13:00:00","BZN|DK1","343.50","306.96","118.25","131.91"
"21/07/2023 13:00:00 - 21/07/2023 14:00:00","BZN|DK1","308.79","285.04","122.58","166.69"
"21/07/2023 14:00:00 - 21/07/2023 15:00:00","BZN|DK1","315.71","304.29","180.33","185.79"
"21/07/2023 15:00:00 - 21/07/2023 16:00:00","BZN|DK1","314.50","261.54","144.96","209.34"
"21/07/2023 16:00:00 - 21/07/2023 17:00:00","BZN|DK1","323.33","227.25","203.54","159.05"
"21/07/2023 17:00:00 - 21/07/2023 18:00:00","BZN|DK1","346.50","270.25","169.71","176.93"
"21/07/2023 18:00:00 - 21/07/2023 19:00:00","BZN|DK1","294.63","316.38","199.33","131.63"
"21/07/2023 19:00:00 - 21/07/2023 20:00:00","BZN|DK1","258.92","268.79","149.08","115.30"
"21/07/2023 20:00:00 - 21/07/2023 21:00:00","BZN|DK1","234.83","246.92","172.33","128.33"
"21/07/2023 21:00:00 - 21/07/2023 22:00:00","BZN|DK1","204.92","291.50","172.50","191.89"
"21/07/2023 22:00:00 - 21/07/2023 23:00:00","BZN|DK1","227.79","327.13","257.67","202.31"
"21/07/2023 23:00:00 - 22/07/2023 00:00:00","BZN|DK1","296.17","307.63","213.50","170.52"
"22/07/2023 00:00:00 - 22/07/2023 01:00:00","BZN|DK1","330.46","N/A","166.54","178.32"
"22/07/2023 01:00:00 - 22/07/2023 02:00:00","BZN|DK1","354.21","N/A","216.25","232.85"
"22/07/2023 02:00:00 - 22/07/2023 03:00:00","BZN|DK1","408.33","N/A","303.21","307.86"
"22/07/2023 03:00:00 - 22/07/2023 04:00:00","BZN|DK1","416.42","N/A","422.25","319.39"
"22/07/2023 04:00:00 - 22/07/2023 05:00:00","BZN|DK1","448.96","N/A","301.38","340.14"
"22/07/2023 05:00:00 - 22/07/2023 06:00:00","BZN|DK1","491.75","N/A","353.08","343.12"
"22/07/2023 06:00:00 - 22/07/2023 07:00:00","BZN|DK1","556.63","N/A","366.17","441.82"
"22/07/2023 07:00:00 - 22/07/2023 08:00:00","BZN|DK1","575.25","N/A","451.58","461.90"
"22/07/2023 08:00:00 - 22/07/2023 09:00:00","BZN|DK1","671.25","376.46","349.96","313.88"
"22/07/2023 09:00:00 - 22/07/2023 10:00:00","BZN|DK1","678.71","479.79","405.96","381.21"
"22/07/2023 10:00:00 - 22/07/2023 11:00:00","BZN|DK1","601.83","492.13","383.79","386.39"
"22/07/2023 11:00:00 - 22/07/2023 12:00:00","BZN|DK1","520.88","438.00","348.08","305.63"
"22/07/2023 12:00:00 - 22/07/2023 13:00:00","BZN|DK1","466.83","392.92","325.83","332.79"
"22/07/2023 13:00:00 - 22/07/2023 14:00:00","BZN|DK1","396.92","330.17","403.79","287.69"
"22/07/2023 14:00:00 - 22/07/2023 15:00:00","BZN|DK1","383.33","365.63","234.00","135.25"
"22/07/2023 15:00:00 - 22/07/2023 16:00:00","BZN|DK1","316.13","351.58","108.38","170.36"
"22/07/2023 16:00:00 - 22/07/2023 17:00:00","BZN|DK1","313.13","319.54","144.04","264.53"
"22/07/2023 17:00:00 - 22/07/2023 18:00:00","BZN|DK1","415.54","313.63","273.25","160.83"
"22/07/2023 18:00:00 - 22/07/2023 19:00:00","BZN|DK1","398.83","275.96","119.88","198.34"
"22/07/2023 19:00:00 - 22/07/2023 20:00:00","BZN|DK1","396.50","253.38","168.33","253.81"
"22/07/2023 20:00:00 - 22/07/2023 21:00:00","BZN|DK1","387.25","264.50","224.46","159.21"
"22/07/2023 21:00:00 - 22/07/2023 22:00:00","BZN|DK1","353.21","256.79","108.46","123.56"
"22/07/2023 22:00:00 - 22/07/2023 23:00:00","BZN|DK1","374.92","293.96","165.96","125.54"
"22/07/2023 23:00:00 - 23/07/2023 00:00:00","BZN|DK1","315.08","285.75","102.13","108.72"
"23/07/2023 00:00:00 - 23/07/2023 01:00:00","BZN|DK1","168.58","N/A","85.38","96.43"
"23/07/2023 01:00:00 - 23/07/2023 02:00:00","BZN|DK1","183.71","N/A","115.17","70.51"
"23/07/2023 02:00:00 - 23/07/2023 03:00:00","BZN|DK1","159.75","N/A","90.08","35.89"
"23/07/2023 03:00:00 - 23/07/2023 04:00:00","BZN|DK1","114.96","N/A","28.63","49.82"
"23/07/2023 04:00:00 - 23/07/2023 05:00:00","BZN|DK1","138.33","N/A","78.42","85.66"
"23/07/2023 05:00:00 - 23/07/2023 06:00:00","BZN|DK1","227.67","N/A","129.25","43.56"
"23/07/2023 06:00:00 - 23/07/2023 07:00:00","BZN|DK1","250.83","N/A","92.21","56.51"
"23/07/2023 07:00:00 - 23/07/2023 08:00:00","BZN|DK1","286.83","N/A","126.71","78.39"
"23/07/2023 08:00:00 - 23/07/2023 09:00:00","BZN|DK1","428.25","149.13","122.50","39.38"
"23/07/2023 09:00:00 - 23/07/2023 10:00:00","BZN|DK1","460.83","278.92","122.38","109.85"
"23/07/2023 10:00:00 - 23/07/2023 11:00:00","BZN|DK1","532.50","463.83","220.67","213.01"
"23/07/2023 11:00:00 - 23/07/2023 12:00:00","BZN|DK1","522.13","476.33","298.92","335.00"
"23/07/2023 12:00:00 - 23/07/2023 13:00:00","BZN|DK1","515.79","513.67","457.33","585.60"
"23/07/2023 13:00:00 - 23/07/2023 14:00:00","BZN|DK1","490.92","509.67","632.13","580.90"
"23/07/2023 14:00:00 - 23/07/2023 15:00:00","BZN|DK1","483.75","559.63","486.33","347.60"
"23/07/2023 15:00:00 - 23/07/2023 16:00:00","BZN|DK1","385.83","571.08","278.58","322.66"
"23/07/2023 16:00:00 - 23/07/2023 17:00:00","BZN|DK1","305.96","579.71","383.46","317.45"
"23/07/2023 17:00:00 - 23/07/2023 18:00:00","BZN|DK1","392.46","629.21","406.38","213.54"
"23/07/2023 18:00:00 - 23/07/2023 19:00:00","BZN|DK1","419.96","690.17","340.54","491.20"
"23/07/2023 19:00:00 - 23/07/2023 20:00:00","BZN|DK1","351.67","698.63","489.29","553.18"
"23/07/2023 20:00:00 - 23/07/2023 21:00:00","BZN|DK1","297.00","720.67","573.00","737.77"
"23/07/2023 21:00:00 - 23/07/2023 22:00:00","BZN|DK1","268.63","713.04","696.88","801.91"
"23/07/2023 22:00:00 - 23/07/2023 23:00:00","BZN|DK1","257.50","740.38","859.13","845.92"
"23/07/2023 23:00:00 - 24/07/2023 00:00:00","BZN|DK1","255.42","736.71","759.25","959.77"
"24/07/2023 00:00:00 - 24/07/2023 01:00:00","BZN|DK1","668.00","N/A","937.04","928.94"
"24/07/2023 01:00:00 - 24/07/2023 02:00:00","BZN|DK1","637.08","N/A","722.54","652.19"
"24/07/2023 02:00:00 - 24/07/2023 03:00:00","BZN|DK1","600.63","N/A","537.75","618.04"
"24/07/2023 03:00:00 - 24/07/2023 04:00:00","BZN|DK1","589.08","N/A","637.63","787.49"
"24/07/2023 04:00:00 - 24/07/2023 05:00:00","BZN|DK1","580.50","N/A","831.71","971.30"
"24/07/2023 05:00:00 - 24/07/2023 06:00:00","BZN|DK1","534.75","N/A","879.75","750.92"
"24/07/2023 06:00:00 - 24/07/2023 07:00:00","BZN|DK1","571.29","N/A","647.67","636.07"
"24/07/2023 07:00:00 - 24/07/2023 08:00:00","BZN|DK1","567.29","N/A","583.88","591.69"
"24/07/2023 08:00:00 - 24/07/2023 09:00:00","BZN|DK1","570.79","486.83","493.08","527.24"
"24/07/2023 09:00:00 - 24/07/2023 10:00:00","BZN|DK1","613.21","485.71","485.79","444.41"
"24/07/2023 10:00:00 - 24/07/2023 11:00:00","BZN|DK1","611.13","470.88","323.25","327.63"
"24/07/2023 11:00:00 - 24/07/2023 12:00:00","BZN|DK1","533.08","439.75","284.63","427.42"
"24/07/2023 12:00:00 - 24/07/2023 13:00:00","BZN|DK1","475.75","409.04","405.46","518.27"
"24/07/2023 13:00:00 - 24/07/2023 14:00:00","BZN|DK1","432.00","370.38","453.50","475.05"
"24/07/2023 14:00:00 - 24/07/2023 15:00:00","BZN|DK1","427.58","419.83","454.54","429.39"
"24/07/2023 15:00:00 - 24/07/2023 16:00:00","BZN|DK1","389.96","402.54","364.46","439.73"
"24/07/2023 16:00:00 - 24/07/2023 17:00:00","BZN|DK1","434.79","441.13","525.42","505.67"
"24/07/2023 17:00:00 - 24/07/2023 18:00:00","BZN|DK1","525.71","544.21","509.88","575.33"
"24/07/2023 18:00:00 - 24/07/2023 19:00:00","BZN|DK1","578.50","591.00","593.92","504.44"
"24/07/2023 19:00:00 - 24/07/2023 20:00:00","BZN|DK1","613.00","643.21","533.04","547.57"
"24/07/2023 20:00:00 - 24/07/2023 21:00:00","BZN|DK1","634.25","659.96","580.42","672.93"
"24/07/2023 21:00:00 - 24/07/2023 22:00:00","BZN|DK1","623.71","634.54","650.21","776.85"
"24/07/2023 22:00:00 - 24/07/2023 23:00:00","BZN|DK1","622.58","654.50","803.13","837.87"
"24/07/2023 23:00:00 - 25/07/2023 00:00:00","BZN|DK1","628.00","644.96","736.46","750.48"
"25/07/2023 00:00:00 - 25/07/2023 01:00:00","BZN|DK1","665.50","N/A","712.46","751.50"
"25/07/2023 01:00:00 - 25/07/2023 02:00:00","BZN|DK1","780.08","N/A","743.75","750.12"
"25/07/2023 02:00:00 - 25/07/2023 03:00:00","BZN|DK1","834.17","N/A","782.63","885.29"
"25/07/2023 03:00:00 - 25/07/2023 04:00:00","BZN|DK1","824.33","N/A","881.04","933.56"
"25/07/2023 04:00:00 - 25/07/2023 05:00:00","BZN|DK1","832.00","N/A","901.42","1070.51"
"25/07/2023 05:00:00 - 25/07/2023 06:00:00","BZN|DK1","831.92","N/A","990.71","1089.89"
"25/07/2023 06:00:00 - 25/07/2023 07:00:00","BZN|DK1","835.25","N/A","1000.29","1037.79"
"25/07/2023 07:00:00 - 25/07/2023 08:00:00","BZN|DK1","758.25","N/A","875.29","1007.52"
"25/07/2023 08:00:00 - 25/07/2023 09:00:00","BZN|DK1","829.00","957.00","944.25","968.77"
"25/07/2023 09:00:00 - 25/07/2023 10:00:00","BZN|DK1","857.46","929.13","915.63","966.52"
"25/07/2023 10:00:00 - 25/07/2023 11:00:00","BZN|DK1","831.42","903.71","931.83","988.53"
"25/07/2023 11:00:00 - 25/07/2023 12:00:00","BZN|DK1","743.38","846.42","842.79","863.76"
"25/07/2023 12:00:00 - 25/07/2023 13:00:00","BZN|DK1","676.13","770.63","706.25","689.89"
"25/07/2023 13:00:00 - 25/07/2023 14:00:00","BZN|DK1","600.33","666.42","548.00","580.04"
"25/07/2023 14:00:00 - 25/07/2023 15:00:00","BZN|DK1","617.42","700.17","536.08","643.16"
"25/07/2023 15:00:00 - 25/07/2023 16:00:00","BZN|DK1","594.38","682.21","661.21","731.08"
"25/07/2023 16:00:00 - 25/07/2023 17:00:00","BZN|DK1","657.29","693.42","743.21","827.75"
"25/07/2023 17:00:00 - 25/07/2023 18:00:00","BZN|DK1","772.42","775.08","868.38","875.86"
"25/07/2023 18:00:00 - 25/07/2023 19:00:00","BZN|DK1","754.92","829.42","806.25","976.75"
"25/07/2023 19:00:00 - 25/07/2023 20:00:00","BZN|DK1","758.92","794.79","923.79","997.21"
"25/07/2023 20:00:00 - 25/07/2023 21:00:00","BZN|DK1","729.17","725.13","867.54","858.77"
"25/07/2023 21:00:00 - 25/07/2023 22:00:00","BZN|DK1","675.92","622.50","707.92","810.19"
"25/07/2023 22:00:00 - 25/07/2023 23:00:00","BZN|DK1","668.38","656.17","795.42","764.22"
"25/07/2023 23:00:00 - 26/07/2023 00:00:00","BZN|DK1","616.92","710.83","688.04","685.01"
"26/07/2023 00:00:00 - 26/07/2023 01:00:00","BZN|DK1","714.71","N/A","603.29","759.96"
"26/07/2023 01:00:00 - 26/07/2023 02:00:00","BZN|DK1","740.79","N/A","795.96","844.77"
"26/07/2023 02:00:00 - 26/07/2023 03:00:00","BZN|DK1","717.58","N/A","826.79","896.11"
"26/07/2023 03:00:00 - 26/07/2023 04:00:00","BZN|DK1","698.13","N/A","740.46","858.16"
"26/07/2023 04:00:00 - 26/07/2023 05:00:00","BZN|DK1","712.71","N/A","821.46","910.43"
"26/07/2023 05:00:00 - 26/07/2023 06:00:00","BZN|DK1","707.29","N/A","851.25","936.04"
"26/07/2023 06:00:00 - 26/07/2023 07:00:00","BZN|DK1","705.92","N/A","856.00","928.97"
"26/07/2023 07:00:00 - 26/07/2023 08:00:00","BZN|DK1","666.88","N/A","787.88","866.15"
"26/07/2023 08:00:00 - 26/07/2023 09:00:00","BZN|DK1","773.71","833.46","829.08","835.26"
"26/07/2023 09:00:00 - 26/07/2023 10:00:00","BZN|DK1","826.46","886.08","851.96","775.37"
"26/07/2023 10:00:00 - 26/07/2023 11:00:00","BZN|DK1","807.88","901.25","711.88","807.03"
"26/07/2023 11:00:00 - 26/07/2023 12:00:00","BZN|DK1","792.79","887.33","760.96","942.12"
"26/07/2023 12:00:00 - 26/07/2023 13:00:00","BZN|DK1","767.21","874.21","907.54","879.67"
"26/07/2023 13:00:00 - 26/07/2023 14:00:00","BZN|DK1","689.83","793.83","768.83","949.54"
"26/07/2023 14:00:00 - 26/07/2023 15:00:00","BZN|DK1","725.92","804.71","835.04","932.29"
"26/07/2023 15:00:00 - 26/07/2023 16:00:00","BZN|DK1","716.71","821.46","773.25","1015.98"
"26/07/2023 16:00:00 - 26/07/2023 17:00:00","BZN|DK1","801.17","882.29","972.54","1095.07"
"26/07/2023 17:00:00 - 26/07/2023 18:00:00","BZN|DK1","906.04","896.33","1062.54","1100.44"
"26/07/2023 18:00:00 - 26/07/2023 19:00:00","BZN|DK1","880.58","914.58","966.88","1008.17"
"26/07/2023 19:00:00 - 26/07/2023 20:00:00","BZN|DK1","895.13","922.50","896.46","943.90"
"26/07/2023 20:00:00 - 26/07/2023 21:00:00","BZN|DK1","935.21","906.88","885.83","776.08"
"26/07/2023 21:00:00 - 26/07/2023 22:00:00","BZN|DK1","917.88","823.29","561.50","723.19"
"26/07/2023 22:00:00 - 26/07/2023 23:00:00","BZN|DK1","924.38","789.96","699.42","745.70"
"26/07/2023 23:00:00 - 27/07/2023 00:00:00","BZN|DK1","898.75","786.46","635.29","693.01"
"27/07/2023 00:00:00 - 27/07/2023 01:00:00","BZN|DK1","690.58","N/A","581.92","731.15"
"27/07/2023 01:00:00 - 27/07/2023 02:00:00","BZN|DK1","701.04","N/A","756.08","751.17"
"27/07/2023 02:00:00 - 27/07/2023 03:00:00","BZN|DK1","690.00","N/A","666.08","726.20"
"27/07/2023 03:00:00 - 27/07/2023 04:00:00","BZN|DK1","616.13","N/A","614.21","598.58"
"27/07/2023 04:00:00 - 27/07/2023 05:00:00","BZN|DK1","556.63","N/A","503.17","515.51"
"27/07/2023 05:00:00 - 27/07/2023 06:00:00","BZN|DK1","506.54","N/A","411.13","437.89"
"27/07/2023 06:00:00 - 27/07/2023 07:00:00","BZN|DK1","430.50","N/A","365.42","386.61"
"27/07/2023 07:00:00 - 27/07/2023 08:00:00","BZN|DK1","344.13","N/A","306.75","354.70"
"27/07/2023 08:00:00 - 27/07/2023 09:00:00","BZN|DK1","323.25","319.63","320.79","301.05"
"27/07/2023 09:00:00 - 27/07/2023 10:00:00","BZN|DK1","313.21","331.50","279.04","292.77"
"27/07/2023 10:00:00 - 27/07/2023 11:00:00","BZN|DK1","334.92","297.88","282.96","256.87"
"27/07/2023 11:00:00 - 27/07/2023 12:00:00","BZN|DK1","299.25","279.42","190.96","157.38"
"27/07/2023 12:00:00 - 27/07/2023 13:00:00","BZN|DK1","213.33","238.54","97.29","117.42"
"27/07/2023 13:00:00 - 27/07/2023 14:00:00","BZN|DK1","155.17","190.63","76.42","70.71"
"27/07/2023 14:00:00 - 27/07/2023 15:00:00","BZN|DK1","156.46","164.33","30.08","31.71"
"27/07/2023 15:00:00 - 27/07/2023 16:00:00","BZN|DK1","191.46","134.08","4.38","30.14"
"27/07/2023 16:00:00 - 27/07/2023 17:00:00","BZN|DK1","206.88","96.50","16.04","15.96"
"27/07/2023 17:00:00 - 27/07/2023 18:00:00","BZN|DK1","156.63","70.75","3.79","19.11"
"27/07/2023 18:00:00 - 27/07/2023 19:00:00","BZN|DK1","93.42","58.83","18.46","32.38"
"27/07/2023 19:00:00 - 27/07/2023 20:00:00","BZN|DK1","69.38","59.13","17.13","14.85"
"27/07/2023 20:00:00 - 27/07/2023 21:00:00","BZN|DK1","29.63","46.38","0.58","10.59"
"27/07/2023 21:00:00 - 27/07/2023 22:00:00","BZN|DK1","17.08","33.79","0.58","10.28"
"27/07/2023 22:00:00 - 27/07/2023 23:00:00","BZN|DK1","21.08","34.29","9.38","10.15"
"27/07/2023 23:00:00 - 28/07/2023 00:00:00","BZN|DK1","24.04","31.38","1.88","10.08"
"28/07/2023 00:00:00 - 28/07/2023 01:00:00","BZN|DK1","56.25","N/A","9.71","20.07"
"28/07/2023 01:00:00 - 28/07/2023 02:00:00","BZN|DK1","122.63","N/A","74.63","49.98"
"28/07/2023 02:00:00 - 28/07/2023 03:00:00","BZN|DK1","149.54","N/A","72.88","48.60"
"28/07/2023 03:00:00 - 28/07/2023 04:00:00","BZN|DK1","119.83","N/A","70.92","55.54"
"28/07/2023 04:00:00 - 28/07/2023 05:00:00","BZN|DK1","155.79","N/A","88.83","65.52"
"28/07/2023 05:00:00 - 28/07/2023 06:00:00","BZN|DK1","125.46","N/A","48.21","70.46"
"28/07/2023 06:00:00 - 28/07/2023 07:00:00","BZN|DK1","102.29","N/A","50.29","60.94"
"28/07/2023 07:00:00 - 28/07/2023 08:00:00","BZN|DK1","90.00","N/A","65.46","29.54"
"28/07/2023 08:00:00 - 28/07/2023 09:00:00","BZN|DK1","84.50","23.96","19.25","8.63"
"28/07/2023 09:00:00 - 28/07/2023 10:00:00","BZN|DK1","58.17","20.96","4.75","9.93"
"28/07/2023 10:00:00 - 28/07/2023 11:00:00","BZN|DK1","30.96","3.46","0.96","8.28"
"28/07/2023 11:00:00 - 28/07/2023 12:00:00","BZN|DK1","21.17","0.00","0.96","7.83"
"28/07/2023 12:00:00 - 28/07/2023 13:00:00","BZN|DK1","24.54","0.96","2.21","8.00"
"28/07/2023 13:00:00 - 28/07/2023 14:00:00","BZN|DK1","20.83","1.00","0.00","8.01"
"28/07/2023 14:00:00 - 28/07/2023 15:00:00","BZN|DK1","14.33","1.25","1.08","6.65"
"28/07/2023 15:00:00 - 28/07/2023 16:00:00","BZN|DK1","8.33","2.13","1.00","6.70"
"28/07/2023 16:00:00 - 28/07/2023 17:00:00","BZN|DK1","10.75","3.88","0.50","8.30"
"28/07/2023 17:00:00 - 28/07/2023 18:00:00","BZN|DK1","18.46","3.67","0.00","8.52"
"28/07/2023 18:00:00 - 28/07/2023 19:00:00","BZN|DK1","20.33","11.21","6.96","8.67"
"28/07/2023 19:00:00 - 28/07/2023 20:00:00","BZN|DK1","27.25","43.79","13.75","11.41"
"28/07/2023 20:00:00 - 28/07/2023 21:00:00","BZN|DK1","63.58","66.50","17.96","12.78"
"28/07/2023 21:00:00 - 28/07/2023 22:00:00","BZN|DK1","86.96","73.29","37.50","14.55"
"28/07/2023 22:00:00 - 28/07/2023 23:00:00","BZN|DK1","82.29","84.83","24.21","26.98"
"28/07/2023 23:00:00 - 29/07/2023 00:00:00","BZN|DK1","95.96","90.67","66.88","88.13"
"29/07/2023 00:00:00 - 29/07/2023 01:00:00","BZN|DK1","116.17","N/A","90.46","83.41"
"29/07/2023 01:00:00 - 29/07/2023 02:00:00","BZN|DK1","181.38","N/A","129.13","91.33"
"29/07/2023 02:00:00 - 29/07/2023 03:00:00","BZN|DK1","204.71","N/A","137.29","119.81"
"29/07/2023 03:00:00 - 29/07/2023 04:00:00","BZN|DK1","188.17","N/A","168.33","147.75"
"29/07/2023 04:00:00 - 29/07/2023 05:00:00","BZN|DK1","161.25","N/A","168.88","174.86"
"29/07/2023 05:00:00 - 29/07/2023 06:00:00","BZN|DK1","169.71","N/A","207.46","199.26"
"29/07/2023 06:00:00 - 29/07/2023 07:00:00","BZN|DK1","208.33","N/A","152.67","98.59"
"29/07/2023 07:00:00 - 29/07/2023 08:00:00","BZN|DK1","244.04","N/A","97.75","121.89"
"29/07/2023 08:00:00 - 29/07/2023 09:00:00","BZN|DK1","318.88","174.42","169.83","84.64"
"29/07/2023 09:00:00 - 29/07/2023 10:00:00","BZN|DK1","354.08","182.33","98.42","63.87"
"29/07/2023 10:00:00 - 29/07/2023 11:00:00","BZN|DK1","417.71","199.63","89.00","55.26"
"29/07/2023 11:00:00 - 29/07/2023 12:00:00","BZN|DK1","429.96","269.29","90.04","54.87"
"29/07/2023 12:00:00 - 29/07/2023 13:00:00","BZN|DK1","459.04","301.67","99.29","55.79"
"29/07/2023 13:00:00 - 29/07/2023 14:00:00","BZN|DK1","400.96","312.00","111.75","137.74"
"29/07/2023 14:00:00 - 29/07/2023 15:00:00","BZN|DK1","455.71","394.63","237.38","216.69"
"29/07/2023 15:00:00 - 29/07/2023 16:00:00","BZN|DK1","490.13","328.46","198.17","225.49"
"29/07/2023 16:00:00 - 29/07/2023 17:00:00","BZN|DK1","521.29","286.08","217.21","135.31"
"29/07/2023 17:00:00 - 29/07/2023 18:00:00","BZN|DK1","540.67","484.50","263.75","216.70"
"29/07/2023 18:00:00 - 29/07/2023 19:00:00","BZN|DK1","483.88","563.58","355.75","382.93"
"29/07/2023 19:00:00 - 29/07/2023 20:00:00","BZN|DK1","510.75","534.50","474.58","391.64"
"29/07/2023 20:00:00 - 29/07/2023 21:00:00","BZN|DK1","500.63","507.08","328.75","301.40"
"29/07/2023 21:00:00 - 29/07/2023 22:00:00","BZN|DK1","515.08","491.38","320.67","395.15"
"29/07/2023 22:00:00 - 29/07/2023 23:00:00","BZN|DK1","523.54","490.75","429.96","547.98"
"29/07/2023 23:00:00 - 30/07/2023 00:00:00","BZN|DK1","489.79","541.46","572.58","447.81"
"30/07/2023 00:00:00 - 30/07/2023 01:00:00","BZN|DK1","447.75","N/A","381.04","395.83"
"30/07/2023 01:00:00 - 30/07/2023 02:00:00","BZN|DK1","510.54","N/A","433.33","346.15"
"30/07/2023 02:00:00 - 30/07/2023 03:00:00","BZN|DK1","498.88","N/A","340.71","404.95"
"30/07/2023 03:00:00 - 30/07/2023 04:00:00","BZN|DK1","477.79","N/A","401.58","419.18"
"30/07/2023 04:00:00 - 30/07/2023 05:00:00","BZN|DK1","482.21","N/A","407.00","398.83"
"30/07/2023 05:00:00 - 30/07/2023 06:00:00","BZN|DK1","459.63","N/A","382.54","313.84"
"30/07/2023 06:00:00 - 30/07/2023 07:00:00","BZN|DK1","438.79","N/A","248.88","239.43"
"30/07/2023 07:00:00 - 30/07/2023 08:00:00","BZN|DK1","378.92","N/A","196.38","169.25"
"30/07/2023 08:00:00 - 30/07/2023 09:00:00","BZN|DK1","414.88","203.63","198.83","224.64"
"30/07/2023 09:00:00 - 30/07/2023 10:00:00","BZN|DK1","377.83","290.42","282.21","263.59"
"30/07/2023 10:00:00 - 30/07/2023 11:00:00","BZN|DK1","251.58","344.13","306.33","346.14"
"30/07/2023 11:00:00 - 30/07/2023 12:00:00","BZN|DK1","171.38","328.50","360.04","438.87"
"30/07/2023 12:00:00 - 30/07/2023 13:00:00","BZN|DK1","268.42","387.63","554.83","176.16"
"30/07/2023 13:00:00 - 30/07/2023 14:00:00","BZN|DK1","359.38","490.75","181.17","167.59"
"30/07/2023 14:00:00 - 30/07/2023 15:00:00","BZN|DK1","506.54","583.13","209.25","162.36"
"30/07/2023 15:00:00 - 30/07/2023 16:00:00","BZN|DK1","595.04","587.13","160.88","208.05"
"30/07/2023 16:00:00 - 30/07/2023 17:00:00","BZN|DK1","646.21","599.88","213.38","404.52"
"30/07/2023 17:00:00 - 30/07/2023 18:00:00","BZN|DK1","722.92","715.96","583.71","497.83"
"30/07/2023 18:00:00 - 30/07/2023 19:00:00","BZN|DK1","634.67","796.13","514.00","665.98"
"30/07/2023 19:00:00 - 30/07/2023 20:00:00","BZN|DK1","623.21","772.17","648.38","490.45"
"30/07/2023 20:00:00 - 30/07/2023 21:00:00","BZN|DK1","712.67","742.08","511.08","720.09"
"30/07/2023 21:00:00 - 30/07/2023 22:00:00","BZN|DK1","734.42","711.79","716.58","650.77"
"30/07/2023 22:00:00 - 30/07/2023 23:00:00","BZN|DK1","708.38","712.33","636.42","619.58"
"30/07/2023 23:00:00 - 31/07/2023 00:00:00","BZN|DK1","677.50","723.38","696.75","877.61"
"31/07/2023 00:00:00 - 31/07/2023 01:00:00","BZN|DK1","699.42","N/A","874.04","911.72"
"31/07/2023 01:00:00 - 31/07/2023 02:00:00","BZN|DK1","760.79","N/A","869.75","864.63"
"31/07/2023 02:00:00 - 31/07/2023 03:00:00","BZN|DK1","730.25","N/A","816.42","869.69"
"31/07/2023 03:00:00 - 31/07/2023 04:00:00","BZN|DK1","687.50","N/A","821.79","814.11"
"31/07/2023 04:00:00 - 31/07/2023 05:00:00","BZN|DK1","682.00","N/A","791.42","876.64"
"31/07/2023 05:00:00 - 31/07/2023 06:00:00","BZN|DK1","662.63","N/A","788.13","897.16"
"31/07/2023 06:00:00 - 31/07/2023 07:00:00","BZN|DK1","636.71","N/A","820.63","865.37"
"31/07/2023 07:00:00 - 31/07/2023 08:00:00","BZN|DK1","573.13","N/A","795.25","827.30"
"31/07/2023 08:00:00 - 31/07/2023 09:00:00","BZN|DK1","628.58","714.38","720.67","669.90"
"31/07/2023 09:00:00 - 31/07/2023 10:00:00","BZN|DK1","585.38","654.96","548.58","546.94"
"31/07/2023 10:00:00 - 31/07/2023 11:00:00","BZN|DK1","441.29","511.13","432.96","377.14"
"31/07/2023 11:00:00 - 31/07/2023 12:00:00","BZN|DK1","278.29","355.75","242.21","240.91"
"31/07/2023 12:00:00 - 31/07/2023 13:00:00","BZN|DK1","227.79","296.92","204.50","228.99"
"31/07/2023 13:00:00 - 31/07/2023 14:00:00","BZN|DK1","205.50","199.04","93.21","113.54"
"31/07/2023 14:00:00 - 31/07/2023 15:00:00","BZN|DK1","177.13","147.46","95.83","73.31"
"31/07/2023 15:00:00 - 31/07/2023 16:00:00","BZN|DK1","146.04","113.92","35.46","115.44"
"31/07/2023 16:00:00 - 31/07/2023 17:00:00","BZN|DK1","91.33","83.63","77.38","41.08"
"31/07/2023 17:00:00 - 31/07/2023 18:00:00","BZN|DK1","100.33","55.29","1.42","27.31"
"31/07/2023 18:00:00 - 31/07/2023 19:00:00","BZN|DK1","87.21","25.71","17.25","17.57"
"31/07/2023 19:00:00 - 31/07/2023 20:00:00","BZN|DK1","83.50","16.79","5.42","20.89"
"31/07/2023 20:00:00 - 31/07/2023 21:00:00","BZN|DK1","49.88","18.58","0.75","17.36"
"31/07/2023 21:00:00 - 31/07/2023 22:00:00","BZN|DK1","34.83","33.83","25.83","33.31"
"31/07/2023 22:00:00 - 31/07/2023 23:00:00","BZN|DK1","60.42","66.88","65.75","58.64"
"31/07/2023 23:00:00 - 01/08/2023 00:00:00","BZN|DK1","138.79","94.83","121.58","105.79"
"01/08/2023 00:00:00 - 01/08/2023 01:00:00","BZN|DK1","208.04","N/A","192.67","205.08"
"01/08/2023 01:00:00 - 01/08/2023 02:00:00","BZN|DK1","252.08","N/A","257.46","251.30"
"01/08/2023 02:00:00 - 01/08/2023 03:00:00","BZN|DK1","239.67","N/A","202.96","180.02"
"01/08/2023 03:00:00 - 01/08/2023 04:00:00","BZN|DK1","227.17","N/A","110.42","127.34"
"01/08/2023 04:00:00 - 01/08/2023 05:00:00","BZN|DK1","183.33","N/A","74.75","82.59"
"01/08/2023 05:00:00 - 01/08/2023 06:00:00","BZN|DK1","172.29","N/A","80.46","112.46"
"01/08/2023 06:00:00 - 01/08/2023 07:00:00","BZN|DK1","239.67","N/A","113.75","166.11"
"01/08/2023 07:00:00 - 01/08/2023 08:00:00","BZN|DK1","265.17","N/A","133.17","144.58"
"01/08/2023 08:00:00 - 01/08/2023 09:00:00","BZN|DK1","408.50","135.54","132.42","104.58"
"01/08/2023 09:00:00 - 01/08/2023 10:00:00","BZN|DK1","393.33","170.08","94.75","165.36"
"01/08/2023 10:00:00 - 01/08/2023 11:00:00","BZN|DK1","329.50","170.13","137.58","140.80"
"01/08/2023 11:00:00 - 01/08/2023 12:00:00","BZN|DK1","242.50","101.04","89.67","76.25"
"01/08/2023 12:00:00 - 01/08/2023 13:00:00","BZN|DK1","177.08","125.13","50.13","56.70"
"01/08/2023 13:00:00 - 01/08/2023 14:00:00","BZN|DK1","171.00","116.46","61.88","49.97"
"01/08/2023 14:00:00 - 01/08/2023 15:00:00","BZN|DK1","158.92","201.63","51.96","68.62"
"01/08/2023 15:00:00 - 01/08/2023 16:00:00","BZN|DK1","123.67","142.46","36.38","86.69"
"01/08/2023 16:00:00 - 01/08/2023 17:00:00","BZN|DK1","174.08","65.42","67.00","90.87"
"01/08/2023 17:00:00 - 01/08/2023 18:00:00","BZN|DK1","269.21","73.13","82.67","177.98"
"01/08/2023 18:00:00 - 01/08/2023 19:00:00","BZN|DK1","313.75","213.71","234.79","211.67"
"01/08/2023 19:00:00 - 01/08/2023 20:00:00","BZN|DK1","363.58","327.96","293.96","250.68"
"01/08/2023 20:00:00 - 01/08/2023 21:00:00","BZN|DK1","415.67","323.08","313.25","311.69"
"01/08/2023 21:00:00 - 01/08/2023 22:00:00","BZN|DK1","449.42","284.42","339.79","271.26"
"01/08/2023 22:00:00 - 01/08/2023 23:00:00","BZN|DK1","421.63","313.21","219.17","189.79"
"01/08/2023 23:00:00 - 02/08/2023 00:00:00","BZN|DK1","314.42","334.71","186.42","142.26"
"02/08/2023 00:00:00 - 02/08/2023 01:00:00","BZN|DK1","332.33","N/A","78.33","91.69"
"02/08/2023 01:00:00 - 02/08/2023 02:00:00","BZN|DK1","287.83","N/A","112.08","85.14"
"02/08/2023 02:00:00 - 02/08/2023 03:00:00","BZN|DK1","279.50","N/A","114.25","82.87"
"02/08/2023 03:00:00 - 02/08/2023 04:00:00","BZN|DK1","247.88","N/A","69.08","78.96"
"02/08/2023 04:00:00 - 02/08/2023 05:00:00","BZN|DK1","278.04","N/A","107.92","100.17"
"02/08/2023 05:00:00 - 02/08/2023 06:00:00","BZN|DK1","263.04","N/A","77.13","41.19"
"02/08/2023 06:00:00 - 02/08/2023 07:00:00","BZN|DK1","191.58","N/A","30.46","64.87"
"02/08/2023 07:00:00 - 02/08/2023 08:00:00","BZN|DK1","141.58","N/A","52.33","52.11"
"02/08/2023 08:00:00 - 02/08/2023 09:00:00","BZN|DK1","133.42","58.29","53.88","41.24"
"02/08/2023 09:00:00 - 02/08/2023 10:00:00","BZN|DK1","127.38","52.33","17.17","31.21"
"02/08/2023 10:00:00 - 02/08/2023 11:00:00","BZN|DK1","98.33","52.71","13.67","14.29"
"02/08/2023 11:00:00 - 02/08/2023 12:00:00","BZN|DK1","106.88","87.17","29.54","11.68"
"02/08/2023 12:00:00 - 02/08/2023 13:00:00","BZN|DK1","192.42","143.79","74.42","25.12"
"02/08/2023 13:00:00 - 02/08/2023 14:00:00","BZN|DK1","254.29","210.83","74.17","52.00"
"02/08/2023 14:00:00 - 02/08/2023 15:00:00","BZN|DK1","419.54","256.67","190.17","88.58"
"02/08/2023 15:00:00 - 02/08/2023 16:00:00","BZN|DK1","466.13","302.63","128.21","156.87"
"02/08/2023 16:00:00 - 02/08/2023 17:00:00","BZN|DK1","503.75","338.58","189.92","207.32"
"02/08/2023 17:00:00 - 02/08/2023 18:00:00","BZN|DK1","557.71","380.71","348.79","400.07"
"02/08/2023 18:00:00 - 02/08/2023 19:00:00","BZN|DK1","526.21","410.58","526.96","402.37"
"02/08/2023 19:00:00 - 02/08/2023 20:00:00","BZN|DK1","525.21","505.08","358.42","408.17"
"02/08/2023 20:00:00 - 02/08/2023 21:00:00","BZN|DK1","536.71","533.79","504.17","593.42"
"02/08/2023 21:00:00 - 02/08/2023 22:00:00","BZN|DK1","488.88","486.63","671.54","616.02"
"02/08/2023 22:00:00 - 02/08/2023 23:00:00","BZN|DK1","486.13","463.58","641.38","670.50"
"02/08/2023 23:00:00 - 03/08/2023 00:00:00","BZN|DK1","484.25","393.63","584.96","741.39"
"03/08/2023 00:00:00 - 03/08/2023 01:00:00","BZN|DK1","505.46","N/A","588.63","693.36"
"03/08/2023 01:00:00 - 03/08/2023 02:00:00","BZN|DK1","414.67","N/A","563.50","604.26"
"03/08/2023 02:00:00 - 03/08/2023 03:00:00","BZN|DK1","298.96","N/A","460.96","410.37"
"03/08/2023 03:00:00 - 03/08/2023 04:00:00","BZN|DK1","255.13","N/A","331.17","336.24"
"03/08/2023 04:00:00 - 03/08/2023 05:00:00","BZN|DK1","241.75","N/A","303.71","349.95"
"03/08/2023 05:00:00 - 03/08/2023 06:00:00","BZN|DK1","261.08","N/A","291.29","338.09"
"03/08/2023 06:00:00 - 03/08/2023 07:00:00","BZN|DK1","215.46","N/A","290.29","286.61"
"03/08/2023 07:00:00 - 03/08/2023 08:00:00","BZN|DK1","135.67","N/A","278.42","298.31"
"03/08/2023 08:00:00 - 03/08/2023 09:00:00","BZN|DK1","174.38","244.71","251.50","272.82"
"03/08/2023 09:00:00 - 03/08/2023 10:00:00","BZN|DK1","353.54","222.92","255.54","266.30"
"03/08/2023 10:00:00 - 03/08/2023 11:00:00","BZN|DK1","473.92","329.58","239.75","328.73"
"03/08/2023 11:00:00 - 03/08/2023 12:00:00","BZN|DK1","440.58","452.79","387.88","501.96"
"03/08/2023 12:00:00 - 03/08/2023 13:00:00","BZN|DK1","415.13","405.79","493.54","454.64"
"03/08/2023 13:00:00 - 03/08/2023 14:00:00","BZN|DK1","361.46","439.17","395.38","443.05"
"03/08/2023 14:00:00 - 03/08/2023 15:00:00","BZN|DK1","351.21","574.71","557.67","575.91"
"03/08/2023 15:00:00 - 03/08/2023 16:00:00","BZN|DK1","324.38","603.79","524.17","504.61"
"03/08/2023 16:00:00 - 03/08/2023 17:00:00","BZN|DK1","514.25","592.38","603.67","654.82"
"03/08/2023 17:00:00 - 03/08/2023 18:00:00","BZN|DK1","661.67","634.92","665.46","698.96"
"03/08/2023 18:00:00 - 03/08/2023 19:00:00","BZN|DK1","681.71","689.42","703.42","700.54"
"03/08/2023 19:00:00 - 03/08/2023 20:00:00","BZN|DK1","717.21","725.92","659.42","644.81"
"03/08/2023 20:00:00 - 03/08/2023 21:00:00","BZN|DK1","783.08","692.96","607.17","680.04"
"03/08/2023 21:00:00 - 03/08/2023 22:00:00","BZN|DK1","767.88","607.00","658.79","688.72"
"03/08/2023 22:00:00 - 03/08/2023 23:00:00","BZN|DK1","740.71","617.04","697.88","624.22"
"03/08/2023 23:00:00 - 04/08/2023 00:00:00","BZN|DK1","692.54","663.08","589.08","692.51"
"04/08/2023 00:00:00 - 04/08/2023 01:00:00","BZN|DK1","700.79","N/A","663.17","727.78"
"04/08/2023 01:00:00 - 04/08/2023 02:00:00","BZN|DK1","764.21","N/A","776.21","822.52"
"04/08/2023 02:00:00 - 04/08/2023 03:00:00","BZN|DK1","834.29","N/A","822.67","903.12"
"04/08/2023 03:00:00 - 04/08/2023 04:00:00","BZN|DK1","811.46","N/A","818.79","878.60"
"04/08/2023 04:00:00 - 04/08/2023 05:00:00","BZN|DK1","740.75","N/A","785.96","824.01"
"04/08/2023 05:00:00 - 04/08/2023 06:00:00","BZN|DK1","734.96","N/A","748.25","905.00"
"04/08/2023 06:00:00 - 04/08/2023 07:00:00","BZN|DK1","773.75","N/A","871.83","769.87"
"04/08/2023 07:00:00 - 04/08/2023 08:00:00","BZN|DK1","731.75","N/A","700.46","710.72"
"04/08/2023 08:00:00 - 04/08/2023 09:00:00","BZN|DK1","794.08","665.08","655.75","850.09"
"04/08/2023 09:00:00 - 04/08/2023 10:00:00","BZN|DK1","800.71","699.63","877.13","905.37"
"04/08/2023 10:00:00 - 04/08/2023 11:00:00","BZN|DK1","787.79","752.54","868.38","877.65"
"04/08/2023 11:00:00 - 04/08/2023 12:00:00","BZN|DK1","745.83","732.33","762.50","904.93"
"04/08/2023 12:00:00 - 04/08/2023 13:00:00","BZN|DK1","720.42","722.71","855.54","939.52"
"04/08/2023 13:00:00 - 04/08/2023 14:00:00","BZN|DK1","679.08","667.79","813.08","834.56"
"04/08/2023 14:00:00 - 04/08/2023 15:00:00","BZN|DK1","734.38","734.29","805.92","875.92"
"04/08/2023 15:00:00 - 04/08/2023 16:00:00","BZN|DK1","753.33","738.67","823.29","925.30"
"04/08/2023 16:00:00 - 04/08/2023 17:00:00","BZN|DK1","805.42","779.92","923.79","1036.57"
"04/08/2023 17:00:00 - 04/08/2023 18:00:00","BZN|DK1","834.08","809.58","975.29","1093.70"
"04/08/2023 18:00:00 - 04/08/2023 19:00:00","BZN|DK1","828.71","778.25","1002.17","1072.02"
"04/08/2023 19:00:00 - 04/08/2023 20:00:00","BZN|DK1","853.25","780.00","964.63","983.56"
"04/08/2023 20:00:00 - 04/08/2023 21:00:00","BZN|DK1","863.46","763.88","890.96","943.22"
"04/08/2023 21:00:00 - 04/08/2023 22:00:00","BZN|DK1","820.46","719.17","771.54","811.73"
"04/08/2023 22:00:00 - 04/08/2023 23:00:00","BZN|DK1","766.33","709.21","743.13","778.60"
"04/08/2023 23:00:00 - 05/08/2023 00:00:00","BZN|DK1","694.79","703.25","737.38","822.37"
"05/08/2023 00:00:00 - 05/08/2023 01:00:00","BZN|DK1","731.08","N/A","732.88","764.26"
"05/08/2023 01:00:00 - 05/08/2023 02:00:00","BZN|DK1","717.25","N/A","622.54","695.57"
"05/08/2023 02:00:00 - 05/08/2023 03:00:00","BZN|DK1","705.08","N/A","583.54","598.65"
"05/08/2023 03:00:00 - 05/08/2023 04:00:00","BZN|DK1","628.79","N/A","538.83","563.06"
"05/08/2023 04:00:00 - 05/08/2023 05:00:00","BZN|DK1","532.71","N/A","496.08","538.43"
"05/08/2023 05:00:00 - 05/08/2023 06:00:00","BZN|DK1","485.58","N/A","465.29","424.11"
"05/08/2023 06:00:00 - 05/08/2023 07:00:00","BZN|DK1","457.50","N/A","387.54","381.32"
"05/08/2023 07:00:00 - 05/08/2023 08:00:00","BZN|DK1","373.54","N/A","345.96","304.50"
"05/08/2023 08:00:00 - 05/08/2023 09:00:00","BZN|DK1","341.46","265.88","280.96","370.51"
"05/08/2023 09:00:00 - 05/08/2023 10:00:00","BZN|DK1","314.42","262.83","315.79","264.04"
"05/08/2023 10:00:00 - 05/08/2023 11:00:00","BZN|DK1","302.08","236.38","177.13","132.71"
"05/08/2023 11:00:00 - 05/08/2023 12:00:00","BZN|DK1","261.50","192.21","79.96","82.29"
"05/08/2023 12:00:00 - 05/08/2023 13:00:00","BZN|DK1","204.83","136.58","49.71","49.90"
"05/08/2023 13:00:00 - 05/08/2023 14:00:00","BZN|DK1","172.88","141.79","87.71","46.05"
"05/08/2023 14:00:00 - 05/08/2023 15:00:00","BZN|DK1","175.25","146.38","27.38","84.74"
"05/08/2023 15:00:00 - 05/08/2023 16:00:00","BZN|DK1","134.46","92.25","77.63","110.10"
"05/08/2023 16:00:00 - 05/08/2023 17:00:00","BZN|DK1","92.13","46.25","98.17","98.53"
"05/08/2023 17:00:00 - 05/08/2023 18:00:00","BZN|DK1","54.25","38.13","72.54","86.24"
"05/08/2023 18:00:00 - 05/08/2023 19:00:00","BZN|DK1","29.79","30.75","62.08","57.71"
"05/08/2023 19:00:00 - 05/08/2023 20:00:00","BZN|DK1","14.04","60.21","42.21","33.80"
"05/08/2023 20:00:00 - 05/08/2023 21:00:00","BZN|DK1","45.17","118.25","70.04","63.29"
"05/08/2023 21:00:00 - 05/08/2023 22:00:00","BZN|DK1","110.75","168.63","162.92","107.23"
"05/08/2023 22:00:00 - 05/08/2023 23:00:00","BZN|DK1","205.96","243.13","199.54","225.01"
"05/08/2023 23:00:00 - 06/08/2023 00:00:00","BZN|DK1","298.63","341.29","353.42","404.18"
"06/08/2023 00:00:00 - 06/08/2023 01:00:00","BZN|DK1","462.88","N/A","443.63","575.06"
"06/08/2023 01:00:00 - 06/08/2023 02:00:00","BZN|DK1","501.42","N/A","549.71","565.41"
"06/08/2023 02:00:00 - 06/08/2023 03:00:00","BZN|DK1","502.58","N/A","514.71","511.56"
"06/08/2023 03:00:00 - 06/08/2023 04:00:00","BZN|DK1","438.63","N/A","415.88","433.26"
"06/08/2023 04:00:00 - 06/08/2023 05:00:00","BZN|DK1","402.04","N/A","386.08","317.86"
"06/08/2023 05:00:00 - 06/08/2023 06:00:00","BZN|DK1","415.08","N/A","255.54","255.21"
"06/08/2023 06:00:00 - 06/08/2023 07:00:00","BZN|DK1","447.75","N/A","329.50","293.51"
"06/08/2023 07:00:00 - 06/08/2023 08:00:00","BZN|DK1","386.88","N/A","173.75","237.30"
"06/08/2023 08:00:00 - 06/08/2023 09:00:00","BZN|DK1","400.38","271.96","269.13","210.59"
"06/08/2023 09:00:00 - 06/08/2023 10:00:00","BZN|DK1","353.96","243.25","217.50","191.32"
"06/08/2023 10:00:00 - 06/08/2023 11:00:00","BZN|DK1","296.63","192.33","175.33","155.96"
"06/08/2023 11:00:00 - 06/08/2023 12:00:00","BZN|DK1","226.67","184.42","140.75","129.67"
"06/08/2023 12:00:00 - 06/08/2023 13:00:00","BZN|DK1","204.79","181.67","129.67","89.76"
"06/08/2023 13:00:00 - 06/08/2023 14:00:00","BZN|DK1","231.33","256.54","119.71","89.35"
"06/08/2023 14:00:00 - 06/08/2023 15:00:00","BZN|DK1","244.92","314.29","154.08","123.59"
"06/08/2023 15:00:00 - 06/08/2023 16:00:00","BZN|DK1","335.67","376.21","206.21","181.62"
"06/08/2023 16:00:00 - 06/08/2023 17:00:00","BZN|DK1","455.71","476.29","219.50","322.25"
"06/08/2023 17:00:00 - 06/08/2023 18:00:00","BZN|DK1","513.75","527.92","405.88","498.28"
"06/08/2023 18:00:00 - 06/08/2023 19:00:00","BZN|DK1","589.08","503.00","509.38","612.82"
"06/08/2023 19:00:00 - 06/08/2023 20:00:00","BZN|DK1","697.17","577.38","738.38","644.30"
"06/08/2023 20:00:00 - 06/08/2023 21:00:00","BZN|DK1","825.08","643.67","700.21","558.31"
"06/08/2023 21:00:00 - 06/08/2023 22:00:00","BZN|DK1","818.08","702.17","681.42","681.89"
"06/08/2023 22:00:00 - 06/08/2023 23:00:00","BZN|DK1","823.46","802.00","758.71","765.75"
"06/08/2023 23:00:00 - 07/08/2023 00:00:00","BZN|DK1","845.21","846.08","800.46","866.83"
"07/08/2023 00:00:00 - 07/08/2023 01:00:00","BZN|DK1","985.42","N/A","890.54","1065.72"
"07/08/2023 01:00:00 - 07/08/2023 02:00:00","BZN|DK1","1025.79","N/A","1032.21","1077.81"
"07/08/2023 02:00:00 - 07/08/2023 03:00:00","BZN|DK1","1043.08","N/A","1038.67","1102.96"
"07/08/2023 03:00:00 - 07/08/2023 04:00:00","BZN|DK1","1022.21","N/A","988.96","1069.69"
"07/08/2023 04:00:00 - 07/08/2023 05:00:00","BZN|DK1","999.71","N/A","1017.54","1108.71"
"07/08/2023 05:00:00 - 07/08/2023 06:00:00","BZN|DK1","985.13","N/A","994.25","1055.50"
"07/08/2023 06:00:00 - 07/08/2023 07:00:00","BZN|DK1","1022.75","N/A","1016.08","1045.29"
"07/08/2023 07:00:00 - 07/08/2023 08:00:00","BZN|DK1","930.00","N/A","890.33","1049.10"
"07/08/2023 08:00:00 - 07/08/2023 09:00:00","BZN|DK1","972.25","988.79","998.92","1091.88"
"07/08/2023 09:00:00 - 07/08/2023 10:00:00","BZN|DK1","1010.83","1024.50","999.33","1136.05"
"07/08/2023 10:00:00 - 07/08/2023 11:00:00","BZN|DK1","1022.67","1023.79","1051.38","1098.30"
"07/08/2023 11:00:00 - 07/08/2023 12:00:00","BZN|DK1","1023.21","1003.42","982.08","930.44"
"07/08/2023 12:00:00 - 07/08/2023 13:00:00","BZN|DK1","981.50","981.96","832.04","589.31"
"07/08/2023 13:00:00 - 07/08/2023 14:00:00","BZN|DK1","928.08","929.71","563.00","582.56"
"07/08/2023 14:00:00 - 07/08/2023 15:00:00","BZN|DK1","967.58","953.67","607.42","193.25"
"07/08/2023 15:00:00 - 07/08/2023 16:00:00","BZN|DK1","968.88","963.71","213.04","200.95"
"07/08/2023 16:00:00 - 07/08/2023 17:00:00","BZN|DK1","1020.04","1020.96","341.21","231.25"
"07/08/2023 17:00:00 - 07/08/2023 18:00:00","BZN|DK1","1050.04","1041.21","329.71","658.27"
"07/08/2023 18:00:00 - 07/08/2023 19:00:00","BZN|DK1","1032.21","1044.04","671.58","1045.63"
"07/08/2023 19:00:00 - 07/08/2023 20:00:00","BZN|DK1","1042.54","1072.96","1022.17","1035.87"
"07/08/2023 20:00:00 - 07/08/2023 21:00:00","BZN|DK1","1055.54","1071.08","1016.33","1098.18"
"07/08/2023 21:00:00 - 07/08/2023 22:00:00","BZN|DK1","1006.08","1021.42","1041.75","1013.70"
"07/08/2023 22:00:00 - 07/08/2023 23:00:00","BZN|DK1","1000.88","1027.29","980.54","998.46"
"07/08/2023 23:00:00 - 08/08/2023 00:00:00","BZN|DK1","998.54","1043.54","1021.46","766.97"
"08/08/2023 00:00:00 - 08/08/2023 01:00:00","BZN|DK1","950.38","N/A","1020.46","241.41"
"08/08/2023 01:00:00 - 08/08/2023 02:00:00","BZN|DK1","981.38","N/A","1016.25","219.86"
"08/08/2023 02:00:00 - 08/08/2023 03:00:00","BZN|DK1","974.50","N/A","1004.46","176.64"
"08/08/2023 03:00:00 - 08/08/2023 04:00:00","BZN|DK1","913.33","N/A","959.96","165.20"
"08/08/2023 04:00:00 - 08/08/2023 05:00:00","BZN|DK1","877.21","N/A","950.13","236.79"
"08/08/2023 05:00:00 - 08/08/2023 06:00:00","BZN|DK1","885.25","N/A","913.25","651.47"
"08/08/2023 06:00:00 - 08/08/2023 07:00:00","BZN|DK1","895.54","N/A","945.38","650.59"
"08/08/2023 07:00:00 - 08/08/2023 08:00:00","BZN|DK1","716.17","N/A","869.96","686.36"
"08/08/2023 08:00:00 - 08/08/2023 09:00:00","BZN|DK1","755.83","712.71","682.17","660.66"
"08/08/2023 09:00:00 - 08/08/2023 10:00:00","BZN|DK1","808.63","793.13","647.46","362.65"
"08/08/2023 10:00:00 - 08/08/2023 11:00:00","BZN|DK1","797.79","776.08","330.29","230.41"
"08/08/2023 11:00:00 - 08/08/2023 12:00:00","BZN|DK1","782.00","742.38","311.04","203.86"
"08/08/2023 12:00:00 - 08/08/2023 13:00:00","BZN|DK1","802.83","821.67","245.00","228.29"
"08/08/2023 13:00:00 - 08/08/2023 14:00:00","BZN|DK1","798.29","792.79","253.17","158.91"
"08/08/2023 14:00:00 - 08/08/2023 15:00:00","BZN|DK1","839.92","843.71","219.00","220.82"
"08/08/2023 15:00:00 - 08/08/2023 16:00:00","BZN|DK1","836.63","856.13","238.67","145.66"
"08/08/2023 16:00:00 - 08/08/2023 17:00:00","BZN|DK1","968.04","953.46","290.63","230.05"
"08/08/2023 17:00:00 - 08/08/2023 18:00:00","BZN|DK1","997.50","988.29","323.96","534.64"
"08/08/2023 18:00:00 - 08/08/2023 19:00:00","BZN|DK1","1027.88","1017.63","678.29","747.67"
"08/08/2023 19:00:00 - 08/08/2023 20:00:00","BZN|DK1","1055.08","1067.17","764.75","777.84"
"08/08/2023 20:00:00 - 08/08/2023 21:00:00","BZN|DK1","1063.88","1069.79","795.54","778.12"
"08/08/2023 21:00:00 - 08/08/2023 22:00:00","BZN|DK1","1011.83","1027.79","745.21","755.55"
"08/08/2023 22:00:00 - 08/08/2023 23:00:00","BZN|DK1","1017.83","1039.79","748.38","707.20"
"08/08/2023 23:00:00 - 09/08/2023 00:00:00","BZN|DK1","1019.96","1051.46","702.46","741.21"
"09/08/2023 00:00:00 - 09/08/2023 01:00:00","BZN|DK1","980.38","N/A","721.21","745.99"
"09/08/2023 01:00:00 - 09/08/2023 02:00:00","BZN|DK1","1010.21","N/A","755.71","736.80"
"09/08/2023 02:00:00 - 09/08/2023 03:00:00","BZN|DK1","1027.04","N/A","692.25","710.93"
"09/08/2023 03:00:00 - 09/08/2023 04:00:00","BZN|DK1","991.75","N/A","690.54","720.47"
"09/08/2023 04:00:00 - 09/08/2023 05:00:00","BZN|DK1","991.54","N/A","752.08","786.97"
"09/08/2023 05:00:00 - 09/08/2023 06:00:00","BZN|DK1","988.67","N/A","737.79","757.32"
"09/08/2023 06:00:00 - 09/08/2023 07:00:00","BZN|DK1","1041.33","N/A","787.00","655.49"
"09/08/2023 07:00:00 - 09/08/2023 08:00:00","BZN|DK1","935.17","N/A","588.13","1011.59"
"09/08/2023 08:00:00 - 09/08/2023 09:00:00","BZN|DK1","963.13","1001.67","1002.33","1131.57"
"09/08/2023 09:00:00 - 09/08/2023 10:00:00","BZN|DK1","996.71","1045.04","1071.63","1149.99"
"09/08/2023 10:00:00 - 09/08/2023 11:00:00","BZN|DK1","1004.17","1051.63","1079.79","1150.28"
"09/08/2023 11:00:00 - 09/08/2023 12:00:00","BZN|DK1","1000.17","1020.00","1016.42","1060.30"
"09/08/2023 12:00:00 - 09/08/2023 13:00:00","BZN|DK1","950.79","972.83","951.25","1133.78"
"09/08/2023 13:00:00 - 09/08/2023 14:00:00","BZN|DK1","894.67","921.63","1030.00","1066.33"
"09/08/2023 14:00:00 - 09/08/2023 15:00:00","BZN|DK1","932.29","953.71","998.63","1053.74"
"09/08/2023 15:00:00 - 09/08/2023 16:00:00","BZN|DK1","932.38","958.33","950.96","1123.23"
"09/08/2023 16:00:00 - 09/08/2023 17:00:00","BZN|DK1","968.50","997.25","1081.38","1087.10"
"09/08/2023 17:00:00 - 09/08/2023 18:00:00","BZN|DK1","983.42","1015.67","1050.63","1148.99"
"09/08/2023 18:00:00 - 09/08/2023 19:00:00","BZN|DK1","955.75","1025.75","1052.13","1091.49"
"09/08/2023 19:00:00 - 09/08/2023 20:00:00","BZN|DK1","972.38","1030.50","1062.58","1117.16"
"09/08/2023 20:00:00 - 09/08/2023 21:00:00","BZN|DK1","980.13","996.21","1035.29","1115.30"
"09/08/2023 21:00:00 - 09/08/2023 22:00:00","BZN|DK1","937.54","930.92","1005.83","1143.16"
"09/08/2023 22:00:00 - 09/08/2023 23:00:00","BZN|DK1","920.58","908.00","1049.92","1111.26"
"09/08/2023 23:00:00 - 10/08/2023 00:00:00","BZN|DK1","911.38","911.79","1021.58","1027.85"
"10/08/2023 00:00:00 - 10/08/2023 01:00:00","BZN|DK1","966.00","N/A","867.96","1069.67"
"10/08/2023 01:00:00 - 10/08/2023 02:00:00","BZN|DK1","937.88","N/A","986.25","1062.91"
"10/08/2023 02:00:00 - 10/08/2023 03:00:00","BZN|DK1","931.75","N/A","989.58","1019.33"
"10/08/2023 03:00:00 - 10/08/2023 04:00:00","BZN|DK1","897.04","N/A","919.25","1040.08"
"10/08/2023 04:00:00 - 10/08/2023 05:00:00","BZN|DK1","887.17","N/A","961.71","1101.07"
"10/08/2023 05:00:00 - 10/08/2023 06:00:00","BZN|DK1","835.21","N/A","994.04","1102.45"
"10/08/2023 06:00:00 - 10/08/2023 07:00:00","BZN|DK1","861.75","N/A","1051.33","1109.05"
"10/08/2023 07:00:00 - 10/08/2023 08:00:00","BZN|DK1","798.50","N/A","926.54","1041.52"
"10/08/2023 08:00:00 - 10/08/2023 09:00:00","BZN|DK1","820.63","963.04","973.38","1011.89"
"10/08/2023 09:00:00 - 10/08/2023 10:00:00","BZN|DK1","828.71","931.79","924.42","913.38"
"10/08/2023 10:00:00 - 10/08/2023 11:00:00","BZN|DK1","783.17","912.58","850.04","910.82"
"10/08/2023 11:00:00 - 10/08/2023 12:00:00","BZN|DK1","734.79","863.42","828.71","928.30"
"10/08/2023 12:00:00 - 10/08/2023 13:00:00","BZN|DK1","726.42","762.92","798.83","863.53"
"10/08/2023 13:00:00 - 10/08/2023 14:00:00","BZN|DK1","701.21","680.17","750.08","788.05"
"10/08/2023 14:00:00 - 10/08/2023 15:00:00","BZN|DK1","731.17","694.38","679.50","685.81"
"10/08/2023 15:00:00 - 10/08/2023 16:00:00","BZN|DK1","720.79","626.29","566.17","605.11"
"10/08/2023 16:00:00 - 10/08/2023 17:00:00","BZN|DK1","709.75","611.13","560.79","633.92"
"10/08/2023 17:00:00 - 10/08/2023 18:00:00","BZN|DK1","663.33","578.38","625.13","601.86"
"10/08/2023 18:00:00 - 10/08/2023 19:00:00","BZN|DK1","556.17","506.88","531.92","566.14"
"10/08/2023 19:00:00 - 10/08/2023 20:00:00","BZN|DK1","514.83","492.88","507.54","517.93"
"10/08/2023 20:00:00 - 10/08/2023 21:00:00","BZN|DK1","470.33","464.25","481.00","481.41"
"10/08/2023 21:00:00 - 10/08/2023 22:00:00","BZN|DK1","415.29","415.04","412.04","453.57"
"10/08/2023 22:00:00 - 10/08/2023 23:00:00","BZN|DK1","393.25","409.50","441.42","466.30"
"10/08/2023 23:00:00 - 11/08/2023 00:00:00","BZN|DK1","378.13","403.00","369.08","386.89"
"11/08/2023 00:00:00 - 11/08/2023 01:00:00","BZN|DK1","385.71","N/A","337.50","355.18"
"11/08/2023 01:00:00 - 11/08/2023 02:00:00","BZN|DK1","349.83","N/A","306.00","280.32"
"11/08/2023 02:00:00 - 11/08/2023 03:00:00","BZN|DK1","343.21","N/A","269.88","235.22"
"11/08/2023 03:00:00 - 11/08/2023 04:00:00","BZN|DK1","306.54","N/A","215.08","179.01"
"11/08/2023 04:00:00 - 11/08/2023 05:00:00","BZN|DK1","298.33","N/A","150.29","167.49"
"11/08/2023 05:00:00 - 11/08/2023 06:00:00","BZN|DK1","290.63","N/A","163.88","145.06"
"11/08/2023 06:00:00 - 11/08/2023 07:00:00","BZN|DK1","273.21","N/A","118.71","123.84"
"11/08/2023 07:00:00 - 11/08/2023 08:00:00","BZN|DK1","222.33","N/A","76.33","79.85"
"11/08/2023 08:00:00 - 11/08/2023 09:00:00","BZN|DK1","191.17","80.17","71.13","58.90"
"11/08/2023 09:00:00 - 11/08/2023 10:00:00","BZN|DK1","165.46","114.00","100.13","78.70"
"11/08/2023 10:00:00 - 11/08/2023 11:00:00","BZN|DK1","138.50","157.54","108.17","98.38"
"11/08/2023 11:00:00 - 11/08/2023 12:00:00","BZN|DK1","123.96","203.88","114.21","86.88"
"11/08/2023 12:00:00 - 11/08/2023 13:00:00","BZN|DK1","178.29","221.92","164.38","135.76"
"11/08/2023 13:00:00 - 11/08/2023 14:00:00","BZN|DK1","249.50","272.04","181.54","172.23"
"11/08/2023 14:00:00 - 11/08/2023 15:00:00","BZN|DK1","356.50","383.50","338.29","336.18"
"11/08/2023 15:00:00 - 11/08/2023 16:00:00","BZN|DK1","464.75","485.92","391.54","493.42"
"11/08/2023 16:00:00 - 11/08/2023 17:00:00","BZN|DK1","568.33","654.42","624.13","632.39"
"11/08/2023 17:00:00 - 11/08/2023 18:00:00","BZN|DK1","642.79","727.63","683.71","735.26"
"11/08/2023 18:00:00 - 11/08/2023 19:00:00","BZN|DK1","614.63","676.58","705.58","655.85"
"11/08/2023 19:00:00 - 11/08/2023 20:00:00","BZN|DK1","580.29","585.75","514.83","557.33"
"11/08/2023 20:00:00 - 11/08/2023 21:00:00","BZN|DK1","549.42","567.46","438.00","492.61"
"11/08/2023 21:00:00 - 11/08/2023 22:00:00","BZN|DK1","484.79","533.88","435.54","495.17"
"11/08/2023 22:00:00 - 11/08/2023 23:00:00","BZN|DK1","469.21","516.54","474.67","574.24"
"11/08/2023 23:00:00 - 12/08/2023 00:00:00","BZN|DK1","448.42","523.54","530.29","560.33"
"12/08/2023 00:00:00 - 12/08/2023 01:00:00","BZN|DK1","473.58","N/A","461.83","529.71"
"12/08/2023 01:00:00 - 12/08/2023 02:00:00","BZN|DK1","411.92","N/A","454.46","484.16"
"12/08/2023 02:00:00 - 12/08/2023 03:00:00","BZN|DK1","386.33","N/A","407.63","413.34"
"12/08/2023 03:00:00 - 12/08/2023 04:00:00","BZN|DK1","391.71","N/A","406.71","257.32"
"12/08/2023 04:00:00 - 12/08/2023 05:00:00","BZN|DK1","365.21","N/A","213.75","188.77"
"12/08/2023 05:00:00 - 12/08/2023 06:00:00","BZN|DK1","351.88","N/A","165.42","224.26"
"12/08/2023 06:00:00 - 12/08/2023 07:00:00","BZN|DK1","347.58","N/A","250.04","200.48"
"12/08/2023 07:00:00 - 12/08/2023 08:00:00","BZN|DK1","269.88","N/A","103.67","93.92"
"12/08/2023 08:00:00 - 12/08/2023 09:00:00","BZN|DK1","292.63","119.17","122.33","132.83"
"12/08/2023 09:00:00 - 12/08/2023 10:00:00","BZN|DK1","315.67","185.71","171.42","139.34"
"12/08/2023 10:00:00 - 12/08/2023 11:00:00","BZN|DK1","312.46","230.38","182.75","149.35"
"12/08/2023 11:00:00 - 12/08/2023 12:00:00","BZN|DK1","304.46","259.79","194.71","188.69"
"12/08/2023 12:00:00 - 12/08/2023 13:00:00","BZN|DK1","280.83","269.96","193.63","254.91"
"12/08/2023 13:00:00 - 12/08/2023 14:00:00","BZN|DK1","281.29","275.75","231.04","221.39"
"12/08/2023 14:00:00 - 12/08/2023 15:00:00","BZN|DK1","350.88","295.38","233.92","241.69"
"12/08/2023 15:00:00 - 12/08/2023 16:00:00","BZN|DK1","382.38","315.79","148.63","156.83"
"12/08/2023 16:00:00 - 12/08/2023 17:00:00","BZN|DK1","447.13","382.63","188.00","160.88"
"12/08/2023 17:00:00 - 12/08/2023 18:00:00","BZN|DK1","470.21","431.00","151.71","200.57"
"12/08/2023 18:00:00 - 12/08/2023 19:00:00","BZN|DK1","425.83","476.71","259.04","242.19"
"12/08/2023 19:00:00 - 12/08/2023 20:00:00","BZN|DK1","432.13","440.71","243.83","249.06"
"12/08/2023 20:00:00 - 12/08/2023 21:00:00","BZN|DK1","376.42","396.67","343.50","211.42"
"12/08/2023 21:00:00 - 12/08/2023 22:00:00","BZN|DK1","378.75","403.58","275.83","226.48"
"12/08/2023 22:00:00 - 12/08/2023 23:00:00","BZN|DK1","425.08","377.17","222.04","343.77"
"12/08/2023 23:00:00 - 13/08/2023 00:00:00","BZN|DK1","411.17","325.79","246.46","369.87"
"13/08/2023 00:00:00 - 13/08/2023 01:00:00","BZN|DK1","449.67","N/A","375.96","348.23"
"13/08/2023 01:00:00 - 13/08/2023 02:00:00","BZN|DK1","441.29","N/A","410.29","266.41"
"13/08/2023 02:00:00 - 13/08/2023 03:00:00","BZN|DK1","472.17","N/A","421.46","363.13"
"13/08/2023 03:00:00 - 13/08/2023 04:00:00","BZN|DK1","514.38","N/A","446.13","438.29"
"13/08/2023 04:00:00 - 13/08/2023 05:00:00","BZN|DK1","574.04","N/A","474.33","487.34"
"13/08/2023 05:00:00 - 13/08/2023 06:00:00","BZN|DK1","557.29","N/A","472.33","462.55"
"13/08/2023 06:00:00 - 13/08/2023 07:00:00","BZN|DK1","562.42","N/A","473.00","430.84"
"13/08/2023 07:00:00 - 13/08/2023 08:00:00","BZN|DK1","479.92","N/A","407.29","406.01"
"13/08/2023 08:00:00 - 13/08/2023 09:00:00","BZN|DK1","483.08","457.04","442.38","418.53"
"13/08/2023 09:00:00 - 13/08/2023 10:00:00","BZN|DK1","503.88","464.54","422.46","426.60"
"13/08/2023 10:00:00 - 13/08/2023 11:00:00","BZN|DK1","498.63","477.67","401.13","413.10"
"13/08/2023 11:00:00 - 13/08/2023 12:00:00","BZN|DK1","515.17","459.25","428.21","480.62"
"13/08/2023 12:00:00 - 13/08/2023 13:00:00","BZN|DK1","506.42","486.33","448.58","455.71"
"13/08/2023 13:00:00 - 13/08/2023 14:00:00","BZN|DK1","474.58","456.29","419.67","472.93"
"13/08/2023 14:00:00 - 13/08/2023 15:00:00","BZN|DK1","473.38","494.04","448.04","541.69"
"13/08/2023 15:00:00 - 13/08/2023 16:00:00","BZN|DK1","442.00","460.25","492.38","627.90"
"13/08/2023 16:00:00 - 13/08/2023 17:00:00","BZN|DK1","507.00","527.79","597.33","633.25"
"13/08/2023 17:00:00 - 13/08/2023 18:00:00","BZN|DK1","485.17","530.21","592.50","628.97"
"13/08/2023 18:00:00 - 13/08/2023 19:00:00","BZN|DK1","471.58","508.42","594.46","609.88"
"13/08/2023 19:00:00 - 13/08/2023 20:00:00","BZN|DK1","491.83","552.46","580.54","532.63"
"13/08/2023 20:00:00 - 13/08/2023 21:00:00","BZN|DK1","447.58","525.46","435.21","380.79"
"13/08/2023 21:00:00 - 13/08/2023 22:00:00","BZN|DK1","404.13","469.54","366.79","304.15"
"13/08/2023 22:00:00 - 13/08/2023 23:00:00","BZN|DK1","402.42","435.63","271.38","220.92"
"13/08/2023 23:00:00 - 14/08/2023 00:00:00","BZN|DK1","403.58","443.75","256.92","224.55"
"14/08/2023 00:00:00 - 14/08/2023 01:00:00","BZN|DK1","539.58","N/A","280.00","279.94"
"14/08/2023 01:00:00 - 14/08/2023 02:00:00","BZN|DK1","528.42","N/A","321.08","325.38"
"14/08/2023 02:00:00 - 14/08/2023 03:00:00","BZN|DK1","494.50","N/A","340.21","350.28"
"14/08/2023 03:00:00 - 14/08/2023 04:00:00","BZN|DK1","441.63","N/A","313.38","310.41"
"14/08/2023 04:00:00 - 14/08/2023 05:00:00","BZN|DK1","398.33","N/A","297.83","364.48"
"14/08/2023 05:00:00 - 14/08/2023 06:00:00","BZN|DK1","330.50","N/A","348.46","349.52"
"14/08/2023 06:00:00 - 14/08/2023 07:00:00","BZN|DK1","353.75","N/A","354.33","332.90"
"14/08/2023 07:00:00 - 14/08/2023 08:00:00","BZN|DK1","380.46","N/A","266.08","274.61"
"14/08/2023 08:00:00 - 14/08/2023 09:00:00","BZN|DK1","431.83","297.75","292.50","262.93"
"14/08/2023 09:00:00 - 14/08/2023 10:00:00","BZN|DK1","447.67","341.42","289.46","254.57"
"14/08/2023 10:00:00 - 14/08/2023 11:00:00","BZN|DK1","437.33","361.96","253.25","210.70"
"14/08/2023 11:00:00 - 14/08/2023 12:00:00","BZN|DK1","426.79","391.63","236.04","235.59"
"14/08/2023 12:00:00 - 14/08/2023 13:00:00","BZN|DK1","409.04","423.63","257.63","229.59"
"14/08/2023 13:00:00 - 14/08/2023 14:00:00","BZN|DK1","358.42","371.54","191.46","232.41"
"14/08/2023 14:00:00 - 14/08/2023 15:00:00","BZN|DK1","356.58","376.13","240.79","305.18"
"14/08/2023 15:00:00 - 14/08/2023 16:00:00","BZN|DK1","328.46","351.33","276.42","216.97"
"14/08/2023 16:00:00 - 14/08/2023 17:00:00","BZN|DK1","352.71","374.17","193.83","137.34"
"14/08/2023 17:00:00 - 14/08/2023 18:00:00","BZN|DK1","326.33","314.33","121.92","110.43"
"14/08/2023 18:00:00 - 14/08/2023 19:00:00","BZN|DK1","261.63","240.04","101.71","108.64"
"14/08/2023 19:00:00 - 14/08/2023 20:00:00","BZN|DK1","196.17","228.21","78.08","83.03"
"14/08/2023 20:00:00 - 14/08/2023 21:00:00","BZN|DK1","176.04","243.75","82.83","94.40"
"14/08/2023 21:00:00 - 14/08/2023 22:00:00","BZN|DK1","186.83","254.08","103.58","69.96"
"14/08/2023 22:00:00 - 14/08/2023 23:00:00","BZN|DK1","298.42","256.75","123.58","109.57"
"14/08/2023 23:00:00 - 15/08/2023 00:00:00","BZN|DK1","393.50","340.29","159.50","104.02"
"15/08/2023 00:00:00 - 15/08/2023 01:00:00","BZN|DK1","367.42","N/A","170.46","180.59"
"15/08/2023 01:00:00 - 15/08/2023 02:00:00","BZN|DK1","472.67","N/A","291.38","286.75"
"15/08/2023 02:00:00 - 15/08/2023 03:00:00","BZN|DK1","515.38","N/A","335.71","347.94"
"15/08/2023 03:00:00 - 15/08/2023 04:00:00","BZN|DK1","527.92","N/A","375.63","351.72"
"15/08/2023 04:00:00 - 15/08/2023 05:00:00","BZN|DK1","553.04","N/A","397.08","381.18"
"15/08/2023 05:00:00 - 15/08/2023 06:00:00","BZN|DK1","505.96","N/A","395.83","464.36"
"15/08/2023 06:00:00 - 15/08/2023 07:00:00","BZN|DK1","521.96","N/A","526.29","445.33"
"15/08/2023 07:00:00 - 15/08/2023 08:00:00","BZN|DK1","493.25","N/A","401.88","435.30"
"15/08/2023 08:00:00 - 15/08/2023 09:00:00","BZN|DK1","512.50","458.71","454.29","411.58"
"15/08/2023 09:00:00 - 15/08/2023 10:00:00","BZN|DK1","494.71","467.88","353.50","251.29"
"15/08/2023 10:00:00 - 15/08/2023 11:00:00","BZN|DK1","455.33","415.46","225.04","217.49"
"15/08/2023 11:00:00 - 15/08/2023 12:00:00","BZN|DK1","491.29","430.83","284.46","234.61"
"15/08/2023 12:00:00 - 15/08/2023 13:00:00","BZN|DK1","521.83","486.42","253.08","272.71"
"15/08/2023 13:00:00 - 15/08/2023 14:00:00","BZN|DK1","506.46","513.75","338.13","355.14"
"15/08/2023 14:00:00 - 15/08/2023 15:00:00","BZN|DK1","569.25","521.42","385.00","446.56"
"15/08/2023 15:00:00 - 15/08/2023 16:00:00","BZN|DK1","583.17","505.42","406.04","527.25"
"15/08/2023 16:00:00 - 15/08/2023 17:00:00","BZN|DK1","646.08","628.46","686.42","740.81"
"15/08/2023 17:00:00 - 15/08/2023 18:00:00","BZN|DK1","648.83","672.13","818.33","961.55"
"15/08/2023 18:00:00 - 15/08/2023 19:00:00","BZN|DK1","592.38","639.13","907.00","1021.61"
"15/08/2023 19:00:00 - 15/08/2023 20:00:00","BZN|DK1","571.75","612.58","871.96","825.45"
"15/08/2023 20:00:00 - 15/08/2023 21:00:00","BZN|DK1","542.38","611.33","701.13","713.98"
"15/08/2023 21:00:00 - 15/08/2023 22:00:00","BZN|DK1","546.29","664.00","656.29","796.27"
"15/08/2023 22:00:00 - 15/08/2023 23:00:00","BZN|DK1","620.63","716.25","790.92","933.41"
"15/08/2023 23:00:00 - 16/08/2023 00:00:00","BZN|DK1","655.71","701.29","905.63","889.92"
"16/08/2023 00:00:00 - 16/08/2023 01:00:00","BZN|DK1","762.38","N/A","796.29","839.93"
"16/08/2023 01:00:00 - 16/08/2023 02:00:00","BZN|DK1","725.71","N/A","749.71","882.87"
"16/08/2023 02:00:00 - 16/08/2023 03:00:00","BZN|DK1","690.50","N/A","826.75","935.14"
"16/08/2023 03:00:00 - 16/08/2023 04:00:00","BZN|DK1","659.50","N/A","873.75","914.20"
"16/08/2023 04:00:00 - 16/08/2023 05:00:00","BZN|DK1","677.13","N/A","862.13","948.14"
"16/08/2023 05:00:00 - 16/08/2023 06:00:00","BZN|DK1","615.25","N/A","842.13","944.12"
"16/08/2023 06:00:00 - 16/08/2023 07:00:00","BZN|DK1","605.58","N/A","842.25","945.55"
"16/08/2023 07:00:00 - 16/08/2023 08:00:00","BZN|DK1","571.54","N/A","827.50","871.55"
"16/08/2023 08:00:00 - 16/08/2023 09:00:00","BZN|DK1","593.92","757.13","753.00","756.63"
"16/08/2023 09:00:00 - 16/08/2023 10:00:00","BZN|DK1","619.21","689.42","631.42","605.57"
"16/08/2023 10:00:00 - 16/08/2023 11:00:00","BZN|DK1","620.96","638.92","460.46","423.97"
"16/08/2023 11:00:00 - 16/08/2023 12:00:00","BZN|DK1","567.83","541.29","363.13","439.28"
"16/08/2023 12:00:00 - 16/08/2023 13:00:00","BZN|DK1","518.17","517.58","408.50","398.82"
"16/08/2023 13:00:00 - 16/08/2023 14:00:00","BZN|DK1","432.67","443.00","327.88","295.74"
"16/08/2023 14:00:00 - 16/08/2023 15:00:00","BZN|DK1","430.00","394.00","225.38","240.60"
"16/08/2023 15:00:00 - 16/08/2023 16:00:00","BZN|DK1","365.63","321.75","171.17","226.93"
"16/08/2023 16:00:00 - 16/08/2023 17:00:00","BZN|DK1","353.96","332.46","195.17","199.87"
"16/08/2023 17:00:00 - 16/08/2023 18:00:00","BZN|DK1","327.46","337.42","203.42","202.93"
"16/08/2023 18:00:00 - 16/08/2023 19:00:00","BZN|DK1","349.88","344.42","248.67","213.84"
"16/08/2023 19:00:00 - 16/08/2023 20:00:00","BZN|DK1","318.63","375.54","259.83","301.71"
"16/08/2023 20:00:00 - 16/08/2023 21:00:00","BZN|DK1","272.75","356.21","311.33","387.90"
"16/08/2023 21:00:00 - 16/08/2023 22:00:00","BZN|DK1","274.42","323.21","338.58","319.11"
"16/08/2023 22:00:00 - 16/08/2023 23:00:00","BZN|DK1","271.17","287.50","235.25","234.10"
"16/08/2023 23:00:00 - 17/08/2023 00:00:00","BZN|DK1","266.92","263.04","179.04","188.67"
"17/08/2023 00:00:00 - 17/08/2023 01:00:00","BZN|DK1","233.58","N/A","181.83","148.57"
"17/08/2023 01:00:00 - 17/08/2023 02:00:00","BZN|DK1","189.13","N/A","124.25","102.56"
"17/08/2023 02:00:00 - 17/08/2023 03:00:00","BZN|DK1","180.29","N/A","102.00","87.94"
"17/08/2023 03:00:00 - 17/08/2023 04:00:00","BZN|DK1","163.92","N/A","83.92","75.73"
"17/08/2023 04:00:00 - 17/08/2023 05:00:00","BZN|DK1","197.88","N/A","113.46","89.98"
"17/08/2023 05:00:00 - 17/08/2023 06:00:00","BZN|DK1","201.83","N/A","80.25","87.96"
"17/08/2023 06:00:00 - 17/08/2023 07:00:00","BZN|DK1","178.04","N/A","73.13","59.99"
"17/08/2023 07:00:00 - 17/08/2023 08:00:00","BZN|DK1","166.54","N/A","36.13","39.69"
"17/08/2023 08:00:00 - 17/08/2023 09:00:00","BZN|DK1","144.54","37.92","30.29","38.85"
"17/08/2023 09:00:00 - 17/08/2023 10:00:00","BZN|DK1","98.21","51.29","40.50","26.79"
"17/08/2023 10:00:00 - 17/08/2023 11:00:00","BZN|DK1","76.25","58.58","30.25","19.62"
"17/08/2023 11:00:00 - 17/08/2023 12:00:00","BZN|DK1","53.25","46.54","13.00","10.46"
"17/08/2023 12:00:00 - 17/08/2023 13:00:00","BZN|DK1","43.00","36.17","10.54","17.07"
"17/08/2023 13:00:00 - 17/08/2023 14:00:00","BZN|DK1","39.17","46.29","26.63","12.64"
"17/08/2023 14:00:00 - 17/08/2023 15:00:00","BZN|DK1","53.58","63.17","49.83","16.87"
"17/08/2023 15:00:00 - 17/08/2023 16:00:00","BZN|DK1","66.04","109.83","68.33","24.54"
"17/08/2023 16:00:00 - 17/08/2023 17:00:00","BZN|DK1","115.71","169.54","54.25","17.44"
"17/08/2023 17:00:00 - 17/08/2023 18:00:00","BZN|DK1","143.88","191.75","49.08","37.35"
"17/08/2023 18:00:00 - 17/08/2023 19:00:00","BZN|DK1","174.29","203.33","111.42","79.07"
"17/08/2023 19:00:00 - 17/08/2023 20:00:00","BZN|DK1","192.96","243.96","121.21","109.00"
"17/08/2023 20:00:00 - 17/08/2023 21:00:00","BZN|DK1","211.46","284.71","147.38","145.20"
"17/08/2023 21:00:00 - 17/08/2023 22:00:00","BZN|DK1","211.25","317.67","219.88","158.79"
"17/08/2023 22:00:00 - 17/08/2023 23:00:00","BZN|DK1","221.17","303.17","118.79","71.66"
"17/08/2023 23:00:00 - 18/08/2023 00:00:00","BZN|DK1","216.33","271.04","55.50","63.71"
"18/08/2023 00:00:00 - 18/08/2023 01:00:00","BZN|DK1","180.25","N/A","69.13","140.75"
"18/08/2023 01:00:00 - 18/08/2023 02:00:00","BZN|DK1","179.17","N/A","148.17","107.84"
"18/08/2023 02:00:00 - 18/08/2023 03:00:00","BZN|DK1","246.63","N/A","144.17","94.22"
"18/08/2023 03:00:00 - 18/08/2023 04:00:00","BZN|DK1","290.67","N/A","87.96","110.17"
"18/08/2023 04:00:00 - 18/08/2023 05:00:00","BZN|DK1","324.92","N/A","166.00","122.34"
"18/08/2023 05:00:00 - 18/08/2023 06:00:00","BZN|DK1","337.38","N/A","170.88","142.22"
"18/08/2023 06:00:00 - 18/08/2023 07:00:00","BZN|DK1","382.79","N/A","201.58","162.51"
"18/08/2023 07:00:00 - 18/08/2023 08:00:00","BZN|DK1","371.42","N/A","219.13","221.05"
"18/08/2023 08:00:00 - 18/08/2023 09:00:00","BZN|DK1","359.33","278.71","275.67","227.07"
"18/08/2023 09:00:00 - 18/08/2023 10:00:00","BZN|DK1","329.38","322.13","261.54","227.25"
"18/08/2023 10:00:00 - 18/08/2023 11:00:00","BZN|DK1","305.13","331.17","261.63","236.21"
"18/08/2023 11:00:00 - 18/08/2023 12:00:00","BZN|DK1","333.79","335.54","254.96","302.44"
"18/08/2023 12:00:00 - 18/08/2023 13:00:00","BZN|DK1","306.88","367.21","313.88","372.01"
"18/08/2023 13:00:00 - 18/08/2023 14:00:00","BZN|DK1","326.00","368.92","370.50","371.66"
"18/08/2023 14:00:00 - 18/08/2023 15:00:00","BZN|DK1","309.79","355.33","381.25","389.91"
"18/08/2023 15:00:00 - 18/08/2023 16:00:00","BZN|DK1","323.96","318.17","252.54","304.99"
"18/08/2023 16:00:00 - 18/08/2023 17:00:00","BZN|DK1","437.46","396.29","253.38","304.98"
"18/08/2023 17:00:00 - 18/08/2023 18:00:00","BZN|DK1","455.46","421.63","339.88","330.04"
"18/08/2023 18:00:00 - 18/08/2023 19:00:00","BZN|DK1","532.13","455.29","358.17","435.30"
"18/08/2023 19:00:00 - 18/08/2023 20:00:00","BZN|DK1","594.08","528.25","473.79","538.82"
"18/08/2023 20:00:00 - 18/08/2023 21:00:00","BZN|DK1","604.13","534.58","531.00","542.39"
"18/08/2023 21:00:00 - 18/08/2023 22:00:00","BZN|DK1","605.17","572.08","562.58","623.08"
"18/08/2023 22:00:00 - 18/08/2023 23:00:00","BZN|DK1","583.96","639.50","619.92","666.13"
"18/08/2023 23:00:00 - 19/08/2023 00:00:00","BZN|DK1","558.46","675.46","586.29","605.27"
"19/08/2023 00:00:00 - 19/08/2023 01:00:00","BZN|DK1","606.21","N/A","603.21","590.09"
"19/08/2023 01:00:00 - 19/08/2023 02:00:00","BZN|DK1","629.88","N/A","602.21","644.35"
"19/08/2023 02:00:00 - 19/08/2023 03:00:00","BZN|DK1","692.00","N/A","626.83","563.48"
"19/08/2023 03:00:00 - 19/08/2023 04:00:00","BZN|DK1","691.71","N/A","589.38","589.24"
"19/08/2023 04:00:00 - 19/08/2023 05:00:00","BZN|DK1","693.96","N/A","629.88","672.24"
"19/08/2023 05:00:00 - 19/08/2023 06:00:00","BZN|DK1","698.08","N/A","642.21","764.08"
"19/08/2023 06:00:00 - 19/08/2023 07:00:00","BZN|DK1","789.04","N/A","797.54","849.01"
"19/08/2023 07:00:00 - 19/08/2023 08:00:00","BZN|DK1","772.29","N/A","829.50","968.93"
"19/08/2023 08:00:00 - 19/08/2023 09:00:00","BZN|DK1","813.71","977.17","976.83","1005.16"
"19/08/2023 09:00:00 - 19/08/2023 10:00:00","BZN|DK1","799.50","948.13","899.21","946.50"
"19/08/2023 10:00:00 - 19/08/2023 11:00:00","BZN|DK1","782.88","876.04","855.63","894.42"
"19/08/2023 11:00:00 - 19/08/2023 12:00:00","BZN|DK1","790.25","863.79","831.54","901.65"
"19/08/2023 12:00:00 - 19/08/2023 13:00:00","BZN|DK1","735.67","839.79","831.79","855.76"
"19/08/2023 13:00:00 - 19/08/2023 14:00:00","BZN|DK1","655.79","757.00","808.79","942.94"
"19/08/2023 14:00:00 - 19/08/2023 15:00:00","BZN|DK1","690.67","748.58","909.75","1005.64"
"19/08/2023 15:00:00 - 19/08/2023 16:00:00","BZN|DK1","650.71","738.71","897.42","1004.13"
"19/08/2023 16:00:00 - 19/08/2023 17:00:00","BZN|DK1","552.88","821.67","935.21","944.13"
"19/08/2023 17:00:00 - 19/08/2023 18:00:00","BZN|DK1","387.75","692.88","851.79","1002.56"
"19/08/2023 18:00:00 - 19/08/2023 19:00:00","BZN|DK1","395.54","585.04","933.33","1038.19"
"19/08/2023 19:00:00 - 19/08/2023 20:00:00","BZN|DK1","477.38","558.63","908.33","721.88"
"19/08/2023 20:00:00 - 19/08/2023 21:00:00","BZN|DK1","443.38","525.88","595.63","687.16"
"19/08/2023 21:00:00 - 19/08/2023 22:00:00","BZN|DK1","428.13","529.54","653.75","626.69"
"19/08/2023 22:00:00 - 19/08/2023 23:00:00","BZN|DK1","442.75","493.33","524.79","506.17"
"19/08/2023 23:00:00 - 20/08/2023 00:00:00","BZN|DK1","424.92","447.58","398.33","445.30"
"20/08/2023 00:00:00 - 20/08/2023 01:00:00","BZN|DK1","529.13","N/A","413.79","551.83"
"20/08/2023 01:00:00 - 20/08/2023 02:00:00","BZN|DK1","513.50","N/A","497.04","568.21"
"20/08/2023 02:00:00 - 20/08/2023 03:00:00","BZN|DK1","495.25","N/A","538.33","437.88"
"20/08/2023 03:00:00 - 20/08/2023 04:00:00","BZN|DK1","437.38","N/A","329.46","324.29"
"20/08/2023 04:00:00 - 20/08/2023 05:00:00","BZN|DK1","370.83","N/A","230.08","242.75"
"20/08/2023 05:00:00 - 20/08/2023 06:00:00","BZN|DK1","308.63","N/A","243.13","178.54"
"20/08/2023 06:00:00 - 20/08/2023 07:00:00","BZN|DK1","348.50","N/A","145.13","184.86"
"20/08/2023 07:00:00 - 20/08/2023 08:00:00","BZN|DK1","365.71","N/A","199.38","213.46"
"20/08/2023 08:00:00 - 20/08/2023 09:00:00","BZN|DK1","366.46","236.00","230.08","187.30"
"20/08/2023 09:00:00 - 20/08/2023 10:00:00","BZN|DK1","322.96","227.13","152.33","138.86"
"20/08/2023 10:00:00 - 20/08/2023 11:00:00","BZN|DK1","304.88","244.83","141.00","96.13"
"20/08/2023 11:00:00 - 20/08/2023 12:00:00","BZN|DK1","307.33","260.33","97.79","74.41"
"20/08/2023 12:00:00 - 20/08/2023 13:00:00","BZN|DK1","237.58","160.08","47.63","73.45"
"20/08/2023 13:00:00 - 20/08/2023 14:00:00","BZN|DK1","167.29","151.79","79.92","77.61"
"20/08/2023 14:00:00 - 20/08/2023 15:00:00","BZN|DK1","168.83","171.58","83.42","44.32"
"20/08/2023 15:00:00 - 20/08/2023 16:00:00","BZN|DK1","218.88","186.29","37.96","44.03"
"20/08/2023 16:00:00 - 20/08/2023 17:00:00","BZN|DK1","283.83","213.13","123.33","76.36"
"20/08/2023 17:00:00 - 20/08/2023 18:00:00","BZN|DK1","310.33","266.54","107.58","107.45"
"20/08/2023 18:00:00 - 20/08/2023 19:00:00","BZN|DK1","275.17","268.29","126.71","152.56"
"20/08/2023 19:00:00 - 20/08/2023 20:00:00","BZN|DK1","185.96","243.00","184.63","202.99"
"20/08/2023 20:00:00 - 20/08/2023 21:00:00","BZN|DK1","157.54","233.63","210.00","210.09"
"20/08/2023 21:00:00 - 20/08/2023 22:00:00","BZN|DK1","177.33","227.67","250.71","307.08"
"20/08/2023 22:00:00 - 20/08/2023 23:00:00","BZN|DK1","225.67","227.21","321.17","229.37"
"20/08/2023 23:00:00 - 21/08/2023 00:00:00","BZN|DK1","276.33","297.79","194.42","210.09"
"21/08/2023 00:00:00 - 21/08/2023 01:00:00","BZN|DK1","339.71","N/A","213.83","206.18"
"21/08/2023 01:00:00 - 21/08/2023 02:00:00","BZN|DK1","337.96","N/A","200.00","229.75"
"21/08/2023 02:00:00 - 21/08/2023 03:00:00","BZN|DK1","371.92","N/A","259.71","238.01"
"21/08/2023 03:00:00 - 21/08/2023 04:00:00","BZN|DK1","375.25","N/A","253.71","163.80"
"21/08/2023 04:00:00 - 21/08/2023 05:00:00","BZN|DK1","358.29","N/A","140.42","124.56"
"21/08/2023 05:00:00 - 21/08/2023 06:00:00","BZN|DK1","347.42","N/A","137.63","161.54"
"21/08/2023 06:00:00 - 21/08/2023 07:00:00","BZN|DK1","357.46","N/A","157.88","145.98"
"21/08/2023 07:00:00 - 21/08/2023 08:00:00","BZN|DK1","329.00","N/A","163.17","165.18"
"21/08/2023 08:00:00 - 21/08/2023 09:00:00","BZN|DK1","306.96","177.42","171.46","124.56"
"21/08/2023 09:00:00 - 21/08/2023 10:00:00","BZN|DK1","287.33","236.29","149.75","115.93"
"21/08/2023 10:00:00 - 21/08/2023 11:00:00","BZN|DK1","268.42","285.54","182.04","145.21"
"21/08/2023 11:00:00 - 21/08/2023 12:00:00","BZN|DK1","274.96","288.92","162.08","154.64"
"21/08/2023 12:00:00 - 21/08/2023 13:00:00","BZN|DK1","249.58","279.00","180.17","178.06"
"21/08/2023 13:00:00 - 21/08/2023 14:00:00","BZN|DK1","251.25","270.67","180.92","202.59"
"21/08/2023 14:00:00 - 21/08/2023 15:00:00","BZN|DK1","264.63","287.38","202.71","163.61"
"21/08/2023 15:00:00 - 21/08/2023 16:00:00","BZN|DK1","283.88","254.75","135.04","132.82"
"21/08/2023 16:00:00 - 21/08/2023 17:00:00","BZN|DK1","346.58","297.83","145.50","97.83"
"21/08/2023 17:00:00 - 21/08/2023 18:00:00","BZN|DK1","329.54","302.42","147.63","135.63"
"21/08/2023 18:00:00 - 21/08/2023 19:00:00","BZN|DK1","349.17","289.00","140.38","169.20"
"21/08/2023 19:00:00 - 21/08/2023 20:00:00","BZN|DK1","346.75","260.79","161.21","195.71"
"21/08/2023 20:00:00 - 21/08/2023 21:00:00","BZN|DK1","254.96","238.42","207.33","200.49"
"21/08/2023 21:00:00 - 21/08/2023 22:00:00","BZN|DK1","228.25","244.17","176.75","185.75"
"21/08/2023 22:00:00 - 21/08/2023 23:00:00","BZN|DK1","244.08","268.33","216.63","210.68"
"21/08/2023 23:00:00 - 22/08/2023 00:00:00","BZN|DK1","287.79","330.67","224.42","197.52"
"22/08/2023 00:00:00 - 22/08/2023 01:00:00","BZN|DK1","331.83","N/A","195.88","242.57"
"22/08/2023 01:00:00 - 22/08/2023 02:00:00","BZN|DK1","361.83","N/A","302.96","285.22"
"22/08/2023 02:00:00 - 22/08/2023 03:00:00","BZN|DK1","346.71","N/A","251.67","214.58"
"22/08/2023 03:00:00 - 22/08/2023 04:00:00","BZN|DK1","333.50","N/A","232.67","289.29"
"22/08/2023 04:00:00 - 22/08/2023 05:00:00","BZN|DK1","356.96","N/A","245.54","136.94"
"22/08/2023 05:00:00 - 22/08/2023 06:00:00","BZN|DK1","367.58","N/A","185.08","227.98"
"22/08/2023 06:00:00 - 22/08/2023 07:00:00","BZN|DK1","379.08","N/A","268.50","262.87"
"22/08/2023 07:00:00 - 22/08/2023 08:00:00","BZN|DK1","355.67","N/A","294.29","311.98"
"22/08/2023 08:00:00 - 22/08/2023 09:00:00","BZN|DK1","355.42","350.50","356.88","335.37"
"22/08/2023 09:00:00 - 22/08/2023 10:00:00","BZN|DK1","355.63","340.58","314.83","246.35"
"22/08/2023 10:00:00 - 22/08/2023 11:00:00","BZN|DK1","341.42","310.33","202.83","202.78"
"22/08/2023 11:00:00 - 22/08/2023 12:00:00","BZN|DK1","339.25","287.75","168.71","151.65"
"22/08/2023 12:00:00 - 22/08/2023 13:00:00","BZN|DK1","301.29","228.08","130.13","142.30"
"22/08/2023 13:00:00 - 22/08/2023 14:00:00","BZN|DK1","265.00","217.75","137.79","102.70"
"22/08/2023 14:00:00 - 22/08/2023 15:00:00","BZN|DK1","257.88","222.42","103.58","111.78"
"22/08/2023 15:00:00 - 22/08/2023 16:00:00","BZN|DK1","240.96","202.46","83.42","90.60"
"22/08/2023 16:00:00 - 22/08/2023 17:00:00","BZN|DK1","294.04","252.42","116.50","126.08"
"22/08/2023 17:00:00 - 22/08/2023 18:00:00","BZN|DK1","280.71","292.96","154.50","204.35"
"22/08/2023 18:00:00 - 22/08/2023 19:00:00","BZN|DK1","308.83","257.29","262.71","165.52"
"22/08/2023 19:00:00 - 22/08/2023 20:00:00","BZN|DK1","309.17","241.79","127.63","142.55"
"22/08/2023 20:00:00 - 22/08/2023 21:00:00","BZN|DK1","297.63","260.08","151.71","154.93"
"22/08/2023 21:00:00 - 22/08/2023 22:00:00","BZN|DK1","275.83","269.83","174.67","161.23"
"22/08/2023 22:00:00 - 22/08/2023 23:00:00","BZN|DK1","282.50","313.63","164.13","154.47"
"22/08/2023 23:00:00 - 23/08/2023 00:00:00","BZN|DK1","304.33","335.63","143.38","108.85"
"23/08/2023 00:00:00 - 23/08/2023 01:00:00","BZN|DK1","259.25","N/A","119.46","197.41"
"23/08/2023 01:00:00 - 23/08/2023 02:00:00","BZN|DK1","294.13","N/A","217.50","188.52"
"23/08/2023 02:00:00 - 23/08/2023 03:00:00","BZN|DK1","373.25","N/A","220.21","260.97"
"23/08/2023 03:00:00 - 23/08/2023 04:00:00","BZN|DK1","392.25","N/A","311.25","236.07"
"23/08/2023 04:00:00 - 23/08/2023 05:00:00","BZN|DK1","435.50","N/A","313.17","282.71"
"23/08/2023 05:00:00 - 23/08/2023 06:00:00","BZN|DK1","424.21","N/A","264.88","302.53"
"23/08/2023 06:00:00 - 23/08/2023 07:00:00","BZN|DK1","399.08","N/A","328.88","312.36"
"23/08/2023 07:00:00 - 23/08/2023 08:00:00","BZN|DK1","349.96","N/A","286.83","279.00"
"23/08/2023 08:00:00 - 23/08/2023 09:00:00","BZN|DK1","328.58","241.33","243.75","261.10"
"23/08/2023 09:00:00 - 23/08/2023 10:00:00","BZN|DK1","276.71","239.42","209.08","184.02"
"23/08/2023 10:00:00 - 23/08/2023 11:00:00","BZN|DK1","241.83","241.04","170.21","130.47"
"23/08/2023 11:00:00 - 23/08/2023 12:00:00","BZN|DK1","279.08","252.54","126.04","113.89"
"23/08/2023 12:00:00 - 23/08/2023 13:00:00","BZN|DK1","278.58","277.71","134.58","160.77"
"23/08/2023 13:00:00 - 23/08/2023 14:00:00","BZN|DK1","260.54","261.96","186.04","197.73"
"23/08/2023 14:00:00 - 23/08/2023 15:00:00","BZN|DK1","245.00","266.21","226.96","208.39"
"23/08/2023 15:00:00 - 23/08/2023 16:00:00","BZN|DK1","214.92","244.04","138.96","183.51"
"23/08/2023 16:00:00 - 23/08/2023 17:00:00","BZN|DK1","255.21","231.00","111.50","101.69"
"23/08/2023 17:00:00 - 23/08/2023 18:00:00","BZN|DK1","250.29","215.67","133.71","144.82"
"23/08/2023 18:00:00 - 23/08/2023 19:00:00","BZN|DK1","296.75","254.88","243.29","172.09"
"23/08/2023 19:00:00 - 23/08/2023 20:00:00","BZN|DK1","332.88","287.08","186.08","204.71"
"23/08/2023 20:00:00 - 23/08/2023 21:00:00","BZN|DK1","312.71","273.17","209.58","274.40"
"23/08/2023 21:00:00 - 23/08/2023 22:00:00","BZN|DK1","293.00","268.75","310.92","343.40"
"23/08/2023 22:00:00 - 23/08/2023 23:00:00","BZN|DK1","251.71","259.79","303.29","241.19"
"23/08/2023 23:00:00 - 24/08/2023 00:00:00","BZN|DK1","240.04","278.13","209.00","186.14"
"24/08/2023 00:00:00 - 24/08/2023 01:00:00","BZN|DK1","295.83","N/A","183.63","188.12"
"24/08/2023 01:00:00 - 24/08/2023 02:00:00","BZN|DK1","250.17","N/A","129.50","138.77"
"24/08/2023 02:00:00 - 24/08/2023 03:00:00","BZN|DK1","259.00","N/A","141.54","150.14"
"24/08/2023 03:00:00 - 24/08/2023 04:00:00","BZN|DK1","258.88","N/A","170.79","169.08"
"24/08/2023 04:00:00 - 24/08/2023 05:00:00","BZN|DK1","255.04","N/A","157.00","170.77"
"24/08/2023 05:00:00 - 24/08/2023 06:00:00","BZN|DK1","269.25","N/A","172.04","174.36"
"24/08/2023 06:00:00 - 24/08/2023 07:00:00","BZN|DK1","249.13","N/A","131.71","193.14"
"24/08/2023 07:00:00 - 24/08/2023 08:00:00","BZN|DK1","208.13","N/A","170.00","169.82"
"24/08/2023 08:00:00 - 24/08/2023 09:00:00","BZN|DK1","215.13","160.79","166.04","138.49"
"24/08/2023 09:00:00 - 24/08/2023 10:00:00","BZN|DK1","207.58","172.33","132.75","143.59"
"24/08/2023 10:00:00 - 24/08/2023 11:00:00","BZN|DK1","171.13","164.29","126.50","145.70"
"24/08/2023 11:00:00 - 24/08/2023 12:00:00","BZN|DK1","112.96","113.50","95.67","89.28"
"24/08/2023 12:00:00 - 24/08/2023 13:00:00","BZN|DK1","55.08","44.04","36.54","50.32"
"24/08/2023 13:00:00 - 24/08/2023 14:00:00","BZN|DK1","35.08","22.46","13.83","16.51"
"24/08/2023 14:00:00 - 24/08/2023 15:00:00","BZN|DK1","29.88","24.83","14.29","7.54"
"24/08/2023 15:00:00 - 24/08/2023 16:00:00","BZN|DK1","35.58","49.21","14.79","16.77"
"24/08/2023 16:00:00 - 24/08/2023 17:00:00","BZN|DK1","85.29","77.17","37.00","24.23"
"24/08/2023 17:00:00 - 24/08/2023 18:00:00","BZN|DK1","91.25","149.46","50.42","49.05"
"24/08/2023 18:00:00 - 24/08/2023 19:00:00","BZN|DK1","116.04","163.13","73.13","57.94"
"24/08/2023 19:00:00 - 24/08/2023 20:00:00","BZN|DK1","114.46","156.29","107.00","120.04"
"24/08/2023 20:00:00 - 24/08/2023 21:00:00","BZN|DK1","191.71","254.50","229.83","185.80"
"24/08/2023 21:00:00 - 24/08/2023 22:00:00","BZN|DK1","232.67","329.21","243.79","224.08"
"24/08/2023 22:00:00 - 24/08/2023 23:00:00","BZN|DK1","295.17","380.00","276.50","426.12"
"24/08/2023 23:00:00 - 25/08/2023 00:00:00","BZN|DK1","391.08","442.67","575.17","684.61"
"25/08/2023 00:00:00 - 25/08/2023 01:00:00","BZN|DK1","543.54","N/A","771.29","686.39"
"25/08/2023 01:00:00 - 25/08/2023 02:00:00","BZN|DK1","498.83","N/A","581.46","538.18"
"25/08/2023 02:00:00 - 25/08/2023 03:00:00","BZN|DK1","504.96","N/A","476.71","539.90"
"25/08/2023 03:00:00 - 25/08/2023 04:00:00","BZN|DK1","471.50","N/A","481.63","797.72"
"25/08/2023 04:00:00 - 25/08/2023 05:00:00","BZN|DK1","442.92","N/A","755.88","729.69"
"25/08/2023 05:00:00 - 25/08/2023 06:00:00","BZN|DK1","386.04","N/A","511.46","681.72"
"25/08/2023 06:00:00 - 25/08/2023 07:00:00","BZN|DK1","367.46","N/A","580.71","549.53"
"25/08/2023 07:00:00 - 25/08/2023 08:00:00","BZN|DK1","360.00","N/A","358.67","434.63"
"25/08/2023 08:00:00 - 25/08/2023 09:00:00","BZN|DK1","383.75","429.88","432.29","292.50"
"25/08/2023 09:00:00 - 25/08/2023 10:00:00","BZN|DK1","333.17","370.71","207.71","186.05"
"25/08/2023 10:00:00 - 25/08/2023 11:00:00","BZN|DK1","199.00","313.88","109.71","122.80"
"25/08/2023 11:00:00 - 25/08/2023 12:00:00","BZN|DK1","102.29","238.88","121.71","163.91"
"25/08/2023 12:00:00 - 25/08/2023 13:00:00","BZN|DK1","85.67","182.83","133.29","166.21"
"25/08/2023 13:00:00 - 25/08/2023 14:00:00","BZN|DK1","110.13","126.04","122.79","113.56"
"25/08/2023 14:00:00 - 25/08/2023 15:00:00","BZN|DK1","95.04","98.88","93.21","58.10"
"25/08/2023 15:00:00 - 25/08/2023 16:00:00","BZN|DK1","87.96","78.75","38.96","71.17"
"25/08/2023 16:00:00 - 25/08/2023 17:00:00","BZN|DK1","139.67","93.08","68.33","58.32"
"25/08/2023 17:00:00 - 25/08/2023 18:00:00","BZN|DK1","128.54","93.25","16.46","32.84"
"25/08/2023 18:00:00 - 25/08/2023 19:00:00","BZN|DK1","120.54","68.25","19.33","32.26"
"25/08/2023 19:00:00 - 25/08/2023 20:00:00","BZN|DK1","81.13","34.92","19.83","11.00"
"25/08/2023 20:00:00 - 25/08/2023 21:00:00","BZN|DK1","61.92","22.92","0.04","10.35"
"25/08/2023 21:00:00 - 25/08/2023 22:00:00","BZN|DK1","50.92","19.50","13.75","9.38"
"25/08/2023 22:00:00 - 25/08/2023 23:00:00","BZN|DK1","38.71","26.88","14.58","10.08"
"25/08/2023 23:00:00 - 26/08/2023 00:00:00","BZN|DK1","32.58","26.63","14.88","9.48"
"26/08/2023 00:00:00 - 26/08/2023 01:00:00","BZN|DK1","45.63","N/A","3.00","8.88"
"26/08/2023 01:00:00 - 26/08/2023 02:00:00","BZN|DK1","40.75","N/A","5.83","10.22"
"26/08/2023 02:00:00 - 26/08/2023 03:00:00","BZN|DK1","44.13","N/A","14.38","14.60"
"26/08/2023 03:00:00 - 26/08/2023 04:00:00","BZN|DK1","76.63","N/A","76.75","19.14"
"26/08/2023 04:00:00 - 26/08/2023 05:00:00","BZN|DK1","108.00","N/A","29.71","44.12"
"26/08/2023 05:00:00 - 26/08/2023 06:00:00","BZN|DK1","110.63","N/A","61.29","35.65"
"26/08/2023 06:00:00 - 26/08/2023 07:00:00","BZN|DK1","155.63","N/A","21.25","24.30"
"26/08/2023 07:00:00 - 26/08/2023 08:00:00","BZN|DK1","168.46","N/A","33.79","16.59"
"26/08/2023 08:00:00 - 26/08/2023 09:00:00","BZN|DK1","130.38","60.04","60.29","49.16"
"26/08/2023 09:00:00 - 26/08/2023 10:00:00","BZN|DK1","106.54","111.67","51.08","21.75"
"26/08/2023 10:00:00 - 26/08/2023 11:00:00","BZN|DK1","86.33","105.08","53.33","108.89"
"26/08/2023 11:00:00 - 26/08/2023 12:00:00","BZN|DK1","83.79","91.17","149.92","68.69"
"26/08/2023 12:00:00 - 26/08/2023 13:00:00","BZN|DK1","94.25","118.67","32.75","27.27"
"26/08/2023 13:00:00 - 26/08/2023 14:00:00","BZN|DK1","125.08","142.21","71.38","11.91"
"26/08/2023 14:00:00 - 26/08/2023 15:00:00","BZN|DK1","106.00","162.71","4.67","40.54"
"26/08/2023 15:00:00 - 26/08/2023 16:00:00","BZN|DK1","104.50","185.63","105.54","128.54"
"26/08/2023 16:00:00 - 26/08/2023 17:00:00","BZN|DK1","146.83","236.25","202.38","231.87"
"26/08/2023 17:00:00 - 26/08/2023 18:00:00","BZN|DK1","176.13","284.75","289.71","168.88"
"26/08/2023 18:00:00 - 26/08/2023 19:00:00","BZN|DK1","244.04","320.96","236.21","136.09"
"26/08/2023 19:00:00 - 26/08/2023 20:00:00","BZN|DK1","262.33","346.63","72.83","125.04"
"26/08/2023 20:00:00 - 26/08/2023 21:00:00","BZN|DK1","259.33","332.75","179.42","224.00"
"26/08/2023 21:00:00 - 26/08/2023 22:00:00","BZN|DK1","271.54","302.38","255.71","292.49"
"26/08/2023 22:00:00 - 26/08/2023 23:00:00","BZN|DK1","273.79","271.63","260.21","231.37"
"26/08/2023 23:00:00 - 27/08/2023 00:00:00","BZN|DK1","288.88","209.21","183.25","139.97"
"27/08/2023 00:00:00 - 27/08/2023 01:00:00","BZN|DK1","169.71","N/A","98.17","139.42"
"27/08/2023 01:00:00 - 27/08/2023 02:00:00","BZN|DK1","153.25","N/A","131.67","92.56"
"27/08/2023 02:00:00 - 27/08/2023 03:00:00","BZN|DK1","163.04","N/A","86.71","52.13"
"27/08/2023 03:00:00 - 27/08/2023 04:00:00","BZN|DK1","189.88","N/A","72.54","66.38"
"27/08/2023 04:00:00 - 27/08/2023 05:00:00","BZN|DK1","205.00","N/A","94.38","80.94"
"27/08/2023 05:00:00 - 27/08/2023 06:00:00","BZN|DK1","205.54","N/A","109.50","98.04"
"27/08/2023 06:00:00 - 27/08/2023 07:00:00","BZN|DK1","213.54","N/A","107.46","77.46"
"27/08/2023 07:00:00 - 27/08/2023 08:00:00","BZN|DK1","203.46","N/A","48.67","89.27"
"27/08/2023 08:00:00 - 27/08/2023 09:00:00","BZN|DK1","173.88","98.38","96.29","69.23"
"27/08/2023 09:00:00 - 27/08/2023 10:00:00","BZN|DK1","168.21","91.38","71.04","81.07"
"27/08/2023 10:00:00 - 27/08/2023 11:00:00","BZN|DK1","178.92","90.83","70.54","78.26"
"27/08/2023 11:00:00 - 27/08/2023 12:00:00","BZN|DK1","176.79","115.79","104.88","118.72"
"27/08/2023 12:00:00 - 27/08/2023 13:00:00","BZN|DK1","190.38","92.42","182.38","199.45"
"27/08/2023 13:00:00 - 27/08/2023 14:00:00","BZN|DK1","187.21","80.54","241.54","333.56"
"27/08/2023 14:00:00 - 27/08/2023 15:00:00","BZN|DK1","214.75","73.29","336.79","128.24"
"27/08/2023 15:00:00 - 27/08/2023 16:00:00","BZN|DK1","226.67","70.96","64.92","76.86"
"27/08/2023 16:00:00 - 27/08/2023 17:00:00","BZN|DK1","141.42","65.75","70.83","91.77"
"27/08/2023 17:00:00 - 27/08/2023 18:00:00","BZN|DK1","96.13","71.54","63.46","46.14"
"27/08/2023 18:00:00 - 27/08/2023 19:00:00","BZN|DK1","126.21","140.92","65.38","155.42"
"27/08/2023 19:00:00 - 27/08/2023 20:00:00","BZN|DK1","180.42","262.50","26.58","20.69"
"27/08/2023 20:00:00 - 27/08/2023 21:00:00","BZN|DK1","164.75","263.58","50.75","22.57"
"27/08/2023 21:00:00 - 27/08/2023 22:00:00","BZN|DK1","82.96","150.25","29.67","72.49"
"27/08/2023 22:00:00 - 27/08/2023 23:00:00","BZN|DK1","48.38","92.96","55.63","56.58"
"27/08/2023 23:00:00 - 28/08/2023 00:00:00","BZN|DK1","40.08","90.71","56.71","62.92"
"28/08/2023 00:00:00 - 28/08/2023 01:00:00","BZN|DK1","76.50","N/A","101.00","54.90"
"28/08/2023 01:00:00 - 28/08/2023 02:00:00","BZN|DK1","131.96","N/A","122.42","90.39"
"28/08/2023 02:00:00 - 28/08/2023 03:00:00","BZN|DK1","191.83","N/A","208.25","158.06"
"28/08/2023 03:00:00 - 28/08/2023 04:00:00","BZN|DK1","295.83","N/A","219.29","285.48"
"28/08/2023 04:00:00 - 28/08/2023 05:00:00","BZN|DK1","356.96","N/A","350.63","328.79"
"28/08/2023 05:00:00 - 28/08/2023 06:00:00","BZN|DK1","329.83","N/A","378.04","364.41"
"28/08/2023 06:00:00 - 28/08/2023 07:00:00","BZN|DK1","322.17","N/A","380.96","306.50"
"28/08/2023 07:00:00 - 28/08/2023 08:00:00","BZN|DK1","310.21","N/A","241.75","218.88"
"28/08/2023 08:00:00 - 28/08/2023 09:00:00","BZN|DK1","308.79","180.50","189.54","241.04"
"28/08/2023 09:00:00 - 28/08/2023 10:00:00","BZN|DK1","339.50","234.63","240.04","188.30"
"28/08/2023 10:00:00 - 28/08/2023 11:00:00","BZN|DK1","369.50","305.13","189.75","183.63"
"28/08/2023 11:00:00 - 28/08/2023 12:00:00","BZN|DK1","345.58","312.25","187.75","252.38"
"28/08/2023 12:00:00 - 28/08/2023 13:00:00","BZN|DK1","290.13","242.92","246.54","240.11"
"28/08/2023 13:00:00 - 28/08/2023 14:00:00","BZN|DK1","277.88","212.46","218.42","158.92"
"28/08/2023 14:00:00 - 28/08/2023 15:00:00","BZN|DK1","300.08","263.42","164.00","112.00"
"28/08/2023 15:00:00 - 28/08/2023 16:00:00","BZN|DK1","324.46","255.29","86.13","104.02"
"28/08/2023 16:00:00 - 28/08/2023 17:00:00","BZN|DK1","339.96","208.25","92.79","93.13"
"28/08/2023 17:00:00 - 28/08/2023 18:00:00","BZN|DK1","328.50","233.04","119.67","123.78"
"28/08/2023 18:00:00 - 28/08/2023 19:00:00","BZN|DK1","360.25","292.63","148.75","158.14"
"28/08/2023 19:00:00 - 28/08/2023 20:00:00","BZN|DK1","332.50","323.17","172.63","194.67"
"28/08/2023 20:00:00 - 28/08/2023 21:00:00","BZN|DK1","329.46","340.88","205.13","239.02"
"28/08/2023 21:00:00 - 28/08/2023 22:00:00","BZN|DK1","326.29","320.58","247.88","316.26"
"28/08/2023 22:00:00 - 28/08/2023 23:00:00","BZN|DK1","309.33","284.92","274.67","276.16"
"28/08/2023 23:00:00 - 29/08/2023 00:00:00","BZN|DK1","301.71","291.88","235.58","254.55"
"29/08/2023 00:00:00 - 29/08/2023 01:00:00","BZN|DK1","162.79","N/A","223.71","225.26"
"29/08/2023 01:00:00 - 29/08/2023 02:00:00","BZN|DK1","165.96","N/A","170.33","156.57"
"29/08/2023 02:00:00 - 29/08/2023 03:00:00","BZN|DK1","155.63","N/A","139.29","132.14"
"29/08/2023 03:00:00 - 29/08/2023 04:00:00","BZN|DK1","100.96","N/A","109.54","76.42"
"29/08/2023 04:00:00 - 29/08/2023 05:00:00","BZN|DK1","105.71","N/A","95.88","70.91"
"29/08/2023 05:00:00 - 29/08/2023 06:00:00","BZN|DK1","151.00","N/A","71.58","35.49"
"29/08/2023 06:00:00 - 29/08/2023 07:00:00","BZN|DK1","161.79","N/A","23.67","23.47"
"29/08/2023 07:00:00 - 29/08/2023 08:00:00","BZN|DK1","141.88","N/A","58.42","62.77"
"29/08/2023 08:00:00 - 29/08/2023 09:00:00","BZN|DK1","135.13","64.54","60.75","61.90"
"29/08/2023 09:00:00 - 29/08/2023 10:00:00","BZN|DK1","145.79","84.50","77.00","69.99"
"29/08/2023 10:00:00 - 29/08/2023 11:00:00","BZN|DK1","155.79","112.96","71.58","63.03"
"29/08/2023 11:00:00 - 29/08/2023 12:00:00","BZN|DK1","159.83","123.46","89.38","121.79"
"29/08/2023 12:00:00 - 29/08/2023 13:00:00","BZN|DK1","164.58","182.50","170.00","60.73"
"29/08/2023 13:00:00 - 29/08/2023 14:00:00","BZN|DK1","175.83","228.92","87.38","100.64"
"29/08/2023 14:00:00 - 29/08/2023 15:00:00","BZN|DK1","211.00","298.42","159.13","169.36"
"29/08/2023 15:00:00 - 29/08/2023 16:00:00","BZN|DK1","206.83","280.00","203.17","247.75"
"29/08/2023 16:00:00 - 29/08/2023 17:00:00","BZN|DK1","230.79","259.96","281.71","310.93"
"29/08/2023 17:00:00 - 29/08/2023 18:00:00","BZN|DK1","239.75","250.46","314.79","270.09"
"29/08/2023 18:00:00 - 29/08/2023 19:00:00","BZN|DK1","215.83","244.75","224.17","199.32"
"29/08/2023 19:00:00 - 29/08/2023 20:00:00","BZN|DK1","175.75","229.46","166.04","142.78"
"29/08/2023 20:00:00 - 29/08/2023 21:00:00","BZN|DK1","163.13","237.13","160.33","153.67"
"29/08/2023 21:00:00 - 29/08/2023 22:00:00","BZN|DK1","160.25","240.25","169.79","213.33"
"29/08/2023 22:00:00 - 29/08/2023 23:00:00","BZN|DK1","194.42","245.67","237.54","197.13"
"29/08/2023 23:00:00 - 30/08/2023 00:00:00","BZN|DK1","254.79","255.79","181.67","138.65"
"30/08/2023 00:00:00 - 30/08/2023 01:00:00","BZN|DK1","213.54","N/A","136.79","164.26"
"30/08/2023 01:00:00 - 30/08/2023 02:00:00","BZN|DK1","212.08","N/A","167.38","127.29"
"30/08/2023 02:00:00 - 30/08/2023 03:00:00","BZN|DK1","237.08","N/A","100.67","117.52"
"30/08/2023 03:00:00 - 30/08/2023 04:00:00","BZN|DK1","198.46","N/A","157.33","82.54"
"30/08/2023 04:00:00 - 30/08/2023 05:00:00","BZN|DK1","214.04","N/A","75.67","70.15"
"30/08/2023 05:00:00 - 30/08/2023 06:00:00","BZN|DK1","216.46","N/A","88.50","105.28"
"30/08/2023 06:00:00 - 30/08/2023 07:00:00","BZN|DK1","209.38","N/A","152.29","102.82"
"30/08/2023 07:00:00 - 30/08/2023 08:00:00","BZN|DK1","201.63","N/A","93.42","73.13"
"30/08/2023 08:00:00 - 30/08/2023 09:00:00","BZN|DK1","211.29","98.04","96.96","77.81"
"30/08/2023 09:00:00 - 30/08/2023 10:00:00","BZN|DK1","234.04","146.00","87.79","139.02"
"30/08/2023 10:00:00 - 30/08/2023 11:00:00","BZN|DK1","271.00","198.71","204.92","101.34"
"30/08/2023 11:00:00 - 30/08/2023 12:00:00","BZN|DK1","303.08","252.00","133.54","246.16"
"30/08/2023 12:00:00 - 30/08/2023 13:00:00","BZN|DK1","303.17","366.00","316.25","145.69"
"30/08/2023 13:00:00 - 30/08/2023 14:00:00","BZN|DK1","279.50","295.25","79.67","53.64"
"30/08/2023 14:00:00 - 30/08/2023 15:00:00","BZN|DK1","317.04","121.83","51.13","29.69"
"30/08/2023 15:00:00 - 30/08/2023 16:00:00","BZN|DK1","236.54","79.33","27.42","93.12"
"30/08/2023 16:00:00 - 30/08/2023 17:00:00","BZN|DK1","188.88","77.63","112.25","142.65"
"30/08/2023 17:00:00 - 30/08/2023 18:00:00","BZN|DK1","167.33","71.42","111.54","74.18"
"30/08/2023 18:00:00 - 30/08/2023 19:00:00","BZN|DK1","127.04","99.29","56.17","45.95"
"30/08/2023 19:00:00 - 30/08/2023 20:00:00","BZN|DK1","83.71","151.67","69.25","52.24"
"30/08/2023 20:00:00 - 30/08/2023 21:00:00","BZN|DK1","86.42","129.04","14.92","42.12"
"30/08/2023 21:00:00 - 30/08/2023 22:00:00","BZN|DK1","100.08","98.54","39.54","53.20"
"30/08/2023 22:00:00 - 30/08/2023 23:00:00","BZN|DK1","140.79","88.83","48.42","61.81"
"30/08/2023 23:00:00 - 31/08/2023 00:00:00","BZN|DK1","143.29","88.88","73.88","66.73"
"31/08/2023 00:00:00 - 31/08/2023 01:00:00","BZN|DK1","51.38","N/A","53.63","40.79"
"31/08/2023 01:00:00 - 31/08/2023 02:00:00","BZN|DK1","61.04","N/A","22.92","46.38"
"31/08/2023 02:00:00 - 31/08/2023 03:00:00","BZN|DK1","115.04","N/A","53.88","53.15"
"31/08/2023 03:00:00 - 31/08/2023 04:00:00","BZN|DK1","220.13","N/A","65.58","70.16"
"31/08/2023 04:00:00 - 31/08/2023 05:00:00","BZN|DK1","284.08","N/A","136.50","99.57"
"31/08/2023 05:00:00 - 31/08/2023 06:00:00","BZN|DK1","200.00","N/A","112.88","142.61"
"31/08/2023 06:00:00 - 31/08/2023 07:00:00","BZN|DK1","190.79","N/A","154.42","155.86"
"31/08/2023 07:00:00 - 31/08/2023 08:00:00","BZN|DK1","218.04","N/A","208.83","218.65"
"31/08/2023 08:00:00 - 31/08/2023 09:00:00","BZN|DK1","250.29","247.96","241.17","287.59"
"31/08/2023 09:00:00 - 31/08/2023 10:00:00","BZN|DK1","239.71","207.42","256.04","330.71"
"31/08/2023 10:00:00 - 31/08/2023 11:00:00","BZN|DK1","215.13","175.96","229.25","238.90"
"31/08/2023 11:00:00 - 31/08/2023 12:00:00","BZN|DK1","182.88","128.00","185.50","217.09"
"31/08/2023 12:00:00 - 31/08/2023 13:00:00","BZN|DK1","156.54","142.17","177.33","219.73"
"31/08/2023 13:00:00 - 31/08/2023 14:00:00","BZN|DK1","148.00","90.67","217.29","194.54"
"31/08/2023 14:00:00 - 31/08/2023 15:00:00","BZN|DK1","176.13","83.96","156.46","126.01"
"31/08/2023 15:00:00 - 31/08/2023 16:00:00","BZN|DK1","158.83","66.33","96.54","113.52"
"31/08/2023 16:00:00 - 31/08/2023 17:00:00","BZN|DK1","144.83","62.17","96.92","146.28"
"31/08/2023 17:00:00 - 31/08/2023 18:00:00","BZN|DK1","130.54","83.25","165.75","177.54"
"31/08/2023 18:00:00 - 31/08/2023 19:00:00","BZN|DK1","132.00","123.83","190.38","153.82"
"31/08/2023 19:00:00 - 31/08/2023 20:00:00","BZN|DK1","130.58","118.04","147.29","169.00"
"31/08/2023 20:00:00 - 31/08/2023 21:00:00","BZN|DK1","106.00","105.67","183.29","116.15"
"31/08/2023 21:00:00 - 31/08/2023 22:00:00","BZN|DK1","76.96","95.13","58.25","51.79"
"31/08/2023 22:00:00 - 31/08/2023 23:00:00","BZN|DK1","83.08","63.96","56.88","72.48"
"31/08/2023 23:00:00 - 01/09/2023 00:00:00","BZN|DK1","104.46","53.79","87.83","68.12"
"01/09/2023 00:00:00 - 01/09/2023 01:00:00","BZN|DK1","65.00","N/A","50.63","77.45"
"01/09/2023 01:00:00 - 01/09/2023 02:00:00","BZN|DK1","106.08","N/A","108.21","83.35"
"01/09/2023 02:00:00 - 01/09/2023 03:00:00","BZN|DK1","143.17","N/A","86.96","63.65"
"01/09/2023 03:00:00 - 01/09/2023 04:00:00","BZN|DK1","142.67","N/A","72.96","58.56"
"01/09/2023 04:00:00 - 01/09/2023 05:00:00","BZN|DK1","153.00","N/A","83.42","65.28"
"01/09/2023 05:00:00 - 01/09/2023 06:00:00","BZN|DK1","163.71","N/A","69.83","71.35"
"01/09/2023 06:00:00 - 01/09/2023 07:00:00","BZN|DK1","144.38","N/A","78.46","87.10"
"01/09/2023 07:00:00 - 01/09/2023 08:00:00","BZN|DK1","120.04","N/A","75.38","60.07"
"01/09/2023 08:00:00 - 01/09/2023 09:00:00","BZN|DK1","122.25","69.67","69.79","80.23"
"01/09/2023 09:00:00 - 01/09/2023 10:00:00","BZN|DK1","140.25","103.67","96.63","91.86"
"01/09/2023 10:00:00 - 01/09/2023 11:00:00","BZN|DK1","155.71","129.33","93.17","79.75"
"01/09/2023 11:00:00 - 01/09/2023 12:00:00","BZN|DK1","136.25","124.75","53.46","83.26"
"01/09/2023 12:00:00 - 01/09/2023 13:00:00","BZN|DK1","114.71","98.83","90.46","116.63"
"01/09/2023 13:00:00 - 01/09/2023 14:00:00","BZN|DK1","111.75","97.96","123.50","141.59"
"01/09/2023 14:00:00 - 01/09/2023 15:00:00","BZN|DK1","92.13","97.88","125.38","128.96"
"01/09/2023 15:00:00 - 01/09/2023 16:00:00","BZN|DK1","78.21","107.29","98.75","97.01"
"01/09/2023 16:00:00 - 01/09/2023 17:00:00","BZN|DK1","112.25","114.96","82.75","96.82"
"01/09/2023 17:00:00 - 01/09/2023 18:00:00","BZN|DK1","134.29","103.13","97.21","91.71"
"01/09/2023 18:00:00 - 01/09/2023 19:00:00","BZN|DK1","179.75","125.21","96.29","89.72"
"01/09/2023 19:00:00 - 01/09/2023 20:00:00","BZN|DK1","189.67","147.79","71.88","84.14"
"01/09/2023 20:00:00 - 01/09/2023 21:00:00","BZN|DK1","182.92","152.46","93.46","84.85"
"01/09/2023 21:00:00 - 01/09/2023 22:00:00","BZN|DK1","195.54","169.08","93.71","136.95"
"01/09/2023 22:00:00 - 01/09/2023 23:00:00","BZN|DK1","215.13","222.50","171.17","219.86"
"01/09/2023 23:00:00 - 02/09/2023 00:00:00","BZN|DK1","270.08","297.17","254.83","216.15"
"02/09/2023 00:00:00 - 02/09/2023 01:00:00","BZN|DK1","335.92","N/A","239.58","216.65"
"02/09/2023 01:00:00 - 02/09/2023 02:00:00","BZN|DK1","349.67","N/A","218.71","208.46"
"02/09/2023 02:00:00 - 02/09/2023 03:00:00","BZN|DK1","380.21","N/A","206.21","191.38"
"02/09/2023 03:00:00 - 02/09/2023 04:00:00","BZN|DK1","413.71","N/A","197.04","213.26"
"02/09/2023 04:00:00 - 02/09/2023 05:00:00","BZN|DK1","448.79","N/A","241.50","210.43"
"02/09/2023 05:00:00 - 02/09/2023 06:00:00","BZN|DK1","426.46","N/A","190.92","200.38"
"02/09/2023 06:00:00 - 02/09/2023 07:00:00","BZN|DK1","442.83","N/A","220.67","215.76"
"02/09/2023 07:00:00 - 02/09/2023 08:00:00","BZN|DK1","437.75","N/A","189.79","226.34"
"02/09/2023 08:00:00 - 02/09/2023 09:00:00","BZN|DK1","443.21","240.63","244.42","264.98"
"02/09/2023 09:00:00 - 02/09/2023 10:00:00","BZN|DK1","442.29","276.38","259.71","330.34"
"02/09/2023 10:00:00 - 02/09/2023 11:00:00","BZN|DK1","420.58","312.75","351.08","386.81"
"02/09/2023 11:00:00 - 02/09/2023 12:00:00","BZN|DK1","401.54","341.42","380.46","378.78"
"02/09/2023 12:00:00 - 02/09/2023 13:00:00","BZN|DK1","370.96","371.29","353.67","437.05"
"02/09/2023 13:00:00 - 02/09/2023 14:00:00","BZN|DK1","372.63","385.25","431.17","452.18"
"02/09/2023 14:00:00 - 02/09/2023 15:00:00","BZN|DK1","403.83","422.96","477.25","483.65"
"02/09/2023 15:00:00 - 02/09/2023 16:00:00","BZN|DK1","449.29","431.13","471.17","497.62"
"02/09/2023 16:00:00 - 02/09/2023 17:00:00","BZN|DK1","477.50","469.92","510.33","607.28"
"02/09/2023 17:00:00 - 02/09/2023 18:00:00","BZN|DK1","519.04","476.08","585.42","642.27"
"02/09/2023 18:00:00 - 02/09/2023 19:00:00","BZN|DK1","578.21","523.04","614.75","613.36"
"02/09/2023 19:00:00 - 02/09/2023 20:00:00","BZN|DK1","596.83","566.00","561.13","656.32"
"02/09/2023 20:00:00 - 02/09/2023 21:00:00","BZN|DK1","609.42","596.71","639.04","775.23"
"02/09/2023 21:00:00 - 02/09/2023 22:00:00","BZN|DK1","617.46","597.54","724.63","740.25"
"02/09/2023 22:00:00 - 02/09/2023 23:00:00","BZN|DK1","635.71","585.75","687.67","726.36"
"02/09/2023 23:00:00 - 03/09/2023 00:00:00","BZN|DK1","675.04","621.67","648.08","722.00"
"03/09/2023 00:00:00 - 03/09/2023 01:00:00","BZN|DK1","706.33","N/A","662.71","832.26"
"03/09/2023 01:00:00 - 03/09/2023 02:00:00","BZN|DK1","687.13","N/A","779.21","807.26"
"03/09/2023 02:00:00 - 03/09/2023 03:00:00","BZN|DK1","677.92","N/A","606.25","642.43"
"03/09/2023 03:00:00 - 03/09/2023 04:00:00","BZN|DK1","654.67","N/A","606.46","765.46"
"03/09/2023 04:00:00 - 03/09/2023 05:00:00","BZN|DK1","718.75","N/A","893.17","837.68"
"03/09/2023 05:00:00 - 03/09/2023 06:00:00","BZN|DK1","716.67","N/A","734.50","819.31"
"03/09/2023 06:00:00 - 03/09/2023 07:00:00","BZN|DK1","689.04","N/A","687.29","759.44"
"03/09/2023 07:00:00 - 03/09/2023 08:00:00","BZN|DK1","625.88","N/A","638.13","648.11"
"03/09/2023 08:00:00 - 03/09/2023 09:00:00","BZN|DK1","561.13","568.29","564.42","550.44"
"03/09/2023 09:00:00 - 03/09/2023 10:00:00","BZN|DK1","512.13","543.17","467.54","507.72"
"03/09/2023 10:00:00 - 03/09/2023 11:00:00","BZN|DK1","438.50","512.83","496.00","539.73"
"03/09/2023 11:00:00 - 03/09/2023 12:00:00","BZN|DK1","429.67","511.79","516.42","582.80"
"03/09/2023 12:00:00 - 03/09/2023 13:00:00","BZN|DK1","431.79","480.25","573.38","716.12"
"03/09/2023 13:00:00 - 03/09/2023 14:00:00","BZN|DK1","455.54","487.42","672.38","449.22"
"03/09/2023 14:00:00 - 03/09/2023 15:00:00","BZN|DK1","474.46","490.38","267.08","198.16"
"03/09/2023 15:00:00 - 03/09/2023 16:00:00","BZN|DK1","457.67","453.83","159.92","200.40"
"03/09/2023 16:00:00 - 03/09/2023 17:00:00","BZN|DK1","420.38","420.67","263.75","383.78"
"03/09/2023 17:00:00 - 03/09/2023 18:00:00","BZN|DK1","428.67","438.58","366.67","401.06"
"03/09/2023 18:00:00 - 03/09/2023 19:00:00","BZN|DK1","452.00","470.96","419.96","375.81"
"03/09/2023 19:00:00 - 03/09/2023 20:00:00","BZN|DK1","445.46","499.50","375.75","426.47"
"03/09/2023 20:00:00 - 03/09/2023 21:00:00","BZN|DK1","457.88","523.29","416.67","491.67"
"03/09/2023 21:00:00 - 03/09/2023 22:00:00","BZN|DK1","468.96","513.00","504.17","539.54"
"03/09/2023 22:00:00 - 03/09/2023 23:00:00","BZN|DK1","486.92","516.79","458.17","516.65"
"03/09/2023 23:00:00 - 04/09/2023 00:00:00","BZN|DK1","502.83","528.63","458.29","540.37"
"04/09/2023 00:00:00 - 04/09/2023 01:00:00","BZN|DK1","508.71","N/A","525.79","610.50"
"04/09/2023 01:00:00 - 04/09/2023 02:00:00","BZN|DK1","511.00","N/A","586.83","576.52"
"04/09/2023 02:00:00 - 04/09/2023 03:00:00","BZN|DK1","552.58","N/A","527.42","567.47"
"04/09/2023 03:00:00 - 04/09/2023 04:00:00","BZN|DK1","543.38","N/A","534.54","552.66"
"04/09/2023 04:00:00 - 04/09/2023 05:00:00","BZN|DK1","593.42","N/A","498.83","508.58"
"04/09/2023 05:00:00 - 04/09/2023 06:00:00","BZN|DK1","558.38","N/A","495.38","508.66"
"04/09/2023 06:00:00 - 04/09/2023 07:00:00","BZN|DK1","509.04","N/A","459.83","468.90"
"04/09/2023 07:00:00 - 04/09/2023 08:00:00","BZN|DK1","464.33","N/A","400.21","463.41"
"04/09/2023 08:00:00 - 04/09/2023 09:00:00","BZN|DK1","420.25","436.29","428.25","370.85"
"04/09/2023 09:00:00 - 04/09/2023 10:00:00","BZN|DK1","372.92","412.67","305.42","270.42"
"04/09/2023 10:00:00 - 04/09/2023 11:00:00","BZN|DK1","333.33","361.04","235.71","249.08"
"04/09/2023 11:00:00 - 04/09/2023 12:00:00","BZN|DK1","299.88","316.42","189.29","186.85"
"04/09/2023 12:00:00 - 04/09/2023 13:00:00","BZN|DK1","269.33","244.00","159.38","179.06"
"04/09/2023 13:00:00 - 04/09/2023 14:00:00","BZN|DK1","235.71","255.21","173.50","187.85"
"04/09/2023 14:00:00 - 04/09/2023 15:00:00","BZN|DK1","221.67","247.17","166.75","207.03"
"04/09/2023 15:00:00 - 04/09/2023 16:00:00","BZN|DK1","187.21","220.25","169.67","204.04"
"04/09/2023 16:00:00 - 04/09/2023 17:00:00","BZN|DK1","159.04","223.88","163.54","146.63"
"04/09/2023 17:00:00 - 04/09/2023 18:00:00","BZN|DK1","144.21","221.67","149.25","131.22"
"04/09/2023 18:00:00 - 04/09/2023 19:00:00","BZN|DK1","175.00","206.46","176.96","135.45"
"04/09/2023 19:00:00 - 04/09/2023 20:00:00","BZN|DK1","176.54","170.92","101.54","133.48"
"04/09/2023 20:00:00 - 04/09/2023 21:00:00","BZN|DK1","142.63","156.71","110.58","121.86"
"04/09/2023 21:00:00 - 04/09/2023 22:00:00","BZN|DK1","150.88","171.83","129.67","147.72"
"04/09/2023 22:00:00 - 04/09/2023 23:00:00","BZN|DK1","150.71","167.88","162.25","229.97"
"04/09/2023 23:00:00 - 05/09/2023 00:00:00","BZN|DK1","160.17","192.75","222.63","212.91"
"05/09/2023 00:00:00 - 05/09/2023 01:00:00","BZN|DK1","184.96","N/A","145.33","142.58"
"05/09/2023 01:00:00 - 05/09/2023 02:00:00","BZN|DK1","178.08","N/A","130.67","143.75"
"05/09/2023 02:00:00 - 05/09/2023 03:00:00","BZN|DK1","195.75","N/A","153.63","122.89"
"05/09/2023 03:00:00 - 05/09/2023 04:00:00","BZN|DK1","187.50","N/A","122.63","99.24"
"05/09/2023 04:00:00 - 05/09/2023 05:00:00","BZN|DK1","181.63","N/A","92.00","93.44"
"05/09/2023 05:00:00 - 05/09/2023 06:00:00","BZN|DK1","178.25","N/A","93.54","90.90"
"05/09/2023 06:00:00 - 05/09/2023 07:00:00","BZN|DK1","168.13","N/A","67.21","70.04"
"05/09/2023 07:00:00 - 05/09/2023 08:00:00","BZN|DK1","152.17","N/A","68.29","88.24"
"05/09/2023 08:00:00 - 05/09/2023 09:00:00","BZN|DK1","145.88","96.79","96.00","80.39"
"05/09/2023 09:00:00 - 05/09/2023 10:00:00","BZN|DK1","128.21","82.83","62.79","73.69"
"05/09/2023 10:00:00 - 05/09/2023 11:00:00","BZN|DK1","93.38","57.29","43.17","44.31"
"05/09/2023 11:00:00 - 05/09/2023 12:00:00","BZN|DK1","77.75","46.33","20.71","31.04"
"05/09/2023 12:00:00 - 05/09/2023 13:00:00","BZN|DK1","57.46","22.38","16.29","25.75"
"05/09/2023 13:00:00 - 05/09/2023 14:00:00","BZN|DK1","42.13","23.67","9.38","26.88"
"05/09/2023 14:00:00 - 05/09/2023 15:00:00","BZN|DK1","59.67","20.67","21.00","26.41"
"05/09/2023 15:00:00 - 05/09/2023 16:00:00","BZN|DK1","77.29","36.83","23.08","19.23"
"05/09/2023 16:00:00 - 05/09/2023 17:00:00","BZN|DK1","86.92","37.38","8.79","9.61"
"05/09/2023 17:00:00 - 05/09/2023 18:00:00","BZN|DK1","83.63","39.67","14.71","9.54"
"05/09/2023 18:00:00 - 05/09/2023 19:00:00","BZN|DK1","111.54","64.67","55.88","38.30"
"05/09/2023 19:00:00 - 05/09/2023 20:00:00","BZN|DK1","169.50","88.29","97.79","53.59"
"05/09/2023 20:00:00 - 05/09/2023 21:00:00","BZN|DK1","180.46","122.83","118.42","114.70"
"05/09/2023 21:00:00 - 05/09/2023 22:00:00","BZN|DK1","188.58","192.58","164.54","179.56"
"05/09/2023 22:00:00 - 05/09/2023 23:00:00","BZN|DK1","197.46","234.25","187.88","182.09"
"05/09/2023 23:00:00 - 06/09/2023 00:00:00","BZN|DK1","222.29","210.54","189.42","164.42"
"06/09/2023 00:00:00 - 06/09/2023 01:00:00","BZN|DK1","233.92","N/A","181.79","101.40"
"06/09/2023 01:00:00 - 06/09/2023 02:00:00","BZN|DK1","213.04","N/A","70.42","61.65"
"06/09/2023 02:00:00 - 06/09/2023 03:00:00","BZN|DK1","163.58","N/A","71.21","50.58"
"06/09/2023 03:00:00 - 06/09/2023 04:00:00","BZN|DK1","137.54","N/A","78.54","50.03"
"06/09/2023 04:00:00 - 06/09/2023 05:00:00","BZN|DK1","165.50","N/A","68.21","51.56"
"06/09/2023 05:00:00 - 06/09/2023 06:00:00","BZN|DK1","173.75","N/A","71.42","68.85"
"06/09/2023 06:00:00 - 06/09/2023 07:00:00","BZN|DK1","187.04","N/A","113.96","74.96"
"06/09/2023 07:00:00 - 06/09/2023 08:00:00","BZN|DK1","204.17","N/A","71.54","82.19"
"06/09/2023 08:00:00 - 06/09/2023 09:00:00","BZN|DK1","225.79","117.00","112.42","71.91"
"06/09/2023 09:00:00 - 06/09/2023 10:00:00","BZN|DK1","217.75","151.04","91.50","52.68"
"06/09/2023 10:00:00 - 06/09/2023 11:00:00","BZN|DK1","211.92","174.75","81.71","68.47"
"06/09/2023 11:00:00 - 06/09/2023 12:00:00","BZN|DK1","222.25","168.75","83.29","90.87"
"06/09/2023 12:00:00 - 06/09/2023 13:00:00","BZN|DK1","226.54","148.21","99.54","92.93"
"06/09/2023 13:00:00 - 06/09/2023 14:00:00","BZN|DK1","215.04","123.04","77.79","100.04"
"06/09/2023 14:00:00 - 06/09/2023 15:00:00","BZN|DK1","231.29","108.42","101.04","134.70"
"06/09/2023 15:00:00 - 06/09/2023 16:00:00","BZN|DK1","258.42","124.71","133.29","127.23"
"06/09/2023 16:00:00 - 06/09/2023 17:00:00","BZN|DK1","210.38","127.67","122.50","120.61"
"06/09/2023 17:00:00 - 06/09/2023 18:00:00","BZN|DK1","178.42","133.50","117.67","99.06"
"06/09/2023 18:00:00 - 06/09/2023 19:00:00","BZN|DK1","150.79","168.33","130.58","120.34"
"06/09/2023 19:00:00 - 06/09/2023 20:00:00","BZN|DK1","176.71","222.50","177.38","200.47"
"06/09/2023 20:00:00 - 06/09/2023 21:00:00","BZN|DK1","247.17","336.71","304.46","287.09"
"06/09/2023 21:00:00 - 06/09/2023 22:00:00","BZN|DK1","349.58","479.67","380.42","448.59"
"06/09/2023 22:00:00 - 06/09/2023 23:00:00","BZN|DK1","460.21","616.63","537.08","552.54"
"06/09/2023 23:00:00 - 07/09/2023 00:00:00","BZN|DK1","585.96","634.71","544.71","567.17"
"07/09/2023 00:00:00 - 07/09/2023 01:00:00","BZN|DK1","609.00","N/A","619.96","565.72"
"07/09/2023 01:00:00 - 07/09/2023 02:00:00","BZN|DK1","593.33","N/A","510.96","538.62"
"07/09/2023 02:00:00 - 07/09/2023 03:00:00","BZN|DK1","561.92","N/A","509.67","503.50"
"07/09/2023 03:00:00 - 07/09/2023 04:00:00","BZN|DK1","561.46","N/A","443.58","508.03"
"07/09/2023 04:00:00 - 07/09/2023 05:00:00","BZN|DK1","640.75","N/A","513.58","487.19"
"07/09/2023 05:00:00 - 07/09/2023 06:00:00","BZN|DK1","651.46","N/A","491.46","481.24"
"07/09/2023 06:00:00 - 07/09/2023 07:00:00","BZN|DK1","611.79","N/A","480.21","473.28"
"07/09/2023 07:00:00 - 07/09/2023 08:00:00","BZN|DK1","540.71","N/A","439.83","477.03"
"07/09/2023 08:00:00 - 07/09/2023 09:00:00","BZN|DK1","491.54","444.25","444.25","421.20"
"07/09/2023 09:00:00 - 07/09/2023 10:00:00","BZN|DK1","465.29","436.21","352.71","367.97"
"07/09/2023 10:00:00 - 07/09/2023 11:00:00","BZN|DK1","449.08","425.04","335.63","340.03"
"07/09/2023 11:00:00 - 07/09/2023 12:00:00","BZN|DK1","452.46","424.29","327.63","307.07"
"07/09/2023 12:00:00 - 07/09/2023 13:00:00","BZN|DK1","401.58","384.13","273.08","297.53"
"07/09/2023 13:00:00 - 07/09/2023 14:00:00","BZN|DK1","346.83","343.17","260.83","329.62"
"07/09/2023 14:00:00 - 07/09/2023 15:00:00","BZN|DK1","297.04","314.38","325.79","359.17"
"07/09/2023 15:00:00 - 07/09/2023 16:00:00","BZN|DK1","270.88","306.38","333.96","300.00"
"07/09/2023 16:00:00 - 07/09/2023 17:00:00","BZN|DK1","258.75","287.75","258.75","246.44"
"07/09/2023 17:00:00 - 07/09/2023 18:00:00","BZN|DK1","282.63","316.67","275.25","290.03"
"07/09/2023 18:00:00 - 07/09/2023 19:00:00","BZN|DK1","359.00","395.29","387.75","401.74"
"07/09/2023 19:00:00 - 07/09/2023 20:00:00","BZN|DK1","402.88","394.13","432.33","452.89"
"07/09/2023 20:00:00 - 07/09/2023 21:00:00","BZN|DK1","452.17","468.29","479.71","560.47"
"07/09/2023 21:00:00 - 07/09/2023 22:00:00","BZN|DK1","505.33","564.00","572.04","603.15"
"07/09/2023 22:00:00 - 07/09/2023 23:00:00","BZN|DK1","548.21","637.92","616.25","671.96"
"07/09/2023 23:00:00 - 08/09/2023 00:00:00","BZN|DK1","541.88","621.17","640.83","641.79"
"08/09/2023 00:00:00 - 08/09/2023 01:00:00","BZN|DK1","553.63","N/A","604.33","669.07"
"08/09/2023 01:00:00 - 08/09/2023 02:00:00","BZN|DK1","557.75","N/A","645.96","660.95"
"08/09/2023 02:00:00 - 08/09/2023 03:00:00","BZN|DK1","501.50","N/A","610.71","605.20"
"08/09/2023 03:00:00 - 08/09/2023 04:00:00","BZN|DK1","478.92","N/A","508.75","444.62"
"08/09/2023 04:00:00 - 08/09/2023 05:00:00","BZN|DK1","473.63","N/A","380.83","332.21"
"08/09/2023 05:00:00 - 08/09/2023 06:00:00","BZN|DK1","474.17","N/A","324.29","297.45"
"08/09/2023 06:00:00 - 08/09/2023 07:00:00","BZN|DK1","460.42","N/A","301.63","303.33"
"08/09/2023 07:00:00 - 08/09/2023 08:00:00","BZN|DK1","440.92","N/A","321.17","313.81"
"08/09/2023 08:00:00 - 08/09/2023 09:00:00","BZN|DK1","433.38","328.00","323.13","374.49"
"08/09/2023 09:00:00 - 08/09/2023 10:00:00","BZN|DK1","446.50","362.17","365.54","426.50"
"08/09/2023 10:00:00 - 08/09/2023 11:00:00","BZN|DK1","487.83","419.17","420.00","387.56"
"08/09/2023 11:00:00 - 08/09/2023 12:00:00","BZN|DK1","482.63","427.46","407.92","447.23"
"08/09/2023 12:00:00 - 08/09/2023 13:00:00","BZN|DK1","391.88","371.38","405.25","461.12"
"08/09/2023 13:00:00 - 08/09/2023 14:00:00","BZN|DK1","332.54","289.46","314.54","350.90"
"08/09/2023 14:00:00 - 08/09/2023 15:00:00","BZN|DK1","318.17","256.92","288.71","286.04"
"08/09/2023 15:00:00 - 08/09/2023 16:00:00","BZN|DK1","307.29","261.75","257.63","153.95"
"08/09/2023 16:00:00 - 08/09/2023 17:00:00","BZN|DK1","275.25","242.88","115.79","74.29"
"08/09/2023 17:00:00 - 08/09/2023 18:00:00","BZN|DK1","301.83","248.92","92.04","77.37"
"08/09/2023 18:00:00 - 08/09/2023 19:00:00","BZN|DK1","351.38","321.08","109.38","92.67"
"08/09/2023 19:00:00 - 08/09/2023 20:00:00","BZN|DK1","320.92","319.50","106.21","147.49"
"08/09/2023 20:00:00 - 08/09/2023 21:00:00","BZN|DK1","275.25","329.88","244.67","214.20"
"08/09/2023 21:00:00 - 08/09/2023 22:00:00","BZN|DK1","280.83","388.33","309.63","272.92"
"08/09/2023 22:00:00 - 08/09/2023 23:00:00","BZN|DK1","343.08","439.17","305.29","337.22"
"08/09/2023 23:00:00 - 09/09/2023 00:00:00","BZN|DK1","400.33","449.75","379.08","359.94"
"09/09/2023 00:00:00 - 09/09/2023 01:00:00","BZN|DK1","416.33","N/A","355.96","320.81"
"09/09/2023 01:00:00 - 09/09/2023 02:00:00","BZN|DK1","397.50","N/A","274.67","264.93"
"09/09/2023 02:00:00 - 09/09/2023 03:00:00","BZN|DK1","296.46","N/A","201.25","197.39"
"09/09/2023 03:00:00 - 09/09/2023 04:00:00","BZN|DK1","246.83","N/A","122.33","154.35"
"09/09/2023 04:00:00 - 09/09/2023 05:00:00","BZN|DK1","219.38","N/A","111.04","115.55"
"09/09/2023 05:00:00 - 09/09/2023 06:00:00","BZN|DK1","216.92","N/A","100.58","102.04"
"09/09/2023 06:00:00 - 09/09/2023 07:00:00","BZN|DK1","204.25","N/A","106.08","84.95"
"09/09/2023 07:00:00 - 09/09/2023 08:00:00","BZN|DK1","183.17","N/A","87.75","88.83"
"09/09/2023 08:00:00 - 09/09/2023 09:00:00","BZN|DK1","184.08","88.13","84.38","71.38"
"09/09/2023 09:00:00 - 09/09/2023 10:00:00","BZN|DK1","189.58","111.25","71.58","72.30"
"09/09/2023 10:00:00 - 09/09/2023 11:00:00","BZN|DK1","177.71","106.00","59.67","83.96"
"09/09/2023 11:00:00 - 09/09/2023 12:00:00","BZN|DK1","195.33","115.21","101.04","98.50"
"09/09/2023 12:00:00 - 09/09/2023 13:00:00","BZN|DK1","184.75","85.67","75.54","112.57"
"09/09/2023 13:00:00 - 09/09/2023 14:00:00","BZN|DK1","165.25","86.92","107.00","106.50"
"09/09/2023 14:00:00 - 09/09/2023 15:00:00","BZN|DK1","132.38","70.75","93.96","111.99"
"09/09/2023 15:00:00 - 09/09/2023 16:00:00","BZN|DK1","135.25","69.50","96.42","103.51"
"09/09/2023 16:00:00 - 09/09/2023 17:00:00","BZN|DK1","142.08","96.96","93.29","108.48"
"09/09/2023 17:00:00 - 09/09/2023 18:00:00","BZN|DK1","140.75","105.33","107.25","75.73"
"09/09/2023 18:00:00 - 09/09/2023 19:00:00","BZN|DK1","130.29","116.50","84.17","69.63"
"09/09/2023 19:00:00 - 09/09/2023 20:00:00","BZN|DK1","117.04","121.50","69.71","97.88"
"09/09/2023 20:00:00 - 09/09/2023 21:00:00","BZN|DK1","137.29","135.25","124.13","127.87"
"09/09/2023 21:00:00 - 09/09/2023 22:00:00","BZN|DK1","144.88","161.46","143.08","116.28"
"09/09/2023 22:00:00 - 09/09/2023 23:00:00","BZN|DK1","120.25","149.67","84.92","68.34"
"09/09/2023 23:00:00 - 10/09/2023 00:00:00","BZN|DK1","88.83","119.54","28.50","16.38"
"10/09/2023 00:00:00 - 10/09/2023 01:00:00","BZN|DK1","93.00","N/A","14.00","8.90"
"10/09/2023 01:00:00 - 10/09/2023 02:00:00","BZN|DK1","62.25","N/A","3.04","12.74"
"10/09/2023 02:00:00 - 10/09/2023 03:00:00","BZN|DK1","36.88","N/A","5.88","8.52"
"10/09/2023 03:00:00 - 10/09/2023 04:00:00","BZN|DK1","29.63","N/A","7.08","12.69"
"10/09/2023 04:00:00 - 10/09/2023 05:00:00","BZN|DK1","27.29","N/A","1.38","22.71"
"10/09/2023 05:00:00 - 10/09/2023 06:00:00","BZN|DK1","50.67","N/A","28.79","57.72"
"10/09/2023 06:00:00 - 10/09/2023 07:00:00","BZN|DK1","69.42","N/A","67.13","76.05"
"10/09/2023 07:00:00 - 10/09/2023 08:00:00","BZN|DK1","80.46","N/A","90.13","74.57"
"10/09/2023 08:00:00 - 10/09/2023 09:00:00","BZN|DK1","83.38","63.25","57.63","57.43"
"10/09/2023 09:00:00 - 10/09/2023 10:00:00","BZN|DK1","80.04","78.75","53.08","55.84"
"10/09/2023 10:00:00 - 10/09/2023 11:00:00","BZN|DK1","75.75","85.88","47.25","55.07"
"10/09/2023 11:00:00 - 10/09/2023 12:00:00","BZN|DK1","66.67","71.29","44.38","49.32"
"10/09/2023 12:00:00 - 10/09/2023 13:00:00","BZN|DK1","37.96","43.50","23.58","38.12"
"10/09/2023 13:00:00 - 10/09/2023 14:00:00","BZN|DK1","24.29","34.46","22.67","33.64"
"10/09/2023 14:00:00 - 10/09/2023 15:00:00","BZN|DK1","16.67","21.75","21.54","9.26"
"10/09/2023 15:00:00 - 10/09/2023 16:00:00","BZN|DK1","5.79","10.58","2.33","11.05"
"10/09/2023 16:00:00 - 10/09/2023 17:00:00","BZN|DK1","5.13","13.17","2.29","8.06"
"10/09/2023 17:00:00 - 10/09/2023 18:00:00","BZN|DK1","6.88","14.79","1.33","8.67"
"10/09/2023 18:00:00 - 10/09/2023 19:00:00","BZN|DK1","9.63","13.63","1.54","7.23"
"10/09/2023 19:00:00 - 10/09/2023 20:00:00","BZN|DK1","21.63","11.58","10.00","10.57"
"10/09/2023 20:00:00 - 10/09/2023 21:00:00","BZN|DK1","13.50","19.21","9.04","24.12"
"10/09/2023 21:00:00 - 10/09/2023 22:00:00","BZN|DK1","8.83","32.42","19.83","28.16"
"10/09/2023 22:00:00 - 10/09/2023 23:00:00","BZN|DK1","19.17","45.04","57.42","40.85"
"10/09/2023 23:00:00 - 11/09/2023 00:00:00","BZN|DK1","41.33","66.29","27.42","37.55"
"11/09/2023 00:00:00 - 11/09/2023 01:00:00","BZN|DK1","83.46","N/A","115.58","73.93"
"11/09/2023 01:00:00 - 11/09/2023 02:00:00","BZN|DK1","190.63","N/A","169.04","109.25"
"11/09/2023 02:00:00 - 11/09/2023 03:00:00","BZN|DK1","276.50","N/A","156.00","139.66"
"11/09/2023 03:00:00 - 11/09/2023 04:00:00","BZN|DK1","343.71","N/A","207.67","223.64"
"11/09/2023 04:00:00 - 11/09/2023 05:00:00","BZN|DK1","438.79","N/A","317.33","318.16"
"11/09/2023 05:00:00 - 11/09/2023 06:00:00","BZN|DK1","440.21","N/A","369.29","402.72"
"11/09/2023 06:00:00 - 11/09/2023 07:00:00","BZN|DK1","424.79","N/A","460.17","476.27"
"11/09/2023 07:00:00 - 11/09/2023 08:00:00","BZN|DK1","422.63","N/A","528.63","545.97"
"11/09/2023 08:00:00 - 11/09/2023 09:00:00","BZN|DK1","462.83","586.71","591.38","556.27"
"11/09/2023 09:00:00 - 11/09/2023 10:00:00","BZN|DK1","540.83","613.67","580.13","645.72"
"11/09/2023 10:00:00 - 11/09/2023 11:00:00","BZN|DK1","596.63","578.08","624.29","656.93"
"11/09/2023 11:00:00 - 11/09/2023 12:00:00","BZN|DK1","600.50","542.58","612.13","555.85"
"11/09/2023 12:00:00 - 11/09/2023 13:00:00","BZN|DK1","453.83","420.29","438.29","504.85"
"11/09/2023 13:00:00 - 11/09/2023 14:00:00","BZN|DK1","366.00","287.00","372.83","373.89"
"11/09/2023 14:00:00 - 11/09/2023 15:00:00","BZN|DK1","384.13","272.38","345.92","408.77"
"11/09/2023 15:00:00 - 11/09/2023 16:00:00","BZN|DK1","396.79","330.75","423.88","479.97"
"11/09/2023 16:00:00 - 11/09/2023 17:00:00","BZN|DK1","342.75","326.21","383.83","406.97"
"11/09/2023 17:00:00 - 11/09/2023 18:00:00","BZN|DK1","317.21","328.79","326.08","281.16"
"11/09/2023 18:00:00 - 11/09/2023 19:00:00","BZN|DK1","328.83","301.25","271.58","257.80"
"11/09/2023 19:00:00 - 11/09/2023 20:00:00","BZN|DK1","340.88","292.38","219.58","236.89"
"11/09/2023 20:00:00 - 11/09/2023 21:00:00","BZN|DK1","340.29","375.58","229.38","275.45"
"11/09/2023 21:00:00 - 11/09/2023 22:00:00","BZN|DK1","317.63","402.88","294.38","324.52"
"11/09/2023 22:00:00 - 11/09/2023 23:00:00","BZN|DK1","273.04","365.92","305.33","248.74"
"11/09/2023 23:00:00 - 12/09/2023 00:00:00","BZN|DK1","214.71","347.58","178.29","234.76"
"12/09/2023 00:00:00 - 12/09/2023 01:00:00","BZN|DK1","221.08","N/A","258.79","205.87"
"12/09/2023 01:00:00 - 12/09/2023 02:00:00","BZN|DK1","201.38","N/A","128.33","135.76"
"12/09/2023 02:00:00 - 12/09/2023 03:00:00","BZN|DK1","181.13","N/A","134.25","148.27"
"12/09/2023 03:00:00 - 12/09/2023 04:00:00","BZN|DK1","155.29","N/A","149.33","173.55"
"12/09/2023 04:00:00 - 12/09/2023 05:00:00","BZN|DK1","179.17","N/A","168.25","148.71"
"12/09/2023 05:00:00 - 12/09/2023 06:00:00","BZN|DK1","197.88","N/A","105.83","78.16"
"12/09/2023 06:00:00 - 12/09/2023 07:00:00","BZN|DK1","165.96","N/A","35.63","80.30"
"12/09/2023 07:00:00 - 12/09/2023 08:00:00","BZN|DK1","135.83","N/A","45.75","71.29"
"12/09/2023 08:00:00 - 12/09/2023 09:00:00","BZN|DK1","108.00","53.13","56.63","72.30"
"12/09/2023 09:00:00 - 12/09/2023 10:00:00","BZN|DK1","122.33","74.08","88.42","99.29"
"12/09/2023 10:00:00 - 12/09/2023 11:00:00","BZN|DK1","215.71","106.13","208.75","196.13"
"12/09/2023 11:00:00 - 12/09/2023 12:00:00","BZN|DK1","244.00","225.92","282.63","298.21"
"12/09/2023 12:00:00 - 12/09/2023 13:00:00","BZN|DK1","241.71","419.17","355.42","282.25"
"12/09/2023 13:00:00 - 12/09/2023 14:00:00","BZN|DK1","221.46","420.08","301.00","353.46"
"12/09/2023 14:00:00 - 12/09/2023 15:00:00","BZN|DK1","264.21","405.71","355.79","325.26"
"12/09/2023 15:00:00 - 12/09/2023 16:00:00","BZN|DK1","240.46","355.17","327.13","318.78"
"12/09/2023 16:00:00 - 12/09/2023 17:00:00","BZN|DK1","312.58","333.42","329.83","352.50"
"12/09/2023 17:00:00 - 12/09/2023 18:00:00","BZN|DK1","394.50","426.42","398.38","462.86"
"12/09/2023 18:00:00 - 12/09/2023 19:00:00","BZN|DK1","464.46","548.71","553.71","550.58"
"12/09/2023 19:00:00 - 12/09/2023 20:00:00","BZN|DK1","478.92","510.79","453.29","437.61"
"12/09/2023 20:00:00 - 12/09/2023 21:00:00","BZN|DK1","533.42","459.04","401.83","501.14"
"12/09/2023 21:00:00 - 12/09/2023 22:00:00","BZN|DK1","550.29","468.13","474.79","468.85"
"12/09/2023 22:00:00 - 12/09/2023 23:00:00","BZN|DK1","559.42","521.04","433.58","411.06"
"12/09/2023 23:00:00 - 13/09/2023 00:00:00","BZN|DK1","586.63","559.21","382.00","417.33"
"13/09/2023 00:00:00 - 13/09/2023 01:00:00","BZN|DK1","559.67","N/A","465.21","523.51"
"13/09/2023 01:00:00 - 13/09/2023 02:00:00","BZN|DK1","606.58","N/A","489.75","517.83"
"13/09/2023 02:00:00 - 13/09/2023 03:00:00","BZN|DK1","630.75","N/A","477.33","512.83"
"13/09/2023 03:00:00 - 13/09/2023 04:00:00","BZN|DK1","630.71","N/A","533.42","542.62"
"13/09/2023 04:00:00 - 13/09/2023 05:00:00","BZN|DK1","658.42","N/A","516.21","585.64"
"13/09/2023 05:00:00 - 13/09/2023 06:00:00","BZN|DK1","688.96","N/A","630.83","670.61"
"13/09/2023 06:00:00 - 13/09/2023 07:00:00","BZN|DK1","696.04","N/A","636.88","657.86"
"13/09/2023 07:00:00 - 13/09/2023 08:00:00","BZN|DK1","701.33","N/A","639.96","747.18"
"13/09/2023 08:00:00 - 13/09/2023 09:00:00","BZN|DK1","714.21","718.42","750.21","784.44"
"13/09/2023 09:00:00 - 13/09/2023 10:00:00","BZN|DK1","665.46","706.92","729.79","822.77"
"13/09/2023 10:00:00 - 13/09/2023 11:00:00","BZN|DK1","658.71","684.75","779.92","868.86"
"13/09/2023 11:00:00 - 13/09/2023 12:00:00","BZN|DK1","663.96","667.08","828.58","859.20"
"13/09/2023 12:00:00 - 13/09/2023 13:00:00","BZN|DK1","604.88","660.71","780.38","826.03"
"13/09/2023 13:00:00 - 13/09/2023 14:00:00","BZN|DK1","592.50","656.83","771.58","859.28"
"13/09/2023 14:00:00 - 13/09/2023 15:00:00","BZN|DK1","601.75","642.79","813.83","875.57"
"13/09/2023 15:00:00 - 13/09/2023 16:00:00","BZN|DK1","602.13","617.21","842.58","931.47"
"13/09/2023 16:00:00 - 13/09/2023 17:00:00","BZN|DK1","668.38","623.38","843.50","877.54"
"13/09/2023 17:00:00 - 13/09/2023 18:00:00","BZN|DK1","736.29","669.88","810.42","928.91"
"13/09/2023 18:00:00 - 13/09/2023 19:00:00","BZN|DK1","770.13","712.63","893.96","879.35"
"13/09/2023 19:00:00 - 13/09/2023 20:00:00","BZN|DK1","692.88","669.50","748.67","727.20"
"13/09/2023 20:00:00 - 13/09/2023 21:00:00","BZN|DK1","690.42","644.33","657.33","752.83"
"13/09/2023 21:00:00 - 13/09/2023 22:00:00","BZN|DK1","648.38","557.54","690.13","609.51"
"13/09/2023 22:00:00 - 13/09/2023 23:00:00","BZN|DK1","530.08","430.00","415.54","391.76"
"13/09/2023 23:00:00 - 14/09/2023 00:00:00","BZN|DK1","392.46","319.50","293.71","256.97"
"14/09/2023 00:00:00 - 14/09/2023 01:00:00","BZN|DK1","381.79","N/A","216.67","183.46"
"14/09/2023 01:00:00 - 14/09/2023 02:00:00","BZN|DK1","285.33","N/A","105.00","128.44"
"14/09/2023 02:00:00 - 14/09/2023 03:00:00","BZN|DK1","236.92","N/A","97.92","101.22"
"14/09/2023 03:00:00 - 14/09/2023 04:00:00","BZN|DK1","171.50","N/A","96.38","135.92"
"14/09/2023 04:00:00 - 14/09/2023 05:00:00","BZN|DK1","134.38","N/A","96.88","88.16"
"14/09/2023 05:00:00 - 14/09/2023 06:00:00","BZN|DK1","97.04","N/A","72.63","66.31"
"14/09/2023 06:00:00 - 14/09/2023 07:00:00","BZN|DK1","82.96","N/A","66.92","88.22"
"14/09/2023 07:00:00 - 14/09/2023 08:00:00","BZN|DK1","79.29","N/A","72.88","108.84"
"14/09/2023 08:00:00 - 14/09/2023 09:00:00","BZN|DK1","74.67","117.63","113.83","119.07"
"14/09/2023 09:00:00 - 14/09/2023 10:00:00","BZN|DK1","97.92","121.79","132.96","139.37"
"14/09/2023 10:00:00 - 14/09/2023 11:00:00","BZN|DK1","133.71","119.88","141.33","124.73"
"14/09/2023 11:00:00 - 14/09/2023 12:00:00","BZN|DK1","154.88","118.50","118.63","68.79"
"14/09/2023 12:00:00 - 14/09/2023 13:00:00","BZN|DK1","152.08","157.08","90.04","81.18"
"14/09/2023 13:00:00 - 14/09/2023 14:00:00","BZN|DK1","178.33","208.25","129.00","184.36"
"14/09/2023 14:00:00 - 14/09/2023 15:00:00","BZN|DK1","208.88","269.75","251.83","279.04"
"14/09/2023 15:00:00 - 14/09/2023 16:00:00","BZN|DK1","264.75","303.79","303.25","389.98"
"14/09/2023 16:00:00 - 14/09/2023 17:00:00","BZN|DK1","330.67","346.42","394.92","381.60"
"14/09/2023 17:00:00 - 14/09/2023 18:00:00","BZN|DK1","390.33","387.21","403.08","317.01"
"14/09/2023 18:00:00 - 14/09/2023 19:00:00","BZN|DK1","453.13","395.13","290.92","351.30"
"14/09/2023 19:00:00 - 14/09/2023 20:00:00","BZN|DK1","423.21","354.88","402.71","472.48"
"14/09/2023 20:00:00 - 14/09/2023 21:00:00","BZN|DK1","426.25","385.25","520.75","447.18"
"14/09/2023 21:00:00 - 14/09/2023 22:00:00","BZN|DK1","414.17","413.58","439.08","423.77"
"14/09/2023 22:00:00 - 14/09/2023 23:00:00","BZN|DK1","406.88","439.21","341.46","323.91"
"14/09/2023 23:00:00 - 15/09/2023 00:00:00","BZN|DK1","428.33","528.25","357.21","310.80"
"15/09/2023 00:00:00 - 15/09/2023 01:00:00","BZN|DK1","490.88","N/A","357.42","538.79"
"15/09/2023 01:00:00 - 15/09/2023 02:00:00","BZN|DK1","495.38","N/A","579.33","580.26"
"15/09/2023 02:00:00 - 15/09/2023 03:00:00","BZN|DK1","502.08","N/A","482.33","446.16"
"15/09/2023 03:00:00 - 15/09/2023 04:00:00","BZN|DK1","487.67","N/A","429.17","502.20"
"15/09/2023 04:00:00 - 15/09/2023 05:00:00","BZN|DK1","513.75","N/A","528.25","531.91"
"15/09/2023 05:00:00 - 15/09/2023 06:00:00","BZN|DK1","533.79","N/A","472.13","477.92"
"15/09/2023 06:00:00 - 15/09/2023 07:00:00","BZN|DK1","534.54","N/A","417.63","459.26"
"15/09/2023 07:00:00 - 15/09/2023 08:00:00","BZN|DK1","517.54","N/A","424.29","446.36"
"15/09/2023 08:00:00 - 15/09/2023 09:00:00","BZN|DK1","516.04","435.67","437.79","455.70"
"15/09/2023 09:00:00 - 15/09/2023 10:00:00","BZN|DK1","479.92","442.33","397.33","446.82"
"15/09/2023 10:00:00 - 15/09/2023 11:00:00","BZN|DK1","455.67","446.25","406.33","393.25"
"15/09/2023 11:00:00 - 15/09/2023 12:00:00","BZN|DK1","459.38","452.38","366.38","406.84"
"15/09/2023 12:00:00 - 15/09/2023 13:00:00","BZN|DK1","424.96","435.92","357.00","411.86"
"15/09/2023 13:00:00 - 15/09/2023 14:00:00","BZN|DK1","401.88","400.42","362.58","361.79"
"15/09/2023 14:00:00 - 15/09/2023 15:00:00","BZN|DK1","384.54","382.63","279.71","321.13"
"15/09/2023 15:00:00 - 15/09/2023 16:00:00","BZN|DK1","390.42","372.13","255.29","215.68"
"15/09/2023 16:00:00 - 15/09/2023 17:00:00","BZN|DK1","366.75","355.92","156.67","148.54"
"15/09/2023 17:00:00 - 15/09/2023 18:00:00","BZN|DK1","301.38","308.88","90.83","139.81"
"15/09/2023 18:00:00 - 15/09/2023 19:00:00","BZN|DK1","205.67","197.83","82.46","133.49"
"15/09/2023 19:00:00 - 15/09/2023 20:00:00","BZN|DK1","164.63","128.67","118.54","118.86"
"15/09/2023 20:00:00 - 15/09/2023 21:00:00","BZN|DK1","195.79","188.79","141.96","187.59"
"15/09/2023 21:00:00 - 15/09/2023 22:00:00","BZN|DK1","270.83","293.17","269.67","379.68"
"15/09/2023 22:00:00 - 15/09/2023 23:00:00","BZN|DK1","296.42","410.29","495.71","504.37"
"15/09/2023 23:00:00 - 16/09/2023 00:00:00","BZN|DK1","326.25","500.38","503.92","474.67"
"16/09/2023 00:00:00 - 16/09/2023 01:00:00","BZN|DK1","486.17","N/A","447.58","411.62"
"16/09/2023 01:00:00 - 16/09/2023 02:00:00","BZN|DK1","448.29","N/A","346.67","345.61"
"16/09/2023 02:00:00 - 16/09/2023 03:00:00","BZN|DK1","393.71","N/A","283.92","270.74"
"16/09/2023 03:00:00 - 16/09/2023 04:00:00","BZN|DK1","339.58","N/A","227.29","212.75"
"16/09/2023 04:00:00 - 16/09/2023 05:00:00","BZN|DK1","298.25","N/A","171.96","161.42"
"16/09/2023 05:00:00 - 16/09/2023 06:00:00","BZN|DK1","296.25","N/A","155.42","143.84"
"16/09/2023 06:00:00 - 16/09/2023 07:00:00","BZN|DK1","280.75","N/A","187.21","172.80"
"16/09/2023 07:00:00 - 16/09/2023 08:00:00","BZN|DK1","268.71","N/A","159.04","201.62"
"16/09/2023 08:00:00 - 16/09/2023 09:00:00","BZN|DK1","285.96","209.83","207.17","226.65"
"16/09/2023 09:00:00 - 16/09/2023 10:00:00","BZN|DK1","273.79","212.25","214.04","214.43"
"16/09/2023 10:00:00 - 16/09/2023 11:00:00","BZN|DK1","249.63","199.42","199.04","201.52"
"16/09/2023 11:00:00 - 16/09/2023 12:00:00","BZN|DK1","242.67","198.33","181.79","170.70"
"16/09/2023 12:00:00 - 16/09/2023 13:00:00","BZN|DK1","212.04","170.17","146.42","139.24"
"16/09/2023 13:00:00 - 16/09/2023 14:00:00","BZN|DK1","176.42","156.67","117.58","135.41"
"16/09/2023 14:00:00 - 16/09/2023 15:00:00","BZN|DK1","163.58","130.33","151.79","178.55"
"16/09/2023 15:00:00 - 16/09/2023 16:00:00","BZN|DK1","155.75","123.54","163.25","112.93"
"16/09/2023 16:00:00 - 16/09/2023 17:00:00","BZN|DK1","146.29","126.50","90.50","108.23"
"16/09/2023 17:00:00 - 16/09/2023 18:00:00","BZN|DK1","147.54","134.17","100.29","59.17"
"16/09/2023 18:00:00 - 16/09/2023 19:00:00","BZN|DK1","165.42","167.38","95.79","48.89"
"16/09/2023 19:00:00 - 16/09/2023 20:00:00","BZN|DK1","214.21","180.58","66.75","95.32"
"16/09/2023 20:00:00 - 16/09/2023 21:00:00","BZN|DK1","271.75","192.17","144.04","178.07"
"16/09/2023 21:00:00 - 16/09/2023 22:00:00","BZN|DK1","314.04","240.96","178.25","175.74"
"16/09/2023 22:00:00 - 16/09/2023 23:00:00","BZN|DK1","345.17","282.21","193.92","187.56"
"16/09/2023 23:00:00 - 17/09/2023 00:00:00","BZN|DK1","349.92","239.58","183.17","199.46"
"17/09/2023 00:00:00 - 17/09/2023 01:00:00","BZN|DK1","253.92","N/A","267.38","209.94"
"17/09/2023 01:00:00 - 17/09/2023 02:00:00","BZN|DK1","263.88","N/A","234.50","284.69"
"17/09/2023 02:00:00 - 17/09/2023 03:00:00","BZN|DK1","255.13","N/A","293.54","359.19"
"17/09/2023 03:00:00 - 17/09/2023 04:00:00","BZN|DK1","267.63","N/A","346.25","366.31"
"17/09/2023 04:00:00 - 17/09/2023 05:00:00","BZN|DK1","290.21","N/A","362.13","345.19"
"17/09/2023 05:00:00 - 17/09/2023 06:00:00","BZN|DK1","308.96","N/A","318.29","349.64"
"17/09/2023 06:00:00 - 17/09/2023 07:00:00","BZN|DK1","313.29","N/A","334.71","305.40"
"17/09/2023 07:00:00 - 17/09/2023 08:00:00","BZN|DK1","278.00","N/A","224.42","228.64"
"17/09/2023 08:00:00 - 17/09/2023 09:00:00","BZN|DK1","235.71","200.79","189.96","172.84"
"17/09/2023 09:00:00 - 17/09/2023 10:00:00","BZN|DK1","208.33","212.54","164.88","180.89"
"17/09/2023 10:00:00 - 17/09/2023 11:00:00","BZN|DK1","191.75","221.17","185.96","210.63"
"17/09/2023 11:00:00 - 17/09/2023 12:00:00","BZN|DK1","211.79","240.33","225.46","255.16"
"17/09/2023 12:00:00 - 17/09/2023 13:00:00","BZN|DK1","205.96","260.38","241.54","243.13"
"17/09/2023 13:00:00 - 17/09/2023 14:00:00","BZN|DK1","208.54","271.92","211.75","189.54"
"17/09/2023 14:00:00 - 17/09/2023 15:00:00","BZN|DK1","233.79","287.33","156.63","163.11"
"17/09/2023 15:00:00 - 17/09/2023 16:00:00","BZN|DK1","256.79","283.75","126.92","196.39"
"17/09/2023 16:00:00 - 17/09/2023 17:00:00","BZN|DK1","293.21","276.04","174.58","199.36"
"17/09/2023 17:00:00 - 17/09/2023 18:00:00","BZN|DK1","327.83","342.38","231.04","207.07"
"17/09/2023 18:00:00 - 17/09/2023 19:00:00","BZN|DK1","395.50","483.88","347.46","374.08"
"17/09/2023 19:00:00 - 17/09/2023 20:00:00","BZN|DK1","522.00","575.71","557.92","655.56"
"17/09/2023 20:00:00 - 17/09/2023 21:00:00","BZN|DK1","637.75","691.63","748.38","850.18"
"17/09/2023 21:00:00 - 17/09/2023 22:00:00","BZN|DK1","742.63","814.08","909.54","1130.93"
"17/09/2023 22:00:00 - 17/09/2023 23:00:00","BZN|DK1","794.67","874.50","1078.42","1155.79"
"17/09/2023 23:00:00 - 18/09/2023 00:00:00","BZN|DK1","870.92","888.04","1039.08","1093.90"
"18/09/2023 00:00:00 - 18/09/2023 01:00:00","BZN|DK1","878.13","N/A","976.96","1083.61"
"18/09/2023 01:00:00 - 18/09/2023 02:00:00","BZN|DK1","873.63","N/A","968.42","1097.30"
"18/09/2023 02:00:00 - 18/09/2023 03:00:00","BZN|DK1","837.33","N/A","995.29","1154.80"
"18/09/2023 03:00:00 - 18/09/2023 04:00:00","BZN|DK1","788.83","N/A","1003.21","1107.38"
"18/09/2023 04:00:00 - 18/09/2023 05:00:00","BZN|DK1","782.25","N/A","918.29","959.76"
"18/09/2023 05:00:00 - 18/09/2023 06:00:00","BZN|DK1","823.58","N/A","865.21","846.21"
"18/09/2023 06:00:00 - 18/09/2023 07:00:00","BZN|DK1","845.88","N/A","753.75","902.16"
"18/09/2023 07:00:00 - 18/09/2023 08:00:00","BZN|DK1","833.42","N/A","818.63","910.55"
"18/09/2023 08:00:00 - 18/09/2023 09:00:00","BZN|DK1","869.17","916.13","925.79","1039.52"
"18/09/2023 09:00:00 - 18/09/2023 10:00:00","BZN|DK1","829.63","859.08","923.58","1149.54"
"18/09/2023 10:00:00 - 18/09/2023 11:00:00","BZN|DK1","780.54","831.33","1023.13","1145.07"
"18/09/2023 11:00:00 - 18/09/2023 12:00:00","BZN|DK1","765.92","872.71","990.21","1088.81"
"18/09/2023 12:00:00 - 18/09/2023 13:00:00","BZN|DK1","682.79","877.08","972.46","1109.12"
"18/09/2023 13:00:00 - 18/09/2023 14:00:00","BZN|DK1","706.79","760.54","848.33","746.93"
"18/09/2023 14:00:00 - 18/09/2023 15:00:00","BZN|DK1","779.46","727.21","677.88","839.21"
"18/09/2023 15:00:00 - 18/09/2023 16:00:00","BZN|DK1","817.88","865.00","880.38","1067.16"
"18/09/2023 16:00:00 - 18/09/2023 17:00:00","BZN|DK1","854.83","903.75","1026.21","1088.17"
"18/09/2023 17:00:00 - 18/09/2023 18:00:00","BZN|DK1","898.00","929.79","1007.63","1160.79"
"18/09/2023 18:00:00 - 18/09/2023 19:00:00","BZN|DK1","935.25","927.46","1084.54","1129.00"
"18/09/2023 19:00:00 - 18/09/2023 20:00:00","BZN|DK1","872.08","796.67","943.25","986.00"
"18/09/2023 20:00:00 - 18/09/2023 21:00:00","BZN|DK1","851.58","759.79","878.54","845.74"
"18/09/2023 21:00:00 - 18/09/2023 22:00:00","BZN|DK1","827.08","756.75","738.29","675.76"
"18/09/2023 22:00:00 - 18/09/2023 23:00:00","BZN|DK1","805.67","755.92","686.25","590.44"
"18/09/2023 23:00:00 - 19/09/2023 00:00:00","BZN|DK1","763.67","773.29","477.42","366.51"
"19/09/2023 00:00:00 - 19/09/2023 01:00:00","BZN|DK1","850.88","N/A","526.25","540.78"
"19/09/2023 01:00:00 - 19/09/2023 02:00:00","BZN|DK1","876.63","N/A","627.00","699.21"
"19/09/2023 02:00:00 - 19/09/2023 03:00:00","BZN|DK1","891.00","N/A","668.50","760.27"
"19/09/2023 03:00:00 - 19/09/2023 04:00:00","BZN|DK1","920.21","N/A","748.29","568.07"
"19/09/2023 04:00:00 - 19/09/2023 05:00:00","BZN|DK1","929.58","N/A","411.25","356.29"
"19/09/2023 05:00:00 - 19/09/2023 06:00:00","BZN|DK1","963.38","N/A","409.46","675.88"
"19/09/2023 06:00:00 - 19/09/2023 07:00:00","BZN|DK1","933.25","N/A","621.29","691.28"
"19/09/2023 07:00:00 - 19/09/2023 08:00:00","BZN|DK1","893.96","N/A","670.75","1039.33"
"19/09/2023 08:00:00 - 19/09/2023 09:00:00","BZN|DK1","905.38","1017.29","1015.88","1126.47"
"19/09/2023 09:00:00 - 19/09/2023 10:00:00","BZN|DK1","842.29","943.00","971.00","1189.38"
"19/09/2023 10:00:00 - 19/09/2023 11:00:00","BZN|DK1","786.71","876.92","1063.63","1124.98"
"19/09/2023 11:00:00 - 19/09/2023 12:00:00","BZN|DK1","816.50","879.00","977.83","672.39"
"19/09/2023 12:00:00 - 19/09/2023 13:00:00","BZN|DK1","819.50","864.58","636.79","214.40"
"19/09/2023 13:00:00 - 19/09/2023 14:00:00","BZN|DK1","814.04","857.29","211.50","232.99"
"19/09/2023 14:00:00 - 19/09/2023 15:00:00","BZN|DK1","825.42","849.58","239.71","234.66"
"19/09/2023 15:00:00 - 19/09/2023 16:00:00","BZN|DK1","865.75","874.75","252.71","344.11"
"19/09/2023 16:00:00 - 19/09/2023 17:00:00","BZN|DK1","882.92","918.42","374.96","564.17"
"19/09/2023 17:00:00 - 19/09/2023 18:00:00","BZN|DK1","935.54","951.88","565.92","941.20"
"19/09/2023 18:00:00 - 19/09/2023 19:00:00","BZN|DK1","969.75","989.96","882.79","895.97"
"19/09/2023 19:00:00 - 19/09/2023 20:00:00","BZN|DK1","917.21","933.88","761.79","866.25"
"19/09/2023 20:00:00 - 19/09/2023 21:00:00","BZN|DK1","904.71","926.92","861.08","669.60"
"19/09/2023 21:00:00 - 19/09/2023 22:00:00","BZN|DK1","938.50","949.04","652.00","679.96"
"19/09/2023 22:00:00 - 19/09/2023 23:00:00","BZN|DK1","943.50","972.00","645.17","644.06"
"19/09/2023 23:00:00 - 20/09/2023 00:00:00","BZN|DK1","946.63","952.21","571.54","628.24"
"20/09/2023 00:00:00 - 20/09/2023 01:00:00","BZN|DK1","858.83","N/A","591.33","665.93"
"20/09/2023 01:00:00 - 20/09/2023 02:00:00","BZN|DK1","781.75","N/A","605.33","654.17"
"20/09/2023 02:00:00 - 20/09/2023 03:00:00","BZN|DK1","719.88","N/A","601.42","646.47"
"20/09/2023 03:00:00 - 20/09/2023 04:00:00","BZN|DK1","733.96","N/A","619.96","170.18"
"20/09/2023 04:00:00 - 20/09/2023 05:00:00","BZN|DK1","739.29","N/A","203.29","345.62"
"20/09/2023 05:00:00 - 20/09/2023 06:00:00","BZN|DK1","782.13","N/A","380.79","670.32"
"20/09/2023 06:00:00 - 20/09/2023 07:00:00","BZN|DK1","809.92","N/A","670.08","965.26"
"20/09/2023 07:00:00 - 20/09/2023 08:00:00","BZN|DK1","822.88","N/A","944.92","940.15"
"20/09/2023 08:00:00 - 20/09/2023 09:00:00","BZN|DK1","843.67","855.79","845.29","1015.14"
"20/09/2023 09:00:00 - 20/09/2023 10:00:00","BZN|DK1","773.33","799.13","993.83","1143.60"
"20/09/2023 10:00:00 - 20/09/2023 11:00:00","BZN|DK1","714.67","757.29","982.50","1088.14"
"20/09/2023 11:00:00 - 20/09/2023 12:00:00","BZN|DK1","724.63","764.13","950.08","1047.72"
"20/09/2023 12:00:00 - 20/09/2023 13:00:00","BZN|DK1","737.21","761.42","960.96","701.59"
"20/09/2023 13:00:00 - 20/09/2023 14:00:00","BZN|DK1","735.04","749.33","548.54","548.10"
"20/09/2023 14:00:00 - 20/09/2023 15:00:00","BZN|DK1","755.08","742.46","533.38","554.88"
"20/09/2023 15:00:00 - 20/09/2023 16:00:00","BZN|DK1","774.38","759.21","592.58","1024.25"
"20/09/2023 16:00:00 - 20/09/2023 17:00:00","BZN|DK1","821.71","817.21","1019.67","1076.65"
"20/09/2023 17:00:00 - 20/09/2023 18:00:00","BZN|DK1","855.13","846.54","1073.25","1128.04"
"20/09/2023 18:00:00 - 20/09/2023 19:00:00","BZN|DK1","870.08","873.46","1095.58","1171.11"
"20/09/2023 19:00:00 - 20/09/2023 20:00:00","BZN|DK1","843.25","843.88","1037.63","1077.69"
"20/09/2023 20:00:00 - 20/09/2023 21:00:00","BZN|DK1","840.13","841.54","1018.00","1155.98"
"20/09/2023 21:00:00 - 20/09/2023 22:00:00","BZN|DK1","826.88","859.29","1064.71","1113.12"
"20/09/2023 22:00:00 - 20/09/2023 23:00:00","BZN|DK1","804.88","847.92","982.04","1104.55"
"20/09/2023 23:00:00 - 21/09/2023 00:00:00","BZN|DK1","797.08","804.54","960.29","1046.00"
"21/09/2023 00:00:00 - 21/09/2023 01:00:00","BZN|DK1","885.92","N/A","965.46","742.97"
"21/09/2023 01:00:00 - 21/09/2023 02:00:00","BZN|DK1","861.67","N/A","688.50","733.01"
"21/09/2023 02:00:00 - 21/09/2023 03:00:00","BZN|DK1","840.25","N/A","692.08","758.01"
"21/09/2023 03:00:00 - 21/09/2023 04:00:00","BZN|DK1","851.83","N/A","727.67","731.35"
"21/09/2023 04:00:00 - 21/09/2023 05:00:00","BZN|DK1","854.17","N/A","772.79","1092.11"
"21/09/2023 05:00:00 - 21/09/2023 06:00:00","BZN|DK1","881.29","N/A","1042.50","1125.70"
"21/09/2023 06:00:00 - 21/09/2023 07:00:00","BZN|DK1","867.00","N/A","1004.75","1118.23"
"21/09/2023 07:00:00 - 21/09/2023 08:00:00","BZN|DK1","841.50","N/A","1065.71","1056.83"
"21/09/2023 08:00:00 - 21/09/2023 09:00:00","BZN|DK1","854.92","964.13","963.33","1074.21"
"21/09/2023 09:00:00 - 21/09/2023 10:00:00","BZN|DK1","814.50","905.04","962.21","1171.20"
"21/09/2023 10:00:00 - 21/09/2023 11:00:00","BZN|DK1","787.88","870.46","1051.38","1126.19"
"21/09/2023 11:00:00 - 21/09/2023 12:00:00","BZN|DK1","764.50","836.42","947.04","958.83"
"21/09/2023 12:00:00 - 21/09/2023 13:00:00","BZN|DK1","700.25","756.25","837.88","915.86"
"21/09/2023 13:00:00 - 21/09/2023 14:00:00","BZN|DK1","598.17","584.38","629.25","622.12"
"21/09/2023 14:00:00 - 21/09/2023 15:00:00","BZN|DK1","497.00","437.83","411.13","406.00"
"21/09/2023 15:00:00 - 21/09/2023 16:00:00","BZN|DK1","470.21","366.29","254.96","374.67"
"21/09/2023 16:00:00 - 21/09/2023 17:00:00","BZN|DK1","529.67","350.79","198.50","352.79"
"21/09/2023 17:00:00 - 21/09/2023 18:00:00","BZN|DK1","464.46","342.08","283.75","324.30"
"21/09/2023 18:00:00 - 21/09/2023 19:00:00","BZN|DK1","383.04","349.33","307.17","372.02"
"21/09/2023 19:00:00 - 21/09/2023 20:00:00","BZN|DK1","318.13","317.38","350.54","380.97"
"21/09/2023 20:00:00 - 21/09/2023 21:00:00","BZN|DK1","248.50","309.50","340.83","351.46"
"21/09/2023 21:00:00 - 21/09/2023 22:00:00","BZN|DK1","207.38","310.88","364.33","408.16"
"21/09/2023 22:00:00 - 21/09/2023 23:00:00","BZN|DK1","179.50","288.25","388.08","438.98"
"21/09/2023 23:00:00 - 22/09/2023 00:00:00","BZN|DK1","111.08","351.88","383.17","402.00"
"22/09/2023 00:00:00 - 22/09/2023 01:00:00","BZN|DK1","480.29","N/A","415.92","381.52"
"22/09/2023 01:00:00 - 22/09/2023 02:00:00","BZN|DK1","520.58","N/A","368.63","411.21"
"22/09/2023 02:00:00 - 22/09/2023 03:00:00","BZN|DK1","518.33","N/A","385.54","303.81"
"22/09/2023 03:00:00 - 22/09/2023 04:00:00","BZN|DK1","472.08","N/A","276.13","89.14"
"22/09/2023 04:00:00 - 22/09/2023 05:00:00","BZN|DK1","392.25","N/A","36.92","32.30"
"22/09/2023 05:00:00 - 22/09/2023 06:00:00","BZN|DK1","334.33","N/A","22.54","88.35"
"22/09/2023 06:00:00 - 22/09/2023 07:00:00","BZN|DK1","293.71","N/A","88.88","52.21"
"22/09/2023 07:00:00 - 22/09/2023 08:00:00","BZN|DK1","253.50","N/A","13.54","24.43"
"22/09/2023 08:00:00 - 22/09/2023 09:00:00","BZN|DK1","232.04","28.83","21.13","21.66"
"22/09/2023 09:00:00 - 22/09/2023 10:00:00","BZN|DK1","228.17","67.71","44.67","45.90"
"22/09/2023 10:00:00 - 22/09/2023 11:00:00","BZN|DK1","242.54","152.88","66.13","54.31"
"22/09/2023 11:00:00 - 22/09/2023 12:00:00","BZN|DK1","254.46","242.00","92.58","180.66"
"22/09/2023 12:00:00 - 22/09/2023 13:00:00","BZN|DK1","261.42","281.46","220.96","143.11"
"22/09/2023 13:00:00 - 22/09/2023 14:00:00","BZN|DK1","280.71","279.75","190.08","351.53"
"22/09/2023 14:00:00 - 22/09/2023 15:00:00","BZN|DK1","309.08","265.33","303.13","122.63"
"22/09/2023 15:00:00 - 22/09/2023 16:00:00","BZN|DK1","356.96","233.83","61.42","62.70"
"22/09/2023 16:00:00 - 22/09/2023 17:00:00","BZN|DK1","406.71","255.33","87.83","136.63"
"22/09/2023 17:00:00 - 22/09/2023 18:00:00","BZN|DK1","442.17","367.75","164.92","164.13"
"22/09/2023 18:00:00 - 22/09/2023 19:00:00","BZN|DK1","490.17","440.17","158.33","152.01"
"22/09/2023 19:00:00 - 22/09/2023 20:00:00","BZN|DK1","526.08","457.25","149.75","226.89"
"22/09/2023 20:00:00 - 22/09/2023 21:00:00","BZN|DK1","545.13","453.29","262.96","327.16"
"22/09/2023 21:00:00 - 22/09/2023 22:00:00","BZN|DK1","566.25","439.92","336.92","299.69"
"22/09/2023 22:00:00 - 22/09/2023 23:00:00","BZN|DK1","573.75","427.00","230.29","209.56"
"22/09/2023 23:00:00 - 23/09/2023 00:00:00","BZN|DK1","548.67","406.71","194.63","168.55"
"23/09/2023 00:00:00 - 23/09/2023 01:00:00","BZN|DK1","222.46","N/A","167.33","158.30"
"23/09/2023 01:00:00 - 23/09/2023 02:00:00","BZN|DK1","208.75","N/A","191.79","176.88"
"23/09/2023 02:00:00 - 23/09/2023 03:00:00","BZN|DK1","201.21","N/A","172.88","136.74"
"23/09/2023 03:00:00 - 23/09/2023 04:00:00","BZN|DK1","216.88","N/A","124.46","135.06"
"23/09/2023 04:00:00 - 23/09/2023 05:00:00","BZN|DK1","265.50","N/A","190.17","220.93"
"23/09/2023 05:00:00 - 23/09/2023 06:00:00","BZN|DK1","303.33","N/A","274.79","307.52"
"23/09/2023 06:00:00 - 23/09/2023 07:00:00","BZN|DK1","333.13","N/A","299.79","297.04"
"23/09/2023 07:00:00 - 23/09/2023 08:00:00","BZN|DK1","342.04","N/A","318.00","358.54"
"23/09/2023 08:00:00 - 23/09/2023 09:00:00","BZN|DK1","321.79","394.00","391.96","355.63"
"23/09/2023 09:00:00 - 23/09/2023 10:00:00","BZN|DK1","347.38","390.21","316.58","212.69"
"23/09/2023 10:00:00 - 23/09/2023 11:00:00","BZN|DK1","377.54","386.58","185.71","131.53"
"23/09/2023 11:00:00 - 23/09/2023 12:00:00","BZN|DK1","386.96","410.21","168.83","161.69"
"23/09/2023 12:00:00 - 23/09/2023 13:00:00","BZN|DK1","407.63","432.79","221.46","212.24"
"23/09/2023 13:00:00 - 23/09/2023 14:00:00","BZN|DK1","452.54","438.92","198.96","201.60"
"23/09/2023 14:00:00 - 23/09/2023 15:00:00","BZN|DK1","511.13","474.42","310.50","251.74"
"23/09/2023 15:00:00 - 23/09/2023 16:00:00","BZN|DK1","553.21","536.79","384.96","405.20"
"23/09/2023 16:00:00 - 23/09/2023 17:00:00","BZN|DK1","588.63","551.63","506.13","545.00"
"23/09/2023 17:00:00 - 23/09/2023 18:00:00","BZN|DK1","637.54","561.92","546.58","504.92"
"23/09/2023 18:00:00 - 23/09/2023 19:00:00","BZN|DK1","685.33","602.79","492.21","665.29"
"23/09/2023 19:00:00 - 23/09/2023 20:00:00","BZN|DK1","713.25","633.08","733.13","686.45"
"23/09/2023 20:00:00 - 23/09/2023 21:00:00","BZN|DK1","719.08","649.75","626.04","610.20"
"23/09/2023 21:00:00 - 23/09/2023 22:00:00","BZN|DK1","700.13","648.88","593.33","644.74"
"23/09/2023 22:00:00 - 23/09/2023 23:00:00","BZN|DK1","688.63","626.71","581.33","720.85"
"23/09/2023 23:00:00 - 24/09/2023 00:00:00","BZN|DK1","693.79","603.54","676.29","694.53"
"24/09/2023 00:00:00 - 24/09/2023 01:00:00","BZN|DK1","577.29","N/A","645.58","650.85"
"24/09/2023 01:00:00 - 24/09/2023 02:00:00","BZN|DK1","577.25","N/A","630.96","602.70"
"24/09/2023 02:00:00 - 24/09/2023 03:00:00","BZN|DK1","589.79","N/A","559.58","654.83"
"24/09/2023 03:00:00 - 24/09/2023 04:00:00","BZN|DK1","575.00","N/A","602.00","580.66"
"24/09/2023 04:00:00 - 24/09/2023 05:00:00","BZN|DK1","550.79","N/A","515.25","557.52"
"24/09/2023 05:00:00 - 24/09/2023 06:00:00","BZN|DK1","539.50","N/A","463.50","406.12"
"24/09/2023 06:00:00 - 24/09/2023 07:00:00","BZN|DK1","497.42","N/A","316.88","277.51"
"24/09/2023 07:00:00 - 24/09/2023 08:00:00","BZN|DK1","465.08","N/A","272.33","258.93"
"24/09/2023 08:00:00 - 24/09/2023 09:00:00","BZN|DK1","478.29","314.38","320.71","412.51"
"24/09/2023 09:00:00 - 24/09/2023 10:00:00","BZN|DK1","550.33","428.25","481.75","497.41"
"24/09/2023 10:00:00 - 24/09/2023 11:00:00","BZN|DK1","641.42","561.54","570.00","674.35"
"24/09/2023 11:00:00 - 24/09/2023 12:00:00","BZN|DK1","676.79","645.67","758.17","536.57"
"24/09/2023 12:00:00 - 24/09/2023 13:00:00","BZN|DK1","676.63","671.58","521.13","460.66"
"24/09/2023 13:00:00 - 24/09/2023 14:00:00","BZN|DK1","694.17","665.00","452.58","252.18"
"24/09/2023 14:00:00 - 24/09/2023 15:00:00","BZN|DK1","733.17","677.46","339.79","294.48"
"24/09/2023 15:00:00 - 24/09/2023 16:00:00","BZN|DK1","770.00","719.58","338.08","242.99"
"24/09/2023 16:00:00 - 24/09/2023 17:00:00","BZN|DK1","796.54","758.33","291.96","527.90"
"24/09/2023 17:00:00 - 24/09/2023 18:00:00","BZN|DK1","811.75","783.63","543.96","1042.23"
"24/09/2023 18:00:00 - 24/09/2023 19:00:00","BZN|DK1","823.29","807.67","1015.13","1096.00"
"24/09/2023 19:00:00 - 24/09/2023 20:00:00","BZN|DK1","837.21","834.75","1032.13","1105.95"
"24/09/2023 20:00:00 - 24/09/2023 21:00:00","BZN|DK1","854.58","854.83","1075.42","1129.95"
"24/09/2023 21:00:00 - 24/09/2023 22:00:00","BZN|DK1","870.75","872.00","1066.92","1086.04"
"24/09/2023 22:00:00 - 24/09/2023 23:00:00","BZN|DK1","885.63","884.58","998.54","902.17"
"24/09/2023 23:00:00 - 25/09/2023 00:00:00","BZN|DK1","896.08","893.50","870.88","966.64"
"25/09/2023 00:00:00 - 25/09/2023 01:00:00","BZN|DK1","969.83","N/A","903.96","734.13"
"25/09/2023 01:00:00 - 25/09/2023 02:00:00","BZN|DK1","973.83","N/A","664.83","666.23"
"25/09/2023 02:00:00 - 25/09/2023 03:00:00","BZN|DK1","980.29","N/A","667.88","706.88"
"25/09/2023 03:00:00 - 25/09/2023 04:00:00","BZN|DK1","986.42","N/A","682.42","669.01"
"25/09/2023 04:00:00 - 25/09/2023 05:00:00","BZN|DK1","977.83","N/A","650.13","688.86"
"25/09/2023 05:00:00 - 25/09/2023 06:00:00","BZN|DK1","959.63","N/A","681.25","651.78"
"25/09/2023 06:00:00 - 25/09/2023 07:00:00","BZN|DK1","959.13","N/A","659.33","678.19"
"25/09/2023 07:00:00 - 25/09/2023 08:00:00","BZN|DK1","968.96","N/A","695.13","1081.04"
"25/09/2023 08:00:00 - 25/09/2023 09:00:00","BZN|DK1","972.33","1043.25","1043.33","1083.51"
"25/09/2023 09:00:00 - 25/09/2023 10:00:00","BZN|DK1","970.42","1034.54","1007.08","1097.97"
"25/09/2023 10:00:00 - 25/09/2023 11:00:00","BZN|DK1","969.75","1023.83","1006.75","1051.08"
"25/09/2023 11:00:00 - 25/09/2023 12:00:00","BZN|DK1","974.13","1020.38","993.33","1071.82"
"25/09/2023 12:00:00 - 25/09/2023 13:00:00","BZN|DK1","981.04","1017.71","988.17","1043.84"
"25/09/2023 13:00:00 - 25/09/2023 14:00:00","BZN|DK1","979.79","998.50","981.13","1033.26"
"25/09/2023 14:00:00 - 25/09/2023 15:00:00","BZN|DK1","956.17","967.38","962.67","1028.76"
"25/09/2023 15:00:00 - 25/09/2023 16:00:00","BZN|DK1","913.42","931.13","953.75","1040.10"
"25/09/2023 16:00:00 - 25/09/2023 17:00:00","BZN|DK1","875.04","888.96","975.08","1037.72"
"25/09/2023 17:00:00 - 25/09/2023 18:00:00","BZN|DK1","837.58","836.96","947.83","892.49"
"25/09/2023 18:00:00 - 25/09/2023 19:00:00","BZN|DK1","786.58","776.29","774.88","867.54"
"25/09/2023 19:00:00 - 25/09/2023 20:00:00","BZN|DK1","696.75","712.88","801.29","860.92"
"25/09/2023 20:00:00 - 25/09/2023 21:00:00","BZN|DK1","609.13","635.96","768.21","796.96"
"25/09/2023 21:00:00 - 25/09/2023 22:00:00","BZN|DK1","538.67","557.75","696.04","631.66"
"25/09/2023 22:00:00 - 25/09/2023 23:00:00","BZN|DK1","465.79","496.42","510.92","515.36"
"25/09/2023 23:00:00 - 26/09/2023 00:00:00","BZN|DK1","406.46","452.46","433.21","405.13"
"26/09/2023 00:00:00 - 26/09/2023 01:00:00","BZN|DK1","421.25","N/A","322.50","314.53"
"26/09/2023 01:00:00 - 26/09/2023 02:00:00","BZN|DK1","364.92","N/A","263.42","209.24"
"26/09/2023 02:00:00 - 26/09/2023 03:00:00","BZN|DK1","302.92","N/A","167.96","119.23"
"26/09/2023 03:00:00 - 26/09/2023 04:00:00","BZN|DK1","269.58","N/A","117.75","109.63"
"26/09/2023 04:00:00 - 26/09/2023 05:00:00","BZN|DK1","246.33","N/A","108.83","80.68"
"26/09/2023 05:00:00 - 26/09/2023 06:00:00","BZN|DK1","221.88","N/A","97.33","55.81"
"26/09/2023 06:00:00 - 26/09/2023 07:00:00","BZN|DK1","223.83","N/A","109.21","43.29"
"26/09/2023 07:00:00 - 26/09/2023 08:00:00","BZN|DK1","244.04","N/A","106.54","78.54"
"26/09/2023 08:00:00 - 26/09/2023 09:00:00","BZN|DK1","292.96","165.04","158.25","132.62"
"26/09/2023 09:00:00 - 26/09/2023 10:00:00","BZN|DK1","353.29","257.79","199.88","171.08"
"26/09/2023 10:00:00 - 26/09/2023 11:00:00","BZN|DK1","405.96","317.63","220.08","179.77"
"26/09/2023 11:00:00 - 26/09/2023 12:00:00","BZN|DK1","442.17","346.13","228.00","239.52"
"26/09/2023 12:00:00 - 26/09/2023 13:00:00","BZN|DK1","458.88","362.71","276.79","274.86"
"26/09/2023 13:00:00 - 26/09/2023 14:00:00","BZN|DK1","471.75","383.54","302.08","303.11"
"26/09/2023 14:00:00 - 26/09/2023 15:00:00","BZN|DK1","471.00","397.54","314.88","318.41"
"26/09/2023 15:00:00 - 26/09/2023 16:00:00","BZN|DK1","460.42","398.50","308.92","295.49"
"26/09/2023 16:00:00 - 26/09/2023 17:00:00","BZN|DK1","447.63","401.08","267.38","267.71"
"26/09/2023 17:00:00 - 26/09/2023 18:00:00","BZN|DK1","438.46","402.58","274.54","243.92"
"26/09/2023 18:00:00 - 26/09/2023 19:00:00","BZN|DK1","450.08","427.92","293.75","270.33"
"26/09/2023 19:00:00 - 26/09/2023 20:00:00","BZN|DK1","476.88","470.46","334.75","381.00"
"26/09/2023 20:00:00 - 26/09/2023 21:00:00","BZN|DK1","498.08","496.92","444.67","393.92"
"26/09/2023 21:00:00 - 26/09/2023 22:00:00","BZN|DK1","521.67","528.63","417.17","426.40"
"26/09/2023 22:00:00 - 26/09/2023 23:00:00","BZN|DK1","556.17","562.67","439.50","465.61"
"26/09/2023 23:00:00 - 27/09/2023 00:00:00","BZN|DK1","589.00","570.96","488.08","548.60"
"27/09/2023 00:00:00 - 27/09/2023 01:00:00","BZN|DK1","556.79","N/A","559.96","558.02"
"27/09/2023 01:00:00 - 27/09/2023 02:00:00","BZN|DK1","544.42","N/A","526.13","605.17"
"27/09/2023 02:00:00 - 27/09/2023 03:00:00","BZN|DK1","539.38","N/A","624.50","550.62"
"27/09/2023 03:00:00 - 27/09/2023 04:00:00","BZN|DK1","528.25","N/A","469.08","437.40"
"27/09/2023 04:00:00 - 27/09/2023 05:00:00","BZN|DK1","522.71","N/A","405.88","401.47"
"27/09/2023 05:00:00 - 27/09/2023 06:00:00","BZN|DK1","517.00","N/A","374.46","390.53"
"27/09/2023 06:00:00 - 27/09/2023 07:00:00","BZN|DK1","494.46","N/A","344.29","348.98"
"27/09/2023 07:00:00 - 27/09/2023 08:00:00","BZN|DK1","465.79","N/A","318.42","311.48"
"27/09/2023 08:00:00 - 27/09/2023 09:00:00","BZN|DK1","424.54","272.17","268.04","252.19"
"27/09/2023 09:00:00 - 27/09/2023 10:00:00","BZN|DK1","368.83","230.83","216.29","225.77"
"27/09/2023 10:00:00 - 27/09/2023 11:00:00","BZN|DK1","314.71","178.13","159.79","123.34"
"27/09/2023 11:00:00 - 27/09/2023 12:00:00","BZN|DK1","256.21","123.04","67.79","70.08"
"27/09/2023 12:00:00 - 27/09/2023 13:00:00","BZN|DK1","194.00","74.88","23.21","18.69"
"27/09/2023 13:00:00 - 27/09/2023 14:00:00","BZN|DK1","145.04","36.71","1.83","20.05"
"27/09/2023 14:00:00 - 27/09/2023 15:00:00","BZN|DK1","111.67","23.63","15.92","18.68"
"27/09/2023 15:00:00 - 27/09/2023 16:00:00","BZN|DK1","91.00","32.21","26.29","22.56"
"27/09/2023 16:00:00 - 27/09/2023 17:00:00","BZN|DK1","82.54","62.29","48.25","27.73"
"27/09/2023 17:00:00 - 27/09/2023 18:00:00","BZN|DK1","80.08","90.17","54.50","28.88"
"27/09/2023 18:00:00 - 27/09/2023 19:00:00","BZN|DK1","98.79","131.38","79.75","46.87"
"27/09/2023 19:00:00 - 27/09/2023 20:00:00","BZN|DK1","158.00","191.42","105.54","92.78"
"27/09/2023 20:00:00 - 27/09/2023 21:00:00","BZN|DK1","255.88","260.13","151.25","197.19"
"27/09/2023 21:00:00 - 27/09/2023 22:00:00","BZN|DK1","365.79","351.25","281.88","268.02"
"27/09/2023 22:00:00 - 27/09/2023 23:00:00","BZN|DK1","469.54","467.54","384.13","421.41"
"27/09/2023 23:00:00 - 28/09/2023 00:00:00","BZN|DK1","585.58","594.21","576.50","619.85"
"28/09/2023 00:00:00 - 28/09/2023 01:00:00","BZN|DK1","651.21","N/A","704.50","812.25"
"28/09/2023 01:00:00 - 28/09/2023 02:00:00","BZN|DK1","730.08","N/A","832.96","909.47"
"28/09/2023 02:00:00 - 28/09/2023 03:00:00","BZN|DK1","787.08","N/A","866.46","925.09"
"28/09/2023 03:00:00 - 28/09/2023 04:00:00","BZN|DK1","820.63","N/A","869.71","947.35"
"28/09/2023 04:00:00 - 28/09/2023 05:00:00","BZN|DK1","853.17","N/A","965.88","1009.90"
"28/09/2023 05:00:00 - 28/09/2023 06:00:00","BZN|DK1","874.00","N/A","963.92","975.72"
"28/09/2023 06:00:00 - 28/09/2023 07:00:00","BZN|DK1","874.75","N/A","891.00","933.82"
"28/09/2023 07:00:00 - 28/09/2023 08:00:00","BZN|DK1","864.13","N/A","929.92","979.90"
"28/09/2023 08:00:00 - 28/09/2023 09:00:00","BZN|DK1","841.46","929.00","935.83","1045.56"
"28/09/2023 09:00:00 - 28/09/2023 10:00:00","BZN|DK1","812.38","889.83","923.13","1038.44"
"28/09/2023 10:00:00 - 28/09/2023 11:00:00","BZN|DK1","784.08","853.88","902.71","917.46"
"28/09/2023 11:00:00 - 28/09/2023 12:00:00","BZN|DK1","764.21","828.29","930.13","1011.50"
"28/09/2023 12:00:00 - 28/09/2023 13:00:00","BZN|DK1","738.46","793.88","911.08","942.13"
"28/09/2023 13:00:00 - 28/09/2023 14:00:00","BZN|DK1","695.08","763.54","800.08","860.99"
"28/09/2023 14:00:00 - 28/09/2023 15:00:00","BZN|DK1","665.71","748.04","750.75","846.43"
"28/09/2023 15:00:00 - 28/09/2023 16:00:00","BZN|DK1","661.46","714.25","738.04","830.38"
"28/09/2023 16:00:00 - 28/09/2023 17:00:00","BZN|DK1","652.83","659.96","714.42","663.06"
"28/09/2023 17:00:00 - 28/09/2023 18:00:00","BZN|DK1","630.75","600.25","581.71","538.65"
"28/09/2023 18:00:00 - 28/09/2023 19:00:00","BZN|DK1","585.54","543.13","476.13","543.37"
"28/09/2023 19:00:00 - 28/09/2023 20:00:00","BZN|DK1","540.50","497.25","456.08","507.61"
"28/09/2023 20:00:00 - 28/09/2023 21:00:00","BZN|DK1","535.50","491.88","499.54","516.69"
"28/09/2023 21:00:00 - 28/09/2023 22:00:00","BZN|DK1","549.38","519.00","560.00","573.27"
"28/09/2023 22:00:00 - 28/09/2023 23:00:00","BZN|DK1","565.63","553.17","614.50","455.87"
"28/09/2023 23:00:00 - 29/09/2023 00:00:00","BZN|DK1","569.88","584.13","463.13","476.33"
"29/09/2023 00:00:00 - 29/09/2023 01:00:00","BZN|DK1","626.29","N/A","611.33","532.96"
"29/09/2023 01:00:00 - 29/09/2023 02:00:00","BZN|DK1","667.79","N/A","528.21","589.64"
"29/09/2023 02:00:00 - 29/09/2023 03:00:00","BZN|DK1","684.96","N/A","662.71","658.99"
"29/09/2023 03:00:00 - 29/09/2023 04:00:00","BZN|DK1","709.54","N/A","609.21","640.70"
"29/09/2023 04:00:00 - 29/09/2023 05:00:00","BZN|DK1","727.75","N/A","633.58","592.83"
"29/09/2023 05:00:00 - 29/09/2023 06:00:00","BZN|DK1","744.38","N/A","594.21","650.75"
"29/09/2023 06:00:00 - 29/09/2023 07:00:00","BZN|DK1","753.71","N/A","729.79","706.72"
"29/09/2023 07:00:00 - 29/09/2023 08:00:00","BZN|DK1","712.88","N/A","667.13","682.74"
"29/09/2023 08:00:00 - 29/09/2023 09:00:00","BZN|DK1","662.63","688.58","678.79","633.26"
"29/09/2023 09:00:00 - 29/09/2023 10:00:00","BZN|DK1","656.17","684.00","631.96","622.93"
"29/09/2023 10:00:00 - 29/09/2023 11:00:00","BZN|DK1","638.13","649.08","521.42","647.62"
"29/09/2023 11:00:00 - 29/09/2023 12:00:00","BZN|DK1","618.54","637.50","726.25","761.88"
"29/09/2023 12:00:00 - 29/09/2023 13:00:00","BZN|DK1","663.88","638.63","734.63","814.25"
"29/09/2023 13:00:00 - 29/09/2023 14:00:00","BZN|DK1","704.29","631.83","781.04","831.40"
"29/09/2023 14:00:00 - 29/09/2023 15:00:00","BZN|DK1","724.04","654.46","805.46","911.85"
"29/09/2023 15:00:00 - 29/09/2023 16:00:00","BZN|DK1","716.75","677.38","907.21","982.89"
"29/09/2023 16:00:00 - 29/09/2023 17:00:00","BZN|DK1","705.79","688.21","908.21","932.16"
"29/09/2023 17:00:00 - 29/09/2023 18:00:00","BZN|DK1","715.17","683.75","887.21","1037.91"
"29/09/2023 18:00:00 - 29/09/2023 19:00:00","BZN|DK1","729.00","697.67","998.46","1072.61"
"29/09/2023 19:00:00 - 29/09/2023 20:00:00","BZN|DK1","745.29","739.21","1031.33","1089.46"
"29/09/2023 20:00:00 - 29/09/2023 21:00:00","BZN|DK1","808.25","801.63","1019.67","1056.33"
"29/09/2023 21:00:00 - 29/09/2023 22:00:00","BZN|DK1","842.71","834.50","993.46","1095.75"
"29/09/2023 22:00:00 - 29/09/2023 23:00:00","BZN|DK1","845.63","843.13","1029.96","1096.14"
"29/09/2023 23:00:00 - 30/09/2023 00:00:00","BZN|DK1","860.58","858.42","1026.42","1054.72"
"30/09/2023 00:00:00 - 30/09/2023 01:00:00","BZN|DK1","1006.83","N/A","973.04","774.32"
"30/09/2023 01:00:00 - 30/09/2023 02:00:00","BZN|DK1","996.08","N/A","703.38","967.47"
"30/09/2023 02:00:00 - 30/09/2023 03:00:00","BZN|DK1","994.38","N/A","950.67","1043.40"
"30/09/2023 03:00:00 - 30/09/2023 04:00:00","BZN|DK1","993.79","N/A","990.63","737.74"
"30/09/2023 04:00:00 - 30/09/2023 05:00:00","BZN|DK1","962.58","N/A","642.17","737.68"
"30/09/2023 05:00:00 - 30/09/2023 06:00:00","BZN|DK1","912.42","N/A","655.33","1041.96"
"30/09/2023 06:00:00 - 30/09/2023 07:00:00","BZN|DK1","881.71","N/A","979.17","1031.08"
"30/09/2023 07:00:00 - 30/09/2023 08:00:00","BZN|DK1","868.58","N/A","941.71","1022.22"
"30/09/2023 08:00:00 - 30/09/2023 09:00:00","BZN|DK1","864.50","957.25","955.29","1074.19"
"30/09/2023 09:00:00 - 30/09/2023 10:00:00","BZN|DK1","856.17","942.33","959.46","1055.76"
"30/09/2023 10:00:00 - 30/09/2023 11:00:00","BZN|DK1","852.54","921.54","979.50","1029.85"
"30/09/2023 11:00:00 - 30/09/2023 12:00:00","BZN|DK1","854.75","914.21","969.92","1012.88"
"30/09/2023 12:00:00 - 30/09/2023 13:00:00","BZN|DK1","847.21","903.83","934.33","550.03"
"30/09/2023 13:00:00 - 30/09/2023 14:00:00","BZN|DK1","833.00","894.21","385.38","401.04"
"30/09/2023 14:00:00 - 30/09/2023 15:00:00","BZN|DK1","821.04","878.04","286.17","453.50"
"30/09/2023 15:00:00 - 30/09/2023 16:00:00","BZN|DK1","811.13","852.21","427.67","560.76"
"30/09/2023 16:00:00 - 30/09/2023 17:00:00","BZN|DK1","805.96","816.38","488.21","507.05"
"30/09/2023 17:00:00 - 30/09/2023 18:00:00","BZN|DK1","797.54","776.17","426.04","871.26"
"30/09/2023 18:00:00 - 30/09/2023 19:00:00","BZN|DK1","771.50","731.17","857.50","833.77"
"30/09/2023 19:00:00 - 30/09/2023 20:00:00","BZN|DK1","737.29","686.83","723.46","755.01"
"30/09/2023 20:00:00 - 30/09/2023 21:00:00","BZN|DK1","709.25","650.67","660.50","707.49"
"30/09/2023 21:00:00 - 30/09/2023 22:00:00","BZN|DK1","677.63","605.13","596.63","615.09"
"30/09/2023 22:00:00 - 30/09/2023 23:00:00","BZN|DK1","628.71","550.54","548.67","614.66"
"30/09/2023 23:00:00 - 01/10/2023 00:00:00","BZN|DK1","575.96","507.13","544.33","610.30"
"01/10/2023 00:00:00 - 01/10/2023 01:00:00","BZN|DK1","534.13","N/A","561.13","666.75"
"01/10/2023 01:00:00 - 01/10/2023 02:00:00","BZN|DK1","514.63","N/A","571.58","566.62"
"01/10/2023 02:00:00 - 01/10/2023 03:00:00","BZN|DK1","498.29","N/A","505.71","503.76"
"01/10/2023 03:00:00 - 01/10/2023 04:00:00","BZN|DK1","482.08","N/A","446.29","469.24"
"01/10/2023 04:00:00 - 01/10/2023 05:00:00","BZN|DK1","460.54","N/A","406.79","350.37"
"01/10/2023 05:00:00 - 01/10/2023 06:00:00","BZN|DK1","417.33","N/A","293.83","277.61"
"01/10/2023 06:00:00 - 01/10/2023 07:00:00","BZN|DK1","380.25","N/A","266.42","289.86"
"01/10/2023 07:00:00 - 01/10/2023 08:00:00","BZN|DK1","373.83","N/A","250.33","243.78"
"01/10/2023 08:00:00 - 01/10/2023 09:00:00","BZN|DK1","385.92","246.38","253.88","210.99"
"01/10/2023 09:00:00 - 01/10/2023 10:00:00","BZN|DK1","393.58","274.13","195.46","160.08"
"01/10/2023 10:00:00 - 01/10/2023 11:00:00","BZN|DK1","396.96","303.75","209.21","197.88"
"01/10/2023 11:00:00 - 01/10/2023 12:00:00","BZN|DK1","415.92","344.63","219.88","200.73"
"01/10/2023 12:00:00 - 01/10/2023 13:00:00","BZN|DK1","469.83","405.58","247.42","193.58"
"01/10/2023 13:00:00 - 01/10/2023 14:00:00","BZN|DK1","528.13","474.42","248.13","178.42"
"01/10/2023 14:00:00 - 01/10/2023 15:00:00","BZN|DK1","508.33","486.67","203.88","212.34"
"01/10/2023 15:00:00 - 01/10/2023 16:00:00","BZN|DK1","489.13","486.25","238.00","232.56"
"01/10/2023 16:00:00 - 01/10/2023 17:00:00","BZN|DK1","521.38","527.38","285.75","244.67"
"01/10/2023 17:00:00 - 01/10/2023 18:00:00","BZN|DK1","531.88","560.08","313.83","249.09"
"01/10/2023 18:00:00 - 01/10/2023 19:00:00","BZN|DK1","531.58","568.96","315.46","303.05"
"01/10/2023 19:00:00 - 01/10/2023 20:00:00","BZN|DK1","521.04","570.75","365.50","385.66"
"01/10/2023 20:00:00 - 01/10/2023 21:00:00","BZN|DK1","514.50","572.42","346.75","288.01"
"01/10/2023 21:00:00 - 01/10/2023 22:00:00","BZN|DK1","505.71","557.29","290.75","253.28"
"01/10/2023 22:00:00 - 01/10/2023 23:00:00","BZN|DK1","482.42","510.79","248.83","266.13"
"01/10/2023 23:00:00 - 02/10/2023 00:00:00","BZN|DK1","438.00","464.83","224.25","270.39"
"02/10/2023 00:00:00 - 02/10/2023 01:00:00","BZN|DK1","368.46","N/A","270.13","281.84"
"02/10/2023 01:00:00 - 02/10/2023 02:00:00","BZN|DK1","321.33","N/A","215.54","144.53"
"02/10/2023 02:00:00 - 02/10/2023 03:00:00","BZN|DK1","302.00","N/A","164.58","126.40"
"02/10/2023 03:00:00 - 02/10/2023 04:00:00","BZN|DK1","299.75","N/A","139.71","109.99"
"02/10/2023 04:00:00 - 02/10/2023 05:00:00","BZN|DK1","295.92","N/A","164.38","154.67"
"02/10/2023 05:00:00 - 02/10/2023 06:00:00","BZN|DK1","316.04","N/A","198.88","147.03"
"02/10/2023 06:00:00 - 02/10/2023 07:00:00","BZN|DK1","330.13","N/A","152.29","121.81"
"02/10/2023 07:00:00 - 02/10/2023 08:00:00","BZN|DK1","336.63","N/A","144.75","126.23"
"02/10/2023 08:00:00 - 02/10/2023 09:00:00","BZN|DK1","328.38","134.08","125.00","145.39"
"02/10/2023 09:00:00 - 02/10/2023 10:00:00","BZN|DK1","289.67","131.42","117.46","128.99"
"02/10/2023 10:00:00 - 02/10/2023 11:00:00","BZN|DK1","245.17","116.13","114.71","107.03"
"02/10/2023 11:00:00 - 02/10/2023 12:00:00","BZN|DK1","230.50","120.25","95.67","143.56"
"02/10/2023 12:00:00 - 02/10/2023 13:00:00","BZN|DK1","241.00","135.58","168.88","110.20"
"02/10/2023 13:00:00 - 02/10/2023 14:00:00","BZN|DK1","244.50","157.00","107.92","122.15"
"02/10/2023 14:00:00 - 02/10/2023 15:00:00","BZN|DK1","237.92","178.96","139.88","135.76"
"02/10/2023 15:00:00 - 02/10/2023 16:00:00","BZN|DK1","226.25","180.71","125.75","106.92"
"02/10/2023 16:00:00 - 02/10/2023 17:00:00","BZN|DK1","227.50","170.42","123.04","89.58"
"02/10/2023 17:00:00 - 02/10/2023 18:00:00","BZN|DK1","221.75","149.63","118.08","68.74"
"02/10/2023 18:00:00 - 02/10/2023 19:00:00","BZN|DK1","196.17","155.46","128.92","59.34"
"02/10/2023 19:00:00 - 02/10/2023 20:00:00","BZN|DK1","183.75","194.79","57.63","55.90"
"02/10/2023 20:00:00 - 02/10/2023 21:00:00","BZN|DK1","175.38","215.96","57.63","77.83"
"02/10/2023 21:00:00 - 02/10/2023 22:00:00","BZN|DK1","185.71","218.42","68.46","85.63"
"02/10/2023 22:00:00 - 02/10/2023 23:00:00","BZN|DK1","194.08","217.00","68.38","64.06"
"02/10/2023 23:00:00 - 03/10/2023 00:00:00","BZN|DK1","174.54","198.50","44.88","39.81"
"03/10/2023 00:00:00 - 03/10/2023 01:00:00","BZN|DK1","87.25","N/A","25.17","35.48"
"03/10/2023 01:00:00 - 03/10/2023 02:00:00","BZN|DK1","68.58","N/A","25.17","40.51"
"03/10/2023 02:00:00 - 03/10/2023 03:00:00","BZN|DK1","61.00","N/A","79.67","82.90"
"03/10/2023 03:00:00 - 03/10/2023 04:00:00","BZN|DK1","107.38","N/A","188.83","426.50"
"03/10/2023 04:00:00 - 03/10/2023 05:00:00","BZN|DK1","240.79","N/A","700.96","533.57"
"03/10/2023 05:00:00 - 03/10/2023 06:00:00","BZN|DK1","410.42","N/A","485.29","191.28"
"03/10/2023 06:00:00 - 03/10/2023 07:00:00","BZN|DK1","543.83","N/A","229.58","401.34"
"03/10/2023 07:00:00 - 03/10/2023 08:00:00","BZN|DK1","580.29","N/A","611.13","447.41"
"03/10/2023 08:00:00 - 03/10/2023 09:00:00","BZN|DK1","633.13","383.54","359.75","382.95"
"03/10/2023 09:00:00 - 03/10/2023 10:00:00","BZN|DK1","770.17","519.04","472.21","716.58"
"03/10/2023 10:00:00 - 03/10/2023 11:00:00","BZN|DK1","795.79","653.42","726.25","619.00"
"03/10/2023 11:00:00 - 03/10/2023 12:00:00","BZN|DK1","809.25","706.08","581.58","681.05"
"03/10/2023 12:00:00 - 03/10/2023 13:00:00","BZN|DK1","866.50","733.79","659.04","664.55"
"03/10/2023 13:00:00 - 03/10/2023 14:00:00","BZN|DK1","863.42","772.42","693.63","840.59"
"03/10/2023 14:00:00 - 03/10/2023 15:00:00","BZN|DK1","837.29","800.29","905.79","1031.95"
"03/10/2023 15:00:00 - 03/10/2023 16:00:00","BZN|DK1","850.13","843.25","987.33","1031.99"
"03/10/2023 16:00:00 - 03/10/2023 17:00:00","BZN|DK1","888.00","867.58","1008.29","1147.48"
"03/10/2023 17:00:00 - 03/10/2023 18:00:00","BZN|DK1","919.38","872.92","1062.79","1121.77"
"03/10/2023 18:00:00 - 03/10/2023 19:00:00","BZN|DK1","927.92","894.13","1049.00","1132.43"
"03/10/2023 19:00:00 - 03/10/2023 20:00:00","BZN|DK1","937.75","933.38","1059.83","1055.78"
"03/10/2023 20:00:00 - 03/10/2023 21:00:00","BZN|DK1","947.08","953.29","984.21","1167.51"
"03/10/2023 21:00:00 - 03/10/2023 22:00:00","BZN|DK1","945.83","952.79","1080.00","1158.72"
"03/10/2023 22:00:00 - 03/10/2023 23:00:00","BZN|DK1","946.25","948.58","1036.50","1121.20"
"03/10/2023 23:00:00 - 04/10/2023 00:00:00","BZN|DK1","953.25","962.21","1038.13","1070.40"
"04/10/2023 00:00:00 - 04/10/2023 01:00:00","BZN|DK1","1005.50","N/A","998.54","1150.97"
"04/10/2023 01:00:00 - 04/10/2023 02:00:00","BZN|DK1","999.75","N/A","1068.17","1093.67"
"04/10/2023 02:00:00 - 04/10/2023 03:00:00","BZN|DK1","1006.92","N/A","992.58","734.80"
"04/10/2023 03:00:00 - 04/10/2023 04:00:00","BZN|DK1","1016.75","N/A","672.42","654.14"
"04/10/2023 04:00:00 - 04/10/2023 05:00:00","BZN|DK1","1009.13","N/A","654.04","752.89"
"04/10/2023 05:00:00 - 04/10/2023 06:00:00","BZN|DK1","994.63","N/A","741.13","763.56"
"04/10/2023 06:00:00 - 04/10/2023 07:00:00","BZN|DK1","990.33","N/A","747.29","1054.61"
"04/10/2023 07:00:00 - 04/10/2023 08:00:00","BZN|DK1","993.83","N/A","994.21","1073.43"
"04/10/2023 08:00:00 - 04/10/2023 09:00:00","BZN|DK1","994.17","1020.67","1042.42","1145.83"
"04/10/2023 09:00:00 - 04/10/2023 10:00:00","BZN|DK1","991.46","1024.00","1016.58","1092.90"
"04/10/2023 10:00:00 - 04/10/2023 11:00:00","BZN|DK1","989.21","1018.33","990.46","1051.97"
"04/10/2023 11:00:00 - 04/10/2023 12:00:00","BZN|DK1","988.42","1008.42","989.63","1128.19"
"04/10/2023 12:00:00 - 04/10/2023 13:00:00","BZN|DK1","980.96","995.04","1058.38","1071.25"
"04/10/2023 13:00:00 - 04/10/2023 14:00:00","BZN|DK1","969.42","988.50","997.63","1072.18"
"04/10/2023 14:00:00 - 04/10/2023 15:00:00","BZN|DK1","952.88","971.54","982.71","1090.30"
"04/10/2023 15:00:00 - 04/10/2023 16:00:00","BZN|DK1","931.71","946.13","1013.04","1105.68"
"04/10/2023 16:00:00 - 04/10/2023 17:00:00","BZN|DK1","922.08","923.92","1025.29","1087.87"
"04/10/2023 17:00:00 - 04/10/2023 18:00:00","BZN|DK1","922.25","906.96","1027.79","1111.23"
"04/10/2023 18:00:00 - 04/10/2023 19:00:00","BZN|DK1","931.54","910.42","991.75","1029.60"
"04/10/2023 19:00:00 - 04/10/2023 20:00:00","BZN|DK1","936.79","924.04","989.00","973.62"
"04/10/2023 20:00:00 - 04/10/2023 21:00:00","BZN|DK1","940.17","931.88","951.33","1131.71"
"04/10/2023 21:00:00 - 04/10/2023 22:00:00","BZN|DK1","959.08","947.75","1063.04","1078.69"
"04/10/2023 22:00:00 - 04/10/2023 23:00:00","BZN|DK1","972.25","959.38","1008.83","721.85"
"04/10/2023 23:00:00 - 05/10/2023 00:00:00","BZN|DK1","966.79","959.13","652.71","680.87"
"05/10/2023 00:00:00 - 05/10/2023 01:00:00","BZN|DK1","1019.25","N/A","658.54","663.30"
"05/10/2023 01:00:00 - 05/10/2023 02:00:00","BZN|DK1","1017.92","N/A","650.21","677.78"
"05/10/2023 02:00:00 - 05/10/2023 03:00:00","BZN|DK1","1022.08","N/A","664.42","697.72"
"05/10/2023 03:00:00 - 05/10/2023 04:00:00","BZN|DK1","1018.08","N/A","673.17","611.66"
"05/10/2023 04:00:00 - 05/10/2023 05:00:00","BZN|DK1","998.58","N/A","632.33","657.86"
"05/10/2023 05:00:00 - 05/10/2023 06:00:00","BZN|DK1","971.67","N/A","661.83","1013.41"
"05/10/2023 06:00:00 - 05/10/2023 07:00:00","BZN|DK1","960.50","N/A","987.58","1084.86"
"05/10/2023 07:00:00 - 05/10/2023 08:00:00","BZN|DK1","959.96","N/A","1018.63","1070.11"
"05/10/2023 08:00:00 - 05/10/2023 09:00:00","BZN|DK1","953.75","986.00","983.58","1070.92"
"05/10/2023 09:00:00 - 05/10/2023 10:00:00","BZN|DK1","934.58","976.46","988.08","1085.26"
"05/10/2023 10:00:00 - 05/10/2023 11:00:00","BZN|DK1","904.42","954.08","961.50","1035.91"
"05/10/2023 11:00:00 - 05/10/2023 12:00:00","BZN|DK1","858.88","920.13","937.08","996.21"
"05/10/2023 12:00:00 - 05/10/2023 13:00:00","BZN|DK1","817.00","860.04","876.08","958.39"
"05/10/2023 13:00:00 - 05/10/2023 14:00:00","BZN|DK1","782.50","785.96","764.71","760.36"
"05/10/2023 14:00:00 - 05/10/2023 15:00:00","BZN|DK1","726.21","712.00","655.38","639.82"
"05/10/2023 15:00:00 - 05/10/2023 16:00:00","BZN|DK1","660.42","640.17","508.79","558.79"
"05/10/2023 16:00:00 - 05/10/2023 17:00:00","BZN|DK1","606.63","576.92","456.42","498.05"
"05/10/2023 17:00:00 - 05/10/2023 18:00:00","BZN|DK1","566.17","526.08","413.83","463.46"
"05/10/2023 18:00:00 - 05/10/2023 19:00:00","BZN|DK1","527.21","478.46","396.96","322.80"
"05/10/2023 19:00:00 - 05/10/2023 20:00:00","BZN|DK1","482.08","444.13","262.54","253.28"
"05/10/2023 20:00:00 - 05/10/2023 21:00:00","BZN|DK1","453.00","424.96","226.38","187.04"
"05/10/2023 21:00:00 - 05/10/2023 22:00:00","BZN|DK1","447.67","416.25","190.79","243.56"
"05/10/2023 22:00:00 - 05/10/2023 23:00:00","BZN|DK1","471.63","416.17","334.54","323.76"
"05/10/2023 23:00:00 - 06/10/2023 00:00:00","BZN|DK1","511.63","447.04","428.92","363.25"
"06/10/2023 00:00:00 - 06/10/2023 01:00:00","BZN|DK1","564.83","N/A","494.21","605.53"
"06/10/2023 01:00:00 - 06/10/2023 02:00:00","BZN|DK1","680.54","N/A","723.63","756.90"
"06/10/2023 02:00:00 - 06/10/2023 03:00:00","BZN|DK1","731.04","N/A","730.42","884.92"
"06/10/2023 03:00:00 - 06/10/2023 04:00:00","BZN|DK1","765.46","N/A","927.08","951.27"
"06/10/2023 04:00:00 - 06/10/2023 05:00:00","BZN|DK1","810.88","N/A","932.83","945.24"
"06/10/2023 05:00:00 - 06/10/2023 06:00:00","BZN|DK1","858.92","N/A","903.75","1116.07"
"06/10/2023 06:00:00 - 06/10/2023 07:00:00","BZN|DK1","892.79","N/A","1063.00","1031.04"
"06/10/2023 07:00:00 - 06/10/2023 08:00:00","BZN|DK1","893.04","N/A","997.79","1069.27"
"06/10/2023 08:00:00 - 06/10/2023 09:00:00","BZN|DK1","903.25","1009.08","1008.63","1064.68"
"06/10/2023 09:00:00 - 06/10/2023 10:00:00","BZN|DK1","933.63","1015.29","1008.88","1054.55"
"06/10/2023 10:00:00 - 06/10/2023 11:00:00","BZN|DK1","943.00","1008.17","1005.13","1048.41"
"06/10/2023 11:00:00 - 06/10/2023 12:00:00","BZN|DK1","942.42","994.13","998.71","1074.82"
"06/10/2023 12:00:00 - 06/10/2023 13:00:00","BZN|DK1","938.08","977.25","992.21","1058.32"
"06/10/2023 13:00:00 - 06/10/2023 14:00:00","BZN|DK1","939.88","980.92","992.63","1075.25"
"06/10/2023 14:00:00 - 06/10/2023 15:00:00","BZN|DK1","949.96","988.50","1007.96","1078.28"
"06/10/2023 15:00:00 - 06/10/2023 16:00:00","BZN|DK1","962.54","994.79","1009.92","1107.99"
"06/10/2023 16:00:00 - 06/10/2023 17:00:00","BZN|DK1","976.13","1010.38","1014.29","1078.03"
"06/10/2023 17:00:00 - 06/10/2023 18:00:00","BZN|DK1","982.92","1019.25","1005.50","1036.50"
"06/10/2023 18:00:00 - 06/10/2023 19:00:00","BZN|DK1","987.83","1019.83","1004.00","982.37"
"06/10/2023 19:00:00 - 06/10/2023 20:00:00","BZN|DK1","994.88","1012.00","919.13","976.32"
"06/10/2023 20:00:00 - 06/10/2023 21:00:00","BZN|DK1","999.96","1008.04","913.50","882.15"
"06/10/2023 21:00:00 - 06/10/2023 22:00:00","BZN|DK1","999.75","1001.71","840.08","857.41"
"06/10/2023 22:00:00 - 06/10/2023 23:00:00","BZN|DK1","993.04","983.33","797.00","648.54"
"06/10/2023 23:00:00 - 07/10/2023 00:00:00","BZN|DK1","988.92","978.38","647.75","607.29"
"07/10/2023 00:00:00 - 07/10/2023 01:00:00","BZN|DK1","1004.83","N/A","610.54","342.10"
"07/10/2023 01:00:00 - 07/10/2023 02:00:00","BZN|DK1","1003.38","N/A","328.58","200.95"
"07/10/2023 02:00:00 - 07/10/2023 03:00:00","BZN|DK1","1007.08","N/A","250.33","270.43"
"07/10/2023 03:00:00 - 07/10/2023 04:00:00","BZN|DK1","1009.79","N/A","324.92","143.43"
"07/10/2023 04:00:00 - 07/10/2023 05:00:00","BZN|DK1","995.25","N/A","175.54","126.88"
"07/10/2023 05:00:00 - 07/10/2023 06:00:00","BZN|DK1","966.54","N/A","139.29","327.88"
"07/10/2023 06:00:00 - 07/10/2023 07:00:00","BZN|DK1","926.46","N/A","320.00","222.24"
"07/10/2023 07:00:00 - 07/10/2023 08:00:00","BZN|DK1","883.00","N/A","316.67","638.14"
"07/10/2023 08:00:00 - 07/10/2023 09:00:00","BZN|DK1","837.42","581.54","577.79","478.81"
"07/10/2023 09:00:00 - 07/10/2023 10:00:00","BZN|DK1","795.71","580.88","442.58","279.21"
"07/10/2023 10:00:00 - 07/10/2023 11:00:00","BZN|DK1","760.63","561.75","323.08","623.72"
"07/10/2023 11:00:00 - 07/10/2023 12:00:00","BZN|DK1","732.92","548.46","594.46","645.57"
"07/10/2023 12:00:00 - 07/10/2023 13:00:00","BZN|DK1","715.54","515.96","578.21","549.25"
"07/10/2023 13:00:00 - 07/10/2023 14:00:00","BZN|DK1","696.83","497.38","434.54","197.15"
"07/10/2023 14:00:00 - 07/10/2023 15:00:00","BZN|DK1","667.75","490.96","194.42","380.78"
"07/10/2023 15:00:00 - 07/10/2023 16:00:00","BZN|DK1","644.29","495.63","379.67","471.49"
"07/10/2023 16:00:00 - 07/10/2023 17:00:00","BZN|DK1","629.29","509.96","498.83","506.72"
"07/10/2023 17:00:00 - 07/10/2023 18:00:00","BZN|DK1","627.54","525.42","510.42","449.33"
"07/10/2023 18:00:00 - 07/10/2023 19:00:00","BZN|DK1","647.25","572.38","428.08","421.20"
"07/10/2023 19:00:00 - 07/10/2023 20:00:00","BZN|DK1","670.38","634.46","439.96","421.52"
"07/10/2023 20:00:00 - 07/10/2023 21:00:00","BZN|DK1","684.04","669.96","465.88","482.61"
"07/10/2023 21:00:00 - 07/10/2023 22:00:00","BZN|DK1","697.38","703.71","578.75","604.18"
"07/10/2023 22:00:00 - 07/10/2023 23:00:00","BZN|DK1","700.04","724.75","619.21","601.81"
"07/10/2023 23:00:00 - 08/10/2023 00:00:00","BZN|DK1","687.46","727.71","580.83","527.60"
"08/10/2023 00:00:00 - 08/10/2023 01:00:00","BZN|DK1","651.33","N/A","521.04","551.98"
"08/10/2023 01:00:00 - 08/10/2023 02:00:00","BZN|DK1","667.04","N/A","525.21","529.91"
"08/10/2023 02:00:00 - 08/10/2023 03:00:00","BZN|DK1","666.54","N/A","512.46","426.70"
"08/10/2023 03:00:00 - 08/10/2023 04:00:00","BZN|DK1","624.42","N/A","442.00","341.29"
"08/10/2023 04:00:00 - 08/10/2023 05:00:00","BZN|DK1","607.04","N/A","377.08","374.27"
"08/10/2023 05:00:00 - 08/10/2023 06:00:00","BZN|DK1","641.96","N/A","354.75","317.54"
"08/10/2023 06:00:00 - 08/10/2023 07:00:00","BZN|DK1","624.58","N/A","305.83","221.77"
"08/10/2023 07:00:00 - 08/10/2023 08:00:00","BZN|DK1","566.96","N/A","179.96","190.27"
"08/10/2023 08:00:00 - 08/10/2023 09:00:00","BZN|DK1","493.71","169.13","168.29","164.37"
"08/10/2023 09:00:00 - 08/10/2023 10:00:00","BZN|DK1","388.00","118.29","85.71","29.49"
"08/10/2023 10:00:00 - 08/10/2023 11:00:00","BZN|DK1","287.29","51.50","1.00","7.90"
"08/10/2023 11:00:00 - 08/10/2023 12:00:00","BZN|DK1","203.63","21.96","0.00","13.66"
"08/10/2023 12:00:00 - 08/10/2023 13:00:00","BZN|DK1","149.71","4.04","8.50","8.61"
"08/10/2023 13:00:00 - 08/10/2023 14:00:00","BZN|DK1","120.79","0.00","0.75","5.78"
"08/10/2023 14:00:00 - 08/10/2023 15:00:00","BZN|DK1","117.21","0.00","12.79","18.79"
"08/10/2023 15:00:00 - 08/10/2023 16:00:00","BZN|DK1","120.33","6.96","46.54","35.85"
"08/10/2023 16:00:00 - 08/10/2023 17:00:00","BZN|DK1","125.92","48.42","65.92","39.72"
"08/10/2023 17:00:00 - 08/10/2023 18:00:00","BZN|DK1","126.96","87.00","57.63","32.53"
"08/10/2023 18:00:00 - 08/10/2023 19:00:00","BZN|DK1","130.08","146.21","69.38","55.26"
"08/10/2023 19:00:00 - 08/10/2023 20:00:00","BZN|DK1","165.17","221.42","88.04","92.55"
"08/10/2023 20:00:00 - 08/10/2023 21:00:00","BZN|DK1","213.63","252.00","146.25","94.62"
"08/10/2023 21:00:00 - 08/10/2023 22:00:00","BZN|DK1","223.96","227.96","118.25","157.10"
"08/10/2023 22:00:00 - 08/10/2023 23:00:00","BZN|DK1","220.75","177.38","179.96","289.52"
"08/10/2023 23:00:00 - 09/10/2023 00:00:00","BZN|DK1","233.25","200.38","367.63","333.24"
"09/10/2023 00:00:00 - 09/10/2023 01:00:00","BZN|DK1","241.67","N/A","325.71","338.19"
"09/10/2023 01:00:00 - 09/10/2023 02:00:00","BZN|DK1","283.96","N/A","475.21","468.98"
"09/10/2023 02:00:00 - 09/10/2023 03:00:00","BZN|DK1","363.04","N/A","520.13","594.37"
"09/10/2023 03:00:00 - 09/10/2023 04:00:00","BZN|DK1","480.04","N/A","642.63","696.04"
"09/10/2023 04:00:00 - 09/10/2023 05:00:00","BZN|DK1","565.08","N/A","673.50","739.44"
"09/10/2023 05:00:00 - 09/10/2023 06:00:00","BZN|DK1","576.54","N/A","674.25","777.28"
"09/10/2023 06:00:00 - 09/10/2023 07:00:00","BZN|DK1","536.13","N/A","694.04","740.93"
"09/10/2023 07:00:00 - 09/10/2023 08:00:00","BZN|DK1","455.17","N/A","671.04","722.57"
"09/10/2023 08:00:00 - 09/10/2023 09:00:00","BZN|DK1","368.04","605.38","607.88","612.59"
"09/10/2023 09:00:00 - 09/10/2023 10:00:00","BZN|DK1","305.17","502.96","514.96","506.58"
"09/10/2023 10:00:00 - 09/10/2023 11:00:00","BZN|DK1","249.50","419.46","427.46","437.57"
"09/10/2023 11:00:00 - 09/10/2023 12:00:00","BZN|DK1","188.79","352.67","365.08","354.47"
"09/10/2023 12:00:00 - 09/10/2023 13:00:00","BZN|DK1","143.67","293.67","272.88","277.76"
"09/10/2023 13:00:00 - 09/10/2023 14:00:00","BZN|DK1","117.46","233.08","196.25","166.86"
"09/10/2023 14:00:00 - 09/10/2023 15:00:00","BZN|DK1","102.50","186.46","121.54","129.04"
"09/10/2023 15:00:00 - 09/10/2023 16:00:00","BZN|DK1","119.42","143.58","104.79","116.87"
"09/10/2023 16:00:00 - 09/10/2023 17:00:00","BZN|DK1","150.29","115.71","99.67","59.07"
"09/10/2023 17:00:00 - 09/10/2023 18:00:00","BZN|DK1","163.04","109.67","43.33","61.77"
"09/10/2023 18:00:00 - 09/10/2023 19:00:00","BZN|DK1","175.33","93.88","55.79","56.26"
"09/10/2023 19:00:00 - 09/10/2023 20:00:00","BZN|DK1","203.00","81.88","50.29","30.46"
"09/10/2023 20:00:00 - 09/10/2023 21:00:00","BZN|DK1","213.21","106.00","22.54","12.56"
"09/10/2023 21:00:00 - 09/10/2023 22:00:00","BZN|DK1","210.50","144.63","7.58","16.85"
"09/10/2023 22:00:00 - 09/10/2023 23:00:00","BZN|DK1","205.58","165.54","25.42","21.84"
"09/10/2023 23:00:00 - 10/10/2023 00:00:00","BZN|DK1","206.71","166.25","30.08","22.92"
"10/10/2023 00:00:00 - 10/10/2023 01:00:00","BZN|DK1","122.75","N/A","41.46","58.87"
"10/10/2023 01:00:00 - 10/10/2023 02:00:00","BZN|DK1","141.13","N/A","93.46","74.87"
"10/10/2023 02:00:00 - 10/10/2023 03:00:00","BZN|DK1","161.96","N/A","98.92","85.18"
"10/10/2023 03:00:00 - 10/10/2023 04:00:00","BZN|DK1","193.00","N/A","152.13","137.32"
"10/10/2023 04:00:00 - 10/10/2023 05:00:00","BZN|DK1","215.67","N/A","229.67","184.66"
"10/10/2023 05:00:00 - 10/10/2023 06:00:00","BZN|DK1","231.04","N/A","216.83","243.31"
"10/10/2023 06:00:00 - 10/10/2023 07:00:00","BZN|DK1","256.71","N/A","312.88","251.36"
"10/10/2023 07:00:00 - 10/10/2023 08:00:00","BZN|DK1","303.75","N/A","290.25","307.56"
"10/10/2023 08:00:00 - 10/10/2023 09:00:00","BZN|DK1","364.33","371.17","361.29","200.37"
"10/10/2023 09:00:00 - 10/10/2023 10:00:00","BZN|DK1","452.17","442.50","245.96","220.72"
"10/10/2023 10:00:00 - 10/10/2023 11:00:00","BZN|DK1","554.92","531.58","365.38","391.47"
"10/10/2023 11:00:00 - 10/10/2023 12:00:00","BZN|DK1","675.33","642.88","522.25","641.02"
"10/10/2023 12:00:00 - 10/10/2023 13:00:00","BZN|DK1","798.75","766.46","851.75","1023.10"
"10/10/2023 13:00:00 - 10/10/2023 14:00:00","BZN|DK1","863.21","821.50","1019.29","1114.70"
"10/10/2023 14:00:00 - 10/10/2023 15:00:00","BZN|DK1","897.29","824.83","1065.79","1079.96"
"10/10/2023 15:00:00 - 10/10/2023 16:00:00","BZN|DK1","911.25","825.13","945.00","965.69"
"10/10/2023 16:00:00 - 10/10/2023 17:00:00","BZN|DK1","912.88","840.42","905.50","811.61"
"10/10/2023 17:00:00 - 10/10/2023 18:00:00","BZN|DK1","930.25","870.38","914.08","957.82"
"10/10/2023 18:00:00 - 10/10/2023 19:00:00","BZN|DK1","941.46","897.29","935.92","994.01"
"10/10/2023 19:00:00 - 10/10/2023 20:00:00","BZN|DK1","927.96","913.54","949.96","1037.67"
"10/10/2023 20:00:00 - 10/10/2023 21:00:00","BZN|DK1","926.54","913.63","930.92","1071.37"
"10/10/2023 21:00:00 - 10/10/2023 22:00:00","BZN|DK1","939.67","889.67","916.75","1081.96"
"10/10/2023 22:00:00 - 10/10/2023 23:00:00","BZN|DK1","954.96","899.75","945.50","1119.02"
"10/10/2023 23:00:00 - 11/10/2023 00:00:00","BZN|DK1","965.79","936.00","976.54","1071.90"
"11/10/2023 00:00:00 - 11/10/2023 01:00:00","BZN|DK1","976.71","1026.00","1026.25","1162.99"
"11/10/2023 01:00:00 - 11/10/2023 02:00:00","BZN|DK1","965.63","1050.33","1050.33","1045.57"
"11/10/2023 02:00:00 - 11/10/2023 03:00:00","BZN|DK1","960.88","967.25","967.25","1032.09"
"11/10/2023 03:00:00 - 11/10/2023 04:00:00","BZN|DK1","959.79","968.42","968.42","1026.00"
"11/10/2023 04:00:00 - 11/10/2023 05:00:00","BZN|DK1","942.54","963.88","963.88","688.57"
"11/10/2023 05:00:00 - 11/10/2023 06:00:00","BZN|DK1","935.42","652.17","652.17","1044.47"
"11/10/2023 06:00:00 - 11/10/2023 07:00:00","BZN|DK1","941.33","1007.29","1007.29","1128.70"
"11/10/2023 07:00:00 - 11/10/2023 08:00:00","BZN|DK1","937.83","1063.00","1063.00","1059.25"
"11/10/2023 08:00:00 - 11/10/2023 09:00:00","BZN|DK1","933.88","943.21","943.75","1023.62"
"11/10/2023 09:00:00 - 11/10/2023 10:00:00","BZN|DK1","941.96","962.63","956.92","1026.22"
"11/10/2023 10:00:00 - 11/10/2023 11:00:00","BZN|DK1","947.96","985.67","928.63","1016.05"
"11/10/2023 11:00:00 - 11/10/2023 12:00:00","BZN|DK1","938.42","985.96","988.75","1111.84"
"11/10/2023 12:00:00 - 11/10/2023 13:00:00","BZN|DK1","934.21","972.46","1011.88","701.33"
"11/10/2023 13:00:00 - 11/10/2023 14:00:00","BZN|DK1","941.63","955.38","652.00","701.99"
"11/10/2023 14:00:00 - 11/10/2023 15:00:00","BZN|DK1","947.83","951.96","677.17","686.77"
"11/10/2023 15:00:00 - 11/10/2023 16:00:00","BZN|DK1","955.21","967.25","692.00","1103.85"
"11/10/2023 16:00:00 - 11/10/2023 17:00:00","BZN|DK1","969.25","983.17","1071.21","1128.34"
"11/10/2023 17:00:00 - 11/10/2023 18:00:00","BZN|DK1","981.42","990.04","1049.21","1205.06"
"11/10/2023 18:00:00 - 11/10/2023 19:00:00","BZN|DK1","987.50","988.79","1107.92","1159.03"
"11/10/2023 19:00:00 - 11/10/2023 20:00:00","BZN|DK1","986.21","983.75","1081.25","1135.26"
"11/10/2023 20:00:00 - 11/10/2023 21:00:00","BZN|DK1","980.21","983.38","1073.96","1155.12"
"11/10/2023 21:00:00 - 11/10/2023 22:00:00","BZN|DK1","980.08","986.17","1066.21","1117.72"
"11/10/2023 22:00:00 - 11/10/2023 23:00:00","BZN|DK1","984.75","989.63","1043.54","1114.84"
"11/10/2023 23:00:00 - 12/10/2023 00:00:00","BZN|DK1","993.21","996.63","1048.67","1115.46"
"12/10/2023 00:00:00 - 12/10/2023 01:00:00","BZN|DK1","1051.00","1051.00","1050.92","1077.48"
"12/10/2023 01:00:00 - 12/10/2023 02:00:00","BZN|DK1","1049.46","1018.96","1018.96","1161.29"
"12/10/2023 02:00:00 - 12/10/2023 03:00:00","BZN|DK1","1047.63","1080.92","1080.92","1160.15"
"12/10/2023 03:00:00 - 12/10/2023 04:00:00","BZN|DK1","1046.00","1079.71","1079.71","1184.09"
"12/10/2023 04:00:00 - 12/10/2023 05:00:00","BZN|DK1","1033.50","1085.21","1085.21","1140.92"
"12/10/2023 05:00:00 - 12/10/2023 06:00:00","BZN|DK1","1014.46","1051.75","1046.83","1103.34"
"12/10/2023 06:00:00 - 12/10/2023 07:00:00","BZN|DK1","1005.92","1033.67","1033.67","1121.28"
"12/10/2023 07:00:00 - 12/10/2023 08:00:00","BZN|DK1","1001.25","1084.83","1084.83","1108.35"
"12/10/2023 08:00:00 - 12/10/2023 09:00:00","BZN|DK1","994.92","1031.88","1034.96","1193.53"
"12/10/2023 09:00:00 - 12/10/2023 10:00:00","BZN|DK1","977.83","1002.88","1088.33","1194.51"
"12/10/2023 10:00:00 - 12/10/2023 11:00:00","BZN|DK1","948.17","964.92","1082.00","1172.39"
"12/10/2023 11:00:00 - 12/10/2023 12:00:00","BZN|DK1","906.63","926.75","1027.21","1076.88"
"12/10/2023 12:00:00 - 12/10/2023 13:00:00","BZN|DK1","852.38","871.75","950.63","993.85"
"12/10/2023 13:00:00 - 12/10/2023 14:00:00","BZN|DK1","792.17","806.17","844.79","901.04"
"12/10/2023 14:00:00 - 12/10/2023 15:00:00","BZN|DK1","737.38","729.13","688.46","715.25"
"12/10/2023 15:00:00 - 12/10/2023 16:00:00","BZN|DK1","690.71","654.29","588.96","636.26"
"12/10/2023 16:00:00 - 12/10/2023 17:00:00","BZN|DK1","646.29","607.00","533.25","563.18"
"12/10/2023 17:00:00 - 12/10/2023 18:00:00","BZN|DK1","603.38","575.08","490.92","529.07"
"12/10/2023 18:00:00 - 12/10/2023 19:00:00","BZN|DK1","561.50","543.50","462.46","487.65"
"12/10/2023 19:00:00 - 12/10/2023 20:00:00","BZN|DK1","522.08","507.79","408.54","436.44"
"12/10/2023 20:00:00 - 12/10/2023 21:00:00","BZN|DK1","495.13","470.38","393.79","414.86"
"12/10/2023 21:00:00 - 12/10/2023 22:00:00","BZN|DK1","482.79","445.88","396.00","469.66"
"12/10/2023 22:00:00 - 12/10/2023 23:00:00","BZN|DK1","468.63","431.88","473.21","451.21"
"12/10/2023 23:00:00 - 13/10/2023 00:00:00","BZN|DK1","443.75","428.04","380.71","284.14"
"13/10/2023 00:00:00 - 13/10/2023 01:00:00","BZN|DK1","367.92","254.17","254.17","197.51"
"13/10/2023 01:00:00 - 13/10/2023 02:00:00","BZN|DK1","383.33","182.17","182.17","141.88"
"13/10/2023 02:00:00 - 13/10/2023 03:00:00","BZN|DK1","433.42","211.04","211.04","218.11"
"13/10/2023 03:00:00 - 13/10/2023 04:00:00","BZN|DK1","530.38","326.08","326.08","424.09"
"13/10/2023 04:00:00 - 13/10/2023 05:00:00","BZN|DK1","629.58","563.42","563.42","540.79"
"13/10/2023 05:00:00 - 13/10/2023 06:00:00","BZN|DK1","705.75","602.46","602.46","516.34"
"13/10/2023 06:00:00 - 13/10/2023 07:00:00","BZN|DK1","755.75","542.00","542.00","677.88"
"13/10/2023 07:00:00 - 13/10/2023 08:00:00","BZN|DK1","779.04","731.75","731.75","912.51"
"13/10/2023 08:00:00 - 13/10/2023 09:00:00","BZN|DK1","799.42","926.21","930.67","998.95"
"13/10/2023 09:00:00 - 13/10/2023 10:00:00","BZN|DK1","825.08","953.50","976.42","976.63"
"13/10/2023 10:00:00 - 13/10/2023 11:00:00","BZN|DK1","892.13","983.58","925.17","1000.12"
"13/10/2023 11:00:00 - 13/10/2023 12:00:00","BZN|DK1","928.17","1001.17","943.50","1069.53"
"13/10/2023 12:00:00 - 13/10/2023 13:00:00","BZN|DK1","934.58","1000.58","1020.75","1127.71"
"13/10/2023 13:00:00 - 13/10/2023 14:00:00","BZN|DK1","946.54","992.38","1063.83","1126.89"
"13/10/2023 14:00:00 - 13/10/2023 15:00:00","BZN|DK1","957.92","1000.13","1019.25","1121.58"
"13/10/2023 15:00:00 - 13/10/2023 16:00:00","BZN|DK1","988.67","1029.58","1071.71","1047.74"
"13/10/2023 16:00:00 - 13/10/2023 17:00:00","BZN|DK1","1005.46","1041.58","1009.46","1157.90"
"13/10/2023 17:00:00 - 13/10/2023 18:00:00","BZN|DK1","1008.17","1043.58","999.46","1049.88"
"13/10/2023 18:00:00 - 13/10/2023 19:00:00","BZN|DK1","1008.67","1025.29","943.75","979.01"
"13/10/2023 19:00:00 - 13/10/2023 20:00:00","BZN|DK1","992.04","986.67","843.21","972.98"
"13/10/2023 20:00:00 - 13/10/2023 21:00:00","BZN|DK1","972.25","962.38","894.04","1079.33"
"13/10/2023 21:00:00 - 13/10/2023 22:00:00","BZN|DK1","938.67","918.13","999.38","1054.41"
"13/10/2023 22:00:00 - 13/10/2023 23:00:00","BZN|DK1","893.88","879.50","939.08","982.04"
"13/10/2023 23:00:00 - 14/10/2023 00:00:00","BZN|DK1","875.63","890.83","920.33","994.68"
"14/10/2023 00:00:00 - 14/10/2023 01:00:00","BZN|DK1","898.54","919.00","918.92","965.92"
"14/10/2023 01:00:00 - 14/10/2023 02:00:00","BZN|DK1","924.54","886.67","886.67","773.59"
"14/10/2023 02:00:00 - 14/10/2023 03:00:00","BZN|DK1","927.75","745.08","745.08","712.53"
"14/10/2023 03:00:00 - 14/10/2023 04:00:00","BZN|DK1","933.75","676.71","676.71","652.70"
"14/10/2023 04:00:00 - 14/10/2023 05:00:00","BZN|DK1","946.21","652.04","652.04","681.34"
"14/10/2023 05:00:00 - 14/10/2023 06:00:00","BZN|DK1","958.13","677.46","677.46","677.81"
"14/10/2023 06:00:00 - 14/10/2023 07:00:00","BZN|DK1","974.00","690.25","690.25","656.44"
"14/10/2023 07:00:00 - 14/10/2023 08:00:00","BZN|DK1","995.21","678.96","678.96","689.62"
"14/10/2023 08:00:00 - 14/10/2023 09:00:00","BZN|DK1","1002.67","685.42","699.88","1084.27"
"14/10/2023 09:00:00 - 14/10/2023 10:00:00","BZN|DK1","1004.83","744.29","1022.50","1120.12"
"14/10/2023 10:00:00 - 14/10/2023 11:00:00","BZN|DK1","1006.75","776.75","988.38","1053.34"
"14/10/2023 11:00:00 - 14/10/2023 12:00:00","BZN|DK1","1003.75","798.58","980.88","745.64"
"14/10/2023 12:00:00 - 14/10/2023 13:00:00","BZN|DK1","996.88","816.54","684.21","678.07"
"14/10/2023 13:00:00 - 14/10/2023 14:00:00","BZN|DK1","988.58","829.00","636.79","587.47"
"14/10/2023 14:00:00 - 14/10/2023 15:00:00","BZN|DK1","984.79","841.42","559.08","646.96"
"14/10/2023 15:00:00 - 14/10/2023 16:00:00","BZN|DK1","983.79","855.79","647.83","697.76"
"14/10/2023 16:00:00 - 14/10/2023 17:00:00","BZN|DK1","983.21","867.50","821.71","1097.21"
"14/10/2023 17:00:00 - 14/10/2023 18:00:00","BZN|DK1","984.29","876.17","1068.00","1155.58"
"14/10/2023 18:00:00 - 14/10/2023 19:00:00","BZN|DK1","991.71","919.71","1068.67","1137.57"
"14/10/2023 19:00:00 - 14/10/2023 20:00:00","BZN|DK1","999.13","978.92","1055.83","1113.00"
"14/10/2023 20:00:00 - 14/10/2023 21:00:00","BZN|DK1","1001.79","998.63","1012.50","1052.89"
"14/10/2023 21:00:00 - 14/10/2023 22:00:00","BZN|DK1","1001.54","994.88","986.00","1040.07"
"14/10/2023 22:00:00 - 14/10/2023 23:00:00","BZN|DK1","999.83","987.92","974.08","1024.49"
"14/10/2023 23:00:00 - 15/10/2023 00:00:00","BZN|DK1","998.46","983.50","970.96","968.70"
"15/10/2023 00:00:00 - 15/10/2023 01:00:00","BZN|DK1","1011.38","930.00","930.13","964.25"
"15/10/2023 01:00:00 - 15/10/2023 02:00:00","BZN|DK1","1010.75","942.17","942.17","632.44"
"15/10/2023 02:00:00 - 15/10/2023 03:00:00","BZN|DK1","1012.75","605.04","605.04","934.72"
"15/10/2023 03:00:00 - 15/10/2023 04:00:00","BZN|DK1","1015.38","924.13","924.13","973.88"
"15/10/2023 04:00:00 - 15/10/2023 05:00:00","BZN|DK1","1013.50","928.88","928.88","974.96"
"15/10/2023 05:00:00 - 15/10/2023 06:00:00","BZN|DK1","1008.04","935.58","935.58","977.13"
"15/10/2023 06:00:00 - 15/10/2023 07:00:00","BZN|DK1","1006.00","939.75","939.75","982.99"
"15/10/2023 07:00:00 - 15/10/2023 08:00:00","BZN|DK1","1004.29","931.67","931.67","993.02"
"15/10/2023 08:00:00 - 15/10/2023 09:00:00","BZN|DK1","990.92","932.29","930.21","1138.57"
"15/10/2023 09:00:00 - 15/10/2023 10:00:00","BZN|DK1","967.79","933.88","1057.42","1162.02"
"15/10/2023 10:00:00 - 15/10/2023 11:00:00","BZN|DK1","957.71","902.00","1030.08","1152.91"
"15/10/2023 11:00:00 - 15/10/2023 12:00:00","BZN|DK1","955.54","877.08","997.79","758.19"
"15/10/2023 12:00:00 - 15/10/2023 13:00:00","BZN|DK1","943.25","865.88","666.50","770.57"
"15/10/2023 13:00:00 - 15/10/2023 14:00:00","BZN|DK1","934.83","870.04","719.21","760.88"
"15/10/2023 14:00:00 - 15/10/2023 15:00:00","BZN|DK1","936.33","876.67","727.96","748.81"
"15/10/2023 15:00:00 - 15/10/2023 16:00:00","BZN|DK1","940.92","882.79","713.29","705.33"
"15/10/2023 16:00:00 - 15/10/2023 17:00:00","BZN|DK1","943.50","901.67","734.83","1105.57"
"15/10/2023 17:00:00 - 15/10/2023 18:00:00","BZN|DK1","949.58","923.04","1097.50","1180.60"
"15/10/2023 18:00:00 - 15/10/2023 19:00:00","BZN|DK1","963.00","942.96","1097.54","1164.98"
"15/10/2023 19:00:00 - 15/10/2023 20:00:00","BZN|DK1","967.25","959.96","1081.38","1136.35"
"15/10/2023 20:00:00 - 15/10/2023 21:00:00","BZN|DK1","963.88","962.33","1045.71","1166.15"
"15/10/2023 21:00:00 - 15/10/2023 22:00:00","BZN|DK1","956.50","961.46","1079.71","1178.63"
"15/10/2023 22:00:00 - 15/10/2023 23:00:00","BZN|DK1","947.08","961.54","1082.50","1183.05"
"15/10/2023 23:00:00 - 16/10/2023 00:00:00","BZN|DK1","935.58","958.29","1063.29","1172.73"
"16/10/2023 00:00:00 - 16/10/2023 01:00:00","BZN|DK1","1010.33","1063.71","1063.71","1143.91"
"16/10/2023 01:00:00 - 16/10/2023 02:00:00","BZN|DK1","985.50","1039.08","1039.08","1169.61"
"16/10/2023 02:00:00 - 16/10/2023 03:00:00","BZN|DK1","971.13","1061.25","1061.25","1139.87"
"16/10/2023 03:00:00 - 16/10/2023 04:00:00","BZN|DK1","961.96","1018.08","1018.08","1080.56"
"16/10/2023 04:00:00 - 16/10/2023 05:00:00","BZN|DK1","929.96","1035.54","1035.54","1101.20"
"16/10/2023 05:00:00 - 16/10/2023 06:00:00","BZN|DK1","896.63","983.83","983.83","1101.18"
"16/10/2023 06:00:00 - 16/10/2023 07:00:00","BZN|DK1","881.13","1013.29","1013.29","1051.96"
"16/10/2023 07:00:00 - 16/10/2023 08:00:00","BZN|DK1","865.33","971.29","971.29","1062.79"
"16/10/2023 08:00:00 - 16/10/2023 09:00:00","BZN|DK1","847.42","938.13","931.67","1029.37"
"16/10/2023 09:00:00 - 16/10/2023 10:00:00","BZN|DK1","817.67","903.63","910.38","968.98"
"16/10/2023 10:00:00 - 16/10/2023 11:00:00","BZN|DK1","774.88","874.46","872.92","858.82"
"16/10/2023 11:00:00 - 16/10/2023 12:00:00","BZN|DK1","731.21","839.33","738.21","716.64"
"16/10/2023 12:00:00 - 16/10/2023 13:00:00","BZN|DK1","691.54","799.21","622.38","603.57"
"16/10/2023 13:00:00 - 16/10/2023 14:00:00","BZN|DK1","649.88","754.71","472.04","475.02"
"16/10/2023 14:00:00 - 16/10/2023 15:00:00","BZN|DK1","603.46","697.00","404.42","398.14"
"16/10/2023 15:00:00 - 16/10/2023 16:00:00","BZN|DK1","559.88","644.00","350.46","383.88"
"16/10/2023 16:00:00 - 16/10/2023 17:00:00","BZN|DK1","522.54","609.00","362.13","352.12"
"16/10/2023 17:00:00 - 16/10/2023 18:00:00","BZN|DK1","503.33","581.79","314.08","333.63"
"16/10/2023 18:00:00 - 16/10/2023 19:00:00","BZN|DK1","498.04","543.42","314.67","336.89"
"16/10/2023 19:00:00 - 16/10/2023 20:00:00","BZN|DK1","477.83","489.46","298.54","253.99"
"16/10/2023 20:00:00 - 16/10/2023 21:00:00","BZN|DK1","431.75","443.08","220.67","196.27"
"16/10/2023 21:00:00 - 16/10/2023 22:00:00","BZN|DK1","381.33","408.33","176.96","197.50"
"16/10/2023 22:00:00 - 16/10/2023 23:00:00","BZN|DK1","353.88","387.17","199.00","151.47"
"16/10/2023 23:00:00 - 17/10/2023 00:00:00","BZN|DK1","350.58","380.54","159.04","164.45"
"17/10/2023 00:00:00 - 17/10/2023 01:00:00","BZN|DK1","308.83","229.00","229.38","258.57"
"17/10/2023 01:00:00 - 17/10/2023 02:00:00","BZN|DK1","333.38","303.96","303.96","306.94"
"17/10/2023 02:00:00 - 17/10/2023 03:00:00","BZN|DK1","370.00","368.75","368.75","378.54"
"17/10/2023 03:00:00 - 17/10/2023 04:00:00","BZN|DK1","403.38","380.71","380.71","466.36"
"17/10/2023 04:00:00 - 17/10/2023 05:00:00","BZN|DK1","452.88","441.75","441.75","404.94"
"17/10/2023 05:00:00 - 17/10/2023 06:00:00","BZN|DK1","495.67","384.29","384.29","434.02"
"17/10/2023 06:00:00 - 17/10/2023 07:00:00","BZN|DK1","509.17","444.21","444.21","440.81"
"17/10/2023 07:00:00 - 17/10/2023 08:00:00","BZN|DK1","509.17","383.29","383.29","480.21"
"17/10/2023 08:00:00 - 17/10/2023 09:00:00","BZN|DK1","508.92","406.75","388.83","448.66"
"17/10/2023 09:00:00 - 17/10/2023 10:00:00","BZN|DK1","501.88","414.67","411.08","422.36"
"17/10/2023 10:00:00 - 17/10/2023 11:00:00","BZN|DK1","489.13","422.71","400.50","432.65"
"17/10/2023 11:00:00 - 17/10/2023 12:00:00","BZN|DK1","497.46","441.63","404.04","413.45"
"17/10/2023 12:00:00 - 17/10/2023 13:00:00","BZN|DK1","523.50","477.54","434.17","469.25"
"17/10/2023 13:00:00 - 17/10/2023 14:00:00","BZN|DK1","544.42","513.63","474.88","557.61"
"17/10/2023 14:00:00 - 17/10/2023 15:00:00","BZN|DK1","541.29","517.13","603.42","603.45"
"17/10/2023 15:00:00 - 17/10/2023 16:00:00","BZN|DK1","541.92","513.38","563.25","641.38"
"17/10/2023 16:00:00 - 17/10/2023 17:00:00","BZN|DK1","546.25","530.96","600.46","675.18"
"17/10/2023 17:00:00 - 17/10/2023 18:00:00","BZN|DK1","530.13","533.88","604.71","630.98"
"17/10/2023 18:00:00 - 17/10/2023 19:00:00","BZN|DK1","501.08","515.96","543.29","568.93"
"17/10/2023 19:00:00 - 17/10/2023 20:00:00","BZN|DK1","473.88","507.92","497.04","522.00"
"17/10/2023 20:00:00 - 17/10/2023 21:00:00","BZN|DK1","453.83","498.00","480.13","507.32"
"17/10/2023 21:00:00 - 17/10/2023 22:00:00","BZN|DK1","449.25","488.38","477.46","500.40"
"17/10/2023 22:00:00 - 17/10/2023 23:00:00","BZN|DK1","445.21","479.00","465.38","503.44"
"17/10/2023 23:00:00 - 18/10/2023 00:00:00","BZN|DK1","422.17","461.42","462.08","519.81"
"18/10/2023 00:00:00 - 18/10/2023 01:00:00","BZN|DK1","426.38","464.67","464.67","510.33"
"18/10/2023 01:00:00 - 18/10/2023 02:00:00","BZN|DK1","384.29","424.33","424.33","491.42"
"18/10/2023 02:00:00 - 18/10/2023 03:00:00","BZN|DK1","346.92","406.21","406.21","457.19"
"18/10/2023 03:00:00 - 18/10/2023 04:00:00","BZN|DK1","304.00","376.63","376.63","406.98"
"18/10/2023 04:00:00 - 18/10/2023 05:00:00","BZN|DK1","252.67","333.71","333.71","300.83"
"18/10/2023 05:00:00 - 18/10/2023 06:00:00","BZN|DK1","193.67","197.67","197.67","171.43"
"18/10/2023 06:00:00 - 18/10/2023 07:00:00","BZN|DK1","142.58","86.29","86.29","108.18"
"18/10/2023 07:00:00 - 18/10/2023 08:00:00","BZN|DK1","113.25","52.79","52.79","69.64"
"18/10/2023 08:00:00 - 18/10/2023 09:00:00","BZN|DK1","121.54","42.63","41.58","54.13"
"18/10/2023 09:00:00 - 18/10/2023 10:00:00","BZN|DK1","145.79","49.38","52.38","60.74"
"18/10/2023 10:00:00 - 18/10/2023 11:00:00","BZN|DK1","187.79","82.04","91.33","81.30"
"18/10/2023 11:00:00 - 18/10/2023 12:00:00","BZN|DK1","275.71","146.17","142.92","109.00"
"18/10/2023 12:00:00 - 18/10/2023 13:00:00","BZN|DK1","331.54","218.13","169.46","131.03"
"18/10/2023 13:00:00 - 18/10/2023 14:00:00","BZN|DK1","331.79","286.67","164.79","126.50"
"18/10/2023 14:00:00 - 18/10/2023 15:00:00","BZN|DK1","329.83","329.46","159.08","145.21"
"18/10/2023 15:00:00 - 18/10/2023 16:00:00","BZN|DK1","352.25","354.04","173.50","216.15"
"18/10/2023 16:00:00 - 18/10/2023 17:00:00","BZN|DK1","407.58","393.13","263.54","306.33"
"18/10/2023 17:00:00 - 18/10/2023 18:00:00","BZN|DK1","509.71","501.92","404.50","396.38"
"18/10/2023 18:00:00 - 18/10/2023 19:00:00","BZN|DK1","641.00","656.71","559.00","688.46"
"18/10/2023 19:00:00 - 18/10/2023 20:00:00","BZN|DK1","755.54","773.75","797.63","866.38"
"18/10/2023 20:00:00 - 18/10/2023 21:00:00","BZN|DK1","832.08","840.96","866.58","1042.94"
"18/10/2023 21:00:00 - 18/10/2023 22:00:00","BZN|DK1","876.54","886.96","1100.92","1164.05"
"18/10/2023 22:00:00 - 18/10/2023 23:00:00","BZN|DK1","905.50","926.88","1091.25","1170.92"
"18/10/2023 23:00:00 - 19/10/2023 00:00:00","BZN|DK1","920.42","947.00","1095.67","1174.85"
"19/10/2023 00:00:00 - 19/10/2023 01:00:00","BZN|DK1","929.29","1082.00","1082.08","1141.84"
"19/10/2023 01:00:00 - 19/10/2023 02:00:00","BZN|DK1","940.46","1017.00","1017.00","1106.22"
"19/10/2023 02:00:00 - 19/10/2023 03:00:00","BZN|DK1","950.58","1022.08","1022.08","1110.87"
"19/10/2023 03:00:00 - 19/10/2023 04:00:00","BZN|DK1","953.54","1036.13","1036.13","1092.01"
"19/10/2023 04:00:00 - 19/10/2023 05:00:00","BZN|DK1","965.96","1033.63","1033.63","1085.68"
"19/10/2023 05:00:00 - 19/10/2023 06:00:00","BZN|DK1","986.00","1008.50","1008.50","1169.36"
"19/10/2023 06:00:00 - 19/10/2023 07:00:00","BZN|DK1","998.04","1064.08","1064.08","1131.56"
"19/10/2023 07:00:00 - 19/10/2023 08:00:00","BZN|DK1","1004.71","1048.92","1048.92","1211.96"
"19/10/2023 08:00:00 - 19/10/2023 09:00:00","BZN|DK1","1007.88","1097.13","1095.58","1194.38"
"19/10/2023 09:00:00 - 19/10/2023 10:00:00","BZN|DK1","1008.79","1076.04","1078.88","1190.65"
"19/10/2023 10:00:00 - 19/10/2023 11:00:00","BZN|DK1","1009.00","1064.13","1079.29","1190.19"
"19/10/2023 11:00:00 - 19/10/2023 12:00:00","BZN|DK1","1009.00","1056.50","1078.75","1187.93"
"19/10/2023 12:00:00 - 19/10/2023 13:00:00","BZN|DK1","1008.79","1050.13","1075.79","1190.63"
"19/10/2023 13:00:00 - 19/10/2023 14:00:00","BZN|DK1","1007.96","1044.46","1080.08","1194.77"
"19/10/2023 14:00:00 - 19/10/2023 15:00:00","BZN|DK1","1007.96","1041.00","1085.58","1203.26"
"19/10/2023 15:00:00 - 19/10/2023 16:00:00","BZN|DK1","1008.46","1038.83","1088.63","1203.82"
"19/10/2023 16:00:00 - 19/10/2023 17:00:00","BZN|DK1","1008.79","1037.25","1091.08","1204.90"
"19/10/2023 17:00:00 - 19/10/2023 18:00:00","BZN|DK1","1007.88","1035.71","1094.13","1207.53"
"19/10/2023 18:00:00 - 19/10/2023 19:00:00","BZN|DK1","1005.79","1024.83","1091.13","1202.47"
"19/10/2023 19:00:00 - 19/10/2023 20:00:00","BZN|DK1","1001.29","1007.17","1088.54","1202.45"
"19/10/2023 20:00:00 - 19/10/2023 21:00:00","BZN|DK1","998.54","999.58","1086.17","1201.77"
"19/10/2023 21:00:00 - 19/10/2023 22:00:00","BZN|DK1","998.00","998.13","1085.75","1199.90"
"19/10/2023 22:00:00 - 19/10/2023 23:00:00","BZN|DK1","997.63","997.21","1087.79","1199.40"
"19/10/2023 23:00:00 - 20/10/2023 00:00:00","BZN|DK1","997.67","997.00","1086.54","1157.03"
"20/10/2023 00:00:00 - 20/10/2023 01:00:00","BZN|DK1","1029.92","1055.96","1055.96","1194.55"
"20/10/2023 01:00:00 - 20/10/2023 02:00:00","BZN|DK1","1027.75","1095.71","1095.71","1202.26"
"20/10/2023 02:00:00 - 20/10/2023 03:00:00","BZN|DK1","1025.83","1090.58","1090.58","1205.35"
"20/10/2023 03:00:00 - 20/10/2023 04:00:00","BZN|DK1","1024.38","1088.92","1088.92","1147.35"
"20/10/2023 04:00:00 - 20/10/2023 05:00:00","BZN|DK1","1015.04","1037.04","1037.04","1188.69"
"20/10/2023 05:00:00 - 20/10/2023 06:00:00","BZN|DK1","1000.96","1081.83","1081.83","1142.94"
"20/10/2023 06:00:00 - 20/10/2023 07:00:00","BZN|DK1","993.38","1062.29","1062.29","1180.46"
"20/10/2023 07:00:00 - 20/10/2023 08:00:00","BZN|DK1","988.58","1076.21","1076.21","1108.88"
"20/10/2023 08:00:00 - 20/10/2023 09:00:00","BZN|DK1","984.92","1014.75","1013.71","1104.19"
"20/10/2023 09:00:00 - 20/10/2023 10:00:00","BZN|DK1","981.25","1016.00","1019.75","1179.95"
"20/10/2023 10:00:00 - 20/10/2023 11:00:00","BZN|DK1","978.96","1010.83","1038.25","1161.25"
"20/10/2023 11:00:00 - 20/10/2023 12:00:00","BZN|DK1","977.25","1004.25","1038.46","1069.74"
"20/10/2023 12:00:00 - 20/10/2023 13:00:00","BZN|DK1","972.63","994.75","987.33","1127.82"
"20/10/2023 13:00:00 - 20/10/2023 14:00:00","BZN|DK1","964.96","985.46","1051.88","1149.43"
"20/10/2023 14:00:00 - 20/10/2023 15:00:00","BZN|DK1","954.13","975.75","1041.42","1136.37"
"20/10/2023 15:00:00 - 20/10/2023 16:00:00","BZN|DK1","936.00","964.71","1012.42","1068.37"
"20/10/2023 16:00:00 - 20/10/2023 17:00:00","BZN|DK1","914.63","950.42","970.92","1086.85"
"20/10/2023 17:00:00 - 20/10/2023 18:00:00","BZN|DK1","890.88","930.83","984.00","996.38"
"20/10/2023 18:00:00 - 20/10/2023 19:00:00","BZN|DK1","861.96","902.33","862.17","895.05"
"20/10/2023 19:00:00 - 20/10/2023 20:00:00","BZN|DK1","834.54","872.46","804.50","826.36"
"20/10/2023 20:00:00 - 20/10/2023 21:00:00","BZN|DK1","815.79","853.83","739.92","778.19"
"20/10/2023 21:00:00 - 20/10/2023 22:00:00","BZN|DK1","810.25","840.21","751.83","795.55"
"20/10/2023 22:00:00 - 20/10/2023 23:00:00","BZN|DK1","816.08","832.67","785.75","823.64"
"20/10/2023 23:00:00 - 21/10/2023 00:00:00","BZN|DK1","831.71","842.08","791.88","833.74"
"21/10/2023 00:00:00 - 21/10/2023 01:00:00","BZN|DK1","871.13","834.71","834.71","976.83"
"21/10/2023 01:00:00 - 21/10/2023 02:00:00","BZN|DK1","892.96","926.92","926.92","944.26"
"21/10/2023 02:00:00 - 21/10/2023 03:00:00","BZN|DK1","912.42","925.00","925.00","952.13"
"21/10/2023 03:00:00 - 21/10/2023 04:00:00","BZN|DK1","941.71","955.92","955.92","1058.79"
"21/10/2023 04:00:00 - 21/10/2023 05:00:00","BZN|DK1","968.25","1058.88","1058.88","1095.19"
"21/10/2023 05:00:00 - 21/10/2023 06:00:00","BZN|DK1","982.96","1057.96","1057.96","1074.19"
"21/10/2023 06:00:00 - 21/10/2023 07:00:00","BZN|DK1","992.04","1033.46","1033.46","1040.63"
"21/10/2023 07:00:00 - 21/10/2023 08:00:00","BZN|DK1","996.54","1009.29","1009.29","1033.99"
"21/10/2023 08:00:00 - 21/10/2023 09:00:00","BZN|DK1","998.83","1042.83","1057.58","1101.94"
"21/10/2023 09:00:00 - 21/10/2023 10:00:00","BZN|DK1","1001.25","1038.46","1061.79","1111.66"
"21/10/2023 10:00:00 - 21/10/2023 11:00:00","BZN|DK1","1000.92","1033.83","1033.33","1118.38"
"21/10/2023 11:00:00 - 21/10/2023 12:00:00","BZN|DK1","989.13","1029.71","1050.83","1108.82"
"21/10/2023 12:00:00 - 21/10/2023 13:00:00","BZN|DK1","969.21","1023.04","1043.25","1143.13"
"21/10/2023 13:00:00 - 21/10/2023 14:00:00","BZN|DK1","946.08","1015.58","1060.17","1128.33"
"21/10/2023 14:00:00 - 21/10/2023 15:00:00","BZN|DK1","925.00","1002.58","1033.79","1150.03"
"21/10/2023 15:00:00 - 21/10/2023 16:00:00","BZN|DK1","915.08","988.00","1065.63","1150.45"
"21/10/2023 16:00:00 - 21/10/2023 17:00:00","BZN|DK1","911.00","974.13","1070.46","1090.25"
"21/10/2023 17:00:00 - 21/10/2023 18:00:00","BZN|DK1","904.21","957.67","1013.08","1141.40"
"21/10/2023 18:00:00 - 21/10/2023 19:00:00","BZN|DK1","886.17","930.21","1059.00","1145.01"
"21/10/2023 19:00:00 - 21/10/2023 20:00:00","BZN|DK1","864.92","894.00","1032.29","1096.99"
"21/10/2023 20:00:00 - 21/10/2023 21:00:00","BZN|DK1","845.75","854.54","968.46","1054.98"
"21/10/2023 21:00:00 - 21/10/2023 22:00:00","BZN|DK1","819.46","807.50","928.00","950.04"
"21/10/2023 22:00:00 - 21/10/2023 23:00:00","BZN|DK1","801.50","761.96","826.17","821.27"
"21/10/2023 23:00:00 - 22/10/2023 00:00:00","BZN|DK1","803.50","740.00","745.75","871.43"
"22/10/2023 00:00:00 - 22/10/2023 01:00:00","BZN|DK1","804.29","885.88","885.88","974.60"
"22/10/2023 01:00:00 - 22/10/2023 02:00:00","BZN|DK1","807.42","944.79","944.79","1008.09"
"22/10/2023 02:00:00 - 22/10/2023 03:00:00","BZN|DK1","811.29","924.00","924.00","913.91"
"22/10/2023 03:00:00 - 22/10/2023 04:00:00","BZN|DK1","814.21","798.75","798.75","806.69"
"22/10/2023 04:00:00 - 22/10/2023 05:00:00","BZN|DK1","802.42","728.79","728.79","772.89"
"22/10/2023 05:00:00 - 22/10/2023 06:00:00","BZN|DK1","800.92","748.25","748.25","830.12"
"22/10/2023 06:00:00 - 22/10/2023 07:00:00","BZN|DK1","819.21","810.92","810.92","840.30"
"22/10/2023 07:00:00 - 22/10/2023 08:00:00","BZN|DK1","828.25","791.88","791.88","950.57"
"22/10/2023 08:00:00 - 22/10/2023 09:00:00","BZN|DK1","814.08","912.00","915.96","946.30"
"22/10/2023 09:00:00 - 22/10/2023 10:00:00","BZN|DK1","788.88","889.29","859.13","976.19"
"22/10/2023 10:00:00 - 22/10/2023 11:00:00","BZN|DK1","754.88","854.58","932.79","983.81"
"22/10/2023 11:00:00 - 22/10/2023 12:00:00","BZN|DK1","738.92","803.67","893.67","948.08"
"22/10/2023 12:00:00 - 22/10/2023 13:00:00","BZN|DK1","775.04","714.29","807.17","766.22"
"22/10/2023 13:00:00 - 22/10/2023 14:00:00","BZN|DK1","807.00","627.79","605.46","688.23"
"22/10/2023 14:00:00 - 22/10/2023 15:00:00","BZN|DK1","821.38","642.29","769.04","916.65"
"22/10/2023 15:00:00 - 22/10/2023 16:00:00","BZN|DK1","806.63","767.04","908.13","914.05"
"22/10/2023 16:00:00 - 22/10/2023 17:00:00","BZN|DK1","783.54","852.96","856.46","876.63"
"22/10/2023 17:00:00 - 22/10/2023 18:00:00","BZN|DK1","765.00","861.63","849.25","880.38"
"22/10/2023 18:00:00 - 22/10/2023 19:00:00","BZN|DK1","751.42","811.38","793.42","764.44"
"22/10/2023 19:00:00 - 22/10/2023 20:00:00","BZN|DK1","732.71","738.75","691.42","717.53"
"22/10/2023 20:00:00 - 22/10/2023 21:00:00","BZN|DK1","710.42","703.25","612.58","597.19"
"22/10/2023 21:00:00 - 22/10/2023 22:00:00","BZN|DK1","708.25","717.46","510.33","629.71"
"22/10/2023 22:00:00 - 22/10/2023 23:00:00","BZN|DK1","716.50","751.42","526.17","635.69"
"22/10/2023 23:00:00 - 23/10/2023 00:00:00","BZN|DK1","720.71","766.88","627.96","710.41"
"23/10/2023 00:00:00 - 23/10/2023 01:00:00","BZN|DK1","743.29","701.08","701.08","631.63"
"23/10/2023 01:00:00 - 23/10/2023 02:00:00","BZN|DK1","746.88","591.21","591.21","664.52"
"23/10/2023 02:00:00 - 23/10/2023 03:00:00","BZN|DK1","741.29","582.13","582.13","772.18"
"23/10/2023 03:00:00 - 23/10/2023 04:00:00","BZN|DK1","729.38","792.08","792.08","890.28"
"23/10/2023 04:00:00 - 23/10/2023 05:00:00","BZN|DK1","731.54","803.92","803.92","836.76"
"23/10/2023 05:00:00 - 23/10/2023 06:00:00","BZN|DK1","730.75","732.83","732.83","742.78"
"23/10/2023 06:00:00 - 23/10/2023 07:00:00","BZN|DK1","716.67","685.38","685.38","686.71"
"23/10/2023 07:00:00 - 23/10/2023 08:00:00","BZN|DK1","691.00","615.38","615.38","706.64"
"23/10/2023 08:00:00 - 23/10/2023 09:00:00","BZN|DK1","645.75","656.08","645.71","512.63"
"23/10/2023 09:00:00 - 23/10/2023 10:00:00","BZN|DK1","603.58","612.63","413.46","483.83"
"23/10/2023 10:00:00 - 23/10/2023 11:00:00","BZN|DK1","569.88","561.67","444.42","551.98"
"23/10/2023 11:00:00 - 23/10/2023 12:00:00","BZN|DK1","527.50","506.08","481.33","566.31"
"23/10/2023 12:00:00 - 23/10/2023 13:00:00","BZN|DK1","475.88","446.33","457.46","490.70"
"23/10/2023 13:00:00 - 23/10/2023 14:00:00","BZN|DK1","414.21","377.33","394.33","416.68"
"23/10/2023 14:00:00 - 23/10/2023 15:00:00","BZN|DK1","361.50","310.46","321.83","319.20"
"23/10/2023 15:00:00 - 23/10/2023 16:00:00","BZN|DK1","310.92","254.33","229.96","187.30"
"23/10/2023 16:00:00 - 23/10/2023 17:00:00","BZN|DK1","260.71","200.38","122.17","120.65"
"23/10/2023 17:00:00 - 23/10/2023 18:00:00","BZN|DK1","204.38","148.00","84.21","89.26"
"23/10/2023 18:00:00 - 23/10/2023 19:00:00","BZN|DK1","147.88","89.92","51.63","36.22"
"23/10/2023 19:00:00 - 23/10/2023 20:00:00","BZN|DK1","101.92","52.50","5.04","9.67"
"23/10/2023 20:00:00 - 23/10/2023 21:00:00","BZN|DK1","72.83","34.67","0.00","9.45"
"23/10/2023 21:00:00 - 23/10/2023 22:00:00","BZN|DK1","65.88","37.17","5.00","15.36"
"23/10/2023 22:00:00 - 23/10/2023 23:00:00","BZN|DK1","65.42","56.88","24.96","19.60"
"23/10/2023 23:00:00 - 24/10/2023 00:00:00","BZN|DK1","77.46","93.42","39.71","15.49"
"24/10/2023 00:00:00 - 24/10/2023 01:00:00","BZN|DK1","155.67","65.92","65.92","31.44"
"24/10/2023 01:00:00 - 24/10/2023 02:00:00","BZN|DK1","213.04","79.13","79.13","33.75"
"24/10/2023 02:00:00 - 24/10/2023 03:00:00","BZN|DK1","274.75","101.75","101.75","66.84"
"24/10/2023 03:00:00 - 24/10/2023 04:00:00","BZN|DK1","371.21","179.63","179.63","141.29"
"24/10/2023 04:00:00 - 24/10/2023 05:00:00","BZN|DK1","483.58","262.54","262.54","216.31"
"24/10/2023 05:00:00 - 24/10/2023 06:00:00","BZN|DK1","577.63","300.58","300.58","257.70"
"24/10/2023 06:00:00 - 24/10/2023 07:00:00","BZN|DK1","652.46","345.50","345.50","320.20"
"24/10/2023 07:00:00 - 24/10/2023 08:00:00","BZN|DK1","714.04","413.63","413.63","601.88"
"24/10/2023 08:00:00 - 24/10/2023 09:00:00","BZN|DK1","776.50","711.63","738.67","893.31"
"24/10/2023 09:00:00 - 24/10/2023 10:00:00","BZN|DK1","827.38","793.33","923.42","1051.19"
"24/10/2023 10:00:00 - 24/10/2023 11:00:00","BZN|DK1","861.88","863.13","1035.83","1127.72"
"24/10/2023 11:00:00 - 24/10/2023 12:00:00","BZN|DK1","884.38","900.17","1080.29","1172.15"
"24/10/2023 12:00:00 - 24/10/2023 13:00:00","BZN|DK1","898.46","919.63","1094.42","1203.39"
"24/10/2023 13:00:00 - 24/10/2023 14:00:00","BZN|DK1","912.13","934.75","1102.88","1207.22"
"24/10/2023 14:00:00 - 24/10/2023 15:00:00","BZN|DK1","929.08","955.17","1103.71","1212.47"
"24/10/2023 15:00:00 - 24/10/2023 16:00:00","BZN|DK1","946.25","972.17","1103.50","1214.09"
"24/10/2023 16:00:00 - 24/10/2023 17:00:00","BZN|DK1","953.79","985.29","1095.17","1204.74"
"24/10/2023 17:00:00 - 24/10/2023 18:00:00","BZN|DK1","951.04","987.25","1069.00","1162.35"
"24/10/2023 18:00:00 - 24/10/2023 19:00:00","BZN|DK1","942.50","978.33","1029.42","1133.46"
"24/10/2023 19:00:00 - 24/10/2023 20:00:00","BZN|DK1","931.96","961.42","1008.67","1068.44"
"24/10/2023 20:00:00 - 24/10/2023 21:00:00","BZN|DK1","911.88","947.13","918.00","995.92"
"24/10/2023 21:00:00 - 24/10/2023 22:00:00","BZN|DK1","883.00","930.42","881.92","950.01"
"24/10/2023 22:00:00 - 24/10/2023 23:00:00","BZN|DK1","849.00","905.79","837.25","997.43"
"24/10/2023 23:00:00 - 25/10/2023 00:00:00","BZN|DK1","810.08","874.88","938.83","1082.03"
"25/10/2023 00:00:00 - 25/10/2023 01:00:00","BZN|DK1","877.96","972.17","972.17","1048.34"
"25/10/2023 01:00:00 - 25/10/2023 02:00:00","BZN|DK1","860.08","922.29","922.29","946.96"
"25/10/2023 02:00:00 - 25/10/2023 03:00:00","BZN|DK1","851.29","859.83","859.83","943.51"
"25/10/2023 03:00:00 - 25/10/2023 04:00:00","BZN|DK1","860.50","892.50","892.50","1037.03"
"25/10/2023 04:00:00 - 25/10/2023 05:00:00","BZN|DK1","874.04","984.50","984.50","1120.39"
"25/10/2023 05:00:00 - 25/10/2023 06:00:00","BZN|DK1","865.79","1080.29","1080.29","1138.49"
"25/10/2023 06:00:00 - 25/10/2023 07:00:00","BZN|DK1","886.17","1073.17","1073.17","1116.95"
"25/10/2023 07:00:00 - 25/10/2023 08:00:00","BZN|DK1","931.79","1051.83","1051.83","1129.59"
"25/10/2023 08:00:00 - 25/10/2023 09:00:00","BZN|DK1","937.63","1024.50","1021.13","1069.59"
"25/10/2023 09:00:00 - 25/10/2023 10:00:00","BZN|DK1","927.96","1010.17","1051.46","1171.32"
"25/10/2023 10:00:00 - 25/10/2023 11:00:00","BZN|DK1","912.92","987.58","1074.79","1176.44"
"25/10/2023 11:00:00 - 25/10/2023 12:00:00","BZN|DK1","891.83","961.88","1064.00","1171.00"
"25/10/2023 12:00:00 - 25/10/2023 13:00:00","BZN|DK1","859.08","938.13","1078.46","1181.09"
"25/10/2023 13:00:00 - 25/10/2023 14:00:00","BZN|DK1","836.33","915.21","1066.75","1176.81"
"25/10/2023 14:00:00 - 25/10/2023 15:00:00","BZN|DK1","826.33","894.79","1054.38","1178.83"
"25/10/2023 15:00:00 - 25/10/2023 16:00:00","BZN|DK1","802.29","852.25","1047.21","1171.69"
"25/10/2023 16:00:00 - 25/10/2023 17:00:00","BZN|DK1","756.38","802.21","1016.29","1095.80"
"25/10/2023 17:00:00 - 25/10/2023 18:00:00","BZN|DK1","736.96","779.17","955.71","1006.30"
"25/10/2023 18:00:00 - 25/10/2023 19:00:00","BZN|DK1","729.79","784.46","902.21","1065.50"
"25/10/2023 19:00:00 - 25/10/2023 20:00:00","BZN|DK1","722.58","799.33","996.38","1098.61"
"25/10/2023 20:00:00 - 25/10/2023 21:00:00","BZN|DK1","719.38","797.04","997.38","1117.12"
"25/10/2023 21:00:00 - 25/10/2023 22:00:00","BZN|DK1","711.08","789.04","995.38","1009.08"
"25/10/2023 22:00:00 - 25/10/2023 23:00:00","BZN|DK1","702.75","781.88","888.54","962.12"
"25/10/2023 23:00:00 - 26/10/2023 00:00:00","BZN|DK1","701.13","774.29","868.92","1068.00"
"26/10/2023 00:00:00 - 26/10/2023 01:00:00","BZN|DK1","845.92","928.17","928.17","1016.38"
"26/10/2023 01:00:00 - 26/10/2023 02:00:00","BZN|DK1","827.13","902.38","902.38","841.82"
"26/10/2023 02:00:00 - 26/10/2023 03:00:00","BZN|DK1","817.75","755.13","755.13","818.52"
"26/10/2023 03:00:00 - 26/10/2023 04:00:00","BZN|DK1","802.92","769.04","769.04","863.16"
"26/10/2023 04:00:00 - 26/10/2023 05:00:00","BZN|DK1","767.04","754.58","754.58","743.97"
"26/10/2023 05:00:00 - 26/10/2023 06:00:00","BZN|DK1","735.33","681.79","681.79","719.58"
"26/10/2023 06:00:00 - 26/10/2023 07:00:00","BZN|DK1","732.04","701.58","701.58","739.99"
"26/10/2023 07:00:00 - 26/10/2023 08:00:00","BZN|DK1","734.00","714.54","714.54","783.22"
"26/10/2023 08:00:00 - 26/10/2023 09:00:00","BZN|DK1","740.00","755.08","766.21","901.83"
"26/10/2023 09:00:00 - 26/10/2023 10:00:00","BZN|DK1","745.88","763.75","879.21","909.65"
"26/10/2023 10:00:00 - 26/10/2023 11:00:00","BZN|DK1","741.21","763.58","831.71","843.65"
"26/10/2023 11:00:00 - 26/10/2023 12:00:00","BZN|DK1","726.71","751.29","768.58","723.14"
"26/10/2023 12:00:00 - 26/10/2023 13:00:00","BZN|DK1","695.58","717.29","628.38","641.91"
"26/10/2023 13:00:00 - 26/10/2023 14:00:00","BZN|DK1","665.75","691.33","588.58","599.08"
"26/10/2023 14:00:00 - 26/10/2023 15:00:00","BZN|DK1","648.54","680.17","548.63","493.33"
"26/10/2023 15:00:00 - 26/10/2023 16:00:00","BZN|DK1","641.88","671.88","456.46","408.37"
"26/10/2023 16:00:00 - 26/10/2023 17:00:00","BZN|DK1","649.13","673.13","393.83","398.88"
"26/10/2023 17:00:00 - 26/10/2023 18:00:00","BZN|DK1","661.71","686.17","442.17","405.00"
"26/10/2023 18:00:00 - 26/10/2023 19:00:00","BZN|DK1","678.25","705.58","451.46","457.25"
"26/10/2023 19:00:00 - 26/10/2023 20:00:00","BZN|DK1","694.88","713.17","521.25","532.03"
"26/10/2023 20:00:00 - 26/10/2023 21:00:00","BZN|DK1","700.38","713.00","529.54","607.44"
"26/10/2023 21:00:00 - 26/10/2023 22:00:00","BZN|DK1","692.29","703.63","622.00","633.43"
"26/10/2023 22:00:00 - 26/10/2023 23:00:00","BZN|DK1","677.46","687.83","589.46","548.39"
"26/10/2023 23:00:00 - 27/10/2023 00:00:00","BZN|DK1","660.88","672.13","509.67","454.35"
"27/10/2023 00:00:00 - 27/10/2023 01:00:00","BZN|DK1","550.79","446.00","446.00","417.86"
"27/10/2023 01:00:00 - 27/10/2023 02:00:00","BZN|DK1","526.58","407.33","407.33","375.11"
"27/10/2023 02:00:00 - 27/10/2023 03:00:00","BZN|DK1","522.13","392.50","392.50","366.20"
"27/10/2023 03:00:00 - 27/10/2023 04:00:00","BZN|DK1","529.50","386.33","386.33","348.39"
"27/10/2023 04:00:00 - 27/10/2023 05:00:00","BZN|DK1","571.88","385.25","385.25","360.84"
"27/10/2023 05:00:00 - 27/10/2023 06:00:00","BZN|DK1","629.83","415.17","415.17","464.36"
"27/10/2023 06:00:00 - 27/10/2023 07:00:00","BZN|DK1","655.79","546.08","546.08","529.39"
"27/10/2023 07:00:00 - 27/10/2023 08:00:00","BZN|DK1","661.29","524.13","524.13","547.65"
"27/10/2023 08:00:00 - 27/10/2023 09:00:00","BZN|DK1","662.46","587.58","599.75","610.54"
"27/10/2023 09:00:00 - 27/10/2023 10:00:00","BZN|DK1","663.79","614.00","627.63","610.42"
"27/10/2023 10:00:00 - 27/10/2023 11:00:00","BZN|DK1","662.83","624.17","575.71","607.55"
"27/10/2023 11:00:00 - 27/10/2023 12:00:00","BZN|DK1","654.58","626.71","568.75","592.45"
"27/10/2023 12:00:00 - 27/10/2023 13:00:00","BZN|DK1","639.29","615.63","520.42","516.35"
"27/10/2023 13:00:00 - 27/10/2023 14:00:00","BZN|DK1","616.75","611.96","478.04","466.23"
"27/10/2023 14:00:00 - 27/10/2023 15:00:00","BZN|DK1","604.96","613.38","470.17","496.91"
"27/10/2023 15:00:00 - 27/10/2023 16:00:00","BZN|DK1","603.42","615.08","491.17","508.26"
"27/10/2023 16:00:00 - 27/10/2023 17:00:00","BZN|DK1","606.33","626.75","493.00","506.52"
"27/10/2023 17:00:00 - 27/10/2023 18:00:00","BZN|DK1","621.00","649.13","519.58","595.99"
"27/10/2023 18:00:00 - 27/10/2023 19:00:00","BZN|DK1","658.38","689.79","631.75","721.67"
"27/10/2023 19:00:00 - 27/10/2023 20:00:00","BZN|DK1","697.46","742.33","723.46","733.33"
"27/10/2023 20:00:00 - 27/10/2023 21:00:00","BZN|DK1","712.71","770.88","705.25","719.39"
"27/10/2023 21:00:00 - 27/10/2023 22:00:00","BZN|DK1","709.25","774.96","679.67","763.97"
"27/10/2023 22:00:00 - 27/10/2023 23:00:00","BZN|DK1","701.50","770.08","755.71","754.58"
"27/10/2023 23:00:00 - 28/10/2023 00:00:00","BZN|DK1","697.17","758.17","701.33","711.95"
"28/10/2023 00:00:00 - 28/10/2023 01:00:00","BZN|DK1","660.13","666.00","665.96","714.40"
"28/10/2023 01:00:00 - 28/10/2023 02:00:00","BZN|DK1","649.71","661.38","661.38","695.86"
"28/10/2023 02:00:00 - 28/10/2023 03:00:00","BZN|DK1","655.13","656.13","656.13","693.85"
"28/10/2023 03:00:00 - 28/10/2023 04:00:00","BZN|DK1","662.33","677.46","677.46","689.23"
"28/10/2023 04:00:00 - 28/10/2023 05:00:00","BZN|DK1","683.00","717.92","717.92","776.55"
"28/10/2023 05:00:00 - 28/10/2023 06:00:00","BZN|DK1","710.54","765.92","765.92","796.71"
"28/10/2023 06:00:00 - 28/10/2023 07:00:00","BZN|DK1","729.00","777.83","777.83","836.77"
"28/10/2023 07:00:00 - 28/10/2023 08:00:00","BZN|DK1","752.21","788.38","788.38","778.08"
"28/10/2023 08:00:00 - 28/10/2023 09:00:00","BZN|DK1","777.92","751.08","753.25","831.68"
"28/10/2023 09:00:00 - 28/10/2023 10:00:00","BZN|DK1","794.96","765.04","823.25","880.37"
"28/10/2023 10:00:00 - 28/10/2023 11:00:00","BZN|DK1","807.96","769.88","824.88","879.96"
"28/10/2023 11:00:00 - 28/10/2023 12:00:00","BZN|DK1","816.79","774.13","818.46","869.17"
"28/10/2023 12:00:00 - 28/10/2023 13:00:00","BZN|DK1","821.92","780.63","813.79","857.87"
"28/10/2023 13:00:00 - 28/10/2023 14:00:00","BZN|DK1","819.71","783.17","783.46","859.28"
"28/10/2023 14:00:00 - 28/10/2023 15:00:00","BZN|DK1","816.00","783.96","812.96","904.12"
"28/10/2023 15:00:00 - 28/10/2023 16:00:00","BZN|DK1","811.21","782.38","845.83","944.55"
"28/10/2023 16:00:00 - 28/10/2023 17:00:00","BZN|DK1","808.63","782.71","897.46","921.60"
"28/10/2023 17:00:00 - 28/10/2023 18:00:00","BZN|DK1","812.92","795.88","850.00","1016.14"
"28/10/2023 18:00:00 - 28/10/2023 19:00:00","BZN|DK1","828.38","823.08","955.04","1054.26"
"28/10/2023 19:00:00 - 28/10/2023 20:00:00","BZN|DK1","848.96","856.29","1013.13","1135.40"
"28/10/2023 20:00:00 - 28/10/2023 21:00:00","BZN|DK1","865.04","881.04","1072.83","1158.54"
"28/10/2023 21:00:00 - 28/10/2023 22:00:00","BZN|DK1","879.21","898.33","1087.08","1172.81"
"28/10/2023 22:00:00 - 28/10/2023 23:00:00","BZN|DK1","897.04","912.96","1093.63","1187.61"
"28/10/2023 23:00:00 - 29/10/2023 00:00:00","BZN|DK1","912.38","922.29","1093.42","1191.59"
"29/10/2023 00:00:00 - 29/10/2023 01:00:00","BZN|DK1","997.71","1092.58","1092.58","1107.95"
"29/10/2023 01:00:00 - 29/10/2023 02:00:00 (CEST)","BZN|DK1","1004.17","1048.83","1048.83","1121.00"
"29/10/2023 02:00:00 (CEST) - 29/10/2023 02:00:00 (CET)","BZN|DK1","1007.04","1001.50","1001.50","1140.00"
"29/10/2023 02:00:00 (CET) - 29/10/2023 03:00:00","BZN|DK1","1011.17","1012.04","1012.04","1186.94"
"29/10/2023 03:00:00 - 29/10/2023 04:00:00","BZN|DK1","1007.00","1052.88","1052.88","670.31"
"29/10/2023 04:00:00 - 29/10/2023 05:00:00","BZN|DK1","997.58","634.00","634.00","732.22"
"29/10/2023 05:00:00 - 29/10/2023 06:00:00","BZN|DK1","999.25","696.38","696.38","692.83"
"29/10/2023 06:00:00 - 29/10/2023 07:00:00","BZN|DK1","1004.58","669.83","669.83","643.36"
"29/10/2023 07:00:00 - 29/10/2023 08:00:00","BZN|DK1","1007.33","629.00","629.00","738.88"
"29/10/2023 08:00:00 - 29/10/2023 09:00:00","BZN|DK1","1008.38","730.21","727.38","1120.94"
"29/10/2023 09:00:00 - 29/10/2023 10:00:00","BZN|DK1","1008.17","761.71","911.79","656.11"
"29/10/2023 10:00:00 - 29/10/2023 11:00:00","BZN|DK1","1006.33","787.04","628.25","629.78"
"29/10/2023 11:00:00 - 29/10/2023 12:00:00","BZN|DK1","993.54","807.96","625.25","627.15"
"29/10/2023 12:00:00 - 29/10/2023 13:00:00","BZN|DK1","996.79","831.46","628.38","636.52"
"29/10/2023 13:00:00 - 29/10/2023 14:00:00","BZN|DK1","988.29","843.83","650.08","958.58"
"29/10/2023 14:00:00 - 29/10/2023 15:00:00","BZN|DK1","935.38","805.08","920.29","1010.79"
"29/10/2023 15:00:00 - 29/10/2023 16:00:00","BZN|DK1","852.08","725.58","887.92","887.74"
"29/10/2023 16:00:00 - 29/10/2023 17:00:00","BZN|DK1","816.79","690.79","798.58","913.51"
"29/10/2023 17:00:00 - 29/10/2023 18:00:00","BZN|DK1","829.83","691.04","910.54","965.07"
"29/10/2023 18:00:00 - 29/10/2023 19:00:00","BZN|DK1","872.88","741.96","1012.46","1099.90"
"29/10/2023 19:00:00 - 29/10/2023 20:00:00","BZN|DK1","859.00","782.67","1031.58","1082.55"
"29/10/2023 20:00:00 - 29/10/2023 21:00:00","BZN|DK1","809.00","769.79","1010.29","1028.61"
"29/10/2023 21:00:00 - 29/10/2023 22:00:00","BZN|DK1","727.50","750.67","917.17","998.66"
"29/10/2023 22:00:00 - 29/10/2023 23:00:00","BZN|DK1","659.83","689.00","893.25","916.99"
"29/10/2023 23:00:00 - 30/10/2023 00:00:00","BZN|DK1","561.63","586.00","755.67","710.09"
"30/10/2023 00:00:00 - 30/10/2023 01:00:00","BZN|DK1","645.58","717.13","717.13","716.29"
"30/10/2023 01:00:00 - 30/10/2023 02:00:00","BZN|DK1","618.13","756.42","756.42","757.33"
"30/10/2023 02:00:00 - 30/10/2023 03:00:00","BZN|DK1","651.83","882.88","882.88","923.55"
"30/10/2023 03:00:00 - 30/10/2023 04:00:00","BZN|DK1","721.00","856.38","856.38","909.99"
"30/10/2023 04:00:00 - 30/10/2023 05:00:00","BZN|DK1","774.13","855.46","855.46","865.68"
"30/10/2023 05:00:00 - 30/10/2023 06:00:00","BZN|DK1","790.54","824.88","824.88","850.79"
"30/10/2023 06:00:00 - 30/10/2023 07:00:00","BZN|DK1","796.17","858.33","858.33","907.58"
"30/10/2023 07:00:00 - 30/10/2023 08:00:00","BZN|DK1","801.42","933.63","933.63","1088.84"
"30/10/2023 08:00:00 - 30/10/2023 09:00:00","BZN|DK1","834.71","1058.25","1060.50","1174.87"
"30/10/2023 09:00:00 - 30/10/2023 10:00:00","BZN|DK1","872.63","1058.33","1080.13","1126.99"
"30/10/2023 10:00:00 - 30/10/2023 11:00:00","BZN|DK1","888.33","1053.79","1049.29","1131.61"
"30/10/2023 11:00:00 - 30/10/2023 12:00:00","BZN|DK1","898.00","1049.79","1044.13","1105.82"
"30/10/2023 12:00:00 - 30/10/2023 13:00:00","BZN|DK1","908.17","1041.50","1032.63","1105.16"
"30/10/2023 13:00:00 - 30/10/2023 14:00:00","BZN|DK1","915.25","1033.25","1041.50","1163.60"
"30/10/2023 14:00:00 - 30/10/2023 15:00:00","BZN|DK1","911.83","1018.75","1061.00","1103.19"
"30/10/2023 15:00:00 - 30/10/2023 16:00:00","BZN|DK1","893.25","988.96","971.38","997.60"
"30/10/2023 16:00:00 - 30/10/2023 17:00:00","BZN|DK1","860.29","948.75","857.25","878.91"
"30/10/2023 17:00:00 - 30/10/2023 18:00:00","BZN|DK1","813.83","892.04","700.46","738.88"
"30/10/2023 18:00:00 - 30/10/2023 19:00:00","BZN|DK1","742.17","780.29","561.75","577.02"
"30/10/2023 19:00:00 - 30/10/2023 20:00:00","BZN|DK1","692.08","639.33","455.88","498.39"
"30/10/2023 20:00:00 - 30/10/2023 21:00:00","BZN|DK1","638.71","535.38","437.04","317.33"
"30/10/2023 21:00:00 - 30/10/2023 22:00:00","BZN|DK1","589.67","490.75","149.54","97.44"
"30/10/2023 22:00:00 - 30/10/2023 23:00:00","BZN|DK1","521.79","481.38","129.04","178.36"
"30/10/2023 23:00:00 - 31/10/2023 00:00:00","BZN|DK1","433.63","463.08","258.00","274.01"
"31/10/2023 00:00:00 - 31/10/2023 01:00:00","BZN|DK1","494.08","372.46","372.46","457.16"
"31/10/2023 01:00:00 - 31/10/2023 02:00:00","BZN|DK1","521.29","576.75","576.75","647.62"
"31/10/2023 02:00:00 - 31/10/2023 03:00:00","BZN|DK1","566.54","694.71","694.71","769.57"
"31/10/2023 03:00:00 - 31/10/2023 04:00:00","BZN|DK1","615.96","775.33","775.33","839.23"
"31/10/2023 04:00:00 - 31/10/2023 05:00:00","BZN|DK1","676.04","801.96","801.96","854.54"
"31/10/2023 05:00:00 - 31/10/2023 06:00:00","BZN|DK1","720.83","813.04","813.04","878.53"
"31/10/2023 06:00:00 - 31/10/2023 07:00:00","BZN|DK1","743.38","868.67","868.67","941.94"
"31/10/2023 07:00:00 - 31/10/2023 08:00:00","BZN|DK1","754.88","887.88","887.88","998.32"
"31/10/2023 08:00:00 - 31/10/2023 09:00:00","BZN|DK1","762.92","945.79","953.21","1049.11"
"31/10/2023 09:00:00 - 31/10/2023 10:00:00","BZN|DK1","745.38","907.71","977.29","1083.53"
"31/10/2023 10:00:00 - 31/10/2023 11:00:00","BZN|DK1","719.33","881.17","971.29","1086.56"
"31/10/2023 11:00:00 - 31/10/2023 12:00:00","BZN|DK1","705.29","863.58","1013.21","1024.36"
"31/10/2023 12:00:00 - 31/10/2023 13:00:00","BZN|DK1","712.21","848.13","893.25","1008.70"
"31/10/2023 13:00:00 - 31/10/2023 14:00:00","BZN|DK1","719.42","829.58","960.21","1018.70"
"31/10/2023 14:00:00 - 31/10/2023 15:00:00","BZN|DK1","710.63","815.92","896.13","872.78"
"31/10/2023 15:00:00 - 31/10/2023 16:00:00","BZN|DK1","699.79","801.79","709.63","702.12"
"31/10/2023 16:00:00 - 31/10/2023 17:00:00","BZN|DK1","683.13","769.42","608.54","712.32"
"31/10/2023 17:00:00 - 31/10/2023 18:00:00","BZN|DK1","660.63","719.00","651.79","667.70"
"31/10/2023 18:00:00 - 31/10/2023 19:00:00","BZN|DK1","618.29","630.92","545.17","592.22"
"31/10/2023 19:00:00 - 31/10/2023 20:00:00","BZN|DK1","539.46","522.63","464.75","497.77"
"31/10/2023 20:00:00 - 31/10/2023 21:00:00","BZN|DK1","452.88","433.00","373.42","439.61"
"31/10/2023 21:00:00 - 31/10/2023 22:00:00","BZN|DK1","378.25","362.04","354.88","401.89"
"31/10/2023 22:00:00 - 31/10/2023 23:00:00","BZN|DK1","337.83","314.42","355.21","386.41"
"31/10/2023 23:00:00 - 01/11/2023 00:00:00","BZN|DK1","325.58","289.83","349.33","340.20"
"01/11/2023 00:00:00 - 01/11/2023 01:00:00","BZN|DK1","302.13","330.08","330.08","269.08"
"01/11/2023 01:00:00 - 01/11/2023 02:00:00","BZN|DK1","315.50","266.54","266.54","247.47"
"01/11/2023 02:00:00 - 01/11/2023 03:00:00","BZN|DK1","362.21","273.88","273.88","208.62"
"01/11/2023 03:00:00 - 01/11/2023 04:00:00","BZN|DK1","449.96","265.00","265.00","265.43"
"01/11/2023 04:00:00 - 01/11/2023 05:00:00","BZN|DK1","519.50","367.67","367.67","389.67"
"01/11/2023 05:00:00 - 01/11/2023 06:00:00","BZN|DK1","554.92","470.83","470.83","526.21"
"01/11/2023 06:00:00 - 01/11/2023 07:00:00","BZN|DK1","591.79","583.63","583.63","660.94"
"01/11/2023 07:00:00 - 01/11/2023 08:00:00","BZN|DK1","625.54","703.50","703.50","754.44"
"01/11/2023 08:00:00 - 01/11/2023 09:00:00","BZN|DK1","643.79","728.29","729.21","767.41"
"01/11/2023 09:00:00 - 01/11/2023 10:00:00","BZN|DK1","645.00","715.67","721.58","775.80"
"01/11/2023 10:00:00 - 01/11/2023 11:00:00","BZN|DK1","651.33","702.21","726.58","805.23"
"01/11/2023 11:00:00 - 01/11/2023 12:00:00","BZN|DK1","679.17","721.25","775.54","849.26"
"01/11/2023 12:00:00 - 01/11/2023 13:00:00","BZN|DK1","715.83","773.75","831.83","902.57"
"01/11/2023 13:00:00 - 01/11/2023 14:00:00","BZN|DK1","769.33","820.21","865.13","990.59"
"01/11/2023 14:00:00 - 01/11/2023 15:00:00","BZN|DK1","830.00","858.88","947.21","1085.52"
"01/11/2023 15:00:00 - 01/11/2023 16:00:00","BZN|DK1","881.50","897.54","1068.38","1191.39"
"01/11/2023 16:00:00 - 01/11/2023 17:00:00","BZN|DK1","926.96","941.42","1117.54","1214.64"
"01/11/2023 17:00:00 - 01/11/2023 18:00:00","BZN|DK1","960.25","973.88","1116.79","1214.69"
"01/11/2023 18:00:00 - 01/11/2023 19:00:00","BZN|DK1","977.04","986.33","1112.17","1217.67"
"01/11/2023 19:00:00 - 01/11/2023 20:00:00","BZN|DK1","981.71","985.21","1106.83","1214.16"
"01/11/2023 20:00:00 - 01/11/2023 21:00:00","BZN|DK1","979.04","983.83","1099.54","1202.39"
"01/11/2023 21:00:00 - 01/11/2023 22:00:00","BZN|DK1","970.00","978.83","1098.38","1196.86"
"01/11/2023 22:00:00 - 01/11/2023 23:00:00","BZN|DK1","958.25","956.38","1086.38","1172.72"
"01/11/2023 23:00:00 - 02/11/2023 00:00:00","BZN|DK1","942.63","932.75","1075.54","1165.40"
"02/11/2023 00:00:00 - 02/11/2023 01:00:00","BZN|DK1","987.13","1068.13","1068.13","1163.06"
"02/11/2023 01:00:00 - 02/11/2023 02:00:00","BZN|DK1","976.50","1080.83","1080.83","1172.26"
"02/11/2023 02:00:00 - 02/11/2023 03:00:00","BZN|DK1","960.29","1074.75","1074.75","1102.25"
"02/11/2023 03:00:00 - 02/11/2023 04:00:00","BZN|DK1","918.63","995.58","995.58","1104.80"
"02/11/2023 04:00:00 - 02/11/2023 05:00:00","BZN|DK1","873.04","1006.54","1006.54","1102.57"
"02/11/2023 05:00:00 - 02/11/2023 06:00:00","BZN|DK1","826.04","983.08","983.08","1019.02"
"02/11/2023 06:00:00 - 02/11/2023 07:00:00","BZN|DK1","817.17","990.71","990.71","1100.96"
"02/11/2023 07:00:00 - 02/11/2023 08:00:00","BZN|DK1","838.88","1027.92","1027.92","1107.80"
"02/11/2023 08:00:00 - 02/11/2023 09:00:00","BZN|DK1","857.75","1017.88","1021.50","1110.48"
"02/11/2023 09:00:00 - 02/11/2023 10:00:00","BZN|DK1","863.21","1001.63","1002.54","1151.11"
"02/11/2023 10:00:00 - 02/11/2023 11:00:00","BZN|DK1","872.50","1003.71","1078.46","1178.17"
"02/11/2023 11:00:00 - 02/11/2023 12:00:00","BZN|DK1","890.92","1021.08","1105.13","1195.62"
"02/11/2023 12:00:00 - 02/11/2023 13:00:00","BZN|DK1","919.75","1035.79","1094.33","1204.82"
"02/11/2023 13:00:00 - 02/11/2023 14:00:00","BZN|DK1","947.50","1049.08","1115.92","1210.94"
"02/11/2023 14:00:00 - 02/11/2023 15:00:00","BZN|DK1","969.38","1052.83","1108.29","1213.58"
"02/11/2023 15:00:00 - 02/11/2023 16:00:00","BZN|DK1","986.79","1055.29","1110.42","1201.88"
"02/11/2023 16:00:00 - 02/11/2023 17:00:00","BZN|DK1","995.29","1058.04","1097.04","1204.81"
"02/11/2023 17:00:00 - 02/11/2023 18:00:00","BZN|DK1","996.00","1061.08","1099.17","1201.61"
"02/11/2023 18:00:00 - 02/11/2023 19:00:00","BZN|DK1","993.42","1044.50","1101.63","1209.88"
"02/11/2023 19:00:00 - 02/11/2023 20:00:00","BZN|DK1","979.79","1017.67","1102.25","1206.31"
"02/11/2023 20:00:00 - 02/11/2023 21:00:00","BZN|DK1","969.63","1005.00","1095.75","1146.53"
"02/11/2023 21:00:00 - 02/11/2023 22:00:00","BZN|DK1","960.46","994.38","1019.33","1110.03"
"02/11/2023 22:00:00 - 02/11/2023 23:00:00","BZN|DK1","949.50","981.00","1031.83","1126.71"
"02/11/2023 23:00:00 - 03/11/2023 00:00:00","BZN|DK1","942.75","968.88","1033.29","1204.80"
"03/11/2023 00:00:00 - 03/11/2023 01:00:00","BZN|DK1","1000.33","1097.92","1097.92","1168.91"
"03/11/2023 01:00:00 - 03/11/2023 02:00:00","BZN|DK1","991.00","1098.21","1098.21","1184.16"
"03/11/2023 02:00:00 - 03/11/2023 03:00:00","BZN|DK1","980.54","1094.58","1094.58","1144.02"
"03/11/2023 03:00:00 - 03/11/2023 04:00:00","BZN|DK1","975.67","1045.42","1045.42","1165.58"
"03/11/2023 04:00:00 - 03/11/2023 05:00:00","BZN|DK1","958.67","1084.50","1084.50","1183.68"
"03/11/2023 05:00:00 - 03/11/2023 06:00:00","BZN|DK1","924.58","1087.17","1087.17","1109.33"
"03/11/2023 06:00:00 - 03/11/2023 07:00:00","BZN|DK1","895.46","1009.67","1009.67","1169.38"
"03/11/2023 07:00:00 - 03/11/2023 08:00:00","BZN|DK1","871.83","1076.17","1076.17","1174.29"
"03/11/2023 08:00:00 - 03/11/2023 09:00:00","BZN|DK1","849.54","1072.04","1075.67","1166.14"
"03/11/2023 09:00:00 - 03/11/2023 10:00:00","BZN|DK1","832.83","1031.54","1068.42","1156.16"
"03/11/2023 10:00:00 - 03/11/2023 11:00:00","BZN|DK1","823.33","1002.83","1068.75","1149.66"
"03/11/2023 11:00:00 - 03/11/2023 12:00:00","BZN|DK1","818.13","985.38","1056.63","1111.84"
"03/11/2023 12:00:00 - 03/11/2023 13:00:00","BZN|DK1","812.13","969.92","1020.96","1085.12"
"03/11/2023 13:00:00 - 03/11/2023 14:00:00","BZN|DK1","814.46","950.54","981.29","1093.13"
"03/11/2023 14:00:00 - 03/11/2023 15:00:00","BZN|DK1","833.58","945.63","1004.38","1134.21"
"03/11/2023 15:00:00 - 03/11/2023 16:00:00","BZN|DK1","825.58","936.46","1052.17","1131.86"
"03/11/2023 16:00:00 - 03/11/2023 17:00:00","BZN|DK1","796.17","929.08","1031.33","1118.33"
"03/11/2023 17:00:00 - 03/11/2023 18:00:00","BZN|DK1","803.46","940.50","1032.13","1070.44"
"03/11/2023 18:00:00 - 03/11/2023 19:00:00","BZN|DK1","830.42","916.75","997.08","1090.35"
"03/11/2023 19:00:00 - 03/11/2023 20:00:00","BZN|DK1","848.88","868.25","1007.92","1085.03"
"03/11/2023 20:00:00 - 03/11/2023 21:00:00","BZN|DK1","870.42","845.71","971.04","973.23"
"03/11/2023 21:00:00 - 03/11/2023 22:00:00","BZN|DK1","874.13","841.08","886.38","962.92"
"03/11/2023 22:00:00 - 03/11/2023 23:00:00","BZN|DK1","868.13","840.29","936.13","998.89"
"03/11/2023 23:00:00 - 04/11/2023 00:00:00","BZN|DK1","865.71","842.83","910.63","905.52"
"04/11/2023 00:00:00 - 04/11/2023 01:00:00","BZN|DK1","871.79","780.63","780.63","826.70"
"04/11/2023 01:00:00 - 04/11/2023 02:00:00","BZN|DK1","850.33","780.17","780.17","738.85"
"04/11/2023 02:00:00 - 04/11/2023 03:00:00","BZN|DK1","833.38","680.54","680.54","683.54"
"04/11/2023 03:00:00 - 04/11/2023 04:00:00","BZN|DK1","830.71","677.75","696.08","850.38"
"04/11/2023 04:00:00 - 04/11/2023 05:00:00","BZN|DK1","830.00","839.46","839.46","958.36"
"04/11/2023 05:00:00 - 04/11/2023 06:00:00","BZN|DK1","826.79","912.67","912.67","959.23"
"04/11/2023 06:00:00 - 04/11/2023 07:00:00","BZN|DK1","822.38","901.38","901.38","927.98"
"04/11/2023 07:00:00 - 04/11/2023 08:00:00","BZN|DK1","816.63","843.21","843.21","921.30"
"04/11/2023 08:00:00 - 04/11/2023 09:00:00","BZN|DK1","812.21","884.75","887.00","933.36"
"04/11/2023 09:00:00 - 04/11/2023 10:00:00","BZN|DK1","802.38","851.25","844.04","883.77"
"04/11/2023 10:00:00 - 04/11/2023 11:00:00","BZN|DK1","808.21","851.46","854.33","922.71"
"04/11/2023 11:00:00 - 04/11/2023 12:00:00","BZN|DK1","831.75","868.96","909.83","832.55"
"04/11/2023 12:00:00 - 04/11/2023 13:00:00","BZN|DK1","850.29","878.21","866.71","889.38"
"04/11/2023 13:00:00 - 04/11/2023 14:00:00","BZN|DK1","855.75","867.04","818.38","899.40"
"04/11/2023 14:00:00 - 04/11/2023 15:00:00","BZN|DK1","851.04","866.29","847.46","807.78"
"04/11/2023 15:00:00 - 04/11/2023 16:00:00","BZN|DK1","861.75","883.13","754.42","779.99"
"04/11/2023 16:00:00 - 04/11/2023 17:00:00","BZN|DK1","885.92","900.63","804.63","877.40"
"04/11/2023 17:00:00 - 04/11/2023 18:00:00","BZN|DK1","902.71","917.29","818.46","1043.14"
"04/11/2023 18:00:00 - 04/11/2023 19:00:00","BZN|DK1","916.79","927.79","1034.33","1119.05"
"04/11/2023 19:00:00 - 04/11/2023 20:00:00","BZN|DK1","929.83","924.88","1017.71","1132.94"
"04/11/2023 20:00:00 - 04/11/2023 21:00:00","BZN|DK1","939.83","926.25","1052.67","1167.28"
"04/11/2023 21:00:00 - 04/11/2023 22:00:00","BZN|DK1","941.67","932.58","1086.00","1125.07"
"04/11/2023 22:00:00 - 04/11/2023 23:00:00","BZN|DK1","936.29","931.92","1023.50","1109.40"
"04/11/2023 23:00:00 - 05/11/2023 00:00:00","BZN|DK1","926.63","930.88","1034.92","1176.19"
"05/11/2023 00:00:00 - 05/11/2023 01:00:00","BZN|DK1","983.58","1085.92","1085.92","1180.85"
"05/11/2023 01:00:00 - 05/11/2023 02:00:00","BZN|DK1","982.92","1086.38","1086.38","1156.84"
"05/11/2023 02:00:00 - 05/11/2023 03:00:00","BZN|DK1","984.83","1046.96","1046.96","1147.80"
"05/11/2023 03:00:00 - 05/11/2023 04:00:00","BZN|DK1","969.38","1042.50","1042.50","1063.58"
"05/11/2023 04:00:00 - 05/11/2023 05:00:00","BZN|DK1","936.54","929.42","929.42","971.53"
"05/11/2023 05:00:00 - 05/11/2023 06:00:00","BZN|DK1","879.83","866.13","866.13","915.77"
"05/11/2023 06:00:00 - 05/11/2023 07:00:00","BZN|DK1","813.63","809.21","809.21","898.14"
"05/11/2023 07:00:00 - 05/11/2023 08:00:00","BZN|DK1","777.38","814.04","814.04","872.43"
"05/11/2023 08:00:00 - 05/11/2023 09:00:00","BZN|DK1","758.08","799.63","801.79","711.85"
"05/11/2023 09:00:00 - 05/11/2023 10:00:00","BZN|DK1","750.46","779.92","526.04","525.47"
"05/11/2023 10:00:00 - 05/11/2023 11:00:00","BZN|DK1","727.08","741.92","515.75","631.31"
"05/11/2023 11:00:00 - 05/11/2023 12:00:00","BZN|DK1","675.46","694.13","599.96","631.38"
"05/11/2023 12:00:00 - 05/11/2023 13:00:00","BZN|DK1","613.79","657.00","571.88","510.81"
"05/11/2023 13:00:00 - 05/11/2023 14:00:00","BZN|DK1","549.71","607.29","441.79","394.09"
"05/11/2023 14:00:00 - 05/11/2023 15:00:00","BZN|DK1","497.54","551.67","332.21","306.66"
"05/11/2023 15:00:00 - 05/11/2023 16:00:00","BZN|DK1","458.83","506.29","291.04","311.75"
"05/11/2023 16:00:00 - 05/11/2023 17:00:00","BZN|DK1","432.13","481.33","263.13","269.74"
"05/11/2023 17:00:00 - 05/11/2023 18:00:00","BZN|DK1","410.54","467.21","248.04","262.21"
"05/11/2023 18:00:00 - 05/11/2023 19:00:00","BZN|DK1","384.92","439.21","237.42","253.36"
"05/11/2023 19:00:00 - 05/11/2023 20:00:00","BZN|DK1","357.00","390.46","260.83","197.85"
"05/11/2023 20:00:00 - 05/11/2023 21:00:00","BZN|DK1","327.79","335.92","163.67","75.94"
"05/11/2023 21:00:00 - 05/11/2023 22:00:00","BZN|DK1","288.50","291.63","48.71","39.72"
"05/11/2023 22:00:00 - 05/11/2023 23:00:00","BZN|DK1","268.67","256.42","34.54","29.63"
"05/11/2023 23:00:00 - 06/11/2023 00:00:00","BZN|DK1","294.71","305.71","46.88","20.64"
"06/11/2023 00:00:00 - 06/11/2023 01:00:00","BZN|DK1","347.42","125.63","125.63","46.16"
"06/11/2023 01:00:00 - 06/11/2023 02:00:00","BZN|DK1","420.29","151.42","151.42","366.75"
"06/11/2023 02:00:00 - 06/11/2023 03:00:00","BZN|DK1","478.42","533.21","533.21","543.21"
"06/11/2023 03:00:00 - 06/11/2023 04:00:00","BZN|DK1","522.96","576.00","576.00","567.81"
"06/11/2023 04:00:00 - 06/11/2023 05:00:00","BZN|DK1","554.21","557.42","557.42","577.69"
"06/11/2023 05:00:00 - 06/11/2023 06:00:00","BZN|DK1","590.38","617.58","617.58","613.23"
"06/11/2023 06:00:00 - 06/11/2023 07:00:00","BZN|DK1","634.29","622.04","622.04","673.74"
"06/11/2023 07:00:00 - 06/11/2023 08:00:00","BZN|DK1","659.58","696.96","696.96","704.96"
"06/11/2023 08:00:00 - 06/11/2023 09:00:00","BZN|DK1","676.96","640.50","648.13","690.02"
"06/11/2023 09:00:00 - 06/11/2023 10:00:00","BZN|DK1","715.88","664.75","574.83","634.71"
"06/11/2023 10:00:00 - 06/11/2023 11:00:00","BZN|DK1","746.17","679.83","556.08","397.58"
"06/11/2023 11:00:00 - 06/11/2023 12:00:00","BZN|DK1","753.75","685.92","380.29","519.33"
"06/11/2023 12:00:00 - 06/11/2023 13:00:00","BZN|DK1","740.79","668.46","657.25","690.85"
"06/11/2023 13:00:00 - 06/11/2023 14:00:00","BZN|DK1","712.88","624.42","638.29","518.19"
"06/11/2023 14:00:00 - 06/11/2023 15:00:00","BZN|DK1","666.54","562.46","413.21","490.86"
"06/11/2023 15:00:00 - 06/11/2023 16:00:00","BZN|DK1","598.04","518.63","363.71","343.93"
"06/11/2023 16:00:00 - 06/11/2023 17:00:00","BZN|DK1","560.33","482.71","257.00","245.96"
"06/11/2023 17:00:00 - 06/11/2023 18:00:00","BZN|DK1","530.71","455.50","233.17","277.58"
"06/11/2023 18:00:00 - 06/11/2023 19:00:00","BZN|DK1","510.38","457.58","277.50","186.83"
"06/11/2023 19:00:00 - 06/11/2023 20:00:00","BZN|DK1","499.83","496.13","204.38","196.97"
"06/11/2023 20:00:00 - 06/11/2023 21:00:00","BZN|DK1","483.96","551.67","236.79","300.81"
"06/11/2023 21:00:00 - 06/11/2023 22:00:00","BZN|DK1","471.83","568.29","344.04","259.99"
"06/11/2023 22:00:00 - 06/11/2023 23:00:00","BZN|DK1","455.63","548.38","295.33","383.61"
"06/11/2023 23:00:00 - 07/11/2023 00:00:00","BZN|DK1","446.54","532.92","364.79","318.20"
"07/11/2023 00:00:00 - 07/11/2023 01:00:00","BZN|DK1","388.46","268.25","268.25","333.56"
"07/11/2023 01:00:00 - 07/11/2023 02:00:00","BZN|DK1","398.92","353.58","353.58","326.79"
"07/11/2023 02:00:00 - 07/11/2023 03:00:00","BZN|DK1","405.29","322.58","322.58","336.26"
"07/11/2023 03:00:00 - 07/11/2023 04:00:00","BZN|DK1","407.50","336.58","336.58","348.17"
"07/11/2023 04:00:00 - 07/11/2023 05:00:00","BZN|DK1","447.42","342.88","342.88","292.08"
"07/11/2023 05:00:00 - 07/11/2023 06:00:00","BZN|DK1","475.08","263.25","263.25","302.78"
"07/11/2023 06:00:00 - 07/11/2023 07:00:00","BZN|DK1","476.54","320.00","320.00","391.79"
"07/11/2023 07:00:00 - 07/11/2023 08:00:00","BZN|DK1","472.75","376.21","376.21","448.62"
"07/11/2023 08:00:00 - 07/11/2023 09:00:00","BZN|DK1","457.04","414.42","411.33","483.82"
"07/11/2023 09:00:00 - 07/11/2023 10:00:00","BZN|DK1","435.79","420.67","395.29","303.67"
"07/11/2023 10:00:00 - 07/11/2023 11:00:00","BZN|DK1","438.17","428.63","263.88","269.58"
"07/11/2023 11:00:00 - 07/11/2023 12:00:00","BZN|DK1","437.46","466.46","326.29","263.39"
"07/11/2023 12:00:00 - 07/11/2023 13:00:00","BZN|DK1","417.63","507.08","282.46","317.31"
"07/11/2023 13:00:00 - 07/11/2023 14:00:00","BZN|DK1","459.54","549.08","374.00","577.34"
"07/11/2023 14:00:00 - 07/11/2023 15:00:00","BZN|DK1","485.50","597.71","589.92","753.39"
"07/11/2023 15:00:00 - 07/11/2023 16:00:00","BZN|DK1","530.46","620.88","766.88","871.70"
"07/11/2023 16:00:00 - 07/11/2023 17:00:00","BZN|DK1","612.46","637.96","840.17","894.61"
"07/11/2023 17:00:00 - 07/11/2023 18:00:00","BZN|DK1","646.83","662.33","823.13","893.27"
"07/11/2023 18:00:00 - 07/11/2023 19:00:00","BZN|DK1","655.83","687.83","853.46","846.29"
"07/11/2023 19:00:00 - 07/11/2023 20:00:00","BZN|DK1","643.25","699.29","753.79","617.45"
"07/11/2023 20:00:00 - 07/11/2023 21:00:00","BZN|DK1","639.21","699.63","567.50","542.98"
"07/11/2023 21:00:00 - 07/11/2023 22:00:00","BZN|DK1","616.13","682.67","578.21","513.48"
"07/11/2023 22:00:00 - 07/11/2023 23:00:00","BZN|DK1","569.71","656.13","382.88","527.39"
"07/11/2023 23:00:00 - 08/11/2023 00:00:00","BZN|DK1","575.08","643.00","555.63","691.69"
"08/11/2023 00:00:00 - 08/11/2023 01:00:00","BZN|DK1","713.08","614.25","614.25","632.88"
"08/11/2023 01:00:00 - 08/11/2023 02:00:00","BZN|DK1","712.79","596.67","596.67","609.08"
"08/11/2023 02:00:00 - 08/11/2023 03:00:00","BZN|DK1","727.50","613.83","613.83","696.76"
"08/11/2023 03:00:00 - 08/11/2023 04:00:00","BZN|DK1","728.71","716.63","716.63","803.05"
"08/11/2023 04:00:00 - 08/11/2023 05:00:00","BZN|DK1","704.04","804.38","804.38","845.03"
"08/11/2023 05:00:00 - 08/11/2023 06:00:00","BZN|DK1","700.46","790.71","790.71","724.31"
"08/11/2023 06:00:00 - 08/11/2023 07:00:00","BZN|DK1","704.67","676.33","676.33","759.13"
"08/11/2023 07:00:00 - 08/11/2023 08:00:00","BZN|DK1","685.38","751.58","751.58","754.00"
"08/11/2023 08:00:00 - 08/11/2023 09:00:00","BZN|DK1","656.46","615.04","623.75","770.75"
"08/11/2023 09:00:00 - 08/11/2023 10:00:00","BZN|DK1","650.54","567.54","715.58","710.69"
"08/11/2023 10:00:00 - 08/11/2023 11:00:00","BZN|DK1","639.38","553.63","593.42","644.21"
"08/11/2023 11:00:00 - 08/11/2023 12:00:00","BZN|DK1","618.75","548.96","577.29","494.37"
"08/11/2023 12:00:00 - 08/11/2023 13:00:00","BZN|DK1","617.13","524.29","412.75","402.86"
"08/11/2023 13:00:00 - 08/11/2023 14:00:00","BZN|DK1","620.50","528.25","355.33","430.08"
"08/11/2023 14:00:00 - 08/11/2023 15:00:00","BZN|DK1","625.42","537.00","494.38","658.10"
"08/11/2023 15:00:00 - 08/11/2023 16:00:00","BZN|DK1","618.92","535.79","571.38","474.87"
"08/11/2023 16:00:00 - 08/11/2023 17:00:00","BZN|DK1","651.38","594.54","431.00","501.71"
"08/11/2023 17:00:00 - 08/11/2023 18:00:00","BZN|DK1","722.71","675.33","681.08","821.19"
"08/11/2023 18:00:00 - 08/11/2023 19:00:00","BZN|DK1","769.71","712.96","893.17","926.38"
"08/11/2023 19:00:00 - 08/11/2023 20:00:00","BZN|DK1","818.38","756.13","858.38","983.23"
"08/11/2023 20:00:00 - 08/11/2023 21:00:00","BZN|DK1","850.63","821.00","966.04","1041.89"
"08/11/2023 21:00:00 - 08/11/2023 22:00:00","BZN|DK1","876.21","861.21","989.54","1116.09"
"08/11/2023 22:00:00 - 08/11/2023 23:00:00","BZN|DK1","894.75","894.96","1110.71","1137.62"
"08/11/2023 23:00:00 - 09/11/2023 00:00:00","BZN|DK1","890.50","900.63","987.63","796.20"
"09/11/2023 00:00:00 - 09/11/2023 01:00:00","BZN|DK1","930.71","605.29","605.29","680.17"
"09/11/2023 01:00:00 - 09/11/2023 02:00:00","BZN|DK1","877.58","565.00","565.00","653.14"
"09/11/2023 02:00:00 - 09/11/2023 03:00:00","BZN|DK1","788.88","541.54","541.54","577.61"
"09/11/2023 03:00:00 - 09/11/2023 04:00:00","BZN|DK1","701.25","459.46","459.46","493.27"
"09/11/2023 04:00:00 - 09/11/2023 05:00:00","BZN|DK1","586.88","378.88","378.88","438.10"
"09/11/2023 05:00:00 - 09/11/2023 06:00:00","BZN|DK1","430.17","354.63","357.67","422.18"
"09/11/2023 06:00:00 - 09/11/2023 07:00:00","BZN|DK1","313.17","350.25","350.25","396.14"
"09/11/2023 07:00:00 - 09/11/2023 08:00:00","BZN|DK1","246.63","305.38","305.38","305.04"
"09/11/2023 08:00:00 - 09/11/2023 09:00:00","BZN|DK1","204.29","225.33","224.08","230.91"
"09/11/2023 09:00:00 - 09/11/2023 10:00:00","BZN|DK1","169.75","186.04","160.58","150.60"
"09/11/2023 10:00:00 - 09/11/2023 11:00:00","BZN|DK1","131.08","153.92","83.29","84.90"
"09/11/2023 11:00:00 - 09/11/2023 12:00:00","BZN|DK1","88.88","129.04","12.54","20.99"
"09/11/2023 12:00:00 - 09/11/2023 13:00:00","BZN|DK1","66.83","110.50","10.21","16.10"
"09/11/2023 13:00:00 - 09/11/2023 14:00:00","BZN|DK1","73.46","122.42","11.63","12.71"
"09/11/2023 14:00:00 - 09/11/2023 15:00:00","BZN|DK1","85.71","139.67","17.63","12.41"
"09/11/2023 15:00:00 - 09/11/2023 16:00:00","BZN|DK1","106.04","139.92","25.75","12.69"
"09/11/2023 16:00:00 - 09/11/2023 17:00:00","BZN|DK1","166.46","167.71","24.92","53.81"
"09/11/2023 17:00:00 - 09/11/2023 18:00:00","BZN|DK1","227.71","230.46","119.17","120.31"
"09/11/2023 18:00:00 - 09/11/2023 19:00:00","BZN|DK1","265.54","297.63","187.29","105.66"
"09/11/2023 19:00:00 - 09/11/2023 20:00:00","BZN|DK1","311.08","408.08","199.63","231.29"
"09/11/2023 20:00:00 - 09/11/2023 21:00:00","BZN|DK1","373.92","507.75","394.00","522.39"
"09/11/2023 21:00:00 - 09/11/2023 22:00:00","BZN|DK1","426.75","576.54","630.71","710.33"
"09/11/2023 22:00:00 - 09/11/2023 23:00:00","BZN|DK1","464.08","615.63","715.83","763.58"
"09/11/2023 23:00:00 - 10/11/2023 00:00:00","BZN|DK1","492.04","608.92","733.58","662.93"
"10/11/2023 00:00:00 - 10/11/2023 01:00:00","BZN|DK1","616.83","476.33","476.33","298.12"
"10/11/2023 01:00:00 - 10/11/2023 02:00:00","BZN|DK1","518.17","223.79","223.79","180.33"
"10/11/2023 02:00:00 - 10/11/2023 03:00:00","BZN|DK1","414.71","148.79","148.79","189.32"
"10/11/2023 03:00:00 - 10/11/2023 04:00:00","BZN|DK1","413.88","130.08","130.08","140.01"
"10/11/2023 04:00:00 - 10/11/2023 05:00:00","BZN|DK1","461.00","176.71","176.71","215.52"
"10/11/2023 05:00:00 - 10/11/2023 06:00:00","BZN|DK1","512.08","269.25","269.25","262.47"
"10/11/2023 06:00:00 - 10/11/2023 07:00:00","BZN|DK1","527.08","344.04","344.04","371.11"
"10/11/2023 07:00:00 - 10/11/2023 08:00:00","BZN|DK1","547.79","386.50","386.50","389.79"
"10/11/2023 08:00:00 - 10/11/2023 09:00:00","BZN|DK1","591.21","452.04","446.92","471.55"
"10/11/2023 09:00:00 - 10/11/2023 10:00:00","BZN|DK1","588.54","451.42","367.25","371.94"
"10/11/2023 10:00:00 - 10/11/2023 11:00:00","BZN|DK1","554.54","441.46","323.04","237.17"
"10/11/2023 11:00:00 - 10/11/2023 12:00:00","BZN|DK1","571.75","481.58","203.29","225.28"
"10/11/2023 12:00:00 - 10/11/2023 13:00:00","BZN|DK1","585.46","501.71","235.04","206.21"
"10/11/2023 13:00:00 - 10/11/2023 14:00:00","BZN|DK1","565.00","517.46","275.75","317.92"
"10/11/2023 14:00:00 - 10/11/2023 15:00:00","BZN|DK1","525.17","498.29","315.75","478.09"
"10/11/2023 15:00:00 - 10/11/2023 16:00:00","BZN|DK1","482.04","448.29","470.08","599.78"
"10/11/2023 16:00:00 - 10/11/2023 17:00:00","BZN|DK1","448.67","435.17","602.46","622.16"
"10/11/2023 17:00:00 - 10/11/2023 18:00:00","BZN|DK1","434.75","427.63","562.96","507.47"
"10/11/2023 18:00:00 - 10/11/2023 19:00:00","BZN|DK1","427.54","434.79","413.75","344.52"
"10/11/2023 19:00:00 - 10/11/2023 20:00:00","BZN|DK1","395.58","436.83","307.50","278.38"
"10/11/2023 20:00:00 - 10/11/2023 21:00:00","BZN|DK1","353.67","405.08","212.38","230.12"
"10/11/2023 21:00:00 - 10/11/2023 22:00:00","BZN|DK1","296.54","343.54","199.46","258.89"
"10/11/2023 22:00:00 - 10/11/2023 23:00:00","BZN|DK1","257.29","281.96","259.75","275.59"
"10/11/2023 23:00:00 - 11/11/2023 00:00:00","BZN|DK1","229.79","230.71","222.88","249.71"
"11/11/2023 00:00:00 - 11/11/2023 01:00:00","BZN|DK1","167.71","187.21","187.21","117.93"
"11/11/2023 01:00:00 - 11/11/2023 02:00:00","BZN|DK1","131.50","78.38","67.46","46.51"
"11/11/2023 02:00:00 - 11/11/2023 03:00:00","BZN|DK1","103.33","6.50","6.50","30.32"
"11/11/2023 03:00:00 - 11/11/2023 04:00:00","BZN|DK1","81.38","36.25","36.25","24.96"
"11/11/2023 04:00:00 - 11/11/2023 05:00:00","BZN|DK1","63.00","25.88","25.88","31.74"
"11/11/2023 05:00:00 - 11/11/2023 06:00:00","BZN|DK1","67.17","65.54","65.54","56.98"
"11/11/2023 06:00:00 - 11/11/2023 07:00:00","BZN|DK1","88.83","77.25","77.25","61.51"
"11/11/2023 07:00:00 - 11/11/2023 08:00:00","BZN|DK1","121.38","78.67","78.67","97.59"
"11/11/2023 08:00:00 - 11/11/2023 09:00:00","BZN|DK1","159.08","116.92","112.58","89.36"
"11/11/2023 09:00:00 - 11/11/2023 10:00:00","BZN|DK1","191.42","135.75","96.08","85.02"
"11/11/2023 10:00:00 - 11/11/2023 11:00:00","BZN|DK1","202.54","147.79","83.63","60.40"
"11/11/2023 11:00:00 - 11/11/2023 12:00:00","BZN|DK1","171.38","136.13","46.50","34.30"
"11/11/2023 12:00:00 - 11/11/2023 13:00:00","BZN|DK1","153.38","123.54","23.71","18.80"
"11/11/2023 13:00:00 - 11/11/2023 14:00:00","BZN|DK1","146.92","124.88","30.08","18.14"
"11/11/2023 14:00:00 - 11/11/2023 15:00:00","BZN|DK1","140.79","116.88","25.50","20.94"
"11/11/2023 15:00:00 - 11/11/2023 16:00:00","BZN|DK1","145.83","100.54","19.17","21.65"
"11/11/2023 16:00:00 - 11/11/2023 17:00:00","BZN|DK1","155.92","94.08","27.58","17.75"
"11/11/2023 17:00:00 - 11/11/2023 18:00:00","BZN|DK1","162.21","107.83","16.38","16.66"
"11/11/2023 18:00:00 - 11/11/2023 19:00:00","BZN|DK1","165.75","133.00","10.88","24.36"
"11/11/2023 19:00:00 - 11/11/2023 20:00:00","BZN|DK1","168.71","140.79","12.75","19.42"
"11/11/2023 20:00:00 - 11/11/2023 21:00:00","BZN|DK1","169.54","134.75","31.38","31.66"
"11/11/2023 21:00:00 - 11/11/2023 22:00:00","BZN|DK1","183.71","119.25","34.96","40.21"
"11/11/2023 22:00:00 - 11/11/2023 23:00:00","BZN|DK1","178.33","97.17","54.00","42.43"
"11/11/2023 23:00:00 - 12/11/2023 00:00:00","BZN|DK1","149.33","86.46","48.21","41.50"
"12/11/2023 00:00:00 - 12/11/2023 01:00:00","BZN|DK1","34.08","61.38","61.38","82.25"
"12/11/2023 01:00:00 - 12/11/2023 02:00:00","BZN|DK1","40.88","101.00","101.00","90.99"
"12/11/2023 02:00:00 - 12/11/2023 03:00:00","BZN|DK1","54.79","105.79","105.79","66.69"
"12/11/2023 03:00:00 - 12/11/2023 04:00:00","BZN|DK1","63.75","96.17","96.17","68.56"
"12/11/2023 04:00:00 - 12/11/2023 05:00:00","BZN|DK1","81.88","92.54","92.54","98.64"
"12/11/2023 05:00:00 - 12/11/2023 06:00:00","BZN|DK1","104.79","146.04","146.04","138.99"
"12/11/2023 06:00:00 - 12/11/2023 07:00:00","BZN|DK1","125.25","164.54","164.54","121.71"
"12/11/2023 07:00:00 - 12/11/2023 08:00:00","BZN|DK1","139.75","142.29","142.29","142.42"
"12/11/2023 08:00:00 - 12/11/2023 09:00:00","BZN|DK1","143.96","147.08","142.13","132.03"
"12/11/2023 09:00:00 - 12/11/2023 10:00:00","BZN|DK1","140.71","150.83","145.08","128.92"
"12/11/2023 10:00:00 - 12/11/2023 11:00:00","BZN|DK1","121.63","143.33","108.25","91.47"
"12/11/2023 11:00:00 - 12/11/2023 12:00:00","BZN|DK1","83.92","126.13","85.21","50.82"
"12/11/2023 12:00:00 - 12/11/2023 13:00:00","BZN|DK1","52.63","114.79","36.71","35.91"
"12/11/2023 13:00:00 - 12/11/2023 14:00:00","BZN|DK1","35.33","99.54","44.83","70.28"
"12/11/2023 14:00:00 - 12/11/2023 15:00:00","BZN|DK1","25.25","81.38","67.13","127.09"
"12/11/2023 15:00:00 - 12/11/2023 16:00:00","BZN|DK1","21.17","78.33","89.13","31.46"
"12/11/2023 16:00:00 - 12/11/2023 17:00:00","BZN|DK1","26.04","76.96","3.75","12.21"
"12/11/2023 17:00:00 - 12/11/2023 18:00:00","BZN|DK1","34.83","82.29","7.13","10.41"
"12/11/2023 18:00:00 - 12/11/2023 19:00:00","BZN|DK1","42.63","102.38","11.13","8.79"
"12/11/2023 19:00:00 - 12/11/2023 20:00:00","BZN|DK1","49.58","118.08","0.04","10.11"
"12/11/2023 20:00:00 - 12/11/2023 21:00:00","BZN|DK1","57.75","122.00","0.00","13.31"
"12/11/2023 21:00:00 - 12/11/2023 22:00:00","BZN|DK1","67.38","109.33","7.00","24.42"
"12/11/2023 22:00:00 - 12/11/2023 23:00:00","BZN|DK1","86.67","95.96","23.67","36.38"
"12/11/2023 23:00:00 - 13/11/2023 00:00:00","BZN|DK1","109.58","95.21","23.58","29.39"
"13/11/2023 00:00:00 - 13/11/2023 01:00:00","BZN|DK1","63.08","12.88","12.88","8.58"
"13/11/2023 01:00:00 - 13/11/2023 02:00:00","BZN|DK1","63.17","9.04","9.04","8.32"
"13/11/2023 02:00:00 - 13/11/2023 03:00:00","BZN|DK1","78.04","16.33","16.33","9.43"
"13/11/2023 03:00:00 - 13/11/2023 04:00:00","BZN|DK1","101.83","26.79","26.79","10.51"
"13/11/2023 04:00:00 - 13/11/2023 05:00:00","BZN|DK1","140.04","37.96","37.96","22.47"
"13/11/2023 05:00:00 - 13/11/2023 06:00:00","BZN|DK1","185.54","74.50","74.50","35.42"
"13/11/2023 06:00:00 - 13/11/2023 07:00:00","BZN|DK1","230.38","98.92","98.92","62.33"
"13/11/2023 07:00:00 - 13/11/2023 08:00:00","BZN|DK1","285.54","151.00","151.00","115.52"
"13/11/2023 08:00:00 - 13/11/2023 09:00:00","BZN|DK1","339.13","203.13","190.58","188.04"
"13/11/2023 09:00:00 - 13/11/2023 10:00:00","BZN|DK1","399.63","320.67","281.00","251.18"
"13/11/2023 10:00:00 - 13/11/2023 11:00:00","BZN|DK1","472.33","414.42","335.17","413.36"
"13/11/2023 11:00:00 - 13/11/2023 12:00:00","BZN|DK1","570.71","517.58","530.75","626.97"
"13/11/2023 12:00:00 - 13/11/2023 13:00:00","BZN|DK1","683.88","612.54","765.50","904.22"
"13/11/2023 13:00:00 - 13/11/2023 14:00:00","BZN|DK1","773.63","685.08","901.50","985.40"
"13/11/2023 14:00:00 - 13/11/2023 15:00:00","BZN|DK1","830.25","734.00","953.58","1067.61"
"13/11/2023 15:00:00 - 13/11/2023 16:00:00","BZN|DK1","857.58","770.83","1048.21","1147.94"
"13/11/2023 16:00:00 - 13/11/2023 17:00:00","BZN|DK1","887.63","809.75","1099.46","1193.25"
"13/11/2023 17:00:00 - 13/11/2023 18:00:00","BZN|DK1","931.04","832.29","1096.25","1220.55"
"13/11/2023 18:00:00 - 13/11/2023 19:00:00","BZN|DK1","955.96","879.83","1122.17","1225.47"
"13/11/2023 19:00:00 - 13/11/2023 20:00:00","BZN|DK1","964.25","944.42","1119.38","1223.18"
"13/11/2023 20:00:00 - 13/11/2023 21:00:00","BZN|DK1","970.00","959.13","1100.46","1200.25"
"13/11/2023 21:00:00 - 13/11/2023 22:00:00","BZN|DK1","971.83","909.04","1002.75","975.64"
"13/11/2023 22:00:00 - 13/11/2023 23:00:00","BZN|DK1","947.29","857.54","864.04","796.73"
"13/11/2023 23:00:00 - 14/11/2023 00:00:00","BZN|DK1","886.88","786.42","543.79","811.73"
"14/11/2023 00:00:00 - 14/11/2023 01:00:00","BZN|DK1","867.29","674.17","674.17","796.27"
"14/11/2023 01:00:00 - 14/11/2023 02:00:00","BZN|DK1","827.25","677.25","677.25","857.08"
"14/11/2023 02:00:00 - 14/11/2023 03:00:00","BZN|DK1","782.46","710.79","710.79","877.61"
"14/11/2023 03:00:00 - 14/11/2023 04:00:00","BZN|DK1","750.25","599.25","599.25","628.79"
"14/11/2023 04:00:00 - 14/11/2023 05:00:00","BZN|DK1","701.00","496.38","496.38","529.80"
"14/11/2023 05:00:00 - 14/11/2023 06:00:00","BZN|DK1","652.33","565.08","565.08","581.87"
"14/11/2023 06:00:00 - 14/11/2023 07:00:00","BZN|DK1","660.71","598.13","598.13","685.93"
"14/11/2023 07:00:00 - 14/11/2023 08:00:00","BZN|DK1","730.00","682.08","682.08","735.48"
"14/11/2023 08:00:00 - 14/11/2023 09:00:00","BZN|DK1","764.83","743.17","761.54","799.16"
"14/11/2023 09:00:00 - 14/11/2023 10:00:00","BZN|DK1","767.25","780.92","782.88","889.71"
"14/11/2023 10:00:00 - 14/11/2023 11:00:00","BZN|DK1","767.42","795.46","824.46","876.69"
"14/11/2023 11:00:00 - 14/11/2023 12:00:00","BZN|DK1","745.83","807.54","836.92","950.06"
"14/11/2023 12:00:00 - 14/11/2023 13:00:00","BZN|DK1","726.42","835.08","887.88","959.92"
"14/11/2023 13:00:00 - 14/11/2023 14:00:00","BZN|DK1","738.67","862.83","885.04","1031.28"
"14/11/2023 14:00:00 - 14/11/2023 15:00:00","BZN|DK1","769.46","873.58","998.46","1113.85"
"14/11/2023 15:00:00 - 14/11/2023 16:00:00","BZN|DK1","815.38","874.67","1000.04","1090.00"
"14/11/2023 16:00:00 - 14/11/2023 17:00:00","BZN|DK1","848.54","870.75","1008.67","1086.07"
"14/11/2023 17:00:00 - 14/11/2023 18:00:00","BZN|DK1","861.38","855.00","982.13","1033.50"
"14/11/2023 18:00:00 - 14/11/2023 19:00:00","BZN|DK1","858.42","834.75","926.04","1017.67"
"14/11/2023 19:00:00 - 14/11/2023 20:00:00","BZN|DK1","841.08","808.58","901.13","943.33"
"14/11/2023 20:00:00 - 14/11/2023 21:00:00","BZN|DK1","812.29","767.75","830.83","884.65"
"14/11/2023 21:00:00 - 14/11/2023 22:00:00","BZN|DK1","776.25","718.25","799.04","840.48"
"14/11/2023 22:00:00 - 14/11/2023 23:00:00","BZN|DK1","735.08","658.04","762.50","793.99"
"14/11/2023 23:00:00 - 15/11/2023 00:00:00","BZN|DK1","699.21","595.88","697.46","697.29"
"15/11/2023 00:00:00 - 15/11/2023 01:00:00","BZN|DK1","657.63","590.21","590.21","623.61"
"15/11/2023 01:00:00 - 15/11/2023 02:00:00","BZN|DK1","595.92","538.17","538.17","529.90"
"15/11/2023 02:00:00 - 15/11/2023 03:00:00","BZN|DK1","534.71","436.21","436.21","415.69"
"15/11/2023 03:00:00 - 15/11/2023 04:00:00","BZN|DK1","469.88","311.04","311.04","320.70"
"15/11/2023 04:00:00 - 15/11/2023 05:00:00","BZN|DK1","392.33","245.04","245.04","207.67"
"15/11/2023 05:00:00 - 15/11/2023 06:00:00","BZN|DK1","299.04","148.29","148.29","139.16"
"15/11/2023 06:00:00 - 15/11/2023 07:00:00","BZN|DK1","223.75","95.46","95.46","104.93"
"15/11/2023 07:00:00 - 15/11/2023 08:00:00","BZN|DK1","173.83","52.38","52.38","54.24"
"15/11/2023 08:00:00 - 15/11/2023 09:00:00","BZN|DK1","140.38","40.58","38.88","34.73"
"15/11/2023 09:00:00 - 15/11/2023 10:00:00","BZN|DK1","121.92","38.00","29.38","37.61"
"15/11/2023 10:00:00 - 15/11/2023 11:00:00","BZN|DK1","112.13","37.46","37.25","33.97"
"15/11/2023 11:00:00 - 15/11/2023 12:00:00","BZN|DK1","100.38","47.92","41.46","22.79"
"15/11/2023 12:00:00 - 15/11/2023 13:00:00","BZN|DK1","102.08","66.42","41.46","19.40"
"15/11/2023 13:00:00 - 15/11/2023 14:00:00","BZN|DK1","120.38","102.21","54.50","40.19"
"15/11/2023 14:00:00 - 15/11/2023 15:00:00","BZN|DK1","146.46","145.25","115.29","141.73"
"15/11/2023 15:00:00 - 15/11/2023 16:00:00","BZN|DK1","190.04","199.71","239.46","318.43"
"15/11/2023 16:00:00 - 15/11/2023 17:00:00","BZN|DK1","242.00","265.08","444.17","523.55"
"15/11/2023 17:00:00 - 15/11/2023 18:00:00","BZN|DK1","294.08","349.00","572.71","576.80"
"15/11/2023 18:00:00 - 15/11/2023 19:00:00","BZN|DK1","344.63","453.83","611.33","681.56"
"15/11/2023 19:00:00 - 15/11/2023 20:00:00","BZN|DK1","386.21","535.54","675.00","745.38"
"15/11/2023 20:00:00 - 15/11/2023 21:00:00","BZN|DK1","431.25","578.83","709.33","801.21"
"15/11/2023 21:00:00 - 15/11/2023 22:00:00","BZN|DK1","461.50","598.04","764.92","833.03"
"15/11/2023 22:00:00 - 15/11/2023 23:00:00","BZN|DK1","486.67","617.29","805.04","832.29"
"15/11/2023 23:00:00 - 16/11/2023 00:00:00","BZN|DK1","520.46","648.04","799.63","854.68"
"16/11/2023 00:00:00 - 16/11/2023 01:00:00","BZN|DK1","710.63","822.88","822.88","971.44"
"16/11/2023 01:00:00 - 16/11/2023 02:00:00","BZN|DK1","745.83","990.25","990.25","1070.04"
"16/11/2023 02:00:00 - 16/11/2023 03:00:00","BZN|DK1","767.67","1027.29","1027.29","1084.12"
"16/11/2023 03:00:00 - 16/11/2023 04:00:00","BZN|DK1","787.13","1004.33","1004.33","1020.85"
"16/11/2023 04:00:00 - 16/11/2023 05:00:00","BZN|DK1","787.21","971.21","971.21","996.86"
"16/11/2023 05:00:00 - 16/11/2023 06:00:00","BZN|DK1","774.21","919.25","919.25","904.10"
"16/11/2023 06:00:00 - 16/11/2023 07:00:00","BZN|DK1","765.46","816.33","816.33","895.32"
"16/11/2023 07:00:00 - 16/11/2023 08:00:00","BZN|DK1","743.63","873.00","873.00","899.21"
"16/11/2023 08:00:00 - 16/11/2023 09:00:00","BZN|DK1","680.42","798.38","789.13","732.29"
"16/11/2023 09:00:00 - 16/11/2023 10:00:00","BZN|DK1","614.42","741.79","592.88","620.21"
"16/11/2023 10:00:00 - 16/11/2023 11:00:00","BZN|DK1","560.00","679.96","506.08","557.51"
"16/11/2023 11:00:00 - 16/11/2023 12:00:00","BZN|DK1","519.13","630.88","475.83","522.53"
"16/11/2023 12:00:00 - 16/11/2023 13:00:00","BZN|DK1","494.25","594.83","464.54","530.60"
"16/11/2023 13:00:00 - 16/11/2023 14:00:00","BZN|DK1","501.46","584.33","521.08","561.42"
"16/11/2023 14:00:00 - 16/11/2023 15:00:00","BZN|DK1","501.50","597.54","537.13","498.12"
"16/11/2023 15:00:00 - 16/11/2023 16:00:00","BZN|DK1","478.46","616.17","463.00","527.72"
"16/11/2023 16:00:00 - 16/11/2023 17:00:00","BZN|DK1","468.83","621.96","511.00","516.26"
"16/11/2023 17:00:00 - 16/11/2023 18:00:00","BZN|DK1","479.75","634.17","490.04","517.04"
"16/11/2023 18:00:00 - 16/11/2023 19:00:00","BZN|DK1","498.13","646.79","518.88","563.03"
"16/11/2023 19:00:00 - 16/11/2023 20:00:00","BZN|DK1","505.71","637.46","527.08","555.91"
"16/11/2023 20:00:00 - 16/11/2023 21:00:00","BZN|DK1","507.00","607.13","507.75","528.77"
"16/11/2023 21:00:00 - 16/11/2023 22:00:00","BZN|DK1","515.88","578.92","495.04","532.21"
"16/11/2023 22:00:00 - 16/11/2023 23:00:00","BZN|DK1","516.63","575.38","509.08","534.42"
"16/11/2023 23:00:00 - 17/11/2023 00:00:00","BZN|DK1","529.33","588.42","507.04","557.67"
"17/11/2023 00:00:00 - 17/11/2023 01:00:00","BZN|DK1","538.58","548.21","548.21","572.71"
"17/11/2023 01:00:00 - 17/11/2023 02:00:00","BZN|DK1","560.29","508.92","508.92","536.89"
"17/11/2023 02:00:00 - 17/11/2023 03:00:00","BZN|DK1","566.83","504.88","504.88","540.93"
"17/11/2023 03:00:00 - 17/11/2023 04:00:00","BZN|DK1","538.33","487.46","487.46","507.19"
"17/11/2023 04:00:00 - 17/11/2023 05:00:00","BZN|DK1","524.67","461.00","461.00","480.15"
"17/11/2023 05:00:00 - 17/11/2023 06:00:00","BZN|DK1","528.08","431.29","431.29","450.06"
"17/11/2023 06:00:00 - 17/11/2023 07:00:00","BZN|DK1","518.29","422.13","422.13","483.07"
"17/11/2023 07:00:00 - 17/11/2023 08:00:00","BZN|DK1","497.04","448.04","448.04","459.00"
"17/11/2023 08:00:00 - 17/11/2023 09:00:00","BZN|DK1","467.54","419.38","422.92","432.72"
"17/11/2023 09:00:00 - 17/11/2023 10:00:00","BZN|DK1","435.00","390.21","400.00","404.99"
"17/11/2023 10:00:00 - 17/11/2023 11:00:00","BZN|DK1","394.67","343.25","313.29","297.64"
"17/11/2023 11:00:00 - 17/11/2023 12:00:00","BZN|DK1","349.17","293.08","226.54","222.21"
"17/11/2023 12:00:00 - 17/11/2023 13:00:00","BZN|DK1","311.88","248.96","169.25","148.87"
"17/11/2023 13:00:00 - 17/11/2023 14:00:00","BZN|DK1","283.21","220.58","113.75","131.83"
"17/11/2023 14:00:00 - 17/11/2023 15:00:00","BZN|DK1","262.54","203.21","101.63","77.16"
"17/11/2023 15:00:00 - 17/11/2023 16:00:00","BZN|DK1","252.29","180.42","47.33","65.32"
"17/11/2023 16:00:00 - 17/11/2023 17:00:00","BZN|DK1","243.71","162.17","56.75","74.65"
"17/11/2023 17:00:00 - 17/11/2023 18:00:00","BZN|DK1","230.79","147.96","55.71","60.57"
"17/11/2023 18:00:00 - 17/11/2023 19:00:00","BZN|DK1","217.38","148.33","55.79","65.25"
"17/11/2023 19:00:00 - 17/11/2023 20:00:00","BZN|DK1","198.42","159.79","55.67","72.38"
"17/11/2023 20:00:00 - 17/11/2023 21:00:00","BZN|DK1","165.63","157.33","61.00","51.58"
"17/11/2023 21:00:00 - 17/11/2023 22:00:00","BZN|DK1","123.67","138.79","54.54","38.20"
"17/11/2023 22:00:00 - 17/11/2023 23:00:00","BZN|DK1","102.54","122.08","20.29","33.65"
"17/11/2023 23:00:00 - 18/11/2023 00:00:00","BZN|DK1","105.21","112.67","45.00","40.08"
"18/11/2023 00:00:00 - 18/11/2023 01:00:00","BZN|DK1","51.58","57.33","57.33","60.56"
"18/11/2023 01:00:00 - 18/11/2023 02:00:00","BZN|DK1","71.42","80.13","80.13","86.30"
"18/11/2023 02:00:00 - 18/11/2023 03:00:00","BZN|DK1","103.29","101.29","101.29","129.52"
"18/11/2023 03:00:00 - 18/11/2023 04:00:00","BZN|DK1","151.08","165.67","165.67","146.04"
"18/11/2023 04:00:00 - 18/11/2023 05:00:00","BZN|DK1","213.25","185.88","185.88","213.77"
"18/11/2023 05:00:00 - 18/11/2023 06:00:00","BZN|DK1","286.79","293.79","293.79","361.77"
"18/11/2023 06:00:00 - 18/11/2023 07:00:00","BZN|DK1","347.88","444.92","444.92","474.42"
"18/11/2023 07:00:00 - 18/11/2023 08:00:00","BZN|DK1","404.46","498.63","498.63","556.60"
"18/11/2023 08:00:00 - 18/11/2023 09:00:00","BZN|DK1","472.42","601.38","616.42","668.51"
"18/11/2023 09:00:00 - 18/11/2023 10:00:00","BZN|DK1","540.50","648.08","657.29","678.96"
"18/11/2023 10:00:00 - 18/11/2023 11:00:00","BZN|DK1","603.13","698.25","695.17","741.30"
"18/11/2023 11:00:00 - 18/11/2023 12:00:00","BZN|DK1","660.46","738.96","742.46","782.36"
"18/11/2023 12:00:00 - 18/11/2023 13:00:00","BZN|DK1","704.50","774.38","772.46","803.91"
"18/11/2023 13:00:00 - 18/11/2023 14:00:00","BZN|DK1","735.25","803.75","801.50","839.39"
"18/11/2023 14:00:00 - 18/11/2023 15:00:00","BZN|DK1","767.08","824.38","807.75","862.55"
"18/11/2023 15:00:00 - 18/11/2023 16:00:00","BZN|DK1","795.21","846.00","837.21","920.06"
"18/11/2023 16:00:00 - 18/11/2023 17:00:00","BZN|DK1","821.63","869.42","880.92","966.84"
"18/11/2023 17:00:00 - 18/11/2023 18:00:00","BZN|DK1","845.54","897.83","914.38","994.89"
"18/11/2023 18:00:00 - 18/11/2023 19:00:00","BZN|DK1","863.71","909.79","939.54","1046.24"
"18/11/2023 19:00:00 - 18/11/2023 20:00:00","BZN|DK1","878.00","903.13","975.50","1114.92"
"18/11/2023 20:00:00 - 18/11/2023 21:00:00","BZN|DK1","894.25","908.92","1017.79","1132.44"
"18/11/2023 21:00:00 - 18/11/2023 22:00:00","BZN|DK1","912.71","922.00","1045.96","1170.07"
"18/11/2023 22:00:00 - 18/11/2023 23:00:00","BZN|DK1","926.08","934.54","1085.25","1189.43"
"18/11/2023 23:00:00 - 19/11/2023 00:00:00","BZN|DK1","936.88","947.63","1074.67","1188.27"
"19/11/2023 00:00:00 - 19/11/2023 01:00:00","BZN|DK1","1013.63","1086.17","1086.17","1124.94"
"19/11/2023 01:00:00 - 19/11/2023 02:00:00","BZN|DK1","1025.04","1011.25","1011.25","1208.75"
"19/11/2023 02:00:00 - 19/11/2023 03:00:00","BZN|DK1","1031.71","1113.25","1113.25","1137.24"
"19/11/2023 03:00:00 - 19/11/2023 04:00:00","BZN|DK1","1035.00","1020.79","1020.79","1151.49"
"19/11/2023 04:00:00 - 19/11/2023 05:00:00","BZN|DK1","994.92","1050.63","1050.63","1128.90"
"19/11/2023 05:00:00 - 19/11/2023 06:00:00","BZN|DK1","895.08","1018.92","1018.92","1152.58"
"19/11/2023 06:00:00 - 19/11/2023 07:00:00","BZN|DK1","823.33","985.25","985.25","1122.08"
"19/11/2023 07:00:00 - 19/11/2023 08:00:00","BZN|DK1","831.38","991.67","991.67","1058.39"
"19/11/2023 08:00:00 - 19/11/2023 09:00:00","BZN|DK1","892.13","910.71","885.50","776.07"
"19/11/2023 09:00:00 - 19/11/2023 10:00:00","BZN|DK1","930.38","890.38","635.88","712.02"
"19/11/2023 10:00:00 - 19/11/2023 11:00:00","BZN|DK1","930.17","916.54","696.79","733.79"
"19/11/2023 11:00:00 - 19/11/2023 12:00:00","BZN|DK1","922.25","961.17","706.29","829.72"
"19/11/2023 12:00:00 - 19/11/2023 13:00:00","BZN|DK1","911.71","971.58","777.67","744.58"
"19/11/2023 13:00:00 - 19/11/2023 14:00:00","BZN|DK1","898.21","959.29","755.83","968.06"
"19/11/2023 14:00:00 - 19/11/2023 15:00:00","BZN|DK1","881.50","932.25","871.67","1044.81"
"19/11/2023 15:00:00 - 19/11/2023 16:00:00","BZN|DK1","853.67","888.79","965.33","1057.30"
"19/11/2023 16:00:00 - 19/11/2023 17:00:00","BZN|DK1","799.46","829.83","902.33","976.71"
"19/11/2023 17:00:00 - 19/11/2023 18:00:00","BZN|DK1","734.50","750.42","774.50","815.26"
"19/11/2023 18:00:00 - 19/11/2023 19:00:00","BZN|DK1","650.92","648.79","653.54","689.66"
"19/11/2023 19:00:00 - 19/11/2023 20:00:00","BZN|DK1","553.83","542.13","581.75","628.34"
"19/11/2023 20:00:00 - 19/11/2023 21:00:00","BZN|DK1","485.63","455.25","529.88","546.44"
"19/11/2023 21:00:00 - 19/11/2023 22:00:00","BZN|DK1","429.58","397.75","406.38","497.22"
"19/11/2023 22:00:00 - 19/11/2023 23:00:00","BZN|DK1","386.38","349.50","392.83","450.29"
"19/11/2023 23:00:00 - 20/11/2023 00:00:00","BZN|DK1","375.17","320.88","355.83","424.06"
"20/11/2023 00:00:00 - 20/11/2023 01:00:00","BZN|DK1","313.17","352.58","352.58","427.02"
"20/11/2023 01:00:00 - 20/11/2023 02:00:00","BZN|DK1","301.96","354.46","354.46","412.03"
"20/11/2023 02:00:00 - 20/11/2023 03:00:00","BZN|DK1","296.46","361.46","361.46","406.87"
"20/11/2023 03:00:00 - 20/11/2023 04:00:00","BZN|DK1","301.33","344.79","344.79","379.75"
"20/11/2023 04:00:00 - 20/11/2023 05:00:00","BZN|DK1","319.96","344.92","344.92","351.99"
"20/11/2023 05:00:00 - 20/11/2023 06:00:00","BZN|DK1","345.83","315.04","315.04","348.75"
"20/11/2023 06:00:00 - 20/11/2023 07:00:00","BZN|DK1","362.83","293.17","293.17","295.30"
"20/11/2023 07:00:00 - 20/11/2023 08:00:00","BZN|DK1","373.79","268.71","268.71","308.95"
"20/11/2023 08:00:00 - 20/11/2023 09:00:00","BZN|DK1","384.50","304.00","302.58","354.87"
"20/11/2023 09:00:00 - 20/11/2023 10:00:00","BZN|DK1","404.83","344.46","342.58","372.34"
"20/11/2023 10:00:00 - 20/11/2023 11:00:00","BZN|DK1","438.38","360.83","317.46","349.67"
"20/11/2023 11:00:00 - 20/11/2023 12:00:00","BZN|DK1","469.21","366.38","313.21","313.05"
"20/11/2023 12:00:00 - 20/11/2023 13:00:00","BZN|DK1","486.88","374.88","306.46","325.71"
"20/11/2023 13:00:00 - 20/11/2023 14:00:00","BZN|DK1","494.75","392.58","315.21","328.66"
"20/11/2023 14:00:00 - 20/11/2023 15:00:00","BZN|DK1","506.63","430.42","313.04","333.10"
"20/11/2023 15:00:00 - 20/11/2023 16:00:00","BZN|DK1","528.29","459.46","298.83","345.11"
"20/11/2023 16:00:00 - 20/11/2023 17:00:00","BZN|DK1","557.13","463.29","367.71","379.27"
"20/11/2023 17:00:00 - 20/11/2023 18:00:00","BZN|DK1","592.54","471.13","378.33","359.45"
"20/11/2023 18:00:00 - 20/11/2023 19:00:00","BZN|DK1","618.08","497.04","379.54","396.92"
"20/11/2023 19:00:00 - 20/11/2023 20:00:00","BZN|DK1","636.46","537.08","407.67","435.34"
"20/11/2023 20:00:00 - 20/11/2023 21:00:00","BZN|DK1","658.21","570.00","442.04","510.17"
"20/11/2023 21:00:00 - 20/11/2023 22:00:00","BZN|DK1","679.38","598.58","494.21","506.27"
"20/11/2023 22:00:00 - 20/11/2023 23:00:00","BZN|DK1","692.67","618.08","454.96","486.77"
"20/11/2023 23:00:00 - 21/11/2023 00:00:00","BZN|DK1","690.92","628.75","469.46","476.73"
"21/11/2023 00:00:00 - 21/11/2023 01:00:00","BZN|DK1","494.58","465.83","465.83","498.75"
"21/11/2023 01:00:00 - 21/11/2023 02:00:00","BZN|DK1","504.04","477.92","477.92","526.77"
"21/11/2023 02:00:00 - 21/11/2023 03:00:00","BZN|DK1","493.92","502.83","502.83","506.59"
"21/11/2023 03:00:00 - 21/11/2023 04:00:00","BZN|DK1","476.25","478.71","478.71","488.03"
"21/11/2023 04:00:00 - 21/11/2023 05:00:00","BZN|DK1","504.25","511.79","511.79","526.89"
"21/11/2023 05:00:00 - 21/11/2023 06:00:00","BZN|DK1","550.00","499.83","499.83","536.62"
"21/11/2023 06:00:00 - 21/11/2023 07:00:00","BZN|DK1","545.92","549.88","549.88","517.32"
"21/11/2023 07:00:00 - 21/11/2023 08:00:00","BZN|DK1","509.63","450.46","450.46","425.28"
"21/11/2023 08:00:00 - 21/11/2023 09:00:00","BZN|DK1","473.00","382.38","380.63","381.59"
"21/11/2023 09:00:00 - 21/11/2023 10:00:00","BZN|DK1","440.00","376.79","354.08","370.38"
"21/11/2023 10:00:00 - 21/11/2023 11:00:00","BZN|DK1","409.83","381.75","344.25","263.83"
"21/11/2023 11:00:00 - 21/11/2023 12:00:00","BZN|DK1","371.04","365.54","213.08","197.01"
"21/11/2023 12:00:00 - 21/11/2023 13:00:00","BZN|DK1","330.96","332.83","166.75","152.90"
"21/11/2023 13:00:00 - 21/11/2023 14:00:00","BZN|DK1","320.54","304.21","125.50","130.91"
"21/11/2023 14:00:00 - 21/11/2023 15:00:00","BZN|DK1","324.58","283.63","131.21","106.60"
"21/11/2023 15:00:00 - 21/11/2023 16:00:00","BZN|DK1","331.13","269.79","103.83","91.26"
"21/11/2023 16:00:00 - 21/11/2023 17:00:00","BZN|DK1","331.75","253.17","84.54","81.51"
"21/11/2023 17:00:00 - 21/11/2023 18:00:00","BZN|DK1","315.25","221.67","68.29","113.35"
"21/11/2023 18:00:00 - 21/11/2023 19:00:00","BZN|DK1","288.42","209.96","98.25","126.50"
"21/11/2023 19:00:00 - 21/11/2023 20:00:00","BZN|DK1","257.46","203.58","117.08","88.27"
"21/11/2023 20:00:00 - 21/11/2023 21:00:00","BZN|DK1","218.04","175.75","51.08","74.65"
"21/11/2023 21:00:00 - 21/11/2023 22:00:00","BZN|DK1","175.17","145.33","86.13","98.54"
"21/11/2023 22:00:00 - 21/11/2023 23:00:00","BZN|DK1","135.17","122.08","101.58","112.62"
"21/11/2023 23:00:00 - 22/11/2023 00:00:00","BZN|DK1","115.75","118.21","107.54","116.55"
"22/11/2023 00:00:00 - 22/11/2023 01:00:00","BZN|DK1","119.71","123.67","123.67","151.53"
"22/11/2023 01:00:00 - 22/11/2023 02:00:00","BZN|DK1","176.88","176.50","176.50","206.70"
"22/11/2023 02:00:00 - 22/11/2023 03:00:00","BZN|DK1","253.58","240.13","240.13","294.94"
"22/11/2023 03:00:00 - 22/11/2023 04:00:00","BZN|DK1","351.67","324.54","324.54","401.56"
"22/11/2023 04:00:00 - 22/11/2023 05:00:00","BZN|DK1","458.08","465.63","465.63","589.38"
"22/11/2023 05:00:00 - 22/11/2023 06:00:00","BZN|DK1","582.04","622.25","622.25","809.15"
"22/11/2023 06:00:00 - 22/11/2023 07:00:00","BZN|DK1","688.88","809.17","809.17","987.33"
"22/11/2023 07:00:00 - 22/11/2023 08:00:00","BZN|DK1","768.33","994.08","994.08","1182.15"
"22/11/2023 08:00:00 - 22/11/2023 09:00:00","BZN|DK1","842.08","1099.88","1112.21","1251.15"
"22/11/2023 09:00:00 - 22/11/2023 10:00:00","BZN|DK1","908.08","1113.17","1134.71","1257.20"
"22/11/2023 10:00:00 - 22/11/2023 11:00:00","BZN|DK1","960.42","1112.33","1124.46","1262.32"
"22/11/2023 11:00:00 - 22/11/2023 12:00:00","BZN|DK1","988.00","1118.38","1122.42","1258.35"
"22/11/2023 12:00:00 - 22/11/2023 13:00:00","BZN|DK1","1005.21","1118.00","1110.17","1255.55"
"22/11/2023 13:00:00 - 22/11/2023 14:00:00","BZN|DK1","1007.71","1113.17","1102.67","1256.65"
"22/11/2023 14:00:00 - 22/11/2023 15:00:00","BZN|DK1","1001.58","1098.88","1097.17","1258.62"
"22/11/2023 15:00:00 - 22/11/2023 16:00:00","BZN|DK1","990.25","1079.00","1097.67","1258.84"
"22/11/2023 16:00:00 - 22/11/2023 17:00:00","BZN|DK1","985.71","1066.25","1097.54","1256.69"
"22/11/2023 17:00:00 - 22/11/2023 18:00:00","BZN|DK1","989.67","1061.58","1095.25","1247.42"
"22/11/2023 18:00:00 - 22/11/2023 19:00:00","BZN|DK1","996.25","1041.46","1094.54","1256.07"
"22/11/2023 19:00:00 - 22/11/2023 20:00:00","BZN|DK1","1002.50","1015.17","1103.75","1251.71"
"22/11/2023 20:00:00 - 22/11/2023 21:00:00","BZN|DK1","1006.42","1004.25","1099.17","1257.56"
"22/11/2023 21:00:00 - 22/11/2023 22:00:00","BZN|DK1","995.04","987.25","1104.04","1257.11"
"22/11/2023 22:00:00 - 22/11/2023 23:00:00","BZN|DK1","984.54","979.38","1101.79","1264.91"
"22/11/2023 23:00:00 - 23/11/2023 00:00:00","BZN|DK1","973.29","969.21","1097.54","1273.58"
"23/11/2023 00:00:00 - 23/11/2023 01:00:00","BZN|DK1","1019.04","1098.63","1098.63","1263.25"
"23/11/2023 01:00:00 - 23/11/2023 02:00:00","BZN|DK1","1020.21","1101.25","1104.96","1261.48"
"23/11/2023 02:00:00 - 23/11/2023 03:00:00","BZN|DK1","1029.75","1112.00","1112.00","1256.58"
"23/11/2023 03:00:00 - 23/11/2023 04:00:00","BZN|DK1","1042.04","1112.25","1112.25","1248.73"
"23/11/2023 04:00:00 - 23/11/2023 05:00:00","BZN|DK1","1031.21","1099.00","1099.00","1243.72"
"23/11/2023 05:00:00 - 23/11/2023 06:00:00","BZN|DK1","1011.88","1104.21","1104.21","1250.91"
"23/11/2023 06:00:00 - 23/11/2023 07:00:00","BZN|DK1","1004.29","1101.00","1101.00","1254.96"
"23/11/2023 07:00:00 - 23/11/2023 08:00:00","BZN|DK1","1003.00","1110.71","1110.71","1257.23"
"23/11/2023 08:00:00 - 23/11/2023 09:00:00","BZN|DK1","1001.08","1102.67","1106.92","1259.88"
"23/11/2023 09:00:00 - 23/11/2023 10:00:00","BZN|DK1","992.96","1077.88","1104.33","1255.09"
"23/11/2023 10:00:00 - 23/11/2023 11:00:00","BZN|DK1","977.58","1063.92","1100.67","1252.74"
"23/11/2023 11:00:00 - 23/11/2023 12:00:00","BZN|DK1","964.21","1057.08","1101.04","1233.71"
"23/11/2023 12:00:00 - 23/11/2023 13:00:00","BZN|DK1","964.50","1051.08","1055.92","1204.32"
"23/11/2023 13:00:00 - 23/11/2023 14:00:00","BZN|DK1","981.17","1042.29","1095.46","1215.10"
"23/11/2023 14:00:00 - 23/11/2023 15:00:00","BZN|DK1","992.08","1035.71","1027.25","1203.73"
"23/11/2023 15:00:00 - 23/11/2023 16:00:00","BZN|DK1","996.04","1030.46","1082.88","1134.25"
"23/11/2023 16:00:00 - 23/11/2023 17:00:00","BZN|DK1","993.96","1027.21","1027.96","1094.02"
"23/11/2023 17:00:00 - 23/11/2023 18:00:00","BZN|DK1","986.54","1021.83","1002.00","1189.88"
"23/11/2023 18:00:00 - 23/11/2023 19:00:00","BZN|DK1","977.50","1003.92","1039.13","1127.48"
"23/11/2023 19:00:00 - 23/11/2023 20:00:00","BZN|DK1","974.54","987.13","1012.42","1176.40"
"23/11/2023 20:00:00 - 23/11/2023 21:00:00","BZN|DK1","980.96","986.08","1048.17","1208.68"
"23/11/2023 21:00:00 - 23/11/2023 22:00:00","BZN|DK1","991.58","990.33","1083.79","1212.84"
"23/11/2023 22:00:00 - 23/11/2023 23:00:00","BZN|DK1","996.71","992.00","1085.50","1145.83"
"23/11/2023 23:00:00 - 24/11/2023 00:00:00","BZN|DK1","997.00","992.00","1017.08","1197.86"
"24/11/2023 00:00:00 - 24/11/2023 01:00:00","BZN|DK1","1033.00","1058.29","1058.29","1105.74"
"24/11/2023 01:00:00 - 24/11/2023 02:00:00","BZN|DK1","1033.04","1005.92","1005.92","1222.65"
"24/11/2023 02:00:00 - 24/11/2023 03:00:00","BZN|DK1","1034.46","1087.88","1087.88","1135.49"
"24/11/2023 03:00:00 - 24/11/2023 04:00:00","BZN|DK1","1034.00","1035.13","1035.13","1193.56"
"24/11/2023 04:00:00 - 24/11/2023 05:00:00","BZN|DK1","1022.88","1043.13","1043.13","1196.65"
"24/11/2023 05:00:00 - 24/11/2023 06:00:00","BZN|DK1","1004.67","1086.71","1086.71","1211.43"
"24/11/2023 06:00:00 - 24/11/2023 07:00:00","BZN|DK1","991.42","1081.75","1081.75","1216.73"
"24/11/2023 07:00:00 - 24/11/2023 08:00:00","BZN|DK1","985.21","1090.13","1090.13","1225.69"
"24/11/2023 08:00:00 - 24/11/2023 09:00:00","BZN|DK1","980.17","1083.54","1088.58","1201.89"
"24/11/2023 09:00:00 - 24/11/2023 10:00:00","BZN|DK1","974.17","1057.17","1076.54","1228.90"
"24/11/2023 10:00:00 - 24/11/2023 11:00:00","BZN|DK1","961.88","1030.50","1044.79","1206.58"
"24/11/2023 11:00:00 - 24/11/2023 12:00:00","BZN|DK1","936.08","978.75","1058.42","1220.65"
"24/11/2023 12:00:00 - 24/11/2023 13:00:00","BZN|DK1","909.08","931.21","1052.83","1225.61"
"24/11/2023 13:00:00 - 24/11/2023 14:00:00","BZN|DK1","906.92","920.96","1047.21","1156.47"
"24/11/2023 14:00:00 - 24/11/2023 15:00:00","BZN|DK1","944.71","951.42","1016.25","1170.44"
"24/11/2023 15:00:00 - 24/11/2023 16:00:00","BZN|DK1","983.96","998.46","1064.21","1153.83"
"24/11/2023 16:00:00 - 24/11/2023 17:00:00","BZN|DK1","993.67","1019.79","1036.21","1202.52"
"24/11/2023 17:00:00 - 24/11/2023 18:00:00","BZN|DK1","997.46","1025.33","1103.33","1252.14"
"24/11/2023 18:00:00 - 24/11/2023 19:00:00","BZN|DK1","995.17","1014.50","1109.25","1255.00"
"24/11/2023 19:00:00 - 24/11/2023 20:00:00","BZN|DK1","992.25","992.33","1099.42","1254.12"
"24/11/2023 20:00:00 - 24/11/2023 21:00:00","BZN|DK1","986.88","974.00","1085.75","1196.82"
"24/11/2023 21:00:00 - 24/11/2023 22:00:00","BZN|DK1","969.71","953.83","1037.71","1229.33"
"24/11/2023 22:00:00 - 24/11/2023 23:00:00","BZN|DK1","953.46","930.63","1077.63","1230.62"
"24/11/2023 23:00:00 - 25/11/2023 00:00:00","BZN|DK1","937.67","910.92","1042.67","1154.32"
"25/11/2023 00:00:00 - 25/11/2023 01:00:00","BZN|DK1","949.88","1027.50","1027.50","1172.08"
"25/11/2023 01:00:00 - 25/11/2023 02:00:00","BZN|DK1","925.08","934.42","934.42","975.95"
"25/11/2023 02:00:00 - 25/11/2023 03:00:00","BZN|DK1","887.67","810.13","810.13","917.82"
"25/11/2023 03:00:00 - 25/11/2023 04:00:00","BZN|DK1","866.71","810.92","810.92","959.35"
"25/11/2023 04:00:00 - 25/11/2023 05:00:00","BZN|DK1","852.29","852.50","852.50","956.03"
"25/11/2023 05:00:00 - 25/11/2023 06:00:00","BZN|DK1","840.25","856.33","856.33","847.81"
"25/11/2023 06:00:00 - 25/11/2023 07:00:00","BZN|DK1","832.71","746.38","746.38","840.12"
"25/11/2023 07:00:00 - 25/11/2023 08:00:00","BZN|DK1","817.54","774.54","774.54","863.78"
"25/11/2023 08:00:00 - 25/11/2023 09:00:00","BZN|DK1","807.25","798.21","790.71","964.02"
"25/11/2023 09:00:00 - 25/11/2023 10:00:00","BZN|DK1","785.88","780.00","930.33","1019.88"
"25/11/2023 10:00:00 - 25/11/2023 11:00:00","BZN|DK1","761.21","756.29","914.42","999.94"
"25/11/2023 11:00:00 - 25/11/2023 12:00:00","BZN|DK1","719.50","725.42","856.29","767.22"
"25/11/2023 12:00:00 - 25/11/2023 13:00:00","BZN|DK1","666.38","687.92","575.33","595.78"
"25/11/2023 13:00:00 - 25/11/2023 14:00:00","BZN|DK1","616.13","653.25","551.17","497.26"
"25/11/2023 14:00:00 - 25/11/2023 15:00:00","BZN|DK1","586.38","624.92","482.29","519.29"
"25/11/2023 15:00:00 - 25/11/2023 16:00:00","BZN|DK1","583.46","576.00","493.29","640.77"
"25/11/2023 16:00:00 - 25/11/2023 17:00:00","BZN|DK1","586.54","508.92","477.83","532.57"
"25/11/2023 17:00:00 - 25/11/2023 18:00:00","BZN|DK1","603.00","472.42","450.67","645.03"
"25/11/2023 18:00:00 - 25/11/2023 19:00:00","BZN|DK1","618.00","478.46","552.58","658.27"
"25/11/2023 19:00:00 - 25/11/2023 20:00:00","BZN|DK1","585.29","468.83","545.58","495.54"
"25/11/2023 20:00:00 - 25/11/2023 21:00:00","BZN|DK1","498.42","394.42","326.25","435.76"
"25/11/2023 21:00:00 - 25/11/2023 22:00:00","BZN|DK1","386.54","317.92","304.21","291.87"
"25/11/2023 22:00:00 - 25/11/2023 23:00:00","BZN|DK1","299.00","293.58","252.75","243.51"
"25/11/2023 23:00:00 - 26/11/2023 00:00:00","BZN|DK1","245.92","269.83","217.58","194.85"
"26/11/2023 00:00:00 - 26/11/2023 01:00:00","BZN|DK1","399.75","153.75","153.75","167.56"
"26/11/2023 01:00:00 - 26/11/2023 02:00:00","BZN|DK1","369.67","145.17","145.17","133.63"
"26/11/2023 02:00:00 - 26/11/2023 03:00:00","BZN|DK1","337.13","146.08","146.08","150.56"
"26/11/2023 03:00:00 - 26/11/2023 04:00:00","BZN|DK1","320.04","142.83","142.83","156.33"
"26/11/2023 04:00:00 - 26/11/2023 05:00:00","BZN|DK1","314.17","155.21","155.21","125.10"
"26/11/2023 05:00:00 - 26/11/2023 06:00:00","BZN|DK1","311.00","163.54","163.54","128.03"
"26/11/2023 06:00:00 - 26/11/2023 07:00:00","BZN|DK1","318.08","163.83","163.83","116.32"
"26/11/2023 07:00:00 - 26/11/2023 08:00:00","BZN|DK1","328.13","165.17","165.17","183.58"
"26/11/2023 08:00:00 - 26/11/2023 09:00:00","BZN|DK1","312.33","223.08","241.88","308.29"
"26/11/2023 09:00:00 - 26/11/2023 10:00:00","BZN|DK1","295.54","250.79","285.04","253.32"
"26/11/2023 10:00:00 - 26/11/2023 11:00:00","BZN|DK1","293.17","248.25","194.50","242.77"
"26/11/2023 11:00:00 - 26/11/2023 12:00:00","BZN|DK1","274.79","211.67","220.63","291.98"
"26/11/2023 12:00:00 - 26/11/2023 13:00:00","BZN|DK1","232.79","145.13","257.33","351.35"
"26/11/2023 13:00:00 - 26/11/2023 14:00:00","BZN|DK1","201.46","94.67","294.46","353.06"
"26/11/2023 14:00:00 - 26/11/2023 15:00:00","BZN|DK1","188.54","99.88","272.25","186.79"
"26/11/2023 15:00:00 - 26/11/2023 16:00:00","BZN|DK1","185.00","136.33","172.50","128.63"
"26/11/2023 16:00:00 - 26/11/2023 17:00:00","BZN|DK1","180.92","136.33","79.92","53.35"
"26/11/2023 17:00:00 - 26/11/2023 18:00:00","BZN|DK1","142.13","90.17","30.13","79.65"
"26/11/2023 18:00:00 - 26/11/2023 19:00:00","BZN|DK1","99.71","72.08","76.17","37.52"
"26/11/2023 19:00:00 - 26/11/2023 20:00:00","BZN|DK1","88.54","74.00","26.71","16.97"
"26/11/2023 20:00:00 - 26/11/2023 21:00:00","BZN|DK1","85.92","59.71","4.00","16.38"
"26/11/2023 21:00:00 - 26/11/2023 22:00:00","BZN|DK1","93.71","53.96","2.33","20.61"
"26/11/2023 22:00:00 - 26/11/2023 23:00:00","BZN|DK1","122.08","55.08","20.17","34.98"
"26/11/2023 23:00:00 - 27/11/2023 00:00:00","BZN|DK1","167.29","64.75","43.58","49.46"
"27/11/2023 00:00:00 - 27/11/2023 01:00:00","BZN|DK1","108.08","94.21","94.21","84.41"
"27/11/2023 01:00:00 - 27/11/2023 02:00:00","BZN|DK1","189.29","161.17","161.17","242.02"
"27/11/2023 02:00:00 - 27/11/2023 03:00:00","BZN|DK1","294.08","346.71","346.71","441.78"
"27/11/2023 03:00:00 - 27/11/2023 04:00:00","BZN|DK1","404.63","470.17","470.17","544.91"
"27/11/2023 04:00:00 - 27/11/2023 05:00:00","BZN|DK1","499.50","540.17","540.17","630.38"
"27/11/2023 05:00:00 - 27/11/2023 06:00:00","BZN|DK1","592.38","624.38","624.38","852.43"
"27/11/2023 06:00:00 - 27/11/2023 07:00:00","BZN|DK1","673.00","803.04","803.04","904.68"
"27/11/2023 07:00:00 - 27/11/2023 08:00:00","BZN|DK1","746.13","807.79","807.79","919.48"
"27/11/2023 08:00:00 - 27/11/2023 09:00:00","BZN|DK1","788.38","824.54","822.50","925.80"
"27/11/2023 09:00:00 - 27/11/2023 10:00:00","BZN|DK1","811.17","829.29","830.92","900.65"
"27/11/2023 10:00:00 - 27/11/2023 11:00:00","BZN|DK1","819.00","829.54","793.88","874.29"
"27/11/2023 11:00:00 - 27/11/2023 12:00:00","BZN|DK1","823.25","834.38","798.46","949.43"
"27/11/2023 12:00:00 - 27/11/2023 13:00:00","BZN|DK1","823.79","841.08","891.46","1024.69"
"27/11/2023 13:00:00 - 27/11/2023 14:00:00","BZN|DK1","825.83","847.13","869.46","1022.48"
"27/11/2023 14:00:00 - 27/11/2023 15:00:00","BZN|DK1","834.25","860.29","918.92","1006.33"
"27/11/2023 15:00:00 - 27/11/2023 16:00:00","BZN|DK1","849.00","883.92","925.46","1037.74"
"27/11/2023 16:00:00 - 27/11/2023 17:00:00","BZN|DK1","872.79","907.71","956.54","1091.05"
"27/11/2023 17:00:00 - 27/11/2023 18:00:00","BZN|DK1","895.33","930.79","976.54","1130.30"
"27/11/2023 18:00:00 - 27/11/2023 19:00:00","BZN|DK1","908.79","942.13","983.92","1147.62"
"27/11/2023 19:00:00 - 27/11/2023 20:00:00","BZN|DK1","916.21","939.29","997.25","1191.65"
"27/11/2023 20:00:00 - 27/11/2023 21:00:00","BZN|DK1","912.46","934.54","1079.71","1200.93"
"27/11/2023 21:00:00 - 27/11/2023 22:00:00","BZN|DK1","901.00","929.25","1053.13","1187.07"
"27/11/2023 22:00:00 - 27/11/2023 23:00:00","BZN|DK1","889.00","923.13","1041.25","1194.21"
"27/11/2023 23:00:00 - 28/11/2023 00:00:00","BZN|DK1","879.25","922.54","1041.96","1202.90"
"28/11/2023 00:00:00 - 28/11/2023 01:00:00","BZN|DK1","967.50","1062.79","1062.79","1214.51"
"28/11/2023 01:00:00 - 28/11/2023 02:00:00","BZN|DK1","950.96","1064.54","1064.54","1181.26"
"28/11/2023 02:00:00 - 28/11/2023 03:00:00","BZN|DK1","922.04","1006.54","1006.54","1132.18"
"28/11/2023 03:00:00 - 28/11/2023 04:00:00","BZN|DK1","892.63","991.67","991.67","1130.65"
"28/11/2023 04:00:00 - 28/11/2023 05:00:00","BZN|DK1","853.33","988.46","988.46","1118.37"
"28/11/2023 05:00:00 - 28/11/2023 06:00:00","BZN|DK1","802.33","1003.50","1003.50","1123.95"
"28/11/2023 06:00:00 - 28/11/2023 07:00:00","BZN|DK1","746.96","983.58","986.33","1052.16"
"28/11/2023 07:00:00 - 28/11/2023 08:00:00","BZN|DK1","688.38","816.63","816.63","755.53"
"28/11/2023 08:00:00 - 28/11/2023 09:00:00","BZN|DK1","597.13","551.92","546.67","604.51"
"28/11/2023 09:00:00 - 28/11/2023 10:00:00","BZN|DK1","498.42","480.96","449.29","445.75"
"28/11/2023 10:00:00 - 28/11/2023 11:00:00","BZN|DK1","429.71","416.17","372.71","360.81"
"28/11/2023 11:00:00 - 28/11/2023 12:00:00","BZN|DK1","357.63","346.42","298.21","295.04"
"28/11/2023 12:00:00 - 28/11/2023 13:00:00","BZN|DK1","298.08","276.25","226.29","198.50"
"28/11/2023 13:00:00 - 28/11/2023 14:00:00","BZN|DK1","265.50","229.92","128.58","154.47"
"28/11/2023 14:00:00 - 28/11/2023 15:00:00","BZN|DK1","259.50","216.83","157.83","186.86"
"28/11/2023 15:00:00 - 28/11/2023 16:00:00","BZN|DK1","262.46","214.58","191.79","166.06"
"28/11/2023 16:00:00 - 28/11/2023 17:00:00","BZN|DK1","278.46","218.25","189.58","181.37"
"28/11/2023 17:00:00 - 28/11/2023 18:00:00","BZN|DK1","324.54","258.50","229.63","242.99"
"28/11/2023 18:00:00 - 28/11/2023 19:00:00","BZN|DK1","390.71","329.92","288.75","311.85"
"28/11/2023 19:00:00 - 28/11/2023 20:00:00","BZN|DK1","453.71","382.75","370.17","368.82"
"28/11/2023 20:00:00 - 28/11/2023 21:00:00","BZN|DK1","463.42","426.04","384.79","379.68"
"28/11/2023 21:00:00 - 28/11/2023 22:00:00","BZN|DK1","452.71","452.29","383.13","365.53"
"28/11/2023 22:00:00 - 28/11/2023 23:00:00","BZN|DK1","441.25","455.79","375.00","380.97"
"28/11/2023 23:00:00 - 29/11/2023 00:00:00","BZN|DK1","400.08","431.04","369.88","368.80"
"29/11/2023 00:00:00 - 29/11/2023 01:00:00","BZN|DK1","359.21","355.29","355.29","371.21"
"29/11/2023 01:00:00 - 29/11/2023 02:00:00","BZN|DK1","330.88","360.21","360.21","344.48"
"29/11/2023 02:00:00 - 29/11/2023 03:00:00","BZN|DK1","311.75","337.92","337.92","286.07"
"29/11/2023 03:00:00 - 29/11/2023 04:00:00","BZN|DK1","288.25","247.46","247.46","231.91"
"29/11/2023 04:00:00 - 29/11/2023 05:00:00","BZN|DK1","270.75","244.29","244.29","216.29"
"29/11/2023 05:00:00 - 29/11/2023 06:00:00","BZN|DK1","252.96","210.63","210.63","199.72"
"29/11/2023 06:00:00 - 29/11/2023 07:00:00","BZN|DK1","218.46","172.38","172.38","161.73"
"29/11/2023 07:00:00 - 29/11/2023 08:00:00","BZN|DK1","175.04","135.25","135.25","119.10"
"29/11/2023 08:00:00 - 29/11/2023 09:00:00","BZN|DK1","140.25","113.83","111.33","132.47"
"29/11/2023 09:00:00 - 29/11/2023 10:00:00","BZN|DK1","124.42","112.88","126.92","102.08"
"29/11/2023 10:00:00 - 29/11/2023 11:00:00","BZN|DK1","126.42","92.71","72.63","69.98"
"29/11/2023 11:00:00 - 29/11/2023 12:00:00","BZN|DK1","112.42","70.13","68.21","41.80"
"29/11/2023 12:00:00 - 29/11/2023 13:00:00","BZN|DK1","90.17","77.13","52.79","57.98"
"29/11/2023 13:00:00 - 29/11/2023 14:00:00","BZN|DK1","86.54","90.29","58.88","70.36"
"29/11/2023 14:00:00 - 29/11/2023 15:00:00","BZN|DK1","88.75","78.38","40.04","91.34"
"29/11/2023 15:00:00 - 29/11/2023 16:00:00","BZN|DK1","94.50","74.21","64.42","76.38"
"29/11/2023 16:00:00 - 29/11/2023 17:00:00","BZN|DK1","100.13","82.96","33.67","29.10"
"29/11/2023 17:00:00 - 29/11/2023 18:00:00","BZN|DK1","114.71","85.58","16.88","24.48"
"29/11/2023 18:00:00 - 29/11/2023 19:00:00","BZN|DK1","129.29","92.71","39.38","54.63"
"29/11/2023 19:00:00 - 29/11/2023 20:00:00","BZN|DK1","130.17","130.21","62.71","132.26"
"29/11/2023 20:00:00 - 29/11/2023 21:00:00","BZN|DK1","125.13","195.08","164.21","184.32"
"29/11/2023 21:00:00 - 29/11/2023 22:00:00","BZN|DK1","126.83","265.96","185.96","254.35"
"29/11/2023 22:00:00 - 29/11/2023 23:00:00","BZN|DK1","165.42","312.54","283.83","456.64"
"29/11/2023 23:00:00 - 30/11/2023 00:00:00","BZN|DK1","243.04","357.29","530.38","455.77"
"30/11/2023 00:00:00 - 30/11/2023 01:00:00","BZN|DK1","362.88","389.00","389.00","415.34"
"30/11/2023 01:00:00 - 30/11/2023 02:00:00","BZN|DK1","416.75","421.75","421.75","442.95"
"30/11/2023 02:00:00 - 30/11/2023 03:00:00","BZN|DK1","431.50","446.54","446.54","432.16"
"30/11/2023 03:00:00 - 30/11/2023 04:00:00","BZN|DK1","443.33","452.21","452.21","477.29"
"30/11/2023 04:00:00 - 30/11/2023 05:00:00","BZN|DK1","488.17","523.67","523.67","550.14"
"30/11/2023 05:00:00 - 30/11/2023 06:00:00","BZN|DK1","566.92","515.17","515.17","548.50"
"30/11/2023 06:00:00 - 30/11/2023 07:00:00","BZN|DK1","608.67","492.75","492.75","531.72"
"30/11/2023 07:00:00 - 30/11/2023 08:00:00","BZN|DK1","606.25","458.38","458.38","522.73"
"30/11/2023 08:00:00 - 30/11/2023 09:00:00","BZN|DK1","580.08","447.13","444.88","522.37"
"30/11/2023 09:00:00 - 30/11/2023 10:00:00","BZN|DK1","566.79","430.42","406.38","518.34"
"30/11/2023 10:00:00 - 30/11/2023 11:00:00","BZN|DK1","588.63","415.13","406.08","527.65"
"30/11/2023 11:00:00 - 30/11/2023 12:00:00","BZN|DK1","615.83","450.04","464.92","542.34"
"30/11/2023 12:00:00 - 30/11/2023 13:00:00","BZN|DK1","614.79","524.04","498.17","601.14"
"30/11/2023 13:00:00 - 30/11/2023 14:00:00","BZN|DK1","633.75","600.63","567.96","703.09"
"30/11/2023 14:00:00 - 30/11/2023 15:00:00","BZN|DK1","660.33","682.25","732.92","886.23"
"30/11/2023 15:00:00 - 30/11/2023 16:00:00","BZN|DK1","704.63","740.29","850.08","986.45"
"30/11/2023 16:00:00 - 30/11/2023 17:00:00","BZN|DK1","739.46","772.33","917.71","1063.57"
"30/11/2023 17:00:00 - 30/11/2023 18:00:00","BZN|DK1","743.63","776.63","949.42","1032.57"
"30/11/2023 18:00:00 - 30/11/2023 19:00:00","BZN|DK1","735.33","772.42","908.04","1054.19"
"30/11/2023 19:00:00 - 30/11/2023 20:00:00","BZN|DK1","727.75","767.75","950.13","1074.32"
"30/11/2023 20:00:00 - 30/11/2023 21:00:00","BZN|DK1","736.00","746.75","917.21","934.18"
"30/11/2023 21:00:00 - 30/11/2023 22:00:00","BZN|DK1","740.58","721.63","768.04","834.47"
"30/11/2023 22:00:00 - 30/11/2023 23:00:00","BZN|DK1","724.33","704.54","724.46","778.72"
"30/11/2023 23:00:00 - 01/12/2023 00:00:00","BZN|DK1","703.67","685.58","659.13","721.46"
"01/12/2023 00:00:00 - 01/12/2023 01:00:00","BZN|DK1","684.79","628.17","628.17","724.58"
"01/12/2023 01:00:00 - 01/12/2023 02:00:00","BZN|DK1","657.75","665.08","665.08","709.84"
"01/12/2023 02:00:00 - 01/12/2023 03:00:00","BZN|DK1","639.96","634.75","634.75","642.66"
"01/12/2023 03:00:00 - 01/12/2023 04:00:00","BZN|DK1","603.71","584.08","584.08","620.35"
"01/12/2023 04:00:00 - 01/12/2023 05:00:00","BZN|DK1","554.46","553.21","553.21","567.74"
"01/12/2023 05:00:00 - 01/12/2023 06:00:00","BZN|DK1","509.25","509.63","509.63","510.07"
"01/12/2023 06:00:00 - 01/12/2023 07:00:00","BZN|DK1","493.38","474.79","474.79","460.67"
"01/12/2023 07:00:00 - 01/12/2023 08:00:00","BZN|DK1","496.17","423.75","423.75","476.14"
"01/12/2023 08:00:00 - 01/12/2023 09:00:00","BZN|DK1","497.42","462.58","432.75","422.95"
"01/12/2023 09:00:00 - 01/12/2023 10:00:00","BZN|DK1","488.67","451.38","362.96","433.52"
"01/12/2023 10:00:00 - 01/12/2023 11:00:00","BZN|DK1","466.67","424.29","417.96","420.92"
"01/12/2023 11:00:00 - 01/12/2023 12:00:00","BZN|DK1","436.63","399.79","388.71","389.49"
"01/12/2023 12:00:00 - 01/12/2023 13:00:00","BZN|DK1","408.21","386.38","356.50","349.02"
"01/12/2023 13:00:00 - 01/12/2023 14:00:00","BZN|DK1","397.25","391.00","346.33","357.01"
"01/12/2023 14:00:00 - 01/12/2023 15:00:00","BZN|DK1","401.92","413.58","355.46","392.00"
"01/12/2023 15:00:00 - 01/12/2023 16:00:00","BZN|DK1","409.50","440.29","430.38","493.64"
"01/12/2023 16:00:00 - 01/12/2023 17:00:00","BZN|DK1","427.29","459.33","547.38","570.00"
"01/12/2023 17:00:00 - 01/12/2023 18:00:00","BZN|DK1","454.83","463.88","528.50","573.85"
"01/12/2023 18:00:00 - 01/12/2023 19:00:00","BZN|DK1","470.04","464.83","496.88","511.04"
"01/12/2023 19:00:00 - 01/12/2023 20:00:00","BZN|DK1","460.63","454.29","461.00","452.82"
"01/12/2023 20:00:00 - 01/12/2023 21:00:00","BZN|DK1","426.13","418.79","379.13","389.80"
"01/12/2023 21:00:00 - 01/12/2023 22:00:00","BZN|DK1","380.75","366.08","335.42","321.56"
"01/12/2023 22:00:00 - 01/12/2023 23:00:00","BZN|DK1","328.96","309.13","270.92","251.60"
"01/12/2023 23:00:00 - 02/12/2023 00:00:00","BZN|DK1","274.17","258.38","202.29","185.98"
"02/12/2023 00:00:00 - 02/12/2023 01:00:00","BZN|DK1","258.00","176.21","176.21","154.61"
"02/12/2023 01:00:00 - 02/12/2023 02:00:00","BZN|DK1","224.00","147.08","147.08","125.01"
"02/12/2023 02:00:00 - 02/12/2023 03:00:00","BZN|DK1","196.17","114.29","114.29","93.15"
"02/12/2023 03:00:00 - 02/12/2023 04:00:00","BZN|DK1","169.29","80.13","80.13","68.61"
"02/12/2023 04:00:00 - 02/12/2023 05:00:00","BZN|DK1","141.71","65.17","65.17","74.98"
"02/12/2023 05:00:00 - 02/12/2023 06:00:00","BZN|DK1","108.63","62.67","62.67","66.06"
"02/12/2023 06:00:00 - 02/12/2023 07:00:00","BZN|DK1","86.67","51.46","51.46","57.66"
"02/12/2023 07:00:00 - 02/12/2023 08:00:00","BZN|DK1","77.42","53.13","53.13","55.73"
"02/12/2023 08:00:00 - 02/12/2023 09:00:00","BZN|DK1","77.29","56.38","55.96","63.70"
"02/12/2023 09:00:00 - 02/12/2023 10:00:00","BZN|DK1","89.71","68.00","64.33","68.84"
"02/12/2023 10:00:00 - 02/12/2023 11:00:00","BZN|DK1","101.17","75.17","82.79","94.91"
"02/12/2023 11:00:00 - 02/12/2023 12:00:00","BZN|DK1","108.79","81.08","92.67","79.25"
"02/12/2023 12:00:00 - 02/12/2023 13:00:00","BZN|DK1","114.46","86.96","67.96","70.04"
"02/12/2023 13:00:00 - 02/12/2023 14:00:00","BZN|DK1","110.71","89.79","64.04","56.57"
"02/12/2023 14:00:00 - 02/12/2023 15:00:00","BZN|DK1","131.92","107.00","75.96","101.90"
"02/12/2023 15:00:00 - 02/12/2023 16:00:00","BZN|DK1","158.25","126.50","118.88","134.64"
"02/12/2023 16:00:00 - 02/12/2023 17:00:00","BZN|DK1","150.92","132.96","128.67","152.01"
"02/12/2023 17:00:00 - 02/12/2023 18:00:00","BZN|DK1","140.71","136.58","131.25","149.55"
"02/12/2023 18:00:00 - 02/12/2023 19:00:00","BZN|DK1","127.54","142.42","125.88","127.10"
"02/12/2023 19:00:00 - 02/12/2023 20:00:00","BZN|DK1","122.29","153.17","91.58","106.50"
"02/12/2023 20:00:00 - 02/12/2023 21:00:00","BZN|DK1","124.33","171.29","97.38","86.23"
"02/12/2023 21:00:00 - 02/12/2023 22:00:00","BZN|DK1","125.13","195.63","81.42","113.82"
"02/12/2023 22:00:00 - 02/12/2023 23:00:00","BZN|DK1","129.42","213.42","120.96","148.03"
"02/12/2023 23:00:00 - 03/12/2023 00:00:00","BZN|DK1","143.67","215.08","136.92","144.54"
"03/12/2023 00:00:00 - 03/12/2023 01:00:00","BZN|DK1","160.54","117.67","117.67","132.10"
"03/12/2023 01:00:00 - 03/12/2023 02:00:00","BZN|DK1","176.58","124.08","124.08","141.48"
"03/12/2023 02:00:00 - 03/12/2023 03:00:00","BZN|DK1","190.50","156.29","156.29","143.40"
"03/12/2023 03:00:00 - 03/12/2023 04:00:00","BZN|DK1","218.54","179.83","179.83","151.76"
"03/12/2023 04:00:00 - 03/12/2023 05:00:00","BZN|DK1","250.75","192.08","192.08","157.35"
"03/12/2023 05:00:00 - 03/12/2023 06:00:00","BZN|DK1","284.88","209.63","209.63","180.11"
"03/12/2023 06:00:00 - 03/12/2023 07:00:00","BZN|DK1","312.38","220.13","220.13","250.54"
"03/12/2023 07:00:00 - 03/12/2023 08:00:00","BZN|DK1","332.54","296.88","296.88","423.31"
"03/12/2023 08:00:00 - 03/12/2023 09:00:00","BZN|DK1","340.54","405.25","397.21","521.50"
"03/12/2023 09:00:00 - 03/12/2023 10:00:00","BZN|DK1","342.42","405.54","437.67","366.69"
"03/12/2023 10:00:00 - 03/12/2023 11:00:00","BZN|DK1","332.71","394.21","348.38","509.03"
"03/12/2023 11:00:00 - 03/12/2023 12:00:00","BZN|DK1","313.54","371.38","385.50","423.35"
"03/12/2023 12:00:00 - 03/12/2023 13:00:00","BZN|DK1","314.96","349.54","373.88","389.17"
"03/12/2023 13:00:00 - 03/12/2023 14:00:00","BZN|DK1","299.42","317.67","412.58","451.97"
"03/12/2023 14:00:00 - 03/12/2023 15:00:00","BZN|DK1","260.17","255.83","274.42","205.62"
"03/12/2023 15:00:00 - 03/12/2023 16:00:00","BZN|DK1","245.71","225.83","168.17","172.63"
"03/12/2023 16:00:00 - 03/12/2023 17:00:00","BZN|DK1","268.54","239.63","207.46","241.43"
"03/12/2023 17:00:00 - 03/12/2023 18:00:00","BZN|DK1","293.96","264.00","288.63","264.41"
"03/12/2023 18:00:00 - 03/12/2023 19:00:00","BZN|DK1","305.63","292.75","229.29","143.98"
"03/12/2023 19:00:00 - 03/12/2023 20:00:00","BZN|DK1","332.54","341.08","158.54","130.03"
"03/12/2023 20:00:00 - 03/12/2023 21:00:00","BZN|DK1","415.17","371.00","200.33","233.65"
"03/12/2023 21:00:00 - 03/12/2023 22:00:00","BZN|DK1","477.71","389.38","356.50","422.78"
"03/12/2023 22:00:00 - 03/12/2023 23:00:00","BZN|DK1","505.54","396.75","425.67","477.92"
"03/12/2023 23:00:00 - 04/12/2023 00:00:00","BZN|DK1","534.25","399.42","467.21","480.36"
"04/12/2023 00:00:00 - 04/12/2023 01:00:00","BZN|DK1","416.71","441.88","441.88","465.99"
"04/12/2023 01:00:00 - 04/12/2023 02:00:00","BZN|DK1","427.50","427.92","427.92","430.60"
"04/12/2023 02:00:00 - 04/12/2023 03:00:00","BZN|DK1","421.33","502.96","502.96","522.80"
"04/12/2023 03:00:00 - 04/12/2023 04:00:00","BZN|DK1","429.46","479.58","479.58","504.79"
"04/12/2023 04:00:00 - 04/12/2023 05:00:00","BZN|DK1","468.54","457.04","457.04","531.11"
"04/12/2023 05:00:00 - 04/12/2023 06:00:00","BZN|DK1","514.21","533.08","533.08","613.55"
"04/12/2023 06:00:00 - 04/12/2023 07:00:00","BZN|DK1","523.75","600.92","600.92","678.88"
"04/12/2023 07:00:00 - 04/12/2023 08:00:00","BZN|DK1","523.79","673.63","673.63","779.21"
"04/12/2023 08:00:00 - 04/12/2023 09:00:00","BZN|DK1","537.83","699.42","703.54","751.89"
"04/12/2023 09:00:00 - 04/12/2023 10:00:00","BZN|DK1","574.50","688.71","692.42","713.59"
"04/12/2023 10:00:00 - 04/12/2023 11:00:00","BZN|DK1","609.92","703.83","640.46","781.40"
"04/12/2023 11:00:00 - 04/12/2023 12:00:00","BZN|DK1","619.42","717.58","711.79","795.99"
"04/12/2023 12:00:00 - 04/12/2023 13:00:00","BZN|DK1","620.00","723.29","715.33","780.73"
"04/12/2023 13:00:00 - 04/12/2023 14:00:00","BZN|DK1","639.75","737.17","678.21","791.51"
"04/12/2023 14:00:00 - 04/12/2023 15:00:00","BZN|DK1","678.54","753.00","749.29","840.63"
"04/12/2023 15:00:00 - 04/12/2023 16:00:00","BZN|DK1","718.33","769.00","711.63","753.64"
"04/12/2023 16:00:00 - 04/12/2023 17:00:00","BZN|DK1","749.67","791.13","709.04","776.12"
"04/12/2023 17:00:00 - 04/12/2023 18:00:00","BZN|DK1","775.29","803.54","713.08","864.97"
"04/12/2023 18:00:00 - 04/12/2023 19:00:00","BZN|DK1","797.50","800.13","798.04","958.11"
"04/12/2023 19:00:00 - 04/12/2023 20:00:00","BZN|DK1","810.08","797.29","880.17","1022.38"
"04/12/2023 20:00:00 - 04/12/2023 21:00:00","BZN|DK1","823.71","806.71","895.42","1005.55"
"04/12/2023 21:00:00 - 04/12/2023 22:00:00","BZN|DK1","841.00","815.25","889.75","1044.41"
"04/12/2023 22:00:00 - 04/12/2023 23:00:00","BZN|DK1","855.21","820.33","911.50","995.49"
"04/12/2023 23:00:00 - 05/12/2023 00:00:00","BZN|DK1","868.21","823.83","866.42","976.45"
"05/12/2023 00:00:00 - 05/12/2023 01:00:00","BZN|DK1","840.83","843.04","843.04","1000.15"
"05/12/2023 01:00:00 - 05/12/2023 02:00:00","BZN|DK1","840.00","883.54","883.54","954.35"
"05/12/2023 02:00:00 - 05/12/2023 03:00:00","BZN|DK1","840.29","870.50","870.50","982.24"
"05/12/2023 03:00:00 - 05/12/2023 04:00:00","BZN|DK1","844.21","865.04","865.04","977.73"
"05/12/2023 04:00:00 - 05/12/2023 05:00:00","BZN|DK1","843.08","851.04","851.04","948.68"
"05/12/2023 05:00:00 - 05/12/2023 06:00:00","BZN|DK1","836.67","873.33","873.33","996.55"
"05/12/2023 06:00:00 - 05/12/2023 07:00:00","BZN|DK1","833.46","905.25","905.25","1031.66"
"05/12/2023 07:00:00 - 05/12/2023 08:00:00","BZN|DK1","836.33","945.46","945.46","1096.18"
"05/12/2023 08:00:00 - 05/12/2023 09:00:00","BZN|DK1","847.38","977.04","976.33","1105.42"
"05/12/2023 09:00:00 - 05/12/2023 10:00:00","BZN|DK1","859.50","954.42","1019.75","1177.08"
"05/12/2023 10:00:00 - 05/12/2023 11:00:00","BZN|DK1","864.13","939.88","1020.54","1156.85"
"05/12/2023 11:00:00 - 05/12/2023 12:00:00","BZN|DK1","867.63","930.63","1023.54","1133.34"
"05/12/2023 12:00:00 - 05/12/2023 13:00:00","BZN|DK1","867.21","913.13","1005.75","1117.40"
"05/12/2023 13:00:00 - 05/12/2023 14:00:00","BZN|DK1","861.67","895.04","978.25","1063.15"
"05/12/2023 14:00:00 - 05/12/2023 15:00:00","BZN|DK1","860.67","883.46","960.25","1119.45"
"05/12/2023 15:00:00 - 05/12/2023 16:00:00","BZN|DK1","864.79","875.17","1025.04","1135.60"
"05/12/2023 16:00:00 - 05/12/2023 17:00:00","BZN|DK1","873.17","871.00","1033.46","1152.35"
"05/12/2023 17:00:00 - 05/12/2023 18:00:00","BZN|DK1","876.21","868.25","1023.71","1108.91"
"05/12/2023 18:00:00 - 05/12/2023 19:00:00","BZN|DK1","869.46","850.46","939.04","1018.25"
"05/12/2023 19:00:00 - 05/12/2023 20:00:00","BZN|DK1","855.96","827.08","844.63","933.94"
"05/12/2023 20:00:00 - 05/12/2023 21:00:00","BZN|DK1","845.63","823.96","834.21","928.90"
"05/12/2023 21:00:00 - 05/12/2023 22:00:00","BZN|DK1","848.79","832.17","769.00","922.60"
"05/12/2023 22:00:00 - 05/12/2023 23:00:00","BZN|DK1","860.00","838.08","842.50","946.23"
"05/12/2023 23:00:00 - 06/12/2023 00:00:00","BZN|DK1","870.58","840.54","833.21","985.72"
"06/12/2023 00:00:00 - 06/12/2023 01:00:00","BZN|DK1","862.50","883.92","883.92","1014.02"
"06/12/2023 01:00:00 - 06/12/2023 02:00:00","BZN|DK1","860.46","931.29","931.29","1047.87"
"06/12/2023 02:00:00 - 06/12/2023 03:00:00","BZN|DK1","856.17","926.42","926.42","1054.15"
"06/12/2023 03:00:00 - 06/12/2023 04:00:00","BZN|DK1","851.21","949.00","949.00","1131.77"
"06/12/2023 04:00:00 - 06/12/2023 05:00:00","BZN|DK1","859.92","1002.50","1002.50","1134.74"
"06/12/2023 05:00:00 - 06/12/2023 06:00:00","BZN|DK1","873.50","1003.08","1003.08","1175.17"
"06/12/2023 06:00:00 - 06/12/2023 07:00:00","BZN|DK1","876.75","1053.04","1053.04","1181.89"
"06/12/2023 07:00:00 - 06/12/2023 08:00:00","BZN|DK1","878.96","1059.71","1059.71","1204.59"
"06/12/2023 08:00:00 - 06/12/2023 09:00:00","BZN|DK1","883.46","1049.04","1052.54","1223.34"
"06/12/2023 09:00:00 - 06/12/2023 10:00:00","BZN|DK1","886.17","997.38","1059.54","1191.05"
"06/12/2023 10:00:00 - 06/12/2023 11:00:00","BZN|DK1","878.67","970.33","1051.46","1165.74"
"06/12/2023 11:00:00 - 06/12/2023 12:00:00","BZN|DK1","861.54","954.04","1019.21","1176.01"
"06/12/2023 12:00:00 - 06/12/2023 13:00:00","BZN|DK1","832.63","936.63","1031.29","1173.84"
"06/12/2023 13:00:00 - 06/12/2023 14:00:00","BZN|DK1","803.46","913.54","1006.13","1134.32"
"06/12/2023 14:00:00 - 06/12/2023 15:00:00","BZN|DK1","778.79","885.13","947.88","1065.81"
"06/12/2023 15:00:00 - 06/12/2023 16:00:00","BZN|DK1","751.13","848.04","881.92","1023.59"
"06/12/2023 16:00:00 - 06/12/2023 17:00:00","BZN|DK1","725.00","812.83","859.79","948.40"
"06/12/2023 17:00:00 - 06/12/2023 18:00:00","BZN|DK1","698.38","781.04","785.58","872.44"
"06/12/2023 18:00:00 - 06/12/2023 19:00:00","BZN|DK1","664.92","734.79","732.50","877.18"
"06/12/2023 19:00:00 - 06/12/2023 20:00:00","BZN|DK1","628.13","677.25","742.38","861.78"
"06/12/2023 20:00:00 - 06/12/2023 21:00:00","BZN|DK1","581.29","629.71","708.58","812.47"
"06/12/2023 21:00:00 - 06/12/2023 22:00:00","BZN|DK1","529.46","587.21","643.92","720.64"
"06/12/2023 22:00:00 - 06/12/2023 23:00:00","BZN|DK1","493.21","542.58","592.38","702.08"
"06/12/2023 23:00:00 - 07/12/2023 00:00:00","BZN|DK1","458.63","489.50","549.38","606.47"
"07/12/2023 00:00:00 - 07/12/2023 01:00:00","BZN|DK1","405.88","457.25","457.25","483.01"
"07/12/2023 01:00:00 - 07/12/2023 02:00:00","BZN|DK1","360.67","376.25","376.25","382.36"
"07/12/2023 02:00:00 - 07/12/2023 03:00:00","BZN|DK1","333.71","305.08","305.08","341.76"
"07/12/2023 03:00:00 - 07/12/2023 04:00:00","BZN|DK1","303.88","248.38","248.38","275.06"
"07/12/2023 04:00:00 - 07/12/2023 05:00:00","BZN|DK1","279.83","194.92","194.92","198.53"
"07/12/2023 05:00:00 - 07/12/2023 06:00:00","BZN|DK1","274.38","166.29","166.29","188.81"
"07/12/2023 06:00:00 - 07/12/2023 07:00:00","BZN|DK1","269.38","169.96","169.96","170.96"
"07/12/2023 07:00:00 - 07/12/2023 08:00:00","BZN|DK1","255.92","138.92","138.92","159.36"
"07/12/2023 08:00:00 - 07/12/2023 09:00:00","BZN|DK1","221.75","124.38","120.58","95.92"
"07/12/2023 09:00:00 - 07/12/2023 10:00:00","BZN|DK1","194.88","119.71","70.13","80.09"
"07/12/2023 10:00:00 - 07/12/2023 11:00:00","BZN|DK1","183.29","94.96","54.00","59.18"
"07/12/2023 11:00:00 - 07/12/2023 12:00:00","BZN|DK1","173.83","68.21","37.33","32.61"
"07/12/2023 12:00:00 - 07/12/2023 13:00:00","BZN|DK1","180.08","66.63","23.63","19.90"
"07/12/2023 13:00:00 - 07/12/2023 14:00:00","BZN|DK1","215.21","109.46","51.54","35.19"
"07/12/2023 14:00:00 - 07/12/2023 15:00:00","BZN|DK1","242.67","148.33","66.17","32.47"
"07/12/2023 15:00:00 - 07/12/2023 16:00:00","BZN|DK1","269.83","177.83","73.71","88.18"
"07/12/2023 16:00:00 - 07/12/2023 17:00:00","BZN|DK1","317.96","227.88","131.92","90.65"
"07/12/2023 17:00:00 - 07/12/2023 18:00:00","BZN|DK1","394.79","288.63","132.67","141.68"
"07/12/2023 18:00:00 - 07/12/2023 19:00:00","BZN|DK1","480.04","369.33","229.25","237.95"
"07/12/2023 19:00:00 - 07/12/2023 20:00:00","BZN|DK1","540.25","456.17","295.08","334.17"
"07/12/2023 20:00:00 - 07/12/2023 21:00:00","BZN|DK1","579.79","505.42","371.83","411.73"
"07/12/2023 21:00:00 - 07/12/2023 22:00:00","BZN|DK1","617.17","542.42","452.00","551.84"
"07/12/2023 22:00:00 - 07/12/2023 23:00:00","BZN|DK1","656.83","581.25","551.08","606.47"
"07/12/2023 23:00:00 - 08/12/2023 00:00:00","BZN|DK1","696.92","614.08","574.67","707.71"
"08/12/2023 00:00:00 - 08/12/2023 01:00:00","BZN|DK1","552.25","713.46","713.46","800.97"
"08/12/2023 01:00:00 - 08/12/2023 02:00:00","BZN|DK1","578.88","722.00","722.00","813.77"
"08/12/2023 02:00:00 - 08/12/2023 03:00:00","BZN|DK1","613.50","732.00","732.00","835.60"
"08/12/2023 03:00:00 - 08/12/2023 04:00:00","BZN|DK1","653.25","749.21","749.21","895.51"
"08/12/2023 04:00:00 - 08/12/2023 05:00:00","BZN|DK1","715.54","771.96","771.96","898.09"
"08/12/2023 05:00:00 - 08/12/2023 06:00:00","BZN|DK1","776.71","774.67","774.67","933.92"
"08/12/2023 06:00:00 - 08/12/2023 07:00:00","BZN|DK1","803.08","828.92","828.92","1017.97"
"08/12/2023 07:00:00 - 08/12/2023 08:00:00","BZN|DK1","821.17","913.96","913.96","1094.09"
"08/12/2023 08:00:00 - 08/12/2023 09:00:00","BZN|DK1","850.04","940.13","935.17","1051.42"
"08/12/2023 09:00:00 - 08/12/2023 10:00:00","BZN|DK1","875.25","931.50","904.79","1079.66"
"08/12/2023 10:00:00 - 08/12/2023 11:00:00","BZN|DK1","888.04","934.08","914.13","1081.85"
"08/12/2023 11:00:00 - 08/12/2023 12:00:00","BZN|DK1","889.54","931.13","945.71","1204.08"
"08/12/2023 12:00:00 - 08/12/2023 13:00:00","BZN|DK1","885.04","930.46","1034.13","1221.10"
"08/12/2023 13:00:00 - 08/12/2023 14:00:00","BZN|DK1","889.71","936.75","1070.25","1233.48"
"08/12/2023 14:00:00 - 08/12/2023 15:00:00","BZN|DK1","892.42","934.79","1067.17","1147.30"
"08/12/2023 15:00:00 - 08/12/2023 16:00:00","BZN|DK1","886.75","931.38","968.17","1138.65"
"08/12/2023 16:00:00 - 08/12/2023 17:00:00","BZN|DK1","881.25","925.50","995.00","1212.81"
"08/12/2023 17:00:00 - 08/12/2023 18:00:00","BZN|DK1","870.96","909.04","1023.08","1165.00"
"08/12/2023 18:00:00 - 08/12/2023 19:00:00","BZN|DK1","852.96","877.83","957.50","1018.57"
"08/12/2023 19:00:00 - 08/12/2023 20:00:00","BZN|DK1","832.63","829.25","840.33","927.68"
"08/12/2023 20:00:00 - 08/12/2023 21:00:00","BZN|DK1","808.38","782.71","791.92","866.57"
"08/12/2023 21:00:00 - 08/12/2023 22:00:00","BZN|DK1","780.25","752.83","730.63","857.56"
"08/12/2023 22:00:00 - 08/12/2023 23:00:00","BZN|DK1","759.96","735.38","784.75","940.24"
"08/12/2023 23:00:00 - 09/12/2023 00:00:00","BZN|DK1","746.33","725.38","887.71","994.75"
"09/12/2023 00:00:00 - 09/12/2023 01:00:00","BZN|DK1","820.13","888.88","888.88","1012.47"
"09/12/2023 01:00:00 - 09/12/2023 02:00:00","BZN|DK1","814.58","908.63","908.63","1028.93"
"09/12/2023 02:00:00 - 09/12/2023 03:00:00","BZN|DK1","826.25","947.54","947.54","1065.54"
"09/12/2023 03:00:00 - 09/12/2023 04:00:00","BZN|DK1","832.63","957.33","957.33","1064.82"
"09/12/2023 04:00:00 - 09/12/2023 05:00:00","BZN|DK1","818.08","927.29","927.29","982.78"
"09/12/2023 05:00:00 - 09/12/2023 06:00:00","BZN|DK1","796.83","835.42","835.42","1007.00"
"09/12/2023 06:00:00 - 09/12/2023 07:00:00","BZN|DK1","781.33","892.50","892.50","1046.92"
"09/12/2023 07:00:00 - 09/12/2023 08:00:00","BZN|DK1","768.83","831.13","831.13","923.20"
"09/12/2023 08:00:00 - 09/12/2023 09:00:00","BZN|DK1","773.83","811.08","814.75","991.59"
"09/12/2023 09:00:00 - 09/12/2023 10:00:00","BZN|DK1","812.88","849.46","944.38","1105.56"
"09/12/2023 10:00:00 - 09/12/2023 11:00:00","BZN|DK1","828.42","864.33","971.25","1128.44"
"09/12/2023 11:00:00 - 09/12/2023 12:00:00","BZN|DK1","846.58","883.92","1035.00","1134.99"
"09/12/2023 12:00:00 - 09/12/2023 13:00:00","BZN|DK1","858.58","885.13","999.75","1227.88"
"09/12/2023 13:00:00 - 09/12/2023 14:00:00","BZN|DK1","852.33","875.79","1080.29","1243.11"
"09/12/2023 14:00:00 - 09/12/2023 15:00:00","BZN|DK1","849.04","883.00","1067.13","1220.15"
"09/12/2023 15:00:00 - 09/12/2023 16:00:00","BZN|DK1","848.83","893.88","1054.88","1236.33"
"09/12/2023 16:00:00 - 09/12/2023 17:00:00","BZN|DK1","845.75","899.83","1088.42","1273.49"
"09/12/2023 17:00:00 - 09/12/2023 18:00:00","BZN|DK1","848.25","909.54","1088.63","1297.33"
"09/12/2023 18:00:00 - 09/12/2023 19:00:00","BZN|DK1","865.63","931.33","1098.29","1313.66"
"09/12/2023 19:00:00 - 09/12/2023 20:00:00","BZN|DK1","877.00","954.71","1102.25","1318.66"
"09/12/2023 20:00:00 - 09/12/2023 21:00:00","BZN|DK1","884.25","967.13","1101.96","1322.42"
"09/12/2023 21:00:00 - 09/12/2023 22:00:00","BZN|DK1","890.08","973.33","1111.42","1329.09"
"09/12/2023 22:00:00 - 09/12/2023 23:00:00","BZN|DK1","897.42","977.92","1106.88","1328.13"
"09/12/2023 23:00:00 - 10/12/2023 00:00:00","BZN|DK1","903.13","982.75","1105.25","1327.07"
"10/12/2023 00:00:00 - 10/12/2023 01:00:00","BZN|DK1","1036.25","1108.00","1108.00","1298.42"
"10/12/2023 01:00:00 - 10/12/2023 02:00:00","BZN|DK1","1031.92","1094.63","1094.63","1327.60"
"10/12/2023 02:00:00 - 10/12/2023 03:00:00","BZN|DK1","1028.46","1107.46","1107.46","1269.70"
"10/12/2023 03:00:00 - 10/12/2023 04:00:00","BZN|DK1","1010.17","1052.83","1052.83","1233.22"
"10/12/2023 04:00:00 - 10/12/2023 05:00:00","BZN|DK1","967.96","1042.13","1042.13","1233.04"
"10/12/2023 05:00:00 - 10/12/2023 06:00:00","BZN|DK1","927.71","1025.92","1025.92","1278.84"
"10/12/2023 06:00:00 - 10/12/2023 07:00:00","BZN|DK1","906.25","1082.88","1082.88","1309.69"
"10/12/2023 07:00:00 - 10/12/2023 08:00:00","BZN|DK1","891.08","1071.63","1071.63","1292.33"
"10/12/2023 08:00:00 - 10/12/2023 09:00:00","BZN|DK1","865.04","1021.79","1024.50","1256.09"
"10/12/2023 09:00:00 - 10/12/2023 10:00:00","BZN|DK1","827.25","952.83","1029.83","1256.50"
"10/12/2023 10:00:00 - 10/12/2023 11:00:00","BZN|DK1","806.88","903.04","1034.33","1118.07"
"10/12/2023 11:00:00 - 10/12/2023 12:00:00","BZN|DK1","777.79","842.17","849.13","964.61"
"10/12/2023 12:00:00 - 10/12/2023 13:00:00","BZN|DK1","729.00","781.88","783.71","1051.35"
"10/12/2023 13:00:00 - 10/12/2023 14:00:00","BZN|DK1","701.88","762.42","874.58","1158.18"
"10/12/2023 14:00:00 - 10/12/2023 15:00:00","BZN|DK1","678.38","776.63","971.83","1179.21"
"10/12/2023 15:00:00 - 10/12/2023 16:00:00","BZN|DK1","660.42","776.33","967.21","1221.05"
"10/12/2023 16:00:00 - 10/12/2023 17:00:00","BZN|DK1","646.75","766.96","892.29","1218.11"
"10/12/2023 17:00:00 - 10/12/2023 18:00:00","BZN|DK1","645.17","760.83","841.08","1119.54"
"10/12/2023 18:00:00 - 10/12/2023 19:00:00","BZN|DK1","636.54","729.79","815.75","817.14"
"10/12/2023 19:00:00 - 10/12/2023 20:00:00","BZN|DK1","624.88","659.75","563.29","688.35"
"10/12/2023 20:00:00 - 10/12/2023 21:00:00","BZN|DK1","602.21","562.83","457.46","596.77"
"10/12/2023 21:00:00 - 10/12/2023 22:00:00","BZN|DK1","607.21","491.25","417.63","556.51"
"10/12/2023 22:00:00 - 10/12/2023 23:00:00","BZN|DK1","662.50","451.63","404.46","570.72"
"10/12/2023 23:00:00 - 11/12/2023 00:00:00","BZN|DK1","680.54","455.96","530.67","704.91"
"11/12/2023 00:00:00 - 11/12/2023 01:00:00","BZN|DK1","477.50","596.00","596.00","631.84"
"11/12/2023 01:00:00 - 11/12/2023 02:00:00","BZN|DK1","436.83","468.50","468.50","496.22"
"11/12/2023 02:00:00 - 11/12/2023 03:00:00","BZN|DK1","412.58","411.58","411.58","487.05"
"11/12/2023 03:00:00 - 11/12/2023 04:00:00","BZN|DK1","365.38","452.79","452.79","490.06"
"11/12/2023 04:00:00 - 11/12/2023 05:00:00","BZN|DK1","343.71","449.29","449.29","478.35"
"11/12/2023 05:00:00 - 11/12/2023 06:00:00","BZN|DK1","340.75","435.88","435.88","458.83"
"11/12/2023 06:00:00 - 11/12/2023 07:00:00","BZN|DK1","349.42","418.92","418.92","444.85"
"11/12/2023 07:00:00 - 11/12/2023 08:00:00","BZN|DK1","368.29","439.29","439.29","512.82"
"11/12/2023 08:00:00 - 11/12/2023 09:00:00","BZN|DK1","410.17","483.08","487.96","537.62"
"11/12/2023 09:00:00 - 11/12/2023 10:00:00","BZN|DK1","463.71","479.13","493.46","520.14"
"11/12/2023 10:00:00 - 11/12/2023 11:00:00","BZN|DK1","503.83","487.13","480.38","528.86"
"11/12/2023 11:00:00 - 11/12/2023 12:00:00","BZN|DK1","527.67","500.58","498.54","485.78"
"11/12/2023 12:00:00 - 11/12/2023 13:00:00","BZN|DK1","549.17","528.58","447.88","428.31"
"11/12/2023 13:00:00 - 11/12/2023 14:00:00","BZN|DK1","586.50","559.83","420.83","487.46"
"11/12/2023 14:00:00 - 11/12/2023 15:00:00","BZN|DK1","628.96","580.63","466.33","526.63"
"11/12/2023 15:00:00 - 11/12/2023 16:00:00","BZN|DK1","655.29","588.88","499.79","595.15"
"11/12/2023 16:00:00 - 11/12/2023 17:00:00","BZN|DK1","653.71","578.79","567.63","685.32"
"11/12/2023 17:00:00 - 11/12/2023 18:00:00","BZN|DK1","631.46","553.92","588.50","617.24"
"11/12/2023 18:00:00 - 11/12/2023 19:00:00","BZN|DK1","601.29","532.63","466.38","501.44"
"11/12/2023 19:00:00 - 11/12/2023 20:00:00","BZN|DK1","563.13","520.63","427.29","430.54"
"11/12/2023 20:00:00 - 11/12/2023 21:00:00","BZN|DK1","512.92","506.29","351.33","353.06"
"11/12/2023 21:00:00 - 11/12/2023 22:00:00","BZN|DK1","468.00","482.83","342.33","368.36"
"11/12/2023 22:00:00 - 11/12/2023 23:00:00","BZN|DK1","434.50","440.17","350.13","373.78"
"11/12/2023 23:00:00 - 12/12/2023 00:00:00","BZN|DK1","406.67","416.88","320.46","310.95"
"12/12/2023 00:00:00 - 12/12/2023 01:00:00","BZN|DK1","333.17","218.58","218.58","223.77"
"12/12/2023 01:00:00 - 12/12/2023 02:00:00","BZN|DK1","334.58","217.00","217.00","234.70"
"12/12/2023 02:00:00 - 12/12/2023 03:00:00","BZN|DK1","351.75","269.88","269.88","368.32"
"12/12/2023 03:00:00 - 12/12/2023 04:00:00","BZN|DK1","365.75","410.29","410.29","405.88"
"12/12/2023 04:00:00 - 12/12/2023 05:00:00","BZN|DK1","386.42","392.04","392.04","346.14"
"12/12/2023 05:00:00 - 12/12/2023 06:00:00","BZN|DK1","419.29","345.71","345.71","330.06"
"12/12/2023 06:00:00 - 12/12/2023 07:00:00","BZN|DK1","446.67","293.54","293.54","306.02"
"12/12/2023 07:00:00 - 12/12/2023 08:00:00","BZN|DK1","463.13","318.46","318.46","335.73"
"12/12/2023 08:00:00 - 12/12/2023 09:00:00","BZN|DK1","485.13","328.00","325.04","366.59"
"12/12/2023 09:00:00 - 12/12/2023 10:00:00","BZN|DK1","502.71","385.29","354.92","392.92"
"12/12/2023 10:00:00 - 12/12/2023 11:00:00","BZN|DK1","520.13","417.63","359.33","408.32"
"12/12/2023 11:00:00 - 12/12/2023 12:00:00","BZN|DK1","529.46","436.67","389.38","412.09"
"12/12/2023 12:00:00 - 12/12/2023 13:00:00","BZN|DK1","536.88","450.25","414.33","432.27"
"12/12/2023 13:00:00 - 12/12/2023 14:00:00","BZN|DK1","573.17","487.75","401.25","377.34"
"12/12/2023 14:00:00 - 12/12/2023 15:00:00","BZN|DK1","625.54","546.71","422.38","465.26"
"12/12/2023 15:00:00 - 12/12/2023 16:00:00","BZN|DK1","667.88","600.63","543.33","718.84"
"12/12/2023 16:00:00 - 12/12/2023 17:00:00","BZN|DK1","707.58","644.25","713.83","858.13"
"12/12/2023 17:00:00 - 12/12/2023 18:00:00","BZN|DK1","751.92","701.04","765.96","940.90"
"12/12/2023 18:00:00 - 12/12/2023 19:00:00","BZN|DK1","782.25","770.13","805.92","1015.45"
"12/12/2023 19:00:00 - 12/12/2023 20:00:00","BZN|DK1","794.33","818.46","865.08","1077.54"
"12/12/2023 20:00:00 - 12/12/2023 21:00:00","BZN|DK1","796.17","833.83","888.29","1081.51"
"12/12/2023 21:00:00 - 12/12/2023 22:00:00","BZN|DK1","797.88","833.33","902.38","1153.94"
"12/12/2023 22:00:00 - 12/12/2023 23:00:00","BZN|DK1","805.96","832.75","945.54","1139.36"
"12/12/2023 23:00:00 - 13/12/2023 00:00:00","BZN|DK1","812.54","841.67","933.79","1132.85"
"13/12/2023 00:00:00 - 13/12/2023 01:00:00","BZN|DK1","877.38","916.08","916.08","1077.63"
"13/12/2023 01:00:00 - 13/12/2023 02:00:00","BZN|DK1","890.25","874.71","874.71","1080.07"
"13/12/2023 02:00:00 - 13/12/2023 03:00:00","BZN|DK1","900.38","896.00","896.00","1139.34"
"13/12/2023 03:00:00 - 13/12/2023 04:00:00","BZN|DK1","905.29","946.88","946.88","1196.27"
"13/12/2023 04:00:00 - 13/12/2023 05:00:00","BZN|DK1","898.54","1020.71","1020.71","1262.48"
"13/12/2023 05:00:00 - 13/12/2023 06:00:00","BZN|DK1","881.50","1042.46","1042.46","1197.23"
"13/12/2023 06:00:00 - 13/12/2023 07:00:00","BZN|DK1","871.33","767.79","767.79","867.95"
"13/12/2023 07:00:00 - 13/12/2023 08:00:00","BZN|DK1","869.04","677.38","677.38","883.16"
"13/12/2023 08:00:00 - 13/12/2023 09:00:00","BZN|DK1","870.33","666.33","668.46","874.60"
"13/12/2023 09:00:00 - 13/12/2023 10:00:00","BZN|DK1","871.96","665.38","648.58","855.30"
"13/12/2023 10:00:00 - 13/12/2023 11:00:00","BZN|DK1","869.92","650.71","677.54","859.33"
"13/12/2023 11:00:00 - 13/12/2023 12:00:00","BZN|DK1","855.58","643.04","667.58","871.16"
"13/12/2023 12:00:00 - 13/12/2023 13:00:00","BZN|DK1","836.79","640.08","665.29","872.45"
"13/12/2023 13:00:00 - 13/12/2023 14:00:00","BZN|DK1","823.46","647.79","669.92","857.31"
"13/12/2023 14:00:00 - 13/12/2023 15:00:00","BZN|DK1","813.54","651.96","642.29","819.21"
"13/12/2023 15:00:00 - 13/12/2023 16:00:00","BZN|DK1","803.75","647.58","626.00","761.59"
"13/12/2023 16:00:00 - 13/12/2023 17:00:00","BZN|DK1","795.96","637.00","569.50","720.18"
"13/12/2023 17:00:00 - 13/12/2023 18:00:00","BZN|DK1","784.54","622.25","545.83","641.48"
"13/12/2023 18:00:00 - 13/12/2023 19:00:00","BZN|DK1","760.13","667.58","436.50","589.70"
"13/12/2023 19:00:00 - 13/12/2023 20:00:00","BZN|DK1","725.29","738.42","436.92","536.33"
"13/12/2023 20:00:00 - 13/12/2023 21:00:00","BZN|DK1","681.50","729.38","404.33","498.84"
"13/12/2023 21:00:00 - 13/12/2023 22:00:00","BZN|DK1","631.08","677.46","364.04","379.63"
"13/12/2023 22:00:00 - 13/12/2023 23:00:00","BZN|DK1","571.38","622.50","261.08","297.67"
"13/12/2023 23:00:00 - 14/12/2023 00:00:00","BZN|DK1","504.04","559.08","233.08","260.94"
"14/12/2023 00:00:00 - 14/12/2023 01:00:00","BZN|DK1","302.71","194.58","194.58","244.46"
"14/12/2023 01:00:00 - 14/12/2023 02:00:00","BZN|DK1","263.08","191.88","191.88","195.59"
"14/12/2023 02:00:00 - 14/12/2023 03:00:00","BZN|DK1","226.17","134.42","134.42","146.17"
"14/12/2023 03:00:00 - 14/12/2023 04:00:00","BZN|DK1","187.63","110.33","110.33","109.35"
"14/12/2023 04:00:00 - 14/12/2023 05:00:00","BZN|DK1","144.50","75.63","75.63","74.83"
"14/12/2023 05:00:00 - 14/12/2023 06:00:00","BZN|DK1","119.25","49.13","49.13","46.12"
"14/12/2023 06:00:00 - 14/12/2023 07:00:00","BZN|DK1","90.13","16.58","16.58","11.19"
"14/12/2023 07:00:00 - 14/12/2023 08:00:00","BZN|DK1","56.67","0.00","0.00","10.24"
"14/12/2023 08:00:00 - 14/12/2023 09:00:00","BZN|DK1","52.83","0.00","0.00","9.84"
"14/12/2023 09:00:00 - 14/12/2023 10:00:00","BZN|DK1","66.67","0.00","0.04","9.63"
"14/12/2023 10:00:00 - 14/12/2023 11:00:00","BZN|DK1","83.29","1.54","7.50","9.53"
"14/12/2023 11:00:00 - 14/12/2023 12:00:00","BZN|DK1","115.21","17.67","27.33","10.37"
"14/12/2023 12:00:00 - 14/12/2023 13:00:00","BZN|DK1","164.17","53.38","25.96","16.33"
"14/12/2023 13:00:00 - 14/12/2023 14:00:00","BZN|DK1","210.46","89.83","34.92","35.82"
"14/12/2023 14:00:00 - 14/12/2023 15:00:00","BZN|DK1","249.25","106.17","71.13","69.39"
"14/12/2023 15:00:00 - 14/12/2023 16:00:00","BZN|DK1","272.17","113.08","98.08","88.53"
"14/12/2023 16:00:00 - 14/12/2023 17:00:00","BZN|DK1","272.00","147.58","104.00","130.84"
"14/12/2023 17:00:00 - 14/12/2023 18:00:00","BZN|DK1","289.50","220.79","161.96","174.40"
"14/12/2023 18:00:00 - 14/12/2023 19:00:00","BZN|DK1","337.92","294.25","221.33","369.41"
"14/12/2023 19:00:00 - 14/12/2023 20:00:00","BZN|DK1","374.04","336.25","309.13","357.35"
"14/12/2023 20:00:00 - 14/12/2023 21:00:00","BZN|DK1","380.88","338.33","248.50","281.97"
"14/12/2023 21:00:00 - 14/12/2023 22:00:00","BZN|DK1","384.17","336.33","176.96","263.83"
"14/12/2023 22:00:00 - 14/12/2023 23:00:00","BZN|DK1","405.83","354.63","153.75","171.28"
"14/12/2023 23:00:00 - 15/12/2023 00:00:00","BZN|DK1","462.17","361.71","108.08","155.82"
"15/12/2023 00:00:00 - 15/12/2023 01:00:00","BZN|DK1","172.38","131.17","131.17","177.09"
"15/12/2023 01:00:00 - 15/12/2023 02:00:00","BZN|DK1","201.54","163.21","163.21","222.81"
"15/12/2023 02:00:00 - 15/12/2023 03:00:00","BZN|DK1","238.75","193.29","193.29","234.41"
"15/12/2023 03:00:00 - 15/12/2023 04:00:00","BZN|DK1","274.83","210.46","210.46","238.19"
"15/12/2023 04:00:00 - 15/12/2023 05:00:00","BZN|DK1","334.04","202.67","202.67","257.30"
"15/12/2023 05:00:00 - 15/12/2023 06:00:00","BZN|DK1","418.79","217.92","217.92","273.44"
"15/12/2023 06:00:00 - 15/12/2023 07:00:00","BZN|DK1","491.17","249.46","249.46","326.57"
"15/12/2023 07:00:00 - 15/12/2023 08:00:00","BZN|DK1","532.04","275.83","275.83","323.30"
"15/12/2023 08:00:00 - 15/12/2023 09:00:00","BZN|DK1","548.71","280.50","266.00","448.90"
"15/12/2023 09:00:00 - 15/12/2023 10:00:00","BZN|DK1","558.21","366.33","394.17","510.02"
"15/12/2023 10:00:00 - 15/12/2023 11:00:00","BZN|DK1","583.38","436.42","407.58","580.17"
"15/12/2023 11:00:00 - 15/12/2023 12:00:00","BZN|DK1","614.92","499.25","444.42","616.24"
"15/12/2023 12:00:00 - 15/12/2023 13:00:00","BZN|DK1","638.71","551.58","535.83","652.25"
"15/12/2023 13:00:00 - 15/12/2023 14:00:00","BZN|DK1","669.00","585.21","549.67","742.74"
"15/12/2023 14:00:00 - 15/12/2023 15:00:00","BZN|DK1","688.75","623.29","603.33","690.88"
"15/12/2023 15:00:00 - 15/12/2023 16:00:00","BZN|DK1","700.29","642.63","546.33","645.58"
"15/12/2023 16:00:00 - 15/12/2023 17:00:00","BZN|DK1","702.75","663.71","516.29","631.45"
"15/12/2023 17:00:00 - 15/12/2023 18:00:00","BZN|DK1","694.08","706.00","528.92","534.67"
"15/12/2023 18:00:00 - 15/12/2023 19:00:00","BZN|DK1","676.67","732.42","407.38","558.70"
"15/12/2023 19:00:00 - 15/12/2023 20:00:00","BZN|DK1","672.92","732.00","480.83","609.97"
"15/12/2023 20:00:00 - 15/12/2023 21:00:00","BZN|DK1","702.46","727.04","472.88","649.74"
"15/12/2023 21:00:00 - 15/12/2023 22:00:00","BZN|DK1","734.17","750.13","616.04","753.09"
"15/12/2023 22:00:00 - 15/12/2023 23:00:00","BZN|DK1","755.54","796.83","633.13","739.99"
"15/12/2023 23:00:00 - 16/12/2023 00:00:00","BZN|DK1","789.71","831.08","625.88","718.35"
"16/12/2023 00:00:00 - 16/12/2023 01:00:00","BZN|DK1","772.75","582.54","582.54","748.85"
"16/12/2023 01:00:00 - 16/12/2023 02:00:00","BZN|DK1","808.25","651.04","651.04","760.23"
"16/12/2023 02:00:00 - 16/12/2023 03:00:00","BZN|DK1","851.21","632.42","632.42","788.39"
"16/12/2023 03:00:00 - 16/12/2023 04:00:00","BZN|DK1","878.13","683.25","683.25","830.67"
"16/12/2023 04:00:00 - 16/12/2023 05:00:00","BZN|DK1","891.21","700.29","700.29","817.54"
"16/12/2023 05:00:00 - 16/12/2023 06:00:00","BZN|DK1","903.75","664.54","664.54","844.68"
"16/12/2023 06:00:00 - 16/12/2023 07:00:00","BZN|DK1","909.67","713.63","713.63","890.61"
"16/12/2023 07:00:00 - 16/12/2023 08:00:00","BZN|DK1","909.17","707.58","707.58","848.76"
"16/12/2023 08:00:00 - 16/12/2023 09:00:00","BZN|DK1","902.58","696.00","698.88","866.49"
"16/12/2023 09:00:00 - 16/12/2023 10:00:00","BZN|DK1","900.54","742.17","693.92","879.91"
"16/12/2023 10:00:00 - 16/12/2023 11:00:00","BZN|DK1","909.29","787.13","709.21","876.31"
"16/12/2023 11:00:00 - 16/12/2023 12:00:00","BZN|DK1","914.00","836.71","682.29","893.37"
"16/12/2023 12:00:00 - 16/12/2023 13:00:00","BZN|DK1","917.83","864.79","740.38","915.39"
"16/12/2023 13:00:00 - 16/12/2023 14:00:00","BZN|DK1","925.75","877.75","740.04","914.93"
"16/12/2023 14:00:00 - 16/12/2023 15:00:00","BZN|DK1","936.38","893.58","754.79","922.67"
"16/12/2023 15:00:00 - 16/12/2023 16:00:00","BZN|DK1","948.00","918.08","746.29","913.57"
"16/12/2023 16:00:00 - 16/12/2023 17:00:00","BZN|DK1","958.13","940.63","752.00","927.29"
"16/12/2023 17:00:00 - 16/12/2023 18:00:00","BZN|DK1","968.58","963.17","770.63","938.08"
"16/12/2023 18:00:00 - 16/12/2023 19:00:00","BZN|DK1","975.58","980.63","766.46","937.07"
"16/12/2023 19:00:00 - 16/12/2023 20:00:00","BZN|DK1","974.42","982.42","755.00","937.95"
"16/12/2023 20:00:00 - 16/12/2023 21:00:00","BZN|DK1","966.54","979.79","758.13","938.74"
"16/12/2023 21:00:00 - 16/12/2023 22:00:00","BZN|DK1","961.08","975.96","753.04","937.65"
"16/12/2023 22:00:00 - 16/12/2023 23:00:00","BZN|DK1","955.08","967.46","748.83","908.18"
"16/12/2023 23:00:00 - 17/12/2023 00:00:00","BZN|DK1","949.46","958.38","751.38","922.92"
"17/12/2023 00:00:00 - 17/12/2023 01:00:00","BZN|DK1","909.42","746.38","746.38","919.26"
"17/12/2023 01:00:00 - 17/12/2023 02:00:00","BZN|DK1","918.54","747.71","747.71","912.59"
"17/12/2023 02:00:00 - 17/12/2023 03:00:00","BZN|DK1","925.88","735.58","735.58","824.16"
"17/12/2023 03:00:00 - 17/12/2023 04:00:00","BZN|DK1","934.50","676.50","676.50","858.09"
"17/12/2023 04:00:00 - 17/12/2023 05:00:00","BZN|DK1","941.75","688.88","688.88","901.77"
"17/12/2023 05:00:00 - 17/12/2023 06:00:00","BZN|DK1","946.96","759.46","759.46","897.75"
"17/12/2023 06:00:00 - 17/12/2023 07:00:00","BZN|DK1","949.88","695.38","695.38","891.16"
"17/12/2023 07:00:00 - 17/12/2023 08:00:00","BZN|DK1","952.25","736.00","736.00","916.49"
"17/12/2023 08:00:00 - 17/12/2023 09:00:00","BZN|DK1","954.42","763.00","758.00","916.15"
"17/12/2023 09:00:00 - 17/12/2023 10:00:00","BZN|DK1","957.00","812.21","755.71","917.48"
"17/12/2023 10:00:00 - 17/12/2023 11:00:00","BZN|DK1","962.42","859.29","751.63","922.64"
"17/12/2023 11:00:00 - 17/12/2023 12:00:00","BZN|DK1","964.00","901.83","754.00","929.88"
"17/12/2023 12:00:00 - 17/12/2023 13:00:00","BZN|DK1","963.29","919.58","747.83","933.39"
"17/12/2023 13:00:00 - 17/12/2023 14:00:00","BZN|DK1","962.17","929.83","759.67","932.47"
"17/12/2023 14:00:00 - 17/12/2023 15:00:00","BZN|DK1","961.75","945.25","753.33","939.26"
"17/12/2023 15:00:00 - 17/12/2023 16:00:00","BZN|DK1","961.42","953.46","753.50","946.86"
"17/12/2023 16:00:00 - 17/12/2023 17:00:00","BZN|DK1","958.00","956.96","751.46","943.76"
"17/12/2023 17:00:00 - 17/12/2023 18:00:00","BZN|DK1","957.00","957.96","752.50","943.15"
"17/12/2023 18:00:00 - 17/12/2023 19:00:00","BZN|DK1","956.79","956.46","753.00","941.27"
"17/12/2023 19:00:00 - 17/12/2023 20:00:00","BZN|DK1","955.46","955.00","753.75","944.98"
"17/12/2023 20:00:00 - 17/12/2023 21:00:00","BZN|DK1","955.00","954.88","759.38","944.47"
"17/12/2023 21:00:00 - 17/12/2023 22:00:00","BZN|DK1","954.21","955.71","754.54","945.47"
"17/12/2023 22:00:00 - 17/12/2023 23:00:00","BZN|DK1","955.17","956.38","753.71","943.24"
"17/12/2023 23:00:00 - 18/12/2023 00:00:00","BZN|DK1","957.17","953.83","750.83","905.43"
"18/12/2023 00:00:00 - 18/12/2023 01:00:00","BZN|DK1","923.88","690.46","690.46","936.55"
"18/12/2023 01:00:00 - 18/12/2023 02:00:00","BZN|DK1","929.29","743.38","743.38","936.52"
"18/12/2023 02:00:00 - 18/12/2023 03:00:00","BZN|DK1","929.29","748.38","748.38","933.42"
"18/12/2023 03:00:00 - 18/12/2023 04:00:00","BZN|DK1","931.17","744.54","744.54","924.29"
"18/12/2023 04:00:00 - 18/12/2023 05:00:00","BZN|DK1","931.00","734.96","734.96","924.64"
"18/12/2023 05:00:00 - 18/12/2023 06:00:00","BZN|DK1","922.25","737.92","737.92","889.36"
"18/12/2023 06:00:00 - 18/12/2023 07:00:00","BZN|DK1","892.75","715.71","715.71","876.88"
"18/12/2023 07:00:00 - 18/12/2023 08:00:00","BZN|DK1","850.33","661.29","661.29","876.41"
"18/12/2023 08:00:00 - 18/12/2023 09:00:00","BZN|DK1","810.58","681.50","679.17","823.62"
"18/12/2023 09:00:00 - 18/12/2023 10:00:00","BZN|DK1","775.13","667.25","631.38","830.44"
"18/12/2023 10:00:00 - 18/12/2023 11:00:00","BZN|DK1","762.75","687.04","695.83","836.76"
"18/12/2023 11:00:00 - 18/12/2023 12:00:00","BZN|DK1","793.58","732.54","659.17","800.08"
"18/12/2023 12:00:00 - 18/12/2023 13:00:00","BZN|DK1","834.29","770.42","633.25","841.65"
"18/12/2023 13:00:00 - 18/12/2023 14:00:00","BZN|DK1","854.08","788.38","705.54","835.72"
"18/12/2023 14:00:00 - 18/12/2023 15:00:00","BZN|DK1","867.25","802.25","665.50","818.90"
"18/12/2023 15:00:00 - 18/12/2023 16:00:00","BZN|DK1","882.79","828.75","679.13","852.45"
"18/12/2023 16:00:00 - 18/12/2023 17:00:00","BZN|DK1","898.83","863.33","710.92","880.77"
"18/12/2023 17:00:00 - 18/12/2023 18:00:00","BZN|DK1","917.92","901.08","746.88","923.91"
"18/12/2023 18:00:00 - 18/12/2023 19:00:00","BZN|DK1","934.71","931.17","753.33","908.09"
"18/12/2023 19:00:00 - 18/12/2023 20:00:00","BZN|DK1","945.54","948.13","739.67","939.65"
"18/12/2023 20:00:00 - 18/12/2023 21:00:00","BZN|DK1","956.00","959.04","762.25","940.07"
"18/12/2023 21:00:00 - 18/12/2023 22:00:00","BZN|DK1","964.58","968.79","764.63","946.10"
"18/12/2023 22:00:00 - 18/12/2023 23:00:00","BZN|DK1","964.13","975.75","758.42","947.37"
"18/12/2023 23:00:00 - 19/12/2023 00:00:00","BZN|DK1","959.00","976.04","765.42","947.36"
"19/12/2023 00:00:00 - 19/12/2023 01:00:00","BZN|DK1","946.63","736.71","736.71","882.26"
"19/12/2023 01:00:00 - 19/12/2023 02:00:00","BZN|DK1","945.00","639.46","639.46","814.30"
"19/12/2023 02:00:00 - 19/12/2023 03:00:00","BZN|DK1","944.33","631.83","631.83","799.02"
"19/12/2023 03:00:00 - 19/12/2023 04:00:00","BZN|DK1","945.75","629.50","629.50","810.82"
"19/12/2023 04:00:00 - 19/12/2023 05:00:00","BZN|DK1","901.88","627.88","627.88","741.31"
"19/12/2023 05:00:00 - 19/12/2023 06:00:00","BZN|DK1","761.21","519.79","519.79","718.94"
"19/12/2023 06:00:00 - 19/12/2023 07:00:00","BZN|DK1","615.79","522.08","522.08","641.27"
"19/12/2023 07:00:00 - 19/12/2023 08:00:00","BZN|DK1","533.58","418.33","418.33","545.74"
"19/12/2023 08:00:00 - 19/12/2023 09:00:00","BZN|DK1","481.00","370.21","384.21","580.04"
"19/12/2023 09:00:00 - 19/12/2023 10:00:00","BZN|DK1","453.79","318.38","403.29","572.59"
"19/12/2023 10:00:00 - 19/12/2023 11:00:00","BZN|DK1","451.54","300.17","449.83","553.99"
"19/12/2023 11:00:00 - 19/12/2023 12:00:00","BZN|DK1","466.75","325.75","451.75","396.98"
"19/12/2023 12:00:00 - 19/12/2023 13:00:00","BZN|DK1","485.71","375.79","285.58","389.05"
"19/12/2023 13:00:00 - 19/12/2023 14:00:00","BZN|DK1","520.21","458.92","307.92","399.42"
"19/12/2023 14:00:00 - 19/12/2023 15:00:00","BZN|DK1","584.38","560.29","362.25","496.05"
"19/12/2023 15:00:00 - 19/12/2023 16:00:00","BZN|DK1","638.71","647.17","467.04","602.37"
"19/12/2023 16:00:00 - 19/12/2023 17:00:00","BZN|DK1","687.00","711.88","481.25","550.49"
"19/12/2023 17:00:00 - 19/12/2023 18:00:00","BZN|DK1","749.63","752.21","412.88","616.54"
"19/12/2023 18:00:00 - 19/12/2023 19:00:00","BZN|DK1","822.71","801.13","490.71","609.60"
"19/12/2023 19:00:00 - 19/12/2023 20:00:00","BZN|DK1","863.79","852.38","491.13","680.93"
"19/12/2023 20:00:00 - 19/12/2023 21:00:00","BZN|DK1","874.63","875.46","608.29","759.98"
"19/12/2023 21:00:00 - 19/12/2023 22:00:00","BZN|DK1","879.50","888.96","631.13","803.48"
"19/12/2023 22:00:00 - 19/12/2023 23:00:00","BZN|DK1","890.08","898.13","644.71","871.21"
"19/12/2023 23:00:00 - 20/12/2023 00:00:00","BZN|DK1","904.29","907.38","709.00","885.36"
"20/12/2023 00:00:00 - 20/12/2023 01:00:00","BZN|DK1","849.04","718.96","718.96","871.22"
"20/12/2023 01:00:00 - 20/12/2023 02:00:00","BZN|DK1","879.33","721.25","721.25","882.00"
"20/12/2023 02:00:00 - 20/12/2023 03:00:00","BZN|DK1","907.63","707.25","707.25","913.01"
"20/12/2023 03:00:00 - 20/12/2023 04:00:00","BZN|DK1","935.21","739.08","739.08","906.70"
"20/12/2023 04:00:00 - 20/12/2023 05:00:00","BZN|DK1","944.63","733.29","733.29","908.63"
"20/12/2023 05:00:00 - 20/12/2023 06:00:00","BZN|DK1","923.63","736.50","736.50","915.64"
"20/12/2023 06:00:00 - 20/12/2023 07:00:00","BZN|DK1","916.08","744.38","744.38","919.32"
"20/12/2023 07:00:00 - 20/12/2023 08:00:00","BZN|DK1","923.88","719.42","719.42","827.08"
"20/12/2023 08:00:00 - 20/12/2023 09:00:00","BZN|DK1","918.67","695.67","703.33","886.73"
"20/12/2023 09:00:00 - 20/12/2023 10:00:00","BZN|DK1","917.33","728.38","701.33","864.85"
"20/12/2023 10:00:00 - 20/12/2023 11:00:00","BZN|DK1","928.33","779.63","697.00","869.12"
"20/12/2023 11:00:00 - 20/12/2023 12:00:00","BZN|DK1","945.58","844.79","700.38","878.73"
"20/12/2023 12:00:00 - 20/12/2023 13:00:00","BZN|DK1","974.08","901.46","743.42","918.34"
"20/12/2023 13:00:00 - 20/12/2023 14:00:00","BZN|DK1","987.79","926.29","740.88","934.16"
"20/12/2023 14:00:00 - 20/12/2023 15:00:00","BZN|DK1","994.54","948.17","766.67","936.66"
"20/12/2023 15:00:00 - 20/12/2023 16:00:00","BZN|DK1","1000.08","974.00","726.58","935.13"
"20/12/2023 16:00:00 - 20/12/2023 17:00:00","BZN|DK1","985.25","987.71","703.50","838.53"
"20/12/2023 17:00:00 - 20/12/2023 18:00:00","BZN|DK1","976.33","991.67","616.54","771.88"
"20/12/2023 18:00:00 - 20/12/2023 19:00:00","BZN|DK1","969.92","989.17","558.50","792.94"
"20/12/2023 19:00:00 - 20/12/2023 20:00:00","BZN|DK1","945.17","972.88","665.29","733.72"
"20/12/2023 20:00:00 - 20/12/2023 21:00:00","BZN|DK1","920.79","923.67","502.67","634.33"
"20/12/2023 21:00:00 - 20/12/2023 22:00:00","BZN|DK1","852.88","848.75","456.54","588.27"
"20/12/2023 22:00:00 - 20/12/2023 23:00:00","BZN|DK1","790.83","806.58","446.21","532.87"
"20/12/2023 23:00:00 - 21/12/2023 00:00:00","BZN|DK1","736.92","768.33","432.33","542.38"
"21/12/2023 00:00:00 - 21/12/2023 01:00:00","BZN|DK1","356.17","425.67","425.67","533.94"
"21/12/2023 01:00:00 - 21/12/2023 02:00:00","BZN|DK1","353.96","505.63","505.63","574.88"
"21/12/2023 02:00:00 - 21/12/2023 03:00:00","BZN|DK1","391.00","547.04","547.04","555.85"
"21/12/2023 03:00:00 - 21/12/2023 04:00:00","BZN|DK1","444.71","419.67","419.67","586.40"
"21/12/2023 04:00:00 - 21/12/2023 05:00:00","BZN|DK1","472.08","424.67","424.67","637.78"
"21/12/2023 05:00:00 - 21/12/2023 06:00:00","BZN|DK1","509.79","520.75","520.75","787.88"
"21/12/2023 06:00:00 - 21/12/2023 07:00:00","BZN|DK1","553.04","615.21","615.21","905.50"
"21/12/2023 07:00:00 - 21/12/2023 08:00:00","BZN|DK1","579.92","731.08","731.08","932.21"
"21/12/2023 08:00:00 - 21/12/2023 09:00:00","BZN|DK1","581.92","714.54","712.92","922.37"
"21/12/2023 09:00:00 - 21/12/2023 10:00:00","BZN|DK1","549.50","675.46","699.92","917.25"
"21/12/2023 10:00:00 - 21/12/2023 11:00:00","BZN|DK1","530.13","629.04","702.17","810.32"
"21/12/2023 11:00:00 - 21/12/2023 12:00:00","BZN|DK1","562.75","594.17","629.29","836.67"
"21/12/2023 12:00:00 - 21/12/2023 13:00:00","BZN|DK1","591.83","603.54","689.08","875.13"
"21/12/2023 13:00:00 - 21/12/2023 14:00:00","BZN|DK1","590.08","602.38","699.92","802.47"
"21/12/2023 14:00:00 - 21/12/2023 15:00:00","BZN|DK1","578.46","589.33","623.04","656.25"
"21/12/2023 15:00:00 - 21/12/2023 16:00:00","BZN|DK1","554.96","576.83","600.50","597.15"
"21/12/2023 16:00:00 - 21/12/2023 17:00:00","BZN|DK1","529.33","561.29","515.67","552.56"
"21/12/2023 17:00:00 - 21/12/2023 18:00:00","BZN|DK1","521.83","534.08","478.79","496.91"
"21/12/2023 18:00:00 - 21/12/2023 19:00:00","BZN|DK1","516.33","488.38","427.79","415.96"
"21/12/2023 19:00:00 - 21/12/2023 20:00:00","BZN|DK1","488.75","453.29","391.71","400.94"
"21/12/2023 20:00:00 - 21/12/2023 21:00:00","BZN|DK1","464.04","457.08","394.54","420.06"
"21/12/2023 21:00:00 - 21/12/2023 22:00:00","BZN|DK1","457.75","470.88","402.79","413.58"
"21/12/2023 22:00:00 - 21/12/2023 23:00:00","BZN|DK1","460.25","474.08","390.25","400.92"
"21/12/2023 23:00:00 - 22/12/2023 00:00:00","BZN|DK1","473.08","475.17","407.38","454.86"
"22/12/2023 00:00:00 - 22/12/2023 01:00:00","BZN|DK1","488.92","406.63","406.63","478.80"
"22/12/2023 01:00:00 - 22/12/2023 02:00:00","BZN|DK1","495.75","352.79","352.79","221.20"
"22/12/2023 02:00:00 - 22/12/2023 03:00:00","BZN|DK1","499.04","219.63","219.63","207.30"
"22/12/2023 03:00:00 - 22/12/2023 04:00:00","BZN|DK1","504.92","191.21","191.21","184.50"
"22/12/2023 04:00:00 - 22/12/2023 05:00:00","BZN|DK1","514.79","162.92","162.92","142.76"
"22/12/2023 05:00:00 - 22/12/2023 06:00:00","BZN|DK1","536.71","137.25","137.25","220.51"
"22/12/2023 06:00:00 - 22/12/2023 07:00:00","BZN|DK1","567.25","291.21","291.21","627.80"
"22/12/2023 07:00:00 - 22/12/2023 08:00:00","BZN|DK1","588.38","536.71","536.71","811.48"
"22/12/2023 08:00:00 - 22/12/2023 09:00:00","BZN|DK1","599.50","688.08","688.29","850.04"
"22/12/2023 09:00:00 - 22/12/2023 10:00:00","BZN|DK1","605.83","684.71","685.04","843.19"
"22/12/2023 10:00:00 - 22/12/2023 11:00:00","BZN|DK1","612.83","672.54","685.75","771.51"
"22/12/2023 11:00:00 - 22/12/2023 12:00:00","BZN|DK1","622.08","658.71","603.46","859.31"
"22/12/2023 12:00:00 - 22/12/2023 13:00:00","BZN|DK1","629.25","651.00","672.79","854.12"
"22/12/2023 13:00:00 - 22/12/2023 14:00:00","BZN|DK1","631.63","647.46","654.67","872.11"
"22/12/2023 14:00:00 - 22/12/2023 15:00:00","BZN|DK1","632.38","644.63","698.38","893.83"
"22/12/2023 15:00:00 - 22/12/2023 16:00:00","BZN|DK1","633.00","642.08","667.13","883.14"
"22/12/2023 16:00:00 - 22/12/2023 17:00:00","BZN|DK1","633.88","638.29","692.58","892.34"
"22/12/2023 17:00:00 - 22/12/2023 18:00:00","BZN|DK1","634.00","630.17","686.96","888.75"
"22/12/2023 18:00:00 - 22/12/2023 19:00:00","BZN|DK1","629.00","623.58","699.00","885.58"
"22/12/2023 19:00:00 - 22/12/2023 20:00:00","BZN|DK1","621.63","621.13","702.25","880.71"
"22/12/2023 20:00:00 - 22/12/2023 21:00:00","BZN|DK1","617.33","622.67","694.29","886.46"
"22/12/2023 21:00:00 - 22/12/2023 22:00:00","BZN|DK1","616.25","626.33","697.67","899.61"
"22/12/2023 22:00:00 - 22/12/2023 23:00:00","BZN|DK1","619.29","627.29","705.00","894.99"
"22/12/2023 23:00:00 - 23/12/2023 00:00:00","BZN|DK1","625.21","629.38","701.88","880.98"
"23/12/2023 00:00:00 - 23/12/2023 01:00:00","BZN|DK1","642.63","690.29","690.29","878.24"
"23/12/2023 01:00:00 - 23/12/2023 02:00:00","BZN|DK1","638.83","682.88","682.88","885.84"
"23/12/2023 02:00:00 - 23/12/2023 03:00:00","BZN|DK1","617.38","679.75","679.75","889.52"
"23/12/2023 03:00:00 - 23/12/2023 04:00:00","BZN|DK1","596.50","677.58","677.58","888.97"
"23/12/2023 04:00:00 - 23/12/2023 05:00:00","BZN|DK1","592.38","704.33","704.33","869.69"
"23/12/2023 05:00:00 - 23/12/2023 06:00:00","BZN|DK1","593.08","674.13","674.13","831.64"
"23/12/2023 06:00:00 - 23/12/2023 07:00:00","BZN|DK1","593.17","653.79","653.79","828.72"
"23/12/2023 07:00:00 - 23/12/2023 08:00:00","BZN|DK1","577.25","650.00","650.00","821.50"
"23/12/2023 08:00:00 - 23/12/2023 09:00:00","BZN|DK1","546.33","612.13","602.96","689.71"
"23/12/2023 09:00:00 - 23/12/2023 10:00:00","BZN|DK1","515.96","577.54","471.92","682.52"
"23/12/2023 10:00:00 - 23/12/2023 11:00:00","BZN|DK1","505.42","541.00","506.96","725.01"
"23/12/2023 11:00:00 - 23/12/2023 12:00:00","BZN|DK1","500.92","505.58","564.88","716.94"
"23/12/2023 12:00:00 - 23/12/2023 13:00:00","BZN|DK1","500.88","484.58","478.42","623.23"
"23/12/2023 13:00:00 - 23/12/2023 14:00:00","BZN|DK1","479.08","470.21","429.21","588.22"
"23/12/2023 14:00:00 - 23/12/2023 15:00:00","BZN|DK1","433.88","452.08","407.79","560.61"
"23/12/2023 15:00:00 - 23/12/2023 16:00:00","BZN|DK1","398.75","421.71","371.83","543.96"
"23/12/2023 16:00:00 - 23/12/2023 17:00:00","BZN|DK1","355.50","378.63","328.88","518.14"
"23/12/2023 17:00:00 - 23/12/2023 18:00:00","BZN|DK1","293.38","313.25","279.75","393.22"
"23/12/2023 18:00:00 - 23/12/2023 19:00:00","BZN|DK1","358.88","416.79","445.75","415.39"
"23/12/2023 19:00:00 - 23/12/2023 20:00:00","BZN|DK1","293.79","338.79","285.50","397.71"
"23/12/2023 20:00:00 - 23/12/2023 21:00:00","BZN|DK1","218.00","292.92","270.92","273.08"
"23/12/2023 21:00:00 - 23/12/2023 22:00:00","BZN|DK1","173.33","240.71","110.88","117.69"
"23/12/2023 22:00:00 - 23/12/2023 23:00:00","BZN|DK1","188.92","189.63","25.17","66.60"
"23/12/2023 23:00:00 - 24/12/2023 00:00:00","BZN|DK1","284.92","188.75","61.00","49.47"
"24/12/2023 00:00:00 - 24/12/2023 01:00:00","BZN|DK1","236.08","97.75","171.67","71.51"
"24/12/2023 01:00:00 - 24/12/2023 02:00:00","BZN|DK1","343.63","178.08","288.38","274.04"
"24/12/2023 02:00:00 - 24/12/2023 03:00:00","BZN|DK1","410.63","360.25","392.08","517.26"
"24/12/2023 03:00:00 - 24/12/2023 04:00:00","BZN|DK1","427.71","569.21","456.38","576.90"
"24/12/2023 04:00:00 - 24/12/2023 05:00:00","BZN|DK1","486.96","418.13","484.04","520.45"
"24/12/2023 05:00:00 - 24/12/2023 06:00:00","BZN|DK1","638.13","592.33","552.21","869.02"
"24/12/2023 06:00:00 - 24/12/2023 07:00:00","BZN|DK1","739.83","836.42","665.58","890.87"
"24/12/2023 07:00:00 - 24/12/2023 08:00:00","BZN|DK1","793.83","858.42","765.67","982.15"
"24/12/2023 08:00:00 - 24/12/2023 09:00:00","BZN|DK1","860.04","917.71","856.17","1097.44"
"24/12/2023 09:00:00 - 24/12/2023 10:00:00","BZN|DK1","924.25","973.88","932.96","1200.83"
"24/12/2023 10:00:00 - 24/12/2023 11:00:00","BZN|DK1","951.63","998.75","967.63","1141.56"
"24/12/2023 11:00:00 - 24/12/2023 12:00:00","BZN|DK1","949.08","989.54","965.00","1209.67"
"24/12/2023 12:00:00 - 24/12/2023 13:00:00","BZN|DK1","927.71","972.83","947.88","1241.20"
"24/12/2023 13:00:00 - 24/12/2023 14:00:00","BZN|DK1","918.25","961.00","941.67","1250.65"
"24/12/2023 14:00:00 - 24/12/2023 15:00:00","BZN|DK1","933.63","966.17","955.08","1258.00"
"24/12/2023 15:00:00 - 24/12/2023 16:00:00","BZN|DK1","952.75","988.67","974.75","1229.42"
"24/12/2023 16:00:00 - 24/12/2023 17:00:00","BZN|DK1","965.21","1000.17","992.83","1267.84"
"24/12/2023 17:00:00 - 24/12/2023 18:00:00","BZN|DK1","975.88","990.25","988.67","1292.74"
"24/12/2023 18:00:00 - 24/12/2023 19:00:00","BZN|DK1","981.08","971.33","964.38","1202.23"
"24/12/2023 19:00:00 - 24/12/2023 20:00:00","BZN|DK1","987.58","955.58","952.75","1247.67"
"24/12/2023 20:00:00 - 24/12/2023 21:00:00","BZN|DK1","980.58","948.83","951.75","1244.68"
"24/12/2023 21:00:00 - 24/12/2023 22:00:00","BZN|DK1","967.88","951.17","947.58","844.59"
"24/12/2023 22:00:00 - 24/12/2023 23:00:00","BZN|DK1","957.29","955.29","947.21","808.81"
"24/12/2023 23:00:00 - 25/12/2023 00:00:00","BZN|DK1","963.88","955.21","948.50","840.91"
"25/12/2023 00:00:00 - 25/12/2023 01:00:00","BZN|DK1","972.46","710.42","710.42","847.58"
"25/12/2023 01:00:00 - 25/12/2023 02:00:00","BZN|DK1","976.92","595.63","595.63","307.63"
"25/12/2023 02:00:00 - 25/12/2023 03:00:00","BZN|DK1","1003.00","185.29","185.29","275.18"
"25/12/2023 03:00:00 - 25/12/2023 04:00:00","BZN|DK1","1008.29","175.00","175.00","296.94"
"25/12/2023 04:00:00 - 25/12/2023 05:00:00","BZN|DK1","1005.63","222.96","222.96","265.02"
"25/12/2023 05:00:00 - 25/12/2023 06:00:00","BZN|DK1","1000.63","202.00","202.00","383.71"
"25/12/2023 06:00:00 - 25/12/2023 07:00:00","BZN|DK1","989.13","284.88","284.88","358.05"
"25/12/2023 07:00:00 - 25/12/2023 08:00:00","BZN|DK1","986.54","367.42","367.42","775.84"
"25/12/2023 08:00:00 - 25/12/2023 09:00:00","BZN|DK1","986.00","694.63","673.54","1140.50"
"25/12/2023 09:00:00 - 25/12/2023 10:00:00","BZN|DK1","983.38","756.04","1021.96","1189.09"
"25/12/2023 10:00:00 - 25/12/2023 11:00:00","BZN|DK1","985.04","814.38","1017.46","1141.68"
"25/12/2023 11:00:00 - 25/12/2023 12:00:00","BZN|DK1","993.13","875.83","942.00","1179.36"
"25/12/2023 12:00:00 - 25/12/2023 13:00:00","BZN|DK1","1003.17","914.63","1021.42","1185.88"
"25/12/2023 13:00:00 - 25/12/2023 14:00:00","BZN|DK1","1006.92","938.33","1011.46","1168.76"
"25/12/2023 14:00:00 - 25/12/2023 15:00:00","BZN|DK1","1003.42","958.08","1025.21","1227.44"
"25/12/2023 15:00:00 - 25/12/2023 16:00:00","BZN|DK1","968.79","968.00","1067.17","1272.12"
"25/12/2023 16:00:00 - 25/12/2023 17:00:00","BZN|DK1","889.29","918.96","1025.46","1173.86"
"25/12/2023 17:00:00 - 25/12/2023 18:00:00","BZN|DK1","750.46","808.13","865.58","952.11"
"25/12/2023 18:00:00 - 25/12/2023 19:00:00","BZN|DK1","592.92","669.33","615.13","782.52"
"25/12/2023 19:00:00 - 25/12/2023 20:00:00","BZN|DK1","463.63","547.50","516.13","652.30"
"25/12/2023 20:00:00 - 25/12/2023 21:00:00","BZN|DK1","392.33","485.50","525.79","667.62"
"25/12/2023 21:00:00 - 25/12/2023 22:00:00","BZN|DK1","416.00","468.92","662.83","1041.11"
"25/12/2023 22:00:00 - 25/12/2023 23:00:00","BZN|DK1","401.08","519.00","1085.54","1039.07"
"25/12/2023 23:00:00 - 26/12/2023 00:00:00","BZN|DK1","346.00","633.79","947.75","1128.80"
"26/12/2023 00:00:00 - 26/12/2023 01:00:00","BZN|DK1","756.08","909.75","909.75","903.31"
"26/12/2023 01:00:00 - 26/12/2023 02:00:00","BZN|DK1","783.04","740.08","740.08","837.34"
"26/12/2023 02:00:00 - 26/12/2023 03:00:00","BZN|DK1","773.33","642.00","642.00","833.18"
"26/12/2023 03:00:00 - 26/12/2023 04:00:00","BZN|DK1","737.92","773.71","773.71","873.60"
"26/12/2023 04:00:00 - 26/12/2023 05:00:00","BZN|DK1","730.63","776.04","776.04","931.26"
"26/12/2023 05:00:00 - 26/12/2023 06:00:00","BZN|DK1","724.00","769.71","769.71","844.15"
"26/12/2023 06:00:00 - 26/12/2023 07:00:00","BZN|DK1","684.83","599.50","599.50","569.31"
"26/12/2023 07:00:00 - 26/12/2023 08:00:00","BZN|DK1","678.25","364.96","364.96","290.92"
"26/12/2023 08:00:00 - 26/12/2023 09:00:00","BZN|DK1","706.96","205.13","204.79","284.30"
"26/12/2023 09:00:00 - 26/12/2023 10:00:00","BZN|DK1","716.46","295.63","250.42","381.93"
"26/12/2023 10:00:00 - 26/12/2023 11:00:00","BZN|DK1","730.96","431.46","492.08","764.18"
"26/12/2023 11:00:00 - 26/12/2023 12:00:00","BZN|DK1","743.83","605.71","829.17","1006.28"
"26/12/2023 12:00:00 - 26/12/2023 13:00:00","BZN|DK1","768.25","756.00","1019.92","1193.07"
"26/12/2023 13:00:00 - 26/12/2023 14:00:00","BZN|DK1","815.33","832.21","1035.63","1198.49"
"26/12/2023 14:00:00 - 26/12/2023 15:00:00","BZN|DK1","862.83","867.42","1076.79","1250.09"
"26/12/2023 15:00:00 - 26/12/2023 16:00:00","BZN|DK1","903.17","902.54","1089.29","1255.51"
"26/12/2023 16:00:00 - 26/12/2023 17:00:00","BZN|DK1","940.04","926.88","1095.17","1268.02"
"26/12/2023 17:00:00 - 26/12/2023 18:00:00","BZN|DK1","963.46","951.58","1083.75","1273.19"
"26/12/2023 18:00:00 - 26/12/2023 19:00:00","BZN|DK1","980.46","969.54","1099.33","1274.44"
"26/12/2023 19:00:00 - 26/12/2023 20:00:00","BZN|DK1","985.46","976.96","1095.96","1275.17"
"26/12/2023 20:00:00 - 26/12/2023 21:00:00","BZN|DK1","979.96","979.54","1092.42","1278.83"
"26/12/2023 21:00:00 - 26/12/2023 22:00:00","BZN|DK1","974.71","976.42","1089.00","1267.28"
"26/12/2023 22:00:00 - 26/12/2023 23:00:00","BZN|DK1","969.38","976.58","1073.96","1270.65"
"26/12/2023 23:00:00 - 27/12/2023 00:00:00","BZN|DK1","966.33","979.04","1089.33","1272.87"
"27/12/2023 00:00:00 - 27/12/2023 01:00:00","BZN|DK1","988.83","1063.17","1063.17","1227.72"
"27/12/2023 01:00:00 - 27/12/2023 02:00:00","BZN|DK1","964.29","1012.58","1012.58","1169.12"
"27/12/2023 02:00:00 - 27/12/2023 03:00:00","BZN|DK1","914.79","922.33","922.33","1032.55"
"27/12/2023 03:00:00 - 27/12/2023 04:00:00","BZN|DK1","837.33","827.88","827.88","1009.48"
"27/12/2023 04:00:00 - 27/12/2023 05:00:00","BZN|DK1","740.00","738.04","738.04","907.91"
"27/12/2023 05:00:00 - 27/12/2023 06:00:00","BZN|DK1","636.58","644.79","644.79","826.56"
"27/12/2023 06:00:00 - 27/12/2023 07:00:00","BZN|DK1","530.50","594.25","594.25","685.71"
"27/12/2023 07:00:00 - 27/12/2023 08:00:00","BZN|DK1","406.33","456.50","456.50","526.50"
"27/12/2023 08:00:00 - 27/12/2023 09:00:00","BZN|DK1","263.33","263.83","244.38","240.88"
"27/12/2023 09:00:00 - 27/12/2023 10:00:00","BZN|DK1","165.75","169.13","97.54","107.62"
"27/12/2023 10:00:00 - 27/12/2023 11:00:00","BZN|DK1","106.83","103.67","36.96","64.41"
"27/12/2023 11:00:00 - 27/12/2023 12:00:00","BZN|DK1","118.25","120.88","121.88","78.85"
"27/12/2023 12:00:00 - 27/12/2023 13:00:00","BZN|DK1","252.75","276.29","196.88","146.26"
"27/12/2023 13:00:00 - 27/12/2023 14:00:00","BZN|DK1","410.75","446.38","299.75","332.95"
"27/12/2023 14:00:00 - 27/12/2023 15:00:00","BZN|DK1","563.29","608.96","516.71","600.81"
"27/12/2023 15:00:00 - 27/12/2023 16:00:00","BZN|DK1","685.17","734.71","718.04","861.64"
"27/12/2023 16:00:00 - 27/12/2023 17:00:00","BZN|DK1","763.08","792.17","809.29","978.05"
"27/12/2023 17:00:00 - 27/12/2023 18:00:00","BZN|DK1","807.29","829.96","883.83","1076.63"
"27/12/2023 18:00:00 - 27/12/2023 19:00:00","BZN|DK1","842.67","863.79","984.79","1208.01"
"27/12/2023 19:00:00 - 27/12/2023 20:00:00","BZN|DK1","881.33","901.00","1066.46","1260.09"
"27/12/2023 20:00:00 - 27/12/2023 21:00:00","BZN|DK1","922.92","945.17","1088.33","1280.19"
"27/12/2023 21:00:00 - 27/12/2023 22:00:00","BZN|DK1","960.75","980.21","1102.67","1244.66"
"27/12/2023 22:00:00 - 27/12/2023 23:00:00","BZN|DK1","995.25","1001.33","989.13","1252.26"
"27/12/2023 23:00:00 - 28/12/2023 00:00:00","BZN|DK1","1007.29","1008.54","1097.13","1203.15"
"28/12/2023 00:00:00 - 28/12/2023 01:00:00","BZN|DK1","1011.79","1006.92","1006.92","923.23"
"28/12/2023 01:00:00 - 28/12/2023 02:00:00","BZN|DK1","1007.63","752.33","752.33","845.73"
"28/12/2023 02:00:00 - 28/12/2023 03:00:00","BZN|DK1","1011.83","733.83","733.83","794.64"
"28/12/2023 03:00:00 - 28/12/2023 04:00:00","BZN|DK1","999.38","706.42","706.42","788.26"
"28/12/2023 04:00:00 - 28/12/2023 05:00:00","BZN|DK1","973.42","665.54","665.54","787.86"
"28/12/2023 05:00:00 - 28/12/2023 06:00:00","BZN|DK1","940.96","703.71","703.71","801.55"
"28/12/2023 06:00:00 - 28/12/2023 07:00:00","BZN|DK1","929.58","731.00","731.00","1188.64"
"28/12/2023 07:00:00 - 28/12/2023 08:00:00","BZN|DK1","931.83","1061.96","1061.96","1261.64"
"28/12/2023 08:00:00 - 28/12/2023 09:00:00","BZN|DK1","959.67","1103.21","1106.04","1284.38"
"28/12/2023 09:00:00 - 28/12/2023 10:00:00","BZN|DK1","992.21","1091.79","1090.54","1277.60"
"28/12/2023 10:00:00 - 28/12/2023 11:00:00","BZN|DK1","995.96","1067.83","1093.79","1225.71"
"28/12/2023 11:00:00 - 28/12/2023 12:00:00","BZN|DK1","995.71","1050.58","1024.42","1253.41"
"28/12/2023 12:00:00 - 28/12/2023 13:00:00","BZN|DK1","997.04","1028.63","1077.46","1240.33"
"28/12/2023 13:00:00 - 28/12/2023 14:00:00","BZN|DK1","997.25","1011.13","1010.75","1200.46"
"28/12/2023 14:00:00 - 28/12/2023 15:00:00","BZN|DK1","988.54","1001.75","1035.25","1267.43"
"28/12/2023 15:00:00 - 28/12/2023 16:00:00","BZN|DK1","972.58","969.08","1066.33","1244.44"
"28/12/2023 16:00:00 - 28/12/2023 17:00:00","BZN|DK1","954.21","929.83","1013.46","1161.28"
"28/12/2023 17:00:00 - 28/12/2023 18:00:00","BZN|DK1","912.42","893.79","910.29","999.93"
"28/12/2023 18:00:00 - 28/12/2023 19:00:00","BZN|DK1","877.13","878.17","789.29","993.02"
"28/12/2023 19:00:00 - 28/12/2023 20:00:00","BZN|DK1","879.79","897.29","887.92","1197.68"
"28/12/2023 20:00:00 - 28/12/2023 21:00:00","BZN|DK1","903.92","921.29","1006.75","1191.58"
"28/12/2023 21:00:00 - 28/12/2023 22:00:00","BZN|DK1","935.83","947.67","1029.21","1206.07"
"28/12/2023 22:00:00 - 28/12/2023 23:00:00","BZN|DK1","966.83","972.58","1008.75","1197.74"
"28/12/2023 23:00:00 - 29/12/2023 00:00:00","BZN|DK1","987.04","977.88","990.71","1241.85"
"29/12/2023 00:00:00 - 29/12/2023 01:00:00","BZN|DK1","965.21","1044.13","1044.13","902.09"
"29/12/2023 01:00:00 - 29/12/2023 02:00:00","BZN|DK1","950.17","728.33","728.33","867.08"
"29/12/2023 02:00:00 - 29/12/2023 03:00:00","BZN|DK1","939.29","723.00","723.00","800.13"
"29/12/2023 03:00:00 - 29/12/2023 04:00:00","BZN|DK1","929.50","679.21","679.21","814.67"
"29/12/2023 04:00:00 - 29/12/2023 05:00:00","BZN|DK1","918.88","673.08","673.08","812.63"
"29/12/2023 05:00:00 - 29/12/2023 06:00:00","BZN|DK1","924.46","702.50","702.50","833.49"
"29/12/2023 06:00:00 - 29/12/2023 07:00:00","BZN|DK1","927.71","761.29","761.29","1102.05"
"29/12/2023 07:00:00 - 29/12/2023 08:00:00","BZN|DK1","925.58","983.54","983.54","1250.16"
"29/12/2023 08:00:00 - 29/12/2023 09:00:00","BZN|DK1","931.04","1076.17","1073.63","1231.45"
"29/12/2023 09:00:00 - 29/12/2023 10:00:00","BZN|DK1","942.25","1053.96","985.96","1151.70"
"29/12/2023 10:00:00 - 29/12/2023 11:00:00","BZN|DK1","951.38","1024.50","973.96","1129.56"
"29/12/2023 11:00:00 - 29/12/2023 12:00:00","BZN|DK1","952.71","997.50","947.04","1226.71"
"29/12/2023 12:00:00 - 29/12/2023 13:00:00","BZN|DK1","946.08","978.00","1021.08","1251.50"
"29/12/2023 13:00:00 - 29/12/2023 14:00:00","BZN|DK1","946.08","969.25","1069.63","1223.31"
"29/12/2023 14:00:00 - 29/12/2023 15:00:00","BZN|DK1","959.00","967.00","1041.88","1167.97"
"29/12/2023 15:00:00 - 29/12/2023 16:00:00","BZN|DK1","971.71","960.83","972.67","1209.23"
"29/12/2023 16:00:00 - 29/12/2023 17:00:00","BZN|DK1","983.63","957.13","1055.29","1273.34"
"29/12/2023 17:00:00 - 29/12/2023 18:00:00","BZN|DK1","991.21","958.33","1099.00","1226.55"
"29/12/2023 18:00:00 - 29/12/2023 19:00:00","BZN|DK1","984.54","970.71","941.00","1180.27"
"29/12/2023 19:00:00 - 29/12/2023 20:00:00","BZN|DK1","961.42","972.21","1046.25","1184.31"
"29/12/2023 20:00:00 - 29/12/2023 21:00:00","BZN|DK1","936.46","941.50","933.92","934.26"
"29/12/2023 21:00:00 - 29/12/2023 22:00:00","BZN|DK1","915.50","884.50","691.71","1021.05"
"29/12/2023 22:00:00 - 29/12/2023 23:00:00","BZN|DK1","904.25","839.67","888.71","1123.69"
"29/12/2023 23:00:00 - 30/12/2023 00:00:00","BZN|DK1","897.38","820.29","954.21","1054.76"
"30/12/2023 00:00:00 - 30/12/2023 01:00:00","BZN|DK1","741.21","808.25","808.25","860.89"
"30/12/2023 01:00:00 - 30/12/2023 02:00:00","BZN|DK1","736.38","682.71","682.71","890.36"
"30/12/2023 02:00:00 - 30/12/2023 03:00:00","BZN|DK1","738.00","690.83","690.83","825.05"
"30/12/2023 03:00:00 - 30/12/2023 04:00:00","BZN|DK1","762.63","785.92","785.92","905.86"
"30/12/2023 04:00:00 - 30/12/2023 05:00:00","BZN|DK1","812.50","831.33","831.33","1025.15"
"30/12/2023 05:00:00 - 30/12/2023 06:00:00","BZN|DK1","834.79","909.00","909.00","1079.62"
"30/12/2023 06:00:00 - 30/12/2023 07:00:00","BZN|DK1","848.38","920.88","920.88","1116.79"
"30/12/2023 07:00:00 - 30/12/2023 08:00:00","BZN|DK1","862.38","971.92","971.92","1158.85"
"30/12/2023 08:00:00 - 30/12/2023 09:00:00","BZN|DK1","864.50","983.54","993.00","1182.26"
"30/12/2023 09:00:00 - 30/12/2023 10:00:00","BZN|DK1","872.13","962.13","1009.46","1203.54"
"30/12/2023 10:00:00 - 30/12/2023 11:00:00","BZN|DK1","883.42","937.08","1034.08","1170.82"
"30/12/2023 11:00:00 - 30/12/2023 12:00:00","BZN|DK1","887.46","911.00","960.79","1182.06"
"30/12/2023 12:00:00 - 30/12/2023 13:00:00","BZN|DK1","891.75","895.83","972.96","1074.47"
"30/12/2023 13:00:00 - 30/12/2023 14:00:00","BZN|DK1","896.58","896.54","908.29","1052.27"
"30/12/2023 14:00:00 - 30/12/2023 15:00:00","BZN|DK1","905.83","893.29","886.54","1093.67"
"30/12/2023 15:00:00 - 30/12/2023 16:00:00","BZN|DK1","915.83","887.58","957.75","1154.33"
"30/12/2023 16:00:00 - 30/12/2023 17:00:00","BZN|DK1","907.38","881.13","975.50","1185.26"
"30/12/2023 17:00:00 - 30/12/2023 18:00:00","BZN|DK1","869.83","816.67","924.13","1107.97"
"30/12/2023 18:00:00 - 30/12/2023 19:00:00","BZN|DK1","729.88","654.42","794.58","861.03"
"30/12/2023 19:00:00 - 30/12/2023 20:00:00","BZN|DK1","570.04","517.38","472.21","507.19"
"30/12/2023 20:00:00 - 30/12/2023 21:00:00","BZN|DK1","452.04","392.13","327.58","438.51"
"30/12/2023 21:00:00 - 30/12/2023 22:00:00","BZN|DK1","351.71","287.96","276.33","296.88"
"30/12/2023 22:00:00 - 30/12/2023 23:00:00","BZN|DK1","315.17","277.79","284.63","242.78"
"30/12/2023 23:00:00 - 31/12/2023 00:00:00","BZN|DK1","361.79","382.42","315.75","348.00"
"31/12/2023 00:00:00 - 31/12/2023 01:00:00","BZN|DK1","612.42","500.25","500.25","627.63"
"31/12/2023 01:00:00 - 31/12/2023 02:00:00","BZN|DK1","630.71","622.21","622.21","699.20"
"31/12/2023 02:00:00 - 31/12/2023 03:00:00","BZN|DK1","623.33","661.92","661.92","783.60"
"31/12/2023 03:00:00 - 31/12/2023 04:00:00","BZN|DK1","639.33","697.46","697.46","892.87"
"31/12/2023 04:00:00 - 31/12/2023 05:00:00","BZN|DK1","681.13","797.04","797.04","934.33"
"31/12/2023 05:00:00 - 31/12/2023 06:00:00","BZN|DK1","749.79","846.96","846.96","1031.97"
"31/12/2023 06:00:00 - 31/12/2023 07:00:00","BZN|DK1","816.92","943.08","943.08","1050.25"
"31/12/2023 07:00:00 - 31/12/2023 08:00:00","BZN|DK1","867.71","942.00","942.00","1155.00"
"31/12/2023 08:00:00 - 31/12/2023 09:00:00","BZN|DK1","917.75","1015.58","1018.42","1231.33"
"31/12/2023 09:00:00 - 31/12/2023 10:00:00","BZN|DK1","952.29","1027.21","1101.79","1281.01"
"31/12/2023 10:00:00 - 31/12/2023 11:00:00","BZN|DK1","973.75","1029.08","1077.63","1294.26"
"31/12/2023 11:00:00 - 31/12/2023 12:00:00","BZN|DK1","982.21","1023.38","1104.00","1261.54"
"31/12/2023 12:00:00 - 31/12/2023 13:00:00","BZN|DK1","986.29","1025.75","1023.79","1281.27"
"31/12/2023 13:00:00 - 31/12/2023 14:00:00","BZN|DK1","990.21","1027.00","1100.29","1298.93"
"31/12/2023 14:00:00 - 31/12/2023 15:00:00","BZN|DK1","996.79","1024.08","1098.25","1298.85"
"31/12/2023 15:00:00 - 31/12/2023 16:00:00","BZN|DK1","1006.71","1019.29","1099.92","1273.86"
"31/12/2023 16:00:00 - 31/12/2023 17:00:00","BZN|DK1","1009.25","1014.21","1082.46","1258.77"
"31/12/2023 17:00:00 - 31/12/2023 18:00:00","BZN|DK1","1007.50","1009.13","1079.38","1272.31"
"31/12/2023 18:00:00 - 31/12/2023 19:00:00","BZN|DK1","979.75","1006.46","1066.63","1253.84"
"31/12/2023 19:00:00 - 31/12/2023 20:00:00","BZN|DK1","943.17","1006.71","1014.17","1129.28"
"31/12/2023 20:00:00 - 31/12/2023 21:00:00","BZN|DK1","937.83","1004.25","921.63","1092.69"
"31/12/2023 21:00:00 - 31/12/2023 22:00:00","BZN|DK1","943.92","998.00","926.33","1165.16"
"31/12/2023 22:00:00 - 31/12/2023 23:00:00","BZN|DK1","951.25","991.79","1032.33","1191.26"
"31/12/2023 23:00:00 - 01/01/2024 00:00:00","BZN|DK1","947.75","983.00","1000.29","1163.01"
