"MTU (CET/CEST)","Area","Day-ahead (MW)","Intraday (MW)","Current (MW)","Actual (MW)"
"01/01/2017 00:00:00 - 01/01/2017 01:00:00","BZN|DK1","651.50","n/e"," ","706.21"
"01/01/2017 01:00:00 - 01/01/2017 02:00:00","BZN|DK1","747.98","n/e"," ","709.35"
"01/01/2017 02:00:00 - 01/01/2017 03:00:00","BZN|DK1","741.41","n/e"," ","796.81"
"01/01/2017 03:00:00 - 01/01/2017 04:00:00","BZN|DK1","741.14","n/e"," ","784.36"
"01/01/2017 04:00:00 - 01/01/2017 05:00:00","BZN|DK1","727.45","n/e"," ","771.89"
"01/01/2017 05:00:00 - 01/01/2017 06:00:00","BZN|DK1","553.28","n/e"," ","549.71"
"01/01/2017 06:00:00 - 01/01/2017 07:00:00","BZN|DK1","365.38","n/e"," ","375.65"
"01/01/2017 07:00:00 - 01/01/2017 08:00:00","BZN|DK1","386.93","n/e"," ","436.42"
"01/01/2017 08:00:00 - 01/01/2017 09:00:00","BZN|DK1","373.78","n/e"," ","441.21"
"01/01/2017 09:00:00 - 01/01/2017 10:00:00","BZN|DK1","393.50","n/e"," ","416.67"
"01/01/2017 10:00:00 - 01/01/2017 11:00:00","BZN|DK1","411.92","n/e"," ","409.83"
"01/01/2017 11:00:00 - 01/01/2017 12:00:00","BZN|DK1","436.04","n/e"," ","404.95"
"01/01/2017 12:00:00 - 01/01/2017 13:00:00","BZN|DK1","454.08","n/e"," ","420.15"
"01/01/2017 13:00:00 - 01/01/2017 14:00:00","BZN|DK1","479.21","n/e"," ","399.59"
"01/01/2017 14:00:00 - 01/01/2017 15:00:00","BZN|DK1","484.33","n/e"," ","335.99"
"01/01/2017 15:00:00 - 01/01/2017 16:00:00","BZN|DK1","476.04","n/e"," ","299.36"
"01/01/2017 16:00:00 - 01/01/2017 17:00:00","BZN|DK1","464.21","n/e"," ","296.49"
"01/01/2017 17:00:00 - 01/01/2017 18:00:00","BZN|DK1","450.46","n/e"," ","344.22"
"01/01/2017 18:00:00 - 01/01/2017 19:00:00","BZN|DK1","442.46","n/e"," ","314.72"
"01/01/2017 19:00:00 - 01/01/2017 20:00:00","BZN|DK1","456.00","n/e"," ","337.66"
"01/01/2017 20:00:00 - 01/01/2017 21:00:00","BZN|DK1","502.29","n/e"," ","447.22"
"01/01/2017 21:00:00 - 01/01/2017 22:00:00","BZN|DK1","528.63","n/e"," ","503.41"
"01/01/2017 22:00:00 - 01/01/2017 23:00:00","BZN|DK1","532.54","n/e"," ","543.34"
"01/01/2017 23:00:00 - 02/01/2017 00:00:00","BZN|DK1","531.33","n/e"," ","567.45"
"02/01/2017 00:00:00 - 02/01/2017 01:00:00","BZN|DK1","562.12","n/e"," ","558.14"
"02/01/2017 01:00:00 - 02/01/2017 02:00:00","BZN|DK1","514.29","n/e"," ","498.71"
"02/01/2017 02:00:00 - 02/01/2017 03:00:00","BZN|DK1","499.47","n/e"," ","490.90"
"02/01/2017 03:00:00 - 02/01/2017 04:00:00","BZN|DK1","587.90","n/e"," ","622.60"
"02/01/2017 04:00:00 - 02/01/2017 05:00:00","BZN|DK1","445.10","n/e"," ","428.95"
"02/01/2017 05:00:00 - 02/01/2017 06:00:00","BZN|DK1","481.60","n/e"," ","479.06"
"02/01/2017 06:00:00 - 02/01/2017 07:00:00","BZN|DK1","337.13","n/e"," ","339.81"
"02/01/2017 07:00:00 - 02/01/2017 08:00:00","BZN|DK1","313.57","n/e"," ","362.50"
"02/01/2017 08:00:00 - 02/01/2017 09:00:00","BZN|DK1","326.94","n/e"," ","412.31"
"02/01/2017 09:00:00 - 02/01/2017 10:00:00","BZN|DK1","358.75","n/e"," ","577.67"
"02/01/2017 10:00:00 - 02/01/2017 11:00:00","BZN|DK1","443.71","n/e"," ","598.71"
"02/01/2017 11:00:00 - 02/01/2017 12:00:00","BZN|DK1","441.71","n/e"," ","558.01"
"02/01/2017 12:00:00 - 02/01/2017 13:00:00","BZN|DK1","418.13","n/e"," ","409.67"
"02/01/2017 13:00:00 - 02/01/2017 14:00:00","BZN|DK1","385.38","n/e"," ","334.38"
"02/01/2017 14:00:00 - 02/01/2017 15:00:00","BZN|DK1","352.04","n/e"," ","379.07"
"02/01/2017 15:00:00 - 02/01/2017 16:00:00","BZN|DK1","327.96","n/e"," ","415.56"
"02/01/2017 16:00:00 - 02/01/2017 17:00:00","BZN|DK1","314.17","n/e"," ","478.61"
"02/01/2017 17:00:00 - 02/01/2017 18:00:00","BZN|DK1","305.29","n/e"," ","452.02"
"02/01/2017 18:00:00 - 02/01/2017 19:00:00","BZN|DK1","299.50","n/e"," ","398.57"
"02/01/2017 19:00:00 - 02/01/2017 20:00:00","BZN|DK1","298.50","n/e"," ","393.80"
"02/01/2017 20:00:00 - 02/01/2017 21:00:00","BZN|DK1","298.63","n/e"," ","445.27"
"02/01/2017 21:00:00 - 02/01/2017 22:00:00","BZN|DK1","295.79","n/e"," ","444.23"
"02/01/2017 22:00:00 - 02/01/2017 23:00:00","BZN|DK1","293.50","n/e"," ","434.56"
"02/01/2017 23:00:00 - 03/01/2017 00:00:00","BZN|DK1","295.29","n/e"," ","450.70"
"03/01/2017 00:00:00 - 03/01/2017 01:00:00","BZN|DK1","403.65","n/e"," ","426.56"
"03/01/2017 01:00:00 - 03/01/2017 02:00:00","BZN|DK1","461.92","n/e"," ","458.34"
"03/01/2017 02:00:00 - 03/01/2017 03:00:00","BZN|DK1","467.76","n/e"," ","494.55"
"03/01/2017 03:00:00 - 03/01/2017 04:00:00","BZN|DK1","525.08","n/e"," ","566.62"
"03/01/2017 04:00:00 - 03/01/2017 05:00:00","BZN|DK1","556.06","n/e"," ","597.38"
"03/01/2017 05:00:00 - 03/01/2017 06:00:00","BZN|DK1","543.76","n/e"," ","590.50"
"03/01/2017 06:00:00 - 03/01/2017 07:00:00","BZN|DK1","535.30","n/e"," ","591.14"
"03/01/2017 07:00:00 - 03/01/2017 08:00:00","BZN|DK1","643.81","n/e"," ","698.49"
"03/01/2017 08:00:00 - 03/01/2017 09:00:00","BZN|DK1","627.14","n/e"," ","756.86"
"03/01/2017 09:00:00 - 03/01/2017 10:00:00","BZN|DK1","668.88","n/e"," ","778.17"
"03/01/2017 10:00:00 - 03/01/2017 11:00:00","BZN|DK1","707.46","n/e"," ","776.84"
"03/01/2017 11:00:00 - 03/01/2017 12:00:00","BZN|DK1","732.58","n/e"," ","773.43"
"03/01/2017 12:00:00 - 03/01/2017 13:00:00","BZN|DK1","740.04","n/e"," ","764.04"
"03/01/2017 13:00:00 - 03/01/2017 14:00:00","BZN|DK1","741.00","n/e"," ","802.36"
"03/01/2017 14:00:00 - 03/01/2017 15:00:00","BZN|DK1","740.13","n/e"," ","705.12"
"03/01/2017 15:00:00 - 03/01/2017 16:00:00","BZN|DK1","748.63","n/e"," ","791.68"
"03/01/2017 16:00:00 - 03/01/2017 17:00:00","BZN|DK1","748.46","n/e"," ","790.79"
"03/01/2017 17:00:00 - 03/01/2017 18:00:00","BZN|DK1","747.42","n/e"," ","809.62"
"03/01/2017 18:00:00 - 03/01/2017 19:00:00","BZN|DK1","745.08","n/e"," ","804.96"
"03/01/2017 19:00:00 - 03/01/2017 20:00:00","BZN|DK1","743.58","n/e"," ","802.05"
"03/01/2017 20:00:00 - 03/01/2017 21:00:00","BZN|DK1","740.46","n/e"," ","801.57"
"03/01/2017 21:00:00 - 03/01/2017 22:00:00","BZN|DK1","734.50","n/e"," ","693.93"
"03/01/2017 22:00:00 - 03/01/2017 23:00:00","BZN|DK1","726.50","n/e"," ","613.78"
"03/01/2017 23:00:00 - 04/01/2017 00:00:00","BZN|DK1","716.96","n/e"," ","582.55"
"04/01/2017 00:00:00 - 04/01/2017 01:00:00","BZN|DK1","540.87","n/e"," ","594.62"
"04/01/2017 01:00:00 - 04/01/2017 02:00:00","BZN|DK1","181.35","n/e"," ","201.98"
"04/01/2017 02:00:00 - 04/01/2017 03:00:00","BZN|DK1","176.43","n/e"," ","240.38"
"04/01/2017 03:00:00 - 04/01/2017 04:00:00","BZN|DK1","199.67","n/e"," ","247.48"
"04/01/2017 04:00:00 - 04/01/2017 05:00:00","BZN|DK1","414.54","n/e"," ","514.70"
"04/01/2017 05:00:00 - 04/01/2017 06:00:00","BZN|DK1","455.80","n/e"," ","482.59"
"04/01/2017 06:00:00 - 04/01/2017 07:00:00","BZN|DK1","459.39","n/e"," ","532.09"
"04/01/2017 07:00:00 - 04/01/2017 08:00:00","BZN|DK1","622.00","n/e"," ","581.84"
"04/01/2017 08:00:00 - 04/01/2017 09:00:00","BZN|DK1","677.35","n/e"," ","695.56"
"04/01/2017 09:00:00 - 04/01/2017 10:00:00","BZN|DK1","710.46","n/e"," ","795.77"
"04/01/2017 10:00:00 - 04/01/2017 11:00:00","BZN|DK1","721.63","n/e"," ","809.05"
"04/01/2017 11:00:00 - 04/01/2017 12:00:00","BZN|DK1","728.88","n/e"," ","801.24"
"04/01/2017 12:00:00 - 04/01/2017 13:00:00","BZN|DK1","731.17","n/e"," ","784.32"
"04/01/2017 13:00:00 - 04/01/2017 14:00:00","BZN|DK1","731.46","n/e"," ","697.02"
"04/01/2017 14:00:00 - 04/01/2017 15:00:00","BZN|DK1","731.17","n/e"," ","776.55"
"04/01/2017 15:00:00 - 04/01/2017 16:00:00","BZN|DK1","729.38","n/e"," ","788.12"
"04/01/2017 16:00:00 - 04/01/2017 17:00:00","BZN|DK1","730.33","n/e"," ","743.39"
"04/01/2017 17:00:00 - 04/01/2017 18:00:00","BZN|DK1","733.17","n/e"," ","790.91"
"04/01/2017 18:00:00 - 04/01/2017 19:00:00","BZN|DK1","734.17","n/e"," ","799.97"
"04/01/2017 19:00:00 - 04/01/2017 20:00:00","BZN|DK1","733.38","n/e"," ","799.86"
"04/01/2017 20:00:00 - 04/01/2017 21:00:00","BZN|DK1","730.96","n/e"," ","795.13"
"04/01/2017 21:00:00 - 04/01/2017 22:00:00","BZN|DK1","721.42","n/e"," ","798.58"
"04/01/2017 22:00:00 - 04/01/2017 23:00:00","BZN|DK1","696.71","n/e"," ","791.21"
"04/01/2017 23:00:00 - 05/01/2017 00:00:00","BZN|DK1","654.83","n/e"," ","796.40"
"05/01/2017 00:00:00 - 05/01/2017 01:00:00","BZN|DK1","725.72","n/e"," ","789.60"
"05/01/2017 01:00:00 - 05/01/2017 02:00:00","BZN|DK1","721.48","n/e"," ","772.85"
"05/01/2017 02:00:00 - 05/01/2017 03:00:00","BZN|DK1","652.55","n/e"," ","688.67"
"05/01/2017 03:00:00 - 05/01/2017 04:00:00","BZN|DK1","575.95","n/e"," ","623.37"
"05/01/2017 04:00:00 - 05/01/2017 05:00:00","BZN|DK1","564.18","n/e"," ","628.64"
"05/01/2017 05:00:00 - 05/01/2017 06:00:00","BZN|DK1","615.42","n/e"," ","676.66"
"05/01/2017 06:00:00 - 05/01/2017 07:00:00","BZN|DK1","619.10","n/e"," ","679.66"
"05/01/2017 07:00:00 - 05/01/2017 08:00:00","BZN|DK1","601.22","n/e"," ","660.13"
"05/01/2017 08:00:00 - 05/01/2017 09:00:00","BZN|DK1","575.15","n/e"," ","636.46"
"05/01/2017 09:00:00 - 05/01/2017 10:00:00","BZN|DK1","493.50","n/e"," ","496.87"
"05/01/2017 10:00:00 - 05/01/2017 11:00:00","BZN|DK1","417.21","n/e"," ","451.14"
"05/01/2017 11:00:00 - 05/01/2017 12:00:00","BZN|DK1","345.96","n/e"," ","365.02"
"05/01/2017 12:00:00 - 05/01/2017 13:00:00","BZN|DK1","277.38","n/e"," ","265.94"
"05/01/2017 13:00:00 - 05/01/2017 14:00:00","BZN|DK1","216.00","n/e"," ","216.99"
"05/01/2017 14:00:00 - 05/01/2017 15:00:00","BZN|DK1","149.25","n/e"," ","188.77"
"05/01/2017 15:00:00 - 05/01/2017 16:00:00","BZN|DK1","105.46","n/e"," ","208.07"
"05/01/2017 16:00:00 - 05/01/2017 17:00:00","BZN|DK1","77.25","n/e"," ","186.96"
"05/01/2017 17:00:00 - 05/01/2017 18:00:00","BZN|DK1","55.13","n/e"," ","133.95"
"05/01/2017 18:00:00 - 05/01/2017 19:00:00","BZN|DK1","35.79","n/e"," ","94.38"
"05/01/2017 19:00:00 - 05/01/2017 20:00:00","BZN|DK1","23.83","n/e"," ","67.78"
"05/01/2017 20:00:00 - 05/01/2017 21:00:00","BZN|DK1","17.50","n/e"," ","40.58"
"05/01/2017 21:00:00 - 05/01/2017 22:00:00","BZN|DK1","14.67","n/e"," ","21.21"
"05/01/2017 22:00:00 - 05/01/2017 23:00:00","BZN|DK1","9.92","n/e"," ","17.91"
"05/01/2017 23:00:00 - 06/01/2017 00:00:00","BZN|DK1","8.46","n/e"," ","20.67"
"06/01/2017 00:00:00 - 06/01/2017 01:00:00","BZN|DK1","16.84","n/e"," ","25.75"
"06/01/2017 01:00:00 - 06/01/2017 02:00:00","BZN|DK1","19.50","n/e"," ","28.57"
"06/01/2017 02:00:00 - 06/01/2017 03:00:00","BZN|DK1","30.40","n/e"," ","38.94"
"06/01/2017 03:00:00 - 06/01/2017 04:00:00","BZN|DK1","53.80","n/e"," ","63.00"
"06/01/2017 04:00:00 - 06/01/2017 05:00:00","BZN|DK1","78.19","n/e"," ","81.04"
"06/01/2017 05:00:00 - 06/01/2017 06:00:00","BZN|DK1","85.19","n/e"," ","103.30"
"06/01/2017 06:00:00 - 06/01/2017 07:00:00","BZN|DK1","148.99","n/e"," ","172.58"
"06/01/2017 07:00:00 - 06/01/2017 08:00:00","BZN|DK1","170.95","n/e"," ","180.39"
"06/01/2017 08:00:00 - 06/01/2017 09:00:00","BZN|DK1","181.31","n/e"," ","248.32"
"06/01/2017 09:00:00 - 06/01/2017 10:00:00","BZN|DK1","208.38","n/e"," ","438.02"
"06/01/2017 10:00:00 - 06/01/2017 11:00:00","BZN|DK1","273.96","n/e"," ","464.22"
"06/01/2017 11:00:00 - 06/01/2017 12:00:00","BZN|DK1","357.88","n/e"," ","504.87"
"06/01/2017 12:00:00 - 06/01/2017 13:00:00","BZN|DK1","453.08","n/e"," ","567.47"
"06/01/2017 13:00:00 - 06/01/2017 14:00:00","BZN|DK1","557.67","n/e"," ","697.15"
"06/01/2017 14:00:00 - 06/01/2017 15:00:00","BZN|DK1","638.63","n/e"," ","739.48"
"06/01/2017 15:00:00 - 06/01/2017 16:00:00","BZN|DK1","683.58","n/e"," ","751.23"
"06/01/2017 16:00:00 - 06/01/2017 17:00:00","BZN|DK1","701.67","n/e"," ","774.53"
"06/01/2017 17:00:00 - 06/01/2017 18:00:00","BZN|DK1","720.38","n/e"," ","785.13"
"06/01/2017 18:00:00 - 06/01/2017 19:00:00","BZN|DK1","737.46","n/e"," ","792.39"
"06/01/2017 19:00:00 - 06/01/2017 20:00:00","BZN|DK1","740.63","n/e"," ","797.89"
"06/01/2017 20:00:00 - 06/01/2017 21:00:00","BZN|DK1","743.00","n/e"," ","800.88"
"06/01/2017 21:00:00 - 06/01/2017 22:00:00","BZN|DK1","745.25","n/e"," ","802.07"
"06/01/2017 22:00:00 - 06/01/2017 23:00:00","BZN|DK1","746.63","n/e"," ","803.66"
"06/01/2017 23:00:00 - 07/01/2017 00:00:00","BZN|DK1","747.29","n/e"," ","805.10"
"07/01/2017 00:00:00 - 07/01/2017 01:00:00","BZN|DK1","756.96","n/e"," ","811.11"
"07/01/2017 01:00:00 - 07/01/2017 02:00:00","BZN|DK1","756.90","n/e"," ","808.34"
"07/01/2017 02:00:00 - 07/01/2017 03:00:00","BZN|DK1","756.64","n/e"," ","805.67"
"07/01/2017 03:00:00 - 07/01/2017 04:00:00","BZN|DK1","755.92","n/e"," ","812.22"
"07/01/2017 04:00:00 - 07/01/2017 05:00:00","BZN|DK1","748.77","n/e"," ","804.84"
"07/01/2017 05:00:00 - 07/01/2017 06:00:00","BZN|DK1","718.48","n/e"," ","772.39"
"07/01/2017 06:00:00 - 07/01/2017 07:00:00","BZN|DK1","666.71","n/e"," ","713.60"
"07/01/2017 07:00:00 - 07/01/2017 08:00:00","BZN|DK1","615.21","n/e"," ","674.66"
"07/01/2017 08:00:00 - 07/01/2017 09:00:00","BZN|DK1","577.35","n/e"," ","680.25"
"07/01/2017 09:00:00 - 07/01/2017 10:00:00","BZN|DK1","595.58","n/e"," ","683.58"
"07/01/2017 10:00:00 - 07/01/2017 11:00:00","BZN|DK1","579.50","n/e"," ","628.42"
"07/01/2017 11:00:00 - 07/01/2017 12:00:00","BZN|DK1","549.17","n/e"," ","575.33"
"07/01/2017 12:00:00 - 07/01/2017 13:00:00","BZN|DK1","517.08","n/e"," ","604.41"
"07/01/2017 13:00:00 - 07/01/2017 14:00:00","BZN|DK1","505.88","n/e"," ","519.07"
"07/01/2017 14:00:00 - 07/01/2017 15:00:00","BZN|DK1","499.13","n/e"," ","482.33"
"07/01/2017 15:00:00 - 07/01/2017 16:00:00","BZN|DK1","515.17","n/e"," ","483.76"
"07/01/2017 16:00:00 - 07/01/2017 17:00:00","BZN|DK1","538.71","n/e"," ","469.14"
"07/01/2017 17:00:00 - 07/01/2017 18:00:00","BZN|DK1","547.46","n/e"," ","549.80"
"07/01/2017 18:00:00 - 07/01/2017 19:00:00","BZN|DK1","514.08","n/e"," ","563.41"
"07/01/2017 19:00:00 - 07/01/2017 20:00:00","BZN|DK1","435.88","n/e"," ","366.36"
"07/01/2017 20:00:00 - 07/01/2017 21:00:00","BZN|DK1","334.04","n/e"," ","225.31"
"07/01/2017 21:00:00 - 07/01/2017 22:00:00","BZN|DK1","265.83","n/e"," ","222.95"
"07/01/2017 22:00:00 - 07/01/2017 23:00:00","BZN|DK1","209.71","n/e"," ","169.59"
"07/01/2017 23:00:00 - 08/01/2017 00:00:00","BZN|DK1","158.63","n/e"," ","144.73"
"08/01/2017 00:00:00 - 08/01/2017 01:00:00","BZN|DK1","97.52","n/e"," ","100.67"
"08/01/2017 01:00:00 - 08/01/2017 02:00:00","BZN|DK1","56.85","n/e"," ","58.85"
"08/01/2017 02:00:00 - 08/01/2017 03:00:00","BZN|DK1","29.83","n/e"," ","31.78"
"08/01/2017 03:00:00 - 08/01/2017 04:00:00","BZN|DK1","18.53","n/e"," ","14.00"
"08/01/2017 04:00:00 - 08/01/2017 05:00:00","BZN|DK1","8.47","n/e"," ","7.99"
"08/01/2017 05:00:00 - 08/01/2017 06:00:00","BZN|DK1","5.19","n/e"," ","4.88"
"08/01/2017 06:00:00 - 08/01/2017 07:00:00","BZN|DK1","4.21","n/e"," ","4.84"
"08/01/2017 07:00:00 - 08/01/2017 08:00:00","BZN|DK1","4.00","n/e"," ","3.58"
"08/01/2017 08:00:00 - 08/01/2017 09:00:00","BZN|DK1","7.38","n/e"," ","4.28"
"08/01/2017 09:00:00 - 08/01/2017 10:00:00","BZN|DK1","13.29","n/e"," ","11.82"
"08/01/2017 10:00:00 - 08/01/2017 11:00:00","BZN|DK1","24.75","n/e"," ","21.10"
"08/01/2017 11:00:00 - 08/01/2017 12:00:00","BZN|DK1","42.29","n/e"," ","53.02"
"08/01/2017 12:00:00 - 08/01/2017 13:00:00","BZN|DK1","65.33","n/e"," ","93.98"
"08/01/2017 13:00:00 - 08/01/2017 14:00:00","BZN|DK1","89.54","n/e"," ","131.67"
"08/01/2017 14:00:00 - 08/01/2017 15:00:00","BZN|DK1","113.17","n/e"," ","174.50"
"08/01/2017 15:00:00 - 08/01/2017 16:00:00","BZN|DK1","137.92","n/e"," ","203.84"
"08/01/2017 16:00:00 - 08/01/2017 17:00:00","BZN|DK1","177.17","n/e"," ","187.13"
"08/01/2017 17:00:00 - 08/01/2017 18:00:00","BZN|DK1","240.17","n/e"," ","226.43"
"08/01/2017 18:00:00 - 08/01/2017 19:00:00","BZN|DK1","300.00","n/e"," ","261.10"
"08/01/2017 19:00:00 - 08/01/2017 20:00:00","BZN|DK1","312.08","n/e"," ","216.14"
"08/01/2017 20:00:00 - 08/01/2017 21:00:00","BZN|DK1","332.21","n/e"," ","273.55"
"08/01/2017 21:00:00 - 08/01/2017 22:00:00","BZN|DK1","366.54","n/e"," ","247.76"
"08/01/2017 22:00:00 - 08/01/2017 23:00:00","BZN|DK1","434.21","n/e"," ","324.39"
"08/01/2017 23:00:00 - 09/01/2017 00:00:00","BZN|DK1","442.21","n/e"," ","325.45"
"09/01/2017 00:00:00 - 09/01/2017 01:00:00","BZN|DK1","254.09","n/e"," ","272.89"
"09/01/2017 01:00:00 - 09/01/2017 02:00:00","BZN|DK1","246.05","n/e"," ","262.14"
"09/01/2017 02:00:00 - 09/01/2017 03:00:00","BZN|DK1","252.60","n/e"," ","269.00"
"09/01/2017 03:00:00 - 09/01/2017 04:00:00","BZN|DK1","273.05","n/e"," ","287.25"
"09/01/2017 04:00:00 - 09/01/2017 05:00:00","BZN|DK1","280.66","n/e"," ","297.60"
"09/01/2017 05:00:00 - 09/01/2017 06:00:00","BZN|DK1","265.15","n/e"," ","308.23"
"09/01/2017 06:00:00 - 09/01/2017 07:00:00","BZN|DK1","329.84","n/e"," ","355.74"
"09/01/2017 07:00:00 - 09/01/2017 08:00:00","BZN|DK1","326.57","n/e"," ","343.94"
"09/01/2017 08:00:00 - 09/01/2017 09:00:00","BZN|DK1","389.57","n/e"," ","462.51"
"09/01/2017 09:00:00 - 09/01/2017 10:00:00","BZN|DK1","423.17","n/e"," ","472.70"
"09/01/2017 10:00:00 - 09/01/2017 11:00:00","BZN|DK1","478.04","n/e"," ","567.80"
"09/01/2017 11:00:00 - 09/01/2017 12:00:00","BZN|DK1","518.13","n/e"," ","689.61"
"09/01/2017 12:00:00 - 09/01/2017 13:00:00","BZN|DK1","547.88","n/e"," ","699.56"
"09/01/2017 13:00:00 - 09/01/2017 14:00:00","BZN|DK1","578.17","n/e"," ","728.75"
"09/01/2017 14:00:00 - 09/01/2017 15:00:00","BZN|DK1","612.83","n/e"," ","705.81"
"09/01/2017 15:00:00 - 09/01/2017 16:00:00","BZN|DK1","651.79","n/e"," ","769.48"
"09/01/2017 16:00:00 - 09/01/2017 17:00:00","BZN|DK1","690.38","n/e"," ","761.86"
"09/01/2017 17:00:00 - 09/01/2017 18:00:00","BZN|DK1","724.71","n/e"," ","790.11"
"09/01/2017 18:00:00 - 09/01/2017 19:00:00","BZN|DK1","745.88","n/e"," ","785.85"
"09/01/2017 19:00:00 - 09/01/2017 20:00:00","BZN|DK1","747.00","n/e"," ","778.93"
"09/01/2017 20:00:00 - 09/01/2017 21:00:00","BZN|DK1","747.00","n/e"," ","793.58"
"09/01/2017 21:00:00 - 09/01/2017 22:00:00","BZN|DK1","747.00","n/e"," ","789.58"
"09/01/2017 22:00:00 - 09/01/2017 23:00:00","BZN|DK1","747.00","n/e"," ","788.61"
"09/01/2017 23:00:00 - 10/01/2017 00:00:00","BZN|DK1","746.88","n/e"," ","791.26"
"10/01/2017 00:00:00 - 10/01/2017 01:00:00","BZN|DK1","749.88","n/e"," ","788.69"
"10/01/2017 01:00:00 - 10/01/2017 02:00:00","BZN|DK1","747.65","n/e"," ","812.29"
"10/01/2017 02:00:00 - 10/01/2017 03:00:00","BZN|DK1","745.94","n/e"," ","812.41"
"10/01/2017 03:00:00 - 10/01/2017 04:00:00","BZN|DK1","751.11","n/e"," ","810.84"
"10/01/2017 04:00:00 - 10/01/2017 05:00:00","BZN|DK1","648.42","n/e"," ","688.50"
"10/01/2017 05:00:00 - 10/01/2017 06:00:00","BZN|DK1","737.58","n/e"," ","806.96"
"10/01/2017 06:00:00 - 10/01/2017 07:00:00","BZN|DK1","696.70","n/e"," ","737.06"
"10/01/2017 07:00:00 - 10/01/2017 08:00:00","BZN|DK1","529.64","n/e"," ","576.99"
"10/01/2017 08:00:00 - 10/01/2017 09:00:00","BZN|DK1","476.35","n/e"," ","469.60"
"10/01/2017 09:00:00 - 10/01/2017 10:00:00","BZN|DK1","475.67","n/e"," ","466.35"
"10/01/2017 10:00:00 - 10/01/2017 11:00:00","BZN|DK1","522.25","n/e"," ","475.83"
"10/01/2017 11:00:00 - 10/01/2017 12:00:00","BZN|DK1","533.21","n/e"," ","513.11"
"10/01/2017 12:00:00 - 10/01/2017 13:00:00","BZN|DK1","542.54","n/e"," ","580.78"
"10/01/2017 13:00:00 - 10/01/2017 14:00:00","BZN|DK1","557.17","n/e"," ","573.60"
"10/01/2017 14:00:00 - 10/01/2017 15:00:00","BZN|DK1","573.83","n/e"," ","633.00"
"10/01/2017 15:00:00 - 10/01/2017 16:00:00","BZN|DK1","591.38","n/e"," ","657.94"
"10/01/2017 16:00:00 - 10/01/2017 17:00:00","BZN|DK1","609.96","n/e"," ","640.72"
"10/01/2017 17:00:00 - 10/01/2017 18:00:00","BZN|DK1","627.46","n/e"," ","663.30"
"10/01/2017 18:00:00 - 10/01/2017 19:00:00","BZN|DK1","640.25","n/e"," ","696.27"
"10/01/2017 19:00:00 - 10/01/2017 20:00:00","BZN|DK1","643.42","n/e"," ","707.77"
"10/01/2017 20:00:00 - 10/01/2017 21:00:00","BZN|DK1","640.25","n/e"," ","724.66"
"10/01/2017 21:00:00 - 10/01/2017 22:00:00","BZN|DK1","647.08","n/e"," ","728.83"
"10/01/2017 22:00:00 - 10/01/2017 23:00:00","BZN|DK1","662.50","n/e"," ","699.81"
"10/01/2017 23:00:00 - 11/01/2017 00:00:00","BZN|DK1","683.71","n/e"," ","726.75"
"11/01/2017 00:00:00 - 11/01/2017 01:00:00","BZN|DK1","710.58","n/e"," ","780.07"
"11/01/2017 01:00:00 - 11/01/2017 02:00:00","BZN|DK1","740.65","n/e"," ","804.18"
"11/01/2017 02:00:00 - 11/01/2017 03:00:00","BZN|DK1","745.64","n/e"," ","805.71"
"11/01/2017 03:00:00 - 11/01/2017 04:00:00","BZN|DK1","747.74","n/e"," ","805.56"
"11/01/2017 04:00:00 - 11/01/2017 05:00:00","BZN|DK1","650.82","n/e"," ","705.26"
"11/01/2017 05:00:00 - 11/01/2017 06:00:00","BZN|DK1","749.74","n/e"," ","808.78"
"11/01/2017 06:00:00 - 11/01/2017 07:00:00","BZN|DK1","749.87","n/e"," ","805.70"
"11/01/2017 07:00:00 - 11/01/2017 08:00:00","BZN|DK1","748.60","n/e"," ","806.73"
"11/01/2017 08:00:00 - 11/01/2017 09:00:00","BZN|DK1","742.40","n/e"," ","803.35"
"11/01/2017 09:00:00 - 11/01/2017 10:00:00","BZN|DK1","738.83","n/e"," ","783.71"
"11/01/2017 10:00:00 - 11/01/2017 11:00:00","BZN|DK1","739.54","n/e"," ","571.52"
"11/01/2017 11:00:00 - 11/01/2017 12:00:00","BZN|DK1","735.25","n/e"," ","683.42"
"11/01/2017 12:00:00 - 11/01/2017 13:00:00","BZN|DK1","731.17","n/e"," ","797.35"
"11/01/2017 13:00:00 - 11/01/2017 14:00:00","BZN|DK1","726.63","n/e"," ","794.70"
"11/01/2017 14:00:00 - 11/01/2017 15:00:00","BZN|DK1","723.63","n/e"," ","801.13"
"11/01/2017 15:00:00 - 11/01/2017 16:00:00","BZN|DK1","720.58","n/e"," ","746.66"
"11/01/2017 16:00:00 - 11/01/2017 17:00:00","BZN|DK1","721.38","n/e"," ","730.69"
"11/01/2017 17:00:00 - 11/01/2017 18:00:00","BZN|DK1","724.00","n/e"," ","740.91"
"11/01/2017 18:00:00 - 11/01/2017 19:00:00","BZN|DK1","725.38","n/e"," ","773.36"
"11/01/2017 19:00:00 - 11/01/2017 20:00:00","BZN|DK1","724.92","n/e"," ","787.26"
"11/01/2017 20:00:00 - 11/01/2017 21:00:00","BZN|DK1","722.04","n/e"," ","788.93"
"11/01/2017 21:00:00 - 11/01/2017 22:00:00","BZN|DK1","718.25","n/e"," ","667.18"
"11/01/2017 22:00:00 - 11/01/2017 23:00:00","BZN|DK1","717.92","n/e"," ","685.45"
"11/01/2017 23:00:00 - 12/01/2017 00:00:00","BZN|DK1","728.33","n/e"," ","688.48"
"12/01/2017 00:00:00 - 12/01/2017 01:00:00","BZN|DK1","667.52","n/e"," ","700.68"
"12/01/2017 01:00:00 - 12/01/2017 02:00:00","BZN|DK1","647.39","n/e"," ","685.44"
"12/01/2017 02:00:00 - 12/01/2017 03:00:00","BZN|DK1","638.45","n/e"," ","676.41"
"12/01/2017 03:00:00 - 12/01/2017 04:00:00","BZN|DK1","641.23","n/e"," ","680.18"
"12/01/2017 04:00:00 - 12/01/2017 05:00:00","BZN|DK1","638.17","n/e"," ","674.17"
"12/01/2017 05:00:00 - 12/01/2017 06:00:00","BZN|DK1","642.92","n/e"," ","684.63"
"12/01/2017 06:00:00 - 12/01/2017 07:00:00","BZN|DK1","741.16","n/e"," ","791.40"
"12/01/2017 07:00:00 - 12/01/2017 08:00:00","BZN|DK1","740.07","n/e"," ","791.70"
"12/01/2017 08:00:00 - 12/01/2017 09:00:00","BZN|DK1","735.76","n/e"," ","790.43"
"12/01/2017 09:00:00 - 12/01/2017 10:00:00","BZN|DK1","736.58","n/e"," ","786.60"
"12/01/2017 10:00:00 - 12/01/2017 11:00:00","BZN|DK1","742.00","n/e"," ","795.05"
"12/01/2017 11:00:00 - 12/01/2017 12:00:00","BZN|DK1","744.00","n/e"," ","796.77"
"12/01/2017 12:00:00 - 12/01/2017 13:00:00","BZN|DK1","746.88","n/e"," ","794.47"
"12/01/2017 13:00:00 - 12/01/2017 14:00:00","BZN|DK1","747.58","n/e"," ","794.57"
"12/01/2017 14:00:00 - 12/01/2017 15:00:00","BZN|DK1","748.67","n/e"," ","796.24"
"12/01/2017 15:00:00 - 12/01/2017 16:00:00","BZN|DK1","748.71","n/e"," ","795.26"
"12/01/2017 16:00:00 - 12/01/2017 17:00:00","BZN|DK1","747.38","n/e"," ","788.09"
"12/01/2017 17:00:00 - 12/01/2017 18:00:00","BZN|DK1","746.83","n/e"," ","785.80"
"12/01/2017 18:00:00 - 12/01/2017 19:00:00","BZN|DK1","745.21","n/e"," ","709.09"
"12/01/2017 19:00:00 - 12/01/2017 20:00:00","BZN|DK1","738.42","n/e"," ","702.34"
"12/01/2017 20:00:00 - 12/01/2017 21:00:00","BZN|DK1","712.08","n/e"," ","680.56"
"12/01/2017 21:00:00 - 12/01/2017 22:00:00","BZN|DK1","662.21","n/e"," ","513.63"
"12/01/2017 22:00:00 - 12/01/2017 23:00:00","BZN|DK1","609.33","n/e"," ","450.84"
"12/01/2017 23:00:00 - 13/01/2017 00:00:00","BZN|DK1","552.71","n/e"," ","320.04"
"13/01/2017 00:00:00 - 13/01/2017 01:00:00","BZN|DK1","171.01","n/e"," ","209.32"
"13/01/2017 01:00:00 - 13/01/2017 02:00:00","BZN|DK1","224.33","n/e"," ","218.10"
"13/01/2017 02:00:00 - 13/01/2017 03:00:00","BZN|DK1","166.75","n/e"," ","157.93"
"13/01/2017 03:00:00 - 13/01/2017 04:00:00","BZN|DK1","113.89","n/e"," ","126.78"
"13/01/2017 04:00:00 - 13/01/2017 05:00:00","BZN|DK1","126.06","n/e"," ","131.50"
"13/01/2017 05:00:00 - 13/01/2017 06:00:00","BZN|DK1","72.75","n/e"," ","80.24"
"13/01/2017 06:00:00 - 13/01/2017 07:00:00","BZN|DK1","124.05","n/e"," ","121.95"
"13/01/2017 07:00:00 - 13/01/2017 08:00:00","BZN|DK1","106.83","n/e"," ","118.05"
"13/01/2017 08:00:00 - 13/01/2017 09:00:00","BZN|DK1","119.57","n/e"," ","111.22"
"13/01/2017 09:00:00 - 13/01/2017 10:00:00","BZN|DK1","111.46","n/e"," ","167.20"
"13/01/2017 10:00:00 - 13/01/2017 11:00:00","BZN|DK1","114.25","n/e"," ","276.75"
"13/01/2017 11:00:00 - 13/01/2017 12:00:00","BZN|DK1","113.54","n/e"," ","244.64"
"13/01/2017 12:00:00 - 13/01/2017 13:00:00","BZN|DK1","107.92","n/e"," ","283.08"
"13/01/2017 13:00:00 - 13/01/2017 14:00:00","BZN|DK1","97.71","n/e"," ","301.57"
"13/01/2017 14:00:00 - 13/01/2017 15:00:00","BZN|DK1","83.88","n/e"," ","347.28"
"13/01/2017 15:00:00 - 13/01/2017 16:00:00","BZN|DK1","75.04","n/e"," ","383.04"
"13/01/2017 16:00:00 - 13/01/2017 17:00:00","BZN|DK1","74.38","n/e"," ","419.86"
"13/01/2017 17:00:00 - 13/01/2017 18:00:00","BZN|DK1","78.71","n/e"," ","366.27"
"13/01/2017 18:00:00 - 13/01/2017 19:00:00","BZN|DK1","85.79","n/e"," ","257.34"
"13/01/2017 19:00:00 - 13/01/2017 20:00:00","BZN|DK1","92.33","n/e"," ","173.07"
"13/01/2017 20:00:00 - 13/01/2017 21:00:00","BZN|DK1","99.67","n/e"," ","158.05"
"13/01/2017 21:00:00 - 13/01/2017 22:00:00","BZN|DK1","141.63","n/e"," ","173.31"
"13/01/2017 22:00:00 - 13/01/2017 23:00:00","BZN|DK1","241.79","n/e"," ","148.30"
"13/01/2017 23:00:00 - 14/01/2017 00:00:00","BZN|DK1","401.21","n/e"," ","276.29"
"14/01/2017 00:00:00 - 14/01/2017 01:00:00","BZN|DK1","413.37","n/e"," ","467.94"
"14/01/2017 01:00:00 - 14/01/2017 02:00:00","BZN|DK1","530.63","n/e"," ","538.36"
"14/01/2017 02:00:00 - 14/01/2017 03:00:00","BZN|DK1","492.93","n/e"," ","511.79"
"14/01/2017 03:00:00 - 14/01/2017 04:00:00","BZN|DK1","526.76","n/e"," ","549.70"
"14/01/2017 04:00:00 - 14/01/2017 05:00:00","BZN|DK1","522.23","n/e"," ","538.13"
"14/01/2017 05:00:00 - 14/01/2017 06:00:00","BZN|DK1","507.60","n/e"," ","534.79"
"14/01/2017 06:00:00 - 14/01/2017 07:00:00","BZN|DK1","548.05","n/e"," ","596.19"
"14/01/2017 07:00:00 - 14/01/2017 08:00:00","BZN|DK1","552.34","n/e"," ","581.65"
"14/01/2017 08:00:00 - 14/01/2017 09:00:00","BZN|DK1","522.72","n/e"," ","564.54"
"14/01/2017 09:00:00 - 14/01/2017 10:00:00","BZN|DK1","535.79","n/e"," ","570.64"
"14/01/2017 10:00:00 - 14/01/2017 11:00:00","BZN|DK1","533.58","n/e"," ","533.09"
"14/01/2017 11:00:00 - 14/01/2017 12:00:00","BZN|DK1","507.17","n/e"," ","514.38"
"14/01/2017 12:00:00 - 14/01/2017 13:00:00","BZN|DK1","482.00","n/e"," ","510.41"
"14/01/2017 13:00:00 - 14/01/2017 14:00:00","BZN|DK1","479.58","n/e"," ","452.67"
"14/01/2017 14:00:00 - 14/01/2017 15:00:00","BZN|DK1","486.42","n/e"," ","512.84"
"14/01/2017 15:00:00 - 14/01/2017 16:00:00","BZN|DK1","499.00","n/e"," ","538.64"
"14/01/2017 16:00:00 - 14/01/2017 17:00:00","BZN|DK1","503.75","n/e"," ","575.05"
"14/01/2017 17:00:00 - 14/01/2017 18:00:00","BZN|DK1","494.21","n/e"," ","641.52"
"14/01/2017 18:00:00 - 14/01/2017 19:00:00","BZN|DK1","499.67","n/e"," ","704.30"
"14/01/2017 19:00:00 - 14/01/2017 20:00:00","BZN|DK1","546.21","n/e"," ","738.95"
"14/01/2017 20:00:00 - 14/01/2017 21:00:00","BZN|DK1","593.46","n/e"," ","771.65"
"14/01/2017 21:00:00 - 14/01/2017 22:00:00","BZN|DK1","630.25","n/e"," ","781.50"
"14/01/2017 22:00:00 - 14/01/2017 23:00:00","BZN|DK1","659.46","n/e"," ","742.50"
"14/01/2017 23:00:00 - 15/01/2017 00:00:00","BZN|DK1","665.21","n/e"," ","726.14"
"15/01/2017 00:00:00 - 15/01/2017 01:00:00","BZN|DK1","668.80","n/e"," ","701.19"
"15/01/2017 01:00:00 - 15/01/2017 02:00:00","BZN|DK1","668.94","n/e"," ","694.18"
"15/01/2017 02:00:00 - 15/01/2017 03:00:00","BZN|DK1","674.33","n/e"," ","680.68"
"15/01/2017 03:00:00 - 15/01/2017 04:00:00","BZN|DK1","610.64","n/e"," ","644.56"
"15/01/2017 04:00:00 - 15/01/2017 05:00:00","BZN|DK1","605.02","n/e"," ","600.69"
"15/01/2017 05:00:00 - 15/01/2017 06:00:00","BZN|DK1","487.05","n/e"," ","485.45"
"15/01/2017 06:00:00 - 15/01/2017 07:00:00","BZN|DK1","399.13","n/e"," ","372.58"
"15/01/2017 07:00:00 - 15/01/2017 08:00:00","BZN|DK1","256.74","n/e"," ","250.32"
"15/01/2017 08:00:00 - 15/01/2017 09:00:00","BZN|DK1","234.81","n/e"," ","171.26"
"15/01/2017 09:00:00 - 15/01/2017 10:00:00","BZN|DK1","235.17","n/e"," ","155.55"
"15/01/2017 10:00:00 - 15/01/2017 11:00:00","BZN|DK1","237.92","n/e"," ","177.04"
"15/01/2017 11:00:00 - 15/01/2017 12:00:00","BZN|DK1","207.96","n/e"," ","160.29"
"15/01/2017 12:00:00 - 15/01/2017 13:00:00","BZN|DK1","183.00","n/e"," ","162.95"
"15/01/2017 13:00:00 - 15/01/2017 14:00:00","BZN|DK1","173.75","n/e"," ","169.66"
"15/01/2017 14:00:00 - 15/01/2017 15:00:00","BZN|DK1","178.29","n/e"," ","176.74"
"15/01/2017 15:00:00 - 15/01/2017 16:00:00","BZN|DK1","188.17","n/e"," ","173.01"
"15/01/2017 16:00:00 - 15/01/2017 17:00:00","BZN|DK1","201.46","n/e"," ","166.72"
"15/01/2017 17:00:00 - 15/01/2017 18:00:00","BZN|DK1","197.42","n/e"," ","177.74"
"15/01/2017 18:00:00 - 15/01/2017 19:00:00","BZN|DK1","187.58","n/e"," ","167.14"
"15/01/2017 19:00:00 - 15/01/2017 20:00:00","BZN|DK1","173.08","n/e"," ","188.72"
"15/01/2017 20:00:00 - 15/01/2017 21:00:00","BZN|DK1","155.92","n/e"," ","151.11"
"15/01/2017 21:00:00 - 15/01/2017 22:00:00","BZN|DK1","144.33","n/e"," ","118.39"
"15/01/2017 22:00:00 - 15/01/2017 23:00:00","BZN|DK1","137.79","n/e"," ","110.16"
"15/01/2017 23:00:00 - 16/01/2017 00:00:00","BZN|DK1","131.96","n/e"," ","143.60"
"16/01/2017 00:00:00 - 16/01/2017 01:00:00","BZN|DK1","114.83","n/e"," ","115.54"
"16/01/2017 01:00:00 - 16/01/2017 02:00:00","BZN|DK1","100.95","n/e"," ","97.71"
"16/01/2017 02:00:00 - 16/01/2017 03:00:00","BZN|DK1","79.49","n/e"," ","89.51"
"16/01/2017 03:00:00 - 16/01/2017 04:00:00","BZN|DK1","106.00","n/e"," ","109.75"
"16/01/2017 04:00:00 - 16/01/2017 05:00:00","BZN|DK1","97.38","n/e"," ","101.31"
"16/01/2017 05:00:00 - 16/01/2017 06:00:00","BZN|DK1","114.92","n/e"," ","123.22"
"16/01/2017 06:00:00 - 16/01/2017 07:00:00","BZN|DK1","104.20","n/e"," ","110.89"
"16/01/2017 07:00:00 - 16/01/2017 08:00:00","BZN|DK1","114.42","n/e"," ","116.06"
"16/01/2017 08:00:00 - 16/01/2017 09:00:00","BZN|DK1","120.63","n/e"," ","129.89"
"16/01/2017 09:00:00 - 16/01/2017 10:00:00","BZN|DK1","130.71","n/e"," ","149.41"
"16/01/2017 10:00:00 - 16/01/2017 11:00:00","BZN|DK1","135.29","n/e"," ","126.83"
"16/01/2017 11:00:00 - 16/01/2017 12:00:00","BZN|DK1","137.04","n/e"," ","168.47"
"16/01/2017 12:00:00 - 16/01/2017 13:00:00","BZN|DK1","131.21","n/e"," ","178.60"
"16/01/2017 13:00:00 - 16/01/2017 14:00:00","BZN|DK1","125.63","n/e"," ","143.02"
"16/01/2017 14:00:00 - 16/01/2017 15:00:00","BZN|DK1","117.54","n/e"," ","168.77"
"16/01/2017 15:00:00 - 16/01/2017 16:00:00","BZN|DK1","103.75","n/e"," ","155.14"
"16/01/2017 16:00:00 - 16/01/2017 17:00:00","BZN|DK1","95.00","n/e"," ","122.46"
"16/01/2017 17:00:00 - 16/01/2017 18:00:00","BZN|DK1","76.13","n/e"," ","68.77"
"16/01/2017 18:00:00 - 16/01/2017 19:00:00","BZN|DK1","58.42","n/e"," ","35.02"
"16/01/2017 19:00:00 - 16/01/2017 20:00:00","BZN|DK1","44.33","n/e"," ","66.44"
"16/01/2017 20:00:00 - 16/01/2017 21:00:00","BZN|DK1","34.71","n/e"," ","72.45"
"16/01/2017 21:00:00 - 16/01/2017 22:00:00","BZN|DK1","25.92","n/e"," ","64.77"
"16/01/2017 22:00:00 - 16/01/2017 23:00:00","BZN|DK1","18.33","n/e"," ","36.53"
"16/01/2017 23:00:00 - 17/01/2017 00:00:00","BZN|DK1","12.50","n/e"," ","17.12"
"17/01/2017 00:00:00 - 17/01/2017 01:00:00","BZN|DK1","3.40","n/e"," ","4.53"
"17/01/2017 01:00:00 - 17/01/2017 02:00:00","BZN|DK1","0.19","n/e"," ","4.64"
"17/01/2017 02:00:00 - 17/01/2017 03:00:00","BZN|DK1","4.33","n/e"," ","11.21"
"17/01/2017 03:00:00 - 17/01/2017 04:00:00","BZN|DK1","8.57","n/e"," ","17.74"
"17/01/2017 04:00:00 - 17/01/2017 05:00:00","BZN|DK1","12.40","n/e"," ","20.64"
"17/01/2017 05:00:00 - 17/01/2017 06:00:00","BZN|DK1","20.67","n/e"," ","28.39"
"17/01/2017 06:00:00 - 17/01/2017 07:00:00","BZN|DK1","27.98","n/e"," ","35.91"
"17/01/2017 07:00:00 - 17/01/2017 08:00:00","BZN|DK1","30.88","n/e"," ","34.99"
"17/01/2017 08:00:00 - 17/01/2017 09:00:00","BZN|DK1","44.42","n/e"," ","66.97"
"17/01/2017 09:00:00 - 17/01/2017 10:00:00","BZN|DK1","61.08","n/e"," ","107.37"
"17/01/2017 10:00:00 - 17/01/2017 11:00:00","BZN|DK1","95.75","n/e"," ","165.00"
"17/01/2017 11:00:00 - 17/01/2017 12:00:00","BZN|DK1","146.13","n/e"," ","225.05"
"17/01/2017 12:00:00 - 17/01/2017 13:00:00","BZN|DK1","202.33","n/e"," ","264.30"
"17/01/2017 13:00:00 - 17/01/2017 14:00:00","BZN|DK1","247.88","n/e"," ","231.13"
"17/01/2017 14:00:00 - 17/01/2017 15:00:00","BZN|DK1","279.00","n/e"," ","249.76"
"17/01/2017 15:00:00 - 17/01/2017 16:00:00","BZN|DK1","302.67","n/e"," ","295.19"
"17/01/2017 16:00:00 - 17/01/2017 17:00:00","BZN|DK1","327.46","n/e"," ","362.50"
"17/01/2017 17:00:00 - 17/01/2017 18:00:00","BZN|DK1","356.00","n/e"," ","445.40"
"17/01/2017 18:00:00 - 17/01/2017 19:00:00","BZN|DK1","390.75","n/e"," ","444.81"
"17/01/2017 19:00:00 - 17/01/2017 20:00:00","BZN|DK1","429.33","n/e"," ","447.99"
"17/01/2017 20:00:00 - 17/01/2017 21:00:00","BZN|DK1","486.67","n/e"," ","481.19"
"17/01/2017 21:00:00 - 17/01/2017 22:00:00","BZN|DK1","529.67","n/e"," ","569.67"
"17/01/2017 22:00:00 - 17/01/2017 23:00:00","BZN|DK1","560.67","n/e"," ","615.75"
"17/01/2017 23:00:00 - 18/01/2017 00:00:00","BZN|DK1","583.46","n/e"," ","620.27"
"18/01/2017 00:00:00 - 18/01/2017 01:00:00","BZN|DK1","555.19","n/e"," ","590.68"
"18/01/2017 01:00:00 - 18/01/2017 02:00:00","BZN|DK1","557.48","n/e"," ","590.55"
"18/01/2017 02:00:00 - 18/01/2017 03:00:00","BZN|DK1","577.88","n/e"," ","598.14"
"18/01/2017 03:00:00 - 18/01/2017 04:00:00","BZN|DK1","559.90","n/e"," ","610.16"
"18/01/2017 04:00:00 - 18/01/2017 05:00:00","BZN|DK1","576.43","n/e"," ","617.36"
"18/01/2017 05:00:00 - 18/01/2017 06:00:00","BZN|DK1","562.52","n/e"," ","603.84"
"18/01/2017 06:00:00 - 18/01/2017 07:00:00","BZN|DK1","554.38","n/e"," ","607.80"
"18/01/2017 07:00:00 - 18/01/2017 08:00:00","BZN|DK1","588.60","n/e"," ","648.52"
"18/01/2017 08:00:00 - 18/01/2017 09:00:00","BZN|DK1","571.06","n/e"," ","666.63"
"18/01/2017 09:00:00 - 18/01/2017 10:00:00","BZN|DK1","551.00","n/e"," ","630.61"
"18/01/2017 10:00:00 - 18/01/2017 11:00:00","BZN|DK1","536.96","n/e"," ","594.48"
"18/01/2017 11:00:00 - 18/01/2017 12:00:00","BZN|DK1","522.96","n/e"," ","613.94"
"18/01/2017 12:00:00 - 18/01/2017 13:00:00","BZN|DK1","521.29","n/e"," ","625.92"
"18/01/2017 13:00:00 - 18/01/2017 14:00:00","BZN|DK1","522.29","n/e"," ","662.46"
"18/01/2017 14:00:00 - 18/01/2017 15:00:00","BZN|DK1","523.58","n/e"," ","618.48"
"18/01/2017 15:00:00 - 18/01/2017 16:00:00","BZN|DK1","537.88","n/e"," ","625.70"
"18/01/2017 16:00:00 - 18/01/2017 17:00:00","BZN|DK1","549.79","n/e"," ","632.88"
"18/01/2017 17:00:00 - 18/01/2017 18:00:00","BZN|DK1","554.58","n/e"," ","634.03"
"18/01/2017 18:00:00 - 18/01/2017 19:00:00","BZN|DK1","554.96","n/e"," ","614.81"
"18/01/2017 19:00:00 - 18/01/2017 20:00:00","BZN|DK1","546.00","n/e"," ","591.65"
"18/01/2017 20:00:00 - 18/01/2017 21:00:00","BZN|DK1","532.04","n/e"," ","602.35"
"18/01/2017 21:00:00 - 18/01/2017 22:00:00","BZN|DK1","523.96","n/e"," ","601.12"
"18/01/2017 22:00:00 - 18/01/2017 23:00:00","BZN|DK1","516.92","n/e"," ","592.08"
"18/01/2017 23:00:00 - 19/01/2017 00:00:00","BZN|DK1","509.83","n/e"," ","563.97"
"19/01/2017 00:00:00 - 19/01/2017 01:00:00","BZN|DK1","500.83","n/e"," ","548.02"
"19/01/2017 01:00:00 - 19/01/2017 02:00:00","BZN|DK1","486.30","n/e"," ","519.04"
"19/01/2017 02:00:00 - 19/01/2017 03:00:00","BZN|DK1","475.33","n/e"," ","501.86"
"19/01/2017 03:00:00 - 19/01/2017 04:00:00","BZN|DK1","464.42","n/e"," ","500.11"
"19/01/2017 04:00:00 - 19/01/2017 05:00:00","BZN|DK1","483.13","n/e"," ","518.14"
"19/01/2017 05:00:00 - 19/01/2017 06:00:00","BZN|DK1","499.66","n/e"," ","532.33"
"19/01/2017 06:00:00 - 19/01/2017 07:00:00","BZN|DK1","493.27","n/e"," ","533.84"
"19/01/2017 07:00:00 - 19/01/2017 08:00:00","BZN|DK1","493.99","n/e"," ","525.63"
"19/01/2017 08:00:00 - 19/01/2017 09:00:00","BZN|DK1","484.07","n/e"," ","509.71"
"19/01/2017 09:00:00 - 19/01/2017 10:00:00","BZN|DK1","492.25","n/e"," ","497.91"
"19/01/2017 10:00:00 - 19/01/2017 11:00:00","BZN|DK1","491.38","n/e"," ","500.51"
"19/01/2017 11:00:00 - 19/01/2017 12:00:00","BZN|DK1","486.38","n/e"," ","485.32"
"19/01/2017 12:00:00 - 19/01/2017 13:00:00","BZN|DK1","486.71","n/e"," ","503.29"
"19/01/2017 13:00:00 - 19/01/2017 14:00:00","BZN|DK1","487.71","n/e"," ","514.65"
"19/01/2017 14:00:00 - 19/01/2017 15:00:00","BZN|DK1","486.75","n/e"," ","552.50"
"19/01/2017 15:00:00 - 19/01/2017 16:00:00","BZN|DK1","484.33","n/e"," ","535.82"
"19/01/2017 16:00:00 - 19/01/2017 17:00:00","BZN|DK1","478.71","n/e"," ","536.72"
"19/01/2017 17:00:00 - 19/01/2017 18:00:00","BZN|DK1","472.50","n/e"," ","537.66"
"19/01/2017 18:00:00 - 19/01/2017 19:00:00","BZN|DK1","462.92","n/e"," ","558.12"
"19/01/2017 19:00:00 - 19/01/2017 20:00:00","BZN|DK1","456.00","n/e"," ","538.29"
"19/01/2017 20:00:00 - 19/01/2017 21:00:00","BZN|DK1","453.42","n/e"," ","515.72"
"19/01/2017 21:00:00 - 19/01/2017 22:00:00","BZN|DK1","452.92","n/e"," ","499.36"
"19/01/2017 22:00:00 - 19/01/2017 23:00:00","BZN|DK1","453.71","n/e"," ","491.29"
"19/01/2017 23:00:00 - 20/01/2017 00:00:00","BZN|DK1","454.46","n/e"," ","462.66"
"20/01/2017 00:00:00 - 20/01/2017 01:00:00","BZN|DK1","432.37","n/e"," ","462.75"
"20/01/2017 01:00:00 - 20/01/2017 02:00:00","BZN|DK1","441.64","n/e"," ","481.90"
"20/01/2017 02:00:00 - 20/01/2017 03:00:00","BZN|DK1","450.40","n/e"," ","496.44"
"20/01/2017 03:00:00 - 20/01/2017 04:00:00","BZN|DK1","459.62","n/e"," ","511.68"
"20/01/2017 04:00:00 - 20/01/2017 05:00:00","BZN|DK1","438.88","n/e"," ","477.63"
"20/01/2017 05:00:00 - 20/01/2017 06:00:00","BZN|DK1","435.83","n/e"," ","474.66"
"20/01/2017 06:00:00 - 20/01/2017 07:00:00","BZN|DK1","433.76","n/e"," ","484.22"
"20/01/2017 07:00:00 - 20/01/2017 08:00:00","BZN|DK1","452.36","n/e"," ","501.55"
"20/01/2017 08:00:00 - 20/01/2017 09:00:00","BZN|DK1","450.59","n/e"," ","507.54"
"20/01/2017 09:00:00 - 20/01/2017 10:00:00","BZN|DK1","453.63","n/e"," ","493.56"
"20/01/2017 10:00:00 - 20/01/2017 11:00:00","BZN|DK1","453.88","n/e"," ","497.51"
"20/01/2017 11:00:00 - 20/01/2017 12:00:00","BZN|DK1","454.96","n/e"," ","491.38"
"20/01/2017 12:00:00 - 20/01/2017 13:00:00","BZN|DK1","452.96","n/e"," ","493.48"
"20/01/2017 13:00:00 - 20/01/2017 14:00:00","BZN|DK1","448.71","n/e"," ","484.48"
"20/01/2017 14:00:00 - 20/01/2017 15:00:00","BZN|DK1","442.33","n/e"," ","491.65"
"20/01/2017 15:00:00 - 20/01/2017 16:00:00","BZN|DK1","435.96","n/e"," ","502.85"
"20/01/2017 16:00:00 - 20/01/2017 17:00:00","BZN|DK1","433.04","n/e"," ","508.28"
"20/01/2017 17:00:00 - 20/01/2017 18:00:00","BZN|DK1","435.25","n/e"," ","471.32"
"20/01/2017 18:00:00 - 20/01/2017 19:00:00","BZN|DK1","436.83","n/e"," ","445.32"
"20/01/2017 19:00:00 - 20/01/2017 20:00:00","BZN|DK1","429.50","n/e"," ","384.90"
"20/01/2017 20:00:00 - 20/01/2017 21:00:00","BZN|DK1","417.96","n/e"," ","385.57"
"20/01/2017 21:00:00 - 20/01/2017 22:00:00","BZN|DK1","404.33","n/e"," ","365.24"
"20/01/2017 22:00:00 - 20/01/2017 23:00:00","BZN|DK1","403.25","n/e"," ","329.25"
"20/01/2017 23:00:00 - 21/01/2017 00:00:00","BZN|DK1","386.50","n/e"," ","364.59"
"21/01/2017 00:00:00 - 21/01/2017 01:00:00","BZN|DK1","276.02","n/e"," ","304.64"
"21/01/2017 01:00:00 - 21/01/2017 02:00:00","BZN|DK1","226.65","n/e"," ","251.41"
"21/01/2017 02:00:00 - 21/01/2017 03:00:00","BZN|DK1","200.21","n/e"," ","228.04"
"21/01/2017 03:00:00 - 21/01/2017 04:00:00","BZN|DK1","177.13","n/e"," ","195.11"
"21/01/2017 04:00:00 - 21/01/2017 05:00:00","BZN|DK1","123.59","n/e"," ","138.27"
"21/01/2017 05:00:00 - 21/01/2017 06:00:00","BZN|DK1","102.67","n/e"," ","116.69"
"21/01/2017 06:00:00 - 21/01/2017 07:00:00","BZN|DK1","103.35","n/e"," ","121.18"
"21/01/2017 07:00:00 - 21/01/2017 08:00:00","BZN|DK1","97.63","n/e"," ","111.39"
"21/01/2017 08:00:00 - 21/01/2017 09:00:00","BZN|DK1","95.90","n/e"," ","107.92"
"21/01/2017 09:00:00 - 21/01/2017 10:00:00","BZN|DK1","83.71","n/e"," ","97.01"
"21/01/2017 10:00:00 - 21/01/2017 11:00:00","BZN|DK1","68.04","n/e"," ","95.65"
"21/01/2017 11:00:00 - 21/01/2017 12:00:00","BZN|DK1","59.21","n/e"," ","51.78"
"21/01/2017 12:00:00 - 21/01/2017 13:00:00","BZN|DK1","53.08","n/e"," ","29.78"
"21/01/2017 13:00:00 - 21/01/2017 14:00:00","BZN|DK1","45.00","n/e"," ","11.79"
"21/01/2017 14:00:00 - 21/01/2017 15:00:00","BZN|DK1","32.71","n/e"," ","10.07"
"21/01/2017 15:00:00 - 21/01/2017 16:00:00","BZN|DK1","16.21","n/e"," ","7.24"
"21/01/2017 16:00:00 - 21/01/2017 17:00:00","BZN|DK1","11.50","n/e"," ","6.52"
"21/01/2017 17:00:00 - 21/01/2017 18:00:00","BZN|DK1","11.21","n/e"," ","5.36"
"21/01/2017 18:00:00 - 21/01/2017 19:00:00","BZN|DK1","13.04","n/e"," ","4.80"
"21/01/2017 19:00:00 - 21/01/2017 20:00:00","BZN|DK1","19.25","n/e"," ","3.47"
"21/01/2017 20:00:00 - 21/01/2017 21:00:00","BZN|DK1","29.46","n/e"," ","2.74"
"21/01/2017 21:00:00 - 21/01/2017 22:00:00","BZN|DK1","39.08","n/e"," ","2.43"
"21/01/2017 22:00:00 - 21/01/2017 23:00:00","BZN|DK1","44.38","n/e"," ","12.63"
"21/01/2017 23:00:00 - 22/01/2017 00:00:00","BZN|DK1","47.63","n/e"," ","35.70"
"22/01/2017 00:00:00 - 22/01/2017 01:00:00","BZN|DK1","23.45","n/e"," ","22.75"
"22/01/2017 01:00:00 - 22/01/2017 02:00:00","BZN|DK1","20.10","n/e"," ","17.59"
"22/01/2017 02:00:00 - 22/01/2017 03:00:00","BZN|DK1","14.44","n/e"," ","10.93"
"22/01/2017 03:00:00 - 22/01/2017 04:00:00","BZN|DK1","5.14","n/e"," ","1.76"
"22/01/2017 04:00:00 - 22/01/2017 05:00:00","BZN|DK1","12.93","n/e"," ","4.67"
"22/01/2017 05:00:00 - 22/01/2017 06:00:00","BZN|DK1","21.18","n/e"," ","5.33"
"22/01/2017 06:00:00 - 22/01/2017 07:00:00","BZN|DK1","25.56","n/e"," ","5.13"
"22/01/2017 07:00:00 - 22/01/2017 08:00:00","BZN|DK1","21.77","n/e"," ","14.68"
"22/01/2017 08:00:00 - 22/01/2017 09:00:00","BZN|DK1","43.83","n/e"," ","54.56"
"22/01/2017 09:00:00 - 22/01/2017 10:00:00","BZN|DK1","53.54","n/e"," ","71.73"
"22/01/2017 10:00:00 - 22/01/2017 11:00:00","BZN|DK1","59.33","n/e"," ","67.60"
"22/01/2017 11:00:00 - 22/01/2017 12:00:00","BZN|DK1","63.58","n/e"," ","63.90"
"22/01/2017 12:00:00 - 22/01/2017 13:00:00","BZN|DK1","63.17","n/e"," ","46.76"
"22/01/2017 13:00:00 - 22/01/2017 14:00:00","BZN|DK1","64.67","n/e"," ","44.34"
"22/01/2017 14:00:00 - 22/01/2017 15:00:00","BZN|DK1","69.13","n/e"," ","40.26"
"22/01/2017 15:00:00 - 22/01/2017 16:00:00","BZN|DK1","68.04","n/e"," ","59.23"
"22/01/2017 16:00:00 - 22/01/2017 17:00:00","BZN|DK1","69.88","n/e"," ","52.18"
"22/01/2017 17:00:00 - 22/01/2017 18:00:00","BZN|DK1","79.54","n/e"," ","44.90"
"22/01/2017 18:00:00 - 22/01/2017 19:00:00","BZN|DK1","85.04","n/e"," ","45.23"
"22/01/2017 19:00:00 - 22/01/2017 20:00:00","BZN|DK1","79.33","n/e"," ","50.88"
"22/01/2017 20:00:00 - 22/01/2017 21:00:00","BZN|DK1","81.08","n/e"," ","56.37"
"22/01/2017 21:00:00 - 22/01/2017 22:00:00","BZN|DK1","85.67","n/e"," ","73.89"
"22/01/2017 22:00:00 - 22/01/2017 23:00:00","BZN|DK1","92.33","n/e"," ","69.36"
"22/01/2017 23:00:00 - 23/01/2017 00:00:00","BZN|DK1","111.71","n/e"," ","73.22"
"23/01/2017 00:00:00 - 23/01/2017 01:00:00","BZN|DK1","61.25","n/e"," ","62.13"
"23/01/2017 01:00:00 - 23/01/2017 02:00:00","BZN|DK1","55.40","n/e"," ","56.09"
"23/01/2017 02:00:00 - 23/01/2017 03:00:00","BZN|DK1","63.36","n/e"," ","67.23"
"23/01/2017 03:00:00 - 23/01/2017 04:00:00","BZN|DK1","83.72","n/e"," ","94.66"
"23/01/2017 04:00:00 - 23/01/2017 05:00:00","BZN|DK1","113.08","n/e"," ","112.41"
"23/01/2017 05:00:00 - 23/01/2017 06:00:00","BZN|DK1","65.56","n/e"," ","56.61"
"23/01/2017 06:00:00 - 23/01/2017 07:00:00","BZN|DK1","93.05","n/e"," ","108.21"
"23/01/2017 07:00:00 - 23/01/2017 08:00:00","BZN|DK1","159.26","n/e"," ","173.01"
"23/01/2017 08:00:00 - 23/01/2017 09:00:00","BZN|DK1","163.34","n/e"," ","196.07"
"23/01/2017 09:00:00 - 23/01/2017 10:00:00","BZN|DK1","143.00","n/e"," ","183.55"
"23/01/2017 10:00:00 - 23/01/2017 11:00:00","BZN|DK1","136.17","n/e"," ","192.72"
"23/01/2017 11:00:00 - 23/01/2017 12:00:00","BZN|DK1","146.00","n/e"," ","178.37"
"23/01/2017 12:00:00 - 23/01/2017 13:00:00","BZN|DK1","158.46","n/e"," ","263.00"
"23/01/2017 13:00:00 - 23/01/2017 14:00:00","BZN|DK1","172.63","n/e"," ","315.90"
"23/01/2017 14:00:00 - 23/01/2017 15:00:00","BZN|DK1","200.42","n/e"," ","260.72"
"23/01/2017 15:00:00 - 23/01/2017 16:00:00","BZN|DK1","206.96","n/e"," ","261.49"
"23/01/2017 16:00:00 - 23/01/2017 17:00:00","BZN|DK1","205.75","n/e"," ","212.85"
"23/01/2017 17:00:00 - 23/01/2017 18:00:00","BZN|DK1","212.04","n/e"," ","235.62"
"23/01/2017 18:00:00 - 23/01/2017 19:00:00","BZN|DK1","223.96","n/e"," ","223.92"
"23/01/2017 19:00:00 - 23/01/2017 20:00:00","BZN|DK1","226.21","n/e"," ","221.61"
"23/01/2017 20:00:00 - 23/01/2017 21:00:00","BZN|DK1","242.21","n/e"," ","249.41"
"23/01/2017 21:00:00 - 23/01/2017 22:00:00","BZN|DK1","253.83","n/e"," ","269.09"
"23/01/2017 22:00:00 - 23/01/2017 23:00:00","BZN|DK1","256.71","n/e"," ","252.24"
"23/01/2017 23:00:00 - 24/01/2017 00:00:00","BZN|DK1","272.42","n/e"," ","224.66"
"24/01/2017 00:00:00 - 24/01/2017 01:00:00","BZN|DK1","173.17","n/e"," ","181.96"
"24/01/2017 01:00:00 - 24/01/2017 02:00:00","BZN|DK1","137.73","n/e"," ","147.17"
"24/01/2017 02:00:00 - 24/01/2017 03:00:00","BZN|DK1","115.16","n/e"," ","127.91"
"24/01/2017 03:00:00 - 24/01/2017 04:00:00","BZN|DK1","126.32","n/e"," ","135.09"
"24/01/2017 04:00:00 - 24/01/2017 05:00:00","BZN|DK1","104.06","n/e"," ","110.60"
"24/01/2017 05:00:00 - 24/01/2017 06:00:00","BZN|DK1","78.75","n/e"," ","95.33"
"24/01/2017 06:00:00 - 24/01/2017 07:00:00","BZN|DK1","91.46","n/e"," ","102.41"
"24/01/2017 07:00:00 - 24/01/2017 08:00:00","BZN|DK1","115.78","n/e"," ","130.13"
"24/01/2017 08:00:00 - 24/01/2017 09:00:00","BZN|DK1","124.76","n/e"," ","150.90"
"24/01/2017 09:00:00 - 24/01/2017 10:00:00","BZN|DK1","133.17","n/e"," ","166.15"
"24/01/2017 10:00:00 - 24/01/2017 11:00:00","BZN|DK1","148.54","n/e"," ","132.11"
"24/01/2017 11:00:00 - 24/01/2017 12:00:00","BZN|DK1","162.33","n/e"," ","169.79"
"24/01/2017 12:00:00 - 24/01/2017 13:00:00","BZN|DK1","173.17","n/e"," ","262.45"
"24/01/2017 13:00:00 - 24/01/2017 14:00:00","BZN|DK1","188.79","n/e"," ","266.92"
"24/01/2017 14:00:00 - 24/01/2017 15:00:00","BZN|DK1","188.83","n/e"," ","304.79"
"24/01/2017 15:00:00 - 24/01/2017 16:00:00","BZN|DK1","184.71","n/e"," ","278.39"
"24/01/2017 16:00:00 - 24/01/2017 17:00:00","BZN|DK1","184.83","n/e"," ","259.60"
"24/01/2017 17:00:00 - 24/01/2017 18:00:00","BZN|DK1","199.17","n/e"," ","238.42"
"24/01/2017 18:00:00 - 24/01/2017 19:00:00","BZN|DK1","218.71","n/e"," ","225.79"
"24/01/2017 19:00:00 - 24/01/2017 20:00:00","BZN|DK1","230.33","n/e"," ","254.64"
"24/01/2017 20:00:00 - 24/01/2017 21:00:00","BZN|DK1","237.92","n/e"," ","273.43"
"24/01/2017 21:00:00 - 24/01/2017 22:00:00","BZN|DK1","237.79","n/e"," ","301.72"
"24/01/2017 22:00:00 - 24/01/2017 23:00:00","BZN|DK1","231.63","n/e"," ","359.51"
"24/01/2017 23:00:00 - 25/01/2017 00:00:00","BZN|DK1","242.46","n/e"," ","426.02"
"25/01/2017 00:00:00 - 25/01/2017 01:00:00","BZN|DK1","472.19","n/e"," ","500.40"
"25/01/2017 01:00:00 - 25/01/2017 02:00:00","BZN|DK1","417.06","n/e"," ","436.84"
"25/01/2017 02:00:00 - 25/01/2017 03:00:00","BZN|DK1","342.46","n/e"," ","362.23"
"25/01/2017 03:00:00 - 25/01/2017 04:00:00","BZN|DK1","300.74","n/e"," ","336.02"
"25/01/2017 04:00:00 - 25/01/2017 05:00:00","BZN|DK1","334.11","n/e"," ","359.47"
"25/01/2017 05:00:00 - 25/01/2017 06:00:00","BZN|DK1","330.61","n/e"," ","361.73"
"25/01/2017 06:00:00 - 25/01/2017 07:00:00","BZN|DK1","347.40","n/e"," ","368.99"
"25/01/2017 07:00:00 - 25/01/2017 08:00:00","BZN|DK1","368.94","n/e"," ","399.62"
"25/01/2017 08:00:00 - 25/01/2017 09:00:00","BZN|DK1","334.35","n/e"," ","351.06"
"25/01/2017 09:00:00 - 25/01/2017 10:00:00","BZN|DK1","313.54","n/e"," ","270.54"
"25/01/2017 10:00:00 - 25/01/2017 11:00:00","BZN|DK1","291.46","n/e"," ","270.84"
"25/01/2017 11:00:00 - 25/01/2017 12:00:00","BZN|DK1","260.92","n/e"," ","301.42"
"25/01/2017 12:00:00 - 25/01/2017 13:00:00","BZN|DK1","225.96","n/e"," ","272.24"
"25/01/2017 13:00:00 - 25/01/2017 14:00:00","BZN|DK1","198.83","n/e"," ","248.71"
"25/01/2017 14:00:00 - 25/01/2017 15:00:00","BZN|DK1","174.46","n/e"," ","185.89"
"25/01/2017 15:00:00 - 25/01/2017 16:00:00","BZN|DK1","154.92","n/e"," ","138.54"
"25/01/2017 16:00:00 - 25/01/2017 17:00:00","BZN|DK1","144.04","n/e"," ","122.52"
"25/01/2017 17:00:00 - 25/01/2017 18:00:00","BZN|DK1","142.79","n/e"," ","109.77"
"25/01/2017 18:00:00 - 25/01/2017 19:00:00","BZN|DK1","148.54","n/e"," ","120.32"
"25/01/2017 19:00:00 - 25/01/2017 20:00:00","BZN|DK1","160.58","n/e"," ","125.44"
"25/01/2017 20:00:00 - 25/01/2017 21:00:00","BZN|DK1","172.46","n/e"," ","120.35"
"25/01/2017 21:00:00 - 25/01/2017 22:00:00","BZN|DK1","176.13","n/e"," ","148.43"
"25/01/2017 22:00:00 - 25/01/2017 23:00:00","BZN|DK1","181.08","n/e"," ","169.00"
"25/01/2017 23:00:00 - 26/01/2017 00:00:00","BZN|DK1","186.92","n/e"," ","187.14"
"26/01/2017 00:00:00 - 26/01/2017 01:00:00","BZN|DK1","217.34","n/e"," ","240.34"
"26/01/2017 01:00:00 - 26/01/2017 02:00:00","BZN|DK1","266.48","n/e"," ","281.00"
"26/01/2017 02:00:00 - 26/01/2017 03:00:00","BZN|DK1","306.13","n/e"," ","327.05"
"26/01/2017 03:00:00 - 26/01/2017 04:00:00","BZN|DK1","339.04","n/e"," ","339.86"
"26/01/2017 04:00:00 - 26/01/2017 05:00:00","BZN|DK1","239.70","n/e"," ","221.99"
"26/01/2017 05:00:00 - 26/01/2017 06:00:00","BZN|DK1","186.21","n/e"," ","191.30"
"26/01/2017 06:00:00 - 26/01/2017 07:00:00","BZN|DK1","192.29","n/e"," ","196.10"
"26/01/2017 07:00:00 - 26/01/2017 08:00:00","BZN|DK1","183.58","n/e"," ","176.43"
"26/01/2017 08:00:00 - 26/01/2017 09:00:00","BZN|DK1","186.21","n/e"," ","163.47"
"26/01/2017 09:00:00 - 26/01/2017 10:00:00","BZN|DK1","203.46","n/e"," ","157.85"
"26/01/2017 10:00:00 - 26/01/2017 11:00:00","BZN|DK1","238.88","n/e"," ","157.44"
"26/01/2017 11:00:00 - 26/01/2017 12:00:00","BZN|DK1","244.17","n/e"," ","211.52"
"26/01/2017 12:00:00 - 26/01/2017 13:00:00","BZN|DK1","247.42","n/e"," ","229.98"
"26/01/2017 13:00:00 - 26/01/2017 14:00:00","BZN|DK1","254.13","n/e"," ","273.19"
"26/01/2017 14:00:00 - 26/01/2017 15:00:00","BZN|DK1","264.96","n/e"," ","304.96"
"26/01/2017 15:00:00 - 26/01/2017 16:00:00","BZN|DK1","272.17","n/e"," ","267.67"
"26/01/2017 16:00:00 - 26/01/2017 17:00:00","BZN|DK1","285.58","n/e"," ","285.29"
"26/01/2017 17:00:00 - 26/01/2017 18:00:00","BZN|DK1","299.29","n/e"," ","306.21"
"26/01/2017 18:00:00 - 26/01/2017 19:00:00","BZN|DK1","315.08","n/e"," ","306.60"
"26/01/2017 19:00:00 - 26/01/2017 20:00:00","BZN|DK1","322.88","n/e"," ","317.43"
"26/01/2017 20:00:00 - 26/01/2017 21:00:00","BZN|DK1","325.29","n/e"," ","355.98"
"26/01/2017 21:00:00 - 26/01/2017 22:00:00","BZN|DK1","327.04","n/e"," ","402.80"
"26/01/2017 22:00:00 - 26/01/2017 23:00:00","BZN|DK1","327.29","n/e"," ","413.97"
"26/01/2017 23:00:00 - 27/01/2017 00:00:00","BZN|DK1","326.25","n/e"," ","396.75"
"27/01/2017 00:00:00 - 27/01/2017 01:00:00","BZN|DK1","353.34","n/e"," ","374.03"
"27/01/2017 01:00:00 - 27/01/2017 02:00:00","BZN|DK1","320.06","n/e"," ","334.83"
"27/01/2017 02:00:00 - 27/01/2017 03:00:00","BZN|DK1","305.60","n/e"," ","326.23"
"27/01/2017 03:00:00 - 27/01/2017 04:00:00","BZN|DK1","346.52","n/e"," ","376.65"
"27/01/2017 04:00:00 - 27/01/2017 05:00:00","BZN|DK1","444.35","n/e"," ","471.93"
"27/01/2017 05:00:00 - 27/01/2017 06:00:00","BZN|DK1","477.32","n/e"," ","505.02"
"27/01/2017 06:00:00 - 27/01/2017 07:00:00","BZN|DK1","513.21","n/e"," ","540.87"
"27/01/2017 07:00:00 - 27/01/2017 08:00:00","BZN|DK1","537.46","n/e"," ","579.78"
"27/01/2017 08:00:00 - 27/01/2017 09:00:00","BZN|DK1","570.57","n/e"," ","602.63"
"27/01/2017 09:00:00 - 27/01/2017 10:00:00","BZN|DK1","570.92","n/e"," ","601.74"
"27/01/2017 10:00:00 - 27/01/2017 11:00:00","BZN|DK1","597.58","n/e"," ","580.98"
"27/01/2017 11:00:00 - 27/01/2017 12:00:00","BZN|DK1","626.08","n/e"," ","585.93"
"27/01/2017 12:00:00 - 27/01/2017 13:00:00","BZN|DK1","640.33","n/e"," ","602.38"
"27/01/2017 13:00:00 - 27/01/2017 14:00:00","BZN|DK1","640.38","n/e"," ","582.03"
"27/01/2017 14:00:00 - 27/01/2017 15:00:00","BZN|DK1","628.42","n/e"," ","568.60"
"27/01/2017 15:00:00 - 27/01/2017 16:00:00","BZN|DK1","613.42","n/e"," ","583.66"
"27/01/2017 16:00:00 - 27/01/2017 17:00:00","BZN|DK1","577.21","n/e"," ","593.30"
"27/01/2017 17:00:00 - 27/01/2017 18:00:00","BZN|DK1","527.67","n/e"," ","540.44"
"27/01/2017 18:00:00 - 27/01/2017 19:00:00","BZN|DK1","461.96","n/e"," ","519.05"
"27/01/2017 19:00:00 - 27/01/2017 20:00:00","BZN|DK1","376.96","n/e"," ","423.71"
"27/01/2017 20:00:00 - 27/01/2017 21:00:00","BZN|DK1","310.29","n/e"," ","284.96"
"27/01/2017 21:00:00 - 27/01/2017 22:00:00","BZN|DK1","255.67","n/e"," ","216.90"
"27/01/2017 22:00:00 - 27/01/2017 23:00:00","BZN|DK1","226.08","n/e"," ","143.35"
"27/01/2017 23:00:00 - 28/01/2017 00:00:00","BZN|DK1","210.00","n/e"," ","132.67"
"28/01/2017 00:00:00 - 28/01/2017 01:00:00","BZN|DK1","134.19","n/e"," ","138.89"
"28/01/2017 01:00:00 - 28/01/2017 02:00:00","BZN|DK1","133.54","n/e"," ","140.07"
"28/01/2017 02:00:00 - 28/01/2017 03:00:00","BZN|DK1","132.76","n/e"," ","137.31"
"28/01/2017 03:00:00 - 28/01/2017 04:00:00","BZN|DK1","131.10","n/e"," ","134.76"
"28/01/2017 04:00:00 - 28/01/2017 05:00:00","BZN|DK1","177.24","n/e"," ","189.77"
"28/01/2017 05:00:00 - 28/01/2017 06:00:00","BZN|DK1","194.83","n/e"," ","181.91"
"28/01/2017 06:00:00 - 28/01/2017 07:00:00","BZN|DK1","176.10","n/e"," ","188.32"
"28/01/2017 07:00:00 - 28/01/2017 08:00:00","BZN|DK1","232.19","n/e"," ","236.31"
"28/01/2017 08:00:00 - 28/01/2017 09:00:00","BZN|DK1","262.78","n/e"," ","287.71"
"28/01/2017 09:00:00 - 28/01/2017 10:00:00","BZN|DK1","303.67","n/e"," ","373.60"
"28/01/2017 10:00:00 - 28/01/2017 11:00:00","BZN|DK1","334.04","n/e"," ","433.91"
"28/01/2017 11:00:00 - 28/01/2017 12:00:00","BZN|DK1","342.92","n/e"," ","430.01"
"28/01/2017 12:00:00 - 28/01/2017 13:00:00","BZN|DK1","345.25","n/e"," ","365.92"
"28/01/2017 13:00:00 - 28/01/2017 14:00:00","BZN|DK1","349.42","n/e"," ","332.40"
"28/01/2017 14:00:00 - 28/01/2017 15:00:00","BZN|DK1","357.92","n/e"," ","334.38"
"28/01/2017 15:00:00 - 28/01/2017 16:00:00","BZN|DK1","378.46","n/e"," ","399.22"
"28/01/2017 16:00:00 - 28/01/2017 17:00:00","BZN|DK1","413.71","n/e"," ","431.30"
"28/01/2017 17:00:00 - 28/01/2017 18:00:00","BZN|DK1","466.33","n/e"," ","474.24"
"28/01/2017 18:00:00 - 28/01/2017 19:00:00","BZN|DK1","506.83","n/e"," ","546.66"
"28/01/2017 19:00:00 - 28/01/2017 20:00:00","BZN|DK1","491.04","n/e"," ","606.14"
"28/01/2017 20:00:00 - 28/01/2017 21:00:00","BZN|DK1","485.13","n/e"," ","564.76"
"28/01/2017 21:00:00 - 28/01/2017 22:00:00","BZN|DK1","472.13","n/e"," ","458.67"
"28/01/2017 22:00:00 - 28/01/2017 23:00:00","BZN|DK1","449.96","n/e"," ","392.05"
"28/01/2017 23:00:00 - 29/01/2017 00:00:00","BZN|DK1","428.33","n/e"," ","387.69"
"29/01/2017 00:00:00 - 29/01/2017 01:00:00","BZN|DK1","308.71","n/e"," ","311.77"
"29/01/2017 01:00:00 - 29/01/2017 02:00:00","BZN|DK1","265.30","n/e"," ","274.41"
"29/01/2017 02:00:00 - 29/01/2017 03:00:00","BZN|DK1","273.54","n/e"," ","280.96"
"29/01/2017 03:00:00 - 29/01/2017 04:00:00","BZN|DK1","261.03","n/e"," ","264.67"
"29/01/2017 04:00:00 - 29/01/2017 05:00:00","BZN|DK1","368.20","n/e"," ","385.35"
"29/01/2017 05:00:00 - 29/01/2017 06:00:00","BZN|DK1","387.78","n/e"," ","400.38"
"29/01/2017 06:00:00 - 29/01/2017 07:00:00","BZN|DK1","448.30","n/e"," ","482.36"
"29/01/2017 07:00:00 - 29/01/2017 08:00:00","BZN|DK1","495.29","n/e"," ","510.76"
"29/01/2017 08:00:00 - 29/01/2017 09:00:00","BZN|DK1","472.96","n/e"," ","595.33"
"29/01/2017 09:00:00 - 29/01/2017 10:00:00","BZN|DK1","519.92","n/e"," ","600.09"
"29/01/2017 10:00:00 - 29/01/2017 11:00:00","BZN|DK1","563.17","n/e"," ","629.90"
"29/01/2017 11:00:00 - 29/01/2017 12:00:00","BZN|DK1","579.33","n/e"," ","593.89"
"29/01/2017 12:00:00 - 29/01/2017 13:00:00","BZN|DK1","573.00","n/e"," ","540.84"
"29/01/2017 13:00:00 - 29/01/2017 14:00:00","BZN|DK1","553.63","n/e"," ","662.61"
"29/01/2017 14:00:00 - 29/01/2017 15:00:00","BZN|DK1","531.13","n/e"," ","565.35"
"29/01/2017 15:00:00 - 29/01/2017 16:00:00","BZN|DK1","528.33","n/e"," ","529.28"
"29/01/2017 16:00:00 - 29/01/2017 17:00:00","BZN|DK1","513.33","n/e"," ","539.85"
"29/01/2017 17:00:00 - 29/01/2017 18:00:00","BZN|DK1","495.67","n/e"," ","445.43"
"29/01/2017 18:00:00 - 29/01/2017 19:00:00","BZN|DK1","470.29","n/e"," ","525.30"
"29/01/2017 19:00:00 - 29/01/2017 20:00:00","BZN|DK1","416.33","n/e"," ","396.05"
"29/01/2017 20:00:00 - 29/01/2017 21:00:00","BZN|DK1","379.17","n/e"," ","442.62"
"29/01/2017 21:00:00 - 29/01/2017 22:00:00","BZN|DK1","350.33","n/e"," ","464.88"
"29/01/2017 22:00:00 - 29/01/2017 23:00:00","BZN|DK1","329.54","n/e"," ","355.97"
"29/01/2017 23:00:00 - 30/01/2017 00:00:00","BZN|DK1","313.33","n/e"," ","303.66"
"30/01/2017 00:00:00 - 30/01/2017 01:00:00","BZN|DK1","280.58","n/e"," ","295.93"
"30/01/2017 01:00:00 - 30/01/2017 02:00:00","BZN|DK1","250.32","n/e"," ","264.90"
"30/01/2017 02:00:00 - 30/01/2017 03:00:00","BZN|DK1","231.78","n/e"," ","254.25"
"30/01/2017 03:00:00 - 30/01/2017 04:00:00","BZN|DK1","175.07","n/e"," ","178.25"
"30/01/2017 04:00:00 - 30/01/2017 05:00:00","BZN|DK1","188.07","n/e"," ","217.27"
"30/01/2017 05:00:00 - 30/01/2017 06:00:00","BZN|DK1","189.07","n/e"," ","179.99"
"30/01/2017 06:00:00 - 30/01/2017 07:00:00","BZN|DK1","73.21","n/e"," ","74.00"
"30/01/2017 07:00:00 - 30/01/2017 08:00:00","BZN|DK1","67.05","n/e"," ","80.78"
"30/01/2017 08:00:00 - 30/01/2017 09:00:00","BZN|DK1","92.48","n/e"," ","127.49"
"30/01/2017 09:00:00 - 30/01/2017 10:00:00","BZN|DK1","87.58","n/e"," ","106.78"
"30/01/2017 10:00:00 - 30/01/2017 11:00:00","BZN|DK1","63.75","n/e"," ","69.04"
"30/01/2017 11:00:00 - 30/01/2017 12:00:00","BZN|DK1","56.33","n/e"," ","57.55"
"30/01/2017 12:00:00 - 30/01/2017 13:00:00","BZN|DK1","62.75","n/e"," ","46.91"
"30/01/2017 13:00:00 - 30/01/2017 14:00:00","BZN|DK1","81.38","n/e"," ","68.99"
"30/01/2017 14:00:00 - 30/01/2017 15:00:00","BZN|DK1","114.58","n/e"," ","101.44"
"30/01/2017 15:00:00 - 30/01/2017 16:00:00","BZN|DK1","160.54","n/e"," ","134.89"
"30/01/2017 16:00:00 - 30/01/2017 17:00:00","BZN|DK1","216.04","n/e"," ","176.87"
"30/01/2017 17:00:00 - 30/01/2017 18:00:00","BZN|DK1","283.58","n/e"," ","198.02"
"30/01/2017 18:00:00 - 30/01/2017 19:00:00","BZN|DK1","355.46","n/e"," ","278.42"
"30/01/2017 19:00:00 - 30/01/2017 20:00:00","BZN|DK1","412.08","n/e"," ","390.46"
"30/01/2017 20:00:00 - 30/01/2017 21:00:00","BZN|DK1","433.92","n/e"," ","317.18"
"30/01/2017 21:00:00 - 30/01/2017 22:00:00","BZN|DK1","458.29","n/e"," ","314.76"
"30/01/2017 22:00:00 - 30/01/2017 23:00:00","BZN|DK1","476.75","n/e"," ","342.58"
"30/01/2017 23:00:00 - 31/01/2017 00:00:00","BZN|DK1","500.42","n/e"," ","324.08"
"31/01/2017 00:00:00 - 31/01/2017 01:00:00","BZN|DK1","379.65","n/e"," ","393.26"
"31/01/2017 01:00:00 - 31/01/2017 02:00:00","BZN|DK1","394.85","n/e"," ","407.22"
"31/01/2017 02:00:00 - 31/01/2017 03:00:00","BZN|DK1","407.23","n/e"," ","438.39"
"31/01/2017 03:00:00 - 31/01/2017 04:00:00","BZN|DK1","455.78","n/e"," ","497.61"
"31/01/2017 04:00:00 - 31/01/2017 05:00:00","BZN|DK1","424.67","n/e"," ","431.40"
"31/01/2017 05:00:00 - 31/01/2017 06:00:00","BZN|DK1","337.65","n/e"," ","334.67"
"31/01/2017 06:00:00 - 31/01/2017 07:00:00","BZN|DK1","306.79","n/e"," ","321.85"
"31/01/2017 07:00:00 - 31/01/2017 08:00:00","BZN|DK1","342.58","n/e"," ","364.46"
"31/01/2017 08:00:00 - 31/01/2017 09:00:00","BZN|DK1","350.52","n/e"," ","341.31"
"31/01/2017 09:00:00 - 31/01/2017 10:00:00","BZN|DK1","324.96","n/e"," ","285.29"
"31/01/2017 10:00:00 - 31/01/2017 11:00:00","BZN|DK1","268.42","n/e"," ","231.18"
"31/01/2017 11:00:00 - 31/01/2017 12:00:00","BZN|DK1","230.88","n/e"," ","235.66"
"31/01/2017 12:00:00 - 31/01/2017 13:00:00","BZN|DK1","205.29","n/e"," ","225.82"
"31/01/2017 13:00:00 - 31/01/2017 14:00:00","BZN|DK1","190.88","n/e"," ","176.65"
"31/01/2017 14:00:00 - 31/01/2017 15:00:00","BZN|DK1","190.04","n/e"," ","175.34"
"31/01/2017 15:00:00 - 31/01/2017 16:00:00","BZN|DK1","202.50","n/e"," ","171.76"
"31/01/2017 16:00:00 - 31/01/2017 17:00:00","BZN|DK1","218.08","n/e"," ","176.95"
"31/01/2017 17:00:00 - 31/01/2017 18:00:00","BZN|DK1","231.42","n/e"," ","198.84"
"31/01/2017 18:00:00 - 31/01/2017 19:00:00","BZN|DK1","241.83","n/e"," ","222.76"
"31/01/2017 19:00:00 - 31/01/2017 20:00:00","BZN|DK1","262.75","n/e"," ","257.21"
"31/01/2017 20:00:00 - 31/01/2017 21:00:00","BZN|DK1","276.54","n/e"," ","330.82"
"31/01/2017 21:00:00 - 31/01/2017 22:00:00","BZN|DK1","287.08","n/e"," ","374.08"
"31/01/2017 22:00:00 - 31/01/2017 23:00:00","BZN|DK1","286.29","n/e"," ","379.17"
"31/01/2017 23:00:00 - 01/02/2017 00:00:00","BZN|DK1","273.75","n/e"," ","331.82"
"01/02/2017 00:00:00 - 01/02/2017 01:00:00","BZN|DK1","288.48","n/e"," ","283.80"
"01/02/2017 01:00:00 - 01/02/2017 02:00:00","BZN|DK1","278.77","n/e"," ","281.67"
"01/02/2017 02:00:00 - 01/02/2017 03:00:00","BZN|DK1","266.95","n/e"," ","267.68"
"01/02/2017 03:00:00 - 01/02/2017 04:00:00","BZN|DK1","281.18","n/e"," ","304.61"
"01/02/2017 04:00:00 - 01/02/2017 05:00:00","BZN|DK1","302.53","n/e"," ","308.50"
"01/02/2017 05:00:00 - 01/02/2017 06:00:00","BZN|DK1","295.83","n/e"," ","316.90"
"01/02/2017 06:00:00 - 01/02/2017 07:00:00","BZN|DK1","345.55","n/e"," ","382.37"
"01/02/2017 07:00:00 - 01/02/2017 08:00:00","BZN|DK1","387.80","n/e"," ","411.72"
"01/02/2017 08:00:00 - 01/02/2017 09:00:00","BZN|DK1","418.38","n/e"," ","438.41"
"01/02/2017 09:00:00 - 01/02/2017 10:00:00","BZN|DK1","444.38","n/e"," ","491.35"
"01/02/2017 10:00:00 - 01/02/2017 11:00:00","BZN|DK1","448.00","n/e"," ","541.98"
"01/02/2017 11:00:00 - 01/02/2017 12:00:00","BZN|DK1","452.50","n/e"," ","576.80"
"01/02/2017 12:00:00 - 01/02/2017 13:00:00","BZN|DK1","465.29","n/e"," ","591.27"
"01/02/2017 13:00:00 - 01/02/2017 14:00:00","BZN|DK1","480.08","n/e"," ","602.16"
"01/02/2017 14:00:00 - 01/02/2017 15:00:00","BZN|DK1","506.67","n/e"," ","625.44"
"01/02/2017 15:00:00 - 01/02/2017 16:00:00","BZN|DK1","545.79","n/e"," ","657.00"
"01/02/2017 16:00:00 - 01/02/2017 17:00:00","BZN|DK1","592.13","n/e"," ","702.42"
"01/02/2017 17:00:00 - 01/02/2017 18:00:00","BZN|DK1","635.58","n/e"," ","720.90"
"01/02/2017 18:00:00 - 01/02/2017 19:00:00","BZN|DK1","665.88","n/e"," ","716.07"
"01/02/2017 19:00:00 - 01/02/2017 20:00:00","BZN|DK1","690.54","n/e"," ","794.87"
"01/02/2017 20:00:00 - 01/02/2017 21:00:00","BZN|DK1","706.04","n/e"," ","789.11"
"01/02/2017 21:00:00 - 01/02/2017 22:00:00","BZN|DK1","714.38","n/e"," ","788.31"
"01/02/2017 22:00:00 - 01/02/2017 23:00:00","BZN|DK1","720.38","n/e"," ","787.92"
"01/02/2017 23:00:00 - 02/02/2017 00:00:00","BZN|DK1","722.50","n/e"," ","777.85"
"02/02/2017 00:00:00 - 02/02/2017 01:00:00","BZN|DK1","727.92","n/e"," ","789.14"
"02/02/2017 01:00:00 - 02/02/2017 02:00:00","BZN|DK1","711.16","n/e"," ","768.64"
"02/02/2017 02:00:00 - 02/02/2017 03:00:00","BZN|DK1","705.94","n/e"," ","763.03"
"02/02/2017 03:00:00 - 02/02/2017 04:00:00","BZN|DK1","701.33","n/e"," ","761.31"
"02/02/2017 04:00:00 - 02/02/2017 05:00:00","BZN|DK1","696.10","n/e"," ","755.44"
"02/02/2017 05:00:00 - 02/02/2017 06:00:00","BZN|DK1","729.76","n/e"," ","795.12"
"02/02/2017 06:00:00 - 02/02/2017 07:00:00","BZN|DK1","742.95","n/e"," ","801.85"
"02/02/2017 07:00:00 - 02/02/2017 08:00:00","BZN|DK1","736.28","n/e"," ","794.95"
"02/02/2017 08:00:00 - 02/02/2017 09:00:00","BZN|DK1","715.23","n/e"," ","773.79"
"02/02/2017 09:00:00 - 02/02/2017 10:00:00","BZN|DK1","707.08","n/e"," ","757.93"
"02/02/2017 10:00:00 - 02/02/2017 11:00:00","BZN|DK1","716.50","n/e"," ","749.49"
"02/02/2017 11:00:00 - 02/02/2017 12:00:00","BZN|DK1","706.13","n/e"," ","689.61"
"02/02/2017 12:00:00 - 02/02/2017 13:00:00","BZN|DK1","696.25","n/e"," ","697.75"
"02/02/2017 13:00:00 - 02/02/2017 14:00:00","BZN|DK1","686.50","n/e"," ","641.89"
"02/02/2017 14:00:00 - 02/02/2017 15:00:00","BZN|DK1","675.71","n/e"," ","673.91"
"02/02/2017 15:00:00 - 02/02/2017 16:00:00","BZN|DK1","670.04","n/e"," ","718.84"
"02/02/2017 16:00:00 - 02/02/2017 17:00:00","BZN|DK1","678.13","n/e"," ","706.22"
"02/02/2017 17:00:00 - 02/02/2017 18:00:00","BZN|DK1","692.08","n/e"," ","737.30"
"02/02/2017 18:00:00 - 02/02/2017 19:00:00","BZN|DK1","703.96","n/e"," ","748.22"
"02/02/2017 19:00:00 - 02/02/2017 20:00:00","BZN|DK1","714.04","n/e"," ","764.06"
"02/02/2017 20:00:00 - 02/02/2017 21:00:00","BZN|DK1","715.38","n/e"," ","767.11"
"02/02/2017 21:00:00 - 02/02/2017 22:00:00","BZN|DK1","713.08","n/e"," ","742.51"
"02/02/2017 22:00:00 - 02/02/2017 23:00:00","BZN|DK1","708.00","n/e"," ","660.83"
"02/02/2017 23:00:00 - 03/02/2017 00:00:00","BZN|DK1","697.83","n/e"," ","739.34"
"03/02/2017 00:00:00 - 03/02/2017 01:00:00","BZN|DK1","635.68","n/e"," ","672.51"
"03/02/2017 01:00:00 - 03/02/2017 02:00:00","BZN|DK1","604.68","n/e"," ","633.26"
"03/02/2017 02:00:00 - 03/02/2017 03:00:00","BZN|DK1","582.93","n/e"," ","641.27"
"03/02/2017 03:00:00 - 03/02/2017 04:00:00","BZN|DK1","647.33","n/e"," ","679.93"
"03/02/2017 04:00:00 - 03/02/2017 05:00:00","BZN|DK1","678.70","n/e"," ","729.67"
"03/02/2017 05:00:00 - 03/02/2017 06:00:00","BZN|DK1","675.37","n/e"," ","729.08"
"03/02/2017 06:00:00 - 03/02/2017 07:00:00","BZN|DK1","671.11","n/e"," ","717.13"
"03/02/2017 07:00:00 - 03/02/2017 08:00:00","BZN|DK1","642.03","n/e"," ","685.26"
"03/02/2017 08:00:00 - 03/02/2017 09:00:00","BZN|DK1","599.58","n/e"," ","679.57"
"03/02/2017 09:00:00 - 03/02/2017 10:00:00","BZN|DK1","599.71","n/e"," ","608.40"
"03/02/2017 10:00:00 - 03/02/2017 11:00:00","BZN|DK1","652.08","n/e"," ","611.67"
"03/02/2017 11:00:00 - 03/02/2017 12:00:00","BZN|DK1","627.67","n/e"," ","648.22"
"03/02/2017 12:00:00 - 03/02/2017 13:00:00","BZN|DK1","589.13","n/e"," ","596.49"
"03/02/2017 13:00:00 - 03/02/2017 14:00:00","BZN|DK1","558.29","n/e"," ","554.85"
"03/02/2017 14:00:00 - 03/02/2017 15:00:00","BZN|DK1","531.13","n/e"," ","521.88"
"03/02/2017 15:00:00 - 03/02/2017 16:00:00","BZN|DK1","500.33","n/e"," ","500.13"
"03/02/2017 16:00:00 - 03/02/2017 17:00:00","BZN|DK1","486.25","n/e"," ","460.89"
"03/02/2017 17:00:00 - 03/02/2017 18:00:00","BZN|DK1","480.92","n/e"," ","419.08"
"03/02/2017 18:00:00 - 03/02/2017 19:00:00","BZN|DK1","479.42","n/e"," ","474.84"
"03/02/2017 19:00:00 - 03/02/2017 20:00:00","BZN|DK1","479.08","n/e"," ","534.33"
"03/02/2017 20:00:00 - 03/02/2017 21:00:00","BZN|DK1","478.63","n/e"," ","580.30"
"03/02/2017 21:00:00 - 03/02/2017 22:00:00","BZN|DK1","482.08","n/e"," ","599.82"
"03/02/2017 22:00:00 - 03/02/2017 23:00:00","BZN|DK1","493.46","n/e"," ","596.12"
"03/02/2017 23:00:00 - 04/02/2017 00:00:00","BZN|DK1","513.67","n/e"," ","582.16"
"04/02/2017 00:00:00 - 04/02/2017 01:00:00","BZN|DK1","574.54","n/e"," ","605.11"
"04/02/2017 01:00:00 - 04/02/2017 02:00:00","BZN|DK1","591.36","n/e"," ","640.37"
"04/02/2017 02:00:00 - 04/02/2017 03:00:00","BZN|DK1","644.39","n/e"," ","678.30"
"04/02/2017 03:00:00 - 04/02/2017 04:00:00","BZN|DK1","619.26","n/e"," ","648.09"
"04/02/2017 04:00:00 - 04/02/2017 05:00:00","BZN|DK1","636.01","n/e"," ","673.62"
"04/02/2017 05:00:00 - 04/02/2017 06:00:00","BZN|DK1","641.93","n/e"," ","679.82"
"04/02/2017 06:00:00 - 04/02/2017 07:00:00","BZN|DK1","627.57","n/e"," ","657.47"
"04/02/2017 07:00:00 - 04/02/2017 08:00:00","BZN|DK1","573.79","n/e"," ","591.66"
"04/02/2017 08:00:00 - 04/02/2017 09:00:00","BZN|DK1","496.96","n/e"," ","584.93"
"04/02/2017 09:00:00 - 04/02/2017 10:00:00","BZN|DK1","460.88","n/e"," ","546.16"
"04/02/2017 10:00:00 - 04/02/2017 11:00:00","BZN|DK1","481.13","n/e"," ","478.24"
"04/02/2017 11:00:00 - 04/02/2017 12:00:00","BZN|DK1","422.71","n/e"," ","392.44"
"04/02/2017 12:00:00 - 04/02/2017 13:00:00","BZN|DK1","355.58","n/e"," ","341.87"
"04/02/2017 13:00:00 - 04/02/2017 14:00:00","BZN|DK1","304.38","n/e"," ","250.88"
"04/02/2017 14:00:00 - 04/02/2017 15:00:00","BZN|DK1","270.75","n/e"," ","180.36"
"04/02/2017 15:00:00 - 04/02/2017 16:00:00","BZN|DK1","263.00","n/e"," ","189.59"
"04/02/2017 16:00:00 - 04/02/2017 17:00:00","BZN|DK1","258.54","n/e"," ","155.42"
"04/02/2017 17:00:00 - 04/02/2017 18:00:00","BZN|DK1","255.00","n/e"," ","121.58"
"04/02/2017 18:00:00 - 04/02/2017 19:00:00","BZN|DK1","258.79","n/e"," ","192.76"
"04/02/2017 19:00:00 - 04/02/2017 20:00:00","BZN|DK1","259.13","n/e"," ","204.96"
"04/02/2017 20:00:00 - 04/02/2017 21:00:00","BZN|DK1","244.46","n/e"," ","163.46"
"04/02/2017 21:00:00 - 04/02/2017 22:00:00","BZN|DK1","236.46","n/e"," ","134.08"
"04/02/2017 22:00:00 - 04/02/2017 23:00:00","BZN|DK1","237.25","n/e"," ","161.80"
"04/02/2017 23:00:00 - 05/02/2017 00:00:00","BZN|DK1","252.25","n/e"," ","119.37"
"05/02/2017 00:00:00 - 05/02/2017 01:00:00","BZN|DK1","99.04","n/e"," ","117.98"
"05/02/2017 01:00:00 - 05/02/2017 02:00:00","BZN|DK1","140.99","n/e"," ","144.19"
"05/02/2017 02:00:00 - 05/02/2017 03:00:00","BZN|DK1","144.91","n/e"," ","144.08"
"05/02/2017 03:00:00 - 05/02/2017 04:00:00","BZN|DK1","185.30","n/e"," ","187.45"
"05/02/2017 04:00:00 - 05/02/2017 05:00:00","BZN|DK1","158.12","n/e"," ","157.13"
"05/02/2017 05:00:00 - 05/02/2017 06:00:00","BZN|DK1","171.72","n/e"," ","180.46"
"05/02/2017 06:00:00 - 05/02/2017 07:00:00","BZN|DK1","210.55","n/e"," ","216.82"
"05/02/2017 07:00:00 - 05/02/2017 08:00:00","BZN|DK1","276.43","n/e"," ","284.59"
"05/02/2017 08:00:00 - 05/02/2017 09:00:00","BZN|DK1","313.44","n/e"," ","318.09"
"05/02/2017 09:00:00 - 05/02/2017 10:00:00","BZN|DK1","368.58","n/e"," ","373.61"
"05/02/2017 10:00:00 - 05/02/2017 11:00:00","BZN|DK1","431.38","n/e"," ","399.44"
"05/02/2017 11:00:00 - 05/02/2017 12:00:00","BZN|DK1","465.42","n/e"," ","398.33"
"05/02/2017 12:00:00 - 05/02/2017 13:00:00","BZN|DK1","479.79","n/e"," ","421.24"
"05/02/2017 13:00:00 - 05/02/2017 14:00:00","BZN|DK1","487.67","n/e"," ","449.20"
"05/02/2017 14:00:00 - 05/02/2017 15:00:00","BZN|DK1","490.00","n/e"," ","328.31"
"05/02/2017 15:00:00 - 05/02/2017 16:00:00","BZN|DK1","496.38","n/e"," ","256.67"
"05/02/2017 16:00:00 - 05/02/2017 17:00:00","BZN|DK1","504.63","n/e"," ","275.85"
"05/02/2017 17:00:00 - 05/02/2017 18:00:00","BZN|DK1","516.96","n/e"," ","382.86"
"05/02/2017 18:00:00 - 05/02/2017 19:00:00","BZN|DK1","535.50","n/e"," ","436.55"
"05/02/2017 19:00:00 - 05/02/2017 20:00:00","BZN|DK1","567.83","n/e"," ","560.42"
"05/02/2017 20:00:00 - 05/02/2017 21:00:00","BZN|DK1","588.38","n/e"," ","596.13"
"05/02/2017 21:00:00 - 05/02/2017 22:00:00","BZN|DK1","601.29","n/e"," ","529.12"
"05/02/2017 22:00:00 - 05/02/2017 23:00:00","BZN|DK1","606.25","n/e"," ","604.12"
"05/02/2017 23:00:00 - 06/02/2017 00:00:00","BZN|DK1","604.42","n/e"," ","594.06"
"06/02/2017 00:00:00 - 06/02/2017 01:00:00","BZN|DK1","540.41","n/e"," ","572.90"
"06/02/2017 01:00:00 - 06/02/2017 02:00:00","BZN|DK1","473.79","n/e"," ","485.40"
"06/02/2017 02:00:00 - 06/02/2017 03:00:00","BZN|DK1","472.59","n/e"," ","502.32"
"06/02/2017 03:00:00 - 06/02/2017 04:00:00","BZN|DK1","447.13","n/e"," ","479.35"
"06/02/2017 04:00:00 - 06/02/2017 05:00:00","BZN|DK1","541.80","n/e"," ","578.43"
"06/02/2017 05:00:00 - 06/02/2017 06:00:00","BZN|DK1","531.33","n/e"," ","538.93"
"06/02/2017 06:00:00 - 06/02/2017 07:00:00","BZN|DK1","530.72","n/e"," ","575.02"
"06/02/2017 07:00:00 - 06/02/2017 08:00:00","BZN|DK1","555.27","n/e"," ","551.38"
"06/02/2017 08:00:00 - 06/02/2017 09:00:00","BZN|DK1","574.94","n/e"," ","582.75"
"06/02/2017 09:00:00 - 06/02/2017 10:00:00","BZN|DK1","593.04","n/e"," ","531.31"
"06/02/2017 10:00:00 - 06/02/2017 11:00:00","BZN|DK1","638.25","n/e"," ","579.79"
"06/02/2017 11:00:00 - 06/02/2017 12:00:00","BZN|DK1","637.21","n/e"," ","600.33"
"06/02/2017 12:00:00 - 06/02/2017 13:00:00","BZN|DK1","622.92","n/e"," ","534.09"
"06/02/2017 13:00:00 - 06/02/2017 14:00:00","BZN|DK1","613.29","n/e"," ","586.43"
"06/02/2017 14:00:00 - 06/02/2017 15:00:00","BZN|DK1","609.42","n/e"," ","560.08"
"06/02/2017 15:00:00 - 06/02/2017 16:00:00","BZN|DK1","618.79","n/e"," ","586.15"
"06/02/2017 16:00:00 - 06/02/2017 17:00:00","BZN|DK1","636.83","n/e"," ","622.23"
"06/02/2017 17:00:00 - 06/02/2017 18:00:00","BZN|DK1","654.38","n/e"," ","664.73"
"06/02/2017 18:00:00 - 06/02/2017 19:00:00","BZN|DK1","665.04","n/e"," ","638.62"
"06/02/2017 19:00:00 - 06/02/2017 20:00:00","BZN|DK1","669.75","n/e"," ","697.37"
"06/02/2017 20:00:00 - 06/02/2017 21:00:00","BZN|DK1","670.42","n/e"," ","712.34"
"06/02/2017 21:00:00 - 06/02/2017 22:00:00","BZN|DK1","670.83","n/e"," ","746.70"
"06/02/2017 22:00:00 - 06/02/2017 23:00:00","BZN|DK1","673.54","n/e"," ","758.65"
"06/02/2017 23:00:00 - 07/02/2017 00:00:00","BZN|DK1","679.83","n/e"," ","766.41"
"07/02/2017 00:00:00 - 07/02/2017 01:00:00","BZN|DK1","636.91","n/e"," ","680.47"
"07/02/2017 01:00:00 - 07/02/2017 02:00:00","BZN|DK1","721.37","n/e"," ","788.73"
"07/02/2017 02:00:00 - 07/02/2017 03:00:00","BZN|DK1","725.23","n/e"," ","768.15"
"07/02/2017 03:00:00 - 07/02/2017 04:00:00","BZN|DK1","713.63","n/e"," ","773.66"
"07/02/2017 04:00:00 - 07/02/2017 05:00:00","BZN|DK1","743.93","n/e"," ","787.08"
"07/02/2017 05:00:00 - 07/02/2017 06:00:00","BZN|DK1","645.31","n/e"," ","686.09"
"07/02/2017 06:00:00 - 07/02/2017 07:00:00","BZN|DK1","676.95","n/e"," ","724.43"
"07/02/2017 07:00:00 - 07/02/2017 08:00:00","BZN|DK1","744.86","n/e"," ","802.95"
"07/02/2017 08:00:00 - 07/02/2017 09:00:00","BZN|DK1","736.51","n/e"," ","807.73"
"07/02/2017 09:00:00 - 07/02/2017 10:00:00","BZN|DK1","731.83","n/e"," ","749.97"
"07/02/2017 10:00:00 - 07/02/2017 11:00:00","BZN|DK1","731.42","n/e"," ","813.78"
"07/02/2017 11:00:00 - 07/02/2017 12:00:00","BZN|DK1","729.17","n/e"," ","798.16"
"07/02/2017 12:00:00 - 07/02/2017 13:00:00","BZN|DK1","726.21","n/e"," ","790.19"
"07/02/2017 13:00:00 - 07/02/2017 14:00:00","BZN|DK1","724.92","n/e"," ","809.32"
"07/02/2017 14:00:00 - 07/02/2017 15:00:00","BZN|DK1","727.13","n/e"," ","812.76"
"07/02/2017 15:00:00 - 07/02/2017 16:00:00","BZN|DK1","729.88","n/e"," ","821.05"
"07/02/2017 16:00:00 - 07/02/2017 17:00:00","BZN|DK1","731.29","n/e"," ","818.17"
"07/02/2017 17:00:00 - 07/02/2017 18:00:00","BZN|DK1","735.42","n/e"," ","820.46"
"07/02/2017 18:00:00 - 07/02/2017 19:00:00","BZN|DK1","740.92","n/e"," ","823.72"
"07/02/2017 19:00:00 - 07/02/2017 20:00:00","BZN|DK1","741.21","n/e"," ","823.99"
"07/02/2017 20:00:00 - 07/02/2017 21:00:00","BZN|DK1","739.88","n/e"," ","819.81"
"07/02/2017 21:00:00 - 07/02/2017 22:00:00","BZN|DK1","737.50","n/e"," ","823.30"
"07/02/2017 22:00:00 - 07/02/2017 23:00:00","BZN|DK1","735.00","n/e"," ","820.83"
"07/02/2017 23:00:00 - 08/02/2017 00:00:00","BZN|DK1","734.00","n/e"," ","819.91"
"08/02/2017 00:00:00 - 08/02/2017 01:00:00","BZN|DK1","750.20","n/e"," ","810.78"
"08/02/2017 01:00:00 - 08/02/2017 02:00:00","BZN|DK1","747.90","n/e"," ","804.48"
"08/02/2017 02:00:00 - 08/02/2017 03:00:00","BZN|DK1","747.45","n/e"," ","817.12"
"08/02/2017 03:00:00 - 08/02/2017 04:00:00","BZN|DK1","745.35","n/e"," ","802.36"
"08/02/2017 04:00:00 - 08/02/2017 05:00:00","BZN|DK1","686.99","n/e"," ","742.59"
"08/02/2017 05:00:00 - 08/02/2017 06:00:00","BZN|DK1","650.21","n/e"," ","696.36"
"08/02/2017 06:00:00 - 08/02/2017 07:00:00","BZN|DK1","648.89","n/e"," ","698.25"
"08/02/2017 07:00:00 - 08/02/2017 08:00:00","BZN|DK1","649.70","n/e"," ","692.78"
"08/02/2017 08:00:00 - 08/02/2017 09:00:00","BZN|DK1","686.38","n/e"," ","696.48"
"08/02/2017 09:00:00 - 08/02/2017 10:00:00","BZN|DK1","686.58","n/e"," ","694.44"
"08/02/2017 10:00:00 - 08/02/2017 11:00:00","BZN|DK1","704.46","n/e"," ","695.26"
"08/02/2017 11:00:00 - 08/02/2017 12:00:00","BZN|DK1","688.29","n/e"," ","695.32"
"08/02/2017 12:00:00 - 08/02/2017 13:00:00","BZN|DK1","666.71","n/e"," ","722.91"
"08/02/2017 13:00:00 - 08/02/2017 14:00:00","BZN|DK1","647.88","n/e"," ","715.49"
"08/02/2017 14:00:00 - 08/02/2017 15:00:00","BZN|DK1","639.29","n/e"," ","722.47"
"08/02/2017 15:00:00 - 08/02/2017 16:00:00","BZN|DK1","641.13","n/e"," ","715.73"
"08/02/2017 16:00:00 - 08/02/2017 17:00:00","BZN|DK1","646.54","n/e"," ","734.15"
"08/02/2017 17:00:00 - 08/02/2017 18:00:00","BZN|DK1","652.50","n/e"," ","725.67"
"08/02/2017 18:00:00 - 08/02/2017 19:00:00","BZN|DK1","657.88","n/e"," ","706.95"
"08/02/2017 19:00:00 - 08/02/2017 20:00:00","BZN|DK1","650.13","n/e"," ","719.57"
"08/02/2017 20:00:00 - 08/02/2017 21:00:00","BZN|DK1","633.50","n/e"," ","695.71"
"08/02/2017 21:00:00 - 08/02/2017 22:00:00","BZN|DK1","608.50","n/e"," ","683.57"
"08/02/2017 22:00:00 - 08/02/2017 23:00:00","BZN|DK1","575.79","n/e"," ","626.25"
"08/02/2017 23:00:00 - 09/02/2017 00:00:00","BZN|DK1","517.96","n/e"," ","608.17"
"09/02/2017 00:00:00 - 09/02/2017 01:00:00","BZN|DK1","617.98","n/e"," ","680.86"
"09/02/2017 01:00:00 - 09/02/2017 02:00:00","BZN|DK1","670.75","n/e"," ","716.06"
"09/02/2017 02:00:00 - 09/02/2017 03:00:00","BZN|DK1","658.19","n/e"," ","688.07"
"09/02/2017 03:00:00 - 09/02/2017 04:00:00","BZN|DK1","643.82","n/e"," ","676.91"
"09/02/2017 04:00:00 - 09/02/2017 05:00:00","BZN|DK1","626.55","n/e"," ","656.05"
"09/02/2017 05:00:00 - 09/02/2017 06:00:00","BZN|DK1","600.62","n/e"," ","627.98"
"09/02/2017 06:00:00 - 09/02/2017 07:00:00","BZN|DK1","499.69","n/e"," ","511.87"
"09/02/2017 07:00:00 - 09/02/2017 08:00:00","BZN|DK1","418.56","n/e"," ","446.71"
"09/02/2017 08:00:00 - 09/02/2017 09:00:00","BZN|DK1","361.80","n/e"," ","427.54"
"09/02/2017 09:00:00 - 09/02/2017 10:00:00","BZN|DK1","325.42","n/e"," ","373.50"
"09/02/2017 10:00:00 - 09/02/2017 11:00:00","BZN|DK1","281.08","n/e"," ","314.46"
"09/02/2017 11:00:00 - 09/02/2017 12:00:00","BZN|DK1","240.04","n/e"," ","311.78"
"09/02/2017 12:00:00 - 09/02/2017 13:00:00","BZN|DK1","207.67","n/e"," ","227.21"
"09/02/2017 13:00:00 - 09/02/2017 14:00:00","BZN|DK1","190.83","n/e"," ","190.97"
"09/02/2017 14:00:00 - 09/02/2017 15:00:00","BZN|DK1","189.58","n/e"," ","175.71"
"09/02/2017 15:00:00 - 09/02/2017 16:00:00","BZN|DK1","200.33","n/e"," ","180.66"
"09/02/2017 16:00:00 - 09/02/2017 17:00:00","BZN|DK1","218.29","n/e"," ","204.22"
"09/02/2017 17:00:00 - 09/02/2017 18:00:00","BZN|DK1","242.25","n/e"," ","295.28"
"09/02/2017 18:00:00 - 09/02/2017 19:00:00","BZN|DK1","280.50","n/e"," ","398.56"
"09/02/2017 19:00:00 - 09/02/2017 20:00:00","BZN|DK1","316.63","n/e"," ","396.00"
"09/02/2017 20:00:00 - 09/02/2017 21:00:00","BZN|DK1","339.54","n/e"," ","391.57"
"09/02/2017 21:00:00 - 09/02/2017 22:00:00","BZN|DK1","346.58","n/e"," ","435.38"
"09/02/2017 22:00:00 - 09/02/2017 23:00:00","BZN|DK1","346.38","n/e"," ","442.57"
"09/02/2017 23:00:00 - 10/02/2017 00:00:00","BZN|DK1","345.67","n/e"," ","460.60"
"10/02/2017 00:00:00 - 10/02/2017 01:00:00","BZN|DK1","468.88","n/e"," ","504.97"
"10/02/2017 01:00:00 - 10/02/2017 02:00:00","BZN|DK1","493.44","n/e"," ","529.25"
"10/02/2017 02:00:00 - 10/02/2017 03:00:00","BZN|DK1","501.26","n/e"," ","523.99"
"10/02/2017 03:00:00 - 10/02/2017 04:00:00","BZN|DK1","485.17","n/e"," ","508.57"
"10/02/2017 04:00:00 - 10/02/2017 05:00:00","BZN|DK1","531.46","n/e"," ","548.93"
"10/02/2017 05:00:00 - 10/02/2017 06:00:00","BZN|DK1","504.55","n/e"," ","539.37"
"10/02/2017 06:00:00 - 10/02/2017 07:00:00","BZN|DK1","591.53","n/e"," ","645.11"
"10/02/2017 07:00:00 - 10/02/2017 08:00:00","BZN|DK1","628.35","n/e"," ","674.06"
"10/02/2017 08:00:00 - 10/02/2017 09:00:00","BZN|DK1","630.39","n/e"," ","705.59"
"10/02/2017 09:00:00 - 10/02/2017 10:00:00","BZN|DK1","616.50","n/e"," ","737.86"
"10/02/2017 10:00:00 - 10/02/2017 11:00:00","BZN|DK1","613.71","n/e"," ","681.07"
"10/02/2017 11:00:00 - 10/02/2017 12:00:00","BZN|DK1","603.88","n/e"," ","680.98"
"10/02/2017 12:00:00 - 10/02/2017 13:00:00","BZN|DK1","594.33","n/e"," ","722.60"
"10/02/2017 13:00:00 - 10/02/2017 14:00:00","BZN|DK1","598.42","n/e"," ","663.18"
"10/02/2017 14:00:00 - 10/02/2017 15:00:00","BZN|DK1","610.13","n/e"," ","699.77"
"10/02/2017 15:00:00 - 10/02/2017 16:00:00","BZN|DK1","631.50","n/e"," ","740.97"
"10/02/2017 16:00:00 - 10/02/2017 17:00:00","BZN|DK1","659.46","n/e"," ","729.03"
"10/02/2017 17:00:00 - 10/02/2017 18:00:00","BZN|DK1","684.29","n/e"," ","707.93"
"10/02/2017 18:00:00 - 10/02/2017 19:00:00","BZN|DK1","700.54","n/e"," ","738.37"
"10/02/2017 19:00:00 - 10/02/2017 20:00:00","BZN|DK1","699.50","n/e"," ","769.98"
"10/02/2017 20:00:00 - 10/02/2017 21:00:00","BZN|DK1","688.92","n/e"," ","769.63"
"10/02/2017 21:00:00 - 10/02/2017 22:00:00","BZN|DK1","673.71","n/e"," ","765.13"
"10/02/2017 22:00:00 - 10/02/2017 23:00:00","BZN|DK1","655.21","n/e"," ","756.37"
"10/02/2017 23:00:00 - 11/02/2017 00:00:00","BZN|DK1","637.83","n/e"," ","730.36"
"11/02/2017 00:00:00 - 11/02/2017 01:00:00","BZN|DK1","663.80","n/e"," ","655.99"
"11/02/2017 01:00:00 - 11/02/2017 02:00:00","BZN|DK1","611.29","n/e"," ","640.22"
"11/02/2017 02:00:00 - 11/02/2017 03:00:00","BZN|DK1","611.06","n/e"," ","639.17"
"11/02/2017 03:00:00 - 11/02/2017 04:00:00","BZN|DK1","608.16","n/e"," ","642.66"
"11/02/2017 04:00:00 - 11/02/2017 05:00:00","BZN|DK1","644.97","n/e"," ","676.18"
"11/02/2017 05:00:00 - 11/02/2017 06:00:00","BZN|DK1","649.08","n/e"," ","691.68"
"11/02/2017 06:00:00 - 11/02/2017 07:00:00","BZN|DK1","649.86","n/e"," ","688.79"
"11/02/2017 07:00:00 - 11/02/2017 08:00:00","BZN|DK1","648.72","n/e"," ","689.98"
"11/02/2017 08:00:00 - 11/02/2017 09:00:00","BZN|DK1","732.40","n/e"," ","731.49"
"11/02/2017 09:00:00 - 11/02/2017 10:00:00","BZN|DK1","736.42","n/e"," ","686.28"
"11/02/2017 10:00:00 - 11/02/2017 11:00:00","BZN|DK1","742.79","n/e"," ","685.66"
"11/02/2017 11:00:00 - 11/02/2017 12:00:00","BZN|DK1","743.67","n/e"," ","718.98"
"11/02/2017 12:00:00 - 11/02/2017 13:00:00","BZN|DK1","745.63","n/e"," ","722.93"
"11/02/2017 13:00:00 - 11/02/2017 14:00:00","BZN|DK1","747.54","n/e"," ","685.58"
"11/02/2017 14:00:00 - 11/02/2017 15:00:00","BZN|DK1","748.83","n/e"," ","690.35"
"11/02/2017 15:00:00 - 11/02/2017 16:00:00","BZN|DK1","749.00","n/e"," ","689.14"
"11/02/2017 16:00:00 - 11/02/2017 17:00:00","BZN|DK1","748.96","n/e"," ","690.29"
"11/02/2017 17:00:00 - 11/02/2017 18:00:00","BZN|DK1","748.75","n/e"," ","691.05"
"11/02/2017 18:00:00 - 11/02/2017 19:00:00","BZN|DK1","750.00","n/e"," ","689.48"
"11/02/2017 19:00:00 - 11/02/2017 20:00:00","BZN|DK1","749.79","n/e"," ","692.02"
"11/02/2017 20:00:00 - 11/02/2017 21:00:00","BZN|DK1","749.00","n/e"," ","801.96"
"11/02/2017 21:00:00 - 11/02/2017 22:00:00","BZN|DK1","747.50","n/e"," ","793.60"
"11/02/2017 22:00:00 - 11/02/2017 23:00:00","BZN|DK1","743.38","n/e"," ","787.11"
"11/02/2017 23:00:00 - 12/02/2017 00:00:00","BZN|DK1","735.38","n/e"," ","789.89"
"12/02/2017 00:00:00 - 12/02/2017 01:00:00","BZN|DK1","746.87","n/e"," ","787.56"
"12/02/2017 01:00:00 - 12/02/2017 02:00:00","BZN|DK1","748.25","n/e"," ","785.36"
"12/02/2017 02:00:00 - 12/02/2017 03:00:00","BZN|DK1","653.00","n/e"," ","687.20"
"12/02/2017 03:00:00 - 12/02/2017 04:00:00","BZN|DK1","747.72","n/e"," ","762.14"
"12/02/2017 04:00:00 - 12/02/2017 05:00:00","BZN|DK1","749.59","n/e"," ","786.31"
"12/02/2017 05:00:00 - 12/02/2017 06:00:00","BZN|DK1","724.02","n/e"," ","757.15"
"12/02/2017 06:00:00 - 12/02/2017 07:00:00","BZN|DK1","708.82","n/e"," ","756.51"
"12/02/2017 07:00:00 - 12/02/2017 08:00:00","BZN|DK1","713.07","n/e"," ","769.91"
"12/02/2017 08:00:00 - 12/02/2017 09:00:00","BZN|DK1","625.50","n/e"," ","683.23"
"12/02/2017 09:00:00 - 12/02/2017 10:00:00","BZN|DK1","691.42","n/e"," ","732.14"
"12/02/2017 10:00:00 - 12/02/2017 11:00:00","BZN|DK1","687.63","n/e"," ","694.93"
"12/02/2017 11:00:00 - 12/02/2017 12:00:00","BZN|DK1","650.46","n/e"," ","661.61"
"12/02/2017 12:00:00 - 12/02/2017 13:00:00","BZN|DK1","584.63","n/e"," ","661.24"
"12/02/2017 13:00:00 - 12/02/2017 14:00:00","BZN|DK1","518.58","n/e"," ","607.80"
"12/02/2017 14:00:00 - 12/02/2017 15:00:00","BZN|DK1","453.33","n/e"," ","506.00"
"12/02/2017 15:00:00 - 12/02/2017 16:00:00","BZN|DK1","415.88","n/e"," ","473.29"
"12/02/2017 16:00:00 - 12/02/2017 17:00:00","BZN|DK1","397.54","n/e"," ","449.48"
"12/02/2017 17:00:00 - 12/02/2017 18:00:00","BZN|DK1","391.00","n/e"," ","453.41"
"12/02/2017 18:00:00 - 12/02/2017 19:00:00","BZN|DK1","381.63","n/e"," ","434.84"
"12/02/2017 19:00:00 - 12/02/2017 20:00:00","BZN|DK1","365.17","n/e"," ","397.08"
"12/02/2017 20:00:00 - 12/02/2017 21:00:00","BZN|DK1","344.17","n/e"," ","365.83"
"12/02/2017 21:00:00 - 12/02/2017 22:00:00","BZN|DK1","312.08","n/e"," ","385.98"
"12/02/2017 22:00:00 - 12/02/2017 23:00:00","BZN|DK1","280.58","n/e"," ","356.04"
"12/02/2017 23:00:00 - 13/02/2017 00:00:00","BZN|DK1","250.08","n/e"," ","328.59"
"13/02/2017 00:00:00 - 13/02/2017 01:00:00","BZN|DK1","298.63","n/e"," ","317.34"
"13/02/2017 01:00:00 - 13/02/2017 02:00:00","BZN|DK1","232.55","n/e"," ","236.87"
"13/02/2017 02:00:00 - 13/02/2017 03:00:00","BZN|DK1","195.14","n/e"," ","195.69"
"13/02/2017 03:00:00 - 13/02/2017 04:00:00","BZN|DK1","158.43","n/e"," ","169.24"
"13/02/2017 04:00:00 - 13/02/2017 05:00:00","BZN|DK1","162.66","n/e"," ","171.15"
"13/02/2017 05:00:00 - 13/02/2017 06:00:00","BZN|DK1","152.84","n/e"," ","149.94"
"13/02/2017 06:00:00 - 13/02/2017 07:00:00","BZN|DK1","138.12","n/e"," ","134.76"
"13/02/2017 07:00:00 - 13/02/2017 08:00:00","BZN|DK1","126.04","n/e"," ","125.84"
"13/02/2017 08:00:00 - 13/02/2017 09:00:00","BZN|DK1","113.19","n/e"," ","110.10"
"13/02/2017 09:00:00 - 13/02/2017 10:00:00","BZN|DK1","120.13","n/e"," ","105.33"
"13/02/2017 10:00:00 - 13/02/2017 11:00:00","BZN|DK1","128.79","n/e"," ","93.67"
"13/02/2017 11:00:00 - 13/02/2017 12:00:00","BZN|DK1","124.25","n/e"," ","80.78"
"13/02/2017 12:00:00 - 13/02/2017 13:00:00","BZN|DK1","115.04","n/e"," ","103.57"
"13/02/2017 13:00:00 - 13/02/2017 14:00:00","BZN|DK1","104.00","n/e"," ","98.59"
"13/02/2017 14:00:00 - 13/02/2017 15:00:00","BZN|DK1","95.38","n/e"," ","88.97"
"13/02/2017 15:00:00 - 13/02/2017 16:00:00","BZN|DK1","90.38","n/e"," ","68.44"
"13/02/2017 16:00:00 - 13/02/2017 17:00:00","BZN|DK1","90.42","n/e"," ","66.24"
"13/02/2017 17:00:00 - 13/02/2017 18:00:00","BZN|DK1","97.96","n/e"," ","71.88"
"13/02/2017 18:00:00 - 13/02/2017 19:00:00","BZN|DK1","105.67","n/e"," ","101.15"
"13/02/2017 19:00:00 - 13/02/2017 20:00:00","BZN|DK1","111.33","n/e"," ","124.88"
"13/02/2017 20:00:00 - 13/02/2017 21:00:00","BZN|DK1","114.00","n/e"," ","98.04"
"13/02/2017 21:00:00 - 13/02/2017 22:00:00","BZN|DK1","112.71","n/e"," ","80.47"
"13/02/2017 22:00:00 - 13/02/2017 23:00:00","BZN|DK1","109.21","n/e"," ","57.55"
"13/02/2017 23:00:00 - 14/02/2017 00:00:00","BZN|DK1","104.25","n/e"," ","80.81"
"14/02/2017 00:00:00 - 14/02/2017 01:00:00","BZN|DK1","90.42","n/e"," ","92.07"
"14/02/2017 01:00:00 - 14/02/2017 02:00:00","BZN|DK1","84.23","n/e"," ","84.45"
"14/02/2017 02:00:00 - 14/02/2017 03:00:00","BZN|DK1","78.91","n/e"," ","79.25"
"14/02/2017 03:00:00 - 14/02/2017 04:00:00","BZN|DK1","73.76","n/e"," ","67.36"
"14/02/2017 04:00:00 - 14/02/2017 05:00:00","BZN|DK1","69.19","n/e"," ","67.94"
"14/02/2017 05:00:00 - 14/02/2017 06:00:00","BZN|DK1","74.07","n/e"," ","71.41"
"14/02/2017 06:00:00 - 14/02/2017 07:00:00","BZN|DK1","63.58","n/e"," ","55.55"
"14/02/2017 07:00:00 - 14/02/2017 08:00:00","BZN|DK1","69.12","n/e"," ","73.09"
"14/02/2017 08:00:00 - 14/02/2017 09:00:00","BZN|DK1","106.15","n/e"," ","97.20"
"14/02/2017 09:00:00 - 14/02/2017 10:00:00","BZN|DK1","131.54","n/e"," ","116.09"
"14/02/2017 10:00:00 - 14/02/2017 11:00:00","BZN|DK1","144.83","n/e"," ","108.80"
"14/02/2017 11:00:00 - 14/02/2017 12:00:00","BZN|DK1","156.25","n/e"," ","155.73"
"14/02/2017 12:00:00 - 14/02/2017 13:00:00","BZN|DK1","162.29","n/e"," ","130.22"
"14/02/2017 13:00:00 - 14/02/2017 14:00:00","BZN|DK1","166.25","n/e"," ","97.96"
"14/02/2017 14:00:00 - 14/02/2017 15:00:00","BZN|DK1","163.21","n/e"," ","126.46"
"14/02/2017 15:00:00 - 14/02/2017 16:00:00","BZN|DK1","162.13","n/e"," ","125.69"
"14/02/2017 16:00:00 - 14/02/2017 17:00:00","BZN|DK1","166.88","n/e"," ","132.41"
"14/02/2017 17:00:00 - 14/02/2017 18:00:00","BZN|DK1","176.29","n/e"," ","200.89"
"14/02/2017 18:00:00 - 14/02/2017 19:00:00","BZN|DK1","186.63","n/e"," ","210.05"
"14/02/2017 19:00:00 - 14/02/2017 20:00:00","BZN|DK1","186.21","n/e"," ","188.23"
"14/02/2017 20:00:00 - 14/02/2017 21:00:00","BZN|DK1","175.13","n/e"," ","147.60"
"14/02/2017 21:00:00 - 14/02/2017 22:00:00","BZN|DK1","165.29","n/e"," ","153.63"
"14/02/2017 22:00:00 - 14/02/2017 23:00:00","BZN|DK1","157.67","n/e"," ","173.47"
"14/02/2017 23:00:00 - 15/02/2017 00:00:00","BZN|DK1","152.88","n/e"," ","155.43"
"15/02/2017 00:00:00 - 15/02/2017 01:00:00","BZN|DK1","112.34","n/e"," ","114.54"
"15/02/2017 01:00:00 - 15/02/2017 02:00:00","BZN|DK1","95.56","n/e"," ","98.26"
"15/02/2017 02:00:00 - 15/02/2017 03:00:00","BZN|DK1","79.78","n/e"," ","93.10"
"15/02/2017 03:00:00 - 15/02/2017 04:00:00","BZN|DK1","77.70","n/e"," ","83.79"
"15/02/2017 04:00:00 - 15/02/2017 05:00:00","BZN|DK1","85.42","n/e"," ","91.05"
"15/02/2017 05:00:00 - 15/02/2017 06:00:00","BZN|DK1","88.78","n/e"," ","93.72"
"15/02/2017 06:00:00 - 15/02/2017 07:00:00","BZN|DK1","90.40","n/e"," ","103.72"
"15/02/2017 07:00:00 - 15/02/2017 08:00:00","BZN|DK1","78.28","n/e"," ","84.52"
"15/02/2017 08:00:00 - 15/02/2017 09:00:00","BZN|DK1","69.00","n/e"," ","84.22"
"15/02/2017 09:00:00 - 15/02/2017 10:00:00","BZN|DK1","60.79","n/e"," ","50.60"
"15/02/2017 10:00:00 - 15/02/2017 11:00:00","BZN|DK1","63.79","n/e"," ","24.01"
"15/02/2017 11:00:00 - 15/02/2017 12:00:00","BZN|DK1","65.04","n/e"," ","22.62"
"15/02/2017 12:00:00 - 15/02/2017 13:00:00","BZN|DK1","67.63","n/e"," ","30.80"
"15/02/2017 13:00:00 - 15/02/2017 14:00:00","BZN|DK1","74.00","n/e"," ","48.86"
"15/02/2017 14:00:00 - 15/02/2017 15:00:00","BZN|DK1","86.17","n/e"," ","91.42"
"15/02/2017 15:00:00 - 15/02/2017 16:00:00","BZN|DK1","99.21","n/e"," ","109.36"
"15/02/2017 16:00:00 - 15/02/2017 17:00:00","BZN|DK1","112.29","n/e"," ","105.87"
"15/02/2017 17:00:00 - 15/02/2017 18:00:00","BZN|DK1","124.21","n/e"," ","125.14"
"15/02/2017 18:00:00 - 15/02/2017 19:00:00","BZN|DK1","143.58","n/e"," ","106.11"
"15/02/2017 19:00:00 - 15/02/2017 20:00:00","BZN|DK1","156.54","n/e"," ","130.75"
"15/02/2017 20:00:00 - 15/02/2017 21:00:00","BZN|DK1","174.83","n/e"," ","150.68"
"15/02/2017 21:00:00 - 15/02/2017 22:00:00","BZN|DK1","200.83","n/e"," ","148.28"
"15/02/2017 22:00:00 - 15/02/2017 23:00:00","BZN|DK1","229.33","n/e"," ","151.39"
"15/02/2017 23:00:00 - 16/02/2017 00:00:00","BZN|DK1","257.13","n/e"," ","130.00"
"16/02/2017 00:00:00 - 16/02/2017 01:00:00","BZN|DK1","168.81","n/e"," ","175.97"
"16/02/2017 01:00:00 - 16/02/2017 02:00:00","BZN|DK1","188.82","n/e"," ","184.39"
"16/02/2017 02:00:00 - 16/02/2017 03:00:00","BZN|DK1","164.28","n/e"," ","159.27"
"16/02/2017 03:00:00 - 16/02/2017 04:00:00","BZN|DK1","251.09","n/e"," ","296.69"
"16/02/2017 04:00:00 - 16/02/2017 05:00:00","BZN|DK1","409.49","n/e"," ","439.06"
"16/02/2017 05:00:00 - 16/02/2017 06:00:00","BZN|DK1","461.93","n/e"," ","455.91"
"16/02/2017 06:00:00 - 16/02/2017 07:00:00","BZN|DK1","406.18","n/e"," ","442.37"
"16/02/2017 07:00:00 - 16/02/2017 08:00:00","BZN|DK1","587.13","n/e"," ","617.26"
"16/02/2017 08:00:00 - 16/02/2017 09:00:00","BZN|DK1","639.38","n/e"," ","702.20"
"16/02/2017 09:00:00 - 16/02/2017 10:00:00","BZN|DK1","640.79","n/e"," ","709.69"
"16/02/2017 10:00:00 - 16/02/2017 11:00:00","BZN|DK1","658.13","n/e"," ","751.74"
"16/02/2017 11:00:00 - 16/02/2017 12:00:00","BZN|DK1","683.13","n/e"," ","772.99"
"16/02/2017 12:00:00 - 16/02/2017 13:00:00","BZN|DK1","691.67","n/e"," ","715.33"
"16/02/2017 13:00:00 - 16/02/2017 14:00:00","BZN|DK1","687.75","n/e"," ","704.04"
"16/02/2017 14:00:00 - 16/02/2017 15:00:00","BZN|DK1","676.63","n/e"," ","679.15"
"16/02/2017 15:00:00 - 16/02/2017 16:00:00","BZN|DK1","661.67","n/e"," ","670.12"
"16/02/2017 16:00:00 - 16/02/2017 17:00:00","BZN|DK1","661.04","n/e"," ","684.83"
"16/02/2017 17:00:00 - 16/02/2017 18:00:00","BZN|DK1","668.50","n/e"," ","680.19"
"16/02/2017 18:00:00 - 16/02/2017 19:00:00","BZN|DK1","678.46","n/e"," ","682.21"
"16/02/2017 19:00:00 - 16/02/2017 20:00:00","BZN|DK1","674.13","n/e"," ","712.69"
"16/02/2017 20:00:00 - 16/02/2017 21:00:00","BZN|DK1","660.00","n/e"," ","685.20"
"16/02/2017 21:00:00 - 16/02/2017 22:00:00","BZN|DK1","638.42","n/e"," ","649.41"
"16/02/2017 22:00:00 - 16/02/2017 23:00:00","BZN|DK1","603.13","n/e"," ","577.58"
"16/02/2017 23:00:00 - 17/02/2017 00:00:00","BZN|DK1","556.38","n/e"," ","454.90"
"17/02/2017 00:00:00 - 17/02/2017 01:00:00","BZN|DK1","299.89","n/e"," ","330.09"
"17/02/2017 01:00:00 - 17/02/2017 02:00:00","BZN|DK1","345.24","n/e"," ","344.22"
"17/02/2017 02:00:00 - 17/02/2017 03:00:00","BZN|DK1","222.49","n/e"," ","233.22"
"17/02/2017 03:00:00 - 17/02/2017 04:00:00","BZN|DK1","215.58","n/e"," ","216.06"
"17/02/2017 04:00:00 - 17/02/2017 05:00:00","BZN|DK1","196.87","n/e"," ","197.54"
"17/02/2017 05:00:00 - 17/02/2017 06:00:00","BZN|DK1","210.76","n/e"," ","212.00"
"17/02/2017 06:00:00 - 17/02/2017 07:00:00","BZN|DK1","206.10","n/e"," ","209.12"
"17/02/2017 07:00:00 - 17/02/2017 08:00:00","BZN|DK1","195.04","n/e"," ","203.26"
"17/02/2017 08:00:00 - 17/02/2017 09:00:00","BZN|DK1","198.83","n/e"," ","208.91"
"17/02/2017 09:00:00 - 17/02/2017 10:00:00","BZN|DK1","210.13","n/e"," ","240.88"
"17/02/2017 10:00:00 - 17/02/2017 11:00:00","BZN|DK1","222.83","n/e"," ","271.06"
"17/02/2017 11:00:00 - 17/02/2017 12:00:00","BZN|DK1","230.25","n/e"," ","223.51"
"17/02/2017 12:00:00 - 17/02/2017 13:00:00","BZN|DK1","249.46","n/e"," ","272.03"
"17/02/2017 13:00:00 - 17/02/2017 14:00:00","BZN|DK1","270.42","n/e"," ","252.96"
"17/02/2017 14:00:00 - 17/02/2017 15:00:00","BZN|DK1","279.21","n/e"," ","271.67"
"17/02/2017 15:00:00 - 17/02/2017 16:00:00","BZN|DK1","291.13","n/e"," ","323.13"
"17/02/2017 16:00:00 - 17/02/2017 17:00:00","BZN|DK1","294.21","n/e"," ","354.30"
"17/02/2017 17:00:00 - 17/02/2017 18:00:00","BZN|DK1","286.54","n/e"," ","356.71"
"17/02/2017 18:00:00 - 17/02/2017 19:00:00","BZN|DK1","278.38","n/e"," ","322.36"
"17/02/2017 19:00:00 - 17/02/2017 20:00:00","BZN|DK1","275.00","n/e"," ","319.85"
"17/02/2017 20:00:00 - 17/02/2017 21:00:00","BZN|DK1","268.50","n/e"," ","222.59"
"17/02/2017 21:00:00 - 17/02/2017 22:00:00","BZN|DK1","255.04","n/e"," ","160.17"
"17/02/2017 22:00:00 - 17/02/2017 23:00:00","BZN|DK1","237.42","n/e"," ","204.62"
"17/02/2017 23:00:00 - 18/02/2017 00:00:00","BZN|DK1","222.79","n/e"," ","212.83"
"18/02/2017 00:00:00 - 18/02/2017 01:00:00","BZN|DK1","219.24","n/e"," ","233.43"
"18/02/2017 01:00:00 - 18/02/2017 02:00:00","BZN|DK1","245.88","n/e"," ","267.61"
"18/02/2017 02:00:00 - 18/02/2017 03:00:00","BZN|DK1","253.70","n/e"," ","268.33"
"18/02/2017 03:00:00 - 18/02/2017 04:00:00","BZN|DK1","221.22","n/e"," ","231.41"
"18/02/2017 04:00:00 - 18/02/2017 05:00:00","BZN|DK1","162.42","n/e"," ","174.46"
"18/02/2017 05:00:00 - 18/02/2017 06:00:00","BZN|DK1","139.69","n/e"," ","164.27"
"18/02/2017 06:00:00 - 18/02/2017 07:00:00","BZN|DK1","117.36","n/e"," ","138.62"
"18/02/2017 07:00:00 - 18/02/2017 08:00:00","BZN|DK1","105.93","n/e"," ","116.55"
"18/02/2017 08:00:00 - 18/02/2017 09:00:00","BZN|DK1","97.73","n/e"," ","142.09"
"18/02/2017 09:00:00 - 18/02/2017 10:00:00","BZN|DK1","133.75","n/e"," ","162.58"
"18/02/2017 10:00:00 - 18/02/2017 11:00:00","BZN|DK1","220.63","n/e"," ","225.88"
"18/02/2017 11:00:00 - 18/02/2017 12:00:00","BZN|DK1","291.21","n/e"," ","337.91"
"18/02/2017 12:00:00 - 18/02/2017 13:00:00","BZN|DK1","363.96","n/e"," ","515.69"
"18/02/2017 13:00:00 - 18/02/2017 14:00:00","BZN|DK1","428.38","n/e"," ","568.22"
"18/02/2017 14:00:00 - 18/02/2017 15:00:00","BZN|DK1","461.38","n/e"," ","502.97"
"18/02/2017 15:00:00 - 18/02/2017 16:00:00","BZN|DK1","490.08","n/e"," ","498.44"
"18/02/2017 16:00:00 - 18/02/2017 17:00:00","BZN|DK1","553.71","n/e"," ","498.10"
"18/02/2017 17:00:00 - 18/02/2017 18:00:00","BZN|DK1","627.96","n/e"," ","593.93"
"18/02/2017 18:00:00 - 18/02/2017 19:00:00","BZN|DK1","687.54","n/e"," ","713.16"
"18/02/2017 19:00:00 - 18/02/2017 20:00:00","BZN|DK1","719.50","n/e"," ","790.51"
"18/02/2017 20:00:00 - 18/02/2017 21:00:00","BZN|DK1","733.75","n/e"," ","797.26"
"18/02/2017 21:00:00 - 18/02/2017 22:00:00","BZN|DK1","738.63","n/e"," ","794.60"
"18/02/2017 22:00:00 - 18/02/2017 23:00:00","BZN|DK1","740.00","n/e"," ","798.34"
"18/02/2017 23:00:00 - 19/02/2017 00:00:00","BZN|DK1","740.00","n/e"," ","803.15"
"19/02/2017 00:00:00 - 19/02/2017 01:00:00","BZN|DK1","727.28","n/e"," ","795.52"
"19/02/2017 01:00:00 - 19/02/2017 02:00:00","BZN|DK1","676.60","n/e"," ","739.56"
"19/02/2017 02:00:00 - 19/02/2017 03:00:00","BZN|DK1","713.08","n/e"," ","773.20"
"19/02/2017 03:00:00 - 19/02/2017 04:00:00","BZN|DK1","715.39","n/e"," ","767.77"
"19/02/2017 04:00:00 - 19/02/2017 05:00:00","BZN|DK1","723.92","n/e"," ","776.35"
"19/02/2017 05:00:00 - 19/02/2017 06:00:00","BZN|DK1","734.21","n/e"," ","785.35"
"19/02/2017 06:00:00 - 19/02/2017 07:00:00","BZN|DK1","689.80","n/e"," ","738.99"
"19/02/2017 07:00:00 - 19/02/2017 08:00:00","BZN|DK1","642.25","n/e"," ","691.37"
"19/02/2017 08:00:00 - 19/02/2017 09:00:00","BZN|DK1","608.80","n/e"," ","660.23"
"19/02/2017 09:00:00 - 19/02/2017 10:00:00","BZN|DK1","603.75","n/e"," ","645.78"
"19/02/2017 10:00:00 - 19/02/2017 11:00:00","BZN|DK1","634.38","n/e"," ","644.90"
"19/02/2017 11:00:00 - 19/02/2017 12:00:00","BZN|DK1","615.67","n/e"," ","591.76"
"19/02/2017 12:00:00 - 19/02/2017 13:00:00","BZN|DK1","603.88","n/e"," ","562.46"
"19/02/2017 13:00:00 - 19/02/2017 14:00:00","BZN|DK1","603.50","n/e"," ","562.54"
"19/02/2017 14:00:00 - 19/02/2017 15:00:00","BZN|DK1","607.83","n/e"," ","571.49"
"19/02/2017 15:00:00 - 19/02/2017 16:00:00","BZN|DK1","611.13","n/e"," ","708.79"
"19/02/2017 16:00:00 - 19/02/2017 17:00:00","BZN|DK1","616.25","n/e"," ","654.92"
"19/02/2017 17:00:00 - 19/02/2017 18:00:00","BZN|DK1","621.25","n/e"," ","683.41"
"19/02/2017 18:00:00 - 19/02/2017 19:00:00","BZN|DK1","629.04","n/e"," ","649.01"
"19/02/2017 19:00:00 - 19/02/2017 20:00:00","BZN|DK1","631.21","n/e"," ","627.10"
"19/02/2017 20:00:00 - 19/02/2017 21:00:00","BZN|DK1","637.21","n/e"," ","611.26"
"19/02/2017 21:00:00 - 19/02/2017 22:00:00","BZN|DK1","647.33","n/e"," ","642.18"
"19/02/2017 22:00:00 - 19/02/2017 23:00:00","BZN|DK1","667.58","n/e"," ","618.83"
"19/02/2017 23:00:00 - 20/02/2017 00:00:00","BZN|DK1","693.75","n/e"," ","742.68"
"20/02/2017 00:00:00 - 20/02/2017 01:00:00","BZN|DK1","731.86","n/e"," ","789.81"
"20/02/2017 01:00:00 - 20/02/2017 02:00:00","BZN|DK1","686.59","n/e"," ","727.00"
"20/02/2017 02:00:00 - 20/02/2017 03:00:00","BZN|DK1","672.55","n/e"," ","707.80"
"20/02/2017 03:00:00 - 20/02/2017 04:00:00","BZN|DK1","338.88","n/e"," ","376.70"
"20/02/2017 04:00:00 - 20/02/2017 05:00:00","BZN|DK1","607.45","n/e"," ","692.27"
"20/02/2017 05:00:00 - 20/02/2017 06:00:00","BZN|DK1","653.97","n/e"," ","699.10"
"20/02/2017 06:00:00 - 20/02/2017 07:00:00","BZN|DK1","753.12","n/e"," ","808.92"
"20/02/2017 07:00:00 - 20/02/2017 08:00:00","BZN|DK1","751.29","n/e"," ","816.55"
"20/02/2017 08:00:00 - 20/02/2017 09:00:00","BZN|DK1","745.34","n/e"," ","819.70"
"20/02/2017 09:00:00 - 20/02/2017 10:00:00","BZN|DK1","737.38","n/e"," ","819.94"
"20/02/2017 10:00:00 - 20/02/2017 11:00:00","BZN|DK1","737.46","n/e"," ","819.25"
"20/02/2017 11:00:00 - 20/02/2017 12:00:00","BZN|DK1","739.04","n/e"," ","817.54"
"20/02/2017 12:00:00 - 20/02/2017 13:00:00","BZN|DK1","740.21","n/e"," ","815.71"
"20/02/2017 13:00:00 - 20/02/2017 14:00:00","BZN|DK1","741.13","n/e"," ","809.82"
"20/02/2017 14:00:00 - 20/02/2017 15:00:00","BZN|DK1","742.00","n/e"," ","795.66"
"20/02/2017 15:00:00 - 20/02/2017 16:00:00","BZN|DK1","742.00","n/e"," ","801.36"
"20/02/2017 16:00:00 - 20/02/2017 17:00:00","BZN|DK1","742.00","n/e"," ","810.24"
"20/02/2017 17:00:00 - 20/02/2017 18:00:00","BZN|DK1","746.58","n/e"," ","808.28"
"20/02/2017 18:00:00 - 20/02/2017 19:00:00","BZN|DK1","751.46","n/e"," ","811.79"
"20/02/2017 19:00:00 - 20/02/2017 20:00:00","BZN|DK1","750.29","n/e"," ","817.77"
"20/02/2017 20:00:00 - 20/02/2017 21:00:00","BZN|DK1","750.00","n/e"," ","799.60"
"20/02/2017 21:00:00 - 20/02/2017 22:00:00","BZN|DK1","749.88","n/e"," ","742.28"
"20/02/2017 22:00:00 - 20/02/2017 23:00:00","BZN|DK1","373.33","n/e"," ","430.97"
"20/02/2017 23:00:00 - 21/02/2017 00:00:00","BZN|DK1","357.00","n/e"," ","423.91"
"21/02/2017 00:00:00 - 21/02/2017 01:00:00","BZN|DK1","703.39","n/e"," ","797.32"
"21/02/2017 01:00:00 - 21/02/2017 02:00:00","BZN|DK1","734.67","n/e"," ","792.95"
"21/02/2017 02:00:00 - 21/02/2017 03:00:00","BZN|DK1","732.37","n/e"," ","782.33"
"21/02/2017 03:00:00 - 21/02/2017 04:00:00","BZN|DK1","700.16","n/e"," ","764.71"
"21/02/2017 04:00:00 - 21/02/2017 05:00:00","BZN|DK1","722.28","n/e"," ","796.35"
"21/02/2017 05:00:00 - 21/02/2017 06:00:00","BZN|DK1","733.50","n/e"," ","802.93"
"21/02/2017 06:00:00 - 21/02/2017 07:00:00","BZN|DK1","734.51","n/e"," ","802.30"
"21/02/2017 07:00:00 - 21/02/2017 08:00:00","BZN|DK1","737.38","n/e"," ","808.42"
"21/02/2017 08:00:00 - 21/02/2017 09:00:00","BZN|DK1","741.94","n/e"," ","810.15"
"21/02/2017 09:00:00 - 21/02/2017 10:00:00","BZN|DK1","744.13","n/e"," ","809.58"
"21/02/2017 10:00:00 - 21/02/2017 11:00:00","BZN|DK1","746.71","n/e"," ","809.89"
"21/02/2017 11:00:00 - 21/02/2017 12:00:00","BZN|DK1","748.42","n/e"," ","813.84"
"21/02/2017 12:00:00 - 21/02/2017 13:00:00","BZN|DK1","747.58","n/e"," ","811.77"
"21/02/2017 13:00:00 - 21/02/2017 14:00:00","BZN|DK1","743.04","n/e"," ","811.13"
"21/02/2017 14:00:00 - 21/02/2017 15:00:00","BZN|DK1","725.63","n/e"," ","796.64"
"21/02/2017 15:00:00 - 21/02/2017 16:00:00","BZN|DK1","694.04","n/e"," ","779.85"
"21/02/2017 16:00:00 - 21/02/2017 17:00:00","BZN|DK1","661.96","n/e"," ","680.80"
"21/02/2017 17:00:00 - 21/02/2017 18:00:00","BZN|DK1","648.25","n/e"," ","666.35"
"21/02/2017 18:00:00 - 21/02/2017 19:00:00","BZN|DK1","648.92","n/e"," ","757.46"
"21/02/2017 19:00:00 - 21/02/2017 20:00:00","BZN|DK1","662.75","n/e"," ","724.89"
"21/02/2017 20:00:00 - 21/02/2017 21:00:00","BZN|DK1","685.63","n/e"," ","716.00"
"21/02/2017 21:00:00 - 21/02/2017 22:00:00","BZN|DK1","704.08","n/e"," ","659.89"
"21/02/2017 22:00:00 - 21/02/2017 23:00:00","BZN|DK1","713.71","n/e"," ","664.09"
"21/02/2017 23:00:00 - 22/02/2017 00:00:00","BZN|DK1","732.42","n/e"," ","725.06"
"22/02/2017 00:00:00 - 22/02/2017 01:00:00","BZN|DK1","637.12","n/e"," ","674.44"
"22/02/2017 01:00:00 - 22/02/2017 02:00:00","BZN|DK1","644.93","n/e"," ","688.75"
"22/02/2017 02:00:00 - 22/02/2017 03:00:00","BZN|DK1","732.80","n/e"," ","691.61"
"22/02/2017 03:00:00 - 22/02/2017 04:00:00","BZN|DK1","629.57","n/e"," ","663.98"
"22/02/2017 04:00:00 - 22/02/2017 05:00:00","BZN|DK1","592.30","n/e"," ","636.25"
"22/02/2017 05:00:00 - 22/02/2017 06:00:00","BZN|DK1","594.50","n/e"," ","633.58"
"22/02/2017 06:00:00 - 22/02/2017 07:00:00","BZN|DK1","643.14","n/e"," ","687.76"
"22/02/2017 07:00:00 - 22/02/2017 08:00:00","BZN|DK1","743.36","n/e"," ","792.64"
"22/02/2017 08:00:00 - 22/02/2017 09:00:00","BZN|DK1","743.20","n/e"," ","806.50"
"22/02/2017 09:00:00 - 22/02/2017 10:00:00","BZN|DK1","744.71","n/e"," ","800.68"
"22/02/2017 10:00:00 - 22/02/2017 11:00:00","BZN|DK1","744.88","n/e"," ","810.41"
"22/02/2017 11:00:00 - 22/02/2017 12:00:00","BZN|DK1","745.00","n/e"," ","810.15"
"22/02/2017 12:00:00 - 22/02/2017 13:00:00","BZN|DK1","745.00","n/e"," ","810.00"
"22/02/2017 13:00:00 - 22/02/2017 14:00:00","BZN|DK1","745.00","n/e"," ","810.31"
"22/02/2017 14:00:00 - 22/02/2017 15:00:00","BZN|DK1","745.00","n/e"," ","811.94"
"22/02/2017 15:00:00 - 22/02/2017 16:00:00","BZN|DK1","744.04","n/e"," ","810.26"
"22/02/2017 16:00:00 - 22/02/2017 17:00:00","BZN|DK1","743.13","n/e"," ","808.35"
"22/02/2017 17:00:00 - 22/02/2017 18:00:00","BZN|DK1","741.79","n/e"," ","808.82"
"22/02/2017 18:00:00 - 22/02/2017 19:00:00","BZN|DK1","739.46","n/e"," ","805.50"
"22/02/2017 19:00:00 - 22/02/2017 20:00:00","BZN|DK1","738.08","n/e"," ","800.91"
"22/02/2017 20:00:00 - 22/02/2017 21:00:00","BZN|DK1","736.54","n/e"," ","801.78"
"22/02/2017 21:00:00 - 22/02/2017 22:00:00","BZN|DK1","735.00","n/e"," ","803.17"
"22/02/2017 22:00:00 - 22/02/2017 23:00:00","BZN|DK1","735.54","n/e"," ","804.92"
"22/02/2017 23:00:00 - 23/02/2017 00:00:00","BZN|DK1","737.67","n/e"," ","804.10"
"23/02/2017 00:00:00 - 23/02/2017 01:00:00","BZN|DK1","374.83","n/e"," ","426.34"
"23/02/2017 01:00:00 - 23/02/2017 02:00:00","BZN|DK1","360.25","n/e"," ","410.16"
"23/02/2017 02:00:00 - 23/02/2017 03:00:00","BZN|DK1","597.75","n/e"," ","678.89"
"23/02/2017 03:00:00 - 23/02/2017 04:00:00","BZN|DK1","735.57","n/e"," ","785.57"
"23/02/2017 04:00:00 - 23/02/2017 05:00:00","BZN|DK1","727.01","n/e"," ","787.74"
"23/02/2017 05:00:00 - 23/02/2017 06:00:00","BZN|DK1","678.23","n/e"," ","722.34"
"23/02/2017 06:00:00 - 23/02/2017 07:00:00","BZN|DK1","542.91","n/e"," ","573.32"
"23/02/2017 07:00:00 - 23/02/2017 08:00:00","BZN|DK1","422.56","n/e"," ","441.90"
"23/02/2017 08:00:00 - 23/02/2017 09:00:00","BZN|DK1","364.61","n/e"," ","370.80"
"23/02/2017 09:00:00 - 23/02/2017 10:00:00","BZN|DK1","330.08","n/e"," ","325.30"
"23/02/2017 10:00:00 - 23/02/2017 11:00:00","BZN|DK1","257.88","n/e"," ","243.26"
"23/02/2017 11:00:00 - 23/02/2017 12:00:00","BZN|DK1","192.58","n/e"," ","196.25"
"23/02/2017 12:00:00 - 23/02/2017 13:00:00","BZN|DK1","176.38","n/e"," ","182.36"
"23/02/2017 13:00:00 - 23/02/2017 14:00:00","BZN|DK1","208.29","n/e"," ","195.85"
"23/02/2017 14:00:00 - 23/02/2017 15:00:00","BZN|DK1","277.88","n/e"," ","220.79"
"23/02/2017 15:00:00 - 23/02/2017 16:00:00","BZN|DK1","335.75","n/e"," ","300.18"
"23/02/2017 16:00:00 - 23/02/2017 17:00:00","BZN|DK1","371.83","n/e"," ","349.94"
"23/02/2017 17:00:00 - 23/02/2017 18:00:00","BZN|DK1","394.25","n/e"," ","315.24"
"23/02/2017 18:00:00 - 23/02/2017 19:00:00","BZN|DK1","439.96","n/e"," ","371.50"
"23/02/2017 19:00:00 - 23/02/2017 20:00:00","BZN|DK1","533.63","n/e"," ","522.43"
"23/02/2017 20:00:00 - 23/02/2017 21:00:00","BZN|DK1","662.58","n/e"," ","643.49"
"23/02/2017 21:00:00 - 23/02/2017 22:00:00","BZN|DK1","722.13","n/e"," ","752.91"
"23/02/2017 22:00:00 - 23/02/2017 23:00:00","BZN|DK1","740.08","n/e"," ","778.56"
"23/02/2017 23:00:00 - 24/02/2017 00:00:00","BZN|DK1","743.92","n/e"," ","786.80"
"24/02/2017 00:00:00 - 24/02/2017 01:00:00","BZN|DK1","658.60","n/e"," ","692.64"
"24/02/2017 01:00:00 - 24/02/2017 02:00:00","BZN|DK1","179.21","n/e"," ","196.85"
"24/02/2017 02:00:00 - 24/02/2017 03:00:00","BZN|DK1","306.91","n/e"," ","379.71"
"24/02/2017 03:00:00 - 24/02/2017 04:00:00","BZN|DK1","682.44","n/e"," ","781.92"
"24/02/2017 04:00:00 - 24/02/2017 05:00:00","BZN|DK1","656.83","n/e"," ","660.01"
"24/02/2017 05:00:00 - 24/02/2017 06:00:00","BZN|DK1","541.06","n/e"," ","549.11"
"24/02/2017 06:00:00 - 24/02/2017 07:00:00","BZN|DK1","402.77","n/e"," ","410.35"
"24/02/2017 07:00:00 - 24/02/2017 08:00:00","BZN|DK1","301.65","n/e"," ","293.68"
"24/02/2017 08:00:00 - 24/02/2017 09:00:00","BZN|DK1","285.71","n/e"," ","323.05"
"24/02/2017 09:00:00 - 24/02/2017 10:00:00","BZN|DK1","295.13","n/e"," ","292.54"
"24/02/2017 10:00:00 - 24/02/2017 11:00:00","BZN|DK1","332.04","n/e"," ","227.51"
"24/02/2017 11:00:00 - 24/02/2017 12:00:00","BZN|DK1","329.92","n/e"," ","211.31"
"24/02/2017 12:00:00 - 24/02/2017 13:00:00","BZN|DK1","321.29","n/e"," ","171.75"
"24/02/2017 13:00:00 - 24/02/2017 14:00:00","BZN|DK1","320.58","n/e"," ","195.58"
"24/02/2017 14:00:00 - 24/02/2017 15:00:00","BZN|DK1","326.04","n/e"," ","250.86"
"24/02/2017 15:00:00 - 24/02/2017 16:00:00","BZN|DK1","341.25","n/e"," ","247.60"
"24/02/2017 16:00:00 - 24/02/2017 17:00:00","BZN|DK1","355.58","n/e"," ","352.64"
"24/02/2017 17:00:00 - 24/02/2017 18:00:00","BZN|DK1","370.42","n/e"," ","615.82"
"24/02/2017 18:00:00 - 24/02/2017 19:00:00","BZN|DK1","384.21","n/e"," ","505.77"
"24/02/2017 19:00:00 - 24/02/2017 20:00:00","BZN|DK1","384.13","n/e"," ","488.21"
"24/02/2017 20:00:00 - 24/02/2017 21:00:00","BZN|DK1","369.96","n/e"," ","478.99"
"24/02/2017 21:00:00 - 24/02/2017 22:00:00","BZN|DK1","356.79","n/e"," ","450.86"
"24/02/2017 22:00:00 - 24/02/2017 23:00:00","BZN|DK1","305.54","n/e"," ","399.64"
"24/02/2017 23:00:00 - 25/02/2017 00:00:00","BZN|DK1","260.58","n/e"," ","441.21"
"25/02/2017 00:00:00 - 25/02/2017 01:00:00","BZN|DK1","352.85","n/e"," ","398.01"
"25/02/2017 01:00:00 - 25/02/2017 02:00:00","BZN|DK1","260.83","n/e"," ","286.81"
"25/02/2017 02:00:00 - 25/02/2017 03:00:00","BZN|DK1","184.50","n/e"," ","198.36"
"25/02/2017 03:00:00 - 25/02/2017 04:00:00","BZN|DK1","133.18","n/e"," ","148.23"
"25/02/2017 04:00:00 - 25/02/2017 05:00:00","BZN|DK1","103.88","n/e"," ","100.98"
"25/02/2017 05:00:00 - 25/02/2017 06:00:00","BZN|DK1","102.95","n/e"," ","106.62"
"25/02/2017 06:00:00 - 25/02/2017 07:00:00","BZN|DK1","144.97","n/e"," ","165.51"
"25/02/2017 07:00:00 - 25/02/2017 08:00:00","BZN|DK1","114.29","n/e"," ","103.68"
"25/02/2017 08:00:00 - 25/02/2017 09:00:00","BZN|DK1","190.63","n/e"," ","219.09"
"25/02/2017 09:00:00 - 25/02/2017 10:00:00","BZN|DK1","303.13","n/e"," ","334.21"
"25/02/2017 10:00:00 - 25/02/2017 11:00:00","BZN|DK1","413.79","n/e"," ","413.51"
"25/02/2017 11:00:00 - 25/02/2017 12:00:00","BZN|DK1","523.63","n/e"," ","558.09"
"25/02/2017 12:00:00 - 25/02/2017 13:00:00","BZN|DK1","639.67","n/e"," ","689.10"
"25/02/2017 13:00:00 - 25/02/2017 14:00:00","BZN|DK1","701.88","n/e"," ","787.66"
"25/02/2017 14:00:00 - 25/02/2017 15:00:00","BZN|DK1","718.46","n/e"," ","804.43"
"25/02/2017 15:00:00 - 25/02/2017 16:00:00","BZN|DK1","722.42","n/e"," ","812.39"
"25/02/2017 16:00:00 - 25/02/2017 17:00:00","BZN|DK1","727.21","n/e"," ","819.57"
"25/02/2017 17:00:00 - 25/02/2017 18:00:00","BZN|DK1","728.71","n/e"," ","819.77"
"25/02/2017 18:00:00 - 25/02/2017 19:00:00","BZN|DK1","729.54","n/e"," ","818.09"
"25/02/2017 19:00:00 - 25/02/2017 20:00:00","BZN|DK1","729.88","n/e"," ","818.17"
"25/02/2017 20:00:00 - 25/02/2017 21:00:00","BZN|DK1","729.00","n/e"," ","798.92"
"25/02/2017 21:00:00 - 25/02/2017 22:00:00","BZN|DK1","728.54","n/e"," ","796.44"
"25/02/2017 22:00:00 - 25/02/2017 23:00:00","BZN|DK1","727.63","n/e"," ","795.19"
"25/02/2017 23:00:00 - 26/02/2017 00:00:00","BZN|DK1","725.79","n/e"," ","796.30"
"26/02/2017 00:00:00 - 26/02/2017 01:00:00","BZN|DK1","747.95","n/e"," ","812.42"
"26/02/2017 01:00:00 - 26/02/2017 02:00:00","BZN|DK1","740.82","n/e"," ","784.97"
"26/02/2017 02:00:00 - 26/02/2017 03:00:00","BZN|DK1","741.07","n/e"," ","778.63"
"26/02/2017 03:00:00 - 26/02/2017 04:00:00","BZN|DK1","731.65","n/e"," ","767.94"
"26/02/2017 04:00:00 - 26/02/2017 05:00:00","BZN|DK1","719.90","n/e"," ","757.63"
"26/02/2017 05:00:00 - 26/02/2017 06:00:00","BZN|DK1","665.52","n/e"," ","697.14"
"26/02/2017 06:00:00 - 26/02/2017 07:00:00","BZN|DK1","616.08","n/e"," ","646.25"
"26/02/2017 07:00:00 - 26/02/2017 08:00:00","BZN|DK1","589.61","n/e"," ","630.73"
"26/02/2017 08:00:00 - 26/02/2017 09:00:00","BZN|DK1","532.95","n/e"," ","551.84"
"26/02/2017 09:00:00 - 26/02/2017 10:00:00","BZN|DK1","477.00","n/e"," ","460.96"
"26/02/2017 10:00:00 - 26/02/2017 11:00:00","BZN|DK1","450.71","n/e"," ","414.00"
"26/02/2017 11:00:00 - 26/02/2017 12:00:00","BZN|DK1","424.83","n/e"," ","410.51"
"26/02/2017 12:00:00 - 26/02/2017 13:00:00","BZN|DK1","400.54","n/e"," ","311.84"
"26/02/2017 13:00:00 - 26/02/2017 14:00:00","BZN|DK1","385.04","n/e"," ","308.53"
"26/02/2017 14:00:00 - 26/02/2017 15:00:00","BZN|DK1","369.33","n/e"," ","324.57"
"26/02/2017 15:00:00 - 26/02/2017 16:00:00","BZN|DK1","367.21","n/e"," ","318.48"
"26/02/2017 16:00:00 - 26/02/2017 17:00:00","BZN|DK1","405.42","n/e"," ","400.26"
"26/02/2017 17:00:00 - 26/02/2017 18:00:00","BZN|DK1","467.79","n/e"," ","504.99"
"26/02/2017 18:00:00 - 26/02/2017 19:00:00","BZN|DK1","531.04","n/e"," ","483.92"
"26/02/2017 19:00:00 - 26/02/2017 20:00:00","BZN|DK1","579.00","n/e"," ","475.82"
"26/02/2017 20:00:00 - 26/02/2017 21:00:00","BZN|DK1","617.25","n/e"," ","585.18"
"26/02/2017 21:00:00 - 26/02/2017 22:00:00","BZN|DK1","648.50","n/e"," ","673.26"
"26/02/2017 22:00:00 - 26/02/2017 23:00:00","BZN|DK1","683.33","n/e"," ","712.32"
"26/02/2017 23:00:00 - 27/02/2017 00:00:00","BZN|DK1","713.79","n/e"," ","723.12"
"27/02/2017 00:00:00 - 27/02/2017 01:00:00","BZN|DK1","726.43","n/e"," ","781.86"
"27/02/2017 01:00:00 - 27/02/2017 02:00:00","BZN|DK1","738.60","n/e"," ","800.98"
"27/02/2017 02:00:00 - 27/02/2017 03:00:00","BZN|DK1","742.62","n/e"," ","799.94"
"27/02/2017 03:00:00 - 27/02/2017 04:00:00","BZN|DK1","741.04","n/e"," ","797.41"
"27/02/2017 04:00:00 - 27/02/2017 05:00:00","BZN|DK1","741.33","n/e"," ","797.82"
"27/02/2017 05:00:00 - 27/02/2017 06:00:00","BZN|DK1","732.96","n/e"," ","783.17"
"27/02/2017 06:00:00 - 27/02/2017 07:00:00","BZN|DK1","736.01","n/e"," ","792.52"
"27/02/2017 07:00:00 - 27/02/2017 08:00:00","BZN|DK1","730.47","n/e"," ","786.40"
"27/02/2017 08:00:00 - 27/02/2017 09:00:00","BZN|DK1","723.14","n/e"," ","772.16"
"27/02/2017 09:00:00 - 27/02/2017 10:00:00","BZN|DK1","735.29","n/e"," ","738.00"
"27/02/2017 10:00:00 - 27/02/2017 11:00:00","BZN|DK1","735.79","n/e"," ","744.27"
"27/02/2017 11:00:00 - 27/02/2017 12:00:00","BZN|DK1","732.08","n/e"," ","751.85"
"27/02/2017 12:00:00 - 27/02/2017 13:00:00","BZN|DK1","733.71","n/e"," ","689.58"
"27/02/2017 13:00:00 - 27/02/2017 14:00:00","BZN|DK1","732.67","n/e"," ","704.44"
"27/02/2017 14:00:00 - 27/02/2017 15:00:00","BZN|DK1","732.42","n/e"," ","762.58"
"27/02/2017 15:00:00 - 27/02/2017 16:00:00","BZN|DK1","734.17","n/e"," ","780.03"
"27/02/2017 16:00:00 - 27/02/2017 17:00:00","BZN|DK1","742.17","n/e"," ","779.87"
"27/02/2017 17:00:00 - 27/02/2017 18:00:00","BZN|DK1","744.92","n/e"," ","777.14"
"27/02/2017 18:00:00 - 27/02/2017 19:00:00","BZN|DK1","746.50","n/e"," ","731.03"
"27/02/2017 19:00:00 - 27/02/2017 20:00:00","BZN|DK1","747.54","n/e"," ","749.98"
"27/02/2017 20:00:00 - 27/02/2017 21:00:00","BZN|DK1","747.00","n/e"," ","779.83"
"27/02/2017 21:00:00 - 27/02/2017 22:00:00","BZN|DK1","747.00","n/e"," ","801.88"
"27/02/2017 22:00:00 - 27/02/2017 23:00:00","BZN|DK1","747.38","n/e"," ","807.07"
"27/02/2017 23:00:00 - 28/02/2017 00:00:00","BZN|DK1","748.63","n/e"," ","814.03"
"28/02/2017 00:00:00 - 28/02/2017 01:00:00","BZN|DK1","751.80","n/e"," ","817.87"
"28/02/2017 01:00:00 - 28/02/2017 02:00:00","BZN|DK1","752.00","n/e"," ","807.27"
"28/02/2017 02:00:00 - 28/02/2017 03:00:00","BZN|DK1","751.24","n/e"," ","808.08"
"28/02/2017 03:00:00 - 28/02/2017 04:00:00","BZN|DK1","751.37","n/e"," ","806.50"
"28/02/2017 04:00:00 - 28/02/2017 05:00:00","BZN|DK1","748.04","n/e"," ","803.21"
"28/02/2017 05:00:00 - 28/02/2017 06:00:00","BZN|DK1","749.82","n/e"," ","808.12"
"28/02/2017 06:00:00 - 28/02/2017 07:00:00","BZN|DK1","750.52","n/e"," ","810.35"
"28/02/2017 07:00:00 - 28/02/2017 08:00:00","BZN|DK1","750.77","n/e"," ","810.04"
"28/02/2017 08:00:00 - 28/02/2017 09:00:00","BZN|DK1","749.54","n/e"," ","806.79"
"28/02/2017 09:00:00 - 28/02/2017 10:00:00","BZN|DK1","748.21","n/e"," ","807.57"
"28/02/2017 10:00:00 - 28/02/2017 11:00:00","BZN|DK1","747.54","n/e"," ","811.29"
"28/02/2017 11:00:00 - 28/02/2017 12:00:00","BZN|DK1","747.00","n/e"," ","809.17"
"28/02/2017 12:00:00 - 28/02/2017 13:00:00","BZN|DK1","747.71","n/e"," ","697.78"
"28/02/2017 13:00:00 - 28/02/2017 14:00:00","BZN|DK1","747.83","n/e"," ","766.86"
"28/02/2017 14:00:00 - 28/02/2017 15:00:00","BZN|DK1","747.46","n/e"," ","805.06"
"28/02/2017 15:00:00 - 28/02/2017 16:00:00","BZN|DK1","746.54","n/e"," ","796.85"
"28/02/2017 16:00:00 - 28/02/2017 17:00:00","BZN|DK1","745.96","n/e"," ","805.47"
"28/02/2017 17:00:00 - 28/02/2017 18:00:00","BZN|DK1","745.00","n/e"," ","800.52"
"28/02/2017 18:00:00 - 28/02/2017 19:00:00","BZN|DK1","744.46","n/e"," ","805.70"
"28/02/2017 19:00:00 - 28/02/2017 20:00:00","BZN|DK1","745.17","n/e"," ","810.69"
"28/02/2017 20:00:00 - 28/02/2017 21:00:00","BZN|DK1","747.46","n/e"," ","813.38"
"28/02/2017 21:00:00 - 28/02/2017 22:00:00","BZN|DK1","749.00","n/e"," ","812.70"
"28/02/2017 22:00:00 - 28/02/2017 23:00:00","BZN|DK1","749.00","n/e"," ","816.97"
"28/02/2017 23:00:00 - 01/03/2017 00:00:00","BZN|DK1","748.88","n/e"," ","816.93"
"01/03/2017 00:00:00 - 01/03/2017 01:00:00","BZN|DK1","747.40","n/e"," ","817.76"
"01/03/2017 01:00:00 - 01/03/2017 02:00:00","BZN|DK1","748.91","n/e"," ","818.25"
"01/03/2017 02:00:00 - 01/03/2017 03:00:00","BZN|DK1","747.67","n/e"," ","817.29"
"01/03/2017 03:00:00 - 01/03/2017 04:00:00","BZN|DK1","746.50","n/e"," ","816.00"
"01/03/2017 04:00:00 - 01/03/2017 05:00:00","BZN|DK1","745.45","n/e"," ","813.51"
"01/03/2017 05:00:00 - 01/03/2017 06:00:00","BZN|DK1","744.13","n/e"," ","809.50"
"01/03/2017 06:00:00 - 01/03/2017 07:00:00","BZN|DK1","742.54","n/e"," ","801.89"
"01/03/2017 07:00:00 - 01/03/2017 08:00:00","BZN|DK1","739.63","n/e"," ","796.11"
"01/03/2017 08:00:00 - 01/03/2017 09:00:00","BZN|DK1","740.89","n/e"," ","793.87"
"01/03/2017 09:00:00 - 01/03/2017 10:00:00","BZN|DK1","735.75","n/e"," ","797.98"
"01/03/2017 10:00:00 - 01/03/2017 11:00:00","BZN|DK1","739.38","n/e"," ","794.51"
"01/03/2017 11:00:00 - 01/03/2017 12:00:00","BZN|DK1","736.33","n/e"," ","789.78"
"01/03/2017 12:00:00 - 01/03/2017 13:00:00","BZN|DK1","725.17","n/e"," ","733.49"
"01/03/2017 13:00:00 - 01/03/2017 14:00:00","BZN|DK1","707.38","n/e"," ","749.71"
"01/03/2017 14:00:00 - 01/03/2017 15:00:00","BZN|DK1","703.33","n/e"," ","710.63"
"01/03/2017 15:00:00 - 01/03/2017 16:00:00","BZN|DK1","698.21","n/e"," ","729.20"
"01/03/2017 16:00:00 - 01/03/2017 17:00:00","BZN|DK1","682.79","n/e"," ","662.68"
"01/03/2017 17:00:00 - 01/03/2017 18:00:00","BZN|DK1","660.04","n/e"," ","575.50"
"01/03/2017 18:00:00 - 01/03/2017 19:00:00","BZN|DK1","627.79","n/e"," ","546.94"
"01/03/2017 19:00:00 - 01/03/2017 20:00:00","BZN|DK1","595.38","n/e"," ","507.08"
"01/03/2017 20:00:00 - 01/03/2017 21:00:00","BZN|DK1","566.71","n/e"," ","523.20"
"01/03/2017 21:00:00 - 01/03/2017 22:00:00","BZN|DK1","528.67","n/e"," ","521.74"
"01/03/2017 22:00:00 - 01/03/2017 23:00:00","BZN|DK1","482.58","n/e"," ","478.73"
"01/03/2017 23:00:00 - 02/03/2017 00:00:00","BZN|DK1","433.17","n/e"," ","377.25"
"02/03/2017 00:00:00 - 02/03/2017 01:00:00","BZN|DK1","388.97","n/e"," ","421.30"
"02/03/2017 01:00:00 - 02/03/2017 02:00:00","BZN|DK1","359.19","n/e"," ","363.68"
"02/03/2017 02:00:00 - 02/03/2017 03:00:00","BZN|DK1","326.62","n/e"," ","333.09"
"02/03/2017 03:00:00 - 02/03/2017 04:00:00","BZN|DK1","299.83","n/e"," ","306.81"
"02/03/2017 04:00:00 - 02/03/2017 05:00:00","BZN|DK1","259.47","n/e"," ","265.62"
"02/03/2017 05:00:00 - 02/03/2017 06:00:00","BZN|DK1","165.13","n/e"," ","175.64"
"02/03/2017 06:00:00 - 02/03/2017 07:00:00","BZN|DK1","171.71","n/e"," ","202.08"
"02/03/2017 07:00:00 - 02/03/2017 08:00:00","BZN|DK1","164.90","n/e"," ","142.67"
"02/03/2017 08:00:00 - 02/03/2017 09:00:00","BZN|DK1","168.58","n/e"," ","128.10"
"02/03/2017 09:00:00 - 02/03/2017 10:00:00","BZN|DK1","212.38","n/e"," ","128.12"
"02/03/2017 10:00:00 - 02/03/2017 11:00:00","BZN|DK1","208.96","n/e"," ","158.81"
"02/03/2017 11:00:00 - 02/03/2017 12:00:00","BZN|DK1","215.29","n/e"," ","221.17"
"02/03/2017 12:00:00 - 02/03/2017 13:00:00","BZN|DK1","231.83","n/e"," ","255.19"
"02/03/2017 13:00:00 - 02/03/2017 14:00:00","BZN|DK1","272.83","n/e"," ","332.48"
"02/03/2017 14:00:00 - 02/03/2017 15:00:00","BZN|DK1","356.08","n/e"," ","409.74"
"02/03/2017 15:00:00 - 02/03/2017 16:00:00","BZN|DK1","441.21","n/e"," ","525.65"
"02/03/2017 16:00:00 - 02/03/2017 17:00:00","BZN|DK1","506.71","n/e"," ","448.28"
"02/03/2017 17:00:00 - 02/03/2017 18:00:00","BZN|DK1","562.38","n/e"," ","494.27"
"02/03/2017 18:00:00 - 02/03/2017 19:00:00","BZN|DK1","612.08","n/e"," ","576.36"
"02/03/2017 19:00:00 - 02/03/2017 20:00:00","BZN|DK1","664.29","n/e"," ","640.72"
"02/03/2017 20:00:00 - 02/03/2017 21:00:00","BZN|DK1","704.13","n/e"," ","701.85"
"02/03/2017 21:00:00 - 02/03/2017 22:00:00","BZN|DK1","723.75","n/e"," ","743.47"
"02/03/2017 22:00:00 - 02/03/2017 23:00:00","BZN|DK1","732.25","n/e"," ","767.88"
"02/03/2017 23:00:00 - 03/03/2017 00:00:00","BZN|DK1","737.75","n/e"," ","788.89"
"03/03/2017 00:00:00 - 03/03/2017 01:00:00","BZN|DK1","746.44","n/e"," ","802.16"
"03/03/2017 01:00:00 - 03/03/2017 02:00:00","BZN|DK1","745.85","n/e"," ","803.70"
"03/03/2017 02:00:00 - 03/03/2017 03:00:00","BZN|DK1","745.48","n/e"," ","799.53"
"03/03/2017 03:00:00 - 03/03/2017 04:00:00","BZN|DK1","745.45","n/e"," ","802.18"
"03/03/2017 04:00:00 - 03/03/2017 05:00:00","BZN|DK1","742.39","n/e"," ","788.65"
"03/03/2017 05:00:00 - 03/03/2017 06:00:00","BZN|DK1","691.05","n/e"," ","714.44"
"03/03/2017 06:00:00 - 03/03/2017 07:00:00","BZN|DK1","668.85","n/e"," ","714.06"
"03/03/2017 07:00:00 - 03/03/2017 08:00:00","BZN|DK1","587.14","n/e"," ","619.05"
"03/03/2017 08:00:00 - 03/03/2017 09:00:00","BZN|DK1","586.42","n/e"," ","599.45"
"03/03/2017 09:00:00 - 03/03/2017 10:00:00","BZN|DK1","621.58","n/e"," ","585.90"
"03/03/2017 10:00:00 - 03/03/2017 11:00:00","BZN|DK1","682.75","n/e"," ","703.78"
"03/03/2017 11:00:00 - 03/03/2017 12:00:00","BZN|DK1","647.50","n/e"," ","612.72"
"03/03/2017 12:00:00 - 03/03/2017 13:00:00","BZN|DK1","573.42","n/e"," ","688.48"
"03/03/2017 13:00:00 - 03/03/2017 14:00:00","BZN|DK1","499.88","n/e"," ","627.06"
"03/03/2017 14:00:00 - 03/03/2017 15:00:00","BZN|DK1","452.83","n/e"," ","410.28"
"03/03/2017 15:00:00 - 03/03/2017 16:00:00","BZN|DK1","399.83","n/e"," ","389.63"
"03/03/2017 16:00:00 - 03/03/2017 17:00:00","BZN|DK1","357.75","n/e"," ","360.96"
"03/03/2017 17:00:00 - 03/03/2017 18:00:00","BZN|DK1","321.50","n/e"," ","313.08"
"03/03/2017 18:00:00 - 03/03/2017 19:00:00","BZN|DK1","275.00","n/e"," ","249.39"
"03/03/2017 19:00:00 - 03/03/2017 20:00:00","BZN|DK1","246.04","n/e"," ","262.26"
"03/03/2017 20:00:00 - 03/03/2017 21:00:00","BZN|DK1","225.96","n/e"," ","255.90"
"03/03/2017 21:00:00 - 03/03/2017 22:00:00","BZN|DK1","195.42","n/e"," ","271.98"
"03/03/2017 22:00:00 - 03/03/2017 23:00:00","BZN|DK1","160.29","n/e"," ","310.51"
"03/03/2017 23:00:00 - 04/03/2017 00:00:00","BZN|DK1","132.17","n/e"," ","205.63"
"04/03/2017 00:00:00 - 04/03/2017 01:00:00","BZN|DK1","108.90","n/e"," ","99.72"
"04/03/2017 01:00:00 - 04/03/2017 02:00:00","BZN|DK1","85.72","n/e"," ","98.87"
"04/03/2017 02:00:00 - 04/03/2017 03:00:00","BZN|DK1","149.54","n/e"," ","187.92"
"04/03/2017 03:00:00 - 04/03/2017 04:00:00","BZN|DK1","223.29","n/e"," ","224.39"
"04/03/2017 04:00:00 - 04/03/2017 05:00:00","BZN|DK1","249.03","n/e"," ","275.76"
"04/03/2017 05:00:00 - 04/03/2017 06:00:00","BZN|DK1","332.38","n/e"," ","349.08"
"04/03/2017 06:00:00 - 04/03/2017 07:00:00","BZN|DK1","358.50","n/e"," ","388.81"
"04/03/2017 07:00:00 - 04/03/2017 08:00:00","BZN|DK1","421.67","n/e"," ","461.44"
"04/03/2017 08:00:00 - 04/03/2017 09:00:00","BZN|DK1","492.09","n/e"," ","484.14"
"04/03/2017 09:00:00 - 04/03/2017 10:00:00","BZN|DK1","505.54","n/e"," ","491.32"
"04/03/2017 10:00:00 - 04/03/2017 11:00:00","BZN|DK1","524.71","n/e"," ","454.57"
"04/03/2017 11:00:00 - 04/03/2017 12:00:00","BZN|DK1","565.17","n/e"," ","474.87"
"04/03/2017 12:00:00 - 04/03/2017 13:00:00","BZN|DK1","607.00","n/e"," ","612.84"
"04/03/2017 13:00:00 - 04/03/2017 14:00:00","BZN|DK1","630.75","n/e"," ","660.72"
"04/03/2017 14:00:00 - 04/03/2017 15:00:00","BZN|DK1","623.46","n/e"," ","660.57"
"04/03/2017 15:00:00 - 04/03/2017 16:00:00","BZN|DK1","621.63","n/e"," ","679.38"
"04/03/2017 16:00:00 - 04/03/2017 17:00:00","BZN|DK1","627.71","n/e"," ","709.09"
"04/03/2017 17:00:00 - 04/03/2017 18:00:00","BZN|DK1","634.88","n/e"," ","732.84"
"04/03/2017 18:00:00 - 04/03/2017 19:00:00","BZN|DK1","640.29","n/e"," ","747.90"
"04/03/2017 19:00:00 - 04/03/2017 20:00:00","BZN|DK1","638.33","n/e"," ","740.82"
"04/03/2017 20:00:00 - 04/03/2017 21:00:00","BZN|DK1","629.83","n/e"," ","699.72"
"04/03/2017 21:00:00 - 04/03/2017 22:00:00","BZN|DK1","614.96","n/e"," ","695.56"
"04/03/2017 22:00:00 - 04/03/2017 23:00:00","BZN|DK1","593.38","n/e"," ","696.95"
"04/03/2017 23:00:00 - 05/03/2017 00:00:00","BZN|DK1","567.21","n/e"," ","717.91"
"05/03/2017 00:00:00 - 05/03/2017 01:00:00","BZN|DK1","622.55","n/e"," ","642.77"
"05/03/2017 01:00:00 - 05/03/2017 02:00:00","BZN|DK1","509.27","n/e"," ","529.76"
"05/03/2017 02:00:00 - 05/03/2017 03:00:00","BZN|DK1","551.66","n/e"," ","642.58"
"05/03/2017 03:00:00 - 05/03/2017 04:00:00","BZN|DK1","603.93","n/e"," ","663.07"
"05/03/2017 04:00:00 - 05/03/2017 05:00:00","BZN|DK1","599.55","n/e"," ","652.93"
"05/03/2017 05:00:00 - 05/03/2017 06:00:00","BZN|DK1","620.87","n/e"," ","694.69"
"05/03/2017 06:00:00 - 05/03/2017 07:00:00","BZN|DK1","643.45","n/e"," ","702.92"
"05/03/2017 07:00:00 - 05/03/2017 08:00:00","BZN|DK1","573.29","n/e"," ","628.58"
"05/03/2017 08:00:00 - 05/03/2017 09:00:00","BZN|DK1","522.08","n/e"," ","579.10"
"05/03/2017 09:00:00 - 05/03/2017 10:00:00","BZN|DK1","501.79","n/e"," ","501.52"
"05/03/2017 10:00:00 - 05/03/2017 11:00:00","BZN|DK1","500.92","n/e"," ","476.61"
"05/03/2017 11:00:00 - 05/03/2017 12:00:00","BZN|DK1","485.29","n/e"," ","441.41"
"05/03/2017 12:00:00 - 05/03/2017 13:00:00","BZN|DK1","485.79","n/e"," ","428.24"
"05/03/2017 13:00:00 - 05/03/2017 14:00:00","BZN|DK1","494.88","n/e"," ","436.21"
"05/03/2017 14:00:00 - 05/03/2017 15:00:00","BZN|DK1","502.88","n/e"," ","467.26"
"05/03/2017 15:00:00 - 05/03/2017 16:00:00","BZN|DK1","504.46","n/e"," ","507.06"
"05/03/2017 16:00:00 - 05/03/2017 17:00:00","BZN|DK1","494.13","n/e"," ","503.11"
"05/03/2017 17:00:00 - 05/03/2017 18:00:00","BZN|DK1","470.42","n/e"," ","450.37"
"05/03/2017 18:00:00 - 05/03/2017 19:00:00","BZN|DK1","452.58","n/e"," ","415.20"
"05/03/2017 19:00:00 - 05/03/2017 20:00:00","BZN|DK1","462.63","n/e"," ","426.27"
"05/03/2017 20:00:00 - 05/03/2017 21:00:00","BZN|DK1","480.83","n/e"," ","468.04"
"05/03/2017 21:00:00 - 05/03/2017 22:00:00","BZN|DK1","503.54","n/e"," ","504.95"
"05/03/2017 22:00:00 - 05/03/2017 23:00:00","BZN|DK1","529.21","n/e"," ","518.35"
"05/03/2017 23:00:00 - 06/03/2017 00:00:00","BZN|DK1","556.25","n/e"," ","597.63"
"06/03/2017 00:00:00 - 06/03/2017 01:00:00","BZN|DK1","644.89","n/e"," ","688.34"
"06/03/2017 01:00:00 - 06/03/2017 02:00:00","BZN|DK1","676.19","n/e"," ","705.78"
"06/03/2017 02:00:00 - 06/03/2017 03:00:00","BZN|DK1","668.72","n/e"," ","712.38"
"06/03/2017 03:00:00 - 06/03/2017 04:00:00","BZN|DK1","697.98","n/e"," ","731.12"
"06/03/2017 04:00:00 - 06/03/2017 05:00:00","BZN|DK1","673.58","n/e"," ","694.39"
"06/03/2017 05:00:00 - 06/03/2017 06:00:00","BZN|DK1","651.75","n/e"," ","690.49"
"06/03/2017 06:00:00 - 06/03/2017 07:00:00","BZN|DK1","662.28","n/e"," ","686.72"
"06/03/2017 07:00:00 - 06/03/2017 08:00:00","BZN|DK1","653.45","n/e"," ","676.95"
"06/03/2017 08:00:00 - 06/03/2017 09:00:00","BZN|DK1","673.88","n/e"," ","729.88"
"06/03/2017 09:00:00 - 06/03/2017 10:00:00","BZN|DK1","691.00","n/e"," ","747.18"
"06/03/2017 10:00:00 - 06/03/2017 11:00:00","BZN|DK1","708.67","n/e"," ","762.21"
"06/03/2017 11:00:00 - 06/03/2017 12:00:00","BZN|DK1","712.96","n/e"," ","779.07"
"06/03/2017 12:00:00 - 06/03/2017 13:00:00","BZN|DK1","714.54","n/e"," ","787.29"
"06/03/2017 13:00:00 - 06/03/2017 14:00:00","BZN|DK1","713.21","n/e"," ","787.84"
"06/03/2017 14:00:00 - 06/03/2017 15:00:00","BZN|DK1","711.08","n/e"," ","782.62"
"06/03/2017 15:00:00 - 06/03/2017 16:00:00","BZN|DK1","708.42","n/e"," ","786.03"
"06/03/2017 16:00:00 - 06/03/2017 17:00:00","BZN|DK1","712.33","n/e"," ","786.78"
"06/03/2017 17:00:00 - 06/03/2017 18:00:00","BZN|DK1","713.63","n/e"," ","786.63"
"06/03/2017 18:00:00 - 06/03/2017 19:00:00","BZN|DK1","714.00","n/e"," ","783.38"
"06/03/2017 19:00:00 - 06/03/2017 20:00:00","BZN|DK1","700.67","n/e"," ","751.57"
"06/03/2017 20:00:00 - 06/03/2017 21:00:00","BZN|DK1","679.79","n/e"," ","719.75"
"06/03/2017 21:00:00 - 06/03/2017 22:00:00","BZN|DK1","656.92","n/e"," ","691.22"
"06/03/2017 22:00:00 - 06/03/2017 23:00:00","BZN|DK1","637.79","n/e"," ","682.27"
"06/03/2017 23:00:00 - 07/03/2017 00:00:00","BZN|DK1","625.67","n/e"," ","671.60"
"07/03/2017 00:00:00 - 07/03/2017 01:00:00","BZN|DK1","607.30","n/e"," ","648.58"
"07/03/2017 01:00:00 - 07/03/2017 02:00:00","BZN|DK1","596.44","n/e"," ","640.52"
"07/03/2017 02:00:00 - 07/03/2017 03:00:00","BZN|DK1","577.94","n/e"," ","614.70"
"07/03/2017 03:00:00 - 07/03/2017 04:00:00","BZN|DK1","501.45","n/e"," ","540.49"
"07/03/2017 04:00:00 - 07/03/2017 05:00:00","BZN|DK1","517.55","n/e"," ","550.63"
"07/03/2017 05:00:00 - 07/03/2017 06:00:00","BZN|DK1","480.32","n/e"," ","514.43"
"07/03/2017 06:00:00 - 07/03/2017 07:00:00","BZN|DK1","479.15","n/e"," ","513.13"
"07/03/2017 07:00:00 - 07/03/2017 08:00:00","BZN|DK1","480.82","n/e"," ","517.87"
"07/03/2017 08:00:00 - 07/03/2017 09:00:00","BZN|DK1","438.88","n/e"," ","483.07"
"07/03/2017 09:00:00 - 07/03/2017 10:00:00","BZN|DK1","359.71","n/e"," ","419.13"
"07/03/2017 10:00:00 - 07/03/2017 11:00:00","BZN|DK1","248.00","n/e"," ","297.36"
"07/03/2017 11:00:00 - 07/03/2017 12:00:00","BZN|DK1","181.04","n/e"," ","145.60"
"07/03/2017 12:00:00 - 07/03/2017 13:00:00","BZN|DK1","143.25","n/e"," ","102.79"
"07/03/2017 13:00:00 - 07/03/2017 14:00:00","BZN|DK1","118.92","n/e"," ","97.89"
"07/03/2017 14:00:00 - 07/03/2017 15:00:00","BZN|DK1","102.71","n/e"," ","100.87"
"07/03/2017 15:00:00 - 07/03/2017 16:00:00","BZN|DK1","89.96","n/e"," ","104.70"
"07/03/2017 16:00:00 - 07/03/2017 17:00:00","BZN|DK1","81.46","n/e"," ","96.94"
"07/03/2017 17:00:00 - 07/03/2017 18:00:00","BZN|DK1","75.58","n/e"," ","81.65"
"07/03/2017 18:00:00 - 07/03/2017 19:00:00","BZN|DK1","71.21","n/e"," ","54.43"
"07/03/2017 19:00:00 - 07/03/2017 20:00:00","BZN|DK1","67.71","n/e"," ","58.17"
"07/03/2017 20:00:00 - 07/03/2017 21:00:00","BZN|DK1","64.42","n/e"," ","55.57"
"07/03/2017 21:00:00 - 07/03/2017 22:00:00","BZN|DK1","64.21","n/e"," ","43.59"
"07/03/2017 22:00:00 - 07/03/2017 23:00:00","BZN|DK1","67.29","n/e"," ","25.00"
"07/03/2017 23:00:00 - 08/03/2017 00:00:00","BZN|DK1","72.71","n/e"," ","31.99"
"08/03/2017 00:00:00 - 08/03/2017 01:00:00","BZN|DK1","46.76","n/e"," ","53.15"
"08/03/2017 01:00:00 - 08/03/2017 02:00:00","BZN|DK1","85.95","n/e"," ","84.06"
"08/03/2017 02:00:00 - 08/03/2017 03:00:00","BZN|DK1","90.05","n/e"," ","100.44"
"08/03/2017 03:00:00 - 08/03/2017 04:00:00","BZN|DK1","149.49","n/e"," ","148.15"
"08/03/2017 04:00:00 - 08/03/2017 05:00:00","BZN|DK1","90.62","n/e"," ","88.46"
"08/03/2017 05:00:00 - 08/03/2017 06:00:00","BZN|DK1","119.69","n/e"," ","135.40"
"08/03/2017 06:00:00 - 08/03/2017 07:00:00","BZN|DK1","225.74","n/e"," ","220.19"
"08/03/2017 07:00:00 - 08/03/2017 08:00:00","BZN|DK1","247.77","n/e"," ","271.57"
"08/03/2017 08:00:00 - 08/03/2017 09:00:00","BZN|DK1","325.74","n/e"," ","348.66"
"08/03/2017 09:00:00 - 08/03/2017 10:00:00","BZN|DK1","365.29","n/e"," ","368.27"
"08/03/2017 10:00:00 - 08/03/2017 11:00:00","BZN|DK1","428.54","n/e"," ","378.10"
"08/03/2017 11:00:00 - 08/03/2017 12:00:00","BZN|DK1","524.58","n/e"," ","500.02"
"08/03/2017 12:00:00 - 08/03/2017 13:00:00","BZN|DK1","619.58","n/e"," ","627.30"
"08/03/2017 13:00:00 - 08/03/2017 14:00:00","BZN|DK1","674.96","n/e"," ","681.23"
"08/03/2017 14:00:00 - 08/03/2017 15:00:00","BZN|DK1","702.54","n/e"," ","635.87"
"08/03/2017 15:00:00 - 08/03/2017 16:00:00","BZN|DK1","711.71","n/e"," ","706.22"
"08/03/2017 16:00:00 - 08/03/2017 17:00:00","BZN|DK1","693.25","n/e"," ","747.62"
"08/03/2017 17:00:00 - 08/03/2017 18:00:00","BZN|DK1","648.08","n/e"," ","677.98"
"08/03/2017 18:00:00 - 08/03/2017 19:00:00","BZN|DK1","598.79","n/e"," ","637.65"
"08/03/2017 19:00:00 - 08/03/2017 20:00:00","BZN|DK1","557.67","n/e"," ","595.04"
"08/03/2017 20:00:00 - 08/03/2017 21:00:00","BZN|DK1","542.04","n/e"," ","503.11"
"08/03/2017 21:00:00 - 08/03/2017 22:00:00","BZN|DK1","534.00","n/e"," ","477.23"
"08/03/2017 22:00:00 - 08/03/2017 23:00:00","BZN|DK1","521.83","n/e"," ","490.48"
"08/03/2017 23:00:00 - 09/03/2017 00:00:00","BZN|DK1","504.96","n/e"," ","587.60"
"09/03/2017 00:00:00 - 09/03/2017 01:00:00","BZN|DK1","628.33","n/e"," ","681.04"
"09/03/2017 01:00:00 - 09/03/2017 02:00:00","BZN|DK1","611.14","n/e"," ","662.81"
"09/03/2017 02:00:00 - 09/03/2017 03:00:00","BZN|DK1","465.91","n/e"," ","519.46"
"09/03/2017 03:00:00 - 09/03/2017 04:00:00","BZN|DK1","482.59","n/e"," ","516.50"
"09/03/2017 04:00:00 - 09/03/2017 05:00:00","BZN|DK1","498.86","n/e"," ","504.99"
"09/03/2017 05:00:00 - 09/03/2017 06:00:00","BZN|DK1","544.51","n/e"," ","547.59"
"09/03/2017 06:00:00 - 09/03/2017 07:00:00","BZN|DK1","461.94","n/e"," ","455.07"
"09/03/2017 07:00:00 - 09/03/2017 08:00:00","BZN|DK1","392.60","n/e"," ","386.97"
"09/03/2017 08:00:00 - 09/03/2017 09:00:00","BZN|DK1","346.99","n/e"," ","331.00"
"09/03/2017 09:00:00 - 09/03/2017 10:00:00","BZN|DK1","315.46","n/e"," ","353.31"
"09/03/2017 10:00:00 - 09/03/2017 11:00:00","BZN|DK1","331.58","n/e"," ","372.42"
"09/03/2017 11:00:00 - 09/03/2017 12:00:00","BZN|DK1","364.08","n/e"," ","350.17"
"09/03/2017 12:00:00 - 09/03/2017 13:00:00","BZN|DK1","380.21","n/e"," ","474.67"
"09/03/2017 13:00:00 - 09/03/2017 14:00:00","BZN|DK1","385.04","n/e"," ","466.15"
"09/03/2017 14:00:00 - 09/03/2017 15:00:00","BZN|DK1","382.63","n/e"," ","544.50"
"09/03/2017 15:00:00 - 09/03/2017 16:00:00","BZN|DK1","376.67","n/e"," ","446.67"
"09/03/2017 16:00:00 - 09/03/2017 17:00:00","BZN|DK1","374.71","n/e"," ","497.36"
"09/03/2017 17:00:00 - 09/03/2017 18:00:00","BZN|DK1","386.04","n/e"," ","623.65"
"09/03/2017 18:00:00 - 09/03/2017 19:00:00","BZN|DK1","404.33","n/e"," ","574.35"
"09/03/2017 19:00:00 - 09/03/2017 20:00:00","BZN|DK1","428.96","n/e"," ","482.80"
"09/03/2017 20:00:00 - 09/03/2017 21:00:00","BZN|DK1","476.21","n/e"," ","419.17"
"09/03/2017 21:00:00 - 09/03/2017 22:00:00","BZN|DK1","529.83","n/e"," ","454.65"
"09/03/2017 22:00:00 - 09/03/2017 23:00:00","BZN|DK1","599.46","n/e"," ","529.11"
"09/03/2017 23:00:00 - 10/03/2017 00:00:00","BZN|DK1","668.13","n/e"," ","619.25"
"10/03/2017 00:00:00 - 10/03/2017 01:00:00","BZN|DK1","665.33","n/e"," ","718.60"
"10/03/2017 01:00:00 - 10/03/2017 02:00:00","BZN|DK1","727.43","n/e"," ","767.68"
"10/03/2017 02:00:00 - 10/03/2017 03:00:00","BZN|DK1","720.28","n/e"," ","771.28"
"10/03/2017 03:00:00 - 10/03/2017 04:00:00","BZN|DK1","737.21","n/e"," ","791.66"
"10/03/2017 04:00:00 - 10/03/2017 05:00:00","BZN|DK1","734.10","n/e"," ","785.95"
"10/03/2017 05:00:00 - 10/03/2017 06:00:00","BZN|DK1","733.42","n/e"," ","790.11"
"10/03/2017 06:00:00 - 10/03/2017 07:00:00","BZN|DK1","729.17","n/e"," ","791.32"
"10/03/2017 07:00:00 - 10/03/2017 08:00:00","BZN|DK1","726.48","n/e"," ","782.30"
"10/03/2017 08:00:00 - 10/03/2017 09:00:00","BZN|DK1","688.87","n/e"," ","709.39"
"10/03/2017 09:00:00 - 10/03/2017 10:00:00","BZN|DK1","634.54","n/e"," ","641.14"
"10/03/2017 10:00:00 - 10/03/2017 11:00:00","BZN|DK1","557.96","n/e"," ","585.76"
"10/03/2017 11:00:00 - 10/03/2017 12:00:00","BZN|DK1","462.38","n/e"," ","513.37"
"10/03/2017 12:00:00 - 10/03/2017 13:00:00","BZN|DK1","363.63","n/e"," ","406.22"
"10/03/2017 13:00:00 - 10/03/2017 14:00:00","BZN|DK1","283.25","n/e"," ","275.17"
"10/03/2017 14:00:00 - 10/03/2017 15:00:00","BZN|DK1","218.50","n/e"," ","185.69"
"10/03/2017 15:00:00 - 10/03/2017 16:00:00","BZN|DK1","171.13","n/e"," ","164.57"
"10/03/2017 16:00:00 - 10/03/2017 17:00:00","BZN|DK1","138.13","n/e"," ","149.76"
"10/03/2017 17:00:00 - 10/03/2017 18:00:00","BZN|DK1","115.13","n/e"," ","103.25"
"10/03/2017 18:00:00 - 10/03/2017 19:00:00","BZN|DK1","96.17","n/e"," ","79.05"
"10/03/2017 19:00:00 - 10/03/2017 20:00:00","BZN|DK1","81.29","n/e"," ","63.06"
"10/03/2017 20:00:00 - 10/03/2017 21:00:00","BZN|DK1","67.92","n/e"," ","56.24"
"10/03/2017 21:00:00 - 10/03/2017 22:00:00","BZN|DK1","56.71","n/e"," ","74.25"
"10/03/2017 22:00:00 - 10/03/2017 23:00:00","BZN|DK1","48.25","n/e"," ","96.52"
"10/03/2017 23:00:00 - 11/03/2017 00:00:00","BZN|DK1","42.21","n/e"," ","106.37"
"11/03/2017 00:00:00 - 11/03/2017 01:00:00","BZN|DK1","72.35","n/e"," ","76.02"
"11/03/2017 01:00:00 - 11/03/2017 02:00:00","BZN|DK1","58.61","n/e"," ","61.79"
"11/03/2017 02:00:00 - 11/03/2017 03:00:00","BZN|DK1","47.29","n/e"," ","58.95"
"11/03/2017 03:00:00 - 11/03/2017 04:00:00","BZN|DK1","57.76","n/e"," ","50.59"
"11/03/2017 04:00:00 - 11/03/2017 05:00:00","BZN|DK1","50.40","n/e"," ","53.17"
"11/03/2017 05:00:00 - 11/03/2017 06:00:00","BZN|DK1","50.00","n/e"," ","52.10"
"11/03/2017 06:00:00 - 11/03/2017 07:00:00","BZN|DK1","52.22","n/e"," ","47.60"
"11/03/2017 07:00:00 - 11/03/2017 08:00:00","BZN|DK1","55.51","n/e"," ","56.69"
"11/03/2017 08:00:00 - 11/03/2017 09:00:00","BZN|DK1","76.12","n/e"," ","88.24"
"11/03/2017 09:00:00 - 11/03/2017 10:00:00","BZN|DK1","93.25","n/e"," ","122.60"
"11/03/2017 10:00:00 - 11/03/2017 11:00:00","BZN|DK1","111.29","n/e"," ","133.64"
"11/03/2017 11:00:00 - 11/03/2017 12:00:00","BZN|DK1","130.83","n/e"," ","134.01"
"11/03/2017 12:00:00 - 11/03/2017 13:00:00","BZN|DK1","144.50","n/e"," ","130.24"
"11/03/2017 13:00:00 - 11/03/2017 14:00:00","BZN|DK1","152.79","n/e"," ","124.18"
"11/03/2017 14:00:00 - 11/03/2017 15:00:00","BZN|DK1","156.17","n/e"," ","123.70"
"11/03/2017 15:00:00 - 11/03/2017 16:00:00","BZN|DK1","160.50","n/e"," ","112.68"
"11/03/2017 16:00:00 - 11/03/2017 17:00:00","BZN|DK1","170.67","n/e"," ","105.58"
"11/03/2017 17:00:00 - 11/03/2017 18:00:00","BZN|DK1","187.96","n/e"," ","72.55"
"11/03/2017 18:00:00 - 11/03/2017 19:00:00","BZN|DK1","209.21","n/e"," ","118.38"
"11/03/2017 19:00:00 - 11/03/2017 20:00:00","BZN|DK1","245.04","n/e"," ","280.03"
"11/03/2017 20:00:00 - 11/03/2017 21:00:00","BZN|DK1","286.13","n/e"," ","348.39"
"11/03/2017 21:00:00 - 11/03/2017 22:00:00","BZN|DK1","333.63","n/e"," ","333.12"
"11/03/2017 22:00:00 - 11/03/2017 23:00:00","BZN|DK1","365.42","n/e"," ","303.13"
"11/03/2017 23:00:00 - 12/03/2017 00:00:00","BZN|DK1","377.21","n/e"," ","289.31"
"12/03/2017 00:00:00 - 12/03/2017 01:00:00","BZN|DK1","307.42","n/e"," ","319.10"
"12/03/2017 01:00:00 - 12/03/2017 02:00:00","BZN|DK1","316.21","n/e"," ","330.88"
"12/03/2017 02:00:00 - 12/03/2017 03:00:00","BZN|DK1","326.67","n/e"," ","351.08"
"12/03/2017 03:00:00 - 12/03/2017 04:00:00","BZN|DK1","353.21","n/e"," ","372.10"
"12/03/2017 04:00:00 - 12/03/2017 05:00:00","BZN|DK1","360.29","n/e"," ","367.97"
"12/03/2017 05:00:00 - 12/03/2017 06:00:00","BZN|DK1","364.42","n/e"," ","408.39"
"12/03/2017 06:00:00 - 12/03/2017 07:00:00","BZN|DK1","403.92","n/e"," ","445.06"
"12/03/2017 07:00:00 - 12/03/2017 08:00:00","BZN|DK1","430.29","n/e"," ","469.89"
"12/03/2017 08:00:00 - 12/03/2017 09:00:00","BZN|DK1","451.04","n/e"," ","465.57"
"12/03/2017 09:00:00 - 12/03/2017 10:00:00","BZN|DK1","444.50","n/e"," ","442.95"
"12/03/2017 10:00:00 - 12/03/2017 11:00:00","BZN|DK1","449.42","n/e"," ","432.22"
"12/03/2017 11:00:00 - 12/03/2017 12:00:00","BZN|DK1","442.96","n/e"," ","458.69"
"12/03/2017 12:00:00 - 12/03/2017 13:00:00","BZN|DK1","427.08","n/e"," ","490.93"
"12/03/2017 13:00:00 - 12/03/2017 14:00:00","BZN|DK1","403.42","n/e"," ","433.57"
"12/03/2017 14:00:00 - 12/03/2017 15:00:00","BZN|DK1","377.42","n/e"," ","399.25"
"12/03/2017 15:00:00 - 12/03/2017 16:00:00","BZN|DK1","377.54","n/e"," ","373.08"
"12/03/2017 16:00:00 - 12/03/2017 17:00:00","BZN|DK1","404.83","n/e"," ","422.43"
"12/03/2017 17:00:00 - 12/03/2017 18:00:00","BZN|DK1","442.04","n/e"," ","451.38"
"12/03/2017 18:00:00 - 12/03/2017 19:00:00","BZN|DK1","472.75","n/e"," ","501.25"
"12/03/2017 19:00:00 - 12/03/2017 20:00:00","BZN|DK1","488.00","n/e"," ","540.03"
"12/03/2017 20:00:00 - 12/03/2017 21:00:00","BZN|DK1","489.63","n/e"," ","515.48"
"12/03/2017 21:00:00 - 12/03/2017 22:00:00","BZN|DK1","486.46","n/e"," ","481.82"
"12/03/2017 22:00:00 - 12/03/2017 23:00:00","BZN|DK1","480.21","n/e"," ","500.45"
"12/03/2017 23:00:00 - 13/03/2017 00:00:00","BZN|DK1","459.58","n/e"," ","501.73"
"13/03/2017 00:00:00 - 13/03/2017 01:00:00","BZN|DK1","463.04","n/e"," ","493.62"
"13/03/2017 01:00:00 - 13/03/2017 02:00:00","BZN|DK1","407.75","n/e"," ","372.49"
"13/03/2017 02:00:00 - 13/03/2017 03:00:00","BZN|DK1","301.58","n/e"," ","317.56"
"13/03/2017 03:00:00 - 13/03/2017 04:00:00","BZN|DK1","287.25","n/e"," ","304.13"
"13/03/2017 04:00:00 - 13/03/2017 05:00:00","BZN|DK1","276.71","n/e"," ","250.94"
"13/03/2017 05:00:00 - 13/03/2017 06:00:00","BZN|DK1","227.63","n/e"," ","244.52"
"13/03/2017 06:00:00 - 13/03/2017 07:00:00","BZN|DK1","206.29","n/e"," ","212.20"
"13/03/2017 07:00:00 - 13/03/2017 08:00:00","BZN|DK1","204.46","n/e"," ","175.18"
"13/03/2017 08:00:00 - 13/03/2017 09:00:00","BZN|DK1","213.58","n/e"," ","190.01"
"13/03/2017 09:00:00 - 13/03/2017 10:00:00","BZN|DK1","225.29","n/e"," ","203.11"
"13/03/2017 10:00:00 - 13/03/2017 11:00:00","BZN|DK1","251.17","n/e"," ","200.99"
"13/03/2017 11:00:00 - 13/03/2017 12:00:00","BZN|DK1","269.54","n/e"," ","189.67"
"13/03/2017 12:00:00 - 13/03/2017 13:00:00","BZN|DK1","281.25","n/e"," ","216.92"
"13/03/2017 13:00:00 - 13/03/2017 14:00:00","BZN|DK1","272.46","n/e"," ","296.40"
"13/03/2017 14:00:00 - 13/03/2017 15:00:00","BZN|DK1","222.79","n/e"," ","292.73"
"13/03/2017 15:00:00 - 13/03/2017 16:00:00","BZN|DK1","216.58","n/e"," ","288.63"
"13/03/2017 16:00:00 - 13/03/2017 17:00:00","BZN|DK1","221.42","n/e"," ","218.74"
"13/03/2017 17:00:00 - 13/03/2017 18:00:00","BZN|DK1","226.92","n/e"," ","254.22"
"13/03/2017 18:00:00 - 13/03/2017 19:00:00","BZN|DK1","227.04","n/e"," ","250.12"
"13/03/2017 19:00:00 - 13/03/2017 20:00:00","BZN|DK1","238.88","n/e"," ","163.62"
"13/03/2017 20:00:00 - 13/03/2017 21:00:00","BZN|DK1","250.75","n/e"," ","167.12"
"13/03/2017 21:00:00 - 13/03/2017 22:00:00","BZN|DK1","268.92","n/e"," ","185.69"
"13/03/2017 22:00:00 - 13/03/2017 23:00:00","BZN|DK1","283.08","n/e"," ","181.05"
"13/03/2017 23:00:00 - 14/03/2017 00:00:00","BZN|DK1","283.54","n/e"," ","193.50"
"14/03/2017 00:00:00 - 14/03/2017 01:00:00","BZN|DK1","141.17","n/e"," ","137.89"
"14/03/2017 01:00:00 - 14/03/2017 02:00:00","BZN|DK1","147.85","n/e"," ","158.81"
"14/03/2017 02:00:00 - 14/03/2017 03:00:00","BZN|DK1","172.59","n/e"," ","186.46"
"14/03/2017 03:00:00 - 14/03/2017 04:00:00","BZN|DK1","193.56","n/e"," ","209.35"
"14/03/2017 04:00:00 - 14/03/2017 05:00:00","BZN|DK1","233.90","n/e"," ","241.61"
"14/03/2017 05:00:00 - 14/03/2017 06:00:00","BZN|DK1","203.91","n/e"," ","217.74"
"14/03/2017 06:00:00 - 14/03/2017 07:00:00","BZN|DK1","251.34","n/e"," ","276.91"
"14/03/2017 07:00:00 - 14/03/2017 08:00:00","BZN|DK1","314.95","n/e"," ","346.47"
"14/03/2017 08:00:00 - 14/03/2017 09:00:00","BZN|DK1","419.73","n/e"," ","464.32"
"14/03/2017 09:00:00 - 14/03/2017 10:00:00","BZN|DK1","499.33","n/e"," ","599.34"
"14/03/2017 10:00:00 - 14/03/2017 11:00:00","BZN|DK1","579.25","n/e"," ","699.78"
"14/03/2017 11:00:00 - 14/03/2017 12:00:00","BZN|DK1","639.13","n/e"," ","755.66"
"14/03/2017 12:00:00 - 14/03/2017 13:00:00","BZN|DK1","674.88","n/e"," ","768.16"
"14/03/2017 13:00:00 - 14/03/2017 14:00:00","BZN|DK1","698.25","n/e"," ","779.16"
"14/03/2017 14:00:00 - 14/03/2017 15:00:00","BZN|DK1","713.71","n/e"," ","794.91"
"14/03/2017 15:00:00 - 14/03/2017 16:00:00","BZN|DK1","721.67","n/e"," ","802.17"
"14/03/2017 16:00:00 - 14/03/2017 17:00:00","BZN|DK1","724.58","n/e"," ","812.55"
"14/03/2017 17:00:00 - 14/03/2017 18:00:00","BZN|DK1","726.75","n/e"," ","810.46"
"14/03/2017 18:00:00 - 14/03/2017 19:00:00","BZN|DK1","729.63","n/e"," ","802.24"
"14/03/2017 19:00:00 - 14/03/2017 20:00:00","BZN|DK1","732.67","n/e"," ","793.91"
"14/03/2017 20:00:00 - 14/03/2017 21:00:00","BZN|DK1","737.33","n/e"," ","781.84"
"14/03/2017 21:00:00 - 14/03/2017 22:00:00","BZN|DK1","740.46","n/e"," ","798.90"
"14/03/2017 22:00:00 - 14/03/2017 23:00:00","BZN|DK1","742.00","n/e"," ","809.47"
"14/03/2017 23:00:00 - 15/03/2017 00:00:00","BZN|DK1","742.00","n/e"," ","807.32"
"15/03/2017 00:00:00 - 15/03/2017 01:00:00","BZN|DK1","745.44","n/e"," ","706.52"
"15/03/2017 01:00:00 - 15/03/2017 02:00:00","BZN|DK1","365.03","n/e"," ","400.28"
"15/03/2017 02:00:00 - 15/03/2017 03:00:00","BZN|DK1","344.03","n/e"," ","411.15"
"15/03/2017 03:00:00 - 15/03/2017 04:00:00","BZN|DK1","690.61","n/e"," ","807.10"
"15/03/2017 04:00:00 - 15/03/2017 05:00:00","BZN|DK1","740.21","n/e"," ","813.81"
"15/03/2017 05:00:00 - 15/03/2017 06:00:00","BZN|DK1","741.68","n/e"," ","819.73"
"15/03/2017 06:00:00 - 15/03/2017 07:00:00","BZN|DK1","738.33","n/e"," ","817.80"
"15/03/2017 07:00:00 - 15/03/2017 08:00:00","BZN|DK1","734.43","n/e"," ","810.00"
"15/03/2017 08:00:00 - 15/03/2017 09:00:00","BZN|DK1","730.53","n/e"," ","802.02"
"15/03/2017 09:00:00 - 15/03/2017 10:00:00","BZN|DK1","727.46","n/e"," ","785.68"
"15/03/2017 10:00:00 - 15/03/2017 11:00:00","BZN|DK1","731.46","n/e"," ","745.66"
"15/03/2017 11:00:00 - 15/03/2017 12:00:00","BZN|DK1","717.50","n/e"," ","694.77"
"15/03/2017 12:00:00 - 15/03/2017 13:00:00","BZN|DK1","696.46","n/e"," ","650.16"
"15/03/2017 13:00:00 - 15/03/2017 14:00:00","BZN|DK1","678.92","n/e"," ","684.82"
"15/03/2017 14:00:00 - 15/03/2017 15:00:00","BZN|DK1","668.17","n/e"," ","692.71"
"15/03/2017 15:00:00 - 15/03/2017 16:00:00","BZN|DK1","657.92","n/e"," ","718.99"
"15/03/2017 16:00:00 - 15/03/2017 17:00:00","BZN|DK1","650.13","n/e"," ","691.78"
"15/03/2017 17:00:00 - 15/03/2017 18:00:00","BZN|DK1","645.88","n/e"," ","676.77"
"15/03/2017 18:00:00 - 15/03/2017 19:00:00","BZN|DK1","645.54","n/e"," ","654.90"
"15/03/2017 19:00:00 - 15/03/2017 20:00:00","BZN|DK1","649.92","n/e"," ","643.59"
"15/03/2017 20:00:00 - 15/03/2017 21:00:00","BZN|DK1","646.92","n/e"," ","701.44"
"15/03/2017 21:00:00 - 15/03/2017 22:00:00","BZN|DK1","640.38","n/e"," ","740.30"
"15/03/2017 22:00:00 - 15/03/2017 23:00:00","BZN|DK1","634.96","n/e"," ","746.71"
"15/03/2017 23:00:00 - 16/03/2017 00:00:00","BZN|DK1","629.71","n/e"," ","710.32"
"16/03/2017 00:00:00 - 16/03/2017 01:00:00","BZN|DK1","635.95","n/e"," ","679.51"
"16/03/2017 01:00:00 - 16/03/2017 02:00:00","BZN|DK1","564.21","n/e"," ","600.82"
"16/03/2017 02:00:00 - 16/03/2017 03:00:00","BZN|DK1","559.83","n/e"," ","633.07"
"16/03/2017 03:00:00 - 16/03/2017 04:00:00","BZN|DK1","693.19","n/e"," ","770.43"
"16/03/2017 04:00:00 - 16/03/2017 05:00:00","BZN|DK1","708.99","n/e"," ","760.73"
"16/03/2017 05:00:00 - 16/03/2017 06:00:00","BZN|DK1","680.76","n/e"," ","741.89"
"16/03/2017 06:00:00 - 16/03/2017 07:00:00","BZN|DK1","657.41","n/e"," ","702.19"
"16/03/2017 07:00:00 - 16/03/2017 08:00:00","BZN|DK1","600.87","n/e"," ","652.93"
"16/03/2017 08:00:00 - 16/03/2017 09:00:00","BZN|DK1","526.70","n/e"," ","561.80"
"16/03/2017 09:00:00 - 16/03/2017 10:00:00","BZN|DK1","416.83","n/e"," ","490.04"
"16/03/2017 10:00:00 - 16/03/2017 11:00:00","BZN|DK1","392.50","n/e"," ","398.41"
"16/03/2017 11:00:00 - 16/03/2017 12:00:00","BZN|DK1","426.46","n/e"," ","359.95"
"16/03/2017 12:00:00 - 16/03/2017 13:00:00","BZN|DK1","480.46","n/e"," ","383.32"
"16/03/2017 13:00:00 - 16/03/2017 14:00:00","BZN|DK1","545.71","n/e"," ","479.29"
"16/03/2017 14:00:00 - 16/03/2017 15:00:00","BZN|DK1","618.83","n/e"," ","615.79"
"16/03/2017 15:00:00 - 16/03/2017 16:00:00","BZN|DK1","679.46","n/e"," ","759.36"
"16/03/2017 16:00:00 - 16/03/2017 17:00:00","BZN|DK1","716.67","n/e"," ","789.42"
"16/03/2017 17:00:00 - 16/03/2017 18:00:00","BZN|DK1","730.08","n/e"," ","797.10"
"16/03/2017 18:00:00 - 16/03/2017 19:00:00","BZN|DK1","734.29","n/e"," ","795.41"
"16/03/2017 19:00:00 - 16/03/2017 20:00:00","BZN|DK1","736.33","n/e"," ","793.11"
"16/03/2017 20:00:00 - 16/03/2017 21:00:00","BZN|DK1","737.67","n/e"," ","797.06"
"16/03/2017 21:00:00 - 16/03/2017 22:00:00","BZN|DK1","739.38","n/e"," ","802.69"
"16/03/2017 22:00:00 - 16/03/2017 23:00:00","BZN|DK1","738.83","n/e"," ","806.37"
"16/03/2017 23:00:00 - 17/03/2017 00:00:00","BZN|DK1","732.54","n/e"," ","808.88"
"17/03/2017 00:00:00 - 17/03/2017 01:00:00","BZN|DK1","738.33","n/e"," ","795.17"
"17/03/2017 01:00:00 - 17/03/2017 02:00:00","BZN|DK1","684.51","n/e"," ","715.29"
"17/03/2017 02:00:00 - 17/03/2017 03:00:00","BZN|DK1","684.00","n/e"," ","740.59"
"17/03/2017 03:00:00 - 17/03/2017 04:00:00","BZN|DK1","635.83","n/e"," ","688.86"
"17/03/2017 04:00:00 - 17/03/2017 05:00:00","BZN|DK1","592.95","n/e"," ","657.59"
"17/03/2017 05:00:00 - 17/03/2017 06:00:00","BZN|DK1","679.03","n/e"," ","726.34"
"17/03/2017 06:00:00 - 17/03/2017 07:00:00","BZN|DK1","715.37","n/e"," ","773.03"
"17/03/2017 07:00:00 - 17/03/2017 08:00:00","BZN|DK1","723.90","n/e"," ","759.41"
"17/03/2017 08:00:00 - 17/03/2017 09:00:00","BZN|DK1","728.16","n/e"," ","763.25"
"17/03/2017 09:00:00 - 17/03/2017 10:00:00","BZN|DK1","731.79","n/e"," ","789.74"
"17/03/2017 10:00:00 - 17/03/2017 11:00:00","BZN|DK1","742.54","n/e"," ","782.81"
"17/03/2017 11:00:00 - 17/03/2017 12:00:00","BZN|DK1","744.46","n/e"," ","767.25"
"17/03/2017 12:00:00 - 17/03/2017 13:00:00","BZN|DK1","743.63","n/e"," ","691.33"
"17/03/2017 13:00:00 - 17/03/2017 14:00:00","BZN|DK1","742.67","n/e"," ","767.15"
"17/03/2017 14:00:00 - 17/03/2017 15:00:00","BZN|DK1","741.33","n/e"," ","780.38"
"17/03/2017 15:00:00 - 17/03/2017 16:00:00","BZN|DK1","736.88","n/e"," ","767.41"
"17/03/2017 16:00:00 - 17/03/2017 17:00:00","BZN|DK1","734.88","n/e"," ","770.50"
"17/03/2017 17:00:00 - 17/03/2017 18:00:00","BZN|DK1","726.96","n/e"," ","764.83"
"17/03/2017 18:00:00 - 17/03/2017 19:00:00","BZN|DK1","698.54","n/e"," ","758.32"
"17/03/2017 19:00:00 - 17/03/2017 20:00:00","BZN|DK1","632.67","n/e"," ","550.16"
"17/03/2017 20:00:00 - 17/03/2017 21:00:00","BZN|DK1","564.46","n/e"," ","390.38"
"17/03/2017 21:00:00 - 17/03/2017 22:00:00","BZN|DK1","501.92","n/e"," ","523.33"
"17/03/2017 22:00:00 - 17/03/2017 23:00:00","BZN|DK1","420.54","n/e"," ","529.65"
"17/03/2017 23:00:00 - 18/03/2017 00:00:00","BZN|DK1","329.21","n/e"," ","655.90"
"18/03/2017 00:00:00 - 18/03/2017 01:00:00","BZN|DK1","579.42","n/e"," ","580.03"
"18/03/2017 01:00:00 - 18/03/2017 02:00:00","BZN|DK1","445.98","n/e"," ","473.11"
"18/03/2017 02:00:00 - 18/03/2017 03:00:00","BZN|DK1","423.44","n/e"," ","467.34"
"18/03/2017 03:00:00 - 18/03/2017 04:00:00","BZN|DK1","362.50","n/e"," ","374.94"
"18/03/2017 04:00:00 - 18/03/2017 05:00:00","BZN|DK1","260.32","n/e"," ","302.35"
"18/03/2017 05:00:00 - 18/03/2017 06:00:00","BZN|DK1","301.09","n/e"," ","346.29"
"18/03/2017 06:00:00 - 18/03/2017 07:00:00","BZN|DK1","377.59","n/e"," ","417.68"
"18/03/2017 07:00:00 - 18/03/2017 08:00:00","BZN|DK1","401.66","n/e"," ","422.17"
"18/03/2017 08:00:00 - 18/03/2017 09:00:00","BZN|DK1","396.51","n/e"," ","431.14"
"18/03/2017 09:00:00 - 18/03/2017 10:00:00","BZN|DK1","458.38","n/e"," ","510.81"
"18/03/2017 10:00:00 - 18/03/2017 11:00:00","BZN|DK1","530.83","n/e"," ","573.08"
"18/03/2017 11:00:00 - 18/03/2017 12:00:00","BZN|DK1","594.79","n/e"," ","617.92"
"18/03/2017 12:00:00 - 18/03/2017 13:00:00","BZN|DK1","634.88","n/e"," ","607.87"
"18/03/2017 13:00:00 - 18/03/2017 14:00:00","BZN|DK1","653.71","n/e"," ","579.86"
"18/03/2017 14:00:00 - 18/03/2017 15:00:00","BZN|DK1","654.92","n/e"," ","627.51"
"18/03/2017 15:00:00 - 18/03/2017 16:00:00","BZN|DK1","653.00","n/e"," ","582.72"
"18/03/2017 16:00:00 - 18/03/2017 17:00:00","BZN|DK1","659.54","n/e"," ","585.54"
"18/03/2017 17:00:00 - 18/03/2017 18:00:00","BZN|DK1","665.42","n/e"," ","560.15"
"18/03/2017 18:00:00 - 18/03/2017 19:00:00","BZN|DK1","656.08","n/e"," ","490.38"
"18/03/2017 19:00:00 - 18/03/2017 20:00:00","BZN|DK1","615.38","n/e"," ","477.11"
"18/03/2017 20:00:00 - 18/03/2017 21:00:00","BZN|DK1","552.08","n/e"," ","523.85"
"18/03/2017 21:00:00 - 18/03/2017 22:00:00","BZN|DK1","480.00","n/e"," ","508.51"
"18/03/2017 22:00:00 - 18/03/2017 23:00:00","BZN|DK1","397.25","n/e"," ","507.88"
"18/03/2017 23:00:00 - 19/03/2017 00:00:00","BZN|DK1","317.67","n/e"," ","390.80"
"19/03/2017 00:00:00 - 19/03/2017 01:00:00","BZN|DK1","249.20","n/e"," ","278.52"
"19/03/2017 01:00:00 - 19/03/2017 02:00:00","BZN|DK1","181.68","n/e"," ","188.88"
"19/03/2017 02:00:00 - 19/03/2017 03:00:00","BZN|DK1","115.58","n/e"," ","129.35"
"19/03/2017 03:00:00 - 19/03/2017 04:00:00","BZN|DK1","88.03","n/e"," ","84.47"
"19/03/2017 04:00:00 - 19/03/2017 05:00:00","BZN|DK1","29.25","n/e"," ","31.22"
"19/03/2017 05:00:00 - 19/03/2017 06:00:00","BZN|DK1","70.98","n/e"," ","81.32"
"19/03/2017 06:00:00 - 19/03/2017 07:00:00","BZN|DK1","162.13","n/e"," ","190.09"
"19/03/2017 07:00:00 - 19/03/2017 08:00:00","BZN|DK1","297.27","n/e"," ","311.32"
"19/03/2017 08:00:00 - 19/03/2017 09:00:00","BZN|DK1","349.26","n/e"," ","367.14"
"19/03/2017 09:00:00 - 19/03/2017 10:00:00","BZN|DK1","373.50","n/e"," ","408.55"
"19/03/2017 10:00:00 - 19/03/2017 11:00:00","BZN|DK1","444.29","n/e"," ","451.87"
"19/03/2017 11:00:00 - 19/03/2017 12:00:00","BZN|DK1","534.83","n/e"," ","483.12"
"19/03/2017 12:00:00 - 19/03/2017 13:00:00","BZN|DK1","599.33","n/e"," ","500.09"
"19/03/2017 13:00:00 - 19/03/2017 14:00:00","BZN|DK1","633.21","n/e"," ","363.68"
"19/03/2017 14:00:00 - 19/03/2017 15:00:00","BZN|DK1","655.50","n/e"," ","341.41"
"19/03/2017 15:00:00 - 19/03/2017 16:00:00","BZN|DK1","666.17","n/e"," ","562.91"
"19/03/2017 16:00:00 - 19/03/2017 17:00:00","BZN|DK1","670.50","n/e"," ","678.45"
"19/03/2017 17:00:00 - 19/03/2017 18:00:00","BZN|DK1","674.71","n/e"," ","730.53"
"19/03/2017 18:00:00 - 19/03/2017 19:00:00","BZN|DK1","674.58","n/e"," ","713.10"
"19/03/2017 19:00:00 - 19/03/2017 20:00:00","BZN|DK1","653.58","n/e"," ","736.06"
"19/03/2017 20:00:00 - 19/03/2017 21:00:00","BZN|DK1","606.25","n/e"," ","695.51"
"19/03/2017 21:00:00 - 19/03/2017 22:00:00","BZN|DK1","531.71","n/e"," ","681.40"
"19/03/2017 22:00:00 - 19/03/2017 23:00:00","BZN|DK1","449.08","n/e"," ","597.81"
"19/03/2017 23:00:00 - 20/03/2017 00:00:00","BZN|DK1","371.83","n/e"," ","365.83"
"20/03/2017 00:00:00 - 20/03/2017 01:00:00","BZN|DK1","206.37","n/e"," ","247.66"
"20/03/2017 01:00:00 - 20/03/2017 02:00:00","BZN|DK1","195.90","n/e"," ","239.95"
"20/03/2017 02:00:00 - 20/03/2017 03:00:00","BZN|DK1","276.75","n/e"," ","303.61"
"20/03/2017 03:00:00 - 20/03/2017 04:00:00","BZN|DK1","323.07","n/e"," ","367.25"
"20/03/2017 04:00:00 - 20/03/2017 05:00:00","BZN|DK1","337.83","n/e"," ","376.35"
"20/03/2017 05:00:00 - 20/03/2017 06:00:00","BZN|DK1","342.74","n/e"," ","353.12"
"20/03/2017 06:00:00 - 20/03/2017 07:00:00","BZN|DK1","235.58","n/e"," ","239.96"
"20/03/2017 07:00:00 - 20/03/2017 08:00:00","BZN|DK1","138.23","n/e"," ","148.74"
"20/03/2017 08:00:00 - 20/03/2017 09:00:00","BZN|DK1","164.61","n/e"," ","165.65"
"20/03/2017 09:00:00 - 20/03/2017 10:00:00","BZN|DK1","166.88","n/e"," ","121.11"
"20/03/2017 10:00:00 - 20/03/2017 11:00:00","BZN|DK1","178.00","n/e"," ","139.70"
"20/03/2017 11:00:00 - 20/03/2017 12:00:00","BZN|DK1","221.67","n/e"," ","206.77"
"20/03/2017 12:00:00 - 20/03/2017 13:00:00","BZN|DK1","278.50","n/e"," ","319.48"
"20/03/2017 13:00:00 - 20/03/2017 14:00:00","BZN|DK1","359.38","n/e"," ","407.01"
"20/03/2017 14:00:00 - 20/03/2017 15:00:00","BZN|DK1","457.25","n/e"," ","438.53"
"20/03/2017 15:00:00 - 20/03/2017 16:00:00","BZN|DK1","554.04","n/e"," ","549.85"
"20/03/2017 16:00:00 - 20/03/2017 17:00:00","BZN|DK1","623.21","n/e"," ","566.46"
"20/03/2017 17:00:00 - 20/03/2017 18:00:00","BZN|DK1","655.54","n/e"," ","600.90"
"20/03/2017 18:00:00 - 20/03/2017 19:00:00","BZN|DK1","661.46","n/e"," ","669.95"
"20/03/2017 19:00:00 - 20/03/2017 20:00:00","BZN|DK1","661.67","n/e"," ","622.84"
"20/03/2017 20:00:00 - 20/03/2017 21:00:00","BZN|DK1","658.79","n/e"," ","753.40"
"20/03/2017 21:00:00 - 20/03/2017 22:00:00","BZN|DK1","650.04","n/e"," ","811.75"
"20/03/2017 22:00:00 - 20/03/2017 23:00:00","BZN|DK1","665.33","n/e"," ","791.45"
"20/03/2017 23:00:00 - 21/03/2017 00:00:00","BZN|DK1","679.17","n/e"," ","810.82"
"21/03/2017 00:00:00 - 21/03/2017 01:00:00","BZN|DK1","728.10","n/e"," ","787.85"
"21/03/2017 01:00:00 - 21/03/2017 02:00:00","BZN|DK1","736.01","n/e"," ","800.45"
"21/03/2017 02:00:00 - 21/03/2017 03:00:00","BZN|DK1","735.29","n/e"," ","792.48"
"21/03/2017 03:00:00 - 21/03/2017 04:00:00","BZN|DK1","725.46","n/e"," ","769.73"
"21/03/2017 04:00:00 - 21/03/2017 05:00:00","BZN|DK1","698.54","n/e"," ","749.57"
"21/03/2017 05:00:00 - 21/03/2017 06:00:00","BZN|DK1","696.15","n/e"," ","748.61"
"21/03/2017 06:00:00 - 21/03/2017 07:00:00","BZN|DK1","712.24","n/e"," ","756.86"
"21/03/2017 07:00:00 - 21/03/2017 08:00:00","BZN|DK1","658.81","n/e"," ","694.02"
"21/03/2017 08:00:00 - 21/03/2017 09:00:00","BZN|DK1","645.28","n/e"," ","684.95"
"21/03/2017 09:00:00 - 21/03/2017 10:00:00","BZN|DK1","664.79","n/e"," ","731.20"
"21/03/2017 10:00:00 - 21/03/2017 11:00:00","BZN|DK1","731.71","n/e"," ","668.24"
"21/03/2017 11:00:00 - 21/03/2017 12:00:00","BZN|DK1","749.08","n/e"," ","763.96"
"21/03/2017 12:00:00 - 21/03/2017 13:00:00","BZN|DK1","750.33","n/e"," ","775.30"
"21/03/2017 13:00:00 - 21/03/2017 14:00:00","BZN|DK1","751.13","n/e"," ","795.22"
"21/03/2017 14:00:00 - 21/03/2017 15:00:00","BZN|DK1","750.71","n/e"," ","804.04"
"21/03/2017 15:00:00 - 21/03/2017 16:00:00","BZN|DK1","752.50","n/e"," ","810.09"
"21/03/2017 16:00:00 - 21/03/2017 17:00:00","BZN|DK1","757.00","n/e"," ","810.28"
"21/03/2017 17:00:00 - 21/03/2017 18:00:00","BZN|DK1","762.38","n/e"," ","783.56"
"21/03/2017 18:00:00 - 21/03/2017 19:00:00","BZN|DK1","766.42","n/e"," ","803.52"
"21/03/2017 19:00:00 - 21/03/2017 20:00:00","BZN|DK1","766.00","n/e"," ","808.74"
"21/03/2017 20:00:00 - 21/03/2017 21:00:00","BZN|DK1","765.46","n/e"," ","807.20"
"21/03/2017 21:00:00 - 21/03/2017 22:00:00","BZN|DK1","764.79","n/e"," ","808.54"
"21/03/2017 22:00:00 - 21/03/2017 23:00:00","BZN|DK1","763.63","n/e"," ","805.07"
"21/03/2017 23:00:00 - 22/03/2017 00:00:00","BZN|DK1","762.38","n/e"," ","809.74"
"22/03/2017 00:00:00 - 22/03/2017 01:00:00","BZN|DK1","742.34","n/e"," ","811.46"
"22/03/2017 01:00:00 - 22/03/2017 02:00:00","BZN|DK1","737.68","n/e"," ","798.31"
"22/03/2017 02:00:00 - 22/03/2017 03:00:00","BZN|DK1","724.03","n/e"," ","788.06"
"22/03/2017 03:00:00 - 22/03/2017 04:00:00","BZN|DK1","697.15","n/e"," ","733.40"
"22/03/2017 04:00:00 - 22/03/2017 05:00:00","BZN|DK1","651.02","n/e"," ","676.97"
"22/03/2017 05:00:00 - 22/03/2017 06:00:00","BZN|DK1","616.86","n/e"," ","631.49"
"22/03/2017 06:00:00 - 22/03/2017 07:00:00","BZN|DK1","576.74","n/e"," ","546.22"
"22/03/2017 07:00:00 - 22/03/2017 08:00:00","BZN|DK1","550.06","n/e"," ","529.25"
"22/03/2017 08:00:00 - 22/03/2017 09:00:00","BZN|DK1","510.32","n/e"," ","485.39"
"22/03/2017 09:00:00 - 22/03/2017 10:00:00","BZN|DK1","455.04","n/e"," ","439.21"
"22/03/2017 10:00:00 - 22/03/2017 11:00:00","BZN|DK1","443.79","n/e"," ","417.17"
"22/03/2017 11:00:00 - 22/03/2017 12:00:00","BZN|DK1","395.33","n/e"," ","358.95"
"22/03/2017 12:00:00 - 22/03/2017 13:00:00","BZN|DK1","333.67","n/e"," ","348.18"
"22/03/2017 13:00:00 - 22/03/2017 14:00:00","BZN|DK1","277.67","n/e"," ","318.52"
"22/03/2017 14:00:00 - 22/03/2017 15:00:00","BZN|DK1","226.38","n/e"," ","271.72"
"22/03/2017 15:00:00 - 22/03/2017 16:00:00","BZN|DK1","182.88","n/e"," ","325.37"
"22/03/2017 16:00:00 - 22/03/2017 17:00:00","BZN|DK1","162.00","n/e"," ","325.37"
"22/03/2017 17:00:00 - 22/03/2017 18:00:00","BZN|DK1","139.88","n/e"," ","262.71"
"22/03/2017 18:00:00 - 22/03/2017 19:00:00","BZN|DK1","121.71","n/e"," ","131.09"
"22/03/2017 19:00:00 - 22/03/2017 20:00:00","BZN|DK1","107.63","n/e"," ","79.06"
"22/03/2017 20:00:00 - 22/03/2017 21:00:00","BZN|DK1","97.38","n/e"," ","86.36"
"22/03/2017 21:00:00 - 22/03/2017 22:00:00","BZN|DK1","89.63","n/e"," ","91.84"
"22/03/2017 22:00:00 - 22/03/2017 23:00:00","BZN|DK1","81.46","n/e"," ","69.84"
"22/03/2017 23:00:00 - 23/03/2017 00:00:00","BZN|DK1","74.79","n/e"," ","67.96"
"23/03/2017 00:00:00 - 23/03/2017 01:00:00","BZN|DK1","60.37","n/e"," ","66.30"
"23/03/2017 01:00:00 - 23/03/2017 02:00:00","BZN|DK1","52.25","n/e"," ","59.18"
"23/03/2017 02:00:00 - 23/03/2017 03:00:00","BZN|DK1","45.13","n/e"," ","49.73"
"23/03/2017 03:00:00 - 23/03/2017 04:00:00","BZN|DK1","48.04","n/e"," ","43.71"
"23/03/2017 04:00:00 - 23/03/2017 05:00:00","BZN|DK1","51.46","n/e"," ","61.28"
"23/03/2017 05:00:00 - 23/03/2017 06:00:00","BZN|DK1","53.08","n/e"," ","71.14"
"23/03/2017 06:00:00 - 23/03/2017 07:00:00","BZN|DK1","62.17","n/e"," ","73.89"
"23/03/2017 07:00:00 - 23/03/2017 08:00:00","BZN|DK1","70.38","n/e"," ","91.68"
"23/03/2017 08:00:00 - 23/03/2017 09:00:00","BZN|DK1","80.63","n/e"," ","80.87"
"23/03/2017 09:00:00 - 23/03/2017 10:00:00","BZN|DK1","76.96","n/e"," ","83.19"
"23/03/2017 10:00:00 - 23/03/2017 11:00:00","BZN|DK1","75.58","n/e"," ","67.35"
"23/03/2017 11:00:00 - 23/03/2017 12:00:00","BZN|DK1","70.29","n/e"," ","44.74"
"23/03/2017 12:00:00 - 23/03/2017 13:00:00","BZN|DK1","70.83","n/e"," ","47.43"
"23/03/2017 13:00:00 - 23/03/2017 14:00:00","BZN|DK1","83.42","n/e"," ","91.94"
"23/03/2017 14:00:00 - 23/03/2017 15:00:00","BZN|DK1","106.63","n/e"," ","131.12"
"23/03/2017 15:00:00 - 23/03/2017 16:00:00","BZN|DK1","132.17","n/e"," ","188.22"
"23/03/2017 16:00:00 - 23/03/2017 17:00:00","BZN|DK1","152.13","n/e"," ","251.48"
"23/03/2017 17:00:00 - 23/03/2017 18:00:00","BZN|DK1","170.04","n/e"," ","263.87"
"23/03/2017 18:00:00 - 23/03/2017 19:00:00","BZN|DK1","172.33","n/e"," ","277.39"
"23/03/2017 19:00:00 - 23/03/2017 20:00:00","BZN|DK1","157.46","n/e"," ","214.11"
"23/03/2017 20:00:00 - 23/03/2017 21:00:00","BZN|DK1","132.17","n/e"," ","158.91"
"23/03/2017 21:00:00 - 23/03/2017 22:00:00","BZN|DK1","104.38","n/e"," ","108.21"
"23/03/2017 22:00:00 - 23/03/2017 23:00:00","BZN|DK1","79.79","n/e"," ","55.09"
"23/03/2017 23:00:00 - 24/03/2017 00:00:00","BZN|DK1","58.08","n/e"," ","38.44"
"24/03/2017 00:00:00 - 24/03/2017 01:00:00","BZN|DK1","25.58","n/e"," ","24.01"
"24/03/2017 01:00:00 - 24/03/2017 02:00:00","BZN|DK1","12.55","n/e"," ","17.06"
"24/03/2017 02:00:00 - 24/03/2017 03:00:00","BZN|DK1","21.73","n/e"," ","21.83"
"24/03/2017 03:00:00 - 24/03/2017 04:00:00","BZN|DK1","18.69","n/e"," ","15.25"
"24/03/2017 04:00:00 - 24/03/2017 05:00:00","BZN|DK1","8.88","n/e"," ","7.88"
"24/03/2017 05:00:00 - 24/03/2017 06:00:00","BZN|DK1","18.45","n/e"," ","17.49"
"24/03/2017 06:00:00 - 24/03/2017 07:00:00","BZN|DK1","35.80","n/e"," ","48.18"
"24/03/2017 07:00:00 - 24/03/2017 08:00:00","BZN|DK1","60.14","n/e"," ","64.79"
"24/03/2017 08:00:00 - 24/03/2017 09:00:00","BZN|DK1","56.68","n/e"," ","52.03"
"24/03/2017 09:00:00 - 24/03/2017 10:00:00","BZN|DK1","67.92","n/e"," ","65.94"
"24/03/2017 10:00:00 - 24/03/2017 11:00:00","BZN|DK1","76.46","n/e"," ","79.73"
"24/03/2017 11:00:00 - 24/03/2017 12:00:00","BZN|DK1","86.79","n/e"," ","47.00"
"24/03/2017 12:00:00 - 24/03/2017 13:00:00","BZN|DK1","101.13","n/e"," ","60.88"
"24/03/2017 13:00:00 - 24/03/2017 14:00:00","BZN|DK1","121.29","n/e"," ","78.40"
"24/03/2017 14:00:00 - 24/03/2017 15:00:00","BZN|DK1","155.63","n/e"," ","63.93"
"24/03/2017 15:00:00 - 24/03/2017 16:00:00","BZN|DK1","206.96","n/e"," ","75.23"
"24/03/2017 16:00:00 - 24/03/2017 17:00:00","BZN|DK1","268.21","n/e"," ","157.54"
"24/03/2017 17:00:00 - 24/03/2017 18:00:00","BZN|DK1","323.83","n/e"," ","218.29"
"24/03/2017 18:00:00 - 24/03/2017 19:00:00","BZN|DK1","362.96","n/e"," ","270.47"
"24/03/2017 19:00:00 - 24/03/2017 20:00:00","BZN|DK1","386.38","n/e"," ","357.80"
"24/03/2017 20:00:00 - 24/03/2017 21:00:00","BZN|DK1","401.63","n/e"," ","393.39"
"24/03/2017 21:00:00 - 24/03/2017 22:00:00","BZN|DK1","418.63","n/e"," ","431.96"
"24/03/2017 22:00:00 - 24/03/2017 23:00:00","BZN|DK1","436.25","n/e"," ","454.63"
"24/03/2017 23:00:00 - 25/03/2017 00:00:00","BZN|DK1","453.29","n/e"," ","495.14"
"25/03/2017 00:00:00 - 25/03/2017 01:00:00","BZN|DK1","491.65","n/e"," ","520.83"
"25/03/2017 01:00:00 - 25/03/2017 02:00:00","BZN|DK1","524.70","n/e"," ","562.20"
"25/03/2017 02:00:00 - 25/03/2017 03:00:00","BZN|DK1","555.75","n/e"," ","600.13"
"25/03/2017 03:00:00 - 25/03/2017 04:00:00","BZN|DK1","557.89","n/e"," ","587.42"
"25/03/2017 04:00:00 - 25/03/2017 05:00:00","BZN|DK1","536.98","n/e"," ","582.38"
"25/03/2017 05:00:00 - 25/03/2017 06:00:00","BZN|DK1","525.72","n/e"," ","566.49"
"25/03/2017 06:00:00 - 25/03/2017 07:00:00","BZN|DK1","506.64","n/e"," ","549.38"
"25/03/2017 07:00:00 - 25/03/2017 08:00:00","BZN|DK1","480.63","n/e"," ","515.26"
"25/03/2017 08:00:00 - 25/03/2017 09:00:00","BZN|DK1","485.65","n/e"," ","500.98"
"25/03/2017 09:00:00 - 25/03/2017 10:00:00","BZN|DK1","492.50","n/e"," ","501.30"
"25/03/2017 10:00:00 - 25/03/2017 11:00:00","BZN|DK1","483.67","n/e"," ","482.10"
"25/03/2017 11:00:00 - 25/03/2017 12:00:00","BZN|DK1","451.96","n/e"," ","409.27"
"25/03/2017 12:00:00 - 25/03/2017 13:00:00","BZN|DK1","405.71","n/e"," ","336.52"
"25/03/2017 13:00:00 - 25/03/2017 14:00:00","BZN|DK1","361.38","n/e"," ","269.72"
"25/03/2017 14:00:00 - 25/03/2017 15:00:00","BZN|DK1","322.75","n/e"," ","257.14"
"25/03/2017 15:00:00 - 25/03/2017 16:00:00","BZN|DK1","296.21","n/e"," ","282.98"
"25/03/2017 16:00:00 - 25/03/2017 17:00:00","BZN|DK1","264.04","n/e"," ","291.50"
"25/03/2017 17:00:00 - 25/03/2017 18:00:00","BZN|DK1","238.38","n/e"," ","310.69"
"25/03/2017 18:00:00 - 25/03/2017 19:00:00","BZN|DK1","220.71","n/e"," ","317.62"
"25/03/2017 19:00:00 - 25/03/2017 20:00:00","BZN|DK1","207.63","n/e"," ","385.11"
"25/03/2017 20:00:00 - 25/03/2017 21:00:00","BZN|DK1","205.04","n/e"," ","348.79"
"25/03/2017 21:00:00 - 25/03/2017 22:00:00","BZN|DK1","188.58","n/e"," ","270.48"
"25/03/2017 22:00:00 - 25/03/2017 23:00:00","BZN|DK1","165.21","n/e"," ","216.23"
"25/03/2017 23:00:00 - 26/03/2017 00:00:00","BZN|DK1","143.50","n/e"," ","144.47"
"26/03/2017 00:00:00 - 26/03/2017 01:00:00 (CET)","BZN|DK1","93.50","n/e"," ","107.99"
"26/03/2017 01:00:00 (CET) - 26/03/2017 03:00:00 (CEST)","BZN|DK1","83.39","n/e"," ","98.07"
"26/03/2017 03:00:00 (CEST) - 26/03/2017 04:00:00","BZN|DK1","92.20","n/e"," ","90.22"
"26/03/2017 04:00:00 - 26/03/2017 05:00:00","BZN|DK1","59.10","n/e"," ","46.55"
"26/03/2017 05:00:00 - 26/03/2017 06:00:00","BZN|DK1","41.00","n/e"," ","41.01"
"26/03/2017 06:00:00 - 26/03/2017 07:00:00","BZN|DK1","34.10","n/e"," ","37.77"
"26/03/2017 07:00:00 - 26/03/2017 08:00:00","BZN|DK1","29.17","n/e"," ","14.86"
"26/03/2017 08:00:00 - 26/03/2017 09:00:00","BZN|DK1","43.58","n/e"," ","5.13"
"26/03/2017 09:00:00 - 26/03/2017 10:00:00","BZN|DK1","43.33","n/e"," ","1.93"
"26/03/2017 10:00:00 - 26/03/2017 11:00:00","BZN|DK1","43.04","n/e"," ","3.98"
"26/03/2017 11:00:00 - 26/03/2017 12:00:00","BZN|DK1","46.21","n/e"," ","31.65"
"26/03/2017 12:00:00 - 26/03/2017 13:00:00","BZN|DK1","47.71","n/e"," ","52.72"
"26/03/2017 13:00:00 - 26/03/2017 14:00:00","BZN|DK1","49.08","n/e"," ","58.29"
"26/03/2017 14:00:00 - 26/03/2017 15:00:00","BZN|DK1","50.46","n/e"," ","54.93"
"26/03/2017 15:00:00 - 26/03/2017 16:00:00","BZN|DK1","50.63","n/e"," ","93.52"
"26/03/2017 16:00:00 - 26/03/2017 17:00:00","BZN|DK1","51.83","n/e"," ","70.93"
"26/03/2017 17:00:00 - 26/03/2017 18:00:00","BZN|DK1","51.75","n/e"," ","60.28"
"26/03/2017 18:00:00 - 26/03/2017 19:00:00","BZN|DK1","48.46","n/e"," ","56.56"
"26/03/2017 19:00:00 - 26/03/2017 20:00:00","BZN|DK1","37.67","n/e"," ","65.90"
"26/03/2017 20:00:00 - 26/03/2017 21:00:00","BZN|DK1","35.96","n/e"," ","112.92"
"26/03/2017 21:00:00 - 26/03/2017 22:00:00","BZN|DK1","37.38","n/e"," ","201.94"
"26/03/2017 22:00:00 - 26/03/2017 23:00:00","BZN|DK1","40.50","n/e"," ","276.40"
"26/03/2017 23:00:00 - 27/03/2017 00:00:00","BZN|DK1","48.33","n/e"," ","262.02"
"27/03/2017 00:00:00 - 27/03/2017 01:00:00","BZN|DK1","191.28","n/e"," ","188.46"
"27/03/2017 01:00:00 - 27/03/2017 02:00:00","BZN|DK1","113.49","n/e"," ","117.26"
"27/03/2017 02:00:00 - 27/03/2017 03:00:00","BZN|DK1","97.75","n/e"," ","112.34"
"27/03/2017 03:00:00 - 27/03/2017 04:00:00","BZN|DK1","99.94","n/e"," ","102.37"
"27/03/2017 04:00:00 - 27/03/2017 05:00:00","BZN|DK1","123.05","n/e"," ","142.07"
"27/03/2017 05:00:00 - 27/03/2017 06:00:00","BZN|DK1","133.69","n/e"," ","131.57"
"27/03/2017 06:00:00 - 27/03/2017 07:00:00","BZN|DK1","94.52","n/e"," ","92.30"
"27/03/2017 07:00:00 - 27/03/2017 08:00:00","BZN|DK1","76.08","n/e"," ","80.84"
"27/03/2017 08:00:00 - 27/03/2017 09:00:00","BZN|DK1","77.11","n/e"," ","72.47"
"27/03/2017 09:00:00 - 27/03/2017 10:00:00","BZN|DK1","99.96","n/e"," ","57.47"
"27/03/2017 10:00:00 - 27/03/2017 11:00:00","BZN|DK1","132.71","n/e"," ","63.93"
"27/03/2017 11:00:00 - 27/03/2017 12:00:00","BZN|DK1","171.96","n/e"," ","73.32"
"27/03/2017 12:00:00 - 27/03/2017 13:00:00","BZN|DK1","226.25","n/e"," ","100.11"
"27/03/2017 13:00:00 - 27/03/2017 14:00:00","BZN|DK1","292.67","n/e"," ","136.92"
"27/03/2017 14:00:00 - 27/03/2017 15:00:00","BZN|DK1","362.50","n/e"," ","141.69"
"27/03/2017 15:00:00 - 27/03/2017 16:00:00","BZN|DK1","407.63","n/e"," ","65.00"
"27/03/2017 16:00:00 - 27/03/2017 17:00:00","BZN|DK1","427.63","n/e"," ","145.75"
"27/03/2017 17:00:00 - 27/03/2017 18:00:00","BZN|DK1","434.79","n/e"," ","290.16"
"27/03/2017 18:00:00 - 27/03/2017 19:00:00","BZN|DK1","432.63","n/e"," ","348.28"
"27/03/2017 19:00:00 - 27/03/2017 20:00:00","BZN|DK1","422.00","n/e"," ","413.87"
"27/03/2017 20:00:00 - 27/03/2017 21:00:00","BZN|DK1","415.50","n/e"," ","390.19"
"27/03/2017 21:00:00 - 27/03/2017 22:00:00","BZN|DK1","401.63","n/e"," ","369.48"
"27/03/2017 22:00:00 - 27/03/2017 23:00:00","BZN|DK1","370.42","n/e"," ","340.25"
"27/03/2017 23:00:00 - 28/03/2017 00:00:00","BZN|DK1","318.46","n/e"," ","329.96"
"28/03/2017 00:00:00 - 28/03/2017 01:00:00","BZN|DK1","292.16","n/e"," ","310.18"
"28/03/2017 01:00:00 - 28/03/2017 02:00:00","BZN|DK1","211.84","n/e"," ","217.17"
"28/03/2017 02:00:00 - 28/03/2017 03:00:00","BZN|DK1","167.80","n/e"," ","179.67"
"28/03/2017 03:00:00 - 28/03/2017 04:00:00","BZN|DK1","128.44","n/e"," ","130.14"
"28/03/2017 04:00:00 - 28/03/2017 05:00:00","BZN|DK1","79.91","n/e"," ","82.45"
"28/03/2017 05:00:00 - 28/03/2017 06:00:00","BZN|DK1","64.63","n/e"," ","68.94"
"28/03/2017 06:00:00 - 28/03/2017 07:00:00","BZN|DK1","47.37","n/e"," ","44.94"
"28/03/2017 07:00:00 - 28/03/2017 08:00:00","BZN|DK1","13.69","n/e"," ","13.27"
"28/03/2017 08:00:00 - 28/03/2017 09:00:00","BZN|DK1","3.11","n/e"," ","2.16"
"28/03/2017 09:00:00 - 28/03/2017 10:00:00","BZN|DK1","4.13","n/e"," ","0.70"
"28/03/2017 10:00:00 - 28/03/2017 11:00:00","BZN|DK1","3.00","n/e"," ","0.27"
"28/03/2017 11:00:00 - 28/03/2017 12:00:00","BZN|DK1","3.33","n/e"," ","2.01"
"28/03/2017 12:00:00 - 28/03/2017 13:00:00","BZN|DK1","3.71","n/e"," ","2.77"
"28/03/2017 13:00:00 - 28/03/2017 14:00:00","BZN|DK1","5.13","n/e"," ","3.37"
"28/03/2017 14:00:00 - 28/03/2017 15:00:00","BZN|DK1","6.63","n/e"," ","3.67"
"28/03/2017 15:00:00 - 28/03/2017 16:00:00","BZN|DK1","9.25","n/e"," ","2.28"
"28/03/2017 16:00:00 - 28/03/2017 17:00:00","BZN|DK1","9.71","n/e"," ","0.80"
"28/03/2017 17:00:00 - 28/03/2017 18:00:00","BZN|DK1","9.38","n/e"," ","1.60"
"28/03/2017 18:00:00 - 28/03/2017 19:00:00","BZN|DK1","10.46","n/e"," ","1.20"
"28/03/2017 19:00:00 - 28/03/2017 20:00:00","BZN|DK1","16.50","n/e"," ","8.62"
"28/03/2017 20:00:00 - 28/03/2017 21:00:00","BZN|DK1","35.67","n/e"," ","18.96"
"28/03/2017 21:00:00 - 28/03/2017 22:00:00","BZN|DK1","59.08","n/e"," ","29.34"
"28/03/2017 22:00:00 - 28/03/2017 23:00:00","BZN|DK1","80.71","n/e"," ","32.40"
"28/03/2017 23:00:00 - 29/03/2017 00:00:00","BZN|DK1","95.29","n/e"," ","53.55"
"29/03/2017 00:00:00 - 29/03/2017 01:00:00","BZN|DK1","31.60","n/e"," ","33.01"
"29/03/2017 01:00:00 - 29/03/2017 02:00:00","BZN|DK1","17.06","n/e"," ","21.36"
"29/03/2017 02:00:00 - 29/03/2017 03:00:00","BZN|DK1","11.69","n/e"," ","19.04"
"29/03/2017 03:00:00 - 29/03/2017 04:00:00","BZN|DK1","74.36","n/e"," ","102.36"
"29/03/2017 04:00:00 - 29/03/2017 05:00:00","BZN|DK1","70.31","n/e"," ","61.88"
"29/03/2017 05:00:00 - 29/03/2017 06:00:00","BZN|DK1","110.64","n/e"," ","137.84"
"29/03/2017 06:00:00 - 29/03/2017 07:00:00","BZN|DK1","159.19","n/e"," ","170.18"
"29/03/2017 07:00:00 - 29/03/2017 08:00:00","BZN|DK1","207.75","n/e"," ","218.69"
"29/03/2017 08:00:00 - 29/03/2017 09:00:00","BZN|DK1","229.37","n/e"," ","261.34"
"29/03/2017 09:00:00 - 29/03/2017 10:00:00","BZN|DK1","245.29","n/e"," ","262.22"
"29/03/2017 10:00:00 - 29/03/2017 11:00:00","BZN|DK1","260.96","n/e"," ","273.08"
"29/03/2017 11:00:00 - 29/03/2017 12:00:00","BZN|DK1","274.00","n/e"," ","242.28"
"29/03/2017 12:00:00 - 29/03/2017 13:00:00","BZN|DK1","278.38","n/e"," ","242.97"
"29/03/2017 13:00:00 - 29/03/2017 14:00:00","BZN|DK1","263.54","n/e"," ","198.58"
"29/03/2017 14:00:00 - 29/03/2017 15:00:00","BZN|DK1","253.67","n/e"," ","128.87"
"29/03/2017 15:00:00 - 29/03/2017 16:00:00","BZN|DK1","242.33","n/e"," ","103.28"
"29/03/2017 16:00:00 - 29/03/2017 17:00:00","BZN|DK1","221.50","n/e"," ","55.80"
"29/03/2017 17:00:00 - 29/03/2017 18:00:00","BZN|DK1","186.58","n/e"," ","124.84"
"29/03/2017 18:00:00 - 29/03/2017 19:00:00","BZN|DK1","138.63","n/e"," ","172.27"
"29/03/2017 19:00:00 - 29/03/2017 20:00:00","BZN|DK1","92.92","n/e"," ","110.99"
"29/03/2017 20:00:00 - 29/03/2017 21:00:00","BZN|DK1","64.00","n/e"," ","32.26"
"29/03/2017 21:00:00 - 29/03/2017 22:00:00","BZN|DK1","45.21","n/e"," ","10.16"
"29/03/2017 22:00:00 - 29/03/2017 23:00:00","BZN|DK1","26.50","n/e"," ","1.50"
"29/03/2017 23:00:00 - 30/03/2017 00:00:00","BZN|DK1","15.04","n/e"," ","4.32"
"30/03/2017 00:00:00 - 30/03/2017 01:00:00","BZN|DK1","10.32","n/e"," ","9.99"
"30/03/2017 01:00:00 - 30/03/2017 02:00:00","BZN|DK1","25.58","n/e"," ","24.06"
"30/03/2017 02:00:00 - 30/03/2017 03:00:00","BZN|DK1","50.11","n/e"," ","44.90"
"30/03/2017 03:00:00 - 30/03/2017 04:00:00","BZN|DK1","68.80","n/e"," ","73.33"
"30/03/2017 04:00:00 - 30/03/2017 05:00:00","BZN|DK1","111.08","n/e"," ","120.02"
"30/03/2017 05:00:00 - 30/03/2017 06:00:00","BZN|DK1","174.85","n/e"," ","179.51"
"30/03/2017 06:00:00 - 30/03/2017 07:00:00","BZN|DK1","200.09","n/e"," ","204.49"
"30/03/2017 07:00:00 - 30/03/2017 08:00:00","BZN|DK1","271.44","n/e"," ","292.29"
"30/03/2017 08:00:00 - 30/03/2017 09:00:00","BZN|DK1","360.94","n/e"," ","433.53"
"30/03/2017 09:00:00 - 30/03/2017 10:00:00","BZN|DK1","423.83","n/e"," ","554.93"
"30/03/2017 10:00:00 - 30/03/2017 11:00:00","BZN|DK1","507.71","n/e"," ","686.17"
"30/03/2017 11:00:00 - 30/03/2017 12:00:00","BZN|DK1","594.54","n/e"," ","711.71"
"30/03/2017 12:00:00 - 30/03/2017 13:00:00","BZN|DK1","641.17","n/e"," ","752.93"
"30/03/2017 13:00:00 - 30/03/2017 14:00:00","BZN|DK1","657.25","n/e"," ","763.99"
"30/03/2017 14:00:00 - 30/03/2017 15:00:00","BZN|DK1","658.71","n/e"," ","765.12"
"30/03/2017 15:00:00 - 30/03/2017 16:00:00","BZN|DK1","646.79","n/e"," ","768.47"
"30/03/2017 16:00:00 - 30/03/2017 17:00:00","BZN|DK1","627.17","n/e"," ","737.46"
"30/03/2017 17:00:00 - 30/03/2017 18:00:00","BZN|DK1","629.29","n/e"," ","741.50"
"30/03/2017 18:00:00 - 30/03/2017 19:00:00","BZN|DK1","642.33","n/e"," ","732.23"
"30/03/2017 19:00:00 - 30/03/2017 20:00:00","BZN|DK1","648.29","n/e"," ","636.38"
"30/03/2017 20:00:00 - 30/03/2017 21:00:00","BZN|DK1","641.08","n/e"," ","667.40"
"30/03/2017 21:00:00 - 30/03/2017 22:00:00","BZN|DK1","623.88","n/e"," ","665.00"
"30/03/2017 22:00:00 - 30/03/2017 23:00:00","BZN|DK1","606.33","n/e"," ","639.38"
"30/03/2017 23:00:00 - 31/03/2017 00:00:00","BZN|DK1","589.71","n/e"," ","579.79"
"31/03/2017 00:00:00 - 31/03/2017 01:00:00","BZN|DK1","529.23","n/e"," ","578.73"
"31/03/2017 01:00:00 - 31/03/2017 02:00:00","BZN|DK1","528.88","n/e"," ","557.87"
"31/03/2017 02:00:00 - 31/03/2017 03:00:00","BZN|DK1","532.98","n/e"," ","570.12"
"31/03/2017 03:00:00 - 31/03/2017 04:00:00","BZN|DK1","498.50","n/e"," ","517.59"
"31/03/2017 04:00:00 - 31/03/2017 05:00:00","BZN|DK1","448.59","n/e"," ","469.92"
"31/03/2017 05:00:00 - 31/03/2017 06:00:00","BZN|DK1","303.75","n/e"," ","300.41"
"31/03/2017 06:00:00 - 31/03/2017 07:00:00","BZN|DK1","301.35","n/e"," ","320.67"
"31/03/2017 07:00:00 - 31/03/2017 08:00:00","BZN|DK1","344.42","n/e"," ","373.59"
"31/03/2017 08:00:00 - 31/03/2017 09:00:00","BZN|DK1","340.37","n/e"," ","372.32"
"31/03/2017 09:00:00 - 31/03/2017 10:00:00","BZN|DK1","305.46","n/e"," ","309.81"
"31/03/2017 10:00:00 - 31/03/2017 11:00:00","BZN|DK1","262.13","n/e"," ","291.40"
"31/03/2017 11:00:00 - 31/03/2017 12:00:00","BZN|DK1","279.50","n/e"," ","318.36"
"31/03/2017 12:00:00 - 31/03/2017 13:00:00","BZN|DK1","348.00","n/e"," ","340.75"
"31/03/2017 13:00:00 - 31/03/2017 14:00:00","BZN|DK1","399.75","n/e"," ","383.21"
"31/03/2017 14:00:00 - 31/03/2017 15:00:00","BZN|DK1","449.96","n/e"," ","456.55"
"31/03/2017 15:00:00 - 31/03/2017 16:00:00","BZN|DK1","492.00","n/e"," ","538.44"
"31/03/2017 16:00:00 - 31/03/2017 17:00:00","BZN|DK1","529.46","n/e"," ","541.81"
"31/03/2017 17:00:00 - 31/03/2017 18:00:00","BZN|DK1","560.46","n/e"," ","542.43"
"31/03/2017 18:00:00 - 31/03/2017 19:00:00","BZN|DK1","565.29","n/e"," ","569.36"
"31/03/2017 19:00:00 - 31/03/2017 20:00:00","BZN|DK1","539.00","n/e"," ","677.98"
"31/03/2017 20:00:00 - 31/03/2017 21:00:00","BZN|DK1","510.08","n/e"," ","674.20"
"31/03/2017 21:00:00 - 31/03/2017 22:00:00","BZN|DK1","466.54","n/e"," ","469.57"
"31/03/2017 22:00:00 - 31/03/2017 23:00:00","BZN|DK1","413.00","n/e"," ","395.02"
"31/03/2017 23:00:00 - 01/04/2017 00:00:00","BZN|DK1","362.21","n/e"," ","415.05"
"01/04/2017 00:00:00 - 01/04/2017 01:00:00","BZN|DK1","259.06","n/e"," ","254.31"
"01/04/2017 01:00:00 - 01/04/2017 02:00:00","BZN|DK1","272.98","n/e"," ","320.81"
"01/04/2017 02:00:00 - 01/04/2017 03:00:00","BZN|DK1","257.47","n/e"," ","250.39"
"01/04/2017 03:00:00 - 01/04/2017 04:00:00","BZN|DK1","113.53","n/e"," ","109.67"
"01/04/2017 04:00:00 - 01/04/2017 05:00:00","BZN|DK1","123.85","n/e"," ","149.28"
"01/04/2017 05:00:00 - 01/04/2017 06:00:00","BZN|DK1","146.03","n/e"," ","155.44"
"01/04/2017 06:00:00 - 01/04/2017 07:00:00","BZN|DK1","185.80","n/e"," ","203.02"
"01/04/2017 07:00:00 - 01/04/2017 08:00:00","BZN|DK1","186.57","n/e"," ","196.11"
"01/04/2017 08:00:00 - 01/04/2017 09:00:00","BZN|DK1","168.50","n/e"," ","134.84"
"01/04/2017 09:00:00 - 01/04/2017 10:00:00","BZN|DK1","166.46","n/e"," ","109.60"
"01/04/2017 10:00:00 - 01/04/2017 11:00:00","BZN|DK1","143.21","n/e"," ","90.27"
"01/04/2017 11:00:00 - 01/04/2017 12:00:00","BZN|DK1","123.13","n/e"," ","84.80"
"01/04/2017 12:00:00 - 01/04/2017 13:00:00","BZN|DK1","104.92","n/e"," ","99.13"
"01/04/2017 13:00:00 - 01/04/2017 14:00:00","BZN|DK1","87.92","n/e"," ","94.00"
"01/04/2017 14:00:00 - 01/04/2017 15:00:00","BZN|DK1","70.33","n/e"," ","41.32"
"01/04/2017 15:00:00 - 01/04/2017 16:00:00","BZN|DK1","50.96","n/e"," ","18.14"
"01/04/2017 16:00:00 - 01/04/2017 17:00:00","BZN|DK1","39.67","n/e"," ","17.76"
"01/04/2017 17:00:00 - 01/04/2017 18:00:00","BZN|DK1","39.13","n/e"," ","9.22"
"01/04/2017 18:00:00 - 01/04/2017 19:00:00","BZN|DK1","45.88","n/e"," ","21.05"
"01/04/2017 19:00:00 - 01/04/2017 20:00:00","BZN|DK1","51.63","n/e"," ","24.25"
"01/04/2017 20:00:00 - 01/04/2017 21:00:00","BZN|DK1","53.71","n/e"," ","7.34"
"01/04/2017 21:00:00 - 01/04/2017 22:00:00","BZN|DK1","53.50","n/e"," ","30.10"
"01/04/2017 22:00:00 - 01/04/2017 23:00:00","BZN|DK1","51.38","n/e"," ","50.98"
"01/04/2017 23:00:00 - 02/04/2017 00:00:00","BZN|DK1","47.54","n/e"," ","52.93"
"02/04/2017 00:00:00 - 02/04/2017 01:00:00","BZN|DK1","37.98","n/e"," ","34.82"
"02/04/2017 01:00:00 - 02/04/2017 02:00:00","BZN|DK1","12.16","n/e"," ","9.71"
"02/04/2017 02:00:00 - 02/04/2017 03:00:00","BZN|DK1","9.85","n/e"," ","10.18"
"02/04/2017 03:00:00 - 02/04/2017 04:00:00","BZN|DK1","7.95","n/e"," ","8.11"
"02/04/2017 04:00:00 - 02/04/2017 05:00:00","BZN|DK1","19.01","n/e"," ","25.24"
"02/04/2017 05:00:00 - 02/04/2017 06:00:00","BZN|DK1","15.44","n/e"," ","13.40"
"02/04/2017 06:00:00 - 02/04/2017 07:00:00","BZN|DK1","10.79","n/e"," ","9.55"
"02/04/2017 07:00:00 - 02/04/2017 08:00:00","BZN|DK1","26.24","n/e"," ","31.31"
"02/04/2017 08:00:00 - 02/04/2017 09:00:00","BZN|DK1","47.58","n/e"," ","45.49"
"02/04/2017 09:00:00 - 02/04/2017 10:00:00","BZN|DK1","60.21","n/e"," ","45.71"
"02/04/2017 10:00:00 - 02/04/2017 11:00:00","BZN|DK1","41.33","n/e"," ","48.00"
"02/04/2017 11:00:00 - 02/04/2017 12:00:00","BZN|DK1","32.92","n/e"," ","50.93"
"02/04/2017 12:00:00 - 02/04/2017 13:00:00","BZN|DK1","37.21","n/e"," ","61.16"
"02/04/2017 13:00:00 - 02/04/2017 14:00:00","BZN|DK1","46.33","n/e"," ","101.32"
"02/04/2017 14:00:00 - 02/04/2017 15:00:00","BZN|DK1","57.29","n/e"," ","92.66"
"02/04/2017 15:00:00 - 02/04/2017 16:00:00","BZN|DK1","72.83","n/e"," ","98.38"
"02/04/2017 16:00:00 - 02/04/2017 17:00:00","BZN|DK1","92.58","n/e"," ","91.93"
"02/04/2017 17:00:00 - 02/04/2017 18:00:00","BZN|DK1","119.42","n/e"," ","97.34"
"02/04/2017 18:00:00 - 02/04/2017 19:00:00","BZN|DK1","163.50","n/e"," ","104.77"
"02/04/2017 19:00:00 - 02/04/2017 20:00:00","BZN|DK1","216.08","n/e"," ","99.58"
"02/04/2017 20:00:00 - 02/04/2017 21:00:00","BZN|DK1","256.75","n/e"," ","207.22"
"02/04/2017 21:00:00 - 02/04/2017 22:00:00","BZN|DK1","271.79","n/e"," ","340.10"
"02/04/2017 22:00:00 - 02/04/2017 23:00:00","BZN|DK1","278.21","n/e"," ","347.99"
"02/04/2017 23:00:00 - 03/04/2017 00:00:00","BZN|DK1","292.79","n/e"," ","266.58"
"03/04/2017 00:00:00 - 03/04/2017 01:00:00","BZN|DK1","206.05","n/e"," ","217.47"
"03/04/2017 01:00:00 - 03/04/2017 02:00:00","BZN|DK1","197.16","n/e"," ","216.00"
"03/04/2017 02:00:00 - 03/04/2017 03:00:00","BZN|DK1","196.03","n/e"," ","209.49"
"03/04/2017 03:00:00 - 03/04/2017 04:00:00","BZN|DK1","205.07","n/e"," ","227.11"
"03/04/2017 04:00:00 - 03/04/2017 05:00:00","BZN|DK1","237.18","n/e"," ","256.80"
"03/04/2017 05:00:00 - 03/04/2017 06:00:00","BZN|DK1","184.13","n/e"," ","198.68"
"03/04/2017 06:00:00 - 03/04/2017 07:00:00","BZN|DK1","169.05","n/e"," ","185.80"
"03/04/2017 07:00:00 - 03/04/2017 08:00:00","BZN|DK1","153.99","n/e"," ","171.76"
"03/04/2017 08:00:00 - 03/04/2017 09:00:00","BZN|DK1","145.39","n/e"," ","156.64"
"03/04/2017 09:00:00 - 03/04/2017 10:00:00","BZN|DK1","112.63","n/e"," ","142.07"
"03/04/2017 10:00:00 - 03/04/2017 11:00:00","BZN|DK1","69.63","n/e"," ","95.24"
"03/04/2017 11:00:00 - 03/04/2017 12:00:00","BZN|DK1","52.42","n/e"," ","83.45"
"03/04/2017 12:00:00 - 03/04/2017 13:00:00","BZN|DK1","42.75","n/e"," ","65.99"
"03/04/2017 13:00:00 - 03/04/2017 14:00:00","BZN|DK1","33.79","n/e"," ","38.78"
"03/04/2017 14:00:00 - 03/04/2017 15:00:00","BZN|DK1","23.38","n/e"," ","30.23"
"03/04/2017 15:00:00 - 03/04/2017 16:00:00","BZN|DK1","15.00","n/e"," ","17.08"
"03/04/2017 16:00:00 - 03/04/2017 17:00:00","BZN|DK1","12.13","n/e"," ","31.31"
"03/04/2017 17:00:00 - 03/04/2017 18:00:00","BZN|DK1","13.33","n/e"," ","40.90"
"03/04/2017 18:00:00 - 03/04/2017 19:00:00","BZN|DK1","18.00","n/e"," ","69.71"
"03/04/2017 19:00:00 - 03/04/2017 20:00:00","BZN|DK1","21.54","n/e"," ","78.98"
"03/04/2017 20:00:00 - 03/04/2017 21:00:00","BZN|DK1","19.96","n/e"," ","90.02"
"03/04/2017 21:00:00 - 03/04/2017 22:00:00","BZN|DK1","18.83","n/e"," ","81.56"
"03/04/2017 22:00:00 - 03/04/2017 23:00:00","BZN|DK1","19.04","n/e"," ","55.17"
"03/04/2017 23:00:00 - 04/04/2017 00:00:00","BZN|DK1","22.71","n/e"," ","25.34"
"04/04/2017 00:00:00 - 04/04/2017 01:00:00","BZN|DK1","12.96","n/e"," ","12.59"
"04/04/2017 01:00:00 - 04/04/2017 02:00:00","BZN|DK1","29.63","n/e"," ","30.08"
"04/04/2017 02:00:00 - 04/04/2017 03:00:00","BZN|DK1","40.85","n/e"," ","40.18"
"04/04/2017 03:00:00 - 04/04/2017 04:00:00","BZN|DK1","20.42","n/e"," ","25.92"
"04/04/2017 04:00:00 - 04/04/2017 05:00:00","BZN|DK1","27.49","n/e"," ","31.60"
"04/04/2017 05:00:00 - 04/04/2017 06:00:00","BZN|DK1","36.23","n/e"," ","38.70"
"04/04/2017 06:00:00 - 04/04/2017 07:00:00","BZN|DK1","52.18","n/e"," ","53.66"
"04/04/2017 07:00:00 - 04/04/2017 08:00:00","BZN|DK1","67.05","n/e"," ","73.03"
"04/04/2017 08:00:00 - 04/04/2017 09:00:00","BZN|DK1","108.32","n/e"," ","92.77"
"04/04/2017 09:00:00 - 04/04/2017 10:00:00","BZN|DK1","106.92","n/e"," ","113.86"
"04/04/2017 10:00:00 - 04/04/2017 11:00:00","BZN|DK1","122.71","n/e"," ","120.29"
"04/04/2017 11:00:00 - 04/04/2017 12:00:00","BZN|DK1","149.29","n/e"," ","136.25"
"04/04/2017 12:00:00 - 04/04/2017 13:00:00","BZN|DK1","180.42","n/e"," ","213.07"
"04/04/2017 13:00:00 - 04/04/2017 14:00:00","BZN|DK1","218.96","n/e"," ","290.57"
"04/04/2017 14:00:00 - 04/04/2017 15:00:00","BZN|DK1","268.08","n/e"," ","307.49"
"04/04/2017 15:00:00 - 04/04/2017 16:00:00","BZN|DK1","305.75","n/e"," ","325.67"
"04/04/2017 16:00:00 - 04/04/2017 17:00:00","BZN|DK1","330.96","n/e"," ","348.80"
"04/04/2017 17:00:00 - 04/04/2017 18:00:00","BZN|DK1","351.67","n/e"," ","416.67"
"04/04/2017 18:00:00 - 04/04/2017 19:00:00","BZN|DK1","358.96","n/e"," ","433.18"
"04/04/2017 19:00:00 - 04/04/2017 20:00:00","BZN|DK1","341.83","n/e"," ","464.85"
"04/04/2017 20:00:00 - 04/04/2017 21:00:00","BZN|DK1","322.63","n/e"," ","444.32"
"04/04/2017 21:00:00 - 04/04/2017 22:00:00","BZN|DK1","301.88","n/e"," ","344.58"
"04/04/2017 22:00:00 - 04/04/2017 23:00:00","BZN|DK1","281.88","n/e"," ","320.05"
"04/04/2017 23:00:00 - 05/04/2017 00:00:00","BZN|DK1","266.38","n/e"," ","357.10"
"05/04/2017 00:00:00 - 05/04/2017 01:00:00","BZN|DK1","282.71","n/e"," ","303.58"
"05/04/2017 01:00:00 - 05/04/2017 02:00:00","BZN|DK1","280.04","n/e"," ","299.56"
"05/04/2017 02:00:00 - 05/04/2017 03:00:00","BZN|DK1","227.90","n/e"," ","251.39"
"05/04/2017 03:00:00 - 05/04/2017 04:00:00","BZN|DK1","287.71","n/e"," ","318.11"
"05/04/2017 04:00:00 - 05/04/2017 05:00:00","BZN|DK1","381.95","n/e"," ","406.15"
"05/04/2017 05:00:00 - 05/04/2017 06:00:00","BZN|DK1","449.63","n/e"," ","479.96"
"05/04/2017 06:00:00 - 05/04/2017 07:00:00","BZN|DK1","531.22","n/e"," ","561.00"
"05/04/2017 07:00:00 - 05/04/2017 08:00:00","BZN|DK1","591.62","n/e"," ","660.38"
"05/04/2017 08:00:00 - 05/04/2017 09:00:00","BZN|DK1","602.55","n/e"," ","681.79"
"05/04/2017 09:00:00 - 05/04/2017 10:00:00","BZN|DK1","632.67","n/e"," ","672.17"
"05/04/2017 10:00:00 - 05/04/2017 11:00:00","BZN|DK1","664.63","n/e"," ","692.93"
"05/04/2017 11:00:00 - 05/04/2017 12:00:00","BZN|DK1","682.46","n/e"," ","707.65"
"05/04/2017 12:00:00 - 05/04/2017 13:00:00","BZN|DK1","697.17","n/e"," ","657.22"
"05/04/2017 13:00:00 - 05/04/2017 14:00:00","BZN|DK1","709.25","n/e"," ","744.15"
"05/04/2017 14:00:00 - 05/04/2017 15:00:00","BZN|DK1","717.83","n/e"," ","772.60"
"05/04/2017 15:00:00 - 05/04/2017 16:00:00","BZN|DK1","725.42","n/e"," ","810.75"
"05/04/2017 16:00:00 - 05/04/2017 17:00:00","BZN|DK1","377.88","n/e"," ","497.79"
"05/04/2017 17:00:00 - 05/04/2017 18:00:00","BZN|DK1","744.38","n/e"," ","786.37"
"05/04/2017 18:00:00 - 05/04/2017 19:00:00","BZN|DK1","762.63","n/e"," ","784.86"
"05/04/2017 19:00:00 - 05/04/2017 20:00:00","BZN|DK1","763.00","n/e"," ","804.91"
"05/04/2017 20:00:00 - 05/04/2017 21:00:00","BZN|DK1","762.17","n/e"," ","804.23"
"05/04/2017 21:00:00 - 05/04/2017 22:00:00","BZN|DK1","760.96","n/e"," ","806.58"
"05/04/2017 22:00:00 - 05/04/2017 23:00:00","BZN|DK1","759.96","n/e"," ","785.05"
"05/04/2017 23:00:00 - 06/04/2017 00:00:00","BZN|DK1","758.79","n/e"," ","683.52"
"06/04/2017 00:00:00 - 06/04/2017 01:00:00","BZN|DK1","739.28","n/e"," ","782.86"
"06/04/2017 01:00:00 - 06/04/2017 02:00:00","BZN|DK1","739.32","n/e"," ","801.05"
"06/04/2017 02:00:00 - 06/04/2017 03:00:00","BZN|DK1","730.70","n/e"," ","787.33"
"06/04/2017 03:00:00 - 06/04/2017 04:00:00","BZN|DK1","714.47","n/e"," ","765.79"
"06/04/2017 04:00:00 - 06/04/2017 05:00:00","BZN|DK1","668.87","n/e"," ","712.66"
"06/04/2017 05:00:00 - 06/04/2017 06:00:00","BZN|DK1","608.60","n/e"," ","646.63"
"06/04/2017 06:00:00 - 06/04/2017 07:00:00","BZN|DK1","496.74","n/e"," ","499.86"
"06/04/2017 07:00:00 - 06/04/2017 08:00:00","BZN|DK1","345.28","n/e"," ","376.33"
"06/04/2017 08:00:00 - 06/04/2017 09:00:00","BZN|DK1","336.93","n/e"," ","331.92"
"06/04/2017 09:00:00 - 06/04/2017 10:00:00","BZN|DK1","360.71","n/e"," ","279.99"
"06/04/2017 10:00:00 - 06/04/2017 11:00:00","BZN|DK1","374.75","n/e"," ","308.30"
"06/04/2017 11:00:00 - 06/04/2017 12:00:00","BZN|DK1","383.29","n/e"," ","393.00"
"06/04/2017 12:00:00 - 06/04/2017 13:00:00","BZN|DK1","410.96","n/e"," ","472.69"
"06/04/2017 13:00:00 - 06/04/2017 14:00:00","BZN|DK1","462.75","n/e"," ","544.60"
"06/04/2017 14:00:00 - 06/04/2017 15:00:00","BZN|DK1","567.58","n/e"," ","600.70"
"06/04/2017 15:00:00 - 06/04/2017 16:00:00","BZN|DK1","659.42","n/e"," ","714.77"
"06/04/2017 16:00:00 - 06/04/2017 17:00:00","BZN|DK1","706.71","n/e"," ","774.96"
"06/04/2017 17:00:00 - 06/04/2017 18:00:00","BZN|DK1","723.33","n/e"," ","774.80"
"06/04/2017 18:00:00 - 06/04/2017 19:00:00","BZN|DK1","729.96","n/e"," ","738.72"
"06/04/2017 19:00:00 - 06/04/2017 20:00:00","BZN|DK1","734.08","n/e"," ","776.29"
"06/04/2017 20:00:00 - 06/04/2017 21:00:00","BZN|DK1","736.67","n/e"," ","798.64"
"06/04/2017 21:00:00 - 06/04/2017 22:00:00","BZN|DK1","738.00","n/e"," ","780.53"
"06/04/2017 22:00:00 - 06/04/2017 23:00:00","BZN|DK1","738.54","n/e"," ","768.27"
"06/04/2017 23:00:00 - 07/04/2017 00:00:00","BZN|DK1","739.58","n/e"," ","723.97"
"07/04/2017 00:00:00 - 07/04/2017 01:00:00","BZN|DK1","712.35","n/e"," ","757.73"
"07/04/2017 01:00:00 - 07/04/2017 02:00:00","BZN|DK1","732.43","n/e"," ","779.26"
"07/04/2017 02:00:00 - 07/04/2017 03:00:00","BZN|DK1","732.06","n/e"," ","786.10"
"07/04/2017 03:00:00 - 07/04/2017 04:00:00","BZN|DK1","631.34","n/e"," ","662.00"
"07/04/2017 04:00:00 - 07/04/2017 05:00:00","BZN|DK1","637.10","n/e"," ","695.82"
"07/04/2017 05:00:00 - 07/04/2017 06:00:00","BZN|DK1","713.07","n/e"," ","762.16"
"07/04/2017 06:00:00 - 07/04/2017 07:00:00","BZN|DK1","717.22","n/e"," ","774.26"
"07/04/2017 07:00:00 - 07/04/2017 08:00:00","BZN|DK1","720.92","n/e"," ","769.02"
"07/04/2017 08:00:00 - 07/04/2017 09:00:00","BZN|DK1","719.55","n/e"," ","780.88"
"07/04/2017 09:00:00 - 07/04/2017 10:00:00","BZN|DK1","719.08","n/e"," ","780.99"
"07/04/2017 10:00:00 - 07/04/2017 11:00:00","BZN|DK1","723.75","n/e"," ","748.79"
"07/04/2017 11:00:00 - 07/04/2017 12:00:00","BZN|DK1","713.25","n/e"," ","695.02"
"07/04/2017 12:00:00 - 07/04/2017 13:00:00","BZN|DK1","689.21","n/e"," ","668.86"
"07/04/2017 13:00:00 - 07/04/2017 14:00:00","BZN|DK1","653.92","n/e"," ","679.38"
"07/04/2017 14:00:00 - 07/04/2017 15:00:00","BZN|DK1","622.25","n/e"," ","718.23"
"07/04/2017 15:00:00 - 07/04/2017 16:00:00","BZN|DK1","596.96","n/e"," ","678.13"
"07/04/2017 16:00:00 - 07/04/2017 17:00:00","BZN|DK1","580.08","n/e"," ","661.14"
"07/04/2017 17:00:00 - 07/04/2017 18:00:00","BZN|DK1","569.83","n/e"," ","673.48"
"07/04/2017 18:00:00 - 07/04/2017 19:00:00","BZN|DK1","566.54","n/e"," ","684.89"
"07/04/2017 19:00:00 - 07/04/2017 20:00:00","BZN|DK1","572.29","n/e"," ","760.84"
"07/04/2017 20:00:00 - 07/04/2017 21:00:00","BZN|DK1","574.25","n/e"," ","747.30"
"07/04/2017 21:00:00 - 07/04/2017 22:00:00","BZN|DK1","555.83","n/e"," ","769.00"
"07/04/2017 22:00:00 - 07/04/2017 23:00:00","BZN|DK1","533.71","n/e"," ","774.85"
"07/04/2017 23:00:00 - 08/04/2017 00:00:00","BZN|DK1","516.08","n/e"," ","737.95"
"08/04/2017 00:00:00 - 08/04/2017 01:00:00","BZN|DK1","566.44","n/e"," ","603.51"
"08/04/2017 01:00:00 - 08/04/2017 02:00:00","BZN|DK1","545.92","n/e"," ","596.74"
"08/04/2017 02:00:00 - 08/04/2017 03:00:00","BZN|DK1","526.56","n/e"," ","561.87"
"08/04/2017 03:00:00 - 08/04/2017 04:00:00","BZN|DK1","521.62","n/e"," ","552.35"
"08/04/2017 04:00:00 - 08/04/2017 05:00:00","BZN|DK1","425.83","n/e"," ","455.08"
"08/04/2017 05:00:00 - 08/04/2017 06:00:00","BZN|DK1","375.33","n/e"," ","404.63"
"08/04/2017 06:00:00 - 08/04/2017 07:00:00","BZN|DK1","302.79","n/e"," ","321.29"
"08/04/2017 07:00:00 - 08/04/2017 08:00:00","BZN|DK1","255.90","n/e"," ","290.10"
"08/04/2017 08:00:00 - 08/04/2017 09:00:00","BZN|DK1","272.78","n/e"," ","263.01"
"08/04/2017 09:00:00 - 08/04/2017 10:00:00","BZN|DK1","302.04","n/e"," ","223.05"
"08/04/2017 10:00:00 - 08/04/2017 11:00:00","BZN|DK1","312.08","n/e"," ","234.68"
"08/04/2017 11:00:00 - 08/04/2017 12:00:00","BZN|DK1","306.71","n/e"," ","207.03"
"08/04/2017 12:00:00 - 08/04/2017 13:00:00","BZN|DK1","320.46","n/e"," ","215.84"
"08/04/2017 13:00:00 - 08/04/2017 14:00:00","BZN|DK1","358.54","n/e"," ","248.63"
"08/04/2017 14:00:00 - 08/04/2017 15:00:00","BZN|DK1","396.75","n/e"," ","261.10"
"08/04/2017 15:00:00 - 08/04/2017 16:00:00","BZN|DK1","415.13","n/e"," ","319.49"
"08/04/2017 16:00:00 - 08/04/2017 17:00:00","BZN|DK1","412.83","n/e"," ","343.28"
"08/04/2017 17:00:00 - 08/04/2017 18:00:00","BZN|DK1","405.88","n/e"," ","392.43"
"08/04/2017 18:00:00 - 08/04/2017 19:00:00","BZN|DK1","397.71","n/e"," ","438.40"
"08/04/2017 19:00:00 - 08/04/2017 20:00:00","BZN|DK1","394.83","n/e"," ","419.04"
"08/04/2017 20:00:00 - 08/04/2017 21:00:00","BZN|DK1","391.96","n/e"," ","404.23"
"08/04/2017 21:00:00 - 08/04/2017 22:00:00","BZN|DK1","382.04","n/e"," ","331.96"
"08/04/2017 22:00:00 - 08/04/2017 23:00:00","BZN|DK1","366.46","n/e"," ","295.02"
"08/04/2017 23:00:00 - 09/04/2017 00:00:00","BZN|DK1","359.46","n/e"," ","337.98"
"09/04/2017 00:00:00 - 09/04/2017 01:00:00","BZN|DK1","344.61","n/e"," ","355.46"
"09/04/2017 01:00:00 - 09/04/2017 02:00:00","BZN|DK1","376.04","n/e"," ","384.69"
"09/04/2017 02:00:00 - 09/04/2017 03:00:00","BZN|DK1","364.71","n/e"," ","379.28"
"09/04/2017 03:00:00 - 09/04/2017 04:00:00","BZN|DK1","405.81","n/e"," ","420.09"
"09/04/2017 04:00:00 - 09/04/2017 05:00:00","BZN|DK1","379.03","n/e"," ","384.61"
"09/04/2017 05:00:00 - 09/04/2017 06:00:00","BZN|DK1","362.37","n/e"," ","395.55"
"09/04/2017 06:00:00 - 09/04/2017 07:00:00","BZN|DK1","413.66","n/e"," ","435.90"
"09/04/2017 07:00:00 - 09/04/2017 08:00:00","BZN|DK1","376.14","n/e"," ","391.50"
"09/04/2017 08:00:00 - 09/04/2017 09:00:00","BZN|DK1","279.86","n/e"," ","335.95"
"09/04/2017 09:00:00 - 09/04/2017 10:00:00","BZN|DK1","240.00","n/e"," ","277.19"
"09/04/2017 10:00:00 - 09/04/2017 11:00:00","BZN|DK1","243.42","n/e"," ","241.24"
"09/04/2017 11:00:00 - 09/04/2017 12:00:00","BZN|DK1","228.00","n/e"," ","259.73"
"09/04/2017 12:00:00 - 09/04/2017 13:00:00","BZN|DK1","217.96","n/e"," ","170.98"
"09/04/2017 13:00:00 - 09/04/2017 14:00:00","BZN|DK1","229.79","n/e"," ","187.54"
"09/04/2017 14:00:00 - 09/04/2017 15:00:00","BZN|DK1","261.42","n/e"," ","268.90"
"09/04/2017 15:00:00 - 09/04/2017 16:00:00","BZN|DK1","317.75","n/e"," ","350.58"
"09/04/2017 16:00:00 - 09/04/2017 17:00:00","BZN|DK1","406.50","n/e"," ","464.77"
"09/04/2017 17:00:00 - 09/04/2017 18:00:00","BZN|DK1","496.13","n/e"," ","529.55"
"09/04/2017 18:00:00 - 09/04/2017 19:00:00","BZN|DK1","558.13","n/e"," ","621.65"
"09/04/2017 19:00:00 - 09/04/2017 20:00:00","BZN|DK1","610.00","n/e"," ","696.89"
"09/04/2017 20:00:00 - 09/04/2017 21:00:00","BZN|DK1","652.58","n/e"," ","707.39"
"09/04/2017 21:00:00 - 09/04/2017 22:00:00","BZN|DK1","681.21","n/e"," ","694.35"
"09/04/2017 22:00:00 - 09/04/2017 23:00:00","BZN|DK1","701.33","n/e"," ","671.11"
"09/04/2017 23:00:00 - 10/04/2017 00:00:00","BZN|DK1","713.83","n/e"," ","662.09"
"10/04/2017 00:00:00 - 10/04/2017 01:00:00","BZN|DK1","699.92","n/e"," ","755.10"
"10/04/2017 01:00:00 - 10/04/2017 02:00:00","BZN|DK1","720.99","n/e"," ","769.46"
"10/04/2017 02:00:00 - 10/04/2017 03:00:00","BZN|DK1","721.08","n/e"," ","783.22"
"10/04/2017 03:00:00 - 10/04/2017 04:00:00","BZN|DK1","726.40","n/e"," ","789.97"
"10/04/2017 04:00:00 - 10/04/2017 05:00:00","BZN|DK1","724.15","n/e"," ","797.21"
"10/04/2017 05:00:00 - 10/04/2017 06:00:00","BZN|DK1","735.90","n/e"," ","802.84"
"10/04/2017 06:00:00 - 10/04/2017 07:00:00","BZN|DK1","742.83","n/e"," ","800.73"
"10/04/2017 07:00:00 - 10/04/2017 08:00:00","BZN|DK1","737.20","n/e"," ","783.74"
"10/04/2017 08:00:00 - 10/04/2017 09:00:00","BZN|DK1","736.44","n/e"," ","791.91"
"10/04/2017 09:00:00 - 10/04/2017 10:00:00","BZN|DK1","735.54","n/e"," ","797.91"
"10/04/2017 10:00:00 - 10/04/2017 11:00:00","BZN|DK1","733.58","n/e"," ","797.13"
"10/04/2017 11:00:00 - 10/04/2017 12:00:00","BZN|DK1","732.92","n/e"," ","797.75"
"10/04/2017 12:00:00 - 10/04/2017 13:00:00","BZN|DK1","733.63","n/e"," ","798.24"
"10/04/2017 13:00:00 - 10/04/2017 14:00:00","BZN|DK1","734.21","n/e"," ","795.88"
"10/04/2017 14:00:00 - 10/04/2017 15:00:00","BZN|DK1","735.54","n/e"," ","785.27"
"10/04/2017 15:00:00 - 10/04/2017 16:00:00","BZN|DK1","737.54","n/e"," ","677.43"
"10/04/2017 16:00:00 - 10/04/2017 17:00:00","BZN|DK1","739.00","n/e"," ","784.02"
"10/04/2017 17:00:00 - 10/04/2017 18:00:00","BZN|DK1","738.88","n/e"," ","810.25"
"10/04/2017 18:00:00 - 10/04/2017 19:00:00","BZN|DK1","740.54","n/e"," ","810.73"
"10/04/2017 19:00:00 - 10/04/2017 20:00:00","BZN|DK1","740.92","n/e"," ","809.90"
"10/04/2017 20:00:00 - 10/04/2017 21:00:00","BZN|DK1","741.75","n/e"," ","810.03"
"10/04/2017 21:00:00 - 10/04/2017 22:00:00","BZN|DK1","743.00","n/e"," ","809.81"
"10/04/2017 22:00:00 - 10/04/2017 23:00:00","BZN|DK1","743.00","n/e"," ","811.05"
"10/04/2017 23:00:00 - 11/04/2017 00:00:00","BZN|DK1","743.46","n/e"," ","812.02"
"11/04/2017 00:00:00 - 11/04/2017 01:00:00","BZN|DK1","741.78","n/e"," ","810.44"
"11/04/2017 01:00:00 - 11/04/2017 02:00:00","BZN|DK1","733.16","n/e"," ","801.81"
"11/04/2017 02:00:00 - 11/04/2017 03:00:00","BZN|DK1","734.51","n/e"," ","799.54"
"11/04/2017 03:00:00 - 11/04/2017 04:00:00","BZN|DK1","731.60","n/e"," ","797.43"
"11/04/2017 04:00:00 - 11/04/2017 05:00:00","BZN|DK1","735.60","n/e"," ","805.35"
"11/04/2017 05:00:00 - 11/04/2017 06:00:00","BZN|DK1","732.69","n/e"," ","782.47"
"11/04/2017 06:00:00 - 11/04/2017 07:00:00","BZN|DK1","725.38","n/e"," ","776.55"
"11/04/2017 07:00:00 - 11/04/2017 08:00:00","BZN|DK1","715.21","n/e"," ","776.75"
"11/04/2017 08:00:00 - 11/04/2017 09:00:00","BZN|DK1","729.17","n/e"," ","733.42"
"11/04/2017 09:00:00 - 11/04/2017 10:00:00","BZN|DK1","715.33","n/e"," ","740.91"
"11/04/2017 10:00:00 - 11/04/2017 11:00:00","BZN|DK1","686.21","n/e"," ","709.98"
"11/04/2017 11:00:00 - 11/04/2017 12:00:00","BZN|DK1","644.08","n/e"," ","605.10"
"11/04/2017 12:00:00 - 11/04/2017 13:00:00","BZN|DK1","621.08","n/e"," ","385.89"
"11/04/2017 13:00:00 - 11/04/2017 14:00:00","BZN|DK1","620.88","n/e"," ","302.26"
"11/04/2017 14:00:00 - 11/04/2017 15:00:00","BZN|DK1","636.04","n/e"," ","495.65"
"11/04/2017 15:00:00 - 11/04/2017 16:00:00","BZN|DK1","658.83","n/e"," ","574.20"
"11/04/2017 16:00:00 - 11/04/2017 17:00:00","BZN|DK1","660.42","n/e"," ","623.77"
"11/04/2017 17:00:00 - 11/04/2017 18:00:00","BZN|DK1","634.08","n/e"," ","712.97"
"11/04/2017 18:00:00 - 11/04/2017 19:00:00","BZN|DK1","594.96","n/e"," ","644.90"
"11/04/2017 19:00:00 - 11/04/2017 20:00:00","BZN|DK1","578.92","n/e"," ","701.39"
"11/04/2017 20:00:00 - 11/04/2017 21:00:00","BZN|DK1","603.00","n/e"," ","648.69"
"11/04/2017 21:00:00 - 11/04/2017 22:00:00","BZN|DK1","659.13","n/e"," ","607.19"
"11/04/2017 22:00:00 - 11/04/2017 23:00:00","BZN|DK1","700.75","n/e"," ","582.97"
"11/04/2017 23:00:00 - 12/04/2017 00:00:00","BZN|DK1","719.17","n/e"," ","712.32"
"12/04/2017 00:00:00 - 12/04/2017 01:00:00","BZN|DK1","687.28","n/e"," ","735.44"
"12/04/2017 01:00:00 - 12/04/2017 02:00:00","BZN|DK1","708.77","n/e"," ","743.70"
"12/04/2017 02:00:00 - 12/04/2017 03:00:00","BZN|DK1","636.19","n/e"," ","683.29"
"12/04/2017 03:00:00 - 12/04/2017 04:00:00","BZN|DK1","664.55","n/e"," ","714.02"
"12/04/2017 04:00:00 - 12/04/2017 05:00:00","BZN|DK1","695.60","n/e"," ","742.25"
"12/04/2017 05:00:00 - 12/04/2017 06:00:00","BZN|DK1","716.62","n/e"," ","756.92"
"12/04/2017 06:00:00 - 12/04/2017 07:00:00","BZN|DK1","705.68","n/e"," ","748.93"
"12/04/2017 07:00:00 - 12/04/2017 08:00:00","BZN|DK1","681.57","n/e"," ","713.06"
"12/04/2017 08:00:00 - 12/04/2017 09:00:00","BZN|DK1","689.28","n/e"," ","704.42"
"12/04/2017 09:00:00 - 12/04/2017 10:00:00","BZN|DK1","703.92","n/e"," ","695.61"
"12/04/2017 10:00:00 - 12/04/2017 11:00:00","BZN|DK1","710.42","n/e"," ","730.06"
"12/04/2017 11:00:00 - 12/04/2017 12:00:00","BZN|DK1","698.42","n/e"," ","698.42"
"12/04/2017 12:00:00 - 12/04/2017 13:00:00","BZN|DK1","667.04","n/e"," ","639.60"
"12/04/2017 13:00:00 - 12/04/2017 14:00:00","BZN|DK1","629.04","n/e"," ","657.65"
"12/04/2017 14:00:00 - 12/04/2017 15:00:00","BZN|DK1","608.67","n/e"," ","633.03"
"12/04/2017 15:00:00 - 12/04/2017 16:00:00","BZN|DK1","618.71","n/e"," ","588.59"
"12/04/2017 16:00:00 - 12/04/2017 17:00:00","BZN|DK1","643.38","n/e"," ","685.31"
"12/04/2017 17:00:00 - 12/04/2017 18:00:00","BZN|DK1","667.04","n/e"," ","745.55"
"12/04/2017 18:00:00 - 12/04/2017 19:00:00","BZN|DK1","695.04","n/e"," ","768.21"
"12/04/2017 19:00:00 - 12/04/2017 20:00:00","BZN|DK1","718.54","n/e"," ","772.20"
"12/04/2017 20:00:00 - 12/04/2017 21:00:00","BZN|DK1","729.96","n/e"," ","777.71"
"12/04/2017 21:00:00 - 12/04/2017 22:00:00","BZN|DK1","734.54","n/e"," ","774.87"
"12/04/2017 22:00:00 - 12/04/2017 23:00:00","BZN|DK1","736.67","n/e"," ","794.38"
"12/04/2017 23:00:00 - 13/04/2017 00:00:00","BZN|DK1","738.17","n/e"," ","794.19"
"13/04/2017 00:00:00 - 13/04/2017 01:00:00","BZN|DK1","735.51","n/e"," ","793.05"
"13/04/2017 01:00:00 - 13/04/2017 02:00:00","BZN|DK1","736.10","n/e"," ","787.67"
"13/04/2017 02:00:00 - 13/04/2017 03:00:00","BZN|DK1","732.17","n/e"," ","787.15"
"13/04/2017 03:00:00 - 13/04/2017 04:00:00","BZN|DK1","733.04","n/e"," ","787.08"
"13/04/2017 04:00:00 - 13/04/2017 05:00:00","BZN|DK1","728.52","n/e"," ","785.76"
"13/04/2017 05:00:00 - 13/04/2017 06:00:00","BZN|DK1","734.93","n/e"," ","790.12"
"13/04/2017 06:00:00 - 13/04/2017 07:00:00","BZN|DK1","726.20","n/e"," ","779.86"
"13/04/2017 07:00:00 - 13/04/2017 08:00:00","BZN|DK1","702.66","n/e"," ","742.96"
"13/04/2017 08:00:00 - 13/04/2017 09:00:00","BZN|DK1","679.20","n/e"," ","735.64"
"13/04/2017 09:00:00 - 13/04/2017 10:00:00","BZN|DK1","612.58","n/e"," ","746.61"
"13/04/2017 10:00:00 - 13/04/2017 11:00:00","BZN|DK1","557.54","n/e"," ","669.92"
"13/04/2017 11:00:00 - 13/04/2017 12:00:00","BZN|DK1","500.79","n/e"," ","555.14"
"13/04/2017 12:00:00 - 13/04/2017 13:00:00","BZN|DK1","449.67","n/e"," ","538.25"
"13/04/2017 13:00:00 - 13/04/2017 14:00:00","BZN|DK1","417.92","n/e"," ","456.71"
"13/04/2017 14:00:00 - 13/04/2017 15:00:00","BZN|DK1","406.21","n/e"," ","456.34"
"13/04/2017 15:00:00 - 13/04/2017 16:00:00","BZN|DK1","417.96","n/e"," ","501.03"
"13/04/2017 16:00:00 - 13/04/2017 17:00:00","BZN|DK1","438.38","n/e"," ","545.75"
"13/04/2017 17:00:00 - 13/04/2017 18:00:00","BZN|DK1","463.17","n/e"," ","602.16"
"13/04/2017 18:00:00 - 13/04/2017 19:00:00","BZN|DK1","487.92","n/e"," ","688.06"
"13/04/2017 19:00:00 - 13/04/2017 20:00:00","BZN|DK1","521.46","n/e"," ","637.45"
"13/04/2017 20:00:00 - 13/04/2017 21:00:00","BZN|DK1","584.71","n/e"," ","661.47"
"13/04/2017 21:00:00 - 13/04/2017 22:00:00","BZN|DK1","646.04","n/e"," ","765.40"
"13/04/2017 22:00:00 - 13/04/2017 23:00:00","BZN|DK1","689.33","n/e"," ","785.55"
"13/04/2017 23:00:00 - 14/04/2017 00:00:00","BZN|DK1","715.42","n/e"," ","788.31"
"14/04/2017 00:00:00 - 14/04/2017 01:00:00","BZN|DK1","728.98","n/e"," ","787.88"
"14/04/2017 01:00:00 - 14/04/2017 02:00:00","BZN|DK1","732.89","n/e"," ","794.69"
"14/04/2017 02:00:00 - 14/04/2017 03:00:00","BZN|DK1","708.47","n/e"," ","755.80"
"14/04/2017 03:00:00 - 14/04/2017 04:00:00","BZN|DK1","652.24","n/e"," ","713.11"
"14/04/2017 04:00:00 - 14/04/2017 05:00:00","BZN|DK1","609.21","n/e"," ","656.97"
"14/04/2017 05:00:00 - 14/04/2017 06:00:00","BZN|DK1","535.06","n/e"," ","570.98"
"14/04/2017 06:00:00 - 14/04/2017 07:00:00","BZN|DK1","480.61","n/e"," ","522.99"
"14/04/2017 07:00:00 - 14/04/2017 08:00:00","BZN|DK1","480.62","n/e"," ","525.95"
"14/04/2017 08:00:00 - 14/04/2017 09:00:00","BZN|DK1","462.48","n/e"," ","496.49"
"14/04/2017 09:00:00 - 14/04/2017 10:00:00","BZN|DK1","446.88","n/e"," ","494.13"
"14/04/2017 10:00:00 - 14/04/2017 11:00:00","BZN|DK1","428.25","n/e"," ","502.01"
"14/04/2017 11:00:00 - 14/04/2017 12:00:00","BZN|DK1","365.96","n/e"," ","423.20"
"14/04/2017 12:00:00 - 14/04/2017 13:00:00","BZN|DK1","290.71","n/e"," ","303.49"
"14/04/2017 13:00:00 - 14/04/2017 14:00:00","BZN|DK1","235.25","n/e"," ","259.97"
"14/04/2017 14:00:00 - 14/04/2017 15:00:00","BZN|DK1","208.25","n/e"," ","169.46"
"14/04/2017 15:00:00 - 14/04/2017 16:00:00","BZN|DK1","186.83","n/e"," ","142.94"
"14/04/2017 16:00:00 - 14/04/2017 17:00:00","BZN|DK1","162.38","n/e"," ","162.77"
"14/04/2017 17:00:00 - 14/04/2017 18:00:00","BZN|DK1","130.46","n/e"," ","168.01"
"14/04/2017 18:00:00 - 14/04/2017 19:00:00","BZN|DK1","105.38","n/e"," ","143.89"
"14/04/2017 19:00:00 - 14/04/2017 20:00:00","BZN|DK1","88.58","n/e"," ","88.30"
"14/04/2017 20:00:00 - 14/04/2017 21:00:00","BZN|DK1","78.42","n/e"," ","43.94"
"14/04/2017 21:00:00 - 14/04/2017 22:00:00","BZN|DK1","72.42","n/e"," ","28.91"
"14/04/2017 22:00:00 - 14/04/2017 23:00:00","BZN|DK1","67.42","n/e"," ","39.88"
"14/04/2017 23:00:00 - 15/04/2017 00:00:00","BZN|DK1","64.17","n/e"," ","25.18"
"15/04/2017 00:00:00 - 15/04/2017 01:00:00","BZN|DK1","38.46","n/e"," ","44.59"
"15/04/2017 01:00:00 - 15/04/2017 02:00:00","BZN|DK1","46.36","n/e"," ","48.28"
"15/04/2017 02:00:00 - 15/04/2017 03:00:00","BZN|DK1","87.33","n/e"," ","97.28"
"15/04/2017 03:00:00 - 15/04/2017 04:00:00","BZN|DK1","161.79","n/e"," ","158.30"
"15/04/2017 04:00:00 - 15/04/2017 05:00:00","BZN|DK1","189.16","n/e"," ","186.78"
"15/04/2017 05:00:00 - 15/04/2017 06:00:00","BZN|DK1","232.35","n/e"," ","225.23"
"15/04/2017 06:00:00 - 15/04/2017 07:00:00","BZN|DK1","277.79","n/e"," ","263.31"
"15/04/2017 07:00:00 - 15/04/2017 08:00:00","BZN|DK1","354.97","n/e"," ","357.88"
"15/04/2017 08:00:00 - 15/04/2017 09:00:00","BZN|DK1","420.40","n/e"," ","475.13"
"15/04/2017 09:00:00 - 15/04/2017 10:00:00","BZN|DK1","491.00","n/e"," ","661.53"
"15/04/2017 10:00:00 - 15/04/2017 11:00:00","BZN|DK1","614.67","n/e"," ","763.30"
"15/04/2017 11:00:00 - 15/04/2017 12:00:00","BZN|DK1","674.38","n/e"," ","766.81"
"15/04/2017 12:00:00 - 15/04/2017 13:00:00","BZN|DK1","696.17","n/e"," ","767.10"
"15/04/2017 13:00:00 - 15/04/2017 14:00:00","BZN|DK1","704.46","n/e"," ","774.85"
"15/04/2017 14:00:00 - 15/04/2017 15:00:00","BZN|DK1","708.38","n/e"," ","783.79"
"15/04/2017 15:00:00 - 15/04/2017 16:00:00","BZN|DK1","710.33","n/e"," ","710.46"
"15/04/2017 16:00:00 - 15/04/2017 17:00:00","BZN|DK1","710.42","n/e"," ","580.42"
"15/04/2017 17:00:00 - 15/04/2017 18:00:00","BZN|DK1","723.29","n/e"," ","585.20"
"15/04/2017 18:00:00 - 15/04/2017 19:00:00","BZN|DK1","732.92","n/e"," ","597.24"
"15/04/2017 19:00:00 - 15/04/2017 20:00:00","BZN|DK1","703.17","n/e"," ","579.04"
"15/04/2017 20:00:00 - 15/04/2017 21:00:00","BZN|DK1","639.00","n/e"," ","572.34"
"15/04/2017 21:00:00 - 15/04/2017 22:00:00","BZN|DK1","526.63","n/e"," ","511.33"
"15/04/2017 22:00:00 - 15/04/2017 23:00:00","BZN|DK1","394.88","n/e"," ","426.51"
"15/04/2017 23:00:00 - 16/04/2017 00:00:00","BZN|DK1","275.42","n/e"," ","500.37"
"16/04/2017 00:00:00 - 16/04/2017 01:00:00","BZN|DK1","488.98","n/e"," ","524.60"
"16/04/2017 01:00:00 - 16/04/2017 02:00:00","BZN|DK1","447.49","n/e"," ","483.92"
"16/04/2017 02:00:00 - 16/04/2017 03:00:00","BZN|DK1","448.87","n/e"," ","479.91"
"16/04/2017 03:00:00 - 16/04/2017 04:00:00","BZN|DK1","359.20","n/e"," ","367.87"
"16/04/2017 04:00:00 - 16/04/2017 05:00:00","BZN|DK1","231.39","n/e"," ","235.00"
"16/04/2017 05:00:00 - 16/04/2017 06:00:00","BZN|DK1","118.00","n/e"," ","116.86"
"16/04/2017 06:00:00 - 16/04/2017 07:00:00","BZN|DK1","45.78","n/e"," ","34.97"
"16/04/2017 07:00:00 - 16/04/2017 08:00:00","BZN|DK1","22.28","n/e"," ","18.55"
"16/04/2017 08:00:00 - 16/04/2017 09:00:00","BZN|DK1","30.76","n/e"," ","12.67"
"16/04/2017 09:00:00 - 16/04/2017 10:00:00","BZN|DK1","38.50","n/e"," ","6.55"
"16/04/2017 10:00:00 - 16/04/2017 11:00:00","BZN|DK1","44.75","n/e"," ","6.80"
"16/04/2017 11:00:00 - 16/04/2017 12:00:00","BZN|DK1","88.79","n/e"," ","24.13"
"16/04/2017 12:00:00 - 16/04/2017 13:00:00","BZN|DK1","138.29","n/e"," ","64.43"
"16/04/2017 13:00:00 - 16/04/2017 14:00:00","BZN|DK1","173.96","n/e"," ","83.74"
"16/04/2017 14:00:00 - 16/04/2017 15:00:00","BZN|DK1","203.71","n/e"," ","81.91"
"16/04/2017 15:00:00 - 16/04/2017 16:00:00","BZN|DK1","247.71","n/e"," ","96.27"
"16/04/2017 16:00:00 - 16/04/2017 17:00:00","BZN|DK1","301.08","n/e"," ","201.72"
"16/04/2017 17:00:00 - 16/04/2017 18:00:00","BZN|DK1","347.79","n/e"," ","307.80"
"16/04/2017 18:00:00 - 16/04/2017 19:00:00","BZN|DK1","373.04","n/e"," ","410.95"
"16/04/2017 19:00:00 - 16/04/2017 20:00:00","BZN|DK1","381.96","n/e"," ","379.45"
"16/04/2017 20:00:00 - 16/04/2017 21:00:00","BZN|DK1","379.96","n/e"," ","331.02"
"16/04/2017 21:00:00 - 16/04/2017 22:00:00","BZN|DK1","362.92","n/e"," ","375.57"
"16/04/2017 22:00:00 - 16/04/2017 23:00:00","BZN|DK1","331.42","n/e"," ","384.17"
"16/04/2017 23:00:00 - 17/04/2017 00:00:00","BZN|DK1","298.04","n/e"," ","458.38"
"17/04/2017 00:00:00 - 17/04/2017 01:00:00","BZN|DK1","397.45","n/e"," ","397.62"
"17/04/2017 01:00:00 - 17/04/2017 02:00:00","BZN|DK1","381.56","n/e"," ","370.16"
"17/04/2017 02:00:00 - 17/04/2017 03:00:00","BZN|DK1","305.52","n/e"," ","318.89"
"17/04/2017 03:00:00 - 17/04/2017 04:00:00","BZN|DK1","446.48","n/e"," ","468.81"
"17/04/2017 04:00:00 - 17/04/2017 05:00:00","BZN|DK1","450.60","n/e"," ","495.02"
"17/04/2017 05:00:00 - 17/04/2017 06:00:00","BZN|DK1","508.39","n/e"," ","540.92"
"17/04/2017 06:00:00 - 17/04/2017 07:00:00","BZN|DK1","459.33","n/e"," ","440.44"
"17/04/2017 07:00:00 - 17/04/2017 08:00:00","BZN|DK1","451.48","n/e"," ","499.32"
"17/04/2017 08:00:00 - 17/04/2017 09:00:00","BZN|DK1","519.85","n/e"," ","534.05"
"17/04/2017 09:00:00 - 17/04/2017 10:00:00","BZN|DK1","483.79","n/e"," ","618.08"
"17/04/2017 10:00:00 - 17/04/2017 11:00:00","BZN|DK1","470.83","n/e"," ","645.29"
"17/04/2017 11:00:00 - 17/04/2017 12:00:00","BZN|DK1","462.25","n/e"," ","533.32"
"17/04/2017 12:00:00 - 17/04/2017 13:00:00","BZN|DK1","431.88","n/e"," ","451.61"
"17/04/2017 13:00:00 - 17/04/2017 14:00:00","BZN|DK1","402.08","n/e"," ","416.29"
"17/04/2017 14:00:00 - 17/04/2017 15:00:00","BZN|DK1","393.29","n/e"," ","377.42"
"17/04/2017 15:00:00 - 17/04/2017 16:00:00","BZN|DK1","408.88","n/e"," ","361.07"
"17/04/2017 16:00:00 - 17/04/2017 17:00:00","BZN|DK1","415.63","n/e"," ","391.46"
"17/04/2017 17:00:00 - 17/04/2017 18:00:00","BZN|DK1","420.67","n/e"," ","422.61"
"17/04/2017 18:00:00 - 17/04/2017 19:00:00","BZN|DK1","428.67","n/e"," ","466.32"
"17/04/2017 19:00:00 - 17/04/2017 20:00:00","BZN|DK1","429.13","n/e"," ","622.23"
"17/04/2017 20:00:00 - 17/04/2017 21:00:00","BZN|DK1","412.29","n/e"," ","685.04"
"17/04/2017 21:00:00 - 17/04/2017 22:00:00","BZN|DK1","377.96","n/e"," ","619.38"
"17/04/2017 22:00:00 - 17/04/2017 23:00:00","BZN|DK1","343.38","n/e"," ","415.31"
"17/04/2017 23:00:00 - 18/04/2017 00:00:00","BZN|DK1","319.13","n/e"," ","234.21"
"18/04/2017 00:00:00 - 18/04/2017 01:00:00","BZN|DK1","203.20","n/e"," ","282.07"
"18/04/2017 01:00:00 - 18/04/2017 02:00:00","BZN|DK1","405.58","n/e"," ","480.62"
"18/04/2017 02:00:00 - 18/04/2017 03:00:00","BZN|DK1","444.50","n/e"," ","484.03"
"18/04/2017 03:00:00 - 18/04/2017 04:00:00","BZN|DK1","409.08","n/e"," ","428.86"
"18/04/2017 04:00:00 - 18/04/2017 05:00:00","BZN|DK1","393.55","n/e"," ","423.90"
"18/04/2017 05:00:00 - 18/04/2017 06:00:00","BZN|DK1","396.11","n/e"," ","415.03"
"18/04/2017 06:00:00 - 18/04/2017 07:00:00","BZN|DK1","403.78","n/e"," ","434.86"
"18/04/2017 07:00:00 - 18/04/2017 08:00:00","BZN|DK1","427.51","n/e"," ","439.06"
"18/04/2017 08:00:00 - 18/04/2017 09:00:00","BZN|DK1","361.64","n/e"," ","353.72"
"18/04/2017 09:00:00 - 18/04/2017 10:00:00","BZN|DK1","312.50","n/e"," ","335.79"
"18/04/2017 10:00:00 - 18/04/2017 11:00:00","BZN|DK1","238.42","n/e"," ","224.23"
"18/04/2017 11:00:00 - 18/04/2017 12:00:00","BZN|DK1","187.83","n/e"," ","147.01"
"18/04/2017 12:00:00 - 18/04/2017 13:00:00","BZN|DK1","166.50","n/e"," ","139.47"
"18/04/2017 13:00:00 - 18/04/2017 14:00:00","BZN|DK1","158.42","n/e"," ","150.64"
"18/04/2017 14:00:00 - 18/04/2017 15:00:00","BZN|DK1","157.58","n/e"," ","181.64"
"18/04/2017 15:00:00 - 18/04/2017 16:00:00","BZN|DK1","163.58","n/e"," ","167.90"
"18/04/2017 16:00:00 - 18/04/2017 17:00:00","BZN|DK1","179.96","n/e"," ","185.53"
"18/04/2017 17:00:00 - 18/04/2017 18:00:00","BZN|DK1","202.25","n/e"," ","184.87"
"18/04/2017 18:00:00 - 18/04/2017 19:00:00","BZN|DK1","215.04","n/e"," ","209.86"
"18/04/2017 19:00:00 - 18/04/2017 20:00:00","BZN|DK1","209.92","n/e"," ","247.91"
"18/04/2017 20:00:00 - 18/04/2017 21:00:00","BZN|DK1","197.29","n/e"," ","404.36"
"18/04/2017 21:00:00 - 18/04/2017 22:00:00","BZN|DK1","176.29","n/e"," ","452.18"
"18/04/2017 22:00:00 - 18/04/2017 23:00:00","BZN|DK1","149.42","n/e"," ","322.10"
"18/04/2017 23:00:00 - 19/04/2017 00:00:00","BZN|DK1","119.50","n/e"," ","178.13"
"19/04/2017 00:00:00 - 19/04/2017 01:00:00","BZN|DK1","138.97","n/e"," ","147.73"
"19/04/2017 01:00:00 - 19/04/2017 02:00:00","BZN|DK1","91.33","n/e"," ","87.18"
"19/04/2017 02:00:00 - 19/04/2017 03:00:00","BZN|DK1","40.10","n/e"," ","42.01"
"19/04/2017 03:00:00 - 19/04/2017 04:00:00","BZN|DK1","20.34","n/e"," ","21.13"
"19/04/2017 04:00:00 - 19/04/2017 05:00:00","BZN|DK1","13.61","n/e"," ","13.04"
"19/04/2017 05:00:00 - 19/04/2017 06:00:00","BZN|DK1","6.00","n/e"," ","3.97"
"19/04/2017 06:00:00 - 19/04/2017 07:00:00","BZN|DK1","2.38","n/e"," ","2.95"
"19/04/2017 07:00:00 - 19/04/2017 08:00:00","BZN|DK1","1.29","n/e"," ","1.28"
"19/04/2017 08:00:00 - 19/04/2017 09:00:00","BZN|DK1","3.21","n/e"," ","2.55"
"19/04/2017 09:00:00 - 19/04/2017 10:00:00","BZN|DK1","1.13","n/e"," ","3.83"
"19/04/2017 10:00:00 - 19/04/2017 11:00:00","BZN|DK1","1.00","n/e"," ","2.68"
"19/04/2017 11:00:00 - 19/04/2017 12:00:00","BZN|DK1","1.00","n/e"," ","2.93"
"19/04/2017 12:00:00 - 19/04/2017 13:00:00","BZN|DK1","1.00","n/e"," ","2.83"
"19/04/2017 13:00:00 - 19/04/2017 14:00:00","BZN|DK1","1.00","n/e"," ","6.63"
"19/04/2017 14:00:00 - 19/04/2017 15:00:00","BZN|DK1","1.00","n/e"," ","8.14"
"19/04/2017 15:00:00 - 19/04/2017 16:00:00","BZN|DK1","1.50","n/e"," ","12.95"
"19/04/2017 16:00:00 - 19/04/2017 17:00:00","BZN|DK1","5.25","n/e"," ","13.47"
"19/04/2017 17:00:00 - 19/04/2017 18:00:00","BZN|DK1","12.04","n/e"," ","24.15"
"19/04/2017 18:00:00 - 19/04/2017 19:00:00","BZN|DK1","20.92","n/e"," ","52.80"
"19/04/2017 19:00:00 - 19/04/2017 20:00:00","BZN|DK1","30.83","n/e"," ","91.79"
"19/04/2017 20:00:00 - 19/04/2017 21:00:00","BZN|DK1","41.00","n/e"," ","90.46"
"19/04/2017 21:00:00 - 19/04/2017 22:00:00","BZN|DK1","51.88","n/e"," ","75.58"
"19/04/2017 22:00:00 - 19/04/2017 23:00:00","BZN|DK1","62.71","n/e"," ","125.65"
"19/04/2017 23:00:00 - 20/04/2017 00:00:00","BZN|DK1","72.04","n/e"," ","191.88"
"20/04/2017 00:00:00 - 20/04/2017 01:00:00","BZN|DK1","161.85","n/e"," ","178.78"
"20/04/2017 01:00:00 - 20/04/2017 02:00:00","BZN|DK1","152.74","n/e"," ","177.92"
"20/04/2017 02:00:00 - 20/04/2017 03:00:00","BZN|DK1","152.95","n/e"," ","175.96"
"20/04/2017 03:00:00 - 20/04/2017 04:00:00","BZN|DK1","201.54","n/e"," ","228.12"
"20/04/2017 04:00:00 - 20/04/2017 05:00:00","BZN|DK1","268.03","n/e"," ","294.57"
"20/04/2017 05:00:00 - 20/04/2017 06:00:00","BZN|DK1","313.98","n/e"," ","346.27"
"20/04/2017 06:00:00 - 20/04/2017 07:00:00","BZN|DK1","365.42","n/e"," ","404.62"
"20/04/2017 07:00:00 - 20/04/2017 08:00:00","BZN|DK1","403.78","n/e"," ","441.33"
"20/04/2017 08:00:00 - 20/04/2017 09:00:00","BZN|DK1","419.83","n/e"," ","438.08"
"20/04/2017 09:00:00 - 20/04/2017 10:00:00","BZN|DK1","392.83","n/e"," ","414.63"
"20/04/2017 10:00:00 - 20/04/2017 11:00:00","BZN|DK1","394.17","n/e"," ","437.71"
"20/04/2017 11:00:00 - 20/04/2017 12:00:00","BZN|DK1","409.21","n/e"," ","443.46"
"20/04/2017 12:00:00 - 20/04/2017 13:00:00","BZN|DK1","423.46","n/e"," ","385.15"
"20/04/2017 13:00:00 - 20/04/2017 14:00:00","BZN|DK1","442.63","n/e"," ","425.98"
"20/04/2017 14:00:00 - 20/04/2017 15:00:00","BZN|DK1","459.00","n/e"," ","435.98"
"20/04/2017 15:00:00 - 20/04/2017 16:00:00","BZN|DK1","633.92","n/e"," ","529.92"
"20/04/2017 16:00:00 - 20/04/2017 17:00:00","BZN|DK1","654.13","n/e"," ","691.71"
"20/04/2017 17:00:00 - 20/04/2017 18:00:00","BZN|DK1","675.38","n/e"," ","749.66"
"20/04/2017 18:00:00 - 20/04/2017 19:00:00","BZN|DK1","691.83","n/e"," ","755.16"
"20/04/2017 19:00:00 - 20/04/2017 20:00:00","BZN|DK1","684.63","n/e"," ","739.68"
"20/04/2017 20:00:00 - 20/04/2017 21:00:00","BZN|DK1","669.92","n/e"," ","723.78"
"20/04/2017 21:00:00 - 20/04/2017 22:00:00","BZN|DK1","647.92","n/e"," ","654.19"
"20/04/2017 22:00:00 - 20/04/2017 23:00:00","BZN|DK1","628.17","n/e"," ","621.99"
"20/04/2017 23:00:00 - 21/04/2017 00:00:00","BZN|DK1","617.33","n/e"," ","596.29"
"21/04/2017 00:00:00 - 21/04/2017 01:00:00","BZN|DK1","552.66","n/e"," ","604.29"
"21/04/2017 01:00:00 - 21/04/2017 02:00:00","BZN|DK1","574.86","n/e"," ","631.50"
"21/04/2017 02:00:00 - 21/04/2017 03:00:00","BZN|DK1","612.85","n/e"," ","658.62"
"21/04/2017 03:00:00 - 21/04/2017 04:00:00","BZN|DK1","603.02","n/e"," ","647.55"
"21/04/2017 04:00:00 - 21/04/2017 05:00:00","BZN|DK1","599.29","n/e"," ","647.70"
"21/04/2017 05:00:00 - 21/04/2017 06:00:00","BZN|DK1","601.70","n/e"," ","639.63"
"21/04/2017 06:00:00 - 21/04/2017 07:00:00","BZN|DK1","546.66","n/e"," ","580.24"
"21/04/2017 07:00:00 - 21/04/2017 08:00:00","BZN|DK1","537.02","n/e"," ","580.64"
"21/04/2017 08:00:00 - 21/04/2017 09:00:00","BZN|DK1","549.55","n/e"," ","589.94"
"21/04/2017 09:00:00 - 21/04/2017 10:00:00","BZN|DK1","555.25","n/e"," ","568.99"
"21/04/2017 10:00:00 - 21/04/2017 11:00:00","BZN|DK1","599.71","n/e"," ","580.28"
"21/04/2017 11:00:00 - 21/04/2017 12:00:00","BZN|DK1","636.67","n/e"," ","637.18"
"21/04/2017 12:00:00 - 21/04/2017 13:00:00","BZN|DK1","668.33","n/e"," ","714.55"
"21/04/2017 13:00:00 - 21/04/2017 14:00:00","BZN|DK1","688.33","n/e"," ","739.23"
"21/04/2017 14:00:00 - 21/04/2017 15:00:00","BZN|DK1","697.88","n/e"," ","768.50"
"21/04/2017 15:00:00 - 21/04/2017 16:00:00","BZN|DK1","704.00","n/e"," ","798.60"
"21/04/2017 16:00:00 - 21/04/2017 17:00:00","BZN|DK1","711.67","n/e"," ","801.91"
"21/04/2017 17:00:00 - 21/04/2017 18:00:00","BZN|DK1","727.83","n/e"," ","797.81"
"21/04/2017 18:00:00 - 21/04/2017 19:00:00","BZN|DK1","746.29","n/e"," ","800.78"
"21/04/2017 19:00:00 - 21/04/2017 20:00:00","BZN|DK1","750.00","n/e"," ","689.86"
"21/04/2017 20:00:00 - 21/04/2017 21:00:00","BZN|DK1","751.00","n/e"," ","684.89"
"21/04/2017 21:00:00 - 21/04/2017 22:00:00","BZN|DK1","750.00","n/e"," ","682.69"
"21/04/2017 22:00:00 - 21/04/2017 23:00:00","BZN|DK1","748.54","n/e"," ","688.37"
"21/04/2017 23:00:00 - 22/04/2017 00:00:00","BZN|DK1","748.00","n/e"," ","686.90"
"22/04/2017 00:00:00 - 22/04/2017 01:00:00","BZN|DK1","646.19","n/e"," ","684.64"
"22/04/2017 01:00:00 - 22/04/2017 02:00:00","BZN|DK1","600.50","n/e"," ","643.53"
"22/04/2017 02:00:00 - 22/04/2017 03:00:00","BZN|DK1","646.13","n/e"," ","688.07"
"22/04/2017 03:00:00 - 22/04/2017 04:00:00","BZN|DK1","604.65","n/e"," ","640.88"
"22/04/2017 04:00:00 - 22/04/2017 05:00:00","BZN|DK1","608.80","n/e"," ","646.26"
"22/04/2017 05:00:00 - 22/04/2017 06:00:00","BZN|DK1","745.09","n/e"," ","792.71"
"22/04/2017 06:00:00 - 22/04/2017 07:00:00","BZN|DK1","745.46","n/e"," ","797.16"
"22/04/2017 07:00:00 - 22/04/2017 08:00:00","BZN|DK1","750.83","n/e"," ","800.78"
"22/04/2017 08:00:00 - 22/04/2017 09:00:00","BZN|DK1","746.35","n/e"," ","788.67"
"22/04/2017 09:00:00 - 22/04/2017 10:00:00","BZN|DK1","729.83","n/e"," ","689.01"
"22/04/2017 10:00:00 - 22/04/2017 11:00:00","BZN|DK1","726.17","n/e"," ","475.44"
"22/04/2017 11:00:00 - 22/04/2017 12:00:00","BZN|DK1","720.75","n/e"," ","672.85"
"22/04/2017 12:00:00 - 22/04/2017 13:00:00","BZN|DK1","695.71","n/e"," ","711.06"
"22/04/2017 13:00:00 - 22/04/2017 14:00:00","BZN|DK1","665.46","n/e"," ","648.97"
"22/04/2017 14:00:00 - 22/04/2017 15:00:00","BZN|DK1","628.17","n/e"," ","507.40"
"22/04/2017 15:00:00 - 22/04/2017 16:00:00","BZN|DK1","574.58","n/e"," ","532.30"
"22/04/2017 16:00:00 - 22/04/2017 17:00:00","BZN|DK1","515.79","n/e"," ","424.13"
"22/04/2017 17:00:00 - 22/04/2017 18:00:00","BZN|DK1","471.54","n/e"," ","436.22"
"22/04/2017 18:00:00 - 22/04/2017 19:00:00","BZN|DK1","447.25","n/e"," ","407.64"
"22/04/2017 19:00:00 - 22/04/2017 20:00:00","BZN|DK1","442.33","n/e"," ","406.01"
"22/04/2017 20:00:00 - 22/04/2017 21:00:00","BZN|DK1","480.13","n/e"," ","468.17"
"22/04/2017 21:00:00 - 22/04/2017 22:00:00","BZN|DK1","553.50","n/e"," ","737.84"
"22/04/2017 22:00:00 - 22/04/2017 23:00:00","BZN|DK1","613.13","n/e"," ","806.59"
"22/04/2017 23:00:00 - 23/04/2017 00:00:00","BZN|DK1","640.50","n/e"," ","806.65"
"23/04/2017 00:00:00 - 23/04/2017 01:00:00","BZN|DK1","749.19","n/e"," ","805.34"
"23/04/2017 01:00:00 - 23/04/2017 02:00:00","BZN|DK1","730.38","n/e"," ","790.30"
"23/04/2017 02:00:00 - 23/04/2017 03:00:00","BZN|DK1","735.41","n/e"," ","794.31"
"23/04/2017 03:00:00 - 23/04/2017 04:00:00","BZN|DK1","728.42","n/e"," ","786.73"
"23/04/2017 04:00:00 - 23/04/2017 05:00:00","BZN|DK1","723.32","n/e"," ","776.01"
"23/04/2017 05:00:00 - 23/04/2017 06:00:00","BZN|DK1","711.56","n/e"," ","764.54"
"23/04/2017 06:00:00 - 23/04/2017 07:00:00","BZN|DK1","701.69","n/e"," ","750.92"
"23/04/2017 07:00:00 - 23/04/2017 08:00:00","BZN|DK1","665.29","n/e"," ","724.65"
"23/04/2017 08:00:00 - 23/04/2017 09:00:00","BZN|DK1","654.03","n/e"," ","784.03"
"23/04/2017 09:00:00 - 23/04/2017 10:00:00","BZN|DK1","649.88","n/e"," ","787.03"
"23/04/2017 10:00:00 - 23/04/2017 11:00:00","BZN|DK1","694.21","n/e"," ","672.68"
"23/04/2017 11:00:00 - 23/04/2017 12:00:00","BZN|DK1","711.00","n/e"," ","570.13"
"23/04/2017 12:00:00 - 23/04/2017 13:00:00","BZN|DK1","712.00","n/e"," ","532.61"
"23/04/2017 13:00:00 - 23/04/2017 14:00:00","BZN|DK1","364.33","n/e"," ","366.88"
"23/04/2017 14:00:00 - 23/04/2017 15:00:00","BZN|DK1","315.67","n/e"," ","303.20"
"23/04/2017 15:00:00 - 23/04/2017 16:00:00","BZN|DK1","293.21","n/e"," ","234.39"
"23/04/2017 16:00:00 - 23/04/2017 17:00:00","BZN|DK1","316.00","n/e"," ","334.52"
"23/04/2017 17:00:00 - 23/04/2017 18:00:00","BZN|DK1","661.46","n/e"," ","738.80"
"23/04/2017 18:00:00 - 23/04/2017 19:00:00","BZN|DK1","689.21","n/e"," ","760.81"
"23/04/2017 19:00:00 - 23/04/2017 20:00:00","BZN|DK1","688.29","n/e"," ","701.20"
"23/04/2017 20:00:00 - 23/04/2017 21:00:00","BZN|DK1","687.63","n/e"," ","676.98"
"23/04/2017 21:00:00 - 23/04/2017 22:00:00","BZN|DK1","682.17","n/e"," ","699.35"
"23/04/2017 22:00:00 - 23/04/2017 23:00:00","BZN|DK1","666.33","n/e"," ","723.23"
"23/04/2017 23:00:00 - 24/04/2017 00:00:00","BZN|DK1","647.50","n/e"," ","722.72"
"24/04/2017 00:00:00 - 24/04/2017 01:00:00","BZN|DK1","618.05","n/e"," ","643.53"
"24/04/2017 01:00:00 - 24/04/2017 02:00:00","BZN|DK1","578.27","n/e"," ","619.61"
"24/04/2017 02:00:00 - 24/04/2017 03:00:00","BZN|DK1","631.95","n/e"," ","674.85"
"24/04/2017 03:00:00 - 24/04/2017 04:00:00","BZN|DK1","650.23","n/e"," ","707.38"
"24/04/2017 04:00:00 - 24/04/2017 05:00:00","BZN|DK1","731.35","n/e"," ","779.73"
"24/04/2017 05:00:00 - 24/04/2017 06:00:00","BZN|DK1","742.83","n/e"," ","785.30"
"24/04/2017 06:00:00 - 24/04/2017 07:00:00","BZN|DK1","739.34","n/e"," ","799.28"
"24/04/2017 07:00:00 - 24/04/2017 08:00:00","BZN|DK1","744.12","n/e"," ","792.91"
"24/04/2017 08:00:00 - 24/04/2017 09:00:00","BZN|DK1","741.40","n/e"," ","809.81"
"24/04/2017 09:00:00 - 24/04/2017 10:00:00","BZN|DK1","738.08","n/e"," ","809.35"
"24/04/2017 10:00:00 - 24/04/2017 11:00:00","BZN|DK1","735.83","n/e"," ","794.64"
"24/04/2017 11:00:00 - 24/04/2017 12:00:00","BZN|DK1","730.33","n/e"," ","723.85"
"24/04/2017 12:00:00 - 24/04/2017 13:00:00","BZN|DK1","724.67","n/e"," ","681.89"
"24/04/2017 13:00:00 - 24/04/2017 14:00:00","BZN|DK1","714.58","n/e"," ","683.72"
"24/04/2017 14:00:00 - 24/04/2017 15:00:00","BZN|DK1","704.83","n/e"," ","639.86"
"24/04/2017 15:00:00 - 24/04/2017 16:00:00","BZN|DK1","695.92","n/e"," ","783.02"
"24/04/2017 16:00:00 - 24/04/2017 17:00:00","BZN|DK1","676.96","n/e"," ","763.55"
"24/04/2017 17:00:00 - 24/04/2017 18:00:00","BZN|DK1","641.92","n/e"," ","763.26"
"24/04/2017 18:00:00 - 24/04/2017 19:00:00","BZN|DK1","595.25","n/e"," ","691.19"
"24/04/2017 19:00:00 - 24/04/2017 20:00:00","BZN|DK1","547.83","n/e"," ","633.69"
"24/04/2017 20:00:00 - 24/04/2017 21:00:00","BZN|DK1","507.00","n/e"," ","572.92"
"24/04/2017 21:00:00 - 24/04/2017 22:00:00","BZN|DK1","480.29","n/e"," ","509.72"
"24/04/2017 22:00:00 - 24/04/2017 23:00:00","BZN|DK1","460.79","n/e"," ","471.51"
"24/04/2017 23:00:00 - 25/04/2017 00:00:00","BZN|DK1","448.04","n/e"," ","455.84"
"25/04/2017 00:00:00 - 25/04/2017 01:00:00","BZN|DK1","403.60","n/e"," ","445.42"
"25/04/2017 01:00:00 - 25/04/2017 02:00:00","BZN|DK1","404.09","n/e"," ","444.15"
"25/04/2017 02:00:00 - 25/04/2017 03:00:00","BZN|DK1","394.34","n/e"," ","431.74"
"25/04/2017 03:00:00 - 25/04/2017 04:00:00","BZN|DK1","396.45","n/e"," ","432.47"
"25/04/2017 04:00:00 - 25/04/2017 05:00:00","BZN|DK1","400.36","n/e"," ","431.77"
"25/04/2017 05:00:00 - 25/04/2017 06:00:00","BZN|DK1","421.80","n/e"," ","467.26"
"25/04/2017 06:00:00 - 25/04/2017 07:00:00","BZN|DK1","505.33","n/e"," ","533.08"
"25/04/2017 07:00:00 - 25/04/2017 08:00:00","BZN|DK1","485.95","n/e"," ","516.89"
"25/04/2017 08:00:00 - 25/04/2017 09:00:00","BZN|DK1","447.67","n/e"," ","528.14"
"25/04/2017 09:00:00 - 25/04/2017 10:00:00","BZN|DK1","431.00","n/e"," ","506.40"
"25/04/2017 10:00:00 - 25/04/2017 11:00:00","BZN|DK1","431.83","n/e"," ","546.50"
"25/04/2017 11:00:00 - 25/04/2017 12:00:00","BZN|DK1","407.88","n/e"," ","420.27"
"25/04/2017 12:00:00 - 25/04/2017 13:00:00","BZN|DK1","385.79","n/e"," ","414.78"
"25/04/2017 13:00:00 - 25/04/2017 14:00:00","BZN|DK1","374.67","n/e"," ","307.55"
"25/04/2017 14:00:00 - 25/04/2017 15:00:00","BZN|DK1","367.33","n/e"," ","350.69"
"25/04/2017 15:00:00 - 25/04/2017 16:00:00","BZN|DK1","361.42","n/e"," ","498.50"
"25/04/2017 16:00:00 - 25/04/2017 17:00:00","BZN|DK1","376.13","n/e"," ","498.57"
"25/04/2017 17:00:00 - 25/04/2017 18:00:00","BZN|DK1","401.71","n/e"," ","387.52"
"25/04/2017 18:00:00 - 25/04/2017 19:00:00","BZN|DK1","419.50","n/e"," ","248.87"
"25/04/2017 19:00:00 - 25/04/2017 20:00:00","BZN|DK1","417.96","n/e"," ","204.21"
"25/04/2017 20:00:00 - 25/04/2017 21:00:00","BZN|DK1","416.42","n/e"," ","140.83"
"25/04/2017 21:00:00 - 25/04/2017 22:00:00","BZN|DK1","394.25","n/e"," ","143.96"
"25/04/2017 22:00:00 - 25/04/2017 23:00:00","BZN|DK1","358.33","n/e"," ","268.54"
"25/04/2017 23:00:00 - 26/04/2017 00:00:00","BZN|DK1","325.63","n/e"," ","234.13"
"26/04/2017 00:00:00 - 26/04/2017 01:00:00","BZN|DK1","179.28","n/e"," ","212.97"
"26/04/2017 01:00:00 - 26/04/2017 02:00:00","BZN|DK1","240.97","n/e"," ","257.57"
"26/04/2017 02:00:00 - 26/04/2017 03:00:00","BZN|DK1","272.23","n/e"," ","290.02"
"26/04/2017 03:00:00 - 26/04/2017 04:00:00","BZN|DK1","222.60","n/e"," ","206.27"
"26/04/2017 04:00:00 - 26/04/2017 05:00:00","BZN|DK1","129.27","n/e"," ","145.10"
"26/04/2017 05:00:00 - 26/04/2017 06:00:00","BZN|DK1","124.47","n/e"," ","143.49"
"26/04/2017 06:00:00 - 26/04/2017 07:00:00","BZN|DK1","118.80","n/e"," ","116.67"
"26/04/2017 07:00:00 - 26/04/2017 08:00:00","BZN|DK1","60.09","n/e"," ","63.64"
"26/04/2017 08:00:00 - 26/04/2017 09:00:00","BZN|DK1","41.85","n/e"," ","43.02"
"26/04/2017 09:00:00 - 26/04/2017 10:00:00","BZN|DK1","27.63","n/e"," ","21.71"
"26/04/2017 10:00:00 - 26/04/2017 11:00:00","BZN|DK1","19.79","n/e"," ","18.13"
"26/04/2017 11:00:00 - 26/04/2017 12:00:00","BZN|DK1","13.33","n/e"," ","16.60"
"26/04/2017 12:00:00 - 26/04/2017 13:00:00","BZN|DK1","9.71","n/e"," ","28.31"
"26/04/2017 13:00:00 - 26/04/2017 14:00:00","BZN|DK1","11.33","n/e"," ","24.64"
"26/04/2017 14:00:00 - 26/04/2017 15:00:00","BZN|DK1","18.54","n/e"," ","26.68"
"26/04/2017 15:00:00 - 26/04/2017 16:00:00","BZN|DK1","31.71","n/e"," ","28.90"
"26/04/2017 16:00:00 - 26/04/2017 17:00:00","BZN|DK1","46.63","n/e"," ","61.85"
"26/04/2017 17:00:00 - 26/04/2017 18:00:00","BZN|DK1","61.50","n/e"," ","92.92"
"26/04/2017 18:00:00 - 26/04/2017 19:00:00","BZN|DK1","77.00","n/e"," ","119.81"
"26/04/2017 19:00:00 - 26/04/2017 20:00:00","BZN|DK1","96.96","n/e"," ","126.91"
"26/04/2017 20:00:00 - 26/04/2017 21:00:00","BZN|DK1","110.67","n/e"," ","229.04"
"26/04/2017 21:00:00 - 26/04/2017 22:00:00","BZN|DK1","119.96","n/e"," ","317.61"
"26/04/2017 22:00:00 - 26/04/2017 23:00:00","BZN|DK1","125.00","n/e"," ","336.37"
"26/04/2017 23:00:00 - 27/04/2017 00:00:00","BZN|DK1","128.83","n/e"," ","365.58"
"27/04/2017 00:00:00 - 27/04/2017 01:00:00","BZN|DK1","324.43","n/e"," ","335.83"
"27/04/2017 01:00:00 - 27/04/2017 02:00:00","BZN|DK1","253.88","n/e"," ","261.32"
"27/04/2017 02:00:00 - 27/04/2017 03:00:00","BZN|DK1","203.33","n/e"," ","220.45"
"27/04/2017 03:00:00 - 27/04/2017 04:00:00","BZN|DK1","205.31","n/e"," ","231.75"
"27/04/2017 04:00:00 - 27/04/2017 05:00:00","BZN|DK1","195.23","n/e"," ","204.44"
"27/04/2017 05:00:00 - 27/04/2017 06:00:00","BZN|DK1","167.82","n/e"," ","179.05"
"27/04/2017 06:00:00 - 27/04/2017 07:00:00","BZN|DK1","185.76","n/e"," ","198.97"
"27/04/2017 07:00:00 - 27/04/2017 08:00:00","BZN|DK1","189.58","n/e"," ","219.03"
"27/04/2017 08:00:00 - 27/04/2017 09:00:00","BZN|DK1","205.07","n/e"," ","277.12"
"27/04/2017 09:00:00 - 27/04/2017 10:00:00","BZN|DK1","175.00","n/e"," ","221.05"
"27/04/2017 10:00:00 - 27/04/2017 11:00:00","BZN|DK1","174.88","n/e"," ","172.07"
"27/04/2017 11:00:00 - 27/04/2017 12:00:00","BZN|DK1","201.46","n/e"," ","137.93"
"27/04/2017 12:00:00 - 27/04/2017 13:00:00","BZN|DK1","249.75","n/e"," ","138.82"
"27/04/2017 13:00:00 - 27/04/2017 14:00:00","BZN|DK1","303.46","n/e"," ","260.88"
"27/04/2017 14:00:00 - 27/04/2017 15:00:00","BZN|DK1","337.00","n/e"," ","519.54"
"27/04/2017 15:00:00 - 27/04/2017 16:00:00","BZN|DK1","337.29","n/e"," ","623.27"
"27/04/2017 16:00:00 - 27/04/2017 17:00:00","BZN|DK1","321.00","n/e"," ","618.76"
"27/04/2017 17:00:00 - 27/04/2017 18:00:00","BZN|DK1","286.08","n/e"," ","563.75"
"27/04/2017 18:00:00 - 27/04/2017 19:00:00","BZN|DK1","233.33","n/e"," ","397.34"
"27/04/2017 19:00:00 - 27/04/2017 20:00:00","BZN|DK1","191.25","n/e"," ","304.58"
"27/04/2017 20:00:00 - 27/04/2017 21:00:00","BZN|DK1","174.96","n/e"," ","260.23"
"27/04/2017 21:00:00 - 27/04/2017 22:00:00","BZN|DK1","181.88","n/e"," ","344.53"
"27/04/2017 22:00:00 - 27/04/2017 23:00:00","BZN|DK1","199.88","n/e"," ","323.31"
"27/04/2017 23:00:00 - 28/04/2017 00:00:00","BZN|DK1","217.17","n/e"," ","377.89"
"28/04/2017 00:00:00 - 28/04/2017 01:00:00","BZN|DK1","359.73","n/e"," ","391.83"
"28/04/2017 01:00:00 - 28/04/2017 02:00:00","BZN|DK1","419.38","n/e"," ","464.26"
"28/04/2017 02:00:00 - 28/04/2017 03:00:00","BZN|DK1","432.36","n/e"," ","458.67"
"28/04/2017 03:00:00 - 28/04/2017 04:00:00","BZN|DK1","372.03","n/e"," ","382.59"
"28/04/2017 04:00:00 - 28/04/2017 05:00:00","BZN|DK1","273.87","n/e"," ","290.61"
"28/04/2017 05:00:00 - 28/04/2017 06:00:00","BZN|DK1","254.17","n/e"," ","264.10"
"28/04/2017 06:00:00 - 28/04/2017 07:00:00","BZN|DK1","215.33","n/e"," ","200.31"
"28/04/2017 07:00:00 - 28/04/2017 08:00:00","BZN|DK1","224.08","n/e"," ","217.29"
"28/04/2017 08:00:00 - 28/04/2017 09:00:00","BZN|DK1","262.78","n/e"," ","168.78"
"28/04/2017 09:00:00 - 28/04/2017 10:00:00","BZN|DK1","234.17","n/e"," ","194.71"
"28/04/2017 10:00:00 - 28/04/2017 11:00:00","BZN|DK1","193.17","n/e"," ","220.02"
"28/04/2017 11:00:00 - 28/04/2017 12:00:00","BZN|DK1","200.04","n/e"," ","252.12"
"28/04/2017 12:00:00 - 28/04/2017 13:00:00","BZN|DK1","212.67","n/e"," ","277.02"
"28/04/2017 13:00:00 - 28/04/2017 14:00:00","BZN|DK1","230.79","n/e"," ","233.84"
"28/04/2017 14:00:00 - 28/04/2017 15:00:00","BZN|DK1","252.38","n/e"," ","218.02"
"28/04/2017 15:00:00 - 28/04/2017 16:00:00","BZN|DK1","280.67","n/e"," ","316.84"
"28/04/2017 16:00:00 - 28/04/2017 17:00:00","BZN|DK1","313.83","n/e"," ","140.85"
"28/04/2017 17:00:00 - 28/04/2017 18:00:00","BZN|DK1","363.92","n/e"," ","180.73"
"28/04/2017 18:00:00 - 28/04/2017 19:00:00","BZN|DK1","422.46","n/e"," ","199.16"
"28/04/2017 19:00:00 - 28/04/2017 20:00:00","BZN|DK1","443.46","n/e"," ","284.76"
"28/04/2017 20:00:00 - 28/04/2017 21:00:00","BZN|DK1","447.25","n/e"," ","419.33"
"28/04/2017 21:00:00 - 28/04/2017 22:00:00","BZN|DK1","447.21","n/e"," ","421.12"
"28/04/2017 22:00:00 - 28/04/2017 23:00:00","BZN|DK1","449.17","n/e"," ","434.27"
"28/04/2017 23:00:00 - 29/04/2017 00:00:00","BZN|DK1","452.29","n/e"," ","534.70"
"29/04/2017 00:00:00 - 29/04/2017 01:00:00","BZN|DK1","606.83","n/e"," ","628.59"
"29/04/2017 01:00:00 - 29/04/2017 02:00:00","BZN|DK1","546.27","n/e"," ","536.51"
"29/04/2017 02:00:00 - 29/04/2017 03:00:00","BZN|DK1","500.85","n/e"," ","502.66"
"29/04/2017 03:00:00 - 29/04/2017 04:00:00","BZN|DK1","524.19","n/e"," ","546.54"
"29/04/2017 04:00:00 - 29/04/2017 05:00:00","BZN|DK1","404.55","n/e"," ","375.46"
"29/04/2017 05:00:00 - 29/04/2017 06:00:00","BZN|DK1","305.96","n/e"," ","304.41"
"29/04/2017 06:00:00 - 29/04/2017 07:00:00","BZN|DK1","371.85","n/e"," ","381.27"
"29/04/2017 07:00:00 - 29/04/2017 08:00:00","BZN|DK1","410.45","n/e"," ","427.52"
"29/04/2017 08:00:00 - 29/04/2017 09:00:00","BZN|DK1","393.77","n/e"," ","443.34"
"29/04/2017 09:00:00 - 29/04/2017 10:00:00","BZN|DK1","322.42","n/e"," ","362.41"
"29/04/2017 10:00:00 - 29/04/2017 11:00:00","BZN|DK1","223.00","n/e"," ","295.19"
"29/04/2017 11:00:00 - 29/04/2017 12:00:00","BZN|DK1","140.50","n/e"," ","165.36"
"29/04/2017 12:00:00 - 29/04/2017 13:00:00","BZN|DK1","94.92","n/e"," ","112.14"
"29/04/2017 13:00:00 - 29/04/2017 14:00:00","BZN|DK1","76.58","n/e"," ","90.62"
"29/04/2017 14:00:00 - 29/04/2017 15:00:00","BZN|DK1","75.08","n/e"," ","108.70"
"29/04/2017 15:00:00 - 29/04/2017 16:00:00","BZN|DK1","77.13","n/e"," ","72.10"
"29/04/2017 16:00:00 - 29/04/2017 17:00:00","BZN|DK1","78.75","n/e"," ","42.76"
"29/04/2017 17:00:00 - 29/04/2017 18:00:00","BZN|DK1","79.63","n/e"," ","33.94"
"29/04/2017 18:00:00 - 29/04/2017 19:00:00","BZN|DK1","83.38","n/e"," ","29.86"
"29/04/2017 19:00:00 - 29/04/2017 20:00:00","BZN|DK1","89.08","n/e"," ","40.06"
"29/04/2017 20:00:00 - 29/04/2017 21:00:00","BZN|DK1","107.04","n/e"," ","37.94"
"29/04/2017 21:00:00 - 29/04/2017 22:00:00","BZN|DK1","115.42","n/e"," ","42.02"
"29/04/2017 22:00:00 - 29/04/2017 23:00:00","BZN|DK1","125.75","n/e"," ","102.58"
"29/04/2017 23:00:00 - 30/04/2017 00:00:00","BZN|DK1","130.96","n/e"," ","166.93"
"30/04/2017 00:00:00 - 30/04/2017 01:00:00","BZN|DK1","200.99","n/e"," ","224.64"
"30/04/2017 01:00:00 - 30/04/2017 02:00:00","BZN|DK1","207.05","n/e"," ","204.63"
"30/04/2017 02:00:00 - 30/04/2017 03:00:00","BZN|DK1","164.54","n/e"," ","172.64"
"30/04/2017 03:00:00 - 30/04/2017 04:00:00","BZN|DK1","144.65","n/e"," ","144.33"
"30/04/2017 04:00:00 - 30/04/2017 05:00:00","BZN|DK1","105.89","n/e"," ","117.80"
"30/04/2017 05:00:00 - 30/04/2017 06:00:00","BZN|DK1","167.73","n/e"," ","175.40"
"30/04/2017 06:00:00 - 30/04/2017 07:00:00","BZN|DK1","155.26","n/e"," ","156.14"
"30/04/2017 07:00:00 - 30/04/2017 08:00:00","BZN|DK1","134.95","n/e"," ","139.55"
"30/04/2017 08:00:00 - 30/04/2017 09:00:00","BZN|DK1","169.05","n/e"," ","181.07"
"30/04/2017 09:00:00 - 30/04/2017 10:00:00","BZN|DK1","202.29","n/e"," ","179.88"
"30/04/2017 10:00:00 - 30/04/2017 11:00:00","BZN|DK1","216.75","n/e"," ","204.82"
"30/04/2017 11:00:00 - 30/04/2017 12:00:00","BZN|DK1","222.00","n/e"," ","222.38"
"30/04/2017 12:00:00 - 30/04/2017 13:00:00","BZN|DK1","214.75","n/e"," ","187.95"
"30/04/2017 13:00:00 - 30/04/2017 14:00:00","BZN|DK1","212.71","n/e"," ","200.56"
"30/04/2017 14:00:00 - 30/04/2017 15:00:00","BZN|DK1","240.00","n/e"," ","290.24"
"30/04/2017 15:00:00 - 30/04/2017 16:00:00","BZN|DK1","311.21","n/e"," ","403.97"
"30/04/2017 16:00:00 - 30/04/2017 17:00:00","BZN|DK1","418.83","n/e"," ","553.29"
"30/04/2017 17:00:00 - 30/04/2017 18:00:00","BZN|DK1","518.33","n/e"," ","620.40"
"30/04/2017 18:00:00 - 30/04/2017 19:00:00","BZN|DK1","559.83","n/e"," ","588.67"
"30/04/2017 19:00:00 - 30/04/2017 20:00:00","BZN|DK1","537.96","n/e"," ","559.48"
"30/04/2017 20:00:00 - 30/04/2017 21:00:00","BZN|DK1","540.00","n/e"," ","542.62"
"30/04/2017 21:00:00 - 30/04/2017 22:00:00","BZN|DK1","574.29","n/e"," ","555.04"
"30/04/2017 22:00:00 - 30/04/2017 23:00:00","BZN|DK1","636.08","n/e"," ","630.80"
"30/04/2017 23:00:00 - 01/05/2017 00:00:00","BZN|DK1","666.04","n/e"," ","770.05"
"01/05/2017 00:00:00 - 01/05/2017 01:00:00","BZN|DK1","716.85","n/e"," ","773.09"
"01/05/2017 01:00:00 - 01/05/2017 02:00:00","BZN|DK1","704.53","n/e"," ","764.49"
"01/05/2017 02:00:00 - 01/05/2017 03:00:00","BZN|DK1","655.17","n/e"," ","708.19"
"01/05/2017 03:00:00 - 01/05/2017 04:00:00","BZN|DK1","709.75","n/e"," ","773.04"
"01/05/2017 04:00:00 - 01/05/2017 05:00:00","BZN|DK1","735.71","n/e"," ","798.01"
"01/05/2017 05:00:00 - 01/05/2017 06:00:00","BZN|DK1","725.86","n/e"," ","782.51"
"01/05/2017 06:00:00 - 01/05/2017 07:00:00","BZN|DK1","705.08","n/e"," ","748.99"
"01/05/2017 07:00:00 - 01/05/2017 08:00:00","BZN|DK1","741.66","n/e"," ","785.58"
"01/05/2017 08:00:00 - 01/05/2017 09:00:00","BZN|DK1","722.02","n/e"," ","786.76"
"01/05/2017 09:00:00 - 01/05/2017 10:00:00","BZN|DK1","373.50","n/e"," ","410.21"
"01/05/2017 10:00:00 - 01/05/2017 11:00:00","BZN|DK1","359.00","n/e"," ","351.05"
"01/05/2017 11:00:00 - 01/05/2017 12:00:00","BZN|DK1","357.92","n/e"," ","394.33"
"01/05/2017 12:00:00 - 01/05/2017 13:00:00","BZN|DK1","326.38","n/e"," ","326.10"
"01/05/2017 13:00:00 - 01/05/2017 14:00:00","BZN|DK1","271.88","n/e"," ","389.41"
"01/05/2017 14:00:00 - 01/05/2017 15:00:00","BZN|DK1","233.21","n/e"," ","378.15"
"01/05/2017 15:00:00 - 01/05/2017 16:00:00","BZN|DK1","266.75","n/e"," ","409.60"
"01/05/2017 16:00:00 - 01/05/2017 17:00:00","BZN|DK1","362.83","n/e"," ","397.88"
"01/05/2017 17:00:00 - 01/05/2017 18:00:00","BZN|DK1","656.92","n/e"," ","651.89"
"01/05/2017 18:00:00 - 01/05/2017 19:00:00","BZN|DK1","698.83","n/e"," ","680.37"
"01/05/2017 19:00:00 - 01/05/2017 20:00:00","BZN|DK1","710.96","n/e"," ","661.12"
"01/05/2017 20:00:00 - 01/05/2017 21:00:00","BZN|DK1","703.79","n/e"," ","679.39"
"01/05/2017 21:00:00 - 01/05/2017 22:00:00","BZN|DK1","692.04","n/e"," ","687.49"
"01/05/2017 22:00:00 - 01/05/2017 23:00:00","BZN|DK1","689.29","n/e"," ","635.28"
"01/05/2017 23:00:00 - 02/05/2017 00:00:00","BZN|DK1","692.00","n/e"," ","661.35"
"02/05/2017 00:00:00 - 02/05/2017 01:00:00","BZN|DK1","629.11","n/e"," ","667.25"
"02/05/2017 01:00:00 - 02/05/2017 02:00:00","BZN|DK1","565.14","n/e"," ","608.34"
"02/05/2017 02:00:00 - 02/05/2017 03:00:00","BZN|DK1","625.13","n/e"," ","679.11"
"02/05/2017 03:00:00 - 02/05/2017 04:00:00","BZN|DK1","595.21","n/e"," ","625.80"
"02/05/2017 04:00:00 - 02/05/2017 05:00:00","BZN|DK1","547.72","n/e"," ","574.24"
"02/05/2017 05:00:00 - 02/05/2017 06:00:00","BZN|DK1","511.49","n/e"," ","557.84"
"02/05/2017 06:00:00 - 02/05/2017 07:00:00","BZN|DK1","530.65","n/e"," ","580.12"
"02/05/2017 07:00:00 - 02/05/2017 08:00:00","BZN|DK1","508.48","n/e"," ","525.32"
"02/05/2017 08:00:00 - 02/05/2017 09:00:00","BZN|DK1","496.80","n/e"," ","430.16"
"02/05/2017 09:00:00 - 02/05/2017 10:00:00","BZN|DK1","465.75","n/e"," ","374.84"
"02/05/2017 10:00:00 - 02/05/2017 11:00:00","BZN|DK1","433.67","n/e"," ","394.61"
"02/05/2017 11:00:00 - 02/05/2017 12:00:00","BZN|DK1","409.67","n/e"," ","438.80"
"02/05/2017 12:00:00 - 02/05/2017 13:00:00","BZN|DK1","397.04","n/e"," ","389.81"
"02/05/2017 13:00:00 - 02/05/2017 14:00:00","BZN|DK1","375.29","n/e"," ","318.89"
"02/05/2017 14:00:00 - 02/05/2017 15:00:00","BZN|DK1","345.83","n/e"," ","312.17"
"02/05/2017 15:00:00 - 02/05/2017 16:00:00","BZN|DK1","336.29","n/e"," ","394.30"
"02/05/2017 16:00:00 - 02/05/2017 17:00:00","BZN|DK1","351.42","n/e"," ","438.67"
"02/05/2017 17:00:00 - 02/05/2017 18:00:00","BZN|DK1","377.83","n/e"," ","451.88"
"02/05/2017 18:00:00 - 02/05/2017 19:00:00","BZN|DK1","403.33","n/e"," ","469.74"
"02/05/2017 19:00:00 - 02/05/2017 20:00:00","BZN|DK1","418.42","n/e"," ","404.91"
"02/05/2017 20:00:00 - 02/05/2017 21:00:00","BZN|DK1","428.83","n/e"," ","383.69"
"02/05/2017 21:00:00 - 02/05/2017 22:00:00","BZN|DK1","425.04","n/e"," ","356.44"
"02/05/2017 22:00:00 - 02/05/2017 23:00:00","BZN|DK1","417.29","n/e"," ","389.52"
"02/05/2017 23:00:00 - 03/05/2017 00:00:00","BZN|DK1","386.88","n/e"," ","362.98"
"03/05/2017 00:00:00 - 03/05/2017 01:00:00","BZN|DK1","317.03","n/e"," ","334.30"
"03/05/2017 01:00:00 - 03/05/2017 02:00:00","BZN|DK1","347.69","n/e"," ","377.08"
"03/05/2017 02:00:00 - 03/05/2017 03:00:00","BZN|DK1","394.34","n/e"," ","422.24"
"03/05/2017 03:00:00 - 03/05/2017 04:00:00","BZN|DK1","416.55","n/e"," ","434.02"
"03/05/2017 04:00:00 - 03/05/2017 05:00:00","BZN|DK1","430.06","n/e"," ","456.74"
"03/05/2017 05:00:00 - 03/05/2017 06:00:00","BZN|DK1","532.31","n/e"," ","567.94"
"03/05/2017 06:00:00 - 03/05/2017 07:00:00","BZN|DK1","589.32","n/e"," ","613.80"
"03/05/2017 07:00:00 - 03/05/2017 08:00:00","BZN|DK1","533.03","n/e"," ","547.35"
"03/05/2017 08:00:00 - 03/05/2017 09:00:00","BZN|DK1","495.10","n/e"," ","482.93"
"03/05/2017 09:00:00 - 03/05/2017 10:00:00","BZN|DK1","484.33","n/e"," ","503.66"
"03/05/2017 10:00:00 - 03/05/2017 11:00:00","BZN|DK1","478.71","n/e"," ","456.88"
"03/05/2017 11:00:00 - 03/05/2017 12:00:00","BZN|DK1","429.50","n/e"," ","388.64"
"03/05/2017 12:00:00 - 03/05/2017 13:00:00","BZN|DK1","375.50","n/e"," ","328.25"
"03/05/2017 13:00:00 - 03/05/2017 14:00:00","BZN|DK1","315.71","n/e"," ","343.34"
"03/05/2017 14:00:00 - 03/05/2017 15:00:00","BZN|DK1","274.71","n/e"," ","300.99"
"03/05/2017 15:00:00 - 03/05/2017 16:00:00","BZN|DK1","266.92","n/e"," ","355.81"
"03/05/2017 16:00:00 - 03/05/2017 17:00:00","BZN|DK1","301.08","n/e"," ","464.03"
"03/05/2017 17:00:00 - 03/05/2017 18:00:00","BZN|DK1","374.50","n/e"," ","593.66"
"03/05/2017 18:00:00 - 03/05/2017 19:00:00","BZN|DK1","457.46","n/e"," ","646.88"
"03/05/2017 19:00:00 - 03/05/2017 20:00:00","BZN|DK1","506.38","n/e"," ","646.66"
"03/05/2017 20:00:00 - 03/05/2017 21:00:00","BZN|DK1","519.96","n/e"," ","569.12"
"03/05/2017 21:00:00 - 03/05/2017 22:00:00","BZN|DK1","504.96","n/e"," ","353.78"
"03/05/2017 22:00:00 - 03/05/2017 23:00:00","BZN|DK1","467.17","n/e"," ","302.92"
"03/05/2017 23:00:00 - 04/05/2017 00:00:00","BZN|DK1","454.21","n/e"," ","346.66"
"04/05/2017 00:00:00 - 04/05/2017 01:00:00","BZN|DK1","241.25","n/e"," ","253.99"
"04/05/2017 01:00:00 - 04/05/2017 02:00:00","BZN|DK1","329.87","n/e"," ","348.49"
"04/05/2017 02:00:00 - 04/05/2017 03:00:00","BZN|DK1","406.68","n/e"," ","419.96"
"04/05/2017 03:00:00 - 04/05/2017 04:00:00","BZN|DK1","449.56","n/e"," ","485.90"
"04/05/2017 04:00:00 - 04/05/2017 05:00:00","BZN|DK1","529.75","n/e"," ","591.42"
"04/05/2017 05:00:00 - 04/05/2017 06:00:00","BZN|DK1","651.65","n/e"," ","717.83"
"04/05/2017 06:00:00 - 04/05/2017 07:00:00","BZN|DK1","703.20","n/e"," ","756.11"
"04/05/2017 07:00:00 - 04/05/2017 08:00:00","BZN|DK1","695.78","n/e"," ","766.56"
"04/05/2017 08:00:00 - 04/05/2017 09:00:00","BZN|DK1","675.58","n/e"," ","761.89"
"04/05/2017 09:00:00 - 04/05/2017 10:00:00","BZN|DK1","686.13","n/e"," ","768.84"
"04/05/2017 10:00:00 - 04/05/2017 11:00:00","BZN|DK1","674.67","n/e"," ","760.72"
"04/05/2017 11:00:00 - 04/05/2017 12:00:00","BZN|DK1","655.96","n/e"," ","692.98"
"04/05/2017 12:00:00 - 04/05/2017 13:00:00","BZN|DK1","633.58","n/e"," ","611.93"
"04/05/2017 13:00:00 - 04/05/2017 14:00:00","BZN|DK1","602.46","n/e"," ","627.72"
"04/05/2017 14:00:00 - 04/05/2017 15:00:00","BZN|DK1","562.08","n/e"," ","594.00"
"04/05/2017 15:00:00 - 04/05/2017 16:00:00","BZN|DK1","532.79","n/e"," ","630.95"
"04/05/2017 16:00:00 - 04/05/2017 17:00:00","BZN|DK1","521.21","n/e"," ","647.48"
"04/05/2017 17:00:00 - 04/05/2017 18:00:00","BZN|DK1","539.00","n/e"," ","601.39"
"04/05/2017 18:00:00 - 04/05/2017 19:00:00","BZN|DK1","558.08","n/e"," ","522.51"
"04/05/2017 19:00:00 - 04/05/2017 20:00:00","BZN|DK1","573.38","n/e"," ","469.18"
"04/05/2017 20:00:00 - 04/05/2017 21:00:00","BZN|DK1","638.25","n/e"," ","593.51"
"04/05/2017 21:00:00 - 04/05/2017 22:00:00","BZN|DK1","671.00","n/e"," ","690.38"
"04/05/2017 22:00:00 - 04/05/2017 23:00:00","BZN|DK1","681.96","n/e"," ","717.41"
"04/05/2017 23:00:00 - 05/05/2017 00:00:00","BZN|DK1","674.50","n/e"," ","765.22"
"05/05/2017 00:00:00 - 05/05/2017 01:00:00","BZN|DK1","678.37","n/e"," ","722.59"
"05/05/2017 01:00:00 - 05/05/2017 02:00:00","BZN|DK1","680.06","n/e"," ","744.84"
"05/05/2017 02:00:00 - 05/05/2017 03:00:00","BZN|DK1","701.56","n/e"," ","753.95"
"05/05/2017 03:00:00 - 05/05/2017 04:00:00","BZN|DK1","679.35","n/e"," ","721.47"
"05/05/2017 04:00:00 - 05/05/2017 05:00:00","BZN|DK1","611.28","n/e"," ","645.90"
"05/05/2017 05:00:00 - 05/05/2017 06:00:00","BZN|DK1","581.31","n/e"," ","630.03"
"05/05/2017 06:00:00 - 05/05/2017 07:00:00","BZN|DK1","609.44","n/e"," ","662.71"
"05/05/2017 07:00:00 - 05/05/2017 08:00:00","BZN|DK1","610.43","n/e"," ","651.00"
"05/05/2017 08:00:00 - 05/05/2017 09:00:00","BZN|DK1","581.59","n/e"," ","619.41"
"05/05/2017 09:00:00 - 05/05/2017 10:00:00","BZN|DK1","529.54","n/e"," ","547.75"
"05/05/2017 10:00:00 - 05/05/2017 11:00:00","BZN|DK1","500.67","n/e"," ","536.12"
"05/05/2017 11:00:00 - 05/05/2017 12:00:00","BZN|DK1","464.21","n/e"," ","540.16"
"05/05/2017 12:00:00 - 05/05/2017 13:00:00","BZN|DK1","426.13","n/e"," ","520.10"
"05/05/2017 13:00:00 - 05/05/2017 14:00:00","BZN|DK1","384.21","n/e"," ","475.76"
"05/05/2017 14:00:00 - 05/05/2017 15:00:00","BZN|DK1","340.04","n/e"," ","455.53"
"05/05/2017 15:00:00 - 05/05/2017 16:00:00","BZN|DK1","308.17","n/e"," ","406.95"
"05/05/2017 16:00:00 - 05/05/2017 17:00:00","BZN|DK1","308.42","n/e"," ","332.70"
"05/05/2017 17:00:00 - 05/05/2017 18:00:00","BZN|DK1","292.75","n/e"," ","290.91"
"05/05/2017 18:00:00 - 05/05/2017 19:00:00","BZN|DK1","268.67","n/e"," ","250.26"
"05/05/2017 19:00:00 - 05/05/2017 20:00:00","BZN|DK1","241.25","n/e"," ","256.19"
"05/05/2017 20:00:00 - 05/05/2017 21:00:00","BZN|DK1","219.29","n/e"," ","209.53"
"05/05/2017 21:00:00 - 05/05/2017 22:00:00","BZN|DK1","195.63","n/e"," ","157.82"
"05/05/2017 22:00:00 - 05/05/2017 23:00:00","BZN|DK1","175.33","n/e"," ","117.15"
"05/05/2017 23:00:00 - 06/05/2017 00:00:00","BZN|DK1","154.96","n/e"," ","81.37"
"06/05/2017 00:00:00 - 06/05/2017 01:00:00","BZN|DK1","91.23","n/e"," ","92.75"
"06/05/2017 01:00:00 - 06/05/2017 02:00:00","BZN|DK1","88.22","n/e"," ","89.99"
"06/05/2017 02:00:00 - 06/05/2017 03:00:00","BZN|DK1","107.34","n/e"," ","108.36"
"06/05/2017 03:00:00 - 06/05/2017 04:00:00","BZN|DK1","78.31","n/e"," ","73.98"
"06/05/2017 04:00:00 - 06/05/2017 05:00:00","BZN|DK1","45.64","n/e"," ","50.31"
"06/05/2017 05:00:00 - 06/05/2017 06:00:00","BZN|DK1","36.24","n/e"," ","36.60"
"06/05/2017 06:00:00 - 06/05/2017 07:00:00","BZN|DK1","32.37","n/e"," ","30.11"
"06/05/2017 07:00:00 - 06/05/2017 08:00:00","BZN|DK1","8.99","n/e"," ","6.31"
"06/05/2017 08:00:00 - 06/05/2017 09:00:00","BZN|DK1","1.82","n/e"," ","0.12"
"06/05/2017 09:00:00 - 06/05/2017 10:00:00","BZN|DK1","3.38","n/e"," ","7.61"
"06/05/2017 10:00:00 - 06/05/2017 11:00:00","BZN|DK1","5.08","n/e"," ","12.08"
"06/05/2017 11:00:00 - 06/05/2017 12:00:00","BZN|DK1","4.63","n/e"," ","11.65"
"06/05/2017 12:00:00 - 06/05/2017 13:00:00","BZN|DK1","3.00","n/e"," ","2.87"
"06/05/2017 13:00:00 - 06/05/2017 14:00:00","BZN|DK1","1.46","n/e"," ","0.13"
"06/05/2017 14:00:00 - 06/05/2017 15:00:00","BZN|DK1","0.63","n/e"," ","1.19"
"06/05/2017 15:00:00 - 06/05/2017 16:00:00","BZN|DK1","11.63","n/e"," ","0.50"
"06/05/2017 16:00:00 - 06/05/2017 17:00:00","BZN|DK1","30.21","n/e"," ","2.37"
"06/05/2017 17:00:00 - 06/05/2017 18:00:00","BZN|DK1","38.58","n/e"," ","8.03"
"06/05/2017 18:00:00 - 06/05/2017 19:00:00","BZN|DK1","45.08","n/e"," ","27.93"
"06/05/2017 19:00:00 - 06/05/2017 20:00:00","BZN|DK1","46.88","n/e"," ","35.11"
"06/05/2017 20:00:00 - 06/05/2017 21:00:00","BZN|DK1","45.38","n/e"," ","16.74"
"06/05/2017 21:00:00 - 06/05/2017 22:00:00","BZN|DK1","45.50","n/e"," ","23.99"
"06/05/2017 22:00:00 - 06/05/2017 23:00:00","BZN|DK1","45.63","n/e"," ","20.02"
"06/05/2017 23:00:00 - 07/05/2017 00:00:00","BZN|DK1","43.88","n/e"," ","56.11"
"07/05/2017 00:00:00 - 07/05/2017 01:00:00","BZN|DK1","94.23","n/e"," ","102.38"
"07/05/2017 01:00:00 - 07/05/2017 02:00:00","BZN|DK1","100.32","n/e"," ","102.02"
"07/05/2017 02:00:00 - 07/05/2017 03:00:00","BZN|DK1","116.73","n/e"," ","122.16"
"07/05/2017 03:00:00 - 07/05/2017 04:00:00","BZN|DK1","105.05","n/e"," ","103.65"
"07/05/2017 04:00:00 - 07/05/2017 05:00:00","BZN|DK1","46.61","n/e"," ","39.82"
"07/05/2017 05:00:00 - 07/05/2017 06:00:00","BZN|DK1","30.29","n/e"," ","30.40"
"07/05/2017 06:00:00 - 07/05/2017 07:00:00","BZN|DK1","28.65","n/e"," ","29.49"
"07/05/2017 07:00:00 - 07/05/2017 08:00:00","BZN|DK1","74.14","n/e"," ","83.16"
"07/05/2017 08:00:00 - 07/05/2017 09:00:00","BZN|DK1","43.57","n/e"," ","110.44"
"07/05/2017 09:00:00 - 07/05/2017 10:00:00","BZN|DK1","57.54","n/e"," ","114.45"
"07/05/2017 10:00:00 - 07/05/2017 11:00:00","BZN|DK1","80.00","n/e"," ","112.61"
"07/05/2017 11:00:00 - 07/05/2017 12:00:00","BZN|DK1","105.00","n/e"," ","154.59"
"07/05/2017 12:00:00 - 07/05/2017 13:00:00","BZN|DK1","129.04","n/e"," ","161.96"
"07/05/2017 13:00:00 - 07/05/2017 14:00:00","BZN|DK1","150.58","n/e"," ","184.26"
"07/05/2017 14:00:00 - 07/05/2017 15:00:00","BZN|DK1","159.79","n/e"," ","195.74"
"07/05/2017 15:00:00 - 07/05/2017 16:00:00","BZN|DK1","162.83","n/e"," ","180.82"
"07/05/2017 16:00:00 - 07/05/2017 17:00:00","BZN|DK1","167.88","n/e"," ","208.86"
"07/05/2017 17:00:00 - 07/05/2017 18:00:00","BZN|DK1","150.00","n/e"," ","216.71"
"07/05/2017 18:00:00 - 07/05/2017 19:00:00","BZN|DK1","140.08","n/e"," ","203.85"
"07/05/2017 19:00:00 - 07/05/2017 20:00:00","BZN|DK1","140.63","n/e"," ","141.92"
"07/05/2017 20:00:00 - 07/05/2017 21:00:00","BZN|DK1","159.88","n/e"," ","128.49"
"07/05/2017 21:00:00 - 07/05/2017 22:00:00","BZN|DK1","216.46","n/e"," ","124.92"
"07/05/2017 22:00:00 - 07/05/2017 23:00:00","BZN|DK1","309.46","n/e"," ","284.69"
"07/05/2017 23:00:00 - 08/05/2017 00:00:00","BZN|DK1","400.75","n/e"," ","474.10"
"08/05/2017 00:00:00 - 08/05/2017 01:00:00","BZN|DK1","427.18","n/e"," ","462.40"
"08/05/2017 01:00:00 - 08/05/2017 02:00:00","BZN|DK1","413.45","n/e"," ","458.55"
"08/05/2017 02:00:00 - 08/05/2017 03:00:00","BZN|DK1","460.03","n/e"," ","512.28"
"08/05/2017 03:00:00 - 08/05/2017 04:00:00","BZN|DK1","565.94","n/e"," ","658.97"
"08/05/2017 04:00:00 - 08/05/2017 05:00:00","BZN|DK1","718.72","n/e"," ","784.77"
"08/05/2017 05:00:00 - 08/05/2017 06:00:00","BZN|DK1","739.98","n/e"," ","797.42"
"08/05/2017 06:00:00 - 08/05/2017 07:00:00","BZN|DK1","743.80","n/e"," ","809.67"
"08/05/2017 07:00:00 - 08/05/2017 08:00:00","BZN|DK1","747.20","n/e"," ","814.71"
"08/05/2017 08:00:00 - 08/05/2017 09:00:00","BZN|DK1","735.35","n/e"," ","812.55"
"08/05/2017 09:00:00 - 08/05/2017 10:00:00","BZN|DK1","709.58","n/e"," ","794.08"
"08/05/2017 10:00:00 - 08/05/2017 11:00:00","BZN|DK1","684.88","n/e"," ","772.69"
"08/05/2017 11:00:00 - 08/05/2017 12:00:00","BZN|DK1","657.92","n/e"," ","706.78"
"08/05/2017 12:00:00 - 08/05/2017 13:00:00","BZN|DK1","639.71","n/e"," ","659.56"
"08/05/2017 13:00:00 - 08/05/2017 14:00:00","BZN|DK1","638.50","n/e"," ","739.89"
"08/05/2017 14:00:00 - 08/05/2017 15:00:00","BZN|DK1","656.50","n/e"," ","757.41"
"08/05/2017 15:00:00 - 08/05/2017 16:00:00","BZN|DK1","665.63","n/e"," ","777.69"
"08/05/2017 16:00:00 - 08/05/2017 17:00:00","BZN|DK1","651.83","n/e"," ","706.74"
"08/05/2017 17:00:00 - 08/05/2017 18:00:00","BZN|DK1","605.13","n/e"," ","579.55"
"08/05/2017 18:00:00 - 08/05/2017 19:00:00","BZN|DK1","545.17","n/e"," ","500.65"
"08/05/2017 19:00:00 - 08/05/2017 20:00:00","BZN|DK1","478.42","n/e"," ","519.45"
"08/05/2017 20:00:00 - 08/05/2017 21:00:00","BZN|DK1","408.33","n/e"," ","444.93"
"08/05/2017 21:00:00 - 08/05/2017 22:00:00","BZN|DK1","329.04","n/e"," ","356.69"
"08/05/2017 22:00:00 - 08/05/2017 23:00:00","BZN|DK1","240.29","n/e"," ","280.96"
"08/05/2017 23:00:00 - 09/05/2017 00:00:00","BZN|DK1","160.71","n/e"," ","221.05"
"09/05/2017 00:00:00 - 09/05/2017 01:00:00","BZN|DK1","225.36","n/e"," ","269.02"
"09/05/2017 01:00:00 - 09/05/2017 02:00:00","BZN|DK1","280.99","n/e"," ","295.41"
"09/05/2017 02:00:00 - 09/05/2017 03:00:00","BZN|DK1","271.53","n/e"," ","303.51"
"09/05/2017 03:00:00 - 09/05/2017 04:00:00","BZN|DK1","297.06","n/e"," ","310.20"
"09/05/2017 04:00:00 - 09/05/2017 05:00:00","BZN|DK1","251.53","n/e"," ","260.03"
"09/05/2017 05:00:00 - 09/05/2017 06:00:00","BZN|DK1","149.65","n/e"," ","142.00"
"09/05/2017 06:00:00 - 09/05/2017 07:00:00","BZN|DK1","74.42","n/e"," ","70.06"
"09/05/2017 07:00:00 - 09/05/2017 08:00:00","BZN|DK1","52.75","n/e"," ","50.05"
"09/05/2017 08:00:00 - 09/05/2017 09:00:00","BZN|DK1","56.68","n/e"," ","53.59"
"09/05/2017 09:00:00 - 09/05/2017 10:00:00","BZN|DK1","73.75","n/e"," ","71.24"
"09/05/2017 10:00:00 - 09/05/2017 11:00:00","BZN|DK1","109.46","n/e"," ","94.69"
"09/05/2017 11:00:00 - 09/05/2017 12:00:00","BZN|DK1","143.13","n/e"," ","107.10"
"09/05/2017 12:00:00 - 09/05/2017 13:00:00","BZN|DK1","173.33","n/e"," ","99.31"
"09/05/2017 13:00:00 - 09/05/2017 14:00:00","BZN|DK1","212.46","n/e"," ","140.62"
"09/05/2017 14:00:00 - 09/05/2017 15:00:00","BZN|DK1","256.13","n/e"," ","201.36"
"09/05/2017 15:00:00 - 09/05/2017 16:00:00","BZN|DK1","295.08","n/e"," ","223.32"
"09/05/2017 16:00:00 - 09/05/2017 17:00:00","BZN|DK1","318.96","n/e"," ","273.91"
"09/05/2017 17:00:00 - 09/05/2017 18:00:00","BZN|DK1","321.50","n/e"," ","268.05"
"09/05/2017 18:00:00 - 09/05/2017 19:00:00","BZN|DK1","316.58","n/e"," ","299.07"
"09/05/2017 19:00:00 - 09/05/2017 20:00:00","BZN|DK1","305.50","n/e"," ","318.80"
"09/05/2017 20:00:00 - 09/05/2017 21:00:00","BZN|DK1","300.38","n/e"," ","348.01"
"09/05/2017 21:00:00 - 09/05/2017 22:00:00","BZN|DK1","275.54","n/e"," ","342.68"
"09/05/2017 22:00:00 - 09/05/2017 23:00:00","BZN|DK1","263.33","n/e"," ","381.03"
"09/05/2017 23:00:00 - 10/05/2017 00:00:00","BZN|DK1","258.25","n/e"," ","451.68"
"10/05/2017 00:00:00 - 10/05/2017 01:00:00","BZN|DK1","419.45","n/e"," ","402.64"
"10/05/2017 01:00:00 - 10/05/2017 02:00:00","BZN|DK1","403.61","n/e"," ","450.28"
"10/05/2017 02:00:00 - 10/05/2017 03:00:00","BZN|DK1","479.81","n/e"," ","500.71"
"10/05/2017 03:00:00 - 10/05/2017 04:00:00","BZN|DK1","344.52","n/e"," ","395.53"
"10/05/2017 04:00:00 - 10/05/2017 05:00:00","BZN|DK1","289.37","n/e"," ","319.87"
"10/05/2017 05:00:00 - 10/05/2017 06:00:00","BZN|DK1","249.03","n/e"," ","283.70"
"10/05/2017 06:00:00 - 10/05/2017 07:00:00","BZN|DK1","228.06","n/e"," ","246.19"
"10/05/2017 07:00:00 - 10/05/2017 08:00:00","BZN|DK1","184.51","n/e"," ","196.58"
"10/05/2017 08:00:00 - 10/05/2017 09:00:00","BZN|DK1","178.73","n/e"," ","193.00"
"10/05/2017 09:00:00 - 10/05/2017 10:00:00","BZN|DK1","153.71","n/e"," ","165.17"
"10/05/2017 10:00:00 - 10/05/2017 11:00:00","BZN|DK1","170.00","n/e"," ","183.34"
"10/05/2017 11:00:00 - 10/05/2017 12:00:00","BZN|DK1","181.54","n/e"," ","208.47"
"10/05/2017 12:00:00 - 10/05/2017 13:00:00","BZN|DK1","182.88","n/e"," ","232.25"
"10/05/2017 13:00:00 - 10/05/2017 14:00:00","BZN|DK1","189.88","n/e"," ","249.41"
"10/05/2017 14:00:00 - 10/05/2017 15:00:00","BZN|DK1","200.25","n/e"," ","263.07"
"10/05/2017 15:00:00 - 10/05/2017 16:00:00","BZN|DK1","208.67","n/e"," ","241.02"
"10/05/2017 16:00:00 - 10/05/2017 17:00:00","BZN|DK1","198.08","n/e"," ","256.47"
"10/05/2017 17:00:00 - 10/05/2017 18:00:00","BZN|DK1","170.04","n/e"," ","275.24"
"10/05/2017 18:00:00 - 10/05/2017 19:00:00","BZN|DK1","140.79","n/e"," ","395.75"
"10/05/2017 19:00:00 - 10/05/2017 20:00:00","BZN|DK1","111.71","n/e"," ","422.13"
"10/05/2017 20:00:00 - 10/05/2017 21:00:00","BZN|DK1","104.13","n/e"," ","407.74"
"10/05/2017 21:00:00 - 10/05/2017 22:00:00","BZN|DK1","108.33","n/e"," ","495.97"
"10/05/2017 22:00:00 - 10/05/2017 23:00:00","BZN|DK1","101.92","n/e"," ","495.03"
"10/05/2017 23:00:00 - 11/05/2017 00:00:00","BZN|DK1","81.83","n/e"," ","433.91"
"11/05/2017 00:00:00 - 11/05/2017 01:00:00","BZN|DK1","264.90","n/e"," ","294.80"
"11/05/2017 01:00:00 - 11/05/2017 02:00:00","BZN|DK1","165.77","n/e"," ","182.03"
"11/05/2017 02:00:00 - 11/05/2017 03:00:00","BZN|DK1","135.88","n/e"," ","128.85"
"11/05/2017 03:00:00 - 11/05/2017 04:00:00","BZN|DK1","75.23","n/e"," ","80.02"
"11/05/2017 04:00:00 - 11/05/2017 05:00:00","BZN|DK1","72.50","n/e"," ","68.91"
"11/05/2017 05:00:00 - 11/05/2017 06:00:00","BZN|DK1","39.98","n/e"," ","37.59"
"11/05/2017 06:00:00 - 11/05/2017 07:00:00","BZN|DK1","26.08","n/e"," ","29.43"
"11/05/2017 07:00:00 - 11/05/2017 08:00:00","BZN|DK1","26.72","n/e"," ","35.35"
"11/05/2017 08:00:00 - 11/05/2017 09:00:00","BZN|DK1","26.39","n/e"," ","24.51"
"11/05/2017 09:00:00 - 11/05/2017 10:00:00","BZN|DK1","16.92","n/e"," ","24.46"
"11/05/2017 10:00:00 - 11/05/2017 11:00:00","BZN|DK1","12.08","n/e"," ","9.97"
"11/05/2017 11:00:00 - 11/05/2017 12:00:00","BZN|DK1","11.71","n/e"," ","5.94"
"11/05/2017 12:00:00 - 11/05/2017 13:00:00","BZN|DK1","16.54","n/e"," ","6.28"
"11/05/2017 13:00:00 - 11/05/2017 14:00:00","BZN|DK1","24.04","n/e"," ","13.31"
"11/05/2017 14:00:00 - 11/05/2017 15:00:00","BZN|DK1","31.25","n/e"," ","21.36"
"11/05/2017 15:00:00 - 11/05/2017 16:00:00","BZN|DK1","32.96","n/e"," ","9.13"
"11/05/2017 16:00:00 - 11/05/2017 17:00:00","BZN|DK1","27.71","n/e"," ","8.95"
"11/05/2017 17:00:00 - 11/05/2017 18:00:00","BZN|DK1","38.00","n/e"," ","22.56"
"11/05/2017 18:00:00 - 11/05/2017 19:00:00","BZN|DK1","72.25","n/e"," ","84.10"
"11/05/2017 19:00:00 - 11/05/2017 20:00:00","BZN|DK1","120.58","n/e"," ","123.25"
"11/05/2017 20:00:00 - 11/05/2017 21:00:00","BZN|DK1","173.63","n/e"," ","144.70"
"11/05/2017 21:00:00 - 11/05/2017 22:00:00","BZN|DK1","237.46","n/e"," ","212.71"
"11/05/2017 22:00:00 - 11/05/2017 23:00:00","BZN|DK1","315.67","n/e"," ","372.08"
"11/05/2017 23:00:00 - 12/05/2017 00:00:00","BZN|DK1","376.29","n/e"," ","471.21"
"12/05/2017 00:00:00 - 12/05/2017 01:00:00","BZN|DK1","488.93","n/e"," ","519.70"
"12/05/2017 01:00:00 - 12/05/2017 02:00:00","BZN|DK1","498.54","n/e"," ","538.51"
"12/05/2017 02:00:00 - 12/05/2017 03:00:00","BZN|DK1","573.44","n/e"," ","605.78"
"12/05/2017 03:00:00 - 12/05/2017 04:00:00","BZN|DK1","599.32","n/e"," ","631.87"
"12/05/2017 04:00:00 - 12/05/2017 05:00:00","BZN|DK1","650.20","n/e"," ","692.07"
"12/05/2017 05:00:00 - 12/05/2017 06:00:00","BZN|DK1","691.25","n/e"," ","727.77"
"12/05/2017 06:00:00 - 12/05/2017 07:00:00","BZN|DK1","698.01","n/e"," ","740.80"
"12/05/2017 07:00:00 - 12/05/2017 08:00:00","BZN|DK1","696.15","n/e"," ","741.30"
"12/05/2017 08:00:00 - 12/05/2017 09:00:00","BZN|DK1","681.92","n/e"," ","746.59"
"12/05/2017 09:00:00 - 12/05/2017 10:00:00","BZN|DK1","678.96","n/e"," ","749.28"
"12/05/2017 10:00:00 - 12/05/2017 11:00:00","BZN|DK1","680.25","n/e"," ","722.30"
"12/05/2017 11:00:00 - 12/05/2017 12:00:00","BZN|DK1","670.42","n/e"," ","696.14"
"12/05/2017 12:00:00 - 12/05/2017 13:00:00","BZN|DK1","656.00","n/e"," ","701.57"
"12/05/2017 13:00:00 - 12/05/2017 14:00:00","BZN|DK1","643.08","n/e"," ","681.17"
"12/05/2017 14:00:00 - 12/05/2017 15:00:00","BZN|DK1","637.79","n/e"," ","630.18"
"12/05/2017 15:00:00 - 12/05/2017 16:00:00","BZN|DK1","643.46","n/e"," ","576.68"
"12/05/2017 16:00:00 - 12/05/2017 17:00:00","BZN|DK1","656.63","n/e"," ","535.67"
"12/05/2017 17:00:00 - 12/05/2017 18:00:00","BZN|DK1","691.54","n/e"," ","575.81"
"12/05/2017 18:00:00 - 12/05/2017 19:00:00","BZN|DK1","717.25","n/e"," ","584.60"
"12/05/2017 19:00:00 - 12/05/2017 20:00:00","BZN|DK1","721.83","n/e"," ","639.68"
"12/05/2017 20:00:00 - 12/05/2017 21:00:00","BZN|DK1","726.58","n/e"," ","751.92"
"12/05/2017 21:00:00 - 12/05/2017 22:00:00","BZN|DK1","730.42","n/e"," ","776.41"
"12/05/2017 22:00:00 - 12/05/2017 23:00:00","BZN|DK1","733.38","n/e"," ","782.82"
"12/05/2017 23:00:00 - 13/05/2017 00:00:00","BZN|DK1","728.25","n/e"," ","767.49"
"13/05/2017 00:00:00 - 13/05/2017 01:00:00","BZN|DK1","724.74","n/e"," ","769.76"
"13/05/2017 01:00:00 - 13/05/2017 02:00:00","BZN|DK1","728.96","n/e"," ","759.05"
"13/05/2017 02:00:00 - 13/05/2017 03:00:00","BZN|DK1","699.46","n/e"," ","741.54"
"13/05/2017 03:00:00 - 13/05/2017 04:00:00","BZN|DK1","663.39","n/e"," ","692.17"
"13/05/2017 04:00:00 - 13/05/2017 05:00:00","BZN|DK1","653.43","n/e"," ","684.14"
"13/05/2017 05:00:00 - 13/05/2017 06:00:00","BZN|DK1","642.31","n/e"," ","659.67"
"13/05/2017 06:00:00 - 13/05/2017 07:00:00","BZN|DK1","552.00","n/e"," ","587.19"
"13/05/2017 07:00:00 - 13/05/2017 08:00:00","BZN|DK1","509.00","n/e"," ","534.81"
"13/05/2017 08:00:00 - 13/05/2017 09:00:00","BZN|DK1","491.23","n/e"," ","497.87"
"13/05/2017 09:00:00 - 13/05/2017 10:00:00","BZN|DK1","454.71","n/e"," ","441.74"
"13/05/2017 10:00:00 - 13/05/2017 11:00:00","BZN|DK1","364.25","n/e"," ","341.17"
"13/05/2017 11:00:00 - 13/05/2017 12:00:00","BZN|DK1","306.54","n/e"," ","306.22"
"13/05/2017 12:00:00 - 13/05/2017 13:00:00","BZN|DK1","259.50","n/e"," ","368.57"
"13/05/2017 13:00:00 - 13/05/2017 14:00:00","BZN|DK1","209.00","n/e"," ","354.47"
"13/05/2017 14:00:00 - 13/05/2017 15:00:00","BZN|DK1","177.38","n/e"," ","142.30"
"13/05/2017 15:00:00 - 13/05/2017 16:00:00","BZN|DK1","162.46","n/e"," ","76.58"
"13/05/2017 16:00:00 - 13/05/2017 17:00:00","BZN|DK1","156.33","n/e"," ","84.76"
"13/05/2017 17:00:00 - 13/05/2017 18:00:00","BZN|DK1","161.21","n/e"," ","152.13"
"13/05/2017 18:00:00 - 13/05/2017 19:00:00","BZN|DK1","187.38","n/e"," ","198.23"
"13/05/2017 19:00:00 - 13/05/2017 20:00:00","BZN|DK1","219.67","n/e"," ","158.81"
"13/05/2017 20:00:00 - 13/05/2017 21:00:00","BZN|DK1","266.50","n/e"," ","197.57"
"13/05/2017 21:00:00 - 13/05/2017 22:00:00","BZN|DK1","291.42","n/e"," ","219.90"
"13/05/2017 22:00:00 - 13/05/2017 23:00:00","BZN|DK1","290.04","n/e"," ","249.71"
"13/05/2017 23:00:00 - 14/05/2017 00:00:00","BZN|DK1","272.50","n/e"," ","220.26"
"14/05/2017 00:00:00 - 14/05/2017 01:00:00","BZN|DK1","231.32","n/e"," ","251.28"
"14/05/2017 01:00:00 - 14/05/2017 02:00:00","BZN|DK1","195.59","n/e"," ","213.01"
"14/05/2017 02:00:00 - 14/05/2017 03:00:00","BZN|DK1","223.18","n/e"," ","234.96"
"14/05/2017 03:00:00 - 14/05/2017 04:00:00","BZN|DK1","210.98","n/e"," ","209.36"
"14/05/2017 04:00:00 - 14/05/2017 05:00:00","BZN|DK1","139.90","n/e"," ","133.84"
"14/05/2017 05:00:00 - 14/05/2017 06:00:00","BZN|DK1","108.60","n/e"," ","112.49"
"14/05/2017 06:00:00 - 14/05/2017 07:00:00","BZN|DK1","84.17","n/e"," ","86.53"
"14/05/2017 07:00:00 - 14/05/2017 08:00:00","BZN|DK1","78.13","n/e"," ","74.25"
"14/05/2017 08:00:00 - 14/05/2017 09:00:00","BZN|DK1","81.15","n/e"," ","85.34"
"14/05/2017 09:00:00 - 14/05/2017 10:00:00","BZN|DK1","86.75","n/e"," ","76.31"
"14/05/2017 10:00:00 - 14/05/2017 11:00:00","BZN|DK1","72.88","n/e"," ","62.72"
"14/05/2017 11:00:00 - 14/05/2017 12:00:00","BZN|DK1","69.63","n/e"," ","52.35"
"14/05/2017 12:00:00 - 14/05/2017 13:00:00","BZN|DK1","73.25","n/e"," ","43.97"
"14/05/2017 13:00:00 - 14/05/2017 14:00:00","BZN|DK1","79.04","n/e"," ","32.63"
"14/05/2017 14:00:00 - 14/05/2017 15:00:00","BZN|DK1","83.25","n/e"," ","46.68"
"14/05/2017 15:00:00 - 14/05/2017 16:00:00","BZN|DK1","82.92","n/e"," ","66.93"
"14/05/2017 16:00:00 - 14/05/2017 17:00:00","BZN|DK1","80.96","n/e"," ","98.21"
"14/05/2017 17:00:00 - 14/05/2017 18:00:00","BZN|DK1","76.54","n/e"," ","154.37"
"14/05/2017 18:00:00 - 14/05/2017 19:00:00","BZN|DK1","80.17","n/e"," ","165.56"
"14/05/2017 19:00:00 - 14/05/2017 20:00:00","BZN|DK1","95.33","n/e"," ","146.25"
"14/05/2017 20:00:00 - 14/05/2017 21:00:00","BZN|DK1","100.79","n/e"," ","91.84"
"14/05/2017 21:00:00 - 14/05/2017 22:00:00","BZN|DK1","107.67","n/e"," ","78.46"
"14/05/2017 22:00:00 - 14/05/2017 23:00:00","BZN|DK1","111.33","n/e"," ","21.47"
"14/05/2017 23:00:00 - 15/05/2017 00:00:00","BZN|DK1","104.79","n/e"," ","31.74"
"15/05/2017 00:00:00 - 15/05/2017 01:00:00","BZN|DK1","48.17","n/e"," ","53.18"
"15/05/2017 01:00:00 - 15/05/2017 02:00:00","BZN|DK1","44.40","n/e"," ","47.47"
"15/05/2017 02:00:00 - 15/05/2017 03:00:00","BZN|DK1","34.53","n/e"," ","35.48"
"15/05/2017 03:00:00 - 15/05/2017 04:00:00","BZN|DK1","33.11","n/e"," ","38.45"
"15/05/2017 04:00:00 - 15/05/2017 05:00:00","BZN|DK1","29.81","n/e"," ","30.09"
"15/05/2017 05:00:00 - 15/05/2017 06:00:00","BZN|DK1","21.48","n/e"," ","18.43"
"15/05/2017 06:00:00 - 15/05/2017 07:00:00","BZN|DK1","11.54","n/e"," ","21.53"
"15/05/2017 07:00:00 - 15/05/2017 08:00:00","BZN|DK1","32.52","n/e"," ","40.34"
"15/05/2017 08:00:00 - 15/05/2017 09:00:00","BZN|DK1","36.66","n/e"," ","45.25"
"15/05/2017 09:00:00 - 15/05/2017 10:00:00","BZN|DK1","45.00","n/e"," ","48.02"
"15/05/2017 10:00:00 - 15/05/2017 11:00:00","BZN|DK1","46.50","n/e"," ","70.09"
"15/05/2017 11:00:00 - 15/05/2017 12:00:00","BZN|DK1","43.83","n/e"," ","72.21"
"15/05/2017 12:00:00 - 15/05/2017 13:00:00","BZN|DK1","36.75","n/e"," ","37.25"
"15/05/2017 13:00:00 - 15/05/2017 14:00:00","BZN|DK1","29.33","n/e"," ","37.32"
"15/05/2017 14:00:00 - 15/05/2017 15:00:00","BZN|DK1","26.42","n/e"," ","25.00"
"15/05/2017 15:00:00 - 15/05/2017 16:00:00","BZN|DK1","28.63","n/e"," ","45.43"
"15/05/2017 16:00:00 - 15/05/2017 17:00:00","BZN|DK1","31.54","n/e"," ","51.19"
"15/05/2017 17:00:00 - 15/05/2017 18:00:00","BZN|DK1","31.04","n/e"," ","60.23"
"15/05/2017 18:00:00 - 15/05/2017 19:00:00","BZN|DK1","35.17","n/e"," ","71.71"
"15/05/2017 19:00:00 - 15/05/2017 20:00:00","BZN|DK1","41.75","n/e"," ","87.18"
"15/05/2017 20:00:00 - 15/05/2017 21:00:00","BZN|DK1","49.21","n/e"," ","65.53"
"15/05/2017 21:00:00 - 15/05/2017 22:00:00","BZN|DK1","54.25","n/e"," ","62.06"
"15/05/2017 22:00:00 - 15/05/2017 23:00:00","BZN|DK1","59.58","n/e"," ","116.02"
"15/05/2017 23:00:00 - 16/05/2017 00:00:00","BZN|DK1","73.54","n/e"," ","90.97"
"16/05/2017 00:00:00 - 16/05/2017 01:00:00","BZN|DK1","73.04","n/e"," ","69.42"
"16/05/2017 01:00:00 - 16/05/2017 02:00:00","BZN|DK1","94.61","n/e"," ","77.19"
"16/05/2017 02:00:00 - 16/05/2017 03:00:00","BZN|DK1","109.73","n/e"," ","120.14"
"16/05/2017 03:00:00 - 16/05/2017 04:00:00","BZN|DK1","139.64","n/e"," ","142.89"
"16/05/2017 04:00:00 - 16/05/2017 05:00:00","BZN|DK1","156.65","n/e"," ","173.75"
"16/05/2017 05:00:00 - 16/05/2017 06:00:00","BZN|DK1","197.13","n/e"," ","217.45"
"16/05/2017 06:00:00 - 16/05/2017 07:00:00","BZN|DK1","250.19","n/e"," ","275.75"
"16/05/2017 07:00:00 - 16/05/2017 08:00:00","BZN|DK1","327.68","n/e"," ","371.52"
"16/05/2017 08:00:00 - 16/05/2017 09:00:00","BZN|DK1","418.30","n/e"," ","437.88"
"16/05/2017 09:00:00 - 16/05/2017 10:00:00","BZN|DK1","438.46","n/e"," ","526.62"
"16/05/2017 10:00:00 - 16/05/2017 11:00:00","BZN|DK1","409.04","n/e"," ","554.35"
"16/05/2017 11:00:00 - 16/05/2017 12:00:00","BZN|DK1","422.75","n/e"," ","533.09"
"16/05/2017 12:00:00 - 16/05/2017 13:00:00","BZN|DK1","431.63","n/e"," ","516.95"
"16/05/2017 13:00:00 - 16/05/2017 14:00:00","BZN|DK1","429.54","n/e"," ","511.48"
"16/05/2017 14:00:00 - 16/05/2017 15:00:00","BZN|DK1","426.17","n/e"," ","523.98"
"16/05/2017 15:00:00 - 16/05/2017 16:00:00","BZN|DK1","422.83","n/e"," ","506.11"
"16/05/2017 16:00:00 - 16/05/2017 17:00:00","BZN|DK1","418.50","n/e"," ","516.44"
"16/05/2017 17:00:00 - 16/05/2017 18:00:00","BZN|DK1","430.25","n/e"," ","506.30"
"16/05/2017 18:00:00 - 16/05/2017 19:00:00","BZN|DK1","446.75","n/e"," ","474.91"
"16/05/2017 19:00:00 - 16/05/2017 20:00:00","BZN|DK1","446.38","n/e"," ","461.19"
"16/05/2017 20:00:00 - 16/05/2017 21:00:00","BZN|DK1","443.96","n/e"," ","471.13"
"16/05/2017 21:00:00 - 16/05/2017 22:00:00","BZN|DK1","438.63","n/e"," ","493.63"
"16/05/2017 22:00:00 - 16/05/2017 23:00:00","BZN|DK1","427.83","n/e"," ","469.88"
"16/05/2017 23:00:00 - 17/05/2017 00:00:00","BZN|DK1","402.67","n/e"," ","433.35"
"17/05/2017 00:00:00 - 17/05/2017 01:00:00","BZN|DK1","409.68","n/e"," ","425.32"
"17/05/2017 01:00:00 - 17/05/2017 02:00:00","BZN|DK1","385.95","n/e"," ","406.18"
"17/05/2017 02:00:00 - 17/05/2017 03:00:00","BZN|DK1","360.63","n/e"," ","389.11"
"17/05/2017 03:00:00 - 17/05/2017 04:00:00","BZN|DK1","366.82","n/e"," ","379.88"
"17/05/2017 04:00:00 - 17/05/2017 05:00:00","BZN|DK1","340.75","n/e"," ","350.83"
"17/05/2017 05:00:00 - 17/05/2017 06:00:00","BZN|DK1","295.19","n/e"," ","302.79"
"17/05/2017 06:00:00 - 17/05/2017 07:00:00","BZN|DK1","209.89","n/e"," ","203.00"
"17/05/2017 07:00:00 - 17/05/2017 08:00:00","BZN|DK1","96.25","n/e"," ","97.63"
"17/05/2017 08:00:00 - 17/05/2017 09:00:00","BZN|DK1","81.70","n/e"," ","51.90"
"17/05/2017 09:00:00 - 17/05/2017 10:00:00","BZN|DK1","131.92","n/e"," ","72.67"
"17/05/2017 10:00:00 - 17/05/2017 11:00:00","BZN|DK1","129.92","n/e"," ","84.50"
"17/05/2017 11:00:00 - 17/05/2017 12:00:00","BZN|DK1","99.83","n/e"," ","60.98"
"17/05/2017 12:00:00 - 17/05/2017 13:00:00","BZN|DK1","80.67","n/e"," ","71.90"
"17/05/2017 13:00:00 - 17/05/2017 14:00:00","BZN|DK1","68.17","n/e"," ","47.79"
"17/05/2017 14:00:00 - 17/05/2017 15:00:00","BZN|DK1","59.29","n/e"," ","35.06"
"17/05/2017 15:00:00 - 17/05/2017 16:00:00","BZN|DK1","57.04","n/e"," ","32.58"
"17/05/2017 16:00:00 - 17/05/2017 17:00:00","BZN|DK1","61.96","n/e"," ","50.62"
"17/05/2017 17:00:00 - 17/05/2017 18:00:00","BZN|DK1","76.83","n/e"," ","18.79"
"17/05/2017 18:00:00 - 17/05/2017 19:00:00","BZN|DK1","100.63","n/e"," ","26.00"
"17/05/2017 19:00:00 - 17/05/2017 20:00:00","BZN|DK1","144.71","n/e"," ","64.14"
"17/05/2017 20:00:00 - 17/05/2017 21:00:00","BZN|DK1","216.50","n/e"," ","158.54"
"17/05/2017 21:00:00 - 17/05/2017 22:00:00","BZN|DK1","316.88","n/e"," ","201.67"
"17/05/2017 22:00:00 - 17/05/2017 23:00:00","BZN|DK1","419.29","n/e"," ","296.81"
"17/05/2017 23:00:00 - 18/05/2017 00:00:00","BZN|DK1","492.13","n/e"," ","410.15"
"18/05/2017 00:00:00 - 18/05/2017 01:00:00","BZN|DK1","538.17","n/e"," ","593.88"
"18/05/2017 01:00:00 - 18/05/2017 02:00:00","BZN|DK1","627.18","n/e"," ","677.71"
"18/05/2017 02:00:00 - 18/05/2017 03:00:00","BZN|DK1","631.13","n/e"," ","682.62"
"18/05/2017 03:00:00 - 18/05/2017 04:00:00","BZN|DK1","635.58","n/e"," ","683.69"
"18/05/2017 04:00:00 - 18/05/2017 05:00:00","BZN|DK1","635.05","n/e"," ","679.78"
"18/05/2017 05:00:00 - 18/05/2017 06:00:00","BZN|DK1","623.62","n/e"," ","678.09"
"18/05/2017 06:00:00 - 18/05/2017 07:00:00","BZN|DK1","628.48","n/e"," ","685.88"
"18/05/2017 07:00:00 - 18/05/2017 08:00:00","BZN|DK1","629.58","n/e"," ","682.68"
"18/05/2017 08:00:00 - 18/05/2017 09:00:00","BZN|DK1","614.37","n/e"," ","662.86"
"18/05/2017 09:00:00 - 18/05/2017 10:00:00","BZN|DK1","575.88","n/e"," ","591.17"
"18/05/2017 10:00:00 - 18/05/2017 11:00:00","BZN|DK1","518.29","n/e"," ","476.36"
"18/05/2017 11:00:00 - 18/05/2017 12:00:00","BZN|DK1","489.63","n/e"," ","457.80"
"18/05/2017 12:00:00 - 18/05/2017 13:00:00","BZN|DK1","468.54","n/e"," ","455.26"
"18/05/2017 13:00:00 - 18/05/2017 14:00:00","BZN|DK1","447.88","n/e"," ","413.07"
"18/05/2017 14:00:00 - 18/05/2017 15:00:00","BZN|DK1","425.21","n/e"," ","373.93"
"18/05/2017 15:00:00 - 18/05/2017 16:00:00","BZN|DK1","394.79","n/e"," ","414.06"
"18/05/2017 16:00:00 - 18/05/2017 17:00:00","BZN|DK1","347.04","n/e"," ","436.40"
"18/05/2017 17:00:00 - 18/05/2017 18:00:00","BZN|DK1","285.83","n/e"," ","412.74"
"18/05/2017 18:00:00 - 18/05/2017 19:00:00","BZN|DK1","252.08","n/e"," ","244.12"
"18/05/2017 19:00:00 - 18/05/2017 20:00:00","BZN|DK1","205.46","n/e"," ","153.11"
"18/05/2017 20:00:00 - 18/05/2017 21:00:00","BZN|DK1","157.42","n/e"," ","157.78"
"18/05/2017 21:00:00 - 18/05/2017 22:00:00","BZN|DK1","135.79","n/e"," ","90.76"
"18/05/2017 22:00:00 - 18/05/2017 23:00:00","BZN|DK1","111.54","n/e"," ","76.72"
"18/05/2017 23:00:00 - 19/05/2017 00:00:00","BZN|DK1","98.29","n/e"," ","82.31"
"19/05/2017 00:00:00 - 19/05/2017 01:00:00","BZN|DK1","42.90","n/e"," ","35.25"
"19/05/2017 01:00:00 - 19/05/2017 02:00:00","BZN|DK1","30.96","n/e"," ","30.96"
"19/05/2017 02:00:00 - 19/05/2017 03:00:00","BZN|DK1","33.01","n/e"," ","39.81"
"19/05/2017 03:00:00 - 19/05/2017 04:00:00","BZN|DK1","58.23","n/e"," ","51.83"
"19/05/2017 04:00:00 - 19/05/2017 05:00:00","BZN|DK1","40.77","n/e"," ","43.23"
"19/05/2017 05:00:00 - 19/05/2017 06:00:00","BZN|DK1","38.01","n/e"," ","34.57"
"19/05/2017 06:00:00 - 19/05/2017 07:00:00","BZN|DK1","18.22","n/e"," ","17.31"
"19/05/2017 07:00:00 - 19/05/2017 08:00:00","BZN|DK1","30.91","n/e"," ","39.89"
"19/05/2017 08:00:00 - 19/05/2017 09:00:00","BZN|DK1","54.72","n/e"," ","25.93"
"19/05/2017 09:00:00 - 19/05/2017 10:00:00","BZN|DK1","48.17","n/e"," ","20.45"
"19/05/2017 10:00:00 - 19/05/2017 11:00:00","BZN|DK1","35.75","n/e"," ","11.23"
"19/05/2017 11:00:00 - 19/05/2017 12:00:00","BZN|DK1","43.08","n/e"," ","9.82"
"19/05/2017 12:00:00 - 19/05/2017 13:00:00","BZN|DK1","49.08","n/e"," ","15.80"
"19/05/2017 13:00:00 - 19/05/2017 14:00:00","BZN|DK1","47.79","n/e"," ","11.77"
"19/05/2017 14:00:00 - 19/05/2017 15:00:00","BZN|DK1","47.00","n/e"," ","15.62"
"19/05/2017 15:00:00 - 19/05/2017 16:00:00","BZN|DK1","50.83","n/e"," ","10.02"
"19/05/2017 16:00:00 - 19/05/2017 17:00:00","BZN|DK1","62.79","n/e"," ","38.79"
"19/05/2017 17:00:00 - 19/05/2017 18:00:00","BZN|DK1","64.00","n/e"," ","60.20"
"19/05/2017 18:00:00 - 19/05/2017 19:00:00","BZN|DK1","70.96","n/e"," ","81.31"
"19/05/2017 19:00:00 - 19/05/2017 20:00:00","BZN|DK1","97.63","n/e"," ","101.68"
"19/05/2017 20:00:00 - 19/05/2017 21:00:00","BZN|DK1","131.17","n/e"," ","150.03"
"19/05/2017 21:00:00 - 19/05/2017 22:00:00","BZN|DK1","156.04","n/e"," ","183.31"
"19/05/2017 22:00:00 - 19/05/2017 23:00:00","BZN|DK1","169.33","n/e"," ","167.45"
"19/05/2017 23:00:00 - 20/05/2017 00:00:00","BZN|DK1","173.17","n/e"," ","137.31"
"20/05/2017 00:00:00 - 20/05/2017 01:00:00","BZN|DK1","137.16","n/e"," ","147.27"
"20/05/2017 01:00:00 - 20/05/2017 02:00:00","BZN|DK1","108.86","n/e"," ","115.19"
"20/05/2017 02:00:00 - 20/05/2017 03:00:00","BZN|DK1","93.51","n/e"," ","102.58"
"20/05/2017 03:00:00 - 20/05/2017 04:00:00","BZN|DK1","61.08","n/e"," ","96.58"
"20/05/2017 04:00:00 - 20/05/2017 05:00:00","BZN|DK1","73.91","n/e"," ","115.57"
"20/05/2017 05:00:00 - 20/05/2017 06:00:00","BZN|DK1","95.13","n/e"," ","103.92"
"20/05/2017 06:00:00 - 20/05/2017 07:00:00","BZN|DK1","113.76","n/e"," ","155.89"
"20/05/2017 07:00:00 - 20/05/2017 08:00:00","BZN|DK1","152.62","n/e"," ","183.47"
"20/05/2017 08:00:00 - 20/05/2017 09:00:00","BZN|DK1","146.75","n/e"," ","262.48"
"20/05/2017 09:00:00 - 20/05/2017 10:00:00","BZN|DK1","196.42","n/e"," ","422.80"
"20/05/2017 10:00:00 - 20/05/2017 11:00:00","BZN|DK1","252.83","n/e"," ","463.92"
"20/05/2017 11:00:00 - 20/05/2017 12:00:00","BZN|DK1","294.71","n/e"," ","435.51"
"20/05/2017 12:00:00 - 20/05/2017 13:00:00","BZN|DK1","311.67","n/e"," ","387.73"
"20/05/2017 13:00:00 - 20/05/2017 14:00:00","BZN|DK1","312.75","n/e"," ","257.20"
"20/05/2017 14:00:00 - 20/05/2017 15:00:00","BZN|DK1","306.46","n/e"," ","374.58"
"20/05/2017 15:00:00 - 20/05/2017 16:00:00","BZN|DK1","300.71","n/e"," ","357.37"
"20/05/2017 16:00:00 - 20/05/2017 17:00:00","BZN|DK1","291.67","n/e"," ","221.97"
"20/05/2017 17:00:00 - 20/05/2017 18:00:00","BZN|DK1","280.42","n/e"," ","101.57"
"20/05/2017 18:00:00 - 20/05/2017 19:00:00","BZN|DK1","269.50","n/e"," ","113.21"
"20/05/2017 19:00:00 - 20/05/2017 20:00:00","BZN|DK1","270.42","n/e"," ","242.87"
"20/05/2017 20:00:00 - 20/05/2017 21:00:00","BZN|DK1","258.54","n/e"," ","226.67"
"20/05/2017 21:00:00 - 20/05/2017 22:00:00","BZN|DK1","234.00","n/e"," ","256.48"
"20/05/2017 22:00:00 - 20/05/2017 23:00:00","BZN|DK1","199.17","n/e"," ","240.63"
"20/05/2017 23:00:00 - 21/05/2017 00:00:00","BZN|DK1","180.13","n/e"," ","192.05"
"21/05/2017 00:00:00 - 21/05/2017 01:00:00","BZN|DK1","133.46","n/e"," ","134.79"
"21/05/2017 01:00:00 - 21/05/2017 02:00:00","BZN|DK1","98.42","n/e"," ","109.09"
"21/05/2017 02:00:00 - 21/05/2017 03:00:00","BZN|DK1","127.99","n/e"," ","140.89"
"21/05/2017 03:00:00 - 21/05/2017 04:00:00","BZN|DK1","183.10","n/e"," ","197.88"
"21/05/2017 04:00:00 - 21/05/2017 05:00:00","BZN|DK1","195.09","n/e"," ","199.02"
"21/05/2017 05:00:00 - 21/05/2017 06:00:00","BZN|DK1","223.15","n/e"," ","235.21"
"21/05/2017 06:00:00 - 21/05/2017 07:00:00","BZN|DK1","223.76","n/e"," ","235.51"
"21/05/2017 07:00:00 - 21/05/2017 08:00:00","BZN|DK1","214.52","n/e"," ","215.38"
"21/05/2017 08:00:00 - 21/05/2017 09:00:00","BZN|DK1","210.77","n/e"," ","174.41"
"21/05/2017 09:00:00 - 21/05/2017 10:00:00","BZN|DK1","181.63","n/e"," ","155.94"
"21/05/2017 10:00:00 - 21/05/2017 11:00:00","BZN|DK1","147.29","n/e"," ","123.49"
"21/05/2017 11:00:00 - 21/05/2017 12:00:00","BZN|DK1","128.00","n/e"," ","88.68"
"21/05/2017 12:00:00 - 21/05/2017 13:00:00","BZN|DK1","112.96","n/e"," ","102.59"
"21/05/2017 13:00:00 - 21/05/2017 14:00:00","BZN|DK1","102.67","n/e"," ","120.81"
"21/05/2017 14:00:00 - 21/05/2017 15:00:00","BZN|DK1","89.38","n/e"," ","94.88"
"21/05/2017 15:00:00 - 21/05/2017 16:00:00","BZN|DK1","74.96","n/e"," ","69.89"
"21/05/2017 16:00:00 - 21/05/2017 17:00:00","BZN|DK1","64.92","n/e"," ","52.64"
"21/05/2017 17:00:00 - 21/05/2017 18:00:00","BZN|DK1","63.54","n/e"," ","38.24"
"21/05/2017 18:00:00 - 21/05/2017 19:00:00","BZN|DK1","62.75","n/e"," ","34.09"
"21/05/2017 19:00:00 - 21/05/2017 20:00:00","BZN|DK1","53.96","n/e"," ","26.28"
"21/05/2017 20:00:00 - 21/05/2017 21:00:00","BZN|DK1","51.38","n/e"," ","17.52"
"21/05/2017 21:00:00 - 21/05/2017 22:00:00","BZN|DK1","60.79","n/e"," ","14.75"
"21/05/2017 22:00:00 - 21/05/2017 23:00:00","BZN|DK1","63.96","n/e"," ","12.86"
"21/05/2017 23:00:00 - 22/05/2017 00:00:00","BZN|DK1","66.38","n/e"," ","16.18"
"22/05/2017 00:00:00 - 22/05/2017 01:00:00","BZN|DK1","39.68","n/e"," ","51.61"
"22/05/2017 01:00:00 - 22/05/2017 02:00:00","BZN|DK1","61.61","n/e"," ","64.48"
"22/05/2017 02:00:00 - 22/05/2017 03:00:00","BZN|DK1","70.83","n/e"," ","72.33"
"22/05/2017 03:00:00 - 22/05/2017 04:00:00","BZN|DK1","38.41","n/e"," ","39.91"
"22/05/2017 04:00:00 - 22/05/2017 05:00:00","BZN|DK1","26.49","n/e"," ","31.54"
"22/05/2017 05:00:00 - 22/05/2017 06:00:00","BZN|DK1","40.59","n/e"," ","42.14"
"22/05/2017 06:00:00 - 22/05/2017 07:00:00","BZN|DK1","40.85","n/e"," ","39.40"
"22/05/2017 07:00:00 - 22/05/2017 08:00:00","BZN|DK1","27.92","n/e"," ","26.75"
"22/05/2017 08:00:00 - 22/05/2017 09:00:00","BZN|DK1","26.69","n/e"," ","22.67"
"22/05/2017 09:00:00 - 22/05/2017 10:00:00","BZN|DK1","21.29","n/e"," ","22.82"
"22/05/2017 10:00:00 - 22/05/2017 11:00:00","BZN|DK1","17.38","n/e"," ","20.04"
"22/05/2017 11:00:00 - 22/05/2017 12:00:00","BZN|DK1","10.83","n/e"," ","6.85"
"22/05/2017 12:00:00 - 22/05/2017 13:00:00","BZN|DK1","5.67","n/e"," ","1.22"
"22/05/2017 13:00:00 - 22/05/2017 14:00:00","BZN|DK1","4.29","n/e"," ","1.80"
"22/05/2017 14:00:00 - 22/05/2017 15:00:00","BZN|DK1","6.00","n/e"," ","1.86"
"22/05/2017 15:00:00 - 22/05/2017 16:00:00","BZN|DK1","9.58","n/e"," ","2.22"
"22/05/2017 16:00:00 - 22/05/2017 17:00:00","BZN|DK1","13.88","n/e"," ","1.91"
"22/05/2017 17:00:00 - 22/05/2017 18:00:00","BZN|DK1","19.71","n/e"," ","1.48"
"22/05/2017 18:00:00 - 22/05/2017 19:00:00","BZN|DK1","18.75","n/e"," ","3.40"
"22/05/2017 19:00:00 - 22/05/2017 20:00:00","BZN|DK1","15.92","n/e"," ","10.76"
"22/05/2017 20:00:00 - 22/05/2017 21:00:00","BZN|DK1","12.67","n/e"," ","14.37"
"22/05/2017 21:00:00 - 22/05/2017 22:00:00","BZN|DK1","11.21","n/e"," ","19.81"
"22/05/2017 22:00:00 - 22/05/2017 23:00:00","BZN|DK1","17.21","n/e"," ","24.07"
"22/05/2017 23:00:00 - 23/05/2017 00:00:00","BZN|DK1","25.08","n/e"," ","40.67"
"23/05/2017 00:00:00 - 23/05/2017 01:00:00","BZN|DK1","49.52","n/e"," ","45.50"
"23/05/2017 01:00:00 - 23/05/2017 02:00:00","BZN|DK1","46.28","n/e"," ","46.29"
"23/05/2017 02:00:00 - 23/05/2017 03:00:00","BZN|DK1","69.07","n/e"," ","67.78"
"23/05/2017 03:00:00 - 23/05/2017 04:00:00","BZN|DK1","82.54","n/e"," ","69.17"
"23/05/2017 04:00:00 - 23/05/2017 05:00:00","BZN|DK1","96.83","n/e"," ","90.51"
"23/05/2017 05:00:00 - 23/05/2017 06:00:00","BZN|DK1","107.91","n/e"," ","104.31"
"23/05/2017 06:00:00 - 23/05/2017 07:00:00","BZN|DK1","108.68","n/e"," ","104.47"
"23/05/2017 07:00:00 - 23/05/2017 08:00:00","BZN|DK1","86.92","n/e"," ","84.09"
"23/05/2017 08:00:00 - 23/05/2017 09:00:00","BZN|DK1","75.58","n/e"," ","95.97"
"23/05/2017 09:00:00 - 23/05/2017 10:00:00","BZN|DK1","58.54","n/e"," ","60.78"
"23/05/2017 10:00:00 - 23/05/2017 11:00:00","BZN|DK1","48.04","n/e"," ","38.27"
"23/05/2017 11:00:00 - 23/05/2017 12:00:00","BZN|DK1","51.63","n/e"," ","10.88"
"23/05/2017 12:00:00 - 23/05/2017 13:00:00","BZN|DK1","65.63","n/e"," ","40.15"
"23/05/2017 13:00:00 - 23/05/2017 14:00:00","BZN|DK1","91.83","n/e"," ","118.98"
"23/05/2017 14:00:00 - 23/05/2017 15:00:00","BZN|DK1","143.96","n/e"," ","134.87"
"23/05/2017 15:00:00 - 23/05/2017 16:00:00","BZN|DK1","220.29","n/e"," ","266.85"
"23/05/2017 16:00:00 - 23/05/2017 17:00:00","BZN|DK1","301.13","n/e"," ","345.55"
"23/05/2017 17:00:00 - 23/05/2017 18:00:00","BZN|DK1","348.29","n/e"," ","311.89"
"23/05/2017 18:00:00 - 23/05/2017 19:00:00","BZN|DK1","363.25","n/e"," ","365.41"
"23/05/2017 19:00:00 - 23/05/2017 20:00:00","BZN|DK1","362.83","n/e"," ","420.74"
"23/05/2017 20:00:00 - 23/05/2017 21:00:00","BZN|DK1","357.21","n/e"," ","333.88"
"23/05/2017 21:00:00 - 23/05/2017 22:00:00","BZN|DK1","366.88","n/e"," ","257.23"
"23/05/2017 22:00:00 - 23/05/2017 23:00:00","BZN|DK1","382.50","n/e"," ","258.27"
"23/05/2017 23:00:00 - 24/05/2017 00:00:00","BZN|DK1","404.17","n/e"," ","560.65"
"24/05/2017 00:00:00 - 24/05/2017 01:00:00","BZN|DK1","618.46","n/e"," ","650.61"
"24/05/2017 01:00:00 - 24/05/2017 02:00:00","BZN|DK1","577.47","n/e"," ","609.03"
"24/05/2017 02:00:00 - 24/05/2017 03:00:00","BZN|DK1","483.78","n/e"," ","523.91"
"24/05/2017 03:00:00 - 24/05/2017 04:00:00","BZN|DK1","531.40","n/e"," ","569.67"
"24/05/2017 04:00:00 - 24/05/2017 05:00:00","BZN|DK1","625.19","n/e"," ","672.09"
"24/05/2017 05:00:00 - 24/05/2017 06:00:00","BZN|DK1","613.80","n/e"," ","666.37"
"24/05/2017 06:00:00 - 24/05/2017 07:00:00","BZN|DK1","630.97","n/e"," ","678.87"
"24/05/2017 07:00:00 - 24/05/2017 08:00:00","BZN|DK1","630.56","n/e"," ","680.64"
"24/05/2017 08:00:00 - 24/05/2017 09:00:00","BZN|DK1","536.10","n/e"," ","625.41"
"24/05/2017 09:00:00 - 24/05/2017 10:00:00","BZN|DK1","445.38","n/e"," ","450.73"
"24/05/2017 10:00:00 - 24/05/2017 11:00:00","BZN|DK1","351.08","n/e"," ","371.69"
"24/05/2017 11:00:00 - 24/05/2017 12:00:00","BZN|DK1","284.83","n/e"," ","278.12"
"24/05/2017 12:00:00 - 24/05/2017 13:00:00","BZN|DK1","238.17","n/e"," ","192.52"
"24/05/2017 13:00:00 - 24/05/2017 14:00:00","BZN|DK1","210.79","n/e"," ","183.16"
"24/05/2017 14:00:00 - 24/05/2017 15:00:00","BZN|DK1","197.08","n/e"," ","140.60"
"24/05/2017 15:00:00 - 24/05/2017 16:00:00","BZN|DK1","198.33","n/e"," ","122.48"
"24/05/2017 16:00:00 - 24/05/2017 17:00:00","BZN|DK1","222.33","n/e"," ","118.17"
"24/05/2017 17:00:00 - 24/05/2017 18:00:00","BZN|DK1","256.42","n/e"," ","141.58"
"24/05/2017 18:00:00 - 24/05/2017 19:00:00","BZN|DK1","314.58","n/e"," ","242.32"
"24/05/2017 19:00:00 - 24/05/2017 20:00:00","BZN|DK1","378.38","n/e"," ","350.28"
"24/05/2017 20:00:00 - 24/05/2017 21:00:00","BZN|DK1","435.08","n/e"," ","350.47"
"24/05/2017 21:00:00 - 24/05/2017 22:00:00","BZN|DK1","495.42","n/e"," ","369.09"
"24/05/2017 22:00:00 - 24/05/2017 23:00:00","BZN|DK1","533.17","n/e"," ","455.17"
"24/05/2017 23:00:00 - 25/05/2017 00:00:00","BZN|DK1","563.17","n/e"," ","511.36"
"25/05/2017 00:00:00 - 25/05/2017 01:00:00","BZN|DK1","550.22","n/e"," ","596.73"
"25/05/2017 01:00:00 - 25/05/2017 02:00:00","BZN|DK1","503.03","n/e"," ","535.25"
"25/05/2017 02:00:00 - 25/05/2017 03:00:00","BZN|DK1","506.69","n/e"," ","549.18"
"25/05/2017 03:00:00 - 25/05/2017 04:00:00","BZN|DK1","562.61","n/e"," ","620.76"
"25/05/2017 04:00:00 - 25/05/2017 05:00:00","BZN|DK1","622.71","n/e"," ","663.98"
"25/05/2017 05:00:00 - 25/05/2017 06:00:00","BZN|DK1","635.93","n/e"," ","684.23"
"25/05/2017 06:00:00 - 25/05/2017 07:00:00","BZN|DK1","621.02","n/e"," ","661.69"
"25/05/2017 07:00:00 - 25/05/2017 08:00:00","BZN|DK1","597.69","n/e"," ","630.54"
"25/05/2017 08:00:00 - 25/05/2017 09:00:00","BZN|DK1","602.63","n/e"," ","590.53"
"25/05/2017 09:00:00 - 25/05/2017 10:00:00","BZN|DK1","583.75","n/e"," ","531.66"
"25/05/2017 10:00:00 - 25/05/2017 11:00:00","BZN|DK1","536.58","n/e"," ","391.65"
"25/05/2017 11:00:00 - 25/05/2017 12:00:00","BZN|DK1","491.79","n/e"," ","321.65"
"25/05/2017 12:00:00 - 25/05/2017 13:00:00","BZN|DK1","459.25","n/e"," ","300.19"
"25/05/2017 13:00:00 - 25/05/2017 14:00:00","BZN|DK1","431.29","n/e"," ","228.89"
"25/05/2017 14:00:00 - 25/05/2017 15:00:00","BZN|DK1","412.58","n/e"," ","224.77"
"25/05/2017 15:00:00 - 25/05/2017 16:00:00","BZN|DK1","390.21","n/e"," ","296.39"
"25/05/2017 16:00:00 - 25/05/2017 17:00:00","BZN|DK1","373.00","n/e"," ","242.67"
"25/05/2017 17:00:00 - 25/05/2017 18:00:00","BZN|DK1","382.83","n/e"," ","350.21"
"25/05/2017 18:00:00 - 25/05/2017 19:00:00","BZN|DK1","434.96","n/e"," ","356.87"
"25/05/2017 19:00:00 - 25/05/2017 20:00:00","BZN|DK1","479.04","n/e"," ","419.98"
"25/05/2017 20:00:00 - 25/05/2017 21:00:00","BZN|DK1","510.46","n/e"," ","466.39"
"25/05/2017 21:00:00 - 25/05/2017 22:00:00","BZN|DK1","528.88","n/e"," ","522.47"
"25/05/2017 22:00:00 - 25/05/2017 23:00:00","BZN|DK1","532.08","n/e"," ","499.96"
"25/05/2017 23:00:00 - 26/05/2017 00:00:00","BZN|DK1","530.96","n/e"," ","504.80"
"26/05/2017 00:00:00 - 26/05/2017 01:00:00","BZN|DK1","472.74","n/e"," ","517.74"
"26/05/2017 01:00:00 - 26/05/2017 02:00:00","BZN|DK1","486.95","n/e"," ","532.18"
"26/05/2017 02:00:00 - 26/05/2017 03:00:00","BZN|DK1","502.59","n/e"," ","546.49"
"26/05/2017 03:00:00 - 26/05/2017 04:00:00","BZN|DK1","472.35","n/e"," ","490.27"
"26/05/2017 04:00:00 - 26/05/2017 05:00:00","BZN|DK1","383.58","n/e"," ","418.30"
"26/05/2017 05:00:00 - 26/05/2017 06:00:00","BZN|DK1","384.79","n/e"," ","400.99"
"26/05/2017 06:00:00 - 26/05/2017 07:00:00","BZN|DK1","341.26","n/e"," ","385.18"
"26/05/2017 07:00:00 - 26/05/2017 08:00:00","BZN|DK1","358.33","n/e"," ","377.26"
"26/05/2017 08:00:00 - 26/05/2017 09:00:00","BZN|DK1","286.02","n/e"," ","324.38"
"26/05/2017 09:00:00 - 26/05/2017 10:00:00","BZN|DK1","197.75","n/e"," ","222.55"
"26/05/2017 10:00:00 - 26/05/2017 11:00:00","BZN|DK1","140.29","n/e"," ","159.97"
"26/05/2017 11:00:00 - 26/05/2017 12:00:00","BZN|DK1","106.46","n/e"," ","107.17"
"26/05/2017 12:00:00 - 26/05/2017 13:00:00","BZN|DK1","86.75","n/e"," ","69.73"
"26/05/2017 13:00:00 - 26/05/2017 14:00:00","BZN|DK1","72.71","n/e"," ","46.95"
"26/05/2017 14:00:00 - 26/05/2017 15:00:00","BZN|DK1","61.63","n/e"," ","25.43"
"26/05/2017 15:00:00 - 26/05/2017 16:00:00","BZN|DK1","56.21","n/e"," ","13.66"
"26/05/2017 16:00:00 - 26/05/2017 17:00:00","BZN|DK1","52.13","n/e"," ","20.27"
"26/05/2017 17:00:00 - 26/05/2017 18:00:00","BZN|DK1","47.04","n/e"," ","17.01"
"26/05/2017 18:00:00 - 26/05/2017 19:00:00","BZN|DK1","41.54","n/e"," ","9.33"
"26/05/2017 19:00:00 - 26/05/2017 20:00:00","BZN|DK1","40.21","n/e"," ","8.17"
"26/05/2017 20:00:00 - 26/05/2017 21:00:00","BZN|DK1","36.63","n/e"," ","10.53"
"26/05/2017 21:00:00 - 26/05/2017 22:00:00","BZN|DK1","34.58","n/e"," ","11.50"
"26/05/2017 22:00:00 - 26/05/2017 23:00:00","BZN|DK1","37.50","n/e"," ","26.00"
"26/05/2017 23:00:00 - 27/05/2017 00:00:00","BZN|DK1","42.46","n/e"," ","42.65"
"27/05/2017 00:00:00 - 27/05/2017 01:00:00","BZN|DK1","18.95","n/e"," ","18.10"
"27/05/2017 01:00:00 - 27/05/2017 02:00:00","BZN|DK1","7.66","n/e"," ","14.98"
"27/05/2017 02:00:00 - 27/05/2017 03:00:00","BZN|DK1","21.26","n/e"," ","19.89"
"27/05/2017 03:00:00 - 27/05/2017 04:00:00","BZN|DK1","23.58","n/e"," ","24.83"
"27/05/2017 04:00:00 - 27/05/2017 05:00:00","BZN|DK1","37.47","n/e"," ","39.12"
"27/05/2017 05:00:00 - 27/05/2017 06:00:00","BZN|DK1","64.12","n/e"," ","66.82"
"27/05/2017 06:00:00 - 27/05/2017 07:00:00","BZN|DK1","88.91","n/e"," ","91.70"
"27/05/2017 07:00:00 - 27/05/2017 08:00:00","BZN|DK1","123.93","n/e"," ","123.42"
"27/05/2017 08:00:00 - 27/05/2017 09:00:00","BZN|DK1","126.65","n/e"," ","121.08"
"27/05/2017 09:00:00 - 27/05/2017 10:00:00","BZN|DK1","138.33","n/e"," ","164.32"
"27/05/2017 10:00:00 - 27/05/2017 11:00:00","BZN|DK1","117.71","n/e"," ","124.00"
"27/05/2017 11:00:00 - 27/05/2017 12:00:00","BZN|DK1","119.83","n/e"," ","117.88"
"27/05/2017 12:00:00 - 27/05/2017 13:00:00","BZN|DK1","152.04","n/e"," ","167.59"
"27/05/2017 13:00:00 - 27/05/2017 14:00:00","BZN|DK1","210.96","n/e"," ","202.58"
"27/05/2017 14:00:00 - 27/05/2017 15:00:00","BZN|DK1","288.29","n/e"," ","192.49"
"27/05/2017 15:00:00 - 27/05/2017 16:00:00","BZN|DK1","370.79","n/e"," ","229.85"
"27/05/2017 16:00:00 - 27/05/2017 17:00:00","BZN|DK1","433.13","n/e"," ","228.05"
"27/05/2017 17:00:00 - 27/05/2017 18:00:00","BZN|DK1","486.04","n/e"," ","228.88"
"27/05/2017 18:00:00 - 27/05/2017 19:00:00","BZN|DK1","546.83","n/e"," ","230.26"
"27/05/2017 19:00:00 - 27/05/2017 20:00:00","BZN|DK1","624.33","n/e"," ","397.68"
"27/05/2017 20:00:00 - 27/05/2017 21:00:00","BZN|DK1","682.67","n/e"," ","556.24"
"27/05/2017 21:00:00 - 27/05/2017 22:00:00","BZN|DK1","709.29","n/e"," ","524.90"
"27/05/2017 22:00:00 - 27/05/2017 23:00:00","BZN|DK1","715.25","n/e"," ","519.60"
"27/05/2017 23:00:00 - 28/05/2017 00:00:00","BZN|DK1","711.29","n/e"," ","596.99"
"28/05/2017 00:00:00 - 28/05/2017 01:00:00","BZN|DK1","655.13","n/e"," ","700.95"
"28/05/2017 01:00:00 - 28/05/2017 02:00:00","BZN|DK1","702.23","n/e"," ","735.96"
"28/05/2017 02:00:00 - 28/05/2017 03:00:00","BZN|DK1","704.78","n/e"," ","737.78"
"28/05/2017 03:00:00 - 28/05/2017 04:00:00","BZN|DK1","610.11","n/e"," ","615.66"
"28/05/2017 04:00:00 - 28/05/2017 05:00:00","BZN|DK1","457.80","n/e"," ","470.82"
"28/05/2017 05:00:00 - 28/05/2017 06:00:00","BZN|DK1","403.54","n/e"," ","431.93"
"28/05/2017 06:00:00 - 28/05/2017 07:00:00","BZN|DK1","428.44","n/e"," ","443.94"
"28/05/2017 07:00:00 - 28/05/2017 08:00:00","BZN|DK1","483.85","n/e"," ","510.71"
"28/05/2017 08:00:00 - 28/05/2017 09:00:00","BZN|DK1","513.31","n/e"," ","529.52"
"28/05/2017 09:00:00 - 28/05/2017 10:00:00","BZN|DK1","530.08","n/e"," ","534.14"
"28/05/2017 10:00:00 - 28/05/2017 11:00:00","BZN|DK1","549.58","n/e"," ","560.22"
"28/05/2017 11:00:00 - 28/05/2017 12:00:00","BZN|DK1","528.38","n/e"," ","291.46"
"28/05/2017 12:00:00 - 28/05/2017 13:00:00","BZN|DK1","494.04","n/e"," ","265.03"
"28/05/2017 13:00:00 - 28/05/2017 14:00:00","BZN|DK1","513.38","n/e"," ","291.46"
"28/05/2017 14:00:00 - 28/05/2017 15:00:00","BZN|DK1","544.63","n/e"," ","271.99"
"28/05/2017 15:00:00 - 28/05/2017 16:00:00","BZN|DK1","541.79","n/e"," ","315.27"
"28/05/2017 16:00:00 - 28/05/2017 17:00:00","BZN|DK1","524.71","n/e"," ","290.38"
"28/05/2017 17:00:00 - 28/05/2017 18:00:00","BZN|DK1","526.50","n/e"," ","556.55"
"28/05/2017 18:00:00 - 28/05/2017 19:00:00","BZN|DK1","540.75","n/e"," ","636.78"
"28/05/2017 19:00:00 - 28/05/2017 20:00:00","BZN|DK1","527.38","n/e"," ","569.21"
"28/05/2017 20:00:00 - 28/05/2017 21:00:00","BZN|DK1","509.00","n/e"," ","494.37"
"28/05/2017 21:00:00 - 28/05/2017 22:00:00","BZN|DK1","495.58","n/e"," ","479.96"
"28/05/2017 22:00:00 - 28/05/2017 23:00:00","BZN|DK1","481.58","n/e"," ","494.70"
"28/05/2017 23:00:00 - 29/05/2017 00:00:00","BZN|DK1","471.17","n/e"," ","497.38"
"29/05/2017 00:00:00 - 29/05/2017 01:00:00","BZN|DK1","472.04","n/e"," ","511.32"
"29/05/2017 01:00:00 - 29/05/2017 02:00:00","BZN|DK1","474.18","n/e"," ","513.50"
"29/05/2017 02:00:00 - 29/05/2017 03:00:00","BZN|DK1","437.60","n/e"," ","472.70"
"29/05/2017 03:00:00 - 29/05/2017 04:00:00","BZN|DK1","390.03","n/e"," ","411.66"
"29/05/2017 04:00:00 - 29/05/2017 05:00:00","BZN|DK1","280.65","n/e"," ","294.75"
"29/05/2017 05:00:00 - 29/05/2017 06:00:00","BZN|DK1","225.56","n/e"," ","254.33"
"29/05/2017 06:00:00 - 29/05/2017 07:00:00","BZN|DK1","237.54","n/e"," ","258.62"
"29/05/2017 07:00:00 - 29/05/2017 08:00:00","BZN|DK1","234.78","n/e"," ","243.02"
"29/05/2017 08:00:00 - 29/05/2017 09:00:00","BZN|DK1","155.98","n/e"," ","157.74"
"29/05/2017 09:00:00 - 29/05/2017 10:00:00","BZN|DK1","125.54","n/e"," ","72.28"
"29/05/2017 10:00:00 - 29/05/2017 11:00:00","BZN|DK1","75.71","n/e"," ","37.24"
"29/05/2017 11:00:00 - 29/05/2017 12:00:00","BZN|DK1","39.79","n/e"," ","33.84"
"29/05/2017 12:00:00 - 29/05/2017 13:00:00","BZN|DK1","22.54","n/e"," ","14.49"
"29/05/2017 13:00:00 - 29/05/2017 14:00:00","BZN|DK1","14.08","n/e"," ","2.89"
"29/05/2017 14:00:00 - 29/05/2017 15:00:00","BZN|DK1","13.54","n/e"," ","1.80"
"29/05/2017 15:00:00 - 29/05/2017 16:00:00","BZN|DK1","22.13","n/e"," ","4.38"
"29/05/2017 16:00:00 - 29/05/2017 17:00:00","BZN|DK1","34.17","n/e"," ","2.18"
"29/05/2017 17:00:00 - 29/05/2017 18:00:00","BZN|DK1","37.58","n/e"," ","2.50"
"29/05/2017 18:00:00 - 29/05/2017 19:00:00","BZN|DK1","34.75","n/e"," ","1.30"
"29/05/2017 19:00:00 - 29/05/2017 20:00:00","BZN|DK1","36.25","n/e"," ","0.49"
"29/05/2017 20:00:00 - 29/05/2017 21:00:00","BZN|DK1","40.33","n/e"," ","0.86"
"29/05/2017 21:00:00 - 29/05/2017 22:00:00","BZN|DK1","37.50","n/e"," ","0.41"
"29/05/2017 22:00:00 - 29/05/2017 23:00:00","BZN|DK1","31.83","n/e"," ","0.44"
"29/05/2017 23:00:00 - 30/05/2017 00:00:00","BZN|DK1","16.08","n/e"," ","0.26"
"30/05/2017 00:00:00 - 30/05/2017 01:00:00","BZN|DK1","0.00","n/e"," ","0.38"
"30/05/2017 01:00:00 - 30/05/2017 02:00:00","BZN|DK1","4.30","n/e"," ","4.76"
"30/05/2017 02:00:00 - 30/05/2017 03:00:00","BZN|DK1","11.13","n/e"," ","11.20"
"30/05/2017 03:00:00 - 30/05/2017 04:00:00","BZN|DK1","4.79","n/e"," ","3.62"
"30/05/2017 04:00:00 - 30/05/2017 05:00:00","BZN|DK1","7.32","n/e"," ","9.00"
"30/05/2017 05:00:00 - 30/05/2017 06:00:00","BZN|DK1","25.45","n/e"," ","27.23"
"30/05/2017 06:00:00 - 30/05/2017 07:00:00","BZN|DK1","50.08","n/e"," ","55.43"
"30/05/2017 07:00:00 - 30/05/2017 08:00:00","BZN|DK1","83.08","n/e"," ","80.32"
"30/05/2017 08:00:00 - 30/05/2017 09:00:00","BZN|DK1","9.93","n/e"," ","53.83"
"30/05/2017 09:00:00 - 30/05/2017 10:00:00","BZN|DK1","1.04","n/e"," ","77.58"
"30/05/2017 10:00:00 - 30/05/2017 11:00:00","BZN|DK1","1.96","n/e"," ","86.06"
"30/05/2017 11:00:00 - 30/05/2017 12:00:00","BZN|DK1","1.04","n/e"," ","42.78"
"30/05/2017 12:00:00 - 30/05/2017 13:00:00","BZN|DK1","1.29","n/e"," ","28.53"
"30/05/2017 13:00:00 - 30/05/2017 14:00:00","BZN|DK1","4.58","n/e"," ","11.79"
"30/05/2017 14:00:00 - 30/05/2017 15:00:00","BZN|DK1","6.42","n/e"," ","27.08"
"30/05/2017 15:00:00 - 30/05/2017 16:00:00","BZN|DK1","10.54","n/e"," ","60.11"
"30/05/2017 16:00:00 - 30/05/2017 17:00:00","BZN|DK1","17.04","n/e"," ","77.55"
"30/05/2017 17:00:00 - 30/05/2017 18:00:00","BZN|DK1","25.04","n/e"," ","118.94"
"30/05/2017 18:00:00 - 30/05/2017 19:00:00","BZN|DK1","37.58","n/e"," ","203.42"
"30/05/2017 19:00:00 - 30/05/2017 20:00:00","BZN|DK1","53.42","n/e"," ","287.71"
"30/05/2017 20:00:00 - 30/05/2017 21:00:00","BZN|DK1","85.50","n/e"," ","386.04"
"30/05/2017 21:00:00 - 30/05/2017 22:00:00","BZN|DK1","136.96","n/e"," ","444.66"
"30/05/2017 22:00:00 - 30/05/2017 23:00:00","BZN|DK1","202.71","n/e"," ","487.84"
"30/05/2017 23:00:00 - 31/05/2017 00:00:00","BZN|DK1","267.67","n/e"," ","670.79"
"31/05/2017 00:00:00 - 31/05/2017 01:00:00","BZN|DK1","679.10","n/e"," ","700.86"
"31/05/2017 01:00:00 - 31/05/2017 02:00:00","BZN|DK1","708.75","n/e"," ","745.59"
"31/05/2017 02:00:00 - 31/05/2017 03:00:00","BZN|DK1","698.59","n/e"," ","725.93"
"31/05/2017 03:00:00 - 31/05/2017 04:00:00","BZN|DK1","709.92","n/e"," ","757.40"
"31/05/2017 04:00:00 - 31/05/2017 05:00:00","BZN|DK1","736.69","n/e"," ","769.90"
"31/05/2017 05:00:00 - 31/05/2017 06:00:00","BZN|DK1","728.70","n/e"," ","765.47"
"31/05/2017 06:00:00 - 31/05/2017 07:00:00","BZN|DK1","740.32","n/e"," ","786.24"
"31/05/2017 07:00:00 - 31/05/2017 08:00:00","BZN|DK1","734.70","n/e"," ","779.51"
"31/05/2017 08:00:00 - 31/05/2017 09:00:00","BZN|DK1","743.55","n/e"," ","789.52"
"31/05/2017 09:00:00 - 31/05/2017 10:00:00","BZN|DK1","741.17","n/e"," ","791.06"
"31/05/2017 10:00:00 - 31/05/2017 11:00:00","BZN|DK1","742.13","n/e"," ","790.54"
"31/05/2017 11:00:00 - 31/05/2017 12:00:00","BZN|DK1","741.58","n/e"," ","794.87"
"31/05/2017 12:00:00 - 31/05/2017 13:00:00","BZN|DK1","741.04","n/e"," ","795.04"
"31/05/2017 13:00:00 - 31/05/2017 14:00:00","BZN|DK1","739.08","n/e"," ","793.25"
"31/05/2017 14:00:00 - 31/05/2017 15:00:00","BZN|DK1","737.08","n/e"," ","792.64"
"31/05/2017 15:00:00 - 31/05/2017 16:00:00","BZN|DK1","735.08","n/e"," ","783.92"
"31/05/2017 16:00:00 - 31/05/2017 17:00:00","BZN|DK1","733.08","n/e"," ","793.21"
"31/05/2017 17:00:00 - 31/05/2017 18:00:00","BZN|DK1","740.71","n/e"," ","793.97"
"31/05/2017 18:00:00 - 31/05/2017 19:00:00","BZN|DK1","740.08","n/e"," ","796.41"
"31/05/2017 19:00:00 - 31/05/2017 20:00:00","BZN|DK1","739.04","n/e"," ","798.22"
"31/05/2017 20:00:00 - 31/05/2017 21:00:00","BZN|DK1","737.08","n/e"," ","796.32"
"31/05/2017 21:00:00 - 31/05/2017 22:00:00","BZN|DK1","734.88","n/e"," ","786.58"
"31/05/2017 22:00:00 - 31/05/2017 23:00:00","BZN|DK1","730.17","n/e"," ","773.09"
"31/05/2017 23:00:00 - 01/06/2017 00:00:00","BZN|DK1","718.79","n/e"," ","766.14"
"01/06/2017 00:00:00 - 01/06/2017 01:00:00","BZN|DK1","706.56","n/e"," ","757.03"
"01/06/2017 01:00:00 - 01/06/2017 02:00:00","BZN|DK1","693.27","n/e"," ","735.66"
"01/06/2017 02:00:00 - 01/06/2017 03:00:00","BZN|DK1","666.39","n/e"," ","708.75"
"01/06/2017 03:00:00 - 01/06/2017 04:00:00","BZN|DK1","639.14","n/e"," ","689.00"
"01/06/2017 04:00:00 - 01/06/2017 05:00:00","BZN|DK1","589.03","n/e"," ","628.67"
"01/06/2017 05:00:00 - 01/06/2017 06:00:00","BZN|DK1","556.77","n/e"," ","599.62"
"01/06/2017 06:00:00 - 01/06/2017 07:00:00","BZN|DK1","527.00","n/e"," ","566.71"
"01/06/2017 07:00:00 - 01/06/2017 08:00:00","BZN|DK1","492.06","n/e"," ","531.69"
"01/06/2017 08:00:00 - 01/06/2017 09:00:00","BZN|DK1","477.15","n/e"," ","533.02"
"01/06/2017 09:00:00 - 01/06/2017 10:00:00","BZN|DK1","469.38","n/e"," ","520.30"
"01/06/2017 10:00:00 - 01/06/2017 11:00:00","BZN|DK1","479.46","n/e"," ","507.74"
"01/06/2017 11:00:00 - 01/06/2017 12:00:00","BZN|DK1","474.92","n/e"," ","448.61"
"01/06/2017 12:00:00 - 01/06/2017 13:00:00","BZN|DK1","458.54","n/e"," ","372.69"
"01/06/2017 13:00:00 - 01/06/2017 14:00:00","BZN|DK1","446.08","n/e"," ","378.41"
"01/06/2017 14:00:00 - 01/06/2017 15:00:00","BZN|DK1","435.00","n/e"," ","288.37"
"01/06/2017 15:00:00 - 01/06/2017 16:00:00","BZN|DK1","426.25","n/e"," ","289.17"
"01/06/2017 16:00:00 - 01/06/2017 17:00:00","BZN|DK1","422.42","n/e"," ","314.58"
"01/06/2017 17:00:00 - 01/06/2017 18:00:00","BZN|DK1","420.63","n/e"," ","305.54"
"01/06/2017 18:00:00 - 01/06/2017 19:00:00","BZN|DK1","416.29","n/e"," ","261.98"
"01/06/2017 19:00:00 - 01/06/2017 20:00:00","BZN|DK1","402.29","n/e"," ","220.08"
"01/06/2017 20:00:00 - 01/06/2017 21:00:00","BZN|DK1","403.38","n/e"," ","151.76"
"01/06/2017 21:00:00 - 01/06/2017 22:00:00","BZN|DK1","411.33","n/e"," ","320.52"
"01/06/2017 22:00:00 - 01/06/2017 23:00:00","BZN|DK1","417.75","n/e"," ","347.42"
"01/06/2017 23:00:00 - 02/06/2017 00:00:00","BZN|DK1","428.21","n/e"," ","370.74"
"02/06/2017 00:00:00 - 02/06/2017 01:00:00","BZN|DK1","381.89","n/e"," ","394.82"
"02/06/2017 01:00:00 - 02/06/2017 02:00:00","BZN|DK1","383.95","n/e"," ","398.41"
"02/06/2017 02:00:00 - 02/06/2017 03:00:00","BZN|DK1","401.46","n/e"," ","418.17"
"02/06/2017 03:00:00 - 02/06/2017 04:00:00","BZN|DK1","394.08","n/e"," ","410.42"
"02/06/2017 04:00:00 - 02/06/2017 05:00:00","BZN|DK1","390.03","n/e"," ","412.08"
"02/06/2017 05:00:00 - 02/06/2017 06:00:00","BZN|DK1","387.41","n/e"," ","404.57"
"02/06/2017 06:00:00 - 02/06/2017 07:00:00","BZN|DK1","343.77","n/e"," ","357.88"
"02/06/2017 07:00:00 - 02/06/2017 08:00:00","BZN|DK1","277.18","n/e"," ","279.13"
"02/06/2017 08:00:00 - 02/06/2017 09:00:00","BZN|DK1","208.51","n/e"," ","156.27"
"02/06/2017 09:00:00 - 02/06/2017 10:00:00","BZN|DK1","130.29","n/e"," ","119.63"
"02/06/2017 10:00:00 - 02/06/2017 11:00:00","BZN|DK1","77.21","n/e"," ","47.40"
"02/06/2017 11:00:00 - 02/06/2017 12:00:00","BZN|DK1","52.71","n/e"," ","19.77"
"02/06/2017 12:00:00 - 02/06/2017 13:00:00","BZN|DK1","42.71","n/e"," ","7.95"
"02/06/2017 13:00:00 - 02/06/2017 14:00:00","BZN|DK1","39.04","n/e"," ","9.25"
"02/06/2017 14:00:00 - 02/06/2017 15:00:00","BZN|DK1","39.04","n/e"," ","11.71"
"02/06/2017 15:00:00 - 02/06/2017 16:00:00","BZN|DK1","41.13","n/e"," ","16.58"
"02/06/2017 16:00:00 - 02/06/2017 17:00:00","BZN|DK1","46.25","n/e"," ","28.92"
"02/06/2017 17:00:00 - 02/06/2017 18:00:00","BZN|DK1","49.96","n/e"," ","37.12"
"02/06/2017 18:00:00 - 02/06/2017 19:00:00","BZN|DK1","59.46","n/e"," ","31.35"
"02/06/2017 19:00:00 - 02/06/2017 20:00:00","BZN|DK1","66.63","n/e"," ","26.73"
"02/06/2017 20:00:00 - 02/06/2017 21:00:00","BZN|DK1","67.63","n/e"," ","33.57"
"02/06/2017 21:00:00 - 02/06/2017 22:00:00","BZN|DK1","58.58","n/e"," ","37.65"
"02/06/2017 22:00:00 - 02/06/2017 23:00:00","BZN|DK1","57.42","n/e"," ","50.62"
"02/06/2017 23:00:00 - 03/06/2017 00:00:00","BZN|DK1","60.33","n/e"," ","72.17"
"03/06/2017 00:00:00 - 03/06/2017 01:00:00","BZN|DK1","69.95","n/e"," ","82.38"
"03/06/2017 01:00:00 - 03/06/2017 02:00:00","BZN|DK1","94.13","n/e"," ","103.49"
"03/06/2017 02:00:00 - 03/06/2017 03:00:00","BZN|DK1","103.43","n/e"," ","111.46"
"03/06/2017 03:00:00 - 03/06/2017 04:00:00","BZN|DK1","101.94","n/e"," ","105.05"
"03/06/2017 04:00:00 - 03/06/2017 05:00:00","BZN|DK1","87.52","n/e"," ","96.24"
"03/06/2017 05:00:00 - 03/06/2017 06:00:00","BZN|DK1","108.18","n/e"," ","119.45"
"03/06/2017 06:00:00 - 03/06/2017 07:00:00","BZN|DK1","133.34","n/e"," ","149.39"
"03/06/2017 07:00:00 - 03/06/2017 08:00:00","BZN|DK1","149.45","n/e"," ","164.67"
"03/06/2017 08:00:00 - 03/06/2017 09:00:00","BZN|DK1","158.41","n/e"," ","156.55"
"03/06/2017 09:00:00 - 03/06/2017 10:00:00","BZN|DK1","183.04","n/e"," ","175.74"
"03/06/2017 10:00:00 - 03/06/2017 11:00:00","BZN|DK1","174.42","n/e"," ","200.17"
"03/06/2017 11:00:00 - 03/06/2017 12:00:00","BZN|DK1","180.00","n/e"," ","214.62"
"03/06/2017 12:00:00 - 03/06/2017 13:00:00","BZN|DK1","184.88","n/e"," ","236.63"
"03/06/2017 13:00:00 - 03/06/2017 14:00:00","BZN|DK1","181.46","n/e"," ","281.70"
"03/06/2017 14:00:00 - 03/06/2017 15:00:00","BZN|DK1","175.38","n/e"," ","268.45"
"03/06/2017 15:00:00 - 03/06/2017 16:00:00","BZN|DK1","165.50","n/e"," ","228.34"
"03/06/2017 16:00:00 - 03/06/2017 17:00:00","BZN|DK1","141.00","n/e"," ","182.34"
"03/06/2017 17:00:00 - 03/06/2017 18:00:00","BZN|DK1","115.50","n/e"," ","104.35"
"03/06/2017 18:00:00 - 03/06/2017 19:00:00","BZN|DK1","93.79","n/e"," ","91.05"
"03/06/2017 19:00:00 - 03/06/2017 20:00:00","BZN|DK1","86.38","n/e"," ","130.60"
"03/06/2017 20:00:00 - 03/06/2017 21:00:00","BZN|DK1","117.04","n/e"," ","111.83"
"03/06/2017 21:00:00 - 03/06/2017 22:00:00","BZN|DK1","135.92","n/e"," ","148.20"
"03/06/2017 22:00:00 - 03/06/2017 23:00:00","BZN|DK1","122.58","n/e"," ","187.84"
"03/06/2017 23:00:00 - 04/06/2017 00:00:00","BZN|DK1","105.25","n/e"," ","212.44"
"04/06/2017 00:00:00 - 04/06/2017 01:00:00","BZN|DK1","183.00","n/e"," ","190.16"
"04/06/2017 01:00:00 - 04/06/2017 02:00:00","BZN|DK1","198.68","n/e"," ","203.79"
"04/06/2017 02:00:00 - 04/06/2017 03:00:00","BZN|DK1","181.29","n/e"," ","181.89"
"04/06/2017 03:00:00 - 04/06/2017 04:00:00","BZN|DK1","146.57","n/e"," ","153.43"
"04/06/2017 04:00:00 - 04/06/2017 05:00:00","BZN|DK1","128.09","n/e"," ","128.09"
"04/06/2017 05:00:00 - 04/06/2017 06:00:00","BZN|DK1","85.65","n/e"," ","83.50"
"04/06/2017 06:00:00 - 04/06/2017 07:00:00","BZN|DK1","74.40","n/e"," ","78.27"
"04/06/2017 07:00:00 - 04/06/2017 08:00:00","BZN|DK1","110.93","n/e"," ","127.98"
"04/06/2017 08:00:00 - 04/06/2017 09:00:00","BZN|DK1","153.13","n/e"," ","136.85"
"04/06/2017 09:00:00 - 04/06/2017 10:00:00","BZN|DK1","142.63","n/e"," ","110.21"
"04/06/2017 10:00:00 - 04/06/2017 11:00:00","BZN|DK1","134.29","n/e"," ","116.24"
"04/06/2017 11:00:00 - 04/06/2017 12:00:00","BZN|DK1","140.67","n/e"," ","113.19"
"04/06/2017 12:00:00 - 04/06/2017 13:00:00","BZN|DK1","149.04","n/e"," ","98.81"
"04/06/2017 13:00:00 - 04/06/2017 14:00:00","BZN|DK1","159.25","n/e"," ","113.35"
"04/06/2017 14:00:00 - 04/06/2017 15:00:00","BZN|DK1","165.88","n/e"," ","139.24"
"04/06/2017 15:00:00 - 04/06/2017 16:00:00","BZN|DK1","174.13","n/e"," ","154.04"
"04/06/2017 16:00:00 - 04/06/2017 17:00:00","BZN|DK1","201.67","n/e"," ","210.65"
"04/06/2017 17:00:00 - 04/06/2017 18:00:00","BZN|DK1","263.46","n/e"," ","406.24"
"04/06/2017 18:00:00 - 04/06/2017 19:00:00","BZN|DK1","344.13","n/e"," ","430.55"
"04/06/2017 19:00:00 - 04/06/2017 20:00:00","BZN|DK1","418.42","n/e"," ","383.70"
"04/06/2017 20:00:00 - 04/06/2017 21:00:00","BZN|DK1","467.08","n/e"," ","535.83"
"04/06/2017 21:00:00 - 04/06/2017 22:00:00","BZN|DK1","499.96","n/e"," ","566.21"
"04/06/2017 22:00:00 - 04/06/2017 23:00:00","BZN|DK1","518.71","n/e"," ","541.14"
"04/06/2017 23:00:00 - 05/06/2017 00:00:00","BZN|DK1","531.75","n/e"," ","540.14"
"05/06/2017 00:00:00 - 05/06/2017 01:00:00","BZN|DK1","488.37","n/e"," ","504.28"
"05/06/2017 01:00:00 - 05/06/2017 02:00:00","BZN|DK1","433.22","n/e"," ","454.62"
"05/06/2017 02:00:00 - 05/06/2017 03:00:00","BZN|DK1","390.56","n/e"," ","407.58"
"05/06/2017 03:00:00 - 05/06/2017 04:00:00","BZN|DK1","359.63","n/e"," ","374.12"
"05/06/2017 04:00:00 - 05/06/2017 05:00:00","BZN|DK1","366.71","n/e"," ","384.50"
"05/06/2017 05:00:00 - 05/06/2017 06:00:00","BZN|DK1","380.31","n/e"," ","397.40"
"05/06/2017 06:00:00 - 05/06/2017 07:00:00","BZN|DK1","360.01","n/e"," ","379.31"
"05/06/2017 07:00:00 - 05/06/2017 08:00:00","BZN|DK1","378.88","n/e"," ","395.23"
"05/06/2017 08:00:00 - 05/06/2017 09:00:00","BZN|DK1","325.73","n/e"," ","304.67"
"05/06/2017 09:00:00 - 05/06/2017 10:00:00","BZN|DK1","325.50","n/e"," ","227.53"
"05/06/2017 10:00:00 - 05/06/2017 11:00:00","BZN|DK1","315.96","n/e"," ","208.68"
"05/06/2017 11:00:00 - 05/06/2017 12:00:00","BZN|DK1","330.79","n/e"," ","265.47"
"05/06/2017 12:00:00 - 05/06/2017 13:00:00","BZN|DK1","389.38","n/e"," ","343.54"
"05/06/2017 13:00:00 - 05/06/2017 14:00:00","BZN|DK1","443.79","n/e"," ","559.25"
"05/06/2017 14:00:00 - 05/06/2017 15:00:00","BZN|DK1","454.79","n/e"," ","584.32"
"05/06/2017 15:00:00 - 05/06/2017 16:00:00","BZN|DK1","445.54","n/e"," ","527.12"
"05/06/2017 16:00:00 - 05/06/2017 17:00:00","BZN|DK1","450.42","n/e"," ","285.29"
"05/06/2017 17:00:00 - 05/06/2017 18:00:00","BZN|DK1","432.04","n/e"," ","283.40"
"05/06/2017 18:00:00 - 05/06/2017 19:00:00","BZN|DK1","390.13","n/e"," ","282.10"
"05/06/2017 19:00:00 - 05/06/2017 20:00:00","BZN|DK1","347.67","n/e"," ","250.94"
"05/06/2017 20:00:00 - 05/06/2017 21:00:00","BZN|DK1","335.88","n/e"," ","458.85"
"05/06/2017 21:00:00 - 05/06/2017 22:00:00","BZN|DK1","352.25","n/e"," ","535.50"
"05/06/2017 22:00:00 - 05/06/2017 23:00:00","BZN|DK1","381.67","n/e"," ","416.05"
"05/06/2017 23:00:00 - 06/06/2017 00:00:00","BZN|DK1","407.04","n/e"," ","366.98"
"06/06/2017 00:00:00 - 06/06/2017 01:00:00","BZN|DK1","383.03","n/e"," ","404.41"
"06/06/2017 01:00:00 - 06/06/2017 02:00:00","BZN|DK1","480.85","n/e"," ","515.32"
"06/06/2017 02:00:00 - 06/06/2017 03:00:00","BZN|DK1","548.95","n/e"," ","595.46"
"06/06/2017 03:00:00 - 06/06/2017 04:00:00","BZN|DK1","698.38","n/e"," ","727.62"
"06/06/2017 04:00:00 - 06/06/2017 05:00:00","BZN|DK1","704.37","n/e"," ","726.91"
"06/06/2017 05:00:00 - 06/06/2017 06:00:00","BZN|DK1","685.58","n/e"," ","709.41"
"06/06/2017 06:00:00 - 06/06/2017 07:00:00","BZN|DK1","677.77","n/e"," ","691.83"
"06/06/2017 07:00:00 - 06/06/2017 08:00:00","BZN|DK1","632.65","n/e"," ","657.05"
"06/06/2017 08:00:00 - 06/06/2017 09:00:00","BZN|DK1","681.56","n/e"," ","718.46"
"06/06/2017 09:00:00 - 06/06/2017 10:00:00","BZN|DK1","720.04","n/e"," ","719.23"
"06/06/2017 10:00:00 - 06/06/2017 11:00:00","BZN|DK1","734.67","n/e"," ","732.93"
"06/06/2017 11:00:00 - 06/06/2017 12:00:00","BZN|DK1","738.54","n/e"," ","747.78"
"06/06/2017 12:00:00 - 06/06/2017 13:00:00","BZN|DK1","737.38","n/e"," ","738.20"
"06/06/2017 13:00:00 - 06/06/2017 14:00:00","BZN|DK1","734.00","n/e"," ","723.83"
"06/06/2017 14:00:00 - 06/06/2017 15:00:00","BZN|DK1","727.00","n/e"," ","691.48"
"06/06/2017 15:00:00 - 06/06/2017 16:00:00","BZN|DK1","715.63","n/e"," ","704.89"
"06/06/2017 16:00:00 - 06/06/2017 17:00:00","BZN|DK1","699.83","n/e"," ","762.17"
"06/06/2017 17:00:00 - 06/06/2017 18:00:00","BZN|DK1","683.33","n/e"," ","784.50"
"06/06/2017 18:00:00 - 06/06/2017 19:00:00","BZN|DK1","666.29","n/e"," ","651.14"
"06/06/2017 19:00:00 - 06/06/2017 20:00:00","BZN|DK1","650.54","n/e"," ","652.50"
"06/06/2017 20:00:00 - 06/06/2017 21:00:00","BZN|DK1","673.92","n/e"," ","702.84"
"06/06/2017 21:00:00 - 06/06/2017 22:00:00","BZN|DK1","708.04","n/e"," ","722.51"
"06/06/2017 22:00:00 - 06/06/2017 23:00:00","BZN|DK1","726.04","n/e"," ","687.38"
"06/06/2017 23:00:00 - 07/06/2017 00:00:00","BZN|DK1","730.00","n/e"," ","644.97"
"07/06/2017 00:00:00 - 07/06/2017 01:00:00","BZN|DK1","569.25","n/e"," ","577.14"
"07/06/2017 01:00:00 - 07/06/2017 02:00:00","BZN|DK1","454.35","n/e"," ","436.37"
"07/06/2017 02:00:00 - 07/06/2017 03:00:00","BZN|DK1","356.73","n/e"," ","364.82"
"07/06/2017 03:00:00 - 07/06/2017 04:00:00","BZN|DK1","355.51","n/e"," ","369.55"
"07/06/2017 04:00:00 - 07/06/2017 05:00:00","BZN|DK1","354.05","n/e"," ","360.40"
"07/06/2017 05:00:00 - 07/06/2017 06:00:00","BZN|DK1","353.60","n/e"," ","362.93"
"07/06/2017 06:00:00 - 07/06/2017 07:00:00","BZN|DK1","377.20","n/e"," ","383.20"
"07/06/2017 07:00:00 - 07/06/2017 08:00:00","BZN|DK1","403.38","n/e"," ","417.48"
"07/06/2017 08:00:00 - 07/06/2017 09:00:00","BZN|DK1","467.65","n/e"," ","466.66"
"07/06/2017 09:00:00 - 07/06/2017 10:00:00","BZN|DK1","540.46","n/e"," ","562.88"
"07/06/2017 10:00:00 - 07/06/2017 11:00:00","BZN|DK1","639.13","n/e"," ","671.76"
"07/06/2017 11:00:00 - 07/06/2017 12:00:00","BZN|DK1","711.83","n/e"," ","731.09"
"07/06/2017 12:00:00 - 07/06/2017 13:00:00","BZN|DK1","735.29","n/e"," ","723.92"
"07/06/2017 13:00:00 - 07/06/2017 14:00:00","BZN|DK1","739.92","n/e"," ","778.57"
"07/06/2017 14:00:00 - 07/06/2017 15:00:00","BZN|DK1","745.13","n/e"," ","785.55"
"07/06/2017 15:00:00 - 07/06/2017 16:00:00","BZN|DK1","749.83","n/e"," ","789.81"
"07/06/2017 16:00:00 - 07/06/2017 17:00:00","BZN|DK1","751.75","n/e"," ","788.94"
"07/06/2017 17:00:00 - 07/06/2017 18:00:00","BZN|DK1","752.00","n/e"," ","787.95"
"07/06/2017 18:00:00 - 07/06/2017 19:00:00","BZN|DK1","751.79","n/e"," ","789.98"
"07/06/2017 19:00:00 - 07/06/2017 20:00:00","BZN|DK1","750.04","n/e"," ","788.98"
"07/06/2017 20:00:00 - 07/06/2017 21:00:00","BZN|DK1","750.00","n/e"," ","787.38"
"07/06/2017 21:00:00 - 07/06/2017 22:00:00","BZN|DK1","750.00","n/e"," ","787.76"
"07/06/2017 22:00:00 - 07/06/2017 23:00:00","BZN|DK1","751.50","n/e"," ","789.61"
"07/06/2017 23:00:00 - 08/06/2017 00:00:00","BZN|DK1","751.88","n/e"," ","788.63"
"08/06/2017 00:00:00 - 08/06/2017 01:00:00","BZN|DK1","744.04","n/e"," ","789.05"
"08/06/2017 01:00:00 - 08/06/2017 02:00:00","BZN|DK1","741.93","n/e"," ","788.98"
"08/06/2017 02:00:00 - 08/06/2017 03:00:00","BZN|DK1","742.30","n/e"," ","787.83"
"08/06/2017 03:00:00 - 08/06/2017 04:00:00","BZN|DK1","742.32","n/e"," ","783.98"
"08/06/2017 04:00:00 - 08/06/2017 05:00:00","BZN|DK1","739.79","n/e"," ","782.03"
"08/06/2017 05:00:00 - 08/06/2017 06:00:00","BZN|DK1","732.20","n/e"," ","773.36"
"08/06/2017 06:00:00 - 08/06/2017 07:00:00","BZN|DK1","723.11","n/e"," ","773.14"
"08/06/2017 07:00:00 - 08/06/2017 08:00:00","BZN|DK1","696.70","n/e"," ","736.58"
"08/06/2017 08:00:00 - 08/06/2017 09:00:00","BZN|DK1","638.30","n/e"," ","640.08"
"08/06/2017 09:00:00 - 08/06/2017 10:00:00","BZN|DK1","569.25","n/e"," ","557.05"
"08/06/2017 10:00:00 - 08/06/2017 11:00:00","BZN|DK1","518.92","n/e"," ","543.63"
"08/06/2017 11:00:00 - 08/06/2017 12:00:00","BZN|DK1","457.71","n/e"," ","477.14"
"08/06/2017 12:00:00 - 08/06/2017 13:00:00","BZN|DK1","342.13","n/e"," ","367.68"
"08/06/2017 13:00:00 - 08/06/2017 14:00:00","BZN|DK1","240.04","n/e"," ","328.35"
"08/06/2017 14:00:00 - 08/06/2017 15:00:00","BZN|DK1","183.79","n/e"," ","266.97"
"08/06/2017 15:00:00 - 08/06/2017 16:00:00","BZN|DK1","174.42","n/e"," ","230.60"
"08/06/2017 16:00:00 - 08/06/2017 17:00:00","BZN|DK1","210.00","n/e"," ","228.10"
"08/06/2017 17:00:00 - 08/06/2017 18:00:00","BZN|DK1","277.17","n/e"," ","447.42"
"08/06/2017 18:00:00 - 08/06/2017 19:00:00","BZN|DK1","345.00","n/e"," ","574.94"
"08/06/2017 19:00:00 - 08/06/2017 20:00:00","BZN|DK1","387.08","n/e"," ","484.30"
"08/06/2017 20:00:00 - 08/06/2017 21:00:00","BZN|DK1","415.67","n/e"," ","455.15"
"08/06/2017 21:00:00 - 08/06/2017 22:00:00","BZN|DK1","444.63","n/e"," ","479.22"
"08/06/2017 22:00:00 - 08/06/2017 23:00:00","BZN|DK1","466.38","n/e"," ","642.50"
"08/06/2017 23:00:00 - 09/06/2017 00:00:00","BZN|DK1","473.63","n/e"," ","499.24"
"09/06/2017 00:00:00 - 09/06/2017 01:00:00","BZN|DK1","322.83","n/e"," ","335.49"
"09/06/2017 01:00:00 - 09/06/2017 02:00:00","BZN|DK1","409.64","n/e"," ","431.55"
"09/06/2017 02:00:00 - 09/06/2017 03:00:00","BZN|DK1","366.95","n/e"," ","394.05"
"09/06/2017 03:00:00 - 09/06/2017 04:00:00","BZN|DK1","349.75","n/e"," ","373.52"
"09/06/2017 04:00:00 - 09/06/2017 05:00:00","BZN|DK1","356.53","n/e"," ","376.91"
"09/06/2017 05:00:00 - 09/06/2017 06:00:00","BZN|DK1","323.61","n/e"," ","345.46"
"09/06/2017 06:00:00 - 09/06/2017 07:00:00","BZN|DK1","287.15","n/e"," ","292.03"
"09/06/2017 07:00:00 - 09/06/2017 08:00:00","BZN|DK1","210.45","n/e"," ","210.24"
"09/06/2017 08:00:00 - 09/06/2017 09:00:00","BZN|DK1","194.31","n/e"," ","169.51"
"09/06/2017 09:00:00 - 09/06/2017 10:00:00","BZN|DK1","211.42","n/e"," ","130.81"
"09/06/2017 10:00:00 - 09/06/2017 11:00:00","BZN|DK1","230.71","n/e"," ","130.61"
"09/06/2017 11:00:00 - 09/06/2017 12:00:00","BZN|DK1","226.88","n/e"," ","143.71"
"09/06/2017 12:00:00 - 09/06/2017 13:00:00","BZN|DK1","221.54","n/e"," ","106.36"
"09/06/2017 13:00:00 - 09/06/2017 14:00:00","BZN|DK1","228.96","n/e"," ","145.62"
"09/06/2017 14:00:00 - 09/06/2017 15:00:00","BZN|DK1","240.67","n/e"," ","243.00"
"09/06/2017 15:00:00 - 09/06/2017 16:00:00","BZN|DK1","231.50","n/e"," ","365.28"
"09/06/2017 16:00:00 - 09/06/2017 17:00:00","BZN|DK1","211.33","n/e"," ","436.32"
"09/06/2017 17:00:00 - 09/06/2017 18:00:00","BZN|DK1","197.88","n/e"," ","441.76"
"09/06/2017 18:00:00 - 09/06/2017 19:00:00","BZN|DK1","182.75","n/e"," ","477.80"
"09/06/2017 19:00:00 - 09/06/2017 20:00:00","BZN|DK1","174.25","n/e"," ","465.61"
"09/06/2017 20:00:00 - 09/06/2017 21:00:00","BZN|DK1","171.33","n/e"," ","371.44"
"09/06/2017 21:00:00 - 09/06/2017 22:00:00","BZN|DK1","188.13","n/e"," ","211.33"
"09/06/2017 22:00:00 - 09/06/2017 23:00:00","BZN|DK1","214.54","n/e"," ","355.36"
"09/06/2017 23:00:00 - 10/06/2017 00:00:00","BZN|DK1","240.29","n/e"," ","350.58"
"10/06/2017 00:00:00 - 10/06/2017 01:00:00","BZN|DK1","398.47","n/e"," ","402.52"
"10/06/2017 01:00:00 - 10/06/2017 02:00:00","BZN|DK1","246.20","n/e"," ","262.17"
"10/06/2017 02:00:00 - 10/06/2017 03:00:00","BZN|DK1","293.75","n/e"," ","316.65"
"10/06/2017 03:00:00 - 10/06/2017 04:00:00","BZN|DK1","233.99","n/e"," ","242.14"
"10/06/2017 04:00:00 - 10/06/2017 05:00:00","BZN|DK1","257.80","n/e"," ","288.59"
"10/06/2017 05:00:00 - 10/06/2017 06:00:00","BZN|DK1","200.26","n/e"," ","209.69"
"10/06/2017 06:00:00 - 10/06/2017 07:00:00","BZN|DK1","178.04","n/e"," ","188.19"
"10/06/2017 07:00:00 - 10/06/2017 08:00:00","BZN|DK1","111.74","n/e"," ","121.47"
"10/06/2017 08:00:00 - 10/06/2017 09:00:00","BZN|DK1","115.22","n/e"," ","115.11"
"10/06/2017 09:00:00 - 10/06/2017 10:00:00","BZN|DK1","124.38","n/e"," ","119.90"
"10/06/2017 10:00:00 - 10/06/2017 11:00:00","BZN|DK1","115.92","n/e"," ","98.64"
"10/06/2017 11:00:00 - 10/06/2017 12:00:00","BZN|DK1","111.63","n/e"," ","117.67"
"10/06/2017 12:00:00 - 10/06/2017 13:00:00","BZN|DK1","117.75","n/e"," ","137.06"
"10/06/2017 13:00:00 - 10/06/2017 14:00:00","BZN|DK1","130.33","n/e"," ","188.75"
"10/06/2017 14:00:00 - 10/06/2017 15:00:00","BZN|DK1","138.00","n/e"," ","192.86"
"10/06/2017 15:00:00 - 10/06/2017 16:00:00","BZN|DK1","144.13","n/e"," ","244.25"
"10/06/2017 16:00:00 - 10/06/2017 17:00:00","BZN|DK1","144.46","n/e"," ","234.34"
"10/06/2017 17:00:00 - 10/06/2017 18:00:00","BZN|DK1","132.42","n/e"," ","170.76"
"10/06/2017 18:00:00 - 10/06/2017 19:00:00","BZN|DK1","112.79","n/e"," ","128.51"
"10/06/2017 19:00:00 - 10/06/2017 20:00:00","BZN|DK1","107.25","n/e"," ","83.80"
"10/06/2017 20:00:00 - 10/06/2017 21:00:00","BZN|DK1","111.33","n/e"," ","111.88"
"10/06/2017 21:00:00 - 10/06/2017 22:00:00","BZN|DK1","121.00","n/e"," ","121.31"
"10/06/2017 22:00:00 - 10/06/2017 23:00:00","BZN|DK1","142.79","n/e"," ","191.46"
"10/06/2017 23:00:00 - 11/06/2017 00:00:00","BZN|DK1","198.29","n/e"," ","315.60"
"11/06/2017 00:00:00 - 11/06/2017 01:00:00","BZN|DK1","348.10","n/e"," ","348.15"
"11/06/2017 01:00:00 - 11/06/2017 02:00:00","BZN|DK1","290.68","n/e"," ","301.93"
"11/06/2017 02:00:00 - 11/06/2017 03:00:00","BZN|DK1","333.53","n/e"," ","367.53"
"11/06/2017 03:00:00 - 11/06/2017 04:00:00","BZN|DK1","420.08","n/e"," ","444.94"
"11/06/2017 04:00:00 - 11/06/2017 05:00:00","BZN|DK1","421.75","n/e"," ","434.21"
"11/06/2017 05:00:00 - 11/06/2017 06:00:00","BZN|DK1","501.05","n/e"," ","542.67"
"11/06/2017 06:00:00 - 11/06/2017 07:00:00","BZN|DK1","451.19","n/e"," ","412.38"
"11/06/2017 07:00:00 - 11/06/2017 08:00:00","BZN|DK1","289.18","n/e"," ","320.34"
"11/06/2017 08:00:00 - 11/06/2017 09:00:00","BZN|DK1","392.18","n/e"," ","351.08"
"11/06/2017 09:00:00 - 11/06/2017 10:00:00","BZN|DK1","452.92","n/e"," ","469.59"
"11/06/2017 10:00:00 - 11/06/2017 11:00:00","BZN|DK1","495.71","n/e"," ","569.47"
"11/06/2017 11:00:00 - 11/06/2017 12:00:00","BZN|DK1","510.96","n/e"," ","598.57"
"11/06/2017 12:00:00 - 11/06/2017 13:00:00","BZN|DK1","504.25","n/e"," ","572.71"
"11/06/2017 13:00:00 - 11/06/2017 14:00:00","BZN|DK1","486.83","n/e"," ","486.26"
"11/06/2017 14:00:00 - 11/06/2017 15:00:00","BZN|DK1","449.58","n/e"," ","518.40"
"11/06/2017 15:00:00 - 11/06/2017 16:00:00","BZN|DK1","387.79","n/e"," ","466.02"
"11/06/2017 16:00:00 - 11/06/2017 17:00:00","BZN|DK1","323.38","n/e"," ","390.16"
"11/06/2017 17:00:00 - 11/06/2017 18:00:00","BZN|DK1","286.29","n/e"," ","230.35"
"11/06/2017 18:00:00 - 11/06/2017 19:00:00","BZN|DK1","279.71","n/e"," ","174.90"
"11/06/2017 19:00:00 - 11/06/2017 20:00:00","BZN|DK1","281.67","n/e"," ","313.15"
"11/06/2017 20:00:00 - 11/06/2017 21:00:00","BZN|DK1","287.29","n/e"," ","353.86"
"11/06/2017 21:00:00 - 11/06/2017 22:00:00","BZN|DK1","307.67","n/e"," ","205.89"
"11/06/2017 22:00:00 - 11/06/2017 23:00:00","BZN|DK1","324.96","n/e"," ","170.74"
"11/06/2017 23:00:00 - 12/06/2017 00:00:00","BZN|DK1","352.42","n/e"," ","301.66"
"12/06/2017 00:00:00 - 12/06/2017 01:00:00","BZN|DK1","202.88","n/e"," ","245.87"
"12/06/2017 01:00:00 - 12/06/2017 02:00:00","BZN|DK1","289.16","n/e"," ","303.89"
"12/06/2017 02:00:00 - 12/06/2017 03:00:00","BZN|DK1","397.68","n/e"," ","442.92"
"12/06/2017 03:00:00 - 12/06/2017 04:00:00","BZN|DK1","573.77","n/e"," ","600.49"
"12/06/2017 04:00:00 - 12/06/2017 05:00:00","BZN|DK1","623.08","n/e"," ","644.60"
"12/06/2017 05:00:00 - 12/06/2017 06:00:00","BZN|DK1","648.45","n/e"," ","691.80"
"12/06/2017 06:00:00 - 12/06/2017 07:00:00","BZN|DK1","698.56","n/e"," ","724.00"
"12/06/2017 07:00:00 - 12/06/2017 08:00:00","BZN|DK1","618.66","n/e"," ","644.17"
"12/06/2017 08:00:00 - 12/06/2017 09:00:00","BZN|DK1","611.85","n/e"," ","623.64"
"12/06/2017 09:00:00 - 12/06/2017 10:00:00","BZN|DK1","608.88","n/e"," ","695.63"
"12/06/2017 10:00:00 - 12/06/2017 11:00:00","BZN|DK1","650.79","n/e"," ","734.84"
"12/06/2017 11:00:00 - 12/06/2017 12:00:00","BZN|DK1","697.63","n/e"," ","624.14"
"12/06/2017 12:00:00 - 12/06/2017 13:00:00","BZN|DK1","716.42","n/e"," ","718.48"
"12/06/2017 13:00:00 - 12/06/2017 14:00:00","BZN|DK1","722.96","n/e"," ","759.44"
"12/06/2017 14:00:00 - 12/06/2017 15:00:00","BZN|DK1","725.92","n/e"," ","751.57"
"12/06/2017 15:00:00 - 12/06/2017 16:00:00","BZN|DK1","727.92","n/e"," ","778.59"
"12/06/2017 16:00:00 - 12/06/2017 17:00:00","BZN|DK1","729.04","n/e"," ","804.78"
"12/06/2017 17:00:00 - 12/06/2017 18:00:00","BZN|DK1","736.79","n/e"," ","804.71"
"12/06/2017 18:00:00 - 12/06/2017 19:00:00","BZN|DK1","746.00","n/e"," ","803.92"
"12/06/2017 19:00:00 - 12/06/2017 20:00:00","BZN|DK1","746.00","n/e"," ","805.14"
"12/06/2017 20:00:00 - 12/06/2017 21:00:00","BZN|DK1","746.00","n/e"," ","805.20"
"12/06/2017 21:00:00 - 12/06/2017 22:00:00","BZN|DK1","745.04","n/e"," ","805.84"
"12/06/2017 22:00:00 - 12/06/2017 23:00:00","BZN|DK1","744.04","n/e"," ","806.60"
"12/06/2017 23:00:00 - 13/06/2017 00:00:00","BZN|DK1","741.88","n/e"," ","800.36"
"13/06/2017 00:00:00 - 13/06/2017 01:00:00","BZN|DK1","737.32","n/e"," ","799.47"
"13/06/2017 01:00:00 - 13/06/2017 02:00:00","BZN|DK1","739.17","n/e"," ","798.90"
"13/06/2017 02:00:00 - 13/06/2017 03:00:00","BZN|DK1","730.18","n/e"," ","782.49"
"13/06/2017 03:00:00 - 13/06/2017 04:00:00","BZN|DK1","711.13","n/e"," ","766.46"
"13/06/2017 04:00:00 - 13/06/2017 05:00:00","BZN|DK1","685.73","n/e"," ","743.58"
"13/06/2017 05:00:00 - 13/06/2017 06:00:00","BZN|DK1","672.03","n/e"," ","733.68"
"13/06/2017 06:00:00 - 13/06/2017 07:00:00","BZN|DK1","692.09","n/e"," ","760.70"
"13/06/2017 07:00:00 - 13/06/2017 08:00:00","BZN|DK1","709.48","n/e"," ","772.50"
"13/06/2017 08:00:00 - 13/06/2017 09:00:00","BZN|DK1","698.03","n/e"," ","762.42"
"13/06/2017 09:00:00 - 13/06/2017 10:00:00","BZN|DK1","669.96","n/e"," ","738.79"
"13/06/2017 10:00:00 - 13/06/2017 11:00:00","BZN|DK1","645.29","n/e"," ","662.20"
"13/06/2017 11:00:00 - 13/06/2017 12:00:00","BZN|DK1","624.25","n/e"," ","643.98"
"13/06/2017 12:00:00 - 13/06/2017 13:00:00","BZN|DK1","599.92","n/e"," ","637.26"
"13/06/2017 13:00:00 - 13/06/2017 14:00:00","BZN|DK1","573.63","n/e"," ","627.48"
"13/06/2017 14:00:00 - 13/06/2017 15:00:00","BZN|DK1","551.25","n/e"," ","665.27"
"13/06/2017 15:00:00 - 13/06/2017 16:00:00","BZN|DK1","538.46","n/e"," ","615.08"
"13/06/2017 16:00:00 - 13/06/2017 17:00:00","BZN|DK1","527.83","n/e"," ","605.21"
"13/06/2017 17:00:00 - 13/06/2017 18:00:00","BZN|DK1","518.29","n/e"," ","610.85"
"13/06/2017 18:00:00 - 13/06/2017 19:00:00","BZN|DK1","512.63","n/e"," ","592.00"
"13/06/2017 19:00:00 - 13/06/2017 20:00:00","BZN|DK1","509.13","n/e"," ","576.14"
"13/06/2017 20:00:00 - 13/06/2017 21:00:00","BZN|DK1","505.17","n/e"," ","587.80"
"13/06/2017 21:00:00 - 13/06/2017 22:00:00","BZN|DK1","498.67","n/e"," ","569.39"
"13/06/2017 22:00:00 - 13/06/2017 23:00:00","BZN|DK1","491.13","n/e"," ","591.26"
"13/06/2017 23:00:00 - 14/06/2017 00:00:00","BZN|DK1","485.29","n/e"," ","555.66"
"14/06/2017 00:00:00 - 14/06/2017 01:00:00","BZN|DK1","472.60","n/e"," ","504.62"
"14/06/2017 01:00:00 - 14/06/2017 02:00:00","BZN|DK1","452.98","n/e"," ","497.11"
"14/06/2017 02:00:00 - 14/06/2017 03:00:00","BZN|DK1","453.66","n/e"," ","496.04"
"14/06/2017 03:00:00 - 14/06/2017 04:00:00","BZN|DK1","466.02","n/e"," ","513.38"
"14/06/2017 04:00:00 - 14/06/2017 05:00:00","BZN|DK1","462.99","n/e"," ","501.17"
"14/06/2017 05:00:00 - 14/06/2017 06:00:00","BZN|DK1","439.33","n/e"," ","461.22"
"14/06/2017 06:00:00 - 14/06/2017 07:00:00","BZN|DK1","425.35","n/e"," ","450.45"
"14/06/2017 07:00:00 - 14/06/2017 08:00:00","BZN|DK1","447.17","n/e"," ","484.68"
"14/06/2017 08:00:00 - 14/06/2017 09:00:00","BZN|DK1","428.17","n/e"," ","399.93"
"14/06/2017 09:00:00 - 14/06/2017 10:00:00","BZN|DK1","380.29","n/e"," ","292.94"
"14/06/2017 10:00:00 - 14/06/2017 11:00:00","BZN|DK1","334.50","n/e"," ","191.03"
"14/06/2017 11:00:00 - 14/06/2017 12:00:00","BZN|DK1","302.17","n/e"," ","172.90"
"14/06/2017 12:00:00 - 14/06/2017 13:00:00","BZN|DK1","286.42","n/e"," ","185.00"
"14/06/2017 13:00:00 - 14/06/2017 14:00:00","BZN|DK1","283.79","n/e"," ","224.85"
"14/06/2017 14:00:00 - 14/06/2017 15:00:00","BZN|DK1","283.83","n/e"," ","182.91"
"14/06/2017 15:00:00 - 14/06/2017 16:00:00","BZN|DK1","274.17","n/e"," ","279.47"
"14/06/2017 16:00:00 - 14/06/2017 17:00:00","BZN|DK1","256.46","n/e"," ","263.06"
"14/06/2017 17:00:00 - 14/06/2017 18:00:00","BZN|DK1","239.00","n/e"," ","238.87"
"14/06/2017 18:00:00 - 14/06/2017 19:00:00","BZN|DK1","227.92","n/e"," ","216.50"
"14/06/2017 19:00:00 - 14/06/2017 20:00:00","BZN|DK1","217.29","n/e"," ","267.52"
"14/06/2017 20:00:00 - 14/06/2017 21:00:00","BZN|DK1","218.08","n/e"," ","269.58"
"14/06/2017 21:00:00 - 14/06/2017 22:00:00","BZN|DK1","228.67","n/e"," ","280.09"
"14/06/2017 22:00:00 - 14/06/2017 23:00:00","BZN|DK1","233.79","n/e"," ","327.81"
"14/06/2017 23:00:00 - 15/06/2017 00:00:00","BZN|DK1","222.50","n/e"," ","314.78"
"15/06/2017 00:00:00 - 15/06/2017 01:00:00","BZN|DK1","226.94","n/e"," ","250.96"
"15/06/2017 01:00:00 - 15/06/2017 02:00:00","BZN|DK1","263.12","n/e"," ","289.15"
"15/06/2017 02:00:00 - 15/06/2017 03:00:00","BZN|DK1","226.56","n/e"," ","227.98"
"15/06/2017 03:00:00 - 15/06/2017 04:00:00","BZN|DK1","152.35","n/e"," ","158.88"
"15/06/2017 04:00:00 - 15/06/2017 05:00:00","BZN|DK1","101.45","n/e"," ","100.86"
"15/06/2017 05:00:00 - 15/06/2017 06:00:00","BZN|DK1","61.10","n/e"," ","60.18"
"15/06/2017 06:00:00 - 15/06/2017 07:00:00","BZN|DK1","25.55","n/e"," ","22.53"
"15/06/2017 07:00:00 - 15/06/2017 08:00:00","BZN|DK1","28.74","n/e"," ","31.53"
"15/06/2017 08:00:00 - 15/06/2017 09:00:00","BZN|DK1","52.68","n/e"," ","64.57"
"15/06/2017 09:00:00 - 15/06/2017 10:00:00","BZN|DK1","70.67","n/e"," ","86.92"
"15/06/2017 10:00:00 - 15/06/2017 11:00:00","BZN|DK1","104.38","n/e"," ","99.52"
"15/06/2017 11:00:00 - 15/06/2017 12:00:00","BZN|DK1","131.25","n/e"," ","93.01"
"15/06/2017 12:00:00 - 15/06/2017 13:00:00","BZN|DK1","158.38","n/e"," ","117.35"
"15/06/2017 13:00:00 - 15/06/2017 14:00:00","BZN|DK1","187.58","n/e"," ","151.70"
"15/06/2017 14:00:00 - 15/06/2017 15:00:00","BZN|DK1","225.29","n/e"," ","174.34"
"15/06/2017 15:00:00 - 15/06/2017 16:00:00","BZN|DK1","262.79","n/e"," ","167.36"
"15/06/2017 16:00:00 - 15/06/2017 17:00:00","BZN|DK1","312.92","n/e"," ","205.58"
"15/06/2017 17:00:00 - 15/06/2017 18:00:00","BZN|DK1","325.17","n/e"," ","315.69"
"15/06/2017 18:00:00 - 15/06/2017 19:00:00","BZN|DK1","323.63","n/e"," ","341.21"
"15/06/2017 19:00:00 - 15/06/2017 20:00:00","BZN|DK1","322.04","n/e"," ","309.25"
"15/06/2017 20:00:00 - 15/06/2017 21:00:00","BZN|DK1","348.38","n/e"," ","278.50"
"15/06/2017 21:00:00 - 15/06/2017 22:00:00","BZN|DK1","402.54","n/e"," ","309.46"
"15/06/2017 22:00:00 - 15/06/2017 23:00:00","BZN|DK1","457.17","n/e"," ","410.12"
"15/06/2017 23:00:00 - 16/06/2017 00:00:00","BZN|DK1","509.13","n/e"," ","538.47"
"16/06/2017 00:00:00 - 16/06/2017 01:00:00","BZN|DK1","569.20","n/e"," ","627.17"
"16/06/2017 01:00:00 - 16/06/2017 02:00:00","BZN|DK1","582.43","n/e"," ","615.41"
"16/06/2017 02:00:00 - 16/06/2017 03:00:00","BZN|DK1","555.77","n/e"," ","584.97"
"16/06/2017 03:00:00 - 16/06/2017 04:00:00","BZN|DK1","606.70","n/e"," ","677.37"
"16/06/2017 04:00:00 - 16/06/2017 05:00:00","BZN|DK1","605.68","n/e"," ","643.73"
"16/06/2017 05:00:00 - 16/06/2017 06:00:00","BZN|DK1","660.27","n/e"," ","741.60"
"16/06/2017 06:00:00 - 16/06/2017 07:00:00","BZN|DK1","686.79","n/e"," ","735.37"
"16/06/2017 07:00:00 - 16/06/2017 08:00:00","BZN|DK1","702.57","n/e"," ","765.40"
"16/06/2017 08:00:00 - 16/06/2017 09:00:00","BZN|DK1","718.06","n/e"," ","774.66"
"16/06/2017 09:00:00 - 16/06/2017 10:00:00","BZN|DK1","709.45","n/e"," ","762.31"
"16/06/2017 10:00:00 - 16/06/2017 11:00:00","BZN|DK1","714.50","n/e"," ","772.38"
"16/06/2017 11:00:00 - 16/06/2017 12:00:00","BZN|DK1","728.05","n/e"," ","791.89"
"16/06/2017 12:00:00 - 16/06/2017 13:00:00","BZN|DK1","731.25","n/e"," ","775.90"
"16/06/2017 13:00:00 - 16/06/2017 14:00:00","BZN|DK1","684.59","n/e"," ","730.08"
"16/06/2017 14:00:00 - 16/06/2017 15:00:00","BZN|DK1","623.53","n/e"," ","667.53"
"16/06/2017 15:00:00 - 16/06/2017 16:00:00","BZN|DK1","637.83","n/e"," ","675.57"
"16/06/2017 16:00:00 - 16/06/2017 17:00:00","BZN|DK1","725.37","n/e"," ","769.69"
"16/06/2017 17:00:00 - 16/06/2017 18:00:00","BZN|DK1","730.30","n/e"," ","795.25"
"16/06/2017 18:00:00 - 16/06/2017 19:00:00","BZN|DK1","739.69","n/e"," ","787.20"
"16/06/2017 19:00:00 - 16/06/2017 20:00:00","BZN|DK1","739.90","n/e"," ","800.32"
"16/06/2017 20:00:00 - 16/06/2017 21:00:00","BZN|DK1","740.21","n/e"," ","798.65"
"16/06/2017 21:00:00 - 16/06/2017 22:00:00","BZN|DK1","746.04","n/e"," ","807.14"
"16/06/2017 22:00:00 - 16/06/2017 23:00:00","BZN|DK1","744.78","n/e"," ","805.11"
"16/06/2017 23:00:00 - 17/06/2017 00:00:00","BZN|DK1","741.03","n/e"," ","802.16"
"17/06/2017 00:00:00 - 17/06/2017 01:00:00","BZN|DK1","739.74","n/e"," ","803.28"
"17/06/2017 01:00:00 - 17/06/2017 02:00:00","BZN|DK1","733.22","n/e"," ","792.96"
"17/06/2017 02:00:00 - 17/06/2017 03:00:00","BZN|DK1","729.98","n/e"," ","799.30"
"17/06/2017 03:00:00 - 17/06/2017 04:00:00","BZN|DK1","733.33","n/e"," ","794.49"
"17/06/2017 04:00:00 - 17/06/2017 05:00:00","BZN|DK1","705.28","n/e"," ","759.45"
"17/06/2017 05:00:00 - 17/06/2017 06:00:00","BZN|DK1","629.42","n/e"," ","672.99"
"17/06/2017 06:00:00 - 17/06/2017 07:00:00","BZN|DK1","576.66","n/e"," ","633.22"
"17/06/2017 07:00:00 - 17/06/2017 08:00:00","BZN|DK1","546.40","n/e"," ","598.27"
"17/06/2017 08:00:00 - 17/06/2017 09:00:00","BZN|DK1","500.53","n/e"," ","531.56"
"17/06/2017 09:00:00 - 17/06/2017 10:00:00","BZN|DK1","364.93","n/e"," ","400.76"
"17/06/2017 10:00:00 - 17/06/2017 11:00:00","BZN|DK1","365.68","n/e"," ","398.23"
"17/06/2017 11:00:00 - 17/06/2017 12:00:00","BZN|DK1","304.11","n/e"," ","314.87"
"17/06/2017 12:00:00 - 17/06/2017 13:00:00","BZN|DK1","195.88","n/e"," ","208.32"
"17/06/2017 13:00:00 - 17/06/2017 14:00:00","BZN|DK1","191.04","n/e"," ","207.42"
"17/06/2017 14:00:00 - 17/06/2017 15:00:00","BZN|DK1","142.50","n/e"," ","141.66"
"17/06/2017 15:00:00 - 17/06/2017 16:00:00","BZN|DK1","121.14","n/e"," ","120.40"
"17/06/2017 16:00:00 - 17/06/2017 17:00:00","BZN|DK1","111.93","n/e"," ","118.13"
"17/06/2017 17:00:00 - 17/06/2017 18:00:00","BZN|DK1","133.40","n/e"," ","142.51"
"17/06/2017 18:00:00 - 17/06/2017 19:00:00","BZN|DK1","134.01","n/e"," ","144.38"
"17/06/2017 19:00:00 - 17/06/2017 20:00:00","BZN|DK1","128.98","n/e"," ","128.15"
"17/06/2017 20:00:00 - 17/06/2017 21:00:00","BZN|DK1","106.67","n/e"," ","125.30"
"17/06/2017 21:00:00 - 17/06/2017 22:00:00","BZN|DK1","193.28","n/e"," ","217.32"
"17/06/2017 22:00:00 - 17/06/2017 23:00:00","BZN|DK1","256.89","n/e"," ","280.31"
"17/06/2017 23:00:00 - 18/06/2017 00:00:00","BZN|DK1","277.80","n/e"," ","302.30"
"18/06/2017 00:00:00 - 18/06/2017 01:00:00","BZN|DK1","252.65","n/e"," ","277.06"
"18/06/2017 01:00:00 - 18/06/2017 02:00:00","BZN|DK1","299.14","n/e"," ","317.28"
"18/06/2017 02:00:00 - 18/06/2017 03:00:00","BZN|DK1","335.25","n/e"," ","351.08"
"18/06/2017 03:00:00 - 18/06/2017 04:00:00","BZN|DK1","330.42","n/e"," ","347.79"
"18/06/2017 04:00:00 - 18/06/2017 05:00:00","BZN|DK1","340.75","n/e"," ","358.10"
"18/06/2017 05:00:00 - 18/06/2017 06:00:00","BZN|DK1","302.86","n/e"," ","315.60"
"18/06/2017 06:00:00 - 18/06/2017 07:00:00","BZN|DK1","281.62","n/e"," ","293.02"
"18/06/2017 07:00:00 - 18/06/2017 08:00:00","BZN|DK1","258.62","n/e"," ","280.46"
"18/06/2017 08:00:00 - 18/06/2017 09:00:00","BZN|DK1","263.50","n/e"," ","269.48"
"18/06/2017 09:00:00 - 18/06/2017 10:00:00","BZN|DK1","216.83","n/e"," ","231.86"
"18/06/2017 10:00:00 - 18/06/2017 11:00:00","BZN|DK1","228.57","n/e"," ","247.04"
"18/06/2017 11:00:00 - 18/06/2017 12:00:00","BZN|DK1","283.20","n/e"," ","302.25"
"18/06/2017 12:00:00 - 18/06/2017 13:00:00","BZN|DK1","217.91","n/e"," ","221.19"
"18/06/2017 13:00:00 - 18/06/2017 14:00:00","BZN|DK1","192.57","n/e"," ","217.30"
"18/06/2017 14:00:00 - 18/06/2017 15:00:00","BZN|DK1","308.16","n/e"," ","347.77"
"18/06/2017 15:00:00 - 18/06/2017 16:00:00","BZN|DK1","360.59","n/e"," ","393.04"
"18/06/2017 16:00:00 - 18/06/2017 17:00:00","BZN|DK1","411.84","n/e"," ","450.32"
"18/06/2017 17:00:00 - 18/06/2017 18:00:00","BZN|DK1","420.78","n/e"," ","440.04"
"18/06/2017 18:00:00 - 18/06/2017 19:00:00","BZN|DK1","385.56","n/e"," ","415.88"
"18/06/2017 19:00:00 - 18/06/2017 20:00:00","BZN|DK1","386.91","n/e"," ","412.28"
"18/06/2017 20:00:00 - 18/06/2017 21:00:00","BZN|DK1","356.10","n/e"," ","375.20"
"18/06/2017 21:00:00 - 18/06/2017 22:00:00","BZN|DK1","338.58","n/e"," ","364.77"
"18/06/2017 22:00:00 - 18/06/2017 23:00:00","BZN|DK1","318.46","n/e"," ","334.24"
"18/06/2017 23:00:00 - 19/06/2017 00:00:00","BZN|DK1","250.27","n/e"," ","263.73"
"19/06/2017 00:00:00 - 19/06/2017 01:00:00","BZN|DK1","169.37","n/e"," ","189.12"
"19/06/2017 01:00:00 - 19/06/2017 02:00:00","BZN|DK1","179.94","n/e"," ","199.86"
"19/06/2017 02:00:00 - 19/06/2017 03:00:00","BZN|DK1","193.86","n/e"," ","207.15"
"19/06/2017 03:00:00 - 19/06/2017 04:00:00","BZN|DK1","154.60","n/e"," ","162.21"
"19/06/2017 04:00:00 - 19/06/2017 05:00:00","BZN|DK1","152.87","n/e"," ","164.31"
"19/06/2017 05:00:00 - 19/06/2017 06:00:00","BZN|DK1","131.84","n/e"," ","134.51"
"19/06/2017 06:00:00 - 19/06/2017 07:00:00","BZN|DK1","110.90","n/e"," ","116.58"
"19/06/2017 07:00:00 - 19/06/2017 08:00:00","BZN|DK1","84.92","n/e"," ","82.32"
"19/06/2017 08:00:00 - 19/06/2017 09:00:00","BZN|DK1","48.66","n/e"," ","48.35"
"19/06/2017 09:00:00 - 19/06/2017 10:00:00","BZN|DK1","38.65","n/e"," ","39.64"
"19/06/2017 10:00:00 - 19/06/2017 11:00:00","BZN|DK1","41.59","n/e"," ","43.07"
"19/06/2017 11:00:00 - 19/06/2017 12:00:00","BZN|DK1","26.08","n/e"," ","22.29"
"19/06/2017 12:00:00 - 19/06/2017 13:00:00","BZN|DK1","8.99","n/e"," ","8.85"
"19/06/2017 13:00:00 - 19/06/2017 14:00:00","BZN|DK1","12.89","n/e"," ","15.89"
"19/06/2017 14:00:00 - 19/06/2017 15:00:00","BZN|DK1","21.06","n/e"," ","23.75"
"19/06/2017 15:00:00 - 19/06/2017 16:00:00","BZN|DK1","51.87","n/e"," ","63.71"
"19/06/2017 16:00:00 - 19/06/2017 17:00:00","BZN|DK1","104.67","n/e"," ","115.82"
"19/06/2017 17:00:00 - 19/06/2017 18:00:00","BZN|DK1","150.21","n/e"," ","164.46"
"19/06/2017 18:00:00 - 19/06/2017 19:00:00","BZN|DK1","229.79","n/e"," ","252.47"
"19/06/2017 19:00:00 - 19/06/2017 20:00:00","BZN|DK1","349.17","n/e"," ","378.60"
"19/06/2017 20:00:00 - 19/06/2017 21:00:00","BZN|DK1","444.65","n/e"," ","460.70"
"19/06/2017 21:00:00 - 19/06/2017 22:00:00","BZN|DK1","369.09","n/e"," ","391.25"
"19/06/2017 22:00:00 - 19/06/2017 23:00:00","BZN|DK1","429.97","n/e"," ","467.61"
"19/06/2017 23:00:00 - 20/06/2017 00:00:00","BZN|DK1","464.84","n/e"," ","488.06"
"20/06/2017 00:00:00 - 20/06/2017 01:00:00","BZN|DK1","476.52","n/e"," ","514.85"
"20/06/2017 01:00:00 - 20/06/2017 02:00:00","BZN|DK1","507.83","n/e"," ","566.75"
"20/06/2017 02:00:00 - 20/06/2017 03:00:00","BZN|DK1","571.37","n/e"," ","615.55"
"20/06/2017 03:00:00 - 20/06/2017 04:00:00","BZN|DK1","565.69","n/e"," ","605.44"
"20/06/2017 04:00:00 - 20/06/2017 05:00:00","BZN|DK1","584.29","n/e"," ","632.79"
"20/06/2017 05:00:00 - 20/06/2017 06:00:00","BZN|DK1","608.00","n/e"," ","654.33"
"20/06/2017 06:00:00 - 20/06/2017 07:00:00","BZN|DK1","593.16","n/e"," ","630.51"
"20/06/2017 07:00:00 - 20/06/2017 08:00:00","BZN|DK1","605.79","n/e"," ","665.35"
"20/06/2017 08:00:00 - 20/06/2017 09:00:00","BZN|DK1","623.21","n/e"," ","666.87"
"20/06/2017 09:00:00 - 20/06/2017 10:00:00","BZN|DK1","622.17","n/e"," ","672.52"
"20/06/2017 10:00:00 - 20/06/2017 11:00:00","BZN|DK1","622.13","n/e"," ","661.26"
"20/06/2017 11:00:00 - 20/06/2017 12:00:00","BZN|DK1","594.85","n/e"," ","617.98"
"20/06/2017 12:00:00 - 20/06/2017 13:00:00","BZN|DK1","536.93","n/e"," ","573.70"
"20/06/2017 13:00:00 - 20/06/2017 14:00:00","BZN|DK1","518.54","n/e"," ","592.57"
"20/06/2017 14:00:00 - 20/06/2017 15:00:00","BZN|DK1","532.38","n/e"," ","610.06"
"20/06/2017 15:00:00 - 20/06/2017 16:00:00","BZN|DK1","544.88","n/e"," ","622.65"
"20/06/2017 16:00:00 - 20/06/2017 17:00:00","BZN|DK1","545.54","n/e"," ","605.93"
"20/06/2017 17:00:00 - 20/06/2017 18:00:00","BZN|DK1","544.08","n/e"," ","649.62"
"20/06/2017 18:00:00 - 20/06/2017 19:00:00","BZN|DK1","541.13","n/e"," ","695.87"
"20/06/2017 19:00:00 - 20/06/2017 20:00:00","BZN|DK1","540.13","n/e"," ","668.11"
"20/06/2017 20:00:00 - 20/06/2017 21:00:00","BZN|DK1","542.42","n/e"," ","649.78"
"20/06/2017 21:00:00 - 20/06/2017 22:00:00","BZN|DK1","541.13","n/e"," ","633.80"
"20/06/2017 22:00:00 - 20/06/2017 23:00:00","BZN|DK1","540.04","n/e"," ","627.54"
"20/06/2017 23:00:00 - 21/06/2017 00:00:00","BZN|DK1","537.96","n/e"," ","602.02"
"21/06/2017 00:00:00 - 21/06/2017 01:00:00","BZN|DK1","545.45","n/e"," ","593.55"
"21/06/2017 01:00:00 - 21/06/2017 02:00:00","BZN|DK1","553.95","n/e"," ","594.93"
"21/06/2017 02:00:00 - 21/06/2017 03:00:00","BZN|DK1","563.30","n/e"," ","611.20"
"21/06/2017 03:00:00 - 21/06/2017 04:00:00","BZN|DK1","569.72","n/e"," ","607.10"
"21/06/2017 04:00:00 - 21/06/2017 05:00:00","BZN|DK1","545.13","n/e"," ","584.96"
"21/06/2017 05:00:00 - 21/06/2017 06:00:00","BZN|DK1","474.63","n/e"," ","504.07"
"21/06/2017 06:00:00 - 21/06/2017 07:00:00","BZN|DK1","407.41","n/e"," ","426.63"
"21/06/2017 07:00:00 - 21/06/2017 08:00:00","BZN|DK1","308.40","n/e"," ","334.16"
"21/06/2017 08:00:00 - 21/06/2017 09:00:00","BZN|DK1","263.60","n/e"," ","266.13"
"21/06/2017 09:00:00 - 21/06/2017 10:00:00","BZN|DK1","213.21","n/e"," ","196.24"
"21/06/2017 10:00:00 - 21/06/2017 11:00:00","BZN|DK1","184.54","n/e"," ","187.17"
"21/06/2017 11:00:00 - 21/06/2017 12:00:00","BZN|DK1","159.46","n/e"," ","146.68"
"21/06/2017 12:00:00 - 21/06/2017 13:00:00","BZN|DK1","141.13","n/e"," ","98.69"
"21/06/2017 13:00:00 - 21/06/2017 14:00:00","BZN|DK1","145.00","n/e"," ","96.58"
"21/06/2017 14:00:00 - 21/06/2017 15:00:00","BZN|DK1","167.08","n/e"," ","76.13"
"21/06/2017 15:00:00 - 21/06/2017 16:00:00","BZN|DK1","196.08","n/e"," ","50.59"
"21/06/2017 16:00:00 - 21/06/2017 17:00:00","BZN|DK1","216.54","n/e"," ","98.87"
"21/06/2017 17:00:00 - 21/06/2017 18:00:00","BZN|DK1","240.17","n/e"," ","180.51"
"21/06/2017 18:00:00 - 21/06/2017 19:00:00","BZN|DK1","259.42","n/e"," ","195.15"
"21/06/2017 19:00:00 - 21/06/2017 20:00:00","BZN|DK1","253.04","n/e"," ","277.97"
"21/06/2017 20:00:00 - 21/06/2017 21:00:00","BZN|DK1","232.17","n/e"," ","264.34"
"21/06/2017 21:00:00 - 21/06/2017 22:00:00","BZN|DK1","211.67","n/e"," ","195.54"
"21/06/2017 22:00:00 - 21/06/2017 23:00:00","BZN|DK1","197.13","n/e"," ","200.50"
"21/06/2017 23:00:00 - 22/06/2017 00:00:00","BZN|DK1","179.13","n/e"," ","148.34"
"22/06/2017 00:00:00 - 22/06/2017 01:00:00","BZN|DK1","116.23","n/e"," ","120.88"
"22/06/2017 01:00:00 - 22/06/2017 02:00:00","BZN|DK1","143.02","n/e"," ","152.25"
"22/06/2017 02:00:00 - 22/06/2017 03:00:00","BZN|DK1","136.42","n/e"," ","138.18"
"22/06/2017 03:00:00 - 22/06/2017 04:00:00","BZN|DK1","107.67","n/e"," ","108.73"
"22/06/2017 04:00:00 - 22/06/2017 05:00:00","BZN|DK1","133.75","n/e"," ","139.61"
"22/06/2017 05:00:00 - 22/06/2017 06:00:00","BZN|DK1","135.67","n/e"," ","131.11"
"22/06/2017 06:00:00 - 22/06/2017 07:00:00","BZN|DK1","166.77","n/e"," ","184.97"
"22/06/2017 07:00:00 - 22/06/2017 08:00:00","BZN|DK1","161.44","n/e"," ","151.29"
"22/06/2017 08:00:00 - 22/06/2017 09:00:00","BZN|DK1","134.95","n/e"," ","352.53"
"22/06/2017 09:00:00 - 22/06/2017 10:00:00","BZN|DK1","147.71","n/e"," ","374.39"
"22/06/2017 10:00:00 - 22/06/2017 11:00:00","BZN|DK1","170.71","n/e"," ","271.26"
"22/06/2017 11:00:00 - 22/06/2017 12:00:00","BZN|DK1","206.58","n/e"," ","92.93"
"22/06/2017 12:00:00 - 22/06/2017 13:00:00","BZN|DK1","256.42","n/e"," ","102.84"
"22/06/2017 13:00:00 - 22/06/2017 14:00:00","BZN|DK1","292.42","n/e"," ","112.71"
"22/06/2017 14:00:00 - 22/06/2017 15:00:00","BZN|DK1","281.21","n/e"," ","122.86"
"22/06/2017 15:00:00 - 22/06/2017 16:00:00","BZN|DK1","249.67","n/e"," ","112.55"
"22/06/2017 16:00:00 - 22/06/2017 17:00:00","BZN|DK1","206.92","n/e"," ","106.36"
"22/06/2017 17:00:00 - 22/06/2017 18:00:00","BZN|DK1","183.13","n/e"," ","64.44"
"22/06/2017 18:00:00 - 22/06/2017 19:00:00","BZN|DK1","171.04","n/e"," ","97.98"
"22/06/2017 19:00:00 - 22/06/2017 20:00:00","BZN|DK1","164.96","n/e"," ","137.45"
"22/06/2017 20:00:00 - 22/06/2017 21:00:00","BZN|DK1","185.21","n/e"," ","245.89"
"22/06/2017 21:00:00 - 22/06/2017 22:00:00","BZN|DK1","223.50","n/e"," ","238.19"
"22/06/2017 22:00:00 - 22/06/2017 23:00:00","BZN|DK1","249.17","n/e"," ","190.68"
"22/06/2017 23:00:00 - 23/06/2017 00:00:00","BZN|DK1","253.00","n/e"," ","161.81"
"23/06/2017 00:00:00 - 23/06/2017 01:00:00","BZN|DK1","132.60","n/e"," ","104.18"
"23/06/2017 01:00:00 - 23/06/2017 02:00:00","BZN|DK1","127.22","n/e"," ","115.57"
"23/06/2017 02:00:00 - 23/06/2017 03:00:00","BZN|DK1","159.94","n/e"," ","175.25"
"23/06/2017 03:00:00 - 23/06/2017 04:00:00","BZN|DK1","156.65","n/e"," ","196.57"
"23/06/2017 04:00:00 - 23/06/2017 05:00:00","BZN|DK1","174.80","n/e"," ","195.09"
"23/06/2017 05:00:00 - 23/06/2017 06:00:00","BZN|DK1","243.59","n/e"," ","264.46"
"23/06/2017 06:00:00 - 23/06/2017 07:00:00","BZN|DK1","176.80","n/e"," ","175.96"
"23/06/2017 07:00:00 - 23/06/2017 08:00:00","BZN|DK1","170.83","n/e"," ","184.89"
"23/06/2017 08:00:00 - 23/06/2017 09:00:00","BZN|DK1","183.07","n/e"," ","110.64"
"23/06/2017 09:00:00 - 23/06/2017 10:00:00","BZN|DK1","246.88","n/e"," ","139.54"
"23/06/2017 10:00:00 - 23/06/2017 11:00:00","BZN|DK1","238.50","n/e"," ","219.51"
"23/06/2017 11:00:00 - 23/06/2017 12:00:00","BZN|DK1","212.88","n/e"," ","203.95"
"23/06/2017 12:00:00 - 23/06/2017 13:00:00","BZN|DK1","179.96","n/e"," ","86.79"
"23/06/2017 13:00:00 - 23/06/2017 14:00:00","BZN|DK1","160.25","n/e"," ","147.81"
"23/06/2017 14:00:00 - 23/06/2017 15:00:00","BZN|DK1","180.29","n/e"," ","236.49"
"23/06/2017 15:00:00 - 23/06/2017 16:00:00","BZN|DK1","248.29","n/e"," ","258.96"
"23/06/2017 16:00:00 - 23/06/2017 17:00:00","BZN|DK1","368.83","n/e"," ","493.15"
"23/06/2017 17:00:00 - 23/06/2017 18:00:00","BZN|DK1","477.83","n/e"," ","603.63"
"23/06/2017 18:00:00 - 23/06/2017 19:00:00","BZN|DK1","514.92","n/e"," ","575.18"
"23/06/2017 19:00:00 - 23/06/2017 20:00:00","BZN|DK1","490.33","n/e"," ","596.84"
"23/06/2017 20:00:00 - 23/06/2017 21:00:00","BZN|DK1","461.54","n/e"," ","487.46"
"23/06/2017 21:00:00 - 23/06/2017 22:00:00","BZN|DK1","446.79","n/e"," ","572.05"
"23/06/2017 22:00:00 - 23/06/2017 23:00:00","BZN|DK1","449.29","n/e"," ","496.15"
"23/06/2017 23:00:00 - 24/06/2017 00:00:00","BZN|DK1","463.25","n/e"," ","531.77"
"24/06/2017 00:00:00 - 24/06/2017 01:00:00","BZN|DK1","566.34","n/e"," ","604.75"
"24/06/2017 01:00:00 - 24/06/2017 02:00:00","BZN|DK1","532.92","n/e"," ","556.08"
"24/06/2017 02:00:00 - 24/06/2017 03:00:00","BZN|DK1","554.72","n/e"," ","586.14"
"24/06/2017 03:00:00 - 24/06/2017 04:00:00","BZN|DK1","554.91","n/e"," ","568.09"
"24/06/2017 04:00:00 - 24/06/2017 05:00:00","BZN|DK1","506.73","n/e"," ","541.40"
"24/06/2017 05:00:00 - 24/06/2017 06:00:00","BZN|DK1","523.13","n/e"," ","560.48"
"24/06/2017 06:00:00 - 24/06/2017 07:00:00","BZN|DK1","484.85","n/e"," ","531.53"
"24/06/2017 07:00:00 - 24/06/2017 08:00:00","BZN|DK1","524.21","n/e"," ","542.87"
"24/06/2017 08:00:00 - 24/06/2017 09:00:00","BZN|DK1","487.21","n/e"," ","407.34"
"24/06/2017 09:00:00 - 24/06/2017 10:00:00","BZN|DK1","438.33","n/e"," ","358.14"
"24/06/2017 10:00:00 - 24/06/2017 11:00:00","BZN|DK1","410.79","n/e"," ","380.65"
"24/06/2017 11:00:00 - 24/06/2017 12:00:00","BZN|DK1","455.58","n/e"," ","402.89"
"24/06/2017 12:00:00 - 24/06/2017 13:00:00","BZN|DK1","502.17","n/e"," ","405.53"
"24/06/2017 13:00:00 - 24/06/2017 14:00:00","BZN|DK1","535.29","n/e"," ","528.34"
"24/06/2017 14:00:00 - 24/06/2017 15:00:00","BZN|DK1","551.96","n/e"," ","635.95"
"24/06/2017 15:00:00 - 24/06/2017 16:00:00","BZN|DK1","582.04","n/e"," ","609.89"
"24/06/2017 16:00:00 - 24/06/2017 17:00:00","BZN|DK1","596.21","n/e"," ","643.06"
"24/06/2017 17:00:00 - 24/06/2017 18:00:00","BZN|DK1","604.96","n/e"," ","682.49"
"24/06/2017 18:00:00 - 24/06/2017 19:00:00","BZN|DK1","608.92","n/e"," ","762.16"
"24/06/2017 19:00:00 - 24/06/2017 20:00:00","BZN|DK1","595.13","n/e"," ","774.09"
"24/06/2017 20:00:00 - 24/06/2017 21:00:00","BZN|DK1","577.92","n/e"," ","768.99"
"24/06/2017 21:00:00 - 24/06/2017 22:00:00","BZN|DK1","573.29","n/e"," ","724.03"
"24/06/2017 22:00:00 - 24/06/2017 23:00:00","BZN|DK1","581.92","n/e"," ","706.60"
"24/06/2017 23:00:00 - 25/06/2017 00:00:00","BZN|DK1","616.63","n/e"," ","735.61"
"25/06/2017 00:00:00 - 25/06/2017 01:00:00","BZN|DK1","712.77","n/e"," ","758.90"
"25/06/2017 01:00:00 - 25/06/2017 02:00:00","BZN|DK1","721.36","n/e"," ","765.12"
"25/06/2017 02:00:00 - 25/06/2017 03:00:00","BZN|DK1","715.13","n/e"," ","754.36"
"25/06/2017 03:00:00 - 25/06/2017 04:00:00","BZN|DK1","707.08","n/e"," ","749.33"
"25/06/2017 04:00:00 - 25/06/2017 05:00:00","BZN|DK1","681.93","n/e"," ","721.20"
"25/06/2017 05:00:00 - 25/06/2017 06:00:00","BZN|DK1","645.91","n/e"," ","683.86"
"25/06/2017 06:00:00 - 25/06/2017 07:00:00","BZN|DK1","583.59","n/e"," ","597.05"
"25/06/2017 07:00:00 - 25/06/2017 08:00:00","BZN|DK1","527.97","n/e"," ","587.86"
"25/06/2017 08:00:00 - 25/06/2017 09:00:00","BZN|DK1","604.87","n/e"," ","646.08"
"25/06/2017 09:00:00 - 25/06/2017 10:00:00","BZN|DK1","612.92","n/e"," ","697.89"
"25/06/2017 10:00:00 - 25/06/2017 11:00:00","BZN|DK1","663.58","n/e"," ","710.49"
"25/06/2017 11:00:00 - 25/06/2017 12:00:00","BZN|DK1","696.17","n/e"," ","653.36"
"25/06/2017 12:00:00 - 25/06/2017 13:00:00","BZN|DK1","704.08","n/e"," ","673.46"
"25/06/2017 13:00:00 - 25/06/2017 14:00:00","BZN|DK1","709.46","n/e"," ","692.98"
"25/06/2017 14:00:00 - 25/06/2017 15:00:00","BZN|DK1","713.83","n/e"," ","755.20"
"25/06/2017 15:00:00 - 25/06/2017 16:00:00","BZN|DK1","715.13","n/e"," ","754.35"
"25/06/2017 16:00:00 - 25/06/2017 17:00:00","BZN|DK1","715.88","n/e"," ","778.66"
"25/06/2017 17:00:00 - 25/06/2017 18:00:00","BZN|DK1","726.13","n/e"," ","782.37"
"25/06/2017 18:00:00 - 25/06/2017 19:00:00","BZN|DK1","737.96","n/e"," ","779.56"
"25/06/2017 19:00:00 - 25/06/2017 20:00:00","BZN|DK1","738.00","n/e"," ","771.93"
"25/06/2017 20:00:00 - 25/06/2017 21:00:00","BZN|DK1","738.00","n/e"," ","774.10"
"25/06/2017 21:00:00 - 25/06/2017 22:00:00","BZN|DK1","738.96","n/e"," ","761.88"
"25/06/2017 22:00:00 - 25/06/2017 23:00:00","BZN|DK1","739.00","n/e"," ","773.32"
"25/06/2017 23:00:00 - 26/06/2017 00:00:00","BZN|DK1","739.96","n/e"," ","781.79"
"26/06/2017 00:00:00 - 26/06/2017 01:00:00","BZN|DK1","736.51","n/e"," ","783.51"
"26/06/2017 01:00:00 - 26/06/2017 02:00:00","BZN|DK1","729.10","n/e"," ","768.83"
"26/06/2017 02:00:00 - 26/06/2017 03:00:00","BZN|DK1","727.77","n/e"," ","785.90"
"26/06/2017 03:00:00 - 26/06/2017 04:00:00","BZN|DK1","731.11","n/e"," ","783.99"
"26/06/2017 04:00:00 - 26/06/2017 05:00:00","BZN|DK1","730.94","n/e"," ","785.01"
"26/06/2017 05:00:00 - 26/06/2017 06:00:00","BZN|DK1","729.80","n/e"," ","781.12"
"26/06/2017 06:00:00 - 26/06/2017 07:00:00","BZN|DK1","728.34","n/e"," ","780.24"
"26/06/2017 07:00:00 - 26/06/2017 08:00:00","BZN|DK1","726.34","n/e"," ","783.73"
"26/06/2017 08:00:00 - 26/06/2017 09:00:00","BZN|DK1","720.88","n/e"," ","773.73"
"26/06/2017 09:00:00 - 26/06/2017 10:00:00","BZN|DK1","708.58","n/e"," ","702.95"
"26/06/2017 10:00:00 - 26/06/2017 11:00:00","BZN|DK1","695.33","n/e"," ","706.85"
"26/06/2017 11:00:00 - 26/06/2017 12:00:00","BZN|DK1","694.33","n/e"," ","736.70"
"26/06/2017 12:00:00 - 26/06/2017 13:00:00","BZN|DK1","692.83","n/e"," ","739.94"
"26/06/2017 13:00:00 - 26/06/2017 14:00:00","BZN|DK1","688.21","n/e"," ","714.46"
"26/06/2017 14:00:00 - 26/06/2017 15:00:00","BZN|DK1","681.96","n/e"," ","676.68"
"26/06/2017 15:00:00 - 26/06/2017 16:00:00","BZN|DK1","676.67","n/e"," ","716.99"
"26/06/2017 16:00:00 - 26/06/2017 17:00:00","BZN|DK1","672.04","n/e"," ","713.66"
"26/06/2017 17:00:00 - 26/06/2017 18:00:00","BZN|DK1","666.63","n/e"," ","704.39"
"26/06/2017 18:00:00 - 26/06/2017 19:00:00","BZN|DK1","661.88","n/e"," ","691.87"
"26/06/2017 19:00:00 - 26/06/2017 20:00:00","BZN|DK1","656.25","n/e"," ","699.38"
"26/06/2017 20:00:00 - 26/06/2017 21:00:00","BZN|DK1","647.88","n/e"," ","713.68"
"26/06/2017 21:00:00 - 26/06/2017 22:00:00","BZN|DK1","632.50","n/e"," ","709.71"
"26/06/2017 22:00:00 - 26/06/2017 23:00:00","BZN|DK1","612.92","n/e"," ","692.19"
"26/06/2017 23:00:00 - 27/06/2017 00:00:00","BZN|DK1","590.00","n/e"," ","690.70"
"27/06/2017 00:00:00 - 27/06/2017 01:00:00","BZN|DK1","614.60","n/e"," ","661.26"
"27/06/2017 01:00:00 - 27/06/2017 02:00:00","BZN|DK1","591.20","n/e"," ","640.50"
"27/06/2017 02:00:00 - 27/06/2017 03:00:00","BZN|DK1","576.40","n/e"," ","615.96"
"27/06/2017 03:00:00 - 27/06/2017 04:00:00","BZN|DK1","529.53","n/e"," ","567.96"
"27/06/2017 04:00:00 - 27/06/2017 05:00:00","BZN|DK1","479.40","n/e"," ","513.80"
"27/06/2017 05:00:00 - 27/06/2017 06:00:00","BZN|DK1","429.20","n/e"," ","462.32"
"27/06/2017 06:00:00 - 27/06/2017 07:00:00","BZN|DK1","414.78","n/e"," ","454.68"
"27/06/2017 07:00:00 - 27/06/2017 08:00:00","BZN|DK1","393.19","n/e"," ","424.81"
"27/06/2017 08:00:00 - 27/06/2017 09:00:00","BZN|DK1","331.66","n/e"," ","335.45"
"27/06/2017 09:00:00 - 27/06/2017 10:00:00","BZN|DK1","259.71","n/e"," ","262.71"
"27/06/2017 10:00:00 - 27/06/2017 11:00:00","BZN|DK1","207.50","n/e"," ","196.91"
"27/06/2017 11:00:00 - 27/06/2017 12:00:00","BZN|DK1","130.83","n/e"," ","139.08"
"27/06/2017 12:00:00 - 27/06/2017 13:00:00","BZN|DK1","74.58","n/e"," ","82.89"
"27/06/2017 13:00:00 - 27/06/2017 14:00:00","BZN|DK1","42.17","n/e"," ","39.54"
"27/06/2017 14:00:00 - 27/06/2017 15:00:00","BZN|DK1","24.33","n/e"," ","13.20"
"27/06/2017 15:00:00 - 27/06/2017 16:00:00","BZN|DK1","14.92","n/e"," ","2.51"
"27/06/2017 16:00:00 - 27/06/2017 17:00:00","BZN|DK1","11.33","n/e"," ","1.58"
"27/06/2017 17:00:00 - 27/06/2017 18:00:00","BZN|DK1","9.38","n/e"," ","1.12"
"27/06/2017 18:00:00 - 27/06/2017 19:00:00","BZN|DK1","10.92","n/e"," ","1.64"
"27/06/2017 19:00:00 - 27/06/2017 20:00:00","BZN|DK1","15.79","n/e"," ","0.99"
"27/06/2017 20:00:00 - 27/06/2017 21:00:00","BZN|DK1","16.96","n/e"," ","2.86"
"27/06/2017 21:00:00 - 27/06/2017 22:00:00","BZN|DK1","23.83","n/e"," ","8.50"
"27/06/2017 22:00:00 - 27/06/2017 23:00:00","BZN|DK1","37.29","n/e"," ","12.01"
"27/06/2017 23:00:00 - 28/06/2017 00:00:00","BZN|DK1","53.00","n/e"," ","31.77"
"28/06/2017 00:00:00 - 28/06/2017 01:00:00","BZN|DK1","57.73","n/e"," ","59.70"
"28/06/2017 01:00:00 - 28/06/2017 02:00:00","BZN|DK1","73.44","n/e"," ","72.11"
"28/06/2017 02:00:00 - 28/06/2017 03:00:00","BZN|DK1","89.57","n/e"," ","86.84"
"28/06/2017 03:00:00 - 28/06/2017 04:00:00","BZN|DK1","108.60","n/e"," ","110.30"
"28/06/2017 04:00:00 - 28/06/2017 05:00:00","BZN|DK1","105.84","n/e"," ","102.20"
"28/06/2017 05:00:00 - 28/06/2017 06:00:00","BZN|DK1","87.45","n/e"," ","84.53"
"28/06/2017 06:00:00 - 28/06/2017 07:00:00","BZN|DK1","104.91","n/e"," ","117.76"
"28/06/2017 07:00:00 - 28/06/2017 08:00:00","BZN|DK1","152.09","n/e"," ","162.84"
"28/06/2017 08:00:00 - 28/06/2017 09:00:00","BZN|DK1","166.44","n/e"," ","193.25"
"28/06/2017 09:00:00 - 28/06/2017 10:00:00","BZN|DK1","208.75","n/e"," ","244.47"
"28/06/2017 10:00:00 - 28/06/2017 11:00:00","BZN|DK1","243.79","n/e"," ","245.79"
"28/06/2017 11:00:00 - 28/06/2017 12:00:00","BZN|DK1","284.50","n/e"," ","288.56"
"28/06/2017 12:00:00 - 28/06/2017 13:00:00","BZN|DK1","336.50","n/e"," ","408.03"
"28/06/2017 13:00:00 - 28/06/2017 14:00:00","BZN|DK1","398.54","n/e"," ","477.52"
"28/06/2017 14:00:00 - 28/06/2017 15:00:00","BZN|DK1","459.58","n/e"," ","531.73"
"28/06/2017 15:00:00 - 28/06/2017 16:00:00","BZN|DK1","506.38","n/e"," ","470.15"
"28/06/2017 16:00:00 - 28/06/2017 17:00:00","BZN|DK1","551.13","n/e"," ","669.70"
"28/06/2017 17:00:00 - 28/06/2017 18:00:00","BZN|DK1","607.17","n/e"," ","757.18"
"28/06/2017 18:00:00 - 28/06/2017 19:00:00","BZN|DK1","662.67","n/e"," ","762.30"
"28/06/2017 19:00:00 - 28/06/2017 20:00:00","BZN|DK1","698.38","n/e"," ","714.99"
"28/06/2017 20:00:00 - 28/06/2017 21:00:00","BZN|DK1","720.88","n/e"," ","682.04"
"28/06/2017 21:00:00 - 28/06/2017 22:00:00","BZN|DK1","731.08","n/e"," ","738.71"
"28/06/2017 22:00:00 - 28/06/2017 23:00:00","BZN|DK1","739.63","n/e"," ","792.30"
"28/06/2017 23:00:00 - 29/06/2017 00:00:00","BZN|DK1","743.25","n/e"," ","808.01"
"29/06/2017 00:00:00 - 29/06/2017 01:00:00","BZN|DK1","739.05","n/e"," ","807.54"
"29/06/2017 01:00:00 - 29/06/2017 02:00:00","BZN|DK1","743.30","n/e"," ","806.82"
"29/06/2017 02:00:00 - 29/06/2017 03:00:00","BZN|DK1","735.86","n/e"," ","794.97"
"29/06/2017 03:00:00 - 29/06/2017 04:00:00","BZN|DK1","717.08","n/e"," ","775.77"
"29/06/2017 04:00:00 - 29/06/2017 05:00:00","BZN|DK1","694.20","n/e"," ","750.38"
"29/06/2017 05:00:00 - 29/06/2017 06:00:00","BZN|DK1","692.62","n/e"," ","736.26"
"29/06/2017 06:00:00 - 29/06/2017 07:00:00","BZN|DK1","646.73","n/e"," ","686.46"
"29/06/2017 07:00:00 - 29/06/2017 08:00:00","BZN|DK1","591.20","n/e"," ","631.80"
"29/06/2017 08:00:00 - 29/06/2017 09:00:00","BZN|DK1","546.24","n/e"," ","603.77"
"29/06/2017 09:00:00 - 29/06/2017 10:00:00","BZN|DK1","484.17","n/e"," ","553.50"
"29/06/2017 10:00:00 - 29/06/2017 11:00:00","BZN|DK1","445.54","n/e"," ","479.70"
"29/06/2017 11:00:00 - 29/06/2017 12:00:00","BZN|DK1","427.75","n/e"," ","432.36"
"29/06/2017 12:00:00 - 29/06/2017 13:00:00","BZN|DK1","408.96","n/e"," ","414.20"
"29/06/2017 13:00:00 - 29/06/2017 14:00:00","BZN|DK1","390.38","n/e"," ","377.94"
"29/06/2017 14:00:00 - 29/06/2017 15:00:00","BZN|DK1","376.96","n/e"," ","348.32"
"29/06/2017 15:00:00 - 29/06/2017 16:00:00","BZN|DK1","360.71","n/e"," ","337.99"
"29/06/2017 16:00:00 - 29/06/2017 17:00:00","BZN|DK1","343.50","n/e"," ","353.01"
"29/06/2017 17:00:00 - 29/06/2017 18:00:00","BZN|DK1","333.96","n/e"," ","318.06"
"29/06/2017 18:00:00 - 29/06/2017 19:00:00","BZN|DK1","336.92","n/e"," ","375.63"
"29/06/2017 19:00:00 - 29/06/2017 20:00:00","BZN|DK1","342.58","n/e"," ","422.56"
"29/06/2017 20:00:00 - 29/06/2017 21:00:00","BZN|DK1","348.75","n/e"," ","435.65"
"29/06/2017 21:00:00 - 29/06/2017 22:00:00","BZN|DK1","360.92","n/e"," ","444.47"
"29/06/2017 22:00:00 - 29/06/2017 23:00:00","BZN|DK1","374.46","n/e"," ","457.80"
"29/06/2017 23:00:00 - 30/06/2017 00:00:00","BZN|DK1","391.67","n/e"," ","391.29"
"30/06/2017 00:00:00 - 30/06/2017 01:00:00","BZN|DK1","375.35","n/e"," ","416.06"
"30/06/2017 01:00:00 - 30/06/2017 02:00:00","BZN|DK1","441.28","n/e"," ","477.71"
"30/06/2017 02:00:00 - 30/06/2017 03:00:00","BZN|DK1","455.08","n/e"," ","489.80"
"30/06/2017 03:00:00 - 30/06/2017 04:00:00","BZN|DK1","441.49","n/e"," ","481.34"
"30/06/2017 04:00:00 - 30/06/2017 05:00:00","BZN|DK1","445.91","n/e"," ","501.36"
"30/06/2017 05:00:00 - 30/06/2017 06:00:00","BZN|DK1","480.88","n/e"," ","525.75"
"30/06/2017 06:00:00 - 30/06/2017 07:00:00","BZN|DK1","481.22","n/e"," ","517.88"
"30/06/2017 07:00:00 - 30/06/2017 08:00:00","BZN|DK1","488.47","n/e"," ","525.24"
"30/06/2017 08:00:00 - 30/06/2017 09:00:00","BZN|DK1","494.20","n/e"," ","396.52"
"30/06/2017 09:00:00 - 30/06/2017 10:00:00","BZN|DK1","479.42","n/e"," ","399.61"
"30/06/2017 10:00:00 - 30/06/2017 11:00:00","BZN|DK1","476.17","n/e"," ","352.14"
"30/06/2017 11:00:00 - 30/06/2017 12:00:00","BZN|DK1","463.21","n/e"," ","294.98"
"30/06/2017 12:00:00 - 30/06/2017 13:00:00","BZN|DK1","435.29","n/e"," ","275.38"
"30/06/2017 13:00:00 - 30/06/2017 14:00:00","BZN|DK1","414.75","n/e"," ","370.36"
"30/06/2017 14:00:00 - 30/06/2017 15:00:00","BZN|DK1","422.38","n/e"," ","264.20"
"30/06/2017 15:00:00 - 30/06/2017 16:00:00","BZN|DK1","442.75","n/e"," ","319.12"
"30/06/2017 16:00:00 - 30/06/2017 17:00:00","BZN|DK1","466.67","n/e"," ","384.96"
"30/06/2017 17:00:00 - 30/06/2017 18:00:00","BZN|DK1","484.83","n/e"," ","404.28"
"30/06/2017 18:00:00 - 30/06/2017 19:00:00","BZN|DK1","502.33","n/e"," ","432.85"
"30/06/2017 19:00:00 - 30/06/2017 20:00:00","BZN|DK1","520.92","n/e"," ","417.25"
"30/06/2017 20:00:00 - 30/06/2017 21:00:00","BZN|DK1","550.46","n/e"," ","428.61"
"30/06/2017 21:00:00 - 30/06/2017 22:00:00","BZN|DK1","580.58","n/e"," ","473.31"
"30/06/2017 22:00:00 - 30/06/2017 23:00:00","BZN|DK1","594.13","n/e"," ","467.85"
"30/06/2017 23:00:00 - 01/07/2017 00:00:00","BZN|DK1","575.29","n/e"," ","575.54"
"01/07/2017 00:00:00 - 01/07/2017 01:00:00","BZN|DK1","569.87","n/e"," ","573.30"
"01/07/2017 01:00:00 - 01/07/2017 02:00:00","BZN|DK1","450.13","n/e"," ","460.40"
"01/07/2017 02:00:00 - 01/07/2017 03:00:00","BZN|DK1","480.20","n/e"," ","509.74"
"01/07/2017 03:00:00 - 01/07/2017 04:00:00","BZN|DK1","549.65","n/e"," ","593.50"
"01/07/2017 04:00:00 - 01/07/2017 05:00:00","BZN|DK1","511.31","n/e"," ","518.36"
"01/07/2017 05:00:00 - 01/07/2017 06:00:00","BZN|DK1","532.91","n/e"," ","570.14"
"01/07/2017 06:00:00 - 01/07/2017 07:00:00","BZN|DK1","477.79","n/e"," ","513.80"
"01/07/2017 07:00:00 - 01/07/2017 08:00:00","BZN|DK1","409.57","n/e"," ","407.19"
"01/07/2017 08:00:00 - 01/07/2017 09:00:00","BZN|DK1","322.02","n/e"," ","359.77"
"01/07/2017 09:00:00 - 01/07/2017 10:00:00","BZN|DK1","320.88","n/e"," ","429.93"
"01/07/2017 10:00:00 - 01/07/2017 11:00:00","BZN|DK1","319.29","n/e"," ","330.70"
"01/07/2017 11:00:00 - 01/07/2017 12:00:00","BZN|DK1","320.29","n/e"," ","283.09"
"01/07/2017 12:00:00 - 01/07/2017 13:00:00","BZN|DK1","337.46","n/e"," ","289.42"
"01/07/2017 13:00:00 - 01/07/2017 14:00:00","BZN|DK1","341.54","n/e"," ","340.78"
"01/07/2017 14:00:00 - 01/07/2017 15:00:00","BZN|DK1","321.13","n/e"," ","329.65"
"01/07/2017 15:00:00 - 01/07/2017 16:00:00","BZN|DK1","286.13","n/e"," ","337.48"
"01/07/2017 16:00:00 - 01/07/2017 17:00:00","BZN|DK1","257.17","n/e"," ","456.60"
"01/07/2017 17:00:00 - 01/07/2017 18:00:00","BZN|DK1","242.92","n/e"," ","380.31"
"01/07/2017 18:00:00 - 01/07/2017 19:00:00","BZN|DK1","237.25","n/e"," ","291.45"
"01/07/2017 19:00:00 - 01/07/2017 20:00:00","BZN|DK1","232.17","n/e"," ","313.72"
"01/07/2017 20:00:00 - 01/07/2017 21:00:00","BZN|DK1","223.42","n/e"," ","274.03"
"01/07/2017 21:00:00 - 01/07/2017 22:00:00","BZN|DK1","226.83","n/e"," ","288.86"
"01/07/2017 22:00:00 - 01/07/2017 23:00:00","BZN|DK1","246.29","n/e"," ","323.42"
"01/07/2017 23:00:00 - 02/07/2017 00:00:00","BZN|DK1","287.54","n/e"," ","443.31"
"02/07/2017 00:00:00 - 02/07/2017 01:00:00","BZN|DK1","481.13","n/e"," ","522.16"
"02/07/2017 01:00:00 - 02/07/2017 02:00:00","BZN|DK1","465.24","n/e"," ","509.50"
"02/07/2017 02:00:00 - 02/07/2017 03:00:00","BZN|DK1","471.03","n/e"," ","514.50"
"02/07/2017 03:00:00 - 02/07/2017 04:00:00","BZN|DK1","509.03","n/e"," ","569.60"
"02/07/2017 04:00:00 - 02/07/2017 05:00:00","BZN|DK1","567.95","n/e"," ","626.59"
"02/07/2017 05:00:00 - 02/07/2017 06:00:00","BZN|DK1","610.73","n/e"," ","659.09"
"02/07/2017 06:00:00 - 02/07/2017 07:00:00","BZN|DK1","557.12","n/e"," ","576.27"
"02/07/2017 07:00:00 - 02/07/2017 08:00:00","BZN|DK1","483.67","n/e"," ","518.50"
"02/07/2017 08:00:00 - 02/07/2017 09:00:00","BZN|DK1","489.30","n/e"," ","552.98"
"02/07/2017 09:00:00 - 02/07/2017 10:00:00","BZN|DK1","480.04","n/e"," ","519.66"
"02/07/2017 10:00:00 - 02/07/2017 11:00:00","BZN|DK1","550.33","n/e"," ","572.71"
"02/07/2017 11:00:00 - 02/07/2017 12:00:00","BZN|DK1","641.21","n/e"," ","597.83"
"02/07/2017 12:00:00 - 02/07/2017 13:00:00","BZN|DK1","682.17","n/e"," ","623.69"
"02/07/2017 13:00:00 - 02/07/2017 14:00:00","BZN|DK1","703.46","n/e"," ","640.52"
"02/07/2017 14:00:00 - 02/07/2017 15:00:00","BZN|DK1","714.58","n/e"," ","773.40"
"02/07/2017 15:00:00 - 02/07/2017 16:00:00","BZN|DK1","723.46","n/e"," ","772.81"
"02/07/2017 16:00:00 - 02/07/2017 17:00:00","BZN|DK1","728.83","n/e"," ","797.27"
"02/07/2017 17:00:00 - 02/07/2017 18:00:00","BZN|DK1","730.83","n/e"," ","799.52"
"02/07/2017 18:00:00 - 02/07/2017 19:00:00","BZN|DK1","732.13","n/e"," ","793.14"
"02/07/2017 19:00:00 - 02/07/2017 20:00:00","BZN|DK1","730.67","n/e"," ","798.31"
"02/07/2017 20:00:00 - 02/07/2017 21:00:00","BZN|DK1","726.29","n/e"," ","800.34"
"02/07/2017 21:00:00 - 02/07/2017 22:00:00","BZN|DK1","720.96","n/e"," ","792.24"
"02/07/2017 22:00:00 - 02/07/2017 23:00:00","BZN|DK1","715.21","n/e"," ","775.37"
"02/07/2017 23:00:00 - 03/07/2017 00:00:00","BZN|DK1","714.04","n/e"," ","783.06"
"03/07/2017 00:00:00 - 03/07/2017 01:00:00","BZN|DK1","351.20","n/e"," ","380.22"
"03/07/2017 01:00:00 - 03/07/2017 02:00:00","BZN|DK1","655.85","n/e"," ","745.49"
"03/07/2017 02:00:00 - 03/07/2017 03:00:00","BZN|DK1","672.67","n/e"," ","731.00"
"03/07/2017 03:00:00 - 03/07/2017 04:00:00","BZN|DK1","700.53","n/e"," ","742.94"
"03/07/2017 04:00:00 - 03/07/2017 05:00:00","BZN|DK1","700.97","n/e"," ","739.34"
"03/07/2017 05:00:00 - 03/07/2017 06:00:00","BZN|DK1","670.60","n/e"," ","697.78"
"03/07/2017 06:00:00 - 03/07/2017 07:00:00","BZN|DK1","627.60","n/e"," ","662.36"
"03/07/2017 07:00:00 - 03/07/2017 08:00:00","BZN|DK1","626.75","n/e"," ","663.07"
"03/07/2017 08:00:00 - 03/07/2017 09:00:00","BZN|DK1","631.62","n/e"," ","610.65"
"03/07/2017 09:00:00 - 03/07/2017 10:00:00","BZN|DK1","645.08","n/e"," ","578.46"
"03/07/2017 10:00:00 - 03/07/2017 11:00:00","BZN|DK1","635.08","n/e"," ","562.70"
"03/07/2017 11:00:00 - 03/07/2017 12:00:00","BZN|DK1","608.42","n/e"," ","496.68"
"03/07/2017 12:00:00 - 03/07/2017 13:00:00","BZN|DK1","579.67","n/e"," ","446.66"
"03/07/2017 13:00:00 - 03/07/2017 14:00:00","BZN|DK1","548.58","n/e"," ","343.98"
"03/07/2017 14:00:00 - 03/07/2017 15:00:00","BZN|DK1","535.04","n/e"," ","331.26"
"03/07/2017 15:00:00 - 03/07/2017 16:00:00","BZN|DK1","567.21","n/e"," ","287.49"
"03/07/2017 16:00:00 - 03/07/2017 17:00:00","BZN|DK1","647.29","n/e"," ","347.78"
"03/07/2017 17:00:00 - 03/07/2017 18:00:00","BZN|DK1","696.83","n/e"," ","329.72"
"03/07/2017 18:00:00 - 03/07/2017 19:00:00","BZN|DK1","712.79","n/e"," ","637.45"
"03/07/2017 19:00:00 - 03/07/2017 20:00:00","BZN|DK1","720.33","n/e"," ","656.27"
"03/07/2017 20:00:00 - 03/07/2017 21:00:00","BZN|DK1","723.67","n/e"," ","717.05"
"03/07/2017 21:00:00 - 03/07/2017 22:00:00","BZN|DK1","725.92","n/e"," ","734.55"
"03/07/2017 22:00:00 - 03/07/2017 23:00:00","BZN|DK1","727.50","n/e"," ","765.53"
"03/07/2017 23:00:00 - 04/07/2017 00:00:00","BZN|DK1","731.83","n/e"," ","768.53"
"04/07/2017 00:00:00 - 04/07/2017 01:00:00","BZN|DK1","722.55","n/e"," ","768.13"
"04/07/2017 01:00:00 - 04/07/2017 02:00:00","BZN|DK1","715.06","n/e"," ","761.93"
"04/07/2017 02:00:00 - 04/07/2017 03:00:00","BZN|DK1","681.48","n/e"," ","730.20"
"04/07/2017 03:00:00 - 04/07/2017 04:00:00","BZN|DK1","720.10","n/e"," ","772.14"
"04/07/2017 04:00:00 - 04/07/2017 05:00:00","BZN|DK1","707.99","n/e"," ","751.80"
"04/07/2017 05:00:00 - 04/07/2017 06:00:00","BZN|DK1","683.09","n/e"," ","738.79"
"04/07/2017 06:00:00 - 04/07/2017 07:00:00","BZN|DK1","634.11","n/e"," ","662.56"
"04/07/2017 07:00:00 - 04/07/2017 08:00:00","BZN|DK1","536.13","n/e"," ","586.16"
"04/07/2017 08:00:00 - 04/07/2017 09:00:00","BZN|DK1","520.21","n/e"," ","509.56"
"04/07/2017 09:00:00 - 04/07/2017 10:00:00","BZN|DK1","473.33","n/e"," ","451.59"
"04/07/2017 10:00:00 - 04/07/2017 11:00:00","BZN|DK1","367.79","n/e"," ","319.10"
"04/07/2017 11:00:00 - 04/07/2017 12:00:00","BZN|DK1","297.67","n/e"," ","319.75"
"04/07/2017 12:00:00 - 04/07/2017 13:00:00","BZN|DK1","250.17","n/e"," ","259.45"
"04/07/2017 13:00:00 - 04/07/2017 14:00:00","BZN|DK1","222.50","n/e"," ","224.71"
"04/07/2017 14:00:00 - 04/07/2017 15:00:00","BZN|DK1","219.83","n/e"," ","188.28"
"04/07/2017 15:00:00 - 04/07/2017 16:00:00","BZN|DK1","234.92","n/e"," ","176.10"
"04/07/2017 16:00:00 - 04/07/2017 17:00:00","BZN|DK1","256.17","n/e"," ","170.62"
"04/07/2017 17:00:00 - 04/07/2017 18:00:00","BZN|DK1","282.17","n/e"," ","369.97"
"04/07/2017 18:00:00 - 04/07/2017 19:00:00","BZN|DK1","309.42","n/e"," ","406.42"
"04/07/2017 19:00:00 - 04/07/2017 20:00:00","BZN|DK1","318.88","n/e"," ","411.06"
"04/07/2017 20:00:00 - 04/07/2017 21:00:00","BZN|DK1","322.79","n/e"," ","414.76"
"04/07/2017 21:00:00 - 04/07/2017 22:00:00","BZN|DK1","329.08","n/e"," ","426.68"
"04/07/2017 22:00:00 - 04/07/2017 23:00:00","BZN|DK1","324.67","n/e"," ","383.73"
"04/07/2017 23:00:00 - 05/07/2017 00:00:00","BZN|DK1","302.00","n/e"," ","315.89"
"05/07/2017 00:00:00 - 05/07/2017 01:00:00","BZN|DK1","228.84","n/e"," ","252.97"
"05/07/2017 01:00:00 - 05/07/2017 02:00:00","BZN|DK1","190.03","n/e"," ","210.38"
"05/07/2017 02:00:00 - 05/07/2017 03:00:00","BZN|DK1","171.12","n/e"," ","190.38"
"05/07/2017 03:00:00 - 05/07/2017 04:00:00","BZN|DK1","162.38","n/e"," ","184.36"
"05/07/2017 04:00:00 - 05/07/2017 05:00:00","BZN|DK1","164.73","n/e"," ","183.82"
"05/07/2017 05:00:00 - 05/07/2017 06:00:00","BZN|DK1","137.60","n/e"," ","157.70"
"05/07/2017 06:00:00 - 05/07/2017 07:00:00","BZN|DK1","119.24","n/e"," ","141.34"
"05/07/2017 07:00:00 - 05/07/2017 08:00:00","BZN|DK1","93.12","n/e"," ","112.13"
"05/07/2017 08:00:00 - 05/07/2017 09:00:00","BZN|DK1","103.03","n/e"," ","112.13"
"05/07/2017 09:00:00 - 05/07/2017 10:00:00","BZN|DK1","97.75","n/e"," ","90.02"
"05/07/2017 10:00:00 - 05/07/2017 11:00:00","BZN|DK1","83.21","n/e"," ","71.26"
"05/07/2017 11:00:00 - 05/07/2017 12:00:00","BZN|DK1","72.58","n/e"," ","64.53"
"05/07/2017 12:00:00 - 05/07/2017 13:00:00","BZN|DK1","69.17","n/e"," ","66.15"
"05/07/2017 13:00:00 - 05/07/2017 14:00:00","BZN|DK1","75.96","n/e"," ","74.40"
"05/07/2017 14:00:00 - 05/07/2017 15:00:00","BZN|DK1","97.88","n/e"," ","91.62"
"05/07/2017 15:00:00 - 05/07/2017 16:00:00","BZN|DK1","146.83","n/e"," ","102.86"
"05/07/2017 16:00:00 - 05/07/2017 17:00:00","BZN|DK1","203.67","n/e"," ","100.93"
"05/07/2017 17:00:00 - 05/07/2017 18:00:00","BZN|DK1","251.71","n/e"," ","78.88"
"05/07/2017 18:00:00 - 05/07/2017 19:00:00","BZN|DK1","278.83","n/e"," ","136.03"
"05/07/2017 19:00:00 - 05/07/2017 20:00:00","BZN|DK1","279.04","n/e"," ","225.39"
"05/07/2017 20:00:00 - 05/07/2017 21:00:00","BZN|DK1","269.17","n/e"," ","213.36"
"05/07/2017 21:00:00 - 05/07/2017 22:00:00","BZN|DK1","255.08","n/e"," ","246.31"
"05/07/2017 22:00:00 - 05/07/2017 23:00:00","BZN|DK1","233.71","n/e"," ","285.90"
"05/07/2017 23:00:00 - 06/07/2017 00:00:00","BZN|DK1","198.75","n/e"," ","231.40"
"06/07/2017 00:00:00 - 06/07/2017 01:00:00","BZN|DK1","150.59","n/e"," ","167.32"
"06/07/2017 01:00:00 - 06/07/2017 02:00:00","BZN|DK1","91.88","n/e"," ","106.32"
"06/07/2017 02:00:00 - 06/07/2017 03:00:00","BZN|DK1","74.35","n/e"," ","85.37"
"06/07/2017 03:00:00 - 06/07/2017 04:00:00","BZN|DK1","58.07","n/e"," ","67.61"
"06/07/2017 04:00:00 - 06/07/2017 05:00:00","BZN|DK1","44.21","n/e"," ","50.88"
"06/07/2017 05:00:00 - 06/07/2017 06:00:00","BZN|DK1","32.92","n/e"," ","41.38"
"06/07/2017 06:00:00 - 06/07/2017 07:00:00","BZN|DK1","17.10","n/e"," ","21.02"
"06/07/2017 07:00:00 - 06/07/2017 08:00:00","BZN|DK1","11.14","n/e"," ","15.15"
"06/07/2017 08:00:00 - 06/07/2017 09:00:00","BZN|DK1","7.25","n/e"," ","4.54"
"06/07/2017 09:00:00 - 06/07/2017 10:00:00","BZN|DK1","6.13","n/e"," ","3.37"
"06/07/2017 10:00:00 - 06/07/2017 11:00:00","BZN|DK1","4.67","n/e"," ","3.01"
"06/07/2017 11:00:00 - 06/07/2017 12:00:00","BZN|DK1","3.38","n/e"," ","3.45"
"06/07/2017 12:00:00 - 06/07/2017 13:00:00","BZN|DK1","2.04","n/e"," ","5.72"
"06/07/2017 13:00:00 - 06/07/2017 14:00:00","BZN|DK1","1.88","n/e"," ","6.30"
"06/07/2017 14:00:00 - 06/07/2017 15:00:00","BZN|DK1","6.25","n/e"," ","19.28"
"06/07/2017 15:00:00 - 06/07/2017 16:00:00","BZN|DK1","13.08","n/e"," ","34.45"
"06/07/2017 16:00:00 - 06/07/2017 17:00:00","BZN|DK1","20.58","n/e"," ","32.60"
"06/07/2017 17:00:00 - 06/07/2017 18:00:00","BZN|DK1","24.83","n/e"," ","33.31"
"06/07/2017 18:00:00 - 06/07/2017 19:00:00","BZN|DK1","26.46","n/e"," ","32.52"
"06/07/2017 19:00:00 - 06/07/2017 20:00:00","BZN|DK1","23.79","n/e"," ","29.30"
"06/07/2017 20:00:00 - 06/07/2017 21:00:00","BZN|DK1","23.17","n/e"," ","29.72"
"06/07/2017 21:00:00 - 06/07/2017 22:00:00","BZN|DK1","20.79","n/e"," ","33.39"
"06/07/2017 22:00:00 - 06/07/2017 23:00:00","BZN|DK1","20.13","n/e"," ","19.01"
"06/07/2017 23:00:00 - 07/07/2017 00:00:00","BZN|DK1","17.04","n/e"," ","15.53"
"07/07/2017 00:00:00 - 07/07/2017 01:00:00","BZN|DK1","8.57","n/e"," ","8.32"
"07/07/2017 01:00:00 - 07/07/2017 02:00:00","BZN|DK1","14.72","n/e"," ","13.15"
"07/07/2017 02:00:00 - 07/07/2017 03:00:00","BZN|DK1","7.70","n/e"," ","5.08"
"07/07/2017 03:00:00 - 07/07/2017 04:00:00","BZN|DK1","15.69","n/e"," ","16.21"
"07/07/2017 04:00:00 - 07/07/2017 05:00:00","BZN|DK1","34.51","n/e"," ","32.51"
"07/07/2017 05:00:00 - 07/07/2017 06:00:00","BZN|DK1","30.76","n/e"," ","29.02"
"07/07/2017 06:00:00 - 07/07/2017 07:00:00","BZN|DK1","21.49","n/e"," ","18.44"
"07/07/2017 07:00:00 - 07/07/2017 08:00:00","BZN|DK1","7.58","n/e"," ","4.51"
"07/07/2017 08:00:00 - 07/07/2017 09:00:00","BZN|DK1","0.08","n/e"," ","0.08"
"07/07/2017 09:00:00 - 07/07/2017 10:00:00","BZN|DK1","0.29","n/e"," ","0.08"
"07/07/2017 10:00:00 - 07/07/2017 11:00:00","BZN|DK1","1.88","n/e"," ","0.14"
"07/07/2017 11:00:00 - 07/07/2017 12:00:00","BZN|DK1","3.50","n/e"," ","0.10"
"07/07/2017 12:00:00 - 07/07/2017 13:00:00","BZN|DK1","3.96","n/e"," ","0.08"
"07/07/2017 13:00:00 - 07/07/2017 14:00:00","BZN|DK1","4.88","n/e"," ","0.08"
"07/07/2017 14:00:00 - 07/07/2017 15:00:00","BZN|DK1","6.88","n/e"," ","0.08"
"07/07/2017 15:00:00 - 07/07/2017 16:00:00","BZN|DK1","10.04","n/e"," ","0.08"
"07/07/2017 16:00:00 - 07/07/2017 17:00:00","BZN|DK1","15.63","n/e"," ","0.32"
"07/07/2017 17:00:00 - 07/07/2017 18:00:00","BZN|DK1","19.96","n/e"," ","0.79"
"07/07/2017 18:00:00 - 07/07/2017 19:00:00","BZN|DK1","25.58","n/e"," ","1.22"
"07/07/2017 19:00:00 - 07/07/2017 20:00:00","BZN|DK1","29.38","n/e"," ","5.67"
"07/07/2017 20:00:00 - 07/07/2017 21:00:00","BZN|DK1","31.08","n/e"," ","8.06"
"07/07/2017 21:00:00 - 07/07/2017 22:00:00","BZN|DK1","32.96","n/e"," ","26.64"
"07/07/2017 22:00:00 - 07/07/2017 23:00:00","BZN|DK1","36.17","n/e"," ","22.99"
"07/07/2017 23:00:00 - 08/07/2017 00:00:00","BZN|DK1","42.54","n/e"," ","60.87"
"08/07/2017 00:00:00 - 08/07/2017 01:00:00","BZN|DK1","76.83","n/e"," ","77.40"
"08/07/2017 01:00:00 - 08/07/2017 02:00:00","BZN|DK1","44.46","n/e"," ","50.55"
"08/07/2017 02:00:00 - 08/07/2017 03:00:00","BZN|DK1","53.27","n/e"," ","62.18"
"08/07/2017 03:00:00 - 08/07/2017 04:00:00","BZN|DK1","71.28","n/e"," ","79.21"
"08/07/2017 04:00:00 - 08/07/2017 05:00:00","BZN|DK1","132.74","n/e"," ","144.33"
"08/07/2017 05:00:00 - 08/07/2017 06:00:00","BZN|DK1","168.92","n/e"," ","173.30"
"08/07/2017 06:00:00 - 08/07/2017 07:00:00","BZN|DK1","137.96","n/e"," ","142.83"
"08/07/2017 07:00:00 - 08/07/2017 08:00:00","BZN|DK1","200.74","n/e"," ","229.59"
"08/07/2017 08:00:00 - 08/07/2017 09:00:00","BZN|DK1","262.55","n/e"," ","295.04"
"08/07/2017 09:00:00 - 08/07/2017 10:00:00","BZN|DK1","221.13","n/e"," ","304.68"
"08/07/2017 10:00:00 - 08/07/2017 11:00:00","BZN|DK1","201.25","n/e"," ","265.62"
"08/07/2017 11:00:00 - 08/07/2017 12:00:00","BZN|DK1","227.42","n/e"," ","198.64"
"08/07/2017 12:00:00 - 08/07/2017 13:00:00","BZN|DK1","259.96","n/e"," ","188.00"
"08/07/2017 13:00:00 - 08/07/2017 14:00:00","BZN|DK1","298.54","n/e"," ","257.70"
"08/07/2017 14:00:00 - 08/07/2017 15:00:00","BZN|DK1","353.04","n/e"," ","359.60"
"08/07/2017 15:00:00 - 08/07/2017 16:00:00","BZN|DK1","403.38","n/e"," ","351.54"
"08/07/2017 16:00:00 - 08/07/2017 17:00:00","BZN|DK1","441.54","n/e"," ","504.83"
"08/07/2017 17:00:00 - 08/07/2017 18:00:00","BZN|DK1","479.21","n/e"," ","576.14"
"08/07/2017 18:00:00 - 08/07/2017 19:00:00","BZN|DK1","521.79","n/e"," ","573.30"
"08/07/2017 19:00:00 - 08/07/2017 20:00:00","BZN|DK1","529.04","n/e"," ","609.56"
"08/07/2017 20:00:00 - 08/07/2017 21:00:00","BZN|DK1","525.83","n/e"," ","624.49"
"08/07/2017 21:00:00 - 08/07/2017 22:00:00","BZN|DK1","515.46","n/e"," ","608.41"
"08/07/2017 22:00:00 - 08/07/2017 23:00:00","BZN|DK1","500.58","n/e"," ","574.79"
"08/07/2017 23:00:00 - 09/07/2017 00:00:00","BZN|DK1","482.83","n/e"," ","536.83"
"09/07/2017 00:00:00 - 09/07/2017 01:00:00","BZN|DK1","439.85","n/e"," ","477.72"
"09/07/2017 01:00:00 - 09/07/2017 02:00:00","BZN|DK1","428.70","n/e"," ","459.61"
"09/07/2017 02:00:00 - 09/07/2017 03:00:00","BZN|DK1","418.71","n/e"," ","444.42"
"09/07/2017 03:00:00 - 09/07/2017 04:00:00","BZN|DK1","383.78","n/e"," ","417.56"
"09/07/2017 04:00:00 - 09/07/2017 05:00:00","BZN|DK1","409.70","n/e"," ","449.19"
"09/07/2017 05:00:00 - 09/07/2017 06:00:00","BZN|DK1","402.24","n/e"," ","431.97"
"09/07/2017 06:00:00 - 09/07/2017 07:00:00","BZN|DK1","403.88","n/e"," ","449.18"
"09/07/2017 07:00:00 - 09/07/2017 08:00:00","BZN|DK1","416.23","n/e"," ","448.49"
"09/07/2017 08:00:00 - 09/07/2017 09:00:00","BZN|DK1","363.31","n/e"," ","434.31"
"09/07/2017 09:00:00 - 09/07/2017 10:00:00","BZN|DK1","293.71","n/e"," ","332.42"
"09/07/2017 10:00:00 - 09/07/2017 11:00:00","BZN|DK1","228.13","n/e"," ","196.47"
"09/07/2017 11:00:00 - 09/07/2017 12:00:00","BZN|DK1","162.50","n/e"," ","137.55"
"09/07/2017 12:00:00 - 09/07/2017 13:00:00","BZN|DK1","116.08","n/e"," ","112.97"
"09/07/2017 13:00:00 - 09/07/2017 14:00:00","BZN|DK1","91.29","n/e"," ","99.69"
"09/07/2017 14:00:00 - 09/07/2017 15:00:00","BZN|DK1","76.50","n/e"," ","89.51"
"09/07/2017 15:00:00 - 09/07/2017 16:00:00","BZN|DK1","63.96","n/e"," ","74.36"
"09/07/2017 16:00:00 - 09/07/2017 17:00:00","BZN|DK1","55.96","n/e"," ","86.96"
"09/07/2017 17:00:00 - 09/07/2017 18:00:00","BZN|DK1","48.92","n/e"," ","102.00"
"09/07/2017 18:00:00 - 09/07/2017 19:00:00","BZN|DK1","44.21","n/e"," ","96.51"
"09/07/2017 19:00:00 - 09/07/2017 20:00:00","BZN|DK1","39.29","n/e"," ","122.05"
"09/07/2017 20:00:00 - 09/07/2017 21:00:00","BZN|DK1","33.63","n/e"," ","148.51"
"09/07/2017 21:00:00 - 09/07/2017 22:00:00","BZN|DK1","31.83","n/e"," ","128.26"
"09/07/2017 22:00:00 - 09/07/2017 23:00:00","BZN|DK1","34.96","n/e"," ","97.70"
"09/07/2017 23:00:00 - 10/07/2017 00:00:00","BZN|DK1","38.67","n/e"," ","79.74"
"10/07/2017 00:00:00 - 10/07/2017 01:00:00","BZN|DK1","68.48","n/e"," ","73.02"
"10/07/2017 01:00:00 - 10/07/2017 02:00:00","BZN|DK1","54.81","n/e"," ","51.80"
"10/07/2017 02:00:00 - 10/07/2017 03:00:00","BZN|DK1","9.30","n/e"," ","11.48"
"10/07/2017 03:00:00 - 10/07/2017 04:00:00","BZN|DK1","11.85","n/e"," ","13.95"
"10/07/2017 04:00:00 - 10/07/2017 05:00:00","BZN|DK1","3.94","n/e"," ","7.07"
"10/07/2017 05:00:00 - 10/07/2017 06:00:00","BZN|DK1","7.36","n/e"," ","11.39"
"10/07/2017 06:00:00 - 10/07/2017 07:00:00","BZN|DK1","15.87","n/e"," ","20.36"
"10/07/2017 07:00:00 - 10/07/2017 08:00:00","BZN|DK1","20.70","n/e"," ","23.80"
"10/07/2017 08:00:00 - 10/07/2017 09:00:00","BZN|DK1","13.30","n/e"," ","11.31"
"10/07/2017 09:00:00 - 10/07/2017 10:00:00","BZN|DK1","16.54","n/e"," ","5.28"
"10/07/2017 10:00:00 - 10/07/2017 11:00:00","BZN|DK1","11.08","n/e"," ","9.21"
"10/07/2017 11:00:00 - 10/07/2017 12:00:00","BZN|DK1","12.42","n/e"," ","4.89"
"10/07/2017 12:00:00 - 10/07/2017 13:00:00","BZN|DK1","12.17","n/e"," ","13.16"
"10/07/2017 13:00:00 - 10/07/2017 14:00:00","BZN|DK1","9.42","n/e"," ","16.56"
"10/07/2017 14:00:00 - 10/07/2017 15:00:00","BZN|DK1","5.71","n/e"," ","3.13"
"10/07/2017 15:00:00 - 10/07/2017 16:00:00","BZN|DK1","2.83","n/e"," ","0.90"
"10/07/2017 16:00:00 - 10/07/2017 17:00:00","BZN|DK1","1.29","n/e"," ","2.75"
"10/07/2017 17:00:00 - 10/07/2017 18:00:00","BZN|DK1","1.96","n/e"," ","1.58"
"10/07/2017 18:00:00 - 10/07/2017 19:00:00","BZN|DK1","4.88","n/e"," ","0.37"
"10/07/2017 19:00:00 - 10/07/2017 20:00:00","BZN|DK1","7.88","n/e"," ","0.00"
"10/07/2017 20:00:00 - 10/07/2017 21:00:00","BZN|DK1","6.13","n/e"," ","0.27"
"10/07/2017 21:00:00 - 10/07/2017 22:00:00","BZN|DK1","6.04","n/e"," ","0.46"
"10/07/2017 22:00:00 - 10/07/2017 23:00:00","BZN|DK1","6.96","n/e"," ","0.56"
"10/07/2017 23:00:00 - 11/07/2017 00:00:00","BZN|DK1","6.04","n/e"," ","2.45"
"11/07/2017 00:00:00 - 11/07/2017 01:00:00","BZN|DK1","3.20","n/e"," ","0.80"
"11/07/2017 01:00:00 - 11/07/2017 02:00:00","BZN|DK1","7.46","n/e"," ","5.98"
"11/07/2017 02:00:00 - 11/07/2017 03:00:00","BZN|DK1","14.33","n/e"," ","14.34"
"11/07/2017 03:00:00 - 11/07/2017 04:00:00","BZN|DK1","15.53","n/e"," ","14.02"
"11/07/2017 04:00:00 - 11/07/2017 05:00:00","BZN|DK1","27.46","n/e"," ","27.37"
"11/07/2017 05:00:00 - 11/07/2017 06:00:00","BZN|DK1","60.11","n/e"," ","66.27"
"11/07/2017 06:00:00 - 11/07/2017 07:00:00","BZN|DK1","73.83","n/e"," ","80.55"
"11/07/2017 07:00:00 - 11/07/2017 08:00:00","BZN|DK1","97.30","n/e"," ","104.44"
"11/07/2017 08:00:00 - 11/07/2017 09:00:00","BZN|DK1","114.41","n/e"," ","77.10"
"11/07/2017 09:00:00 - 11/07/2017 10:00:00","BZN|DK1","107.33","n/e"," ","83.83"
"11/07/2017 10:00:00 - 11/07/2017 11:00:00","BZN|DK1","88.54","n/e"," ","145.97"
"11/07/2017 11:00:00 - 11/07/2017 12:00:00","BZN|DK1","108.54","n/e"," ","133.12"
"11/07/2017 12:00:00 - 11/07/2017 13:00:00","BZN|DK1","138.13","n/e"," ","183.46"
"11/07/2017 13:00:00 - 11/07/2017 14:00:00","BZN|DK1","171.42","n/e"," ","188.27"
"11/07/2017 14:00:00 - 11/07/2017 15:00:00","BZN|DK1","198.96","n/e"," ","259.49"
"11/07/2017 15:00:00 - 11/07/2017 16:00:00","BZN|DK1","220.21","n/e"," ","400.02"
"11/07/2017 16:00:00 - 11/07/2017 17:00:00","BZN|DK1","242.83","n/e"," ","554.00"
"11/07/2017 17:00:00 - 11/07/2017 18:00:00","BZN|DK1","261.08","n/e"," ","545.79"
"11/07/2017 18:00:00 - 11/07/2017 19:00:00","BZN|DK1","277.08","n/e"," ","370.84"
"11/07/2017 19:00:00 - 11/07/2017 20:00:00","BZN|DK1","284.46","n/e"," ","323.89"
"11/07/2017 20:00:00 - 11/07/2017 21:00:00","BZN|DK1","272.67","n/e"," ","329.84"
"11/07/2017 21:00:00 - 11/07/2017 22:00:00","BZN|DK1","259.96","n/e"," ","384.70"
"11/07/2017 22:00:00 - 11/07/2017 23:00:00","BZN|DK1","262.29","n/e"," ","479.93"
"11/07/2017 23:00:00 - 12/07/2017 00:00:00","BZN|DK1","270.33","n/e"," ","436.05"
"12/07/2017 00:00:00 - 12/07/2017 01:00:00","BZN|DK1","394.78","n/e"," ","424.86"
"12/07/2017 01:00:00 - 12/07/2017 02:00:00","BZN|DK1","352.70","n/e"," ","372.46"
"12/07/2017 02:00:00 - 12/07/2017 03:00:00","BZN|DK1","291.14","n/e"," ","319.98"
"12/07/2017 03:00:00 - 12/07/2017 04:00:00","BZN|DK1","289.80","n/e"," ","307.45"
"12/07/2017 04:00:00 - 12/07/2017 05:00:00","BZN|DK1","292.13","n/e"," ","318.63"
"12/07/2017 05:00:00 - 12/07/2017 06:00:00","BZN|DK1","275.99","n/e"," ","288.90"
"12/07/2017 06:00:00 - 12/07/2017 07:00:00","BZN|DK1","283.53","n/e"," ","298.93"
"12/07/2017 07:00:00 - 12/07/2017 08:00:00","BZN|DK1","339.55","n/e"," ","362.36"
"12/07/2017 08:00:00 - 12/07/2017 09:00:00","BZN|DK1","367.55","n/e"," ","352.39"
"12/07/2017 09:00:00 - 12/07/2017 10:00:00","BZN|DK1","392.46","n/e"," ","348.04"
"12/07/2017 10:00:00 - 12/07/2017 11:00:00","BZN|DK1","418.71","n/e"," ","417.93"
"12/07/2017 11:00:00 - 12/07/2017 12:00:00","BZN|DK1","445.92","n/e"," ","459.21"
"12/07/2017 12:00:00 - 12/07/2017 13:00:00","BZN|DK1","482.42","n/e"," ","459.06"
"12/07/2017 13:00:00 - 12/07/2017 14:00:00","BZN|DK1","504.71","n/e"," ","414.70"
"12/07/2017 14:00:00 - 12/07/2017 15:00:00","BZN|DK1","529.54","n/e"," ","455.97"
"12/07/2017 15:00:00 - 12/07/2017 16:00:00","BZN|DK1","549.83","n/e"," ","473.16"
"12/07/2017 16:00:00 - 12/07/2017 17:00:00","BZN|DK1","566.58","n/e"," ","434.03"
"12/07/2017 17:00:00 - 12/07/2017 18:00:00","BZN|DK1","583.67","n/e"," ","439.26"
"12/07/2017 18:00:00 - 12/07/2017 19:00:00","BZN|DK1","605.00","n/e"," ","532.18"
"12/07/2017 19:00:00 - 12/07/2017 20:00:00","BZN|DK1","625.21","n/e"," ","574.61"
"12/07/2017 20:00:00 - 12/07/2017 21:00:00","BZN|DK1","649.46","n/e"," ","593.83"
"12/07/2017 21:00:00 - 12/07/2017 22:00:00","BZN|DK1","671.88","n/e"," ","643.19"
"12/07/2017 22:00:00 - 12/07/2017 23:00:00","BZN|DK1","689.29","n/e"," ","713.30"
"12/07/2017 23:00:00 - 13/07/2017 00:00:00","BZN|DK1","704.17","n/e"," ","784.50"
"13/07/2017 00:00:00 - 13/07/2017 01:00:00","BZN|DK1","726.57","n/e"," ","790.67"
"13/07/2017 01:00:00 - 13/07/2017 02:00:00","BZN|DK1","729.88","n/e"," ","789.97"
"13/07/2017 02:00:00 - 13/07/2017 03:00:00","BZN|DK1","731.43","n/e"," ","787.07"
"13/07/2017 03:00:00 - 13/07/2017 04:00:00","BZN|DK1","730.35","n/e"," ","783.13"
"13/07/2017 04:00:00 - 13/07/2017 05:00:00","BZN|DK1","728.04","n/e"," ","781.04"
"13/07/2017 05:00:00 - 13/07/2017 06:00:00","BZN|DK1","713.16","n/e"," ","760.10"
"13/07/2017 06:00:00 - 13/07/2017 07:00:00","BZN|DK1","653.65","n/e"," ","688.49"
"13/07/2017 07:00:00 - 13/07/2017 08:00:00","BZN|DK1","598.94","n/e"," ","647.97"
"13/07/2017 08:00:00 - 13/07/2017 09:00:00","BZN|DK1","615.94","n/e"," ","659.06"
"13/07/2017 09:00:00 - 13/07/2017 10:00:00","BZN|DK1","630.38","n/e"," ","652.12"
"13/07/2017 10:00:00 - 13/07/2017 11:00:00","BZN|DK1","564.00","n/e"," ","602.87"
"13/07/2017 11:00:00 - 13/07/2017 12:00:00","BZN|DK1","485.29","n/e"," ","491.98"
"13/07/2017 12:00:00 - 13/07/2017 13:00:00","BZN|DK1","420.29","n/e"," ","387.83"
"13/07/2017 13:00:00 - 13/07/2017 14:00:00","BZN|DK1","388.08","n/e"," ","339.86"
"13/07/2017 14:00:00 - 13/07/2017 15:00:00","BZN|DK1","381.88","n/e"," ","375.03"
"13/07/2017 15:00:00 - 13/07/2017 16:00:00","BZN|DK1","396.21","n/e"," ","420.99"
"13/07/2017 16:00:00 - 13/07/2017 17:00:00","BZN|DK1","413.25","n/e"," ","420.70"
"13/07/2017 17:00:00 - 13/07/2017 18:00:00","BZN|DK1","422.54","n/e"," ","468.13"
"13/07/2017 18:00:00 - 13/07/2017 19:00:00","BZN|DK1","425.17","n/e"," ","442.92"
"13/07/2017 19:00:00 - 13/07/2017 20:00:00","BZN|DK1","427.25","n/e"," ","429.93"
"13/07/2017 20:00:00 - 13/07/2017 21:00:00","BZN|DK1","434.33","n/e"," ","427.02"
"13/07/2017 21:00:00 - 13/07/2017 22:00:00","BZN|DK1","443.21","n/e"," ","419.23"
"13/07/2017 22:00:00 - 13/07/2017 23:00:00","BZN|DK1","454.92","n/e"," ","399.22"
"13/07/2017 23:00:00 - 14/07/2017 00:00:00","BZN|DK1","468.29","n/e"," ","422.86"
"14/07/2017 00:00:00 - 14/07/2017 01:00:00","BZN|DK1","390.04","n/e"," ","411.90"
"14/07/2017 01:00:00 - 14/07/2017 02:00:00","BZN|DK1","350.17","n/e"," ","362.78"
"14/07/2017 02:00:00 - 14/07/2017 03:00:00","BZN|DK1","350.99","n/e"," ","371.07"
"14/07/2017 03:00:00 - 14/07/2017 04:00:00","BZN|DK1","355.86","n/e"," ","365.72"
"14/07/2017 04:00:00 - 14/07/2017 05:00:00","BZN|DK1","268.20","n/e"," ","272.91"
"14/07/2017 05:00:00 - 14/07/2017 06:00:00","BZN|DK1","221.91","n/e"," ","238.61"
"14/07/2017 06:00:00 - 14/07/2017 07:00:00","BZN|DK1","241.02","n/e"," ","245.21"
"14/07/2017 07:00:00 - 14/07/2017 08:00:00","BZN|DK1","231.23","n/e"," ","257.14"
"14/07/2017 08:00:00 - 14/07/2017 09:00:00","BZN|DK1","270.03","n/e"," ","286.52"
"14/07/2017 09:00:00 - 14/07/2017 10:00:00","BZN|DK1","233.00","n/e"," ","246.64"
"14/07/2017 10:00:00 - 14/07/2017 11:00:00","BZN|DK1","164.79","n/e"," ","233.16"
"14/07/2017 11:00:00 - 14/07/2017 12:00:00","BZN|DK1","130.63","n/e"," ","178.13"
"14/07/2017 12:00:00 - 14/07/2017 13:00:00","BZN|DK1","116.71","n/e"," ","114.34"
"14/07/2017 13:00:00 - 14/07/2017 14:00:00","BZN|DK1","109.17","n/e"," ","101.75"
"14/07/2017 14:00:00 - 14/07/2017 15:00:00","BZN|DK1","99.96","n/e"," ","210.09"
"14/07/2017 15:00:00 - 14/07/2017 16:00:00","BZN|DK1","88.46","n/e"," ","136.55"
"14/07/2017 16:00:00 - 14/07/2017 17:00:00","BZN|DK1","68.17","n/e"," ","112.50"
"14/07/2017 17:00:00 - 14/07/2017 18:00:00","BZN|DK1","43.92","n/e"," ","115.28"
"14/07/2017 18:00:00 - 14/07/2017 19:00:00","BZN|DK1","25.50","n/e"," ","104.68"
"14/07/2017 19:00:00 - 14/07/2017 20:00:00","BZN|DK1","16.25","n/e"," ","29.13"
"14/07/2017 20:00:00 - 14/07/2017 21:00:00","BZN|DK1","13.46","n/e"," ","15.48"
"14/07/2017 21:00:00 - 14/07/2017 22:00:00","BZN|DK1","11.63","n/e"," ","8.12"
"14/07/2017 22:00:00 - 14/07/2017 23:00:00","BZN|DK1","12.46","n/e"," ","3.54"
"14/07/2017 23:00:00 - 15/07/2017 00:00:00","BZN|DK1","14.42","n/e"," ","2.04"
"15/07/2017 00:00:00 - 15/07/2017 01:00:00","BZN|DK1","0.46","n/e"," ","0.84"
"15/07/2017 01:00:00 - 15/07/2017 02:00:00","BZN|DK1","0.76","n/e"," ","1.30"
"15/07/2017 02:00:00 - 15/07/2017 03:00:00","BZN|DK1","0.58","n/e"," ","0.40"
"15/07/2017 03:00:00 - 15/07/2017 04:00:00","BZN|DK1","1.08","n/e"," ","1.05"
"15/07/2017 04:00:00 - 15/07/2017 05:00:00","BZN|DK1","0.00","n/e"," ","1.38"
"15/07/2017 05:00:00 - 15/07/2017 06:00:00","BZN|DK1","0.25","n/e"," ","0.30"
"15/07/2017 06:00:00 - 15/07/2017 07:00:00","BZN|DK1","0.00","n/e"," ","0.22"
"15/07/2017 07:00:00 - 15/07/2017 08:00:00","BZN|DK1","0.00","n/e"," ","0.18"
"15/07/2017 08:00:00 - 15/07/2017 09:00:00","BZN|DK1","0.96","n/e"," ","0.11"
"15/07/2017 09:00:00 - 15/07/2017 10:00:00","BZN|DK1","1.58","n/e"," ","0.09"
"15/07/2017 10:00:00 - 15/07/2017 11:00:00","BZN|DK1","3.00","n/e"," ","3.47"
"15/07/2017 11:00:00 - 15/07/2017 12:00:00","BZN|DK1","3.54","n/e"," ","2.17"
"15/07/2017 12:00:00 - 15/07/2017 13:00:00","BZN|DK1","5.88","n/e"," ","5.73"
"15/07/2017 13:00:00 - 15/07/2017 14:00:00","BZN|DK1","9.42","n/e"," ","20.30"
"15/07/2017 14:00:00 - 15/07/2017 15:00:00","BZN|DK1","13.50","n/e"," ","83.18"
"15/07/2017 15:00:00 - 15/07/2017 16:00:00","BZN|DK1","16.71","n/e"," ","158.44"
"15/07/2017 16:00:00 - 15/07/2017 17:00:00","BZN|DK1","19.63","n/e"," ","206.23"
"15/07/2017 17:00:00 - 15/07/2017 18:00:00","BZN|DK1","21.54","n/e"," ","203.03"
"15/07/2017 18:00:00 - 15/07/2017 19:00:00","BZN|DK1","24.50","n/e"," ","219.16"
"15/07/2017 19:00:00 - 15/07/2017 20:00:00","BZN|DK1","28.67","n/e"," ","222.03"
"15/07/2017 20:00:00 - 15/07/2017 21:00:00","BZN|DK1","40.58","n/e"," ","197.24"
"15/07/2017 21:00:00 - 15/07/2017 22:00:00","BZN|DK1","59.58","n/e"," ","182.06"
"15/07/2017 22:00:00 - 15/07/2017 23:00:00","BZN|DK1","87.08","n/e"," ","167.77"
"15/07/2017 23:00:00 - 16/07/2017 00:00:00","BZN|DK1","122.83","n/e"," ","158.99"
"16/07/2017 00:00:00 - 16/07/2017 01:00:00","BZN|DK1","190.13","n/e"," ","204.66"
"16/07/2017 01:00:00 - 16/07/2017 02:00:00","BZN|DK1","235.55","n/e"," ","236.36"
"16/07/2017 02:00:00 - 16/07/2017 03:00:00","BZN|DK1","258.72","n/e"," ","282.86"
"16/07/2017 03:00:00 - 16/07/2017 04:00:00","BZN|DK1","355.75","n/e"," ","389.21"
"16/07/2017 04:00:00 - 16/07/2017 05:00:00","BZN|DK1","466.16","n/e"," ","501.49"
"16/07/2017 05:00:00 - 16/07/2017 06:00:00","BZN|DK1","507.80","n/e"," ","549.36"
"16/07/2017 06:00:00 - 16/07/2017 07:00:00","BZN|DK1","630.48","n/e"," ","685.48"
"16/07/2017 07:00:00 - 16/07/2017 08:00:00","BZN|DK1","701.04","n/e"," ","738.19"
"16/07/2017 08:00:00 - 16/07/2017 09:00:00","BZN|DK1","682.45","n/e"," ","714.21"
"16/07/2017 09:00:00 - 16/07/2017 10:00:00","BZN|DK1","646.67","n/e"," ","622.07"
"16/07/2017 10:00:00 - 16/07/2017 11:00:00","BZN|DK1","575.50","n/e"," ","550.15"
"16/07/2017 11:00:00 - 16/07/2017 12:00:00","BZN|DK1","546.21","n/e"," ","577.55"
"16/07/2017 12:00:00 - 16/07/2017 13:00:00","BZN|DK1","522.79","n/e"," ","561.48"
"16/07/2017 13:00:00 - 16/07/2017 14:00:00","BZN|DK1","483.33","n/e"," ","586.28"
"16/07/2017 14:00:00 - 16/07/2017 15:00:00","BZN|DK1","435.67","n/e"," ","440.93"
"16/07/2017 15:00:00 - 16/07/2017 16:00:00","BZN|DK1","406.29","n/e"," ","448.78"
"16/07/2017 16:00:00 - 16/07/2017 17:00:00","BZN|DK1","414.42","n/e"," ","429.66"
"16/07/2017 17:00:00 - 16/07/2017 18:00:00","BZN|DK1","454.58","n/e"," ","430.70"
"16/07/2017 18:00:00 - 16/07/2017 19:00:00","BZN|DK1","485.33","n/e"," ","510.73"
"16/07/2017 19:00:00 - 16/07/2017 20:00:00","BZN|DK1","498.50","n/e"," ","539.42"
"16/07/2017 20:00:00 - 16/07/2017 21:00:00","BZN|DK1","499.79","n/e"," ","525.22"
"16/07/2017 21:00:00 - 16/07/2017 22:00:00","BZN|DK1","499.54","n/e"," ","504.71"
"16/07/2017 22:00:00 - 16/07/2017 23:00:00","BZN|DK1","502.04","n/e"," ","490.65"
"16/07/2017 23:00:00 - 17/07/2017 00:00:00","BZN|DK1","506.96","n/e"," ","521.95"
"17/07/2017 00:00:00 - 17/07/2017 01:00:00","BZN|DK1","573.91","n/e"," ","620.73"
"17/07/2017 01:00:00 - 17/07/2017 02:00:00","BZN|DK1","579.25","n/e"," ","607.23"
"17/07/2017 02:00:00 - 17/07/2017 03:00:00","BZN|DK1","547.79","n/e"," ","576.26"
"17/07/2017 03:00:00 - 17/07/2017 04:00:00","BZN|DK1","522.75","n/e"," ","541.97"
"17/07/2017 04:00:00 - 17/07/2017 05:00:00","BZN|DK1","521.33","n/e"," ","560.70"
"17/07/2017 05:00:00 - 17/07/2017 06:00:00","BZN|DK1","531.79","n/e"," ","568.57"
"17/07/2017 06:00:00 - 17/07/2017 07:00:00","BZN|DK1","546.67","n/e"," ","594.94"
"17/07/2017 07:00:00 - 17/07/2017 08:00:00","BZN|DK1","577.92","n/e"," ","645.01"
"17/07/2017 08:00:00 - 17/07/2017 09:00:00","BZN|DK1","625.86","n/e"," ","645.97"
"17/07/2017 09:00:00 - 17/07/2017 10:00:00","BZN|DK1","600.42","n/e"," ","613.37"
"17/07/2017 10:00:00 - 17/07/2017 11:00:00","BZN|DK1","584.17","n/e"," ","570.02"
"17/07/2017 11:00:00 - 17/07/2017 12:00:00","BZN|DK1","582.58","n/e"," ","555.24"
"17/07/2017 12:00:00 - 17/07/2017 13:00:00","BZN|DK1","580.00","n/e"," ","492.49"
"17/07/2017 13:00:00 - 17/07/2017 14:00:00","BZN|DK1","573.29","n/e"," ","493.57"
"17/07/2017 14:00:00 - 17/07/2017 15:00:00","BZN|DK1","574.04","n/e"," ","545.53"
"17/07/2017 15:00:00 - 17/07/2017 16:00:00","BZN|DK1","578.38","n/e"," ","448.23"
"17/07/2017 16:00:00 - 17/07/2017 17:00:00","BZN|DK1","581.96","n/e"," ","523.24"
"17/07/2017 17:00:00 - 17/07/2017 18:00:00","BZN|DK1","582.04","n/e"," ","541.66"
"17/07/2017 18:00:00 - 17/07/2017 19:00:00","BZN|DK1","574.21","n/e"," ","565.25"
"17/07/2017 19:00:00 - 17/07/2017 20:00:00","BZN|DK1","558.29","n/e"," ","534.92"
"17/07/2017 20:00:00 - 17/07/2017 21:00:00","BZN|DK1","541.75","n/e"," ","514.60"
"17/07/2017 21:00:00 - 17/07/2017 22:00:00","BZN|DK1","530.42","n/e"," ","506.62"
"17/07/2017 22:00:00 - 17/07/2017 23:00:00","BZN|DK1","524.17","n/e"," ","509.46"
"17/07/2017 23:00:00 - 18/07/2017 00:00:00","BZN|DK1","527.04","n/e"," ","511.81"
"18/07/2017 00:00:00 - 18/07/2017 01:00:00","BZN|DK1","481.38","n/e"," ","512.90"
"18/07/2017 01:00:00 - 18/07/2017 02:00:00","BZN|DK1","493.30","n/e"," ","534.98"
"18/07/2017 02:00:00 - 18/07/2017 03:00:00","BZN|DK1","479.30","n/e"," ","515.57"
"18/07/2017 03:00:00 - 18/07/2017 04:00:00","BZN|DK1","437.24","n/e"," ","459.48"
"18/07/2017 04:00:00 - 18/07/2017 05:00:00","BZN|DK1","459.59","n/e"," ","485.13"
"18/07/2017 05:00:00 - 18/07/2017 06:00:00","BZN|DK1","454.93","n/e"," ","489.97"
"18/07/2017 06:00:00 - 18/07/2017 07:00:00","BZN|DK1","412.52","n/e"," ","435.49"
"18/07/2017 07:00:00 - 18/07/2017 08:00:00","BZN|DK1","363.90","n/e"," ","366.91"
"18/07/2017 08:00:00 - 18/07/2017 09:00:00","BZN|DK1","324.66","n/e"," ","345.11"
"18/07/2017 09:00:00 - 18/07/2017 10:00:00","BZN|DK1","307.63","n/e"," ","305.23"
"18/07/2017 10:00:00 - 18/07/2017 11:00:00","BZN|DK1","279.13","n/e"," ","336.89"
"18/07/2017 11:00:00 - 18/07/2017 12:00:00","BZN|DK1","242.04","n/e"," ","331.84"
"18/07/2017 12:00:00 - 18/07/2017 13:00:00","BZN|DK1","207.29","n/e"," ","329.60"
"18/07/2017 13:00:00 - 18/07/2017 14:00:00","BZN|DK1","181.13","n/e"," ","253.91"
"18/07/2017 14:00:00 - 18/07/2017 15:00:00","BZN|DK1","163.13","n/e"," ","256.98"
"18/07/2017 15:00:00 - 18/07/2017 16:00:00","BZN|DK1","148.38","n/e"," ","204.41"
"18/07/2017 16:00:00 - 18/07/2017 17:00:00","BZN|DK1","137.50","n/e"," ","184.83"
"18/07/2017 17:00:00 - 18/07/2017 18:00:00","BZN|DK1","131.00","n/e"," ","137.30"
"18/07/2017 18:00:00 - 18/07/2017 19:00:00","BZN|DK1","123.58","n/e"," ","132.04"
"18/07/2017 19:00:00 - 18/07/2017 20:00:00","BZN|DK1","116.46","n/e"," ","153.93"
"18/07/2017 20:00:00 - 18/07/2017 21:00:00","BZN|DK1","103.33","n/e"," ","140.64"
"18/07/2017 21:00:00 - 18/07/2017 22:00:00","BZN|DK1","83.13","n/e"," ","115.37"
"18/07/2017 22:00:00 - 18/07/2017 23:00:00","BZN|DK1","53.96","n/e"," ","108.19"
"18/07/2017 23:00:00 - 19/07/2017 00:00:00","BZN|DK1","25.88","n/e"," ","73.67"
"19/07/2017 00:00:00 - 19/07/2017 01:00:00","BZN|DK1","46.05","n/e"," ","43.14"
"19/07/2017 01:00:00 - 19/07/2017 02:00:00","BZN|DK1","15.24","n/e"," ","15.51"
"19/07/2017 02:00:00 - 19/07/2017 03:00:00","BZN|DK1","4.68","n/e"," ","3.82"
"19/07/2017 03:00:00 - 19/07/2017 04:00:00","BZN|DK1","2.09","n/e"," ","0.44"
"19/07/2017 04:00:00 - 19/07/2017 05:00:00","BZN|DK1","2.00","n/e"," ","0.88"
"19/07/2017 05:00:00 - 19/07/2017 06:00:00","BZN|DK1","6.80","n/e"," ","6.43"
"19/07/2017 06:00:00 - 19/07/2017 07:00:00","BZN|DK1","12.63","n/e"," ","14.98"
"19/07/2017 07:00:00 - 19/07/2017 08:00:00","BZN|DK1","21.39","n/e"," ","24.66"
"19/07/2017 08:00:00 - 19/07/2017 09:00:00","BZN|DK1","26.89","n/e"," ","34.20"
"19/07/2017 09:00:00 - 19/07/2017 10:00:00","BZN|DK1","26.00","n/e"," ","38.22"
"19/07/2017 10:00:00 - 19/07/2017 11:00:00","BZN|DK1","26.58","n/e"," ","46.40"
"19/07/2017 11:00:00 - 19/07/2017 12:00:00","BZN|DK1","30.50","n/e"," ","56.61"
"19/07/2017 12:00:00 - 19/07/2017 13:00:00","BZN|DK1","36.88","n/e"," ","64.98"
"19/07/2017 13:00:00 - 19/07/2017 14:00:00","BZN|DK1","44.42","n/e"," ","79.62"
"19/07/2017 14:00:00 - 19/07/2017 15:00:00","BZN|DK1","58.96","n/e"," ","84.84"
"19/07/2017 15:00:00 - 19/07/2017 16:00:00","BZN|DK1","79.96","n/e"," ","108.14"
"19/07/2017 16:00:00 - 19/07/2017 17:00:00","BZN|DK1","117.33","n/e"," ","164.53"
"19/07/2017 17:00:00 - 19/07/2017 18:00:00","BZN|DK1","180.00","n/e"," ","247.76"
"19/07/2017 18:00:00 - 19/07/2017 19:00:00","BZN|DK1","246.21","n/e"," ","306.78"
"19/07/2017 19:00:00 - 19/07/2017 20:00:00","BZN|DK1","307.29","n/e"," ","382.51"
"19/07/2017 20:00:00 - 19/07/2017 21:00:00","BZN|DK1","350.17","n/e"," ","395.76"
"19/07/2017 21:00:00 - 19/07/2017 22:00:00","BZN|DK1","375.21","n/e"," ","413.15"
"19/07/2017 22:00:00 - 19/07/2017 23:00:00","BZN|DK1","382.08","n/e"," ","409.96"
"19/07/2017 23:00:00 - 20/07/2017 00:00:00","BZN|DK1","379.21","n/e"," ","416.24"
"20/07/2017 00:00:00 - 20/07/2017 01:00:00","BZN|DK1","366.54","n/e"," ","394.55"
"20/07/2017 01:00:00 - 20/07/2017 02:00:00","BZN|DK1","360.57","n/e"," ","386.65"
"20/07/2017 02:00:00 - 20/07/2017 03:00:00","BZN|DK1","339.48","n/e"," ","359.63"
"20/07/2017 03:00:00 - 20/07/2017 04:00:00","BZN|DK1","347.47","n/e"," ","378.99"
"20/07/2017 04:00:00 - 20/07/2017 05:00:00","BZN|DK1","377.17","n/e"," ","390.63"
"20/07/2017 05:00:00 - 20/07/2017 06:00:00","BZN|DK1","382.87","n/e"," ","412.95"
"20/07/2017 06:00:00 - 20/07/2017 07:00:00","BZN|DK1","430.22","n/e"," ","458.72"
"20/07/2017 07:00:00 - 20/07/2017 08:00:00","BZN|DK1","436.88","n/e"," ","454.52"
"20/07/2017 08:00:00 - 20/07/2017 09:00:00","BZN|DK1","445.69","n/e"," ","433.94"
"20/07/2017 09:00:00 - 20/07/2017 10:00:00","BZN|DK1","445.04","n/e"," ","483.75"
"20/07/2017 10:00:00 - 20/07/2017 11:00:00","BZN|DK1","435.38","n/e"," ","471.21"
"20/07/2017 11:00:00 - 20/07/2017 12:00:00","BZN|DK1","421.54","n/e"," ","404.10"
"20/07/2017 12:00:00 - 20/07/2017 13:00:00","BZN|DK1","402.71","n/e"," ","361.13"
"20/07/2017 13:00:00 - 20/07/2017 14:00:00","BZN|DK1","387.83","n/e"," ","397.73"
"20/07/2017 14:00:00 - 20/07/2017 15:00:00","BZN|DK1","377.00","n/e"," ","421.86"
"20/07/2017 15:00:00 - 20/07/2017 16:00:00","BZN|DK1","365.13","n/e"," ","479.87"
"20/07/2017 16:00:00 - 20/07/2017 17:00:00","BZN|DK1","347.67","n/e"," ","534.15"
"20/07/2017 17:00:00 - 20/07/2017 18:00:00","BZN|DK1","342.21","n/e"," ","429.62"
"20/07/2017 18:00:00 - 20/07/2017 19:00:00","BZN|DK1","344.46","n/e"," ","353.99"
"20/07/2017 19:00:00 - 20/07/2017 20:00:00","BZN|DK1","359.17","n/e"," ","405.75"
"20/07/2017 20:00:00 - 20/07/2017 21:00:00","BZN|DK1","390.96","n/e"," ","421.44"
"20/07/2017 21:00:00 - 20/07/2017 22:00:00","BZN|DK1","419.04","n/e"," ","408.17"
"20/07/2017 22:00:00 - 20/07/2017 23:00:00","BZN|DK1","434.08","n/e"," ","405.26"
"20/07/2017 23:00:00 - 21/07/2017 00:00:00","BZN|DK1","446.42","n/e"," ","406.07"
"21/07/2017 00:00:00 - 21/07/2017 01:00:00","BZN|DK1","378.76","n/e"," ","402.59"
"21/07/2017 01:00:00 - 21/07/2017 02:00:00","BZN|DK1","425.09","n/e"," ","459.66"
"21/07/2017 02:00:00 - 21/07/2017 03:00:00","BZN|DK1","493.24","n/e"," ","515.15"
"21/07/2017 03:00:00 - 21/07/2017 04:00:00","BZN|DK1","447.56","n/e"," ","451.87"
"21/07/2017 04:00:00 - 21/07/2017 05:00:00","BZN|DK1","522.88","n/e"," ","554.53"
"21/07/2017 05:00:00 - 21/07/2017 06:00:00","BZN|DK1","439.02","n/e"," ","428.07"
"21/07/2017 06:00:00 - 21/07/2017 07:00:00","BZN|DK1","327.83","n/e"," ","338.82"
"21/07/2017 07:00:00 - 21/07/2017 08:00:00","BZN|DK1","285.55","n/e"," ","290.06"
"21/07/2017 08:00:00 - 21/07/2017 09:00:00","BZN|DK1","255.18","n/e"," ","244.21"
"21/07/2017 09:00:00 - 21/07/2017 10:00:00","BZN|DK1","200.88","n/e"," ","197.19"
"21/07/2017 10:00:00 - 21/07/2017 11:00:00","BZN|DK1","148.04","n/e"," ","165.35"
"21/07/2017 11:00:00 - 21/07/2017 12:00:00","BZN|DK1","110.21","n/e"," ","142.18"
"21/07/2017 12:00:00 - 21/07/2017 13:00:00","BZN|DK1","87.46","n/e"," ","155.13"
"21/07/2017 13:00:00 - 21/07/2017 14:00:00","BZN|DK1","70.71","n/e"," ","159.65"
"21/07/2017 14:00:00 - 21/07/2017 15:00:00","BZN|DK1","63.25","n/e"," ","247.76"
"21/07/2017 15:00:00 - 21/07/2017 16:00:00","BZN|DK1","58.33","n/e"," ","345.97"
"21/07/2017 16:00:00 - 21/07/2017 17:00:00","BZN|DK1","55.46","n/e"," ","374.32"
"21/07/2017 17:00:00 - 21/07/2017 18:00:00","BZN|DK1","66.25","n/e"," ","375.13"
"21/07/2017 18:00:00 - 21/07/2017 19:00:00","BZN|DK1","99.25","n/e"," ","362.50"
"21/07/2017 19:00:00 - 21/07/2017 20:00:00","BZN|DK1","148.21","n/e"," ","366.22"
"21/07/2017 20:00:00 - 21/07/2017 21:00:00","BZN|DK1","199.71","n/e"," ","349.82"
"21/07/2017 21:00:00 - 21/07/2017 22:00:00","BZN|DK1","245.00","n/e"," ","335.63"
"21/07/2017 22:00:00 - 21/07/2017 23:00:00","BZN|DK1","267.63","n/e"," ","351.01"
"21/07/2017 23:00:00 - 22/07/2017 00:00:00","BZN|DK1","268.21","n/e"," ","338.66"
"22/07/2017 00:00:00 - 22/07/2017 01:00:00","BZN|DK1","346.11","n/e"," ","352.56"
"22/07/2017 01:00:00 - 22/07/2017 02:00:00","BZN|DK1","363.65","n/e"," ","375.50"
"22/07/2017 02:00:00 - 22/07/2017 03:00:00","BZN|DK1","336.21","n/e"," ","343.52"
"22/07/2017 03:00:00 - 22/07/2017 04:00:00","BZN|DK1","337.74","n/e"," ","356.43"
"22/07/2017 04:00:00 - 22/07/2017 05:00:00","BZN|DK1","340.20","n/e"," ","339.76"
"22/07/2017 05:00:00 - 22/07/2017 06:00:00","BZN|DK1","269.51","n/e"," ","270.66"
"22/07/2017 06:00:00 - 22/07/2017 07:00:00","BZN|DK1","256.97","n/e"," ","269.03"
"22/07/2017 07:00:00 - 22/07/2017 08:00:00","BZN|DK1","262.90","n/e"," ","271.24"
"22/07/2017 08:00:00 - 22/07/2017 09:00:00","BZN|DK1","286.65","n/e"," ","277.43"
"22/07/2017 09:00:00 - 22/07/2017 10:00:00","BZN|DK1","269.92","n/e"," ","272.14"
"22/07/2017 10:00:00 - 22/07/2017 11:00:00","BZN|DK1","258.79","n/e"," ","266.55"
"22/07/2017 11:00:00 - 22/07/2017 12:00:00","BZN|DK1","247.67","n/e"," ","291.06"
"22/07/2017 12:00:00 - 22/07/2017 13:00:00","BZN|DK1","236.75","n/e"," ","332.10"
"22/07/2017 13:00:00 - 22/07/2017 14:00:00","BZN|DK1","234.46","n/e"," ","371.35"
"22/07/2017 14:00:00 - 22/07/2017 15:00:00","BZN|DK1","248.58","n/e"," ","399.35"
"22/07/2017 15:00:00 - 22/07/2017 16:00:00","BZN|DK1","265.46","n/e"," ","417.77"
"22/07/2017 16:00:00 - 22/07/2017 17:00:00","BZN|DK1","278.04","n/e"," ","419.10"
"22/07/2017 17:00:00 - 22/07/2017 18:00:00","BZN|DK1","294.96","n/e"," ","433.36"
"22/07/2017 18:00:00 - 22/07/2017 19:00:00","BZN|DK1","315.79","n/e"," ","409.36"
"22/07/2017 19:00:00 - 22/07/2017 20:00:00","BZN|DK1","346.38","n/e"," ","370.17"
"22/07/2017 20:00:00 - 22/07/2017 21:00:00","BZN|DK1","393.83","n/e"," ","367.07"
"22/07/2017 21:00:00 - 22/07/2017 22:00:00","BZN|DK1","437.54","n/e"," ","373.09"
"22/07/2017 22:00:00 - 22/07/2017 23:00:00","BZN|DK1","469.75","n/e"," ","430.05"
"22/07/2017 23:00:00 - 23/07/2017 00:00:00","BZN|DK1","495.17","n/e"," ","532.39"
"23/07/2017 00:00:00 - 23/07/2017 01:00:00","BZN|DK1","505.55","n/e"," ","524.92"
"23/07/2017 01:00:00 - 23/07/2017 02:00:00","BZN|DK1","535.50","n/e"," ","569.75"
"23/07/2017 02:00:00 - 23/07/2017 03:00:00","BZN|DK1","566.13","n/e"," ","594.01"
"23/07/2017 03:00:00 - 23/07/2017 04:00:00","BZN|DK1","518.49","n/e"," ","533.36"
"23/07/2017 04:00:00 - 23/07/2017 05:00:00","BZN|DK1","511.38","n/e"," ","537.59"
"23/07/2017 05:00:00 - 23/07/2017 06:00:00","BZN|DK1","517.99","n/e"," ","554.47"
"23/07/2017 06:00:00 - 23/07/2017 07:00:00","BZN|DK1","494.73","n/e"," ","536.88"
"23/07/2017 07:00:00 - 23/07/2017 08:00:00","BZN|DK1","496.55","n/e"," ","540.07"
"23/07/2017 08:00:00 - 23/07/2017 09:00:00","BZN|DK1","493.63","n/e"," ","562.33"
"23/07/2017 09:00:00 - 23/07/2017 10:00:00","BZN|DK1","494.04","n/e"," ","549.49"
"23/07/2017 10:00:00 - 23/07/2017 11:00:00","BZN|DK1","512.38","n/e"," ","621.74"
"23/07/2017 11:00:00 - 23/07/2017 12:00:00","BZN|DK1","511.79","n/e"," ","586.94"
"23/07/2017 12:00:00 - 23/07/2017 13:00:00","BZN|DK1","504.50","n/e"," ","536.39"
"23/07/2017 13:00:00 - 23/07/2017 14:00:00","BZN|DK1","503.00","n/e"," ","524.29"
"23/07/2017 14:00:00 - 23/07/2017 15:00:00","BZN|DK1","518.79","n/e"," ","617.04"
"23/07/2017 15:00:00 - 23/07/2017 16:00:00","BZN|DK1","537.54","n/e"," ","635.16"
"23/07/2017 16:00:00 - 23/07/2017 17:00:00","BZN|DK1","546.96","n/e"," ","605.22"
"23/07/2017 17:00:00 - 23/07/2017 18:00:00","BZN|DK1","529.92","n/e"," ","570.95"
"23/07/2017 18:00:00 - 23/07/2017 19:00:00","BZN|DK1","509.42","n/e"," ","511.29"
"23/07/2017 19:00:00 - 23/07/2017 20:00:00","BZN|DK1","474.79","n/e"," ","470.95"
"23/07/2017 20:00:00 - 23/07/2017 21:00:00","BZN|DK1","452.29","n/e"," ","444.97"
"23/07/2017 21:00:00 - 23/07/2017 22:00:00","BZN|DK1","435.75","n/e"," ","440.67"
"23/07/2017 22:00:00 - 23/07/2017 23:00:00","BZN|DK1","421.71","n/e"," ","424.99"
"23/07/2017 23:00:00 - 24/07/2017 00:00:00","BZN|DK1","408.88","n/e"," ","378.31"
"24/07/2017 00:00:00 - 24/07/2017 01:00:00","BZN|DK1","319.98","n/e"," ","323.51"
"24/07/2017 01:00:00 - 24/07/2017 02:00:00","BZN|DK1","271.22","n/e"," ","277.42"
"24/07/2017 02:00:00 - 24/07/2017 03:00:00","BZN|DK1","258.23","n/e"," ","266.57"
"24/07/2017 03:00:00 - 24/07/2017 04:00:00","BZN|DK1","190.93","n/e"," ","181.24"
"24/07/2017 04:00:00 - 24/07/2017 05:00:00","BZN|DK1","86.39","n/e"," ","92.18"
"24/07/2017 05:00:00 - 24/07/2017 06:00:00","BZN|DK1","88.38","n/e"," ","89.08"
"24/07/2017 06:00:00 - 24/07/2017 07:00:00","BZN|DK1","81.11","n/e"," ","80.23"
"24/07/2017 07:00:00 - 24/07/2017 08:00:00","BZN|DK1","68.18","n/e"," ","70.00"
"24/07/2017 08:00:00 - 24/07/2017 09:00:00","BZN|DK1","60.35","n/e"," ","118.08"
"24/07/2017 09:00:00 - 24/07/2017 10:00:00","BZN|DK1","45.88","n/e"," ","116.32"
"24/07/2017 10:00:00 - 24/07/2017 11:00:00","BZN|DK1","41.58","n/e"," ","136.48"
"24/07/2017 11:00:00 - 24/07/2017 12:00:00","BZN|DK1","40.54","n/e"," ","112.03"
"24/07/2017 12:00:00 - 24/07/2017 13:00:00","BZN|DK1","48.17","n/e"," ","84.94"
"24/07/2017 13:00:00 - 24/07/2017 14:00:00","BZN|DK1","68.79","n/e"," ","102.04"
"24/07/2017 14:00:00 - 24/07/2017 15:00:00","BZN|DK1","105.13","n/e"," ","113.67"
"24/07/2017 15:00:00 - 24/07/2017 16:00:00","BZN|DK1","144.25","n/e"," ","154.34"
"24/07/2017 16:00:00 - 24/07/2017 17:00:00","BZN|DK1","177.25","n/e"," ","190.68"
"24/07/2017 17:00:00 - 24/07/2017 18:00:00","BZN|DK1","206.88","n/e"," ","328.56"
"24/07/2017 18:00:00 - 24/07/2017 19:00:00","BZN|DK1","242.46","n/e"," ","304.41"
"24/07/2017 19:00:00 - 24/07/2017 20:00:00","BZN|DK1","262.79","n/e"," ","260.79"
"24/07/2017 20:00:00 - 24/07/2017 21:00:00","BZN|DK1","250.13","n/e"," ","365.01"
"24/07/2017 21:00:00 - 24/07/2017 22:00:00","BZN|DK1","223.42","n/e"," ","289.71"
"24/07/2017 22:00:00 - 24/07/2017 23:00:00","BZN|DK1","201.46","n/e"," ","214.26"
"24/07/2017 23:00:00 - 25/07/2017 00:00:00","BZN|DK1","184.29","n/e"," ","214.92"
"25/07/2017 00:00:00 - 25/07/2017 01:00:00","BZN|DK1","179.53","n/e"," ","180.34"
"25/07/2017 01:00:00 - 25/07/2017 02:00:00","BZN|DK1","123.55","n/e"," ","117.57"
"25/07/2017 02:00:00 - 25/07/2017 03:00:00","BZN|DK1","102.29","n/e"," ","109.92"
"25/07/2017 03:00:00 - 25/07/2017 04:00:00","BZN|DK1","137.41","n/e"," ","153.55"
"25/07/2017 04:00:00 - 25/07/2017 05:00:00","BZN|DK1","203.71","n/e"," ","226.35"
"25/07/2017 05:00:00 - 25/07/2017 06:00:00","BZN|DK1","262.86","n/e"," ","282.84"
"25/07/2017 06:00:00 - 25/07/2017 07:00:00","BZN|DK1","242.21","n/e"," ","268.02"
"25/07/2017 07:00:00 - 25/07/2017 08:00:00","BZN|DK1","321.72","n/e"," ","346.44"
"25/07/2017 08:00:00 - 25/07/2017 09:00:00","BZN|DK1","332.41","n/e"," ","308.96"
"25/07/2017 09:00:00 - 25/07/2017 10:00:00","BZN|DK1","327.50","n/e"," ","310.09"
"25/07/2017 10:00:00 - 25/07/2017 11:00:00","BZN|DK1","291.13","n/e"," ","356.73"
"25/07/2017 11:00:00 - 25/07/2017 12:00:00","BZN|DK1","271.46","n/e"," ","366.87"
"25/07/2017 12:00:00 - 25/07/2017 13:00:00","BZN|DK1","264.63","n/e"," ","353.21"
"25/07/2017 13:00:00 - 25/07/2017 14:00:00","BZN|DK1","264.00","n/e"," ","377.75"
"25/07/2017 14:00:00 - 25/07/2017 15:00:00","BZN|DK1","283.29","n/e"," ","366.22"
"25/07/2017 15:00:00 - 25/07/2017 16:00:00","BZN|DK1","308.21","n/e"," ","308.02"
"25/07/2017 16:00:00 - 25/07/2017 17:00:00","BZN|DK1","344.17","n/e"," ","203.91"
"25/07/2017 17:00:00 - 25/07/2017 18:00:00","BZN|DK1","372.04","n/e"," ","123.70"
"25/07/2017 18:00:00 - 25/07/2017 19:00:00","BZN|DK1","378.96","n/e"," ","87.81"
"25/07/2017 19:00:00 - 25/07/2017 20:00:00","BZN|DK1","358.54","n/e"," ","86.59"
"25/07/2017 20:00:00 - 25/07/2017 21:00:00","BZN|DK1","328.29","n/e"," ","88.99"
"25/07/2017 21:00:00 - 25/07/2017 22:00:00","BZN|DK1","309.17","n/e"," ","67.80"
"25/07/2017 22:00:00 - 25/07/2017 23:00:00","BZN|DK1","306.46","n/e"," ","66.53"
"25/07/2017 23:00:00 - 26/07/2017 00:00:00","BZN|DK1","289.17","n/e"," ","95.66"
"26/07/2017 00:00:00 - 26/07/2017 01:00:00","BZN|DK1","117.82","n/e"," ","126.24"
"26/07/2017 01:00:00 - 26/07/2017 02:00:00","BZN|DK1","138.82","n/e"," ","149.80"
"26/07/2017 02:00:00 - 26/07/2017 03:00:00","BZN|DK1","160.64","n/e"," ","164.24"
"26/07/2017 03:00:00 - 26/07/2017 04:00:00","BZN|DK1","163.23","n/e"," ","171.67"
"26/07/2017 04:00:00 - 26/07/2017 05:00:00","BZN|DK1","137.55","n/e"," ","136.97"
"26/07/2017 05:00:00 - 26/07/2017 06:00:00","BZN|DK1","108.47","n/e"," ","103.65"
"26/07/2017 06:00:00 - 26/07/2017 07:00:00","BZN|DK1","58.98","n/e"," ","60.31"
"26/07/2017 07:00:00 - 26/07/2017 08:00:00","BZN|DK1","49.61","n/e"," ","54.42"
"26/07/2017 08:00:00 - 26/07/2017 09:00:00","BZN|DK1","55.27","n/e"," ","42.41"
"26/07/2017 09:00:00 - 26/07/2017 10:00:00","BZN|DK1","37.92","n/e"," ","15.98"
"26/07/2017 10:00:00 - 26/07/2017 11:00:00","BZN|DK1","24.42","n/e"," ","3.35"
"26/07/2017 11:00:00 - 26/07/2017 12:00:00","BZN|DK1","21.33","n/e"," ","4.97"
"26/07/2017 12:00:00 - 26/07/2017 13:00:00","BZN|DK1","30.08","n/e"," ","13.04"
"26/07/2017 13:00:00 - 26/07/2017 14:00:00","BZN|DK1","37.67","n/e"," ","17.44"
"26/07/2017 14:00:00 - 26/07/2017 15:00:00","BZN|DK1","35.79","n/e"," ","11.88"
"26/07/2017 15:00:00 - 26/07/2017 16:00:00","BZN|DK1","31.88","n/e"," ","8.09"
"26/07/2017 16:00:00 - 26/07/2017 17:00:00","BZN|DK1","27.58","n/e"," ","10.09"
"26/07/2017 17:00:00 - 26/07/2017 18:00:00","BZN|DK1","22.88","n/e"," ","19.63"
"26/07/2017 18:00:00 - 26/07/2017 19:00:00","BZN|DK1","17.75","n/e"," ","23.17"
"26/07/2017 19:00:00 - 26/07/2017 20:00:00","BZN|DK1","14.17","n/e"," ","19.82"
"26/07/2017 20:00:00 - 26/07/2017 21:00:00","BZN|DK1","13.50","n/e"," ","17.71"
"26/07/2017 21:00:00 - 26/07/2017 22:00:00","BZN|DK1","14.17","n/e"," ","17.63"
"26/07/2017 22:00:00 - 26/07/2017 23:00:00","BZN|DK1","19.50","n/e"," ","21.70"
"26/07/2017 23:00:00 - 27/07/2017 00:00:00","BZN|DK1","29.96","n/e"," ","35.91"
"27/07/2017 00:00:00 - 27/07/2017 01:00:00","BZN|DK1","53.93","n/e"," ","55.40"
"27/07/2017 01:00:00 - 27/07/2017 02:00:00","BZN|DK1","66.53","n/e"," ","69.16"
"27/07/2017 02:00:00 - 27/07/2017 03:00:00","BZN|DK1","121.41","n/e"," ","132.17"
"27/07/2017 03:00:00 - 27/07/2017 04:00:00","BZN|DK1","171.02","n/e"," ","182.89"
"27/07/2017 04:00:00 - 27/07/2017 05:00:00","BZN|DK1","288.03","n/e"," ","288.11"
"27/07/2017 05:00:00 - 27/07/2017 06:00:00","BZN|DK1","302.48","n/e"," ","304.33"
"27/07/2017 06:00:00 - 27/07/2017 07:00:00","BZN|DK1","337.36","n/e"," ","358.09"
"27/07/2017 07:00:00 - 27/07/2017 08:00:00","BZN|DK1","373.18","n/e"," ","369.39"
"27/07/2017 08:00:00 - 27/07/2017 09:00:00","BZN|DK1","292.78","n/e"," ","239.26"
"27/07/2017 09:00:00 - 27/07/2017 10:00:00","BZN|DK1","247.92","n/e"," ","242.50"
"27/07/2017 10:00:00 - 27/07/2017 11:00:00","BZN|DK1","223.33","n/e"," ","280.11"
"27/07/2017 11:00:00 - 27/07/2017 12:00:00","BZN|DK1","221.67","n/e"," ","358.31"
"27/07/2017 12:00:00 - 27/07/2017 13:00:00","BZN|DK1","221.00","n/e"," ","362.28"
"27/07/2017 13:00:00 - 27/07/2017 14:00:00","BZN|DK1","215.83","n/e"," ","352.58"
"27/07/2017 14:00:00 - 27/07/2017 15:00:00","BZN|DK1","212.58","n/e"," ","352.30"
"27/07/2017 15:00:00 - 27/07/2017 16:00:00","BZN|DK1","208.67","n/e"," ","294.53"
"27/07/2017 16:00:00 - 27/07/2017 17:00:00","BZN|DK1","203.17","n/e"," ","208.48"
"27/07/2017 17:00:00 - 27/07/2017 18:00:00","BZN|DK1","206.46","n/e"," ","146.94"
"27/07/2017 18:00:00 - 27/07/2017 19:00:00","BZN|DK1","209.75","n/e"," ","179.24"
"27/07/2017 19:00:00 - 27/07/2017 20:00:00","BZN|DK1","213.54","n/e"," ","282.81"
"27/07/2017 20:00:00 - 27/07/2017 21:00:00","BZN|DK1","223.00","n/e"," ","182.49"
"27/07/2017 21:00:00 - 27/07/2017 22:00:00","BZN|DK1","237.04","n/e"," ","190.12"
"27/07/2017 22:00:00 - 27/07/2017 23:00:00","BZN|DK1","245.46","n/e"," ","230.16"
"27/07/2017 23:00:00 - 28/07/2017 00:00:00","BZN|DK1","242.96","n/e"," ","189.17"
"28/07/2017 00:00:00 - 28/07/2017 01:00:00","BZN|DK1","131.18","n/e"," ","136.01"
"28/07/2017 01:00:00 - 28/07/2017 02:00:00","BZN|DK1","138.92","n/e"," ","150.50"
"28/07/2017 02:00:00 - 28/07/2017 03:00:00","BZN|DK1","137.04","n/e"," ","142.07"
"28/07/2017 03:00:00 - 28/07/2017 04:00:00","BZN|DK1","120.23","n/e"," ","116.75"
"28/07/2017 04:00:00 - 28/07/2017 05:00:00","BZN|DK1","109.80","n/e"," ","114.24"
"28/07/2017 05:00:00 - 28/07/2017 06:00:00","BZN|DK1","120.10","n/e"," ","132.75"
"28/07/2017 06:00:00 - 28/07/2017 07:00:00","BZN|DK1","127.13","n/e"," ","133.28"
"28/07/2017 07:00:00 - 28/07/2017 08:00:00","BZN|DK1","130.32","n/e"," ","139.96"
"28/07/2017 08:00:00 - 28/07/2017 09:00:00","BZN|DK1","157.82","n/e"," ","132.29"
"28/07/2017 09:00:00 - 28/07/2017 10:00:00","BZN|DK1","158.17","n/e"," ","122.94"
"28/07/2017 10:00:00 - 28/07/2017 11:00:00","BZN|DK1","169.63","n/e"," ","148.14"
"28/07/2017 11:00:00 - 28/07/2017 12:00:00","BZN|DK1","229.29","n/e"," ","186.77"
"28/07/2017 12:00:00 - 28/07/2017 13:00:00","BZN|DK1","314.58","n/e"," ","196.50"
"28/07/2017 13:00:00 - 28/07/2017 14:00:00","BZN|DK1","417.96","n/e"," ","256.45"
"28/07/2017 14:00:00 - 28/07/2017 15:00:00","BZN|DK1","491.67","n/e"," ","241.58"
"28/07/2017 15:00:00 - 28/07/2017 16:00:00","BZN|DK1","500.58","n/e"," ","367.94"
"28/07/2017 16:00:00 - 28/07/2017 17:00:00","BZN|DK1","444.42","n/e"," ","426.67"
"28/07/2017 17:00:00 - 28/07/2017 18:00:00","BZN|DK1","385.29","n/e"," ","293.35"
"28/07/2017 18:00:00 - 28/07/2017 19:00:00","BZN|DK1","345.88","n/e"," ","458.25"
"28/07/2017 19:00:00 - 28/07/2017 20:00:00","BZN|DK1","339.63","n/e"," ","451.51"
"28/07/2017 20:00:00 - 28/07/2017 21:00:00","BZN|DK1","360.54","n/e"," ","357.18"
"28/07/2017 21:00:00 - 28/07/2017 22:00:00","BZN|DK1","387.54","n/e"," ","456.75"
"28/07/2017 22:00:00 - 28/07/2017 23:00:00","BZN|DK1","398.33","n/e"," ","481.96"
"28/07/2017 23:00:00 - 29/07/2017 00:00:00","BZN|DK1","382.63","n/e"," ","404.39"
"29/07/2017 00:00:00 - 29/07/2017 01:00:00","BZN|DK1","360.65","n/e"," ","373.55"
"29/07/2017 01:00:00 - 29/07/2017 02:00:00","BZN|DK1","359.33","n/e"," ","370.27"
"29/07/2017 02:00:00 - 29/07/2017 03:00:00","BZN|DK1","228.62","n/e"," ","206.68"
"29/07/2017 03:00:00 - 29/07/2017 04:00:00","BZN|DK1","214.34","n/e"," ","227.57"
"29/07/2017 04:00:00 - 29/07/2017 05:00:00","BZN|DK1","300.87","n/e"," ","350.73"
"29/07/2017 05:00:00 - 29/07/2017 06:00:00","BZN|DK1","417.59","n/e"," ","438.95"
"29/07/2017 06:00:00 - 29/07/2017 07:00:00","BZN|DK1","410.62","n/e"," ","421.63"
"29/07/2017 07:00:00 - 29/07/2017 08:00:00","BZN|DK1","443.35","n/e"," ","491.31"
"29/07/2017 08:00:00 - 29/07/2017 09:00:00","BZN|DK1","568.16","n/e"," ","682.77"
"29/07/2017 09:00:00 - 29/07/2017 10:00:00","BZN|DK1","623.08","n/e"," ","752.54"
"29/07/2017 10:00:00 - 29/07/2017 11:00:00","BZN|DK1","647.04","n/e"," ","706.85"
"29/07/2017 11:00:00 - 29/07/2017 12:00:00","BZN|DK1","677.00","n/e"," ","785.10"
"29/07/2017 12:00:00 - 29/07/2017 13:00:00","BZN|DK1","696.04","n/e"," ","793.73"
"29/07/2017 13:00:00 - 29/07/2017 14:00:00","BZN|DK1","704.33","n/e"," ","786.16"
"29/07/2017 14:00:00 - 29/07/2017 15:00:00","BZN|DK1","681.67","n/e"," ","783.36"
"29/07/2017 15:00:00 - 29/07/2017 16:00:00","BZN|DK1","630.58","n/e"," ","696.18"
"29/07/2017 16:00:00 - 29/07/2017 17:00:00","BZN|DK1","578.25","n/e"," ","720.71"
"29/07/2017 17:00:00 - 29/07/2017 18:00:00","BZN|DK1","534.04","n/e"," ","678.08"
"29/07/2017 18:00:00 - 29/07/2017 19:00:00","BZN|DK1","472.75","n/e"," ","670.31"
"29/07/2017 19:00:00 - 29/07/2017 20:00:00","BZN|DK1","403.75","n/e"," ","565.19"
"29/07/2017 20:00:00 - 29/07/2017 21:00:00","BZN|DK1","350.50","n/e"," ","420.59"
"29/07/2017 21:00:00 - 29/07/2017 22:00:00","BZN|DK1","315.50","n/e"," ","364.29"
"29/07/2017 22:00:00 - 29/07/2017 23:00:00","BZN|DK1","269.88","n/e"," ","323.00"
"29/07/2017 23:00:00 - 30/07/2017 00:00:00","BZN|DK1","217.42","n/e"," ","240.90"
"30/07/2017 00:00:00 - 30/07/2017 01:00:00","BZN|DK1","177.68","n/e"," ","176.36"
"30/07/2017 01:00:00 - 30/07/2017 02:00:00","BZN|DK1","113.50","n/e"," ","112.68"
"30/07/2017 02:00:00 - 30/07/2017 03:00:00","BZN|DK1","64.57","n/e"," ","62.67"
"30/07/2017 03:00:00 - 30/07/2017 04:00:00","BZN|DK1","43.10","n/e"," ","45.93"
"30/07/2017 04:00:00 - 30/07/2017 05:00:00","BZN|DK1","41.95","n/e"," ","46.34"
"30/07/2017 05:00:00 - 30/07/2017 06:00:00","BZN|DK1","48.29","n/e"," ","57.94"
"30/07/2017 06:00:00 - 30/07/2017 07:00:00","BZN|DK1","74.43","n/e"," ","84.02"
"30/07/2017 07:00:00 - 30/07/2017 08:00:00","BZN|DK1","189.79","n/e"," ","206.14"
"30/07/2017 08:00:00 - 30/07/2017 09:00:00","BZN|DK1","268.45","n/e"," ","291.12"
"30/07/2017 09:00:00 - 30/07/2017 10:00:00","BZN|DK1","383.42","n/e"," ","487.40"
"30/07/2017 10:00:00 - 30/07/2017 11:00:00","BZN|DK1","497.46","n/e"," ","564.59"
"30/07/2017 11:00:00 - 30/07/2017 12:00:00","BZN|DK1","587.13","n/e"," ","448.44"
"30/07/2017 12:00:00 - 30/07/2017 13:00:00","BZN|DK1","638.79","n/e"," ","352.17"
"30/07/2017 13:00:00 - 30/07/2017 14:00:00","BZN|DK1","666.29","n/e"," ","380.51"
"30/07/2017 14:00:00 - 30/07/2017 15:00:00","BZN|DK1","670.50","n/e"," ","597.01"
"30/07/2017 15:00:00 - 30/07/2017 16:00:00","BZN|DK1","662.63","n/e"," ","655.89"
"30/07/2017 16:00:00 - 30/07/2017 17:00:00","BZN|DK1","646.42","n/e"," ","620.84"
"30/07/2017 17:00:00 - 30/07/2017 18:00:00","BZN|DK1","622.33","n/e"," ","690.78"
"30/07/2017 18:00:00 - 30/07/2017 19:00:00","BZN|DK1","592.71","n/e"," ","673.14"
"30/07/2017 19:00:00 - 30/07/2017 20:00:00","BZN|DK1","570.67","n/e"," ","740.57"
"30/07/2017 20:00:00 - 30/07/2017 21:00:00","BZN|DK1","549.96","n/e"," ","655.81"
"30/07/2017 21:00:00 - 30/07/2017 22:00:00","BZN|DK1","529.25","n/e"," ","588.21"
"30/07/2017 22:00:00 - 30/07/2017 23:00:00","BZN|DK1","496.46","n/e"," ","604.85"
"30/07/2017 23:00:00 - 31/07/2017 00:00:00","BZN|DK1","456.17","n/e"," ","545.10"
"31/07/2017 00:00:00 - 31/07/2017 01:00:00","BZN|DK1","489.48","n/e"," ","509.70"
"31/07/2017 01:00:00 - 31/07/2017 02:00:00","BZN|DK1","416.15","n/e"," ","424.65"
"31/07/2017 02:00:00 - 31/07/2017 03:00:00","BZN|DK1","349.60","n/e"," ","348.26"
"31/07/2017 03:00:00 - 31/07/2017 04:00:00","BZN|DK1","266.52","n/e"," ","277.34"
"31/07/2017 04:00:00 - 31/07/2017 05:00:00","BZN|DK1","241.63","n/e"," ","251.07"
"31/07/2017 05:00:00 - 31/07/2017 06:00:00","BZN|DK1","212.93","n/e"," ","223.84"
"31/07/2017 06:00:00 - 31/07/2017 07:00:00","BZN|DK1","260.73","n/e"," ","280.21"
"31/07/2017 07:00:00 - 31/07/2017 08:00:00","BZN|DK1","233.69","n/e"," ","240.81"
"31/07/2017 08:00:00 - 31/07/2017 09:00:00","BZN|DK1","227.17","n/e"," ","260.39"
"31/07/2017 09:00:00 - 31/07/2017 10:00:00","BZN|DK1","276.50","n/e"," ","323.03"
"31/07/2017 10:00:00 - 31/07/2017 11:00:00","BZN|DK1","359.88","n/e"," ","411.66"
"31/07/2017 11:00:00 - 31/07/2017 12:00:00","BZN|DK1","405.21","n/e"," ","427.65"
"31/07/2017 12:00:00 - 31/07/2017 13:00:00","BZN|DK1","424.92","n/e"," ","334.29"
"31/07/2017 13:00:00 - 31/07/2017 14:00:00","BZN|DK1","444.71","n/e"," ","332.23"
"31/07/2017 14:00:00 - 31/07/2017 15:00:00","BZN|DK1","464.13","n/e"," ","416.60"
"31/07/2017 15:00:00 - 31/07/2017 16:00:00","BZN|DK1","483.13","n/e"," ","402.29"
"31/07/2017 16:00:00 - 31/07/2017 17:00:00","BZN|DK1","487.63","n/e"," ","340.30"
"31/07/2017 17:00:00 - 31/07/2017 18:00:00","BZN|DK1","473.33","n/e"," ","318.21"
"31/07/2017 18:00:00 - 31/07/2017 19:00:00","BZN|DK1","431.46","n/e"," ","355.74"
"31/07/2017 19:00:00 - 31/07/2017 20:00:00","BZN|DK1","371.21","n/e"," ","519.23"
"31/07/2017 20:00:00 - 31/07/2017 21:00:00","BZN|DK1","301.75","n/e"," ","365.23"
"31/07/2017 21:00:00 - 31/07/2017 22:00:00","BZN|DK1","261.63","n/e"," ","295.79"
"31/07/2017 22:00:00 - 31/07/2017 23:00:00","BZN|DK1","241.25","n/e"," ","256.01"
"31/07/2017 23:00:00 - 01/08/2017 00:00:00","BZN|DK1","220.58","n/e"," ","225.25"
"01/08/2017 00:00:00 - 01/08/2017 01:00:00","BZN|DK1","161.09","n/e"," ","166.77"
"01/08/2017 01:00:00 - 01/08/2017 02:00:00","BZN|DK1","131.89","n/e"," ","136.16"
"01/08/2017 02:00:00 - 01/08/2017 03:00:00","BZN|DK1","104.57","n/e"," ","109.39"
"01/08/2017 03:00:00 - 01/08/2017 04:00:00","BZN|DK1","74.76","n/e"," ","76.28"
"01/08/2017 04:00:00 - 01/08/2017 05:00:00","BZN|DK1","59.08","n/e"," ","62.81"
"01/08/2017 05:00:00 - 01/08/2017 06:00:00","BZN|DK1","47.07","n/e"," ","48.54"
"01/08/2017 06:00:00 - 01/08/2017 07:00:00","BZN|DK1","42.24","n/e"," ","46.85"
"01/08/2017 07:00:00 - 01/08/2017 08:00:00","BZN|DK1","30.38","n/e"," ","34.39"
"01/08/2017 08:00:00 - 01/08/2017 09:00:00","BZN|DK1","31.90","n/e"," ","27.23"
"01/08/2017 09:00:00 - 01/08/2017 10:00:00","BZN|DK1","26.96","n/e"," ","33.29"
"01/08/2017 10:00:00 - 01/08/2017 11:00:00","BZN|DK1","20.50","n/e"," ","34.22"
"01/08/2017 11:00:00 - 01/08/2017 12:00:00","BZN|DK1","18.58","n/e"," ","32.51"
"01/08/2017 12:00:00 - 01/08/2017 13:00:00","BZN|DK1","19.25","n/e"," ","25.13"
"01/08/2017 13:00:00 - 01/08/2017 14:00:00","BZN|DK1","22.04","n/e"," ","22.06"
"01/08/2017 14:00:00 - 01/08/2017 15:00:00","BZN|DK1","23.33","n/e"," ","23.14"
"01/08/2017 15:00:00 - 01/08/2017 16:00:00","BZN|DK1","23.25","n/e"," ","14.26"
"01/08/2017 16:00:00 - 01/08/2017 17:00:00","BZN|DK1","24.71","n/e"," ","7.14"
"01/08/2017 17:00:00 - 01/08/2017 18:00:00","BZN|DK1","27.96","n/e"," ","7.38"
"01/08/2017 18:00:00 - 01/08/2017 19:00:00","BZN|DK1","36.42","n/e"," ","18.65"
"01/08/2017 19:00:00 - 01/08/2017 20:00:00","BZN|DK1","49.46","n/e"," ","47.94"
"01/08/2017 20:00:00 - 01/08/2017 21:00:00","BZN|DK1","65.29","n/e"," ","117.08"
"01/08/2017 21:00:00 - 01/08/2017 22:00:00","BZN|DK1","78.54","n/e"," ","181.14"
"01/08/2017 22:00:00 - 01/08/2017 23:00:00","BZN|DK1","96.58","n/e"," ","201.43"
"01/08/2017 23:00:00 - 02/08/2017 00:00:00","BZN|DK1","121.46","n/e"," ","258.52"
"02/08/2017 00:00:00 - 02/08/2017 01:00:00","BZN|DK1","253.49","n/e"," ","286.75"
"02/08/2017 01:00:00 - 02/08/2017 02:00:00","BZN|DK1","407.84","n/e"," ","446.64"
"02/08/2017 02:00:00 - 02/08/2017 03:00:00","BZN|DK1","370.95","n/e"," ","393.56"
"02/08/2017 03:00:00 - 02/08/2017 04:00:00","BZN|DK1","309.08","n/e"," ","319.78"
"02/08/2017 04:00:00 - 02/08/2017 05:00:00","BZN|DK1","296.41","n/e"," ","329.89"
"02/08/2017 05:00:00 - 02/08/2017 06:00:00","BZN|DK1","309.70","n/e"," ","331.23"
"02/08/2017 06:00:00 - 02/08/2017 07:00:00","BZN|DK1","307.84","n/e"," ","305.47"
"02/08/2017 07:00:00 - 02/08/2017 08:00:00","BZN|DK1","273.06","n/e"," ","293.54"
"02/08/2017 08:00:00 - 02/08/2017 09:00:00","BZN|DK1","284.04","n/e"," ","243.61"
"02/08/2017 09:00:00 - 02/08/2017 10:00:00","BZN|DK1","240.58","n/e"," ","188.00"
"02/08/2017 10:00:00 - 02/08/2017 11:00:00","BZN|DK1","208.71","n/e"," ","132.44"
"02/08/2017 11:00:00 - 02/08/2017 12:00:00","BZN|DK1","205.92","n/e"," ","99.50"
"02/08/2017 12:00:00 - 02/08/2017 13:00:00","BZN|DK1","194.63","n/e"," ","236.16"
"02/08/2017 13:00:00 - 02/08/2017 14:00:00","BZN|DK1","178.29","n/e"," ","285.82"
"02/08/2017 14:00:00 - 02/08/2017 15:00:00","BZN|DK1","154.21","n/e"," ","265.88"
"02/08/2017 15:00:00 - 02/08/2017 16:00:00","BZN|DK1","136.50","n/e"," ","242.39"
"02/08/2017 16:00:00 - 02/08/2017 17:00:00","BZN|DK1","131.08","n/e"," ","268.96"
"02/08/2017 17:00:00 - 02/08/2017 18:00:00","BZN|DK1","130.25","n/e"," ","183.31"
"02/08/2017 18:00:00 - 02/08/2017 19:00:00","BZN|DK1","123.17","n/e"," ","179.40"
"02/08/2017 19:00:00 - 02/08/2017 20:00:00","BZN|DK1","105.54","n/e"," ","104.35"
"02/08/2017 20:00:00 - 02/08/2017 21:00:00","BZN|DK1","93.13","n/e"," ","90.63"
"02/08/2017 21:00:00 - 02/08/2017 22:00:00","BZN|DK1","87.21","n/e"," ","74.39"
"02/08/2017 22:00:00 - 02/08/2017 23:00:00","BZN|DK1","87.96","n/e"," ","50.87"
"02/08/2017 23:00:00 - 03/08/2017 00:00:00","BZN|DK1","104.58","n/e"," ","29.41"
"03/08/2017 00:00:00 - 03/08/2017 01:00:00","BZN|DK1","35.24","n/e"," ","39.31"
"03/08/2017 01:00:00 - 03/08/2017 02:00:00","BZN|DK1","127.09","n/e"," ","137.60"
"03/08/2017 02:00:00 - 03/08/2017 03:00:00","BZN|DK1","226.30","n/e"," ","241.96"
"03/08/2017 03:00:00 - 03/08/2017 04:00:00","BZN|DK1","300.83","n/e"," ","309.78"
"03/08/2017 04:00:00 - 03/08/2017 05:00:00","BZN|DK1","282.74","n/e"," ","268.83"
"03/08/2017 05:00:00 - 03/08/2017 06:00:00","BZN|DK1","217.82","n/e"," ","244.21"
"03/08/2017 06:00:00 - 03/08/2017 07:00:00","BZN|DK1","326.39","n/e"," ","390.89"
"03/08/2017 07:00:00 - 03/08/2017 08:00:00","BZN|DK1","408.94","n/e"," ","429.36"
"03/08/2017 08:00:00 - 03/08/2017 09:00:00","BZN|DK1","454.51","n/e"," ","526.77"
"03/08/2017 09:00:00 - 03/08/2017 10:00:00","BZN|DK1","524.92","n/e"," ","537.41"
"03/08/2017 10:00:00 - 03/08/2017 11:00:00","BZN|DK1","573.92","n/e"," ","731.81"
"03/08/2017 11:00:00 - 03/08/2017 12:00:00","BZN|DK1","611.71","n/e"," ","448.10"
"03/08/2017 12:00:00 - 03/08/2017 13:00:00","BZN|DK1","630.63","n/e"," ","524.78"
"03/08/2017 13:00:00 - 03/08/2017 14:00:00","BZN|DK1","635.79","n/e"," ","690.92"
"03/08/2017 14:00:00 - 03/08/2017 15:00:00","BZN|DK1","651.54","n/e"," ","610.06"
"03/08/2017 15:00:00 - 03/08/2017 16:00:00","BZN|DK1","664.38","n/e"," ","674.92"
"03/08/2017 16:00:00 - 03/08/2017 17:00:00","BZN|DK1","664.08","n/e"," ","724.87"
"03/08/2017 17:00:00 - 03/08/2017 18:00:00","BZN|DK1","674.79","n/e"," ","736.83"
"03/08/2017 18:00:00 - 03/08/2017 19:00:00","BZN|DK1","682.17","n/e"," ","742.81"
"03/08/2017 19:00:00 - 03/08/2017 20:00:00","BZN|DK1","672.00","n/e"," ","583.70"
"03/08/2017 20:00:00 - 03/08/2017 21:00:00","BZN|DK1","653.33","n/e"," ","499.95"
"03/08/2017 21:00:00 - 03/08/2017 22:00:00","BZN|DK1","642.46","n/e"," ","459.86"
"03/08/2017 22:00:00 - 03/08/2017 23:00:00","BZN|DK1","638.42","n/e"," ","559.75"
"03/08/2017 23:00:00 - 04/08/2017 00:00:00","BZN|DK1","641.21","n/e"," ","510.23"
"04/08/2017 00:00:00 - 04/08/2017 01:00:00","BZN|DK1","611.50","n/e"," ","635.84"
"04/08/2017 01:00:00 - 04/08/2017 02:00:00","BZN|DK1","705.55","n/e"," ","753.29"
"04/08/2017 02:00:00 - 04/08/2017 03:00:00","BZN|DK1","700.19","n/e"," ","750.49"
"04/08/2017 03:00:00 - 04/08/2017 04:00:00","BZN|DK1","693.64","n/e"," ","719.95"
"04/08/2017 04:00:00 - 04/08/2017 05:00:00","BZN|DK1","591.98","n/e"," ","632.39"
"04/08/2017 05:00:00 - 04/08/2017 06:00:00","BZN|DK1","621.77","n/e"," ","661.71"
"04/08/2017 06:00:00 - 04/08/2017 07:00:00","BZN|DK1","567.57","n/e"," ","577.70"
"04/08/2017 07:00:00 - 04/08/2017 08:00:00","BZN|DK1","574.33","n/e"," ","599.67"
"04/08/2017 08:00:00 - 04/08/2017 09:00:00","BZN|DK1","558.95","n/e"," ","502.61"
"04/08/2017 09:00:00 - 04/08/2017 10:00:00","BZN|DK1","693.00","n/e"," ","587.43"
"04/08/2017 10:00:00 - 04/08/2017 11:00:00","BZN|DK1","710.17","n/e"," ","735.05"
"04/08/2017 11:00:00 - 04/08/2017 12:00:00","BZN|DK1","717.96","n/e"," ","728.26"
"04/08/2017 12:00:00 - 04/08/2017 13:00:00","BZN|DK1","735.67","n/e"," ","757.83"
"04/08/2017 13:00:00 - 04/08/2017 14:00:00","BZN|DK1","754.08","n/e"," ","727.87"
"04/08/2017 14:00:00 - 04/08/2017 15:00:00","BZN|DK1","760.96","n/e"," ","673.36"
"04/08/2017 15:00:00 - 04/08/2017 16:00:00","BZN|DK1","764.33","n/e"," ","568.87"
"04/08/2017 16:00:00 - 04/08/2017 17:00:00","BZN|DK1","768.08","n/e"," ","704.55"
"04/08/2017 17:00:00 - 04/08/2017 18:00:00","BZN|DK1","770.63","n/e"," ","759.60"
"04/08/2017 18:00:00 - 04/08/2017 19:00:00","BZN|DK1","771.00","n/e"," ","555.24"
"04/08/2017 19:00:00 - 04/08/2017 20:00:00","BZN|DK1","771.21","n/e"," ","586.78"
"04/08/2017 20:00:00 - 04/08/2017 21:00:00","BZN|DK1","771.04","n/e"," ","677.51"
"04/08/2017 21:00:00 - 04/08/2017 22:00:00","BZN|DK1","771.00","n/e"," ","768.13"
"04/08/2017 22:00:00 - 04/08/2017 23:00:00","BZN|DK1","770.04","n/e"," ","683.05"
"04/08/2017 23:00:00 - 05/08/2017 00:00:00","BZN|DK1","769.75","n/e"," ","679.94"
"05/08/2017 00:00:00 - 05/08/2017 01:00:00","BZN|DK1","637.85","n/e"," ","679.21"
"05/08/2017 01:00:00 - 05/08/2017 02:00:00","BZN|DK1","636.83","n/e"," ","678.92"
"05/08/2017 02:00:00 - 05/08/2017 03:00:00","BZN|DK1","636.94","n/e"," ","678.62"
"05/08/2017 03:00:00 - 05/08/2017 04:00:00","BZN|DK1","635.85","n/e"," ","679.13"
"05/08/2017 04:00:00 - 05/08/2017 05:00:00","BZN|DK1","680.70","n/e"," ","719.42"
"05/08/2017 05:00:00 - 05/08/2017 06:00:00","BZN|DK1","728.06","n/e"," ","762.40"
"05/08/2017 06:00:00 - 05/08/2017 07:00:00","BZN|DK1","722.68","n/e"," ","765.79"
"05/08/2017 07:00:00 - 05/08/2017 08:00:00","BZN|DK1","707.46","n/e"," ","741.53"
"05/08/2017 08:00:00 - 05/08/2017 09:00:00","BZN|DK1","677.58","n/e"," ","718.03"
"05/08/2017 09:00:00 - 05/08/2017 10:00:00","BZN|DK1","631.38","n/e"," ","679.15"
"05/08/2017 10:00:00 - 05/08/2017 11:00:00","BZN|DK1","582.21","n/e"," ","602.46"
"05/08/2017 11:00:00 - 05/08/2017 12:00:00","BZN|DK1","520.63","n/e"," ","520.37"
"05/08/2017 12:00:00 - 05/08/2017 13:00:00","BZN|DK1","465.71","n/e"," ","418.55"
"05/08/2017 13:00:00 - 05/08/2017 14:00:00","BZN|DK1","419.67","n/e"," ","437.82"
"05/08/2017 14:00:00 - 05/08/2017 15:00:00","BZN|DK1","395.42","n/e"," ","389.92"
"05/08/2017 15:00:00 - 05/08/2017 16:00:00","BZN|DK1","399.75","n/e"," ","400.60"
"05/08/2017 16:00:00 - 05/08/2017 17:00:00","BZN|DK1","395.63","n/e"," ","353.05"
"05/08/2017 17:00:00 - 05/08/2017 18:00:00","BZN|DK1","414.17","n/e"," ","351.85"
"05/08/2017 18:00:00 - 05/08/2017 19:00:00","BZN|DK1","441.63","n/e"," ","320.44"
"05/08/2017 19:00:00 - 05/08/2017 20:00:00","BZN|DK1","460.33","n/e"," ","379.89"
"05/08/2017 20:00:00 - 05/08/2017 21:00:00","BZN|DK1","470.54","n/e"," ","486.29"
"05/08/2017 21:00:00 - 05/08/2017 22:00:00","BZN|DK1","476.58","n/e"," ","490.30"
"05/08/2017 22:00:00 - 05/08/2017 23:00:00","BZN|DK1","482.17","n/e"," ","526.80"
"05/08/2017 23:00:00 - 06/08/2017 00:00:00","BZN|DK1","490.50","n/e"," ","537.45"
"06/08/2017 00:00:00 - 06/08/2017 01:00:00","BZN|DK1","546.88","n/e"," ","584.01"
"06/08/2017 01:00:00 - 06/08/2017 02:00:00","BZN|DK1","592.31","n/e"," ","624.93"
"06/08/2017 02:00:00 - 06/08/2017 03:00:00","BZN|DK1","553.59","n/e"," ","585.85"
"06/08/2017 03:00:00 - 06/08/2017 04:00:00","BZN|DK1","626.38","n/e"," ","661.47"
"06/08/2017 04:00:00 - 06/08/2017 05:00:00","BZN|DK1","606.43","n/e"," ","632.73"
"06/08/2017 05:00:00 - 06/08/2017 06:00:00","BZN|DK1","564.03","n/e"," ","603.47"
"06/08/2017 06:00:00 - 06/08/2017 07:00:00","BZN|DK1","615.63","n/e"," ","652.77"
"06/08/2017 07:00:00 - 06/08/2017 08:00:00","BZN|DK1","651.33","n/e"," ","693.49"
"06/08/2017 08:00:00 - 06/08/2017 09:00:00","BZN|DK1","643.28","n/e"," ","671.63"
"06/08/2017 09:00:00 - 06/08/2017 10:00:00","BZN|DK1","626.33","n/e"," ","680.67"
"06/08/2017 10:00:00 - 06/08/2017 11:00:00","BZN|DK1","610.50","n/e"," ","637.42"
"06/08/2017 11:00:00 - 06/08/2017 12:00:00","BZN|DK1","587.42","n/e"," ","640.52"
"06/08/2017 12:00:00 - 06/08/2017 13:00:00","BZN|DK1","564.63","n/e"," ","629.03"
"06/08/2017 13:00:00 - 06/08/2017 14:00:00","BZN|DK1","551.46","n/e"," ","655.75"
"06/08/2017 14:00:00 - 06/08/2017 15:00:00","BZN|DK1","543.42","n/e"," ","612.70"
"06/08/2017 15:00:00 - 06/08/2017 16:00:00","BZN|DK1","542.25","n/e"," ","603.06"
"06/08/2017 16:00:00 - 06/08/2017 17:00:00","BZN|DK1","544.08","n/e"," ","594.46"
"06/08/2017 17:00:00 - 06/08/2017 18:00:00","BZN|DK1","559.08","n/e"," ","570.85"
"06/08/2017 18:00:00 - 06/08/2017 19:00:00","BZN|DK1","570.46","n/e"," ","589.68"
"06/08/2017 19:00:00 - 06/08/2017 20:00:00","BZN|DK1","566.38","n/e"," ","636.02"
"06/08/2017 20:00:00 - 06/08/2017 21:00:00","BZN|DK1","545.58","n/e"," ","638.26"
"06/08/2017 21:00:00 - 06/08/2017 22:00:00","BZN|DK1","508.50","n/e"," ","566.37"
"06/08/2017 22:00:00 - 06/08/2017 23:00:00","BZN|DK1","460.08","n/e"," ","497.22"
"06/08/2017 23:00:00 - 07/08/2017 00:00:00","BZN|DK1","410.17","n/e"," ","413.90"
"07/08/2017 00:00:00 - 07/08/2017 01:00:00","BZN|DK1","285.67","n/e"," ","294.25"
"07/08/2017 01:00:00 - 07/08/2017 02:00:00","BZN|DK1","237.65","n/e"," ","264.30"
"07/08/2017 02:00:00 - 07/08/2017 03:00:00","BZN|DK1","232.54","n/e"," ","248.13"
"07/08/2017 03:00:00 - 07/08/2017 04:00:00","BZN|DK1","226.39","n/e"," ","244.98"
"07/08/2017 04:00:00 - 07/08/2017 05:00:00","BZN|DK1","273.52","n/e"," ","295.06"
"07/08/2017 05:00:00 - 07/08/2017 06:00:00","BZN|DK1","266.39","n/e"," ","274.82"
"07/08/2017 06:00:00 - 07/08/2017 07:00:00","BZN|DK1","264.88","n/e"," ","298.35"
"07/08/2017 07:00:00 - 07/08/2017 08:00:00","BZN|DK1","365.23","n/e"," ","422.91"
"07/08/2017 08:00:00 - 07/08/2017 09:00:00","BZN|DK1","397.73","n/e"," ","470.43"
"07/08/2017 09:00:00 - 07/08/2017 10:00:00","BZN|DK1","425.88","n/e"," ","530.57"
"07/08/2017 10:00:00 - 07/08/2017 11:00:00","BZN|DK1","503.79","n/e"," ","558.32"
"07/08/2017 11:00:00 - 07/08/2017 12:00:00","BZN|DK1","568.79","n/e"," ","628.32"
"07/08/2017 12:00:00 - 07/08/2017 13:00:00","BZN|DK1","611.38","n/e"," ","652.69"
"07/08/2017 13:00:00 - 07/08/2017 14:00:00","BZN|DK1","617.75","n/e"," ","624.95"
"07/08/2017 14:00:00 - 07/08/2017 15:00:00","BZN|DK1","591.88","n/e"," ","637.76"
"07/08/2017 15:00:00 - 07/08/2017 16:00:00","BZN|DK1","549.17","n/e"," ","611.05"
"07/08/2017 16:00:00 - 07/08/2017 17:00:00","BZN|DK1","495.63","n/e"," ","534.17"
"07/08/2017 17:00:00 - 07/08/2017 18:00:00","BZN|DK1","433.21","n/e"," ","486.04"
"07/08/2017 18:00:00 - 07/08/2017 19:00:00","BZN|DK1","363.54","n/e"," ","438.76"
"07/08/2017 19:00:00 - 07/08/2017 20:00:00","BZN|DK1","277.71","n/e"," ","358.46"
"07/08/2017 20:00:00 - 07/08/2017 21:00:00","BZN|DK1","198.71","n/e"," ","261.00"
"07/08/2017 21:00:00 - 07/08/2017 22:00:00","BZN|DK1","147.83","n/e"," ","209.65"
"07/08/2017 22:00:00 - 07/08/2017 23:00:00","BZN|DK1","123.50","n/e"," ","127.42"
"07/08/2017 23:00:00 - 08/08/2017 00:00:00","BZN|DK1","107.67","n/e"," ","80.53"
"08/08/2017 00:00:00 - 08/08/2017 01:00:00","BZN|DK1","71.33","n/e"," ","67.64"
"08/08/2017 01:00:00 - 08/08/2017 02:00:00","BZN|DK1","46.90","n/e"," ","38.41"
"08/08/2017 02:00:00 - 08/08/2017 03:00:00","BZN|DK1","7.56","n/e"," ","3.77"
"08/08/2017 03:00:00 - 08/08/2017 04:00:00","BZN|DK1","1.79","n/e"," ","1.60"
"08/08/2017 04:00:00 - 08/08/2017 05:00:00","BZN|DK1","3.83","n/e"," ","3.05"
"08/08/2017 05:00:00 - 08/08/2017 06:00:00","BZN|DK1","3.56","n/e"," ","1.89"
"08/08/2017 06:00:00 - 08/08/2017 07:00:00","BZN|DK1","9.24","n/e"," ","5.76"
"08/08/2017 07:00:00 - 08/08/2017 08:00:00","BZN|DK1","24.58","n/e"," ","31.70"
"08/08/2017 08:00:00 - 08/08/2017 09:00:00","BZN|DK1","27.50","n/e"," ","31.09"
"08/08/2017 09:00:00 - 08/08/2017 10:00:00","BZN|DK1","38.04","n/e"," ","45.27"
"08/08/2017 10:00:00 - 08/08/2017 11:00:00","BZN|DK1","58.00","n/e"," ","47.48"
"08/08/2017 11:00:00 - 08/08/2017 12:00:00","BZN|DK1","88.13","n/e"," ","68.31"
"08/08/2017 12:00:00 - 08/08/2017 13:00:00","BZN|DK1","133.13","n/e"," ","100.27"
"08/08/2017 13:00:00 - 08/08/2017 14:00:00","BZN|DK1","188.17","n/e"," ","151.21"
"08/08/2017 14:00:00 - 08/08/2017 15:00:00","BZN|DK1","252.08","n/e"," ","277.96"
"08/08/2017 15:00:00 - 08/08/2017 16:00:00","BZN|DK1","310.54","n/e"," ","341.17"
"08/08/2017 16:00:00 - 08/08/2017 17:00:00","BZN|DK1","367.92","n/e"," ","304.31"
"08/08/2017 17:00:00 - 08/08/2017 18:00:00","BZN|DK1","413.29","n/e"," ","384.80"
"08/08/2017 18:00:00 - 08/08/2017 19:00:00","BZN|DK1","478.79","n/e"," ","491.09"
"08/08/2017 19:00:00 - 08/08/2017 20:00:00","BZN|DK1","529.33","n/e"," ","456.42"
"08/08/2017 20:00:00 - 08/08/2017 21:00:00","BZN|DK1","566.63","n/e"," ","685.10"
"08/08/2017 21:00:00 - 08/08/2017 22:00:00","BZN|DK1","576.63","n/e"," ","704.17"
"08/08/2017 22:00:00 - 08/08/2017 23:00:00","BZN|DK1","581.79","n/e"," ","610.71"
"08/08/2017 23:00:00 - 09/08/2017 00:00:00","BZN|DK1","595.00","n/e"," ","491.06"
"09/08/2017 00:00:00 - 09/08/2017 01:00:00","BZN|DK1","511.57","n/e"," ","565.25"
"09/08/2017 01:00:00 - 09/08/2017 02:00:00","BZN|DK1","538.78","n/e"," ","557.90"
"09/08/2017 02:00:00 - 09/08/2017 03:00:00","BZN|DK1","458.15","n/e"," ","469.06"
"09/08/2017 03:00:00 - 09/08/2017 04:00:00","BZN|DK1","427.38","n/e"," ","452.00"
"09/08/2017 04:00:00 - 09/08/2017 05:00:00","BZN|DK1","407.53","n/e"," ","422.33"
"09/08/2017 05:00:00 - 09/08/2017 06:00:00","BZN|DK1","335.05","n/e"," ","331.99"
"09/08/2017 06:00:00 - 09/08/2017 07:00:00","BZN|DK1","367.84","n/e"," ","392.13"
"09/08/2017 07:00:00 - 09/08/2017 08:00:00","BZN|DK1","410.32","n/e"," ","440.30"
"09/08/2017 08:00:00 - 09/08/2017 09:00:00","BZN|DK1","474.03","n/e"," ","510.18"
"09/08/2017 09:00:00 - 09/08/2017 10:00:00","BZN|DK1","506.58","n/e"," ","462.01"
"09/08/2017 10:00:00 - 09/08/2017 11:00:00","BZN|DK1","550.88","n/e"," ","637.53"
"09/08/2017 11:00:00 - 09/08/2017 12:00:00","BZN|DK1","598.67","n/e"," ","688.04"
"09/08/2017 12:00:00 - 09/08/2017 13:00:00","BZN|DK1","617.88","n/e"," ","682.43"
"09/08/2017 13:00:00 - 09/08/2017 14:00:00","BZN|DK1","624.92","n/e"," ","611.93"
"09/08/2017 14:00:00 - 09/08/2017 15:00:00","BZN|DK1","635.67","n/e"," ","614.24"
"09/08/2017 15:00:00 - 09/08/2017 16:00:00","BZN|DK1","647.63","n/e"," ","708.48"
"09/08/2017 16:00:00 - 09/08/2017 17:00:00","BZN|DK1","644.54","n/e"," ","681.03"
"09/08/2017 17:00:00 - 09/08/2017 18:00:00","BZN|DK1","638.67","n/e"," ","767.06"
"09/08/2017 18:00:00 - 09/08/2017 19:00:00","BZN|DK1","624.88","n/e"," ","743.18"
"09/08/2017 19:00:00 - 09/08/2017 20:00:00","BZN|DK1","620.67","n/e"," ","672.13"
"09/08/2017 20:00:00 - 09/08/2017 21:00:00","BZN|DK1","608.33","n/e"," ","763.06"
"09/08/2017 21:00:00 - 09/08/2017 22:00:00","BZN|DK1","583.75","n/e"," ","755.48"
"09/08/2017 22:00:00 - 09/08/2017 23:00:00","BZN|DK1","557.79","n/e"," ","688.90"
"09/08/2017 23:00:00 - 10/08/2017 00:00:00","BZN|DK1","529.25","n/e"," ","608.93"
"10/08/2017 00:00:00 - 10/08/2017 01:00:00","BZN|DK1","501.14","n/e"," ","519.37"
"10/08/2017 01:00:00 - 10/08/2017 02:00:00","BZN|DK1","498.99","n/e"," ","543.42"
"10/08/2017 02:00:00 - 10/08/2017 03:00:00","BZN|DK1","576.25","n/e"," ","623.56"
"10/08/2017 03:00:00 - 10/08/2017 04:00:00","BZN|DK1","567.13","n/e"," ","586.32"
"10/08/2017 04:00:00 - 10/08/2017 05:00:00","BZN|DK1","427.90","n/e"," ","426.12"
"10/08/2017 05:00:00 - 10/08/2017 06:00:00","BZN|DK1","291.25","n/e"," ","304.85"
"10/08/2017 06:00:00 - 10/08/2017 07:00:00","BZN|DK1","222.58","n/e"," ","248.07"
"10/08/2017 07:00:00 - 10/08/2017 08:00:00","BZN|DK1","269.62","n/e"," ","311.45"
"10/08/2017 08:00:00 - 10/08/2017 09:00:00","BZN|DK1","310.07","n/e"," ","304.84"
"10/08/2017 09:00:00 - 10/08/2017 10:00:00","BZN|DK1","269.17","n/e"," ","312.03"
"10/08/2017 10:00:00 - 10/08/2017 11:00:00","BZN|DK1","241.50","n/e"," ","321.18"
"10/08/2017 11:00:00 - 10/08/2017 12:00:00","BZN|DK1","218.54","n/e"," ","238.46"
"10/08/2017 12:00:00 - 10/08/2017 13:00:00","BZN|DK1","200.04","n/e"," ","186.71"
"10/08/2017 13:00:00 - 10/08/2017 14:00:00","BZN|DK1","192.04","n/e"," ","182.64"
"10/08/2017 14:00:00 - 10/08/2017 15:00:00","BZN|DK1","190.71","n/e"," ","180.96"
"10/08/2017 15:00:00 - 10/08/2017 16:00:00","BZN|DK1","191.04","n/e"," ","127.68"
"10/08/2017 16:00:00 - 10/08/2017 17:00:00","BZN|DK1","204.50","n/e"," ","127.63"
"10/08/2017 17:00:00 - 10/08/2017 18:00:00","BZN|DK1","231.04","n/e"," ","182.84"
"10/08/2017 18:00:00 - 10/08/2017 19:00:00","BZN|DK1","255.08","n/e"," ","169.20"
"10/08/2017 19:00:00 - 10/08/2017 20:00:00","BZN|DK1","264.25","n/e"," ","138.34"
"10/08/2017 20:00:00 - 10/08/2017 21:00:00","BZN|DK1","258.08","n/e"," ","148.64"
"10/08/2017 21:00:00 - 10/08/2017 22:00:00","BZN|DK1","238.54","n/e"," ","152.49"
"10/08/2017 22:00:00 - 10/08/2017 23:00:00","BZN|DK1","214.17","n/e"," ","159.98"
"10/08/2017 23:00:00 - 11/08/2017 00:00:00","BZN|DK1","192.08","n/e"," ","130.81"
"11/08/2017 00:00:00 - 11/08/2017 01:00:00","BZN|DK1","106.22","n/e"," ","116.76"
"11/08/2017 01:00:00 - 11/08/2017 02:00:00","BZN|DK1","69.12","n/e"," ","76.42"
"11/08/2017 02:00:00 - 11/08/2017 03:00:00","BZN|DK1","40.56","n/e"," ","51.51"
"11/08/2017 03:00:00 - 11/08/2017 04:00:00","BZN|DK1","57.15","n/e"," ","71.38"
"11/08/2017 04:00:00 - 11/08/2017 05:00:00","BZN|DK1","60.50","n/e"," ","61.45"
"11/08/2017 05:00:00 - 11/08/2017 06:00:00","BZN|DK1","18.92","n/e"," ","17.95"
"11/08/2017 06:00:00 - 11/08/2017 07:00:00","BZN|DK1","13.45","n/e"," ","15.01"
"11/08/2017 07:00:00 - 11/08/2017 08:00:00","BZN|DK1","21.00","n/e"," ","28.70"
"11/08/2017 08:00:00 - 11/08/2017 09:00:00","BZN|DK1","37.57","n/e"," ","49.09"
"11/08/2017 09:00:00 - 11/08/2017 10:00:00","BZN|DK1","33.25","n/e"," ","19.71"
"11/08/2017 10:00:00 - 11/08/2017 11:00:00","BZN|DK1","12.29","n/e"," ","6.38"
"11/08/2017 11:00:00 - 11/08/2017 12:00:00","BZN|DK1","1.38","n/e"," ","6.43"
"11/08/2017 12:00:00 - 11/08/2017 13:00:00","BZN|DK1","0.58","n/e"," ","2.61"
"11/08/2017 13:00:00 - 11/08/2017 14:00:00","BZN|DK1","2.17","n/e"," ","0.96"
"11/08/2017 14:00:00 - 11/08/2017 15:00:00","BZN|DK1","4.58","n/e"," ","5.51"
"11/08/2017 15:00:00 - 11/08/2017 16:00:00","BZN|DK1","5.63","n/e"," ","9.40"
"11/08/2017 16:00:00 - 11/08/2017 17:00:00","BZN|DK1","6.96","n/e"," ","14.80"
"11/08/2017 17:00:00 - 11/08/2017 18:00:00","BZN|DK1","8.42","n/e"," ","29.16"
"11/08/2017 18:00:00 - 11/08/2017 19:00:00","BZN|DK1","10.67","n/e"," ","45.34"
"11/08/2017 19:00:00 - 11/08/2017 20:00:00","BZN|DK1","12.25","n/e"," ","42.08"
"11/08/2017 20:00:00 - 11/08/2017 21:00:00","BZN|DK1","13.46","n/e"," ","60.49"
"11/08/2017 21:00:00 - 11/08/2017 22:00:00","BZN|DK1","17.79","n/e"," ","65.67"
"11/08/2017 22:00:00 - 11/08/2017 23:00:00","BZN|DK1","21.83","n/e"," ","100.88"
"11/08/2017 23:00:00 - 12/08/2017 00:00:00","BZN|DK1","26.71","n/e"," ","57.69"
"12/08/2017 00:00:00 - 12/08/2017 01:00:00","BZN|DK1","54.48","n/e"," ","57.57"
"12/08/2017 01:00:00 - 12/08/2017 02:00:00","BZN|DK1","75.65","n/e"," ","83.67"
"12/08/2017 02:00:00 - 12/08/2017 03:00:00","BZN|DK1","88.33","n/e"," ","99.11"
"12/08/2017 03:00:00 - 12/08/2017 04:00:00","BZN|DK1","81.96","n/e"," ","80.68"
"12/08/2017 04:00:00 - 12/08/2017 05:00:00","BZN|DK1","69.72","n/e"," ","78.65"
"12/08/2017 05:00:00 - 12/08/2017 06:00:00","BZN|DK1","97.59","n/e"," ","114.60"
"12/08/2017 06:00:00 - 12/08/2017 07:00:00","BZN|DK1","106.76","n/e"," ","104.90"
"12/08/2017 07:00:00 - 12/08/2017 08:00:00","BZN|DK1","68.17","n/e"," ","63.83"
"12/08/2017 08:00:00 - 12/08/2017 09:00:00","BZN|DK1","65.28","n/e"," ","48.14"
"12/08/2017 09:00:00 - 12/08/2017 10:00:00","BZN|DK1","70.46","n/e"," ","50.37"
"12/08/2017 10:00:00 - 12/08/2017 11:00:00","BZN|DK1","65.13","n/e"," ","78.34"
"12/08/2017 11:00:00 - 12/08/2017 12:00:00","BZN|DK1","77.08","n/e"," ","116.00"
"12/08/2017 12:00:00 - 12/08/2017 13:00:00","BZN|DK1","101.33","n/e"," ","205.91"
"12/08/2017 13:00:00 - 12/08/2017 14:00:00","BZN|DK1","138.29","n/e"," ","221.62"
"12/08/2017 14:00:00 - 12/08/2017 15:00:00","BZN|DK1","182.29","n/e"," ","279.83"
"12/08/2017 15:00:00 - 12/08/2017 16:00:00","BZN|DK1","230.83","n/e"," ","299.40"
"12/08/2017 16:00:00 - 12/08/2017 17:00:00","BZN|DK1","280.58","n/e"," ","376.61"
"12/08/2017 17:00:00 - 12/08/2017 18:00:00","BZN|DK1","314.54","n/e"," ","355.79"
"12/08/2017 18:00:00 - 12/08/2017 19:00:00","BZN|DK1","327.75","n/e"," ","422.21"
"12/08/2017 19:00:00 - 12/08/2017 20:00:00","BZN|DK1","351.08","n/e"," ","451.05"
"12/08/2017 20:00:00 - 12/08/2017 21:00:00","BZN|DK1","423.96","n/e"," ","593.93"
"12/08/2017 21:00:00 - 12/08/2017 22:00:00","BZN|DK1","513.21","n/e"," ","498.26"
"12/08/2017 22:00:00 - 12/08/2017 23:00:00","BZN|DK1","577.17","n/e"," ","657.34"
"12/08/2017 23:00:00 - 13/08/2017 00:00:00","BZN|DK1","609.00","n/e"," ","666.07"
"13/08/2017 00:00:00 - 13/08/2017 01:00:00","BZN|DK1","635.31","n/e"," ","686.43"
"13/08/2017 01:00:00 - 13/08/2017 02:00:00","BZN|DK1","632.91","n/e"," ","676.94"
"13/08/2017 02:00:00 - 13/08/2017 03:00:00","BZN|DK1","630.90","n/e"," ","681.62"
"13/08/2017 03:00:00 - 13/08/2017 04:00:00","BZN|DK1","662.60","n/e"," ","705.36"
"13/08/2017 04:00:00 - 13/08/2017 05:00:00","BZN|DK1","645.46","n/e"," ","690.38"
"13/08/2017 05:00:00 - 13/08/2017 06:00:00","BZN|DK1","637.63","n/e"," ","667.86"
"13/08/2017 06:00:00 - 13/08/2017 07:00:00","BZN|DK1","611.10","n/e"," ","648.06"
"13/08/2017 07:00:00 - 13/08/2017 08:00:00","BZN|DK1","610.58","n/e"," ","661.81"
"13/08/2017 08:00:00 - 13/08/2017 09:00:00","BZN|DK1","604.07","n/e"," ","650.75"
"13/08/2017 09:00:00 - 13/08/2017 10:00:00","BZN|DK1","571.25","n/e"," ","607.24"
"13/08/2017 10:00:00 - 13/08/2017 11:00:00","BZN|DK1","542.42","n/e"," ","559.68"
"13/08/2017 11:00:00 - 13/08/2017 12:00:00","BZN|DK1","519.63","n/e"," ","534.01"
"13/08/2017 12:00:00 - 13/08/2017 13:00:00","BZN|DK1","503.21","n/e"," ","510.99"
"13/08/2017 13:00:00 - 13/08/2017 14:00:00","BZN|DK1","490.88","n/e"," ","525.33"
"13/08/2017 14:00:00 - 13/08/2017 15:00:00","BZN|DK1","484.54","n/e"," ","537.00"
"13/08/2017 15:00:00 - 13/08/2017 16:00:00","BZN|DK1","476.50","n/e"," ","520.25"
"13/08/2017 16:00:00 - 13/08/2017 17:00:00","BZN|DK1","465.00","n/e"," ","480.92"
"13/08/2017 17:00:00 - 13/08/2017 18:00:00","BZN|DK1","444.08","n/e"," ","488.02"
"13/08/2017 18:00:00 - 13/08/2017 19:00:00","BZN|DK1","421.92","n/e"," ","492.14"
"13/08/2017 19:00:00 - 13/08/2017 20:00:00","BZN|DK1","402.33","n/e"," ","472.80"
"13/08/2017 20:00:00 - 13/08/2017 21:00:00","BZN|DK1","379.58","n/e"," ","444.33"
"13/08/2017 21:00:00 - 13/08/2017 22:00:00","BZN|DK1","360.54","n/e"," ","420.93"
"13/08/2017 22:00:00 - 13/08/2017 23:00:00","BZN|DK1","342.88","n/e"," ","399.37"
"13/08/2017 23:00:00 - 14/08/2017 00:00:00","BZN|DK1","327.96","n/e"," ","365.78"
"14/08/2017 00:00:00 - 14/08/2017 01:00:00","BZN|DK1","292.19","n/e"," ","304.05"
"14/08/2017 01:00:00 - 14/08/2017 02:00:00","BZN|DK1","249.80","n/e"," ","260.91"
"14/08/2017 02:00:00 - 14/08/2017 03:00:00","BZN|DK1","231.55","n/e"," ","238.81"
"14/08/2017 03:00:00 - 14/08/2017 04:00:00","BZN|DK1","214.73","n/e"," ","218.33"
"14/08/2017 04:00:00 - 14/08/2017 05:00:00","BZN|DK1","194.30","n/e"," ","194.31"
"14/08/2017 05:00:00 - 14/08/2017 06:00:00","BZN|DK1","184.85","n/e"," ","183.14"
"14/08/2017 06:00:00 - 14/08/2017 07:00:00","BZN|DK1","155.77","n/e"," ","153.65"
"14/08/2017 07:00:00 - 14/08/2017 08:00:00","BZN|DK1","137.10","n/e"," ","129.10"
"14/08/2017 08:00:00 - 14/08/2017 09:00:00","BZN|DK1","83.94","n/e"," ","76.69"
"14/08/2017 09:00:00 - 14/08/2017 10:00:00","BZN|DK1","76.25","n/e"," ","87.55"
"14/08/2017 10:00:00 - 14/08/2017 11:00:00","BZN|DK1","67.33","n/e"," ","86.49"
"14/08/2017 11:00:00 - 14/08/2017 12:00:00","BZN|DK1","65.96","n/e"," ","95.84"
"14/08/2017 12:00:00 - 14/08/2017 13:00:00","BZN|DK1","69.75","n/e"," ","111.20"
"14/08/2017 13:00:00 - 14/08/2017 14:00:00","BZN|DK1","71.83","n/e"," ","123.17"
"14/08/2017 14:00:00 - 14/08/2017 15:00:00","BZN|DK1","71.33","n/e"," ","114.93"
"14/08/2017 15:00:00 - 14/08/2017 16:00:00","BZN|DK1","72.04","n/e"," ","95.58"
"14/08/2017 16:00:00 - 14/08/2017 17:00:00","BZN|DK1","73.83","n/e"," ","80.41"
"14/08/2017 17:00:00 - 14/08/2017 18:00:00","BZN|DK1","76.50","n/e"," ","59.30"
"14/08/2017 18:00:00 - 14/08/2017 19:00:00","BZN|DK1","81.92","n/e"," ","64.21"
"14/08/2017 19:00:00 - 14/08/2017 20:00:00","BZN|DK1","94.04","n/e"," ","63.77"
"14/08/2017 20:00:00 - 14/08/2017 21:00:00","BZN|DK1","137.54","n/e"," ","101.72"
"14/08/2017 21:00:00 - 14/08/2017 22:00:00","BZN|DK1","201.92","n/e"," ","181.98"
"14/08/2017 22:00:00 - 14/08/2017 23:00:00","BZN|DK1","278.04","n/e"," ","319.35"
"14/08/2017 23:00:00 - 15/08/2017 00:00:00","BZN|DK1","330.79","n/e"," ","372.55"
"15/08/2017 00:00:00 - 15/08/2017 01:00:00","BZN|DK1","375.16","n/e"," ","374.31"
"15/08/2017 01:00:00 - 15/08/2017 02:00:00","BZN|DK1","339.81","n/e"," ","335.95"
"15/08/2017 02:00:00 - 15/08/2017 03:00:00","BZN|DK1","307.96","n/e"," ","317.32"
"15/08/2017 03:00:00 - 15/08/2017 04:00:00","BZN|DK1","290.27","n/e"," ","312.05"
"15/08/2017 04:00:00 - 15/08/2017 05:00:00","BZN|DK1","366.58","n/e"," ","398.79"
"15/08/2017 05:00:00 - 15/08/2017 06:00:00","BZN|DK1","429.27","n/e"," ","453.75"
"15/08/2017 06:00:00 - 15/08/2017 07:00:00","BZN|DK1","482.92","n/e"," ","520.95"
"15/08/2017 07:00:00 - 15/08/2017 08:00:00","BZN|DK1","554.07","n/e"," ","595.75"
"15/08/2017 08:00:00 - 15/08/2017 09:00:00","BZN|DK1","552.33","n/e"," ","569.36"
"15/08/2017 09:00:00 - 15/08/2017 10:00:00","BZN|DK1","537.50","n/e"," ","544.33"
"15/08/2017 10:00:00 - 15/08/2017 11:00:00","BZN|DK1","506.96","n/e"," ","562.98"
"15/08/2017 11:00:00 - 15/08/2017 12:00:00","BZN|DK1","479.17","n/e"," ","565.43"
"15/08/2017 12:00:00 - 15/08/2017 13:00:00","BZN|DK1","459.21","n/e"," ","512.80"
"15/08/2017 13:00:00 - 15/08/2017 14:00:00","BZN|DK1","436.08","n/e"," ","489.60"
"15/08/2017 14:00:00 - 15/08/2017 15:00:00","BZN|DK1","410.25","n/e"," ","478.51"
"15/08/2017 15:00:00 - 15/08/2017 16:00:00","BZN|DK1","394.33","n/e"," ","452.30"
"15/08/2017 16:00:00 - 15/08/2017 17:00:00","BZN|DK1","386.29","n/e"," ","437.63"
"15/08/2017 17:00:00 - 15/08/2017 18:00:00","BZN|DK1","389.04","n/e"," ","470.23"
"15/08/2017 18:00:00 - 15/08/2017 19:00:00","BZN|DK1","403.75","n/e"," ","447.94"
"15/08/2017 19:00:00 - 15/08/2017 20:00:00","BZN|DK1","406.13","n/e"," ","441.87"
"15/08/2017 20:00:00 - 15/08/2017 21:00:00","BZN|DK1","399.88","n/e"," ","434.80"
"15/08/2017 21:00:00 - 15/08/2017 22:00:00","BZN|DK1","396.04","n/e"," ","363.74"
"15/08/2017 22:00:00 - 15/08/2017 23:00:00","BZN|DK1","394.33","n/e"," ","349.17"
"15/08/2017 23:00:00 - 16/08/2017 00:00:00","BZN|DK1","390.58","n/e"," ","325.18"
"16/08/2017 00:00:00 - 16/08/2017 01:00:00","BZN|DK1","194.00","n/e"," ","187.47"
"16/08/2017 01:00:00 - 16/08/2017 02:00:00","BZN|DK1","152.52","n/e"," ","152.70"
"16/08/2017 02:00:00 - 16/08/2017 03:00:00","BZN|DK1","141.55","n/e"," ","148.56"
"16/08/2017 03:00:00 - 16/08/2017 04:00:00","BZN|DK1","196.88","n/e"," ","206.93"
"16/08/2017 04:00:00 - 16/08/2017 05:00:00","BZN|DK1","189.13","n/e"," ","213.03"
"16/08/2017 05:00:00 - 16/08/2017 06:00:00","BZN|DK1","258.81","n/e"," ","269.49"
"16/08/2017 06:00:00 - 16/08/2017 07:00:00","BZN|DK1","173.72","n/e"," ","181.42"
"16/08/2017 07:00:00 - 16/08/2017 08:00:00","BZN|DK1","171.24","n/e"," ","182.92"
"16/08/2017 08:00:00 - 16/08/2017 09:00:00","BZN|DK1","161.85","n/e"," ","135.96"
"16/08/2017 09:00:00 - 16/08/2017 10:00:00","BZN|DK1","124.38","n/e"," ","147.38"
"16/08/2017 10:00:00 - 16/08/2017 11:00:00","BZN|DK1","98.83","n/e"," ","98.36"
"16/08/2017 11:00:00 - 16/08/2017 12:00:00","BZN|DK1","75.08","n/e"," ","79.20"
"16/08/2017 12:00:00 - 16/08/2017 13:00:00","BZN|DK1","52.46","n/e"," ","54.92"
"16/08/2017 13:00:00 - 16/08/2017 14:00:00","BZN|DK1","33.75","n/e"," ","64.48"
"16/08/2017 14:00:00 - 16/08/2017 15:00:00","BZN|DK1","24.29","n/e"," ","27.11"
"16/08/2017 15:00:00 - 16/08/2017 16:00:00","BZN|DK1","18.08","n/e"," ","9.53"
"16/08/2017 16:00:00 - 16/08/2017 17:00:00","BZN|DK1","13.88","n/e"," ","14.64"
"16/08/2017 17:00:00 - 16/08/2017 18:00:00","BZN|DK1","11.83","n/e"," ","25.36"
"16/08/2017 18:00:00 - 16/08/2017 19:00:00","BZN|DK1","12.13","n/e"," ","25.55"
"16/08/2017 19:00:00 - 16/08/2017 20:00:00","BZN|DK1","15.00","n/e"," ","33.11"
"16/08/2017 20:00:00 - 16/08/2017 21:00:00","BZN|DK1","18.79","n/e"," ","42.47"
"16/08/2017 21:00:00 - 16/08/2017 22:00:00","BZN|DK1","26.92","n/e"," ","51.96"
"16/08/2017 22:00:00 - 16/08/2017 23:00:00","BZN|DK1","41.25","n/e"," ","75.33"
"16/08/2017 23:00:00 - 17/08/2017 00:00:00","BZN|DK1","67.54","n/e"," ","110.21"
"17/08/2017 00:00:00 - 17/08/2017 01:00:00","BZN|DK1","164.88","n/e"," ","173.69"
"17/08/2017 01:00:00 - 17/08/2017 02:00:00","BZN|DK1","201.30","n/e"," ","204.25"
"17/08/2017 02:00:00 - 17/08/2017 03:00:00","BZN|DK1","179.22","n/e"," ","185.17"
"17/08/2017 03:00:00 - 17/08/2017 04:00:00","BZN|DK1","218.41","n/e"," ","238.05"
"17/08/2017 04:00:00 - 17/08/2017 05:00:00","BZN|DK1","256.40","n/e"," ","274.84"
"17/08/2017 05:00:00 - 17/08/2017 06:00:00","BZN|DK1","285.50","n/e"," ","295.77"
"17/08/2017 06:00:00 - 17/08/2017 07:00:00","BZN|DK1","312.29","n/e"," ","330.66"
"17/08/2017 07:00:00 - 17/08/2017 08:00:00","BZN|DK1","339.50","n/e"," ","354.92"
"17/08/2017 08:00:00 - 17/08/2017 09:00:00","BZN|DK1","353.90","n/e"," ","361.91"
"17/08/2017 09:00:00 - 17/08/2017 10:00:00","BZN|DK1","377.54","n/e"," ","385.80"
"17/08/2017 10:00:00 - 17/08/2017 11:00:00","BZN|DK1","406.04","n/e"," ","380.44"
"17/08/2017 11:00:00 - 17/08/2017 12:00:00","BZN|DK1","443.88","n/e"," ","422.43"
"17/08/2017 12:00:00 - 17/08/2017 13:00:00","BZN|DK1","472.08","n/e"," ","542.59"
"17/08/2017 13:00:00 - 17/08/2017 14:00:00","BZN|DK1","503.67","n/e"," ","521.53"
"17/08/2017 14:00:00 - 17/08/2017 15:00:00","BZN|DK1","562.63","n/e"," ","620.58"
"17/08/2017 15:00:00 - 17/08/2017 16:00:00","BZN|DK1","626.46","n/e"," ","617.44"
"17/08/2017 16:00:00 - 17/08/2017 17:00:00","BZN|DK1","672.17","n/e"," ","593.85"
"17/08/2017 17:00:00 - 17/08/2017 18:00:00","BZN|DK1","685.75","n/e"," ","662.49"
"17/08/2017 18:00:00 - 17/08/2017 19:00:00","BZN|DK1","682.79","n/e"," ","679.70"
"17/08/2017 19:00:00 - 17/08/2017 20:00:00","BZN|DK1","665.75","n/e"," ","626.46"
"17/08/2017 20:00:00 - 17/08/2017 21:00:00","BZN|DK1","623.21","n/e"," ","578.40"
"17/08/2017 21:00:00 - 17/08/2017 22:00:00","BZN|DK1","568.92","n/e"," ","378.25"
"17/08/2017 22:00:00 - 17/08/2017 23:00:00","BZN|DK1","511.63","n/e"," ","267.75"
"17/08/2017 23:00:00 - 18/08/2017 00:00:00","BZN|DK1","454.42","n/e"," ","264.27"
"18/08/2017 00:00:00 - 18/08/2017 01:00:00","BZN|DK1","264.18","n/e"," ","278.45"
"18/08/2017 01:00:00 - 18/08/2017 02:00:00","BZN|DK1","295.40","n/e"," ","296.84"
"18/08/2017 02:00:00 - 18/08/2017 03:00:00","BZN|DK1","188.10","n/e"," ","201.69"
"18/08/2017 03:00:00 - 18/08/2017 04:00:00","BZN|DK1","158.06","n/e"," ","167.41"
"18/08/2017 04:00:00 - 18/08/2017 05:00:00","BZN|DK1","123.19","n/e"," ","123.03"
"18/08/2017 05:00:00 - 18/08/2017 06:00:00","BZN|DK1","87.69","n/e"," ","98.21"
"18/08/2017 06:00:00 - 18/08/2017 07:00:00","BZN|DK1","137.69","n/e"," ","148.61"
"18/08/2017 07:00:00 - 18/08/2017 08:00:00","BZN|DK1","176.70","n/e"," ","185.08"
"18/08/2017 08:00:00 - 18/08/2017 09:00:00","BZN|DK1","221.45","n/e"," ","168.67"
"18/08/2017 09:00:00 - 18/08/2017 10:00:00","BZN|DK1","277.54","n/e"," ","267.59"
"18/08/2017 10:00:00 - 18/08/2017 11:00:00","BZN|DK1","333.92","n/e"," ","340.84"
"18/08/2017 11:00:00 - 18/08/2017 12:00:00","BZN|DK1","390.92","n/e"," ","383.44"
"18/08/2017 12:00:00 - 18/08/2017 13:00:00","BZN|DK1","428.08","n/e"," ","483.84"
"18/08/2017 13:00:00 - 18/08/2017 14:00:00","BZN|DK1","433.17","n/e"," ","507.46"
"18/08/2017 14:00:00 - 18/08/2017 15:00:00","BZN|DK1","414.33","n/e"," ","364.34"
"18/08/2017 15:00:00 - 18/08/2017 16:00:00","BZN|DK1","385.83","n/e"," ","358.67"
"18/08/2017 16:00:00 - 18/08/2017 17:00:00","BZN|DK1","348.75","n/e"," ","373.15"
"18/08/2017 17:00:00 - 18/08/2017 18:00:00","BZN|DK1","317.63","n/e"," ","413.84"
"18/08/2017 18:00:00 - 18/08/2017 19:00:00","BZN|DK1","281.58","n/e"," ","408.50"
"18/08/2017 19:00:00 - 18/08/2017 20:00:00","BZN|DK1","231.29","n/e"," ","301.31"
"18/08/2017 20:00:00 - 18/08/2017 21:00:00","BZN|DK1","189.54","n/e"," ","288.02"
"18/08/2017 21:00:00 - 18/08/2017 22:00:00","BZN|DK1","164.33","n/e"," ","293.38"
"18/08/2017 22:00:00 - 18/08/2017 23:00:00","BZN|DK1","149.17","n/e"," ","340.16"
"18/08/2017 23:00:00 - 19/08/2017 00:00:00","BZN|DK1","148.00","n/e"," ","362.58"
"19/08/2017 00:00:00 - 19/08/2017 01:00:00","BZN|DK1","319.91","n/e"," ","306.72"
"19/08/2017 01:00:00 - 19/08/2017 02:00:00","BZN|DK1","94.92","n/e"," ","99.22"
"19/08/2017 02:00:00 - 19/08/2017 03:00:00","BZN|DK1","179.33","n/e"," ","215.11"
"19/08/2017 03:00:00 - 19/08/2017 04:00:00","BZN|DK1","292.26","n/e"," ","343.11"
"19/08/2017 04:00:00 - 19/08/2017 05:00:00","BZN|DK1","441.97","n/e"," ","459.62"
"19/08/2017 05:00:00 - 19/08/2017 06:00:00","BZN|DK1","195.57","n/e"," ","172.11"
"19/08/2017 06:00:00 - 19/08/2017 07:00:00","BZN|DK1","230.03","n/e"," ","246.12"
"19/08/2017 07:00:00 - 19/08/2017 08:00:00","BZN|DK1","189.10","n/e"," ","208.52"
"19/08/2017 08:00:00 - 19/08/2017 09:00:00","BZN|DK1","216.22","n/e"," ","237.60"
"19/08/2017 09:00:00 - 19/08/2017 10:00:00","BZN|DK1","292.29","n/e"," ","324.96"
"19/08/2017 10:00:00 - 19/08/2017 11:00:00","BZN|DK1","369.96","n/e"," ","373.75"
"19/08/2017 11:00:00 - 19/08/2017 12:00:00","BZN|DK1","418.50","n/e"," ","372.20"
"19/08/2017 12:00:00 - 19/08/2017 13:00:00","BZN|DK1","470.08","n/e"," ","423.39"
"19/08/2017 13:00:00 - 19/08/2017 14:00:00","BZN|DK1","298.54","n/e"," ","296.11"
"19/08/2017 14:00:00 - 19/08/2017 15:00:00","BZN|DK1","302.88","n/e"," ","403.90"
"19/08/2017 15:00:00 - 19/08/2017 16:00:00","BZN|DK1","322.67","n/e"," ","324.35"
"19/08/2017 16:00:00 - 19/08/2017 17:00:00","BZN|DK1","653.38","n/e"," ","681.81"
"19/08/2017 17:00:00 - 19/08/2017 18:00:00","BZN|DK1","630.96","n/e"," ","729.66"
"19/08/2017 18:00:00 - 19/08/2017 19:00:00","BZN|DK1","611.63","n/e"," ","787.41"
"19/08/2017 19:00:00 - 19/08/2017 20:00:00","BZN|DK1","617.50","n/e"," ","779.46"
"19/08/2017 20:00:00 - 19/08/2017 21:00:00","BZN|DK1","618.58","n/e"," ","735.07"
"19/08/2017 21:00:00 - 19/08/2017 22:00:00","BZN|DK1","604.17","n/e"," ","686.21"
"19/08/2017 22:00:00 - 19/08/2017 23:00:00","BZN|DK1","590.08","n/e"," ","660.44"
"19/08/2017 23:00:00 - 20/08/2017 00:00:00","BZN|DK1","584.50","n/e"," ","555.00"
"20/08/2017 00:00:00 - 20/08/2017 01:00:00","BZN|DK1","519.66","n/e"," ","578.34"
"20/08/2017 01:00:00 - 20/08/2017 02:00:00","BZN|DK1","643.67","n/e"," ","697.39"
"20/08/2017 02:00:00 - 20/08/2017 03:00:00","BZN|DK1","645.40","n/e"," ","704.40"
"20/08/2017 03:00:00 - 20/08/2017 04:00:00","BZN|DK1","658.63","n/e"," ","706.65"
"20/08/2017 04:00:00 - 20/08/2017 05:00:00","BZN|DK1","698.21","n/e"," ","734.03"
"20/08/2017 05:00:00 - 20/08/2017 06:00:00","BZN|DK1","666.33","n/e"," ","706.15"
"20/08/2017 06:00:00 - 20/08/2017 07:00:00","BZN|DK1","658.74","n/e"," ","697.88"
"20/08/2017 07:00:00 - 20/08/2017 08:00:00","BZN|DK1","698.81","n/e"," ","742.83"
"20/08/2017 08:00:00 - 20/08/2017 09:00:00","BZN|DK1","707.65","n/e"," ","719.23"
"20/08/2017 09:00:00 - 20/08/2017 10:00:00","BZN|DK1","698.38","n/e"," ","744.28"
"20/08/2017 10:00:00 - 20/08/2017 11:00:00","BZN|DK1","685.04","n/e"," ","666.87"
"20/08/2017 11:00:00 - 20/08/2017 12:00:00","BZN|DK1","636.67","n/e"," ","568.99"
"20/08/2017 12:00:00 - 20/08/2017 13:00:00","BZN|DK1","560.75","n/e"," ","507.91"
"20/08/2017 13:00:00 - 20/08/2017 14:00:00","BZN|DK1","513.75","n/e"," ","524.83"
"20/08/2017 14:00:00 - 20/08/2017 15:00:00","BZN|DK1","501.50","n/e"," ","458.36"
"20/08/2017 15:00:00 - 20/08/2017 16:00:00","BZN|DK1","346.79","n/e"," ","343.36"
"20/08/2017 16:00:00 - 20/08/2017 17:00:00","BZN|DK1","355.46","n/e"," ","387.99"
"20/08/2017 17:00:00 - 20/08/2017 18:00:00","BZN|DK1","574.29","n/e"," ","594.86"
"20/08/2017 18:00:00 - 20/08/2017 19:00:00","BZN|DK1","585.67","n/e"," ","600.80"
"20/08/2017 19:00:00 - 20/08/2017 20:00:00","BZN|DK1","597.00","n/e"," ","598.32"
"20/08/2017 20:00:00 - 20/08/2017 21:00:00","BZN|DK1","609.92","n/e"," ","594.18"
"20/08/2017 21:00:00 - 20/08/2017 22:00:00","BZN|DK1","619.33","n/e"," ","669.80"
"20/08/2017 22:00:00 - 20/08/2017 23:00:00","BZN|DK1","629.13","n/e"," ","686.64"
"20/08/2017 23:00:00 - 21/08/2017 00:00:00","BZN|DK1","639.71","n/e"," ","711.22"
"21/08/2017 00:00:00 - 21/08/2017 01:00:00","BZN|DK1","636.49","n/e"," ","685.43"
"21/08/2017 01:00:00 - 21/08/2017 02:00:00","BZN|DK1","625.34","n/e"," ","658.32"
"21/08/2017 02:00:00 - 21/08/2017 03:00:00","BZN|DK1","555.13","n/e"," ","582.47"
"21/08/2017 03:00:00 - 21/08/2017 04:00:00","BZN|DK1","516.79","n/e"," ","568.89"
"21/08/2017 04:00:00 - 21/08/2017 05:00:00","BZN|DK1","564.98","n/e"," ","604.84"
"21/08/2017 05:00:00 - 21/08/2017 06:00:00","BZN|DK1","621.71","n/e"," ","650.82"
"21/08/2017 06:00:00 - 21/08/2017 07:00:00","BZN|DK1","562.56","n/e"," ","601.50"
"21/08/2017 07:00:00 - 21/08/2017 08:00:00","BZN|DK1","555.31","n/e"," ","586.51"
"21/08/2017 08:00:00 - 21/08/2017 09:00:00","BZN|DK1","535.45","n/e"," ","588.25"
"21/08/2017 09:00:00 - 21/08/2017 10:00:00","BZN|DK1","512.79","n/e"," ","535.74"
"21/08/2017 10:00:00 - 21/08/2017 11:00:00","BZN|DK1","483.92","n/e"," ","509.26"
"21/08/2017 11:00:00 - 21/08/2017 12:00:00","BZN|DK1","451.42","n/e"," ","491.23"
"21/08/2017 12:00:00 - 21/08/2017 13:00:00","BZN|DK1","407.63","n/e"," ","434.25"
"21/08/2017 13:00:00 - 21/08/2017 14:00:00","BZN|DK1","360.42","n/e"," ","393.95"
"21/08/2017 14:00:00 - 21/08/2017 15:00:00","BZN|DK1","328.42","n/e"," ","348.25"
"21/08/2017 15:00:00 - 21/08/2017 16:00:00","BZN|DK1","320.38","n/e"," ","390.49"
"21/08/2017 16:00:00 - 21/08/2017 17:00:00","BZN|DK1","339.42","n/e"," ","406.79"
"21/08/2017 17:00:00 - 21/08/2017 18:00:00","BZN|DK1","376.33","n/e"," ","444.04"
"21/08/2017 18:00:00 - 21/08/2017 19:00:00","BZN|DK1","419.08","n/e"," ","439.14"
"21/08/2017 19:00:00 - 21/08/2017 20:00:00","BZN|DK1","480.29","n/e"," ","656.50"
"21/08/2017 20:00:00 - 21/08/2017 21:00:00","BZN|DK1","553.88","n/e"," ","652.37"
"21/08/2017 21:00:00 - 21/08/2017 22:00:00","BZN|DK1","587.46","n/e"," ","640.45"
"21/08/2017 22:00:00 - 21/08/2017 23:00:00","BZN|DK1","590.54","n/e"," ","647.74"
"21/08/2017 23:00:00 - 22/08/2017 00:00:00","BZN|DK1","583.33","n/e"," ","634.85"
"22/08/2017 00:00:00 - 22/08/2017 01:00:00","BZN|DK1","613.19","n/e"," ","661.72"
"22/08/2017 01:00:00 - 22/08/2017 02:00:00","BZN|DK1","606.11","n/e"," ","638.41"
"22/08/2017 02:00:00 - 22/08/2017 03:00:00","BZN|DK1","576.36","n/e"," ","606.57"
"22/08/2017 03:00:00 - 22/08/2017 04:00:00","BZN|DK1","595.03","n/e"," ","647.02"
"22/08/2017 04:00:00 - 22/08/2017 05:00:00","BZN|DK1","573.53","n/e"," ","604.90"
"22/08/2017 05:00:00 - 22/08/2017 06:00:00","BZN|DK1","516.19","n/e"," ","561.99"
"22/08/2017 06:00:00 - 22/08/2017 07:00:00","BZN|DK1","534.06","n/e"," ","568.36"
"22/08/2017 07:00:00 - 22/08/2017 08:00:00","BZN|DK1","422.50","n/e"," ","437.20"
"22/08/2017 08:00:00 - 22/08/2017 09:00:00","BZN|DK1","328.04","n/e"," ","320.06"
"22/08/2017 09:00:00 - 22/08/2017 10:00:00","BZN|DK1","255.33","n/e"," ","239.77"
"22/08/2017 10:00:00 - 22/08/2017 11:00:00","BZN|DK1","204.92","n/e"," ","186.10"
"22/08/2017 11:00:00 - 22/08/2017 12:00:00","BZN|DK1","182.33","n/e"," ","167.91"
"22/08/2017 12:00:00 - 22/08/2017 13:00:00","BZN|DK1","171.21","n/e"," ","191.45"
"22/08/2017 13:00:00 - 22/08/2017 14:00:00","BZN|DK1","167.33","n/e"," ","216.68"
"22/08/2017 14:00:00 - 22/08/2017 15:00:00","BZN|DK1","162.83","n/e"," ","160.22"
"22/08/2017 15:00:00 - 22/08/2017 16:00:00","BZN|DK1","163.83","n/e"," ","149.09"
"22/08/2017 16:00:00 - 22/08/2017 17:00:00","BZN|DK1","157.79","n/e"," ","148.76"
"22/08/2017 17:00:00 - 22/08/2017 18:00:00","BZN|DK1","150.71","n/e"," ","169.49"
"22/08/2017 18:00:00 - 22/08/2017 19:00:00","BZN|DK1","132.38","n/e"," ","142.67"
"22/08/2017 19:00:00 - 22/08/2017 20:00:00","BZN|DK1","110.13","n/e"," ","121.53"
"22/08/2017 20:00:00 - 22/08/2017 21:00:00","BZN|DK1","88.63","n/e"," ","137.36"
"22/08/2017 21:00:00 - 22/08/2017 22:00:00","BZN|DK1","66.71","n/e"," ","89.14"
"22/08/2017 22:00:00 - 22/08/2017 23:00:00","BZN|DK1","52.00","n/e"," ","43.71"
"22/08/2017 23:00:00 - 23/08/2017 00:00:00","BZN|DK1","49.21","n/e"," ","80.05"
"23/08/2017 00:00:00 - 23/08/2017 01:00:00","BZN|DK1","93.46","n/e"," ","96.14"
"23/08/2017 01:00:00 - 23/08/2017 02:00:00","BZN|DK1","135.00","n/e"," ","148.57"
"23/08/2017 02:00:00 - 23/08/2017 03:00:00","BZN|DK1","164.88","n/e"," ","163.62"
"23/08/2017 03:00:00 - 23/08/2017 04:00:00","BZN|DK1","150.13","n/e"," ","157.32"
"23/08/2017 04:00:00 - 23/08/2017 05:00:00","BZN|DK1","146.79","n/e"," ","146.27"
"23/08/2017 05:00:00 - 23/08/2017 06:00:00","BZN|DK1","119.25","n/e"," ","112.67"
"23/08/2017 06:00:00 - 23/08/2017 07:00:00","BZN|DK1","81.17","n/e"," ","64.86"
"23/08/2017 07:00:00 - 23/08/2017 08:00:00","BZN|DK1","44.83","n/e"," ","46.26"
"23/08/2017 08:00:00 - 23/08/2017 09:00:00","BZN|DK1","35.83","n/e"," ","46.13"
"23/08/2017 09:00:00 - 23/08/2017 10:00:00","BZN|DK1","24.21","n/e"," ","25.87"
"23/08/2017 10:00:00 - 23/08/2017 11:00:00","BZN|DK1","14.92","n/e"," ","28.56"
"23/08/2017 11:00:00 - 23/08/2017 12:00:00","BZN|DK1","9.67","n/e"," ","16.96"
"23/08/2017 12:00:00 - 23/08/2017 13:00:00","BZN|DK1","6.50","n/e"," ","11.84"
"23/08/2017 13:00:00 - 23/08/2017 14:00:00","BZN|DK1","6.00","n/e"," ","5.15"
"23/08/2017 14:00:00 - 23/08/2017 15:00:00","BZN|DK1","6.00","n/e"," ","2.85"
"23/08/2017 15:00:00 - 23/08/2017 16:00:00","BZN|DK1","5.88","n/e"," ","4.86"
"23/08/2017 16:00:00 - 23/08/2017 17:00:00","BZN|DK1","5.13","n/e"," ","2.87"
"23/08/2017 17:00:00 - 23/08/2017 18:00:00","BZN|DK1","7.92","n/e"," ","7.27"
"23/08/2017 18:00:00 - 23/08/2017 19:00:00","BZN|DK1","12.21","n/e"," ","12.74"
"23/08/2017 19:00:00 - 23/08/2017 20:00:00","BZN|DK1","16.83","n/e"," ","13.27"
"23/08/2017 20:00:00 - 23/08/2017 21:00:00","BZN|DK1","26.29","n/e"," ","19.95"
"23/08/2017 21:00:00 - 23/08/2017 22:00:00","BZN|DK1","41.29","n/e"," ","20.10"
"23/08/2017 22:00:00 - 23/08/2017 23:00:00","BZN|DK1","61.92","n/e"," ","33.53"
"23/08/2017 23:00:00 - 24/08/2017 00:00:00","BZN|DK1","94.21","n/e"," ","62.78"
"24/08/2017 00:00:00 - 24/08/2017 01:00:00","BZN|DK1","140.42","n/e"," ","152.80"
"24/08/2017 01:00:00 - 24/08/2017 02:00:00","BZN|DK1","225.56","n/e"," ","231.06"
"24/08/2017 02:00:00 - 24/08/2017 03:00:00","BZN|DK1","260.90","n/e"," ","270.33"
"24/08/2017 03:00:00 - 24/08/2017 04:00:00","BZN|DK1","297.43","n/e"," ","307.91"
"24/08/2017 04:00:00 - 24/08/2017 05:00:00","BZN|DK1","308.70","n/e"," ","317.16"
"24/08/2017 05:00:00 - 24/08/2017 06:00:00","BZN|DK1","301.15","n/e"," ","308.71"
"24/08/2017 06:00:00 - 24/08/2017 07:00:00","BZN|DK1","291.95","n/e"," ","303.47"
"24/08/2017 07:00:00 - 24/08/2017 08:00:00","BZN|DK1","285.57","n/e"," ","305.10"
"24/08/2017 08:00:00 - 24/08/2017 09:00:00","BZN|DK1","282.83","n/e"," ","267.49"
"24/08/2017 09:00:00 - 24/08/2017 10:00:00","BZN|DK1","256.42","n/e"," ","212.29"
"24/08/2017 10:00:00 - 24/08/2017 11:00:00","BZN|DK1","241.79","n/e"," ","303.90"
"24/08/2017 11:00:00 - 24/08/2017 12:00:00","BZN|DK1","281.63","n/e"," ","286.73"
"24/08/2017 12:00:00 - 24/08/2017 13:00:00","BZN|DK1","339.21","n/e"," ","360.80"
"24/08/2017 13:00:00 - 24/08/2017 14:00:00","BZN|DK1","386.75","n/e"," ","400.65"
"24/08/2017 14:00:00 - 24/08/2017 15:00:00","BZN|DK1","395.38","n/e"," ","413.55"
"24/08/2017 15:00:00 - 24/08/2017 16:00:00","BZN|DK1","395.67","n/e"," ","478.29"
"24/08/2017 16:00:00 - 24/08/2017 17:00:00","BZN|DK1","395.17","n/e"," ","512.96"
"24/08/2017 17:00:00 - 24/08/2017 18:00:00","BZN|DK1","413.96","n/e"," ","574.17"
"24/08/2017 18:00:00 - 24/08/2017 19:00:00","BZN|DK1","428.13","n/e"," ","412.46"
"24/08/2017 19:00:00 - 24/08/2017 20:00:00","BZN|DK1","461.71","n/e"," ","381.50"
"24/08/2017 20:00:00 - 24/08/2017 21:00:00","BZN|DK1","510.29","n/e"," ","651.14"
"24/08/2017 21:00:00 - 24/08/2017 22:00:00","BZN|DK1","550.79","n/e"," ","640.29"
"24/08/2017 22:00:00 - 24/08/2017 23:00:00","BZN|DK1","559.29","n/e"," ","607.80"
"24/08/2017 23:00:00 - 25/08/2017 00:00:00","BZN|DK1","558.92","n/e"," ","579.18"
"25/08/2017 00:00:00 - 25/08/2017 01:00:00","BZN|DK1","577.18","n/e"," ","619.90"
"25/08/2017 01:00:00 - 25/08/2017 02:00:00","BZN|DK1","568.93","n/e"," ","602.29"
"25/08/2017 02:00:00 - 25/08/2017 03:00:00","BZN|DK1","545.83","n/e"," ","573.97"
"25/08/2017 03:00:00 - 25/08/2017 04:00:00","BZN|DK1","564.97","n/e"," ","608.31"
"25/08/2017 04:00:00 - 25/08/2017 05:00:00","BZN|DK1","536.65","n/e"," ","555.15"
"25/08/2017 05:00:00 - 25/08/2017 06:00:00","BZN|DK1","522.59","n/e"," ","551.03"
"25/08/2017 06:00:00 - 25/08/2017 07:00:00","BZN|DK1","540.57","n/e"," ","574.15"
"25/08/2017 07:00:00 - 25/08/2017 08:00:00","BZN|DK1","534.05","n/e"," ","569.88"
"25/08/2017 08:00:00 - 25/08/2017 09:00:00","BZN|DK1","523.70","n/e"," ","561.52"
"25/08/2017 09:00:00 - 25/08/2017 10:00:00","BZN|DK1","508.38","n/e"," ","537.45"
"25/08/2017 10:00:00 - 25/08/2017 11:00:00","BZN|DK1","491.33","n/e"," ","545.23"
"25/08/2017 11:00:00 - 25/08/2017 12:00:00","BZN|DK1","481.88","n/e"," ","520.76"
"25/08/2017 12:00:00 - 25/08/2017 13:00:00","BZN|DK1","470.88","n/e"," ","488.11"
"25/08/2017 13:00:00 - 25/08/2017 14:00:00","BZN|DK1","454.83","n/e"," ","429.29"
"25/08/2017 14:00:00 - 25/08/2017 15:00:00","BZN|DK1","429.25","n/e"," ","399.49"
"25/08/2017 15:00:00 - 25/08/2017 16:00:00","BZN|DK1","397.96","n/e"," ","340.04"
"25/08/2017 16:00:00 - 25/08/2017 17:00:00","BZN|DK1","378.67","n/e"," ","279.17"
"25/08/2017 17:00:00 - 25/08/2017 18:00:00","BZN|DK1","376.04","n/e"," ","288.67"
"25/08/2017 18:00:00 - 25/08/2017 19:00:00","BZN|DK1","359.79","n/e"," ","364.77"
"25/08/2017 19:00:00 - 25/08/2017 20:00:00","BZN|DK1","342.29","n/e"," ","336.27"
"25/08/2017 20:00:00 - 25/08/2017 21:00:00","BZN|DK1","309.63","n/e"," ","269.20"
"25/08/2017 21:00:00 - 25/08/2017 22:00:00","BZN|DK1","275.42","n/e"," ","288.33"
"25/08/2017 22:00:00 - 25/08/2017 23:00:00","BZN|DK1","249.08","n/e"," ","266.94"
"25/08/2017 23:00:00 - 26/08/2017 00:00:00","BZN|DK1","224.92","n/e"," ","198.72"
"26/08/2017 00:00:00 - 26/08/2017 01:00:00","BZN|DK1","126.80","n/e"," ","131.60"
"26/08/2017 01:00:00 - 26/08/2017 02:00:00","BZN|DK1","91.87","n/e"," ","105.70"
"26/08/2017 02:00:00 - 26/08/2017 03:00:00","BZN|DK1","118.35","n/e"," ","122.68"
"26/08/2017 03:00:00 - 26/08/2017 04:00:00","BZN|DK1","79.91","n/e"," ","82.71"
"26/08/2017 04:00:00 - 26/08/2017 05:00:00","BZN|DK1","69.02","n/e"," ","72.70"
"26/08/2017 05:00:00 - 26/08/2017 06:00:00","BZN|DK1","66.28","n/e"," ","69.49"
"26/08/2017 06:00:00 - 26/08/2017 07:00:00","BZN|DK1","104.09","n/e"," ","109.14"
"26/08/2017 07:00:00 - 26/08/2017 08:00:00","BZN|DK1","102.70","n/e"," ","100.79"
"26/08/2017 08:00:00 - 26/08/2017 09:00:00","BZN|DK1","86.40","n/e"," ","86.36"
"26/08/2017 09:00:00 - 26/08/2017 10:00:00","BZN|DK1","29.17","n/e"," ","72.67"
"26/08/2017 10:00:00 - 26/08/2017 11:00:00","BZN|DK1","1.92","n/e"," ","48.86"
"26/08/2017 11:00:00 - 26/08/2017 12:00:00","BZN|DK1","1.00","n/e"," ","39.59"
"26/08/2017 12:00:00 - 26/08/2017 13:00:00","BZN|DK1","1.96","n/e"," ","16.65"
"26/08/2017 13:00:00 - 26/08/2017 14:00:00","BZN|DK1","2.00","n/e"," ","12.90"
"26/08/2017 14:00:00 - 26/08/2017 15:00:00","BZN|DK1","1.04","n/e"," ","29.30"
"26/08/2017 15:00:00 - 26/08/2017 16:00:00","BZN|DK1","1.00","n/e"," ","60.49"
"26/08/2017 16:00:00 - 26/08/2017 17:00:00","BZN|DK1","1.00","n/e"," ","67.91"
"26/08/2017 17:00:00 - 26/08/2017 18:00:00","BZN|DK1","2.50","n/e"," ","54.77"
"26/08/2017 18:00:00 - 26/08/2017 19:00:00","BZN|DK1","3.54","n/e"," ","49.29"
"26/08/2017 19:00:00 - 26/08/2017 20:00:00","BZN|DK1","4.63","n/e"," ","42.31"
"26/08/2017 20:00:00 - 26/08/2017 21:00:00","BZN|DK1","7.21","n/e"," ","73.45"
"26/08/2017 21:00:00 - 26/08/2017 22:00:00","BZN|DK1","11.67","n/e"," ","136.15"
"26/08/2017 22:00:00 - 26/08/2017 23:00:00","BZN|DK1","18.63","n/e"," ","186.47"
"26/08/2017 23:00:00 - 27/08/2017 00:00:00","BZN|DK1","26.04","n/e"," ","117.01"
"27/08/2017 00:00:00 - 27/08/2017 01:00:00","BZN|DK1","38.16","n/e"," ","9.57"
"27/08/2017 01:00:00 - 27/08/2017 02:00:00","BZN|DK1","38.36","n/e"," ","5.30"
"27/08/2017 02:00:00 - 27/08/2017 03:00:00","BZN|DK1","69.68","n/e"," ","28.54"
"27/08/2017 03:00:00 - 27/08/2017 04:00:00","BZN|DK1","70.07","n/e"," ","45.70"
"27/08/2017 04:00:00 - 27/08/2017 05:00:00","BZN|DK1","78.71","n/e"," ","57.64"
"27/08/2017 05:00:00 - 27/08/2017 06:00:00","BZN|DK1","77.96","n/e"," ","71.62"
"27/08/2017 06:00:00 - 27/08/2017 07:00:00","BZN|DK1","74.61","n/e"," ","69.11"
"27/08/2017 07:00:00 - 27/08/2017 08:00:00","BZN|DK1","42.34","n/e"," ","44.92"
"27/08/2017 08:00:00 - 27/08/2017 09:00:00","BZN|DK1","59.11","n/e"," ","128.30"
"27/08/2017 09:00:00 - 27/08/2017 10:00:00","BZN|DK1","67.67","n/e"," ","135.41"
"27/08/2017 10:00:00 - 27/08/2017 11:00:00","BZN|DK1","76.58","n/e"," ","182.06"
"27/08/2017 11:00:00 - 27/08/2017 12:00:00","BZN|DK1","80.71","n/e"," ","217.01"
"27/08/2017 12:00:00 - 27/08/2017 13:00:00","BZN|DK1","76.42","n/e"," ","149.74"
"27/08/2017 13:00:00 - 27/08/2017 14:00:00","BZN|DK1","70.83","n/e"," ","104.63"
"27/08/2017 14:00:00 - 27/08/2017 15:00:00","BZN|DK1","67.83","n/e"," ","79.26"
"27/08/2017 15:00:00 - 27/08/2017 16:00:00","BZN|DK1","62.83","n/e"," ","39.72"
"27/08/2017 16:00:00 - 27/08/2017 17:00:00","BZN|DK1","55.21","n/e"," ","19.29"
"27/08/2017 17:00:00 - 27/08/2017 18:00:00","BZN|DK1","46.13","n/e"," ","19.17"
"27/08/2017 18:00:00 - 27/08/2017 19:00:00","BZN|DK1","38.33","n/e"," ","29.90"
"27/08/2017 19:00:00 - 27/08/2017 20:00:00","BZN|DK1","30.58","n/e"," ","37.83"
"27/08/2017 20:00:00 - 27/08/2017 21:00:00","BZN|DK1","23.04","n/e"," ","20.76"
"27/08/2017 21:00:00 - 27/08/2017 22:00:00","BZN|DK1","16.88","n/e"," ","18.95"
"27/08/2017 22:00:00 - 27/08/2017 23:00:00","BZN|DK1","14.79","n/e"," ","15.24"
"27/08/2017 23:00:00 - 28/08/2017 00:00:00","BZN|DK1","13.71","n/e"," ","5.92"
"28/08/2017 00:00:00 - 28/08/2017 01:00:00","BZN|DK1","5.79","n/e"," ","9.39"
"28/08/2017 01:00:00 - 28/08/2017 02:00:00","BZN|DK1","11.72","n/e"," ","11.68"
"28/08/2017 02:00:00 - 28/08/2017 03:00:00","BZN|DK1","9.08","n/e"," ","10.70"
"28/08/2017 03:00:00 - 28/08/2017 04:00:00","BZN|DK1","7.10","n/e"," ","9.85"
"28/08/2017 04:00:00 - 28/08/2017 05:00:00","BZN|DK1","1.77","n/e"," ","1.88"
"28/08/2017 05:00:00 - 28/08/2017 06:00:00","BZN|DK1","0.08","n/e"," ","0.83"
"28/08/2017 06:00:00 - 28/08/2017 07:00:00","BZN|DK1","0.00","n/e"," ","2.53"
"28/08/2017 07:00:00 - 28/08/2017 08:00:00","BZN|DK1","3.52","n/e"," ","6.56"
"28/08/2017 08:00:00 - 28/08/2017 09:00:00","BZN|DK1","9.39","n/e"," ","12.13"
"28/08/2017 09:00:00 - 28/08/2017 10:00:00","BZN|DK1","12.08","n/e"," ","22.13"
"28/08/2017 10:00:00 - 28/08/2017 11:00:00","BZN|DK1","10.96","n/e"," ","29.70"
"28/08/2017 11:00:00 - 28/08/2017 12:00:00","BZN|DK1","15.21","n/e"," ","43.35"
"28/08/2017 12:00:00 - 28/08/2017 13:00:00","BZN|DK1","25.83","n/e"," ","71.62"
"28/08/2017 13:00:00 - 28/08/2017 14:00:00","BZN|DK1","37.58","n/e"," ","91.40"
"28/08/2017 14:00:00 - 28/08/2017 15:00:00","BZN|DK1","52.08","n/e"," ","89.65"
"28/08/2017 15:00:00 - 28/08/2017 16:00:00","BZN|DK1","70.29","n/e"," ","109.14"
"28/08/2017 16:00:00 - 28/08/2017 17:00:00","BZN|DK1","84.67","n/e"," ","122.34"
"28/08/2017 17:00:00 - 28/08/2017 18:00:00","BZN|DK1","93.54","n/e"," ","110.38"
"28/08/2017 18:00:00 - 28/08/2017 19:00:00","BZN|DK1","96.83","n/e"," ","132.85"
"28/08/2017 19:00:00 - 28/08/2017 20:00:00","BZN|DK1","103.17","n/e"," ","125.84"
"28/08/2017 20:00:00 - 28/08/2017 21:00:00","BZN|DK1","103.67","n/e"," ","117.53"
"28/08/2017 21:00:00 - 28/08/2017 22:00:00","BZN|DK1","104.00","n/e"," ","109.81"
"28/08/2017 22:00:00 - 28/08/2017 23:00:00","BZN|DK1","118.38","n/e"," ","148.36"
"28/08/2017 23:00:00 - 29/08/2017 00:00:00","BZN|DK1","150.25","n/e"," ","212.16"
"29/08/2017 00:00:00 - 29/08/2017 01:00:00","BZN|DK1","225.38","n/e"," ","234.48"
"29/08/2017 01:00:00 - 29/08/2017 02:00:00","BZN|DK1","261.03","n/e"," ","274.56"
"29/08/2017 02:00:00 - 29/08/2017 03:00:00","BZN|DK1","228.05","n/e"," ","248.90"
"29/08/2017 03:00:00 - 29/08/2017 04:00:00","BZN|DK1","282.87","n/e"," ","313.54"
"29/08/2017 04:00:00 - 29/08/2017 05:00:00","BZN|DK1","376.18","n/e"," ","416.86"
"29/08/2017 05:00:00 - 29/08/2017 06:00:00","BZN|DK1","460.28","n/e"," ","498.10"
"29/08/2017 06:00:00 - 29/08/2017 07:00:00","BZN|DK1","491.89","n/e"," ","514.25"
"29/08/2017 07:00:00 - 29/08/2017 08:00:00","BZN|DK1","474.61","n/e"," ","500.59"
"29/08/2017 08:00:00 - 29/08/2017 09:00:00","BZN|DK1","433.88","n/e"," ","440.39"
"29/08/2017 09:00:00 - 29/08/2017 10:00:00","BZN|DK1","421.88","n/e"," ","383.67"
"29/08/2017 10:00:00 - 29/08/2017 11:00:00","BZN|DK1","428.96","n/e"," ","398.87"
"29/08/2017 11:00:00 - 29/08/2017 12:00:00","BZN|DK1","443.04","n/e"," ","428.03"
"29/08/2017 12:00:00 - 29/08/2017 13:00:00","BZN|DK1","455.38","n/e"," ","456.81"
"29/08/2017 13:00:00 - 29/08/2017 14:00:00","BZN|DK1","463.88","n/e"," ","470.89"
"29/08/2017 14:00:00 - 29/08/2017 15:00:00","BZN|DK1","462.00","n/e"," ","475.55"
"29/08/2017 15:00:00 - 29/08/2017 16:00:00","BZN|DK1","456.21","n/e"," ","480.20"
"29/08/2017 16:00:00 - 29/08/2017 17:00:00","BZN|DK1","494.46","n/e"," ","460.13"
"29/08/2017 17:00:00 - 29/08/2017 18:00:00","BZN|DK1","478.00","n/e"," ","474.51"
"29/08/2017 18:00:00 - 29/08/2017 19:00:00","BZN|DK1","450.25","n/e"," ","465.87"
"29/08/2017 19:00:00 - 29/08/2017 20:00:00","BZN|DK1","401.88","n/e"," ","443.31"
"29/08/2017 20:00:00 - 29/08/2017 21:00:00","BZN|DK1","327.67","n/e"," ","395.78"
"29/08/2017 21:00:00 - 29/08/2017 22:00:00","BZN|DK1","269.79","n/e"," ","352.37"
"29/08/2017 22:00:00 - 29/08/2017 23:00:00","BZN|DK1","237.79","n/e"," ","225.93"
"29/08/2017 23:00:00 - 30/08/2017 00:00:00","BZN|DK1","220.67","n/e"," ","140.40"
"30/08/2017 00:00:00 - 30/08/2017 01:00:00","BZN|DK1","157.14","n/e"," ","161.84"
"30/08/2017 01:00:00 - 30/08/2017 02:00:00","BZN|DK1","153.94","n/e"," ","154.25"
"30/08/2017 02:00:00 - 30/08/2017 03:00:00","BZN|DK1","89.04","n/e"," ","91.65"
"30/08/2017 03:00:00 - 30/08/2017 04:00:00","BZN|DK1","97.75","n/e"," ","102.79"
"30/08/2017 04:00:00 - 30/08/2017 05:00:00","BZN|DK1","98.55","n/e"," ","89.09"
"30/08/2017 05:00:00 - 30/08/2017 06:00:00","BZN|DK1","69.10","n/e"," ","70.65"
"30/08/2017 06:00:00 - 30/08/2017 07:00:00","BZN|DK1","65.97","n/e"," ","67.96"
"30/08/2017 07:00:00 - 30/08/2017 08:00:00","BZN|DK1","46.74","n/e"," ","47.11"
"30/08/2017 08:00:00 - 30/08/2017 09:00:00","BZN|DK1","33.61","n/e"," ","23.09"
"30/08/2017 09:00:00 - 30/08/2017 10:00:00","BZN|DK1","28.04","n/e"," ","22.64"
"30/08/2017 10:00:00 - 30/08/2017 11:00:00","BZN|DK1","18.46","n/e"," ","8.90"
"30/08/2017 11:00:00 - 30/08/2017 12:00:00","BZN|DK1","16.42","n/e"," ","17.43"
"30/08/2017 12:00:00 - 30/08/2017 13:00:00","BZN|DK1","18.00","n/e"," ","24.29"
"30/08/2017 13:00:00 - 30/08/2017 14:00:00","BZN|DK1","23.50","n/e"," ","58.49"
"30/08/2017 14:00:00 - 30/08/2017 15:00:00","BZN|DK1","30.75","n/e"," ","92.31"
"30/08/2017 15:00:00 - 30/08/2017 16:00:00","BZN|DK1","42.04","n/e"," ","140.62"
"30/08/2017 16:00:00 - 30/08/2017 17:00:00","BZN|DK1","55.96","n/e"," ","195.23"
"30/08/2017 17:00:00 - 30/08/2017 18:00:00","BZN|DK1","79.46","n/e"," ","293.19"
"30/08/2017 18:00:00 - 30/08/2017 19:00:00","BZN|DK1","98.46","n/e"," ","314.19"
"30/08/2017 19:00:00 - 30/08/2017 20:00:00","BZN|DK1","115.88","n/e"," ","338.72"
"30/08/2017 20:00:00 - 30/08/2017 21:00:00","BZN|DK1","129.33","n/e"," ","387.14"
"30/08/2017 21:00:00 - 30/08/2017 22:00:00","BZN|DK1","145.83","n/e"," ","403.68"
"30/08/2017 22:00:00 - 30/08/2017 23:00:00","BZN|DK1","171.00","n/e"," ","457.42"
"30/08/2017 23:00:00 - 31/08/2017 00:00:00","BZN|DK1","205.04","n/e"," ","455.23"
"31/08/2017 00:00:00 - 31/08/2017 01:00:00","BZN|DK1","420.44","n/e"," ","440.62"
"31/08/2017 01:00:00 - 31/08/2017 02:00:00","BZN|DK1","436.55","n/e"," ","431.33"
"31/08/2017 02:00:00 - 31/08/2017 03:00:00","BZN|DK1","456.04","n/e"," ","471.90"
"31/08/2017 03:00:00 - 31/08/2017 04:00:00","BZN|DK1","519.17","n/e"," ","536.04"
"31/08/2017 04:00:00 - 31/08/2017 05:00:00","BZN|DK1","552.60","n/e"," ","572.15"
"31/08/2017 05:00:00 - 31/08/2017 06:00:00","BZN|DK1","522.68","n/e"," ","524.02"
"31/08/2017 06:00:00 - 31/08/2017 07:00:00","BZN|DK1","462.83","n/e"," ","473.17"
"31/08/2017 07:00:00 - 31/08/2017 08:00:00","BZN|DK1","468.89","n/e"," ","488.39"
"31/08/2017 08:00:00 - 31/08/2017 09:00:00","BZN|DK1","435.64","n/e"," ","411.77"
"31/08/2017 09:00:00 - 31/08/2017 10:00:00","BZN|DK1","353.04","n/e"," ","350.84"
"31/08/2017 10:00:00 - 31/08/2017 11:00:00","BZN|DK1","305.71","n/e"," ","373.82"
"31/08/2017 11:00:00 - 31/08/2017 12:00:00","BZN|DK1","301.29","n/e"," ","338.50"
"31/08/2017 12:00:00 - 31/08/2017 13:00:00","BZN|DK1","294.96","n/e"," ","292.34"
"31/08/2017 13:00:00 - 31/08/2017 14:00:00","BZN|DK1","288.54","n/e"," ","296.20"
"31/08/2017 14:00:00 - 31/08/2017 15:00:00","BZN|DK1","289.00","n/e"," ","378.75"
"31/08/2017 15:00:00 - 31/08/2017 16:00:00","BZN|DK1","289.58","n/e"," ","279.49"
"31/08/2017 16:00:00 - 31/08/2017 17:00:00","BZN|DK1","298.17","n/e"," ","261.00"
"31/08/2017 17:00:00 - 31/08/2017 18:00:00","BZN|DK1","355.58","n/e"," ","249.65"
"31/08/2017 18:00:00 - 31/08/2017 19:00:00","BZN|DK1","382.42","n/e"," ","361.42"
"31/08/2017 19:00:00 - 31/08/2017 20:00:00","BZN|DK1","390.17","n/e"," ","448.90"
"31/08/2017 20:00:00 - 31/08/2017 21:00:00","BZN|DK1","395.83","n/e"," ","479.64"
"31/08/2017 21:00:00 - 31/08/2017 22:00:00","BZN|DK1","412.13","n/e"," ","354.94"
"31/08/2017 22:00:00 - 31/08/2017 23:00:00","BZN|DK1","415.88","n/e"," ","275.66"
"31/08/2017 23:00:00 - 01/09/2017 00:00:00","BZN|DK1","410.04","n/e"," ","402.04"
"01/09/2017 00:00:00 - 01/09/2017 01:00:00","BZN|DK1","384.60","n/e"," ","412.81"
"01/09/2017 01:00:00 - 01/09/2017 02:00:00","BZN|DK1","387.09","n/e"," ","413.43"
"01/09/2017 02:00:00 - 01/09/2017 03:00:00","BZN|DK1","390.98","n/e"," ","417.27"
"01/09/2017 03:00:00 - 01/09/2017 04:00:00","BZN|DK1","357.06","n/e"," ","363.52"
"01/09/2017 04:00:00 - 01/09/2017 05:00:00","BZN|DK1","265.08","n/e"," ","278.93"
"01/09/2017 05:00:00 - 01/09/2017 06:00:00","BZN|DK1","231.72","n/e"," ","245.41"
"01/09/2017 06:00:00 - 01/09/2017 07:00:00","BZN|DK1","207.36","n/e"," ","212.57"
"01/09/2017 07:00:00 - 01/09/2017 08:00:00","BZN|DK1","156.33","n/e"," ","162.50"
"01/09/2017 08:00:00 - 01/09/2017 09:00:00","BZN|DK1","143.92","n/e"," ","141.49"
"01/09/2017 09:00:00 - 01/09/2017 10:00:00","BZN|DK1","118.04","n/e"," ","116.27"
"01/09/2017 10:00:00 - 01/09/2017 11:00:00","BZN|DK1","95.71","n/e"," ","125.63"
"01/09/2017 11:00:00 - 01/09/2017 12:00:00","BZN|DK1","82.96","n/e"," ","111.38"
"01/09/2017 12:00:00 - 01/09/2017 13:00:00","BZN|DK1","75.04","n/e"," ","102.31"
"01/09/2017 13:00:00 - 01/09/2017 14:00:00","BZN|DK1","66.04","n/e"," ","63.57"
"01/09/2017 14:00:00 - 01/09/2017 15:00:00","BZN|DK1","58.04","n/e"," ","44.36"
"01/09/2017 15:00:00 - 01/09/2017 16:00:00","BZN|DK1","54.33","n/e"," ","83.55"
"01/09/2017 16:00:00 - 01/09/2017 17:00:00","BZN|DK1","55.63","n/e"," ","52.25"
"01/09/2017 17:00:00 - 01/09/2017 18:00:00","BZN|DK1","60.67","n/e"," ","32.15"
"01/09/2017 18:00:00 - 01/09/2017 19:00:00","BZN|DK1","56.88","n/e"," ","32.77"
"01/09/2017 19:00:00 - 01/09/2017 20:00:00","BZN|DK1","53.71","n/e"," ","33.03"
"01/09/2017 20:00:00 - 01/09/2017 21:00:00","BZN|DK1","51.04","n/e"," ","50.91"
"01/09/2017 21:00:00 - 01/09/2017 22:00:00","BZN|DK1","48.29","n/e"," ","86.80"
"01/09/2017 22:00:00 - 01/09/2017 23:00:00","BZN|DK1","44.04","n/e"," ","82.29"
"01/09/2017 23:00:00 - 02/09/2017 00:00:00","BZN|DK1","43.75","n/e"," ","69.78"
"02/09/2017 00:00:00 - 02/09/2017 01:00:00","BZN|DK1","59.03","n/e"," ","64.32"
"02/09/2017 01:00:00 - 02/09/2017 02:00:00","BZN|DK1","60.79","n/e"," ","64.96"
"02/09/2017 02:00:00 - 02/09/2017 03:00:00","BZN|DK1","50.05","n/e"," ","57.31"
"02/09/2017 03:00:00 - 02/09/2017 04:00:00","BZN|DK1","52.61","n/e"," ","58.30"
"02/09/2017 04:00:00 - 02/09/2017 05:00:00","BZN|DK1","66.76","n/e"," ","75.87"
"02/09/2017 05:00:00 - 02/09/2017 06:00:00","BZN|DK1","63.75","n/e"," ","66.16"
"02/09/2017 06:00:00 - 02/09/2017 07:00:00","BZN|DK1","49.46","n/e"," ","60.69"
"02/09/2017 07:00:00 - 02/09/2017 08:00:00","BZN|DK1","67.08","n/e"," ","71.72"
"02/09/2017 08:00:00 - 02/09/2017 09:00:00","BZN|DK1","51.19","n/e"," ","69.36"
"02/09/2017 09:00:00 - 02/09/2017 10:00:00","BZN|DK1","53.75","n/e"," ","47.33"
"02/09/2017 10:00:00 - 02/09/2017 11:00:00","BZN|DK1","48.13","n/e"," ","35.97"
"02/09/2017 11:00:00 - 02/09/2017 12:00:00","BZN|DK1","49.42","n/e"," ","35.46"
"02/09/2017 12:00:00 - 02/09/2017 13:00:00","BZN|DK1","60.63","n/e"," ","18.90"
"02/09/2017 13:00:00 - 02/09/2017 14:00:00","BZN|DK1","74.88","n/e"," ","38.06"
"02/09/2017 14:00:00 - 02/09/2017 15:00:00","BZN|DK1","91.83","n/e"," ","75.76"
"02/09/2017 15:00:00 - 02/09/2017 16:00:00","BZN|DK1","107.63","n/e"," ","98.63"
"02/09/2017 16:00:00 - 02/09/2017 17:00:00","BZN|DK1","119.54","n/e"," ","94.80"
"02/09/2017 17:00:00 - 02/09/2017 18:00:00","BZN|DK1","119.08","n/e"," ","125.01"
"02/09/2017 18:00:00 - 02/09/2017 19:00:00","BZN|DK1","105.42","n/e"," ","111.36"
"02/09/2017 19:00:00 - 02/09/2017 20:00:00","BZN|DK1","81.54","n/e"," ","104.99"
"02/09/2017 20:00:00 - 02/09/2017 21:00:00","BZN|DK1","57.71","n/e"," ","77.83"
"02/09/2017 21:00:00 - 02/09/2017 22:00:00","BZN|DK1","42.88","n/e"," ","47.33"
"02/09/2017 22:00:00 - 02/09/2017 23:00:00","BZN|DK1","32.79","n/e"," ","31.43"
"02/09/2017 23:00:00 - 03/09/2017 00:00:00","BZN|DK1","25.54","n/e"," ","20.69"
"03/09/2017 00:00:00 - 03/09/2017 01:00:00","BZN|DK1","10.20","n/e"," ","10.52"
"03/09/2017 01:00:00 - 03/09/2017 02:00:00","BZN|DK1","5.11","n/e"," ","5.21"
"03/09/2017 02:00:00 - 03/09/2017 03:00:00","BZN|DK1","3.59","n/e"," ","4.71"
"03/09/2017 03:00:00 - 03/09/2017 04:00:00","BZN|DK1","2.45","n/e"," ","6.59"
"03/09/2017 04:00:00 - 03/09/2017 05:00:00","BZN|DK1","10.45","n/e"," ","11.84"
"03/09/2017 05:00:00 - 03/09/2017 06:00:00","BZN|DK1","20.50","n/e"," ","22.82"
"03/09/2017 06:00:00 - 03/09/2017 07:00:00","BZN|DK1","5.39","n/e"," ","1.99"
"03/09/2017 07:00:00 - 03/09/2017 08:00:00","BZN|DK1","6.33","n/e"," ","6.26"
"03/09/2017 08:00:00 - 03/09/2017 09:00:00","BZN|DK1","12.14","n/e"," ","10.05"
"03/09/2017 09:00:00 - 03/09/2017 10:00:00","BZN|DK1","13.79","n/e"," ","10.49"
"03/09/2017 10:00:00 - 03/09/2017 11:00:00","BZN|DK1","7.96","n/e"," ","13.86"
"03/09/2017 11:00:00 - 03/09/2017 12:00:00","BZN|DK1","9.79","n/e"," ","9.63"
"03/09/2017 12:00:00 - 03/09/2017 13:00:00","BZN|DK1","11.83","n/e"," ","4.41"
"03/09/2017 13:00:00 - 03/09/2017 14:00:00","BZN|DK1","11.04","n/e"," ","4.59"
"03/09/2017 14:00:00 - 03/09/2017 15:00:00","BZN|DK1","6.79","n/e"," ","5.68"
"03/09/2017 15:00:00 - 03/09/2017 16:00:00","BZN|DK1","8.33","n/e"," ","16.64"
"03/09/2017 16:00:00 - 03/09/2017 17:00:00","BZN|DK1","12.67","n/e"," ","18.46"
"03/09/2017 17:00:00 - 03/09/2017 18:00:00","BZN|DK1","18.25","n/e"," ","20.75"
"03/09/2017 18:00:00 - 03/09/2017 19:00:00","BZN|DK1","28.13","n/e"," ","35.64"
"03/09/2017 19:00:00 - 03/09/2017 20:00:00","BZN|DK1","38.83","n/e"," ","38.38"
"03/09/2017 20:00:00 - 03/09/2017 21:00:00","BZN|DK1","48.46","n/e"," ","56.82"
"03/09/2017 21:00:00 - 03/09/2017 22:00:00","BZN|DK1","60.83","n/e"," ","87.49"
"03/09/2017 22:00:00 - 03/09/2017 23:00:00","BZN|DK1","68.38","n/e"," ","124.74"
"03/09/2017 23:00:00 - 04/09/2017 00:00:00","BZN|DK1","65.96","n/e"," ","80.17"
"04/09/2017 00:00:00 - 04/09/2017 01:00:00","BZN|DK1","56.85","n/e"," ","64.35"
"04/09/2017 01:00:00 - 04/09/2017 02:00:00","BZN|DK1","79.33","n/e"," ","84.65"
"04/09/2017 02:00:00 - 04/09/2017 03:00:00","BZN|DK1","75.65","n/e"," ","76.56"
"04/09/2017 03:00:00 - 04/09/2017 04:00:00","BZN|DK1","112.30","n/e"," ","126.72"
"04/09/2017 04:00:00 - 04/09/2017 05:00:00","BZN|DK1","148.93","n/e"," ","151.65"
"04/09/2017 05:00:00 - 04/09/2017 06:00:00","BZN|DK1","182.54","n/e"," ","201.28"
"04/09/2017 06:00:00 - 04/09/2017 07:00:00","BZN|DK1","220.04","n/e"," ","227.70"
"04/09/2017 07:00:00 - 04/09/2017 08:00:00","BZN|DK1","237.61","n/e"," ","252.36"
"04/09/2017 08:00:00 - 04/09/2017 09:00:00","BZN|DK1","216.62","n/e"," ","207.80"
"04/09/2017 09:00:00 - 04/09/2017 10:00:00","BZN|DK1","191.21","n/e"," ","173.82"
"04/09/2017 10:00:00 - 04/09/2017 11:00:00","BZN|DK1","160.79","n/e"," ","172.06"
"04/09/2017 11:00:00 - 04/09/2017 12:00:00","BZN|DK1","140.33","n/e"," ","132.77"
"04/09/2017 12:00:00 - 04/09/2017 13:00:00","BZN|DK1","118.17","n/e"," ","109.09"
"04/09/2017 13:00:00 - 04/09/2017 14:00:00","BZN|DK1","108.79","n/e"," ","81.93"
"04/09/2017 14:00:00 - 04/09/2017 15:00:00","BZN|DK1","102.50","n/e"," ","119.93"
"04/09/2017 15:00:00 - 04/09/2017 16:00:00","BZN|DK1","97.25","n/e"," ","129.37"
"04/09/2017 16:00:00 - 04/09/2017 17:00:00","BZN|DK1","106.04","n/e"," ","136.21"
"04/09/2017 17:00:00 - 04/09/2017 18:00:00","BZN|DK1","102.17","n/e"," ","114.21"
"04/09/2017 18:00:00 - 04/09/2017 19:00:00","BZN|DK1","101.00","n/e"," ","130.52"
"04/09/2017 19:00:00 - 04/09/2017 20:00:00","BZN|DK1","94.46","n/e"," ","132.03"
"04/09/2017 20:00:00 - 04/09/2017 21:00:00","BZN|DK1","79.25","n/e"," ","122.71"
"04/09/2017 21:00:00 - 04/09/2017 22:00:00","BZN|DK1","71.17","n/e"," ","73.34"
"04/09/2017 22:00:00 - 04/09/2017 23:00:00","BZN|DK1","61.96","n/e"," ","66.46"
"04/09/2017 23:00:00 - 05/09/2017 00:00:00","BZN|DK1","51.21","n/e"," ","60.57"
"05/09/2017 00:00:00 - 05/09/2017 01:00:00","BZN|DK1","44.04","n/e"," ","47.09"
"05/09/2017 01:00:00 - 05/09/2017 02:00:00","BZN|DK1","43.99","n/e"," ","46.78"
"05/09/2017 02:00:00 - 05/09/2017 03:00:00","BZN|DK1","66.18","n/e"," ","71.35"
"05/09/2017 03:00:00 - 05/09/2017 04:00:00","BZN|DK1","80.38","n/e"," ","80.89"
"05/09/2017 04:00:00 - 05/09/2017 05:00:00","BZN|DK1","104.53","n/e"," ","110.41"
"05/09/2017 05:00:00 - 05/09/2017 06:00:00","BZN|DK1","120.13","n/e"," ","123.24"
"05/09/2017 06:00:00 - 05/09/2017 07:00:00","BZN|DK1","150.49","n/e"," ","156.94"
"05/09/2017 07:00:00 - 05/09/2017 08:00:00","BZN|DK1","168.62","n/e"," ","173.75"
"05/09/2017 08:00:00 - 05/09/2017 09:00:00","BZN|DK1","184.23","n/e"," ","191.75"
"05/09/2017 09:00:00 - 05/09/2017 10:00:00","BZN|DK1","174.96","n/e"," ","178.28"
"05/09/2017 10:00:00 - 05/09/2017 11:00:00","BZN|DK1","163.71","n/e"," ","162.20"
"05/09/2017 11:00:00 - 05/09/2017 12:00:00","BZN|DK1","168.46","n/e"," ","169.23"
"05/09/2017 12:00:00 - 05/09/2017 13:00:00","BZN|DK1","173.58","n/e"," ","187.51"
"05/09/2017 13:00:00 - 05/09/2017 14:00:00","BZN|DK1","176.21","n/e"," ","191.30"
"05/09/2017 14:00:00 - 05/09/2017 15:00:00","BZN|DK1","174.42","n/e"," ","201.11"
"05/09/2017 15:00:00 - 05/09/2017 16:00:00","BZN|DK1","176.63","n/e"," ","244.48"
"05/09/2017 16:00:00 - 05/09/2017 17:00:00","BZN|DK1","183.46","n/e"," ","262.22"
"05/09/2017 17:00:00 - 05/09/2017 18:00:00","BZN|DK1","206.75","n/e"," ","261.45"
"05/09/2017 18:00:00 - 05/09/2017 19:00:00","BZN|DK1","219.63","n/e"," ","293.72"
"05/09/2017 19:00:00 - 05/09/2017 20:00:00","BZN|DK1","226.79","n/e"," ","317.30"
"05/09/2017 20:00:00 - 05/09/2017 21:00:00","BZN|DK1","217.63","n/e"," ","361.69"
"05/09/2017 21:00:00 - 05/09/2017 22:00:00","BZN|DK1","214.83","n/e"," ","398.14"
"05/09/2017 22:00:00 - 05/09/2017 23:00:00","BZN|DK1","223.75","n/e"," ","340.84"
"05/09/2017 23:00:00 - 06/09/2017 00:00:00","BZN|DK1","239.96","n/e"," ","306.31"
"06/09/2017 00:00:00 - 06/09/2017 01:00:00","BZN|DK1","249.58","n/e"," ","278.10"
"06/09/2017 01:00:00 - 06/09/2017 02:00:00","BZN|DK1","278.53","n/e"," ","305.10"
"06/09/2017 02:00:00 - 06/09/2017 03:00:00","BZN|DK1","262.15","n/e"," ","270.72"
"06/09/2017 03:00:00 - 06/09/2017 04:00:00","BZN|DK1","215.51","n/e"," ","231.27"
"06/09/2017 04:00:00 - 06/09/2017 05:00:00","BZN|DK1","229.83","n/e"," ","244.80"
"06/09/2017 05:00:00 - 06/09/2017 06:00:00","BZN|DK1","249.88","n/e"," ","259.76"
"06/09/2017 06:00:00 - 06/09/2017 07:00:00","BZN|DK1","207.40","n/e"," ","218.22"
"06/09/2017 07:00:00 - 06/09/2017 08:00:00","BZN|DK1","232.82","n/e"," ","242.70"
"06/09/2017 08:00:00 - 06/09/2017 09:00:00","BZN|DK1","247.88","n/e"," ","222.52"
"06/09/2017 09:00:00 - 06/09/2017 10:00:00","BZN|DK1","316.04","n/e"," ","208.38"
"06/09/2017 10:00:00 - 06/09/2017 11:00:00","BZN|DK1","411.71","n/e"," ","303.35"
"06/09/2017 11:00:00 - 06/09/2017 12:00:00","BZN|DK1","483.75","n/e"," ","555.80"
"06/09/2017 12:00:00 - 06/09/2017 13:00:00","BZN|DK1","561.33","n/e"," ","589.49"
"06/09/2017 13:00:00 - 06/09/2017 14:00:00","BZN|DK1","600.79","n/e"," ","635.01"
"06/09/2017 14:00:00 - 06/09/2017 15:00:00","BZN|DK1","585.42","n/e"," ","649.72"
"06/09/2017 15:00:00 - 06/09/2017 16:00:00","BZN|DK1","541.96","n/e"," ","518.74"
"06/09/2017 16:00:00 - 06/09/2017 17:00:00","BZN|DK1","504.38","n/e"," ","384.11"
"06/09/2017 17:00:00 - 06/09/2017 18:00:00","BZN|DK1","504.54","n/e"," ","452.01"
"06/09/2017 18:00:00 - 06/09/2017 19:00:00","BZN|DK1","503.96","n/e"," ","639.18"
"06/09/2017 19:00:00 - 06/09/2017 20:00:00","BZN|DK1","515.50","n/e"," ","538.32"
"06/09/2017 20:00:00 - 06/09/2017 21:00:00","BZN|DK1","558.96","n/e"," ","649.32"
"06/09/2017 21:00:00 - 06/09/2017 22:00:00","BZN|DK1","622.75","n/e"," ","709.40"
"06/09/2017 22:00:00 - 06/09/2017 23:00:00","BZN|DK1","651.88","n/e"," ","705.65"
"06/09/2017 23:00:00 - 07/09/2017 00:00:00","BZN|DK1","662.29","n/e"," ","767.48"
"07/09/2017 00:00:00 - 07/09/2017 01:00:00","BZN|DK1","719.64","n/e"," ","775.49"
"07/09/2017 01:00:00 - 07/09/2017 02:00:00","BZN|DK1","695.36","n/e"," ","679.19"
"07/09/2017 02:00:00 - 07/09/2017 03:00:00","BZN|DK1","704.92","n/e"," ","766.49"
"07/09/2017 03:00:00 - 07/09/2017 04:00:00","BZN|DK1","662.32","n/e"," ","726.00"
"07/09/2017 04:00:00 - 07/09/2017 05:00:00","BZN|DK1","666.92","n/e"," ","738.86"
"07/09/2017 05:00:00 - 07/09/2017 06:00:00","BZN|DK1","610.93","n/e"," ","669.05"
"07/09/2017 06:00:00 - 07/09/2017 07:00:00","BZN|DK1","564.43","n/e"," ","626.65"
"07/09/2017 07:00:00 - 07/09/2017 08:00:00","BZN|DK1","585.62","n/e"," ","648.89"
"07/09/2017 08:00:00 - 07/09/2017 09:00:00","BZN|DK1","516.20","n/e"," ","618.89"
"07/09/2017 09:00:00 - 07/09/2017 10:00:00","BZN|DK1","464.25","n/e"," ","503.20"
"07/09/2017 10:00:00 - 07/09/2017 11:00:00","BZN|DK1","404.17","n/e"," ","382.88"
"07/09/2017 11:00:00 - 07/09/2017 12:00:00","BZN|DK1","334.08","n/e"," ","299.11"
"07/09/2017 12:00:00 - 07/09/2017 13:00:00","BZN|DK1","276.88","n/e"," ","241.65"
"07/09/2017 13:00:00 - 07/09/2017 14:00:00","BZN|DK1","230.67","n/e"," ","195.73"
"07/09/2017 14:00:00 - 07/09/2017 15:00:00","BZN|DK1","192.88","n/e"," ","173.98"
"07/09/2017 15:00:00 - 07/09/2017 16:00:00","BZN|DK1","167.46","n/e"," ","136.07"
"07/09/2017 16:00:00 - 07/09/2017 17:00:00","BZN|DK1","143.50","n/e"," ","124.85"
"07/09/2017 17:00:00 - 07/09/2017 18:00:00","BZN|DK1","130.21","n/e"," ","101.90"
"07/09/2017 18:00:00 - 07/09/2017 19:00:00","BZN|DK1","119.42","n/e"," ","102.90"
"07/09/2017 19:00:00 - 07/09/2017 20:00:00","BZN|DK1","110.67","n/e"," ","141.13"
"07/09/2017 20:00:00 - 07/09/2017 21:00:00","BZN|DK1","112.38","n/e"," ","177.82"
"07/09/2017 21:00:00 - 07/09/2017 22:00:00","BZN|DK1","120.83","n/e"," ","133.44"
"07/09/2017 22:00:00 - 07/09/2017 23:00:00","BZN|DK1","134.75","n/e"," ","111.71"
"07/09/2017 23:00:00 - 08/09/2017 00:00:00","BZN|DK1","157.00","n/e"," ","125.13"
"08/09/2017 00:00:00 - 08/09/2017 01:00:00","BZN|DK1","196.89","n/e"," ","175.95"
"08/09/2017 01:00:00 - 08/09/2017 02:00:00","BZN|DK1","156.61","n/e"," ","137.05"
"08/09/2017 02:00:00 - 08/09/2017 03:00:00","BZN|DK1","158.54","n/e"," ","173.22"
"08/09/2017 03:00:00 - 08/09/2017 04:00:00","BZN|DK1","190.80","n/e"," ","210.32"
"08/09/2017 04:00:00 - 08/09/2017 05:00:00","BZN|DK1","294.26","n/e"," ","349.49"
"08/09/2017 05:00:00 - 08/09/2017 06:00:00","BZN|DK1","419.28","n/e"," ","446.20"
"08/09/2017 06:00:00 - 08/09/2017 07:00:00","BZN|DK1","434.96","n/e"," ","456.41"
"08/09/2017 07:00:00 - 08/09/2017 08:00:00","BZN|DK1","455.05","n/e"," ","483.90"
"08/09/2017 08:00:00 - 08/09/2017 09:00:00","BZN|DK1","448.05","n/e"," ","480.28"
"08/09/2017 09:00:00 - 08/09/2017 10:00:00","BZN|DK1","495.00","n/e"," ","591.05"
"08/09/2017 10:00:00 - 08/09/2017 11:00:00","BZN|DK1","550.71","n/e"," ","597.02"
"08/09/2017 11:00:00 - 08/09/2017 12:00:00","BZN|DK1","552.42","n/e"," ","528.59"
"08/09/2017 12:00:00 - 08/09/2017 13:00:00","BZN|DK1","546.58","n/e"," ","567.58"
"08/09/2017 13:00:00 - 08/09/2017 14:00:00","BZN|DK1","565.63","n/e"," ","604.72"
"08/09/2017 14:00:00 - 08/09/2017 15:00:00","BZN|DK1","569.54","n/e"," ","641.44"
"08/09/2017 15:00:00 - 08/09/2017 16:00:00","BZN|DK1","578.25","n/e"," ","688.78"
"08/09/2017 16:00:00 - 08/09/2017 17:00:00","BZN|DK1","579.96","n/e"," ","714.53"
"08/09/2017 17:00:00 - 08/09/2017 18:00:00","BZN|DK1","555.38","n/e"," ","670.61"
"08/09/2017 18:00:00 - 08/09/2017 19:00:00","BZN|DK1","506.50","n/e"," ","602.25"
"08/09/2017 19:00:00 - 08/09/2017 20:00:00","BZN|DK1","441.67","n/e"," ","518.03"
"08/09/2017 20:00:00 - 08/09/2017 21:00:00","BZN|DK1","399.25","n/e"," ","418.52"
"08/09/2017 21:00:00 - 08/09/2017 22:00:00","BZN|DK1","375.25","n/e"," ","259.21"
"08/09/2017 22:00:00 - 08/09/2017 23:00:00","BZN|DK1","333.79","n/e"," ","192.15"
"08/09/2017 23:00:00 - 09/09/2017 00:00:00","BZN|DK1","275.13","n/e"," ","202.96"
"09/09/2017 00:00:00 - 09/09/2017 01:00:00","BZN|DK1","156.32","n/e"," ","167.39"
"09/09/2017 01:00:00 - 09/09/2017 02:00:00","BZN|DK1","113.83","n/e"," ","117.03"
"09/09/2017 02:00:00 - 09/09/2017 03:00:00","BZN|DK1","75.40","n/e"," ","81.21"
"09/09/2017 03:00:00 - 09/09/2017 04:00:00","BZN|DK1","49.52","n/e"," ","54.39"
"09/09/2017 04:00:00 - 09/09/2017 05:00:00","BZN|DK1","23.69","n/e"," ","33.27"
"09/09/2017 05:00:00 - 09/09/2017 06:00:00","BZN|DK1","16.90","n/e"," ","29.83"
"09/09/2017 06:00:00 - 09/09/2017 07:00:00","BZN|DK1","16.69","n/e"," ","15.55"
"09/09/2017 07:00:00 - 09/09/2017 08:00:00","BZN|DK1","2.64","n/e"," ","6.57"
"09/09/2017 08:00:00 - 09/09/2017 09:00:00","BZN|DK1","1.23","n/e"," ","5.70"
"09/09/2017 09:00:00 - 09/09/2017 10:00:00","BZN|DK1","2.67","n/e"," ","1.22"
"09/09/2017 10:00:00 - 09/09/2017 11:00:00","BZN|DK1","2.00","n/e"," ","1.91"
"09/09/2017 11:00:00 - 09/09/2017 12:00:00","BZN|DK1","1.25","n/e"," ","1.57"
"09/09/2017 12:00:00 - 09/09/2017 13:00:00","BZN|DK1","2.75","n/e"," ","0.71"
"09/09/2017 13:00:00 - 09/09/2017 14:00:00","BZN|DK1","6.79","n/e"," ","24.53"
"09/09/2017 14:00:00 - 09/09/2017 15:00:00","BZN|DK1","10.46","n/e"," ","0.74"
"09/09/2017 15:00:00 - 09/09/2017 16:00:00","BZN|DK1","13.79","n/e"," ","6.16"
"09/09/2017 16:00:00 - 09/09/2017 17:00:00","BZN|DK1","15.00","n/e"," ","10.38"
"09/09/2017 17:00:00 - 09/09/2017 18:00:00","BZN|DK1","14.54","n/e"," ","22.38"
"09/09/2017 18:00:00 - 09/09/2017 19:00:00","BZN|DK1","15.38","n/e"," ","34.17"
"09/09/2017 19:00:00 - 09/09/2017 20:00:00","BZN|DK1","19.92","n/e"," ","38.12"
"09/09/2017 20:00:00 - 09/09/2017 21:00:00","BZN|DK1","28.96","n/e"," ","57.93"
"09/09/2017 21:00:00 - 09/09/2017 22:00:00","BZN|DK1","42.54","n/e"," ","85.09"
"09/09/2017 22:00:00 - 09/09/2017 23:00:00","BZN|DK1","57.08","n/e"," ","135.61"
"09/09/2017 23:00:00 - 10/09/2017 00:00:00","BZN|DK1","65.54","n/e"," ","163.38"
"10/09/2017 00:00:00 - 10/09/2017 01:00:00","BZN|DK1","141.69","n/e"," ","143.32"
"10/09/2017 01:00:00 - 10/09/2017 02:00:00","BZN|DK1","140.01","n/e"," ","159.33"
"10/09/2017 02:00:00 - 10/09/2017 03:00:00","BZN|DK1","161.86","n/e"," ","171.53"
"10/09/2017 03:00:00 - 10/09/2017 04:00:00","BZN|DK1","173.55","n/e"," ","183.29"
"10/09/2017 04:00:00 - 10/09/2017 05:00:00","BZN|DK1","217.38","n/e"," ","238.74"
"10/09/2017 05:00:00 - 10/09/2017 06:00:00","BZN|DK1","251.13","n/e"," ","262.52"
"10/09/2017 06:00:00 - 10/09/2017 07:00:00","BZN|DK1","276.32","n/e"," ","293.18"
"10/09/2017 07:00:00 - 10/09/2017 08:00:00","BZN|DK1","322.02","n/e"," ","354.06"
"10/09/2017 08:00:00 - 10/09/2017 09:00:00","BZN|DK1","363.80","n/e"," ","416.39"
"10/09/2017 09:00:00 - 10/09/2017 10:00:00","BZN|DK1","354.75","n/e"," ","423.75"
"10/09/2017 10:00:00 - 10/09/2017 11:00:00","BZN|DK1","382.29","n/e"," ","496.29"
"10/09/2017 11:00:00 - 10/09/2017 12:00:00","BZN|DK1","436.38","n/e"," ","569.06"
"10/09/2017 12:00:00 - 10/09/2017 13:00:00","BZN|DK1","483.29","n/e"," ","579.98"
"10/09/2017 13:00:00 - 10/09/2017 14:00:00","BZN|DK1","519.71","n/e"," ","621.08"
"10/09/2017 14:00:00 - 10/09/2017 15:00:00","BZN|DK1","550.33","n/e"," ","625.03"
"10/09/2017 15:00:00 - 10/09/2017 16:00:00","BZN|DK1","575.67","n/e"," ","627.34"
"10/09/2017 16:00:00 - 10/09/2017 17:00:00","BZN|DK1","596.50","n/e"," ","640.27"
"10/09/2017 17:00:00 - 10/09/2017 18:00:00","BZN|DK1","651.33","n/e"," ","740.79"
"10/09/2017 18:00:00 - 10/09/2017 19:00:00","BZN|DK1","701.96","n/e"," ","676.91"
"10/09/2017 19:00:00 - 10/09/2017 20:00:00","BZN|DK1","715.08","n/e"," ","613.37"
"10/09/2017 20:00:00 - 10/09/2017 21:00:00","BZN|DK1","727.50","n/e"," ","765.73"
"10/09/2017 21:00:00 - 10/09/2017 22:00:00","BZN|DK1","736.88","n/e"," ","735.71"
"10/09/2017 22:00:00 - 10/09/2017 23:00:00","BZN|DK1","741.79","n/e"," ","670.59"
"10/09/2017 23:00:00 - 11/09/2017 00:00:00","BZN|DK1","742.71","n/e"," ","788.90"
"11/09/2017 00:00:00 - 11/09/2017 01:00:00","BZN|DK1","723.33","n/e"," ","666.12"
"11/09/2017 01:00:00 - 11/09/2017 02:00:00","BZN|DK1","375.17","n/e"," ","411.88"
"11/09/2017 02:00:00 - 11/09/2017 03:00:00","BZN|DK1","358.54","n/e"," ","410.86"
"11/09/2017 03:00:00 - 11/09/2017 04:00:00","BZN|DK1","354.99","n/e"," ","408.80"
"11/09/2017 04:00:00 - 11/09/2017 05:00:00","BZN|DK1","350.89","n/e"," ","394.45"
"11/09/2017 05:00:00 - 11/09/2017 06:00:00","BZN|DK1","596.55","n/e"," ","679.99"
"11/09/2017 06:00:00 - 11/09/2017 07:00:00","BZN|DK1","629.89","n/e"," ","673.28"
"11/09/2017 07:00:00 - 11/09/2017 08:00:00","BZN|DK1","598.23","n/e"," ","637.43"
"11/09/2017 08:00:00 - 11/09/2017 09:00:00","BZN|DK1","712.77","n/e"," ","681.55"
"11/09/2017 09:00:00 - 11/09/2017 10:00:00","BZN|DK1","721.71","n/e"," ","690.18"
"11/09/2017 10:00:00 - 11/09/2017 11:00:00","BZN|DK1","723.71","n/e"," ","726.33"
"11/09/2017 11:00:00 - 11/09/2017 12:00:00","BZN|DK1","726.38","n/e"," ","662.14"
"11/09/2017 12:00:00 - 11/09/2017 13:00:00","BZN|DK1","733.75","n/e"," ","776.86"
"11/09/2017 13:00:00 - 11/09/2017 14:00:00","BZN|DK1","739.13","n/e"," ","786.74"
"11/09/2017 14:00:00 - 11/09/2017 15:00:00","BZN|DK1","742.58","n/e"," ","779.17"
"11/09/2017 15:00:00 - 11/09/2017 16:00:00","BZN|DK1","742.96","n/e"," ","752.05"
"11/09/2017 16:00:00 - 11/09/2017 17:00:00","BZN|DK1","742.67","n/e"," ","656.92"
"11/09/2017 17:00:00 - 11/09/2017 18:00:00","BZN|DK1","742.38","n/e"," ","591.21"
"11/09/2017 18:00:00 - 11/09/2017 19:00:00","BZN|DK1","743.96","n/e"," ","637.99"
"11/09/2017 19:00:00 - 11/09/2017 20:00:00","BZN|DK1","744.54","n/e"," ","765.78"
"11/09/2017 20:00:00 - 11/09/2017 21:00:00","BZN|DK1","743.04","n/e"," ","769.53"
"11/09/2017 21:00:00 - 11/09/2017 22:00:00","BZN|DK1","739.46","n/e"," ","780.54"
"11/09/2017 22:00:00 - 11/09/2017 23:00:00","BZN|DK1","733.71","n/e"," ","768.30"
"11/09/2017 23:00:00 - 12/09/2017 00:00:00","BZN|DK1","726.79","n/e"," ","769.83"
"12/09/2017 00:00:00 - 12/09/2017 01:00:00","BZN|DK1","717.46","n/e"," ","782.33"
"12/09/2017 01:00:00 - 12/09/2017 02:00:00","BZN|DK1","718.76","n/e"," ","778.77"
"12/09/2017 02:00:00 - 12/09/2017 03:00:00","BZN|DK1","718.91","n/e"," ","794.64"
"12/09/2017 03:00:00 - 12/09/2017 04:00:00","BZN|DK1","707.86","n/e"," ","774.88"
"12/09/2017 04:00:00 - 12/09/2017 05:00:00","BZN|DK1","692.55","n/e"," ","771.13"
"12/09/2017 05:00:00 - 12/09/2017 06:00:00","BZN|DK1","681.47","n/e"," ","738.23"
"12/09/2017 06:00:00 - 12/09/2017 07:00:00","BZN|DK1","660.52","n/e"," ","745.90"
"12/09/2017 07:00:00 - 12/09/2017 08:00:00","BZN|DK1","665.65","n/e"," ","714.38"
"12/09/2017 08:00:00 - 12/09/2017 09:00:00","BZN|DK1","612.66","n/e"," ","686.10"
"12/09/2017 09:00:00 - 12/09/2017 10:00:00","BZN|DK1","548.21","n/e"," ","729.96"
"12/09/2017 10:00:00 - 12/09/2017 11:00:00","BZN|DK1","538.04","n/e"," ","685.66"
"12/09/2017 11:00:00 - 12/09/2017 12:00:00","BZN|DK1","563.33","n/e"," ","701.02"
"12/09/2017 12:00:00 - 12/09/2017 13:00:00","BZN|DK1","611.13","n/e"," ","735.56"
"12/09/2017 13:00:00 - 12/09/2017 14:00:00","BZN|DK1","646.38","n/e"," ","724.92"
"12/09/2017 14:00:00 - 12/09/2017 15:00:00","BZN|DK1","664.75","n/e"," ","692.37"
"12/09/2017 15:00:00 - 12/09/2017 16:00:00","BZN|DK1","676.71","n/e"," ","739.77"
"12/09/2017 16:00:00 - 12/09/2017 17:00:00","BZN|DK1","682.25","n/e"," ","667.73"
"12/09/2017 17:00:00 - 12/09/2017 18:00:00","BZN|DK1","677.21","n/e"," ","752.79"
"12/09/2017 18:00:00 - 12/09/2017 19:00:00","BZN|DK1","666.21","n/e"," ","726.95"
"12/09/2017 19:00:00 - 12/09/2017 20:00:00","BZN|DK1","650.33","n/e"," ","697.42"
"12/09/2017 20:00:00 - 12/09/2017 21:00:00","BZN|DK1","634.29","n/e"," ","706.71"
"12/09/2017 21:00:00 - 12/09/2017 22:00:00","BZN|DK1","611.00","n/e"," ","674.91"
"12/09/2017 22:00:00 - 12/09/2017 23:00:00","BZN|DK1","582.67","n/e"," ","663.48"
"12/09/2017 23:00:00 - 13/09/2017 00:00:00","BZN|DK1","554.42","n/e"," ","555.69"
"13/09/2017 00:00:00 - 13/09/2017 01:00:00","BZN|DK1","502.69","n/e"," ","563.97"
"13/09/2017 01:00:00 - 13/09/2017 02:00:00","BZN|DK1","469.96","n/e"," ","494.65"
"13/09/2017 02:00:00 - 13/09/2017 03:00:00","BZN|DK1","434.82","n/e"," ","459.41"
"13/09/2017 03:00:00 - 13/09/2017 04:00:00","BZN|DK1","534.98","n/e"," ","612.98"
"13/09/2017 04:00:00 - 13/09/2017 05:00:00","BZN|DK1","530.97","n/e"," ","525.98"
"13/09/2017 05:00:00 - 13/09/2017 06:00:00","BZN|DK1","501.57","n/e"," ","554.34"
"13/09/2017 06:00:00 - 13/09/2017 07:00:00","BZN|DK1","622.01","n/e"," ","673.43"
"13/09/2017 07:00:00 - 13/09/2017 08:00:00","BZN|DK1","617.94","n/e"," ","644.67"
"13/09/2017 08:00:00 - 13/09/2017 09:00:00","BZN|DK1","578.65","n/e"," ","756.24"
"13/09/2017 09:00:00 - 13/09/2017 10:00:00","BZN|DK1","638.63","n/e"," ","760.36"
"13/09/2017 10:00:00 - 13/09/2017 11:00:00","BZN|DK1","699.08","n/e"," ","793.27"
"13/09/2017 11:00:00 - 13/09/2017 12:00:00","BZN|DK1","661.25","n/e"," ","727.18"
"13/09/2017 12:00:00 - 13/09/2017 13:00:00","BZN|DK1","585.63","n/e"," ","581.04"
"13/09/2017 13:00:00 - 13/09/2017 14:00:00","BZN|DK1","533.13","n/e"," ","610.33"
"13/09/2017 14:00:00 - 13/09/2017 15:00:00","BZN|DK1","578.00","n/e"," ","652.25"
"13/09/2017 15:00:00 - 13/09/2017 16:00:00","BZN|DK1","640.54","n/e"," ","706.97"
"13/09/2017 16:00:00 - 13/09/2017 17:00:00","BZN|DK1","604.21","n/e"," ","717.85"
"13/09/2017 17:00:00 - 13/09/2017 18:00:00","BZN|DK1","482.58","n/e"," ","520.64"
"13/09/2017 18:00:00 - 13/09/2017 19:00:00","BZN|DK1","387.92","n/e"," ","395.80"
"13/09/2017 19:00:00 - 13/09/2017 20:00:00","BZN|DK1","348.50","n/e"," ","272.26"
"13/09/2017 20:00:00 - 13/09/2017 21:00:00","BZN|DK1","342.71","n/e"," ","306.07"
"13/09/2017 21:00:00 - 13/09/2017 22:00:00","BZN|DK1","340.33","n/e"," ","393.34"
"13/09/2017 22:00:00 - 13/09/2017 23:00:00","BZN|DK1","330.29","n/e"," ","417.95"
"13/09/2017 23:00:00 - 14/09/2017 00:00:00","BZN|DK1","319.29","n/e"," ","416.34"
"14/09/2017 00:00:00 - 14/09/2017 01:00:00","BZN|DK1","519.21","n/e"," ","554.33"
"14/09/2017 01:00:00 - 14/09/2017 02:00:00","BZN|DK1","434.25","n/e"," ","432.73"
"14/09/2017 02:00:00 - 14/09/2017 03:00:00","BZN|DK1","212.34","n/e"," ","221.73"
"14/09/2017 03:00:00 - 14/09/2017 04:00:00","BZN|DK1","216.58","n/e"," ","247.29"
"14/09/2017 04:00:00 - 14/09/2017 05:00:00","BZN|DK1","237.92","n/e"," ","290.34"
"14/09/2017 05:00:00 - 14/09/2017 06:00:00","BZN|DK1","270.96","n/e"," ","272.03"
"14/09/2017 06:00:00 - 14/09/2017 07:00:00","BZN|DK1","174.65","n/e"," ","191.33"
"14/09/2017 07:00:00 - 14/09/2017 08:00:00","BZN|DK1","170.01","n/e"," ","174.76"
"14/09/2017 08:00:00 - 14/09/2017 09:00:00","BZN|DK1","121.73","n/e"," ","111.77"
"14/09/2017 09:00:00 - 14/09/2017 10:00:00","BZN|DK1","112.42","n/e"," ","69.57"
"14/09/2017 10:00:00 - 14/09/2017 11:00:00","BZN|DK1","87.46","n/e"," ","50.33"
"14/09/2017 11:00:00 - 14/09/2017 12:00:00","BZN|DK1","91.08","n/e"," ","35.17"
"14/09/2017 12:00:00 - 14/09/2017 13:00:00","BZN|DK1","111.79","n/e"," ","25.71"
"14/09/2017 13:00:00 - 14/09/2017 14:00:00","BZN|DK1","139.42","n/e"," ","42.63"
"14/09/2017 14:00:00 - 14/09/2017 15:00:00","BZN|DK1","189.88","n/e"," ","196.26"
"14/09/2017 15:00:00 - 14/09/2017 16:00:00","BZN|DK1","267.92","n/e"," ","270.12"
"14/09/2017 16:00:00 - 14/09/2017 17:00:00","BZN|DK1","336.58","n/e"," ","259.85"
"14/09/2017 17:00:00 - 14/09/2017 18:00:00","BZN|DK1","362.92","n/e"," ","140.01"
"14/09/2017 18:00:00 - 14/09/2017 19:00:00","BZN|DK1","384.58","n/e"," ","317.60"
"14/09/2017 19:00:00 - 14/09/2017 20:00:00","BZN|DK1","404.79","n/e"," ","474.07"
"14/09/2017 20:00:00 - 14/09/2017 21:00:00","BZN|DK1","430.67","n/e"," ","535.37"
"14/09/2017 21:00:00 - 14/09/2017 22:00:00","BZN|DK1","458.75","n/e"," ","506.90"
"14/09/2017 22:00:00 - 14/09/2017 23:00:00","BZN|DK1","486.67","n/e"," ","522.76"
"14/09/2017 23:00:00 - 15/09/2017 00:00:00","BZN|DK1","518.83","n/e"," ","522.81"
"15/09/2017 00:00:00 - 15/09/2017 01:00:00","BZN|DK1","496.05","n/e"," ","548.06"
"15/09/2017 01:00:00 - 15/09/2017 02:00:00","BZN|DK1","555.64","n/e"," ","609.37"
"15/09/2017 02:00:00 - 15/09/2017 03:00:00","BZN|DK1","606.70","n/e"," ","652.06"
"15/09/2017 03:00:00 - 15/09/2017 04:00:00","BZN|DK1","648.75","n/e"," ","695.52"
"15/09/2017 04:00:00 - 15/09/2017 05:00:00","BZN|DK1","670.28","n/e"," ","702.70"
"15/09/2017 05:00:00 - 15/09/2017 06:00:00","BZN|DK1","656.49","n/e"," ","708.90"
"15/09/2017 06:00:00 - 15/09/2017 07:00:00","BZN|DK1","604.69","n/e"," ","632.33"
"15/09/2017 07:00:00 - 15/09/2017 08:00:00","BZN|DK1","614.45","n/e"," ","644.52"
"15/09/2017 08:00:00 - 15/09/2017 09:00:00","BZN|DK1","503.15","n/e"," ","528.12"
"15/09/2017 09:00:00 - 15/09/2017 10:00:00","BZN|DK1","421.92","n/e"," ","442.22"
"15/09/2017 10:00:00 - 15/09/2017 11:00:00","BZN|DK1","320.46","n/e"," ","312.50"
"15/09/2017 11:00:00 - 15/09/2017 12:00:00","BZN|DK1","234.33","n/e"," ","207.09"
"15/09/2017 12:00:00 - 15/09/2017 13:00:00","BZN|DK1","171.58","n/e"," ","157.26"
"15/09/2017 13:00:00 - 15/09/2017 14:00:00","BZN|DK1","122.29","n/e"," ","124.74"
"15/09/2017 14:00:00 - 15/09/2017 15:00:00","BZN|DK1","91.25","n/e"," ","174.34"
"15/09/2017 15:00:00 - 15/09/2017 16:00:00","BZN|DK1","79.08","n/e"," ","96.30"
"15/09/2017 16:00:00 - 15/09/2017 17:00:00","BZN|DK1","75.46","n/e"," ","151.61"
"15/09/2017 17:00:00 - 15/09/2017 18:00:00","BZN|DK1","85.42","n/e"," ","246.98"
"15/09/2017 18:00:00 - 15/09/2017 19:00:00","BZN|DK1","97.83","n/e"," ","228.26"
"15/09/2017 19:00:00 - 15/09/2017 20:00:00","BZN|DK1","95.13","n/e"," ","173.68"
"15/09/2017 20:00:00 - 15/09/2017 21:00:00","BZN|DK1","85.83","n/e"," ","167.27"
"15/09/2017 21:00:00 - 15/09/2017 22:00:00","BZN|DK1","83.96","n/e"," ","142.25"
"15/09/2017 22:00:00 - 15/09/2017 23:00:00","BZN|DK1","82.38","n/e"," ","121.56"
"15/09/2017 23:00:00 - 16/09/2017 00:00:00","BZN|DK1","80.71","n/e"," ","95.33"
"16/09/2017 00:00:00 - 16/09/2017 01:00:00","BZN|DK1","59.68","n/e"," ","66.81"
"16/09/2017 01:00:00 - 16/09/2017 02:00:00","BZN|DK1","49.56","n/e"," ","52.26"
"16/09/2017 02:00:00 - 16/09/2017 03:00:00","BZN|DK1","54.69","n/e"," ","57.88"
"16/09/2017 03:00:00 - 16/09/2017 04:00:00","BZN|DK1","36.89","n/e"," ","41.96"
"16/09/2017 04:00:00 - 16/09/2017 05:00:00","BZN|DK1","24.71","n/e"," ","27.79"
"16/09/2017 05:00:00 - 16/09/2017 06:00:00","BZN|DK1","14.73","n/e"," ","20.75"
"16/09/2017 06:00:00 - 16/09/2017 07:00:00","BZN|DK1","12.84","n/e"," ","19.72"
"16/09/2017 07:00:00 - 16/09/2017 08:00:00","BZN|DK1","9.45","n/e"," ","14.76"
"16/09/2017 08:00:00 - 16/09/2017 09:00:00","BZN|DK1","9.95","n/e"," ","8.13"
"16/09/2017 09:00:00 - 16/09/2017 10:00:00","BZN|DK1","12.67","n/e"," ","8.59"
"16/09/2017 10:00:00 - 16/09/2017 11:00:00","BZN|DK1","11.25","n/e"," ","40.30"
"16/09/2017 11:00:00 - 16/09/2017 12:00:00","BZN|DK1","12.13","n/e"," ","25.34"
"16/09/2017 12:00:00 - 16/09/2017 13:00:00","BZN|DK1","17.96","n/e"," ","12.66"
"16/09/2017 13:00:00 - 16/09/2017 14:00:00","BZN|DK1","26.46","n/e"," ","22.48"
"16/09/2017 14:00:00 - 16/09/2017 15:00:00","BZN|DK1","30.50","n/e"," ","26.39"
"16/09/2017 15:00:00 - 16/09/2017 16:00:00","BZN|DK1","29.71","n/e"," ","27.34"
"16/09/2017 16:00:00 - 16/09/2017 17:00:00","BZN|DK1","29.00","n/e"," ","41.82"
"16/09/2017 17:00:00 - 16/09/2017 18:00:00","BZN|DK1","28.54","n/e"," ","43.85"
"16/09/2017 18:00:00 - 16/09/2017 19:00:00","BZN|DK1","28.04","n/e"," ","22.60"
"16/09/2017 19:00:00 - 16/09/2017 20:00:00","BZN|DK1","26.75","n/e"," ","5.67"
"16/09/2017 20:00:00 - 16/09/2017 21:00:00","BZN|DK1","24.71","n/e"," ","0.93"
"16/09/2017 21:00:00 - 16/09/2017 22:00:00","BZN|DK1","21.25","n/e"," ","6.83"
"16/09/2017 22:00:00 - 16/09/2017 23:00:00","BZN|DK1","17.21","n/e"," ","7.47"
"16/09/2017 23:00:00 - 17/09/2017 00:00:00","BZN|DK1","13.67","n/e"," ","2.60"
"17/09/2017 00:00:00 - 17/09/2017 01:00:00","BZN|DK1","9.88","n/e"," ","2.07"
"17/09/2017 01:00:00 - 17/09/2017 02:00:00","BZN|DK1","4.71","n/e"," ","4.38"
"17/09/2017 02:00:00 - 17/09/2017 03:00:00","BZN|DK1","7.27","n/e"," ","7.49"
"17/09/2017 03:00:00 - 17/09/2017 04:00:00","BZN|DK1","17.52","n/e"," ","34.79"
"17/09/2017 04:00:00 - 17/09/2017 05:00:00","BZN|DK1","56.67","n/e"," ","67.42"
"17/09/2017 05:00:00 - 17/09/2017 06:00:00","BZN|DK1","44.12","n/e"," ","58.00"
"17/09/2017 06:00:00 - 17/09/2017 07:00:00","BZN|DK1","35.54","n/e"," ","44.92"
"17/09/2017 07:00:00 - 17/09/2017 08:00:00","BZN|DK1","22.80","n/e"," ","27.84"
"17/09/2017 08:00:00 - 17/09/2017 09:00:00","BZN|DK1","22.02","n/e"," ","33.31"
"17/09/2017 09:00:00 - 17/09/2017 10:00:00","BZN|DK1","39.58","n/e"," ","38.35"
"17/09/2017 10:00:00 - 17/09/2017 11:00:00","BZN|DK1","45.63","n/e"," ","17.43"
"17/09/2017 11:00:00 - 17/09/2017 12:00:00","BZN|DK1","39.00","n/e"," ","13.25"
"17/09/2017 12:00:00 - 17/09/2017 13:00:00","BZN|DK1","29.71","n/e"," ","11.59"
"17/09/2017 13:00:00 - 17/09/2017 14:00:00","BZN|DK1","23.04","n/e"," ","13.68"
"17/09/2017 14:00:00 - 17/09/2017 15:00:00","BZN|DK1","17.33","n/e"," ","14.57"
"17/09/2017 15:00:00 - 17/09/2017 16:00:00","BZN|DK1","15.50","n/e"," ","10.47"
"17/09/2017 16:00:00 - 17/09/2017 17:00:00","BZN|DK1","14.00","n/e"," ","0.31"
"17/09/2017 17:00:00 - 17/09/2017 18:00:00","BZN|DK1","14.08","n/e"," ","1.89"
"17/09/2017 18:00:00 - 17/09/2017 19:00:00","BZN|DK1","13.00","n/e"," ","19.08"
"17/09/2017 19:00:00 - 17/09/2017 20:00:00","BZN|DK1","11.25","n/e"," ","69.28"
"17/09/2017 20:00:00 - 17/09/2017 21:00:00","BZN|DK1","13.67","n/e"," ","34.51"
"17/09/2017 21:00:00 - 17/09/2017 22:00:00","BZN|DK1","14.00","n/e"," ","18.34"
"17/09/2017 22:00:00 - 17/09/2017 23:00:00","BZN|DK1","13.96","n/e"," ","14.72"
"17/09/2017 23:00:00 - 18/09/2017 00:00:00","BZN|DK1","12.58","n/e"," ","12.47"
"18/09/2017 00:00:00 - 18/09/2017 01:00:00","BZN|DK1","15.41","n/e"," ","18.63"
"18/09/2017 01:00:00 - 18/09/2017 02:00:00","BZN|DK1","8.85","n/e"," ","5.87"
"18/09/2017 02:00:00 - 18/09/2017 03:00:00","BZN|DK1","3.37","n/e"," ","1.21"
"18/09/2017 03:00:00 - 18/09/2017 04:00:00","BZN|DK1","3.95","n/e"," ","1.07"
"18/09/2017 04:00:00 - 18/09/2017 05:00:00","BZN|DK1","2.04","n/e"," ","0.14"
"18/09/2017 05:00:00 - 18/09/2017 06:00:00","BZN|DK1","3.67","n/e"," ","2.35"
"18/09/2017 06:00:00 - 18/09/2017 07:00:00","BZN|DK1","6.50","n/e"," ","3.76"
"18/09/2017 07:00:00 - 18/09/2017 08:00:00","BZN|DK1","4.88","n/e"," ","5.39"
"18/09/2017 08:00:00 - 18/09/2017 09:00:00","BZN|DK1","6.29","n/e"," ","6.06"
"18/09/2017 09:00:00 - 18/09/2017 10:00:00","BZN|DK1","2.42","n/e"," ","2.70"
"18/09/2017 10:00:00 - 18/09/2017 11:00:00","BZN|DK1","2.00","n/e"," ","1.02"
"18/09/2017 11:00:00 - 18/09/2017 12:00:00","BZN|DK1","2.00","n/e"," ","0.14"
"18/09/2017 12:00:00 - 18/09/2017 13:00:00","BZN|DK1","3.92","n/e"," ","0.78"
"18/09/2017 13:00:00 - 18/09/2017 14:00:00","BZN|DK1","4.96","n/e"," ","0.42"
"18/09/2017 14:00:00 - 18/09/2017 15:00:00","BZN|DK1","5.79","n/e"," ","1.56"
"18/09/2017 15:00:00 - 18/09/2017 16:00:00","BZN|DK1","5.04","n/e"," ","0.97"
"18/09/2017 16:00:00 - 18/09/2017 17:00:00","BZN|DK1","5.71","n/e"," ","0.59"
"18/09/2017 17:00:00 - 18/09/2017 18:00:00","BZN|DK1","5.04","n/e"," ","0.46"
"18/09/2017 18:00:00 - 18/09/2017 19:00:00","BZN|DK1","5.67","n/e"," ","0.14"
"18/09/2017 19:00:00 - 18/09/2017 20:00:00","BZN|DK1","8.00","n/e"," ","0.24"
"18/09/2017 20:00:00 - 18/09/2017 21:00:00","BZN|DK1","15.25","n/e"," ","0.52"
"18/09/2017 21:00:00 - 18/09/2017 22:00:00","BZN|DK1","22.46","n/e"," ","5.80"
"18/09/2017 22:00:00 - 18/09/2017 23:00:00","BZN|DK1","31.58","n/e"," ","33.62"
"18/09/2017 23:00:00 - 19/09/2017 00:00:00","BZN|DK1","44.96","n/e"," ","94.66"
"19/09/2017 00:00:00 - 19/09/2017 01:00:00","BZN|DK1","106.99","n/e"," ","111.65"
"19/09/2017 01:00:00 - 19/09/2017 02:00:00","BZN|DK1","88.23","n/e"," ","98.73"
"19/09/2017 02:00:00 - 19/09/2017 03:00:00","BZN|DK1","112.10","n/e"," ","128.57"
"19/09/2017 03:00:00 - 19/09/2017 04:00:00","BZN|DK1","146.58","n/e"," ","156.90"
"19/09/2017 04:00:00 - 19/09/2017 05:00:00","BZN|DK1","153.00","n/e"," ","174.47"
"19/09/2017 05:00:00 - 19/09/2017 06:00:00","BZN|DK1","234.44","n/e"," ","257.00"
"19/09/2017 06:00:00 - 19/09/2017 07:00:00","BZN|DK1","286.88","n/e"," ","301.34"
"19/09/2017 07:00:00 - 19/09/2017 08:00:00","BZN|DK1","433.34","n/e"," ","471.92"
"19/09/2017 08:00:00 - 19/09/2017 09:00:00","BZN|DK1","452.34","n/e"," ","450.33"
"19/09/2017 09:00:00 - 19/09/2017 10:00:00","BZN|DK1","414.13","n/e"," ","375.76"
"19/09/2017 10:00:00 - 19/09/2017 11:00:00","BZN|DK1","394.96","n/e"," ","426.00"
"19/09/2017 11:00:00 - 19/09/2017 12:00:00","BZN|DK1","424.71","n/e"," ","433.39"
"19/09/2017 12:00:00 - 19/09/2017 13:00:00","BZN|DK1","460.38","n/e"," ","434.65"
"19/09/2017 13:00:00 - 19/09/2017 14:00:00","BZN|DK1","493.13","n/e"," ","376.05"
"19/09/2017 14:00:00 - 19/09/2017 15:00:00","BZN|DK1","505.71","n/e"," ","358.73"
"19/09/2017 15:00:00 - 19/09/2017 16:00:00","BZN|DK1","477.63","n/e"," ","388.87"
"19/09/2017 16:00:00 - 19/09/2017 17:00:00","BZN|DK1","431.38","n/e"," ","456.43"
"19/09/2017 17:00:00 - 19/09/2017 18:00:00","BZN|DK1","395.46","n/e"," ","604.02"
"19/09/2017 18:00:00 - 19/09/2017 19:00:00","BZN|DK1","354.04","n/e"," ","568.57"
"19/09/2017 19:00:00 - 19/09/2017 20:00:00","BZN|DK1","303.58","n/e"," ","429.55"
"19/09/2017 20:00:00 - 19/09/2017 21:00:00","BZN|DK1","267.79","n/e"," ","347.69"
"19/09/2017 21:00:00 - 19/09/2017 22:00:00","BZN|DK1","259.83","n/e"," ","341.11"
"19/09/2017 22:00:00 - 19/09/2017 23:00:00","BZN|DK1","265.83","n/e"," ","295.34"
"19/09/2017 23:00:00 - 20/09/2017 00:00:00","BZN|DK1","286.54","n/e"," ","264.67"
"20/09/2017 00:00:00 - 20/09/2017 01:00:00","BZN|DK1","228.58","n/e"," ","227.33"
"20/09/2017 01:00:00 - 20/09/2017 02:00:00","BZN|DK1","249.53","n/e"," ","265.62"
"20/09/2017 02:00:00 - 20/09/2017 03:00:00","BZN|DK1","254.41","n/e"," ","243.16"
"20/09/2017 03:00:00 - 20/09/2017 04:00:00","BZN|DK1","253.74","n/e"," ","279.74"
"20/09/2017 04:00:00 - 20/09/2017 05:00:00","BZN|DK1","264.39","n/e"," ","261.60"
"20/09/2017 05:00:00 - 20/09/2017 06:00:00","BZN|DK1","240.78","n/e"," ","234.01"
"20/09/2017 06:00:00 - 20/09/2017 07:00:00","BZN|DK1","177.73","n/e"," ","159.88"
"20/09/2017 07:00:00 - 20/09/2017 08:00:00","BZN|DK1","144.21","n/e"," ","144.82"
"20/09/2017 08:00:00 - 20/09/2017 09:00:00","BZN|DK1","146.23","n/e"," ","123.58"
"20/09/2017 09:00:00 - 20/09/2017 10:00:00","BZN|DK1","115.08","n/e"," ","119.82"
"20/09/2017 10:00:00 - 20/09/2017 11:00:00","BZN|DK1","90.17","n/e"," ","77.44"
"20/09/2017 11:00:00 - 20/09/2017 12:00:00","BZN|DK1","78.21","n/e"," ","81.62"
"20/09/2017 12:00:00 - 20/09/2017 13:00:00","BZN|DK1","68.04","n/e"," ","85.74"
"20/09/2017 13:00:00 - 20/09/2017 14:00:00","BZN|DK1","61.00","n/e"," ","91.82"
"20/09/2017 14:00:00 - 20/09/2017 15:00:00","BZN|DK1","55.92","n/e"," ","59.62"
"20/09/2017 15:00:00 - 20/09/2017 16:00:00","BZN|DK1","49.04","n/e"," ","64.69"
"20/09/2017 16:00:00 - 20/09/2017 17:00:00","BZN|DK1","41.71","n/e"," ","51.51"
"20/09/2017 17:00:00 - 20/09/2017 18:00:00","BZN|DK1","33.50","n/e"," ","21.77"
"20/09/2017 18:00:00 - 20/09/2017 19:00:00","BZN|DK1","23.46","n/e"," ","33.59"
"20/09/2017 19:00:00 - 20/09/2017 20:00:00","BZN|DK1","13.08","n/e"," ","44.40"
"20/09/2017 20:00:00 - 20/09/2017 21:00:00","BZN|DK1","6.88","n/e"," ","23.79"
"20/09/2017 21:00:00 - 20/09/2017 22:00:00","BZN|DK1","4.46","n/e"," ","22.60"
"20/09/2017 22:00:00 - 20/09/2017 23:00:00","BZN|DK1","4.00","n/e"," ","14.82"
"20/09/2017 23:00:00 - 21/09/2017 00:00:00","BZN|DK1","4.46","n/e"," ","55.85"
"21/09/2017 00:00:00 - 21/09/2017 01:00:00","BZN|DK1","37.20","n/e"," ","33.11"
"21/09/2017 01:00:00 - 21/09/2017 02:00:00","BZN|DK1","33.30","n/e"," ","35.80"
"21/09/2017 02:00:00 - 21/09/2017 03:00:00","BZN|DK1","30.18","n/e"," ","28.64"
"21/09/2017 03:00:00 - 21/09/2017 04:00:00","BZN|DK1","24.28","n/e"," ","25.89"
"21/09/2017 04:00:00 - 21/09/2017 05:00:00","BZN|DK1","13.05","n/e"," ","12.46"
"21/09/2017 05:00:00 - 21/09/2017 06:00:00","BZN|DK1","10.12","n/e"," ","10.04"
"21/09/2017 06:00:00 - 21/09/2017 07:00:00","BZN|DK1","10.77","n/e"," ","8.68"
"21/09/2017 07:00:00 - 21/09/2017 08:00:00","BZN|DK1","6.62","n/e"," ","9.02"
"21/09/2017 08:00:00 - 21/09/2017 09:00:00","BZN|DK1","9.09","n/e"," ","19.81"
"21/09/2017 09:00:00 - 21/09/2017 10:00:00","BZN|DK1","13.29","n/e"," ","37.38"
"21/09/2017 10:00:00 - 21/09/2017 11:00:00","BZN|DK1","18.67","n/e"," ","49.48"
"21/09/2017 11:00:00 - 21/09/2017 12:00:00","BZN|DK1","21.29","n/e"," ","50.44"
"21/09/2017 12:00:00 - 21/09/2017 13:00:00","BZN|DK1","23.08","n/e"," ","37.84"
"21/09/2017 13:00:00 - 21/09/2017 14:00:00","BZN|DK1","24.92","n/e"," ","21.90"
"21/09/2017 14:00:00 - 21/09/2017 15:00:00","BZN|DK1","25.96","n/e"," ","39.51"
"21/09/2017 15:00:00 - 21/09/2017 16:00:00","BZN|DK1","27.25","n/e"," ","57.05"
"21/09/2017 16:00:00 - 21/09/2017 17:00:00","BZN|DK1","29.79","n/e"," ","63.56"
"21/09/2017 17:00:00 - 21/09/2017 18:00:00","BZN|DK1","35.75","n/e"," ","74.50"
"21/09/2017 18:00:00 - 21/09/2017 19:00:00","BZN|DK1","42.58","n/e"," ","103.84"
"21/09/2017 19:00:00 - 21/09/2017 20:00:00","BZN|DK1","53.42","n/e"," ","126.46"
"21/09/2017 20:00:00 - 21/09/2017 21:00:00","BZN|DK1","67.71","n/e"," ","158.52"
"21/09/2017 21:00:00 - 21/09/2017 22:00:00","BZN|DK1","84.46","n/e"," ","126.44"
"21/09/2017 22:00:00 - 21/09/2017 23:00:00","BZN|DK1","102.17","n/e"," ","92.56"
"21/09/2017 23:00:00 - 22/09/2017 00:00:00","BZN|DK1","115.08","n/e"," ","68.44"
"22/09/2017 00:00:00 - 22/09/2017 01:00:00","BZN|DK1","60.41","n/e"," ","73.53"
"22/09/2017 01:00:00 - 22/09/2017 02:00:00","BZN|DK1","64.15","n/e"," ","71.04"
"22/09/2017 02:00:00 - 22/09/2017 03:00:00","BZN|DK1","55.62","n/e"," ","64.73"
"22/09/2017 03:00:00 - 22/09/2017 04:00:00","BZN|DK1","83.15","n/e"," ","89.48"
"22/09/2017 04:00:00 - 22/09/2017 05:00:00","BZN|DK1","84.89","n/e"," ","96.32"
"22/09/2017 05:00:00 - 22/09/2017 06:00:00","BZN|DK1","95.76","n/e"," ","101.43"
"22/09/2017 06:00:00 - 22/09/2017 07:00:00","BZN|DK1","89.16","n/e"," ","100.17"
"22/09/2017 07:00:00 - 22/09/2017 08:00:00","BZN|DK1","120.85","n/e"," ","130.77"
"22/09/2017 08:00:00 - 22/09/2017 09:00:00","BZN|DK1","101.64","n/e"," ","94.62"
"22/09/2017 09:00:00 - 22/09/2017 10:00:00","BZN|DK1","103.58","n/e"," ","67.97"
"22/09/2017 10:00:00 - 22/09/2017 11:00:00","BZN|DK1","100.00","n/e"," ","65.41"
"22/09/2017 11:00:00 - 22/09/2017 12:00:00","BZN|DK1","90.58","n/e"," ","85.94"
"22/09/2017 12:00:00 - 22/09/2017 13:00:00","BZN|DK1","80.25","n/e"," ","72.27"
"22/09/2017 13:00:00 - 22/09/2017 14:00:00","BZN|DK1","72.17","n/e"," ","69.63"
"22/09/2017 14:00:00 - 22/09/2017 15:00:00","BZN|DK1","65.17","n/e"," ","81.04"
"22/09/2017 15:00:00 - 22/09/2017 16:00:00","BZN|DK1","58.42","n/e"," ","59.10"
"22/09/2017 16:00:00 - 22/09/2017 17:00:00","BZN|DK1","52.71","n/e"," ","40.27"
"22/09/2017 17:00:00 - 22/09/2017 18:00:00","BZN|DK1","49.21","n/e"," ","33.06"
"22/09/2017 18:00:00 - 22/09/2017 19:00:00","BZN|DK1","44.17","n/e"," ","57.09"
"22/09/2017 19:00:00 - 22/09/2017 20:00:00","BZN|DK1","39.79","n/e"," ","58.27"
"22/09/2017 20:00:00 - 22/09/2017 21:00:00","BZN|DK1","41.13","n/e"," ","47.44"
"22/09/2017 21:00:00 - 22/09/2017 22:00:00","BZN|DK1","42.38","n/e"," ","49.07"
"22/09/2017 22:00:00 - 22/09/2017 23:00:00","BZN|DK1","42.92","n/e"," ","62.23"
"22/09/2017 23:00:00 - 23/09/2017 00:00:00","BZN|DK1","39.67","n/e"," ","74.51"
"23/09/2017 00:00:00 - 23/09/2017 01:00:00","BZN|DK1","47.50","n/e"," ","41.57"
"23/09/2017 01:00:00 - 23/09/2017 02:00:00","BZN|DK1","25.90","n/e"," ","24.10"
"23/09/2017 02:00:00 - 23/09/2017 03:00:00","BZN|DK1","15.25","n/e"," ","17.16"
"23/09/2017 03:00:00 - 23/09/2017 04:00:00","BZN|DK1","13.69","n/e"," ","9.56"
"23/09/2017 04:00:00 - 23/09/2017 05:00:00","BZN|DK1","12.89","n/e"," ","12.97"
"23/09/2017 05:00:00 - 23/09/2017 06:00:00","BZN|DK1","18.55","n/e"," ","21.14"
"23/09/2017 06:00:00 - 23/09/2017 07:00:00","BZN|DK1","26.33","n/e"," ","23.23"
"23/09/2017 07:00:00 - 23/09/2017 08:00:00","BZN|DK1","20.12","n/e"," ","15.37"
"23/09/2017 08:00:00 - 23/09/2017 09:00:00","BZN|DK1","20.84","n/e"," ","23.27"
"23/09/2017 09:00:00 - 23/09/2017 10:00:00","BZN|DK1","21.88","n/e"," ","34.40"
"23/09/2017 10:00:00 - 23/09/2017 11:00:00","BZN|DK1","18.46","n/e"," ","37.67"
"23/09/2017 11:00:00 - 23/09/2017 12:00:00","BZN|DK1","11.58","n/e"," ","29.23"
"23/09/2017 12:00:00 - 23/09/2017 13:00:00","BZN|DK1","7.38","n/e"," ","24.25"
"23/09/2017 13:00:00 - 23/09/2017 14:00:00","BZN|DK1","5.08","n/e"," ","16.44"
"23/09/2017 14:00:00 - 23/09/2017 15:00:00","BZN|DK1","5.04","n/e"," ","8.73"
"23/09/2017 15:00:00 - 23/09/2017 16:00:00","BZN|DK1","6.79","n/e"," ","7.35"
"23/09/2017 16:00:00 - 23/09/2017 17:00:00","BZN|DK1","8.71","n/e"," ","8.49"
"23/09/2017 17:00:00 - 23/09/2017 18:00:00","BZN|DK1","12.38","n/e"," ","9.99"
"23/09/2017 18:00:00 - 23/09/2017 19:00:00","BZN|DK1","16.17","n/e"," ","16.13"
"23/09/2017 19:00:00 - 23/09/2017 20:00:00","BZN|DK1","24.04","n/e"," ","22.58"
"23/09/2017 20:00:00 - 23/09/2017 21:00:00","BZN|DK1","34.29","n/e"," ","31.91"
"23/09/2017 21:00:00 - 23/09/2017 22:00:00","BZN|DK1","46.75","n/e"," ","41.25"
"23/09/2017 22:00:00 - 23/09/2017 23:00:00","BZN|DK1","56.21","n/e"," ","54.73"
"23/09/2017 23:00:00 - 24/09/2017 00:00:00","BZN|DK1","58.42","n/e"," ","72.47"
"24/09/2017 00:00:00 - 24/09/2017 01:00:00","BZN|DK1","73.62","n/e"," ","79.86"
"24/09/2017 01:00:00 - 24/09/2017 02:00:00","BZN|DK1","71.61","n/e"," ","65.96"
"24/09/2017 02:00:00 - 24/09/2017 03:00:00","BZN|DK1","50.94","n/e"," ","51.90"
"24/09/2017 03:00:00 - 24/09/2017 04:00:00","BZN|DK1","43.69","n/e"," ","37.93"
"24/09/2017 04:00:00 - 24/09/2017 05:00:00","BZN|DK1","29.35","n/e"," ","28.17"
"24/09/2017 05:00:00 - 24/09/2017 06:00:00","BZN|DK1","36.27","n/e"," ","35.83"
"24/09/2017 06:00:00 - 24/09/2017 07:00:00","BZN|DK1","48.18","n/e"," ","52.15"
"24/09/2017 07:00:00 - 24/09/2017 08:00:00","BZN|DK1","84.44","n/e"," ","88.59"
"24/09/2017 08:00:00 - 24/09/2017 09:00:00","BZN|DK1","104.59","n/e"," ","121.04"
"24/09/2017 09:00:00 - 24/09/2017 10:00:00","BZN|DK1","94.29","n/e"," ","67.39"
"24/09/2017 10:00:00 - 24/09/2017 11:00:00","BZN|DK1","69.25","n/e"," ","67.17"
"24/09/2017 11:00:00 - 24/09/2017 12:00:00","BZN|DK1","67.38","n/e"," ","76.79"
"24/09/2017 12:00:00 - 24/09/2017 13:00:00","BZN|DK1","68.25","n/e"," ","107.79"
"24/09/2017 13:00:00 - 24/09/2017 14:00:00","BZN|DK1","72.50","n/e"," ","114.07"
"24/09/2017 14:00:00 - 24/09/2017 15:00:00","BZN|DK1","84.83","n/e"," ","121.31"
"24/09/2017 15:00:00 - 24/09/2017 16:00:00","BZN|DK1","102.29","n/e"," ","96.40"
"24/09/2017 16:00:00 - 24/09/2017 17:00:00","BZN|DK1","116.96","n/e"," ","80.63"
"24/09/2017 17:00:00 - 24/09/2017 18:00:00","BZN|DK1","142.25","n/e"," ","90.25"
"24/09/2017 18:00:00 - 24/09/2017 19:00:00","BZN|DK1","175.96","n/e"," ","155.05"
"24/09/2017 19:00:00 - 24/09/2017 20:00:00","BZN|DK1","224.67","n/e"," ","218.41"
"24/09/2017 20:00:00 - 24/09/2017 21:00:00","BZN|DK1","291.33","n/e"," ","309.90"
"24/09/2017 21:00:00 - 24/09/2017 22:00:00","BZN|DK1","357.50","n/e"," ","421.98"
"24/09/2017 22:00:00 - 24/09/2017 23:00:00","BZN|DK1","390.88","n/e"," ","480.23"
"24/09/2017 23:00:00 - 25/09/2017 00:00:00","BZN|DK1","384.21","n/e"," ","552.38"
"25/09/2017 00:00:00 - 25/09/2017 01:00:00","BZN|DK1","481.28","n/e"," ","482.65"
"25/09/2017 01:00:00 - 25/09/2017 02:00:00","BZN|DK1","337.76","n/e"," ","353.64"
"25/09/2017 02:00:00 - 25/09/2017 03:00:00","BZN|DK1","332.42","n/e"," ","361.68"
"25/09/2017 03:00:00 - 25/09/2017 04:00:00","BZN|DK1","307.93","n/e"," ","338.24"
"25/09/2017 04:00:00 - 25/09/2017 05:00:00","BZN|DK1","335.36","n/e"," ","359.87"
"25/09/2017 05:00:00 - 25/09/2017 06:00:00","BZN|DK1","417.55","n/e"," ","458.83"
"25/09/2017 06:00:00 - 25/09/2017 07:00:00","BZN|DK1","455.59","n/e"," ","477.60"
"25/09/2017 07:00:00 - 25/09/2017 08:00:00","BZN|DK1","444.40","n/e"," ","445.48"
"25/09/2017 08:00:00 - 25/09/2017 09:00:00","BZN|DK1","467.55","n/e"," ","478.47"
"25/09/2017 09:00:00 - 25/09/2017 10:00:00","BZN|DK1","486.85","n/e"," ","465.90"
"25/09/2017 10:00:00 - 25/09/2017 11:00:00","BZN|DK1","397.72","n/e"," ","424.43"
"25/09/2017 11:00:00 - 25/09/2017 12:00:00","BZN|DK1","463.62","n/e"," ","491.45"
"25/09/2017 12:00:00 - 25/09/2017 13:00:00","BZN|DK1","387.28","n/e"," ","409.46"
"25/09/2017 13:00:00 - 25/09/2017 14:00:00","BZN|DK1","373.15","n/e"," ","405.33"
"25/09/2017 14:00:00 - 25/09/2017 15:00:00","BZN|DK1","357.55","n/e"," ","359.10"
"25/09/2017 15:00:00 - 25/09/2017 16:00:00","BZN|DK1","317.23","n/e"," ","325.83"
"25/09/2017 16:00:00 - 25/09/2017 17:00:00","BZN|DK1","354.33","n/e"," ","377.60"
"25/09/2017 17:00:00 - 25/09/2017 18:00:00","BZN|DK1","406.00","n/e"," ","389.11"
"25/09/2017 18:00:00 - 25/09/2017 19:00:00","BZN|DK1","473.75","n/e"," ","352.04"
"25/09/2017 19:00:00 - 25/09/2017 20:00:00","BZN|DK1","529.63","n/e"," ","351.24"
"25/09/2017 20:00:00 - 25/09/2017 21:00:00","BZN|DK1","551.79","n/e"," ","436.78"
"25/09/2017 21:00:00 - 25/09/2017 22:00:00","BZN|DK1","547.58","n/e"," ","372.55"
"25/09/2017 22:00:00 - 25/09/2017 23:00:00","BZN|DK1","544.42","n/e"," ","365.23"
"25/09/2017 23:00:00 - 26/09/2017 00:00:00","BZN|DK1","547.79","n/e"," ","344.29"
"26/09/2017 00:00:00 - 26/09/2017 01:00:00","BZN|DK1","449.60","n/e"," ","506.82"
"26/09/2017 01:00:00 - 26/09/2017 02:00:00","BZN|DK1","516.63","n/e"," ","559.82"
"26/09/2017 02:00:00 - 26/09/2017 03:00:00","BZN|DK1","525.93","n/e"," ","565.60"
"26/09/2017 03:00:00 - 26/09/2017 04:00:00","BZN|DK1","514.73","n/e"," ","549.89"
"26/09/2017 04:00:00 - 26/09/2017 05:00:00","BZN|DK1","497.98","n/e"," ","538.15"
"26/09/2017 05:00:00 - 26/09/2017 06:00:00","BZN|DK1","488.98","n/e"," ","515.33"
"26/09/2017 06:00:00 - 26/09/2017 07:00:00","BZN|DK1","500.53","n/e"," ","543.03"
"26/09/2017 07:00:00 - 26/09/2017 08:00:00","BZN|DK1","474.45","n/e"," ","510.93"
"26/09/2017 08:00:00 - 26/09/2017 09:00:00","BZN|DK1","430.65","n/e"," ","524.25"
"26/09/2017 09:00:00 - 26/09/2017 10:00:00","BZN|DK1","420.17","n/e"," ","515.87"
"26/09/2017 10:00:00 - 26/09/2017 11:00:00","BZN|DK1","436.25","n/e"," ","479.42"
"26/09/2017 11:00:00 - 26/09/2017 12:00:00","BZN|DK1","404.42","n/e"," ","460.61"
"26/09/2017 12:00:00 - 26/09/2017 13:00:00","BZN|DK1","362.42","n/e"," ","422.51"
"26/09/2017 13:00:00 - 26/09/2017 14:00:00","BZN|DK1","329.96","n/e"," ","378.41"
"26/09/2017 14:00:00 - 26/09/2017 15:00:00","BZN|DK1","318.46","n/e"," ","384.53"
"26/09/2017 15:00:00 - 26/09/2017 16:00:00","BZN|DK1","321.21","n/e"," ","370.75"
"26/09/2017 16:00:00 - 26/09/2017 17:00:00","BZN|DK1","343.96","n/e"," ","399.23"
"26/09/2017 17:00:00 - 26/09/2017 18:00:00","BZN|DK1","379.04","n/e"," ","287.27"
"26/09/2017 18:00:00 - 26/09/2017 19:00:00","BZN|DK1","413.88","n/e"," ","235.32"
"26/09/2017 19:00:00 - 26/09/2017 20:00:00","BZN|DK1","425.75","n/e"," ","235.14"
"26/09/2017 20:00:00 - 26/09/2017 21:00:00","BZN|DK1","440.17","n/e"," ","347.91"
"26/09/2017 21:00:00 - 26/09/2017 22:00:00","BZN|DK1","471.08","n/e"," ","356.15"
"26/09/2017 22:00:00 - 26/09/2017 23:00:00","BZN|DK1","501.92","n/e"," ","303.12"
"26/09/2017 23:00:00 - 27/09/2017 00:00:00","BZN|DK1","517.54","n/e"," ","348.00"
"27/09/2017 00:00:00 - 27/09/2017 01:00:00","BZN|DK1","424.38","n/e"," ","430.74"
"27/09/2017 01:00:00 - 27/09/2017 02:00:00","BZN|DK1","377.86","n/e"," ","389.40"
"27/09/2017 02:00:00 - 27/09/2017 03:00:00","BZN|DK1","445.23","n/e"," ","474.34"
"27/09/2017 03:00:00 - 27/09/2017 04:00:00","BZN|DK1","452.42","n/e"," ","464.98"
"27/09/2017 04:00:00 - 27/09/2017 05:00:00","BZN|DK1","430.81","n/e"," ","450.84"
"27/09/2017 05:00:00 - 27/09/2017 06:00:00","BZN|DK1","474.01","n/e"," ","486.37"
"27/09/2017 06:00:00 - 27/09/2017 07:00:00","BZN|DK1","481.43","n/e"," ","501.33"
"27/09/2017 07:00:00 - 27/09/2017 08:00:00","BZN|DK1","474.27","n/e"," ","490.54"
"27/09/2017 08:00:00 - 27/09/2017 09:00:00","BZN|DK1","439.25","n/e"," ","464.80"
"27/09/2017 09:00:00 - 27/09/2017 10:00:00","BZN|DK1","455.96","n/e"," ","402.25"
"27/09/2017 10:00:00 - 27/09/2017 11:00:00","BZN|DK1","502.17","n/e"," ","455.46"
"27/09/2017 11:00:00 - 27/09/2017 12:00:00","BZN|DK1","509.92","n/e"," ","594.14"
"27/09/2017 12:00:00 - 27/09/2017 13:00:00","BZN|DK1","492.04","n/e"," ","537.69"
"27/09/2017 13:00:00 - 27/09/2017 14:00:00","BZN|DK1","463.83","n/e"," ","467.39"
"27/09/2017 14:00:00 - 27/09/2017 15:00:00","BZN|DK1","452.96","n/e"," ","476.48"
"27/09/2017 15:00:00 - 27/09/2017 16:00:00","BZN|DK1","462.04","n/e"," ","533.41"
"27/09/2017 16:00:00 - 27/09/2017 17:00:00","BZN|DK1","494.25","n/e"," ","627.56"
"27/09/2017 17:00:00 - 27/09/2017 18:00:00","BZN|DK1","552.25","n/e"," ","689.42"
"27/09/2017 18:00:00 - 27/09/2017 19:00:00","BZN|DK1","598.58","n/e"," ","685.41"
"27/09/2017 19:00:00 - 27/09/2017 20:00:00","BZN|DK1","622.63","n/e"," ","687.87"
"27/09/2017 20:00:00 - 27/09/2017 21:00:00","BZN|DK1","630.50","n/e"," ","687.65"
"27/09/2017 21:00:00 - 27/09/2017 22:00:00","BZN|DK1","633.71","n/e"," ","648.46"
"27/09/2017 22:00:00 - 27/09/2017 23:00:00","BZN|DK1","627.96","n/e"," ","725.81"
"27/09/2017 23:00:00 - 28/09/2017 00:00:00","BZN|DK1","619.21","n/e"," ","734.97"
"28/09/2017 00:00:00 - 28/09/2017 01:00:00","BZN|DK1","684.69","n/e"," ","741.49"
"28/09/2017 01:00:00 - 28/09/2017 02:00:00","BZN|DK1","693.79","n/e"," ","744.93"
"28/09/2017 02:00:00 - 28/09/2017 03:00:00","BZN|DK1","684.74","n/e"," ","740.59"
"28/09/2017 03:00:00 - 28/09/2017 04:00:00","BZN|DK1","658.36","n/e"," ","710.40"
"28/09/2017 04:00:00 - 28/09/2017 05:00:00","BZN|DK1","610.67","n/e"," ","660.08"
"28/09/2017 05:00:00 - 28/09/2017 06:00:00","BZN|DK1","590.97","n/e"," ","639.82"
"28/09/2017 06:00:00 - 28/09/2017 07:00:00","BZN|DK1","595.16","n/e"," ","651.74"
"28/09/2017 07:00:00 - 28/09/2017 08:00:00","BZN|DK1","610.49","n/e"," ","649.92"
"28/09/2017 08:00:00 - 28/09/2017 09:00:00","BZN|DK1","596.66","n/e"," ","627.34"
"28/09/2017 09:00:00 - 28/09/2017 10:00:00","BZN|DK1","598.50","n/e"," ","614.69"
"28/09/2017 10:00:00 - 28/09/2017 11:00:00","BZN|DK1","611.50","n/e"," ","654.50"
"28/09/2017 11:00:00 - 28/09/2017 12:00:00","BZN|DK1","609.63","n/e"," ","699.36"
"28/09/2017 12:00:00 - 28/09/2017 13:00:00","BZN|DK1","602.79","n/e"," ","691.42"
"28/09/2017 13:00:00 - 28/09/2017 14:00:00","BZN|DK1","597.04","n/e"," ","639.95"
"28/09/2017 14:00:00 - 28/09/2017 15:00:00","BZN|DK1","591.42","n/e"," ","595.32"
"28/09/2017 15:00:00 - 28/09/2017 16:00:00","BZN|DK1","571.08","n/e"," ","540.14"
"28/09/2017 16:00:00 - 28/09/2017 17:00:00","BZN|DK1","570.33","n/e"," ","609.42"
"28/09/2017 17:00:00 - 28/09/2017 18:00:00","BZN|DK1","585.79","n/e"," ","721.54"
"28/09/2017 18:00:00 - 28/09/2017 19:00:00","BZN|DK1","603.79","n/e"," ","743.40"
"28/09/2017 19:00:00 - 28/09/2017 20:00:00","BZN|DK1","610.46","n/e"," ","700.10"
"28/09/2017 20:00:00 - 28/09/2017 21:00:00","BZN|DK1","605.42","n/e"," ","690.74"
"28/09/2017 21:00:00 - 28/09/2017 22:00:00","BZN|DK1","594.67","n/e"," ","640.52"
"28/09/2017 22:00:00 - 28/09/2017 23:00:00","BZN|DK1","580.08","n/e"," ","599.12"
"28/09/2017 23:00:00 - 29/09/2017 00:00:00","BZN|DK1","567.79","n/e"," ","576.65"
"29/09/2017 00:00:00 - 29/09/2017 01:00:00","BZN|DK1","515.09","n/e"," ","552.99"
"29/09/2017 01:00:00 - 29/09/2017 02:00:00","BZN|DK1","550.55","n/e"," ","578.10"
"29/09/2017 02:00:00 - 29/09/2017 03:00:00","BZN|DK1","464.62","n/e"," ","497.80"
"29/09/2017 03:00:00 - 29/09/2017 04:00:00","BZN|DK1","480.55","n/e"," ","513.39"
"29/09/2017 04:00:00 - 29/09/2017 05:00:00","BZN|DK1","534.53","n/e"," ","578.65"
"29/09/2017 05:00:00 - 29/09/2017 06:00:00","BZN|DK1","584.11","n/e"," ","621.25"
"29/09/2017 06:00:00 - 29/09/2017 07:00:00","BZN|DK1","584.02","n/e"," ","623.76"
"29/09/2017 07:00:00 - 29/09/2017 08:00:00","BZN|DK1","602.53","n/e"," ","666.35"
"29/09/2017 08:00:00 - 29/09/2017 09:00:00","BZN|DK1","630.52","n/e"," ","686.70"
"29/09/2017 09:00:00 - 29/09/2017 10:00:00","BZN|DK1","634.83","n/e"," ","649.62"
"29/09/2017 10:00:00 - 29/09/2017 11:00:00","BZN|DK1","632.96","n/e"," ","660.51"
"29/09/2017 11:00:00 - 29/09/2017 12:00:00","BZN|DK1","638.63","n/e"," ","647.70"
"29/09/2017 12:00:00 - 29/09/2017 13:00:00","BZN|DK1","637.88","n/e"," ","618.22"
"29/09/2017 13:00:00 - 29/09/2017 14:00:00","BZN|DK1","635.79","n/e"," ","587.84"
"29/09/2017 14:00:00 - 29/09/2017 15:00:00","BZN|DK1","638.75","n/e"," ","627.60"
"29/09/2017 15:00:00 - 29/09/2017 16:00:00","BZN|DK1","646.58","n/e"," ","625.26"
"29/09/2017 16:00:00 - 29/09/2017 17:00:00","BZN|DK1","661.25","n/e"," ","718.55"
"29/09/2017 17:00:00 - 29/09/2017 18:00:00","BZN|DK1","679.38","n/e"," ","717.02"
"29/09/2017 18:00:00 - 29/09/2017 19:00:00","BZN|DK1","697.71","n/e"," ","772.92"
"29/09/2017 19:00:00 - 29/09/2017 20:00:00","BZN|DK1","712.04","n/e"," ","693.24"
"29/09/2017 20:00:00 - 29/09/2017 21:00:00","BZN|DK1","720.33","n/e"," ","706.98"
"29/09/2017 21:00:00 - 29/09/2017 22:00:00","BZN|DK1","725.38","n/e"," ","685.46"
"29/09/2017 22:00:00 - 29/09/2017 23:00:00","BZN|DK1","729.00","n/e"," ","683.94"
"29/09/2017 23:00:00 - 30/09/2017 00:00:00","BZN|DK1","730.00","n/e"," ","681.68"
"30/09/2017 00:00:00 - 30/09/2017 01:00:00","BZN|DK1","636.15","n/e"," ","687.30"
"30/09/2017 01:00:00 - 30/09/2017 02:00:00","BZN|DK1","727.87","n/e"," ","805.49"
"30/09/2017 02:00:00 - 30/09/2017 03:00:00","BZN|DK1","731.15","n/e"," ","781.86"
"30/09/2017 03:00:00 - 30/09/2017 04:00:00","BZN|DK1","718.26","n/e"," ","759.41"
"30/09/2017 04:00:00 - 30/09/2017 05:00:00","BZN|DK1","684.45","n/e"," ","727.80"
"30/09/2017 05:00:00 - 30/09/2017 06:00:00","BZN|DK1","685.77","n/e"," ","757.67"
"30/09/2017 06:00:00 - 30/09/2017 07:00:00","BZN|DK1","663.53","n/e"," ","735.36"
"30/09/2017 07:00:00 - 30/09/2017 08:00:00","BZN|DK1","625.25","n/e"," ","685.61"
"30/09/2017 08:00:00 - 30/09/2017 09:00:00","BZN|DK1","557.20","n/e"," ","569.80"
"30/09/2017 09:00:00 - 30/09/2017 10:00:00","BZN|DK1","513.50","n/e"," ","531.89"
"30/09/2017 10:00:00 - 30/09/2017 11:00:00","BZN|DK1","499.33","n/e"," ","522.95"
"30/09/2017 11:00:00 - 30/09/2017 12:00:00","BZN|DK1","452.79","n/e"," ","540.88"
"30/09/2017 12:00:00 - 30/09/2017 13:00:00","BZN|DK1","432.04","n/e"," ","565.14"
"30/09/2017 13:00:00 - 30/09/2017 14:00:00","BZN|DK1","422.33","n/e"," ","576.41"
"30/09/2017 14:00:00 - 30/09/2017 15:00:00","BZN|DK1","419.17","n/e"," ","573.47"
"30/09/2017 15:00:00 - 30/09/2017 16:00:00","BZN|DK1","416.17","n/e"," ","585.90"
"30/09/2017 16:00:00 - 30/09/2017 17:00:00","BZN|DK1","414.50","n/e"," ","581.75"
"30/09/2017 17:00:00 - 30/09/2017 18:00:00","BZN|DK1","421.25","n/e"," ","605.16"
"30/09/2017 18:00:00 - 30/09/2017 19:00:00","BZN|DK1","433.96","n/e"," ","594.94"
"30/09/2017 19:00:00 - 30/09/2017 20:00:00","BZN|DK1","454.42","n/e"," ","636.12"
"30/09/2017 20:00:00 - 30/09/2017 21:00:00","BZN|DK1","453.04","n/e"," ","632.29"
"30/09/2017 21:00:00 - 30/09/2017 22:00:00","BZN|DK1","445.46","n/e"," ","664.93"
"30/09/2017 22:00:00 - 30/09/2017 23:00:00","BZN|DK1","434.29","n/e"," ","692.02"
"30/09/2017 23:00:00 - 01/10/2017 00:00:00","BZN|DK1","416.63","n/e"," ","597.59"
"01/10/2017 00:00:00 - 01/10/2017 01:00:00","BZN|DK1","143.86","n/e"," ","190.64"
"01/10/2017 01:00:00 - 01/10/2017 02:00:00","BZN|DK1","508.53","n/e"," ","553.83"
"01/10/2017 02:00:00 - 01/10/2017 03:00:00","BZN|DK1","462.37","n/e"," ","515.11"
"01/10/2017 03:00:00 - 01/10/2017 04:00:00","BZN|DK1","396.86","n/e"," ","440.31"
"01/10/2017 04:00:00 - 01/10/2017 05:00:00","BZN|DK1","362.63","n/e"," ","415.83"
"01/10/2017 05:00:00 - 01/10/2017 06:00:00","BZN|DK1","371.65","n/e"," ","414.30"
"01/10/2017 06:00:00 - 01/10/2017 07:00:00","BZN|DK1","380.39","n/e"," ","408.99"
"01/10/2017 07:00:00 - 01/10/2017 08:00:00","BZN|DK1","416.83","n/e"," ","435.07"
"01/10/2017 08:00:00 - 01/10/2017 09:00:00","BZN|DK1","415.38","n/e"," ","425.50"
"01/10/2017 09:00:00 - 01/10/2017 10:00:00","BZN|DK1","422.63","n/e"," ","425.74"
"01/10/2017 10:00:00 - 01/10/2017 11:00:00","BZN|DK1","423.75","n/e"," ","415.69"
"01/10/2017 11:00:00 - 01/10/2017 12:00:00","BZN|DK1","396.42","n/e"," ","480.19"
"01/10/2017 12:00:00 - 01/10/2017 13:00:00","BZN|DK1","387.29","n/e"," ","386.07"
"01/10/2017 13:00:00 - 01/10/2017 14:00:00","BZN|DK1","368.46","n/e"," ","267.00"
"01/10/2017 14:00:00 - 01/10/2017 15:00:00","BZN|DK1","350.83","n/e"," ","331.31"
"01/10/2017 15:00:00 - 01/10/2017 16:00:00","BZN|DK1","344.58","n/e"," ","320.21"
"01/10/2017 16:00:00 - 01/10/2017 17:00:00","BZN|DK1","357.17","n/e"," ","352.27"
"01/10/2017 17:00:00 - 01/10/2017 18:00:00","BZN|DK1","386.38","n/e"," ","264.06"
"01/10/2017 18:00:00 - 01/10/2017 19:00:00","BZN|DK1","435.08","n/e"," ","330.03"
"01/10/2017 19:00:00 - 01/10/2017 20:00:00","BZN|DK1","490.17","n/e"," ","407.39"
"01/10/2017 20:00:00 - 01/10/2017 21:00:00","BZN|DK1","561.33","n/e"," ","502.95"
"01/10/2017 21:00:00 - 01/10/2017 22:00:00","BZN|DK1","636.42","n/e"," ","607.18"
"01/10/2017 22:00:00 - 01/10/2017 23:00:00","BZN|DK1","694.88","n/e"," ","632.22"
"01/10/2017 23:00:00 - 02/10/2017 00:00:00","BZN|DK1","727.83","n/e"," ","658.76"
"02/10/2017 00:00:00 - 02/10/2017 01:00:00","BZN|DK1","729.05","n/e"," ","670.48"
"02/10/2017 01:00:00 - 02/10/2017 02:00:00","BZN|DK1","642.87","n/e"," ","676.41"
"02/10/2017 02:00:00 - 02/10/2017 03:00:00","BZN|DK1","641.58","n/e"," ","698.03"
"02/10/2017 03:00:00 - 02/10/2017 04:00:00","BZN|DK1","641.80","n/e"," ","680.76"
"02/10/2017 04:00:00 - 02/10/2017 05:00:00","BZN|DK1","641.05","n/e"," ","681.99"
"02/10/2017 05:00:00 - 02/10/2017 06:00:00","BZN|DK1","638.38","n/e"," ","694.67"
"02/10/2017 06:00:00 - 02/10/2017 07:00:00","BZN|DK1","640.38","n/e"," ","669.93"
"02/10/2017 07:00:00 - 02/10/2017 08:00:00","BZN|DK1","592.47","n/e"," ","606.38"
"02/10/2017 08:00:00 - 02/10/2017 09:00:00","BZN|DK1","639.03","n/e"," ","683.67"
"02/10/2017 09:00:00 - 02/10/2017 10:00:00","BZN|DK1","744.96","n/e"," ","808.69"
"02/10/2017 10:00:00 - 02/10/2017 11:00:00","BZN|DK1","757.83","n/e"," ","808.29"
"02/10/2017 11:00:00 - 02/10/2017 12:00:00","BZN|DK1","761.96","n/e"," ","796.93"
"02/10/2017 12:00:00 - 02/10/2017 13:00:00","BZN|DK1","762.42","n/e"," ","799.29"
"02/10/2017 13:00:00 - 02/10/2017 14:00:00","BZN|DK1","761.17","n/e"," ","749.65"
"02/10/2017 14:00:00 - 02/10/2017 15:00:00","BZN|DK1","757.92","n/e"," ","787.87"
"02/10/2017 15:00:00 - 02/10/2017 16:00:00","BZN|DK1","754.58","n/e"," ","659.91"
"02/10/2017 16:00:00 - 02/10/2017 17:00:00","BZN|DK1","754.88","n/e"," ","663.74"
"02/10/2017 17:00:00 - 02/10/2017 18:00:00","BZN|DK1","758.88","n/e"," ","647.09"
"02/10/2017 18:00:00 - 02/10/2017 19:00:00","BZN|DK1","760.71","n/e"," ","642.90"
"02/10/2017 19:00:00 - 02/10/2017 20:00:00","BZN|DK1","761.00","n/e"," ","622.16"
"02/10/2017 20:00:00 - 02/10/2017 21:00:00","BZN|DK1","760.04","n/e"," ","668.82"
"02/10/2017 21:00:00 - 02/10/2017 22:00:00","BZN|DK1","756.17","n/e"," ","620.49"
"02/10/2017 22:00:00 - 02/10/2017 23:00:00","BZN|DK1","749.29","n/e"," ","622.38"
"02/10/2017 23:00:00 - 03/10/2017 00:00:00","BZN|DK1","745.33","n/e"," ","641.09"
"03/10/2017 00:00:00 - 03/10/2017 01:00:00","BZN|DK1","580.08","n/e"," ","612.00"
"03/10/2017 01:00:00 - 03/10/2017 02:00:00","BZN|DK1","582.18","n/e"," ","611.43"
"03/10/2017 02:00:00 - 03/10/2017 03:00:00","BZN|DK1","627.54","n/e"," ","646.18"
"03/10/2017 03:00:00 - 03/10/2017 04:00:00","BZN|DK1","605.47","n/e"," ","637.42"
"03/10/2017 04:00:00 - 03/10/2017 05:00:00","BZN|DK1","623.89","n/e"," ","659.33"
"03/10/2017 05:00:00 - 03/10/2017 06:00:00","BZN|DK1","644.66","n/e"," ","658.94"
"03/10/2017 06:00:00 - 03/10/2017 07:00:00","BZN|DK1","623.86","n/e"," ","656.44"
"03/10/2017 07:00:00 - 03/10/2017 08:00:00","BZN|DK1","632.20","n/e"," ","670.82"
"03/10/2017 08:00:00 - 03/10/2017 09:00:00","BZN|DK1","633.61","n/e"," ","675.73"
"03/10/2017 09:00:00 - 03/10/2017 10:00:00","BZN|DK1","736.29","n/e"," ","681.80"
"03/10/2017 10:00:00 - 03/10/2017 11:00:00","BZN|DK1","743.00","n/e"," ","770.56"
"03/10/2017 11:00:00 - 03/10/2017 12:00:00","BZN|DK1","746.38","n/e"," ","780.86"
"03/10/2017 12:00:00 - 03/10/2017 13:00:00","BZN|DK1","749.92","n/e"," ","685.37"
"03/10/2017 13:00:00 - 03/10/2017 14:00:00","BZN|DK1","751.00","n/e"," ","689.75"
"03/10/2017 14:00:00 - 03/10/2017 15:00:00","BZN|DK1","751.38","n/e"," ","614.22"
"03/10/2017 15:00:00 - 03/10/2017 16:00:00","BZN|DK1","752.00","n/e"," ","682.83"
"03/10/2017 16:00:00 - 03/10/2017 17:00:00","BZN|DK1","751.04","n/e"," ","734.95"
"03/10/2017 17:00:00 - 03/10/2017 18:00:00","BZN|DK1","750.50","n/e"," ","732.43"
"03/10/2017 18:00:00 - 03/10/2017 19:00:00","BZN|DK1","751.00","n/e"," ","763.40"
"03/10/2017 19:00:00 - 03/10/2017 20:00:00","BZN|DK1","751.00","n/e"," ","700.79"
"03/10/2017 20:00:00 - 03/10/2017 21:00:00","BZN|DK1","750.04","n/e"," ","783.15"
"03/10/2017 21:00:00 - 03/10/2017 22:00:00","BZN|DK1","749.04","n/e"," ","778.13"
"03/10/2017 22:00:00 - 03/10/2017 23:00:00","BZN|DK1","749.00","n/e"," ","678.45"
"03/10/2017 23:00:00 - 04/10/2017 00:00:00","BZN|DK1","747.08","n/e"," ","690.32"
"04/10/2017 00:00:00 - 04/10/2017 01:00:00","BZN|DK1","637.46","n/e"," ","676.08"
"04/10/2017 01:00:00 - 04/10/2017 02:00:00","BZN|DK1","637.05","n/e"," ","673.31"
"04/10/2017 02:00:00 - 04/10/2017 03:00:00","BZN|DK1","636.82","n/e"," ","673.34"
"04/10/2017 03:00:00 - 04/10/2017 04:00:00","BZN|DK1","637.63","n/e"," ","673.75"
"04/10/2017 04:00:00 - 04/10/2017 05:00:00","BZN|DK1","637.27","n/e"," ","672.48"
"04/10/2017 05:00:00 - 04/10/2017 06:00:00","BZN|DK1","636.34","n/e"," ","669.25"
"04/10/2017 06:00:00 - 04/10/2017 07:00:00","BZN|DK1","637.08","n/e"," ","673.67"
"04/10/2017 07:00:00 - 04/10/2017 08:00:00","BZN|DK1","635.93","n/e"," ","683.17"
"04/10/2017 08:00:00 - 04/10/2017 09:00:00","BZN|DK1","642.47","n/e"," ","737.94"
"04/10/2017 09:00:00 - 04/10/2017 10:00:00","BZN|DK1","741.88","n/e"," ","788.90"
"04/10/2017 10:00:00 - 04/10/2017 11:00:00","BZN|DK1","742.63","n/e"," ","780.34"
"04/10/2017 11:00:00 - 04/10/2017 12:00:00","BZN|DK1","743.54","n/e"," ","780.89"
"04/10/2017 12:00:00 - 04/10/2017 13:00:00","BZN|DK1","744.00","n/e"," ","776.03"
"04/10/2017 13:00:00 - 04/10/2017 14:00:00","BZN|DK1","743.04","n/e"," ","681.96"
"04/10/2017 14:00:00 - 04/10/2017 15:00:00","BZN|DK1","743.00","n/e"," ","676.28"
"04/10/2017 15:00:00 - 04/10/2017 16:00:00","BZN|DK1","743.21","n/e"," ","673.51"
"04/10/2017 16:00:00 - 04/10/2017 17:00:00","BZN|DK1","744.00","n/e"," ","671.06"
"04/10/2017 17:00:00 - 04/10/2017 18:00:00","BZN|DK1","744.00","n/e"," ","680.41"
"04/10/2017 18:00:00 - 04/10/2017 19:00:00","BZN|DK1","744.46","n/e"," ","674.11"
"04/10/2017 19:00:00 - 04/10/2017 20:00:00","BZN|DK1","745.00","n/e"," ","672.59"
"04/10/2017 20:00:00 - 04/10/2017 21:00:00","BZN|DK1","745.00","n/e"," ","585.09"
"04/10/2017 21:00:00 - 04/10/2017 22:00:00","BZN|DK1","744.46","n/e"," ","663.12"
"04/10/2017 22:00:00 - 04/10/2017 23:00:00","BZN|DK1","743.04","n/e"," ","629.63"
"04/10/2017 23:00:00 - 05/10/2017 00:00:00","BZN|DK1","740.13","n/e"," ","663.40"
"05/10/2017 00:00:00 - 05/10/2017 01:00:00","BZN|DK1","703.17","n/e"," ","668.86"
"05/10/2017 01:00:00 - 05/10/2017 02:00:00","BZN|DK1","628.36","n/e"," ","666.05"
"05/10/2017 02:00:00 - 05/10/2017 03:00:00","BZN|DK1","627.04","n/e"," ","667.09"
"05/10/2017 03:00:00 - 05/10/2017 04:00:00","BZN|DK1","615.20","n/e"," ","652.40"
"05/10/2017 04:00:00 - 05/10/2017 05:00:00","BZN|DK1","537.65","n/e"," ","564.69"
"05/10/2017 05:00:00 - 05/10/2017 06:00:00","BZN|DK1","450.72","n/e"," ","472.48"
"05/10/2017 06:00:00 - 05/10/2017 07:00:00","BZN|DK1","389.18","n/e"," ","417.68"
"05/10/2017 07:00:00 - 05/10/2017 08:00:00","BZN|DK1","369.63","n/e"," ","396.83"
"05/10/2017 08:00:00 - 05/10/2017 09:00:00","BZN|DK1","316.58","n/e"," ","329.91"
"05/10/2017 09:00:00 - 05/10/2017 10:00:00","BZN|DK1","291.00","n/e"," ","280.29"
"05/10/2017 10:00:00 - 05/10/2017 11:00:00","BZN|DK1","343.79","n/e"," ","321.48"
"05/10/2017 11:00:00 - 05/10/2017 12:00:00","BZN|DK1","414.67","n/e"," ","343.92"
"05/10/2017 12:00:00 - 05/10/2017 13:00:00","BZN|DK1","519.71","n/e"," ","464.01"
"05/10/2017 13:00:00 - 05/10/2017 14:00:00","BZN|DK1","597.67","n/e"," ","559.72"
"05/10/2017 14:00:00 - 05/10/2017 15:00:00","BZN|DK1","641.88","n/e"," ","608.22"
"05/10/2017 15:00:00 - 05/10/2017 16:00:00","BZN|DK1","673.96","n/e"," ","575.27"
"05/10/2017 16:00:00 - 05/10/2017 17:00:00","BZN|DK1","686.54","n/e"," ","594.60"
"05/10/2017 17:00:00 - 05/10/2017 18:00:00","BZN|DK1","712.08","n/e"," ","620.06"
"05/10/2017 18:00:00 - 05/10/2017 19:00:00","BZN|DK1","730.96","n/e"," ","658.77"
"05/10/2017 19:00:00 - 05/10/2017 20:00:00","BZN|DK1","731.13","n/e"," ","594.41"
"05/10/2017 20:00:00 - 05/10/2017 21:00:00","BZN|DK1","724.96","n/e"," ","590.77"
"05/10/2017 21:00:00 - 05/10/2017 22:00:00","BZN|DK1","706.38","n/e"," ","638.52"
"05/10/2017 22:00:00 - 05/10/2017 23:00:00","BZN|DK1","680.83","n/e"," ","744.55"
"05/10/2017 23:00:00 - 06/10/2017 00:00:00","BZN|DK1","649.21","n/e"," ","685.28"
"06/10/2017 00:00:00 - 06/10/2017 01:00:00","BZN|DK1","637.28","n/e"," ","686.56"
"06/10/2017 01:00:00 - 06/10/2017 02:00:00","BZN|DK1","594.29","n/e"," ","648.57"
"06/10/2017 02:00:00 - 06/10/2017 03:00:00","BZN|DK1","545.98","n/e"," ","604.34"
"06/10/2017 03:00:00 - 06/10/2017 04:00:00","BZN|DK1","558.28","n/e"," ","613.17"
"06/10/2017 04:00:00 - 06/10/2017 05:00:00","BZN|DK1","515.86","n/e"," ","565.24"
"06/10/2017 05:00:00 - 06/10/2017 06:00:00","BZN|DK1","474.57","n/e"," ","517.06"
"06/10/2017 06:00:00 - 06/10/2017 07:00:00","BZN|DK1","479.42","n/e"," ","521.87"
"06/10/2017 07:00:00 - 06/10/2017 08:00:00","BZN|DK1","499.65","n/e"," ","535.16"
"06/10/2017 08:00:00 - 06/10/2017 09:00:00","BZN|DK1","498.12","n/e"," ","552.72"
"06/10/2017 09:00:00 - 06/10/2017 10:00:00","BZN|DK1","526.04","n/e"," ","608.72"
"06/10/2017 10:00:00 - 06/10/2017 11:00:00","BZN|DK1","590.38","n/e"," ","584.82"
"06/10/2017 11:00:00 - 06/10/2017 12:00:00","BZN|DK1","602.42","n/e"," ","686.82"
"06/10/2017 12:00:00 - 06/10/2017 13:00:00","BZN|DK1","604.83","n/e"," ","649.38"
"06/10/2017 13:00:00 - 06/10/2017 14:00:00","BZN|DK1","613.33","n/e"," ","629.29"
"06/10/2017 14:00:00 - 06/10/2017 15:00:00","BZN|DK1","631.38","n/e"," ","632.67"
"06/10/2017 15:00:00 - 06/10/2017 16:00:00","BZN|DK1","638.04","n/e"," ","457.06"
"06/10/2017 16:00:00 - 06/10/2017 17:00:00","BZN|DK1","620.33","n/e"," ","362.93"
"06/10/2017 17:00:00 - 06/10/2017 18:00:00","BZN|DK1","600.96","n/e"," ","502.93"
"06/10/2017 18:00:00 - 06/10/2017 19:00:00","BZN|DK1","571.17","n/e"," ","634.66"
"06/10/2017 19:00:00 - 06/10/2017 20:00:00","BZN|DK1","543.08","n/e"," ","607.58"
"06/10/2017 20:00:00 - 06/10/2017 21:00:00","BZN|DK1","520.54","n/e"," ","596.89"
"06/10/2017 21:00:00 - 06/10/2017 22:00:00","BZN|DK1","525.46","n/e"," ","547.65"
"06/10/2017 22:00:00 - 06/10/2017 23:00:00","BZN|DK1","576.17","n/e"," ","545.80"
"06/10/2017 23:00:00 - 07/10/2017 00:00:00","BZN|DK1","652.75","n/e"," ","700.45"
"07/10/2017 00:00:00 - 07/10/2017 01:00:00","BZN|DK1","562.63","n/e"," ","777.29"
"07/10/2017 01:00:00 - 07/10/2017 02:00:00","BZN|DK1","579.50","n/e"," ","778.18"
"07/10/2017 02:00:00 - 07/10/2017 03:00:00","BZN|DK1","581.04","n/e"," ","764.53"
"07/10/2017 03:00:00 - 07/10/2017 04:00:00","BZN|DK1","582.00","n/e"," ","758.16"
"07/10/2017 04:00:00 - 07/10/2017 05:00:00","BZN|DK1","582.00","n/e"," ","751.17"
"07/10/2017 05:00:00 - 07/10/2017 06:00:00","BZN|DK1","580.83","n/e"," ","753.32"
"07/10/2017 06:00:00 - 07/10/2017 07:00:00","BZN|DK1","578.54","n/e"," ","761.42"
"07/10/2017 07:00:00 - 07/10/2017 08:00:00","BZN|DK1","575.54","n/e"," ","717.67"
"07/10/2017 08:00:00 - 07/10/2017 09:00:00","BZN|DK1","572.54","n/e"," ","600.88"
"07/10/2017 09:00:00 - 07/10/2017 10:00:00","BZN|DK1","569.75","n/e"," ","617.63"
"07/10/2017 10:00:00 - 07/10/2017 11:00:00","BZN|DK1","558.25","n/e"," ","708.04"
"07/10/2017 11:00:00 - 07/10/2017 12:00:00","BZN|DK1","512.00","n/e"," ","588.14"
"07/10/2017 12:00:00 - 07/10/2017 13:00:00","BZN|DK1","414.54","n/e"," ","402.84"
"07/10/2017 13:00:00 - 07/10/2017 14:00:00","BZN|DK1","324.21","n/e"," ","300.57"
"07/10/2017 14:00:00 - 07/10/2017 15:00:00","BZN|DK1","269.13","n/e"," ","346.56"
"07/10/2017 15:00:00 - 07/10/2017 16:00:00","BZN|DK1","238.25","n/e"," ","324.32"
"07/10/2017 16:00:00 - 07/10/2017 17:00:00","BZN|DK1","228.38","n/e"," ","284.00"
"07/10/2017 17:00:00 - 07/10/2017 18:00:00","BZN|DK1","240.08","n/e"," ","295.27"
"07/10/2017 18:00:00 - 07/10/2017 19:00:00","BZN|DK1","272.08","n/e"," ","304.24"
"07/10/2017 19:00:00 - 07/10/2017 20:00:00","BZN|DK1","317.71","n/e"," ","358.78"
"07/10/2017 20:00:00 - 07/10/2017 21:00:00","BZN|DK1","367.42","n/e"," ","318.47"
"07/10/2017 21:00:00 - 07/10/2017 22:00:00","BZN|DK1","398.42","n/e"," ","452.24"
"07/10/2017 22:00:00 - 07/10/2017 23:00:00","BZN|DK1","418.25","n/e"," ","519.71"
"07/10/2017 23:00:00 - 08/10/2017 00:00:00","BZN|DK1","434.04","n/e"," ","555.14"
"08/10/2017 00:00:00 - 08/10/2017 01:00:00","BZN|DK1","502.30","n/e"," ","526.17"
"08/10/2017 01:00:00 - 08/10/2017 02:00:00","BZN|DK1","456.75","n/e"," ","497.35"
"08/10/2017 02:00:00 - 08/10/2017 03:00:00","BZN|DK1","457.30","n/e"," ","510.84"
"08/10/2017 03:00:00 - 08/10/2017 04:00:00","BZN|DK1","549.14","n/e"," ","583.45"
"08/10/2017 04:00:00 - 08/10/2017 05:00:00","BZN|DK1","515.00","n/e"," ","542.28"
"08/10/2017 05:00:00 - 08/10/2017 06:00:00","BZN|DK1","509.56","n/e"," ","544.67"
"08/10/2017 06:00:00 - 08/10/2017 07:00:00","BZN|DK1","506.33","n/e"," ","521.99"
"08/10/2017 07:00:00 - 08/10/2017 08:00:00","BZN|DK1","411.50","n/e"," ","434.97"
"08/10/2017 08:00:00 - 08/10/2017 09:00:00","BZN|DK1","396.33","n/e"," ","432.67"
"08/10/2017 09:00:00 - 08/10/2017 10:00:00","BZN|DK1","379.54","n/e"," ","407.87"
"08/10/2017 10:00:00 - 08/10/2017 11:00:00","BZN|DK1","389.83","n/e"," ","325.62"
"08/10/2017 11:00:00 - 08/10/2017 12:00:00","BZN|DK1","397.54","n/e"," ","348.70"
"08/10/2017 12:00:00 - 08/10/2017 13:00:00","BZN|DK1","409.54","n/e"," ","371.17"
"08/10/2017 13:00:00 - 08/10/2017 14:00:00","BZN|DK1","423.71","n/e"," ","372.69"
"08/10/2017 14:00:00 - 08/10/2017 15:00:00","BZN|DK1","442.96","n/e"," ","430.95"
"08/10/2017 15:00:00 - 08/10/2017 16:00:00","BZN|DK1","471.21","n/e"," ","449.54"
"08/10/2017 16:00:00 - 08/10/2017 17:00:00","BZN|DK1","497.13","n/e"," ","445.58"
"08/10/2017 17:00:00 - 08/10/2017 18:00:00","BZN|DK1","510.42","n/e"," ","438.19"
"08/10/2017 18:00:00 - 08/10/2017 19:00:00","BZN|DK1","512.46","n/e"," ","416.68"
"08/10/2017 19:00:00 - 08/10/2017 20:00:00","BZN|DK1","505.21","n/e"," ","336.40"
"08/10/2017 20:00:00 - 08/10/2017 21:00:00","BZN|DK1","484.58","n/e"," ","340.51"
"08/10/2017 21:00:00 - 08/10/2017 22:00:00","BZN|DK1","449.42","n/e"," ","322.54"
"08/10/2017 22:00:00 - 08/10/2017 23:00:00","BZN|DK1","410.96","n/e"," ","338.73"
"08/10/2017 23:00:00 - 09/10/2017 00:00:00","BZN|DK1","378.71","n/e"," ","397.38"
"09/10/2017 00:00:00 - 09/10/2017 01:00:00","BZN|DK1","379.92","n/e"," ","405.58"
"09/10/2017 01:00:00 - 09/10/2017 02:00:00","BZN|DK1","382.85","n/e"," ","421.46"
"09/10/2017 02:00:00 - 09/10/2017 03:00:00","BZN|DK1","405.46","n/e"," ","445.67"
"09/10/2017 03:00:00 - 09/10/2017 04:00:00","BZN|DK1","351.07","n/e"," ","378.20"
"09/10/2017 04:00:00 - 09/10/2017 05:00:00","BZN|DK1","249.91","n/e"," ","273.95"
"09/10/2017 05:00:00 - 09/10/2017 06:00:00","BZN|DK1","176.17","n/e"," ","195.79"
"09/10/2017 06:00:00 - 09/10/2017 07:00:00","BZN|DK1","132.98","n/e"," ","154.39"
"09/10/2017 07:00:00 - 09/10/2017 08:00:00","BZN|DK1","155.86","n/e"," ","179.82"
"09/10/2017 08:00:00 - 09/10/2017 09:00:00","BZN|DK1","147.43","n/e"," ","224.20"
"09/10/2017 09:00:00 - 09/10/2017 10:00:00","BZN|DK1","133.71","n/e"," ","261.01"
"09/10/2017 10:00:00 - 09/10/2017 11:00:00","BZN|DK1","123.88","n/e"," ","228.75"
"09/10/2017 11:00:00 - 09/10/2017 12:00:00","BZN|DK1","120.38","n/e"," ","214.02"
"09/10/2017 12:00:00 - 09/10/2017 13:00:00","BZN|DK1","108.13","n/e"," ","208.06"
"09/10/2017 13:00:00 - 09/10/2017 14:00:00","BZN|DK1","95.17","n/e"," ","206.04"
"09/10/2017 14:00:00 - 09/10/2017 15:00:00","BZN|DK1","84.83","n/e"," ","242.70"
"09/10/2017 15:00:00 - 09/10/2017 16:00:00","BZN|DK1","75.13","n/e"," ","205.87"
"09/10/2017 16:00:00 - 09/10/2017 17:00:00","BZN|DK1","60.46","n/e"," ","193.97"
"09/10/2017 17:00:00 - 09/10/2017 18:00:00","BZN|DK1","44.71","n/e"," ","163.07"
"09/10/2017 18:00:00 - 09/10/2017 19:00:00","BZN|DK1","23.04","n/e"," ","151.81"
"09/10/2017 19:00:00 - 09/10/2017 20:00:00","BZN|DK1","1.63","n/e"," ","124.08"
"09/10/2017 20:00:00 - 09/10/2017 21:00:00","BZN|DK1","2.92","n/e"," ","108.76"
"09/10/2017 21:00:00 - 09/10/2017 22:00:00","BZN|DK1","5.88","n/e"," ","86.92"
"09/10/2017 22:00:00 - 09/10/2017 23:00:00","BZN|DK1","10.79","n/e"," ","69.15"
"09/10/2017 23:00:00 - 10/10/2017 00:00:00","BZN|DK1","14.96","n/e"," ","54.02"
"10/10/2017 00:00:00 - 10/10/2017 01:00:00","BZN|DK1","67.94","n/e"," ","70.31"
"10/10/2017 01:00:00 - 10/10/2017 02:00:00","BZN|DK1","106.28","n/e"," ","111.90"
"10/10/2017 02:00:00 - 10/10/2017 03:00:00","BZN|DK1","116.48","n/e"," ","116.24"
"10/10/2017 03:00:00 - 10/10/2017 04:00:00","BZN|DK1","117.02","n/e"," ","123.57"
"10/10/2017 04:00:00 - 10/10/2017 05:00:00","BZN|DK1","119.26","n/e"," ","122.14"
"10/10/2017 05:00:00 - 10/10/2017 06:00:00","BZN|DK1","77.43","n/e"," ","67.36"
"10/10/2017 06:00:00 - 10/10/2017 07:00:00","BZN|DK1","30.70","n/e"," ","25.32"
"10/10/2017 07:00:00 - 10/10/2017 08:00:00","BZN|DK1","35.59","n/e"," ","39.47"
"10/10/2017 08:00:00 - 10/10/2017 09:00:00","BZN|DK1","45.68","n/e"," ","79.02"
"10/10/2017 09:00:00 - 10/10/2017 10:00:00","BZN|DK1","65.79","n/e"," ","77.36"
"10/10/2017 10:00:00 - 10/10/2017 11:00:00","BZN|DK1","107.38","n/e"," ","57.38"
"10/10/2017 11:00:00 - 10/10/2017 12:00:00","BZN|DK1","156.63","n/e"," ","114.68"
"10/10/2017 12:00:00 - 10/10/2017 13:00:00","BZN|DK1","221.54","n/e"," ","257.40"
"10/10/2017 13:00:00 - 10/10/2017 14:00:00","BZN|DK1","286.33","n/e"," ","267.79"
"10/10/2017 14:00:00 - 10/10/2017 15:00:00","BZN|DK1","339.88","n/e"," ","301.97"
"10/10/2017 15:00:00 - 10/10/2017 16:00:00","BZN|DK1","396.88","n/e"," ","376.73"
"10/10/2017 16:00:00 - 10/10/2017 17:00:00","BZN|DK1","448.54","n/e"," ","424.50"
"10/10/2017 17:00:00 - 10/10/2017 18:00:00","BZN|DK1","488.79","n/e"," ","457.60"
"10/10/2017 18:00:00 - 10/10/2017 19:00:00","BZN|DK1","550.29","n/e"," ","485.22"
"10/10/2017 19:00:00 - 10/10/2017 20:00:00","BZN|DK1","598.42","n/e"," ","579.29"
"10/10/2017 20:00:00 - 10/10/2017 21:00:00","BZN|DK1","653.17","n/e"," ","629.11"
"10/10/2017 21:00:00 - 10/10/2017 22:00:00","BZN|DK1","666.00","n/e"," ","715.89"
"10/10/2017 22:00:00 - 10/10/2017 23:00:00","BZN|DK1","653.46","n/e"," ","712.73"
"10/10/2017 23:00:00 - 11/10/2017 00:00:00","BZN|DK1","619.50","n/e"," ","665.97"
"11/10/2017 00:00:00 - 11/10/2017 01:00:00","BZN|DK1","574.76","n/e"," ","599.42"
"11/10/2017 01:00:00 - 11/10/2017 02:00:00","BZN|DK1","531.96","n/e"," ","545.31"
"11/10/2017 02:00:00 - 11/10/2017 03:00:00","BZN|DK1","433.87","n/e"," ","444.62"
"11/10/2017 03:00:00 - 11/10/2017 04:00:00","BZN|DK1","343.21","n/e"," ","352.34"
"11/10/2017 04:00:00 - 11/10/2017 05:00:00","BZN|DK1","276.68","n/e"," ","270.29"
"11/10/2017 05:00:00 - 11/10/2017 06:00:00","BZN|DK1","128.93","n/e"," ","124.27"
"11/10/2017 06:00:00 - 11/10/2017 07:00:00","BZN|DK1","192.31","n/e"," ","229.28"
"11/10/2017 07:00:00 - 11/10/2017 08:00:00","BZN|DK1","321.96","n/e"," ","353.66"
"11/10/2017 08:00:00 - 11/10/2017 09:00:00","BZN|DK1","333.29","n/e"," ","385.77"
"11/10/2017 09:00:00 - 11/10/2017 10:00:00","BZN|DK1","350.79","n/e"," ","353.53"
"11/10/2017 10:00:00 - 11/10/2017 11:00:00","BZN|DK1","374.96","n/e"," ","390.48"
"11/10/2017 11:00:00 - 11/10/2017 12:00:00","BZN|DK1","427.79","n/e"," ","452.06"
"11/10/2017 12:00:00 - 11/10/2017 13:00:00","BZN|DK1","468.42","n/e"," ","504.55"
"11/10/2017 13:00:00 - 11/10/2017 14:00:00","BZN|DK1","491.38","n/e"," ","531.75"
"11/10/2017 14:00:00 - 11/10/2017 15:00:00","BZN|DK1","514.96","n/e"," ","521.23"
"11/10/2017 15:00:00 - 11/10/2017 16:00:00","BZN|DK1","550.63","n/e"," ","557.47"
"11/10/2017 16:00:00 - 11/10/2017 17:00:00","BZN|DK1","597.38","n/e"," ","690.46"
"11/10/2017 17:00:00 - 11/10/2017 18:00:00","BZN|DK1","652.67","n/e"," ","751.89"
"11/10/2017 18:00:00 - 11/10/2017 19:00:00","BZN|DK1","698.79","n/e"," ","771.00"
"11/10/2017 19:00:00 - 11/10/2017 20:00:00","BZN|DK1","715.83","n/e"," ","717.73"
"11/10/2017 20:00:00 - 11/10/2017 21:00:00","BZN|DK1","726.71","n/e"," ","752.65"
"11/10/2017 21:00:00 - 11/10/2017 22:00:00","BZN|DK1","732.54","n/e"," ","716.94"
"11/10/2017 22:00:00 - 11/10/2017 23:00:00","BZN|DK1","735.33","n/e"," ","781.55"
"11/10/2017 23:00:00 - 12/10/2017 00:00:00","BZN|DK1","736.00","n/e"," ","777.77"
"12/10/2017 00:00:00 - 12/10/2017 01:00:00","BZN|DK1","728.02","n/e"," ","792.45"
"12/10/2017 01:00:00 - 12/10/2017 02:00:00","BZN|DK1","731.66","n/e"," ","779.35"
"12/10/2017 02:00:00 - 12/10/2017 03:00:00","BZN|DK1","732.33","n/e"," ","781.33"
"12/10/2017 03:00:00 - 12/10/2017 04:00:00","BZN|DK1","731.56","n/e"," ","775.21"
"12/10/2017 04:00:00 - 12/10/2017 05:00:00","BZN|DK1","731.60","n/e"," ","774.51"
"12/10/2017 05:00:00 - 12/10/2017 06:00:00","BZN|DK1","732.53","n/e"," ","774.36"
"12/10/2017 06:00:00 - 12/10/2017 07:00:00","BZN|DK1","704.29","n/e"," ","748.98"
"12/10/2017 07:00:00 - 12/10/2017 08:00:00","BZN|DK1","716.84","n/e"," ","789.95"
"12/10/2017 08:00:00 - 12/10/2017 09:00:00","BZN|DK1","730.50","n/e"," ","779.81"
"12/10/2017 09:00:00 - 12/10/2017 10:00:00","BZN|DK1","738.96","n/e"," ","781.45"
"12/10/2017 10:00:00 - 12/10/2017 11:00:00","BZN|DK1","745.54","n/e"," ","795.16"
"12/10/2017 11:00:00 - 12/10/2017 12:00:00","BZN|DK1","747.00","n/e"," ","783.45"
"12/10/2017 12:00:00 - 12/10/2017 13:00:00","BZN|DK1","747.54","n/e"," ","678.20"
"12/10/2017 13:00:00 - 12/10/2017 14:00:00","BZN|DK1","748.00","n/e"," ","674.40"
"12/10/2017 14:00:00 - 12/10/2017 15:00:00","BZN|DK1","747.08","n/e"," ","675.64"
"12/10/2017 15:00:00 - 12/10/2017 16:00:00","BZN|DK1","748.79","n/e"," ","773.53"
"12/10/2017 16:00:00 - 12/10/2017 17:00:00","BZN|DK1","748.04","n/e"," ","677.31"
"12/10/2017 17:00:00 - 12/10/2017 18:00:00","BZN|DK1","746.92","n/e"," ","774.67"
"12/10/2017 18:00:00 - 12/10/2017 19:00:00","BZN|DK1","743.29","n/e"," ","774.90"
"12/10/2017 19:00:00 - 12/10/2017 20:00:00","BZN|DK1","738.21","n/e"," ","775.49"
"12/10/2017 20:00:00 - 12/10/2017 21:00:00","BZN|DK1","731.46","n/e"," ","784.07"
"12/10/2017 21:00:00 - 12/10/2017 22:00:00","BZN|DK1","724.13","n/e"," ","752.94"
"12/10/2017 22:00:00 - 12/10/2017 23:00:00","BZN|DK1","708.54","n/e"," ","710.13"
"12/10/2017 23:00:00 - 13/10/2017 00:00:00","BZN|DK1","690.88","n/e"," ","652.32"
"13/10/2017 00:00:00 - 13/10/2017 01:00:00","BZN|DK1","628.55","n/e"," ","691.19"
"13/10/2017 01:00:00 - 13/10/2017 02:00:00","BZN|DK1","646.77","n/e"," ","687.55"
"13/10/2017 02:00:00 - 13/10/2017 03:00:00","BZN|DK1","576.12","n/e"," ","608.02"
"13/10/2017 03:00:00 - 13/10/2017 04:00:00","BZN|DK1","568.11","n/e"," ","579.39"
"13/10/2017 04:00:00 - 13/10/2017 05:00:00","BZN|DK1","470.23","n/e"," ","474.90"
"13/10/2017 05:00:00 - 13/10/2017 06:00:00","BZN|DK1","416.08","n/e"," ","435.89"
"13/10/2017 06:00:00 - 13/10/2017 07:00:00","BZN|DK1","390.52","n/e"," ","389.93"
"13/10/2017 07:00:00 - 13/10/2017 08:00:00","BZN|DK1","286.63","n/e"," ","288.75"
"13/10/2017 08:00:00 - 13/10/2017 09:00:00","BZN|DK1","301.05","n/e"," ","182.32"
"13/10/2017 09:00:00 - 13/10/2017 10:00:00","BZN|DK1","297.17","n/e"," ","226.60"
"13/10/2017 10:00:00 - 13/10/2017 11:00:00","BZN|DK1","320.38","n/e"," ","230.60"
"13/10/2017 11:00:00 - 13/10/2017 12:00:00","BZN|DK1","349.63","n/e"," ","305.31"
"13/10/2017 12:00:00 - 13/10/2017 13:00:00","BZN|DK1","381.54","n/e"," ","336.70"
"13/10/2017 13:00:00 - 13/10/2017 14:00:00","BZN|DK1","415.50","n/e"," ","404.08"
"13/10/2017 14:00:00 - 13/10/2017 15:00:00","BZN|DK1","461.08","n/e"," ","480.15"
"13/10/2017 15:00:00 - 13/10/2017 16:00:00","BZN|DK1","521.92","n/e"," ","562.84"
"13/10/2017 16:00:00 - 13/10/2017 17:00:00","BZN|DK1","588.71","n/e"," ","603.08"
"13/10/2017 17:00:00 - 13/10/2017 18:00:00","BZN|DK1","655.54","n/e"," ","721.77"
"13/10/2017 18:00:00 - 13/10/2017 19:00:00","BZN|DK1","708.46","n/e"," ","700.89"
"13/10/2017 19:00:00 - 13/10/2017 20:00:00","BZN|DK1","735.96","n/e"," ","709.01"
"13/10/2017 20:00:00 - 13/10/2017 21:00:00","BZN|DK1","749.54","n/e"," ","655.00"
"13/10/2017 21:00:00 - 13/10/2017 22:00:00","BZN|DK1","754.21","n/e"," ","659.70"
"13/10/2017 22:00:00 - 13/10/2017 23:00:00","BZN|DK1","757.08","n/e"," ","660.00"
"13/10/2017 23:00:00 - 14/10/2017 00:00:00","BZN|DK1","756.04","n/e"," ","630.58"
"14/10/2017 00:00:00 - 14/10/2017 01:00:00","BZN|DK1","559.95","n/e"," ","566.87"
"14/10/2017 01:00:00 - 14/10/2017 02:00:00","BZN|DK1","531.81","n/e"," ","561.12"
"14/10/2017 02:00:00 - 14/10/2017 03:00:00","BZN|DK1","605.03","n/e"," ","629.30"
"14/10/2017 03:00:00 - 14/10/2017 04:00:00","BZN|DK1","528.18","n/e"," ","566.33"
"14/10/2017 04:00:00 - 14/10/2017 05:00:00","BZN|DK1","549.79","n/e"," ","594.77"
"14/10/2017 05:00:00 - 14/10/2017 06:00:00","BZN|DK1","546.67","n/e"," ","575.71"
"14/10/2017 06:00:00 - 14/10/2017 07:00:00","BZN|DK1","506.66","n/e"," ","546.04"
"14/10/2017 07:00:00 - 14/10/2017 08:00:00","BZN|DK1","541.52","n/e"," ","579.71"
"14/10/2017 08:00:00 - 14/10/2017 09:00:00","BZN|DK1","572.29","n/e"," ","615.56"
"14/10/2017 09:00:00 - 14/10/2017 10:00:00","BZN|DK1","648.33","n/e"," ","605.60"
"14/10/2017 10:00:00 - 14/10/2017 11:00:00","BZN|DK1","647.29","n/e"," ","655.32"
"14/10/2017 11:00:00 - 14/10/2017 12:00:00","BZN|DK1","631.13","n/e"," ","613.41"
"14/10/2017 12:00:00 - 14/10/2017 13:00:00","BZN|DK1","609.83","n/e"," ","553.57"
"14/10/2017 13:00:00 - 14/10/2017 14:00:00","BZN|DK1","598.33","n/e"," ","516.32"
"14/10/2017 14:00:00 - 14/10/2017 15:00:00","BZN|DK1","591.46","n/e"," ","559.34"
"14/10/2017 15:00:00 - 14/10/2017 16:00:00","BZN|DK1","572.67","n/e"," ","485.35"
"14/10/2017 16:00:00 - 14/10/2017 17:00:00","BZN|DK1","533.46","n/e"," ","467.37"
"14/10/2017 17:00:00 - 14/10/2017 18:00:00","BZN|DK1","494.63","n/e"," ","432.39"
"14/10/2017 18:00:00 - 14/10/2017 19:00:00","BZN|DK1","460.83","n/e"," ","372.56"
"14/10/2017 19:00:00 - 14/10/2017 20:00:00","BZN|DK1","438.38","n/e"," ","410.07"
"14/10/2017 20:00:00 - 14/10/2017 21:00:00","BZN|DK1","421.08","n/e"," ","563.57"
"14/10/2017 21:00:00 - 14/10/2017 22:00:00","BZN|DK1","408.38","n/e"," ","514.75"
"14/10/2017 22:00:00 - 14/10/2017 23:00:00","BZN|DK1","390.96","n/e"," ","557.49"
"14/10/2017 23:00:00 - 15/10/2017 00:00:00","BZN|DK1","366.88","n/e"," ","380.02"
"15/10/2017 00:00:00 - 15/10/2017 01:00:00","BZN|DK1","299.63","n/e"," ","324.18"
"15/10/2017 01:00:00 - 15/10/2017 02:00:00","BZN|DK1","277.10","n/e"," ","309.07"
"15/10/2017 02:00:00 - 15/10/2017 03:00:00","BZN|DK1","329.37","n/e"," ","348.73"
"15/10/2017 03:00:00 - 15/10/2017 04:00:00","BZN|DK1","305.74","n/e"," ","314.93"
"15/10/2017 04:00:00 - 15/10/2017 05:00:00","BZN|DK1","224.30","n/e"," ","232.75"
"15/10/2017 05:00:00 - 15/10/2017 06:00:00","BZN|DK1","206.78","n/e"," ","209.27"
"15/10/2017 06:00:00 - 15/10/2017 07:00:00","BZN|DK1","149.74","n/e"," ","155.86"
"15/10/2017 07:00:00 - 15/10/2017 08:00:00","BZN|DK1","191.01","n/e"," ","207.86"
"15/10/2017 08:00:00 - 15/10/2017 09:00:00","BZN|DK1","219.21","n/e"," ","193.79"
"15/10/2017 09:00:00 - 15/10/2017 10:00:00","BZN|DK1","256.50","n/e"," ","152.22"
"15/10/2017 10:00:00 - 15/10/2017 11:00:00","BZN|DK1","300.38","n/e"," ","267.27"
"15/10/2017 11:00:00 - 15/10/2017 12:00:00","BZN|DK1","370.46","n/e"," ","336.25"
"15/10/2017 12:00:00 - 15/10/2017 13:00:00","BZN|DK1","448.38","n/e"," ","410.71"
"15/10/2017 13:00:00 - 15/10/2017 14:00:00","BZN|DK1","529.04","n/e"," ","628.86"
"15/10/2017 14:00:00 - 15/10/2017 15:00:00","BZN|DK1","596.79","n/e"," ","663.79"
"15/10/2017 15:00:00 - 15/10/2017 16:00:00","BZN|DK1","640.88","n/e"," ","655.01"
"15/10/2017 16:00:00 - 15/10/2017 17:00:00","BZN|DK1","665.83","n/e"," ","644.16"
"15/10/2017 17:00:00 - 15/10/2017 18:00:00","BZN|DK1","683.92","n/e"," ","708.73"
"15/10/2017 18:00:00 - 15/10/2017 19:00:00","BZN|DK1","695.08","n/e"," ","720.97"
"15/10/2017 19:00:00 - 15/10/2017 20:00:00","BZN|DK1","696.00","n/e"," ","720.67"
"15/10/2017 20:00:00 - 15/10/2017 21:00:00","BZN|DK1","696.58","n/e"," ","656.61"
"15/10/2017 21:00:00 - 15/10/2017 22:00:00","BZN|DK1","695.67","n/e"," ","653.98"
"15/10/2017 22:00:00 - 15/10/2017 23:00:00","BZN|DK1","684.58","n/e"," ","656.86"
"15/10/2017 23:00:00 - 16/10/2017 00:00:00","BZN|DK1","655.67","n/e"," ","695.87"
"16/10/2017 00:00:00 - 16/10/2017 01:00:00","BZN|DK1","570.74","n/e"," ","586.54"
"16/10/2017 01:00:00 - 16/10/2017 02:00:00","BZN|DK1","524.67","n/e"," ","525.54"
"16/10/2017 02:00:00 - 16/10/2017 03:00:00","BZN|DK1","338.00","n/e"," ","308.94"
"16/10/2017 03:00:00 - 16/10/2017 04:00:00","BZN|DK1","227.81","n/e"," ","249.37"
"16/10/2017 04:00:00 - 16/10/2017 05:00:00","BZN|DK1","204.70","n/e"," ","221.85"
"16/10/2017 05:00:00 - 16/10/2017 06:00:00","BZN|DK1","205.35","n/e"," ","221.17"
"16/10/2017 06:00:00 - 16/10/2017 07:00:00","BZN|DK1","198.62","n/e"," ","208.45"
"16/10/2017 07:00:00 - 16/10/2017 08:00:00","BZN|DK1","185.38","n/e"," ","196.26"
"16/10/2017 08:00:00 - 16/10/2017 09:00:00","BZN|DK1","197.62","n/e"," ","183.56"
"16/10/2017 09:00:00 - 16/10/2017 10:00:00","BZN|DK1","197.96","n/e"," ","167.00"
"16/10/2017 10:00:00 - 16/10/2017 11:00:00","BZN|DK1","185.13","n/e"," ","159.98"
"16/10/2017 11:00:00 - 16/10/2017 12:00:00","BZN|DK1","176.75","n/e"," ","192.43"
"16/10/2017 12:00:00 - 16/10/2017 13:00:00","BZN|DK1","181.13","n/e"," ","185.58"
"16/10/2017 13:00:00 - 16/10/2017 14:00:00","BZN|DK1","174.88","n/e"," ","182.16"
"16/10/2017 14:00:00 - 16/10/2017 15:00:00","BZN|DK1","157.38","n/e"," ","152.26"
"16/10/2017 15:00:00 - 16/10/2017 16:00:00","BZN|DK1","129.29","n/e"," ","142.34"
"16/10/2017 16:00:00 - 16/10/2017 17:00:00","BZN|DK1","113.08","n/e"," ","161.60"
"16/10/2017 17:00:00 - 16/10/2017 18:00:00","BZN|DK1","142.04","n/e"," ","160.48"
"16/10/2017 18:00:00 - 16/10/2017 19:00:00","BZN|DK1","208.08","n/e"," ","140.01"
"16/10/2017 19:00:00 - 16/10/2017 20:00:00","BZN|DK1","293.96","n/e"," ","152.69"
"16/10/2017 20:00:00 - 16/10/2017 21:00:00","BZN|DK1","382.46","n/e"," ","285.18"
"16/10/2017 21:00:00 - 16/10/2017 22:00:00","BZN|DK1","496.38","n/e"," ","424.25"
"16/10/2017 22:00:00 - 16/10/2017 23:00:00","BZN|DK1","621.13","n/e"," ","459.84"
"16/10/2017 23:00:00 - 17/10/2017 00:00:00","BZN|DK1","694.21","n/e"," ","523.87"
"17/10/2017 00:00:00 - 17/10/2017 01:00:00","BZN|DK1","515.45","n/e"," ","545.13"
"17/10/2017 01:00:00 - 17/10/2017 02:00:00","BZN|DK1","616.96","n/e"," ","635.50"
"17/10/2017 02:00:00 - 17/10/2017 03:00:00","BZN|DK1","718.88","n/e"," ","745.94"
"17/10/2017 03:00:00 - 17/10/2017 04:00:00","BZN|DK1","732.11","n/e"," ","770.34"
"17/10/2017 04:00:00 - 17/10/2017 05:00:00","BZN|DK1","730.78","n/e"," ","763.09"
"17/10/2017 05:00:00 - 17/10/2017 06:00:00","BZN|DK1","727.00","n/e"," ","757.22"
"17/10/2017 06:00:00 - 17/10/2017 07:00:00","BZN|DK1","598.36","n/e"," ","620.38"
"17/10/2017 07:00:00 - 17/10/2017 08:00:00","BZN|DK1","496.24","n/e"," ","529.33"
"17/10/2017 08:00:00 - 17/10/2017 09:00:00","BZN|DK1","583.52","n/e"," ","611.80"
"17/10/2017 09:00:00 - 17/10/2017 10:00:00","BZN|DK1","606.88","n/e"," ","628.09"
"17/10/2017 10:00:00 - 17/10/2017 11:00:00","BZN|DK1","682.17","n/e"," ","628.84"
"17/10/2017 11:00:00 - 17/10/2017 12:00:00","BZN|DK1","700.63","n/e"," ","677.14"
"17/10/2017 12:00:00 - 17/10/2017 13:00:00","BZN|DK1","701.00","n/e"," ","593.16"
"17/10/2017 13:00:00 - 17/10/2017 14:00:00","BZN|DK1","700.04","n/e"," ","703.97"
"17/10/2017 14:00:00 - 17/10/2017 15:00:00","BZN|DK1","699.21","n/e"," ","728.79"
"17/10/2017 15:00:00 - 17/10/2017 16:00:00","BZN|DK1","699.00","n/e"," ","718.55"
"17/10/2017 16:00:00 - 17/10/2017 17:00:00","BZN|DK1","699.00","n/e"," ","723.67"
"17/10/2017 17:00:00 - 17/10/2017 18:00:00","BZN|DK1","713.13","n/e"," ","717.45"
"17/10/2017 18:00:00 - 17/10/2017 19:00:00","BZN|DK1","740.38","n/e"," ","743.84"
"17/10/2017 19:00:00 - 17/10/2017 20:00:00","BZN|DK1","740.67","n/e"," ","734.25"
"17/10/2017 20:00:00 - 17/10/2017 21:00:00","BZN|DK1","741.54","n/e"," ","706.73"
"17/10/2017 21:00:00 - 17/10/2017 22:00:00","BZN|DK1","742.00","n/e"," ","679.78"
"17/10/2017 22:00:00 - 17/10/2017 23:00:00","BZN|DK1","741.04","n/e"," ","663.61"
"17/10/2017 23:00:00 - 18/10/2017 00:00:00","BZN|DK1","736.21","n/e"," ","660.38"
"18/10/2017 00:00:00 - 18/10/2017 01:00:00","BZN|DK1","705.99","n/e"," ","742.52"
"18/10/2017 01:00:00 - 18/10/2017 02:00:00","BZN|DK1","711.91","n/e"," ","752.56"
"18/10/2017 02:00:00 - 18/10/2017 03:00:00","BZN|DK1","729.13","n/e"," ","764.25"
"18/10/2017 03:00:00 - 18/10/2017 04:00:00","BZN|DK1","723.23","n/e"," ","756.33"
"18/10/2017 04:00:00 - 18/10/2017 05:00:00","BZN|DK1","628.92","n/e"," ","666.89"
"18/10/2017 05:00:00 - 18/10/2017 06:00:00","BZN|DK1","623.09","n/e"," ","667.12"
"18/10/2017 06:00:00 - 18/10/2017 07:00:00","BZN|DK1","597.21","n/e"," ","606.54"
"18/10/2017 07:00:00 - 18/10/2017 08:00:00","BZN|DK1","540.18","n/e"," ","559.79"
"18/10/2017 08:00:00 - 18/10/2017 09:00:00","BZN|DK1","446.16","n/e"," ","401.90"
"18/10/2017 09:00:00 - 18/10/2017 10:00:00","BZN|DK1","322.67","n/e"," ","228.87"
"18/10/2017 10:00:00 - 18/10/2017 11:00:00","BZN|DK1","218.96","n/e"," ","118.33"
"18/10/2017 11:00:00 - 18/10/2017 12:00:00","BZN|DK1","137.33","n/e"," ","67.89"
"18/10/2017 12:00:00 - 18/10/2017 13:00:00","BZN|DK1","85.17","n/e"," ","30.56"
"18/10/2017 13:00:00 - 18/10/2017 14:00:00","BZN|DK1","58.54","n/e"," ","16.16"
"18/10/2017 14:00:00 - 18/10/2017 15:00:00","BZN|DK1","49.25","n/e"," ","7.41"
"18/10/2017 15:00:00 - 18/10/2017 16:00:00","BZN|DK1","49.42","n/e"," ","11.21"
"18/10/2017 16:00:00 - 18/10/2017 17:00:00","BZN|DK1","50.00","n/e"," ","2.73"
"18/10/2017 17:00:00 - 18/10/2017 18:00:00","BZN|DK1","47.75","n/e"," ","1.96"
"18/10/2017 18:00:00 - 18/10/2017 19:00:00","BZN|DK1","46.46","n/e"," ","5.21"
"18/10/2017 19:00:00 - 18/10/2017 20:00:00","BZN|DK1","50.42","n/e"," ","3.80"
"18/10/2017 20:00:00 - 18/10/2017 21:00:00","BZN|DK1","57.38","n/e"," ","3.54"
"18/10/2017 21:00:00 - 18/10/2017 22:00:00","BZN|DK1","70.29","n/e"," ","17.19"
"18/10/2017 22:00:00 - 18/10/2017 23:00:00","BZN|DK1","89.50","n/e"," ","14.41"
"18/10/2017 23:00:00 - 19/10/2017 00:00:00","BZN|DK1","114.75","n/e"," ","28.81"
"19/10/2017 00:00:00 - 19/10/2017 01:00:00","BZN|DK1","49.67","n/e"," ","57.50"
"19/10/2017 01:00:00 - 19/10/2017 02:00:00","BZN|DK1","74.80","n/e"," ","79.32"
"19/10/2017 02:00:00 - 19/10/2017 03:00:00","BZN|DK1","81.65","n/e"," ","89.99"
"19/10/2017 03:00:00 - 19/10/2017 04:00:00","BZN|DK1","126.39","n/e"," ","137.94"
"19/10/2017 04:00:00 - 19/10/2017 05:00:00","BZN|DK1","173.93","n/e"," ","176.32"
"19/10/2017 05:00:00 - 19/10/2017 06:00:00","BZN|DK1","184.23","n/e"," ","191.43"
"19/10/2017 06:00:00 - 19/10/2017 07:00:00","BZN|DK1","214.00","n/e"," ","227.33"
"19/10/2017 07:00:00 - 19/10/2017 08:00:00","BZN|DK1","308.77","n/e"," ","327.29"
"19/10/2017 08:00:00 - 19/10/2017 09:00:00","BZN|DK1","408.75","n/e"," ","517.59"
"19/10/2017 09:00:00 - 19/10/2017 10:00:00","BZN|DK1","456.63","n/e"," ","513.91"
"19/10/2017 10:00:00 - 19/10/2017 11:00:00","BZN|DK1","507.33","n/e"," ","544.34"
"19/10/2017 11:00:00 - 19/10/2017 12:00:00","BZN|DK1","533.88","n/e"," ","494.49"
"19/10/2017 12:00:00 - 19/10/2017 13:00:00","BZN|DK1","543.50","n/e"," ","488.55"
"19/10/2017 13:00:00 - 19/10/2017 14:00:00","BZN|DK1","546.50","n/e"," ","467.17"
"19/10/2017 14:00:00 - 19/10/2017 15:00:00","BZN|DK1","553.04","n/e"," ","467.54"
"19/10/2017 15:00:00 - 19/10/2017 16:00:00","BZN|DK1","564.04","n/e"," ","434.36"
"19/10/2017 16:00:00 - 19/10/2017 17:00:00","BZN|DK1","595.67","n/e"," ","471.56"
"19/10/2017 17:00:00 - 19/10/2017 18:00:00","BZN|DK1","644.67","n/e"," ","675.65"
"19/10/2017 18:00:00 - 19/10/2017 19:00:00","BZN|DK1","691.58","n/e"," ","774.24"
"19/10/2017 19:00:00 - 19/10/2017 20:00:00","BZN|DK1","723.50","n/e"," ","780.43"
"19/10/2017 20:00:00 - 19/10/2017 21:00:00","BZN|DK1","733.08","n/e"," ","684.08"
"19/10/2017 21:00:00 - 19/10/2017 22:00:00","BZN|DK1","736.71","n/e"," ","761.03"
"19/10/2017 22:00:00 - 19/10/2017 23:00:00","BZN|DK1","739.88","n/e"," ","751.49"
"19/10/2017 23:00:00 - 20/10/2017 00:00:00","BZN|DK1","740.00","n/e"," ","763.83"
"20/10/2017 00:00:00 - 20/10/2017 01:00:00","BZN|DK1","709.29","n/e"," ","760.83"
"20/10/2017 01:00:00 - 20/10/2017 02:00:00","BZN|DK1","720.27","n/e"," ","766.91"
"20/10/2017 02:00:00 - 20/10/2017 03:00:00","BZN|DK1","716.38","n/e"," ","757.94"
"20/10/2017 03:00:00 - 20/10/2017 04:00:00","BZN|DK1","717.26","n/e"," ","763.55"
"20/10/2017 04:00:00 - 20/10/2017 05:00:00","BZN|DK1","713.40","n/e"," ","761.13"
"20/10/2017 05:00:00 - 20/10/2017 06:00:00","BZN|DK1","712.59","n/e"," ","758.56"
"20/10/2017 06:00:00 - 20/10/2017 07:00:00","BZN|DK1","711.07","n/e"," ","752.65"
"20/10/2017 07:00:00 - 20/10/2017 08:00:00","BZN|DK1","701.79","n/e"," ","761.96"
"20/10/2017 08:00:00 - 20/10/2017 09:00:00","BZN|DK1","721.33","n/e"," ","760.68"
"20/10/2017 09:00:00 - 20/10/2017 10:00:00","BZN|DK1","703.38","n/e"," ","739.12"
"20/10/2017 10:00:00 - 20/10/2017 11:00:00","BZN|DK1","679.88","n/e"," ","759.25"
"20/10/2017 11:00:00 - 20/10/2017 12:00:00","BZN|DK1","674.25","n/e"," ","773.64"
"20/10/2017 12:00:00 - 20/10/2017 13:00:00","BZN|DK1","663.67","n/e"," ","695.22"
"20/10/2017 13:00:00 - 20/10/2017 14:00:00","BZN|DK1","649.83","n/e"," ","756.51"
"20/10/2017 14:00:00 - 20/10/2017 15:00:00","BZN|DK1","630.42","n/e"," ","657.02"
"20/10/2017 15:00:00 - 20/10/2017 16:00:00","BZN|DK1","606.63","n/e"," ","629.35"
"20/10/2017 16:00:00 - 20/10/2017 17:00:00","BZN|DK1","581.50","n/e"," ","710.84"
"20/10/2017 17:00:00 - 20/10/2017 18:00:00","BZN|DK1","559.88","n/e"," ","595.55"
"20/10/2017 18:00:00 - 20/10/2017 19:00:00","BZN|DK1","534.71","n/e"," ","518.80"
"20/10/2017 19:00:00 - 20/10/2017 20:00:00","BZN|DK1","512.29","n/e"," ","514.64"
"20/10/2017 20:00:00 - 20/10/2017 21:00:00","BZN|DK1","507.42","n/e"," ","567.39"
"20/10/2017 21:00:00 - 20/10/2017 22:00:00","BZN|DK1","508.83","n/e"," ","477.96"
"20/10/2017 22:00:00 - 20/10/2017 23:00:00","BZN|DK1","511.88","n/e"," ","475.08"
"20/10/2017 23:00:00 - 21/10/2017 00:00:00","BZN|DK1","510.50","n/e"," ","518.44"
"21/10/2017 00:00:00 - 21/10/2017 01:00:00","BZN|DK1","492.69","n/e"," ","510.15"
"21/10/2017 01:00:00 - 21/10/2017 02:00:00","BZN|DK1","492.66","n/e"," ","502.26"
"21/10/2017 02:00:00 - 21/10/2017 03:00:00","BZN|DK1","443.12","n/e"," ","450.69"
"21/10/2017 03:00:00 - 21/10/2017 04:00:00","BZN|DK1","443.25","n/e"," ","455.97"
"21/10/2017 04:00:00 - 21/10/2017 05:00:00","BZN|DK1","454.20","n/e"," ","465.22"
"21/10/2017 05:00:00 - 21/10/2017 06:00:00","BZN|DK1","482.98","n/e"," ","492.58"
"21/10/2017 06:00:00 - 21/10/2017 07:00:00","BZN|DK1","491.98","n/e"," ","519.00"
"21/10/2017 07:00:00 - 21/10/2017 08:00:00","BZN|DK1","483.22","n/e"," ","522.68"
"21/10/2017 08:00:00 - 21/10/2017 09:00:00","BZN|DK1","446.83","n/e"," ","580.22"
"21/10/2017 09:00:00 - 21/10/2017 10:00:00","BZN|DK1","354.50","n/e"," ","675.03"
"21/10/2017 10:00:00 - 21/10/2017 11:00:00","BZN|DK1","417.00","n/e"," ","692.72"
"21/10/2017 11:00:00 - 21/10/2017 12:00:00","BZN|DK1","476.00","n/e"," ","719.77"
"21/10/2017 12:00:00 - 21/10/2017 13:00:00","BZN|DK1","552.04","n/e"," ","728.02"
"21/10/2017 13:00:00 - 21/10/2017 14:00:00","BZN|DK1","622.08","n/e"," ","748.51"
"21/10/2017 14:00:00 - 21/10/2017 15:00:00","BZN|DK1","654.96","n/e"," ","760.57"
"21/10/2017 15:00:00 - 21/10/2017 16:00:00","BZN|DK1","679.92","n/e"," ","765.31"
"21/10/2017 16:00:00 - 21/10/2017 17:00:00","BZN|DK1","702.21","n/e"," ","766.01"
"21/10/2017 17:00:00 - 21/10/2017 18:00:00","BZN|DK1","708.50","n/e"," ","780.08"
"21/10/2017 18:00:00 - 21/10/2017 19:00:00","BZN|DK1","696.54","n/e"," ","772.37"
"21/10/2017 19:00:00 - 21/10/2017 20:00:00","BZN|DK1","671.75","n/e"," ","654.39"
"21/10/2017 20:00:00 - 21/10/2017 21:00:00","BZN|DK1","656.04","n/e"," ","614.67"
"21/10/2017 21:00:00 - 21/10/2017 22:00:00","BZN|DK1","645.08","n/e"," ","678.56"
"21/10/2017 22:00:00 - 21/10/2017 23:00:00","BZN|DK1","641.25","n/e"," ","674.41"
"21/10/2017 23:00:00 - 22/10/2017 00:00:00","BZN|DK1","649.21","n/e"," ","668.24"
"22/10/2017 00:00:00 - 22/10/2017 01:00:00","BZN|DK1","668.83","n/e"," ","721.60"
"22/10/2017 01:00:00 - 22/10/2017 02:00:00","BZN|DK1","695.00","n/e"," ","735.12"
"22/10/2017 02:00:00 - 22/10/2017 03:00:00","BZN|DK1","697.75","n/e"," ","724.87"
"22/10/2017 03:00:00 - 22/10/2017 04:00:00","BZN|DK1","715.81","n/e"," ","749.60"
"22/10/2017 04:00:00 - 22/10/2017 05:00:00","BZN|DK1","717.46","n/e"," ","748.99"
"22/10/2017 05:00:00 - 22/10/2017 06:00:00","BZN|DK1","727.06","n/e"," ","754.54"
"22/10/2017 06:00:00 - 22/10/2017 07:00:00","BZN|DK1","722.24","n/e"," ","747.59"
"22/10/2017 07:00:00 - 22/10/2017 08:00:00","BZN|DK1","715.08","n/e"," ","734.04"
"22/10/2017 08:00:00 - 22/10/2017 09:00:00","BZN|DK1","689.80","n/e"," ","620.25"
"22/10/2017 09:00:00 - 22/10/2017 10:00:00","BZN|DK1","658.25","n/e"," ","521.61"
"22/10/2017 10:00:00 - 22/10/2017 11:00:00","BZN|DK1","622.04","n/e"," ","453.99"
"22/10/2017 11:00:00 - 22/10/2017 12:00:00","BZN|DK1","575.50","n/e"," ","388.36"
"22/10/2017 12:00:00 - 22/10/2017 13:00:00","BZN|DK1","518.67","n/e"," ","321.06"
"22/10/2017 13:00:00 - 22/10/2017 14:00:00","BZN|DK1","454.83","n/e"," ","310.70"
"22/10/2017 14:00:00 - 22/10/2017 15:00:00","BZN|DK1","398.13","n/e"," ","259.11"
"22/10/2017 15:00:00 - 22/10/2017 16:00:00","BZN|DK1","352.21","n/e"," ","233.87"
"22/10/2017 16:00:00 - 22/10/2017 17:00:00","BZN|DK1","212.21","n/e"," ","207.40"
"22/10/2017 17:00:00 - 22/10/2017 18:00:00","BZN|DK1","173.88","n/e"," ","71.06"
"22/10/2017 18:00:00 - 22/10/2017 19:00:00","BZN|DK1","139.63","n/e"," ","52.06"
"22/10/2017 19:00:00 - 22/10/2017 20:00:00","BZN|DK1","110.29","n/e"," ","65.23"
"22/10/2017 20:00:00 - 22/10/2017 21:00:00","BZN|DK1","94.00","n/e"," ","48.41"
"22/10/2017 21:00:00 - 22/10/2017 22:00:00","BZN|DK1","85.83","n/e"," ","18.57"
"22/10/2017 22:00:00 - 22/10/2017 23:00:00","BZN|DK1","82.33","n/e"," ","5.38"
"22/10/2017 23:00:00 - 23/10/2017 00:00:00","BZN|DK1","80.21","n/e"," ","4.24"
"23/10/2017 00:00:00 - 23/10/2017 01:00:00","BZN|DK1","3.71","n/e"," ","4.45"
"23/10/2017 01:00:00 - 23/10/2017 02:00:00","BZN|DK1","9.09","n/e"," ","12.25"
"23/10/2017 02:00:00 - 23/10/2017 03:00:00","BZN|DK1","19.86","n/e"," ","24.23"
"23/10/2017 03:00:00 - 23/10/2017 04:00:00","BZN|DK1","43.78","n/e"," ","47.84"
"23/10/2017 04:00:00 - 23/10/2017 05:00:00","BZN|DK1","59.60","n/e"," ","68.54"
"23/10/2017 05:00:00 - 23/10/2017 06:00:00","BZN|DK1","105.84","n/e"," ","117.63"
"23/10/2017 06:00:00 - 23/10/2017 07:00:00","BZN|DK1","167.48","n/e"," ","183.05"
"23/10/2017 07:00:00 - 23/10/2017 08:00:00","BZN|DK1","224.69","n/e"," ","247.50"
"23/10/2017 08:00:00 - 23/10/2017 09:00:00","BZN|DK1","276.48","n/e"," ","333.07"
"23/10/2017 09:00:00 - 23/10/2017 10:00:00","BZN|DK1","285.54","n/e"," ","285.14"
"23/10/2017 10:00:00 - 23/10/2017 11:00:00","BZN|DK1","283.38","n/e"," ","237.40"
"23/10/2017 11:00:00 - 23/10/2017 12:00:00","BZN|DK1","271.75","n/e"," ","249.90"
"23/10/2017 12:00:00 - 23/10/2017 13:00:00","BZN|DK1","264.63","n/e"," ","355.67"
"23/10/2017 13:00:00 - 23/10/2017 14:00:00","BZN|DK1","272.71","n/e"," ","415.33"
"23/10/2017 14:00:00 - 23/10/2017 15:00:00","BZN|DK1","295.25","n/e"," ","412.60"
"23/10/2017 15:00:00 - 23/10/2017 16:00:00","BZN|DK1","317.71","n/e"," ","389.19"
"23/10/2017 16:00:00 - 23/10/2017 17:00:00","BZN|DK1","335.33","n/e"," ","385.18"
"23/10/2017 17:00:00 - 23/10/2017 18:00:00","BZN|DK1","359.96","n/e"," ","323.70"
"23/10/2017 18:00:00 - 23/10/2017 19:00:00","BZN|DK1","389.33","n/e"," ","423.56"
"23/10/2017 19:00:00 - 23/10/2017 20:00:00","BZN|DK1","426.13","n/e"," ","467.93"
"23/10/2017 20:00:00 - 23/10/2017 21:00:00","BZN|DK1","442.13","n/e"," ","492.25"
"23/10/2017 21:00:00 - 23/10/2017 22:00:00","BZN|DK1","441.88","n/e"," ","454.58"
"23/10/2017 22:00:00 - 23/10/2017 23:00:00","BZN|DK1","436.25","n/e"," ","388.37"
"23/10/2017 23:00:00 - 24/10/2017 00:00:00","BZN|DK1","451.25","n/e"," ","395.78"
"24/10/2017 00:00:00 - 24/10/2017 01:00:00","BZN|DK1","479.69","n/e"," ","538.19"
"24/10/2017 01:00:00 - 24/10/2017 02:00:00","BZN|DK1","517.68","n/e"," ","552.77"
"24/10/2017 02:00:00 - 24/10/2017 03:00:00","BZN|DK1","523.80","n/e"," ","566.23"
"24/10/2017 03:00:00 - 24/10/2017 04:00:00","BZN|DK1","592.08","n/e"," ","644.05"
"24/10/2017 04:00:00 - 24/10/2017 05:00:00","BZN|DK1","585.80","n/e"," ","628.96"
"24/10/2017 05:00:00 - 24/10/2017 06:00:00","BZN|DK1","607.85","n/e"," ","647.98"
"24/10/2017 06:00:00 - 24/10/2017 07:00:00","BZN|DK1","607.35","n/e"," ","647.62"
"24/10/2017 07:00:00 - 24/10/2017 08:00:00","BZN|DK1","624.05","n/e"," ","687.12"
"24/10/2017 08:00:00 - 24/10/2017 09:00:00","BZN|DK1","648.67","n/e"," ","665.43"
"24/10/2017 09:00:00 - 24/10/2017 10:00:00","BZN|DK1","693.04","n/e"," ","737.31"
"24/10/2017 10:00:00 - 24/10/2017 11:00:00","BZN|DK1","709.75","n/e"," ","764.41"
"24/10/2017 11:00:00 - 24/10/2017 12:00:00","BZN|DK1","708.63","n/e"," ","746.97"
"24/10/2017 12:00:00 - 24/10/2017 13:00:00","BZN|DK1","704.75","n/e"," ","728.98"
"24/10/2017 13:00:00 - 24/10/2017 14:00:00","BZN|DK1","696.25","n/e"," ","754.97"
"24/10/2017 14:00:00 - 24/10/2017 15:00:00","BZN|DK1","680.58","n/e"," ","754.71"
"24/10/2017 15:00:00 - 24/10/2017 16:00:00","BZN|DK1","671.04","n/e"," ","743.77"
"24/10/2017 16:00:00 - 24/10/2017 17:00:00","BZN|DK1","669.00","n/e"," ","797.95"
"24/10/2017 17:00:00 - 24/10/2017 18:00:00","BZN|DK1","680.54","n/e"," ","785.96"
"24/10/2017 18:00:00 - 24/10/2017 19:00:00","BZN|DK1","694.75","n/e"," ","776.80"
"24/10/2017 19:00:00 - 24/10/2017 20:00:00","BZN|DK1","706.29","n/e"," ","748.53"
"24/10/2017 20:00:00 - 24/10/2017 21:00:00","BZN|DK1","708.79","n/e"," ","774.78"
"24/10/2017 21:00:00 - 24/10/2017 22:00:00","BZN|DK1","704.38","n/e"," ","672.19"
"24/10/2017 22:00:00 - 24/10/2017 23:00:00","BZN|DK1","692.54","n/e"," ","671.78"
"24/10/2017 23:00:00 - 25/10/2017 00:00:00","BZN|DK1","674.25","n/e"," ","643.90"
"25/10/2017 00:00:00 - 25/10/2017 01:00:00","BZN|DK1","622.06","n/e"," ","644.28"
"25/10/2017 01:00:00 - 25/10/2017 02:00:00","BZN|DK1","565.40","n/e"," ","584.80"
"25/10/2017 02:00:00 - 25/10/2017 03:00:00","BZN|DK1","483.66","n/e"," ","486.46"
"25/10/2017 03:00:00 - 25/10/2017 04:00:00","BZN|DK1","453.75","n/e"," ","492.07"
"25/10/2017 04:00:00 - 25/10/2017 05:00:00","BZN|DK1","507.10","n/e"," ","541.24"
"25/10/2017 05:00:00 - 25/10/2017 06:00:00","BZN|DK1","420.56","n/e"," ","418.97"
"25/10/2017 06:00:00 - 25/10/2017 07:00:00","BZN|DK1","325.06","n/e"," ","309.26"
"25/10/2017 07:00:00 - 25/10/2017 08:00:00","BZN|DK1","416.83","n/e"," ","462.26"
"25/10/2017 08:00:00 - 25/10/2017 09:00:00","BZN|DK1","482.43","n/e"," ","562.40"
"25/10/2017 09:00:00 - 25/10/2017 10:00:00","BZN|DK1","498.13","n/e"," ","632.20"
"25/10/2017 10:00:00 - 25/10/2017 11:00:00","BZN|DK1","477.63","n/e"," ","670.68"
"25/10/2017 11:00:00 - 25/10/2017 12:00:00","BZN|DK1","516.42","n/e"," ","734.14"
"25/10/2017 12:00:00 - 25/10/2017 13:00:00","BZN|DK1","540.83","n/e"," ","676.77"
"25/10/2017 13:00:00 - 25/10/2017 14:00:00","BZN|DK1","592.04","n/e"," ","761.23"
"25/10/2017 14:00:00 - 25/10/2017 15:00:00","BZN|DK1","682.83","n/e"," ","688.35"
"25/10/2017 15:00:00 - 25/10/2017 16:00:00","BZN|DK1","716.33","n/e"," ","760.04"
"25/10/2017 16:00:00 - 25/10/2017 17:00:00","BZN|DK1","718.38","n/e"," ","734.67"
"25/10/2017 17:00:00 - 25/10/2017 18:00:00","BZN|DK1","717.42","n/e"," ","733.71"
"25/10/2017 18:00:00 - 25/10/2017 19:00:00","BZN|DK1","719.88","n/e"," ","743.25"
"25/10/2017 19:00:00 - 25/10/2017 20:00:00","BZN|DK1","717.46","n/e"," ","745.66"
"25/10/2017 20:00:00 - 25/10/2017 21:00:00","BZN|DK1","715.08","n/e"," ","755.69"
"25/10/2017 21:00:00 - 25/10/2017 22:00:00","BZN|DK1","713.83","n/e"," ","661.27"
"25/10/2017 22:00:00 - 25/10/2017 23:00:00","BZN|DK1","713.00","n/e"," ","662.47"
"25/10/2017 23:00:00 - 26/10/2017 00:00:00","BZN|DK1","708.21","n/e"," ","655.18"
"26/10/2017 00:00:00 - 26/10/2017 01:00:00","BZN|DK1","696.96","n/e"," ","731.07"
"26/10/2017 01:00:00 - 26/10/2017 02:00:00","BZN|DK1","638.61","n/e"," ","653.92"
"26/10/2017 02:00:00 - 26/10/2017 03:00:00","BZN|DK1","605.46","n/e"," ","631.32"
"26/10/2017 03:00:00 - 26/10/2017 04:00:00","BZN|DK1","607.40","n/e"," ","647.17"
"26/10/2017 04:00:00 - 26/10/2017 05:00:00","BZN|DK1","661.14","n/e"," ","702.79"
"26/10/2017 05:00:00 - 26/10/2017 06:00:00","BZN|DK1","671.43","n/e"," ","710.36"
"26/10/2017 06:00:00 - 26/10/2017 07:00:00","BZN|DK1","620.37","n/e"," ","666.88"
"26/10/2017 07:00:00 - 26/10/2017 08:00:00","BZN|DK1","685.16","n/e"," ","716.94"
"26/10/2017 08:00:00 - 26/10/2017 09:00:00","BZN|DK1","683.73","n/e"," ","660.95"
"26/10/2017 09:00:00 - 26/10/2017 10:00:00","BZN|DK1","693.79","n/e"," ","667.43"
"26/10/2017 10:00:00 - 26/10/2017 11:00:00","BZN|DK1","703.46","n/e"," ","677.24"
"26/10/2017 11:00:00 - 26/10/2017 12:00:00","BZN|DK1","709.38","n/e"," ","688.40"
"26/10/2017 12:00:00 - 26/10/2017 13:00:00","BZN|DK1","715.92","n/e"," ","718.73"
"26/10/2017 13:00:00 - 26/10/2017 14:00:00","BZN|DK1","719.67","n/e"," ","733.72"
"26/10/2017 14:00:00 - 26/10/2017 15:00:00","BZN|DK1","720.21","n/e"," ","675.87"
"26/10/2017 15:00:00 - 26/10/2017 16:00:00","BZN|DK1","721.54","n/e"," ","747.45"
"26/10/2017 16:00:00 - 26/10/2017 17:00:00","BZN|DK1","724.00","n/e"," ","758.06"
"26/10/2017 17:00:00 - 26/10/2017 18:00:00","BZN|DK1","730.33","n/e"," ","751.68"
"26/10/2017 18:00:00 - 26/10/2017 19:00:00","BZN|DK1","739.13","n/e"," ","771.18"
"26/10/2017 19:00:00 - 26/10/2017 20:00:00","BZN|DK1","742.13","n/e"," ","772.22"
"26/10/2017 20:00:00 - 26/10/2017 21:00:00","BZN|DK1","744.67","n/e"," ","776.62"
"26/10/2017 21:00:00 - 26/10/2017 22:00:00","BZN|DK1","745.96","n/e"," ","776.11"
"26/10/2017 22:00:00 - 26/10/2017 23:00:00","BZN|DK1","746.00","n/e"," ","786.31"
"26/10/2017 23:00:00 - 27/10/2017 00:00:00","BZN|DK1","746.96","n/e"," ","797.55"
"27/10/2017 00:00:00 - 27/10/2017 01:00:00","BZN|DK1","744.14","n/e"," ","802.00"
"27/10/2017 01:00:00 - 27/10/2017 02:00:00","BZN|DK1","744.60","n/e"," ","807.48"
"27/10/2017 02:00:00 - 27/10/2017 03:00:00","BZN|DK1","744.95","n/e"," ","809.55"
"27/10/2017 03:00:00 - 27/10/2017 04:00:00","BZN|DK1","720.26","n/e"," ","763.59"
"27/10/2017 04:00:00 - 27/10/2017 05:00:00","BZN|DK1","714.85","n/e"," ","781.19"
"27/10/2017 05:00:00 - 27/10/2017 06:00:00","BZN|DK1","739.49","n/e"," ","782.06"
"27/10/2017 06:00:00 - 27/10/2017 07:00:00","BZN|DK1","638.92","n/e"," ","678.64"
"27/10/2017 07:00:00 - 27/10/2017 08:00:00","BZN|DK1","647.17","n/e"," ","686.60"
"27/10/2017 08:00:00 - 27/10/2017 09:00:00","BZN|DK1","721.47","n/e"," ","757.88"
"27/10/2017 09:00:00 - 27/10/2017 10:00:00","BZN|DK1","703.67","n/e"," ","728.27"
"27/10/2017 10:00:00 - 27/10/2017 11:00:00","BZN|DK1","669.38","n/e"," ","709.83"
"27/10/2017 11:00:00 - 27/10/2017 12:00:00","BZN|DK1","639.08","n/e"," ","613.36"
"27/10/2017 12:00:00 - 27/10/2017 13:00:00","BZN|DK1","615.42","n/e"," ","611.27"
"27/10/2017 13:00:00 - 27/10/2017 14:00:00","BZN|DK1","610.46","n/e"," ","621.47"
"27/10/2017 14:00:00 - 27/10/2017 15:00:00","BZN|DK1","621.08","n/e"," ","587.45"
"27/10/2017 15:00:00 - 27/10/2017 16:00:00","BZN|DK1","664.88","n/e"," ","555.79"
"27/10/2017 16:00:00 - 27/10/2017 17:00:00","BZN|DK1","726.29","n/e"," ","564.27"
"27/10/2017 17:00:00 - 27/10/2017 18:00:00","BZN|DK1","766.13","n/e"," ","680.33"
"27/10/2017 18:00:00 - 27/10/2017 19:00:00","BZN|DK1","776.17","n/e"," ","785.04"
"27/10/2017 19:00:00 - 27/10/2017 20:00:00","BZN|DK1","779.63","n/e"," ","689.53"
"27/10/2017 20:00:00 - 27/10/2017 21:00:00","BZN|DK1","780.00","n/e"," ","692.90"
"27/10/2017 21:00:00 - 27/10/2017 22:00:00","BZN|DK1","780.38","n/e"," ","684.76"
"27/10/2017 22:00:00 - 27/10/2017 23:00:00","BZN|DK1","781.00","n/e"," ","690.41"
"27/10/2017 23:00:00 - 28/10/2017 00:00:00","BZN|DK1","782.92","n/e"," ","790.13"
"28/10/2017 00:00:00 - 28/10/2017 01:00:00","BZN|DK1","642.33","n/e"," ","688.71"
"28/10/2017 01:00:00 - 28/10/2017 02:00:00","BZN|DK1","638.59","n/e"," ","686.40"
"28/10/2017 02:00:00 - 28/10/2017 03:00:00","BZN|DK1","637.72","n/e"," ","686.75"
"28/10/2017 03:00:00 - 28/10/2017 04:00:00","BZN|DK1","267.73","n/e"," ","307.93"
"28/10/2017 04:00:00 - 28/10/2017 05:00:00","BZN|DK1","256.01","n/e"," ","302.32"
"28/10/2017 05:00:00 - 28/10/2017 06:00:00","BZN|DK1","278.78","n/e"," ","320.18"
"28/10/2017 06:00:00 - 28/10/2017 07:00:00","BZN|DK1","251.80","n/e"," ","295.72"
"28/10/2017 07:00:00 - 28/10/2017 08:00:00","BZN|DK1","591.34","n/e"," ","669.73"
"28/10/2017 08:00:00 - 28/10/2017 09:00:00","BZN|DK1","642.88","n/e"," ","676.24"
"28/10/2017 09:00:00 - 28/10/2017 10:00:00","BZN|DK1","745.33","n/e"," ","681.80"
"28/10/2017 10:00:00 - 28/10/2017 11:00:00","BZN|DK1","746.58","n/e"," ","691.50"
"28/10/2017 11:00:00 - 28/10/2017 12:00:00","BZN|DK1","747.00","n/e"," ","702.61"
"28/10/2017 12:00:00 - 28/10/2017 13:00:00","BZN|DK1","376.50","n/e"," ","392.71"
"28/10/2017 13:00:00 - 28/10/2017 14:00:00","BZN|DK1","330.33","n/e"," ","404.80"
"28/10/2017 14:00:00 - 28/10/2017 15:00:00","BZN|DK1","329.00","n/e"," ","403.50"
"28/10/2017 15:00:00 - 28/10/2017 16:00:00","BZN|DK1","328.88","n/e"," ","402.86"
"28/10/2017 16:00:00 - 28/10/2017 17:00:00","BZN|DK1","357.71","n/e"," ","421.50"
"28/10/2017 17:00:00 - 28/10/2017 18:00:00","BZN|DK1","732.75","n/e"," ","799.94"
"28/10/2017 18:00:00 - 28/10/2017 19:00:00","BZN|DK1","749.00","n/e"," ","801.73"
"28/10/2017 19:00:00 - 28/10/2017 20:00:00","BZN|DK1","749.00","n/e"," ","795.16"
"28/10/2017 20:00:00 - 28/10/2017 21:00:00","BZN|DK1","747.50","n/e"," ","792.27"
"28/10/2017 21:00:00 - 28/10/2017 22:00:00","BZN|DK1","368.79","n/e"," ","419.64"
"28/10/2017 22:00:00 - 28/10/2017 23:00:00","BZN|DK1","325.04","n/e"," ","384.01"
"28/10/2017 23:00:00 - 29/10/2017 00:00:00","BZN|DK1","241.63","n/e"," ","283.68"
"29/10/2017 00:00:00 - 29/10/2017 01:00:00","BZN|DK1","221.06","n/e"," ","216.23"
"29/10/2017 01:00:00 - 29/10/2017 02:00:00 (CEST)","BZN|DK1","163.81","n/e"," ","134.70"
"29/10/2017 02:00:00 (CEST) - 29/10/2017 02:00:00 (CET)","BZN|DK1","75.63","n/e"," ","87.73"
"29/10/2017 02:00:00 (CET) - 29/10/2017 03:00:00","BZN|DK1","0.00","n/e"," ","25.13"
"29/10/2017 03:00:00 - 29/10/2017 04:00:00","BZN|DK1","0.00","n/e"," ","31.07"
"29/10/2017 04:00:00 - 29/10/2017 05:00:00","BZN|DK1","0.00","n/e"," ","26.51"
"29/10/2017 05:00:00 - 29/10/2017 06:00:00","BZN|DK1","25.00","n/e"," ","33.74"
"29/10/2017 06:00:00 - 29/10/2017 07:00:00","BZN|DK1","13.38","n/e"," ","53.80"
"29/10/2017 07:00:00 - 29/10/2017 08:00:00","BZN|DK1","392.14","n/e"," ","389.67"
"29/10/2017 08:00:00 - 29/10/2017 09:00:00","BZN|DK1","606.11","n/e"," ","742.80"
"29/10/2017 09:00:00 - 29/10/2017 10:00:00","BZN|DK1","665.63","n/e"," ","777.94"
"29/10/2017 10:00:00 - 29/10/2017 11:00:00","BZN|DK1","708.88","n/e"," ","789.97"
"29/10/2017 11:00:00 - 29/10/2017 12:00:00","BZN|DK1","732.50","n/e"," ","777.90"
"29/10/2017 12:00:00 - 29/10/2017 13:00:00","BZN|DK1","737.79","n/e"," ","774.48"
"29/10/2017 13:00:00 - 29/10/2017 14:00:00","BZN|DK1","740.00","n/e"," ","776.15"
"29/10/2017 14:00:00 - 29/10/2017 15:00:00","BZN|DK1","740.96","n/e"," ","780.54"
"29/10/2017 15:00:00 - 29/10/2017 16:00:00","BZN|DK1","741.96","n/e"," ","789.14"
"29/10/2017 16:00:00 - 29/10/2017 17:00:00","BZN|DK1","741.96","n/e"," ","799.32"
"29/10/2017 17:00:00 - 29/10/2017 18:00:00","BZN|DK1","744.04","n/e"," ","798.25"
"29/10/2017 18:00:00 - 29/10/2017 19:00:00","BZN|DK1","743.04","n/e"," ","798.08"
"29/10/2017 19:00:00 - 29/10/2017 20:00:00","BZN|DK1","743.00","n/e"," ","780.27"
"29/10/2017 20:00:00 - 29/10/2017 21:00:00","BZN|DK1","743.96","n/e"," ","790.67"
"29/10/2017 21:00:00 - 29/10/2017 22:00:00","BZN|DK1","745.50","n/e"," ","790.49"
"29/10/2017 22:00:00 - 29/10/2017 23:00:00","BZN|DK1","745.04","n/e"," ","795.64"
"29/10/2017 23:00:00 - 30/10/2017 00:00:00","BZN|DK1","743.08","n/e"," ","796.36"
"30/10/2017 00:00:00 - 30/10/2017 01:00:00","BZN|DK1","730.78","n/e"," ","793.03"
"30/10/2017 01:00:00 - 30/10/2017 02:00:00","BZN|DK1","729.74","n/e"," ","785.69"
"30/10/2017 02:00:00 - 30/10/2017 03:00:00","BZN|DK1","725.51","n/e"," ","776.55"
"30/10/2017 03:00:00 - 30/10/2017 04:00:00","BZN|DK1","719.81","n/e"," ","778.02"
"30/10/2017 04:00:00 - 30/10/2017 05:00:00","BZN|DK1","720.41","n/e"," ","770.43"
"30/10/2017 05:00:00 - 30/10/2017 06:00:00","BZN|DK1","707.22","n/e"," ","764.60"
"30/10/2017 06:00:00 - 30/10/2017 07:00:00","BZN|DK1","721.25","n/e"," ","778.13"
"30/10/2017 07:00:00 - 30/10/2017 08:00:00","BZN|DK1","723.32","n/e"," ","775.11"
"30/10/2017 08:00:00 - 30/10/2017 09:00:00","BZN|DK1","721.08","n/e"," ","770.95"
"30/10/2017 09:00:00 - 30/10/2017 10:00:00","BZN|DK1","709.83","n/e"," ","749.57"
"30/10/2017 10:00:00 - 30/10/2017 11:00:00","BZN|DK1","696.00","n/e"," ","753.37"
"30/10/2017 11:00:00 - 30/10/2017 12:00:00","BZN|DK1","679.04","n/e"," ","747.24"
"30/10/2017 12:00:00 - 30/10/2017 13:00:00","BZN|DK1","657.92","n/e"," ","710.65"
"30/10/2017 13:00:00 - 30/10/2017 14:00:00","BZN|DK1","641.50","n/e"," ","729.13"
"30/10/2017 14:00:00 - 30/10/2017 15:00:00","BZN|DK1","626.46","n/e"," ","687.06"
"30/10/2017 15:00:00 - 30/10/2017 16:00:00","BZN|DK1","596.33","n/e"," ","586.99"
"30/10/2017 16:00:00 - 30/10/2017 17:00:00","BZN|DK1","557.04","n/e"," ","499.31"
"30/10/2017 17:00:00 - 30/10/2017 18:00:00","BZN|DK1","504.29","n/e"," ","442.49"
"30/10/2017 18:00:00 - 30/10/2017 19:00:00","BZN|DK1","450.46","n/e"," ","412.85"
"30/10/2017 19:00:00 - 30/10/2017 20:00:00","BZN|DK1","394.54","n/e"," ","446.43"
"30/10/2017 20:00:00 - 30/10/2017 21:00:00","BZN|DK1","353.04","n/e"," ","411.14"
"30/10/2017 21:00:00 - 30/10/2017 22:00:00","BZN|DK1","322.96","n/e"," ","381.86"
"30/10/2017 22:00:00 - 30/10/2017 23:00:00","BZN|DK1","296.58","n/e"," ","339.40"
"30/10/2017 23:00:00 - 31/10/2017 00:00:00","BZN|DK1","270.29","n/e"," ","306.99"
"31/10/2017 00:00:00 - 31/10/2017 01:00:00","BZN|DK1","272.85","n/e"," ","302.36"
"31/10/2017 01:00:00 - 31/10/2017 02:00:00","BZN|DK1","268.08","n/e"," ","287.50"
"31/10/2017 02:00:00 - 31/10/2017 03:00:00","BZN|DK1","245.75","n/e"," ","279.98"
"31/10/2017 03:00:00 - 31/10/2017 04:00:00","BZN|DK1","217.67","n/e"," ","236.01"
"31/10/2017 04:00:00 - 31/10/2017 05:00:00","BZN|DK1","215.77","n/e"," ","239.23"
"31/10/2017 05:00:00 - 31/10/2017 06:00:00","BZN|DK1","230.59","n/e"," ","247.67"
"31/10/2017 06:00:00 - 31/10/2017 07:00:00","BZN|DK1","258.39","n/e"," ","285.95"
"31/10/2017 07:00:00 - 31/10/2017 08:00:00","BZN|DK1","300.90","n/e"," ","320.53"
"31/10/2017 08:00:00 - 31/10/2017 09:00:00","BZN|DK1","312.01","n/e"," ","374.46"
"31/10/2017 09:00:00 - 31/10/2017 10:00:00","BZN|DK1","332.08","n/e"," ","329.72"
"31/10/2017 10:00:00 - 31/10/2017 11:00:00","BZN|DK1","347.04","n/e"," ","350.11"
"31/10/2017 11:00:00 - 31/10/2017 12:00:00","BZN|DK1","349.75","n/e"," ","377.47"
"31/10/2017 12:00:00 - 31/10/2017 13:00:00","BZN|DK1","345.46","n/e"," ","357.65"
"31/10/2017 13:00:00 - 31/10/2017 14:00:00","BZN|DK1","326.17","n/e"," ","344.29"
"31/10/2017 14:00:00 - 31/10/2017 15:00:00","BZN|DK1","298.08","n/e"," ","282.30"
"31/10/2017 15:00:00 - 31/10/2017 16:00:00","BZN|DK1","275.38","n/e"," ","235.16"
"31/10/2017 16:00:00 - 31/10/2017 17:00:00","BZN|DK1","267.88","n/e"," ","225.84"
"31/10/2017 17:00:00 - 31/10/2017 18:00:00","BZN|DK1","272.17","n/e"," ","245.70"
"31/10/2017 18:00:00 - 31/10/2017 19:00:00","BZN|DK1","279.04","n/e"," ","274.66"
"31/10/2017 19:00:00 - 31/10/2017 20:00:00","BZN|DK1","294.00","n/e"," ","273.00"
"31/10/2017 20:00:00 - 31/10/2017 21:00:00","BZN|DK1","301.33","n/e"," ","254.53"
"31/10/2017 21:00:00 - 31/10/2017 22:00:00","BZN|DK1","307.67","n/e"," ","259.63"
"31/10/2017 22:00:00 - 31/10/2017 23:00:00","BZN|DK1","315.42","n/e"," ","277.54"
"31/10/2017 23:00:00 - 01/11/2017 00:00:00","BZN|DK1","331.79","n/e"," ","242.83"
"01/11/2017 00:00:00 - 01/11/2017 01:00:00","BZN|DK1","333.59","n/e"," ","358.38"
"01/11/2017 01:00:00 - 01/11/2017 02:00:00","BZN|DK1","336.83","n/e"," ","341.59"
"01/11/2017 02:00:00 - 01/11/2017 03:00:00","BZN|DK1","371.01","n/e"," ","390.44"
"01/11/2017 03:00:00 - 01/11/2017 04:00:00","BZN|DK1","359.72","n/e"," ","383.01"
"01/11/2017 04:00:00 - 01/11/2017 05:00:00","BZN|DK1","450.53","n/e"," ","471.55"
"01/11/2017 05:00:00 - 01/11/2017 06:00:00","BZN|DK1","458.04","n/e"," ","488.11"
"01/11/2017 06:00:00 - 01/11/2017 07:00:00","BZN|DK1","422.27","n/e"," ","432.19"
"01/11/2017 07:00:00 - 01/11/2017 08:00:00","BZN|DK1","469.49","n/e"," ","523.07"
"01/11/2017 08:00:00 - 01/11/2017 09:00:00","BZN|DK1","418.40","n/e"," ","543.89"
"01/11/2017 09:00:00 - 01/11/2017 10:00:00","BZN|DK1","518.29","n/e"," ","562.66"
"01/11/2017 10:00:00 - 01/11/2017 11:00:00","BZN|DK1","566.17","n/e"," ","598.58"
"01/11/2017 11:00:00 - 01/11/2017 12:00:00","BZN|DK1","610.83","n/e"," ","683.47"
"01/11/2017 12:00:00 - 01/11/2017 13:00:00","BZN|DK1","653.71","n/e"," ","710.43"
"01/11/2017 13:00:00 - 01/11/2017 14:00:00","BZN|DK1","691.50","n/e"," ","721.37"
"01/11/2017 14:00:00 - 01/11/2017 15:00:00","BZN|DK1","712.00","n/e"," ","615.18"
"01/11/2017 15:00:00 - 01/11/2017 16:00:00","BZN|DK1","711.04","n/e"," ","599.95"
"01/11/2017 16:00:00 - 01/11/2017 17:00:00","BZN|DK1","711.25","n/e"," ","640.25"
"01/11/2017 17:00:00 - 01/11/2017 18:00:00","BZN|DK1","712.63","n/e"," ","730.28"
"01/11/2017 18:00:00 - 01/11/2017 19:00:00","BZN|DK1","714.50","n/e"," ","655.86"
"01/11/2017 19:00:00 - 01/11/2017 20:00:00","BZN|DK1","719.13","n/e"," ","690.38"
"01/11/2017 20:00:00 - 01/11/2017 21:00:00","BZN|DK1","726.21","n/e"," ","714.14"
"01/11/2017 21:00:00 - 01/11/2017 22:00:00","BZN|DK1","731.67","n/e"," ","639.64"
"01/11/2017 22:00:00 - 01/11/2017 23:00:00","BZN|DK1","731.00","n/e"," ","582.95"
"01/11/2017 23:00:00 - 02/11/2017 00:00:00","BZN|DK1","728.08","n/e"," ","721.69"
"02/11/2017 00:00:00 - 02/11/2017 01:00:00","BZN|DK1","664.28","n/e"," ","719.43"
"02/11/2017 01:00:00 - 02/11/2017 02:00:00","BZN|DK1","656.74","n/e"," ","702.13"
"02/11/2017 02:00:00 - 02/11/2017 03:00:00","BZN|DK1","660.82","n/e"," ","678.60"
"02/11/2017 03:00:00 - 02/11/2017 04:00:00","BZN|DK1","664.31","n/e"," ","712.64"
"02/11/2017 04:00:00 - 02/11/2017 05:00:00","BZN|DK1","684.30","n/e"," ","758.35"
"02/11/2017 05:00:00 - 02/11/2017 06:00:00","BZN|DK1","681.73","n/e"," ","722.96"
"02/11/2017 06:00:00 - 02/11/2017 07:00:00","BZN|DK1","644.88","n/e"," ","681.91"
"02/11/2017 07:00:00 - 02/11/2017 08:00:00","BZN|DK1","652.63","n/e"," ","698.06"
"02/11/2017 08:00:00 - 02/11/2017 09:00:00","BZN|DK1","631.39","n/e"," ","722.68"
"02/11/2017 09:00:00 - 02/11/2017 10:00:00","BZN|DK1","635.67","n/e"," ","730.61"
"02/11/2017 10:00:00 - 02/11/2017 11:00:00","BZN|DK1","648.42","n/e"," ","754.27"
"02/11/2017 11:00:00 - 02/11/2017 12:00:00","BZN|DK1","637.00","n/e"," ","740.66"
"02/11/2017 12:00:00 - 02/11/2017 13:00:00","BZN|DK1","600.17","n/e"," ","723.67"
"02/11/2017 13:00:00 - 02/11/2017 14:00:00","BZN|DK1","534.04","n/e"," ","627.88"
"02/11/2017 14:00:00 - 02/11/2017 15:00:00","BZN|DK1","498.92","n/e"," ","562.36"
"02/11/2017 15:00:00 - 02/11/2017 16:00:00","BZN|DK1","475.67","n/e"," ","567.08"
"02/11/2017 16:00:00 - 02/11/2017 17:00:00","BZN|DK1","440.75","n/e"," ","575.30"
"02/11/2017 17:00:00 - 02/11/2017 18:00:00","BZN|DK1","407.29","n/e"," ","500.77"
"02/11/2017 18:00:00 - 02/11/2017 19:00:00","BZN|DK1","368.46","n/e"," ","446.56"
"02/11/2017 19:00:00 - 02/11/2017 20:00:00","BZN|DK1","317.29","n/e"," ","389.80"
"02/11/2017 20:00:00 - 02/11/2017 21:00:00","BZN|DK1","254.25","n/e"," ","287.69"
"02/11/2017 21:00:00 - 02/11/2017 22:00:00","BZN|DK1","190.21","n/e"," ","190.22"
"02/11/2017 22:00:00 - 02/11/2017 23:00:00","BZN|DK1","145.96","n/e"," ","104.19"
"02/11/2017 23:00:00 - 03/11/2017 00:00:00","BZN|DK1","116.63","n/e"," ","96.36"
"03/11/2017 00:00:00 - 03/11/2017 01:00:00","BZN|DK1","109.43","n/e"," ","126.46"
"03/11/2017 01:00:00 - 03/11/2017 02:00:00","BZN|DK1","103.39","n/e"," ","127.39"
"03/11/2017 02:00:00 - 03/11/2017 03:00:00","BZN|DK1","127.44","n/e"," ","143.61"
"03/11/2017 03:00:00 - 03/11/2017 04:00:00","BZN|DK1","178.93","n/e"," ","210.48"
"03/11/2017 04:00:00 - 03/11/2017 05:00:00","BZN|DK1","199.20","n/e"," ","218.34"
"03/11/2017 05:00:00 - 03/11/2017 06:00:00","BZN|DK1","236.66","n/e"," ","260.92"
"03/11/2017 06:00:00 - 03/11/2017 07:00:00","BZN|DK1","241.78","n/e"," ","251.78"
"03/11/2017 07:00:00 - 03/11/2017 08:00:00","BZN|DK1","273.62","n/e"," ","300.75"
"03/11/2017 08:00:00 - 03/11/2017 09:00:00","BZN|DK1","299.03","n/e"," ","359.36"
"03/11/2017 09:00:00 - 03/11/2017 10:00:00","BZN|DK1","295.83","n/e"," ","317.91"
"03/11/2017 10:00:00 - 03/11/2017 11:00:00","BZN|DK1","298.17","n/e"," ","308.13"
"03/11/2017 11:00:00 - 03/11/2017 12:00:00","BZN|DK1","325.83","n/e"," ","349.02"
"03/11/2017 12:00:00 - 03/11/2017 13:00:00","BZN|DK1","354.13","n/e"," ","304.45"
"03/11/2017 13:00:00 - 03/11/2017 14:00:00","BZN|DK1","369.83","n/e"," ","325.85"
"03/11/2017 14:00:00 - 03/11/2017 15:00:00","BZN|DK1","372.54","n/e"," ","279.94"
"03/11/2017 15:00:00 - 03/11/2017 16:00:00","BZN|DK1","378.33","n/e"," ","351.81"
"03/11/2017 16:00:00 - 03/11/2017 17:00:00","BZN|DK1","382.04","n/e"," ","276.62"
"03/11/2017 17:00:00 - 03/11/2017 18:00:00","BZN|DK1","412.25","n/e"," ","316.04"
"03/11/2017 18:00:00 - 03/11/2017 19:00:00","BZN|DK1","454.71","n/e"," ","438.74"
"03/11/2017 19:00:00 - 03/11/2017 20:00:00","BZN|DK1","494.38","n/e"," ","473.12"
"03/11/2017 20:00:00 - 03/11/2017 21:00:00","BZN|DK1","533.42","n/e"," ","517.91"
"03/11/2017 21:00:00 - 03/11/2017 22:00:00","BZN|DK1","569.88","n/e"," ","656.74"
"03/11/2017 22:00:00 - 03/11/2017 23:00:00","BZN|DK1","586.46","n/e"," ","644.98"
"03/11/2017 23:00:00 - 04/11/2017 00:00:00","BZN|DK1","588.46","n/e"," ","643.36"
"04/11/2017 00:00:00 - 04/11/2017 01:00:00","BZN|DK1","591.94","n/e"," ","622.82"
"04/11/2017 01:00:00 - 04/11/2017 02:00:00","BZN|DK1","580.00","n/e"," ","624.28"
"04/11/2017 02:00:00 - 04/11/2017 03:00:00","BZN|DK1","619.60","n/e"," ","658.07"
"04/11/2017 03:00:00 - 04/11/2017 04:00:00","BZN|DK1","519.30","n/e"," ","530.73"
"04/11/2017 04:00:00 - 04/11/2017 05:00:00","BZN|DK1","454.65","n/e"," ","466.29"
"04/11/2017 05:00:00 - 04/11/2017 06:00:00","BZN|DK1","428.56","n/e"," ","425.70"
"04/11/2017 06:00:00 - 04/11/2017 07:00:00","BZN|DK1","430.30","n/e"," ","504.17"
"04/11/2017 07:00:00 - 04/11/2017 08:00:00","BZN|DK1","560.98","n/e"," ","556.56"
"04/11/2017 08:00:00 - 04/11/2017 09:00:00","BZN|DK1","503.39","n/e"," ","402.51"
"04/11/2017 09:00:00 - 04/11/2017 10:00:00","BZN|DK1","580.54","n/e"," ","563.87"
"04/11/2017 10:00:00 - 04/11/2017 11:00:00","BZN|DK1","623.54","n/e"," ","654.18"
"04/11/2017 11:00:00 - 04/11/2017 12:00:00","BZN|DK1","611.21","n/e"," ","608.78"
"04/11/2017 12:00:00 - 04/11/2017 13:00:00","BZN|DK1","587.13","n/e"," ","629.08"
"04/11/2017 13:00:00 - 04/11/2017 14:00:00","BZN|DK1","579.38","n/e"," ","631.45"
"04/11/2017 14:00:00 - 04/11/2017 15:00:00","BZN|DK1","592.88","n/e"," ","539.58"
"04/11/2017 15:00:00 - 04/11/2017 16:00:00","BZN|DK1","616.58","n/e"," ","611.74"
"04/11/2017 16:00:00 - 04/11/2017 17:00:00","BZN|DK1","639.58","n/e"," ","651.54"
"04/11/2017 17:00:00 - 04/11/2017 18:00:00","BZN|DK1","666.58","n/e"," ","713.90"
"04/11/2017 18:00:00 - 04/11/2017 19:00:00","BZN|DK1","691.17","n/e"," ","720.17"
"04/11/2017 19:00:00 - 04/11/2017 20:00:00","BZN|DK1","691.58","n/e"," ","719.38"
"04/11/2017 20:00:00 - 04/11/2017 21:00:00","BZN|DK1","690.50","n/e"," ","742.86"
"04/11/2017 21:00:00 - 04/11/2017 22:00:00","BZN|DK1","689.00","n/e"," ","702.94"
"04/11/2017 22:00:00 - 04/11/2017 23:00:00","BZN|DK1","688.79","n/e"," ","629.83"
"04/11/2017 23:00:00 - 05/11/2017 00:00:00","BZN|DK1","682.67","n/e"," ","600.17"
"05/11/2017 00:00:00 - 05/11/2017 01:00:00","BZN|DK1","549.15","n/e"," ","581.19"
"05/11/2017 01:00:00 - 05/11/2017 02:00:00","BZN|DK1","515.11","n/e"," ","536.59"
"05/11/2017 02:00:00 - 05/11/2017 03:00:00","BZN|DK1","519.83","n/e"," ","539.86"
"05/11/2017 03:00:00 - 05/11/2017 04:00:00","BZN|DK1","475.33","n/e"," ","512.90"
"05/11/2017 04:00:00 - 05/11/2017 05:00:00","BZN|DK1","443.83","n/e"," ","474.20"
"05/11/2017 05:00:00 - 05/11/2017 06:00:00","BZN|DK1","457.02","n/e"," ","498.97"
"05/11/2017 06:00:00 - 05/11/2017 07:00:00","BZN|DK1","565.15","n/e"," ","629.62"
"05/11/2017 07:00:00 - 05/11/2017 08:00:00","BZN|DK1","453.91","n/e"," ","453.71"
"05/11/2017 08:00:00 - 05/11/2017 09:00:00","BZN|DK1","408.15","n/e"," ","269.99"
"05/11/2017 09:00:00 - 05/11/2017 10:00:00","BZN|DK1","360.33","n/e"," ","379.10"
"05/11/2017 10:00:00 - 05/11/2017 11:00:00","BZN|DK1","313.00","n/e"," ","344.08"
"05/11/2017 11:00:00 - 05/11/2017 12:00:00","BZN|DK1","249.50","n/e"," ","298.04"
"05/11/2017 12:00:00 - 05/11/2017 13:00:00","BZN|DK1","203.33","n/e"," ","227.67"
"05/11/2017 13:00:00 - 05/11/2017 14:00:00","BZN|DK1","180.13","n/e"," ","218.89"
"05/11/2017 14:00:00 - 05/11/2017 15:00:00","BZN|DK1","176.21","n/e"," ","227.08"
"05/11/2017 15:00:00 - 05/11/2017 16:00:00","BZN|DK1","179.04","n/e"," ","267.20"
"05/11/2017 16:00:00 - 05/11/2017 17:00:00","BZN|DK1","183.25","n/e"," ","234.90"
"05/11/2017 17:00:00 - 05/11/2017 18:00:00","BZN|DK1","190.54","n/e"," ","238.39"
"05/11/2017 18:00:00 - 05/11/2017 19:00:00","BZN|DK1","202.54","n/e"," ","220.55"
"05/11/2017 19:00:00 - 05/11/2017 20:00:00","BZN|DK1","208.88","n/e"," ","312.18"
"05/11/2017 20:00:00 - 05/11/2017 21:00:00","BZN|DK1","215.75","n/e"," ","306.52"
"05/11/2017 21:00:00 - 05/11/2017 22:00:00","BZN|DK1","226.88","n/e"," ","337.36"
"05/11/2017 22:00:00 - 05/11/2017 23:00:00","BZN|DK1","244.46","n/e"," ","283.95"
"05/11/2017 23:00:00 - 06/11/2017 00:00:00","BZN|DK1","268.46","n/e"," ","328.90"
"06/11/2017 00:00:00 - 06/11/2017 01:00:00","BZN|DK1","377.72","n/e"," ","418.45"
"06/11/2017 01:00:00 - 06/11/2017 02:00:00","BZN|DK1","404.48","n/e"," ","423.73"
"06/11/2017 02:00:00 - 06/11/2017 03:00:00","BZN|DK1","412.92","n/e"," ","447.51"
"06/11/2017 03:00:00 - 06/11/2017 04:00:00","BZN|DK1","472.04","n/e"," ","512.02"
"06/11/2017 04:00:00 - 06/11/2017 05:00:00","BZN|DK1","479.41","n/e"," ","503.14"
"06/11/2017 05:00:00 - 06/11/2017 06:00:00","BZN|DK1","433.38","n/e"," ","465.56"
"06/11/2017 06:00:00 - 06/11/2017 07:00:00","BZN|DK1","407.44","n/e"," ","418.69"
"06/11/2017 07:00:00 - 06/11/2017 08:00:00","BZN|DK1","369.55","n/e"," ","377.54"
"06/11/2017 08:00:00 - 06/11/2017 09:00:00","BZN|DK1","356.46","n/e"," ","396.07"
"06/11/2017 09:00:00 - 06/11/2017 10:00:00","BZN|DK1","390.71","n/e"," ","409.71"
"06/11/2017 10:00:00 - 06/11/2017 11:00:00","BZN|DK1","432.08","n/e"," ","423.18"
"06/11/2017 11:00:00 - 06/11/2017 12:00:00","BZN|DK1","428.67","n/e"," ","454.03"
"06/11/2017 12:00:00 - 06/11/2017 13:00:00","BZN|DK1","410.00","n/e"," ","420.29"
"06/11/2017 13:00:00 - 06/11/2017 14:00:00","BZN|DK1","390.92","n/e"," ","406.76"
"06/11/2017 14:00:00 - 06/11/2017 15:00:00","BZN|DK1","364.25","n/e"," ","412.51"
"06/11/2017 15:00:00 - 06/11/2017 16:00:00","BZN|DK1","327.50","n/e"," ","324.23"
"06/11/2017 16:00:00 - 06/11/2017 17:00:00","BZN|DK1","268.42","n/e"," ","248.05"
"06/11/2017 17:00:00 - 06/11/2017 18:00:00","BZN|DK1","204.46","n/e"," ","177.58"
"06/11/2017 18:00:00 - 06/11/2017 19:00:00","BZN|DK1","152.21","n/e"," ","163.37"
"06/11/2017 19:00:00 - 06/11/2017 20:00:00","BZN|DK1","124.46","n/e"," ","124.58"
"06/11/2017 20:00:00 - 06/11/2017 21:00:00","BZN|DK1","118.42","n/e"," ","97.69"
"06/11/2017 21:00:00 - 06/11/2017 22:00:00","BZN|DK1","113.38","n/e"," ","76.53"
"06/11/2017 22:00:00 - 06/11/2017 23:00:00","BZN|DK1","112.54","n/e"," ","79.32"
"06/11/2017 23:00:00 - 07/11/2017 00:00:00","BZN|DK1","120.79","n/e"," ","108.90"
"07/11/2017 00:00:00 - 07/11/2017 01:00:00","BZN|DK1","132.48","n/e"," ","153.87"
"07/11/2017 01:00:00 - 07/11/2017 02:00:00","BZN|DK1","161.06","n/e"," ","164.21"
"07/11/2017 02:00:00 - 07/11/2017 03:00:00","BZN|DK1","162.04","n/e"," ","188.62"
"07/11/2017 03:00:00 - 07/11/2017 04:00:00","BZN|DK1","140.52","n/e"," ","157.26"
"07/11/2017 04:00:00 - 07/11/2017 05:00:00","BZN|DK1","145.40","n/e"," ","158.29"
"07/11/2017 05:00:00 - 07/11/2017 06:00:00","BZN|DK1","180.97","n/e"," ","201.52"
"07/11/2017 06:00:00 - 07/11/2017 07:00:00","BZN|DK1","224.68","n/e"," ","248.03"
"07/11/2017 07:00:00 - 07/11/2017 08:00:00","BZN|DK1","293.26","n/e"," ","323.98"
"07/11/2017 08:00:00 - 07/11/2017 09:00:00","BZN|DK1","347.36","n/e"," ","304.04"
"07/11/2017 09:00:00 - 07/11/2017 10:00:00","BZN|DK1","376.83","n/e"," ","352.78"
"07/11/2017 10:00:00 - 07/11/2017 11:00:00","BZN|DK1","408.29","n/e"," ","334.04"
"07/11/2017 11:00:00 - 07/11/2017 12:00:00","BZN|DK1","427.08","n/e"," ","343.52"
"07/11/2017 12:00:00 - 07/11/2017 13:00:00","BZN|DK1","433.46","n/e"," ","382.96"
"07/11/2017 13:00:00 - 07/11/2017 14:00:00","BZN|DK1","432.33","n/e"," ","408.14"
"07/11/2017 14:00:00 - 07/11/2017 15:00:00","BZN|DK1","439.13","n/e"," ","332.98"
"07/11/2017 15:00:00 - 07/11/2017 16:00:00","BZN|DK1","456.75","n/e"," ","308.54"
"07/11/2017 16:00:00 - 07/11/2017 17:00:00","BZN|DK1","481.13","n/e"," ","334.64"
"07/11/2017 17:00:00 - 07/11/2017 18:00:00","BZN|DK1","498.21","n/e"," ","361.27"
"07/11/2017 18:00:00 - 07/11/2017 19:00:00","BZN|DK1","498.04","n/e"," ","375.57"
"07/11/2017 19:00:00 - 07/11/2017 20:00:00","BZN|DK1","484.42","n/e"," ","372.49"
"07/11/2017 20:00:00 - 07/11/2017 21:00:00","BZN|DK1","472.25","n/e"," ","406.66"
"07/11/2017 21:00:00 - 07/11/2017 22:00:00","BZN|DK1","466.50","n/e"," ","408.82"
"07/11/2017 22:00:00 - 07/11/2017 23:00:00","BZN|DK1","459.67","n/e"," ","427.29"
"07/11/2017 23:00:00 - 08/11/2017 00:00:00","BZN|DK1","446.46","n/e"," ","430.17"
"08/11/2017 00:00:00 - 08/11/2017 01:00:00","BZN|DK1","342.23","n/e"," ","350.29"
"08/11/2017 01:00:00 - 08/11/2017 02:00:00","BZN|DK1","297.95","n/e"," ","316.81"
"08/11/2017 02:00:00 - 08/11/2017 03:00:00","BZN|DK1","289.36","n/e"," ","303.24"
"08/11/2017 03:00:00 - 08/11/2017 04:00:00","BZN|DK1","249.31","n/e"," ","258.19"
"08/11/2017 04:00:00 - 08/11/2017 05:00:00","BZN|DK1","211.95","n/e"," ","227.37"
"08/11/2017 05:00:00 - 08/11/2017 06:00:00","BZN|DK1","203.28","n/e"," ","218.74"
"08/11/2017 06:00:00 - 08/11/2017 07:00:00","BZN|DK1","199.04","n/e"," ","210.11"
"08/11/2017 07:00:00 - 08/11/2017 08:00:00","BZN|DK1","137.72","n/e"," ","137.19"
"08/11/2017 08:00:00 - 08/11/2017 09:00:00","BZN|DK1","92.33","n/e"," ","71.44"
"08/11/2017 09:00:00 - 08/11/2017 10:00:00","BZN|DK1","80.79","n/e"," ","65.46"
"08/11/2017 10:00:00 - 08/11/2017 11:00:00","BZN|DK1","69.13","n/e"," ","39.93"
"08/11/2017 11:00:00 - 08/11/2017 12:00:00","BZN|DK1","45.96","n/e"," ","25.17"
"08/11/2017 12:00:00 - 08/11/2017 13:00:00","BZN|DK1","30.50","n/e"," ","14.77"
"08/11/2017 13:00:00 - 08/11/2017 14:00:00","BZN|DK1","22.00","n/e"," ","12.63"
"08/11/2017 14:00:00 - 08/11/2017 15:00:00","BZN|DK1","17.42","n/e"," ","8.41"
"08/11/2017 15:00:00 - 08/11/2017 16:00:00","BZN|DK1","18.25","n/e"," ","1.70"
"08/11/2017 16:00:00 - 08/11/2017 17:00:00","BZN|DK1","21.63","n/e"," ","0.21"
"08/11/2017 17:00:00 - 08/11/2017 18:00:00","BZN|DK1","24.92","n/e"," ","0.26"
"08/11/2017 18:00:00 - 08/11/2017 19:00:00","BZN|DK1","29.63","n/e"," ","1.58"
"08/11/2017 19:00:00 - 08/11/2017 20:00:00","BZN|DK1","40.67","n/e"," ","16.18"
"08/11/2017 20:00:00 - 08/11/2017 21:00:00","BZN|DK1","56.38","n/e"," ","55.61"
"08/11/2017 21:00:00 - 08/11/2017 22:00:00","BZN|DK1","74.38","n/e"," ","105.95"
"08/11/2017 22:00:00 - 08/11/2017 23:00:00","BZN|DK1","94.88","n/e"," ","182.52"
"08/11/2017 23:00:00 - 09/11/2017 00:00:00","BZN|DK1","115.00","n/e"," ","196.00"
"09/11/2017 00:00:00 - 09/11/2017 01:00:00","BZN|DK1","183.10","n/e"," ","196.04"
"09/11/2017 01:00:00 - 09/11/2017 02:00:00","BZN|DK1","201.25","n/e"," ","220.43"
"09/11/2017 02:00:00 - 09/11/2017 03:00:00","BZN|DK1","264.14","n/e"," ","295.37"
"09/11/2017 03:00:00 - 09/11/2017 04:00:00","BZN|DK1","356.65","n/e"," ","383.76"
"09/11/2017 04:00:00 - 09/11/2017 05:00:00","BZN|DK1","418.19","n/e"," ","456.38"
"09/11/2017 05:00:00 - 09/11/2017 06:00:00","BZN|DK1","462.42","n/e"," ","486.00"
"09/11/2017 06:00:00 - 09/11/2017 07:00:00","BZN|DK1","508.97","n/e"," ","540.58"
"09/11/2017 07:00:00 - 09/11/2017 08:00:00","BZN|DK1","604.78","n/e"," ","655.27"
"09/11/2017 08:00:00 - 09/11/2017 09:00:00","BZN|DK1","686.88","n/e"," ","690.85"
"09/11/2017 09:00:00 - 09/11/2017 10:00:00","BZN|DK1","706.54","n/e"," ","726.10"
"09/11/2017 10:00:00 - 09/11/2017 11:00:00","BZN|DK1","708.38","n/e"," ","798.18"
"09/11/2017 11:00:00 - 09/11/2017 12:00:00","BZN|DK1","715.08","n/e"," ","759.42"
"09/11/2017 12:00:00 - 09/11/2017 13:00:00","BZN|DK1","716.58","n/e"," ","786.46"
"09/11/2017 13:00:00 - 09/11/2017 14:00:00","BZN|DK1","706.50","n/e"," ","781.28"
"09/11/2017 14:00:00 - 09/11/2017 15:00:00","BZN|DK1","685.38","n/e"," ","733.59"
"09/11/2017 15:00:00 - 09/11/2017 16:00:00","BZN|DK1","650.88","n/e"," ","607.16"
"09/11/2017 16:00:00 - 09/11/2017 17:00:00","BZN|DK1","638.83","n/e"," ","722.49"
"09/11/2017 17:00:00 - 09/11/2017 18:00:00","BZN|DK1","649.50","n/e"," ","678.81"
"09/11/2017 18:00:00 - 09/11/2017 19:00:00","BZN|DK1","664.71","n/e"," ","667.23"
"09/11/2017 19:00:00 - 09/11/2017 20:00:00","BZN|DK1","668.29","n/e"," ","729.85"
"09/11/2017 20:00:00 - 09/11/2017 21:00:00","BZN|DK1","671.88","n/e"," ","762.82"
"09/11/2017 21:00:00 - 09/11/2017 22:00:00","BZN|DK1","674.58","n/e"," ","756.26"
"09/11/2017 22:00:00 - 09/11/2017 23:00:00","BZN|DK1","674.42","n/e"," ","748.05"
"09/11/2017 23:00:00 - 10/11/2017 00:00:00","BZN|DK1","675.42","n/e"," ","725.48"
"10/11/2017 00:00:00 - 10/11/2017 01:00:00","BZN|DK1","646.82","n/e"," ","674.52"
"10/11/2017 01:00:00 - 10/11/2017 02:00:00","BZN|DK1","639.39","n/e"," ","665.31"
"10/11/2017 02:00:00 - 10/11/2017 03:00:00","BZN|DK1","661.01","n/e"," ","696.47"
"10/11/2017 03:00:00 - 10/11/2017 04:00:00","BZN|DK1","681.90","n/e"," ","733.04"
"10/11/2017 04:00:00 - 10/11/2017 05:00:00","BZN|DK1","711.15","n/e"," ","740.85"
"10/11/2017 05:00:00 - 10/11/2017 06:00:00","BZN|DK1","667.20","n/e"," ","700.56"
"10/11/2017 06:00:00 - 10/11/2017 07:00:00","BZN|DK1","674.48","n/e"," ","716.54"
"10/11/2017 07:00:00 - 10/11/2017 08:00:00","BZN|DK1","704.52","n/e"," ","756.04"
"10/11/2017 08:00:00 - 10/11/2017 09:00:00","BZN|DK1","705.79","n/e"," ","686.38"
"10/11/2017 09:00:00 - 10/11/2017 10:00:00","BZN|DK1","716.75","n/e"," ","544.15"
"10/11/2017 10:00:00 - 10/11/2017 11:00:00","BZN|DK1","730.75","n/e"," ","700.27"
"10/11/2017 11:00:00 - 10/11/2017 12:00:00","BZN|DK1","736.38","n/e"," ","789.12"
"10/11/2017 12:00:00 - 10/11/2017 13:00:00","BZN|DK1","736.54","n/e"," ","774.59"
"10/11/2017 13:00:00 - 10/11/2017 14:00:00","BZN|DK1","739.71","n/e"," ","770.11"
"10/11/2017 14:00:00 - 10/11/2017 15:00:00","BZN|DK1","740.25","n/e"," ","758.09"
"10/11/2017 15:00:00 - 10/11/2017 16:00:00","BZN|DK1","741.21","n/e"," ","754.44"
"10/11/2017 16:00:00 - 10/11/2017 17:00:00","BZN|DK1","742.00","n/e"," ","754.26"
"10/11/2017 17:00:00 - 10/11/2017 18:00:00","BZN|DK1","745.83","n/e"," ","761.28"
"10/11/2017 18:00:00 - 10/11/2017 19:00:00","BZN|DK1","747.83","n/e"," ","710.55"
"10/11/2017 19:00:00 - 10/11/2017 20:00:00","BZN|DK1","748.29","n/e"," ","674.49"
"10/11/2017 20:00:00 - 10/11/2017 21:00:00","BZN|DK1","749.00","n/e"," ","767.23"
"10/11/2017 21:00:00 - 10/11/2017 22:00:00","BZN|DK1","748.04","n/e"," ","767.97"
"10/11/2017 22:00:00 - 10/11/2017 23:00:00","BZN|DK1","748.00","n/e"," ","767.29"
"10/11/2017 23:00:00 - 11/11/2017 00:00:00","BZN|DK1","747.04","n/e"," ","678.98"
"11/11/2017 00:00:00 - 11/11/2017 01:00:00","BZN|DK1","722.13","n/e"," ","786.46"
"11/11/2017 01:00:00 - 11/11/2017 02:00:00","BZN|DK1","722.23","n/e"," ","768.18"
"11/11/2017 02:00:00 - 11/11/2017 03:00:00","BZN|DK1","721.10","n/e"," ","768.33"
"11/11/2017 03:00:00 - 11/11/2017 04:00:00","BZN|DK1","718.23","n/e"," ","760.25"
"11/11/2017 04:00:00 - 11/11/2017 05:00:00","BZN|DK1","691.83","n/e"," ","738.95"
"11/11/2017 05:00:00 - 11/11/2017 06:00:00","BZN|DK1","706.24","n/e"," ","771.64"
"11/11/2017 06:00:00 - 11/11/2017 07:00:00","BZN|DK1","653.26","n/e"," ","706.53"
"11/11/2017 07:00:00 - 11/11/2017 08:00:00","BZN|DK1","688.87","n/e"," ","727.18"
"11/11/2017 08:00:00 - 11/11/2017 09:00:00","BZN|DK1","674.00","n/e"," ","747.09"
"11/11/2017 09:00:00 - 11/11/2017 10:00:00","BZN|DK1","680.00","n/e"," ","742.82"
"11/11/2017 10:00:00 - 11/11/2017 11:00:00","BZN|DK1","696.29","n/e"," ","746.97"
"11/11/2017 11:00:00 - 11/11/2017 12:00:00","BZN|DK1","696.13","n/e"," ","728.70"
"11/11/2017 12:00:00 - 11/11/2017 13:00:00","BZN|DK1","693.17","n/e"," ","705.99"
"11/11/2017 13:00:00 - 11/11/2017 14:00:00","BZN|DK1","700.71","n/e"," ","735.93"
"11/11/2017 14:00:00 - 11/11/2017 15:00:00","BZN|DK1","706.08","n/e"," ","764.34"
"11/11/2017 15:00:00 - 11/11/2017 16:00:00","BZN|DK1","710.83","n/e"," ","765.51"
"11/11/2017 16:00:00 - 11/11/2017 17:00:00","BZN|DK1","712.92","n/e"," ","765.92"
"11/11/2017 17:00:00 - 11/11/2017 18:00:00","BZN|DK1","715.88","n/e"," ","758.60"
"11/11/2017 18:00:00 - 11/11/2017 19:00:00","BZN|DK1","717.92","n/e"," ","766.83"
"11/11/2017 19:00:00 - 11/11/2017 20:00:00","BZN|DK1","719.92","n/e"," ","774.20"
"11/11/2017 20:00:00 - 11/11/2017 21:00:00","BZN|DK1","720.96","n/e"," ","746.39"
"11/11/2017 21:00:00 - 11/11/2017 22:00:00","BZN|DK1","721.00","n/e"," ","756.47"
"11/11/2017 22:00:00 - 11/11/2017 23:00:00","BZN|DK1","721.00","n/e"," ","745.84"
"11/11/2017 23:00:00 - 12/11/2017 00:00:00","BZN|DK1","721.00","n/e"," ","762.79"
"12/11/2017 00:00:00 - 12/11/2017 01:00:00","BZN|DK1","719.37","n/e"," ","773.22"
"12/11/2017 01:00:00 - 12/11/2017 02:00:00","BZN|DK1","704.39","n/e"," ","757.13"
"12/11/2017 02:00:00 - 12/11/2017 03:00:00","BZN|DK1","686.40","n/e"," ","736.78"
"12/11/2017 03:00:00 - 12/11/2017 04:00:00","BZN|DK1","661.69","n/e"," ","705.19"
"12/11/2017 04:00:00 - 12/11/2017 05:00:00","BZN|DK1","609.40","n/e"," ","641.85"
"12/11/2017 05:00:00 - 12/11/2017 06:00:00","BZN|DK1","561.06","n/e"," ","590.38"
"12/11/2017 06:00:00 - 12/11/2017 07:00:00","BZN|DK1","470.19","n/e"," ","490.55"
"12/11/2017 07:00:00 - 12/11/2017 08:00:00","BZN|DK1","391.05","n/e"," ","419.31"
"12/11/2017 08:00:00 - 12/11/2017 09:00:00","BZN|DK1","435.20","n/e"," ","358.55"
"12/11/2017 09:00:00 - 12/11/2017 10:00:00","BZN|DK1","396.50","n/e"," ","304.73"
"12/11/2017 10:00:00 - 12/11/2017 11:00:00","BZN|DK1","335.58","n/e"," ","276.05"
"12/11/2017 11:00:00 - 12/11/2017 12:00:00","BZN|DK1","290.67","n/e"," ","305.52"
"12/11/2017 12:00:00 - 12/11/2017 13:00:00","BZN|DK1","268.83","n/e"," ","198.28"
"12/11/2017 13:00:00 - 12/11/2017 14:00:00","BZN|DK1","273.71","n/e"," ","192.15"
"12/11/2017 14:00:00 - 12/11/2017 15:00:00","BZN|DK1","284.38","n/e"," ","241.33"
"12/11/2017 15:00:00 - 12/11/2017 16:00:00","BZN|DK1","290.17","n/e"," ","255.30"
"12/11/2017 16:00:00 - 12/11/2017 17:00:00","BZN|DK1","260.96","n/e"," ","392.93"
"12/11/2017 17:00:00 - 12/11/2017 18:00:00","BZN|DK1","238.25","n/e"," ","459.64"
"12/11/2017 18:00:00 - 12/11/2017 19:00:00","BZN|DK1","237.96","n/e"," ","443.13"
"12/11/2017 19:00:00 - 12/11/2017 20:00:00","BZN|DK1","261.17","n/e"," ","433.41"
"12/11/2017 20:00:00 - 12/11/2017 21:00:00","BZN|DK1","290.63","n/e"," ","425.56"
"12/11/2017 21:00:00 - 12/11/2017 22:00:00","BZN|DK1","320.29","n/e"," ","458.12"
"12/11/2017 22:00:00 - 12/11/2017 23:00:00","BZN|DK1","318.50","n/e"," ","494.57"
"12/11/2017 23:00:00 - 13/11/2017 00:00:00","BZN|DK1","302.58","n/e"," ","361.15"
"13/11/2017 00:00:00 - 13/11/2017 01:00:00","BZN|DK1","297.54","n/e"," ","318.16"
"13/11/2017 01:00:00 - 13/11/2017 02:00:00","BZN|DK1","315.69","n/e"," ","334.33"
"13/11/2017 02:00:00 - 13/11/2017 03:00:00","BZN|DK1","425.53","n/e"," ","466.01"
"13/11/2017 03:00:00 - 13/11/2017 04:00:00","BZN|DK1","466.36","n/e"," ","495.99"
"13/11/2017 04:00:00 - 13/11/2017 05:00:00","BZN|DK1","455.37","n/e"," ","482.09"
"13/11/2017 05:00:00 - 13/11/2017 06:00:00","BZN|DK1","434.12","n/e"," ","460.16"
"13/11/2017 06:00:00 - 13/11/2017 07:00:00","BZN|DK1","405.22","n/e"," ","439.91"
"13/11/2017 07:00:00 - 13/11/2017 08:00:00","BZN|DK1","406.20","n/e"," ","455.80"
"13/11/2017 08:00:00 - 13/11/2017 09:00:00","BZN|DK1","301.98","n/e"," ","305.72"
"13/11/2017 09:00:00 - 13/11/2017 10:00:00","BZN|DK1","237.29","n/e"," ","203.09"
"13/11/2017 10:00:00 - 13/11/2017 11:00:00","BZN|DK1","176.33","n/e"," ","249.29"
"13/11/2017 11:00:00 - 13/11/2017 12:00:00","BZN|DK1","143.96","n/e"," ","186.68"
"13/11/2017 12:00:00 - 13/11/2017 13:00:00","BZN|DK1","138.29","n/e"," ","124.79"
"13/11/2017 13:00:00 - 13/11/2017 14:00:00","BZN|DK1","156.25","n/e"," ","84.05"
"13/11/2017 14:00:00 - 13/11/2017 15:00:00","BZN|DK1","173.96","n/e"," ","112.90"
"13/11/2017 15:00:00 - 13/11/2017 16:00:00","BZN|DK1","183.13","n/e"," ","216.78"
"13/11/2017 16:00:00 - 13/11/2017 17:00:00","BZN|DK1","191.25","n/e"," ","329.55"
"13/11/2017 17:00:00 - 13/11/2017 18:00:00","BZN|DK1","193.00","n/e"," ","234.82"
"13/11/2017 18:00:00 - 13/11/2017 19:00:00","BZN|DK1","196.71","n/e"," ","256.64"
"13/11/2017 19:00:00 - 13/11/2017 20:00:00","BZN|DK1","176.29","n/e"," ","252.91"
"13/11/2017 20:00:00 - 13/11/2017 21:00:00","BZN|DK1","152.92","n/e"," ","214.33"
"13/11/2017 21:00:00 - 13/11/2017 22:00:00","BZN|DK1","136.17","n/e"," ","190.03"
"13/11/2017 22:00:00 - 13/11/2017 23:00:00","BZN|DK1","130.63","n/e"," ","194.33"
"13/11/2017 23:00:00 - 14/11/2017 00:00:00","BZN|DK1","135.25","n/e"," ","257.13"
"14/11/2017 00:00:00 - 14/11/2017 01:00:00","BZN|DK1","224.22","n/e"," ","247.15"
"14/11/2017 01:00:00 - 14/11/2017 02:00:00","BZN|DK1","196.54","n/e"," ","210.16"
"14/11/2017 02:00:00 - 14/11/2017 03:00:00","BZN|DK1","280.85","n/e"," ","298.25"
"14/11/2017 03:00:00 - 14/11/2017 04:00:00","BZN|DK1","392.93","n/e"," ","431.63"
"14/11/2017 04:00:00 - 14/11/2017 05:00:00","BZN|DK1","497.06","n/e"," ","525.56"
"14/11/2017 05:00:00 - 14/11/2017 06:00:00","BZN|DK1","578.20","n/e"," ","625.40"
"14/11/2017 06:00:00 - 14/11/2017 07:00:00","BZN|DK1","546.18","n/e"," ","583.19"
"14/11/2017 07:00:00 - 14/11/2017 08:00:00","BZN|DK1","557.89","n/e"," ","588.14"
"14/11/2017 08:00:00 - 14/11/2017 09:00:00","BZN|DK1","595.79","n/e"," ","634.78"
"14/11/2017 09:00:00 - 14/11/2017 10:00:00","BZN|DK1","656.58","n/e"," ","741.00"
"14/11/2017 10:00:00 - 14/11/2017 11:00:00","BZN|DK1","707.21","n/e"," ","735.45"
"14/11/2017 11:00:00 - 14/11/2017 12:00:00","BZN|DK1","713.63","n/e"," ","758.49"
"14/11/2017 12:00:00 - 14/11/2017 13:00:00","BZN|DK1","704.04","n/e"," ","723.12"
"14/11/2017 13:00:00 - 14/11/2017 14:00:00","BZN|DK1","691.17","n/e"," ","720.92"
"14/11/2017 14:00:00 - 14/11/2017 15:00:00","BZN|DK1","665.17","n/e"," ","724.65"
"14/11/2017 15:00:00 - 14/11/2017 16:00:00","BZN|DK1","633.88","n/e"," ","712.38"
"14/11/2017 16:00:00 - 14/11/2017 17:00:00","BZN|DK1","597.96","n/e"," ","668.81"
"14/11/2017 17:00:00 - 14/11/2017 18:00:00","BZN|DK1","563.67","n/e"," ","556.98"
"14/11/2017 18:00:00 - 14/11/2017 19:00:00","BZN|DK1","528.29","n/e"," ","531.49"
"14/11/2017 19:00:00 - 14/11/2017 20:00:00","BZN|DK1","503.33","n/e"," ","511.06"
"14/11/2017 20:00:00 - 14/11/2017 21:00:00","BZN|DK1","486.21","n/e"," ","484.07"
"14/11/2017 21:00:00 - 14/11/2017 22:00:00","BZN|DK1","474.33","n/e"," ","469.34"
"14/11/2017 22:00:00 - 14/11/2017 23:00:00","BZN|DK1","466.96","n/e"," ","432.83"
"14/11/2017 23:00:00 - 15/11/2017 00:00:00","BZN|DK1","462.42","n/e"," ","452.83"
"15/11/2017 00:00:00 - 15/11/2017 01:00:00","BZN|DK1","367.70","n/e"," ","367.15"
"15/11/2017 01:00:00 - 15/11/2017 02:00:00","BZN|DK1","380.87","n/e"," ","416.72"
"15/11/2017 02:00:00 - 15/11/2017 03:00:00","BZN|DK1","420.55","n/e"," ","432.39"
"15/11/2017 03:00:00 - 15/11/2017 04:00:00","BZN|DK1","380.22","n/e"," ","394.81"
"15/11/2017 04:00:00 - 15/11/2017 05:00:00","BZN|DK1","341.90","n/e"," ","344.28"
"15/11/2017 05:00:00 - 15/11/2017 06:00:00","BZN|DK1","287.81","n/e"," ","302.32"
"15/11/2017 06:00:00 - 15/11/2017 07:00:00","BZN|DK1","344.61","n/e"," ","354.62"
"15/11/2017 07:00:00 - 15/11/2017 08:00:00","BZN|DK1","345.10","n/e"," ","364.23"
"15/11/2017 08:00:00 - 15/11/2017 09:00:00","BZN|DK1","375.87","n/e"," ","426.24"
"15/11/2017 09:00:00 - 15/11/2017 10:00:00","BZN|DK1","383.08","n/e"," ","426.75"
"15/11/2017 10:00:00 - 15/11/2017 11:00:00","BZN|DK1","376.08","n/e"," ","381.37"
"15/11/2017 11:00:00 - 15/11/2017 12:00:00","BZN|DK1","378.13","n/e"," ","373.78"
"15/11/2017 12:00:00 - 15/11/2017 13:00:00","BZN|DK1","367.88","n/e"," ","392.93"
"15/11/2017 13:00:00 - 15/11/2017 14:00:00","BZN|DK1","342.38","n/e"," ","349.86"
"15/11/2017 14:00:00 - 15/11/2017 15:00:00","BZN|DK1","309.54","n/e"," ","354.49"
"15/11/2017 15:00:00 - 15/11/2017 16:00:00","BZN|DK1","275.71","n/e"," ","322.67"
"15/11/2017 16:00:00 - 15/11/2017 17:00:00","BZN|DK1","245.71","n/e"," ","206.69"
"15/11/2017 17:00:00 - 15/11/2017 18:00:00","BZN|DK1","231.33","n/e"," ","257.15"
"15/11/2017 18:00:00 - 15/11/2017 19:00:00","BZN|DK1","219.13","n/e"," ","281.69"
"15/11/2017 19:00:00 - 15/11/2017 20:00:00","BZN|DK1","189.88","n/e"," ","249.25"
"15/11/2017 20:00:00 - 15/11/2017 21:00:00","BZN|DK1","162.13","n/e"," ","211.64"
"15/11/2017 21:00:00 - 15/11/2017 22:00:00","BZN|DK1","138.54","n/e"," ","147.06"
"15/11/2017 22:00:00 - 15/11/2017 23:00:00","BZN|DK1","115.17","n/e"," ","129.78"
"15/11/2017 23:00:00 - 16/11/2017 00:00:00","BZN|DK1","102.88","n/e"," ","91.19"
"16/11/2017 00:00:00 - 16/11/2017 01:00:00","BZN|DK1","94.85","n/e"," ","89.83"
"16/11/2017 01:00:00 - 16/11/2017 02:00:00","BZN|DK1","93.03","n/e"," ","93.83"
"16/11/2017 02:00:00 - 16/11/2017 03:00:00","BZN|DK1","91.07","n/e"," ","93.49"
"16/11/2017 03:00:00 - 16/11/2017 04:00:00","BZN|DK1","78.48","n/e"," ","78.39"
"16/11/2017 04:00:00 - 16/11/2017 05:00:00","BZN|DK1","99.80","n/e"," ","100.59"
"16/11/2017 05:00:00 - 16/11/2017 06:00:00","BZN|DK1","150.20","n/e"," ","165.57"
"16/11/2017 06:00:00 - 16/11/2017 07:00:00","BZN|DK1","213.15","n/e"," ","223.48"
"16/11/2017 07:00:00 - 16/11/2017 08:00:00","BZN|DK1","217.52","n/e"," ","211.71"
"16/11/2017 08:00:00 - 16/11/2017 09:00:00","BZN|DK1","305.42","n/e"," ","276.54"
"16/11/2017 09:00:00 - 16/11/2017 10:00:00","BZN|DK1","444.13","n/e"," ","371.75"
"16/11/2017 10:00:00 - 16/11/2017 11:00:00","BZN|DK1","565.33","n/e"," ","401.73"
"16/11/2017 11:00:00 - 16/11/2017 12:00:00","BZN|DK1","613.71","n/e"," ","430.02"
"16/11/2017 12:00:00 - 16/11/2017 13:00:00","BZN|DK1","649.29","n/e"," ","580.27"
"16/11/2017 13:00:00 - 16/11/2017 14:00:00","BZN|DK1","688.21","n/e"," ","657.78"
"16/11/2017 14:00:00 - 16/11/2017 15:00:00","BZN|DK1","709.92","n/e"," ","715.42"
"16/11/2017 15:00:00 - 16/11/2017 16:00:00","BZN|DK1","721.63","n/e"," ","773.72"
"16/11/2017 16:00:00 - 16/11/2017 17:00:00","BZN|DK1","725.46","n/e"," ","765.53"
"16/11/2017 17:00:00 - 16/11/2017 18:00:00","BZN|DK1","729.75","n/e"," ","767.28"
"16/11/2017 18:00:00 - 16/11/2017 19:00:00","BZN|DK1","734.33","n/e"," ","774.07"
"16/11/2017 19:00:00 - 16/11/2017 20:00:00","BZN|DK1","734.00","n/e"," ","685.23"
"16/11/2017 20:00:00 - 16/11/2017 21:00:00","BZN|DK1","734.00","n/e"," ","788.17"
"16/11/2017 21:00:00 - 16/11/2017 22:00:00","BZN|DK1","734.00","n/e"," ","776.91"
"16/11/2017 22:00:00 - 16/11/2017 23:00:00","BZN|DK1","732.08","n/e"," ","776.19"
"16/11/2017 23:00:00 - 17/11/2017 00:00:00","BZN|DK1","730.08","n/e"," ","763.19"
"17/11/2017 00:00:00 - 17/11/2017 01:00:00","BZN|DK1","712.48","n/e"," ","747.22"
"17/11/2017 01:00:00 - 17/11/2017 02:00:00","BZN|DK1","727.19","n/e"," ","753.37"
"17/11/2017 02:00:00 - 17/11/2017 03:00:00","BZN|DK1","722.86","n/e"," ","751.36"
"17/11/2017 03:00:00 - 17/11/2017 04:00:00","BZN|DK1","716.74","n/e"," ","756.42"
"17/11/2017 04:00:00 - 17/11/2017 05:00:00","BZN|DK1","663.04","n/e"," ","696.81"
"17/11/2017 05:00:00 - 17/11/2017 06:00:00","BZN|DK1","697.30","n/e"," ","731.02"
"17/11/2017 06:00:00 - 17/11/2017 07:00:00","BZN|DK1","690.55","n/e"," ","736.34"
"17/11/2017 07:00:00 - 17/11/2017 08:00:00","BZN|DK1","702.87","n/e"," ","729.68"
"17/11/2017 08:00:00 - 17/11/2017 09:00:00","BZN|DK1","652.65","n/e"," ","712.44"
"17/11/2017 09:00:00 - 17/11/2017 10:00:00","BZN|DK1","651.54","n/e"," ","672.59"
"17/11/2017 10:00:00 - 17/11/2017 11:00:00","BZN|DK1","665.17","n/e"," ","683.41"
"17/11/2017 11:00:00 - 17/11/2017 12:00:00","BZN|DK1","669.88","n/e"," ","685.01"
"17/11/2017 12:00:00 - 17/11/2017 13:00:00","BZN|DK1","675.92","n/e"," ","675.89"
"17/11/2017 13:00:00 - 17/11/2017 14:00:00","BZN|DK1","682.67","n/e"," ","707.96"
"17/11/2017 14:00:00 - 17/11/2017 15:00:00","BZN|DK1","689.29","n/e"," ","717.59"
"17/11/2017 15:00:00 - 17/11/2017 16:00:00","BZN|DK1","693.08","n/e"," ","723.30"
"17/11/2017 16:00:00 - 17/11/2017 17:00:00","BZN|DK1","695.71","n/e"," ","715.32"
"17/11/2017 17:00:00 - 17/11/2017 18:00:00","BZN|DK1","709.63","n/e"," ","736.79"
"17/11/2017 18:00:00 - 17/11/2017 19:00:00","BZN|DK1","727.83","n/e"," ","751.27"
"17/11/2017 19:00:00 - 17/11/2017 20:00:00","BZN|DK1","731.88","n/e"," ","766.43"
"17/11/2017 20:00:00 - 17/11/2017 21:00:00","BZN|DK1","735.00","n/e"," ","753.46"
"17/11/2017 21:00:00 - 17/11/2017 22:00:00","BZN|DK1","737.92","n/e"," ","757.63"
"17/11/2017 22:00:00 - 17/11/2017 23:00:00","BZN|DK1","739.50","n/e"," ","758.83"
"17/11/2017 23:00:00 - 18/11/2017 00:00:00","BZN|DK1","740.96","n/e"," ","770.95"
"18/11/2017 00:00:00 - 18/11/2017 01:00:00","BZN|DK1","741.60","n/e"," ","772.63"
"18/11/2017 01:00:00 - 18/11/2017 02:00:00","BZN|DK1","744.28","n/e"," ","771.82"
"18/11/2017 02:00:00 - 18/11/2017 03:00:00","BZN|DK1","745.11","n/e"," ","774.78"
"18/11/2017 03:00:00 - 18/11/2017 04:00:00","BZN|DK1","745.78","n/e"," ","776.51"
"18/11/2017 04:00:00 - 18/11/2017 05:00:00","BZN|DK1","745.05","n/e"," ","784.08"
"18/11/2017 05:00:00 - 18/11/2017 06:00:00","BZN|DK1","743.69","n/e"," ","781.85"
"18/11/2017 06:00:00 - 18/11/2017 07:00:00","BZN|DK1","732.88","n/e"," ","773.89"
"18/11/2017 07:00:00 - 18/11/2017 08:00:00","BZN|DK1","638.75","n/e"," ","656.77"
"18/11/2017 08:00:00 - 18/11/2017 09:00:00","BZN|DK1","662.34","n/e"," ","756.57"
"18/11/2017 09:00:00 - 18/11/2017 10:00:00","BZN|DK1","707.71","n/e"," ","777.12"
"18/11/2017 10:00:00 - 18/11/2017 11:00:00","BZN|DK1","751.42","n/e"," ","772.78"
"18/11/2017 11:00:00 - 18/11/2017 12:00:00","BZN|DK1","760.17","n/e"," ","755.14"
"18/11/2017 12:00:00 - 18/11/2017 13:00:00","BZN|DK1","761.96","n/e"," ","769.58"
"18/11/2017 13:00:00 - 18/11/2017 14:00:00","BZN|DK1","762.00","n/e"," ","772.61"
"18/11/2017 14:00:00 - 18/11/2017 15:00:00","BZN|DK1","761.04","n/e"," ","782.05"
"18/11/2017 15:00:00 - 18/11/2017 16:00:00","BZN|DK1","761.00","n/e"," ","783.29"
"18/11/2017 16:00:00 - 18/11/2017 17:00:00","BZN|DK1","761.00","n/e"," ","782.23"
"18/11/2017 17:00:00 - 18/11/2017 18:00:00","BZN|DK1","761.00","n/e"," ","786.06"
"18/11/2017 18:00:00 - 18/11/2017 19:00:00","BZN|DK1","761.00","n/e"," ","785.35"
"18/11/2017 19:00:00 - 18/11/2017 20:00:00","BZN|DK1","761.75","n/e"," ","784.11"
"18/11/2017 20:00:00 - 18/11/2017 21:00:00","BZN|DK1","761.00","n/e"," ","784.55"
"18/11/2017 21:00:00 - 18/11/2017 22:00:00","BZN|DK1","761.00","n/e"," ","774.91"
"18/11/2017 22:00:00 - 18/11/2017 23:00:00","BZN|DK1","761.00","n/e"," ","785.32"
"18/11/2017 23:00:00 - 19/11/2017 00:00:00","BZN|DK1","761.00","n/e"," ","676.20"
"19/11/2017 00:00:00 - 19/11/2017 01:00:00","BZN|DK1","707.05","n/e"," ","666.57"
"19/11/2017 01:00:00 - 19/11/2017 02:00:00","BZN|DK1","678.77","n/e"," ","704.56"
"19/11/2017 02:00:00 - 19/11/2017 03:00:00","BZN|DK1","636.38","n/e"," ","664.58"
"19/11/2017 03:00:00 - 19/11/2017 04:00:00","BZN|DK1","610.02","n/e"," ","649.35"
"19/11/2017 04:00:00 - 19/11/2017 05:00:00","BZN|DK1","642.64","n/e"," ","670.72"
"19/11/2017 05:00:00 - 19/11/2017 06:00:00","BZN|DK1","645.22","n/e"," ","672.60"
"19/11/2017 06:00:00 - 19/11/2017 07:00:00","BZN|DK1","373.70","n/e"," ","392.61"
"19/11/2017 07:00:00 - 19/11/2017 08:00:00","BZN|DK1","694.60","n/e"," ","791.68"
"19/11/2017 08:00:00 - 19/11/2017 09:00:00","BZN|DK1","751.81","n/e"," ","797.81"
"19/11/2017 09:00:00 - 19/11/2017 10:00:00","BZN|DK1","748.58","n/e"," ","798.65"
"19/11/2017 10:00:00 - 19/11/2017 11:00:00","BZN|DK1","732.58","n/e"," ","800.09"
"19/11/2017 11:00:00 - 19/11/2017 12:00:00","BZN|DK1","743.17","n/e"," ","797.25"
"19/11/2017 12:00:00 - 19/11/2017 13:00:00","BZN|DK1","744.50","n/e"," ","797.91"
"19/11/2017 13:00:00 - 19/11/2017 14:00:00","BZN|DK1","743.08","n/e"," ","799.05"
"19/11/2017 14:00:00 - 19/11/2017 15:00:00","BZN|DK1","740.13","n/e"," ","798.97"
"19/11/2017 15:00:00 - 19/11/2017 16:00:00","BZN|DK1","737.00","n/e"," ","786.09"
"19/11/2017 16:00:00 - 19/11/2017 17:00:00","BZN|DK1","736.17","n/e"," ","758.31"
"19/11/2017 17:00:00 - 19/11/2017 18:00:00","BZN|DK1","729.79","n/e"," ","776.31"
"19/11/2017 18:00:00 - 19/11/2017 19:00:00","BZN|DK1","706.67","n/e"," ","748.10"
"19/11/2017 19:00:00 - 19/11/2017 20:00:00","BZN|DK1","661.71","n/e"," ","718.09"
"19/11/2017 20:00:00 - 19/11/2017 21:00:00","BZN|DK1","605.96","n/e"," ","737.17"
"19/11/2017 21:00:00 - 19/11/2017 22:00:00","BZN|DK1","551.63","n/e"," ","673.91"
"19/11/2017 22:00:00 - 19/11/2017 23:00:00","BZN|DK1","502.96","n/e"," ","572.41"
"19/11/2017 23:00:00 - 20/11/2017 00:00:00","BZN|DK1","458.83","n/e"," ","548.08"
"20/11/2017 00:00:00 - 20/11/2017 01:00:00","BZN|DK1","440.86","n/e"," ","463.58"
"20/11/2017 01:00:00 - 20/11/2017 02:00:00","BZN|DK1","445.61","n/e"," ","454.88"
"20/11/2017 02:00:00 - 20/11/2017 03:00:00","BZN|DK1","409.93","n/e"," ","423.27"
"20/11/2017 03:00:00 - 20/11/2017 04:00:00","BZN|DK1","373.73","n/e"," ","398.47"
"20/11/2017 04:00:00 - 20/11/2017 05:00:00","BZN|DK1","337.80","n/e"," ","340.10"
"20/11/2017 05:00:00 - 20/11/2017 06:00:00","BZN|DK1","309.88","n/e"," ","364.29"
"20/11/2017 06:00:00 - 20/11/2017 07:00:00","BZN|DK1","236.82","n/e"," ","245.68"
"20/11/2017 07:00:00 - 20/11/2017 08:00:00","BZN|DK1","158.88","n/e"," ","155.65"
"20/11/2017 08:00:00 - 20/11/2017 09:00:00","BZN|DK1","131.82","n/e"," ","132.36"
"20/11/2017 09:00:00 - 20/11/2017 10:00:00","BZN|DK1","104.67","n/e"," ","85.75"
"20/11/2017 10:00:00 - 20/11/2017 11:00:00","BZN|DK1","82.79","n/e"," ","46.15"
"20/11/2017 11:00:00 - 20/11/2017 12:00:00","BZN|DK1","52.17","n/e"," ","30.63"
"20/11/2017 12:00:00 - 20/11/2017 13:00:00","BZN|DK1","30.46","n/e"," ","24.35"
"20/11/2017 13:00:00 - 20/11/2017 14:00:00","BZN|DK1","17.21","n/e"," ","10.67"
"20/11/2017 14:00:00 - 20/11/2017 15:00:00","BZN|DK1","9.79","n/e"," ","10.41"
"20/11/2017 15:00:00 - 20/11/2017 16:00:00","BZN|DK1","9.83","n/e"," ","15.39"
"20/11/2017 16:00:00 - 20/11/2017 17:00:00","BZN|DK1","8.75","n/e"," ","22.16"
"20/11/2017 17:00:00 - 20/11/2017 18:00:00","BZN|DK1","8.67","n/e"," ","45.50"
"20/11/2017 18:00:00 - 20/11/2017 19:00:00","BZN|DK1","11.58","n/e"," ","63.95"
"20/11/2017 19:00:00 - 20/11/2017 20:00:00","BZN|DK1","16.67","n/e"," ","71.40"
"20/11/2017 20:00:00 - 20/11/2017 21:00:00","BZN|DK1","25.71","n/e"," ","84.60"
"20/11/2017 21:00:00 - 20/11/2017 22:00:00","BZN|DK1","32.21","n/e"," ","110.99"
"20/11/2017 22:00:00 - 20/11/2017 23:00:00","BZN|DK1","32.92","n/e"," ","114.50"
"20/11/2017 23:00:00 - 21/11/2017 00:00:00","BZN|DK1","29.38","n/e"," ","101.91"
"21/11/2017 00:00:00 - 21/11/2017 01:00:00","BZN|DK1","73.78","n/e"," ","71.72"
"21/11/2017 01:00:00 - 21/11/2017 02:00:00","BZN|DK1","57.65","n/e"," ","54.95"
"21/11/2017 02:00:00 - 21/11/2017 03:00:00","BZN|DK1","36.78","n/e"," ","35.08"
"21/11/2017 03:00:00 - 21/11/2017 04:00:00","BZN|DK1","42.31","n/e"," ","45.33"
"21/11/2017 04:00:00 - 21/11/2017 05:00:00","BZN|DK1","24.13","n/e"," ","18.80"
"21/11/2017 05:00:00 - 21/11/2017 06:00:00","BZN|DK1","16.78","n/e"," ","16.33"
"21/11/2017 06:00:00 - 21/11/2017 07:00:00","BZN|DK1","14.98","n/e"," ","13.33"
"21/11/2017 07:00:00 - 21/11/2017 08:00:00","BZN|DK1","14.67","n/e"," ","14.93"
"21/11/2017 08:00:00 - 21/11/2017 09:00:00","BZN|DK1","16.83","n/e"," ","27.26"
"21/11/2017 09:00:00 - 21/11/2017 10:00:00","BZN|DK1","19.21","n/e"," ","34.75"
"21/11/2017 10:00:00 - 21/11/2017 11:00:00","BZN|DK1","29.00","n/e"," ","50.29"
"21/11/2017 11:00:00 - 21/11/2017 12:00:00","BZN|DK1","40.38","n/e"," ","48.05"
"21/11/2017 12:00:00 - 21/11/2017 13:00:00","BZN|DK1","54.13","n/e"," ","37.17"
"21/11/2017 13:00:00 - 21/11/2017 14:00:00","BZN|DK1","75.42","n/e"," ","51.30"
"21/11/2017 14:00:00 - 21/11/2017 15:00:00","BZN|DK1","106.04","n/e"," ","78.13"
"21/11/2017 15:00:00 - 21/11/2017 16:00:00","BZN|DK1","149.92","n/e"," ","102.91"
"21/11/2017 16:00:00 - 21/11/2017 17:00:00","BZN|DK1","213.67","n/e"," ","115.57"
"21/11/2017 17:00:00 - 21/11/2017 18:00:00","BZN|DK1","294.46","n/e"," ","206.57"
"21/11/2017 18:00:00 - 21/11/2017 19:00:00","BZN|DK1","367.29","n/e"," ","309.43"
"21/11/2017 19:00:00 - 21/11/2017 20:00:00","BZN|DK1","453.83","n/e"," ","418.67"
"21/11/2017 20:00:00 - 21/11/2017 21:00:00","BZN|DK1","560.75","n/e"," ","524.42"
"21/11/2017 21:00:00 - 21/11/2017 22:00:00","BZN|DK1","661.04","n/e"," ","668.86"
"21/11/2017 22:00:00 - 21/11/2017 23:00:00","BZN|DK1","710.58","n/e"," ","739.98"
"21/11/2017 23:00:00 - 22/11/2017 00:00:00","BZN|DK1","718.71","n/e"," ","777.75"
"22/11/2017 00:00:00 - 22/11/2017 01:00:00","BZN|DK1","694.09","n/e"," ","685.03"
"22/11/2017 01:00:00 - 22/11/2017 02:00:00","BZN|DK1","712.12","n/e"," ","695.46"
"22/11/2017 02:00:00 - 22/11/2017 03:00:00","BZN|DK1","595.80","n/e"," ","642.79"
"22/11/2017 03:00:00 - 22/11/2017 04:00:00","BZN|DK1","708.40","n/e"," ","719.70"
"22/11/2017 04:00:00 - 22/11/2017 05:00:00","BZN|DK1","690.76","n/e"," ","747.24"
"22/11/2017 05:00:00 - 22/11/2017 06:00:00","BZN|DK1","721.67","n/e"," ","776.35"
"22/11/2017 06:00:00 - 22/11/2017 07:00:00","BZN|DK1","731.33","n/e"," ","765.16"
"22/11/2017 07:00:00 - 22/11/2017 08:00:00","BZN|DK1","718.55","n/e"," ","753.73"
"22/11/2017 08:00:00 - 22/11/2017 09:00:00","BZN|DK1","719.15","n/e"," ","767.16"
"22/11/2017 09:00:00 - 22/11/2017 10:00:00","BZN|DK1","709.38","n/e"," ","748.20"
"22/11/2017 10:00:00 - 22/11/2017 11:00:00","BZN|DK1","686.63","n/e"," ","753.01"
"22/11/2017 11:00:00 - 22/11/2017 12:00:00","BZN|DK1","654.29","n/e"," ","591.67"
"22/11/2017 12:00:00 - 22/11/2017 13:00:00","BZN|DK1","641.46","n/e"," ","633.56"
"22/11/2017 13:00:00 - 22/11/2017 14:00:00","BZN|DK1","667.96","n/e"," ","704.67"
"22/11/2017 14:00:00 - 22/11/2017 15:00:00","BZN|DK1","695.29","n/e"," ","761.55"
"22/11/2017 15:00:00 - 22/11/2017 16:00:00","BZN|DK1","719.46","n/e"," ","798.30"
"22/11/2017 16:00:00 - 22/11/2017 17:00:00","BZN|DK1","734.42","n/e"," ","805.69"
"22/11/2017 17:00:00 - 22/11/2017 18:00:00","BZN|DK1","738.17","n/e"," ","807.13"
"22/11/2017 18:00:00 - 22/11/2017 19:00:00","BZN|DK1","739.00","n/e"," ","809.35"
"22/11/2017 19:00:00 - 22/11/2017 20:00:00","BZN|DK1","739.00","n/e"," ","802.56"
"22/11/2017 20:00:00 - 22/11/2017 21:00:00","BZN|DK1","738.46","n/e"," ","680.71"
"22/11/2017 21:00:00 - 22/11/2017 22:00:00","BZN|DK1","738.46","n/e"," ","776.28"
"22/11/2017 22:00:00 - 22/11/2017 23:00:00","BZN|DK1","739.00","n/e"," ","786.30"
"22/11/2017 23:00:00 - 23/11/2017 00:00:00","BZN|DK1","739.00","n/e"," ","787.76"
"23/11/2017 00:00:00 - 23/11/2017 01:00:00","BZN|DK1","639.98","n/e"," ","716.85"
"23/11/2017 01:00:00 - 23/11/2017 02:00:00","BZN|DK1","635.12","n/e"," ","681.99"
"23/11/2017 02:00:00 - 23/11/2017 03:00:00","BZN|DK1","634.22","n/e"," ","674.23"
"23/11/2017 03:00:00 - 23/11/2017 04:00:00","BZN|DK1","632.24","n/e"," ","672.64"
"23/11/2017 04:00:00 - 23/11/2017 05:00:00","BZN|DK1","632.26","n/e"," ","671.39"
"23/11/2017 05:00:00 - 23/11/2017 06:00:00","BZN|DK1","629.16","n/e"," ","672.95"
"23/11/2017 06:00:00 - 23/11/2017 07:00:00","BZN|DK1","633.23","n/e"," ","675.85"
"23/11/2017 07:00:00 - 23/11/2017 08:00:00","BZN|DK1","735.43","n/e"," ","779.13"
"23/11/2017 08:00:00 - 23/11/2017 09:00:00","BZN|DK1","737.64","n/e"," ","782.59"
"23/11/2017 09:00:00 - 23/11/2017 10:00:00","BZN|DK1","735.04","n/e"," ","797.47"
"23/11/2017 10:00:00 - 23/11/2017 11:00:00","BZN|DK1","736.92","n/e"," ","780.96"
"23/11/2017 11:00:00 - 23/11/2017 12:00:00","BZN|DK1","738.67","n/e"," ","783.35"
"23/11/2017 12:00:00 - 23/11/2017 13:00:00","BZN|DK1","739.29","n/e"," ","785.40"
"23/11/2017 13:00:00 - 23/11/2017 14:00:00","BZN|DK1","740.96","n/e"," ","785.57"
"23/11/2017 14:00:00 - 23/11/2017 15:00:00","BZN|DK1","739.08","n/e"," ","783.88"
"23/11/2017 15:00:00 - 23/11/2017 16:00:00","BZN|DK1","735.79","n/e"," ","805.59"
"23/11/2017 16:00:00 - 23/11/2017 17:00:00","BZN|DK1","737.71","n/e"," ","793.95"
"23/11/2017 17:00:00 - 23/11/2017 18:00:00","BZN|DK1","740.54","n/e"," ","800.22"
"23/11/2017 18:00:00 - 23/11/2017 19:00:00","BZN|DK1","744.00","n/e"," ","798.44"
"23/11/2017 19:00:00 - 23/11/2017 20:00:00","BZN|DK1","744.00","n/e"," ","783.27"
"23/11/2017 20:00:00 - 23/11/2017 21:00:00","BZN|DK1","744.00","n/e"," ","766.15"
"23/11/2017 21:00:00 - 23/11/2017 22:00:00","BZN|DK1","744.21","n/e"," ","791.61"
"23/11/2017 22:00:00 - 23/11/2017 23:00:00","BZN|DK1","744.04","n/e"," ","800.86"
"23/11/2017 23:00:00 - 24/11/2017 00:00:00","BZN|DK1","742.08","n/e"," ","784.63"
"24/11/2017 00:00:00 - 24/11/2017 01:00:00","BZN|DK1","735.09","n/e"," ","781.15"
"24/11/2017 01:00:00 - 24/11/2017 02:00:00","BZN|DK1","734.43","n/e"," ","775.82"
"24/11/2017 02:00:00 - 24/11/2017 03:00:00","BZN|DK1","717.76","n/e"," ","756.76"
"24/11/2017 03:00:00 - 24/11/2017 04:00:00","BZN|DK1","690.98","n/e"," ","713.84"
"24/11/2017 04:00:00 - 24/11/2017 05:00:00","BZN|DK1","588.81","n/e"," ","613.63"
"24/11/2017 05:00:00 - 24/11/2017 06:00:00","BZN|DK1","492.87","n/e"," ","545.92"
"24/11/2017 06:00:00 - 24/11/2017 07:00:00","BZN|DK1","385.85","n/e"," ","420.13"
"24/11/2017 07:00:00 - 24/11/2017 08:00:00","BZN|DK1","306.23","n/e"," ","327.38"
"24/11/2017 08:00:00 - 24/11/2017 09:00:00","BZN|DK1","232.68","n/e"," ","223.35"
"24/11/2017 09:00:00 - 24/11/2017 10:00:00","BZN|DK1","201.04","n/e"," ","148.81"
"24/11/2017 10:00:00 - 24/11/2017 11:00:00","BZN|DK1","175.83","n/e"," ","123.02"
"24/11/2017 11:00:00 - 24/11/2017 12:00:00","BZN|DK1","126.42","n/e"," ","93.09"
"24/11/2017 12:00:00 - 24/11/2017 13:00:00","BZN|DK1","97.67","n/e"," ","63.97"
"24/11/2017 13:00:00 - 24/11/2017 14:00:00","BZN|DK1","85.17","n/e"," ","86.78"
"24/11/2017 14:00:00 - 24/11/2017 15:00:00","BZN|DK1","79.83","n/e"," ","133.30"
"24/11/2017 15:00:00 - 24/11/2017 16:00:00","BZN|DK1","82.08","n/e"," ","154.39"
"24/11/2017 16:00:00 - 24/11/2017 17:00:00","BZN|DK1","83.75","n/e"," ","205.50"
"24/11/2017 17:00:00 - 24/11/2017 18:00:00","BZN|DK1","89.92","n/e"," ","284.24"
"24/11/2017 18:00:00 - 24/11/2017 19:00:00","BZN|DK1","100.00","n/e"," ","304.26"
"24/11/2017 19:00:00 - 24/11/2017 20:00:00","BZN|DK1","109.29","n/e"," ","322.35"
"24/11/2017 20:00:00 - 24/11/2017 21:00:00","BZN|DK1","124.25","n/e"," ","289.44"
"24/11/2017 21:00:00 - 24/11/2017 22:00:00","BZN|DK1","136.00","n/e"," ","224.50"
"24/11/2017 22:00:00 - 24/11/2017 23:00:00","BZN|DK1","138.00","n/e"," ","335.72"
"24/11/2017 23:00:00 - 25/11/2017 00:00:00","BZN|DK1","138.58","n/e"," ","326.38"
"25/11/2017 00:00:00 - 25/11/2017 01:00:00","BZN|DK1","297.71","n/e"," ","318.58"
"25/11/2017 01:00:00 - 25/11/2017 02:00:00","BZN|DK1","265.01","n/e"," ","292.23"
"25/11/2017 02:00:00 - 25/11/2017 03:00:00","BZN|DK1","300.24","n/e"," ","335.13"
"25/11/2017 03:00:00 - 25/11/2017 04:00:00","BZN|DK1","351.54","n/e"," ","389.29"
"25/11/2017 04:00:00 - 25/11/2017 05:00:00","BZN|DK1","389.37","n/e"," ","418.15"
"25/11/2017 05:00:00 - 25/11/2017 06:00:00","BZN|DK1","432.93","n/e"," ","478.93"
"25/11/2017 06:00:00 - 25/11/2017 07:00:00","BZN|DK1","397.14","n/e"," ","434.66"
"25/11/2017 07:00:00 - 25/11/2017 08:00:00","BZN|DK1","510.18","n/e"," ","525.06"
"25/11/2017 08:00:00 - 25/11/2017 09:00:00","BZN|DK1","449.57","n/e"," ","396.19"
"25/11/2017 09:00:00 - 25/11/2017 10:00:00","BZN|DK1","441.08","n/e"," ","285.47"
"25/11/2017 10:00:00 - 25/11/2017 11:00:00","BZN|DK1","389.46","n/e"," ","359.87"
"25/11/2017 11:00:00 - 25/11/2017 12:00:00","BZN|DK1","370.46","n/e"," ","280.80"
"25/11/2017 12:00:00 - 25/11/2017 13:00:00","BZN|DK1","362.54","n/e"," ","368.12"
"25/11/2017 13:00:00 - 25/11/2017 14:00:00","BZN|DK1","370.83","n/e"," ","304.39"
"25/11/2017 14:00:00 - 25/11/2017 15:00:00","BZN|DK1","361.21","n/e"," ","367.59"
"25/11/2017 15:00:00 - 25/11/2017 16:00:00","BZN|DK1","342.29","n/e"," ","286.13"
"25/11/2017 16:00:00 - 25/11/2017 17:00:00","BZN|DK1","327.29","n/e"," ","356.85"
"25/11/2017 17:00:00 - 25/11/2017 18:00:00","BZN|DK1","319.46","n/e"," ","358.11"
"25/11/2017 18:00:00 - 25/11/2017 19:00:00","BZN|DK1","319.38","n/e"," ","316.64"
"25/11/2017 19:00:00 - 25/11/2017 20:00:00","BZN|DK1","333.54","n/e"," ","408.49"
"25/11/2017 20:00:00 - 25/11/2017 21:00:00","BZN|DK1","362.29","n/e"," ","291.17"
"25/11/2017 21:00:00 - 25/11/2017 22:00:00","BZN|DK1","407.96","n/e"," ","274.44"
"25/11/2017 22:00:00 - 25/11/2017 23:00:00","BZN|DK1","470.38","n/e"," ","388.25"
"25/11/2017 23:00:00 - 26/11/2017 00:00:00","BZN|DK1","529.83","n/e"," ","474.77"
"26/11/2017 00:00:00 - 26/11/2017 01:00:00","BZN|DK1","511.48","n/e"," ","587.85"
"26/11/2017 01:00:00 - 26/11/2017 02:00:00","BZN|DK1","584.81","n/e"," ","653.56"
"26/11/2017 02:00:00 - 26/11/2017 03:00:00","BZN|DK1","671.38","n/e"," ","722.86"
"26/11/2017 03:00:00 - 26/11/2017 04:00:00","BZN|DK1","695.43","n/e"," ","732.76"
"26/11/2017 04:00:00 - 26/11/2017 05:00:00","BZN|DK1","666.48","n/e"," ","729.50"
"26/11/2017 05:00:00 - 26/11/2017 06:00:00","BZN|DK1","706.76","n/e"," ","767.34"
"26/11/2017 06:00:00 - 26/11/2017 07:00:00","BZN|DK1","702.92","n/e"," ","756.64"
"26/11/2017 07:00:00 - 26/11/2017 08:00:00","BZN|DK1","699.87","n/e"," ","756.07"
"26/11/2017 08:00:00 - 26/11/2017 09:00:00","BZN|DK1","675.68","n/e"," ","724.13"
"26/11/2017 09:00:00 - 26/11/2017 10:00:00","BZN|DK1","682.25","n/e"," ","655.01"
"26/11/2017 10:00:00 - 26/11/2017 11:00:00","BZN|DK1","690.88","n/e"," ","593.33"
"26/11/2017 11:00:00 - 26/11/2017 12:00:00","BZN|DK1","692.00","n/e"," ","635.65"
"26/11/2017 12:00:00 - 26/11/2017 13:00:00","BZN|DK1","702.08","n/e"," ","607.74"
"26/11/2017 13:00:00 - 26/11/2017 14:00:00","BZN|DK1","712.63","n/e"," ","683.08"
"26/11/2017 14:00:00 - 26/11/2017 15:00:00","BZN|DK1","721.33","n/e"," ","753.32"
"26/11/2017 15:00:00 - 26/11/2017 16:00:00","BZN|DK1","727.33","n/e"," ","738.72"
"26/11/2017 16:00:00 - 26/11/2017 17:00:00","BZN|DK1","728.96","n/e"," ","775.74"
"26/11/2017 17:00:00 - 26/11/2017 18:00:00","BZN|DK1","728.04","n/e"," ","793.49"
"26/11/2017 18:00:00 - 26/11/2017 19:00:00","BZN|DK1","728.00","n/e"," ","790.96"
"26/11/2017 19:00:00 - 26/11/2017 20:00:00","BZN|DK1","728.04","n/e"," ","794.21"
"26/11/2017 20:00:00 - 26/11/2017 21:00:00","BZN|DK1","729.00","n/e"," ","794.97"
"26/11/2017 21:00:00 - 26/11/2017 22:00:00","BZN|DK1","728.04","n/e"," ","793.30"
"26/11/2017 22:00:00 - 26/11/2017 23:00:00","BZN|DK1","727.04","n/e"," ","792.32"
"26/11/2017 23:00:00 - 27/11/2017 00:00:00","BZN|DK1","724.63","n/e"," ","791.34"
"27/11/2017 00:00:00 - 27/11/2017 01:00:00","BZN|DK1","732.53","n/e"," ","789.20"
"27/11/2017 01:00:00 - 27/11/2017 02:00:00","BZN|DK1","730.18","n/e"," ","788.67"
"27/11/2017 02:00:00 - 27/11/2017 03:00:00","BZN|DK1","727.40","n/e"," ","780.68"
"27/11/2017 03:00:00 - 27/11/2017 04:00:00","BZN|DK1","697.07","n/e"," ","738.14"
"27/11/2017 04:00:00 - 27/11/2017 05:00:00","BZN|DK1","674.59","n/e"," ","739.06"
"27/11/2017 05:00:00 - 27/11/2017 06:00:00","BZN|DK1","633.22","n/e"," ","689.36"
"27/11/2017 06:00:00 - 27/11/2017 07:00:00","BZN|DK1","621.16","n/e"," ","651.23"
"27/11/2017 07:00:00 - 27/11/2017 08:00:00","BZN|DK1","611.91","n/e"," ","638.51"
"27/11/2017 08:00:00 - 27/11/2017 09:00:00","BZN|DK1","608.45","n/e"," ","614.34"
"27/11/2017 09:00:00 - 27/11/2017 10:00:00","BZN|DK1","634.88","n/e"," ","689.36"
"27/11/2017 10:00:00 - 27/11/2017 11:00:00","BZN|DK1","668.04","n/e"," ","722.38"
"27/11/2017 11:00:00 - 27/11/2017 12:00:00","BZN|DK1","686.29","n/e"," ","776.36"
"27/11/2017 12:00:00 - 27/11/2017 13:00:00","BZN|DK1","687.38","n/e"," ","753.89"
"27/11/2017 13:00:00 - 27/11/2017 14:00:00","BZN|DK1","682.25","n/e"," ","711.58"
"27/11/2017 14:00:00 - 27/11/2017 15:00:00","BZN|DK1","674.33","n/e"," ","738.82"
"27/11/2017 15:00:00 - 27/11/2017 16:00:00","BZN|DK1","665.88","n/e"," ","729.70"
"27/11/2017 16:00:00 - 27/11/2017 17:00:00","BZN|DK1","655.63","n/e"," ","710.79"
"27/11/2017 17:00:00 - 27/11/2017 18:00:00","BZN|DK1","641.25","n/e"," ","550.16"
"27/11/2017 18:00:00 - 27/11/2017 19:00:00","BZN|DK1","593.08","n/e"," ","523.04"
"27/11/2017 19:00:00 - 27/11/2017 20:00:00","BZN|DK1","501.21","n/e"," ","538.11"
"27/11/2017 20:00:00 - 27/11/2017 21:00:00","BZN|DK1","423.79","n/e"," ","301.06"
"27/11/2017 21:00:00 - 27/11/2017 22:00:00","BZN|DK1","382.92","n/e"," ","369.10"
"27/11/2017 22:00:00 - 27/11/2017 23:00:00","BZN|DK1","388.83","n/e"," ","348.86"
"27/11/2017 23:00:00 - 28/11/2017 00:00:00","BZN|DK1","416.04","n/e"," ","363.29"
"28/11/2017 00:00:00 - 28/11/2017 01:00:00","BZN|DK1","382.38","n/e"," ","383.71"
"28/11/2017 01:00:00 - 28/11/2017 02:00:00","BZN|DK1","374.95","n/e"," ","419.50"
"28/11/2017 02:00:00 - 28/11/2017 03:00:00","BZN|DK1","402.69","n/e"," ","459.05"
"28/11/2017 03:00:00 - 28/11/2017 04:00:00","BZN|DK1","463.15","n/e"," ","511.90"
"28/11/2017 04:00:00 - 28/11/2017 05:00:00","BZN|DK1","447.84","n/e"," ","489.87"
"28/11/2017 05:00:00 - 28/11/2017 06:00:00","BZN|DK1","378.66","n/e"," ","400.99"
"28/11/2017 06:00:00 - 28/11/2017 07:00:00","BZN|DK1","400.90","n/e"," ","427.62"
"28/11/2017 07:00:00 - 28/11/2017 08:00:00","BZN|DK1","402.92","n/e"," ","432.58"
"28/11/2017 08:00:00 - 28/11/2017 09:00:00","BZN|DK1","393.34","n/e"," ","432.72"
"28/11/2017 09:00:00 - 28/11/2017 10:00:00","BZN|DK1","317.38","n/e"," ","411.69"
"28/11/2017 10:00:00 - 28/11/2017 11:00:00","BZN|DK1","224.54","n/e"," ","303.97"
"28/11/2017 11:00:00 - 28/11/2017 12:00:00","BZN|DK1","177.50","n/e"," ","229.94"
"28/11/2017 12:00:00 - 28/11/2017 13:00:00","BZN|DK1","148.54","n/e"," ","115.06"
"28/11/2017 13:00:00 - 28/11/2017 14:00:00","BZN|DK1","145.33","n/e"," ","128.15"
"28/11/2017 14:00:00 - 28/11/2017 15:00:00","BZN|DK1","133.21","n/e"," ","141.56"
"28/11/2017 15:00:00 - 28/11/2017 16:00:00","BZN|DK1","132.50","n/e"," ","220.09"
"28/11/2017 16:00:00 - 28/11/2017 17:00:00","BZN|DK1","141.58","n/e"," ","215.45"
"28/11/2017 17:00:00 - 28/11/2017 18:00:00","BZN|DK1","166.54","n/e"," ","223.33"
"28/11/2017 18:00:00 - 28/11/2017 19:00:00","BZN|DK1","191.71","n/e"," ","200.31"
"28/11/2017 19:00:00 - 28/11/2017 20:00:00","BZN|DK1","192.46","n/e"," ","133.68"
"28/11/2017 20:00:00 - 28/11/2017 21:00:00","BZN|DK1","178.88","n/e"," ","112.95"
"28/11/2017 21:00:00 - 28/11/2017 22:00:00","BZN|DK1","178.67","n/e"," ","115.32"
"28/11/2017 22:00:00 - 28/11/2017 23:00:00","BZN|DK1","184.92","n/e"," ","140.07"
"28/11/2017 23:00:00 - 29/11/2017 00:00:00","BZN|DK1","188.46","n/e"," ","113.71"
"29/11/2017 00:00:00 - 29/11/2017 01:00:00","BZN|DK1","88.41","n/e"," ","95.75"
"29/11/2017 01:00:00 - 29/11/2017 02:00:00","BZN|DK1","101.67","n/e"," ","109.05"
"29/11/2017 02:00:00 - 29/11/2017 03:00:00","BZN|DK1","99.31","n/e"," ","95.20"
"29/11/2017 03:00:00 - 29/11/2017 04:00:00","BZN|DK1","61.20","n/e"," ","69.29"
"29/11/2017 04:00:00 - 29/11/2017 05:00:00","BZN|DK1","87.76","n/e"," ","92.58"
"29/11/2017 05:00:00 - 29/11/2017 06:00:00","BZN|DK1","105.65","n/e"," ","99.37"
"29/11/2017 06:00:00 - 29/11/2017 07:00:00","BZN|DK1","100.54","n/e"," ","92.84"
"29/11/2017 07:00:00 - 29/11/2017 08:00:00","BZN|DK1","122.28","n/e"," ","123.78"
"29/11/2017 08:00:00 - 29/11/2017 09:00:00","BZN|DK1","139.64","n/e"," ","92.57"
"29/11/2017 09:00:00 - 29/11/2017 10:00:00","BZN|DK1","132.75","n/e"," ","103.88"
"29/11/2017 10:00:00 - 29/11/2017 11:00:00","BZN|DK1","129.96","n/e"," ","105.81"
"29/11/2017 11:00:00 - 29/11/2017 12:00:00","BZN|DK1","128.92","n/e"," ","101.59"
"29/11/2017 12:00:00 - 29/11/2017 13:00:00","BZN|DK1","126.33","n/e"," ","92.23"
"29/11/2017 13:00:00 - 29/11/2017 14:00:00","BZN|DK1","118.75","n/e"," ","82.19"
"29/11/2017 14:00:00 - 29/11/2017 15:00:00","BZN|DK1","107.63","n/e"," ","92.11"
"29/11/2017 15:00:00 - 29/11/2017 16:00:00","BZN|DK1","93.96","n/e"," ","103.21"
"29/11/2017 16:00:00 - 29/11/2017 17:00:00","BZN|DK1","82.00","n/e"," ","86.46"
"29/11/2017 17:00:00 - 29/11/2017 18:00:00","BZN|DK1","75.00","n/e"," ","65.81"
"29/11/2017 18:00:00 - 29/11/2017 19:00:00","BZN|DK1","66.04","n/e"," ","45.94"
"29/11/2017 19:00:00 - 29/11/2017 20:00:00","BZN|DK1","51.63","n/e"," ","56.41"
"29/11/2017 20:00:00 - 29/11/2017 21:00:00","BZN|DK1","44.96","n/e"," ","49.79"
"29/11/2017 21:00:00 - 29/11/2017 22:00:00","BZN|DK1","41.58","n/e"," ","46.95"
"29/11/2017 22:00:00 - 29/11/2017 23:00:00","BZN|DK1","41.71","n/e"," ","42.78"
"29/11/2017 23:00:00 - 30/11/2017 00:00:00","BZN|DK1","43.75","n/e"," ","58.31"
"30/11/2017 00:00:00 - 30/11/2017 01:00:00","BZN|DK1","46.79","n/e"," ","47.65"
"30/11/2017 01:00:00 - 30/11/2017 02:00:00","BZN|DK1","38.11","n/e"," ","35.69"
"30/11/2017 02:00:00 - 30/11/2017 03:00:00","BZN|DK1","28.81","n/e"," ","26.60"
"30/11/2017 03:00:00 - 30/11/2017 04:00:00","BZN|DK1","6.85","n/e"," ","10.40"
"30/11/2017 04:00:00 - 30/11/2017 05:00:00","BZN|DK1","1.67","n/e"," ","4.21"
"30/11/2017 05:00:00 - 30/11/2017 06:00:00","BZN|DK1","3.64","n/e"," ","5.69"
"30/11/2017 06:00:00 - 30/11/2017 07:00:00","BZN|DK1","2.43","n/e"," ","3.37"
"30/11/2017 07:00:00 - 30/11/2017 08:00:00","BZN|DK1","3.88","n/e"," ","1.31"
"30/11/2017 08:00:00 - 30/11/2017 09:00:00","BZN|DK1","12.92","n/e"," ","2.99"
"30/11/2017 09:00:00 - 30/11/2017 10:00:00","BZN|DK1","22.67","n/e"," ","17.79"
"30/11/2017 10:00:00 - 30/11/2017 11:00:00","BZN|DK1","37.33","n/e"," ","33.27"
"30/11/2017 11:00:00 - 30/11/2017 12:00:00","BZN|DK1","64.00","n/e"," ","61.69"
"30/11/2017 12:00:00 - 30/11/2017 13:00:00","BZN|DK1","93.79","n/e"," ","73.29"
"30/11/2017 13:00:00 - 30/11/2017 14:00:00","BZN|DK1","119.04","n/e"," ","88.35"
"30/11/2017 14:00:00 - 30/11/2017 15:00:00","BZN|DK1","146.83","n/e"," ","119.20"
"30/11/2017 15:00:00 - 30/11/2017 16:00:00","BZN|DK1","176.13","n/e"," ","193.33"
"30/11/2017 16:00:00 - 30/11/2017 17:00:00","BZN|DK1","206.63","n/e"," ","222.80"
"30/11/2017 17:00:00 - 30/11/2017 18:00:00","BZN|DK1","249.38","n/e"," ","219.54"
"30/11/2017 18:00:00 - 30/11/2017 19:00:00","BZN|DK1","282.88","n/e"," ","251.70"
"30/11/2017 19:00:00 - 30/11/2017 20:00:00","BZN|DK1","301.00","n/e"," ","259.04"
"30/11/2017 20:00:00 - 30/11/2017 21:00:00","BZN|DK1","305.67","n/e"," ","214.78"
"30/11/2017 21:00:00 - 30/11/2017 22:00:00","BZN|DK1","303.67","n/e"," ","233.36"
"30/11/2017 22:00:00 - 30/11/2017 23:00:00","BZN|DK1","312.92","n/e"," ","193.91"
"30/11/2017 23:00:00 - 01/12/2017 00:00:00","BZN|DK1","333.38","n/e"," ","190.25"
"01/12/2017 00:00:00 - 01/12/2017 01:00:00","BZN|DK1","222.22","n/e"," ","224.11"
"01/12/2017 01:00:00 - 01/12/2017 02:00:00","BZN|DK1","201.03","n/e"," ","213.53"
"01/12/2017 02:00:00 - 01/12/2017 03:00:00","BZN|DK1","248.90","n/e"," ","258.09"
"01/12/2017 03:00:00 - 01/12/2017 04:00:00","BZN|DK1","271.36","n/e"," ","278.30"
"01/12/2017 04:00:00 - 01/12/2017 05:00:00","BZN|DK1","262.40","n/e"," ","265.01"
"01/12/2017 05:00:00 - 01/12/2017 06:00:00","BZN|DK1","228.53","n/e"," ","249.42"
"01/12/2017 06:00:00 - 01/12/2017 07:00:00","BZN|DK1","252.80","n/e"," ","272.76"
"01/12/2017 07:00:00 - 01/12/2017 08:00:00","BZN|DK1","290.67","n/e"," ","313.77"
"01/12/2017 08:00:00 - 01/12/2017 09:00:00","BZN|DK1","350.97","n/e"," ","382.48"
"01/12/2017 09:00:00 - 01/12/2017 10:00:00","BZN|DK1","341.79","n/e"," ","439.22"
"01/12/2017 10:00:00 - 01/12/2017 11:00:00","BZN|DK1","293.54","n/e"," ","376.81"
"01/12/2017 11:00:00 - 01/12/2017 12:00:00","BZN|DK1","251.54","n/e"," ","262.78"
"01/12/2017 12:00:00 - 01/12/2017 13:00:00","BZN|DK1","214.75","n/e"," ","275.74"
"01/12/2017 13:00:00 - 01/12/2017 14:00:00","BZN|DK1","193.42","n/e"," ","268.58"
"01/12/2017 14:00:00 - 01/12/2017 15:00:00","BZN|DK1","174.88","n/e"," ","233.45"
"01/12/2017 15:00:00 - 01/12/2017 16:00:00","BZN|DK1","149.04","n/e"," ","240.85"
"01/12/2017 16:00:00 - 01/12/2017 17:00:00","BZN|DK1","121.38","n/e"," ","176.60"
"01/12/2017 17:00:00 - 01/12/2017 18:00:00","BZN|DK1","108.08","n/e"," ","116.09"
"01/12/2017 18:00:00 - 01/12/2017 19:00:00","BZN|DK1","96.46","n/e"," ","85.67"
"01/12/2017 19:00:00 - 01/12/2017 20:00:00","BZN|DK1","84.83","n/e"," ","78.36"
"01/12/2017 20:00:00 - 01/12/2017 21:00:00","BZN|DK1","79.75","n/e"," ","68.32"
"01/12/2017 21:00:00 - 01/12/2017 22:00:00","BZN|DK1","72.54","n/e"," ","65.07"
"01/12/2017 22:00:00 - 01/12/2017 23:00:00","BZN|DK1","69.04","n/e"," ","52.74"
"01/12/2017 23:00:00 - 02/12/2017 00:00:00","BZN|DK1","72.29","n/e"," ","58.06"
"02/12/2017 00:00:00 - 02/12/2017 01:00:00","BZN|DK1","61.48","n/e"," ","62.26"
"02/12/2017 01:00:00 - 02/12/2017 02:00:00","BZN|DK1","93.23","n/e"," ","95.62"
"02/12/2017 02:00:00 - 02/12/2017 03:00:00","BZN|DK1","116.53","n/e"," ","121.73"
"02/12/2017 03:00:00 - 02/12/2017 04:00:00","BZN|DK1","170.15","n/e"," ","185.53"
"02/12/2017 04:00:00 - 02/12/2017 05:00:00","BZN|DK1","249.48","n/e"," ","268.10"
"02/12/2017 05:00:00 - 02/12/2017 06:00:00","BZN|DK1","386.52","n/e"," ","405.07"
"02/12/2017 06:00:00 - 02/12/2017 07:00:00","BZN|DK1","472.11","n/e"," ","506.78"
"02/12/2017 07:00:00 - 02/12/2017 08:00:00","BZN|DK1","536.58","n/e"," ","560.35"
"02/12/2017 08:00:00 - 02/12/2017 09:00:00","BZN|DK1","509.42","n/e"," ","464.34"
"02/12/2017 09:00:00 - 02/12/2017 10:00:00","BZN|DK1","471.33","n/e"," ","468.31"
"02/12/2017 10:00:00 - 02/12/2017 11:00:00","BZN|DK1","426.63","n/e"," ","472.86"
"02/12/2017 11:00:00 - 02/12/2017 12:00:00","BZN|DK1","436.88","n/e"," ","511.18"
"02/12/2017 12:00:00 - 02/12/2017 13:00:00","BZN|DK1","461.04","n/e"," ","475.18"
"02/12/2017 13:00:00 - 02/12/2017 14:00:00","BZN|DK1","484.38","n/e"," ","445.16"
"02/12/2017 14:00:00 - 02/12/2017 15:00:00","BZN|DK1","505.58","n/e"," ","494.69"
"02/12/2017 15:00:00 - 02/12/2017 16:00:00","BZN|DK1","520.33","n/e"," ","488.55"
"02/12/2017 16:00:00 - 02/12/2017 17:00:00","BZN|DK1","517.17","n/e"," ","493.85"
"02/12/2017 17:00:00 - 02/12/2017 18:00:00","BZN|DK1","518.21","n/e"," ","491.15"
"02/12/2017 18:00:00 - 02/12/2017 19:00:00","BZN|DK1","516.58","n/e"," ","498.97"
"02/12/2017 19:00:00 - 02/12/2017 20:00:00","BZN|DK1","510.08","n/e"," ","500.79"
"02/12/2017 20:00:00 - 02/12/2017 21:00:00","BZN|DK1","504.88","n/e"," ","528.17"
"02/12/2017 21:00:00 - 02/12/2017 22:00:00","BZN|DK1","505.88","n/e"," ","556.87"
"02/12/2017 22:00:00 - 02/12/2017 23:00:00","BZN|DK1","518.33","n/e"," ","566.45"
"02/12/2017 23:00:00 - 03/12/2017 00:00:00","BZN|DK1","537.38","n/e"," ","581.34"
"03/12/2017 00:00:00 - 03/12/2017 01:00:00","BZN|DK1","540.64","n/e"," ","603.23"
"03/12/2017 01:00:00 - 03/12/2017 02:00:00","BZN|DK1","564.24","n/e"," ","619.27"
"03/12/2017 02:00:00 - 03/12/2017 03:00:00","BZN|DK1","576.53","n/e"," ","627.72"
"03/12/2017 03:00:00 - 03/12/2017 04:00:00","BZN|DK1","609.25","n/e"," ","660.03"
"03/12/2017 04:00:00 - 03/12/2017 05:00:00","BZN|DK1","507.94","n/e"," ","540.92"
"03/12/2017 05:00:00 - 03/12/2017 06:00:00","BZN|DK1","549.25","n/e"," ","591.30"
"03/12/2017 06:00:00 - 03/12/2017 07:00:00","BZN|DK1","562.31","n/e"," ","609.80"
"03/12/2017 07:00:00 - 03/12/2017 08:00:00","BZN|DK1","572.75","n/e"," ","616.42"
"03/12/2017 08:00:00 - 03/12/2017 09:00:00","BZN|DK1","570.73","n/e"," ","635.51"
"03/12/2017 09:00:00 - 03/12/2017 10:00:00","BZN|DK1","594.75","n/e"," ","642.03"
"03/12/2017 10:00:00 - 03/12/2017 11:00:00","BZN|DK1","646.75","n/e"," ","619.94"
"03/12/2017 11:00:00 - 03/12/2017 12:00:00","BZN|DK1","673.83","n/e"," ","673.19"
"03/12/2017 12:00:00 - 03/12/2017 13:00:00","BZN|DK1","687.25","n/e"," ","678.69"
"03/12/2017 13:00:00 - 03/12/2017 14:00:00","BZN|DK1","692.46","n/e"," ","723.94"
"03/12/2017 14:00:00 - 03/12/2017 15:00:00","BZN|DK1","695.79","n/e"," ","766.11"
"03/12/2017 15:00:00 - 03/12/2017 16:00:00","BZN|DK1","695.71","n/e"," ","739.48"
"03/12/2017 16:00:00 - 03/12/2017 17:00:00","BZN|DK1","698.92","n/e"," ","673.62"
"03/12/2017 17:00:00 - 03/12/2017 18:00:00","BZN|DK1","711.04","n/e"," ","715.85"
"03/12/2017 18:00:00 - 03/12/2017 19:00:00","BZN|DK1","719.46","n/e"," ","735.93"
"03/12/2017 19:00:00 - 03/12/2017 20:00:00","BZN|DK1","717.54","n/e"," ","776.24"
"03/12/2017 20:00:00 - 03/12/2017 21:00:00","BZN|DK1","717.00","n/e"," ","792.60"
"03/12/2017 21:00:00 - 03/12/2017 22:00:00","BZN|DK1","715.79","n/e"," ","778.48"
"03/12/2017 22:00:00 - 03/12/2017 23:00:00","BZN|DK1","711.79","n/e"," ","754.56"
"03/12/2017 23:00:00 - 04/12/2017 00:00:00","BZN|DK1","698.33","n/e"," ","692.39"
"04/12/2017 00:00:00 - 04/12/2017 01:00:00","BZN|DK1","576.43","n/e"," ","631.80"
"04/12/2017 01:00:00 - 04/12/2017 02:00:00","BZN|DK1","552.54","n/e"," ","601.26"
"04/12/2017 02:00:00 - 04/12/2017 03:00:00","BZN|DK1","512.26","n/e"," ","557.34"
"04/12/2017 03:00:00 - 04/12/2017 04:00:00","BZN|DK1","540.55","n/e"," ","581.04"
"04/12/2017 04:00:00 - 04/12/2017 05:00:00","BZN|DK1","542.95","n/e"," ","584.54"
"04/12/2017 05:00:00 - 04/12/2017 06:00:00","BZN|DK1","570.78","n/e"," ","612.77"
"04/12/2017 06:00:00 - 04/12/2017 07:00:00","BZN|DK1","552.51","n/e"," ","594.36"
"04/12/2017 07:00:00 - 04/12/2017 08:00:00","BZN|DK1","525.91","n/e"," ","552.01"
"04/12/2017 08:00:00 - 04/12/2017 09:00:00","BZN|DK1","520.02","n/e"," ","543.14"
"04/12/2017 09:00:00 - 04/12/2017 10:00:00","BZN|DK1","503.33","n/e"," ","501.57"
"04/12/2017 10:00:00 - 04/12/2017 11:00:00","BZN|DK1","498.29","n/e"," ","493.48"
"04/12/2017 11:00:00 - 04/12/2017 12:00:00","BZN|DK1","508.50","n/e"," ","482.34"
"04/12/2017 12:00:00 - 04/12/2017 13:00:00","BZN|DK1","520.58","n/e"," ","555.33"
"04/12/2017 13:00:00 - 04/12/2017 14:00:00","BZN|DK1","536.71","n/e"," ","573.93"
"04/12/2017 14:00:00 - 04/12/2017 15:00:00","BZN|DK1","546.42","n/e"," ","573.65"
"04/12/2017 15:00:00 - 04/12/2017 16:00:00","BZN|DK1","540.67","n/e"," ","602.62"
"04/12/2017 16:00:00 - 04/12/2017 17:00:00","BZN|DK1","495.54","n/e"," ","576.08"
"04/12/2017 17:00:00 - 04/12/2017 18:00:00","BZN|DK1","423.25","n/e"," ","458.94"
"04/12/2017 18:00:00 - 04/12/2017 19:00:00","BZN|DK1","366.21","n/e"," ","329.92"
"04/12/2017 19:00:00 - 04/12/2017 20:00:00","BZN|DK1","358.38","n/e"," ","199.72"
"04/12/2017 20:00:00 - 04/12/2017 21:00:00","BZN|DK1","380.79","n/e"," ","402.12"
"04/12/2017 21:00:00 - 04/12/2017 22:00:00","BZN|DK1","421.33","n/e"," ","468.19"
"04/12/2017 22:00:00 - 04/12/2017 23:00:00","BZN|DK1","456.75","n/e"," ","496.20"
"04/12/2017 23:00:00 - 05/12/2017 00:00:00","BZN|DK1","478.67","n/e"," ","505.22"
"05/12/2017 00:00:00 - 05/12/2017 01:00:00","BZN|DK1","478.03","n/e"," ","498.14"
"05/12/2017 01:00:00 - 05/12/2017 02:00:00","BZN|DK1","572.77","n/e"," ","609.92"
"05/12/2017 02:00:00 - 05/12/2017 03:00:00","BZN|DK1","684.37","n/e"," ","729.76"
"05/12/2017 03:00:00 - 05/12/2017 04:00:00","BZN|DK1","715.90","n/e"," ","755.59"
"05/12/2017 04:00:00 - 05/12/2017 05:00:00","BZN|DK1","719.07","n/e"," ","768.27"
"05/12/2017 05:00:00 - 05/12/2017 06:00:00","BZN|DK1","718.45","n/e"," ","768.83"
"05/12/2017 06:00:00 - 05/12/2017 07:00:00","BZN|DK1","737.64","n/e"," ","789.02"
"05/12/2017 07:00:00 - 05/12/2017 08:00:00","BZN|DK1","738.47","n/e"," ","796.38"
"05/12/2017 08:00:00 - 05/12/2017 09:00:00","BZN|DK1","741.14","n/e"," ","799.94"
"05/12/2017 09:00:00 - 05/12/2017 10:00:00","BZN|DK1","738.13","n/e"," ","803.06"
"05/12/2017 10:00:00 - 05/12/2017 11:00:00","BZN|DK1","735.50","n/e"," ","804.55"
"05/12/2017 11:00:00 - 05/12/2017 12:00:00","BZN|DK1","736.96","n/e"," ","801.90"
"05/12/2017 12:00:00 - 05/12/2017 13:00:00","BZN|DK1","736.29","n/e"," ","800.91"
"05/12/2017 13:00:00 - 05/12/2017 14:00:00","BZN|DK1","736.00","n/e"," ","795.11"
"05/12/2017 14:00:00 - 05/12/2017 15:00:00","BZN|DK1","736.00","n/e"," ","800.89"
"05/12/2017 15:00:00 - 05/12/2017 16:00:00","BZN|DK1","736.71","n/e"," ","806.72"
"05/12/2017 16:00:00 - 05/12/2017 17:00:00","BZN|DK1","737.00","n/e"," ","803.79"
"05/12/2017 17:00:00 - 05/12/2017 18:00:00","BZN|DK1","740.83","n/e"," ","803.42"
"05/12/2017 18:00:00 - 05/12/2017 19:00:00","BZN|DK1","741.96","n/e"," ","803.51"
"05/12/2017 19:00:00 - 05/12/2017 20:00:00","BZN|DK1","742.00","n/e"," ","800.08"
"05/12/2017 20:00:00 - 05/12/2017 21:00:00","BZN|DK1","742.96","n/e"," ","795.09"
"05/12/2017 21:00:00 - 05/12/2017 22:00:00","BZN|DK1","743.96","n/e"," ","793.79"
"05/12/2017 22:00:00 - 05/12/2017 23:00:00","BZN|DK1","744.96","n/e"," ","795.58"
"05/12/2017 23:00:00 - 06/12/2017 00:00:00","BZN|DK1","745.96","n/e"," ","792.20"
"06/12/2017 00:00:00 - 06/12/2017 01:00:00","BZN|DK1","731.49","n/e"," ","801.53"
"06/12/2017 01:00:00 - 06/12/2017 02:00:00","BZN|DK1","644.63","n/e"," ","719.24"
"06/12/2017 02:00:00 - 06/12/2017 03:00:00","BZN|DK1","642.44","n/e"," ","703.11"
"06/12/2017 03:00:00 - 06/12/2017 04:00:00","BZN|DK1","738.70","n/e"," ","781.13"
"06/12/2017 04:00:00 - 06/12/2017 05:00:00","BZN|DK1","739.50","n/e"," ","802.64"
"06/12/2017 05:00:00 - 06/12/2017 06:00:00","BZN|DK1","739.05","n/e"," ","802.61"
"06/12/2017 06:00:00 - 06/12/2017 07:00:00","BZN|DK1","739.82","n/e"," ","800.22"
"06/12/2017 07:00:00 - 06/12/2017 08:00:00","BZN|DK1","643.10","n/e"," ","697.42"
"06/12/2017 08:00:00 - 06/12/2017 09:00:00","BZN|DK1","644.24","n/e"," ","699.94"
"06/12/2017 09:00:00 - 06/12/2017 10:00:00","BZN|DK1","741.00","n/e"," ","702.33"
"06/12/2017 10:00:00 - 06/12/2017 11:00:00","BZN|DK1","741.00","n/e"," ","709.05"
"06/12/2017 11:00:00 - 06/12/2017 12:00:00","BZN|DK1","741.00","n/e"," ","805.82"
"06/12/2017 12:00:00 - 06/12/2017 13:00:00","BZN|DK1","740.04","n/e"," ","805.78"
"06/12/2017 13:00:00 - 06/12/2017 14:00:00","BZN|DK1","739.04","n/e"," ","805.16"
"06/12/2017 14:00:00 - 06/12/2017 15:00:00","BZN|DK1","737.08","n/e"," ","804.25"
"06/12/2017 15:00:00 - 06/12/2017 16:00:00","BZN|DK1","736.04","n/e"," ","804.21"
"06/12/2017 16:00:00 - 06/12/2017 17:00:00","BZN|DK1","735.04","n/e"," ","803.91"
"06/12/2017 17:00:00 - 06/12/2017 18:00:00","BZN|DK1","734.08","n/e"," ","802.10"
"06/12/2017 18:00:00 - 06/12/2017 19:00:00","BZN|DK1","735.00","n/e"," ","801.62"
"06/12/2017 19:00:00 - 06/12/2017 20:00:00","BZN|DK1","735.00","n/e"," ","801.98"
"06/12/2017 20:00:00 - 06/12/2017 21:00:00","BZN|DK1","737.88","n/e"," ","801.72"
"06/12/2017 21:00:00 - 06/12/2017 22:00:00","BZN|DK1","738.00","n/e"," ","800.94"
"06/12/2017 22:00:00 - 06/12/2017 23:00:00","BZN|DK1","737.04","n/e"," ","800.02"
"06/12/2017 23:00:00 - 07/12/2017 00:00:00","BZN|DK1","737.96","n/e"," ","709.48"
"07/12/2017 00:00:00 - 07/12/2017 01:00:00","BZN|DK1","636.81","n/e"," ","698.67"
"07/12/2017 01:00:00 - 07/12/2017 02:00:00","BZN|DK1","632.99","n/e"," ","694.10"
"07/12/2017 02:00:00 - 07/12/2017 03:00:00","BZN|DK1","634.93","n/e"," ","696.99"
"07/12/2017 03:00:00 - 07/12/2017 04:00:00","BZN|DK1","635.00","n/e"," ","698.98"
"07/12/2017 04:00:00 - 07/12/2017 05:00:00","BZN|DK1","641.32","n/e"," ","703.94"
"07/12/2017 05:00:00 - 07/12/2017 06:00:00","BZN|DK1","668.74","n/e"," ","705.42"
"07/12/2017 06:00:00 - 07/12/2017 07:00:00","BZN|DK1","735.92","n/e"," ","791.89"
"07/12/2017 07:00:00 - 07/12/2017 08:00:00","BZN|DK1","670.12","n/e"," ","710.65"
"07/12/2017 08:00:00 - 07/12/2017 09:00:00","BZN|DK1","733.01","n/e"," ","804.33"
"07/12/2017 09:00:00 - 07/12/2017 10:00:00","BZN|DK1","729.50","n/e"," ","797.03"
"07/12/2017 10:00:00 - 07/12/2017 11:00:00","BZN|DK1","726.13","n/e"," ","793.60"
"07/12/2017 11:00:00 - 07/12/2017 12:00:00","BZN|DK1","721.79","n/e"," ","792.50"
"07/12/2017 12:00:00 - 07/12/2017 13:00:00","BZN|DK1","718.42","n/e"," ","774.54"
"07/12/2017 13:00:00 - 07/12/2017 14:00:00","BZN|DK1","726.96","n/e"," ","775.60"
"07/12/2017 14:00:00 - 07/12/2017 15:00:00","BZN|DK1","733.63","n/e"," ","793.33"
"07/12/2017 15:00:00 - 07/12/2017 16:00:00","BZN|DK1","734.00","n/e"," ","780.18"
"07/12/2017 16:00:00 - 07/12/2017 17:00:00","BZN|DK1","736.88","n/e"," ","774.18"
"07/12/2017 17:00:00 - 07/12/2017 18:00:00","BZN|DK1","735.08","n/e"," ","771.54"
"07/12/2017 18:00:00 - 07/12/2017 19:00:00","BZN|DK1","730.21","n/e"," ","773.51"
"07/12/2017 19:00:00 - 07/12/2017 20:00:00","BZN|DK1","732.38","n/e"," ","777.29"
"07/12/2017 20:00:00 - 07/12/2017 21:00:00","BZN|DK1","734.92","n/e"," ","791.38"
"07/12/2017 21:00:00 - 07/12/2017 22:00:00","BZN|DK1","735.96","n/e"," ","789.28"
"07/12/2017 22:00:00 - 07/12/2017 23:00:00","BZN|DK1","736.00","n/e"," ","784.75"
"07/12/2017 23:00:00 - 08/12/2017 00:00:00","BZN|DK1","736.00","n/e"," ","784.46"
"08/12/2017 00:00:00 - 08/12/2017 01:00:00","BZN|DK1","641.32","n/e"," ","683.82"
"08/12/2017 01:00:00 - 08/12/2017 02:00:00","BZN|DK1","635.85","n/e"," ","683.12"
"08/12/2017 02:00:00 - 08/12/2017 03:00:00","BZN|DK1","639.09","n/e"," ","685.93"
"08/12/2017 03:00:00 - 08/12/2017 04:00:00","BZN|DK1","693.55","n/e"," ","721.20"
"08/12/2017 04:00:00 - 08/12/2017 05:00:00","BZN|DK1","734.18","n/e"," ","788.39"
"08/12/2017 05:00:00 - 08/12/2017 06:00:00","BZN|DK1","733.43","n/e"," ","792.34"
"08/12/2017 06:00:00 - 08/12/2017 07:00:00","BZN|DK1","714.56","n/e"," ","762.78"
"08/12/2017 07:00:00 - 08/12/2017 08:00:00","BZN|DK1","707.60","n/e"," ","765.08"
"08/12/2017 08:00:00 - 08/12/2017 09:00:00","BZN|DK1","727.26","n/e"," ","785.58"
"08/12/2017 09:00:00 - 08/12/2017 10:00:00","BZN|DK1","731.00","n/e"," ","784.44"
"08/12/2017 10:00:00 - 08/12/2017 11:00:00","BZN|DK1","732.96","n/e"," ","789.38"
"08/12/2017 11:00:00 - 08/12/2017 12:00:00","BZN|DK1","733.00","n/e"," ","790.36"
"08/12/2017 12:00:00 - 08/12/2017 13:00:00","BZN|DK1","733.00","n/e"," ","791.96"
"08/12/2017 13:00:00 - 08/12/2017 14:00:00","BZN|DK1","732.04","n/e"," ","789.70"
"08/12/2017 14:00:00 - 08/12/2017 15:00:00","BZN|DK1","732.00","n/e"," ","788.19"
"08/12/2017 15:00:00 - 08/12/2017 16:00:00","BZN|DK1","732.00","n/e"," ","755.23"
"08/12/2017 16:00:00 - 08/12/2017 17:00:00","BZN|DK1","732.96","n/e"," ","620.47"
"08/12/2017 17:00:00 - 08/12/2017 18:00:00","BZN|DK1","733.96","n/e"," ","694.17"
"08/12/2017 18:00:00 - 08/12/2017 19:00:00","BZN|DK1","734.00","n/e"," ","749.48"
"08/12/2017 19:00:00 - 08/12/2017 20:00:00","BZN|DK1","734.96","n/e"," ","788.44"
"08/12/2017 20:00:00 - 08/12/2017 21:00:00","BZN|DK1","735.00","n/e"," ","775.55"
"08/12/2017 21:00:00 - 08/12/2017 22:00:00","BZN|DK1","735.00","n/e"," ","780.59"
"08/12/2017 22:00:00 - 08/12/2017 23:00:00","BZN|DK1","735.00","n/e"," ","797.64"
"08/12/2017 23:00:00 - 09/12/2017 00:00:00","BZN|DK1","735.00","n/e"," ","785.68"
"09/12/2017 00:00:00 - 09/12/2017 01:00:00","BZN|DK1","692.99","n/e"," ","735.21"
"09/12/2017 01:00:00 - 09/12/2017 02:00:00","BZN|DK1","675.50","n/e"," ","729.39"
"09/12/2017 02:00:00 - 09/12/2017 03:00:00","BZN|DK1","668.61","n/e"," ","741.62"
"09/12/2017 03:00:00 - 09/12/2017 04:00:00","BZN|DK1","724.18","n/e"," ","786.45"
"09/12/2017 04:00:00 - 09/12/2017 05:00:00","BZN|DK1","716.92","n/e"," ","680.19"
"09/12/2017 05:00:00 - 09/12/2017 06:00:00","BZN|DK1","724.16","n/e"," ","772.80"
"09/12/2017 06:00:00 - 09/12/2017 07:00:00","BZN|DK1","723.83","n/e"," ","781.09"
"09/12/2017 07:00:00 - 09/12/2017 08:00:00","BZN|DK1","732.74","n/e"," ","792.98"
"09/12/2017 08:00:00 - 09/12/2017 09:00:00","BZN|DK1","732.28","n/e"," ","796.35"
"09/12/2017 09:00:00 - 09/12/2017 10:00:00","BZN|DK1","731.04","n/e"," ","794.11"
"09/12/2017 10:00:00 - 09/12/2017 11:00:00","BZN|DK1","731.00","n/e"," ","796.54"
"09/12/2017 11:00:00 - 09/12/2017 12:00:00","BZN|DK1","729.08","n/e"," ","790.97"
"09/12/2017 12:00:00 - 09/12/2017 13:00:00","BZN|DK1","728.04","n/e"," ","786.94"
"09/12/2017 13:00:00 - 09/12/2017 14:00:00","BZN|DK1","726.08","n/e"," ","785.87"
"09/12/2017 14:00:00 - 09/12/2017 15:00:00","BZN|DK1","722.67","n/e"," ","767.97"
"09/12/2017 15:00:00 - 09/12/2017 16:00:00","BZN|DK1","716.54","n/e"," ","770.11"
"09/12/2017 16:00:00 - 09/12/2017 17:00:00","BZN|DK1","710.79","n/e"," ","747.85"
"09/12/2017 17:00:00 - 09/12/2017 18:00:00","BZN|DK1","703.29","n/e"," ","700.68"
"09/12/2017 18:00:00 - 09/12/2017 19:00:00","BZN|DK1","696.88","n/e"," ","759.90"
"09/12/2017 19:00:00 - 09/12/2017 20:00:00","BZN|DK1","690.54","n/e"," ","684.12"
"09/12/2017 20:00:00 - 09/12/2017 21:00:00","BZN|DK1","679.71","n/e"," ","604.36"
"09/12/2017 21:00:00 - 09/12/2017 22:00:00","BZN|DK1","663.75","n/e"," ","664.83"
"09/12/2017 22:00:00 - 09/12/2017 23:00:00","BZN|DK1","654.88","n/e"," ","592.31"
"09/12/2017 23:00:00 - 10/12/2017 00:00:00","BZN|DK1","647.13","n/e"," ","684.92"
"10/12/2017 00:00:00 - 10/12/2017 01:00:00","BZN|DK1","643.85","n/e"," ","708.96"
"10/12/2017 01:00:00 - 10/12/2017 02:00:00","BZN|DK1","661.59","n/e"," ","712.45"
"10/12/2017 02:00:00 - 10/12/2017 03:00:00","BZN|DK1","572.18","n/e"," ","607.44"
"10/12/2017 03:00:00 - 10/12/2017 04:00:00","BZN|DK1","517.43","n/e"," ","561.91"
"10/12/2017 04:00:00 - 10/12/2017 05:00:00","BZN|DK1","600.00","n/e"," ","645.59"
"10/12/2017 05:00:00 - 10/12/2017 06:00:00","BZN|DK1","564.77","n/e"," ","603.00"
"10/12/2017 06:00:00 - 10/12/2017 07:00:00","BZN|DK1","428.33","n/e"," ","453.20"
"10/12/2017 07:00:00 - 10/12/2017 08:00:00","BZN|DK1","329.51","n/e"," ","348.65"
"10/12/2017 08:00:00 - 10/12/2017 09:00:00","BZN|DK1","264.68","n/e"," ","272.95"
"10/12/2017 09:00:00 - 10/12/2017 10:00:00","BZN|DK1","220.88","n/e"," ","219.86"
"10/12/2017 10:00:00 - 10/12/2017 11:00:00","BZN|DK1","205.50","n/e"," ","206.10"
"10/12/2017 11:00:00 - 10/12/2017 12:00:00","BZN|DK1","198.75","n/e"," ","252.33"
"10/12/2017 12:00:00 - 10/12/2017 13:00:00","BZN|DK1","207.67","n/e"," ","301.21"
"10/12/2017 13:00:00 - 10/12/2017 14:00:00","BZN|DK1","229.92","n/e"," ","332.66"
"10/12/2017 14:00:00 - 10/12/2017 15:00:00","BZN|DK1","268.96","n/e"," ","415.28"
"10/12/2017 15:00:00 - 10/12/2017 16:00:00","BZN|DK1","329.88","n/e"," ","370.48"
"10/12/2017 16:00:00 - 10/12/2017 17:00:00","BZN|DK1","401.79","n/e"," ","557.97"
"10/12/2017 17:00:00 - 10/12/2017 18:00:00","BZN|DK1","481.88","n/e"," ","731.04"
"10/12/2017 18:00:00 - 10/12/2017 19:00:00","BZN|DK1","561.63","n/e"," ","660.06"
"10/12/2017 19:00:00 - 10/12/2017 20:00:00","BZN|DK1","592.96","n/e"," ","580.29"
"10/12/2017 20:00:00 - 10/12/2017 21:00:00","BZN|DK1","575.75","n/e"," ","426.49"
"10/12/2017 21:00:00 - 10/12/2017 22:00:00","BZN|DK1","536.25","n/e"," ","355.41"
"10/12/2017 22:00:00 - 10/12/2017 23:00:00","BZN|DK1","483.08","n/e"," ","364.92"
"10/12/2017 23:00:00 - 11/12/2017 00:00:00","BZN|DK1","426.96","n/e"," ","358.17"
"11/12/2017 00:00:00 - 11/12/2017 01:00:00","BZN|DK1","228.21","n/e"," ","225.15"
"11/12/2017 01:00:00 - 11/12/2017 02:00:00","BZN|DK1","119.74","n/e"," ","128.62"
"11/12/2017 02:00:00 - 11/12/2017 03:00:00","BZN|DK1","84.64","n/e"," ","94.10"
"11/12/2017 03:00:00 - 11/12/2017 04:00:00","BZN|DK1","112.51","n/e"," ","128.49"
"11/12/2017 04:00:00 - 11/12/2017 05:00:00","BZN|DK1","206.90","n/e"," ","209.14"
"11/12/2017 05:00:00 - 11/12/2017 06:00:00","BZN|DK1","192.93","n/e"," ","206.03"
"11/12/2017 06:00:00 - 11/12/2017 07:00:00","BZN|DK1","212.63","n/e"," ","219.18"
"11/12/2017 07:00:00 - 11/12/2017 08:00:00","BZN|DK1","125.61","n/e"," ","129.13"
"11/12/2017 08:00:00 - 11/12/2017 09:00:00","BZN|DK1","202.08","n/e"," ","113.21"
"11/12/2017 09:00:00 - 11/12/2017 10:00:00","BZN|DK1","216.21","n/e"," ","173.28"
"11/12/2017 10:00:00 - 11/12/2017 11:00:00","BZN|DK1","214.79","n/e"," ","287.56"
"11/12/2017 11:00:00 - 11/12/2017 12:00:00","BZN|DK1","210.50","n/e"," ","189.53"
"11/12/2017 12:00:00 - 11/12/2017 13:00:00","BZN|DK1","214.08","n/e"," ","201.07"
"11/12/2017 13:00:00 - 11/12/2017 14:00:00","BZN|DK1","259.17","n/e"," ","236.65"
"11/12/2017 14:00:00 - 11/12/2017 15:00:00","BZN|DK1","311.00","n/e"," ","294.60"
"11/12/2017 15:00:00 - 11/12/2017 16:00:00","BZN|DK1","417.29","n/e"," ","435.28"
"11/12/2017 16:00:00 - 11/12/2017 17:00:00","BZN|DK1","518.00","n/e"," ","549.97"
"11/12/2017 17:00:00 - 11/12/2017 18:00:00","BZN|DK1","604.21","n/e"," ","557.35"
"11/12/2017 18:00:00 - 11/12/2017 19:00:00","BZN|DK1","645.71","n/e"," ","618.73"
"11/12/2017 19:00:00 - 11/12/2017 20:00:00","BZN|DK1","648.29","n/e"," ","618.52"
"11/12/2017 20:00:00 - 11/12/2017 21:00:00","BZN|DK1","634.79","n/e"," ","614.77"
"11/12/2017 21:00:00 - 11/12/2017 22:00:00","BZN|DK1","628.88","n/e"," ","612.69"
"11/12/2017 22:00:00 - 11/12/2017 23:00:00","BZN|DK1","644.00","n/e"," ","692.37"
"11/12/2017 23:00:00 - 12/12/2017 00:00:00","BZN|DK1","655.29","n/e"," ","710.01"
"12/12/2017 00:00:00 - 12/12/2017 01:00:00","BZN|DK1","709.20","n/e"," ","758.44"
"12/12/2017 01:00:00 - 12/12/2017 02:00:00","BZN|DK1","710.87","n/e"," ","756.16"
"12/12/2017 02:00:00 - 12/12/2017 03:00:00","BZN|DK1","716.83","n/e"," ","755.22"
"12/12/2017 03:00:00 - 12/12/2017 04:00:00","BZN|DK1","727.91","n/e"," ","764.29"
"12/12/2017 04:00:00 - 12/12/2017 05:00:00","BZN|DK1","733.02","n/e"," ","757.07"
"12/12/2017 05:00:00 - 12/12/2017 06:00:00","BZN|DK1","733.43","n/e"," ","764.44"
"12/12/2017 06:00:00 - 12/12/2017 07:00:00","BZN|DK1","732.84","n/e"," ","772.88"
"12/12/2017 07:00:00 - 12/12/2017 08:00:00","BZN|DK1","725.79","n/e"," ","768.44"
"12/12/2017 08:00:00 - 12/12/2017 09:00:00","BZN|DK1","718.09","n/e"," ","790.45"
"12/12/2017 09:00:00 - 12/12/2017 10:00:00","BZN|DK1","706.50","n/e"," ","756.30"
"12/12/2017 10:00:00 - 12/12/2017 11:00:00","BZN|DK1","685.08","n/e"," ","760.72"
"12/12/2017 11:00:00 - 12/12/2017 12:00:00","BZN|DK1","641.58","n/e"," ","706.09"
"12/12/2017 12:00:00 - 12/12/2017 13:00:00","BZN|DK1","587.88","n/e"," ","626.29"
"12/12/2017 13:00:00 - 12/12/2017 14:00:00","BZN|DK1","567.17","n/e"," ","561.88"
"12/12/2017 14:00:00 - 12/12/2017 15:00:00","BZN|DK1","570.50","n/e"," ","536.85"
"12/12/2017 15:00:00 - 12/12/2017 16:00:00","BZN|DK1","586.33","n/e"," ","530.08"
"12/12/2017 16:00:00 - 12/12/2017 17:00:00","BZN|DK1","610.29","n/e"," ","601.76"
"12/12/2017 17:00:00 - 12/12/2017 18:00:00","BZN|DK1","606.92","n/e"," ","544.42"
"12/12/2017 18:00:00 - 12/12/2017 19:00:00","BZN|DK1","562.17","n/e"," ","512.59"
"12/12/2017 19:00:00 - 12/12/2017 20:00:00","BZN|DK1","545.13","n/e"," ","459.42"
"12/12/2017 20:00:00 - 12/12/2017 21:00:00","BZN|DK1","577.79","n/e"," ","621.72"
"12/12/2017 21:00:00 - 12/12/2017 22:00:00","BZN|DK1","629.46","n/e"," ","761.26"
"12/12/2017 22:00:00 - 12/12/2017 23:00:00","BZN|DK1","675.67","n/e"," ","773.62"
"12/12/2017 23:00:00 - 13/12/2017 00:00:00","BZN|DK1","709.58","n/e"," ","665.13"
"13/12/2017 00:00:00 - 13/12/2017 01:00:00","BZN|DK1","628.53","n/e"," ","665.37"
"13/12/2017 01:00:00 - 13/12/2017 02:00:00","BZN|DK1","629.94","n/e"," ","662.16"
"13/12/2017 02:00:00 - 13/12/2017 03:00:00","BZN|DK1","508.35","n/e"," ","552.70"
"13/12/2017 03:00:00 - 13/12/2017 04:00:00","BZN|DK1","583.53","n/e"," ","621.97"
"13/12/2017 04:00:00 - 13/12/2017 05:00:00","BZN|DK1","624.69","n/e"," ","658.08"
"13/12/2017 05:00:00 - 13/12/2017 06:00:00","BZN|DK1","625.70","n/e"," ","657.97"
"13/12/2017 06:00:00 - 13/12/2017 07:00:00","BZN|DK1","729.17","n/e"," ","769.64"
"13/12/2017 07:00:00 - 13/12/2017 08:00:00","BZN|DK1","721.42","n/e"," ","769.41"
"13/12/2017 08:00:00 - 13/12/2017 09:00:00","BZN|DK1","731.90","n/e"," ","771.24"
"13/12/2017 09:00:00 - 13/12/2017 10:00:00","BZN|DK1","730.04","n/e"," ","770.39"
"13/12/2017 10:00:00 - 13/12/2017 11:00:00","BZN|DK1","731.83","n/e"," ","705.69"
"13/12/2017 11:00:00 - 13/12/2017 12:00:00","BZN|DK1","731.79","n/e"," ","673.85"
"13/12/2017 12:00:00 - 13/12/2017 13:00:00","BZN|DK1","727.96","n/e"," ","701.23"
"13/12/2017 13:00:00 - 13/12/2017 14:00:00","BZN|DK1","712.79","n/e"," ","698.54"
"13/12/2017 14:00:00 - 13/12/2017 15:00:00","BZN|DK1","686.17","n/e"," ","759.24"
"13/12/2017 15:00:00 - 13/12/2017 16:00:00","BZN|DK1","658.67","n/e"," ","704.30"
"13/12/2017 16:00:00 - 13/12/2017 17:00:00","BZN|DK1","633.13","n/e"," ","554.12"
"13/12/2017 17:00:00 - 13/12/2017 18:00:00","BZN|DK1","608.92","n/e"," ","540.96"
"13/12/2017 18:00:00 - 13/12/2017 19:00:00","BZN|DK1","598.83","n/e"," ","587.70"
"13/12/2017 19:00:00 - 13/12/2017 20:00:00","BZN|DK1","618.13","n/e"," ","583.63"
"13/12/2017 20:00:00 - 13/12/2017 21:00:00","BZN|DK1","644.42","n/e"," ","643.90"
"13/12/2017 21:00:00 - 13/12/2017 22:00:00","BZN|DK1","670.08","n/e"," ","740.21"
"13/12/2017 22:00:00 - 13/12/2017 23:00:00","BZN|DK1","686.21","n/e"," ","732.83"
"13/12/2017 23:00:00 - 14/12/2017 00:00:00","BZN|DK1","693.54","n/e"," ","752.58"
"14/12/2017 00:00:00 - 14/12/2017 01:00:00","BZN|DK1","692.08","n/e"," ","731.69"
"14/12/2017 01:00:00 - 14/12/2017 02:00:00","BZN|DK1","561.77","n/e"," ","588.50"
"14/12/2017 02:00:00 - 14/12/2017 03:00:00","BZN|DK1","393.79","n/e"," ","402.99"
"14/12/2017 03:00:00 - 14/12/2017 04:00:00","BZN|DK1","516.53","n/e"," ","601.78"
"14/12/2017 04:00:00 - 14/12/2017 05:00:00","BZN|DK1","614.95","n/e"," ","666.89"
"14/12/2017 05:00:00 - 14/12/2017 06:00:00","BZN|DK1","625.61","n/e"," ","655.70"
"14/12/2017 06:00:00 - 14/12/2017 07:00:00","BZN|DK1","613.49","n/e"," ","629.55"
"14/12/2017 07:00:00 - 14/12/2017 08:00:00","BZN|DK1","554.31","n/e"," ","586.78"
"14/12/2017 08:00:00 - 14/12/2017 09:00:00","BZN|DK1","482.05","n/e"," ","488.98"
"14/12/2017 09:00:00 - 14/12/2017 10:00:00","BZN|DK1","418.33","n/e"," ","387.16"
"14/12/2017 10:00:00 - 14/12/2017 11:00:00","BZN|DK1","392.13","n/e"," ","304.72"
"14/12/2017 11:00:00 - 14/12/2017 12:00:00","BZN|DK1","411.88","n/e"," ","350.24"
"14/12/2017 12:00:00 - 14/12/2017 13:00:00","BZN|DK1","461.67","n/e"," ","403.39"
"14/12/2017 13:00:00 - 14/12/2017 14:00:00","BZN|DK1","517.96","n/e"," ","516.21"
"14/12/2017 14:00:00 - 14/12/2017 15:00:00","BZN|DK1","553.04","n/e"," ","552.21"
"14/12/2017 15:00:00 - 14/12/2017 16:00:00","BZN|DK1","567.54","n/e"," ","581.31"
"14/12/2017 16:00:00 - 14/12/2017 17:00:00","BZN|DK1","564.88","n/e"," ","536.32"
"14/12/2017 17:00:00 - 14/12/2017 18:00:00","BZN|DK1","561.00","n/e"," ","476.52"
"14/12/2017 18:00:00 - 14/12/2017 19:00:00","BZN|DK1","548.88","n/e"," ","517.09"
"14/12/2017 19:00:00 - 14/12/2017 20:00:00","BZN|DK1","518.96","n/e"," ","539.58"
"14/12/2017 20:00:00 - 14/12/2017 21:00:00","BZN|DK1","478.71","n/e"," ","439.62"
"14/12/2017 21:00:00 - 14/12/2017 22:00:00","BZN|DK1","445.00","n/e"," ","403.47"
"14/12/2017 22:00:00 - 14/12/2017 23:00:00","BZN|DK1","418.71","n/e"," ","478.25"
"14/12/2017 23:00:00 - 15/12/2017 00:00:00","BZN|DK1","398.67","n/e"," ","468.75"
"15/12/2017 00:00:00 - 15/12/2017 01:00:00","BZN|DK1","419.18","n/e"," ","438.33"
"15/12/2017 01:00:00 - 15/12/2017 02:00:00","BZN|DK1","395.98","n/e"," ","425.81"
"15/12/2017 02:00:00 - 15/12/2017 03:00:00","BZN|DK1","380.30","n/e"," ","398.34"
"15/12/2017 03:00:00 - 15/12/2017 04:00:00","BZN|DK1","277.43","n/e"," ","286.27"
"15/12/2017 04:00:00 - 15/12/2017 05:00:00","BZN|DK1","158.33","n/e"," ","168.59"
"15/12/2017 05:00:00 - 15/12/2017 06:00:00","BZN|DK1","138.95","n/e"," ","146.97"
"15/12/2017 06:00:00 - 15/12/2017 07:00:00","BZN|DK1","129.38","n/e"," ","133.41"
"15/12/2017 07:00:00 - 15/12/2017 08:00:00","BZN|DK1","92.94","n/e"," ","100.83"
"15/12/2017 08:00:00 - 15/12/2017 09:00:00","BZN|DK1","83.59","n/e"," ","114.14"
"15/12/2017 09:00:00 - 15/12/2017 10:00:00","BZN|DK1","101.75","n/e"," ","103.24"
"15/12/2017 10:00:00 - 15/12/2017 11:00:00","BZN|DK1","104.88","n/e"," ","123.37"
"15/12/2017 11:00:00 - 15/12/2017 12:00:00","BZN|DK1","106.96","n/e"," ","158.01"
"15/12/2017 12:00:00 - 15/12/2017 13:00:00","BZN|DK1","99.21","n/e"," ","143.02"
"15/12/2017 13:00:00 - 15/12/2017 14:00:00","BZN|DK1","97.00","n/e"," ","134.72"
"15/12/2017 14:00:00 - 15/12/2017 15:00:00","BZN|DK1","95.13","n/e"," ","134.89"
"15/12/2017 15:00:00 - 15/12/2017 16:00:00","BZN|DK1","88.92","n/e"," ","104.50"
"15/12/2017 16:00:00 - 15/12/2017 17:00:00","BZN|DK1","80.96","n/e"," ","92.39"
"15/12/2017 17:00:00 - 15/12/2017 18:00:00","BZN|DK1","81.63","n/e"," ","80.00"
"15/12/2017 18:00:00 - 15/12/2017 19:00:00","BZN|DK1","89.96","n/e"," ","119.70"
"15/12/2017 19:00:00 - 15/12/2017 20:00:00","BZN|DK1","123.83","n/e"," ","144.38"
"15/12/2017 20:00:00 - 15/12/2017 21:00:00","BZN|DK1","179.96","n/e"," ","276.59"
"15/12/2017 21:00:00 - 15/12/2017 22:00:00","BZN|DK1","246.00","n/e"," ","387.94"
"15/12/2017 22:00:00 - 15/12/2017 23:00:00","BZN|DK1","293.13","n/e"," ","485.49"
"15/12/2017 23:00:00 - 16/12/2017 00:00:00","BZN|DK1","327.29","n/e"," ","518.37"
"16/12/2017 00:00:00 - 16/12/2017 01:00:00","BZN|DK1","507.15","n/e"," ","517.80"
"16/12/2017 01:00:00 - 16/12/2017 02:00:00","BZN|DK1","443.83","n/e"," ","447.57"
"16/12/2017 02:00:00 - 16/12/2017 03:00:00","BZN|DK1","401.98","n/e"," ","405.32"
"16/12/2017 03:00:00 - 16/12/2017 04:00:00","BZN|DK1","242.40","n/e"," ","220.68"
"16/12/2017 04:00:00 - 16/12/2017 05:00:00","BZN|DK1","266.79","n/e"," ","278.34"
"16/12/2017 05:00:00 - 16/12/2017 06:00:00","BZN|DK1","333.50","n/e"," ","344.22"
"16/12/2017 06:00:00 - 16/12/2017 07:00:00","BZN|DK1","456.70","n/e"," ","462.75"
"16/12/2017 07:00:00 - 16/12/2017 08:00:00","BZN|DK1","347.95","n/e"," ","360.31"
"16/12/2017 08:00:00 - 16/12/2017 09:00:00","BZN|DK1","330.80","n/e"," ","338.86"
"16/12/2017 09:00:00 - 16/12/2017 10:00:00","BZN|DK1","352.71","n/e"," ","347.96"
"16/12/2017 10:00:00 - 16/12/2017 11:00:00","BZN|DK1","401.96","n/e"," ","358.50"
"16/12/2017 11:00:00 - 16/12/2017 12:00:00","BZN|DK1","429.33","n/e"," ","428.84"
"16/12/2017 12:00:00 - 16/12/2017 13:00:00","BZN|DK1","459.67","n/e"," ","498.23"
"16/12/2017 13:00:00 - 16/12/2017 14:00:00","BZN|DK1","484.46","n/e"," ","544.72"
"16/12/2017 14:00:00 - 16/12/2017 15:00:00","BZN|DK1","490.04","n/e"," ","495.72"
"16/12/2017 15:00:00 - 16/12/2017 16:00:00","BZN|DK1","519.67","n/e"," ","526.57"
"16/12/2017 16:00:00 - 16/12/2017 17:00:00","BZN|DK1","553.67","n/e"," ","610.52"
"16/12/2017 17:00:00 - 16/12/2017 18:00:00","BZN|DK1","561.25","n/e"," ","661.65"
"16/12/2017 18:00:00 - 16/12/2017 19:00:00","BZN|DK1","526.29","n/e"," ","697.23"
"16/12/2017 19:00:00 - 16/12/2017 20:00:00","BZN|DK1","455.58","n/e"," ","658.78"
"16/12/2017 20:00:00 - 16/12/2017 21:00:00","BZN|DK1","398.13","n/e"," ","524.09"
"16/12/2017 21:00:00 - 16/12/2017 22:00:00","BZN|DK1","344.29","n/e"," ","538.99"
"16/12/2017 22:00:00 - 16/12/2017 23:00:00","BZN|DK1","288.63","n/e"," ","463.48"
"16/12/2017 23:00:00 - 17/12/2017 00:00:00","BZN|DK1","250.38","n/e"," ","390.64"
"17/12/2017 00:00:00 - 17/12/2017 01:00:00","BZN|DK1","339.70","n/e"," ","379.15"
"17/12/2017 01:00:00 - 17/12/2017 02:00:00","BZN|DK1","332.48","n/e"," ","348.77"
"17/12/2017 02:00:00 - 17/12/2017 03:00:00","BZN|DK1","303.64","n/e"," ","331.77"
"17/12/2017 03:00:00 - 17/12/2017 04:00:00","BZN|DK1","295.19","n/e"," ","319.81"
"17/12/2017 04:00:00 - 17/12/2017 05:00:00","BZN|DK1","297.37","n/e"," ","315.09"
"17/12/2017 05:00:00 - 17/12/2017 06:00:00","BZN|DK1","223.14","n/e"," ","224.85"
"17/12/2017 06:00:00 - 17/12/2017 07:00:00","BZN|DK1","114.65","n/e"," ","129.24"
"17/12/2017 07:00:00 - 17/12/2017 08:00:00","BZN|DK1","68.38","n/e"," ","77.39"
"17/12/2017 08:00:00 - 17/12/2017 09:00:00","BZN|DK1","56.38","n/e"," ","53.31"
"17/12/2017 09:00:00 - 17/12/2017 10:00:00","BZN|DK1","39.58","n/e"," ","31.82"
"17/12/2017 10:00:00 - 17/12/2017 11:00:00","BZN|DK1","24.83","n/e"," ","35.54"
"17/12/2017 11:00:00 - 17/12/2017 12:00:00","BZN|DK1","21.00","n/e"," ","22.72"
"17/12/2017 12:00:00 - 17/12/2017 13:00:00","BZN|DK1","31.63","n/e"," ","38.41"
"17/12/2017 13:00:00 - 17/12/2017 14:00:00","BZN|DK1","61.46","n/e"," ","69.74"
"17/12/2017 14:00:00 - 17/12/2017 15:00:00","BZN|DK1","115.17","n/e"," ","114.56"
"17/12/2017 15:00:00 - 17/12/2017 16:00:00","BZN|DK1","185.75","n/e"," ","123.53"
"17/12/2017 16:00:00 - 17/12/2017 17:00:00","BZN|DK1","278.17","n/e"," ","158.48"
"17/12/2017 17:00:00 - 17/12/2017 18:00:00","BZN|DK1","400.00","n/e"," ","193.89"
"17/12/2017 18:00:00 - 17/12/2017 19:00:00","BZN|DK1","508.79","n/e"," ","337.10"
"17/12/2017 19:00:00 - 17/12/2017 20:00:00","BZN|DK1","579.00","n/e"," ","425.71"
"17/12/2017 20:00:00 - 17/12/2017 21:00:00","BZN|DK1","619.50","n/e"," ","588.38"
"17/12/2017 21:00:00 - 17/12/2017 22:00:00","BZN|DK1","656.71","n/e"," ","704.96"
"17/12/2017 22:00:00 - 17/12/2017 23:00:00","BZN|DK1","688.13","n/e"," ","719.35"
"17/12/2017 23:00:00 - 18/12/2017 00:00:00","BZN|DK1","702.58","n/e"," ","740.25"
"18/12/2017 00:00:00 - 18/12/2017 01:00:00","BZN|DK1","704.53","n/e"," ","738.63"
"18/12/2017 01:00:00 - 18/12/2017 02:00:00","BZN|DK1","708.98","n/e"," ","743.85"
"18/12/2017 02:00:00 - 18/12/2017 03:00:00","BZN|DK1","701.42","n/e"," ","732.36"
"18/12/2017 03:00:00 - 18/12/2017 04:00:00","BZN|DK1","700.41","n/e"," ","738.79"
"18/12/2017 04:00:00 - 18/12/2017 05:00:00","BZN|DK1","613.63","n/e"," ","646.85"
"18/12/2017 05:00:00 - 18/12/2017 06:00:00","BZN|DK1","486.07","n/e"," ","515.66"
"18/12/2017 06:00:00 - 18/12/2017 07:00:00","BZN|DK1","392.55","n/e"," ","408.90"
"18/12/2017 07:00:00 - 18/12/2017 08:00:00","BZN|DK1","315.18","n/e"," ","334.23"
"18/12/2017 08:00:00 - 18/12/2017 09:00:00","BZN|DK1","358.51","n/e"," ","335.44"
"18/12/2017 09:00:00 - 18/12/2017 10:00:00","BZN|DK1","367.38","n/e"," ","358.82"
"18/12/2017 10:00:00 - 18/12/2017 11:00:00","BZN|DK1","381.75","n/e"," ","428.24"
"18/12/2017 11:00:00 - 18/12/2017 12:00:00","BZN|DK1","391.08","n/e"," ","420.85"
"18/12/2017 12:00:00 - 18/12/2017 13:00:00","BZN|DK1","406.42","n/e"," ","418.39"
"18/12/2017 13:00:00 - 18/12/2017 14:00:00","BZN|DK1","417.08","n/e"," ","435.21"
"18/12/2017 14:00:00 - 18/12/2017 15:00:00","BZN|DK1","420.17","n/e"," ","429.61"
"18/12/2017 15:00:00 - 18/12/2017 16:00:00","BZN|DK1","394.71","n/e"," ","442.68"
"18/12/2017 16:00:00 - 18/12/2017 17:00:00","BZN|DK1","342.38","n/e"," ","384.66"
"18/12/2017 17:00:00 - 18/12/2017 18:00:00","BZN|DK1","289.29","n/e"," ","330.23"
"18/12/2017 18:00:00 - 18/12/2017 19:00:00","BZN|DK1","237.54","n/e"," ","321.29"
"18/12/2017 19:00:00 - 18/12/2017 20:00:00","BZN|DK1","206.96","n/e"," ","229.77"
"18/12/2017 20:00:00 - 18/12/2017 21:00:00","BZN|DK1","194.46","n/e"," ","183.41"
"18/12/2017 21:00:00 - 18/12/2017 22:00:00","BZN|DK1","189.04","n/e"," ","196.02"
"18/12/2017 22:00:00 - 18/12/2017 23:00:00","BZN|DK1","184.96","n/e"," ","207.00"
"18/12/2017 23:00:00 - 19/12/2017 00:00:00","BZN|DK1","181.83","n/e"," ","154.47"
"19/12/2017 00:00:00 - 19/12/2017 01:00:00","BZN|DK1","112.15","n/e"," ","127.69"
"19/12/2017 01:00:00 - 19/12/2017 02:00:00","BZN|DK1","56.75","n/e"," ","76.47"
"19/12/2017 02:00:00 - 19/12/2017 03:00:00","BZN|DK1","80.83","n/e"," ","97.76"
"19/12/2017 03:00:00 - 19/12/2017 04:00:00","BZN|DK1","71.80","n/e"," ","88.01"
"19/12/2017 04:00:00 - 19/12/2017 05:00:00","BZN|DK1","70.06","n/e"," ","85.12"
"19/12/2017 05:00:00 - 19/12/2017 06:00:00","BZN|DK1","99.60","n/e"," ","118.70"
"19/12/2017 06:00:00 - 19/12/2017 07:00:00","BZN|DK1","49.89","n/e"," ","46.01"
"19/12/2017 07:00:00 - 19/12/2017 08:00:00","BZN|DK1","10.09","n/e"," ","12.33"
"19/12/2017 08:00:00 - 19/12/2017 09:00:00","BZN|DK1","25.00","n/e"," ","6.10"
"19/12/2017 09:00:00 - 19/12/2017 10:00:00","BZN|DK1","23.50","n/e"," ","17.13"
"19/12/2017 10:00:00 - 19/12/2017 11:00:00","BZN|DK1","22.38","n/e"," ","6.03"
"19/12/2017 11:00:00 - 19/12/2017 12:00:00","BZN|DK1","19.67","n/e"," ","4.30"
"19/12/2017 12:00:00 - 19/12/2017 13:00:00","BZN|DK1","19.71","n/e"," ","4.95"
"19/12/2017 13:00:00 - 19/12/2017 14:00:00","BZN|DK1","20.21","n/e"," ","16.44"
"19/12/2017 14:00:00 - 19/12/2017 15:00:00","BZN|DK1","22.33","n/e"," ","17.28"
"19/12/2017 15:00:00 - 19/12/2017 16:00:00","BZN|DK1","23.75","n/e"," ","5.59"
"19/12/2017 16:00:00 - 19/12/2017 17:00:00","BZN|DK1","28.29","n/e"," ","24.40"
"19/12/2017 17:00:00 - 19/12/2017 18:00:00","BZN|DK1","35.83","n/e"," ","45.48"
"19/12/2017 18:00:00 - 19/12/2017 19:00:00","BZN|DK1","44.96","n/e"," ","58.42"
"19/12/2017 19:00:00 - 19/12/2017 20:00:00","BZN|DK1","59.17","n/e"," ","42.45"
"19/12/2017 20:00:00 - 19/12/2017 21:00:00","BZN|DK1","80.54","n/e"," ","68.87"
"19/12/2017 21:00:00 - 19/12/2017 22:00:00","BZN|DK1","105.38","n/e"," ","73.55"
"19/12/2017 22:00:00 - 19/12/2017 23:00:00","BZN|DK1","126.00","n/e"," ","74.93"
"19/12/2017 23:00:00 - 20/12/2017 00:00:00","BZN|DK1","141.63","n/e"," ","85.84"
"20/12/2017 00:00:00 - 20/12/2017 01:00:00","BZN|DK1","116.16","n/e"," ","122.23"
"20/12/2017 01:00:00 - 20/12/2017 02:00:00","BZN|DK1","222.58","n/e"," ","224.72"
"20/12/2017 02:00:00 - 20/12/2017 03:00:00","BZN|DK1","199.27","n/e"," ","204.57"
"20/12/2017 03:00:00 - 20/12/2017 04:00:00","BZN|DK1","180.31","n/e"," ","194.26"
"20/12/2017 04:00:00 - 20/12/2017 05:00:00","BZN|DK1","231.55","n/e"," ","244.60"
"20/12/2017 05:00:00 - 20/12/2017 06:00:00","BZN|DK1","248.55","n/e"," ","260.36"
"20/12/2017 06:00:00 - 20/12/2017 07:00:00","BZN|DK1","230.62","n/e"," ","247.15"
"20/12/2017 07:00:00 - 20/12/2017 08:00:00","BZN|DK1","237.28","n/e"," ","253.38"
"20/12/2017 08:00:00 - 20/12/2017 09:00:00","BZN|DK1","252.26","n/e"," ","319.33"
"20/12/2017 09:00:00 - 20/12/2017 10:00:00","BZN|DK1","251.79","n/e"," ","289.27"
"20/12/2017 10:00:00 - 20/12/2017 11:00:00","BZN|DK1","259.38","n/e"," ","272.40"
"20/12/2017 11:00:00 - 20/12/2017 12:00:00","BZN|DK1","272.83","n/e"," ","253.50"
"20/12/2017 12:00:00 - 20/12/2017 13:00:00","BZN|DK1","281.17","n/e"," ","274.69"
"20/12/2017 13:00:00 - 20/12/2017 14:00:00","BZN|DK1","294.71","n/e"," ","359.86"
"20/12/2017 14:00:00 - 20/12/2017 15:00:00","BZN|DK1","317.88","n/e"," ","445.80"
"20/12/2017 15:00:00 - 20/12/2017 16:00:00","BZN|DK1","326.88","n/e"," ","415.45"
"20/12/2017 16:00:00 - 20/12/2017 17:00:00","BZN|DK1","356.13","n/e"," ","385.60"
"20/12/2017 17:00:00 - 20/12/2017 18:00:00","BZN|DK1","414.67","n/e"," ","386.17"
"20/12/2017 18:00:00 - 20/12/2017 19:00:00","BZN|DK1","461.92","n/e"," ","402.07"
"20/12/2017 19:00:00 - 20/12/2017 20:00:00","BZN|DK1","497.75","n/e"," ","398.21"
"20/12/2017 20:00:00 - 20/12/2017 21:00:00","BZN|DK1","529.75","n/e"," ","528.04"
"20/12/2017 21:00:00 - 20/12/2017 22:00:00","BZN|DK1","553.29","n/e"," ","567.39"
"20/12/2017 22:00:00 - 20/12/2017 23:00:00","BZN|DK1","558.67","n/e"," ","571.93"
"20/12/2017 23:00:00 - 21/12/2017 00:00:00","BZN|DK1","552.92","n/e"," ","567.45"
"21/12/2017 00:00:00 - 21/12/2017 01:00:00","BZN|DK1","525.86","n/e"," ","568.72"
"21/12/2017 01:00:00 - 21/12/2017 02:00:00","BZN|DK1","548.74","n/e"," ","602.57"
"21/12/2017 02:00:00 - 21/12/2017 03:00:00","BZN|DK1","573.04","n/e"," ","617.33"
"21/12/2017 03:00:00 - 21/12/2017 04:00:00","BZN|DK1","535.10","n/e"," ","577.43"
"21/12/2017 04:00:00 - 21/12/2017 05:00:00","BZN|DK1","396.47","n/e"," ","426.26"
"21/12/2017 05:00:00 - 21/12/2017 06:00:00","BZN|DK1","355.87","n/e"," ","389.25"
"21/12/2017 06:00:00 - 21/12/2017 07:00:00","BZN|DK1","421.19","n/e"," ","458.73"
"21/12/2017 07:00:00 - 21/12/2017 08:00:00","BZN|DK1","422.40","n/e"," ","452.20"
"21/12/2017 08:00:00 - 21/12/2017 09:00:00","BZN|DK1","394.81","n/e"," ","319.17"
"21/12/2017 09:00:00 - 21/12/2017 10:00:00","BZN|DK1","392.00","n/e"," ","368.73"
"21/12/2017 10:00:00 - 21/12/2017 11:00:00","BZN|DK1","424.00","n/e"," ","401.40"
"21/12/2017 11:00:00 - 21/12/2017 12:00:00","BZN|DK1","444.38","n/e"," ","500.82"
"21/12/2017 12:00:00 - 21/12/2017 13:00:00","BZN|DK1","464.79","n/e"," ","508.90"
"21/12/2017 13:00:00 - 21/12/2017 14:00:00","BZN|DK1","479.29","n/e"," ","504.55"
"21/12/2017 14:00:00 - 21/12/2017 15:00:00","BZN|DK1","489.21","n/e"," ","529.21"
"21/12/2017 15:00:00 - 21/12/2017 16:00:00","BZN|DK1","494.29","n/e"," ","519.67"
"21/12/2017 16:00:00 - 21/12/2017 17:00:00","BZN|DK1","496.04","n/e"," ","518.26"
"21/12/2017 17:00:00 - 21/12/2017 18:00:00","BZN|DK1","495.92","n/e"," ","532.48"
"21/12/2017 18:00:00 - 21/12/2017 19:00:00","BZN|DK1","501.25","n/e"," ","512.02"
"21/12/2017 19:00:00 - 21/12/2017 20:00:00","BZN|DK1","495.25","n/e"," ","558.82"
"21/12/2017 20:00:00 - 21/12/2017 21:00:00","BZN|DK1","494.96","n/e"," ","507.96"
"21/12/2017 21:00:00 - 21/12/2017 22:00:00","BZN|DK1","496.54","n/e"," ","566.77"
"21/12/2017 22:00:00 - 21/12/2017 23:00:00","BZN|DK1","499.83","n/e"," ","578.67"
"21/12/2017 23:00:00 - 22/12/2017 00:00:00","BZN|DK1","505.46","n/e"," ","569.26"
"22/12/2017 00:00:00 - 22/12/2017 01:00:00","BZN|DK1","533.15","n/e"," ","578.14"
"22/12/2017 01:00:00 - 22/12/2017 02:00:00","BZN|DK1","550.63","n/e"," ","613.12"
"22/12/2017 02:00:00 - 22/12/2017 03:00:00","BZN|DK1","575.18","n/e"," ","658.41"
"22/12/2017 03:00:00 - 22/12/2017 04:00:00","BZN|DK1","556.78","n/e"," ","625.84"
"22/12/2017 04:00:00 - 22/12/2017 05:00:00","BZN|DK1","556.58","n/e"," ","621.60"
"22/12/2017 05:00:00 - 22/12/2017 06:00:00","BZN|DK1","520.71","n/e"," ","573.20"
"22/12/2017 06:00:00 - 22/12/2017 07:00:00","BZN|DK1","505.34","n/e"," ","562.40"
"22/12/2017 07:00:00 - 22/12/2017 08:00:00","BZN|DK1","504.28","n/e"," ","546.31"
"22/12/2017 08:00:00 - 22/12/2017 09:00:00","BZN|DK1","502.87","n/e"," ","554.38"
"22/12/2017 09:00:00 - 22/12/2017 10:00:00","BZN|DK1","489.29","n/e"," ","554.65"
"22/12/2017 10:00:00 - 22/12/2017 11:00:00","BZN|DK1","491.08","n/e"," ","553.44"
"22/12/2017 11:00:00 - 22/12/2017 12:00:00","BZN|DK1","500.88","n/e"," ","547.10"
"22/12/2017 12:00:00 - 22/12/2017 13:00:00","BZN|DK1","514.25","n/e"," ","573.78"
"22/12/2017 13:00:00 - 22/12/2017 14:00:00","BZN|DK1","527.71","n/e"," ","584.41"
"22/12/2017 14:00:00 - 22/12/2017 15:00:00","BZN|DK1","539.67","n/e"," ","584.79"
"22/12/2017 15:00:00 - 22/12/2017 16:00:00","BZN|DK1","548.46","n/e"," ","611.01"
"22/12/2017 16:00:00 - 22/12/2017 17:00:00","BZN|DK1","556.92","n/e"," ","564.89"
"22/12/2017 17:00:00 - 22/12/2017 18:00:00","BZN|DK1","573.54","n/e"," ","564.37"
"22/12/2017 18:00:00 - 22/12/2017 19:00:00","BZN|DK1","597.00","n/e"," ","576.32"
"22/12/2017 19:00:00 - 22/12/2017 20:00:00","BZN|DK1","630.13","n/e"," ","589.49"
"22/12/2017 20:00:00 - 22/12/2017 21:00:00","BZN|DK1","665.25","n/e"," ","670.94"
"22/12/2017 21:00:00 - 22/12/2017 22:00:00","BZN|DK1","693.21","n/e"," ","692.33"
"22/12/2017 22:00:00 - 22/12/2017 23:00:00","BZN|DK1","710.50","n/e"," ","688.77"
"22/12/2017 23:00:00 - 23/12/2017 00:00:00","BZN|DK1","722.08","n/e"," ","759.53"
"23/12/2017 00:00:00 - 23/12/2017 01:00:00","BZN|DK1","730.03","n/e"," ","788.01"
"23/12/2017 01:00:00 - 23/12/2017 02:00:00","BZN|DK1","737.13","n/e"," ","795.33"
"23/12/2017 02:00:00 - 23/12/2017 03:00:00","BZN|DK1","663.27","n/e"," ","719.01"
"23/12/2017 03:00:00 - 23/12/2017 04:00:00","BZN|DK1","672.81","n/e"," ","732.72"
"23/12/2017 04:00:00 - 23/12/2017 05:00:00","BZN|DK1","733.97","n/e"," ","782.13"
"23/12/2017 05:00:00 - 23/12/2017 06:00:00","BZN|DK1","633.95","n/e"," ","676.94"
"23/12/2017 06:00:00 - 23/12/2017 07:00:00","BZN|DK1","628.36","n/e"," ","673.74"
"23/12/2017 07:00:00 - 23/12/2017 08:00:00","BZN|DK1","628.45","n/e"," ","673.40"
"23/12/2017 08:00:00 - 23/12/2017 09:00:00","BZN|DK1","637.26","n/e"," ","672.97"
"23/12/2017 09:00:00 - 23/12/2017 10:00:00","BZN|DK1","739.00","n/e"," ","673.37"
"23/12/2017 10:00:00 - 23/12/2017 11:00:00","BZN|DK1","739.00","n/e"," ","673.56"
"23/12/2017 11:00:00 - 23/12/2017 12:00:00","BZN|DK1","738.38","n/e"," ","679.25"
"23/12/2017 12:00:00 - 23/12/2017 13:00:00","BZN|DK1","738.00","n/e"," ","771.70"
"23/12/2017 13:00:00 - 23/12/2017 14:00:00","BZN|DK1","738.71","n/e"," ","670.16"
"23/12/2017 14:00:00 - 23/12/2017 15:00:00","BZN|DK1","738.04","n/e"," ","672.15"
"23/12/2017 15:00:00 - 23/12/2017 16:00:00","BZN|DK1","737.04","n/e"," ","713.81"
"23/12/2017 16:00:00 - 23/12/2017 17:00:00","BZN|DK1","737.00","n/e"," ","774.57"
"23/12/2017 17:00:00 - 23/12/2017 18:00:00","BZN|DK1","737.00","n/e"," ","772.94"
"23/12/2017 18:00:00 - 23/12/2017 19:00:00","BZN|DK1","737.21","n/e"," ","771.54"
"23/12/2017 19:00:00 - 23/12/2017 20:00:00","BZN|DK1","738.00","n/e"," ","688.92"
"23/12/2017 20:00:00 - 23/12/2017 21:00:00","BZN|DK1","738.00","n/e"," ","664.56"
"23/12/2017 21:00:00 - 23/12/2017 22:00:00","BZN|DK1","370.96","n/e"," ","292.41"
"23/12/2017 22:00:00 - 23/12/2017 23:00:00","BZN|DK1","355.00","n/e"," ","290.75"
"23/12/2017 23:00:00 - 24/12/2017 00:00:00","BZN|DK1","370.96","n/e"," ","293.11"
"24/12/2017 00:00:00 - 24/12/2017 01:00:00","BZN|DK1","252.48","n/e"," ","302.59"
"24/12/2017 01:00:00 - 24/12/2017 02:00:00","BZN|DK1","211.56","n/e"," ","213.46"
"24/12/2017 02:00:00 - 24/12/2017 03:00:00","BZN|DK1","196.31","n/e"," ","240.56"
"24/12/2017 03:00:00 - 24/12/2017 04:00:00","BZN|DK1","194.21","n/e"," ","237.68"
"24/12/2017 04:00:00 - 24/12/2017 05:00:00","BZN|DK1","199.04","n/e"," ","243.92"
"24/12/2017 05:00:00 - 24/12/2017 06:00:00","BZN|DK1","321.12","n/e"," ","355.53"
"24/12/2017 06:00:00 - 24/12/2017 07:00:00","BZN|DK1","339.13","n/e"," ","385.79"
"24/12/2017 07:00:00 - 24/12/2017 08:00:00","BZN|DK1","326.65","n/e"," ","386.14"
"24/12/2017 08:00:00 - 24/12/2017 09:00:00","BZN|DK1","678.40","n/e"," ","784.09"
"24/12/2017 09:00:00 - 24/12/2017 10:00:00","BZN|DK1","724.88","n/e"," ","761.61"
"24/12/2017 10:00:00 - 24/12/2017 11:00:00","BZN|DK1","706.79","n/e"," ","688.36"
"24/12/2017 11:00:00 - 24/12/2017 12:00:00","BZN|DK1","668.63","n/e"," ","687.19"
"24/12/2017 12:00:00 - 24/12/2017 13:00:00","BZN|DK1","598.00","n/e"," ","592.23"
"24/12/2017 13:00:00 - 24/12/2017 14:00:00","BZN|DK1","640.58","n/e"," ","627.48"
"24/12/2017 14:00:00 - 24/12/2017 15:00:00","BZN|DK1","700.21","n/e"," ","754.58"
"24/12/2017 15:00:00 - 24/12/2017 16:00:00","BZN|DK1","729.88","n/e"," ","779.96"
"24/12/2017 16:00:00 - 24/12/2017 17:00:00","BZN|DK1","737.08","n/e"," ","795.60"
"24/12/2017 17:00:00 - 24/12/2017 18:00:00","BZN|DK1","739.00","n/e"," ","798.67"
"24/12/2017 18:00:00 - 24/12/2017 19:00:00","BZN|DK1","739.00","n/e"," ","786.07"
"24/12/2017 19:00:00 - 24/12/2017 20:00:00","BZN|DK1","737.08","n/e"," ","771.77"
"24/12/2017 20:00:00 - 24/12/2017 21:00:00","BZN|DK1","369.96","n/e"," ","410.68"
"24/12/2017 21:00:00 - 24/12/2017 22:00:00","BZN|DK1","368.04","n/e"," ","411.82"
"24/12/2017 22:00:00 - 24/12/2017 23:00:00","BZN|DK1","734.63","n/e"," ","772.95"
"24/12/2017 23:00:00 - 25/12/2017 00:00:00","BZN|DK1","731.54","n/e"," ","776.77"
"25/12/2017 00:00:00 - 25/12/2017 01:00:00","BZN|DK1","608.55","n/e"," ","627.52"
"25/12/2017 01:00:00 - 25/12/2017 02:00:00","BZN|DK1","349.65","n/e"," ","402.92"
"25/12/2017 02:00:00 - 25/12/2017 03:00:00","BZN|DK1","575.58","n/e"," ","630.22"
"25/12/2017 03:00:00 - 25/12/2017 04:00:00","BZN|DK1","447.52","n/e"," ","500.53"
"25/12/2017 04:00:00 - 25/12/2017 05:00:00","BZN|DK1","497.52","n/e"," ","552.75"
"25/12/2017 05:00:00 - 25/12/2017 06:00:00","BZN|DK1","579.48","n/e"," ","620.66"
"25/12/2017 06:00:00 - 25/12/2017 07:00:00","BZN|DK1","351.27","n/e"," ","410.44"
"25/12/2017 07:00:00 - 25/12/2017 08:00:00","BZN|DK1","659.89","n/e"," ","758.44"
"25/12/2017 08:00:00 - 25/12/2017 09:00:00","BZN|DK1","730.16","n/e"," ","794.14"
"25/12/2017 09:00:00 - 25/12/2017 10:00:00","BZN|DK1","700.25","n/e"," ","797.13"
"25/12/2017 10:00:00 - 25/12/2017 11:00:00","BZN|DK1","699.00","n/e"," ","796.83"
"25/12/2017 11:00:00 - 25/12/2017 12:00:00","BZN|DK1","672.75","n/e"," ","794.73"
"25/12/2017 12:00:00 - 25/12/2017 13:00:00","BZN|DK1","669.00","n/e"," ","793.43"
"25/12/2017 13:00:00 - 25/12/2017 14:00:00","BZN|DK1","670.46","n/e"," ","793.00"
"25/12/2017 14:00:00 - 25/12/2017 15:00:00","BZN|DK1","681.46","n/e"," ","794.63"
"25/12/2017 15:00:00 - 25/12/2017 16:00:00","BZN|DK1","695.50","n/e"," ","793.34"
"25/12/2017 16:00:00 - 25/12/2017 17:00:00","BZN|DK1","710.63","n/e"," ","792.94"
"25/12/2017 17:00:00 - 25/12/2017 18:00:00","BZN|DK1","724.33","n/e"," ","790.23"
"25/12/2017 18:00:00 - 25/12/2017 19:00:00","BZN|DK1","728.96","n/e"," ","787.09"
"25/12/2017 19:00:00 - 25/12/2017 20:00:00","BZN|DK1","729.00","n/e"," ","789.93"
"25/12/2017 20:00:00 - 25/12/2017 21:00:00","BZN|DK1","729.00","n/e"," ","790.62"
"25/12/2017 21:00:00 - 25/12/2017 22:00:00","BZN|DK1","729.00","n/e"," ","786.67"
"25/12/2017 22:00:00 - 25/12/2017 23:00:00","BZN|DK1","729.00","n/e"," ","783.52"
"25/12/2017 23:00:00 - 26/12/2017 00:00:00","BZN|DK1","729.00","n/e"," ","780.93"
"26/12/2017 00:00:00 - 26/12/2017 01:00:00","BZN|DK1","727.24","n/e"," ","780.92"
"26/12/2017 01:00:00 - 26/12/2017 02:00:00","BZN|DK1","726.59","n/e"," ","780.60"
"26/12/2017 02:00:00 - 26/12/2017 03:00:00","BZN|DK1","364.21","n/e"," ","409.16"
"26/12/2017 03:00:00 - 26/12/2017 04:00:00","BZN|DK1","348.66","n/e"," ","405.27"
"26/12/2017 04:00:00 - 26/12/2017 05:00:00","BZN|DK1","348.37","n/e"," ","406.47"
"26/12/2017 05:00:00 - 26/12/2017 06:00:00","BZN|DK1","349.08","n/e"," ","392.21"
"26/12/2017 06:00:00 - 26/12/2017 07:00:00","BZN|DK1","349.29","n/e"," ","387.97"
"26/12/2017 07:00:00 - 26/12/2017 08:00:00","BZN|DK1","349.78","n/e"," ","394.36"
"26/12/2017 08:00:00 - 26/12/2017 09:00:00","BZN|DK1","512.53","n/e"," ","596.37"
"26/12/2017 09:00:00 - 26/12/2017 10:00:00","BZN|DK1","347.04","n/e"," ","653.15"
"26/12/2017 10:00:00 - 26/12/2017 11:00:00","BZN|DK1","346.79","n/e"," ","495.23"
"26/12/2017 11:00:00 - 26/12/2017 12:00:00","BZN|DK1","359.92","n/e"," ","516.98"
"26/12/2017 12:00:00 - 26/12/2017 13:00:00","BZN|DK1","720.79","n/e"," ","767.90"
"26/12/2017 13:00:00 - 26/12/2017 14:00:00","BZN|DK1","721.96","n/e"," ","710.21"
"26/12/2017 14:00:00 - 26/12/2017 15:00:00","BZN|DK1","724.88","n/e"," ","771.22"
"26/12/2017 15:00:00 - 26/12/2017 16:00:00","BZN|DK1","726.92","n/e"," ","792.48"
"26/12/2017 16:00:00 - 26/12/2017 17:00:00","BZN|DK1","726.04","n/e"," ","789.83"
"26/12/2017 17:00:00 - 26/12/2017 18:00:00","BZN|DK1","725.96","n/e"," ","790.42"
"26/12/2017 18:00:00 - 26/12/2017 19:00:00","BZN|DK1","725.00","n/e"," ","791.08"
"26/12/2017 19:00:00 - 26/12/2017 20:00:00","BZN|DK1","725.00","n/e"," ","790.82"
"26/12/2017 20:00:00 - 26/12/2017 21:00:00","BZN|DK1","723.67","n/e"," ","792.87"
"26/12/2017 21:00:00 - 26/12/2017 22:00:00","BZN|DK1","721.50","n/e"," ","785.18"
"26/12/2017 22:00:00 - 26/12/2017 23:00:00","BZN|DK1","714.67","n/e"," ","772.94"
"26/12/2017 23:00:00 - 27/12/2017 00:00:00","BZN|DK1","702.54","n/e"," ","780.76"
"27/12/2017 00:00:00 - 27/12/2017 01:00:00","BZN|DK1","703.12","n/e"," ","762.70"
"27/12/2017 01:00:00 - 27/12/2017 02:00:00","BZN|DK1","675.54","n/e"," ","726.17"
"27/12/2017 02:00:00 - 27/12/2017 03:00:00","BZN|DK1","598.93","n/e"," ","649.93"
"27/12/2017 03:00:00 - 27/12/2017 04:00:00","BZN|DK1","486.22","n/e"," ","524.25"
"27/12/2017 04:00:00 - 27/12/2017 05:00:00","BZN|DK1","432.68","n/e"," ","473.68"
"27/12/2017 05:00:00 - 27/12/2017 06:00:00","BZN|DK1","422.18","n/e"," ","475.21"
"27/12/2017 06:00:00 - 27/12/2017 07:00:00","BZN|DK1","434.39","n/e"," ","473.33"
"27/12/2017 07:00:00 - 27/12/2017 08:00:00","BZN|DK1","425.49","n/e"," ","463.08"
"27/12/2017 08:00:00 - 27/12/2017 09:00:00","BZN|DK1","457.06","n/e"," ","459.12"
"27/12/2017 09:00:00 - 27/12/2017 10:00:00","BZN|DK1","489.96","n/e"," ","513.81"
"27/12/2017 10:00:00 - 27/12/2017 11:00:00","BZN|DK1","476.00","n/e"," ","591.24"
"27/12/2017 11:00:00 - 27/12/2017 12:00:00","BZN|DK1","428.63","n/e"," ","480.77"
"27/12/2017 12:00:00 - 27/12/2017 13:00:00","BZN|DK1","400.38","n/e"," ","404.15"
"27/12/2017 13:00:00 - 27/12/2017 14:00:00","BZN|DK1","410.96","n/e"," ","485.18"
"27/12/2017 14:00:00 - 27/12/2017 15:00:00","BZN|DK1","423.96","n/e"," ","530.72"
"27/12/2017 15:00:00 - 27/12/2017 16:00:00","BZN|DK1","422.63","n/e"," ","542.86"
"27/12/2017 16:00:00 - 27/12/2017 17:00:00","BZN|DK1","412.42","n/e"," ","491.18"
"27/12/2017 17:00:00 - 27/12/2017 18:00:00","BZN|DK1","401.04","n/e"," ","416.35"
"27/12/2017 18:00:00 - 27/12/2017 19:00:00","BZN|DK1","388.46","n/e"," ","397.59"
"27/12/2017 19:00:00 - 27/12/2017 20:00:00","BZN|DK1","383.04","n/e"," ","395.04"
"27/12/2017 20:00:00 - 27/12/2017 21:00:00","BZN|DK1","380.92","n/e"," ","397.84"
"27/12/2017 21:00:00 - 27/12/2017 22:00:00","BZN|DK1","376.54","n/e"," ","412.75"
"27/12/2017 22:00:00 - 27/12/2017 23:00:00","BZN|DK1","379.04","n/e"," ","488.36"
"27/12/2017 23:00:00 - 28/12/2017 00:00:00","BZN|DK1","380.13","n/e"," ","495.54"
"28/12/2017 00:00:00 - 28/12/2017 01:00:00","BZN|DK1","424.91","n/e"," ","452.69"
"28/12/2017 01:00:00 - 28/12/2017 02:00:00","BZN|DK1","324.74","n/e"," ","327.71"
"28/12/2017 02:00:00 - 28/12/2017 03:00:00","BZN|DK1","237.55","n/e"," ","269.06"
"28/12/2017 03:00:00 - 28/12/2017 04:00:00","BZN|DK1","210.35","n/e"," ","229.09"
"28/12/2017 04:00:00 - 28/12/2017 05:00:00","BZN|DK1","210.19","n/e"," ","238.85"
"28/12/2017 05:00:00 - 28/12/2017 06:00:00","BZN|DK1","327.86","n/e"," ","380.30"
"28/12/2017 06:00:00 - 28/12/2017 07:00:00","BZN|DK1","407.74","n/e"," ","449.17"
"28/12/2017 07:00:00 - 28/12/2017 08:00:00","BZN|DK1","318.54","n/e"," ","310.65"
"28/12/2017 08:00:00 - 28/12/2017 09:00:00","BZN|DK1","203.85","n/e"," ","222.31"
"28/12/2017 09:00:00 - 28/12/2017 10:00:00","BZN|DK1","189.63","n/e"," ","248.44"
"28/12/2017 10:00:00 - 28/12/2017 11:00:00","BZN|DK1","216.63","n/e"," ","250.72"
"28/12/2017 11:00:00 - 28/12/2017 12:00:00","BZN|DK1","220.96","n/e"," ","305.77"
"28/12/2017 12:00:00 - 28/12/2017 13:00:00","BZN|DK1","232.92","n/e"," ","283.54"
"28/12/2017 13:00:00 - 28/12/2017 14:00:00","BZN|DK1","252.67","n/e"," ","245.30"
"28/12/2017 14:00:00 - 28/12/2017 15:00:00","BZN|DK1","271.63","n/e"," ","257.56"
"28/12/2017 15:00:00 - 28/12/2017 16:00:00","BZN|DK1","292.00","n/e"," ","291.69"
"28/12/2017 16:00:00 - 28/12/2017 17:00:00","BZN|DK1","322.38","n/e"," ","357.92"
"28/12/2017 17:00:00 - 28/12/2017 18:00:00","BZN|DK1","355.00","n/e"," ","471.11"
"28/12/2017 18:00:00 - 28/12/2017 19:00:00","BZN|DK1","393.88","n/e"," ","587.21"
"28/12/2017 19:00:00 - 28/12/2017 20:00:00","BZN|DK1","426.92","n/e"," ","581.78"
"28/12/2017 20:00:00 - 28/12/2017 21:00:00","BZN|DK1","453.96","n/e"," ","589.58"
"28/12/2017 21:00:00 - 28/12/2017 22:00:00","BZN|DK1","480.63","n/e"," ","603.95"
"28/12/2017 22:00:00 - 28/12/2017 23:00:00","BZN|DK1","507.92","n/e"," ","616.57"
"28/12/2017 23:00:00 - 29/12/2017 00:00:00","BZN|DK1","533.88","n/e"," ","715.88"
"29/12/2017 00:00:00 - 29/12/2017 01:00:00","BZN|DK1","705.99","n/e"," ","757.97"
"29/12/2017 01:00:00 - 29/12/2017 02:00:00","BZN|DK1","711.26","n/e"," ","767.30"
"29/12/2017 02:00:00 - 29/12/2017 03:00:00","BZN|DK1","711.85","n/e"," ","767.34"
"29/12/2017 03:00:00 - 29/12/2017 04:00:00","BZN|DK1","671.62","n/e"," ","732.23"
"29/12/2017 04:00:00 - 29/12/2017 05:00:00","BZN|DK1","694.41","n/e"," ","736.35"
"29/12/2017 05:00:00 - 29/12/2017 06:00:00","BZN|DK1","682.96","n/e"," ","741.42"
"29/12/2017 06:00:00 - 29/12/2017 07:00:00","BZN|DK1","682.66","n/e"," ","726.40"
"29/12/2017 07:00:00 - 29/12/2017 08:00:00","BZN|DK1","660.75","n/e"," ","704.64"
"29/12/2017 08:00:00 - 29/12/2017 09:00:00","BZN|DK1","618.69","n/e"," ","600.92"
"29/12/2017 09:00:00 - 29/12/2017 10:00:00","BZN|DK1","598.58","n/e"," ","516.59"
"29/12/2017 10:00:00 - 29/12/2017 11:00:00","BZN|DK1","582.25","n/e"," ","562.25"
"29/12/2017 11:00:00 - 29/12/2017 12:00:00","BZN|DK1","557.46","n/e"," ","465.70"
"29/12/2017 12:00:00 - 29/12/2017 13:00:00","BZN|DK1","504.13","n/e"," ","487.84"
"29/12/2017 13:00:00 - 29/12/2017 14:00:00","BZN|DK1","461.04","n/e"," ","388.13"
"29/12/2017 14:00:00 - 29/12/2017 15:00:00","BZN|DK1","460.00","n/e"," ","359.33"
"29/12/2017 15:00:00 - 29/12/2017 16:00:00","BZN|DK1","456.21","n/e"," ","459.05"
"29/12/2017 16:00:00 - 29/12/2017 17:00:00","BZN|DK1","463.54","n/e"," ","474.53"
"29/12/2017 17:00:00 - 29/12/2017 18:00:00","BZN|DK1","473.17","n/e"," ","449.47"
"29/12/2017 18:00:00 - 29/12/2017 19:00:00","BZN|DK1","497.08","n/e"," ","590.33"
"29/12/2017 19:00:00 - 29/12/2017 20:00:00","BZN|DK1","541.08","n/e"," ","586.00"
"29/12/2017 20:00:00 - 29/12/2017 21:00:00","BZN|DK1","584.04","n/e"," ","602.29"
"29/12/2017 21:00:00 - 29/12/2017 22:00:00","BZN|DK1","615.38","n/e"," ","536.30"
"29/12/2017 22:00:00 - 29/12/2017 23:00:00","BZN|DK1","616.88","n/e"," ","592.28"
"29/12/2017 23:00:00 - 30/12/2017 00:00:00","BZN|DK1","590.17","n/e"," ","538.13"
"30/12/2017 00:00:00 - 30/12/2017 01:00:00","BZN|DK1","475.28","n/e"," ","519.12"
"30/12/2017 01:00:00 - 30/12/2017 02:00:00","BZN|DK1","458.87","n/e"," ","505.52"
"30/12/2017 02:00:00 - 30/12/2017 03:00:00","BZN|DK1","454.63","n/e"," ","508.95"
"30/12/2017 03:00:00 - 30/12/2017 04:00:00","BZN|DK1","464.03","n/e"," ","511.60"
"30/12/2017 04:00:00 - 30/12/2017 05:00:00","BZN|DK1","551.04","n/e"," ","614.51"
"30/12/2017 05:00:00 - 30/12/2017 06:00:00","BZN|DK1","567.05","n/e"," ","621.44"
"30/12/2017 06:00:00 - 30/12/2017 07:00:00","BZN|DK1","506.83","n/e"," ","575.15"
"30/12/2017 07:00:00 - 30/12/2017 08:00:00","BZN|DK1","463.43","n/e"," ","519.09"
"30/12/2017 08:00:00 - 30/12/2017 09:00:00","BZN|DK1","437.06","n/e"," ","503.33"
"30/12/2017 09:00:00 - 30/12/2017 10:00:00","BZN|DK1","442.29","n/e"," ","461.33"
"30/12/2017 10:00:00 - 30/12/2017 11:00:00","BZN|DK1","483.13","n/e"," ","466.07"
"30/12/2017 11:00:00 - 30/12/2017 12:00:00","BZN|DK1","502.54","n/e"," ","541.42"
"30/12/2017 12:00:00 - 30/12/2017 13:00:00","BZN|DK1","513.75","n/e"," ","700.37"
"30/12/2017 13:00:00 - 30/12/2017 14:00:00","BZN|DK1","510.50","n/e"," ","740.09"
"30/12/2017 14:00:00 - 30/12/2017 15:00:00","BZN|DK1","515.00","n/e"," ","596.54"
"30/12/2017 15:00:00 - 30/12/2017 16:00:00","BZN|DK1","524.96","n/e"," ","507.71"
"30/12/2017 16:00:00 - 30/12/2017 17:00:00","BZN|DK1","518.79","n/e"," ","434.39"
"30/12/2017 17:00:00 - 30/12/2017 18:00:00","BZN|DK1","500.42","n/e"," ","297.63"
"30/12/2017 18:00:00 - 30/12/2017 19:00:00","BZN|DK1","479.42","n/e"," ","223.15"
"30/12/2017 19:00:00 - 30/12/2017 20:00:00","BZN|DK1","480.67","n/e"," ","166.45"
"30/12/2017 20:00:00 - 30/12/2017 21:00:00","BZN|DK1","499.75","n/e"," ","93.47"
"30/12/2017 21:00:00 - 30/12/2017 22:00:00","BZN|DK1","500.25","n/e"," ","41.97"
"30/12/2017 22:00:00 - 30/12/2017 23:00:00","BZN|DK1","481.63","n/e"," ","23.36"
"30/12/2017 23:00:00 - 31/12/2017 00:00:00","BZN|DK1","323.96","n/e"," ","38.81"
"31/12/2017 00:00:00 - 31/12/2017 01:00:00","BZN|DK1","60.65","n/e"," ","68.29"
"31/12/2017 01:00:00 - 31/12/2017 02:00:00","BZN|DK1","102.44","n/e"," ","122.01"
"31/12/2017 02:00:00 - 31/12/2017 03:00:00","BZN|DK1","95.24","n/e"," ","115.31"
"31/12/2017 03:00:00 - 31/12/2017 04:00:00","BZN|DK1","104.47","n/e"," ","108.94"
"31/12/2017 04:00:00 - 31/12/2017 05:00:00","BZN|DK1","87.36","n/e"," ","106.20"
"31/12/2017 05:00:00 - 31/12/2017 06:00:00","BZN|DK1","170.09","n/e"," ","185.40"
"31/12/2017 06:00:00 - 31/12/2017 07:00:00","BZN|DK1","236.05","n/e"," ","264.53"
"31/12/2017 07:00:00 - 31/12/2017 08:00:00","BZN|DK1","403.08","n/e"," ","449.23"
"31/12/2017 08:00:00 - 31/12/2017 09:00:00","BZN|DK1","486.80","n/e"," ","394.83"
"31/12/2017 09:00:00 - 31/12/2017 10:00:00","BZN|DK1","527.17","n/e"," ","444.05"
"31/12/2017 10:00:00 - 31/12/2017 11:00:00","BZN|DK1","571.17","n/e"," ","650.10"
"31/12/2017 11:00:00 - 31/12/2017 12:00:00","BZN|DK1","629.00","n/e"," ","724.78"
"31/12/2017 12:00:00 - 31/12/2017 13:00:00","BZN|DK1","677.33","n/e"," ","779.91"
"31/12/2017 13:00:00 - 31/12/2017 14:00:00","BZN|DK1","703.58","n/e"," ","778.90"
"31/12/2017 14:00:00 - 31/12/2017 15:00:00","BZN|DK1","715.50","n/e"," ","755.79"
"31/12/2017 15:00:00 - 31/12/2017 16:00:00","BZN|DK1","717.96","n/e"," ","753.94"
"31/12/2017 16:00:00 - 31/12/2017 17:00:00","BZN|DK1","715.08","n/e"," ","761.75"
"31/12/2017 17:00:00 - 31/12/2017 18:00:00","BZN|DK1","705.79","n/e"," ","679.71"
"31/12/2017 18:00:00 - 31/12/2017 19:00:00","BZN|DK1","686.63","n/e"," ","702.86"
"31/12/2017 19:00:00 - 31/12/2017 20:00:00","BZN|DK1","666.79","n/e"," ","665.34"
"31/12/2017 20:00:00 - 31/12/2017 21:00:00","BZN|DK1","652.25","n/e"," ","570.91"
"31/12/2017 21:00:00 - 31/12/2017 22:00:00","BZN|DK1","643.38","n/e"," ","529.87"
"31/12/2017 22:00:00 - 31/12/2017 23:00:00","BZN|DK1","639.13","n/e"," ","521.63"
"31/12/2017 23:00:00 - 01/01/2018 00:00:00","BZN|DK1","641.75","n/e"," ","513.59"
