"MTU (CET/CEST)","Area","Day-ahead (MW)","Intraday (MW)","Current (MW)","Actual (MW)"
"01/01/2018 00:00:00 - 01/01/2018 01:00:00","BZN|DK1","538.53","n/e"," ","597.06"
"01/01/2018 01:00:00 - 01/01/2018 02:00:00","BZN|DK1","628.49","n/e"," ","661.58"
"01/01/2018 02:00:00 - 01/01/2018 03:00:00","BZN|DK1","464.26","n/e"," ","507.94"
"01/01/2018 03:00:00 - 01/01/2018 04:00:00","BZN|DK1","446.15","n/e"," ","490.28"
"01/01/2018 04:00:00 - 01/01/2018 05:00:00","BZN|DK1","549.82","n/e"," ","589.34"
"01/01/2018 05:00:00 - 01/01/2018 06:00:00","BZN|DK1","518.67","n/e"," ","580.67"
"01/01/2018 06:00:00 - 01/01/2018 07:00:00","BZN|DK1","538.10","n/e"," ","609.06"
"01/01/2018 07:00:00 - 01/01/2018 08:00:00","BZN|DK1","577.97","n/e"," ","601.41"
"01/01/2018 08:00:00 - 01/01/2018 09:00:00","BZN|DK1","551.83","n/e"," ","651.34"
"01/01/2018 09:00:00 - 01/01/2018 10:00:00","BZN|DK1","631.33","n/e"," ","719.25"
"01/01/2018 10:00:00 - 01/01/2018 11:00:00","BZN|DK1","680.25","n/e"," ","771.27"
"01/01/2018 11:00:00 - 01/01/2018 12:00:00","BZN|DK1","681.08","n/e"," ","752.99"
"01/01/2018 12:00:00 - 01/01/2018 13:00:00","BZN|DK1","671.21","n/e"," ","768.30"
"01/01/2018 13:00:00 - 01/01/2018 14:00:00","BZN|DK1","659.21","n/e"," ","769.41"
"01/01/2018 14:00:00 - 01/01/2018 15:00:00","BZN|DK1","663.29","n/e"," ","761.45"
"01/01/2018 15:00:00 - 01/01/2018 16:00:00","BZN|DK1","675.29","n/e"," ","770.83"
"01/01/2018 16:00:00 - 01/01/2018 17:00:00","BZN|DK1","678.04","n/e"," ","755.70"
"01/01/2018 17:00:00 - 01/01/2018 18:00:00","BZN|DK1","669.50","n/e"," ","740.45"
"01/01/2018 18:00:00 - 01/01/2018 19:00:00","BZN|DK1","654.63","n/e"," ","700.56"
"01/01/2018 19:00:00 - 01/01/2018 20:00:00","BZN|DK1","638.21","n/e"," ","682.44"
"01/01/2018 20:00:00 - 01/01/2018 21:00:00","BZN|DK1","616.29","n/e"," ","615.35"
"01/01/2018 21:00:00 - 01/01/2018 22:00:00","BZN|DK1","596.29","n/e"," ","642.53"
"01/01/2018 22:00:00 - 01/01/2018 23:00:00","BZN|DK1","576.29","n/e"," ","583.44"
"01/01/2018 23:00:00 - 02/01/2018 00:00:00","BZN|DK1","558.71","n/e"," ","577.04"
"02/01/2018 00:00:00 - 02/01/2018 01:00:00","BZN|DK1","503.44","n/e"," ","553.09"
"02/01/2018 01:00:00 - 02/01/2018 02:00:00","BZN|DK1","524.75","n/e"," ","572.90"
"02/01/2018 02:00:00 - 02/01/2018 03:00:00","BZN|DK1","522.70","n/e"," ","557.39"
"02/01/2018 03:00:00 - 02/01/2018 04:00:00","BZN|DK1","475.93","n/e"," ","503.65"
"02/01/2018 04:00:00 - 02/01/2018 05:00:00","BZN|DK1","478.49","n/e"," ","515.54"
"02/01/2018 05:00:00 - 02/01/2018 06:00:00","BZN|DK1","406.01","n/e"," ","436.35"
"02/01/2018 06:00:00 - 02/01/2018 07:00:00","BZN|DK1","346.48","n/e"," ","391.21"
"02/01/2018 07:00:00 - 02/01/2018 08:00:00","BZN|DK1","416.54","n/e"," ","460.09"
"02/01/2018 08:00:00 - 02/01/2018 09:00:00","BZN|DK1","406.07","n/e"," ","438.65"
"02/01/2018 09:00:00 - 02/01/2018 10:00:00","BZN|DK1","381.25","n/e"," ","416.73"
"02/01/2018 10:00:00 - 02/01/2018 11:00:00","BZN|DK1","353.96","n/e"," ","380.60"
"02/01/2018 11:00:00 - 02/01/2018 12:00:00","BZN|DK1","341.00","n/e"," ","359.30"
"02/01/2018 12:00:00 - 02/01/2018 13:00:00","BZN|DK1","330.75","n/e"," ","379.62"
"02/01/2018 13:00:00 - 02/01/2018 14:00:00","BZN|DK1","321.13","n/e"," ","368.81"
"02/01/2018 14:00:00 - 02/01/2018 15:00:00","BZN|DK1","318.58","n/e"," ","274.07"
"02/01/2018 15:00:00 - 02/01/2018 16:00:00","BZN|DK1","323.71","n/e"," ","335.50"
"02/01/2018 16:00:00 - 02/01/2018 17:00:00","BZN|DK1","336.67","n/e"," ","348.62"
"02/01/2018 17:00:00 - 02/01/2018 18:00:00","BZN|DK1","358.08","n/e"," ","301.52"
"02/01/2018 18:00:00 - 02/01/2018 19:00:00","BZN|DK1","389.63","n/e"," ","384.71"
"02/01/2018 19:00:00 - 02/01/2018 20:00:00","BZN|DK1","440.33","n/e"," ","526.64"
"02/01/2018 20:00:00 - 02/01/2018 21:00:00","BZN|DK1","501.08","n/e"," ","518.17"
"02/01/2018 21:00:00 - 02/01/2018 22:00:00","BZN|DK1","558.54","n/e"," ","537.10"
"02/01/2018 22:00:00 - 02/01/2018 23:00:00","BZN|DK1","626.04","n/e"," ","646.46"
"02/01/2018 23:00:00 - 03/01/2018 00:00:00","BZN|DK1","685.04","n/e"," ","697.55"
"03/01/2018 00:00:00 - 03/01/2018 01:00:00","BZN|DK1","676.23","n/e"," ","713.92"
"03/01/2018 01:00:00 - 03/01/2018 02:00:00","BZN|DK1","695.93","n/e"," ","752.27"
"03/01/2018 02:00:00 - 03/01/2018 03:00:00","BZN|DK1","705.25","n/e"," ","773.83"
"03/01/2018 03:00:00 - 03/01/2018 04:00:00","BZN|DK1","364.39","n/e"," ","423.79"
"03/01/2018 04:00:00 - 03/01/2018 05:00:00","BZN|DK1","348.18","n/e"," ","417.91"
"03/01/2018 05:00:00 - 03/01/2018 06:00:00","BZN|DK1","349.18","n/e"," ","418.91"
"03/01/2018 06:00:00 - 03/01/2018 07:00:00","BZN|DK1","691.80","n/e"," ","794.93"
"03/01/2018 07:00:00 - 03/01/2018 08:00:00","BZN|DK1","681.63","n/e"," ","720.84"
"03/01/2018 08:00:00 - 03/01/2018 09:00:00","BZN|DK1","587.92","n/e"," ","677.61"
"03/01/2018 09:00:00 - 03/01/2018 10:00:00","BZN|DK1","618.92","n/e"," ","659.56"
"03/01/2018 10:00:00 - 03/01/2018 11:00:00","BZN|DK1","608.50","n/e"," ","614.14"
"03/01/2018 11:00:00 - 03/01/2018 12:00:00","BZN|DK1","523.71","n/e"," ","643.28"
"03/01/2018 12:00:00 - 03/01/2018 13:00:00","BZN|DK1","457.96","n/e"," ","500.65"
"03/01/2018 13:00:00 - 03/01/2018 14:00:00","BZN|DK1","410.54","n/e"," ","437.19"
"03/01/2018 14:00:00 - 03/01/2018 15:00:00","BZN|DK1","334.88","n/e"," ","360.89"
"03/01/2018 15:00:00 - 03/01/2018 16:00:00","BZN|DK1","225.96","n/e"," ","197.86"
"03/01/2018 16:00:00 - 03/01/2018 17:00:00","BZN|DK1","172.50","n/e"," ","107.73"
"03/01/2018 17:00:00 - 03/01/2018 18:00:00","BZN|DK1","171.75","n/e"," ","82.92"
"03/01/2018 18:00:00 - 03/01/2018 19:00:00","BZN|DK1","177.29","n/e"," ","74.83"
"03/01/2018 19:00:00 - 03/01/2018 20:00:00","BZN|DK1","174.63","n/e"," ","93.81"
"03/01/2018 20:00:00 - 03/01/2018 21:00:00","BZN|DK1","182.00","n/e"," ","203.23"
"03/01/2018 21:00:00 - 03/01/2018 22:00:00","BZN|DK1","204.67","n/e"," ","361.27"
"03/01/2018 22:00:00 - 03/01/2018 23:00:00","BZN|DK1","236.29","n/e"," ","394.71"
"03/01/2018 23:00:00 - 04/01/2018 00:00:00","BZN|DK1","258.54","n/e"," ","404.17"
"04/01/2018 00:00:00 - 04/01/2018 01:00:00","BZN|DK1","396.62","n/e"," ","403.53"
"04/01/2018 01:00:00 - 04/01/2018 02:00:00","BZN|DK1","376.59","n/e"," ","391.89"
"04/01/2018 02:00:00 - 04/01/2018 03:00:00","BZN|DK1","362.42","n/e"," ","389.90"
"04/01/2018 03:00:00 - 04/01/2018 04:00:00","BZN|DK1","323.22","n/e"," ","370.67"
"04/01/2018 04:00:00 - 04/01/2018 05:00:00","BZN|DK1","318.81","n/e"," ","357.97"
"04/01/2018 05:00:00 - 04/01/2018 06:00:00","BZN|DK1","285.63","n/e"," ","320.96"
"04/01/2018 06:00:00 - 04/01/2018 07:00:00","BZN|DK1","243.02","n/e"," ","261.85"
"04/01/2018 07:00:00 - 04/01/2018 08:00:00","BZN|DK1","175.93","n/e"," ","210.82"
"04/01/2018 08:00:00 - 04/01/2018 09:00:00","BZN|DK1","141.28","n/e"," ","161.69"
"04/01/2018 09:00:00 - 04/01/2018 10:00:00","BZN|DK1","110.13","n/e"," ","115.09"
"04/01/2018 10:00:00 - 04/01/2018 11:00:00","BZN|DK1","82.29","n/e"," ","91.33"
"04/01/2018 11:00:00 - 04/01/2018 12:00:00","BZN|DK1","57.58","n/e"," ","83.57"
"04/01/2018 12:00:00 - 04/01/2018 13:00:00","BZN|DK1","39.33","n/e"," ","89.24"
"04/01/2018 13:00:00 - 04/01/2018 14:00:00","BZN|DK1","26.71","n/e"," ","65.61"
"04/01/2018 14:00:00 - 04/01/2018 15:00:00","BZN|DK1","18.79","n/e"," ","33.80"
"04/01/2018 15:00:00 - 04/01/2018 16:00:00","BZN|DK1","18.13","n/e"," ","19.95"
"04/01/2018 16:00:00 - 04/01/2018 17:00:00","BZN|DK1","18.67","n/e"," ","16.45"
"04/01/2018 17:00:00 - 04/01/2018 18:00:00","BZN|DK1","16.42","n/e"," ","14.32"
"04/01/2018 18:00:00 - 04/01/2018 19:00:00","BZN|DK1","14.54","n/e"," ","7.46"
"04/01/2018 19:00:00 - 04/01/2018 20:00:00","BZN|DK1","13.17","n/e"," ","8.85"
"04/01/2018 20:00:00 - 04/01/2018 21:00:00","BZN|DK1","16.54","n/e"," ","28.82"
"04/01/2018 21:00:00 - 04/01/2018 22:00:00","BZN|DK1","23.88","n/e"," ","38.12"
"04/01/2018 22:00:00 - 04/01/2018 23:00:00","BZN|DK1","27.96","n/e"," ","40.39"
"04/01/2018 23:00:00 - 05/01/2018 00:00:00","BZN|DK1","31.96","n/e"," ","33.15"
"05/01/2018 00:00:00 - 05/01/2018 01:00:00","BZN|DK1","41.41","n/e"," ","41.56"
"05/01/2018 01:00:00 - 05/01/2018 02:00:00","BZN|DK1","40.58","n/e"," ","40.00"
"05/01/2018 02:00:00 - 05/01/2018 03:00:00","BZN|DK1","61.28","n/e"," ","61.73"
"05/01/2018 03:00:00 - 05/01/2018 04:00:00","BZN|DK1","62.31","n/e"," ","66.90"
"05/01/2018 04:00:00 - 05/01/2018 05:00:00","BZN|DK1","68.24","n/e"," ","65.61"
"05/01/2018 05:00:00 - 05/01/2018 06:00:00","BZN|DK1","59.63","n/e"," ","65.53"
"05/01/2018 06:00:00 - 05/01/2018 07:00:00","BZN|DK1","38.93","n/e"," ","34.51"
"05/01/2018 07:00:00 - 05/01/2018 08:00:00","BZN|DK1","19.55","n/e"," ","20.91"
"05/01/2018 08:00:00 - 05/01/2018 09:00:00","BZN|DK1","33.59","n/e"," ","25.90"
"05/01/2018 09:00:00 - 05/01/2018 10:00:00","BZN|DK1","32.42","n/e"," ","15.73"
"05/01/2018 10:00:00 - 05/01/2018 11:00:00","BZN|DK1","28.63","n/e"," ","12.69"
"05/01/2018 11:00:00 - 05/01/2018 12:00:00","BZN|DK1","28.00","n/e"," ","14.06"
"05/01/2018 12:00:00 - 05/01/2018 13:00:00","BZN|DK1","29.13","n/e"," ","9.42"
"05/01/2018 13:00:00 - 05/01/2018 14:00:00","BZN|DK1","33.50","n/e"," ","10.24"
"05/01/2018 14:00:00 - 05/01/2018 15:00:00","BZN|DK1","35.54","n/e"," ","18.90"
"05/01/2018 15:00:00 - 05/01/2018 16:00:00","BZN|DK1","33.00","n/e"," ","34.34"
"05/01/2018 16:00:00 - 05/01/2018 17:00:00","BZN|DK1","28.67","n/e"," ","18.99"
"05/01/2018 17:00:00 - 05/01/2018 18:00:00","BZN|DK1","25.88","n/e"," ","30.88"
"05/01/2018 18:00:00 - 05/01/2018 19:00:00","BZN|DK1","29.33","n/e"," ","29.55"
"05/01/2018 19:00:00 - 05/01/2018 20:00:00","BZN|DK1","35.38","n/e"," ","56.05"
"05/01/2018 20:00:00 - 05/01/2018 21:00:00","BZN|DK1","42.75","n/e"," ","54.38"
"05/01/2018 21:00:00 - 05/01/2018 22:00:00","BZN|DK1","53.63","n/e"," ","65.11"
"05/01/2018 22:00:00 - 05/01/2018 23:00:00","BZN|DK1","62.54","n/e"," ","77.31"
"05/01/2018 23:00:00 - 06/01/2018 00:00:00","BZN|DK1","69.58","n/e"," ","42.36"
"06/01/2018 00:00:00 - 06/01/2018 01:00:00","BZN|DK1","15.68","n/e"," ","11.55"
"06/01/2018 01:00:00 - 06/01/2018 02:00:00","BZN|DK1","16.53","n/e"," ","13.98"
"06/01/2018 02:00:00 - 06/01/2018 03:00:00","BZN|DK1","20.10","n/e"," ","17.81"
"06/01/2018 03:00:00 - 06/01/2018 04:00:00","BZN|DK1","15.26","n/e"," ","10.43"
"06/01/2018 04:00:00 - 06/01/2018 05:00:00","BZN|DK1","14.25","n/e"," ","10.17"
"06/01/2018 05:00:00 - 06/01/2018 06:00:00","BZN|DK1","6.01","n/e"," ","1.84"
"06/01/2018 06:00:00 - 06/01/2018 07:00:00","BZN|DK1","12.61","n/e"," ","8.88"
"06/01/2018 07:00:00 - 06/01/2018 08:00:00","BZN|DK1","25.43","n/e"," ","22.68"
"06/01/2018 08:00:00 - 06/01/2018 09:00:00","BZN|DK1","45.55","n/e"," ","23.99"
"06/01/2018 09:00:00 - 06/01/2018 10:00:00","BZN|DK1","77.58","n/e"," ","36.66"
"06/01/2018 10:00:00 - 06/01/2018 11:00:00","BZN|DK1","114.00","n/e"," ","97.15"
"06/01/2018 11:00:00 - 06/01/2018 12:00:00","BZN|DK1","142.08","n/e"," ","267.18"
"06/01/2018 12:00:00 - 06/01/2018 13:00:00","BZN|DK1","173.25","n/e"," ","316.62"
"06/01/2018 13:00:00 - 06/01/2018 14:00:00","BZN|DK1","209.54","n/e"," ","332.36"
"06/01/2018 14:00:00 - 06/01/2018 15:00:00","BZN|DK1","250.42","n/e"," ","393.12"
"06/01/2018 15:00:00 - 06/01/2018 16:00:00","BZN|DK1","283.79","n/e"," ","413.31"
"06/01/2018 16:00:00 - 06/01/2018 17:00:00","BZN|DK1","314.04","n/e"," ","442.52"
"06/01/2018 17:00:00 - 06/01/2018 18:00:00","BZN|DK1","339.96","n/e"," ","477.71"
"06/01/2018 18:00:00 - 06/01/2018 19:00:00","BZN|DK1","354.42","n/e"," ","516.24"
"06/01/2018 19:00:00 - 06/01/2018 20:00:00","BZN|DK1","353.25","n/e"," ","450.46"
"06/01/2018 20:00:00 - 06/01/2018 21:00:00","BZN|DK1","343.67","n/e"," ","382.90"
"06/01/2018 21:00:00 - 06/01/2018 22:00:00","BZN|DK1","320.92","n/e"," ","312.61"
"06/01/2018 22:00:00 - 06/01/2018 23:00:00","BZN|DK1","287.63","n/e"," ","273.59"
"06/01/2018 23:00:00 - 07/01/2018 00:00:00","BZN|DK1","249.17","n/e"," ","241.14"
"07/01/2018 00:00:00 - 07/01/2018 01:00:00","BZN|DK1","180.60","n/e"," ","186.99"
"07/01/2018 01:00:00 - 07/01/2018 02:00:00","BZN|DK1","127.00","n/e"," ","122.51"
"07/01/2018 02:00:00 - 07/01/2018 03:00:00","BZN|DK1","46.48","n/e"," ","51.29"
"07/01/2018 03:00:00 - 07/01/2018 04:00:00","BZN|DK1","24.88","n/e"," ","28.70"
"07/01/2018 04:00:00 - 07/01/2018 05:00:00","BZN|DK1","5.82","n/e"," ","9.45"
"07/01/2018 05:00:00 - 07/01/2018 06:00:00","BZN|DK1","8.72","n/e"," ","13.32"
"07/01/2018 06:00:00 - 07/01/2018 07:00:00","BZN|DK1","15.16","n/e"," ","17.78"
"07/01/2018 07:00:00 - 07/01/2018 08:00:00","BZN|DK1","7.42","n/e"," ","7.03"
"07/01/2018 08:00:00 - 07/01/2018 09:00:00","BZN|DK1","18.50","n/e"," ","5.58"
"07/01/2018 09:00:00 - 07/01/2018 10:00:00","BZN|DK1","50.79","n/e"," ","52.51"
"07/01/2018 10:00:00 - 07/01/2018 11:00:00","BZN|DK1","63.79","n/e"," ","90.47"
"07/01/2018 11:00:00 - 07/01/2018 12:00:00","BZN|DK1","99.75","n/e"," ","105.43"
"07/01/2018 12:00:00 - 07/01/2018 13:00:00","BZN|DK1","134.58","n/e"," ","183.09"
"07/01/2018 13:00:00 - 07/01/2018 14:00:00","BZN|DK1","159.54","n/e"," ","249.88"
"07/01/2018 14:00:00 - 07/01/2018 15:00:00","BZN|DK1","174.08","n/e"," ","224.33"
"07/01/2018 15:00:00 - 07/01/2018 16:00:00","BZN|DK1","182.21","n/e"," ","162.98"
"07/01/2018 16:00:00 - 07/01/2018 17:00:00","BZN|DK1","190.67","n/e"," ","150.00"
"07/01/2018 17:00:00 - 07/01/2018 18:00:00","BZN|DK1","200.46","n/e"," ","125.57"
"07/01/2018 18:00:00 - 07/01/2018 19:00:00","BZN|DK1","218.54","n/e"," ","166.15"
"07/01/2018 19:00:00 - 07/01/2018 20:00:00","BZN|DK1","245.50","n/e"," ","232.28"
"07/01/2018 20:00:00 - 07/01/2018 21:00:00","BZN|DK1","274.25","n/e"," ","254.95"
"07/01/2018 21:00:00 - 07/01/2018 22:00:00","BZN|DK1","290.46","n/e"," ","268.93"
"07/01/2018 22:00:00 - 07/01/2018 23:00:00","BZN|DK1","294.92","n/e"," ","235.61"
"07/01/2018 23:00:00 - 08/01/2018 00:00:00","BZN|DK1","290.54","n/e"," ","291.11"
"08/01/2018 00:00:00 - 08/01/2018 01:00:00","BZN|DK1","315.54","n/e"," ","324.80"
"08/01/2018 01:00:00 - 08/01/2018 02:00:00","BZN|DK1","346.38","n/e"," ","350.55"
"08/01/2018 02:00:00 - 08/01/2018 03:00:00","BZN|DK1","321.84","n/e"," ","324.34"
"08/01/2018 03:00:00 - 08/01/2018 04:00:00","BZN|DK1","227.58","n/e"," ","229.07"
"08/01/2018 04:00:00 - 08/01/2018 05:00:00","BZN|DK1","150.15","n/e"," ","150.11"
"08/01/2018 05:00:00 - 08/01/2018 06:00:00","BZN|DK1","125.87","n/e"," ","120.49"
"08/01/2018 06:00:00 - 08/01/2018 07:00:00","BZN|DK1","55.59","n/e"," ","51.94"
"08/01/2018 07:00:00 - 08/01/2018 08:00:00","BZN|DK1","35.22","n/e"," ","31.55"
"08/01/2018 08:00:00 - 08/01/2018 09:00:00","BZN|DK1","38.87","n/e"," ","39.85"
"08/01/2018 09:00:00 - 08/01/2018 10:00:00","BZN|DK1","47.79","n/e"," ","28.47"
"08/01/2018 10:00:00 - 08/01/2018 11:00:00","BZN|DK1","39.38","n/e"," ","16.43"
"08/01/2018 11:00:00 - 08/01/2018 12:00:00","BZN|DK1","37.63","n/e"," ","27.54"
"08/01/2018 12:00:00 - 08/01/2018 13:00:00","BZN|DK1","40.21","n/e"," ","54.10"
"08/01/2018 13:00:00 - 08/01/2018 14:00:00","BZN|DK1","46.96","n/e"," ","59.17"
"08/01/2018 14:00:00 - 08/01/2018 15:00:00","BZN|DK1","61.25","n/e"," ","69.86"
"08/01/2018 15:00:00 - 08/01/2018 16:00:00","BZN|DK1","85.92","n/e"," ","95.87"
"08/01/2018 16:00:00 - 08/01/2018 17:00:00","BZN|DK1","124.00","n/e"," ","127.75"
"08/01/2018 17:00:00 - 08/01/2018 18:00:00","BZN|DK1","161.58","n/e"," ","193.52"
"08/01/2018 18:00:00 - 08/01/2018 19:00:00","BZN|DK1","203.71","n/e"," ","245.31"
"08/01/2018 19:00:00 - 08/01/2018 20:00:00","BZN|DK1","246.50","n/e"," ","310.20"
"08/01/2018 20:00:00 - 08/01/2018 21:00:00","BZN|DK1","287.04","n/e"," ","348.08"
"08/01/2018 21:00:00 - 08/01/2018 22:00:00","BZN|DK1","323.96","n/e"," ","400.13"
"08/01/2018 22:00:00 - 08/01/2018 23:00:00","BZN|DK1","358.75","n/e"," ","432.25"
"08/01/2018 23:00:00 - 09/01/2018 00:00:00","BZN|DK1","387.96","n/e"," ","437.48"
"09/01/2018 00:00:00 - 09/01/2018 01:00:00","BZN|DK1","449.33","n/e"," ","487.38"
"09/01/2018 01:00:00 - 09/01/2018 02:00:00","BZN|DK1","487.28","n/e"," ","526.98"
"09/01/2018 02:00:00 - 09/01/2018 03:00:00","BZN|DK1","496.81","n/e"," ","534.87"
"09/01/2018 03:00:00 - 09/01/2018 04:00:00","BZN|DK1","522.82","n/e"," ","564.38"
"09/01/2018 04:00:00 - 09/01/2018 05:00:00","BZN|DK1","490.68","n/e"," ","527.18"
"09/01/2018 05:00:00 - 09/01/2018 06:00:00","BZN|DK1","486.36","n/e"," ","534.65"
"09/01/2018 06:00:00 - 09/01/2018 07:00:00","BZN|DK1","612.53","n/e"," ","675.41"
"09/01/2018 07:00:00 - 09/01/2018 08:00:00","BZN|DK1","714.93","n/e"," ","770.29"
"09/01/2018 08:00:00 - 09/01/2018 09:00:00","BZN|DK1","729.38","n/e"," ","776.32"
"09/01/2018 09:00:00 - 09/01/2018 10:00:00","BZN|DK1","729.17","n/e"," ","669.37"
"09/01/2018 10:00:00 - 09/01/2018 11:00:00","BZN|DK1","726.08","n/e"," ","716.37"
"09/01/2018 11:00:00 - 09/01/2018 12:00:00","BZN|DK1","728.08","n/e"," ","679.06"
"09/01/2018 12:00:00 - 09/01/2018 13:00:00","BZN|DK1","729.79","n/e"," ","775.37"
"09/01/2018 13:00:00 - 09/01/2018 14:00:00","BZN|DK1","729.50","n/e"," ","775.08"
"09/01/2018 14:00:00 - 09/01/2018 15:00:00","BZN|DK1","730.00","n/e"," ","776.33"
"09/01/2018 15:00:00 - 09/01/2018 16:00:00","BZN|DK1","729.04","n/e"," ","777.24"
"09/01/2018 16:00:00 - 09/01/2018 17:00:00","BZN|DK1","728.04","n/e"," ","779.87"
"09/01/2018 17:00:00 - 09/01/2018 18:00:00","BZN|DK1","728.79","n/e"," ","797.61"
"09/01/2018 18:00:00 - 09/01/2018 19:00:00","BZN|DK1","727.42","n/e"," ","780.41"
"09/01/2018 19:00:00 - 09/01/2018 20:00:00","BZN|DK1","722.79","n/e"," ","796.32"
"09/01/2018 20:00:00 - 09/01/2018 21:00:00","BZN|DK1","714.13","n/e"," ","773.11"
"09/01/2018 21:00:00 - 09/01/2018 22:00:00","BZN|DK1","702.29","n/e"," ","765.50"
"09/01/2018 22:00:00 - 09/01/2018 23:00:00","BZN|DK1","688.17","n/e"," ","741.64"
"09/01/2018 23:00:00 - 10/01/2018 00:00:00","BZN|DK1","670.92","n/e"," ","712.05"
"10/01/2018 00:00:00 - 10/01/2018 01:00:00","BZN|DK1","633.36","n/e"," ","677.46"
"10/01/2018 01:00:00 - 10/01/2018 02:00:00","BZN|DK1","589.65","n/e"," ","637.60"
"10/01/2018 02:00:00 - 10/01/2018 03:00:00","BZN|DK1","560.67","n/e"," ","603.31"
"10/01/2018 03:00:00 - 10/01/2018 04:00:00","BZN|DK1","544.56","n/e"," ","592.08"
"10/01/2018 04:00:00 - 10/01/2018 05:00:00","BZN|DK1","581.66","n/e"," ","609.72"
"10/01/2018 05:00:00 - 10/01/2018 06:00:00","BZN|DK1","503.95","n/e"," ","540.19"
"10/01/2018 06:00:00 - 10/01/2018 07:00:00","BZN|DK1","487.26","n/e"," ","504.91"
"10/01/2018 07:00:00 - 10/01/2018 08:00:00","BZN|DK1","448.24","n/e"," ","469.01"
"10/01/2018 08:00:00 - 10/01/2018 09:00:00","BZN|DK1","446.32","n/e"," ","420.39"
"10/01/2018 09:00:00 - 10/01/2018 10:00:00","BZN|DK1","472.67","n/e"," ","411.47"
"10/01/2018 10:00:00 - 10/01/2018 11:00:00","BZN|DK1","481.17","n/e"," ","412.20"
"10/01/2018 11:00:00 - 10/01/2018 12:00:00","BZN|DK1","472.67","n/e"," ","423.56"
"10/01/2018 12:00:00 - 10/01/2018 13:00:00","BZN|DK1","461.63","n/e"," ","363.06"
"10/01/2018 13:00:00 - 10/01/2018 14:00:00","BZN|DK1","455.17","n/e"," ","370.85"
"10/01/2018 14:00:00 - 10/01/2018 15:00:00","BZN|DK1","457.25","n/e"," ","326.74"
"10/01/2018 15:00:00 - 10/01/2018 16:00:00","BZN|DK1","459.46","n/e"," ","415.07"
"10/01/2018 16:00:00 - 10/01/2018 17:00:00","BZN|DK1","454.67","n/e"," ","480.76"
"10/01/2018 17:00:00 - 10/01/2018 18:00:00","BZN|DK1","442.17","n/e"," ","516.25"
"10/01/2018 18:00:00 - 10/01/2018 19:00:00","BZN|DK1","421.79","n/e"," ","402.27"
"10/01/2018 19:00:00 - 10/01/2018 20:00:00","BZN|DK1","385.50","n/e"," ","277.13"
"10/01/2018 20:00:00 - 10/01/2018 21:00:00","BZN|DK1","340.25","n/e"," ","227.49"
"10/01/2018 21:00:00 - 10/01/2018 22:00:00","BZN|DK1","289.42","n/e"," ","216.83"
"10/01/2018 22:00:00 - 10/01/2018 23:00:00","BZN|DK1","245.54","n/e"," ","248.15"
"10/01/2018 23:00:00 - 11/01/2018 00:00:00","BZN|DK1","214.17","n/e"," ","276.33"
"11/01/2018 00:00:00 - 11/01/2018 01:00:00","BZN|DK1","252.25","n/e"," ","257.59"
"11/01/2018 01:00:00 - 11/01/2018 02:00:00","BZN|DK1","222.75","n/e"," ","224.95"
"11/01/2018 02:00:00 - 11/01/2018 03:00:00","BZN|DK1","191.07","n/e"," ","196.69"
"11/01/2018 03:00:00 - 11/01/2018 04:00:00","BZN|DK1","187.20","n/e"," ","191.72"
"11/01/2018 04:00:00 - 11/01/2018 05:00:00","BZN|DK1","160.87","n/e"," ","160.70"
"11/01/2018 05:00:00 - 11/01/2018 06:00:00","BZN|DK1","130.40","n/e"," ","132.22"
"11/01/2018 06:00:00 - 11/01/2018 07:00:00","BZN|DK1","130.83","n/e"," ","137.14"
"11/01/2018 07:00:00 - 11/01/2018 08:00:00","BZN|DK1","143.57","n/e"," ","144.37"
"11/01/2018 08:00:00 - 11/01/2018 09:00:00","BZN|DK1","126.03","n/e"," ","115.43"
"11/01/2018 09:00:00 - 11/01/2018 10:00:00","BZN|DK1","95.67","n/e"," ","86.20"
"11/01/2018 10:00:00 - 11/01/2018 11:00:00","BZN|DK1","100.04","n/e"," ","90.82"
"11/01/2018 11:00:00 - 11/01/2018 12:00:00","BZN|DK1","112.00","n/e"," ","108.10"
"11/01/2018 12:00:00 - 11/01/2018 13:00:00","BZN|DK1","140.88","n/e"," ","132.03"
"11/01/2018 13:00:00 - 11/01/2018 14:00:00","BZN|DK1","167.17","n/e"," ","139.16"
"11/01/2018 14:00:00 - 11/01/2018 15:00:00","BZN|DK1","177.63","n/e"," ","140.36"
"11/01/2018 15:00:00 - 11/01/2018 16:00:00","BZN|DK1","179.04","n/e"," ","161.49"
"11/01/2018 16:00:00 - 11/01/2018 17:00:00","BZN|DK1","178.38","n/e"," ","208.72"
"11/01/2018 17:00:00 - 11/01/2018 18:00:00","BZN|DK1","183.54","n/e"," ","198.50"
"11/01/2018 18:00:00 - 11/01/2018 19:00:00","BZN|DK1","196.58","n/e"," ","178.71"
"11/01/2018 19:00:00 - 11/01/2018 20:00:00","BZN|DK1","213.83","n/e"," ","213.57"
"11/01/2018 20:00:00 - 11/01/2018 21:00:00","BZN|DK1","232.33","n/e"," ","212.61"
"11/01/2018 21:00:00 - 11/01/2018 22:00:00","BZN|DK1","254.13","n/e"," ","226.26"
"11/01/2018 22:00:00 - 11/01/2018 23:00:00","BZN|DK1","280.21","n/e"," ","264.15"
"11/01/2018 23:00:00 - 12/01/2018 00:00:00","BZN|DK1","299.50","n/e"," ","280.42"
"12/01/2018 00:00:00 - 12/01/2018 01:00:00","BZN|DK1","271.67","n/e"," ","301.84"
"12/01/2018 01:00:00 - 12/01/2018 02:00:00","BZN|DK1","309.09","n/e"," ","321.95"
"12/01/2018 02:00:00 - 12/01/2018 03:00:00","BZN|DK1","265.70","n/e"," ","291.88"
"12/01/2018 03:00:00 - 12/01/2018 04:00:00","BZN|DK1","268.17","n/e"," ","294.41"
"12/01/2018 04:00:00 - 12/01/2018 05:00:00","BZN|DK1","270.23","n/e"," ","291.33"
"12/01/2018 05:00:00 - 12/01/2018 06:00:00","BZN|DK1","290.24","n/e"," ","324.39"
"12/01/2018 06:00:00 - 12/01/2018 07:00:00","BZN|DK1","372.08","n/e"," ","408.88"
"12/01/2018 07:00:00 - 12/01/2018 08:00:00","BZN|DK1","390.72","n/e"," ","420.78"
"12/01/2018 08:00:00 - 12/01/2018 09:00:00","BZN|DK1","397.18","n/e"," ","387.25"
"12/01/2018 09:00:00 - 12/01/2018 10:00:00","BZN|DK1","389.50","n/e"," ","406.56"
"12/01/2018 10:00:00 - 12/01/2018 11:00:00","BZN|DK1","382.50","n/e"," ","409.98"
"12/01/2018 11:00:00 - 12/01/2018 12:00:00","BZN|DK1","379.08","n/e"," ","429.64"
"12/01/2018 12:00:00 - 12/01/2018 13:00:00","BZN|DK1","387.88","n/e"," ","498.74"
"12/01/2018 13:00:00 - 12/01/2018 14:00:00","BZN|DK1","413.38","n/e"," ","558.51"
"12/01/2018 14:00:00 - 12/01/2018 15:00:00","BZN|DK1","450.63","n/e"," ","591.49"
"12/01/2018 15:00:00 - 12/01/2018 16:00:00","BZN|DK1","483.13","n/e"," ","622.58"
"12/01/2018 16:00:00 - 12/01/2018 17:00:00","BZN|DK1","502.17","n/e"," ","663.03"
"12/01/2018 17:00:00 - 12/01/2018 18:00:00","BZN|DK1","531.08","n/e"," ","666.07"
"12/01/2018 18:00:00 - 12/01/2018 19:00:00","BZN|DK1","548.71","n/e"," ","646.50"
"12/01/2018 19:00:00 - 12/01/2018 20:00:00","BZN|DK1","552.33","n/e"," ","610.44"
"12/01/2018 20:00:00 - 12/01/2018 21:00:00","BZN|DK1","540.46","n/e"," ","601.19"
"12/01/2018 21:00:00 - 12/01/2018 22:00:00","BZN|DK1","521.29","n/e"," ","612.58"
"12/01/2018 22:00:00 - 12/01/2018 23:00:00","BZN|DK1","512.58","n/e"," ","607.06"
"12/01/2018 23:00:00 - 13/01/2018 00:00:00","BZN|DK1","514.54","n/e"," ","641.30"
"13/01/2018 00:00:00 - 13/01/2018 01:00:00","BZN|DK1","603.10","n/e"," ","612.71"
"13/01/2018 01:00:00 - 13/01/2018 02:00:00","BZN|DK1","479.18","n/e"," ","515.89"
"13/01/2018 02:00:00 - 13/01/2018 03:00:00","BZN|DK1","501.30","n/e"," ","530.45"
"13/01/2018 03:00:00 - 13/01/2018 04:00:00","BZN|DK1","475.12","n/e"," ","526.91"
"13/01/2018 04:00:00 - 13/01/2018 05:00:00","BZN|DK1","510.41","n/e"," ","552.90"
"13/01/2018 05:00:00 - 13/01/2018 06:00:00","BZN|DK1","545.38","n/e"," ","592.50"
"13/01/2018 06:00:00 - 13/01/2018 07:00:00","BZN|DK1","570.60","n/e"," ","615.22"
"13/01/2018 07:00:00 - 13/01/2018 08:00:00","BZN|DK1","612.49","n/e"," ","663.93"
"13/01/2018 08:00:00 - 13/01/2018 09:00:00","BZN|DK1","645.00","n/e"," ","690.16"
"13/01/2018 09:00:00 - 13/01/2018 10:00:00","BZN|DK1","647.04","n/e"," ","739.32"
"13/01/2018 10:00:00 - 13/01/2018 11:00:00","BZN|DK1","640.50","n/e"," ","741.04"
"13/01/2018 11:00:00 - 13/01/2018 12:00:00","BZN|DK1","633.00","n/e"," ","745.56"
"13/01/2018 12:00:00 - 13/01/2018 13:00:00","BZN|DK1","618.33","n/e"," ","758.38"
"13/01/2018 13:00:00 - 13/01/2018 14:00:00","BZN|DK1","585.67","n/e"," ","745.98"
"13/01/2018 14:00:00 - 13/01/2018 15:00:00","BZN|DK1","564.83","n/e"," ","715.02"
"13/01/2018 15:00:00 - 13/01/2018 16:00:00","BZN|DK1","560.96","n/e"," ","732.66"
"13/01/2018 16:00:00 - 13/01/2018 17:00:00","BZN|DK1","579.42","n/e"," ","763.82"
"13/01/2018 17:00:00 - 13/01/2018 18:00:00","BZN|DK1","601.00","n/e"," ","737.38"
"13/01/2018 18:00:00 - 13/01/2018 19:00:00","BZN|DK1","618.46","n/e"," ","683.44"
"13/01/2018 19:00:00 - 13/01/2018 20:00:00","BZN|DK1","621.83","n/e"," ","713.75"
"13/01/2018 20:00:00 - 13/01/2018 21:00:00","BZN|DK1","617.63","n/e"," ","726.49"
"13/01/2018 21:00:00 - 13/01/2018 22:00:00","BZN|DK1","607.58","n/e"," ","732.51"
"13/01/2018 22:00:00 - 13/01/2018 23:00:00","BZN|DK1","595.21","n/e"," ","729.65"
"13/01/2018 23:00:00 - 14/01/2018 00:00:00","BZN|DK1","580.46","n/e"," ","698.47"
"14/01/2018 00:00:00 - 14/01/2018 01:00:00","BZN|DK1","650.45","n/e"," ","695.69"
"14/01/2018 01:00:00 - 14/01/2018 02:00:00","BZN|DK1","572.94","n/e"," ","610.76"
"14/01/2018 02:00:00 - 14/01/2018 03:00:00","BZN|DK1","508.32","n/e"," ","548.03"
"14/01/2018 03:00:00 - 14/01/2018 04:00:00","BZN|DK1","509.83","n/e"," ","550.97"
"14/01/2018 04:00:00 - 14/01/2018 05:00:00","BZN|DK1","537.09","n/e"," ","577.43"
"14/01/2018 05:00:00 - 14/01/2018 06:00:00","BZN|DK1","563.52","n/e"," ","602.69"
"14/01/2018 06:00:00 - 14/01/2018 07:00:00","BZN|DK1","599.60","n/e"," ","644.33"
"14/01/2018 07:00:00 - 14/01/2018 08:00:00","BZN|DK1","619.54","n/e"," ","670.99"
"14/01/2018 08:00:00 - 14/01/2018 09:00:00","BZN|DK1","631.65","n/e"," ","695.80"
"14/01/2018 09:00:00 - 14/01/2018 10:00:00","BZN|DK1","623.63","n/e"," ","653.37"
"14/01/2018 10:00:00 - 14/01/2018 11:00:00","BZN|DK1","627.46","n/e"," ","607.93"
"14/01/2018 11:00:00 - 14/01/2018 12:00:00","BZN|DK1","633.88","n/e"," ","658.51"
"14/01/2018 12:00:00 - 14/01/2018 13:00:00","BZN|DK1","630.17","n/e"," ","670.03"
"14/01/2018 13:00:00 - 14/01/2018 14:00:00","BZN|DK1","626.33","n/e"," ","685.36"
"14/01/2018 14:00:00 - 14/01/2018 15:00:00","BZN|DK1","628.00","n/e"," ","700.83"
"14/01/2018 15:00:00 - 14/01/2018 16:00:00","BZN|DK1","635.54","n/e"," ","659.79"
"14/01/2018 16:00:00 - 14/01/2018 17:00:00","BZN|DK1","658.92","n/e"," ","621.83"
"14/01/2018 17:00:00 - 14/01/2018 18:00:00","BZN|DK1","681.13","n/e"," ","760.65"
"14/01/2018 18:00:00 - 14/01/2018 19:00:00","BZN|DK1","699.71","n/e"," ","780.05"
"14/01/2018 19:00:00 - 14/01/2018 20:00:00","BZN|DK1","709.79","n/e"," ","785.97"
"14/01/2018 20:00:00 - 14/01/2018 21:00:00","BZN|DK1","717.21","n/e"," ","786.09"
"14/01/2018 21:00:00 - 14/01/2018 22:00:00","BZN|DK1","722.29","n/e"," ","783.72"
"14/01/2018 22:00:00 - 14/01/2018 23:00:00","BZN|DK1","722.04","n/e"," ","761.34"
"14/01/2018 23:00:00 - 15/01/2018 00:00:00","BZN|DK1","721.00","n/e"," ","764.26"
"15/01/2018 00:00:00 - 15/01/2018 01:00:00","BZN|DK1","725.37","n/e"," ","782.78"
"15/01/2018 01:00:00 - 15/01/2018 02:00:00","BZN|DK1","725.27","n/e"," ","784.07"
"15/01/2018 02:00:00 - 15/01/2018 03:00:00","BZN|DK1","726.38","n/e"," ","787.66"
"15/01/2018 03:00:00 - 15/01/2018 04:00:00","BZN|DK1","727.53","n/e"," ","790.73"
"15/01/2018 04:00:00 - 15/01/2018 05:00:00","BZN|DK1","727.42","n/e"," ","770.16"
"15/01/2018 05:00:00 - 15/01/2018 06:00:00","BZN|DK1","727.38","n/e"," ","785.13"
"15/01/2018 06:00:00 - 15/01/2018 07:00:00","BZN|DK1","726.37","n/e"," ","761.94"
"15/01/2018 07:00:00 - 15/01/2018 08:00:00","BZN|DK1","628.23","n/e"," ","656.75"
"15/01/2018 08:00:00 - 15/01/2018 09:00:00","BZN|DK1","627.71","n/e"," ","660.62"
"15/01/2018 09:00:00 - 15/01/2018 10:00:00","BZN|DK1","727.08","n/e"," ","674.61"
"15/01/2018 10:00:00 - 15/01/2018 11:00:00","BZN|DK1","730.17","n/e"," ","761.69"
"15/01/2018 11:00:00 - 15/01/2018 12:00:00","BZN|DK1","731.00","n/e"," ","760.04"
"15/01/2018 12:00:00 - 15/01/2018 13:00:00","BZN|DK1","731.96","n/e"," ","781.81"
"15/01/2018 13:00:00 - 15/01/2018 14:00:00","BZN|DK1","732.38","n/e"," ","784.51"
"15/01/2018 14:00:00 - 15/01/2018 15:00:00","BZN|DK1","732.04","n/e"," ","780.79"
"15/01/2018 15:00:00 - 15/01/2018 16:00:00","BZN|DK1","731.04","n/e"," ","778.17"
"15/01/2018 16:00:00 - 15/01/2018 17:00:00","BZN|DK1","730.04","n/e"," ","778.43"
"15/01/2018 17:00:00 - 15/01/2018 18:00:00","BZN|DK1","731.92","n/e"," ","771.72"
"15/01/2018 18:00:00 - 15/01/2018 19:00:00","BZN|DK1","733.92","n/e"," ","777.92"
"15/01/2018 19:00:00 - 15/01/2018 20:00:00","BZN|DK1","735.25","n/e"," ","777.86"
"15/01/2018 20:00:00 - 15/01/2018 21:00:00","BZN|DK1","733.33","n/e"," ","757.85"
"15/01/2018 21:00:00 - 15/01/2018 22:00:00","BZN|DK1","723.00","n/e"," ","755.71"
"15/01/2018 22:00:00 - 15/01/2018 23:00:00","BZN|DK1","690.96","n/e"," ","755.15"
"15/01/2018 23:00:00 - 16/01/2018 00:00:00","BZN|DK1","300.75","n/e"," ","387.35"
"16/01/2018 00:00:00 - 16/01/2018 01:00:00","BZN|DK1","336.15","n/e"," ","367.60"
"16/01/2018 01:00:00 - 16/01/2018 02:00:00","BZN|DK1","297.25","n/e"," ","333.30"
"16/01/2018 02:00:00 - 16/01/2018 03:00:00","BZN|DK1","618.00","n/e"," ","655.92"
"16/01/2018 03:00:00 - 16/01/2018 04:00:00","BZN|DK1","696.35","n/e"," ","750.64"
"16/01/2018 04:00:00 - 16/01/2018 05:00:00","BZN|DK1","679.54","n/e"," ","723.59"
"16/01/2018 05:00:00 - 16/01/2018 06:00:00","BZN|DK1","597.83","n/e"," ","620.41"
"16/01/2018 06:00:00 - 16/01/2018 07:00:00","BZN|DK1","638.79","n/e"," ","692.02"
"16/01/2018 07:00:00 - 16/01/2018 08:00:00","BZN|DK1","559.19","n/e"," ","568.27"
"16/01/2018 08:00:00 - 16/01/2018 09:00:00","BZN|DK1","566.31","n/e"," ","590.30"
"16/01/2018 09:00:00 - 16/01/2018 10:00:00","BZN|DK1","585.63","n/e"," ","456.34"
"16/01/2018 10:00:00 - 16/01/2018 11:00:00","BZN|DK1","609.54","n/e"," ","536.35"
"16/01/2018 11:00:00 - 16/01/2018 12:00:00","BZN|DK1","618.79","n/e"," ","503.55"
"16/01/2018 12:00:00 - 16/01/2018 13:00:00","BZN|DK1","624.33","n/e"," ","560.68"
"16/01/2018 13:00:00 - 16/01/2018 14:00:00","BZN|DK1","601.04","n/e"," ","491.51"
"16/01/2018 14:00:00 - 16/01/2018 15:00:00","BZN|DK1","559.25","n/e"," ","498.64"
"16/01/2018 15:00:00 - 16/01/2018 16:00:00","BZN|DK1","524.00","n/e"," ","445.08"
"16/01/2018 16:00:00 - 16/01/2018 17:00:00","BZN|DK1","486.17","n/e"," ","315.06"
"16/01/2018 17:00:00 - 16/01/2018 18:00:00","BZN|DK1","435.38","n/e"," ","172.28"
"16/01/2018 18:00:00 - 16/01/2018 19:00:00","BZN|DK1","420.63","n/e"," ","177.21"
"16/01/2018 19:00:00 - 16/01/2018 20:00:00","BZN|DK1","424.75","n/e"," ","272.55"
"16/01/2018 20:00:00 - 16/01/2018 21:00:00","BZN|DK1","415.08","n/e"," ","256.80"
"16/01/2018 21:00:00 - 16/01/2018 22:00:00","BZN|DK1","402.58","n/e"," ","215.65"
"16/01/2018 22:00:00 - 16/01/2018 23:00:00","BZN|DK1","389.67","n/e"," ","230.65"
"16/01/2018 23:00:00 - 17/01/2018 00:00:00","BZN|DK1","379.54","n/e"," ","232.24"
"17/01/2018 00:00:00 - 17/01/2018 01:00:00","BZN|DK1","253.19","n/e"," ","283.32"
"17/01/2018 01:00:00 - 17/01/2018 02:00:00","BZN|DK1","300.98","n/e"," ","350.07"
"17/01/2018 02:00:00 - 17/01/2018 03:00:00","BZN|DK1","164.37","n/e"," ","150.06"
"17/01/2018 03:00:00 - 17/01/2018 04:00:00","BZN|DK1","65.88","n/e"," ","75.86"
"17/01/2018 04:00:00 - 17/01/2018 05:00:00","BZN|DK1","51.63","n/e"," ","53.50"
"17/01/2018 05:00:00 - 17/01/2018 06:00:00","BZN|DK1","28.00","n/e"," ","35.22"
"17/01/2018 06:00:00 - 17/01/2018 07:00:00","BZN|DK1","28.99","n/e"," ","32.72"
"17/01/2018 07:00:00 - 17/01/2018 08:00:00","BZN|DK1","32.40","n/e"," ","30.42"
"17/01/2018 08:00:00 - 17/01/2018 09:00:00","BZN|DK1","109.42","n/e"," ","51.90"
"17/01/2018 09:00:00 - 17/01/2018 10:00:00","BZN|DK1","159.54","n/e"," ","80.32"
"17/01/2018 10:00:00 - 17/01/2018 11:00:00","BZN|DK1","180.63","n/e"," ","179.12"
"17/01/2018 11:00:00 - 17/01/2018 12:00:00","BZN|DK1","209.13","n/e"," ","150.50"
"17/01/2018 12:00:00 - 17/01/2018 13:00:00","BZN|DK1","233.88","n/e"," ","216.67"
"17/01/2018 13:00:00 - 17/01/2018 14:00:00","BZN|DK1","251.25","n/e"," ","345.94"
"17/01/2018 14:00:00 - 17/01/2018 15:00:00","BZN|DK1","268.46","n/e"," ","366.55"
"17/01/2018 15:00:00 - 17/01/2018 16:00:00","BZN|DK1","282.21","n/e"," ","364.64"
"17/01/2018 16:00:00 - 17/01/2018 17:00:00","BZN|DK1","307.46","n/e"," ","377.36"
"17/01/2018 17:00:00 - 17/01/2018 18:00:00","BZN|DK1","338.75","n/e"," ","492.25"
"17/01/2018 18:00:00 - 17/01/2018 19:00:00","BZN|DK1","370.08","n/e"," ","519.48"
"17/01/2018 19:00:00 - 17/01/2018 20:00:00","BZN|DK1","401.17","n/e"," ","427.01"
"17/01/2018 20:00:00 - 17/01/2018 21:00:00","BZN|DK1","422.96","n/e"," ","390.27"
"17/01/2018 21:00:00 - 17/01/2018 22:00:00","BZN|DK1","429.75","n/e"," ","304.84"
"17/01/2018 22:00:00 - 17/01/2018 23:00:00","BZN|DK1","427.92","n/e"," ","390.23"
"17/01/2018 23:00:00 - 18/01/2018 00:00:00","BZN|DK1","419.21","n/e"," ","283.83"
"18/01/2018 00:00:00 - 18/01/2018 01:00:00","BZN|DK1","171.00","n/e"," ","165.77"
"18/01/2018 01:00:00 - 18/01/2018 02:00:00","BZN|DK1","227.81","n/e"," ","246.74"
"18/01/2018 02:00:00 - 18/01/2018 03:00:00","BZN|DK1","235.92","n/e"," ","258.00"
"18/01/2018 03:00:00 - 18/01/2018 04:00:00","BZN|DK1","231.58","n/e"," ","280.68"
"18/01/2018 04:00:00 - 18/01/2018 05:00:00","BZN|DK1","210.21","n/e"," ","214.36"
"18/01/2018 05:00:00 - 18/01/2018 06:00:00","BZN|DK1","106.96","n/e"," ","117.29"
"18/01/2018 06:00:00 - 18/01/2018 07:00:00","BZN|DK1","68.21","n/e"," ","84.05"
"18/01/2018 07:00:00 - 18/01/2018 08:00:00","BZN|DK1","43.58","n/e"," ","64.67"
"18/01/2018 08:00:00 - 18/01/2018 09:00:00","BZN|DK1","58.86","n/e"," ","94.41"
"18/01/2018 09:00:00 - 18/01/2018 10:00:00","BZN|DK1","67.38","n/e"," ","83.21"
"18/01/2018 10:00:00 - 18/01/2018 11:00:00","BZN|DK1","68.54","n/e"," ","84.02"
"18/01/2018 11:00:00 - 18/01/2018 12:00:00","BZN|DK1","64.29","n/e"," ","93.84"
"18/01/2018 12:00:00 - 18/01/2018 13:00:00","BZN|DK1","48.88","n/e"," ","74.08"
"18/01/2018 13:00:00 - 18/01/2018 14:00:00","BZN|DK1","33.29","n/e"," ","60.31"
"18/01/2018 14:00:00 - 18/01/2018 15:00:00","BZN|DK1","34.71","n/e"," ","47.96"
"18/01/2018 15:00:00 - 18/01/2018 16:00:00","BZN|DK1","43.79","n/e"," ","41.63"
"18/01/2018 16:00:00 - 18/01/2018 17:00:00","BZN|DK1","46.92","n/e"," ","36.69"
"18/01/2018 17:00:00 - 18/01/2018 18:00:00","BZN|DK1","46.00","n/e"," ","39.79"
"18/01/2018 18:00:00 - 18/01/2018 19:00:00","BZN|DK1","41.46","n/e"," ","33.35"
"18/01/2018 19:00:00 - 18/01/2018 20:00:00","BZN|DK1","38.67","n/e"," ","34.72"
"18/01/2018 20:00:00 - 18/01/2018 21:00:00","BZN|DK1","37.38","n/e"," ","46.02"
"18/01/2018 21:00:00 - 18/01/2018 22:00:00","BZN|DK1","39.38","n/e"," ","52.77"
"18/01/2018 22:00:00 - 18/01/2018 23:00:00","BZN|DK1","42.42","n/e"," ","80.22"
"18/01/2018 23:00:00 - 19/01/2018 00:00:00","BZN|DK1","42.92","n/e"," ","23.82"
"19/01/2018 00:00:00 - 19/01/2018 01:00:00","BZN|DK1","5.24","n/e"," ","4.12"
"19/01/2018 01:00:00 - 19/01/2018 02:00:00","BZN|DK1","18.01","n/e"," ","17.14"
"19/01/2018 02:00:00 - 19/01/2018 03:00:00","BZN|DK1","8.33","n/e"," ","7.78"
"19/01/2018 03:00:00 - 19/01/2018 04:00:00","BZN|DK1","10.92","n/e"," ","7.14"
"19/01/2018 04:00:00 - 19/01/2018 05:00:00","BZN|DK1","6.10","n/e"," ","6.27"
"19/01/2018 05:00:00 - 19/01/2018 06:00:00","BZN|DK1","14.79","n/e"," ","15.28"
"19/01/2018 06:00:00 - 19/01/2018 07:00:00","BZN|DK1","13.67","n/e"," ","11.67"
"19/01/2018 07:00:00 - 19/01/2018 08:00:00","BZN|DK1","60.56","n/e"," ","70.85"
"19/01/2018 08:00:00 - 19/01/2018 09:00:00","BZN|DK1","64.38","n/e"," ","35.00"
"19/01/2018 09:00:00 - 19/01/2018 10:00:00","BZN|DK1","54.50","n/e"," ","25.40"
"19/01/2018 10:00:00 - 19/01/2018 11:00:00","BZN|DK1","36.88","n/e"," ","30.64"
"19/01/2018 11:00:00 - 19/01/2018 12:00:00","BZN|DK1","44.38","n/e"," ","30.69"
"19/01/2018 12:00:00 - 19/01/2018 13:00:00","BZN|DK1","49.04","n/e"," ","50.22"
"19/01/2018 13:00:00 - 19/01/2018 14:00:00","BZN|DK1","53.71","n/e"," ","27.21"
"19/01/2018 14:00:00 - 19/01/2018 15:00:00","BZN|DK1","64.96","n/e"," ","36.54"
"19/01/2018 15:00:00 - 19/01/2018 16:00:00","BZN|DK1","76.33","n/e"," ","42.32"
"19/01/2018 16:00:00 - 19/01/2018 17:00:00","BZN|DK1","83.04","n/e"," ","93.94"
"19/01/2018 17:00:00 - 19/01/2018 18:00:00","BZN|DK1","97.46","n/e"," ","83.15"
"19/01/2018 18:00:00 - 19/01/2018 19:00:00","BZN|DK1","117.79","n/e"," ","92.11"
"19/01/2018 19:00:00 - 19/01/2018 20:00:00","BZN|DK1","139.38","n/e"," ","217.31"
"19/01/2018 20:00:00 - 19/01/2018 21:00:00","BZN|DK1","157.67","n/e"," ","141.67"
"19/01/2018 21:00:00 - 19/01/2018 22:00:00","BZN|DK1","176.79","n/e"," ","135.94"
"19/01/2018 22:00:00 - 19/01/2018 23:00:00","BZN|DK1","191.21","n/e"," ","44.43"
"19/01/2018 23:00:00 - 20/01/2018 00:00:00","BZN|DK1","193.67","n/e"," ","72.18"
"20/01/2018 00:00:00 - 20/01/2018 01:00:00","BZN|DK1","67.67","n/e"," ","72.80"
"20/01/2018 01:00:00 - 20/01/2018 02:00:00","BZN|DK1","91.78","n/e"," ","109.49"
"20/01/2018 02:00:00 - 20/01/2018 03:00:00","BZN|DK1","127.31","n/e"," ","127.37"
"20/01/2018 03:00:00 - 20/01/2018 04:00:00","BZN|DK1","130.75","n/e"," ","142.59"
"20/01/2018 04:00:00 - 20/01/2018 05:00:00","BZN|DK1","130.30","n/e"," ","141.76"
"20/01/2018 05:00:00 - 20/01/2018 06:00:00","BZN|DK1","121.94","n/e"," ","135.72"
"20/01/2018 06:00:00 - 20/01/2018 07:00:00","BZN|DK1","128.52","n/e"," ","139.47"
"20/01/2018 07:00:00 - 20/01/2018 08:00:00","BZN|DK1","135.09","n/e"," ","153.06"
"20/01/2018 08:00:00 - 20/01/2018 09:00:00","BZN|DK1","140.60","n/e"," ","147.89"
"20/01/2018 09:00:00 - 20/01/2018 10:00:00","BZN|DK1","134.58","n/e"," ","163.30"
"20/01/2018 10:00:00 - 20/01/2018 11:00:00","BZN|DK1","96.96","n/e"," ","171.41"
"20/01/2018 11:00:00 - 20/01/2018 12:00:00","BZN|DK1","90.88","n/e"," ","161.03"
"20/01/2018 12:00:00 - 20/01/2018 13:00:00","BZN|DK1","88.33","n/e"," ","162.06"
"20/01/2018 13:00:00 - 20/01/2018 14:00:00","BZN|DK1","89.88","n/e"," ","125.99"
"20/01/2018 14:00:00 - 20/01/2018 15:00:00","BZN|DK1","88.92","n/e"," ","92.58"
"20/01/2018 15:00:00 - 20/01/2018 16:00:00","BZN|DK1","68.67","n/e"," ","97.13"
"20/01/2018 16:00:00 - 20/01/2018 17:00:00","BZN|DK1","75.21","n/e"," ","88.93"
"20/01/2018 17:00:00 - 20/01/2018 18:00:00","BZN|DK1","74.46","n/e"," ","93.65"
"20/01/2018 18:00:00 - 20/01/2018 19:00:00","BZN|DK1","68.13","n/e"," ","126.07"
"20/01/2018 19:00:00 - 20/01/2018 20:00:00","BZN|DK1","64.75","n/e"," ","80.01"
"20/01/2018 20:00:00 - 20/01/2018 21:00:00","BZN|DK1","63.71","n/e"," ","162.55"
"20/01/2018 21:00:00 - 20/01/2018 22:00:00","BZN|DK1","64.17","n/e"," ","141.05"
"20/01/2018 22:00:00 - 20/01/2018 23:00:00","BZN|DK1","63.63","n/e"," ","85.45"
"20/01/2018 23:00:00 - 21/01/2018 00:00:00","BZN|DK1","65.96","n/e"," ","73.42"
"21/01/2018 00:00:00 - 21/01/2018 01:00:00","BZN|DK1","40.15","n/e"," ","36.94"
"21/01/2018 01:00:00 - 21/01/2018 02:00:00","BZN|DK1","19.11","n/e"," ","22.97"
"21/01/2018 02:00:00 - 21/01/2018 03:00:00","BZN|DK1","28.55","n/e"," ","33.85"
"21/01/2018 03:00:00 - 21/01/2018 04:00:00","BZN|DK1","57.24","n/e"," ","54.06"
"21/01/2018 04:00:00 - 21/01/2018 05:00:00","BZN|DK1","42.49","n/e"," ","35.37"
"21/01/2018 05:00:00 - 21/01/2018 06:00:00","BZN|DK1","17.20","n/e"," ","13.38"
"21/01/2018 06:00:00 - 21/01/2018 07:00:00","BZN|DK1","20.25","n/e"," ","18.75"
"21/01/2018 07:00:00 - 21/01/2018 08:00:00","BZN|DK1","17.55","n/e"," ","14.84"
"21/01/2018 08:00:00 - 21/01/2018 09:00:00","BZN|DK1","24.61","n/e"," ","12.50"
"21/01/2018 09:00:00 - 21/01/2018 10:00:00","BZN|DK1","27.88","n/e"," ","7.08"
"21/01/2018 10:00:00 - 21/01/2018 11:00:00","BZN|DK1","23.96","n/e"," ","10.25"
"21/01/2018 11:00:00 - 21/01/2018 12:00:00","BZN|DK1","23.08","n/e"," ","18.78"
"21/01/2018 12:00:00 - 21/01/2018 13:00:00","BZN|DK1","25.38","n/e"," ","24.85"
"21/01/2018 13:00:00 - 21/01/2018 14:00:00","BZN|DK1","32.71","n/e"," ","16.16"
"21/01/2018 14:00:00 - 21/01/2018 15:00:00","BZN|DK1","45.08","n/e"," ","15.48"
"21/01/2018 15:00:00 - 21/01/2018 16:00:00","BZN|DK1","60.92","n/e"," ","23.87"
"21/01/2018 16:00:00 - 21/01/2018 17:00:00","BZN|DK1","85.75","n/e"," ","58.16"
"21/01/2018 17:00:00 - 21/01/2018 18:00:00","BZN|DK1","119.33","n/e"," ","122.84"
"21/01/2018 18:00:00 - 21/01/2018 19:00:00","BZN|DK1","162.79","n/e"," ","168.24"
"21/01/2018 19:00:00 - 21/01/2018 20:00:00","BZN|DK1","205.08","n/e"," ","231.73"
"21/01/2018 20:00:00 - 21/01/2018 21:00:00","BZN|DK1","251.88","n/e"," ","304.75"
"21/01/2018 21:00:00 - 21/01/2018 22:00:00","BZN|DK1","295.21","n/e"," ","397.01"
"21/01/2018 22:00:00 - 21/01/2018 23:00:00","BZN|DK1","333.38","n/e"," ","401.00"
"21/01/2018 23:00:00 - 22/01/2018 00:00:00","BZN|DK1","370.96","n/e"," ","426.01"
"22/01/2018 00:00:00 - 22/01/2018 01:00:00","BZN|DK1","438.11","n/e"," ","466.78"
"22/01/2018 01:00:00 - 22/01/2018 02:00:00","BZN|DK1","455.98","n/e"," ","471.92"
"22/01/2018 02:00:00 - 22/01/2018 03:00:00","BZN|DK1","362.36","n/e"," ","372.25"
"22/01/2018 03:00:00 - 22/01/2018 04:00:00","BZN|DK1","403.88","n/e"," ","449.21"
"22/01/2018 04:00:00 - 22/01/2018 05:00:00","BZN|DK1","496.27","n/e"," ","526.56"
"22/01/2018 05:00:00 - 22/01/2018 06:00:00","BZN|DK1","522.46","n/e"," ","550.66"
"22/01/2018 06:00:00 - 22/01/2018 07:00:00","BZN|DK1","519.68","n/e"," ","557.57"
"22/01/2018 07:00:00 - 22/01/2018 08:00:00","BZN|DK1","537.35","n/e"," ","587.44"
"22/01/2018 08:00:00 - 22/01/2018 09:00:00","BZN|DK1","558.86","n/e"," ","641.40"
"22/01/2018 09:00:00 - 22/01/2018 10:00:00","BZN|DK1","571.79","n/e"," ","667.78"
"22/01/2018 10:00:00 - 22/01/2018 11:00:00","BZN|DK1","601.54","n/e"," ","671.31"
"22/01/2018 11:00:00 - 22/01/2018 12:00:00","BZN|DK1","612.54","n/e"," ","660.70"
"22/01/2018 12:00:00 - 22/01/2018 13:00:00","BZN|DK1","604.33","n/e"," ","589.99"
"22/01/2018 13:00:00 - 22/01/2018 14:00:00","BZN|DK1","572.92","n/e"," ","598.98"
"22/01/2018 14:00:00 - 22/01/2018 15:00:00","BZN|DK1","525.25","n/e"," ","466.79"
"22/01/2018 15:00:00 - 22/01/2018 16:00:00","BZN|DK1","493.04","n/e"," ","396.47"
"22/01/2018 16:00:00 - 22/01/2018 17:00:00","BZN|DK1","465.67","n/e"," ","349.78"
"22/01/2018 17:00:00 - 22/01/2018 18:00:00","BZN|DK1","427.63","n/e"," ","339.98"
"22/01/2018 18:00:00 - 22/01/2018 19:00:00","BZN|DK1","392.25","n/e"," ","259.94"
"22/01/2018 19:00:00 - 22/01/2018 20:00:00","BZN|DK1","352.42","n/e"," ","271.35"
"22/01/2018 20:00:00 - 22/01/2018 21:00:00","BZN|DK1","309.00","n/e"," ","298.23"
"22/01/2018 21:00:00 - 22/01/2018 22:00:00","BZN|DK1","267.50","n/e"," ","274.18"
"22/01/2018 22:00:00 - 22/01/2018 23:00:00","BZN|DK1","231.88","n/e"," ","235.14"
"22/01/2018 23:00:00 - 23/01/2018 00:00:00","BZN|DK1","203.79","n/e"," ","182.23"
"23/01/2018 00:00:00 - 23/01/2018 01:00:00","BZN|DK1","180.00","n/e"," ","189.44"
"23/01/2018 01:00:00 - 23/01/2018 02:00:00","BZN|DK1","200.82","n/e"," ","207.69"
"23/01/2018 02:00:00 - 23/01/2018 03:00:00","BZN|DK1","207.47","n/e"," ","217.22"
"23/01/2018 03:00:00 - 23/01/2018 04:00:00","BZN|DK1","242.43","n/e"," ","252.44"
"23/01/2018 04:00:00 - 23/01/2018 05:00:00","BZN|DK1","258.48","n/e"," ","270.60"
"23/01/2018 05:00:00 - 23/01/2018 06:00:00","BZN|DK1","283.50","n/e"," ","297.72"
"23/01/2018 06:00:00 - 23/01/2018 07:00:00","BZN|DK1","315.40","n/e"," ","327.57"
"23/01/2018 07:00:00 - 23/01/2018 08:00:00","BZN|DK1","318.21","n/e"," ","327.12"
"23/01/2018 08:00:00 - 23/01/2018 09:00:00","BZN|DK1","374.37","n/e"," ","396.51"
"23/01/2018 09:00:00 - 23/01/2018 10:00:00","BZN|DK1","443.92","n/e"," ","469.33"
"23/01/2018 10:00:00 - 23/01/2018 11:00:00","BZN|DK1","526.71","n/e"," ","573.22"
"23/01/2018 11:00:00 - 23/01/2018 12:00:00","BZN|DK1","587.33","n/e"," ","647.28"
"23/01/2018 12:00:00 - 23/01/2018 13:00:00","BZN|DK1","645.25","n/e"," ","717.71"
"23/01/2018 13:00:00 - 23/01/2018 14:00:00","BZN|DK1","677.38","n/e"," ","700.01"
"23/01/2018 14:00:00 - 23/01/2018 15:00:00","BZN|DK1","697.88","n/e"," ","735.88"
"23/01/2018 15:00:00 - 23/01/2018 16:00:00","BZN|DK1","710.29","n/e"," ","759.98"
"23/01/2018 16:00:00 - 23/01/2018 17:00:00","BZN|DK1","718.88","n/e"," ","753.11"
"23/01/2018 17:00:00 - 23/01/2018 18:00:00","BZN|DK1","724.96","n/e"," ","765.23"
"23/01/2018 18:00:00 - 23/01/2018 19:00:00","BZN|DK1","728.54","n/e"," ","709.92"
"23/01/2018 19:00:00 - 23/01/2018 20:00:00","BZN|DK1","729.63","n/e"," ","763.43"
"23/01/2018 20:00:00 - 23/01/2018 21:00:00","BZN|DK1","730.00","n/e"," ","765.27"
"23/01/2018 21:00:00 - 23/01/2018 22:00:00","BZN|DK1","729.04","n/e"," ","767.28"
"23/01/2018 22:00:00 - 23/01/2018 23:00:00","BZN|DK1","727.08","n/e"," ","768.68"
"23/01/2018 23:00:00 - 24/01/2018 00:00:00","BZN|DK1","725.17","n/e"," ","682.90"
"24/01/2018 00:00:00 - 24/01/2018 01:00:00","BZN|DK1","721.67","n/e"," ","784.83"
"24/01/2018 01:00:00 - 24/01/2018 02:00:00","BZN|DK1","721.73","n/e"," ","764.75"
"24/01/2018 02:00:00 - 24/01/2018 03:00:00","BZN|DK1","629.94","n/e"," ","665.55"
"24/01/2018 03:00:00 - 24/01/2018 04:00:00","BZN|DK1","627.77","n/e"," ","662.78"
"24/01/2018 04:00:00 - 24/01/2018 05:00:00","BZN|DK1","717.75","n/e"," ","757.32"
"24/01/2018 05:00:00 - 24/01/2018 06:00:00","BZN|DK1","698.28","n/e"," ","738.91"
"24/01/2018 06:00:00 - 24/01/2018 07:00:00","BZN|DK1","672.08","n/e"," ","707.69"
"24/01/2018 07:00:00 - 24/01/2018 08:00:00","BZN|DK1","694.42","n/e"," ","746.43"
"24/01/2018 08:00:00 - 24/01/2018 09:00:00","BZN|DK1","702.83","n/e"," ","743.16"
"24/01/2018 09:00:00 - 24/01/2018 10:00:00","BZN|DK1","725.25","n/e"," ","761.04"
"24/01/2018 10:00:00 - 24/01/2018 11:00:00","BZN|DK1","731.50","n/e"," ","784.91"
"24/01/2018 11:00:00 - 24/01/2018 12:00:00","BZN|DK1","732.08","n/e"," ","769.55"
"24/01/2018 12:00:00 - 24/01/2018 13:00:00","BZN|DK1","730.08","n/e"," ","785.54"
"24/01/2018 13:00:00 - 24/01/2018 14:00:00","BZN|DK1","729.04","n/e"," ","785.21"
"24/01/2018 14:00:00 - 24/01/2018 15:00:00","BZN|DK1","727.29","n/e"," ","786.19"
"24/01/2018 15:00:00 - 24/01/2018 16:00:00","BZN|DK1","717.46","n/e"," ","759.00"
"24/01/2018 16:00:00 - 24/01/2018 17:00:00","BZN|DK1","734.08","n/e"," ","778.93"
"24/01/2018 17:00:00 - 24/01/2018 18:00:00","BZN|DK1","740.75","n/e"," ","777.04"
"24/01/2018 18:00:00 - 24/01/2018 19:00:00","BZN|DK1","740.04","n/e"," ","767.87"
"24/01/2018 19:00:00 - 24/01/2018 20:00:00","BZN|DK1","740.00","n/e"," ","762.56"
"24/01/2018 20:00:00 - 24/01/2018 21:00:00","BZN|DK1","739.04","n/e"," ","761.84"
"24/01/2018 21:00:00 - 24/01/2018 22:00:00","BZN|DK1","738.04","n/e"," ","761.85"
"24/01/2018 22:00:00 - 24/01/2018 23:00:00","BZN|DK1","738.25","n/e"," ","764.37"
"24/01/2018 23:00:00 - 25/01/2018 00:00:00","BZN|DK1","737.04","n/e"," ","775.73"
"25/01/2018 00:00:00 - 25/01/2018 01:00:00","BZN|DK1","729.31","n/e"," ","762.88"
"25/01/2018 01:00:00 - 25/01/2018 02:00:00","BZN|DK1","728.29","n/e"," ","764.47"
"25/01/2018 02:00:00 - 25/01/2018 03:00:00","BZN|DK1","726.87","n/e"," ","779.26"
"25/01/2018 03:00:00 - 25/01/2018 04:00:00","BZN|DK1","723.08","n/e"," ","774.80"
"25/01/2018 04:00:00 - 25/01/2018 05:00:00","BZN|DK1","722.53","n/e"," ","755.11"
"25/01/2018 05:00:00 - 25/01/2018 06:00:00","BZN|DK1","716.73","n/e"," ","761.87"
"25/01/2018 06:00:00 - 25/01/2018 07:00:00","BZN|DK1","700.97","n/e"," ","748.48"
"25/01/2018 07:00:00 - 25/01/2018 08:00:00","BZN|DK1","695.64","n/e"," ","739.64"
"25/01/2018 08:00:00 - 25/01/2018 09:00:00","BZN|DK1","702.94","n/e"," ","739.82"
"25/01/2018 09:00:00 - 25/01/2018 10:00:00","BZN|DK1","696.92","n/e"," ","743.34"
"25/01/2018 10:00:00 - 25/01/2018 11:00:00","BZN|DK1","685.29","n/e"," ","737.96"
"25/01/2018 11:00:00 - 25/01/2018 12:00:00","BZN|DK1","671.33","n/e"," ","705.40"
"25/01/2018 12:00:00 - 25/01/2018 13:00:00","BZN|DK1","655.88","n/e"," ","707.44"
"25/01/2018 13:00:00 - 25/01/2018 14:00:00","BZN|DK1","635.96","n/e"," ","689.06"
"25/01/2018 14:00:00 - 25/01/2018 15:00:00","BZN|DK1","610.75","n/e"," ","612.09"
"25/01/2018 15:00:00 - 25/01/2018 16:00:00","BZN|DK1","574.79","n/e"," ","581.53"
"25/01/2018 16:00:00 - 25/01/2018 17:00:00","BZN|DK1","543.00","n/e"," ","537.36"
"25/01/2018 17:00:00 - 25/01/2018 18:00:00","BZN|DK1","504.63","n/e"," ","388.72"
"25/01/2018 18:00:00 - 25/01/2018 19:00:00","BZN|DK1","455.00","n/e"," ","278.18"
"25/01/2018 19:00:00 - 25/01/2018 20:00:00","BZN|DK1","416.04","n/e"," ","265.40"
"25/01/2018 20:00:00 - 25/01/2018 21:00:00","BZN|DK1","397.67","n/e"," ","249.28"
"25/01/2018 21:00:00 - 25/01/2018 22:00:00","BZN|DK1","391.00","n/e"," ","312.65"
"25/01/2018 22:00:00 - 25/01/2018 23:00:00","BZN|DK1","379.79","n/e"," ","460.61"
"25/01/2018 23:00:00 - 26/01/2018 00:00:00","BZN|DK1","358.75","n/e"," ","420.17"
"26/01/2018 00:00:00 - 26/01/2018 01:00:00","BZN|DK1","354.97","n/e"," ","377.34"
"26/01/2018 01:00:00 - 26/01/2018 02:00:00","BZN|DK1","342.63","n/e"," ","347.26"
"26/01/2018 02:00:00 - 26/01/2018 03:00:00","BZN|DK1","227.91","n/e"," ","236.98"
"26/01/2018 03:00:00 - 26/01/2018 04:00:00","BZN|DK1","194.15","n/e"," ","199.90"
"26/01/2018 04:00:00 - 26/01/2018 05:00:00","BZN|DK1","188.25","n/e"," ","193.74"
"26/01/2018 05:00:00 - 26/01/2018 06:00:00","BZN|DK1","167.16","n/e"," ","171.68"
"26/01/2018 06:00:00 - 26/01/2018 07:00:00","BZN|DK1","140.95","n/e"," ","150.00"
"26/01/2018 07:00:00 - 26/01/2018 08:00:00","BZN|DK1","168.00","n/e"," ","176.16"
"26/01/2018 08:00:00 - 26/01/2018 09:00:00","BZN|DK1","151.02","n/e"," ","173.03"
"26/01/2018 09:00:00 - 26/01/2018 10:00:00","BZN|DK1","135.33","n/e"," ","165.67"
"26/01/2018 10:00:00 - 26/01/2018 11:00:00","BZN|DK1","108.92","n/e"," ","102.54"
"26/01/2018 11:00:00 - 26/01/2018 12:00:00","BZN|DK1","107.63","n/e"," ","80.02"
"26/01/2018 12:00:00 - 26/01/2018 13:00:00","BZN|DK1","109.75","n/e"," ","117.34"
"26/01/2018 13:00:00 - 26/01/2018 14:00:00","BZN|DK1","109.92","n/e"," ","115.88"
"26/01/2018 14:00:00 - 26/01/2018 15:00:00","BZN|DK1","119.75","n/e"," ","112.70"
"26/01/2018 15:00:00 - 26/01/2018 16:00:00","BZN|DK1","137.88","n/e"," ","121.40"
"26/01/2018 16:00:00 - 26/01/2018 17:00:00","BZN|DK1","170.54","n/e"," ","127.31"
"26/01/2018 17:00:00 - 26/01/2018 18:00:00","BZN|DK1","205.21","n/e"," ","91.60"
"26/01/2018 18:00:00 - 26/01/2018 19:00:00","BZN|DK1","229.54","n/e"," ","137.20"
"26/01/2018 19:00:00 - 26/01/2018 20:00:00","BZN|DK1","236.04","n/e"," ","200.34"
"26/01/2018 20:00:00 - 26/01/2018 21:00:00","BZN|DK1","239.08","n/e"," ","273.42"
"26/01/2018 21:00:00 - 26/01/2018 22:00:00","BZN|DK1","245.88","n/e"," ","311.82"
"26/01/2018 22:00:00 - 26/01/2018 23:00:00","BZN|DK1","254.75","n/e"," ","247.26"
"26/01/2018 23:00:00 - 27/01/2018 00:00:00","BZN|DK1","262.63","n/e"," ","262.71"
"27/01/2018 00:00:00 - 27/01/2018 01:00:00","BZN|DK1","265.28","n/e"," ","283.48"
"27/01/2018 01:00:00 - 27/01/2018 02:00:00","BZN|DK1","229.68","n/e"," ","240.33"
"27/01/2018 02:00:00 - 27/01/2018 03:00:00","BZN|DK1","186.46","n/e"," ","196.39"
"27/01/2018 03:00:00 - 27/01/2018 04:00:00","BZN|DK1","174.41","n/e"," ","188.00"
"27/01/2018 04:00:00 - 27/01/2018 05:00:00","BZN|DK1","155.46","n/e"," ","159.55"
"27/01/2018 05:00:00 - 27/01/2018 06:00:00","BZN|DK1","85.35","n/e"," ","85.45"
"27/01/2018 06:00:00 - 27/01/2018 07:00:00","BZN|DK1","79.04","n/e"," ","82.16"
"27/01/2018 07:00:00 - 27/01/2018 08:00:00","BZN|DK1","113.95","n/e"," ","118.47"
"27/01/2018 08:00:00 - 27/01/2018 09:00:00","BZN|DK1","134.04","n/e"," ","131.82"
"27/01/2018 09:00:00 - 27/01/2018 10:00:00","BZN|DK1","173.38","n/e"," ","230.08"
"27/01/2018 10:00:00 - 27/01/2018 11:00:00","BZN|DK1","223.75","n/e"," ","301.08"
"27/01/2018 11:00:00 - 27/01/2018 12:00:00","BZN|DK1","293.83","n/e"," ","342.61"
"27/01/2018 12:00:00 - 27/01/2018 13:00:00","BZN|DK1","386.75","n/e"," ","425.87"
"27/01/2018 13:00:00 - 27/01/2018 14:00:00","BZN|DK1","496.46","n/e"," ","453.84"
"27/01/2018 14:00:00 - 27/01/2018 15:00:00","BZN|DK1","580.92","n/e"," ","562.56"
"27/01/2018 15:00:00 - 27/01/2018 16:00:00","BZN|DK1","645.00","n/e"," ","614.50"
"27/01/2018 16:00:00 - 27/01/2018 17:00:00","BZN|DK1","696.29","n/e"," ","740.56"
"27/01/2018 17:00:00 - 27/01/2018 18:00:00","BZN|DK1","721.96","n/e"," ","769.72"
"27/01/2018 18:00:00 - 27/01/2018 19:00:00","BZN|DK1","734.58","n/e"," ","776.44"
"27/01/2018 19:00:00 - 27/01/2018 20:00:00","BZN|DK1","735.88","n/e"," ","779.82"
"27/01/2018 20:00:00 - 27/01/2018 21:00:00","BZN|DK1","735.04","n/e"," ","796.52"
"27/01/2018 21:00:00 - 27/01/2018 22:00:00","BZN|DK1","734.13","n/e"," ","778.83"
"27/01/2018 22:00:00 - 27/01/2018 23:00:00","BZN|DK1","732.08","n/e"," ","776.69"
"27/01/2018 23:00:00 - 28/01/2018 00:00:00","BZN|DK1","732.00","n/e"," ","776.73"
"28/01/2018 00:00:00 - 28/01/2018 01:00:00","BZN|DK1","367.87","n/e"," ","373.64"
"28/01/2018 01:00:00 - 28/01/2018 02:00:00","BZN|DK1","351.31","n/e"," ","393.13"
"28/01/2018 02:00:00 - 28/01/2018 03:00:00","BZN|DK1","302.40","n/e"," ","386.67"
"28/01/2018 03:00:00 - 28/01/2018 04:00:00","BZN|DK1","353.82","n/e"," ","386.61"
"28/01/2018 04:00:00 - 28/01/2018 05:00:00","BZN|DK1","252.78","n/e"," ","294.56"
"28/01/2018 05:00:00 - 28/01/2018 06:00:00","BZN|DK1","593.64","n/e"," ","665.53"
"28/01/2018 06:00:00 - 28/01/2018 07:00:00","BZN|DK1","265.20","n/e"," ","288.36"
"28/01/2018 07:00:00 - 28/01/2018 08:00:00","BZN|DK1","581.64","n/e"," ","659.74"
"28/01/2018 08:00:00 - 28/01/2018 09:00:00","BZN|DK1","647.71","n/e"," ","687.32"
"28/01/2018 09:00:00 - 28/01/2018 10:00:00","BZN|DK1","732.96","n/e"," ","776.93"
"28/01/2018 10:00:00 - 28/01/2018 11:00:00","BZN|DK1","733.75","n/e"," ","774.18"
"28/01/2018 11:00:00 - 28/01/2018 12:00:00","BZN|DK1","734.04","n/e"," ","774.03"
"28/01/2018 12:00:00 - 28/01/2018 13:00:00","BZN|DK1","733.04","n/e"," ","773.44"
"28/01/2018 13:00:00 - 28/01/2018 14:00:00","BZN|DK1","729.38","n/e"," ","758.96"
"28/01/2018 14:00:00 - 28/01/2018 15:00:00","BZN|DK1","719.42","n/e"," ","772.69"
"28/01/2018 15:00:00 - 28/01/2018 16:00:00","BZN|DK1","691.17","n/e"," ","738.42"
"28/01/2018 16:00:00 - 28/01/2018 17:00:00","BZN|DK1","634.25","n/e"," ","725.86"
"28/01/2018 17:00:00 - 28/01/2018 18:00:00","BZN|DK1","578.88","n/e"," ","657.37"
"28/01/2018 18:00:00 - 28/01/2018 19:00:00","BZN|DK1","544.63","n/e"," ","639.89"
"28/01/2018 19:00:00 - 28/01/2018 20:00:00","BZN|DK1","548.13","n/e"," ","531.59"
"28/01/2018 20:00:00 - 28/01/2018 21:00:00","BZN|DK1","566.63","n/e"," ","492.92"
"28/01/2018 21:00:00 - 28/01/2018 22:00:00","BZN|DK1","588.71","n/e"," ","592.84"
"28/01/2018 22:00:00 - 28/01/2018 23:00:00","BZN|DK1","607.29","n/e"," ","679.07"
"28/01/2018 23:00:00 - 29/01/2018 00:00:00","BZN|DK1","606.75","n/e"," ","738.94"
"29/01/2018 00:00:00 - 29/01/2018 01:00:00","BZN|DK1","685.93","n/e"," ","717.91"
"29/01/2018 01:00:00 - 29/01/2018 02:00:00","BZN|DK1","636.04","n/e"," ","657.89"
"29/01/2018 02:00:00 - 29/01/2018 03:00:00","BZN|DK1","500.58","n/e"," ","542.83"
"29/01/2018 03:00:00 - 29/01/2018 04:00:00","BZN|DK1","352.85","n/e"," ","407.92"
"29/01/2018 04:00:00 - 29/01/2018 05:00:00","BZN|DK1","347.68","n/e"," ","405.59"
"29/01/2018 05:00:00 - 29/01/2018 06:00:00","BZN|DK1","348.46","n/e"," ","393.38"
"29/01/2018 06:00:00 - 29/01/2018 07:00:00","BZN|DK1","597.75","n/e"," ","668.44"
"29/01/2018 07:00:00 - 29/01/2018 08:00:00","BZN|DK1","728.45","n/e"," ","768.68"
"29/01/2018 08:00:00 - 29/01/2018 09:00:00","BZN|DK1","731.13","n/e"," ","772.09"
"29/01/2018 09:00:00 - 29/01/2018 10:00:00","BZN|DK1","732.71","n/e"," ","772.61"
"29/01/2018 10:00:00 - 29/01/2018 11:00:00","BZN|DK1","730.79","n/e"," ","776.22"
"29/01/2018 11:00:00 - 29/01/2018 12:00:00","BZN|DK1","730.04","n/e"," ","789.26"
"29/01/2018 12:00:00 - 29/01/2018 13:00:00","BZN|DK1","729.04","n/e"," ","745.21"
"29/01/2018 13:00:00 - 29/01/2018 14:00:00","BZN|DK1","728.04","n/e"," ","724.89"
"29/01/2018 14:00:00 - 29/01/2018 15:00:00","BZN|DK1","728.00","n/e"," ","744.18"
"29/01/2018 15:00:00 - 29/01/2018 16:00:00","BZN|DK1","729.13","n/e"," ","768.67"
"29/01/2018 16:00:00 - 29/01/2018 17:00:00","BZN|DK1","731.96","n/e"," ","770.29"
"29/01/2018 17:00:00 - 29/01/2018 18:00:00","BZN|DK1","733.92","n/e"," ","772.42"
"29/01/2018 18:00:00 - 29/01/2018 19:00:00","BZN|DK1","734.00","n/e"," ","773.27"
"29/01/2018 19:00:00 - 29/01/2018 20:00:00","BZN|DK1","734.00","n/e"," ","773.29"
"29/01/2018 20:00:00 - 29/01/2018 21:00:00","BZN|DK1","734.00","n/e"," ","772.05"
"29/01/2018 21:00:00 - 29/01/2018 22:00:00","BZN|DK1","734.00","n/e"," ","677.34"
"29/01/2018 22:00:00 - 29/01/2018 23:00:00","BZN|DK1","734.00","n/e"," ","773.03"
"29/01/2018 23:00:00 - 30/01/2018 00:00:00","BZN|DK1","734.00","n/e"," ","675.92"
"30/01/2018 00:00:00 - 30/01/2018 01:00:00","BZN|DK1","732.24","n/e"," ","769.59"
"30/01/2018 01:00:00 - 30/01/2018 02:00:00","BZN|DK1","731.59","n/e"," ","769.58"
"30/01/2018 02:00:00 - 30/01/2018 03:00:00","BZN|DK1","732.31","n/e"," ","769.58"
"30/01/2018 03:00:00 - 30/01/2018 04:00:00","BZN|DK1","635.83","n/e"," ","673.21"
"30/01/2018 04:00:00 - 30/01/2018 05:00:00","BZN|DK1","729.72","n/e"," ","768.82"
"30/01/2018 05:00:00 - 30/01/2018 06:00:00","BZN|DK1","636.85","n/e"," ","673.95"
"30/01/2018 06:00:00 - 30/01/2018 07:00:00","BZN|DK1","726.75","n/e"," ","765.08"
"30/01/2018 07:00:00 - 30/01/2018 08:00:00","BZN|DK1","703.37","n/e"," ","742.77"
"30/01/2018 08:00:00 - 30/01/2018 09:00:00","BZN|DK1","684.20","n/e"," ","727.83"
"30/01/2018 09:00:00 - 30/01/2018 10:00:00","BZN|DK1","682.58","n/e"," ","709.33"
"30/01/2018 10:00:00 - 30/01/2018 11:00:00","BZN|DK1","671.25","n/e"," ","711.38"
"30/01/2018 11:00:00 - 30/01/2018 12:00:00","BZN|DK1","658.25","n/e"," ","647.69"
"30/01/2018 12:00:00 - 30/01/2018 13:00:00","BZN|DK1","651.29","n/e"," ","619.57"
"30/01/2018 13:00:00 - 30/01/2018 14:00:00","BZN|DK1","641.54","n/e"," ","590.03"
"30/01/2018 14:00:00 - 30/01/2018 15:00:00","BZN|DK1","624.92","n/e"," ","644.29"
"30/01/2018 15:00:00 - 30/01/2018 16:00:00","BZN|DK1","606.63","n/e"," ","699.34"
"30/01/2018 16:00:00 - 30/01/2018 17:00:00","BZN|DK1","585.79","n/e"," ","596.17"
"30/01/2018 17:00:00 - 30/01/2018 18:00:00","BZN|DK1","553.71","n/e"," ","493.57"
"30/01/2018 18:00:00 - 30/01/2018 19:00:00","BZN|DK1","527.04","n/e"," ","520.23"
"30/01/2018 19:00:00 - 30/01/2018 20:00:00","BZN|DK1","529.92","n/e"," ","566.47"
"30/01/2018 20:00:00 - 30/01/2018 21:00:00","BZN|DK1","553.13","n/e"," ","556.68"
"30/01/2018 21:00:00 - 30/01/2018 22:00:00","BZN|DK1","582.83","n/e"," ","635.57"
"30/01/2018 22:00:00 - 30/01/2018 23:00:00","BZN|DK1","612.29","n/e"," ","681.61"
"30/01/2018 23:00:00 - 31/01/2018 00:00:00","BZN|DK1","635.58","n/e"," ","718.48"
"31/01/2018 00:00:00 - 31/01/2018 01:00:00","BZN|DK1","655.66","n/e"," ","693.75"
"31/01/2018 01:00:00 - 31/01/2018 02:00:00","BZN|DK1","676.19","n/e"," ","723.49"
"31/01/2018 02:00:00 - 31/01/2018 03:00:00","BZN|DK1","681.24","n/e"," ","733.11"
"31/01/2018 03:00:00 - 31/01/2018 04:00:00","BZN|DK1","713.82","n/e"," ","773.29"
"31/01/2018 04:00:00 - 31/01/2018 05:00:00","BZN|DK1","729.93","n/e"," ","787.15"
"31/01/2018 05:00:00 - 31/01/2018 06:00:00","BZN|DK1","729.68","n/e"," ","771.78"
"31/01/2018 06:00:00 - 31/01/2018 07:00:00","BZN|DK1","729.71","n/e"," ","772.61"
"31/01/2018 07:00:00 - 31/01/2018 08:00:00","BZN|DK1","730.43","n/e"," ","788.44"
"31/01/2018 08:00:00 - 31/01/2018 09:00:00","BZN|DK1","722.47","n/e"," ","776.82"
"31/01/2018 09:00:00 - 31/01/2018 10:00:00","BZN|DK1","711.08","n/e"," ","787.74"
"31/01/2018 10:00:00 - 31/01/2018 11:00:00","BZN|DK1","719.17","n/e"," ","784.74"
"31/01/2018 11:00:00 - 31/01/2018 12:00:00","BZN|DK1","722.25","n/e"," ","788.25"
"31/01/2018 12:00:00 - 31/01/2018 13:00:00","BZN|DK1","723.71","n/e"," ","787.91"
"31/01/2018 13:00:00 - 31/01/2018 14:00:00","BZN|DK1","723.63","n/e"," ","774.30"
"31/01/2018 14:00:00 - 31/01/2018 15:00:00","BZN|DK1","722.25","n/e"," ","751.40"
"31/01/2018 15:00:00 - 31/01/2018 16:00:00","BZN|DK1","719.75","n/e"," ","772.77"
"31/01/2018 16:00:00 - 31/01/2018 17:00:00","BZN|DK1","716.00","n/e"," ","755.50"
"31/01/2018 17:00:00 - 31/01/2018 18:00:00","BZN|DK1","714.88","n/e"," ","779.19"
"31/01/2018 18:00:00 - 31/01/2018 19:00:00","BZN|DK1","710.38","n/e"," ","773.54"
"31/01/2018 19:00:00 - 31/01/2018 20:00:00","BZN|DK1","710.33","n/e"," ","769.62"
"31/01/2018 20:00:00 - 31/01/2018 21:00:00","BZN|DK1","713.42","n/e"," ","760.39"
"31/01/2018 21:00:00 - 31/01/2018 22:00:00","BZN|DK1","718.38","n/e"," ","757.87"
"31/01/2018 22:00:00 - 31/01/2018 23:00:00","BZN|DK1","719.33","n/e"," ","764.75"
"31/01/2018 23:00:00 - 01/02/2018 00:00:00","BZN|DK1","721.29","n/e"," ","757.88"
"01/02/2018 00:00:00 - 01/02/2018 01:00:00","BZN|DK1","694.81","n/e"," ","746.98"
"01/02/2018 01:00:00 - 01/02/2018 02:00:00","BZN|DK1","695.28","n/e"," ","745.05"
"01/02/2018 02:00:00 - 01/02/2018 03:00:00","BZN|DK1","726.55","n/e"," ","781.60"
"01/02/2018 03:00:00 - 01/02/2018 04:00:00","BZN|DK1","716.92","n/e"," ","780.54"
"01/02/2018 04:00:00 - 01/02/2018 05:00:00","BZN|DK1","727.72","n/e"," ","783.55"
"01/02/2018 05:00:00 - 01/02/2018 06:00:00","BZN|DK1","724.17","n/e"," ","775.89"
"01/02/2018 06:00:00 - 01/02/2018 07:00:00","BZN|DK1","720.48","n/e"," ","777.80"
"01/02/2018 07:00:00 - 01/02/2018 08:00:00","BZN|DK1","698.77","n/e"," ","745.37"
"01/02/2018 08:00:00 - 01/02/2018 09:00:00","BZN|DK1","701.55","n/e"," ","702.58"
"01/02/2018 09:00:00 - 01/02/2018 10:00:00","BZN|DK1","716.00","n/e"," ","783.41"
"01/02/2018 10:00:00 - 01/02/2018 11:00:00","BZN|DK1","730.46","n/e"," ","783.93"
"01/02/2018 11:00:00 - 01/02/2018 12:00:00","BZN|DK1","734.67","n/e"," ","778.51"
"01/02/2018 12:00:00 - 01/02/2018 13:00:00","BZN|DK1","737.92","n/e"," ","763.67"
"01/02/2018 13:00:00 - 01/02/2018 14:00:00","BZN|DK1","738.00","n/e"," ","745.49"
"01/02/2018 14:00:00 - 01/02/2018 15:00:00","BZN|DK1","738.88","n/e"," ","768.24"
"01/02/2018 15:00:00 - 01/02/2018 16:00:00","BZN|DK1","739.00","n/e"," ","773.80"
"01/02/2018 16:00:00 - 01/02/2018 17:00:00","BZN|DK1","736.58","n/e"," ","774.09"
"01/02/2018 17:00:00 - 01/02/2018 18:00:00","BZN|DK1","733.83","n/e"," ","769.90"
"01/02/2018 18:00:00 - 01/02/2018 19:00:00","BZN|DK1","730.08","n/e"," ","751.98"
"01/02/2018 19:00:00 - 01/02/2018 20:00:00","BZN|DK1","723.71","n/e"," ","745.67"
"01/02/2018 20:00:00 - 01/02/2018 21:00:00","BZN|DK1","714.25","n/e"," ","678.07"
"01/02/2018 21:00:00 - 01/02/2018 22:00:00","BZN|DK1","695.08","n/e"," ","669.77"
"01/02/2018 22:00:00 - 01/02/2018 23:00:00","BZN|DK1","655.42","n/e"," ","599.04"
"01/02/2018 23:00:00 - 02/02/2018 00:00:00","BZN|DK1","610.79","n/e"," ","667.96"
"02/02/2018 00:00:00 - 02/02/2018 01:00:00","BZN|DK1","633.12","n/e"," ","686.18"
"02/02/2018 01:00:00 - 02/02/2018 02:00:00","BZN|DK1","621.01","n/e"," ","654.08"
"02/02/2018 02:00:00 - 02/02/2018 03:00:00","BZN|DK1","539.19","n/e"," ","559.91"
"02/02/2018 03:00:00 - 02/02/2018 04:00:00","BZN|DK1","454.95","n/e"," ","494.82"
"02/02/2018 04:00:00 - 02/02/2018 05:00:00","BZN|DK1","448.62","n/e"," ","486.82"
"02/02/2018 05:00:00 - 02/02/2018 06:00:00","BZN|DK1","460.71","n/e"," ","483.49"
"02/02/2018 06:00:00 - 02/02/2018 07:00:00","BZN|DK1","448.18","n/e"," ","466.02"
"02/02/2018 07:00:00 - 02/02/2018 08:00:00","BZN|DK1","454.33","n/e"," ","488.37"
"02/02/2018 08:00:00 - 02/02/2018 09:00:00","BZN|DK1","451.55","n/e"," ","496.03"
"02/02/2018 09:00:00 - 02/02/2018 10:00:00","BZN|DK1","498.08","n/e"," ","564.28"
"02/02/2018 10:00:00 - 02/02/2018 11:00:00","BZN|DK1","568.21","n/e"," ","713.51"
"02/02/2018 11:00:00 - 02/02/2018 12:00:00","BZN|DK1","601.46","n/e"," ","728.05"
"02/02/2018 12:00:00 - 02/02/2018 13:00:00","BZN|DK1","639.08","n/e"," ","722.97"
"02/02/2018 13:00:00 - 02/02/2018 14:00:00","BZN|DK1","642.00","n/e"," ","693.11"
"02/02/2018 14:00:00 - 02/02/2018 15:00:00","BZN|DK1","616.79","n/e"," ","701.07"
"02/02/2018 15:00:00 - 02/02/2018 16:00:00","BZN|DK1","578.50","n/e"," ","722.76"
"02/02/2018 16:00:00 - 02/02/2018 17:00:00","BZN|DK1","547.88","n/e"," ","696.30"
"02/02/2018 17:00:00 - 02/02/2018 18:00:00","BZN|DK1","517.92","n/e"," ","582.12"
"02/02/2018 18:00:00 - 02/02/2018 19:00:00","BZN|DK1","479.08","n/e"," ","544.11"
"02/02/2018 19:00:00 - 02/02/2018 20:00:00","BZN|DK1","424.08","n/e"," ","534.95"
"02/02/2018 20:00:00 - 02/02/2018 21:00:00","BZN|DK1","372.04","n/e"," ","482.15"
"02/02/2018 21:00:00 - 02/02/2018 22:00:00","BZN|DK1","328.96","n/e"," ","396.91"
"02/02/2018 22:00:00 - 02/02/2018 23:00:00","BZN|DK1","306.25","n/e"," ","335.15"
"02/02/2018 23:00:00 - 03/02/2018 00:00:00","BZN|DK1","292.83","n/e"," ","366.91"
"03/02/2018 00:00:00 - 03/02/2018 01:00:00","BZN|DK1","319.00","n/e"," ","328.36"
"03/02/2018 01:00:00 - 03/02/2018 02:00:00","BZN|DK1","273.26","n/e"," ","296.31"
"03/02/2018 02:00:00 - 03/02/2018 03:00:00","BZN|DK1","270.78","n/e"," ","283.98"
"03/02/2018 03:00:00 - 03/02/2018 04:00:00","BZN|DK1","274.08","n/e"," ","288.62"
"03/02/2018 04:00:00 - 03/02/2018 05:00:00","BZN|DK1","302.52","n/e"," ","320.82"
"03/02/2018 05:00:00 - 03/02/2018 06:00:00","BZN|DK1","275.09","n/e"," ","286.54"
"03/02/2018 06:00:00 - 03/02/2018 07:00:00","BZN|DK1","268.32","n/e"," ","284.57"
"03/02/2018 07:00:00 - 03/02/2018 08:00:00","BZN|DK1","342.06","n/e"," ","358.47"
"03/02/2018 08:00:00 - 03/02/2018 09:00:00","BZN|DK1","319.27","n/e"," ","422.64"
"03/02/2018 09:00:00 - 03/02/2018 10:00:00","BZN|DK1","285.29","n/e"," ","423.26"
"03/02/2018 10:00:00 - 03/02/2018 11:00:00","BZN|DK1","289.79","n/e"," ","384.14"
"03/02/2018 11:00:00 - 03/02/2018 12:00:00","BZN|DK1","300.25","n/e"," ","425.51"
"03/02/2018 12:00:00 - 03/02/2018 13:00:00","BZN|DK1","315.33","n/e"," ","456.54"
"03/02/2018 13:00:00 - 03/02/2018 14:00:00","BZN|DK1","343.63","n/e"," ","438.21"
"03/02/2018 14:00:00 - 03/02/2018 15:00:00","BZN|DK1","375.50","n/e"," ","451.79"
"03/02/2018 15:00:00 - 03/02/2018 16:00:00","BZN|DK1","414.79","n/e"," ","489.80"
"03/02/2018 16:00:00 - 03/02/2018 17:00:00","BZN|DK1","455.67","n/e"," ","490.83"
"03/02/2018 17:00:00 - 03/02/2018 18:00:00","BZN|DK1","484.08","n/e"," ","551.15"
"03/02/2018 18:00:00 - 03/02/2018 19:00:00","BZN|DK1","506.92","n/e"," ","611.72"
"03/02/2018 19:00:00 - 03/02/2018 20:00:00","BZN|DK1","538.50","n/e"," ","595.90"
"03/02/2018 20:00:00 - 03/02/2018 21:00:00","BZN|DK1","573.83","n/e"," ","659.16"
"03/02/2018 21:00:00 - 03/02/2018 22:00:00","BZN|DK1","610.54","n/e"," ","738.88"
"03/02/2018 22:00:00 - 03/02/2018 23:00:00","BZN|DK1","649.00","n/e"," ","744.38"
"03/02/2018 23:00:00 - 04/02/2018 00:00:00","BZN|DK1","676.92","n/e"," ","783.20"
"04/02/2018 00:00:00 - 04/02/2018 01:00:00","BZN|DK1","734.73","n/e"," ","781.58"
"04/02/2018 01:00:00 - 04/02/2018 02:00:00","BZN|DK1","734.52","n/e"," ","772.98"
"04/02/2018 02:00:00 - 04/02/2018 03:00:00","BZN|DK1","737.79","n/e"," ","771.98"
"04/02/2018 03:00:00 - 04/02/2018 04:00:00","BZN|DK1","735.47","n/e"," ","783.71"
"04/02/2018 04:00:00 - 04/02/2018 05:00:00","BZN|DK1","734.53","n/e"," ","781.58"
"04/02/2018 05:00:00 - 04/02/2018 06:00:00","BZN|DK1","731.64","n/e"," ","792.08"
"04/02/2018 06:00:00 - 04/02/2018 07:00:00","BZN|DK1","735.95","n/e"," ","797.20"
"04/02/2018 07:00:00 - 04/02/2018 08:00:00","BZN|DK1","733.43","n/e"," ","791.42"
"04/02/2018 08:00:00 - 04/02/2018 09:00:00","BZN|DK1","723.86","n/e"," ","789.48"
"04/02/2018 09:00:00 - 04/02/2018 10:00:00","BZN|DK1","710.54","n/e"," ","774.83"
"04/02/2018 10:00:00 - 04/02/2018 11:00:00","BZN|DK1","673.88","n/e"," ","764.49"
"04/02/2018 11:00:00 - 04/02/2018 12:00:00","BZN|DK1","612.17","n/e"," ","679.46"
"04/02/2018 12:00:00 - 04/02/2018 13:00:00","BZN|DK1","549.79","n/e"," ","594.55"
"04/02/2018 13:00:00 - 04/02/2018 14:00:00","BZN|DK1","507.58","n/e"," ","460.11"
"04/02/2018 14:00:00 - 04/02/2018 15:00:00","BZN|DK1","475.79","n/e"," ","415.77"
"04/02/2018 15:00:00 - 04/02/2018 16:00:00","BZN|DK1","464.58","n/e"," ","406.82"
"04/02/2018 16:00:00 - 04/02/2018 17:00:00","BZN|DK1","471.00","n/e"," ","429.02"
"04/02/2018 17:00:00 - 04/02/2018 18:00:00","BZN|DK1","476.17","n/e"," ","437.60"
"04/02/2018 18:00:00 - 04/02/2018 19:00:00","BZN|DK1","467.17","n/e"," ","424.70"
"04/02/2018 19:00:00 - 04/02/2018 20:00:00","BZN|DK1","441.96","n/e"," ","406.58"
"04/02/2018 20:00:00 - 04/02/2018 21:00:00","BZN|DK1","408.00","n/e"," ","371.44"
"04/02/2018 21:00:00 - 04/02/2018 22:00:00","BZN|DK1","369.38","n/e"," ","313.66"
"04/02/2018 22:00:00 - 04/02/2018 23:00:00","BZN|DK1","337.63","n/e"," ","330.93"
"04/02/2018 23:00:00 - 05/02/2018 00:00:00","BZN|DK1","310.17","n/e"," ","366.92"
"05/02/2018 00:00:00 - 05/02/2018 01:00:00","BZN|DK1","281.05","n/e"," ","295.68"
"05/02/2018 01:00:00 - 05/02/2018 02:00:00","BZN|DK1","189.32","n/e"," ","189.17"
"05/02/2018 02:00:00 - 05/02/2018 03:00:00","BZN|DK1","127.65","n/e"," ","136.92"
"05/02/2018 03:00:00 - 05/02/2018 04:00:00","BZN|DK1","102.31","n/e"," ","106.89"
"05/02/2018 04:00:00 - 05/02/2018 05:00:00","BZN|DK1","92.97","n/e"," ","102.56"
"05/02/2018 05:00:00 - 05/02/2018 06:00:00","BZN|DK1","77.42","n/e"," ","82.96"
"05/02/2018 06:00:00 - 05/02/2018 07:00:00","BZN|DK1","85.81","n/e"," ","93.69"
"05/02/2018 07:00:00 - 05/02/2018 08:00:00","BZN|DK1","92.96","n/e"," ","92.69"
"05/02/2018 08:00:00 - 05/02/2018 09:00:00","BZN|DK1","67.28","n/e"," ","72.52"
"05/02/2018 09:00:00 - 05/02/2018 10:00:00","BZN|DK1","52.92","n/e"," ","66.67"
"05/02/2018 10:00:00 - 05/02/2018 11:00:00","BZN|DK1","41.33","n/e"," ","43.50"
"05/02/2018 11:00:00 - 05/02/2018 12:00:00","BZN|DK1","29.42","n/e"," ","23.61"
"05/02/2018 12:00:00 - 05/02/2018 13:00:00","BZN|DK1","20.75","n/e"," ","18.25"
"05/02/2018 13:00:00 - 05/02/2018 14:00:00","BZN|DK1","15.29","n/e"," ","12.59"
"05/02/2018 14:00:00 - 05/02/2018 15:00:00","BZN|DK1","11.25","n/e"," ","7.01"
"05/02/2018 15:00:00 - 05/02/2018 16:00:00","BZN|DK1","10.04","n/e"," ","3.23"
"05/02/2018 16:00:00 - 05/02/2018 17:00:00","BZN|DK1","9.04","n/e"," ","5.42"
"05/02/2018 17:00:00 - 05/02/2018 18:00:00","BZN|DK1","9.00","n/e"," ","2.26"
"05/02/2018 18:00:00 - 05/02/2018 19:00:00","BZN|DK1","9.00","n/e"," ","5.75"
"05/02/2018 19:00:00 - 05/02/2018 20:00:00","BZN|DK1","8.63","n/e"," ","18.05"
"05/02/2018 20:00:00 - 05/02/2018 21:00:00","BZN|DK1","8.96","n/e"," ","21.27"
"05/02/2018 21:00:00 - 05/02/2018 22:00:00","BZN|DK1","8.46","n/e"," ","18.46"
"05/02/2018 22:00:00 - 05/02/2018 23:00:00","BZN|DK1","8.96","n/e"," ","7.90"
"05/02/2018 23:00:00 - 06/02/2018 00:00:00","BZN|DK1","9.50","n/e"," ","5.03"
"06/02/2018 00:00:00 - 06/02/2018 01:00:00","BZN|DK1","4.07","n/e"," ","1.50"
"06/02/2018 01:00:00 - 06/02/2018 02:00:00","BZN|DK1","8.87","n/e"," ","7.81"
"06/02/2018 02:00:00 - 06/02/2018 03:00:00","BZN|DK1","15.87","n/e"," ","15.68"
"06/02/2018 03:00:00 - 06/02/2018 04:00:00","BZN|DK1","43.38","n/e"," ","43.60"
"06/02/2018 04:00:00 - 06/02/2018 05:00:00","BZN|DK1","40.69","n/e"," ","39.04"
"06/02/2018 05:00:00 - 06/02/2018 06:00:00","BZN|DK1","43.48","n/e"," ","40.89"
"06/02/2018 06:00:00 - 06/02/2018 07:00:00","BZN|DK1","64.67","n/e"," ","74.18"
"06/02/2018 07:00:00 - 06/02/2018 08:00:00","BZN|DK1","82.60","n/e"," ","83.08"
"06/02/2018 08:00:00 - 06/02/2018 09:00:00","BZN|DK1","54.92","n/e"," ","58.08"
"06/02/2018 09:00:00 - 06/02/2018 10:00:00","BZN|DK1","39.79","n/e"," ","26.09"
"06/02/2018 10:00:00 - 06/02/2018 11:00:00","BZN|DK1","40.83","n/e"," ","26.28"
"06/02/2018 11:00:00 - 06/02/2018 12:00:00","BZN|DK1","47.33","n/e"," ","33.36"
"06/02/2018 12:00:00 - 06/02/2018 13:00:00","BZN|DK1","52.29","n/e"," ","33.97"
"06/02/2018 13:00:00 - 06/02/2018 14:00:00","BZN|DK1","51.46","n/e"," ","41.47"
"06/02/2018 14:00:00 - 06/02/2018 15:00:00","BZN|DK1","45.96","n/e"," ","53.92"
"06/02/2018 15:00:00 - 06/02/2018 16:00:00","BZN|DK1","39.29","n/e"," ","71.92"
"06/02/2018 16:00:00 - 06/02/2018 17:00:00","BZN|DK1","30.13","n/e"," ","50.79"
"06/02/2018 17:00:00 - 06/02/2018 18:00:00","BZN|DK1","24.75","n/e"," ","34.34"
"06/02/2018 18:00:00 - 06/02/2018 19:00:00","BZN|DK1","25.04","n/e"," ","35.89"
"06/02/2018 19:00:00 - 06/02/2018 20:00:00","BZN|DK1","26.25","n/e"," ","38.73"
"06/02/2018 20:00:00 - 06/02/2018 21:00:00","BZN|DK1","30.92","n/e"," ","39.36"
"06/02/2018 21:00:00 - 06/02/2018 22:00:00","BZN|DK1","43.21","n/e"," ","44.78"
"06/02/2018 22:00:00 - 06/02/2018 23:00:00","BZN|DK1","59.88","n/e"," ","66.71"
"06/02/2018 23:00:00 - 07/02/2018 00:00:00","BZN|DK1","82.58","n/e"," ","87.67"
"07/02/2018 00:00:00 - 07/02/2018 01:00:00","BZN|DK1","98.40","n/e"," ","105.72"
"07/02/2018 01:00:00 - 07/02/2018 02:00:00","BZN|DK1","131.71","n/e"," ","139.37"
"07/02/2018 02:00:00 - 07/02/2018 03:00:00","BZN|DK1","120.50","n/e"," ","131.22"
"07/02/2018 03:00:00 - 07/02/2018 04:00:00","BZN|DK1","110.29","n/e"," ","114.98"
"07/02/2018 04:00:00 - 07/02/2018 05:00:00","BZN|DK1","112.68","n/e"," ","123.53"
"07/02/2018 05:00:00 - 07/02/2018 06:00:00","BZN|DK1","151.65","n/e"," ","162.24"
"07/02/2018 06:00:00 - 07/02/2018 07:00:00","BZN|DK1","129.83","n/e"," ","142.26"
"07/02/2018 07:00:00 - 07/02/2018 08:00:00","BZN|DK1","154.59","n/e"," ","160.16"
"07/02/2018 08:00:00 - 07/02/2018 09:00:00","BZN|DK1","191.38","n/e"," ","240.29"
"07/02/2018 09:00:00 - 07/02/2018 10:00:00","BZN|DK1","219.13","n/e"," ","339.80"
"07/02/2018 10:00:00 - 07/02/2018 11:00:00","BZN|DK1","231.42","n/e"," ","368.23"
"07/02/2018 11:00:00 - 07/02/2018 12:00:00","BZN|DK1","233.21","n/e"," ","334.57"
"07/02/2018 12:00:00 - 07/02/2018 13:00:00","BZN|DK1","242.04","n/e"," ","298.61"
"07/02/2018 13:00:00 - 07/02/2018 14:00:00","BZN|DK1","258.25","n/e"," ","247.35"
"07/02/2018 14:00:00 - 07/02/2018 15:00:00","BZN|DK1","279.63","n/e"," ","275.31"
"07/02/2018 15:00:00 - 07/02/2018 16:00:00","BZN|DK1","296.92","n/e"," ","316.30"
"07/02/2018 16:00:00 - 07/02/2018 17:00:00","BZN|DK1","325.71","n/e"," ","303.14"
"07/02/2018 17:00:00 - 07/02/2018 18:00:00","BZN|DK1","365.00","n/e"," ","342.56"
"07/02/2018 18:00:00 - 07/02/2018 19:00:00","BZN|DK1","393.92","n/e"," ","365.10"
"07/02/2018 19:00:00 - 07/02/2018 20:00:00","BZN|DK1","386.46","n/e"," ","438.20"
"07/02/2018 20:00:00 - 07/02/2018 21:00:00","BZN|DK1","362.63","n/e"," ","481.31"
"07/02/2018 21:00:00 - 07/02/2018 22:00:00","BZN|DK1","344.04","n/e"," ","503.72"
"07/02/2018 22:00:00 - 07/02/2018 23:00:00","BZN|DK1","329.04","n/e"," ","505.16"
"07/02/2018 23:00:00 - 08/02/2018 00:00:00","BZN|DK1","310.13","n/e"," ","443.16"
"08/02/2018 00:00:00 - 08/02/2018 01:00:00","BZN|DK1","393.74","n/e"," ","411.15"
"08/02/2018 01:00:00 - 08/02/2018 02:00:00","BZN|DK1","414.43","n/e"," ","424.26"
"08/02/2018 02:00:00 - 08/02/2018 03:00:00","BZN|DK1","368.74","n/e"," ","383.85"
"08/02/2018 03:00:00 - 08/02/2018 04:00:00","BZN|DK1","379.96","n/e"," ","399.84"
"08/02/2018 04:00:00 - 08/02/2018 05:00:00","BZN|DK1","444.97","n/e"," ","465.50"
"08/02/2018 05:00:00 - 08/02/2018 06:00:00","BZN|DK1","466.98","n/e"," ","485.58"
"08/02/2018 06:00:00 - 08/02/2018 07:00:00","BZN|DK1","463.89","n/e"," ","486.04"
"08/02/2018 07:00:00 - 08/02/2018 08:00:00","BZN|DK1","510.28","n/e"," ","531.20"
"08/02/2018 08:00:00 - 08/02/2018 09:00:00","BZN|DK1","497.08","n/e"," ","503.35"
"08/02/2018 09:00:00 - 08/02/2018 10:00:00","BZN|DK1","473.00","n/e"," ","519.15"
"08/02/2018 10:00:00 - 08/02/2018 11:00:00","BZN|DK1","449.63","n/e"," ","470.44"
"08/02/2018 11:00:00 - 08/02/2018 12:00:00","BZN|DK1","448.67","n/e"," ","463.96"
"08/02/2018 12:00:00 - 08/02/2018 13:00:00","BZN|DK1","470.46","n/e"," ","473.49"
"08/02/2018 13:00:00 - 08/02/2018 14:00:00","BZN|DK1","506.54","n/e"," ","482.63"
"08/02/2018 14:00:00 - 08/02/2018 15:00:00","BZN|DK1","550.54","n/e"," ","576.19"
"08/02/2018 15:00:00 - 08/02/2018 16:00:00","BZN|DK1","588.54","n/e"," ","630.83"
"08/02/2018 16:00:00 - 08/02/2018 17:00:00","BZN|DK1","609.17","n/e"," ","677.36"
"08/02/2018 17:00:00 - 08/02/2018 18:00:00","BZN|DK1","618.71","n/e"," ","669.50"
"08/02/2018 18:00:00 - 08/02/2018 19:00:00","BZN|DK1","633.63","n/e"," ","694.20"
"08/02/2018 19:00:00 - 08/02/2018 20:00:00","BZN|DK1","656.04","n/e"," ","712.77"
"08/02/2018 20:00:00 - 08/02/2018 21:00:00","BZN|DK1","676.04","n/e"," ","719.71"
"08/02/2018 21:00:00 - 08/02/2018 22:00:00","BZN|DK1","690.29","n/e"," ","741.21"
"08/02/2018 22:00:00 - 08/02/2018 23:00:00","BZN|DK1","696.38","n/e"," ","759.85"
"08/02/2018 23:00:00 - 09/02/2018 00:00:00","BZN|DK1","701.96","n/e"," ","766.16"
"09/02/2018 00:00:00 - 09/02/2018 01:00:00","BZN|DK1","733.43","n/e"," ","765.71"
"09/02/2018 01:00:00 - 09/02/2018 02:00:00","BZN|DK1","728.63","n/e"," ","757.32"
"09/02/2018 02:00:00 - 09/02/2018 03:00:00","BZN|DK1","720.60","n/e"," ","752.51"
"09/02/2018 03:00:00 - 09/02/2018 04:00:00","BZN|DK1","720.19","n/e"," ","745.92"
"09/02/2018 04:00:00 - 09/02/2018 05:00:00","BZN|DK1","719.14","n/e"," ","749.65"
"09/02/2018 05:00:00 - 09/02/2018 06:00:00","BZN|DK1","717.27","n/e"," ","744.67"
"09/02/2018 06:00:00 - 09/02/2018 07:00:00","BZN|DK1","717.71","n/e"," ","752.45"
"09/02/2018 07:00:00 - 09/02/2018 08:00:00","BZN|DK1","722.57","n/e"," ","763.43"
"09/02/2018 08:00:00 - 09/02/2018 09:00:00","BZN|DK1","711.20","n/e"," ","758.33"
"09/02/2018 09:00:00 - 09/02/2018 10:00:00","BZN|DK1","709.04","n/e"," ","747.18"
"09/02/2018 10:00:00 - 09/02/2018 11:00:00","BZN|DK1","726.63","n/e"," ","756.06"
"09/02/2018 11:00:00 - 09/02/2018 12:00:00","BZN|DK1","722.92","n/e"," ","760.32"
"09/02/2018 12:00:00 - 09/02/2018 13:00:00","BZN|DK1","710.25","n/e"," ","764.10"
"09/02/2018 13:00:00 - 09/02/2018 14:00:00","BZN|DK1","692.75","n/e"," ","739.68"
"09/02/2018 14:00:00 - 09/02/2018 15:00:00","BZN|DK1","671.38","n/e"," ","700.95"
"09/02/2018 15:00:00 - 09/02/2018 16:00:00","BZN|DK1","653.75","n/e"," ","677.63"
"09/02/2018 16:00:00 - 09/02/2018 17:00:00","BZN|DK1","649.58","n/e"," ","630.98"
"09/02/2018 17:00:00 - 09/02/2018 18:00:00","BZN|DK1","648.71","n/e"," ","647.43"
"09/02/2018 18:00:00 - 09/02/2018 19:00:00","BZN|DK1","642.08","n/e"," ","686.32"
"09/02/2018 19:00:00 - 09/02/2018 20:00:00","BZN|DK1","617.42","n/e"," ","726.30"
"09/02/2018 20:00:00 - 09/02/2018 21:00:00","BZN|DK1","580.17","n/e"," ","728.48"
"09/02/2018 21:00:00 - 09/02/2018 22:00:00","BZN|DK1","525.63","n/e"," ","724.08"
"09/02/2018 22:00:00 - 09/02/2018 23:00:00","BZN|DK1","464.33","n/e"," ","691.32"
"09/02/2018 23:00:00 - 10/02/2018 00:00:00","BZN|DK1","402.04","n/e"," ","662.53"
"10/02/2018 00:00:00 - 10/02/2018 01:00:00","BZN|DK1","591.06","n/e"," ","612.26"
"10/02/2018 01:00:00 - 10/02/2018 02:00:00","BZN|DK1","525.73","n/e"," ","544.91"
"10/02/2018 02:00:00 - 10/02/2018 03:00:00","BZN|DK1","472.44","n/e"," ","482.76"
"10/02/2018 03:00:00 - 10/02/2018 04:00:00","BZN|DK1","377.73","n/e"," ","390.62"
"10/02/2018 04:00:00 - 10/02/2018 05:00:00","BZN|DK1","337.20","n/e"," ","348.70"
"10/02/2018 05:00:00 - 10/02/2018 06:00:00","BZN|DK1","358.23","n/e"," ","378.50"
"10/02/2018 06:00:00 - 10/02/2018 07:00:00","BZN|DK1","373.25","n/e"," ","385.43"
"10/02/2018 07:00:00 - 10/02/2018 08:00:00","BZN|DK1","426.22","n/e"," ","438.95"
"10/02/2018 08:00:00 - 10/02/2018 09:00:00","BZN|DK1","457.19","n/e"," ","500.46"
"10/02/2018 09:00:00 - 10/02/2018 10:00:00","BZN|DK1","467.83","n/e"," ","533.34"
"10/02/2018 10:00:00 - 10/02/2018 11:00:00","BZN|DK1","464.88","n/e"," ","534.48"
"10/02/2018 11:00:00 - 10/02/2018 12:00:00","BZN|DK1","453.25","n/e"," ","527.07"
"10/02/2018 12:00:00 - 10/02/2018 13:00:00","BZN|DK1","453.79","n/e"," ","481.49"
"10/02/2018 13:00:00 - 10/02/2018 14:00:00","BZN|DK1","449.46","n/e"," ","388.35"
"10/02/2018 14:00:00 - 10/02/2018 15:00:00","BZN|DK1","449.00","n/e"," ","452.41"
"10/02/2018 15:00:00 - 10/02/2018 16:00:00","BZN|DK1","454.17","n/e"," ","450.09"
"10/02/2018 16:00:00 - 10/02/2018 17:00:00","BZN|DK1","473.25","n/e"," ","506.32"
"10/02/2018 17:00:00 - 10/02/2018 18:00:00","BZN|DK1","507.79","n/e"," ","557.90"
"10/02/2018 18:00:00 - 10/02/2018 19:00:00","BZN|DK1","549.38","n/e"," ","591.97"
"10/02/2018 19:00:00 - 10/02/2018 20:00:00","BZN|DK1","603.67","n/e"," ","648.01"
"10/02/2018 20:00:00 - 10/02/2018 21:00:00","BZN|DK1","657.29","n/e"," ","702.03"
"10/02/2018 21:00:00 - 10/02/2018 22:00:00","BZN|DK1","704.79","n/e"," ","726.71"
"10/02/2018 22:00:00 - 10/02/2018 23:00:00","BZN|DK1","736.17","n/e"," ","729.69"
"10/02/2018 23:00:00 - 11/02/2018 00:00:00","BZN|DK1","752.96","n/e"," ","718.05"
"11/02/2018 00:00:00 - 11/02/2018 01:00:00","BZN|DK1","695.54","n/e"," ","718.74"
"11/02/2018 01:00:00 - 11/02/2018 02:00:00","BZN|DK1","665.25","n/e"," ","717.42"
"11/02/2018 02:00:00 - 11/02/2018 03:00:00","BZN|DK1","684.88","n/e"," ","740.89"
"11/02/2018 03:00:00 - 11/02/2018 04:00:00","BZN|DK1","713.92","n/e"," ","766.60"
"11/02/2018 04:00:00 - 11/02/2018 05:00:00","BZN|DK1","733.00","n/e"," ","787.73"
"11/02/2018 05:00:00 - 11/02/2018 06:00:00","BZN|DK1","734.92","n/e"," ","790.11"
"11/02/2018 06:00:00 - 11/02/2018 07:00:00","BZN|DK1","367.46","n/e"," ","413.74"
"11/02/2018 07:00:00 - 11/02/2018 08:00:00","BZN|DK1","348.53","n/e"," ","410.04"
"11/02/2018 08:00:00 - 11/02/2018 09:00:00","BZN|DK1","717.15","n/e"," ","789.79"
"11/02/2018 09:00:00 - 11/02/2018 10:00:00","BZN|DK1","734.21","n/e"," ","793.77"
"11/02/2018 10:00:00 - 11/02/2018 11:00:00","BZN|DK1","733.17","n/e"," ","791.76"
"11/02/2018 11:00:00 - 11/02/2018 12:00:00","BZN|DK1","725.33","n/e"," ","790.15"
"11/02/2018 12:00:00 - 11/02/2018 13:00:00","BZN|DK1","716.58","n/e"," ","791.69"
"11/02/2018 13:00:00 - 11/02/2018 14:00:00","BZN|DK1","711.67","n/e"," ","786.20"
"11/02/2018 14:00:00 - 11/02/2018 15:00:00","BZN|DK1","704.63","n/e"," ","711.63"
"11/02/2018 15:00:00 - 11/02/2018 16:00:00","BZN|DK1","686.96","n/e"," ","619.73"
"11/02/2018 16:00:00 - 11/02/2018 17:00:00","BZN|DK1","679.13","n/e"," ","609.84"
"11/02/2018 17:00:00 - 11/02/2018 18:00:00","BZN|DK1","686.71","n/e"," ","570.33"
"11/02/2018 18:00:00 - 11/02/2018 19:00:00","BZN|DK1","692.54","n/e"," ","555.34"
"11/02/2018 19:00:00 - 11/02/2018 20:00:00","BZN|DK1","690.08","n/e"," ","501.34"
"11/02/2018 20:00:00 - 11/02/2018 21:00:00","BZN|DK1","688.29","n/e"," ","430.11"
"11/02/2018 21:00:00 - 11/02/2018 22:00:00","BZN|DK1","691.79","n/e"," ","469.95"
"11/02/2018 22:00:00 - 11/02/2018 23:00:00","BZN|DK1","714.13","n/e"," ","546.02"
"11/02/2018 23:00:00 - 12/02/2018 00:00:00","BZN|DK1","729.13","n/e"," ","562.73"
"12/02/2018 00:00:00 - 12/02/2018 01:00:00","BZN|DK1","562.66","n/e"," ","602.58"
"12/02/2018 01:00:00 - 12/02/2018 02:00:00","BZN|DK1","638.85","n/e"," ","701.47"
"12/02/2018 02:00:00 - 12/02/2018 03:00:00","BZN|DK1","718.22","n/e"," ","753.49"
"12/02/2018 03:00:00 - 12/02/2018 04:00:00","BZN|DK1","716.63","n/e"," ","753.91"
"12/02/2018 04:00:00 - 12/02/2018 05:00:00","BZN|DK1","718.93","n/e"," ","754.35"
"12/02/2018 05:00:00 - 12/02/2018 06:00:00","BZN|DK1","718.94","n/e"," ","755.50"
"12/02/2018 06:00:00 - 12/02/2018 07:00:00","BZN|DK1","718.75","n/e"," ","757.29"
"12/02/2018 07:00:00 - 12/02/2018 08:00:00","BZN|DK1","717.60","n/e"," ","758.44"
"12/02/2018 08:00:00 - 12/02/2018 09:00:00","BZN|DK1","722.39","n/e"," ","762.27"
"12/02/2018 09:00:00 - 12/02/2018 10:00:00","BZN|DK1","725.83","n/e"," ","761.12"
"12/02/2018 10:00:00 - 12/02/2018 11:00:00","BZN|DK1","728.83","n/e"," ","760.62"
"12/02/2018 11:00:00 - 12/02/2018 12:00:00","BZN|DK1","729.75","n/e"," ","760.34"
"12/02/2018 12:00:00 - 12/02/2018 13:00:00","BZN|DK1","729.75","n/e"," ","731.19"
"12/02/2018 13:00:00 - 12/02/2018 14:00:00","BZN|DK1","726.92","n/e"," ","629.14"
"12/02/2018 14:00:00 - 12/02/2018 15:00:00","BZN|DK1","716.54","n/e"," ","658.26"
"12/02/2018 15:00:00 - 12/02/2018 16:00:00","BZN|DK1","688.13","n/e"," ","730.73"
"12/02/2018 16:00:00 - 12/02/2018 17:00:00","BZN|DK1","646.83","n/e"," ","710.16"
"12/02/2018 17:00:00 - 12/02/2018 18:00:00","BZN|DK1","620.46","n/e"," ","666.87"
"12/02/2018 18:00:00 - 12/02/2018 19:00:00","BZN|DK1","597.21","n/e"," ","679.29"
"12/02/2018 19:00:00 - 12/02/2018 20:00:00","BZN|DK1","585.29","n/e"," ","682.25"
"12/02/2018 20:00:00 - 12/02/2018 21:00:00","BZN|DK1","576.42","n/e"," ","656.49"
"12/02/2018 21:00:00 - 12/02/2018 22:00:00","BZN|DK1","572.21","n/e"," ","660.11"
"12/02/2018 22:00:00 - 12/02/2018 23:00:00","BZN|DK1","557.58","n/e"," ","589.76"
"12/02/2018 23:00:00 - 13/02/2018 00:00:00","BZN|DK1","532.38","n/e"," ","629.42"
"13/02/2018 00:00:00 - 13/02/2018 01:00:00","BZN|DK1","613.25","n/e"," ","645.57"
"13/02/2018 01:00:00 - 13/02/2018 02:00:00","BZN|DK1","552.57","n/e"," ","598.95"
"13/02/2018 02:00:00 - 13/02/2018 03:00:00","BZN|DK1","426.97","n/e"," ","453.14"
"13/02/2018 03:00:00 - 13/02/2018 04:00:00","BZN|DK1","439.94","n/e"," ","451.05"
"13/02/2018 04:00:00 - 13/02/2018 05:00:00","BZN|DK1","376.48","n/e"," ","403.41"
"13/02/2018 05:00:00 - 13/02/2018 06:00:00","BZN|DK1","418.00","n/e"," ","419.97"
"13/02/2018 06:00:00 - 13/02/2018 07:00:00","BZN|DK1","249.18","n/e"," ","250.29"
"13/02/2018 07:00:00 - 13/02/2018 08:00:00","BZN|DK1","237.74","n/e"," ","257.56"
"13/02/2018 08:00:00 - 13/02/2018 09:00:00","BZN|DK1","280.10","n/e"," ","266.86"
"13/02/2018 09:00:00 - 13/02/2018 10:00:00","BZN|DK1","296.13","n/e"," ","317.58"
"13/02/2018 10:00:00 - 13/02/2018 11:00:00","BZN|DK1","305.00","n/e"," ","326.18"
"13/02/2018 11:00:00 - 13/02/2018 12:00:00","BZN|DK1","322.54","n/e"," ","366.31"
"13/02/2018 12:00:00 - 13/02/2018 13:00:00","BZN|DK1","335.54","n/e"," ","433.12"
"13/02/2018 13:00:00 - 13/02/2018 14:00:00","BZN|DK1","347.33","n/e"," ","384.23"
"13/02/2018 14:00:00 - 13/02/2018 15:00:00","BZN|DK1","363.63","n/e"," ","340.58"
"13/02/2018 15:00:00 - 13/02/2018 16:00:00","BZN|DK1","371.92","n/e"," ","332.82"
"13/02/2018 16:00:00 - 13/02/2018 17:00:00","BZN|DK1","380.46","n/e"," ","343.98"
"13/02/2018 17:00:00 - 13/02/2018 18:00:00","BZN|DK1","395.46","n/e"," ","340.45"
"13/02/2018 18:00:00 - 13/02/2018 19:00:00","BZN|DK1","405.75","n/e"," ","284.30"
"13/02/2018 19:00:00 - 13/02/2018 20:00:00","BZN|DK1","413.88","n/e"," ","328.19"
"13/02/2018 20:00:00 - 13/02/2018 21:00:00","BZN|DK1","421.08","n/e"," ","414.63"
"13/02/2018 21:00:00 - 13/02/2018 22:00:00","BZN|DK1","417.29","n/e"," ","399.02"
"13/02/2018 22:00:00 - 13/02/2018 23:00:00","BZN|DK1","394.92","n/e"," ","354.16"
"13/02/2018 23:00:00 - 14/02/2018 00:00:00","BZN|DK1","361.92","n/e"," ","331.96"
"14/02/2018 00:00:00 - 14/02/2018 01:00:00","BZN|DK1","317.38","n/e"," ","322.68"
"14/02/2018 01:00:00 - 14/02/2018 02:00:00","BZN|DK1","269.50","n/e"," ","275.46"
"14/02/2018 02:00:00 - 14/02/2018 03:00:00","BZN|DK1","273.13","n/e"," ","286.01"
"14/02/2018 03:00:00 - 14/02/2018 04:00:00","BZN|DK1","243.96","n/e"," ","243.67"
"14/02/2018 04:00:00 - 14/02/2018 05:00:00","BZN|DK1","209.88","n/e"," ","211.67"
"14/02/2018 05:00:00 - 14/02/2018 06:00:00","BZN|DK1","200.92","n/e"," ","206.14"
"14/02/2018 06:00:00 - 14/02/2018 07:00:00","BZN|DK1","231.27","n/e"," ","234.09"
"14/02/2018 07:00:00 - 14/02/2018 08:00:00","BZN|DK1","272.60","n/e"," ","271.99"
"14/02/2018 08:00:00 - 14/02/2018 09:00:00","BZN|DK1","326.67","n/e"," ","336.24"
"14/02/2018 09:00:00 - 14/02/2018 10:00:00","BZN|DK1","379.58","n/e"," ","388.05"
"14/02/2018 10:00:00 - 14/02/2018 11:00:00","BZN|DK1","420.50","n/e"," ","408.85"
"14/02/2018 11:00:00 - 14/02/2018 12:00:00","BZN|DK1","446.17","n/e"," ","447.59"
"14/02/2018 12:00:00 - 14/02/2018 13:00:00","BZN|DK1","465.88","n/e"," ","478.29"
"14/02/2018 13:00:00 - 14/02/2018 14:00:00","BZN|DK1","493.42","n/e"," ","482.12"
"14/02/2018 14:00:00 - 14/02/2018 15:00:00","BZN|DK1","530.50","n/e"," ","515.45"
"14/02/2018 15:00:00 - 14/02/2018 16:00:00","BZN|DK1","573.83","n/e"," ","594.63"
"14/02/2018 16:00:00 - 14/02/2018 17:00:00","BZN|DK1","619.54","n/e"," ","582.10"
"14/02/2018 17:00:00 - 14/02/2018 18:00:00","BZN|DK1","665.71","n/e"," ","579.14"
"14/02/2018 18:00:00 - 14/02/2018 19:00:00","BZN|DK1","696.42","n/e"," ","672.25"
"14/02/2018 19:00:00 - 14/02/2018 20:00:00","BZN|DK1","712.54","n/e"," ","757.69"
"14/02/2018 20:00:00 - 14/02/2018 21:00:00","BZN|DK1","718.63","n/e"," ","779.50"
"14/02/2018 21:00:00 - 14/02/2018 22:00:00","BZN|DK1","721.96","n/e"," ","777.84"
"14/02/2018 22:00:00 - 14/02/2018 23:00:00","BZN|DK1","724.42","n/e"," ","759.17"
"14/02/2018 23:00:00 - 15/02/2018 00:00:00","BZN|DK1","725.00","n/e"," ","773.17"
"15/02/2018 00:00:00 - 15/02/2018 01:00:00","BZN|DK1","717.39","n/e"," ","772.80"
"15/02/2018 01:00:00 - 15/02/2018 02:00:00","BZN|DK1","715.65","n/e"," ","755.45"
"15/02/2018 02:00:00 - 15/02/2018 03:00:00","BZN|DK1","713.35","n/e"," ","749.80"
"15/02/2018 03:00:00 - 15/02/2018 04:00:00","BZN|DK1","713.19","n/e"," ","751.53"
"15/02/2018 04:00:00 - 15/02/2018 05:00:00","BZN|DK1","713.09","n/e"," ","749.58"
"15/02/2018 05:00:00 - 15/02/2018 06:00:00","BZN|DK1","713.37","n/e"," ","751.65"
"15/02/2018 06:00:00 - 15/02/2018 07:00:00","BZN|DK1","716.08","n/e"," ","754.84"
"15/02/2018 07:00:00 - 15/02/2018 08:00:00","BZN|DK1","716.67","n/e"," ","770.39"
"15/02/2018 08:00:00 - 15/02/2018 09:00:00","BZN|DK1","720.33","n/e"," ","765.18"
"15/02/2018 09:00:00 - 15/02/2018 10:00:00","BZN|DK1","722.40","n/e"," ","765.21"
"15/02/2018 10:00:00 - 15/02/2018 11:00:00","BZN|DK1","723.66","n/e"," ","774.64"
"15/02/2018 11:00:00 - 15/02/2018 12:00:00","BZN|DK1","724.49","n/e"," ","752.62"
"15/02/2018 12:00:00 - 15/02/2018 13:00:00","BZN|DK1","724.70","n/e"," ","755.51"
"15/02/2018 13:00:00 - 15/02/2018 14:00:00","BZN|DK1","724.74","n/e"," ","754.72"
"15/02/2018 14:00:00 - 15/02/2018 15:00:00","BZN|DK1","725.70","n/e"," ","752.79"
"15/02/2018 15:00:00 - 15/02/2018 16:00:00","BZN|DK1","724.12","n/e"," ","748.39"
"15/02/2018 16:00:00 - 15/02/2018 17:00:00","BZN|DK1","720.45","n/e"," ","744.16"
"15/02/2018 17:00:00 - 15/02/2018 18:00:00","BZN|DK1","712.58","n/e"," ","724.52"
"15/02/2018 18:00:00 - 15/02/2018 19:00:00","BZN|DK1","716.03","n/e"," ","688.06"
"15/02/2018 19:00:00 - 15/02/2018 20:00:00","BZN|DK1","720.37","n/e"," ","674.74"
"15/02/2018 20:00:00 - 15/02/2018 21:00:00","BZN|DK1","720.24","n/e"," ","690.85"
"15/02/2018 21:00:00 - 15/02/2018 22:00:00","BZN|DK1","717.16","n/e"," ","609.86"
"15/02/2018 22:00:00 - 15/02/2018 23:00:00","BZN|DK1","702.99","n/e"," ","606.03"
"15/02/2018 23:00:00 - 16/02/2018 00:00:00","BZN|DK1","660.66","n/e"," ","571.12"
"16/02/2018 00:00:00 - 16/02/2018 01:00:00","BZN|DK1","471.30","n/e"," ","470.36"
"16/02/2018 01:00:00 - 16/02/2018 02:00:00","BZN|DK1","454.39","n/e"," ","463.94"
"16/02/2018 02:00:00 - 16/02/2018 03:00:00","BZN|DK1","427.27","n/e"," ","443.85"
"16/02/2018 03:00:00 - 16/02/2018 04:00:00","BZN|DK1","429.78","n/e"," ","469.53"
"16/02/2018 04:00:00 - 16/02/2018 05:00:00","BZN|DK1","519.88","n/e"," ","555.34"
"16/02/2018 05:00:00 - 16/02/2018 06:00:00","BZN|DK1","517.61","n/e"," ","540.68"
"16/02/2018 06:00:00 - 16/02/2018 07:00:00","BZN|DK1","482.73","n/e"," ","518.78"
"16/02/2018 07:00:00 - 16/02/2018 08:00:00","BZN|DK1","559.47","n/e"," ","605.16"
"16/02/2018 08:00:00 - 16/02/2018 09:00:00","BZN|DK1","562.02","n/e"," ","704.53"
"16/02/2018 09:00:00 - 16/02/2018 10:00:00","BZN|DK1","520.33","n/e"," ","681.97"
"16/02/2018 10:00:00 - 16/02/2018 11:00:00","BZN|DK1","479.29","n/e"," ","538.74"
"16/02/2018 11:00:00 - 16/02/2018 12:00:00","BZN|DK1","504.50","n/e"," ","539.91"
"16/02/2018 12:00:00 - 16/02/2018 13:00:00","BZN|DK1","552.29","n/e"," ","504.91"
"16/02/2018 13:00:00 - 16/02/2018 14:00:00","BZN|DK1","569.63","n/e"," ","592.64"
"16/02/2018 14:00:00 - 16/02/2018 15:00:00","BZN|DK1","561.58","n/e"," ","642.81"
"16/02/2018 15:00:00 - 16/02/2018 16:00:00","BZN|DK1","542.25","n/e"," ","557.30"
"16/02/2018 16:00:00 - 16/02/2018 17:00:00","BZN|DK1","508.96","n/e"," ","447.44"
"16/02/2018 17:00:00 - 16/02/2018 18:00:00","BZN|DK1","450.33","n/e"," ","432.15"
"16/02/2018 18:00:00 - 16/02/2018 19:00:00","BZN|DK1","386.96","n/e"," ","446.20"
"16/02/2018 19:00:00 - 16/02/2018 20:00:00","BZN|DK1","335.33","n/e"," ","447.70"
"16/02/2018 20:00:00 - 16/02/2018 21:00:00","BZN|DK1","291.00","n/e"," ","364.42"
"16/02/2018 21:00:00 - 16/02/2018 22:00:00","BZN|DK1","250.33","n/e"," ","288.35"
"16/02/2018 22:00:00 - 16/02/2018 23:00:00","BZN|DK1","206.54","n/e"," ","199.65"
"16/02/2018 23:00:00 - 17/02/2018 00:00:00","BZN|DK1","169.42","n/e"," ","141.07"
"17/02/2018 00:00:00 - 17/02/2018 01:00:00","BZN|DK1","86.40","n/e"," ","93.59"
"17/02/2018 01:00:00 - 17/02/2018 02:00:00","BZN|DK1","58.23","n/e"," ","70.22"
"17/02/2018 02:00:00 - 17/02/2018 03:00:00","BZN|DK1","30.99","n/e"," ","47.51"
"17/02/2018 03:00:00 - 17/02/2018 04:00:00","BZN|DK1","19.73","n/e"," ","27.59"
"17/02/2018 04:00:00 - 17/02/2018 05:00:00","BZN|DK1","25.60","n/e"," ","32.48"
"17/02/2018 05:00:00 - 17/02/2018 06:00:00","BZN|DK1","36.66","n/e"," ","43.30"
"17/02/2018 06:00:00 - 17/02/2018 07:00:00","BZN|DK1","23.50","n/e"," ","20.70"
"17/02/2018 07:00:00 - 17/02/2018 08:00:00","BZN|DK1","4.80","n/e"," ","4.73"
"17/02/2018 08:00:00 - 17/02/2018 09:00:00","BZN|DK1","8.04","n/e"," ","1.54"
"17/02/2018 09:00:00 - 17/02/2018 10:00:00","BZN|DK1","9.13","n/e"," ","10.75"
"17/02/2018 10:00:00 - 17/02/2018 11:00:00","BZN|DK1","6.88","n/e"," ","13.42"
"17/02/2018 11:00:00 - 17/02/2018 12:00:00","BZN|DK1","6.00","n/e"," ","6.06"
"17/02/2018 12:00:00 - 17/02/2018 13:00:00","BZN|DK1","5.17","n/e"," ","7.94"
"17/02/2018 13:00:00 - 17/02/2018 14:00:00","BZN|DK1","7.17","n/e"," ","6.71"
"17/02/2018 14:00:00 - 17/02/2018 15:00:00","BZN|DK1","8.67","n/e"," ","6.56"
"17/02/2018 15:00:00 - 17/02/2018 16:00:00","BZN|DK1","10.75","n/e"," ","9.61"
"17/02/2018 16:00:00 - 17/02/2018 17:00:00","BZN|DK1","13.71","n/e"," ","10.98"
"17/02/2018 17:00:00 - 17/02/2018 18:00:00","BZN|DK1","25.46","n/e"," ","17.54"
"17/02/2018 18:00:00 - 17/02/2018 19:00:00","BZN|DK1","31.38","n/e"," ","27.14"
"17/02/2018 19:00:00 - 17/02/2018 20:00:00","BZN|DK1","40.83","n/e"," ","47.40"
"17/02/2018 20:00:00 - 17/02/2018 21:00:00","BZN|DK1","54.54","n/e"," ","68.64"
"17/02/2018 21:00:00 - 17/02/2018 22:00:00","BZN|DK1","68.17","n/e"," ","73.31"
"17/02/2018 22:00:00 - 17/02/2018 23:00:00","BZN|DK1","84.42","n/e"," ","95.76"
"17/02/2018 23:00:00 - 18/02/2018 00:00:00","BZN|DK1","100.88","n/e"," ","137.96"
"18/02/2018 00:00:00 - 18/02/2018 01:00:00","BZN|DK1","183.95","n/e"," ","189.87"
"18/02/2018 01:00:00 - 18/02/2018 02:00:00","BZN|DK1","202.88","n/e"," ","208.62"
"18/02/2018 02:00:00 - 18/02/2018 03:00:00","BZN|DK1","190.09","n/e"," ","197.13"
"18/02/2018 03:00:00 - 18/02/2018 04:00:00","BZN|DK1","185.74","n/e"," ","203.09"
"18/02/2018 04:00:00 - 18/02/2018 05:00:00","BZN|DK1","222.23","n/e"," ","236.67"
"18/02/2018 05:00:00 - 18/02/2018 06:00:00","BZN|DK1","237.43","n/e"," ","250.47"
"18/02/2018 06:00:00 - 18/02/2018 07:00:00","BZN|DK1","228.34","n/e"," ","244.59"
"18/02/2018 07:00:00 - 18/02/2018 08:00:00","BZN|DK1","253.55","n/e"," ","276.52"
"18/02/2018 08:00:00 - 18/02/2018 09:00:00","BZN|DK1","279.04","n/e"," ","314.31"
"18/02/2018 09:00:00 - 18/02/2018 10:00:00","BZN|DK1","296.38","n/e"," ","359.14"
"18/02/2018 10:00:00 - 18/02/2018 11:00:00","BZN|DK1","309.71","n/e"," ","420.26"
"18/02/2018 11:00:00 - 18/02/2018 12:00:00","BZN|DK1","332.67","n/e"," ","527.46"
"18/02/2018 12:00:00 - 18/02/2018 13:00:00","BZN|DK1","351.54","n/e"," ","529.21"
"18/02/2018 13:00:00 - 18/02/2018 14:00:00","BZN|DK1","354.17","n/e"," ","427.62"
"18/02/2018 14:00:00 - 18/02/2018 15:00:00","BZN|DK1","348.71","n/e"," ","353.96"
"18/02/2018 15:00:00 - 18/02/2018 16:00:00","BZN|DK1","332.04","n/e"," ","374.05"
"18/02/2018 16:00:00 - 18/02/2018 17:00:00","BZN|DK1","309.08","n/e"," ","379.84"
"18/02/2018 17:00:00 - 18/02/2018 18:00:00","BZN|DK1","293.29","n/e"," ","407.78"
"18/02/2018 18:00:00 - 18/02/2018 19:00:00","BZN|DK1","278.88","n/e"," ","414.76"
"18/02/2018 19:00:00 - 18/02/2018 20:00:00","BZN|DK1","266.83","n/e"," ","378.45"
"18/02/2018 20:00:00 - 18/02/2018 21:00:00","BZN|DK1","249.71","n/e"," ","352.52"
"18/02/2018 21:00:00 - 18/02/2018 22:00:00","BZN|DK1","230.75","n/e"," ","311.14"
"18/02/2018 22:00:00 - 18/02/2018 23:00:00","BZN|DK1","205.79","n/e"," ","259.24"
"18/02/2018 23:00:00 - 19/02/2018 00:00:00","BZN|DK1","180.96","n/e"," ","235.80"
"19/02/2018 00:00:00 - 19/02/2018 01:00:00","BZN|DK1","180.68","n/e"," ","189.19"
"19/02/2018 01:00:00 - 19/02/2018 02:00:00","BZN|DK1","137.09","n/e"," ","142.60"
"19/02/2018 02:00:00 - 19/02/2018 03:00:00","BZN|DK1","94.11","n/e"," ","96.68"
"19/02/2018 03:00:00 - 19/02/2018 04:00:00","BZN|DK1","78.54","n/e"," ","82.88"
"19/02/2018 04:00:00 - 19/02/2018 05:00:00","BZN|DK1","61.61","n/e"," ","61.60"
"19/02/2018 05:00:00 - 19/02/2018 06:00:00","BZN|DK1","37.40","n/e"," ","37.62"
"19/02/2018 06:00:00 - 19/02/2018 07:00:00","BZN|DK1","42.74","n/e"," ","47.03"
"19/02/2018 07:00:00 - 19/02/2018 08:00:00","BZN|DK1","44.75","n/e"," ","45.30"
"19/02/2018 08:00:00 - 19/02/2018 09:00:00","BZN|DK1","40.66","n/e"," ","49.18"
"19/02/2018 09:00:00 - 19/02/2018 10:00:00","BZN|DK1","33.42","n/e"," ","26.84"
"19/02/2018 10:00:00 - 19/02/2018 11:00:00","BZN|DK1","27.63","n/e"," ","24.56"
"19/02/2018 11:00:00 - 19/02/2018 12:00:00","BZN|DK1","26.50","n/e"," ","23.07"
"19/02/2018 12:00:00 - 19/02/2018 13:00:00","BZN|DK1","26.46","n/e"," ","23.55"
"19/02/2018 13:00:00 - 19/02/2018 14:00:00","BZN|DK1","23.96","n/e"," ","19.39"
"19/02/2018 14:00:00 - 19/02/2018 15:00:00","BZN|DK1","22.92","n/e"," ","12.06"
"19/02/2018 15:00:00 - 19/02/2018 16:00:00","BZN|DK1","27.75","n/e"," ","3.33"
"19/02/2018 16:00:00 - 19/02/2018 17:00:00","BZN|DK1","49.96","n/e"," ","5.14"
"19/02/2018 17:00:00 - 19/02/2018 18:00:00","BZN|DK1","91.21","n/e"," ","9.45"
"19/02/2018 18:00:00 - 19/02/2018 19:00:00","BZN|DK1","140.46","n/e"," ","65.69"
"19/02/2018 19:00:00 - 19/02/2018 20:00:00","BZN|DK1","183.92","n/e"," ","125.02"
"19/02/2018 20:00:00 - 19/02/2018 21:00:00","BZN|DK1","219.21","n/e"," ","199.44"
"19/02/2018 21:00:00 - 19/02/2018 22:00:00","BZN|DK1","249.63","n/e"," ","263.83"
"19/02/2018 22:00:00 - 19/02/2018 23:00:00","BZN|DK1","269.58","n/e"," ","342.53"
"19/02/2018 23:00:00 - 20/02/2018 00:00:00","BZN|DK1","276.04","n/e"," ","367.47"
"20/02/2018 00:00:00 - 20/02/2018 01:00:00","BZN|DK1","316.80","n/e"," ","330.53"
"20/02/2018 01:00:00 - 20/02/2018 02:00:00","BZN|DK1","317.02","n/e"," ","325.48"
"20/02/2018 02:00:00 - 20/02/2018 03:00:00","BZN|DK1","339.75","n/e"," ","345.18"
"20/02/2018 03:00:00 - 20/02/2018 04:00:00","BZN|DK1","331.95","n/e"," ","342.61"
"20/02/2018 04:00:00 - 20/02/2018 05:00:00","BZN|DK1","314.77","n/e"," ","331.48"
"20/02/2018 05:00:00 - 20/02/2018 06:00:00","BZN|DK1","251.53","n/e"," ","268.35"
"20/02/2018 06:00:00 - 20/02/2018 07:00:00","BZN|DK1","220.58","n/e"," ","243.64"
"20/02/2018 07:00:00 - 20/02/2018 08:00:00","BZN|DK1","239.59","n/e"," ","266.58"
"20/02/2018 08:00:00 - 20/02/2018 09:00:00","BZN|DK1","220.85","n/e"," ","215.35"
"20/02/2018 09:00:00 - 20/02/2018 10:00:00","BZN|DK1","188.13","n/e"," ","193.41"
"20/02/2018 10:00:00 - 20/02/2018 11:00:00","BZN|DK1","135.17","n/e"," ","192.01"
"20/02/2018 11:00:00 - 20/02/2018 12:00:00","BZN|DK1","115.58","n/e"," ","168.69"
"20/02/2018 12:00:00 - 20/02/2018 13:00:00","BZN|DK1","97.08","n/e"," ","126.74"
"20/02/2018 13:00:00 - 20/02/2018 14:00:00","BZN|DK1","77.92","n/e"," ","134.63"
"20/02/2018 14:00:00 - 20/02/2018 15:00:00","BZN|DK1","59.17","n/e"," ","140.03"
"20/02/2018 15:00:00 - 20/02/2018 16:00:00","BZN|DK1","47.00","n/e"," ","114.45"
"20/02/2018 16:00:00 - 20/02/2018 17:00:00","BZN|DK1","39.54","n/e"," ","83.15"
"20/02/2018 17:00:00 - 20/02/2018 18:00:00","BZN|DK1","38.46","n/e"," ","70.53"
"20/02/2018 18:00:00 - 20/02/2018 19:00:00","BZN|DK1","36.92","n/e"," ","41.10"
"20/02/2018 19:00:00 - 20/02/2018 20:00:00","BZN|DK1","33.50","n/e"," ","53.94"
"20/02/2018 20:00:00 - 20/02/2018 21:00:00","BZN|DK1","30.13","n/e"," ","33.80"
"20/02/2018 21:00:00 - 20/02/2018 22:00:00","BZN|DK1","26.67","n/e"," ","22.05"
"20/02/2018 22:00:00 - 20/02/2018 23:00:00","BZN|DK1","19.58","n/e"," ","9.82"
"20/02/2018 23:00:00 - 21/02/2018 00:00:00","BZN|DK1","12.92","n/e"," ","30.06"
"21/02/2018 00:00:00 - 21/02/2018 01:00:00","BZN|DK1","33.95","n/e"," ","31.66"
"21/02/2018 01:00:00 - 21/02/2018 02:00:00","BZN|DK1","19.33","n/e"," ","17.64"
"21/02/2018 02:00:00 - 21/02/2018 03:00:00","BZN|DK1","21.38","n/e"," ","22.28"
"21/02/2018 03:00:00 - 21/02/2018 04:00:00","BZN|DK1","21.28","n/e"," ","21.04"
"21/02/2018 04:00:00 - 21/02/2018 05:00:00","BZN|DK1","22.72","n/e"," ","19.47"
"21/02/2018 05:00:00 - 21/02/2018 06:00:00","BZN|DK1","24.93","n/e"," ","25.84"
"21/02/2018 06:00:00 - 21/02/2018 07:00:00","BZN|DK1","32.19","n/e"," ","28.58"
"21/02/2018 07:00:00 - 21/02/2018 08:00:00","BZN|DK1","11.97","n/e"," ","10.57"
"21/02/2018 08:00:00 - 21/02/2018 09:00:00","BZN|DK1","11.15","n/e"," ","11.12"
"21/02/2018 09:00:00 - 21/02/2018 10:00:00","BZN|DK1","12.96","n/e"," ","35.98"
"21/02/2018 10:00:00 - 21/02/2018 11:00:00","BZN|DK1","13.00","n/e"," ","9.39"
"21/02/2018 11:00:00 - 21/02/2018 12:00:00","BZN|DK1","12.00","n/e"," ","23.34"
"21/02/2018 12:00:00 - 21/02/2018 13:00:00","BZN|DK1","11.79","n/e"," ","29.62"
"21/02/2018 13:00:00 - 21/02/2018 14:00:00","BZN|DK1","12.63","n/e"," ","38.85"
"21/02/2018 14:00:00 - 21/02/2018 15:00:00","BZN|DK1","14.46","n/e"," ","18.19"
"21/02/2018 15:00:00 - 21/02/2018 16:00:00","BZN|DK1","15.71","n/e"," ","21.80"
"21/02/2018 16:00:00 - 21/02/2018 17:00:00","BZN|DK1","16.46","n/e"," ","37.41"
"21/02/2018 17:00:00 - 21/02/2018 18:00:00","BZN|DK1","18.42","n/e"," ","57.74"
"21/02/2018 18:00:00 - 21/02/2018 19:00:00","BZN|DK1","20.25","n/e"," ","64.12"
"21/02/2018 19:00:00 - 21/02/2018 20:00:00","BZN|DK1","24.21","n/e"," ","103.65"
"21/02/2018 20:00:00 - 21/02/2018 21:00:00","BZN|DK1","30.33","n/e"," ","83.37"
"21/02/2018 21:00:00 - 21/02/2018 22:00:00","BZN|DK1","37.67","n/e"," ","59.17"
"21/02/2018 22:00:00 - 21/02/2018 23:00:00","BZN|DK1","47.21","n/e"," ","73.26"
"21/02/2018 23:00:00 - 22/02/2018 00:00:00","BZN|DK1","55.29","n/e"," ","86.75"
"22/02/2018 00:00:00 - 22/02/2018 01:00:00","BZN|DK1","149.33","n/e"," ","167.44"
"22/02/2018 01:00:00 - 22/02/2018 02:00:00","BZN|DK1","228.25","n/e"," ","228.72"
"22/02/2018 02:00:00 - 22/02/2018 03:00:00","BZN|DK1","192.52","n/e"," ","187.77"
"22/02/2018 03:00:00 - 22/02/2018 04:00:00","BZN|DK1","128.78","n/e"," ","129.36"
"22/02/2018 04:00:00 - 22/02/2018 05:00:00","BZN|DK1","92.20","n/e"," ","88.85"
"22/02/2018 05:00:00 - 22/02/2018 06:00:00","BZN|DK1","69.35","n/e"," ","72.47"
"22/02/2018 06:00:00 - 22/02/2018 07:00:00","BZN|DK1","78.68","n/e"," ","84.81"
"22/02/2018 07:00:00 - 22/02/2018 08:00:00","BZN|DK1","51.03","n/e"," ","57.21"
"22/02/2018 08:00:00 - 22/02/2018 09:00:00","BZN|DK1","54.41","n/e"," ","41.38"
"22/02/2018 09:00:00 - 22/02/2018 10:00:00","BZN|DK1","53.63","n/e"," ","34.84"
"22/02/2018 10:00:00 - 22/02/2018 11:00:00","BZN|DK1","35.38","n/e"," ","22.40"
"22/02/2018 11:00:00 - 22/02/2018 12:00:00","BZN|DK1","24.88","n/e"," ","23.22"
"22/02/2018 12:00:00 - 22/02/2018 13:00:00","BZN|DK1","16.50","n/e"," ","26.56"
"22/02/2018 13:00:00 - 22/02/2018 14:00:00","BZN|DK1","11.58","n/e"," ","25.36"
"22/02/2018 14:00:00 - 22/02/2018 15:00:00","BZN|DK1","9.92","n/e"," ","20.92"
"22/02/2018 15:00:00 - 22/02/2018 16:00:00","BZN|DK1","8.29","n/e"," ","13.29"
"22/02/2018 16:00:00 - 22/02/2018 17:00:00","BZN|DK1","9.13","n/e"," ","29.41"
"22/02/2018 17:00:00 - 22/02/2018 18:00:00","BZN|DK1","12.17","n/e"," ","33.76"
"22/02/2018 18:00:00 - 22/02/2018 19:00:00","BZN|DK1","14.96","n/e"," ","40.32"
"22/02/2018 19:00:00 - 22/02/2018 20:00:00","BZN|DK1","17.08","n/e"," ","36.21"
"22/02/2018 20:00:00 - 22/02/2018 21:00:00","BZN|DK1","23.00","n/e"," ","44.38"
"22/02/2018 21:00:00 - 22/02/2018 22:00:00","BZN|DK1","36.04","n/e"," ","49.82"
"22/02/2018 22:00:00 - 22/02/2018 23:00:00","BZN|DK1","45.38","n/e"," ","69.97"
"22/02/2018 23:00:00 - 23/02/2018 00:00:00","BZN|DK1","54.58","n/e"," ","73.98"
"23/02/2018 00:00:00 - 23/02/2018 01:00:00","BZN|DK1","65.13","n/e"," ","60.52"
"23/02/2018 01:00:00 - 23/02/2018 02:00:00","BZN|DK1","36.94","n/e"," ","37.52"
"23/02/2018 02:00:00 - 23/02/2018 03:00:00","BZN|DK1","19.37","n/e"," ","19.18"
"23/02/2018 03:00:00 - 23/02/2018 04:00:00","BZN|DK1","9.19","n/e"," ","8.87"
"23/02/2018 04:00:00 - 23/02/2018 05:00:00","BZN|DK1","8.97","n/e"," ","9.04"
"23/02/2018 05:00:00 - 23/02/2018 06:00:00","BZN|DK1","9.28","n/e"," ","10.00"
"23/02/2018 06:00:00 - 23/02/2018 07:00:00","BZN|DK1","14.83","n/e"," ","13.83"
"23/02/2018 07:00:00 - 23/02/2018 08:00:00","BZN|DK1","9.63","n/e"," ","5.96"
"23/02/2018 08:00:00 - 23/02/2018 09:00:00","BZN|DK1","16.11","n/e"," ","4.06"
"23/02/2018 09:00:00 - 23/02/2018 10:00:00","BZN|DK1","5.79","n/e"," ","10.00"
"23/02/2018 10:00:00 - 23/02/2018 11:00:00","BZN|DK1","4.63","n/e"," ","10.62"
"23/02/2018 11:00:00 - 23/02/2018 12:00:00","BZN|DK1","6.38","n/e"," ","7.41"
"23/02/2018 12:00:00 - 23/02/2018 13:00:00","BZN|DK1","8.50","n/e"," ","5.26"
"23/02/2018 13:00:00 - 23/02/2018 14:00:00","BZN|DK1","7.75","n/e"," ","1.27"
"23/02/2018 14:00:00 - 23/02/2018 15:00:00","BZN|DK1","6.13","n/e"," ","2.11"
"23/02/2018 15:00:00 - 23/02/2018 16:00:00","BZN|DK1","5.00","n/e"," ","8.82"
"23/02/2018 16:00:00 - 23/02/2018 17:00:00","BZN|DK1","6.29","n/e"," ","31.09"
"23/02/2018 17:00:00 - 23/02/2018 18:00:00","BZN|DK1","10.96","n/e"," ","44.51"
"23/02/2018 18:00:00 - 23/02/2018 19:00:00","BZN|DK1","21.29","n/e"," ","60.69"
"23/02/2018 19:00:00 - 23/02/2018 20:00:00","BZN|DK1","35.21","n/e"," ","110.62"
"23/02/2018 20:00:00 - 23/02/2018 21:00:00","BZN|DK1","52.83","n/e"," ","210.64"
"23/02/2018 21:00:00 - 23/02/2018 22:00:00","BZN|DK1","72.54","n/e"," ","196.68"
"23/02/2018 22:00:00 - 23/02/2018 23:00:00","BZN|DK1","92.71","n/e"," ","156.70"
"23/02/2018 23:00:00 - 24/02/2018 00:00:00","BZN|DK1","109.79","n/e"," ","126.32"
"24/02/2018 00:00:00 - 24/02/2018 01:00:00","BZN|DK1","115.22","n/e"," ","127.09"
"24/02/2018 01:00:00 - 24/02/2018 02:00:00","BZN|DK1","166.40","n/e"," ","179.48"
"24/02/2018 02:00:00 - 24/02/2018 03:00:00","BZN|DK1","282.12","n/e"," ","310.72"
"24/02/2018 03:00:00 - 24/02/2018 04:00:00","BZN|DK1","343.49","n/e"," ","350.14"
"24/02/2018 04:00:00 - 24/02/2018 05:00:00","BZN|DK1","346.97","n/e"," ","375.51"
"24/02/2018 05:00:00 - 24/02/2018 06:00:00","BZN|DK1","423.38","n/e"," ","444.36"
"24/02/2018 06:00:00 - 24/02/2018 07:00:00","BZN|DK1","402.94","n/e"," ","424.59"
"24/02/2018 07:00:00 - 24/02/2018 08:00:00","BZN|DK1","377.54","n/e"," ","393.55"
"24/02/2018 08:00:00 - 24/02/2018 09:00:00","BZN|DK1","365.84","n/e"," ","395.06"
"24/02/2018 09:00:00 - 24/02/2018 10:00:00","BZN|DK1","328.46","n/e"," ","402.31"
"24/02/2018 10:00:00 - 24/02/2018 11:00:00","BZN|DK1","287.79","n/e"," ","376.70"
"24/02/2018 11:00:00 - 24/02/2018 12:00:00","BZN|DK1","257.13","n/e"," ","348.04"
"24/02/2018 12:00:00 - 24/02/2018 13:00:00","BZN|DK1","225.54","n/e"," ","291.39"
"24/02/2018 13:00:00 - 24/02/2018 14:00:00","BZN|DK1","197.79","n/e"," ","230.11"
"24/02/2018 14:00:00 - 24/02/2018 15:00:00","BZN|DK1","182.00","n/e"," ","193.64"
"24/02/2018 15:00:00 - 24/02/2018 16:00:00","BZN|DK1","178.17","n/e"," ","175.08"
"24/02/2018 16:00:00 - 24/02/2018 17:00:00","BZN|DK1","183.50","n/e"," ","160.74"
"24/02/2018 17:00:00 - 24/02/2018 18:00:00","BZN|DK1","190.29","n/e"," ","173.48"
"24/02/2018 18:00:00 - 24/02/2018 19:00:00","BZN|DK1","195.92","n/e"," ","194.21"
"24/02/2018 19:00:00 - 24/02/2018 20:00:00","BZN|DK1","178.92","n/e"," ","205.60"
"24/02/2018 20:00:00 - 24/02/2018 21:00:00","BZN|DK1","156.08","n/e"," ","218.29"
"24/02/2018 21:00:00 - 24/02/2018 22:00:00","BZN|DK1","126.46","n/e"," ","193.11"
"24/02/2018 22:00:00 - 24/02/2018 23:00:00","BZN|DK1","97.88","n/e"," ","178.34"
"24/02/2018 23:00:00 - 25/02/2018 00:00:00","BZN|DK1","77.63","n/e"," ","167.51"
"25/02/2018 00:00:00 - 25/02/2018 01:00:00","BZN|DK1","104.43","n/e"," ","107.66"
"25/02/2018 01:00:00 - 25/02/2018 02:00:00","BZN|DK1","89.71","n/e"," ","95.59"
"25/02/2018 02:00:00 - 25/02/2018 03:00:00","BZN|DK1","82.92","n/e"," ","87.58"
"25/02/2018 03:00:00 - 25/02/2018 04:00:00","BZN|DK1","77.06","n/e"," ","78.53"
"25/02/2018 04:00:00 - 25/02/2018 05:00:00","BZN|DK1","83.10","n/e"," ","84.09"
"25/02/2018 05:00:00 - 25/02/2018 06:00:00","BZN|DK1","116.89","n/e"," ","122.90"
"25/02/2018 06:00:00 - 25/02/2018 07:00:00","BZN|DK1","172.83","n/e"," ","181.86"
"25/02/2018 07:00:00 - 25/02/2018 08:00:00","BZN|DK1","164.79","n/e"," ","176.89"
"25/02/2018 08:00:00 - 25/02/2018 09:00:00","BZN|DK1","212.81","n/e"," ","325.14"
"25/02/2018 09:00:00 - 25/02/2018 10:00:00","BZN|DK1","183.67","n/e"," ","412.53"
"25/02/2018 10:00:00 - 25/02/2018 11:00:00","BZN|DK1","167.13","n/e"," ","431.32"
"25/02/2018 11:00:00 - 25/02/2018 12:00:00","BZN|DK1","163.50","n/e"," ","409.68"
"25/02/2018 12:00:00 - 25/02/2018 13:00:00","BZN|DK1","159.96","n/e"," ","368.55"
"25/02/2018 13:00:00 - 25/02/2018 14:00:00","BZN|DK1","169.75","n/e"," ","410.43"
"25/02/2018 14:00:00 - 25/02/2018 15:00:00","BZN|DK1","193.17","n/e"," ","424.80"
"25/02/2018 15:00:00 - 25/02/2018 16:00:00","BZN|DK1","222.25","n/e"," ","499.00"
"25/02/2018 16:00:00 - 25/02/2018 17:00:00","BZN|DK1","255.00","n/e"," ","556.80"
"25/02/2018 17:00:00 - 25/02/2018 18:00:00","BZN|DK1","301.25","n/e"," ","561.76"
"25/02/2018 18:00:00 - 25/02/2018 19:00:00","BZN|DK1","349.00","n/e"," ","660.47"
"25/02/2018 19:00:00 - 25/02/2018 20:00:00","BZN|DK1","378.04","n/e"," ","701.62"
"25/02/2018 20:00:00 - 25/02/2018 21:00:00","BZN|DK1","394.00","n/e"," ","684.52"
"25/02/2018 21:00:00 - 25/02/2018 22:00:00","BZN|DK1","397.08","n/e"," ","660.86"
"25/02/2018 22:00:00 - 25/02/2018 23:00:00","BZN|DK1","388.29","n/e"," ","681.71"
"25/02/2018 23:00:00 - 26/02/2018 00:00:00","BZN|DK1","378.50","n/e"," ","727.67"
"26/02/2018 00:00:00 - 26/02/2018 01:00:00","BZN|DK1","660.78","n/e"," ","709.09"
"26/02/2018 01:00:00 - 26/02/2018 02:00:00","BZN|DK1","632.81","n/e"," ","680.63"
"26/02/2018 02:00:00 - 26/02/2018 03:00:00","BZN|DK1","572.13","n/e"," ","613.61"
"26/02/2018 03:00:00 - 26/02/2018 04:00:00","BZN|DK1","533.39","n/e"," ","571.36"
"26/02/2018 04:00:00 - 26/02/2018 05:00:00","BZN|DK1","569.02","n/e"," ","622.68"
"26/02/2018 05:00:00 - 26/02/2018 06:00:00","BZN|DK1","624.13","n/e"," ","663.41"
"26/02/2018 06:00:00 - 26/02/2018 07:00:00","BZN|DK1","557.07","n/e"," ","595.82"
"26/02/2018 07:00:00 - 26/02/2018 08:00:00","BZN|DK1","593.75","n/e"," ","637.54"
"26/02/2018 08:00:00 - 26/02/2018 09:00:00","BZN|DK1","572.30","n/e"," ","616.20"
"26/02/2018 09:00:00 - 26/02/2018 10:00:00","BZN|DK1","537.71","n/e"," ","649.85"
"26/02/2018 10:00:00 - 26/02/2018 11:00:00","BZN|DK1","506.46","n/e"," ","622.62"
"26/02/2018 11:00:00 - 26/02/2018 12:00:00","BZN|DK1","480.67","n/e"," ","578.34"
"26/02/2018 12:00:00 - 26/02/2018 13:00:00","BZN|DK1","451.17","n/e"," ","621.09"
"26/02/2018 13:00:00 - 26/02/2018 14:00:00","BZN|DK1","436.08","n/e"," ","581.26"
"26/02/2018 14:00:00 - 26/02/2018 15:00:00","BZN|DK1","425.67","n/e"," ","551.23"
"26/02/2018 15:00:00 - 26/02/2018 16:00:00","BZN|DK1","426.04","n/e"," ","558.60"
"26/02/2018 16:00:00 - 26/02/2018 17:00:00","BZN|DK1","437.58","n/e"," ","589.54"
"26/02/2018 17:00:00 - 26/02/2018 18:00:00","BZN|DK1","473.42","n/e"," ","614.87"
"26/02/2018 18:00:00 - 26/02/2018 19:00:00","BZN|DK1","499.54","n/e"," ","650.31"
"26/02/2018 19:00:00 - 26/02/2018 20:00:00","BZN|DK1","526.33","n/e"," ","670.77"
"26/02/2018 20:00:00 - 26/02/2018 21:00:00","BZN|DK1","552.25","n/e"," ","698.89"
"26/02/2018 21:00:00 - 26/02/2018 22:00:00","BZN|DK1","565.29","n/e"," ","724.96"
"26/02/2018 22:00:00 - 26/02/2018 23:00:00","BZN|DK1","562.33","n/e"," ","738.75"
"26/02/2018 23:00:00 - 27/02/2018 00:00:00","BZN|DK1","562.29","n/e"," ","755.23"
"27/02/2018 00:00:00 - 27/02/2018 01:00:00","BZN|DK1","697.86","n/e"," ","740.46"
"27/02/2018 01:00:00 - 27/02/2018 02:00:00","BZN|DK1","705.37","n/e"," ","747.73"
"27/02/2018 02:00:00 - 27/02/2018 03:00:00","BZN|DK1","688.74","n/e"," ","727.70"
"27/02/2018 03:00:00 - 27/02/2018 04:00:00","BZN|DK1","666.32","n/e"," ","699.25"
"27/02/2018 04:00:00 - 27/02/2018 05:00:00","BZN|DK1","664.49","n/e"," ","712.88"
"27/02/2018 05:00:00 - 27/02/2018 06:00:00","BZN|DK1","706.40","n/e"," ","754.55"
"27/02/2018 06:00:00 - 27/02/2018 07:00:00","BZN|DK1","725.46","n/e"," ","777.97"
"27/02/2018 07:00:00 - 27/02/2018 08:00:00","BZN|DK1","726.64","n/e"," ","778.37"
"27/02/2018 08:00:00 - 27/02/2018 09:00:00","BZN|DK1","722.43","n/e"," ","776.86"
"27/02/2018 09:00:00 - 27/02/2018 10:00:00","BZN|DK1","724.54","n/e"," ","773.89"
"27/02/2018 10:00:00 - 27/02/2018 11:00:00","BZN|DK1","725.92","n/e"," ","772.44"
"27/02/2018 11:00:00 - 27/02/2018 12:00:00","BZN|DK1","725.96","n/e"," ","772.85"
"27/02/2018 12:00:00 - 27/02/2018 13:00:00","BZN|DK1","725.42","n/e"," ","775.63"
"27/02/2018 13:00:00 - 27/02/2018 14:00:00","BZN|DK1","726.96","n/e"," ","774.63"
"27/02/2018 14:00:00 - 27/02/2018 15:00:00","BZN|DK1","727.96","n/e"," ","780.17"
"27/02/2018 15:00:00 - 27/02/2018 16:00:00","BZN|DK1","728.46","n/e"," ","779.55"
"27/02/2018 16:00:00 - 27/02/2018 17:00:00","BZN|DK1","733.29","n/e"," ","762.12"
"27/02/2018 17:00:00 - 27/02/2018 18:00:00","BZN|DK1","738.63","n/e"," ","778.27"
"27/02/2018 18:00:00 - 27/02/2018 19:00:00","BZN|DK1","743.92","n/e"," ","778.02"
"27/02/2018 19:00:00 - 27/02/2018 20:00:00","BZN|DK1","742.46","n/e"," ","776.70"
"27/02/2018 20:00:00 - 27/02/2018 21:00:00","BZN|DK1","742.00","n/e"," ","776.52"
"27/02/2018 21:00:00 - 27/02/2018 22:00:00","BZN|DK1","742.00","n/e"," ","776.21"
"27/02/2018 22:00:00 - 27/02/2018 23:00:00","BZN|DK1","741.04","n/e"," ","754.45"
"27/02/2018 23:00:00 - 28/02/2018 00:00:00","BZN|DK1","741.71","n/e"," ","774.11"
"28/02/2018 00:00:00 - 28/02/2018 01:00:00","BZN|DK1","728.22","n/e"," ","754.51"
"28/02/2018 01:00:00 - 28/02/2018 02:00:00","BZN|DK1","723.46","n/e"," ","772.38"
"28/02/2018 02:00:00 - 28/02/2018 03:00:00","BZN|DK1","723.98","n/e"," ","772.29"
"28/02/2018 03:00:00 - 28/02/2018 04:00:00","BZN|DK1","725.54","n/e"," ","772.36"
"28/02/2018 04:00:00 - 28/02/2018 05:00:00","BZN|DK1","725.09","n/e"," ","769.82"
"28/02/2018 05:00:00 - 28/02/2018 06:00:00","BZN|DK1","725.50","n/e"," ","769.47"
"28/02/2018 06:00:00 - 28/02/2018 07:00:00","BZN|DK1","723.33","n/e"," ","768.34"
"28/02/2018 07:00:00 - 28/02/2018 08:00:00","BZN|DK1","723.78","n/e"," ","767.75"
"28/02/2018 08:00:00 - 28/02/2018 09:00:00","BZN|DK1","722.04","n/e"," ","766.91"
"28/02/2018 09:00:00 - 28/02/2018 10:00:00","BZN|DK1","724.50","n/e"," ","768.41"
"28/02/2018 10:00:00 - 28/02/2018 11:00:00","BZN|DK1","727.58","n/e"," ","767.95"
"28/02/2018 11:00:00 - 28/02/2018 12:00:00","BZN|DK1","730.00","n/e"," ","672.56"
"28/02/2018 12:00:00 - 28/02/2018 13:00:00","BZN|DK1","732.88","n/e"," ","680.02"
"28/02/2018 13:00:00 - 28/02/2018 14:00:00","BZN|DK1","733.17","n/e"," ","746.49"
"28/02/2018 14:00:00 - 28/02/2018 15:00:00","BZN|DK1","734.46","n/e"," ","746.03"
"28/02/2018 15:00:00 - 28/02/2018 16:00:00","BZN|DK1","733.67","n/e"," ","753.65"
"28/02/2018 16:00:00 - 28/02/2018 17:00:00","BZN|DK1","733.42","n/e"," ","754.97"
"28/02/2018 17:00:00 - 28/02/2018 18:00:00","BZN|DK1","734.13","n/e"," ","773.07"
"28/02/2018 18:00:00 - 28/02/2018 19:00:00","BZN|DK1","735.46","n/e"," ","753.08"
"28/02/2018 19:00:00 - 28/02/2018 20:00:00","BZN|DK1","736.00","n/e"," ","750.42"
"28/02/2018 20:00:00 - 28/02/2018 21:00:00","BZN|DK1","735.88","n/e"," ","747.19"
"28/02/2018 21:00:00 - 28/02/2018 22:00:00","BZN|DK1","735.00","n/e"," ","656.82"
"28/02/2018 22:00:00 - 28/02/2018 23:00:00","BZN|DK1","734.29","n/e"," ","655.75"
"28/02/2018 23:00:00 - 01/03/2018 00:00:00","BZN|DK1","734.00","n/e"," ","751.63"
"01/03/2018 00:00:00 - 01/03/2018 01:00:00","BZN|DK1","721.68","n/e"," ","754.62"
"01/03/2018 01:00:00 - 01/03/2018 02:00:00","BZN|DK1","719.48","n/e"," ","770.54"
"01/03/2018 02:00:00 - 01/03/2018 03:00:00","BZN|DK1","718.84","n/e"," ","751.10"
"01/03/2018 03:00:00 - 01/03/2018 04:00:00","BZN|DK1","718.06","n/e"," ","748.85"
"01/03/2018 04:00:00 - 01/03/2018 05:00:00","BZN|DK1","714.67","n/e"," ","766.00"
"01/03/2018 05:00:00 - 01/03/2018 06:00:00","BZN|DK1","716.10","n/e"," ","765.64"
"01/03/2018 06:00:00 - 01/03/2018 07:00:00","BZN|DK1","713.14","n/e"," ","767.60"
"01/03/2018 07:00:00 - 01/03/2018 08:00:00","BZN|DK1","716.25","n/e"," ","767.58"
"01/03/2018 08:00:00 - 01/03/2018 09:00:00","BZN|DK1","719.70","n/e"," ","768.10"
"01/03/2018 09:00:00 - 01/03/2018 10:00:00","BZN|DK1","720.58","n/e"," ","766.57"
"01/03/2018 10:00:00 - 01/03/2018 11:00:00","BZN|DK1","719.58","n/e"," ","754.66"
"01/03/2018 11:00:00 - 01/03/2018 12:00:00","BZN|DK1","716.13","n/e"," ","745.93"
"01/03/2018 12:00:00 - 01/03/2018 13:00:00","BZN|DK1","710.63","n/e"," ","744.27"
"01/03/2018 13:00:00 - 01/03/2018 14:00:00","BZN|DK1","705.08","n/e"," ","744.48"
"01/03/2018 14:00:00 - 01/03/2018 15:00:00","BZN|DK1","700.17","n/e"," ","746.31"
"01/03/2018 15:00:00 - 01/03/2018 16:00:00","BZN|DK1","703.33","n/e"," ","738.29"
"01/03/2018 16:00:00 - 01/03/2018 17:00:00","BZN|DK1","713.58","n/e"," ","744.64"
"01/03/2018 17:00:00 - 01/03/2018 18:00:00","BZN|DK1","723.63","n/e"," ","760.69"
"01/03/2018 18:00:00 - 01/03/2018 19:00:00","BZN|DK1","729.21","n/e"," ","766.93"
"01/03/2018 19:00:00 - 01/03/2018 20:00:00","BZN|DK1","729.71","n/e"," ","766.91"
"01/03/2018 20:00:00 - 01/03/2018 21:00:00","BZN|DK1","728.04","n/e"," ","767.53"
"01/03/2018 21:00:00 - 01/03/2018 22:00:00","BZN|DK1","726.83","n/e"," ","744.36"
"01/03/2018 22:00:00 - 01/03/2018 23:00:00","BZN|DK1","725.13","n/e"," ","742.96"
"01/03/2018 23:00:00 - 02/03/2018 00:00:00","BZN|DK1","724.63","n/e"," ","758.68"
"02/03/2018 00:00:00 - 02/03/2018 01:00:00","BZN|DK1","701.59","n/e"," ","746.31"
"02/03/2018 01:00:00 - 02/03/2018 02:00:00","BZN|DK1","703.87","n/e"," ","757.07"
"02/03/2018 02:00:00 - 02/03/2018 03:00:00","BZN|DK1","706.63","n/e"," ","758.57"
"02/03/2018 03:00:00 - 02/03/2018 04:00:00","BZN|DK1","710.58","n/e"," ","762.26"
"02/03/2018 04:00:00 - 02/03/2018 05:00:00","BZN|DK1","710.70","n/e"," ","760.81"
"02/03/2018 05:00:00 - 02/03/2018 06:00:00","BZN|DK1","698.39","n/e"," ","750.55"
"02/03/2018 06:00:00 - 02/03/2018 07:00:00","BZN|DK1","697.54","n/e"," ","745.91"
"02/03/2018 07:00:00 - 02/03/2018 08:00:00","BZN|DK1","683.21","n/e"," ","728.30"
"02/03/2018 08:00:00 - 02/03/2018 09:00:00","BZN|DK1","686.82","n/e"," ","732.12"
"02/03/2018 09:00:00 - 02/03/2018 10:00:00","BZN|DK1","700.29","n/e"," ","746.65"
"02/03/2018 10:00:00 - 02/03/2018 11:00:00","BZN|DK1","708.54","n/e"," ","755.34"
"02/03/2018 11:00:00 - 02/03/2018 12:00:00","BZN|DK1","704.13","n/e"," ","752.36"
"02/03/2018 12:00:00 - 02/03/2018 13:00:00","BZN|DK1","699.67","n/e"," ","753.89"
"02/03/2018 13:00:00 - 02/03/2018 14:00:00","BZN|DK1","693.92","n/e"," ","740.83"
"02/03/2018 14:00:00 - 02/03/2018 15:00:00","BZN|DK1","679.17","n/e"," ","748.43"
"02/03/2018 15:00:00 - 02/03/2018 16:00:00","BZN|DK1","662.04","n/e"," ","729.22"
"02/03/2018 16:00:00 - 02/03/2018 17:00:00","BZN|DK1","650.54","n/e"," ","708.68"
"02/03/2018 17:00:00 - 02/03/2018 18:00:00","BZN|DK1","650.00","n/e"," ","692.38"
"02/03/2018 18:00:00 - 02/03/2018 19:00:00","BZN|DK1","650.13","n/e"," ","686.48"
"02/03/2018 19:00:00 - 02/03/2018 20:00:00","BZN|DK1","652.00","n/e"," ","666.25"
"02/03/2018 20:00:00 - 02/03/2018 21:00:00","BZN|DK1","653.71","n/e"," ","666.14"
"02/03/2018 21:00:00 - 02/03/2018 22:00:00","BZN|DK1","651.50","n/e"," ","715.26"
"02/03/2018 22:00:00 - 02/03/2018 23:00:00","BZN|DK1","641.38","n/e"," ","737.78"
"02/03/2018 23:00:00 - 03/03/2018 00:00:00","BZN|DK1","626.54","n/e"," ","721.75"
"03/03/2018 00:00:00 - 03/03/2018 01:00:00","BZN|DK1","659.60","n/e"," ","691.84"
"03/03/2018 01:00:00 - 03/03/2018 02:00:00","BZN|DK1","592.58","n/e"," ","623.26"
"03/03/2018 02:00:00 - 03/03/2018 03:00:00","BZN|DK1","586.46","n/e"," ","618.10"
"03/03/2018 03:00:00 - 03/03/2018 04:00:00","BZN|DK1","564.19","n/e"," ","588.37"
"03/03/2018 04:00:00 - 03/03/2018 05:00:00","BZN|DK1","528.43","n/e"," ","557.96"
"03/03/2018 05:00:00 - 03/03/2018 06:00:00","BZN|DK1","530.50","n/e"," ","549.67"
"03/03/2018 06:00:00 - 03/03/2018 07:00:00","BZN|DK1","525.95","n/e"," ","544.16"
"03/03/2018 07:00:00 - 03/03/2018 08:00:00","BZN|DK1","522.30","n/e"," ","541.83"
"03/03/2018 08:00:00 - 03/03/2018 09:00:00","BZN|DK1","497.34","n/e"," ","458.50"
"03/03/2018 09:00:00 - 03/03/2018 10:00:00","BZN|DK1","517.71","n/e"," ","441.86"
"03/03/2018 10:00:00 - 03/03/2018 11:00:00","BZN|DK1","515.25","n/e"," ","429.42"
"03/03/2018 11:00:00 - 03/03/2018 12:00:00","BZN|DK1","503.25","n/e"," ","450.93"
"03/03/2018 12:00:00 - 03/03/2018 13:00:00","BZN|DK1","488.33","n/e"," ","478.48"
"03/03/2018 13:00:00 - 03/03/2018 14:00:00","BZN|DK1","472.63","n/e"," ","499.04"
"03/03/2018 14:00:00 - 03/03/2018 15:00:00","BZN|DK1","452.29","n/e"," ","524.67"
"03/03/2018 15:00:00 - 03/03/2018 16:00:00","BZN|DK1","435.13","n/e"," ","522.34"
"03/03/2018 16:00:00 - 03/03/2018 17:00:00","BZN|DK1","438.33","n/e"," ","512.47"
"03/03/2018 17:00:00 - 03/03/2018 18:00:00","BZN|DK1","439.63","n/e"," ","464.04"
"03/03/2018 18:00:00 - 03/03/2018 19:00:00","BZN|DK1","442.63","n/e"," ","445.43"
"03/03/2018 19:00:00 - 03/03/2018 20:00:00","BZN|DK1","446.21","n/e"," ","470.09"
"03/03/2018 20:00:00 - 03/03/2018 21:00:00","BZN|DK1","449.92","n/e"," ","447.28"
"03/03/2018 21:00:00 - 03/03/2018 22:00:00","BZN|DK1","452.21","n/e"," ","465.41"
"03/03/2018 22:00:00 - 03/03/2018 23:00:00","BZN|DK1","456.38","n/e"," ","474.61"
"03/03/2018 23:00:00 - 04/03/2018 00:00:00","BZN|DK1","460.75","n/e"," ","490.20"
"04/03/2018 00:00:00 - 04/03/2018 01:00:00","BZN|DK1","489.91","n/e"," ","529.07"
"04/03/2018 01:00:00 - 04/03/2018 02:00:00","BZN|DK1","549.94","n/e"," ","594.86"
"04/03/2018 02:00:00 - 04/03/2018 03:00:00","BZN|DK1","553.31","n/e"," ","581.27"
"04/03/2018 03:00:00 - 04/03/2018 04:00:00","BZN|DK1","482.28","n/e"," ","516.08"
"04/03/2018 04:00:00 - 04/03/2018 05:00:00","BZN|DK1","480.28","n/e"," ","505.43"
"04/03/2018 05:00:00 - 04/03/2018 06:00:00","BZN|DK1","493.25","n/e"," ","522.83"
"04/03/2018 06:00:00 - 04/03/2018 07:00:00","BZN|DK1","547.08","n/e"," ","576.89"
"04/03/2018 07:00:00 - 04/03/2018 08:00:00","BZN|DK1","575.15","n/e"," ","604.94"
"04/03/2018 08:00:00 - 04/03/2018 09:00:00","BZN|DK1","589.95","n/e"," ","600.48"
"04/03/2018 09:00:00 - 04/03/2018 10:00:00","BZN|DK1","593.42","n/e"," ","640.55"
"04/03/2018 10:00:00 - 04/03/2018 11:00:00","BZN|DK1","582.83","n/e"," ","672.67"
"04/03/2018 11:00:00 - 04/03/2018 12:00:00","BZN|DK1","579.08","n/e"," ","658.80"
"04/03/2018 12:00:00 - 04/03/2018 13:00:00","BZN|DK1","575.83","n/e"," ","656.59"
"04/03/2018 13:00:00 - 04/03/2018 14:00:00","BZN|DK1","578.88","n/e"," ","648.85"
"04/03/2018 14:00:00 - 04/03/2018 15:00:00","BZN|DK1","587.25","n/e"," ","636.20"
"04/03/2018 15:00:00 - 04/03/2018 16:00:00","BZN|DK1","611.25","n/e"," ","608.31"
"04/03/2018 16:00:00 - 04/03/2018 17:00:00","BZN|DK1","648.17","n/e"," ","679.06"
"04/03/2018 17:00:00 - 04/03/2018 18:00:00","BZN|DK1","679.46","n/e"," ","734.61"
"04/03/2018 18:00:00 - 04/03/2018 19:00:00","BZN|DK1","701.50","n/e"," ","742.04"
"04/03/2018 19:00:00 - 04/03/2018 20:00:00","BZN|DK1","713.50","n/e"," ","749.77"
"04/03/2018 20:00:00 - 04/03/2018 21:00:00","BZN|DK1","716.92","n/e"," ","747.31"
"04/03/2018 21:00:00 - 04/03/2018 22:00:00","BZN|DK1","716.04","n/e"," ","750.91"
"04/03/2018 22:00:00 - 04/03/2018 23:00:00","BZN|DK1","716.00","n/e"," ","749.84"
"04/03/2018 23:00:00 - 05/03/2018 00:00:00","BZN|DK1","715.54","n/e"," ","748.75"
"05/03/2018 00:00:00 - 05/03/2018 01:00:00","BZN|DK1","703.71","n/e"," ","751.05"
"05/03/2018 01:00:00 - 05/03/2018 02:00:00","BZN|DK1","707.73","n/e"," ","749.99"
"05/03/2018 02:00:00 - 05/03/2018 03:00:00","BZN|DK1","708.20","n/e"," ","753.82"
"05/03/2018 03:00:00 - 05/03/2018 04:00:00","BZN|DK1","708.69","n/e"," ","758.94"
"05/03/2018 04:00:00 - 05/03/2018 05:00:00","BZN|DK1","707.35","n/e"," ","758.32"
"05/03/2018 05:00:00 - 05/03/2018 06:00:00","BZN|DK1","709.24","n/e"," ","760.88"
"05/03/2018 06:00:00 - 05/03/2018 07:00:00","BZN|DK1","706.63","n/e"," ","761.72"
"05/03/2018 07:00:00 - 05/03/2018 08:00:00","BZN|DK1","709.54","n/e"," ","761.98"
"05/03/2018 08:00:00 - 05/03/2018 09:00:00","BZN|DK1","724.28","n/e"," ","761.22"
"05/03/2018 09:00:00 - 05/03/2018 10:00:00","BZN|DK1","711.21","n/e"," ","762.07"
"05/03/2018 10:00:00 - 05/03/2018 11:00:00","BZN|DK1","708.58","n/e"," ","753.52"
"05/03/2018 11:00:00 - 05/03/2018 12:00:00","BZN|DK1","706.33","n/e"," ","742.27"
"05/03/2018 12:00:00 - 05/03/2018 13:00:00","BZN|DK1","705.04","n/e"," ","750.78"
"05/03/2018 13:00:00 - 05/03/2018 14:00:00","BZN|DK1","694.79","n/e"," ","749.25"
"05/03/2018 14:00:00 - 05/03/2018 15:00:00","BZN|DK1","680.33","n/e"," ","738.35"
"05/03/2018 15:00:00 - 05/03/2018 16:00:00","BZN|DK1","665.17","n/e"," ","725.99"
"05/03/2018 16:00:00 - 05/03/2018 17:00:00","BZN|DK1","652.25","n/e"," ","698.34"
"05/03/2018 17:00:00 - 05/03/2018 18:00:00","BZN|DK1","632.33","n/e"," ","662.21"
"05/03/2018 18:00:00 - 05/03/2018 19:00:00","BZN|DK1","607.96","n/e"," ","619.76"
"05/03/2018 19:00:00 - 05/03/2018 20:00:00","BZN|DK1","570.67","n/e"," ","575.61"
"05/03/2018 20:00:00 - 05/03/2018 21:00:00","BZN|DK1","524.50","n/e"," ","567.92"
"05/03/2018 21:00:00 - 05/03/2018 22:00:00","BZN|DK1","465.58","n/e"," ","480.62"
"05/03/2018 22:00:00 - 05/03/2018 23:00:00","BZN|DK1","388.58","n/e"," ","416.13"
"05/03/2018 23:00:00 - 06/03/2018 00:00:00","BZN|DK1","305.75","n/e"," ","368.65"
"06/03/2018 00:00:00 - 06/03/2018 01:00:00","BZN|DK1","288.48","n/e"," ","298.79"
"06/03/2018 01:00:00 - 06/03/2018 02:00:00","BZN|DK1","271.32","n/e"," ","269.32"
"06/03/2018 02:00:00 - 06/03/2018 03:00:00","BZN|DK1","155.44","n/e"," ","154.69"
"06/03/2018 03:00:00 - 06/03/2018 04:00:00","BZN|DK1","99.61","n/e"," ","98.32"
"06/03/2018 04:00:00 - 06/03/2018 05:00:00","BZN|DK1","62.58","n/e"," ","61.14"
"06/03/2018 05:00:00 - 06/03/2018 06:00:00","BZN|DK1","37.93","n/e"," ","36.36"
"06/03/2018 06:00:00 - 06/03/2018 07:00:00","BZN|DK1","36.91","n/e"," ","37.81"
"06/03/2018 07:00:00 - 06/03/2018 08:00:00","BZN|DK1","57.09","n/e"," ","56.95"
"06/03/2018 08:00:00 - 06/03/2018 09:00:00","BZN|DK1","79.13","n/e"," ","68.17"
"06/03/2018 09:00:00 - 06/03/2018 10:00:00","BZN|DK1","86.46","n/e"," ","72.94"
"06/03/2018 10:00:00 - 06/03/2018 11:00:00","BZN|DK1","104.42","n/e"," ","86.54"
"06/03/2018 11:00:00 - 06/03/2018 12:00:00","BZN|DK1","122.58","n/e"," ","129.33"
"06/03/2018 12:00:00 - 06/03/2018 13:00:00","BZN|DK1","142.17","n/e"," ","180.54"
"06/03/2018 13:00:00 - 06/03/2018 14:00:00","BZN|DK1","168.79","n/e"," ","206.63"
"06/03/2018 14:00:00 - 06/03/2018 15:00:00","BZN|DK1","200.92","n/e"," ","264.95"
"06/03/2018 15:00:00 - 06/03/2018 16:00:00","BZN|DK1","242.04","n/e"," ","291.14"
"06/03/2018 16:00:00 - 06/03/2018 17:00:00","BZN|DK1","299.08","n/e"," ","287.62"
"06/03/2018 17:00:00 - 06/03/2018 18:00:00","BZN|DK1","353.63","n/e"," ","368.35"
"06/03/2018 18:00:00 - 06/03/2018 19:00:00","BZN|DK1","405.17","n/e"," ","371.51"
"06/03/2018 19:00:00 - 06/03/2018 20:00:00","BZN|DK1","443.79","n/e"," ","321.66"
"06/03/2018 20:00:00 - 06/03/2018 21:00:00","BZN|DK1","484.46","n/e"," ","297.06"
"06/03/2018 21:00:00 - 06/03/2018 22:00:00","BZN|DK1","500.58","n/e"," ","297.12"
"06/03/2018 22:00:00 - 06/03/2018 23:00:00","BZN|DK1","486.75","n/e"," ","361.67"
"06/03/2018 23:00:00 - 07/03/2018 00:00:00","BZN|DK1","454.71","n/e"," ","498.71"
"07/03/2018 00:00:00 - 07/03/2018 01:00:00","BZN|DK1","471.02","n/e"," ","485.65"
"07/03/2018 01:00:00 - 07/03/2018 02:00:00","BZN|DK1","433.32","n/e"," ","457.65"
"07/03/2018 02:00:00 - 07/03/2018 03:00:00","BZN|DK1","429.68","n/e"," ","450.33"
"07/03/2018 03:00:00 - 07/03/2018 04:00:00","BZN|DK1","393.20","n/e"," ","407.69"
"07/03/2018 04:00:00 - 07/03/2018 05:00:00","BZN|DK1","409.74","n/e"," ","424.33"
"07/03/2018 05:00:00 - 07/03/2018 06:00:00","BZN|DK1","436.46","n/e"," ","459.31"
"07/03/2018 06:00:00 - 07/03/2018 07:00:00","BZN|DK1","480.41","n/e"," ","499.66"
"07/03/2018 07:00:00 - 07/03/2018 08:00:00","BZN|DK1","453.81","n/e"," ","469.97"
"07/03/2018 08:00:00 - 07/03/2018 09:00:00","BZN|DK1","437.27","n/e"," ","434.76"
"07/03/2018 09:00:00 - 07/03/2018 10:00:00","BZN|DK1","377.71","n/e"," ","399.98"
"07/03/2018 10:00:00 - 07/03/2018 11:00:00","BZN|DK1","312.63","n/e"," ","340.26"
"07/03/2018 11:00:00 - 07/03/2018 12:00:00","BZN|DK1","249.96","n/e"," ","272.30"
"07/03/2018 12:00:00 - 07/03/2018 13:00:00","BZN|DK1","194.21","n/e"," ","256.21"
"07/03/2018 13:00:00 - 07/03/2018 14:00:00","BZN|DK1","153.50","n/e"," ","180.24"
"07/03/2018 14:00:00 - 07/03/2018 15:00:00","BZN|DK1","130.67","n/e"," ","131.00"
"07/03/2018 15:00:00 - 07/03/2018 16:00:00","BZN|DK1","118.92","n/e"," ","89.41"
"07/03/2018 16:00:00 - 07/03/2018 17:00:00","BZN|DK1","120.42","n/e"," ","61.65"
"07/03/2018 17:00:00 - 07/03/2018 18:00:00","BZN|DK1","130.79","n/e"," ","77.99"
"07/03/2018 18:00:00 - 07/03/2018 19:00:00","BZN|DK1","146.54","n/e"," ","87.24"
"07/03/2018 19:00:00 - 07/03/2018 20:00:00","BZN|DK1","159.21","n/e"," ","101.87"
"07/03/2018 20:00:00 - 07/03/2018 21:00:00","BZN|DK1","172.04","n/e"," ","75.14"
"07/03/2018 21:00:00 - 07/03/2018 22:00:00","BZN|DK1","185.54","n/e"," ","57.13"
"07/03/2018 22:00:00 - 07/03/2018 23:00:00","BZN|DK1","189.79","n/e"," ","99.50"
"07/03/2018 23:00:00 - 08/03/2018 00:00:00","BZN|DK1","181.96","n/e"," ","111.93"
"08/03/2018 00:00:00 - 08/03/2018 01:00:00","BZN|DK1","118.46","n/e"," ","84.01"
"08/03/2018 01:00:00 - 08/03/2018 02:00:00","BZN|DK1","118.13","n/e"," ","87.55"
"08/03/2018 02:00:00 - 08/03/2018 03:00:00","BZN|DK1","110.17","n/e"," ","81.12"
"08/03/2018 03:00:00 - 08/03/2018 04:00:00","BZN|DK1","103.00","n/e"," ","53.39"
"08/03/2018 04:00:00 - 08/03/2018 05:00:00","BZN|DK1","96.29","n/e"," ","58.68"
"08/03/2018 05:00:00 - 08/03/2018 06:00:00","BZN|DK1","64.73","n/e"," ","54.12"
"08/03/2018 06:00:00 - 08/03/2018 07:00:00","BZN|DK1","59.93","n/e"," ","63.68"
"08/03/2018 07:00:00 - 08/03/2018 08:00:00","BZN|DK1","70.03","n/e"," ","71.35"
"08/03/2018 08:00:00 - 08/03/2018 09:00:00","BZN|DK1","68.68","n/e"," ","59.70"
"08/03/2018 09:00:00 - 08/03/2018 10:00:00","BZN|DK1","54.29","n/e"," ","46.21"
"08/03/2018 10:00:00 - 08/03/2018 11:00:00","BZN|DK1","37.42","n/e"," ","24.89"
"08/03/2018 11:00:00 - 08/03/2018 12:00:00","BZN|DK1","38.00","n/e"," ","10.98"
"08/03/2018 12:00:00 - 08/03/2018 13:00:00","BZN|DK1","42.75","n/e"," ","31.93"
"08/03/2018 13:00:00 - 08/03/2018 14:00:00","BZN|DK1","50.00","n/e"," ","24.24"
"08/03/2018 14:00:00 - 08/03/2018 15:00:00","BZN|DK1","57.29","n/e"," ","34.06"
"08/03/2018 15:00:00 - 08/03/2018 16:00:00","BZN|DK1","68.71","n/e"," ","40.82"
"08/03/2018 16:00:00 - 08/03/2018 17:00:00","BZN|DK1","95.38","n/e"," ","60.92"
"08/03/2018 17:00:00 - 08/03/2018 18:00:00","BZN|DK1","120.08","n/e"," ","71.87"
"08/03/2018 18:00:00 - 08/03/2018 19:00:00","BZN|DK1","135.00","n/e"," ","101.41"
"08/03/2018 19:00:00 - 08/03/2018 20:00:00","BZN|DK1","115.79","n/e"," ","83.43"
"08/03/2018 20:00:00 - 08/03/2018 21:00:00","BZN|DK1","86.58","n/e"," ","70.29"
"08/03/2018 21:00:00 - 08/03/2018 22:00:00","BZN|DK1","66.67","n/e"," ","79.61"
"08/03/2018 22:00:00 - 08/03/2018 23:00:00","BZN|DK1","56.04","n/e"," ","56.39"
"08/03/2018 23:00:00 - 09/03/2018 00:00:00","BZN|DK1","63.42","n/e"," ","29.55"
"09/03/2018 00:00:00 - 09/03/2018 01:00:00","BZN|DK1","29.82","n/e"," ","34.41"
"09/03/2018 01:00:00 - 09/03/2018 02:00:00","BZN|DK1","45.90","n/e"," ","48.85"
"09/03/2018 02:00:00 - 09/03/2018 03:00:00","BZN|DK1","53.40","n/e"," ","62.02"
"09/03/2018 03:00:00 - 09/03/2018 04:00:00","BZN|DK1","84.71","n/e"," ","93.02"
"09/03/2018 04:00:00 - 09/03/2018 05:00:00","BZN|DK1","127.69","n/e"," ","136.44"
"09/03/2018 05:00:00 - 09/03/2018 06:00:00","BZN|DK1","163.09","n/e"," ","168.72"
"09/03/2018 06:00:00 - 09/03/2018 07:00:00","BZN|DK1","169.04","n/e"," ","177.19"
"09/03/2018 07:00:00 - 09/03/2018 08:00:00","BZN|DK1","159.42","n/e"," ","166.46"
"09/03/2018 08:00:00 - 09/03/2018 09:00:00","BZN|DK1","158.05","n/e"," ","148.74"
"09/03/2018 09:00:00 - 09/03/2018 10:00:00","BZN|DK1","142.58","n/e"," ","157.25"
"09/03/2018 10:00:00 - 09/03/2018 11:00:00","BZN|DK1","126.79","n/e"," ","153.93"
"09/03/2018 11:00:00 - 09/03/2018 12:00:00","BZN|DK1","106.13","n/e"," ","180.84"
"09/03/2018 12:00:00 - 09/03/2018 13:00:00","BZN|DK1","87.50","n/e"," ","158.69"
"09/03/2018 13:00:00 - 09/03/2018 14:00:00","BZN|DK1","64.17","n/e"," ","137.81"
"09/03/2018 14:00:00 - 09/03/2018 15:00:00","BZN|DK1","42.08","n/e"," ","120.40"
"09/03/2018 15:00:00 - 09/03/2018 16:00:00","BZN|DK1","23.46","n/e"," ","75.75"
"09/03/2018 16:00:00 - 09/03/2018 17:00:00","BZN|DK1","8.79","n/e"," ","53.53"
"09/03/2018 17:00:00 - 09/03/2018 18:00:00","BZN|DK1","3.67","n/e"," ","29.29"
"09/03/2018 18:00:00 - 09/03/2018 19:00:00","BZN|DK1","4.83","n/e"," ","22.71"
"09/03/2018 19:00:00 - 09/03/2018 20:00:00","BZN|DK1","5.42","n/e"," ","31.33"
"09/03/2018 20:00:00 - 09/03/2018 21:00:00","BZN|DK1","7.33","n/e"," ","41.65"
"09/03/2018 21:00:00 - 09/03/2018 22:00:00","BZN|DK1","9.92","n/e"," ","40.13"
"09/03/2018 22:00:00 - 09/03/2018 23:00:00","BZN|DK1","10.00","n/e"," ","48.75"
"09/03/2018 23:00:00 - 10/03/2018 00:00:00","BZN|DK1","10.96","n/e"," ","59.93"
"10/03/2018 00:00:00 - 10/03/2018 01:00:00","BZN|DK1","61.88","n/e"," ","62.82"
"10/03/2018 01:00:00 - 10/03/2018 02:00:00","BZN|DK1","49.50","n/e"," ","48.68"
"10/03/2018 02:00:00 - 10/03/2018 03:00:00","BZN|DK1","65.92","n/e"," ","71.57"
"10/03/2018 03:00:00 - 10/03/2018 04:00:00","BZN|DK1","93.30","n/e"," ","96.52"
"10/03/2018 04:00:00 - 10/03/2018 05:00:00","BZN|DK1","125.50","n/e"," ","126.68"
"10/03/2018 05:00:00 - 10/03/2018 06:00:00","BZN|DK1","164.14","n/e"," ","176.22"
"10/03/2018 06:00:00 - 10/03/2018 07:00:00","BZN|DK1","244.69","n/e"," ","252.53"
"10/03/2018 07:00:00 - 10/03/2018 08:00:00","BZN|DK1","272.15","n/e"," ","279.41"
"10/03/2018 08:00:00 - 10/03/2018 09:00:00","BZN|DK1","296.99","n/e"," ","284.91"
"10/03/2018 09:00:00 - 10/03/2018 10:00:00","BZN|DK1","329.38","n/e"," ","346.51"
"10/03/2018 10:00:00 - 10/03/2018 11:00:00","BZN|DK1","359.13","n/e"," ","394.84"
"10/03/2018 11:00:00 - 10/03/2018 12:00:00","BZN|DK1","387.63","n/e"," ","410.67"
"10/03/2018 12:00:00 - 10/03/2018 13:00:00","BZN|DK1","408.71","n/e"," ","420.92"
"10/03/2018 13:00:00 - 10/03/2018 14:00:00","BZN|DK1","429.42","n/e"," ","436.70"
"10/03/2018 14:00:00 - 10/03/2018 15:00:00","BZN|DK1","454.25","n/e"," ","479.38"
"10/03/2018 15:00:00 - 10/03/2018 16:00:00","BZN|DK1","486.29","n/e"," ","535.27"
"10/03/2018 16:00:00 - 10/03/2018 17:00:00","BZN|DK1","531.13","n/e"," ","592.12"
"10/03/2018 17:00:00 - 10/03/2018 18:00:00","BZN|DK1","588.46","n/e"," ","683.99"
"10/03/2018 18:00:00 - 10/03/2018 19:00:00","BZN|DK1","636.75","n/e"," ","730.65"
"10/03/2018 19:00:00 - 10/03/2018 20:00:00","BZN|DK1","670.38","n/e"," ","750.20"
"10/03/2018 20:00:00 - 10/03/2018 21:00:00","BZN|DK1","691.00","n/e"," ","754.07"
"10/03/2018 21:00:00 - 10/03/2018 22:00:00","BZN|DK1","697.00","n/e"," ","753.46"
"10/03/2018 22:00:00 - 10/03/2018 23:00:00","BZN|DK1","690.71","n/e"," ","731.38"
"10/03/2018 23:00:00 - 11/03/2018 00:00:00","BZN|DK1","663.75","n/e"," ","678.03"
"11/03/2018 00:00:00 - 11/03/2018 01:00:00","BZN|DK1","606.79","n/e"," ","648.29"
"11/03/2018 01:00:00 - 11/03/2018 02:00:00","BZN|DK1","605.60","n/e"," ","644.90"
"11/03/2018 02:00:00 - 11/03/2018 03:00:00","BZN|DK1","614.81","n/e"," ","642.48"
"11/03/2018 03:00:00 - 11/03/2018 04:00:00","BZN|DK1","614.56","n/e"," ","641.04"
"11/03/2018 04:00:00 - 11/03/2018 05:00:00","BZN|DK1","631.86","n/e"," ","654.94"
"11/03/2018 05:00:00 - 11/03/2018 06:00:00","BZN|DK1","623.28","n/e"," ","644.98"
"11/03/2018 06:00:00 - 11/03/2018 07:00:00","BZN|DK1","614.07","n/e"," ","641.91"
"11/03/2018 07:00:00 - 11/03/2018 08:00:00","BZN|DK1","598.85","n/e"," ","624.91"
"11/03/2018 08:00:00 - 11/03/2018 09:00:00","BZN|DK1","579.70","n/e"," ","611.76"
"11/03/2018 09:00:00 - 11/03/2018 10:00:00","BZN|DK1","546.38","n/e"," ","591.49"
"11/03/2018 10:00:00 - 11/03/2018 11:00:00","BZN|DK1","518.75","n/e"," ","549.93"
"11/03/2018 11:00:00 - 11/03/2018 12:00:00","BZN|DK1","497.29","n/e"," ","509.37"
"11/03/2018 12:00:00 - 11/03/2018 13:00:00","BZN|DK1","483.17","n/e"," ","434.31"
"11/03/2018 13:00:00 - 11/03/2018 14:00:00","BZN|DK1","477.75","n/e"," ","408.61"
"11/03/2018 14:00:00 - 11/03/2018 15:00:00","BZN|DK1","484.25","n/e"," ","471.32"
"11/03/2018 15:00:00 - 11/03/2018 16:00:00","BZN|DK1","507.88","n/e"," ","529.24"
"11/03/2018 16:00:00 - 11/03/2018 17:00:00","BZN|DK1","567.58","n/e"," ","626.87"
"11/03/2018 17:00:00 - 11/03/2018 18:00:00","BZN|DK1","661.04","n/e"," ","718.40"
"11/03/2018 18:00:00 - 11/03/2018 19:00:00","BZN|DK1","722.04","n/e"," ","764.07"
"11/03/2018 19:00:00 - 11/03/2018 20:00:00","BZN|DK1","731.46","n/e"," ","771.21"
"11/03/2018 20:00:00 - 11/03/2018 21:00:00","BZN|DK1","731.25","n/e"," ","779.83"
"11/03/2018 21:00:00 - 11/03/2018 22:00:00","BZN|DK1","727.00","n/e"," ","772.39"
"11/03/2018 22:00:00 - 11/03/2018 23:00:00","BZN|DK1","717.04","n/e"," ","777.90"
"11/03/2018 23:00:00 - 12/03/2018 00:00:00","BZN|DK1","693.71","n/e"," ","776.48"
"12/03/2018 00:00:00 - 12/03/2018 01:00:00","BZN|DK1","704.70","n/e"," ","744.04"
"12/03/2018 01:00:00 - 12/03/2018 02:00:00","BZN|DK1","655.93","n/e"," ","688.62"
"12/03/2018 02:00:00 - 12/03/2018 03:00:00","BZN|DK1","547.10","n/e"," ","562.56"
"12/03/2018 03:00:00 - 12/03/2018 04:00:00","BZN|DK1","364.86","n/e"," ","357.28"
"12/03/2018 04:00:00 - 12/03/2018 05:00:00","BZN|DK1","191.22","n/e"," ","194.71"
"12/03/2018 05:00:00 - 12/03/2018 06:00:00","BZN|DK1","117.93","n/e"," ","128.81"
"12/03/2018 06:00:00 - 12/03/2018 07:00:00","BZN|DK1","104.83","n/e"," ","115.56"
"12/03/2018 07:00:00 - 12/03/2018 08:00:00","BZN|DK1","66.60","n/e"," ","71.71"
"12/03/2018 08:00:00 - 12/03/2018 09:00:00","BZN|DK1","47.68","n/e"," ","57.36"
"12/03/2018 09:00:00 - 12/03/2018 10:00:00","BZN|DK1","27.50","n/e"," ","37.80"
"12/03/2018 10:00:00 - 12/03/2018 11:00:00","BZN|DK1","20.83","n/e"," ","9.11"
"12/03/2018 11:00:00 - 12/03/2018 12:00:00","BZN|DK1","17.00","n/e"," ","12.13"
"12/03/2018 12:00:00 - 12/03/2018 13:00:00","BZN|DK1","15.38","n/e"," ","2.72"
"12/03/2018 13:00:00 - 12/03/2018 14:00:00","BZN|DK1","15.58","n/e"," ","0.04"
"12/03/2018 14:00:00 - 12/03/2018 15:00:00","BZN|DK1","14.00","n/e"," ","0.01"
"12/03/2018 15:00:00 - 12/03/2018 16:00:00","BZN|DK1","12.08","n/e"," ","1.88"
"12/03/2018 16:00:00 - 12/03/2018 17:00:00","BZN|DK1","16.38","n/e"," ","6.20"
"12/03/2018 17:00:00 - 12/03/2018 18:00:00","BZN|DK1","26.83","n/e"," ","6.04"
"12/03/2018 18:00:00 - 12/03/2018 19:00:00","BZN|DK1","40.25","n/e"," ","6.88"
"12/03/2018 19:00:00 - 12/03/2018 20:00:00","BZN|DK1","53.75","n/e"," ","6.76"
"12/03/2018 20:00:00 - 12/03/2018 21:00:00","BZN|DK1","67.00","n/e"," ","10.63"
"12/03/2018 21:00:00 - 12/03/2018 22:00:00","BZN|DK1","79.33","n/e"," ","19.22"
"12/03/2018 22:00:00 - 12/03/2018 23:00:00","BZN|DK1","92.13","n/e"," ","28.44"
"12/03/2018 23:00:00 - 13/03/2018 00:00:00","BZN|DK1","103.42","n/e"," ","49.51"
"13/03/2018 00:00:00 - 13/03/2018 01:00:00","BZN|DK1","93.19","n/e"," ","94.01"
"13/03/2018 01:00:00 - 13/03/2018 02:00:00","BZN|DK1","151.15","n/e"," ","154.89"
"13/03/2018 02:00:00 - 13/03/2018 03:00:00","BZN|DK1","189.05","n/e"," ","198.22"
"13/03/2018 03:00:00 - 13/03/2018 04:00:00","BZN|DK1","202.51","n/e"," ","202.68"
"13/03/2018 04:00:00 - 13/03/2018 05:00:00","BZN|DK1","255.00","n/e"," ","270.43"
"13/03/2018 05:00:00 - 13/03/2018 06:00:00","BZN|DK1","280.06","n/e"," ","294.23"
"13/03/2018 06:00:00 - 13/03/2018 07:00:00","BZN|DK1","261.68","n/e"," ","249.90"
"13/03/2018 07:00:00 - 13/03/2018 08:00:00","BZN|DK1","210.45","n/e"," ","223.12"
"13/03/2018 08:00:00 - 13/03/2018 09:00:00","BZN|DK1","213.53","n/e"," ","209.33"
"13/03/2018 09:00:00 - 13/03/2018 10:00:00","BZN|DK1","220.46","n/e"," ","200.02"
"13/03/2018 10:00:00 - 13/03/2018 11:00:00","BZN|DK1","238.04","n/e"," ","252.38"
"13/03/2018 11:00:00 - 13/03/2018 12:00:00","BZN|DK1","252.08","n/e"," ","235.28"
"13/03/2018 12:00:00 - 13/03/2018 13:00:00","BZN|DK1","267.04","n/e"," ","246.92"
"13/03/2018 13:00:00 - 13/03/2018 14:00:00","BZN|DK1","285.71","n/e"," ","262.25"
"13/03/2018 14:00:00 - 13/03/2018 15:00:00","BZN|DK1","297.63","n/e"," ","256.15"
"13/03/2018 15:00:00 - 13/03/2018 16:00:00","BZN|DK1","302.58","n/e"," ","238.69"
"13/03/2018 16:00:00 - 13/03/2018 17:00:00","BZN|DK1","307.04","n/e"," ","241.65"
"13/03/2018 17:00:00 - 13/03/2018 18:00:00","BZN|DK1","312.58","n/e"," ","288.40"
"13/03/2018 18:00:00 - 13/03/2018 19:00:00","BZN|DK1","305.92","n/e"," ","289.00"
"13/03/2018 19:00:00 - 13/03/2018 20:00:00","BZN|DK1","292.83","n/e"," ","267.56"
"13/03/2018 20:00:00 - 13/03/2018 21:00:00","BZN|DK1","276.21","n/e"," ","267.83"
"13/03/2018 21:00:00 - 13/03/2018 22:00:00","BZN|DK1","260.08","n/e"," ","256.86"
"13/03/2018 22:00:00 - 13/03/2018 23:00:00","BZN|DK1","238.17","n/e"," ","255.82"
"13/03/2018 23:00:00 - 14/03/2018 00:00:00","BZN|DK1","215.54","n/e"," ","204.95"
"14/03/2018 00:00:00 - 14/03/2018 01:00:00","BZN|DK1","167.28","n/e"," ","182.50"
"14/03/2018 01:00:00 - 14/03/2018 02:00:00","BZN|DK1","126.57","n/e"," ","140.13"
"14/03/2018 02:00:00 - 14/03/2018 03:00:00","BZN|DK1","112.56","n/e"," ","126.49"
"14/03/2018 03:00:00 - 14/03/2018 04:00:00","BZN|DK1","147.13","n/e"," ","161.42"
"14/03/2018 04:00:00 - 14/03/2018 05:00:00","BZN|DK1","114.05","n/e"," ","123.82"
"14/03/2018 05:00:00 - 14/03/2018 06:00:00","BZN|DK1","104.95","n/e"," ","116.11"
"14/03/2018 06:00:00 - 14/03/2018 07:00:00","BZN|DK1","94.39","n/e"," ","109.70"
"14/03/2018 07:00:00 - 14/03/2018 08:00:00","BZN|DK1","85.24","n/e"," ","82.07"
"14/03/2018 08:00:00 - 14/03/2018 09:00:00","BZN|DK1","67.67","n/e"," ","85.45"
"14/03/2018 09:00:00 - 14/03/2018 10:00:00","BZN|DK1","31.63","n/e"," ","92.19"
"14/03/2018 10:00:00 - 14/03/2018 11:00:00","BZN|DK1","14.83","n/e"," ","81.97"
"14/03/2018 11:00:00 - 14/03/2018 12:00:00","BZN|DK1","9.58","n/e"," ","64.64"
"14/03/2018 12:00:00 - 14/03/2018 13:00:00","BZN|DK1","5.67","n/e"," ","30.76"
"14/03/2018 13:00:00 - 14/03/2018 14:00:00","BZN|DK1","4.58","n/e"," ","21.50"
"14/03/2018 14:00:00 - 14/03/2018 15:00:00","BZN|DK1","5.29","n/e"," ","15.25"
"14/03/2018 15:00:00 - 14/03/2018 16:00:00","BZN|DK1","7.00","n/e"," ","3.19"
"14/03/2018 16:00:00 - 14/03/2018 17:00:00","BZN|DK1","9.33","n/e"," ","9.62"
"14/03/2018 17:00:00 - 14/03/2018 18:00:00","BZN|DK1","25.29","n/e"," ","45.27"
"14/03/2018 18:00:00 - 14/03/2018 19:00:00","BZN|DK1","58.67","n/e"," ","128.13"
"14/03/2018 19:00:00 - 14/03/2018 20:00:00","BZN|DK1","113.54","n/e"," ","197.70"
"14/03/2018 20:00:00 - 14/03/2018 21:00:00","BZN|DK1","172.21","n/e"," ","184.03"
"14/03/2018 21:00:00 - 14/03/2018 22:00:00","BZN|DK1","225.42","n/e"," ","227.39"
"14/03/2018 22:00:00 - 14/03/2018 23:00:00","BZN|DK1","275.25","n/e"," ","265.43"
"14/03/2018 23:00:00 - 15/03/2018 00:00:00","BZN|DK1","322.21","n/e"," ","337.70"
"15/03/2018 00:00:00 - 15/03/2018 01:00:00","BZN|DK1","311.44","n/e"," ","329.34"
"15/03/2018 01:00:00 - 15/03/2018 02:00:00","BZN|DK1","320.12","n/e"," ","346.81"
"15/03/2018 02:00:00 - 15/03/2018 03:00:00","BZN|DK1","468.46","n/e"," ","519.58"
"15/03/2018 03:00:00 - 15/03/2018 04:00:00","BZN|DK1","516.28","n/e"," ","558.66"
"15/03/2018 04:00:00 - 15/03/2018 05:00:00","BZN|DK1","571.96","n/e"," ","621.79"
"15/03/2018 05:00:00 - 15/03/2018 06:00:00","BZN|DK1","703.29","n/e"," ","764.82"
"15/03/2018 06:00:00 - 15/03/2018 07:00:00","BZN|DK1","734.66","n/e"," ","793.13"
"15/03/2018 07:00:00 - 15/03/2018 08:00:00","BZN|DK1","738.18","n/e"," ","791.02"
"15/03/2018 08:00:00 - 15/03/2018 09:00:00","BZN|DK1","739.94","n/e"," ","789.12"
"15/03/2018 09:00:00 - 15/03/2018 10:00:00","BZN|DK1","739.83","n/e"," ","788.93"
"15/03/2018 10:00:00 - 15/03/2018 11:00:00","BZN|DK1","740.38","n/e"," ","793.34"
"15/03/2018 11:00:00 - 15/03/2018 12:00:00","BZN|DK1","740.17","n/e"," ","795.53"
"15/03/2018 12:00:00 - 15/03/2018 13:00:00","BZN|DK1","739.00","n/e"," ","744.89"
"15/03/2018 13:00:00 - 15/03/2018 14:00:00","BZN|DK1","740.17","n/e"," ","707.21"
"15/03/2018 14:00:00 - 15/03/2018 15:00:00","BZN|DK1","742.42","n/e"," ","674.02"
"15/03/2018 15:00:00 - 15/03/2018 16:00:00","BZN|DK1","744.25","n/e"," ","782.15"
"15/03/2018 16:00:00 - 15/03/2018 17:00:00","BZN|DK1","746.17","n/e"," ","684.62"
"15/03/2018 17:00:00 - 15/03/2018 18:00:00","BZN|DK1","749.75","n/e"," ","682.43"
"15/03/2018 18:00:00 - 15/03/2018 19:00:00","BZN|DK1","753.00","n/e"," ","701.85"
"15/03/2018 19:00:00 - 15/03/2018 20:00:00","BZN|DK1","753.71","n/e"," ","672.50"
"15/03/2018 20:00:00 - 15/03/2018 21:00:00","BZN|DK1","754.00","n/e"," ","616.32"
"15/03/2018 21:00:00 - 15/03/2018 22:00:00","BZN|DK1","753.04","n/e"," ","425.75"
"15/03/2018 22:00:00 - 15/03/2018 23:00:00","BZN|DK1","752.04","n/e"," ","469.83"
"15/03/2018 23:00:00 - 16/03/2018 00:00:00","BZN|DK1","752.46","n/e"," ","650.65"
"16/03/2018 00:00:00 - 16/03/2018 01:00:00","BZN|DK1","638.44","n/e"," ","672.05"
"16/03/2018 01:00:00 - 16/03/2018 02:00:00","BZN|DK1","485.00","n/e"," ","517.83"
"16/03/2018 02:00:00 - 16/03/2018 03:00:00","BZN|DK1","427.23","n/e"," ","463.90"
"16/03/2018 03:00:00 - 16/03/2018 04:00:00","BZN|DK1","601.96","n/e"," ","648.26"
"16/03/2018 04:00:00 - 16/03/2018 05:00:00","BZN|DK1","628.89","n/e"," ","663.76"
"16/03/2018 05:00:00 - 16/03/2018 06:00:00","BZN|DK1","630.98","n/e"," ","665.22"
"16/03/2018 06:00:00 - 16/03/2018 07:00:00","BZN|DK1","630.85","n/e"," ","665.23"
"16/03/2018 07:00:00 - 16/03/2018 08:00:00","BZN|DK1","635.33","n/e"," ","669.75"
"16/03/2018 08:00:00 - 16/03/2018 09:00:00","BZN|DK1","644.96","n/e"," ","672.23"
"16/03/2018 09:00:00 - 16/03/2018 10:00:00","BZN|DK1","745.54","n/e"," ","672.29"
"16/03/2018 10:00:00 - 16/03/2018 11:00:00","BZN|DK1","746.88","n/e"," ","672.32"
"16/03/2018 11:00:00 - 16/03/2018 12:00:00","BZN|DK1","746.67","n/e"," ","672.48"
"16/03/2018 12:00:00 - 16/03/2018 13:00:00","BZN|DK1","747.00","n/e"," ","627.47"
"16/03/2018 13:00:00 - 16/03/2018 14:00:00","BZN|DK1","747.63","n/e"," ","472.05"
"16/03/2018 14:00:00 - 16/03/2018 15:00:00","BZN|DK1","748.04","n/e"," ","602.85"
"16/03/2018 15:00:00 - 16/03/2018 16:00:00","BZN|DK1","749.00","n/e"," ","646.05"
"16/03/2018 16:00:00 - 16/03/2018 17:00:00","BZN|DK1","749.00","n/e"," ","694.22"
"16/03/2018 17:00:00 - 16/03/2018 18:00:00","BZN|DK1","749.00","n/e"," ","694.65"
"16/03/2018 18:00:00 - 16/03/2018 19:00:00","BZN|DK1","749.00","n/e"," ","695.23"
"16/03/2018 19:00:00 - 16/03/2018 20:00:00","BZN|DK1","749.00","n/e"," ","694.80"
"16/03/2018 20:00:00 - 16/03/2018 21:00:00","BZN|DK1","749.00","n/e"," ","698.17"
"16/03/2018 21:00:00 - 16/03/2018 22:00:00","BZN|DK1","749.00","n/e"," ","792.57"
"16/03/2018 22:00:00 - 16/03/2018 23:00:00","BZN|DK1","749.63","n/e"," ","699.29"
"16/03/2018 23:00:00 - 17/03/2018 00:00:00","BZN|DK1","750.00","n/e"," ","695.27"
"17/03/2018 00:00:00 - 17/03/2018 01:00:00","BZN|DK1","589.18","n/e"," ","645.94"
"17/03/2018 01:00:00 - 17/03/2018 02:00:00","BZN|DK1","434.23","n/e"," ","487.73"
"17/03/2018 02:00:00 - 17/03/2018 03:00:00","BZN|DK1","473.36","n/e"," ","532.22"
"17/03/2018 03:00:00 - 17/03/2018 04:00:00","BZN|DK1","629.95","n/e"," ","693.36"
"17/03/2018 04:00:00 - 17/03/2018 05:00:00","BZN|DK1","311.30","n/e"," ","354.45"
"17/03/2018 05:00:00 - 17/03/2018 06:00:00","BZN|DK1","358.68","n/e"," ","414.56"
"17/03/2018 06:00:00 - 17/03/2018 07:00:00","BZN|DK1","275.98","n/e"," ","312.02"
"17/03/2018 07:00:00 - 17/03/2018 08:00:00","BZN|DK1","469.95","n/e"," ","535.85"
"17/03/2018 08:00:00 - 17/03/2018 09:00:00","BZN|DK1","448.16","n/e"," ","481.01"
"17/03/2018 09:00:00 - 17/03/2018 10:00:00","BZN|DK1","741.00","n/e"," ","251.21"
"17/03/2018 10:00:00 - 17/03/2018 11:00:00","BZN|DK1","740.46","n/e"," ","297.45"
"17/03/2018 11:00:00 - 17/03/2018 12:00:00","BZN|DK1","740.00","n/e"," ","460.25"
"17/03/2018 12:00:00 - 17/03/2018 13:00:00","BZN|DK1","740.00","n/e"," ","541.48"
"17/03/2018 13:00:00 - 17/03/2018 14:00:00","BZN|DK1","740.00","n/e"," ","455.29"
"17/03/2018 14:00:00 - 17/03/2018 15:00:00","BZN|DK1","389.83","n/e"," ","227.07"
"17/03/2018 15:00:00 - 17/03/2018 16:00:00","BZN|DK1","740.00","n/e"," ","608.48"
"17/03/2018 16:00:00 - 17/03/2018 17:00:00","BZN|DK1","740.00","n/e"," ","620.31"
"17/03/2018 17:00:00 - 17/03/2018 18:00:00","BZN|DK1","740.67","n/e"," ","658.82"
"17/03/2018 18:00:00 - 17/03/2018 19:00:00","BZN|DK1","740.00","n/e"," ","664.23"
"17/03/2018 19:00:00 - 17/03/2018 20:00:00","BZN|DK1","739.04","n/e"," ","665.41"
"17/03/2018 20:00:00 - 17/03/2018 21:00:00","BZN|DK1","738.71","n/e"," ","664.70"
"17/03/2018 21:00:00 - 17/03/2018 22:00:00","BZN|DK1","388.67","n/e"," ","274.48"
"17/03/2018 22:00:00 - 17/03/2018 23:00:00","BZN|DK1","734.67","n/e"," ","671.66"
"17/03/2018 23:00:00 - 18/03/2018 00:00:00","BZN|DK1","387.83","n/e"," ","309.14"
"18/03/2018 00:00:00 - 18/03/2018 01:00:00","BZN|DK1","301.73","n/e"," ","335.72"
"18/03/2018 01:00:00 - 18/03/2018 02:00:00","BZN|DK1","358.06","n/e"," ","392.33"
"18/03/2018 02:00:00 - 18/03/2018 03:00:00","BZN|DK1","358.11","n/e"," ","405.03"
"18/03/2018 03:00:00 - 18/03/2018 04:00:00","BZN|DK1","353.31","n/e"," ","388.94"
"18/03/2018 04:00:00 - 18/03/2018 05:00:00","BZN|DK1","353.58","n/e"," ","386.46"
"18/03/2018 05:00:00 - 18/03/2018 06:00:00","BZN|DK1","361.46","n/e"," ","391.89"
"18/03/2018 06:00:00 - 18/03/2018 07:00:00","BZN|DK1","614.85","n/e"," ","656.86"
"18/03/2018 07:00:00 - 18/03/2018 08:00:00","BZN|DK1","509.58","n/e"," ","546.54"
"18/03/2018 08:00:00 - 18/03/2018 09:00:00","BZN|DK1","638.18","n/e"," ","582.63"
"18/03/2018 09:00:00 - 18/03/2018 10:00:00","BZN|DK1","594.79","n/e"," ","424.02"
"18/03/2018 10:00:00 - 18/03/2018 11:00:00","BZN|DK1","540.08","n/e"," ","354.07"
"18/03/2018 11:00:00 - 18/03/2018 12:00:00","BZN|DK1","488.92","n/e"," ","337.01"
"18/03/2018 12:00:00 - 18/03/2018 13:00:00","BZN|DK1","434.42","n/e"," ","405.14"
"18/03/2018 13:00:00 - 18/03/2018 14:00:00","BZN|DK1","381.13","n/e"," ","391.64"
"18/03/2018 14:00:00 - 18/03/2018 15:00:00","BZN|DK1","323.83","n/e"," ","397.55"
"18/03/2018 15:00:00 - 18/03/2018 16:00:00","BZN|DK1","272.13","n/e"," ","389.58"
"18/03/2018 16:00:00 - 18/03/2018 17:00:00","BZN|DK1","262.79","n/e"," ","386.19"
"18/03/2018 17:00:00 - 18/03/2018 18:00:00","BZN|DK1","249.33","n/e"," ","383.38"
"18/03/2018 18:00:00 - 18/03/2018 19:00:00","BZN|DK1","227.71","n/e"," ","374.42"
"18/03/2018 19:00:00 - 18/03/2018 20:00:00","BZN|DK1","188.92","n/e"," ","355.62"
"18/03/2018 20:00:00 - 18/03/2018 21:00:00","BZN|DK1","140.25","n/e"," ","310.21"
"18/03/2018 21:00:00 - 18/03/2018 22:00:00","BZN|DK1","102.00","n/e"," ","235.62"
"18/03/2018 22:00:00 - 18/03/2018 23:00:00","BZN|DK1","67.42","n/e"," ","151.59"
"18/03/2018 23:00:00 - 19/03/2018 00:00:00","BZN|DK1","44.58","n/e"," ","88.63"
"19/03/2018 00:00:00 - 19/03/2018 01:00:00","BZN|DK1","57.33","n/e"," ","55.83"
"19/03/2018 01:00:00 - 19/03/2018 02:00:00","BZN|DK1","29.50","n/e"," ","29.64"
"19/03/2018 02:00:00 - 19/03/2018 03:00:00","BZN|DK1","21.01","n/e"," ","21.79"
"19/03/2018 03:00:00 - 19/03/2018 04:00:00","BZN|DK1","6.59","n/e"," ","5.20"
"19/03/2018 04:00:00 - 19/03/2018 05:00:00","BZN|DK1","3.25","n/e"," ","4.41"
"19/03/2018 05:00:00 - 19/03/2018 06:00:00","BZN|DK1","12.34","n/e"," ","17.56"
"19/03/2018 06:00:00 - 19/03/2018 07:00:00","BZN|DK1","43.62","n/e"," ","48.59"
"19/03/2018 07:00:00 - 19/03/2018 08:00:00","BZN|DK1","56.19","n/e"," ","67.29"
"19/03/2018 08:00:00 - 19/03/2018 09:00:00","BZN|DK1","88.48","n/e"," ","103.56"
"19/03/2018 09:00:00 - 19/03/2018 10:00:00","BZN|DK1","106.08","n/e"," ","109.10"
"19/03/2018 10:00:00 - 19/03/2018 11:00:00","BZN|DK1","125.67","n/e"," ","112.16"
"19/03/2018 11:00:00 - 19/03/2018 12:00:00","BZN|DK1","167.46","n/e"," ","137.77"
"19/03/2018 12:00:00 - 19/03/2018 13:00:00","BZN|DK1","231.38","n/e"," ","181.82"
"19/03/2018 13:00:00 - 19/03/2018 14:00:00","BZN|DK1","318.46","n/e"," ","321.11"
"19/03/2018 14:00:00 - 19/03/2018 15:00:00","BZN|DK1","415.04","n/e"," ","448.04"
"19/03/2018 15:00:00 - 19/03/2018 16:00:00","BZN|DK1","509.04","n/e"," ","438.86"
"19/03/2018 16:00:00 - 19/03/2018 17:00:00","BZN|DK1","566.13","n/e"," ","667.10"
"19/03/2018 17:00:00 - 19/03/2018 18:00:00","BZN|DK1","599.88","n/e"," ","714.60"
"19/03/2018 18:00:00 - 19/03/2018 19:00:00","BZN|DK1","637.00","n/e"," ","649.00"
"19/03/2018 19:00:00 - 19/03/2018 20:00:00","BZN|DK1","678.13","n/e"," ","696.79"
"19/03/2018 20:00:00 - 19/03/2018 21:00:00","BZN|DK1","703.21","n/e"," ","707.67"
"19/03/2018 21:00:00 - 19/03/2018 22:00:00","BZN|DK1","721.29","n/e"," ","654.27"
"19/03/2018 22:00:00 - 19/03/2018 23:00:00","BZN|DK1","729.33","n/e"," ","758.82"
"19/03/2018 23:00:00 - 20/03/2018 00:00:00","BZN|DK1","729.92","n/e"," ","767.48"
"20/03/2018 00:00:00 - 20/03/2018 01:00:00","BZN|DK1","713.26","n/e"," ","763.41"
"20/03/2018 01:00:00 - 20/03/2018 02:00:00","BZN|DK1","712.75","n/e"," ","748.05"
"20/03/2018 02:00:00 - 20/03/2018 03:00:00","BZN|DK1","706.82","n/e"," ","727.05"
"20/03/2018 03:00:00 - 20/03/2018 04:00:00","BZN|DK1","711.34","n/e"," ","742.12"
"20/03/2018 04:00:00 - 20/03/2018 05:00:00","BZN|DK1","710.18","n/e"," ","741.09"
"20/03/2018 05:00:00 - 20/03/2018 06:00:00","BZN|DK1","681.99","n/e"," ","735.99"
"20/03/2018 06:00:00 - 20/03/2018 07:00:00","BZN|DK1","647.82","n/e"," ","688.25"
"20/03/2018 07:00:00 - 20/03/2018 08:00:00","BZN|DK1","612.51","n/e"," ","654.51"
"20/03/2018 08:00:00 - 20/03/2018 09:00:00","BZN|DK1","589.43","n/e"," ","662.87"
"20/03/2018 09:00:00 - 20/03/2018 10:00:00","BZN|DK1","515.42","n/e"," ","493.73"
"20/03/2018 10:00:00 - 20/03/2018 11:00:00","BZN|DK1","438.88","n/e"," ","283.09"
"20/03/2018 11:00:00 - 20/03/2018 12:00:00","BZN|DK1","381.29","n/e"," ","254.43"
"20/03/2018 12:00:00 - 20/03/2018 13:00:00","BZN|DK1","337.08","n/e"," ","230.97"
"20/03/2018 13:00:00 - 20/03/2018 14:00:00","BZN|DK1","308.58","n/e"," ","220.66"
"20/03/2018 14:00:00 - 20/03/2018 15:00:00","BZN|DK1","288.54","n/e"," ","230.14"
"20/03/2018 15:00:00 - 20/03/2018 16:00:00","BZN|DK1","268.33","n/e"," ","203.43"
"20/03/2018 16:00:00 - 20/03/2018 17:00:00","BZN|DK1","233.17","n/e"," ","196.31"
"20/03/2018 17:00:00 - 20/03/2018 18:00:00","BZN|DK1","191.42","n/e"," ","200.25"
"20/03/2018 18:00:00 - 20/03/2018 19:00:00","BZN|DK1","137.33","n/e"," ","176.59"
"20/03/2018 19:00:00 - 20/03/2018 20:00:00","BZN|DK1","88.46","n/e"," ","123.65"
"20/03/2018 20:00:00 - 20/03/2018 21:00:00","BZN|DK1","59.21","n/e"," ","58.24"
"20/03/2018 21:00:00 - 20/03/2018 22:00:00","BZN|DK1","44.42","n/e"," ","45.02"
"20/03/2018 22:00:00 - 20/03/2018 23:00:00","BZN|DK1","46.67","n/e"," ","43.28"
"20/03/2018 23:00:00 - 21/03/2018 00:00:00","BZN|DK1","60.00","n/e"," ","60.99"
"21/03/2018 00:00:00 - 21/03/2018 01:00:00","BZN|DK1","90.92","n/e"," ","103.49"
"21/03/2018 01:00:00 - 21/03/2018 02:00:00","BZN|DK1","123.77","n/e"," ","124.37"
"21/03/2018 02:00:00 - 21/03/2018 03:00:00","BZN|DK1","127.87","n/e"," ","137.09"
"21/03/2018 03:00:00 - 21/03/2018 04:00:00","BZN|DK1","213.32","n/e"," ","216.86"
"21/03/2018 04:00:00 - 21/03/2018 05:00:00","BZN|DK1","335.64","n/e"," ","363.35"
"21/03/2018 05:00:00 - 21/03/2018 06:00:00","BZN|DK1","339.19","n/e"," ","353.64"
"21/03/2018 06:00:00 - 21/03/2018 07:00:00","BZN|DK1","417.82","n/e"," ","445.21"
"21/03/2018 07:00:00 - 21/03/2018 08:00:00","BZN|DK1","436.50","n/e"," ","446.91"
"21/03/2018 08:00:00 - 21/03/2018 09:00:00","BZN|DK1","436.18","n/e"," ","366.24"
"21/03/2018 09:00:00 - 21/03/2018 10:00:00","BZN|DK1","428.79","n/e"," ","309.67"
"21/03/2018 10:00:00 - 21/03/2018 11:00:00","BZN|DK1","465.83","n/e"," ","320.64"
"21/03/2018 11:00:00 - 21/03/2018 12:00:00","BZN|DK1","505.96","n/e"," ","344.76"
"21/03/2018 12:00:00 - 21/03/2018 13:00:00","BZN|DK1","536.50","n/e"," ","392.83"
"21/03/2018 13:00:00 - 21/03/2018 14:00:00","BZN|DK1","546.96","n/e"," ","553.59"
"21/03/2018 14:00:00 - 21/03/2018 15:00:00","BZN|DK1","548.79","n/e"," ","572.98"
"21/03/2018 15:00:00 - 21/03/2018 16:00:00","BZN|DK1","554.54","n/e"," ","608.36"
"21/03/2018 16:00:00 - 21/03/2018 17:00:00","BZN|DK1","587.58","n/e"," ","678.22"
"21/03/2018 17:00:00 - 21/03/2018 18:00:00","BZN|DK1","642.29","n/e"," ","726.86"
"21/03/2018 18:00:00 - 21/03/2018 19:00:00","BZN|DK1","681.25","n/e"," ","746.66"
"21/03/2018 19:00:00 - 21/03/2018 20:00:00","BZN|DK1","698.63","n/e"," ","726.42"
"21/03/2018 20:00:00 - 21/03/2018 21:00:00","BZN|DK1","703.25","n/e"," ","733.67"
"21/03/2018 21:00:00 - 21/03/2018 22:00:00","BZN|DK1","699.83","n/e"," ","713.12"
"21/03/2018 22:00:00 - 21/03/2018 23:00:00","BZN|DK1","693.08","n/e"," ","532.31"
"21/03/2018 23:00:00 - 22/03/2018 00:00:00","BZN|DK1","686.63","n/e"," ","661.08"
"22/03/2018 00:00:00 - 22/03/2018 01:00:00","BZN|DK1","611.99","n/e"," ","660.22"
"22/03/2018 01:00:00 - 22/03/2018 02:00:00","BZN|DK1","577.24","n/e"," ","610.54"
"22/03/2018 02:00:00 - 22/03/2018 03:00:00","BZN|DK1","541.70","n/e"," ","573.50"
"22/03/2018 03:00:00 - 22/03/2018 04:00:00","BZN|DK1","525.18","n/e"," ","555.38"
"22/03/2018 04:00:00 - 22/03/2018 05:00:00","BZN|DK1","494.84","n/e"," ","526.34"
"22/03/2018 05:00:00 - 22/03/2018 06:00:00","BZN|DK1","426.74","n/e"," ","442.93"
"22/03/2018 06:00:00 - 22/03/2018 07:00:00","BZN|DK1","345.29","n/e"," ","361.29"
"22/03/2018 07:00:00 - 22/03/2018 08:00:00","BZN|DK1","302.97","n/e"," ","306.10"
"22/03/2018 08:00:00 - 22/03/2018 09:00:00","BZN|DK1","305.69","n/e"," ","284.41"
"22/03/2018 09:00:00 - 22/03/2018 10:00:00","BZN|DK1","316.13","n/e"," ","258.96"
"22/03/2018 10:00:00 - 22/03/2018 11:00:00","BZN|DK1","286.67","n/e"," ","199.23"
"22/03/2018 11:00:00 - 22/03/2018 12:00:00","BZN|DK1","247.54","n/e"," ","162.98"
"22/03/2018 12:00:00 - 22/03/2018 13:00:00","BZN|DK1","221.38","n/e"," ","159.62"
"22/03/2018 13:00:00 - 22/03/2018 14:00:00","BZN|DK1","197.75","n/e"," ","165.80"
"22/03/2018 14:00:00 - 22/03/2018 15:00:00","BZN|DK1","172.50","n/e"," ","130.50"
"22/03/2018 15:00:00 - 22/03/2018 16:00:00","BZN|DK1","145.67","n/e"," ","71.90"
"22/03/2018 16:00:00 - 22/03/2018 17:00:00","BZN|DK1","113.67","n/e"," ","58.89"
"22/03/2018 17:00:00 - 22/03/2018 18:00:00","BZN|DK1","83.96","n/e"," ","58.77"
"22/03/2018 18:00:00 - 22/03/2018 19:00:00","BZN|DK1","57.92","n/e"," ","30.68"
"22/03/2018 19:00:00 - 22/03/2018 20:00:00","BZN|DK1","33.25","n/e"," ","37.81"
"22/03/2018 20:00:00 - 22/03/2018 21:00:00","BZN|DK1","16.13","n/e"," ","16.59"
"22/03/2018 21:00:00 - 22/03/2018 22:00:00","BZN|DK1","8.79","n/e"," ","13.18"
"22/03/2018 22:00:00 - 22/03/2018 23:00:00","BZN|DK1","7.13","n/e"," ","25.40"
"22/03/2018 23:00:00 - 23/03/2018 00:00:00","BZN|DK1","8.42","n/e"," ","13.56"
"23/03/2018 00:00:00 - 23/03/2018 01:00:00","BZN|DK1","16.85","n/e"," ","14.61"
"23/03/2018 01:00:00 - 23/03/2018 02:00:00","BZN|DK1","17.11","n/e"," ","10.31"
"23/03/2018 02:00:00 - 23/03/2018 03:00:00","BZN|DK1","2.59","n/e"," ","1.71"
"23/03/2018 03:00:00 - 23/03/2018 04:00:00","BZN|DK1","6.66","n/e"," ","5.09"
"23/03/2018 04:00:00 - 23/03/2018 05:00:00","BZN|DK1","21.35","n/e"," ","22.16"
"23/03/2018 05:00:00 - 23/03/2018 06:00:00","BZN|DK1","56.27","n/e"," ","58.10"
"23/03/2018 06:00:00 - 23/03/2018 07:00:00","BZN|DK1","72.18","n/e"," ","74.66"
"23/03/2018 07:00:00 - 23/03/2018 08:00:00","BZN|DK1","104.52","n/e"," ","105.45"
"23/03/2018 08:00:00 - 23/03/2018 09:00:00","BZN|DK1","156.48","n/e"," ","173.18"
"23/03/2018 09:00:00 - 23/03/2018 10:00:00","BZN|DK1","215.58","n/e"," ","236.57"
"23/03/2018 10:00:00 - 23/03/2018 11:00:00","BZN|DK1","251.04","n/e"," ","282.94"
"23/03/2018 11:00:00 - 23/03/2018 12:00:00","BZN|DK1","307.00","n/e"," ","328.50"
"23/03/2018 12:00:00 - 23/03/2018 13:00:00","BZN|DK1","359.50","n/e"," ","349.50"
"23/03/2018 13:00:00 - 23/03/2018 14:00:00","BZN|DK1","396.54","n/e"," ","384.68"
"23/03/2018 14:00:00 - 23/03/2018 15:00:00","BZN|DK1","417.67","n/e"," ","396.08"
"23/03/2018 15:00:00 - 23/03/2018 16:00:00","BZN|DK1","444.79","n/e"," ","425.70"
"23/03/2018 16:00:00 - 23/03/2018 17:00:00","BZN|DK1","484.58","n/e"," ","447.57"
"23/03/2018 17:00:00 - 23/03/2018 18:00:00","BZN|DK1","533.50","n/e"," ","543.05"
"23/03/2018 18:00:00 - 23/03/2018 19:00:00","BZN|DK1","562.04","n/e"," ","510.29"
"23/03/2018 19:00:00 - 23/03/2018 20:00:00","BZN|DK1","567.33","n/e"," ","516.30"
"23/03/2018 20:00:00 - 23/03/2018 21:00:00","BZN|DK1","561.92","n/e"," ","538.53"
"23/03/2018 21:00:00 - 23/03/2018 22:00:00","BZN|DK1","547.54","n/e"," ","550.55"
"23/03/2018 22:00:00 - 23/03/2018 23:00:00","BZN|DK1","519.75","n/e"," ","520.13"
"23/03/2018 23:00:00 - 24/03/2018 00:00:00","BZN|DK1","493.21","n/e"," ","465.11"
"24/03/2018 00:00:00 - 24/03/2018 01:00:00","BZN|DK1","424.23","n/e"," ","452.94"
"24/03/2018 01:00:00 - 24/03/2018 02:00:00","BZN|DK1","359.31","n/e"," ","377.37"
"24/03/2018 02:00:00 - 24/03/2018 03:00:00","BZN|DK1","277.56","n/e"," ","301.28"
"24/03/2018 03:00:00 - 24/03/2018 04:00:00","BZN|DK1","280.47","n/e"," ","301.15"
"24/03/2018 04:00:00 - 24/03/2018 05:00:00","BZN|DK1","295.96","n/e"," ","311.53"
"24/03/2018 05:00:00 - 24/03/2018 06:00:00","BZN|DK1","303.58","n/e"," ","318.40"
"24/03/2018 06:00:00 - 24/03/2018 07:00:00","BZN|DK1","262.25","n/e"," ","273.19"
"24/03/2018 07:00:00 - 24/03/2018 08:00:00","BZN|DK1","237.69","n/e"," ","252.35"
"24/03/2018 08:00:00 - 24/03/2018 09:00:00","BZN|DK1","247.96","n/e"," ","264.61"
"24/03/2018 09:00:00 - 24/03/2018 10:00:00","BZN|DK1","266.71","n/e"," ","263.51"
"24/03/2018 10:00:00 - 24/03/2018 11:00:00","BZN|DK1","280.08","n/e"," ","247.08"
"24/03/2018 11:00:00 - 24/03/2018 12:00:00","BZN|DK1","281.33","n/e"," ","233.97"
"24/03/2018 12:00:00 - 24/03/2018 13:00:00","BZN|DK1","276.58","n/e"," ","210.53"
"24/03/2018 13:00:00 - 24/03/2018 14:00:00","BZN|DK1","259.75","n/e"," ","185.42"
"24/03/2018 14:00:00 - 24/03/2018 15:00:00","BZN|DK1","222.04","n/e"," ","171.59"
"24/03/2018 15:00:00 - 24/03/2018 16:00:00","BZN|DK1","203.33","n/e"," ","172.79"
"24/03/2018 16:00:00 - 24/03/2018 17:00:00","BZN|DK1","194.42","n/e"," ","178.94"
"24/03/2018 17:00:00 - 24/03/2018 18:00:00","BZN|DK1","198.46","n/e"," ","185.21"
"24/03/2018 18:00:00 - 24/03/2018 19:00:00","BZN|DK1","186.00","n/e"," ","180.95"
"24/03/2018 19:00:00 - 24/03/2018 20:00:00","BZN|DK1","170.00","n/e"," ","162.13"
"24/03/2018 20:00:00 - 24/03/2018 21:00:00","BZN|DK1","151.42","n/e"," ","168.19"
"24/03/2018 21:00:00 - 24/03/2018 22:00:00","BZN|DK1","132.42","n/e"," ","114.81"
"24/03/2018 22:00:00 - 24/03/2018 23:00:00","BZN|DK1","116.83","n/e"," ","117.70"
"24/03/2018 23:00:00 - 25/03/2018 00:00:00","BZN|DK1","104.71","n/e"," ","109.21"
"25/03/2018 00:00:00 - 25/03/2018 01:00:00 (CET)","BZN|DK1","102.49","n/e"," ","100.42"
"25/03/2018 01:00:00 (CET) - 25/03/2018 03:00:00 (CEST)","BZN|DK1","109.68","n/e"," ","107.29"
"25/03/2018 03:00:00 (CEST) - 25/03/2018 04:00:00","BZN|DK1","72.28","n/e"," ","69.20"
"25/03/2018 04:00:00 - 25/03/2018 05:00:00","BZN|DK1","54.83","n/e"," ","57.06"
"25/03/2018 05:00:00 - 25/03/2018 06:00:00","BZN|DK1","56.09","n/e"," ","55.81"
"25/03/2018 06:00:00 - 25/03/2018 07:00:00","BZN|DK1","49.33","n/e"," ","51.70"
"25/03/2018 07:00:00 - 25/03/2018 08:00:00","BZN|DK1","50.49","n/e"," ","49.73"
"25/03/2018 08:00:00 - 25/03/2018 09:00:00","BZN|DK1","53.77","n/e"," ","27.77"
"25/03/2018 09:00:00 - 25/03/2018 10:00:00","BZN|DK1","50.17","n/e"," ","22.77"
"25/03/2018 10:00:00 - 25/03/2018 11:00:00","BZN|DK1","42.46","n/e"," ","19.54"
"25/03/2018 11:00:00 - 25/03/2018 12:00:00","BZN|DK1","37.50","n/e"," ","22.57"
"25/03/2018 12:00:00 - 25/03/2018 13:00:00","BZN|DK1","33.46","n/e"," ","25.54"
"25/03/2018 13:00:00 - 25/03/2018 14:00:00","BZN|DK1","30.75","n/e"," ","15.11"
"25/03/2018 14:00:00 - 25/03/2018 15:00:00","BZN|DK1","31.42","n/e"," ","5.73"
"25/03/2018 15:00:00 - 25/03/2018 16:00:00","BZN|DK1","33.92","n/e"," ","1.97"
"25/03/2018 16:00:00 - 25/03/2018 17:00:00","BZN|DK1","41.79","n/e"," ","8.35"
"25/03/2018 17:00:00 - 25/03/2018 18:00:00","BZN|DK1","54.33","n/e"," ","10.94"
"25/03/2018 18:00:00 - 25/03/2018 19:00:00","BZN|DK1","64.29","n/e"," ","17.18"
"25/03/2018 19:00:00 - 25/03/2018 20:00:00","BZN|DK1","78.83","n/e"," ","13.75"
"25/03/2018 20:00:00 - 25/03/2018 21:00:00","BZN|DK1","94.50","n/e"," ","25.06"
"25/03/2018 21:00:00 - 25/03/2018 22:00:00","BZN|DK1","113.54","n/e"," ","41.18"
"25/03/2018 22:00:00 - 25/03/2018 23:00:00","BZN|DK1","134.21","n/e"," ","133.41"
"25/03/2018 23:00:00 - 26/03/2018 00:00:00","BZN|DK1","155.79","n/e"," ","157.33"
"26/03/2018 00:00:00 - 26/03/2018 01:00:00","BZN|DK1","147.28","n/e"," ","154.32"
"26/03/2018 01:00:00 - 26/03/2018 02:00:00","BZN|DK1","155.24","n/e"," ","169.83"
"26/03/2018 02:00:00 - 26/03/2018 03:00:00","BZN|DK1","196.64","n/e"," ","208.97"
"26/03/2018 03:00:00 - 26/03/2018 04:00:00","BZN|DK1","142.78","n/e"," ","150.52"
"26/03/2018 04:00:00 - 26/03/2018 05:00:00","BZN|DK1","56.81","n/e"," ","64.97"
"26/03/2018 05:00:00 - 26/03/2018 06:00:00","BZN|DK1","45.21","n/e"," ","53.94"
"26/03/2018 06:00:00 - 26/03/2018 07:00:00","BZN|DK1","66.63","n/e"," ","73.45"
"26/03/2018 07:00:00 - 26/03/2018 08:00:00","BZN|DK1","121.71","n/e"," ","128.61"
"26/03/2018 08:00:00 - 26/03/2018 09:00:00","BZN|DK1","130.76","n/e"," ","104.00"
"26/03/2018 09:00:00 - 26/03/2018 10:00:00","BZN|DK1","89.83","n/e"," ","110.03"
"26/03/2018 10:00:00 - 26/03/2018 11:00:00","BZN|DK1","58.46","n/e"," ","153.05"
"26/03/2018 11:00:00 - 26/03/2018 12:00:00","BZN|DK1","52.46","n/e"," ","143.33"
"26/03/2018 12:00:00 - 26/03/2018 13:00:00","BZN|DK1","48.67","n/e"," ","75.18"
"26/03/2018 13:00:00 - 26/03/2018 14:00:00","BZN|DK1","44.04","n/e"," ","75.27"
"26/03/2018 14:00:00 - 26/03/2018 15:00:00","BZN|DK1","39.08","n/e"," ","59.36"
"26/03/2018 15:00:00 - 26/03/2018 16:00:00","BZN|DK1","35.63","n/e"," ","49.94"
"26/03/2018 16:00:00 - 26/03/2018 17:00:00","BZN|DK1","32.21","n/e"," ","56.77"
"26/03/2018 17:00:00 - 26/03/2018 18:00:00","BZN|DK1","31.83","n/e"," ","57.27"
"26/03/2018 18:00:00 - 26/03/2018 19:00:00","BZN|DK1","26.46","n/e"," ","78.94"
"26/03/2018 19:00:00 - 26/03/2018 20:00:00","BZN|DK1","19.83","n/e"," ","54.33"
"26/03/2018 20:00:00 - 26/03/2018 21:00:00","BZN|DK1","13.79","n/e"," ","19.57"
"26/03/2018 21:00:00 - 26/03/2018 22:00:00","BZN|DK1","11.08","n/e"," ","18.31"
"26/03/2018 22:00:00 - 26/03/2018 23:00:00","BZN|DK1","11.29","n/e"," ","35.20"
"26/03/2018 23:00:00 - 27/03/2018 00:00:00","BZN|DK1","16.75","n/e"," ","23.22"
"27/03/2018 00:00:00 - 27/03/2018 01:00:00","BZN|DK1","13.53","n/e"," ","12.96"
"27/03/2018 01:00:00 - 27/03/2018 02:00:00","BZN|DK1","4.51","n/e"," ","5.01"
"27/03/2018 02:00:00 - 27/03/2018 03:00:00","BZN|DK1","1.04","n/e"," ","3.08"
"27/03/2018 03:00:00 - 27/03/2018 04:00:00","BZN|DK1","1.83","n/e"," ","4.58"
"27/03/2018 04:00:00 - 27/03/2018 05:00:00","BZN|DK1","1.02","n/e"," ","2.13"
"27/03/2018 05:00:00 - 27/03/2018 06:00:00","BZN|DK1","1.16","n/e"," ","1.11"
"27/03/2018 06:00:00 - 27/03/2018 07:00:00","BZN|DK1","2.27","n/e"," ","1.25"
"27/03/2018 07:00:00 - 27/03/2018 08:00:00","BZN|DK1","6.12","n/e"," ","2.02"
"27/03/2018 08:00:00 - 27/03/2018 09:00:00","BZN|DK1","50.91","n/e"," ","4.23"
"27/03/2018 09:00:00 - 27/03/2018 10:00:00","BZN|DK1","124.38","n/e"," ","25.52"
"27/03/2018 10:00:00 - 27/03/2018 11:00:00","BZN|DK1","116.00","n/e"," ","77.89"
"27/03/2018 11:00:00 - 27/03/2018 12:00:00","BZN|DK1","126.96","n/e"," ","149.66"
"27/03/2018 12:00:00 - 27/03/2018 13:00:00","BZN|DK1","162.96","n/e"," ","177.92"
"27/03/2018 13:00:00 - 27/03/2018 14:00:00","BZN|DK1","213.83","n/e"," ","315.76"
"27/03/2018 14:00:00 - 27/03/2018 15:00:00","BZN|DK1","256.58","n/e"," ","353.65"
"27/03/2018 15:00:00 - 27/03/2018 16:00:00","BZN|DK1","260.17","n/e"," ","318.20"
"27/03/2018 16:00:00 - 27/03/2018 17:00:00","BZN|DK1","287.75","n/e"," ","368.13"
"27/03/2018 17:00:00 - 27/03/2018 18:00:00","BZN|DK1","338.50","n/e"," ","391.98"
"27/03/2018 18:00:00 - 27/03/2018 19:00:00","BZN|DK1","394.00","n/e"," ","439.65"
"27/03/2018 19:00:00 - 27/03/2018 20:00:00","BZN|DK1","472.71","n/e"," ","608.02"
"27/03/2018 20:00:00 - 27/03/2018 21:00:00","BZN|DK1","560.25","n/e"," ","692.40"
"27/03/2018 21:00:00 - 27/03/2018 22:00:00","BZN|DK1","635.33","n/e"," ","714.59"
"27/03/2018 22:00:00 - 27/03/2018 23:00:00","BZN|DK1","688.08","n/e"," ","696.60"
"27/03/2018 23:00:00 - 28/03/2018 00:00:00","BZN|DK1","711.88","n/e"," ","723.61"
"28/03/2018 00:00:00 - 28/03/2018 01:00:00","BZN|DK1","682.67","n/e"," ","746.15"
"28/03/2018 01:00:00 - 28/03/2018 02:00:00","BZN|DK1","685.25","n/e"," ","753.17"
"28/03/2018 02:00:00 - 28/03/2018 03:00:00","BZN|DK1","689.14","n/e"," ","760.85"
"28/03/2018 03:00:00 - 28/03/2018 04:00:00","BZN|DK1","703.34","n/e"," ","777.98"
"28/03/2018 04:00:00 - 28/03/2018 05:00:00","BZN|DK1","710.09","n/e"," ","781.56"
"28/03/2018 05:00:00 - 28/03/2018 06:00:00","BZN|DK1","712.48","n/e"," ","786.26"
"28/03/2018 06:00:00 - 28/03/2018 07:00:00","BZN|DK1","715.15","n/e"," ","787.55"
"28/03/2018 07:00:00 - 28/03/2018 08:00:00","BZN|DK1","713.87","n/e"," ","769.71"
"28/03/2018 08:00:00 - 28/03/2018 09:00:00","BZN|DK1","643.24","n/e"," ","693.77"
"28/03/2018 09:00:00 - 28/03/2018 10:00:00","BZN|DK1","718.46","n/e"," ","695.11"
"28/03/2018 10:00:00 - 28/03/2018 11:00:00","BZN|DK1","726.79","n/e"," ","767.85"
"28/03/2018 11:00:00 - 28/03/2018 12:00:00","BZN|DK1","731.00","n/e"," ","767.48"
"28/03/2018 12:00:00 - 28/03/2018 13:00:00","BZN|DK1","733.92","n/e"," ","768.09"
"28/03/2018 13:00:00 - 28/03/2018 14:00:00","BZN|DK1","735.92","n/e"," ","768.21"
"28/03/2018 14:00:00 - 28/03/2018 15:00:00","BZN|DK1","736.96","n/e"," ","764.10"
"28/03/2018 15:00:00 - 28/03/2018 16:00:00","BZN|DK1","738.25","n/e"," ","765.50"
"28/03/2018 16:00:00 - 28/03/2018 17:00:00","BZN|DK1","739.96","n/e"," ","766.70"
"28/03/2018 17:00:00 - 28/03/2018 18:00:00","BZN|DK1","740.96","n/e"," ","764.18"
"28/03/2018 18:00:00 - 28/03/2018 19:00:00","BZN|DK1","743.04","n/e"," ","766.26"
"28/03/2018 19:00:00 - 28/03/2018 20:00:00","BZN|DK1","744.00","n/e"," ","766.26"
"28/03/2018 20:00:00 - 28/03/2018 21:00:00","BZN|DK1","744.00","n/e"," ","766.57"
"28/03/2018 21:00:00 - 28/03/2018 22:00:00","BZN|DK1","744.00","n/e"," ","765.68"
"28/03/2018 22:00:00 - 28/03/2018 23:00:00","BZN|DK1","744.00","n/e"," ","767.38"
"28/03/2018 23:00:00 - 29/03/2018 00:00:00","BZN|DK1","741.71","n/e"," ","710.73"
"29/03/2018 00:00:00 - 29/03/2018 01:00:00","BZN|DK1","695.22","n/e"," ","746.15"
"29/03/2018 01:00:00 - 29/03/2018 02:00:00","BZN|DK1","714.59","n/e"," ","764.68"
"29/03/2018 02:00:00 - 29/03/2018 03:00:00","BZN|DK1","701.79","n/e"," ","771.65"
"29/03/2018 03:00:00 - 29/03/2018 04:00:00","BZN|DK1","672.53","n/e"," ","720.73"
"29/03/2018 04:00:00 - 29/03/2018 05:00:00","BZN|DK1","624.73","n/e"," ","687.52"
"29/03/2018 05:00:00 - 29/03/2018 06:00:00","BZN|DK1","612.26","n/e"," ","673.52"
"29/03/2018 06:00:00 - 29/03/2018 07:00:00","BZN|DK1","608.87","n/e"," ","660.40"
"29/03/2018 07:00:00 - 29/03/2018 08:00:00","BZN|DK1","596.38","n/e"," ","649.83"
"29/03/2018 08:00:00 - 29/03/2018 09:00:00","BZN|DK1","606.90","n/e"," ","650.82"
"29/03/2018 09:00:00 - 29/03/2018 10:00:00","BZN|DK1","633.58","n/e"," ","633.23"
"29/03/2018 10:00:00 - 29/03/2018 11:00:00","BZN|DK1","659.25","n/e"," ","631.51"
"29/03/2018 11:00:00 - 29/03/2018 12:00:00","BZN|DK1","648.42","n/e"," ","604.42"
"29/03/2018 12:00:00 - 29/03/2018 13:00:00","BZN|DK1","625.63","n/e"," ","582.89"
"29/03/2018 13:00:00 - 29/03/2018 14:00:00","BZN|DK1","595.67","n/e"," ","564.06"
"29/03/2018 14:00:00 - 29/03/2018 15:00:00","BZN|DK1","573.13","n/e"," ","541.93"
"29/03/2018 15:00:00 - 29/03/2018 16:00:00","BZN|DK1","553.67","n/e"," ","483.05"
"29/03/2018 16:00:00 - 29/03/2018 17:00:00","BZN|DK1","533.71","n/e"," ","475.73"
"29/03/2018 17:00:00 - 29/03/2018 18:00:00","BZN|DK1","530.29","n/e"," ","489.44"
"29/03/2018 18:00:00 - 29/03/2018 19:00:00","BZN|DK1","530.33","n/e"," ","466.72"
"29/03/2018 19:00:00 - 29/03/2018 20:00:00","BZN|DK1","527.21","n/e"," ","477.12"
"29/03/2018 20:00:00 - 29/03/2018 21:00:00","BZN|DK1","507.33","n/e"," ","399.84"
"29/03/2018 21:00:00 - 29/03/2018 22:00:00","BZN|DK1","480.50","n/e"," ","332.30"
"29/03/2018 22:00:00 - 29/03/2018 23:00:00","BZN|DK1","445.25","n/e"," ","265.71"
"29/03/2018 23:00:00 - 30/03/2018 00:00:00","BZN|DK1","402.92","n/e"," ","280.84"
"30/03/2018 00:00:00 - 30/03/2018 01:00:00","BZN|DK1","234.70","n/e"," ","245.44"
"30/03/2018 01:00:00 - 30/03/2018 02:00:00","BZN|DK1","182.75","n/e"," ","187.17"
"30/03/2018 02:00:00 - 30/03/2018 03:00:00","BZN|DK1","135.15","n/e"," ","144.25"
"30/03/2018 03:00:00 - 30/03/2018 04:00:00","BZN|DK1","161.99","n/e"," ","172.11"
"30/03/2018 04:00:00 - 30/03/2018 05:00:00","BZN|DK1","161.86","n/e"," ","176.76"
"30/03/2018 05:00:00 - 30/03/2018 06:00:00","BZN|DK1","173.78","n/e"," ","176.46"
"30/03/2018 06:00:00 - 30/03/2018 07:00:00","BZN|DK1","169.63","n/e"," ","174.67"
"30/03/2018 07:00:00 - 30/03/2018 08:00:00","BZN|DK1","157.75","n/e"," ","164.43"
"30/03/2018 08:00:00 - 30/03/2018 09:00:00","BZN|DK1","165.08","n/e"," ","146.77"
"30/03/2018 09:00:00 - 30/03/2018 10:00:00","BZN|DK1","160.83","n/e"," ","133.62"
"30/03/2018 10:00:00 - 30/03/2018 11:00:00","BZN|DK1","154.50","n/e"," ","145.32"
"30/03/2018 11:00:00 - 30/03/2018 12:00:00","BZN|DK1","145.63","n/e"," ","159.04"
"30/03/2018 12:00:00 - 30/03/2018 13:00:00","BZN|DK1","145.92","n/e"," ","146.70"
"30/03/2018 13:00:00 - 30/03/2018 14:00:00","BZN|DK1","152.13","n/e"," ","145.17"
"30/03/2018 14:00:00 - 30/03/2018 15:00:00","BZN|DK1","155.88","n/e"," ","142.49"
"30/03/2018 15:00:00 - 30/03/2018 16:00:00","BZN|DK1","162.25","n/e"," ","184.97"
"30/03/2018 16:00:00 - 30/03/2018 17:00:00","BZN|DK1","172.33","n/e"," ","211.92"
"30/03/2018 17:00:00 - 30/03/2018 18:00:00","BZN|DK1","191.42","n/e"," ","247.91"
"30/03/2018 18:00:00 - 30/03/2018 19:00:00","BZN|DK1","214.50","n/e"," ","331.80"
"30/03/2018 19:00:00 - 30/03/2018 20:00:00","BZN|DK1","242.67","n/e"," ","401.81"
"30/03/2018 20:00:00 - 30/03/2018 21:00:00","BZN|DK1","270.75","n/e"," ","393.26"
"30/03/2018 21:00:00 - 30/03/2018 22:00:00","BZN|DK1","300.96","n/e"," ","381.93"
"30/03/2018 22:00:00 - 30/03/2018 23:00:00","BZN|DK1","328.58","n/e"," ","404.88"
"30/03/2018 23:00:00 - 31/03/2018 00:00:00","BZN|DK1","355.38","n/e"," ","429.06"
"31/03/2018 00:00:00 - 31/03/2018 01:00:00","BZN|DK1","367.39","n/e"," ","403.12"
"31/03/2018 01:00:00 - 31/03/2018 02:00:00","BZN|DK1","393.53","n/e"," ","423.76"
"31/03/2018 02:00:00 - 31/03/2018 03:00:00","BZN|DK1","400.65","n/e"," ","427.81"
"31/03/2018 03:00:00 - 31/03/2018 04:00:00","BZN|DK1","399.20","n/e"," ","423.88"
"31/03/2018 04:00:00 - 31/03/2018 05:00:00","BZN|DK1","391.87","n/e"," ","418.43"
"31/03/2018 05:00:00 - 31/03/2018 06:00:00","BZN|DK1","442.78","n/e"," ","474.10"
"31/03/2018 06:00:00 - 31/03/2018 07:00:00","BZN|DK1","440.05","n/e"," ","468.56"
"31/03/2018 07:00:00 - 31/03/2018 08:00:00","BZN|DK1","439.64","n/e"," ","483.32"
"31/03/2018 08:00:00 - 31/03/2018 09:00:00","BZN|DK1","459.65","n/e"," ","501.76"
"31/03/2018 09:00:00 - 31/03/2018 10:00:00","BZN|DK1","462.50","n/e"," ","591.21"
"31/03/2018 10:00:00 - 31/03/2018 11:00:00","BZN|DK1","483.79","n/e"," ","718.44"
"31/03/2018 11:00:00 - 31/03/2018 12:00:00","BZN|DK1","483.17","n/e"," ","552.14"
"31/03/2018 12:00:00 - 31/03/2018 13:00:00","BZN|DK1","461.42","n/e"," ","494.78"
"31/03/2018 13:00:00 - 31/03/2018 14:00:00","BZN|DK1","428.04","n/e"," ","464.64"
"31/03/2018 14:00:00 - 31/03/2018 15:00:00","BZN|DK1","385.38","n/e"," ","385.66"
"31/03/2018 15:00:00 - 31/03/2018 16:00:00","BZN|DK1","340.25","n/e"," ","354.74"
"31/03/2018 16:00:00 - 31/03/2018 17:00:00","BZN|DK1","310.50","n/e"," ","299.81"
"31/03/2018 17:00:00 - 31/03/2018 18:00:00","BZN|DK1","302.88","n/e"," ","253.94"
"31/03/2018 18:00:00 - 31/03/2018 19:00:00","BZN|DK1","297.54","n/e"," ","266.86"
"31/03/2018 19:00:00 - 31/03/2018 20:00:00","BZN|DK1","291.58","n/e"," ","243.69"
"31/03/2018 20:00:00 - 31/03/2018 21:00:00","BZN|DK1","275.83","n/e"," ","240.34"
"31/03/2018 21:00:00 - 31/03/2018 22:00:00","BZN|DK1","262.58","n/e"," ","189.21"
"31/03/2018 22:00:00 - 31/03/2018 23:00:00","BZN|DK1","257.25","n/e"," ","168.54"
"31/03/2018 23:00:00 - 01/04/2018 00:00:00","BZN|DK1","258.42","n/e"," ","137.52"
"01/04/2018 00:00:00 - 01/04/2018 01:00:00","BZN|DK1","128.88","n/e"," ","138.07"
"01/04/2018 01:00:00 - 01/04/2018 02:00:00","BZN|DK1","133.50","n/e"," ","149.62"
"01/04/2018 02:00:00 - 01/04/2018 03:00:00","BZN|DK1","158.05","n/e"," ","170.82"
"01/04/2018 03:00:00 - 01/04/2018 04:00:00","BZN|DK1","142.00","n/e"," ","156.89"
"01/04/2018 04:00:00 - 01/04/2018 05:00:00","BZN|DK1","137.08","n/e"," ","152.11"
"01/04/2018 05:00:00 - 01/04/2018 06:00:00","BZN|DK1","108.87","n/e"," ","126.01"
"01/04/2018 06:00:00 - 01/04/2018 07:00:00","BZN|DK1","128.81","n/e"," ","152.54"
"01/04/2018 07:00:00 - 01/04/2018 08:00:00","BZN|DK1","201.43","n/e"," ","221.54"
"01/04/2018 08:00:00 - 01/04/2018 09:00:00","BZN|DK1","204.20","n/e"," ","203.06"
"01/04/2018 09:00:00 - 01/04/2018 10:00:00","BZN|DK1","177.38","n/e"," ","220.32"
"01/04/2018 10:00:00 - 01/04/2018 11:00:00","BZN|DK1","167.54","n/e"," ","241.51"
"01/04/2018 11:00:00 - 01/04/2018 12:00:00","BZN|DK1","184.04","n/e"," ","284.55"
"01/04/2018 12:00:00 - 01/04/2018 13:00:00","BZN|DK1","220.54","n/e"," ","313.81"
"01/04/2018 13:00:00 - 01/04/2018 14:00:00","BZN|DK1","279.50","n/e"," ","328.17"
"01/04/2018 14:00:00 - 01/04/2018 15:00:00","BZN|DK1","369.42","n/e"," ","372.41"
"01/04/2018 15:00:00 - 01/04/2018 16:00:00","BZN|DK1","431.88","n/e"," ","385.12"
"01/04/2018 16:00:00 - 01/04/2018 17:00:00","BZN|DK1","470.13","n/e"," ","431.13"
"01/04/2018 17:00:00 - 01/04/2018 18:00:00","BZN|DK1","479.71","n/e"," ","471.96"
"01/04/2018 18:00:00 - 01/04/2018 19:00:00","BZN|DK1","473.67","n/e"," ","453.50"
"01/04/2018 19:00:00 - 01/04/2018 20:00:00","BZN|DK1","447.08","n/e"," ","403.67"
"01/04/2018 20:00:00 - 01/04/2018 21:00:00","BZN|DK1","391.50","n/e"," ","403.96"
"01/04/2018 21:00:00 - 01/04/2018 22:00:00","BZN|DK1","326.83","n/e"," ","368.56"
"01/04/2018 22:00:00 - 01/04/2018 23:00:00","BZN|DK1","268.79","n/e"," ","314.37"
"01/04/2018 23:00:00 - 02/04/2018 00:00:00","BZN|DK1","236.33","n/e"," ","274.83"
"02/04/2018 00:00:00 - 02/04/2018 01:00:00","BZN|DK1","231.35","n/e"," ","248.05"
"02/04/2018 01:00:00 - 02/04/2018 02:00:00","BZN|DK1","207.42","n/e"," ","226.29"
"02/04/2018 02:00:00 - 02/04/2018 03:00:00","BZN|DK1","240.97","n/e"," ","267.35"
"02/04/2018 03:00:00 - 02/04/2018 04:00:00","BZN|DK1","244.66","n/e"," ","257.08"
"02/04/2018 04:00:00 - 02/04/2018 05:00:00","BZN|DK1","227.47","n/e"," ","241.94"
"02/04/2018 05:00:00 - 02/04/2018 06:00:00","BZN|DK1","213.06","n/e"," ","224.34"
"02/04/2018 06:00:00 - 02/04/2018 07:00:00","BZN|DK1","187.10","n/e"," ","193.64"
"02/04/2018 07:00:00 - 02/04/2018 08:00:00","BZN|DK1","155.62","n/e"," ","165.64"
"02/04/2018 08:00:00 - 02/04/2018 09:00:00","BZN|DK1","133.83","n/e"," ","133.78"
"02/04/2018 09:00:00 - 02/04/2018 10:00:00","BZN|DK1","104.17","n/e"," ","130.13"
"02/04/2018 10:00:00 - 02/04/2018 11:00:00","BZN|DK1","77.38","n/e"," ","96.49"
"02/04/2018 11:00:00 - 02/04/2018 12:00:00","BZN|DK1","53.83","n/e"," ","69.68"
"02/04/2018 12:00:00 - 02/04/2018 13:00:00","BZN|DK1","34.04","n/e"," ","41.98"
"02/04/2018 13:00:00 - 02/04/2018 14:00:00","BZN|DK1","19.25","n/e"," ","21.86"
"02/04/2018 14:00:00 - 02/04/2018 15:00:00","BZN|DK1","10.29","n/e"," ","6.58"
"02/04/2018 15:00:00 - 02/04/2018 16:00:00","BZN|DK1","7.29","n/e"," ","0.73"
"02/04/2018 16:00:00 - 02/04/2018 17:00:00","BZN|DK1","9.21","n/e"," ","0.21"
"02/04/2018 17:00:00 - 02/04/2018 18:00:00","BZN|DK1","9.58","n/e"," ","5.81"
"02/04/2018 18:00:00 - 02/04/2018 19:00:00","BZN|DK1","19.96","n/e"," ","20.67"
"02/04/2018 19:00:00 - 02/04/2018 20:00:00","BZN|DK1","43.75","n/e"," ","41.13"
"02/04/2018 20:00:00 - 02/04/2018 21:00:00","BZN|DK1","86.17","n/e"," ","93.44"
"02/04/2018 21:00:00 - 02/04/2018 22:00:00","BZN|DK1","146.42","n/e"," ","108.95"
"02/04/2018 22:00:00 - 02/04/2018 23:00:00","BZN|DK1","212.79","n/e"," ","149.49"
"02/04/2018 23:00:00 - 03/04/2018 00:00:00","BZN|DK1","289.33","n/e"," ","245.44"
"03/04/2018 00:00:00 - 03/04/2018 01:00:00","BZN|DK1","331.73","n/e"," ","342.54"
"03/04/2018 01:00:00 - 03/04/2018 02:00:00","BZN|DK1","435.76","n/e"," ","459.39"
"03/04/2018 02:00:00 - 03/04/2018 03:00:00","BZN|DK1","468.46","n/e"," ","495.93"
"03/04/2018 03:00:00 - 03/04/2018 04:00:00","BZN|DK1","499.22","n/e"," ","533.74"
"03/04/2018 04:00:00 - 03/04/2018 05:00:00","BZN|DK1","559.51","n/e"," ","605.20"
"03/04/2018 05:00:00 - 03/04/2018 06:00:00","BZN|DK1","675.85","n/e"," ","735.90"
"03/04/2018 06:00:00 - 03/04/2018 07:00:00","BZN|DK1","690.80","n/e"," ","754.27"
"03/04/2018 07:00:00 - 03/04/2018 08:00:00","BZN|DK1","714.50","n/e"," ","775.09"
"03/04/2018 08:00:00 - 03/04/2018 09:00:00","BZN|DK1","683.72","n/e"," ","746.63"
"03/04/2018 09:00:00 - 03/04/2018 10:00:00","BZN|DK1","621.50","n/e"," ","668.17"
"03/04/2018 10:00:00 - 03/04/2018 11:00:00","BZN|DK1","566.58","n/e"," ","532.25"
"03/04/2018 11:00:00 - 03/04/2018 12:00:00","BZN|DK1","559.08","n/e"," ","509.45"
"03/04/2018 12:00:00 - 03/04/2018 13:00:00","BZN|DK1","581.42","n/e"," ","533.80"
"03/04/2018 13:00:00 - 03/04/2018 14:00:00","BZN|DK1","606.08","n/e"," ","513.93"
"03/04/2018 14:00:00 - 03/04/2018 15:00:00","BZN|DK1","615.46","n/e"," ","605.77"
"03/04/2018 15:00:00 - 03/04/2018 16:00:00","BZN|DK1","604.25","n/e"," ","690.00"
"03/04/2018 16:00:00 - 03/04/2018 17:00:00","BZN|DK1","588.00","n/e"," ","730.70"
"03/04/2018 17:00:00 - 03/04/2018 18:00:00","BZN|DK1","586.46","n/e"," ","748.64"
"03/04/2018 18:00:00 - 03/04/2018 19:00:00","BZN|DK1","587.75","n/e"," ","756.23"
"03/04/2018 19:00:00 - 03/04/2018 20:00:00","BZN|DK1","593.75","n/e"," ","725.47"
"03/04/2018 20:00:00 - 03/04/2018 21:00:00","BZN|DK1","596.50","n/e"," ","671.45"
"03/04/2018 21:00:00 - 03/04/2018 22:00:00","BZN|DK1","601.63","n/e"," ","647.10"
"03/04/2018 22:00:00 - 03/04/2018 23:00:00","BZN|DK1","606.33","n/e"," ","681.72"
"03/04/2018 23:00:00 - 04/04/2018 00:00:00","BZN|DK1","607.67","n/e"," ","667.19"
"04/04/2018 00:00:00 - 04/04/2018 01:00:00","BZN|DK1","599.81","n/e"," ","630.63"
"04/04/2018 01:00:00 - 04/04/2018 02:00:00","BZN|DK1","552.11","n/e"," ","545.75"
"04/04/2018 02:00:00 - 04/04/2018 03:00:00","BZN|DK1","392.66","n/e"," ","438.36"
"04/04/2018 03:00:00 - 04/04/2018 04:00:00","BZN|DK1","519.83","n/e"," ","556.68"
"04/04/2018 04:00:00 - 04/04/2018 05:00:00","BZN|DK1","632.55","n/e"," ","693.69"
"04/04/2018 05:00:00 - 04/04/2018 06:00:00","BZN|DK1","625.84","n/e"," ","660.70"
"04/04/2018 06:00:00 - 04/04/2018 07:00:00","BZN|DK1","694.94","n/e"," ","749.02"
"04/04/2018 07:00:00 - 04/04/2018 08:00:00","BZN|DK1","699.23","n/e"," ","748.34"
"04/04/2018 08:00:00 - 04/04/2018 09:00:00","BZN|DK1","646.53","n/e"," ","682.44"
"04/04/2018 09:00:00 - 04/04/2018 10:00:00","BZN|DK1","556.21","n/e"," ","524.43"
"04/04/2018 10:00:00 - 04/04/2018 11:00:00","BZN|DK1","465.79","n/e"," ","447.07"
"04/04/2018 11:00:00 - 04/04/2018 12:00:00","BZN|DK1","400.63","n/e"," ","307.30"
"04/04/2018 12:00:00 - 04/04/2018 13:00:00","BZN|DK1","373.04","n/e"," ","231.42"
"04/04/2018 13:00:00 - 04/04/2018 14:00:00","BZN|DK1","370.25","n/e"," ","230.96"
"04/04/2018 14:00:00 - 04/04/2018 15:00:00","BZN|DK1","370.13","n/e"," ","152.39"
"04/04/2018 15:00:00 - 04/04/2018 16:00:00","BZN|DK1","327.79","n/e"," ","186.46"
"04/04/2018 16:00:00 - 04/04/2018 17:00:00","BZN|DK1","303.96","n/e"," ","214.86"
"04/04/2018 17:00:00 - 04/04/2018 18:00:00","BZN|DK1","284.92","n/e"," ","317.93"
"04/04/2018 18:00:00 - 04/04/2018 19:00:00","BZN|DK1","268.17","n/e"," ","399.77"
"04/04/2018 19:00:00 - 04/04/2018 20:00:00","BZN|DK1","254.46","n/e"," ","280.97"
"04/04/2018 20:00:00 - 04/04/2018 21:00:00","BZN|DK1","245.33","n/e"," ","236.91"
"04/04/2018 21:00:00 - 04/04/2018 22:00:00","BZN|DK1","252.88","n/e"," ","168.79"
"04/04/2018 22:00:00 - 04/04/2018 23:00:00","BZN|DK1","260.67","n/e"," ","170.78"
"04/04/2018 23:00:00 - 05/04/2018 00:00:00","BZN|DK1","255.79","n/e"," ","267.50"
"05/04/2018 00:00:00 - 05/04/2018 01:00:00","BZN|DK1","367.97","n/e"," ","372.22"
"05/04/2018 01:00:00 - 05/04/2018 02:00:00","BZN|DK1","331.78","n/e"," ","342.10"
"05/04/2018 02:00:00 - 05/04/2018 03:00:00","BZN|DK1","256.00","n/e"," ","282.93"
"05/04/2018 03:00:00 - 05/04/2018 04:00:00","BZN|DK1","348.99","n/e"," ","418.60"
"05/04/2018 04:00:00 - 05/04/2018 05:00:00","BZN|DK1","414.47","n/e"," ","463.10"
"05/04/2018 05:00:00 - 05/04/2018 06:00:00","BZN|DK1","544.36","n/e"," ","587.97"
"05/04/2018 06:00:00 - 05/04/2018 07:00:00","BZN|DK1","540.20","n/e"," ","583.43"
"05/04/2018 07:00:00 - 05/04/2018 08:00:00","BZN|DK1","614.59","n/e"," ","641.38"
"05/04/2018 08:00:00 - 05/04/2018 09:00:00","BZN|DK1","517.97","n/e"," ","542.94"
"05/04/2018 09:00:00 - 05/04/2018 10:00:00","BZN|DK1","453.71","n/e"," ","473.00"
"05/04/2018 10:00:00 - 05/04/2018 11:00:00","BZN|DK1","432.83","n/e"," ","376.76"
"05/04/2018 11:00:00 - 05/04/2018 12:00:00","BZN|DK1","518.79","n/e"," ","384.18"
"05/04/2018 12:00:00 - 05/04/2018 13:00:00","BZN|DK1","600.13","n/e"," ","564.67"
"05/04/2018 13:00:00 - 05/04/2018 14:00:00","BZN|DK1","634.42","n/e"," ","738.70"
"05/04/2018 14:00:00 - 05/04/2018 15:00:00","BZN|DK1","676.71","n/e"," ","774.21"
"05/04/2018 15:00:00 - 05/04/2018 16:00:00","BZN|DK1","717.58","n/e"," ","767.29"
"05/04/2018 16:00:00 - 05/04/2018 17:00:00","BZN|DK1","748.88","n/e"," ","777.28"
"05/04/2018 17:00:00 - 05/04/2018 18:00:00","BZN|DK1","755.04","n/e"," ","793.71"
"05/04/2018 18:00:00 - 05/04/2018 19:00:00","BZN|DK1","754.04","n/e"," ","782.72"
"05/04/2018 19:00:00 - 05/04/2018 20:00:00","BZN|DK1","751.13","n/e"," ","792.13"
"05/04/2018 20:00:00 - 05/04/2018 21:00:00","BZN|DK1","746.96","n/e"," ","791.88"
"05/04/2018 21:00:00 - 05/04/2018 22:00:00","BZN|DK1","739.13","n/e"," ","772.59"
"05/04/2018 22:00:00 - 05/04/2018 23:00:00","BZN|DK1","719.71","n/e"," ","783.69"
"05/04/2018 23:00:00 - 06/04/2018 00:00:00","BZN|DK1","706.25","n/e"," ","774.87"
"06/04/2018 00:00:00 - 06/04/2018 01:00:00","BZN|DK1","665.43","n/e"," ","720.80"
"06/04/2018 01:00:00 - 06/04/2018 02:00:00","BZN|DK1","669.38","n/e"," ","732.34"
"06/04/2018 02:00:00 - 06/04/2018 03:00:00","BZN|DK1","680.74","n/e"," ","738.24"
"06/04/2018 03:00:00 - 06/04/2018 04:00:00","BZN|DK1","672.33","n/e"," ","727.09"
"06/04/2018 04:00:00 - 06/04/2018 05:00:00","BZN|DK1","669.23","n/e"," ","726.09"
"06/04/2018 05:00:00 - 06/04/2018 06:00:00","BZN|DK1","651.61","n/e"," ","703.51"
"06/04/2018 06:00:00 - 06/04/2018 07:00:00","BZN|DK1","600.51","n/e"," ","641.42"
"06/04/2018 07:00:00 - 06/04/2018 08:00:00","BZN|DK1","519.31","n/e"," ","563.31"
"06/04/2018 08:00:00 - 06/04/2018 09:00:00","BZN|DK1","482.79","n/e"," ","503.30"
"06/04/2018 09:00:00 - 06/04/2018 10:00:00","BZN|DK1","466.17","n/e"," ","480.59"
"06/04/2018 10:00:00 - 06/04/2018 11:00:00","BZN|DK1","440.71","n/e"," ","459.31"
"06/04/2018 11:00:00 - 06/04/2018 12:00:00","BZN|DK1","412.54","n/e"," ","441.49"
"06/04/2018 12:00:00 - 06/04/2018 13:00:00","BZN|DK1","378.67","n/e"," ","393.17"
"06/04/2018 13:00:00 - 06/04/2018 14:00:00","BZN|DK1","315.75","n/e"," ","341.06"
"06/04/2018 14:00:00 - 06/04/2018 15:00:00","BZN|DK1","219.79","n/e"," ","239.35"
"06/04/2018 15:00:00 - 06/04/2018 16:00:00","BZN|DK1","137.75","n/e"," ","137.20"
"06/04/2018 16:00:00 - 06/04/2018 17:00:00","BZN|DK1","96.50","n/e"," ","65.57"
"06/04/2018 17:00:00 - 06/04/2018 18:00:00","BZN|DK1","95.42","n/e"," ","54.01"
"06/04/2018 18:00:00 - 06/04/2018 19:00:00","BZN|DK1","133.42","n/e"," ","83.58"
"06/04/2018 19:00:00 - 06/04/2018 20:00:00","BZN|DK1","201.04","n/e"," ","120.27"
"06/04/2018 20:00:00 - 06/04/2018 21:00:00","BZN|DK1","287.25","n/e"," ","204.12"
"06/04/2018 21:00:00 - 06/04/2018 22:00:00","BZN|DK1","355.25","n/e"," ","328.34"
"06/04/2018 22:00:00 - 06/04/2018 23:00:00","BZN|DK1","407.00","n/e"," ","418.79"
"06/04/2018 23:00:00 - 07/04/2018 00:00:00","BZN|DK1","462.67","n/e"," ","497.18"
"07/04/2018 00:00:00 - 07/04/2018 01:00:00","BZN|DK1","554.18","n/e"," ","601.02"
"07/04/2018 01:00:00 - 07/04/2018 02:00:00","BZN|DK1","663.68","n/e"," ","715.73"
"07/04/2018 02:00:00 - 07/04/2018 03:00:00","BZN|DK1","642.02","n/e"," ","688.02"
"07/04/2018 03:00:00 - 07/04/2018 04:00:00","BZN|DK1","629.26","n/e"," ","682.75"
"07/04/2018 04:00:00 - 07/04/2018 05:00:00","BZN|DK1","691.96","n/e"," ","752.41"
"07/04/2018 05:00:00 - 07/04/2018 06:00:00","BZN|DK1","737.20","n/e"," ","790.82"
"07/04/2018 06:00:00 - 07/04/2018 07:00:00","BZN|DK1","738.17","n/e"," ","797.78"
"07/04/2018 07:00:00 - 07/04/2018 08:00:00","BZN|DK1","730.68","n/e"," ","792.43"
"07/04/2018 08:00:00 - 07/04/2018 09:00:00","BZN|DK1","724.44","n/e"," ","764.03"
"07/04/2018 09:00:00 - 07/04/2018 10:00:00","BZN|DK1","718.75","n/e"," ","751.70"
"07/04/2018 10:00:00 - 07/04/2018 11:00:00","BZN|DK1","717.00","n/e"," ","653.72"
"07/04/2018 11:00:00 - 07/04/2018 12:00:00","BZN|DK1","702.08","n/e"," ","627.05"
"07/04/2018 12:00:00 - 07/04/2018 13:00:00","BZN|DK1","670.71","n/e"," ","635.18"
"07/04/2018 13:00:00 - 07/04/2018 14:00:00","BZN|DK1","628.33","n/e"," ","661.15"
"07/04/2018 14:00:00 - 07/04/2018 15:00:00","BZN|DK1","599.33","n/e"," ","697.71"
"07/04/2018 15:00:00 - 07/04/2018 16:00:00","BZN|DK1","570.13","n/e"," ","622.01"
"07/04/2018 16:00:00 - 07/04/2018 17:00:00","BZN|DK1","554.67","n/e"," ","557.47"
"07/04/2018 17:00:00 - 07/04/2018 18:00:00","BZN|DK1","532.58","n/e"," ","482.88"
"07/04/2018 18:00:00 - 07/04/2018 19:00:00","BZN|DK1","513.92","n/e"," ","464.13"
"07/04/2018 19:00:00 - 07/04/2018 20:00:00","BZN|DK1","499.96","n/e"," ","433.14"
"07/04/2018 20:00:00 - 07/04/2018 21:00:00","BZN|DK1","489.08","n/e"," ","423.29"
"07/04/2018 21:00:00 - 07/04/2018 22:00:00","BZN|DK1","462.29","n/e"," ","421.33"
"07/04/2018 22:00:00 - 07/04/2018 23:00:00","BZN|DK1","422.96","n/e"," ","374.45"
"07/04/2018 23:00:00 - 08/04/2018 00:00:00","BZN|DK1","361.79","n/e"," ","374.24"
"08/04/2018 00:00:00 - 08/04/2018 01:00:00","BZN|DK1","269.25","n/e"," ","282.06"
"08/04/2018 01:00:00 - 08/04/2018 02:00:00","BZN|DK1","230.15","n/e"," ","247.90"
"08/04/2018 02:00:00 - 08/04/2018 03:00:00","BZN|DK1","170.74","n/e"," ","187.28"
"08/04/2018 03:00:00 - 08/04/2018 04:00:00","BZN|DK1","107.75","n/e"," ","119.81"
"08/04/2018 04:00:00 - 08/04/2018 05:00:00","BZN|DK1","64.59","n/e"," ","81.38"
"08/04/2018 05:00:00 - 08/04/2018 06:00:00","BZN|DK1","51.40","n/e"," ","68.05"
"08/04/2018 06:00:00 - 08/04/2018 07:00:00","BZN|DK1","64.57","n/e"," ","79.07"
"08/04/2018 07:00:00 - 08/04/2018 08:00:00","BZN|DK1","68.20","n/e"," ","76.14"
"08/04/2018 08:00:00 - 08/04/2018 09:00:00","BZN|DK1","67.51","n/e"," ","46.55"
"08/04/2018 09:00:00 - 08/04/2018 10:00:00","BZN|DK1","86.96","n/e"," ","55.04"
"08/04/2018 10:00:00 - 08/04/2018 11:00:00","BZN|DK1","95.17","n/e"," ","41.63"
"08/04/2018 11:00:00 - 08/04/2018 12:00:00","BZN|DK1","103.71","n/e"," ","57.54"
"08/04/2018 12:00:00 - 08/04/2018 13:00:00","BZN|DK1","112.83","n/e"," ","66.89"
"08/04/2018 13:00:00 - 08/04/2018 14:00:00","BZN|DK1","117.21","n/e"," ","48.97"
"08/04/2018 14:00:00 - 08/04/2018 15:00:00","BZN|DK1","108.33","n/e"," ","54.27"
"08/04/2018 15:00:00 - 08/04/2018 16:00:00","BZN|DK1","100.17","n/e"," ","41.32"
"08/04/2018 16:00:00 - 08/04/2018 17:00:00","BZN|DK1","97.04","n/e"," ","67.86"
"08/04/2018 17:00:00 - 08/04/2018 18:00:00","BZN|DK1","102.58","n/e"," ","86.47"
"08/04/2018 18:00:00 - 08/04/2018 19:00:00","BZN|DK1","100.96","n/e"," ","74.71"
"08/04/2018 19:00:00 - 08/04/2018 20:00:00","BZN|DK1","101.92","n/e"," ","88.21"
"08/04/2018 20:00:00 - 08/04/2018 21:00:00","BZN|DK1","104.58","n/e"," ","95.24"
"08/04/2018 21:00:00 - 08/04/2018 22:00:00","BZN|DK1","102.17","n/e"," ","80.66"
"08/04/2018 22:00:00 - 08/04/2018 23:00:00","BZN|DK1","98.33","n/e"," ","66.81"
"08/04/2018 23:00:00 - 09/04/2018 00:00:00","BZN|DK1","95.58","n/e"," ","59.28"
"09/04/2018 00:00:00 - 09/04/2018 01:00:00","BZN|DK1","83.19","n/e"," ","89.26"
"09/04/2018 01:00:00 - 09/04/2018 02:00:00","BZN|DK1","141.85","n/e"," ","162.13"
"09/04/2018 02:00:00 - 09/04/2018 03:00:00","BZN|DK1","161.14","n/e"," ","166.20"
"09/04/2018 03:00:00 - 09/04/2018 04:00:00","BZN|DK1","122.17","n/e"," ","139.19"
"09/04/2018 04:00:00 - 09/04/2018 05:00:00","BZN|DK1","135.54","n/e"," ","134.79"
"09/04/2018 05:00:00 - 09/04/2018 06:00:00","BZN|DK1","120.98","n/e"," ","125.91"
"09/04/2018 06:00:00 - 09/04/2018 07:00:00","BZN|DK1","99.05","n/e"," ","106.09"
"09/04/2018 07:00:00 - 09/04/2018 08:00:00","BZN|DK1","94.57","n/e"," ","106.36"
"09/04/2018 08:00:00 - 09/04/2018 09:00:00","BZN|DK1","76.18","n/e"," ","92.93"
"09/04/2018 09:00:00 - 09/04/2018 10:00:00","BZN|DK1","90.58","n/e"," ","128.03"
"09/04/2018 10:00:00 - 09/04/2018 11:00:00","BZN|DK1","98.04","n/e"," ","137.13"
"09/04/2018 11:00:00 - 09/04/2018 12:00:00","BZN|DK1","109.88","n/e"," ","120.27"
"09/04/2018 12:00:00 - 09/04/2018 13:00:00","BZN|DK1","123.42","n/e"," ","114.02"
"09/04/2018 13:00:00 - 09/04/2018 14:00:00","BZN|DK1","142.83","n/e"," ","194.19"
"09/04/2018 14:00:00 - 09/04/2018 15:00:00","BZN|DK1","158.58","n/e"," ","232.34"
"09/04/2018 15:00:00 - 09/04/2018 16:00:00","BZN|DK1","154.96","n/e"," ","230.11"
"09/04/2018 16:00:00 - 09/04/2018 17:00:00","BZN|DK1","165.67","n/e"," ","207.63"
"09/04/2018 17:00:00 - 09/04/2018 18:00:00","BZN|DK1","194.79","n/e"," ","209.67"
"09/04/2018 18:00:00 - 09/04/2018 19:00:00","BZN|DK1","232.25","n/e"," ","283.05"
"09/04/2018 19:00:00 - 09/04/2018 20:00:00","BZN|DK1","281.58","n/e"," ","358.69"
"09/04/2018 20:00:00 - 09/04/2018 21:00:00","BZN|DK1","321.96","n/e"," ","370.82"
"09/04/2018 21:00:00 - 09/04/2018 22:00:00","BZN|DK1","356.33","n/e"," ","403.03"
"09/04/2018 22:00:00 - 09/04/2018 23:00:00","BZN|DK1","381.25","n/e"," ","382.01"
"09/04/2018 23:00:00 - 10/04/2018 00:00:00","BZN|DK1","395.79","n/e"," ","450.79"
"10/04/2018 00:00:00 - 10/04/2018 01:00:00","BZN|DK1","507.62","n/e"," ","553.37"
"10/04/2018 01:00:00 - 10/04/2018 02:00:00","BZN|DK1","466.10","n/e"," ","496.60"
"10/04/2018 02:00:00 - 10/04/2018 03:00:00","BZN|DK1","545.30","n/e"," ","582.41"
"10/04/2018 03:00:00 - 10/04/2018 04:00:00","BZN|DK1","629.50","n/e"," ","670.14"
"10/04/2018 04:00:00 - 10/04/2018 05:00:00","BZN|DK1","656.70","n/e"," ","688.49"
"10/04/2018 05:00:00 - 10/04/2018 06:00:00","BZN|DK1","662.73","n/e"," ","695.61"
"10/04/2018 06:00:00 - 10/04/2018 07:00:00","BZN|DK1","686.33","n/e"," ","738.62"
"10/04/2018 07:00:00 - 10/04/2018 08:00:00","BZN|DK1","710.15","n/e"," ","766.80"
"10/04/2018 08:00:00 - 10/04/2018 09:00:00","BZN|DK1","713.15","n/e"," ","750.66"
"10/04/2018 09:00:00 - 10/04/2018 10:00:00","BZN|DK1","697.54","n/e"," ","669.16"
"10/04/2018 10:00:00 - 10/04/2018 11:00:00","BZN|DK1","698.21","n/e"," ","650.73"
"10/04/2018 11:00:00 - 10/04/2018 12:00:00","BZN|DK1","691.21","n/e"," ","655.82"
"10/04/2018 12:00:00 - 10/04/2018 13:00:00","BZN|DK1","678.58","n/e"," ","718.16"
"10/04/2018 13:00:00 - 10/04/2018 14:00:00","BZN|DK1","680.96","n/e"," ","723.01"
"10/04/2018 14:00:00 - 10/04/2018 15:00:00","BZN|DK1","692.29","n/e"," ","716.69"
"10/04/2018 15:00:00 - 10/04/2018 16:00:00","BZN|DK1","704.71","n/e"," ","735.51"
"10/04/2018 16:00:00 - 10/04/2018 17:00:00","BZN|DK1","731.63","n/e"," ","759.81"
"10/04/2018 17:00:00 - 10/04/2018 18:00:00","BZN|DK1","742.42","n/e"," ","748.41"
"10/04/2018 18:00:00 - 10/04/2018 19:00:00","BZN|DK1","748.13","n/e"," ","758.77"
"10/04/2018 19:00:00 - 10/04/2018 20:00:00","BZN|DK1","750.00","n/e"," ","776.97"
"10/04/2018 20:00:00 - 10/04/2018 21:00:00","BZN|DK1","751.00","n/e"," ","787.38"
"10/04/2018 21:00:00 - 10/04/2018 22:00:00","BZN|DK1","751.96","n/e"," ","771.47"
"10/04/2018 22:00:00 - 10/04/2018 23:00:00","BZN|DK1","751.04","n/e"," ","761.51"
"10/04/2018 23:00:00 - 11/04/2018 00:00:00","BZN|DK1","751.96","n/e"," ","715.48"
"11/04/2018 00:00:00 - 11/04/2018 01:00:00","BZN|DK1","736.95","n/e"," ","763.47"
"11/04/2018 01:00:00 - 11/04/2018 02:00:00","BZN|DK1","731.89","n/e"," ","769.63"
"11/04/2018 02:00:00 - 11/04/2018 03:00:00","BZN|DK1","731.58","n/e"," ","770.60"
"11/04/2018 03:00:00 - 11/04/2018 04:00:00","BZN|DK1","738.01","n/e"," ","771.34"
"11/04/2018 04:00:00 - 11/04/2018 05:00:00","BZN|DK1","732.45","n/e"," ","765.07"
"11/04/2018 05:00:00 - 11/04/2018 06:00:00","BZN|DK1","721.22","n/e"," ","758.65"
"11/04/2018 06:00:00 - 11/04/2018 07:00:00","BZN|DK1","718.42","n/e"," ","757.38"
"11/04/2018 07:00:00 - 11/04/2018 08:00:00","BZN|DK1","720.30","n/e"," ","758.11"
"11/04/2018 08:00:00 - 11/04/2018 09:00:00","BZN|DK1","706.32","n/e"," ","739.33"
"11/04/2018 09:00:00 - 11/04/2018 10:00:00","BZN|DK1","679.96","n/e"," ","693.21"
"11/04/2018 10:00:00 - 11/04/2018 11:00:00","BZN|DK1","648.58","n/e"," ","632.85"
"11/04/2018 11:00:00 - 11/04/2018 12:00:00","BZN|DK1","612.13","n/e"," ","599.76"
"11/04/2018 12:00:00 - 11/04/2018 13:00:00","BZN|DK1","577.58","n/e"," ","548.72"
"11/04/2018 13:00:00 - 11/04/2018 14:00:00","BZN|DK1","553.42","n/e"," ","488.66"
"11/04/2018 14:00:00 - 11/04/2018 15:00:00","BZN|DK1","549.42","n/e"," ","561.26"
"11/04/2018 15:00:00 - 11/04/2018 16:00:00","BZN|DK1","565.29","n/e"," ","637.73"
"11/04/2018 16:00:00 - 11/04/2018 17:00:00","BZN|DK1","601.33","n/e"," ","680.63"
"11/04/2018 17:00:00 - 11/04/2018 18:00:00","BZN|DK1","664.75","n/e"," ","679.61"
"11/04/2018 18:00:00 - 11/04/2018 19:00:00","BZN|DK1","708.00","n/e"," ","687.73"
"11/04/2018 19:00:00 - 11/04/2018 20:00:00","BZN|DK1","725.42","n/e"," ","733.24"
"11/04/2018 20:00:00 - 11/04/2018 21:00:00","BZN|DK1","731.21","n/e"," ","747.77"
"11/04/2018 21:00:00 - 11/04/2018 22:00:00","BZN|DK1","733.54","n/e"," ","734.34"
"11/04/2018 22:00:00 - 11/04/2018 23:00:00","BZN|DK1","733.96","n/e"," ","714.16"
"11/04/2018 23:00:00 - 12/04/2018 00:00:00","BZN|DK1","734.33","n/e"," ","714.63"
"12/04/2018 00:00:00 - 12/04/2018 01:00:00","BZN|DK1","670.21","n/e"," ","727.48"
"12/04/2018 01:00:00 - 12/04/2018 02:00:00","BZN|DK1","687.91","n/e"," ","752.95"
"12/04/2018 02:00:00 - 12/04/2018 03:00:00","BZN|DK1","718.14","n/e"," ","768.49"
"12/04/2018 03:00:00 - 12/04/2018 04:00:00","BZN|DK1","726.58","n/e"," ","766.56"
"12/04/2018 04:00:00 - 12/04/2018 05:00:00","BZN|DK1","708.82","n/e"," ","753.94"
"12/04/2018 05:00:00 - 12/04/2018 06:00:00","BZN|DK1","709.52","n/e"," ","749.91"
"12/04/2018 06:00:00 - 12/04/2018 07:00:00","BZN|DK1","719.76","n/e"," ","768.13"
"12/04/2018 07:00:00 - 12/04/2018 08:00:00","BZN|DK1","717.92","n/e"," ","768.82"
"12/04/2018 08:00:00 - 12/04/2018 09:00:00","BZN|DK1","665.14","n/e"," ","744.18"
"12/04/2018 09:00:00 - 12/04/2018 10:00:00","BZN|DK1","651.83","n/e"," ","723.89"
"12/04/2018 10:00:00 - 12/04/2018 11:00:00","BZN|DK1","654.63","n/e"," ","744.25"
"12/04/2018 11:00:00 - 12/04/2018 12:00:00","BZN|DK1","658.33","n/e"," ","762.33"
"12/04/2018 12:00:00 - 12/04/2018 13:00:00","BZN|DK1","669.75","n/e"," ","770.66"
"12/04/2018 13:00:00 - 12/04/2018 14:00:00","BZN|DK1","682.25","n/e"," ","759.43"
"12/04/2018 14:00:00 - 12/04/2018 15:00:00","BZN|DK1","688.96","n/e"," ","745.11"
"12/04/2018 15:00:00 - 12/04/2018 16:00:00","BZN|DK1","699.63","n/e"," ","763.39"
"12/04/2018 16:00:00 - 12/04/2018 17:00:00","BZN|DK1","706.00","n/e"," ","775.92"
"12/04/2018 17:00:00 - 12/04/2018 18:00:00","BZN|DK1","707.67","n/e"," ","785.88"
"12/04/2018 18:00:00 - 12/04/2018 19:00:00","BZN|DK1","705.13","n/e"," ","793.49"
"12/04/2018 19:00:00 - 12/04/2018 20:00:00","BZN|DK1","708.83","n/e"," ","774.23"
"12/04/2018 20:00:00 - 12/04/2018 21:00:00","BZN|DK1","708.04","n/e"," ","789.19"
"12/04/2018 21:00:00 - 12/04/2018 22:00:00","BZN|DK1","708.00","n/e"," ","795.98"
"12/04/2018 22:00:00 - 12/04/2018 23:00:00","BZN|DK1","707.04","n/e"," ","797.87"
"12/04/2018 23:00:00 - 13/04/2018 00:00:00","BZN|DK1","706.04","n/e"," ","800.53"
"13/04/2018 00:00:00 - 13/04/2018 01:00:00","BZN|DK1","739.14","n/e"," ","800.59"
"13/04/2018 01:00:00 - 13/04/2018 02:00:00","BZN|DK1","737.26","n/e"," ","796.83"
"13/04/2018 02:00:00 - 13/04/2018 03:00:00","BZN|DK1","733.42","n/e"," ","794.14"
"13/04/2018 03:00:00 - 13/04/2018 04:00:00","BZN|DK1","733.35","n/e"," ","798.02"
"13/04/2018 04:00:00 - 13/04/2018 05:00:00","BZN|DK1","730.32","n/e"," ","792.61"
"13/04/2018 05:00:00 - 13/04/2018 06:00:00","BZN|DK1","734.44","n/e"," ","790.45"
"13/04/2018 06:00:00 - 13/04/2018 07:00:00","BZN|DK1","682.19","n/e"," ","741.34"
"13/04/2018 07:00:00 - 13/04/2018 08:00:00","BZN|DK1","687.76","n/e"," ","749.80"
"13/04/2018 08:00:00 - 13/04/2018 09:00:00","BZN|DK1","699.15","n/e"," ","766.88"
"13/04/2018 09:00:00 - 13/04/2018 10:00:00","BZN|DK1","718.75","n/e"," ","749.19"
"13/04/2018 10:00:00 - 13/04/2018 11:00:00","BZN|DK1","724.54","n/e"," ","744.67"
"13/04/2018 11:00:00 - 13/04/2018 12:00:00","BZN|DK1","719.25","n/e"," ","759.71"
"13/04/2018 12:00:00 - 13/04/2018 13:00:00","BZN|DK1","709.54","n/e"," ","724.88"
"13/04/2018 13:00:00 - 13/04/2018 14:00:00","BZN|DK1","690.38","n/e"," ","627.55"
"13/04/2018 14:00:00 - 13/04/2018 15:00:00","BZN|DK1","654.83","n/e"," ","577.38"
"13/04/2018 15:00:00 - 13/04/2018 16:00:00","BZN|DK1","619.13","n/e"," ","587.69"
"13/04/2018 16:00:00 - 13/04/2018 17:00:00","BZN|DK1","592.92","n/e"," ","505.96"
"13/04/2018 17:00:00 - 13/04/2018 18:00:00","BZN|DK1","582.17","n/e"," ","450.03"
"13/04/2018 18:00:00 - 13/04/2018 19:00:00","BZN|DK1","574.17","n/e"," ","425.60"
"13/04/2018 19:00:00 - 13/04/2018 20:00:00","BZN|DK1","558.13","n/e"," ","417.55"
"13/04/2018 20:00:00 - 13/04/2018 21:00:00","BZN|DK1","528.04","n/e"," ","418.90"
"13/04/2018 21:00:00 - 13/04/2018 22:00:00","BZN|DK1","506.04","n/e"," ","424.82"
"13/04/2018 22:00:00 - 13/04/2018 23:00:00","BZN|DK1","486.04","n/e"," ","409.76"
"13/04/2018 23:00:00 - 14/04/2018 00:00:00","BZN|DK1","469.13","n/e"," ","402.95"
"14/04/2018 00:00:00 - 14/04/2018 01:00:00","BZN|DK1","388.78","n/e"," ","399.50"
"14/04/2018 01:00:00 - 14/04/2018 02:00:00","BZN|DK1","391.75","n/e"," ","403.70"
"14/04/2018 02:00:00 - 14/04/2018 03:00:00","BZN|DK1","386.36","n/e"," ","398.60"
"14/04/2018 03:00:00 - 14/04/2018 04:00:00","BZN|DK1","384.00","n/e"," ","406.37"
"14/04/2018 04:00:00 - 14/04/2018 05:00:00","BZN|DK1","383.07","n/e"," ","400.25"
"14/04/2018 05:00:00 - 14/04/2018 06:00:00","BZN|DK1","334.73","n/e"," ","348.74"
"14/04/2018 06:00:00 - 14/04/2018 07:00:00","BZN|DK1","259.16","n/e"," ","278.33"
"14/04/2018 07:00:00 - 14/04/2018 08:00:00","BZN|DK1","335.99","n/e"," ","364.04"
"14/04/2018 08:00:00 - 14/04/2018 09:00:00","BZN|DK1","361.40","n/e"," ","400.29"
"14/04/2018 09:00:00 - 14/04/2018 10:00:00","BZN|DK1","284.13","n/e"," ","395.56"
"14/04/2018 10:00:00 - 14/04/2018 11:00:00","BZN|DK1","215.92","n/e"," ","354.64"
"14/04/2018 11:00:00 - 14/04/2018 12:00:00","BZN|DK1","167.25","n/e"," ","303.37"
"14/04/2018 12:00:00 - 14/04/2018 13:00:00","BZN|DK1","112.33","n/e"," ","228.32"
"14/04/2018 13:00:00 - 14/04/2018 14:00:00","BZN|DK1","72.33","n/e"," ","140.83"
"14/04/2018 14:00:00 - 14/04/2018 15:00:00","BZN|DK1","54.08","n/e"," ","86.28"
"14/04/2018 15:00:00 - 14/04/2018 16:00:00","BZN|DK1","53.63","n/e"," ","35.97"
"14/04/2018 16:00:00 - 14/04/2018 17:00:00","BZN|DK1","68.63","n/e"," ","29.85"
"14/04/2018 17:00:00 - 14/04/2018 18:00:00","BZN|DK1","71.17","n/e"," ","39.88"
"14/04/2018 18:00:00 - 14/04/2018 19:00:00","BZN|DK1","72.71","n/e"," ","35.69"
"14/04/2018 19:00:00 - 14/04/2018 20:00:00","BZN|DK1","74.50","n/e"," ","26.49"
"14/04/2018 20:00:00 - 14/04/2018 21:00:00","BZN|DK1","80.42","n/e"," ","31.04"
"14/04/2018 21:00:00 - 14/04/2018 22:00:00","BZN|DK1","82.33","n/e"," ","19.61"
"14/04/2018 22:00:00 - 14/04/2018 23:00:00","BZN|DK1","78.00","n/e"," ","36.84"
"14/04/2018 23:00:00 - 15/04/2018 00:00:00","BZN|DK1","61.92","n/e"," ","39.01"
"15/04/2018 00:00:00 - 15/04/2018 01:00:00","BZN|DK1","38.73","n/e"," ","40.44"
"15/04/2018 01:00:00 - 15/04/2018 02:00:00","BZN|DK1","34.81","n/e"," ","34.80"
"15/04/2018 02:00:00 - 15/04/2018 03:00:00","BZN|DK1","17.24","n/e"," ","17.77"
"15/04/2018 03:00:00 - 15/04/2018 04:00:00","BZN|DK1","19.50","n/e"," ","22.67"
"15/04/2018 04:00:00 - 15/04/2018 05:00:00","BZN|DK1","12.25","n/e"," ","10.30"
"15/04/2018 05:00:00 - 15/04/2018 06:00:00","BZN|DK1","10.50","n/e"," ","8.09"
"15/04/2018 06:00:00 - 15/04/2018 07:00:00","BZN|DK1","6.43","n/e"," ","8.92"
"15/04/2018 07:00:00 - 15/04/2018 08:00:00","BZN|DK1","9.69","n/e"," ","13.12"
"15/04/2018 08:00:00 - 15/04/2018 09:00:00","BZN|DK1","7.58","n/e"," ","39.95"
"15/04/2018 09:00:00 - 15/04/2018 10:00:00","BZN|DK1","4.88","n/e"," ","17.44"
"15/04/2018 10:00:00 - 15/04/2018 11:00:00","BZN|DK1","4.79","n/e"," ","40.23"
"15/04/2018 11:00:00 - 15/04/2018 12:00:00","BZN|DK1","5.21","n/e"," ","38.55"
"15/04/2018 12:00:00 - 15/04/2018 13:00:00","BZN|DK1","11.29","n/e"," ","57.95"
"15/04/2018 13:00:00 - 15/04/2018 14:00:00","BZN|DK1","22.46","n/e"," ","25.28"
"15/04/2018 14:00:00 - 15/04/2018 15:00:00","BZN|DK1","34.50","n/e"," ","26.58"
"15/04/2018 15:00:00 - 15/04/2018 16:00:00","BZN|DK1","48.17","n/e"," ","21.39"
"15/04/2018 16:00:00 - 15/04/2018 17:00:00","BZN|DK1","54.88","n/e"," ","79.40"
"15/04/2018 17:00:00 - 15/04/2018 18:00:00","BZN|DK1","55.75","n/e"," ","123.18"
"15/04/2018 18:00:00 - 15/04/2018 19:00:00","BZN|DK1","51.63","n/e"," ","59.38"
"15/04/2018 19:00:00 - 15/04/2018 20:00:00","BZN|DK1","47.42","n/e"," ","15.15"
"15/04/2018 20:00:00 - 15/04/2018 21:00:00","BZN|DK1","44.38","n/e"," ","6.76"
"15/04/2018 21:00:00 - 15/04/2018 22:00:00","BZN|DK1","47.29","n/e"," ","33.84"
"15/04/2018 22:00:00 - 15/04/2018 23:00:00","BZN|DK1","50.63","n/e"," ","57.20"
"15/04/2018 23:00:00 - 16/04/2018 00:00:00","BZN|DK1","56.96","n/e"," ","63.97"
"16/04/2018 00:00:00 - 16/04/2018 01:00:00","BZN|DK1","85.69","n/e"," ","81.47"
"16/04/2018 01:00:00 - 16/04/2018 02:00:00","BZN|DK1","69.78","n/e"," ","70.99"
"16/04/2018 02:00:00 - 16/04/2018 03:00:00","BZN|DK1","108.15","n/e"," ","113.78"
"16/04/2018 03:00:00 - 16/04/2018 04:00:00","BZN|DK1","151.14","n/e"," ","147.28"
"16/04/2018 04:00:00 - 16/04/2018 05:00:00","BZN|DK1","131.77","n/e"," ","131.19"
"16/04/2018 05:00:00 - 16/04/2018 06:00:00","BZN|DK1","131.90","n/e"," ","132.42"
"16/04/2018 06:00:00 - 16/04/2018 07:00:00","BZN|DK1","109.76","n/e"," ","106.74"
"16/04/2018 07:00:00 - 16/04/2018 08:00:00","BZN|DK1","139.76","n/e"," ","145.41"
"16/04/2018 08:00:00 - 16/04/2018 09:00:00","BZN|DK1","132.20","n/e"," ","124.50"
"16/04/2018 09:00:00 - 16/04/2018 10:00:00","BZN|DK1","114.29","n/e"," ","140.34"
"16/04/2018 10:00:00 - 16/04/2018 11:00:00","BZN|DK1","88.29","n/e"," ","133.16"
"16/04/2018 11:00:00 - 16/04/2018 12:00:00","BZN|DK1","84.21","n/e"," ","102.40"
"16/04/2018 12:00:00 - 16/04/2018 13:00:00","BZN|DK1","82.42","n/e"," ","42.89"
"16/04/2018 13:00:00 - 16/04/2018 14:00:00","BZN|DK1","82.00","n/e"," ","38.69"
"16/04/2018 14:00:00 - 16/04/2018 15:00:00","BZN|DK1","76.13","n/e"," ","32.97"
"16/04/2018 15:00:00 - 16/04/2018 16:00:00","BZN|DK1","66.13","n/e"," ","24.59"
"16/04/2018 16:00:00 - 16/04/2018 17:00:00","BZN|DK1","59.46","n/e"," ","42.93"
"16/04/2018 17:00:00 - 16/04/2018 18:00:00","BZN|DK1","55.08","n/e"," ","40.61"
"16/04/2018 18:00:00 - 16/04/2018 19:00:00","BZN|DK1","51.54","n/e"," ","58.81"
"16/04/2018 19:00:00 - 16/04/2018 20:00:00","BZN|DK1","47.00","n/e"," ","39.31"
"16/04/2018 20:00:00 - 16/04/2018 21:00:00","BZN|DK1","45.67","n/e"," ","51.13"
"16/04/2018 21:00:00 - 16/04/2018 22:00:00","BZN|DK1","47.79","n/e"," ","63.25"
"16/04/2018 22:00:00 - 16/04/2018 23:00:00","BZN|DK1","53.33","n/e"," ","78.57"
"16/04/2018 23:00:00 - 17/04/2018 00:00:00","BZN|DK1","67.75","n/e"," ","96.38"
"17/04/2018 00:00:00 - 17/04/2018 01:00:00","BZN|DK1","80.65","n/e"," ","92.41"
"17/04/2018 01:00:00 - 17/04/2018 02:00:00","BZN|DK1","101.38","n/e"," ","109.69"
"17/04/2018 02:00:00 - 17/04/2018 03:00:00","BZN|DK1","83.94","n/e"," ","91.41"
"17/04/2018 03:00:00 - 17/04/2018 04:00:00","BZN|DK1","79.59","n/e"," ","88.78"
"17/04/2018 04:00:00 - 17/04/2018 05:00:00","BZN|DK1","119.07","n/e"," ","126.82"
"17/04/2018 05:00:00 - 17/04/2018 06:00:00","BZN|DK1","136.24","n/e"," ","142.43"
"17/04/2018 06:00:00 - 17/04/2018 07:00:00","BZN|DK1","113.51","n/e"," ","118.98"
"17/04/2018 07:00:00 - 17/04/2018 08:00:00","BZN|DK1","119.89","n/e"," ","126.02"
"17/04/2018 08:00:00 - 17/04/2018 09:00:00","BZN|DK1","141.05","n/e"," ","151.27"
"17/04/2018 09:00:00 - 17/04/2018 10:00:00","BZN|DK1","136.71","n/e"," ","140.32"
"17/04/2018 10:00:00 - 17/04/2018 11:00:00","BZN|DK1","132.21","n/e"," ","134.41"
"17/04/2018 11:00:00 - 17/04/2018 12:00:00","BZN|DK1","134.71","n/e"," ","130.88"
"17/04/2018 12:00:00 - 17/04/2018 13:00:00","BZN|DK1","135.38","n/e"," ","128.65"
"17/04/2018 13:00:00 - 17/04/2018 14:00:00","BZN|DK1","136.17","n/e"," ","108.36"
"17/04/2018 14:00:00 - 17/04/2018 15:00:00","BZN|DK1","141.71","n/e"," ","99.76"
"17/04/2018 15:00:00 - 17/04/2018 16:00:00","BZN|DK1","151.63","n/e"," ","128.27"
"17/04/2018 16:00:00 - 17/04/2018 17:00:00","BZN|DK1","168.71","n/e"," ","209.75"
"17/04/2018 17:00:00 - 17/04/2018 18:00:00","BZN|DK1","203.00","n/e"," ","270.52"
"17/04/2018 18:00:00 - 17/04/2018 19:00:00","BZN|DK1","229.75","n/e"," ","288.92"
"17/04/2018 19:00:00 - 17/04/2018 20:00:00","BZN|DK1","251.29","n/e"," ","288.26"
"17/04/2018 20:00:00 - 17/04/2018 21:00:00","BZN|DK1","279.71","n/e"," ","313.60"
"17/04/2018 21:00:00 - 17/04/2018 22:00:00","BZN|DK1","318.83","n/e"," ","337.18"
"17/04/2018 22:00:00 - 17/04/2018 23:00:00","BZN|DK1","368.29","n/e"," ","407.60"
"17/04/2018 23:00:00 - 18/04/2018 00:00:00","BZN|DK1","425.67","n/e"," ","513.56"
"18/04/2018 00:00:00 - 18/04/2018 01:00:00","BZN|DK1","541.41","n/e"," ","584.69"
"18/04/2018 01:00:00 - 18/04/2018 02:00:00","BZN|DK1","641.08","n/e"," ","683.18"
"18/04/2018 02:00:00 - 18/04/2018 03:00:00","BZN|DK1","690.84","n/e"," ","738.04"
"18/04/2018 03:00:00 - 18/04/2018 04:00:00","BZN|DK1","712.83","n/e"," ","761.06"
"18/04/2018 04:00:00 - 18/04/2018 05:00:00","BZN|DK1","675.30","n/e"," ","715.99"
"18/04/2018 05:00:00 - 18/04/2018 06:00:00","BZN|DK1","599.95","n/e"," ","643.25"
"18/04/2018 06:00:00 - 18/04/2018 07:00:00","BZN|DK1","550.79","n/e"," ","587.72"
"18/04/2018 07:00:00 - 18/04/2018 08:00:00","BZN|DK1","414.65","n/e"," ","438.59"
"18/04/2018 08:00:00 - 18/04/2018 09:00:00","BZN|DK1","378.73","n/e"," ","308.14"
"18/04/2018 09:00:00 - 18/04/2018 10:00:00","BZN|DK1","316.88","n/e"," ","216.55"
"18/04/2018 10:00:00 - 18/04/2018 11:00:00","BZN|DK1","267.21","n/e"," ","190.25"
"18/04/2018 11:00:00 - 18/04/2018 12:00:00","BZN|DK1","235.38","n/e"," ","176.42"
"18/04/2018 12:00:00 - 18/04/2018 13:00:00","BZN|DK1","223.83","n/e"," ","198.73"
"18/04/2018 13:00:00 - 18/04/2018 14:00:00","BZN|DK1","222.63","n/e"," ","156.79"
"18/04/2018 14:00:00 - 18/04/2018 15:00:00","BZN|DK1","220.29","n/e"," ","187.47"
"18/04/2018 15:00:00 - 18/04/2018 16:00:00","BZN|DK1","210.58","n/e"," ","230.36"
"18/04/2018 16:00:00 - 18/04/2018 17:00:00","BZN|DK1","198.75","n/e"," ","243.05"
"18/04/2018 17:00:00 - 18/04/2018 18:00:00","BZN|DK1","190.79","n/e"," ","169.73"
"18/04/2018 18:00:00 - 18/04/2018 19:00:00","BZN|DK1","184.42","n/e"," ","121.01"
"18/04/2018 19:00:00 - 18/04/2018 20:00:00","BZN|DK1","173.88","n/e"," ","89.25"
"18/04/2018 20:00:00 - 18/04/2018 21:00:00","BZN|DK1","161.63","n/e"," ","128.02"
"18/04/2018 21:00:00 - 18/04/2018 22:00:00","BZN|DK1","146.13","n/e"," ","127.85"
"18/04/2018 22:00:00 - 18/04/2018 23:00:00","BZN|DK1","125.88","n/e"," ","68.42"
"18/04/2018 23:00:00 - 19/04/2018 00:00:00","BZN|DK1","98.00","n/e"," ","33.02"
"19/04/2018 00:00:00 - 19/04/2018 01:00:00","BZN|DK1","31.45","n/e"," ","38.14"
"19/04/2018 01:00:00 - 19/04/2018 02:00:00","BZN|DK1","46.21","n/e"," ","49.54"
"19/04/2018 02:00:00 - 19/04/2018 03:00:00","BZN|DK1","38.05","n/e"," ","38.60"
"19/04/2018 03:00:00 - 19/04/2018 04:00:00","BZN|DK1","42.31","n/e"," ","41.48"
"19/04/2018 04:00:00 - 19/04/2018 05:00:00","BZN|DK1","42.38","n/e"," ","44.21"
"19/04/2018 05:00:00 - 19/04/2018 06:00:00","BZN|DK1","49.68","n/e"," ","45.89"
"19/04/2018 06:00:00 - 19/04/2018 07:00:00","BZN|DK1","73.16","n/e"," ","72.83"
"19/04/2018 07:00:00 - 19/04/2018 08:00:00","BZN|DK1","83.30","n/e"," ","77.87"
"19/04/2018 08:00:00 - 19/04/2018 09:00:00","BZN|DK1","106.15","n/e"," ","105.52"
"19/04/2018 09:00:00 - 19/04/2018 10:00:00","BZN|DK1","124.58","n/e"," ","172.55"
"19/04/2018 10:00:00 - 19/04/2018 11:00:00","BZN|DK1","142.75","n/e"," ","255.43"
"19/04/2018 11:00:00 - 19/04/2018 12:00:00","BZN|DK1","156.00","n/e"," ","279.51"
"19/04/2018 12:00:00 - 19/04/2018 13:00:00","BZN|DK1","166.75","n/e"," ","282.29"
"19/04/2018 13:00:00 - 19/04/2018 14:00:00","BZN|DK1","178.58","n/e"," ","287.51"
"19/04/2018 14:00:00 - 19/04/2018 15:00:00","BZN|DK1","181.50","n/e"," ","278.18"
"19/04/2018 15:00:00 - 19/04/2018 16:00:00","BZN|DK1","178.71","n/e"," ","240.08"
"19/04/2018 16:00:00 - 19/04/2018 17:00:00","BZN|DK1","177.25","n/e"," ","195.62"
"19/04/2018 17:00:00 - 19/04/2018 18:00:00","BZN|DK1","190.38","n/e"," ","175.28"
"19/04/2018 18:00:00 - 19/04/2018 19:00:00","BZN|DK1","198.71","n/e"," ","183.22"
"19/04/2018 19:00:00 - 19/04/2018 20:00:00","BZN|DK1","214.04","n/e"," ","182.85"
"19/04/2018 20:00:00 - 19/04/2018 21:00:00","BZN|DK1","252.21","n/e"," ","195.56"
"19/04/2018 21:00:00 - 19/04/2018 22:00:00","BZN|DK1","304.54","n/e"," ","305.19"
"19/04/2018 22:00:00 - 19/04/2018 23:00:00","BZN|DK1","362.04","n/e"," ","329.50"
"19/04/2018 23:00:00 - 20/04/2018 00:00:00","BZN|DK1","422.63","n/e"," ","382.16"
"20/04/2018 00:00:00 - 20/04/2018 01:00:00","BZN|DK1","370.32","n/e"," ","376.98"
"20/04/2018 01:00:00 - 20/04/2018 02:00:00","BZN|DK1","406.17","n/e"," ","409.12"
"20/04/2018 02:00:00 - 20/04/2018 03:00:00","BZN|DK1","479.10","n/e"," ","480.47"
"20/04/2018 03:00:00 - 20/04/2018 04:00:00","BZN|DK1","532.60","n/e"," ","546.06"
"20/04/2018 04:00:00 - 20/04/2018 05:00:00","BZN|DK1","543.38","n/e"," ","546.31"
"20/04/2018 05:00:00 - 20/04/2018 06:00:00","BZN|DK1","487.90","n/e"," ","491.01"
"20/04/2018 06:00:00 - 20/04/2018 07:00:00","BZN|DK1","454.35","n/e"," ","475.52"
"20/04/2018 07:00:00 - 20/04/2018 08:00:00","BZN|DK1","446.78","n/e"," ","468.39"
"20/04/2018 08:00:00 - 20/04/2018 09:00:00","BZN|DK1","462.98","n/e"," ","487.21"
"20/04/2018 09:00:00 - 20/04/2018 10:00:00","BZN|DK1","441.08","n/e"," ","403.84"
"20/04/2018 10:00:00 - 20/04/2018 11:00:00","BZN|DK1","442.96","n/e"," ","369.73"
"20/04/2018 11:00:00 - 20/04/2018 12:00:00","BZN|DK1","444.75","n/e"," ","326.34"
"20/04/2018 12:00:00 - 20/04/2018 13:00:00","BZN|DK1","440.54","n/e"," ","367.57"
"20/04/2018 13:00:00 - 20/04/2018 14:00:00","BZN|DK1","442.00","n/e"," ","356.34"
"20/04/2018 14:00:00 - 20/04/2018 15:00:00","BZN|DK1","456.00","n/e"," ","425.41"
"20/04/2018 15:00:00 - 20/04/2018 16:00:00","BZN|DK1","461.38","n/e"," ","486.82"
"20/04/2018 16:00:00 - 20/04/2018 17:00:00","BZN|DK1","470.96","n/e"," ","476.70"
"20/04/2018 17:00:00 - 20/04/2018 18:00:00","BZN|DK1","513.92","n/e"," ","490.66"
"20/04/2018 18:00:00 - 20/04/2018 19:00:00","BZN|DK1","535.58","n/e"," ","489.53"
"20/04/2018 19:00:00 - 20/04/2018 20:00:00","BZN|DK1","548.79","n/e"," ","453.12"
"20/04/2018 20:00:00 - 20/04/2018 21:00:00","BZN|DK1","563.75","n/e"," ","514.70"
"20/04/2018 21:00:00 - 20/04/2018 22:00:00","BZN|DK1","576.79","n/e"," ","508.19"
"20/04/2018 22:00:00 - 20/04/2018 23:00:00","BZN|DK1","581.54","n/e"," ","519.88"
"20/04/2018 23:00:00 - 21/04/2018 00:00:00","BZN|DK1","562.33","n/e"," ","526.26"
"21/04/2018 00:00:00 - 21/04/2018 01:00:00","BZN|DK1","493.38","n/e"," ","528.34"
"21/04/2018 01:00:00 - 21/04/2018 02:00:00","BZN|DK1","464.77","n/e"," ","499.88"
"21/04/2018 02:00:00 - 21/04/2018 03:00:00","BZN|DK1","437.94","n/e"," ","464.35"
"21/04/2018 03:00:00 - 21/04/2018 04:00:00","BZN|DK1","437.82","n/e"," ","463.81"
"21/04/2018 04:00:00 - 21/04/2018 05:00:00","BZN|DK1","444.40","n/e"," ","470.73"
"21/04/2018 05:00:00 - 21/04/2018 06:00:00","BZN|DK1","429.18","n/e"," ","451.79"
"21/04/2018 06:00:00 - 21/04/2018 07:00:00","BZN|DK1","431.59","n/e"," ","459.57"
"21/04/2018 07:00:00 - 21/04/2018 08:00:00","BZN|DK1","401.71","n/e"," ","421.64"
"21/04/2018 08:00:00 - 21/04/2018 09:00:00","BZN|DK1","388.98","n/e"," ","401.01"
"21/04/2018 09:00:00 - 21/04/2018 10:00:00","BZN|DK1","374.92","n/e"," ","375.35"
"21/04/2018 10:00:00 - 21/04/2018 11:00:00","BZN|DK1","373.08","n/e"," ","326.23"
"21/04/2018 11:00:00 - 21/04/2018 12:00:00","BZN|DK1","357.00","n/e"," ","312.56"
"21/04/2018 12:00:00 - 21/04/2018 13:00:00","BZN|DK1","338.38","n/e"," ","349.86"
"21/04/2018 13:00:00 - 21/04/2018 14:00:00","BZN|DK1","329.71","n/e"," ","313.46"
"21/04/2018 14:00:00 - 21/04/2018 15:00:00","BZN|DK1","330.17","n/e"," ","257.26"
"21/04/2018 15:00:00 - 21/04/2018 16:00:00","BZN|DK1","334.75","n/e"," ","275.87"
"21/04/2018 16:00:00 - 21/04/2018 17:00:00","BZN|DK1","331.08","n/e"," ","333.48"
"21/04/2018 17:00:00 - 21/04/2018 18:00:00","BZN|DK1","350.25","n/e"," ","300.66"
"21/04/2018 18:00:00 - 21/04/2018 19:00:00","BZN|DK1","341.13","n/e"," ","335.23"
"21/04/2018 19:00:00 - 21/04/2018 20:00:00","BZN|DK1","321.75","n/e"," ","313.00"
"21/04/2018 20:00:00 - 21/04/2018 21:00:00","BZN|DK1","297.88","n/e"," ","216.77"
"21/04/2018 21:00:00 - 21/04/2018 22:00:00","BZN|DK1","275.08","n/e"," ","229.53"
"21/04/2018 22:00:00 - 21/04/2018 23:00:00","BZN|DK1","255.33","n/e"," ","253.18"
"21/04/2018 23:00:00 - 22/04/2018 00:00:00","BZN|DK1","237.71","n/e"," ","199.08"
"22/04/2018 00:00:00 - 22/04/2018 01:00:00","BZN|DK1","142.10","n/e"," ","146.66"
"22/04/2018 01:00:00 - 22/04/2018 02:00:00","BZN|DK1","184.32","n/e"," ","188.31"
"22/04/2018 02:00:00 - 22/04/2018 03:00:00","BZN|DK1","189.09","n/e"," ","192.53"
"22/04/2018 03:00:00 - 22/04/2018 04:00:00","BZN|DK1","198.06","n/e"," ","197.36"
"22/04/2018 04:00:00 - 22/04/2018 05:00:00","BZN|DK1","134.08","n/e"," ","134.23"
"22/04/2018 05:00:00 - 22/04/2018 06:00:00","BZN|DK1","113.13","n/e"," ","113.54"
"22/04/2018 06:00:00 - 22/04/2018 07:00:00","BZN|DK1","81.11","n/e"," ","73.10"
"22/04/2018 07:00:00 - 22/04/2018 08:00:00","BZN|DK1","24.35","n/e"," ","19.13"
"22/04/2018 08:00:00 - 22/04/2018 09:00:00","BZN|DK1","26.23","n/e"," ","17.20"
"22/04/2018 09:00:00 - 22/04/2018 10:00:00","BZN|DK1","59.29","n/e"," ","40.29"
"22/04/2018 10:00:00 - 22/04/2018 11:00:00","BZN|DK1","86.67","n/e"," ","57.58"
"22/04/2018 11:00:00 - 22/04/2018 12:00:00","BZN|DK1","115.21","n/e"," ","66.70"
"22/04/2018 12:00:00 - 22/04/2018 13:00:00","BZN|DK1","145.08","n/e"," ","122.52"
"22/04/2018 13:00:00 - 22/04/2018 14:00:00","BZN|DK1","172.42","n/e"," ","110.62"
"22/04/2018 14:00:00 - 22/04/2018 15:00:00","BZN|DK1","196.71","n/e"," ","141.09"
"22/04/2018 15:00:00 - 22/04/2018 16:00:00","BZN|DK1","222.17","n/e"," ","132.57"
"22/04/2018 16:00:00 - 22/04/2018 17:00:00","BZN|DK1","256.21","n/e"," ","111.20"
"22/04/2018 17:00:00 - 22/04/2018 18:00:00","BZN|DK1","314.04","n/e"," ","107.22"
"22/04/2018 18:00:00 - 22/04/2018 19:00:00","BZN|DK1","363.67","n/e"," ","159.23"
"22/04/2018 19:00:00 - 22/04/2018 20:00:00","BZN|DK1","406.63","n/e"," ","329.16"
"22/04/2018 20:00:00 - 22/04/2018 21:00:00","BZN|DK1","450.42","n/e"," ","381.98"
"22/04/2018 21:00:00 - 22/04/2018 22:00:00","BZN|DK1","525.38","n/e"," ","423.59"
"22/04/2018 22:00:00 - 22/04/2018 23:00:00","BZN|DK1","620.25","n/e"," ","550.00"
"22/04/2018 23:00:00 - 23/04/2018 00:00:00","BZN|DK1","668.54","n/e"," ","699.86"
"23/04/2018 00:00:00 - 23/04/2018 01:00:00","BZN|DK1","697.99","n/e"," ","743.74"
"23/04/2018 01:00:00 - 23/04/2018 02:00:00","BZN|DK1","682.30","n/e"," ","691.34"
"23/04/2018 02:00:00 - 23/04/2018 03:00:00","BZN|DK1","444.22","n/e"," ","449.10"
"23/04/2018 03:00:00 - 23/04/2018 04:00:00","BZN|DK1","396.70","n/e"," ","427.16"
"23/04/2018 04:00:00 - 23/04/2018 05:00:00","BZN|DK1","430.22","n/e"," ","465.13"
"23/04/2018 05:00:00 - 23/04/2018 06:00:00","BZN|DK1","537.49","n/e"," ","577.67"
"23/04/2018 06:00:00 - 23/04/2018 07:00:00","BZN|DK1","611.35","n/e"," ","621.86"
"23/04/2018 07:00:00 - 23/04/2018 08:00:00","BZN|DK1","590.88","n/e"," ","624.89"
"23/04/2018 08:00:00 - 23/04/2018 09:00:00","BZN|DK1","615.35","n/e"," ","525.12"
"23/04/2018 09:00:00 - 23/04/2018 10:00:00","BZN|DK1","604.54","n/e"," ","577.98"
"23/04/2018 10:00:00 - 23/04/2018 11:00:00","BZN|DK1","605.33","n/e"," ","638.26"
"23/04/2018 11:00:00 - 23/04/2018 12:00:00","BZN|DK1","605.54","n/e"," ","649.50"
"23/04/2018 12:00:00 - 23/04/2018 13:00:00","BZN|DK1","597.54","n/e"," ","611.54"
"23/04/2018 13:00:00 - 23/04/2018 14:00:00","BZN|DK1","599.00","n/e"," ","618.39"
"23/04/2018 14:00:00 - 23/04/2018 15:00:00","BZN|DK1","617.13","n/e"," ","642.19"
"23/04/2018 15:00:00 - 23/04/2018 16:00:00","BZN|DK1","652.08","n/e"," ","590.48"
"23/04/2018 16:00:00 - 23/04/2018 17:00:00","BZN|DK1","671.33","n/e"," ","682.29"
"23/04/2018 17:00:00 - 23/04/2018 18:00:00","BZN|DK1","693.71","n/e"," ","775.91"
"23/04/2018 18:00:00 - 23/04/2018 19:00:00","BZN|DK1","695.25","n/e"," ","761.94"
"23/04/2018 19:00:00 - 23/04/2018 20:00:00","BZN|DK1","693.96","n/e"," ","746.88"
"23/04/2018 20:00:00 - 23/04/2018 21:00:00","BZN|DK1","682.04","n/e"," ","753.82"
"23/04/2018 21:00:00 - 23/04/2018 22:00:00","BZN|DK1","666.00","n/e"," ","727.83"
"23/04/2018 22:00:00 - 23/04/2018 23:00:00","BZN|DK1","654.75","n/e"," ","728.11"
"23/04/2018 23:00:00 - 24/04/2018 00:00:00","BZN|DK1","652.29","n/e"," ","679.65"
"24/04/2018 00:00:00 - 24/04/2018 01:00:00","BZN|DK1","616.96","n/e"," ","650.54"
"24/04/2018 01:00:00 - 24/04/2018 02:00:00","BZN|DK1","596.91","n/e"," ","626.21"
"24/04/2018 02:00:00 - 24/04/2018 03:00:00","BZN|DK1","456.70","n/e"," ","462.18"
"24/04/2018 03:00:00 - 24/04/2018 04:00:00","BZN|DK1","442.53","n/e"," ","483.25"
"24/04/2018 04:00:00 - 24/04/2018 05:00:00","BZN|DK1","509.57","n/e"," ","531.19"
"24/04/2018 05:00:00 - 24/04/2018 06:00:00","BZN|DK1","616.89","n/e"," ","653.08"
"24/04/2018 06:00:00 - 24/04/2018 07:00:00","BZN|DK1","636.22","n/e"," ","659.67"
"24/04/2018 07:00:00 - 24/04/2018 08:00:00","BZN|DK1","553.26","n/e"," ","602.04"
"24/04/2018 08:00:00 - 24/04/2018 09:00:00","BZN|DK1","647.40","n/e"," ","769.76"
"24/04/2018 09:00:00 - 24/04/2018 10:00:00","BZN|DK1","692.17","n/e"," ","774.56"
"24/04/2018 10:00:00 - 24/04/2018 11:00:00","BZN|DK1","709.08","n/e"," ","761.65"
"24/04/2018 11:00:00 - 24/04/2018 12:00:00","BZN|DK1","711.17","n/e"," ","774.30"
"24/04/2018 12:00:00 - 24/04/2018 13:00:00","BZN|DK1","712.08","n/e"," ","780.81"
"24/04/2018 13:00:00 - 24/04/2018 14:00:00","BZN|DK1","710.50","n/e"," ","791.22"
"24/04/2018 14:00:00 - 24/04/2018 15:00:00","BZN|DK1","704.00","n/e"," ","793.64"
"24/04/2018 15:00:00 - 24/04/2018 16:00:00","BZN|DK1","690.33","n/e"," ","779.30"
"24/04/2018 16:00:00 - 24/04/2018 17:00:00","BZN|DK1","670.54","n/e"," ","742.42"
"24/04/2018 17:00:00 - 24/04/2018 18:00:00","BZN|DK1","654.63","n/e"," ","677.26"
"24/04/2018 18:00:00 - 24/04/2018 19:00:00","BZN|DK1","633.33","n/e"," ","653.45"
"24/04/2018 19:00:00 - 24/04/2018 20:00:00","BZN|DK1","612.75","n/e"," ","658.46"
"24/04/2018 20:00:00 - 24/04/2018 21:00:00","BZN|DK1","597.00","n/e"," ","643.62"
"24/04/2018 21:00:00 - 24/04/2018 22:00:00","BZN|DK1","583.58","n/e"," ","593.48"
"24/04/2018 22:00:00 - 24/04/2018 23:00:00","BZN|DK1","568.42","n/e"," ","615.51"
"24/04/2018 23:00:00 - 25/04/2018 00:00:00","BZN|DK1","544.21","n/e"," ","576.02"
"25/04/2018 00:00:00 - 25/04/2018 01:00:00","BZN|DK1","413.83","n/e"," ","428.79"
"25/04/2018 01:00:00 - 25/04/2018 02:00:00","BZN|DK1","349.02","n/e"," ","368.14"
"25/04/2018 02:00:00 - 25/04/2018 03:00:00","BZN|DK1","253.43","n/e"," ","264.16"
"25/04/2018 03:00:00 - 25/04/2018 04:00:00","BZN|DK1","201.25","n/e"," ","206.77"
"25/04/2018 04:00:00 - 25/04/2018 05:00:00","BZN|DK1","146.12","n/e"," ","144.40"
"25/04/2018 05:00:00 - 25/04/2018 06:00:00","BZN|DK1","95.60","n/e"," ","99.99"
"25/04/2018 06:00:00 - 25/04/2018 07:00:00","BZN|DK1","78.28","n/e"," ","82.69"
"25/04/2018 07:00:00 - 25/04/2018 08:00:00","BZN|DK1","90.00","n/e"," ","94.28"
"25/04/2018 08:00:00 - 25/04/2018 09:00:00","BZN|DK1","74.38","n/e"," ","86.06"
"25/04/2018 09:00:00 - 25/04/2018 10:00:00","BZN|DK1","75.17","n/e"," ","101.42"
"25/04/2018 10:00:00 - 25/04/2018 11:00:00","BZN|DK1","86.92","n/e"," ","127.79"
"25/04/2018 11:00:00 - 25/04/2018 12:00:00","BZN|DK1","130.88","n/e"," ","194.55"
"25/04/2018 12:00:00 - 25/04/2018 13:00:00","BZN|DK1","184.50","n/e"," ","238.70"
"25/04/2018 13:00:00 - 25/04/2018 14:00:00","BZN|DK1","246.71","n/e"," ","283.88"
"25/04/2018 14:00:00 - 25/04/2018 15:00:00","BZN|DK1","306.92","n/e"," ","372.89"
"25/04/2018 15:00:00 - 25/04/2018 16:00:00","BZN|DK1","371.08","n/e"," ","432.04"
"25/04/2018 16:00:00 - 25/04/2018 17:00:00","BZN|DK1","431.46","n/e"," ","583.49"
"25/04/2018 17:00:00 - 25/04/2018 18:00:00","BZN|DK1","465.08","n/e"," ","453.46"
"25/04/2018 18:00:00 - 25/04/2018 19:00:00","BZN|DK1","496.58","n/e"," ","646.25"
"25/04/2018 19:00:00 - 25/04/2018 20:00:00","BZN|DK1","502.79","n/e"," ","594.95"
"25/04/2018 20:00:00 - 25/04/2018 21:00:00","BZN|DK1","505.00","n/e"," ","586.80"
"25/04/2018 21:00:00 - 25/04/2018 22:00:00","BZN|DK1","502.04","n/e"," ","575.44"
"25/04/2018 22:00:00 - 25/04/2018 23:00:00","BZN|DK1","498.96","n/e"," ","594.86"
"25/04/2018 23:00:00 - 26/04/2018 00:00:00","BZN|DK1","508.13","n/e"," ","506.53"
"26/04/2018 00:00:00 - 26/04/2018 01:00:00","BZN|DK1","423.22","n/e"," ","443.96"
"26/04/2018 01:00:00 - 26/04/2018 02:00:00","BZN|DK1","394.81","n/e"," ","416.62"
"26/04/2018 02:00:00 - 26/04/2018 03:00:00","BZN|DK1","359.44","n/e"," ","389.53"
"26/04/2018 03:00:00 - 26/04/2018 04:00:00","BZN|DK1","343.95","n/e"," ","374.99"
"26/04/2018 04:00:00 - 26/04/2018 05:00:00","BZN|DK1","362.42","n/e"," ","367.03"
"26/04/2018 05:00:00 - 26/04/2018 06:00:00","BZN|DK1","322.03","n/e"," ","345.69"
"26/04/2018 06:00:00 - 26/04/2018 07:00:00","BZN|DK1","320.35","n/e"," ","330.16"
"26/04/2018 07:00:00 - 26/04/2018 08:00:00","BZN|DK1","314.16","n/e"," ","327.36"
"26/04/2018 08:00:00 - 26/04/2018 09:00:00","BZN|DK1","288.51","n/e"," ","293.44"
"26/04/2018 09:00:00 - 26/04/2018 10:00:00","BZN|DK1","279.13","n/e"," ","242.10"
"26/04/2018 10:00:00 - 26/04/2018 11:00:00","BZN|DK1","286.83","n/e"," ","220.47"
"26/04/2018 11:00:00 - 26/04/2018 12:00:00","BZN|DK1","289.21","n/e"," ","296.05"
"26/04/2018 12:00:00 - 26/04/2018 13:00:00","BZN|DK1","296.21","n/e"," ","355.89"
"26/04/2018 13:00:00 - 26/04/2018 14:00:00","BZN|DK1","309.71","n/e"," ","360.74"
"26/04/2018 14:00:00 - 26/04/2018 15:00:00","BZN|DK1","334.17","n/e"," ","337.50"
"26/04/2018 15:00:00 - 26/04/2018 16:00:00","BZN|DK1","367.33","n/e"," ","342.01"
"26/04/2018 16:00:00 - 26/04/2018 17:00:00","BZN|DK1","419.46","n/e"," ","420.49"
"26/04/2018 17:00:00 - 26/04/2018 18:00:00","BZN|DK1","465.92","n/e"," ","582.67"
"26/04/2018 18:00:00 - 26/04/2018 19:00:00","BZN|DK1","522.04","n/e"," ","688.82"
"26/04/2018 19:00:00 - 26/04/2018 20:00:00","BZN|DK1","556.29","n/e"," ","672.49"
"26/04/2018 20:00:00 - 26/04/2018 21:00:00","BZN|DK1","569.08","n/e"," ","610.52"
"26/04/2018 21:00:00 - 26/04/2018 22:00:00","BZN|DK1","570.54","n/e"," ","634.94"
"26/04/2018 22:00:00 - 26/04/2018 23:00:00","BZN|DK1","569.50","n/e"," ","661.27"
"26/04/2018 23:00:00 - 27/04/2018 00:00:00","BZN|DK1","577.25","n/e"," ","685.24"
"27/04/2018 00:00:00 - 27/04/2018 01:00:00","BZN|DK1","619.54","n/e"," ","652.17"
"27/04/2018 01:00:00 - 27/04/2018 02:00:00","BZN|DK1","644.69","n/e"," ","696.75"
"27/04/2018 02:00:00 - 27/04/2018 03:00:00","BZN|DK1","596.22","n/e"," ","624.35"
"27/04/2018 03:00:00 - 27/04/2018 04:00:00","BZN|DK1","572.43","n/e"," ","615.53"
"27/04/2018 04:00:00 - 27/04/2018 05:00:00","BZN|DK1","549.14","n/e"," ","575.81"
"27/04/2018 05:00:00 - 27/04/2018 06:00:00","BZN|DK1","537.97","n/e"," ","571.56"
"27/04/2018 06:00:00 - 27/04/2018 07:00:00","BZN|DK1","477.07","n/e"," ","510.11"
"27/04/2018 07:00:00 - 27/04/2018 08:00:00","BZN|DK1","398.45","n/e"," ","427.77"
"27/04/2018 08:00:00 - 27/04/2018 09:00:00","BZN|DK1","389.56","n/e"," ","413.94"
"27/04/2018 09:00:00 - 27/04/2018 10:00:00","BZN|DK1","325.33","n/e"," ","327.14"
"27/04/2018 10:00:00 - 27/04/2018 11:00:00","BZN|DK1","259.13","n/e"," ","276.63"
"27/04/2018 11:00:00 - 27/04/2018 12:00:00","BZN|DK1","212.67","n/e"," ","263.30"
"27/04/2018 12:00:00 - 27/04/2018 13:00:00","BZN|DK1","172.92","n/e"," ","183.30"
"27/04/2018 13:00:00 - 27/04/2018 14:00:00","BZN|DK1","130.96","n/e"," ","92.85"
"27/04/2018 14:00:00 - 27/04/2018 15:00:00","BZN|DK1","88.25","n/e"," ","83.11"
"27/04/2018 15:00:00 - 27/04/2018 16:00:00","BZN|DK1","66.83","n/e"," ","87.58"
"27/04/2018 16:00:00 - 27/04/2018 17:00:00","BZN|DK1","59.33","n/e"," ","93.10"
"27/04/2018 17:00:00 - 27/04/2018 18:00:00","BZN|DK1","49.08","n/e"," ","93.71"
"27/04/2018 18:00:00 - 27/04/2018 19:00:00","BZN|DK1","34.92","n/e"," ","77.01"
"27/04/2018 19:00:00 - 27/04/2018 20:00:00","BZN|DK1","24.00","n/e"," ","32.31"
"27/04/2018 20:00:00 - 27/04/2018 21:00:00","BZN|DK1","20.54","n/e"," ","27.01"
"27/04/2018 21:00:00 - 27/04/2018 22:00:00","BZN|DK1","15.50","n/e"," ","5.94"
"27/04/2018 22:00:00 - 27/04/2018 23:00:00","BZN|DK1","14.33","n/e"," ","5.01"
"27/04/2018 23:00:00 - 28/04/2018 00:00:00","BZN|DK1","13.21","n/e"," ","10.66"
"28/04/2018 00:00:00 - 28/04/2018 01:00:00","BZN|DK1","6.61","n/e"," ","5.62"
"28/04/2018 01:00:00 - 28/04/2018 02:00:00","BZN|DK1","0.50","n/e"," ","0.59"
"28/04/2018 02:00:00 - 28/04/2018 03:00:00","BZN|DK1","0.00","n/e"," ","1.90"
"28/04/2018 03:00:00 - 28/04/2018 04:00:00","BZN|DK1","7.53","n/e"," ","11.92"
"28/04/2018 04:00:00 - 28/04/2018 05:00:00","BZN|DK1","29.70","n/e"," ","31.28"
"28/04/2018 05:00:00 - 28/04/2018 06:00:00","BZN|DK1","29.31","n/e"," ","29.89"
"28/04/2018 06:00:00 - 28/04/2018 07:00:00","BZN|DK1","37.78","n/e"," ","38.53"
"28/04/2018 07:00:00 - 28/04/2018 08:00:00","BZN|DK1","37.42","n/e"," ","39.55"
"28/04/2018 08:00:00 - 28/04/2018 09:00:00","BZN|DK1","45.86","n/e"," ","68.81"
"28/04/2018 09:00:00 - 28/04/2018 10:00:00","BZN|DK1","46.25","n/e"," ","69.77"
"28/04/2018 10:00:00 - 28/04/2018 11:00:00","BZN|DK1","52.96","n/e"," ","61.95"
"28/04/2018 11:00:00 - 28/04/2018 12:00:00","BZN|DK1","64.33","n/e"," ","93.89"
"28/04/2018 12:00:00 - 28/04/2018 13:00:00","BZN|DK1","82.75","n/e"," ","141.43"
"28/04/2018 13:00:00 - 28/04/2018 14:00:00","BZN|DK1","107.75","n/e"," ","213.85"
"28/04/2018 14:00:00 - 28/04/2018 15:00:00","BZN|DK1","136.83","n/e"," ","258.06"
"28/04/2018 15:00:00 - 28/04/2018 16:00:00","BZN|DK1","156.42","n/e"," ","263.39"
"28/04/2018 16:00:00 - 28/04/2018 17:00:00","BZN|DK1","171.33","n/e"," ","315.33"
"28/04/2018 17:00:00 - 28/04/2018 18:00:00","BZN|DK1","173.75","n/e"," ","348.82"
"28/04/2018 18:00:00 - 28/04/2018 19:00:00","BZN|DK1","177.17","n/e"," ","375.68"
"28/04/2018 19:00:00 - 28/04/2018 20:00:00","BZN|DK1","171.08","n/e"," ","327.25"
"28/04/2018 20:00:00 - 28/04/2018 21:00:00","BZN|DK1","163.04","n/e"," ","282.84"
"28/04/2018 21:00:00 - 28/04/2018 22:00:00","BZN|DK1","151.92","n/e"," ","283.69"
"28/04/2018 22:00:00 - 28/04/2018 23:00:00","BZN|DK1","139.92","n/e"," ","281.17"
"28/04/2018 23:00:00 - 29/04/2018 00:00:00","BZN|DK1","125.71","n/e"," ","223.28"
"29/04/2018 00:00:00 - 29/04/2018 01:00:00","BZN|DK1","218.11","n/e"," ","217.91"
"29/04/2018 01:00:00 - 29/04/2018 02:00:00","BZN|DK1","171.75","n/e"," ","175.67"
"29/04/2018 02:00:00 - 29/04/2018 03:00:00","BZN|DK1","171.01","n/e"," ","170.40"
"29/04/2018 03:00:00 - 29/04/2018 04:00:00","BZN|DK1","141.51","n/e"," ","146.74"
"29/04/2018 04:00:00 - 29/04/2018 05:00:00","BZN|DK1","117.55","n/e"," ","116.27"
"29/04/2018 05:00:00 - 29/04/2018 06:00:00","BZN|DK1","86.86","n/e"," ","84.57"
"29/04/2018 06:00:00 - 29/04/2018 07:00:00","BZN|DK1","71.91","n/e"," ","67.60"
"29/04/2018 07:00:00 - 29/04/2018 08:00:00","BZN|DK1","63.33","n/e"," ","60.11"
"29/04/2018 08:00:00 - 29/04/2018 09:00:00","BZN|DK1","51.45","n/e"," ","37.89"
"29/04/2018 09:00:00 - 29/04/2018 10:00:00","BZN|DK1","50.50","n/e"," ","26.12"
"29/04/2018 10:00:00 - 29/04/2018 11:00:00","BZN|DK1","49.88","n/e"," ","26.06"
"29/04/2018 11:00:00 - 29/04/2018 12:00:00","BZN|DK1","51.54","n/e"," ","32.10"
"29/04/2018 12:00:00 - 29/04/2018 13:00:00","BZN|DK1","56.00","n/e"," ","32.41"
"29/04/2018 13:00:00 - 29/04/2018 14:00:00","BZN|DK1","63.54","n/e"," ","47.14"
"29/04/2018 14:00:00 - 29/04/2018 15:00:00","BZN|DK1","79.63","n/e"," ","71.65"
"29/04/2018 15:00:00 - 29/04/2018 16:00:00","BZN|DK1","96.88","n/e"," ","79.84"
"29/04/2018 16:00:00 - 29/04/2018 17:00:00","BZN|DK1","117.08","n/e"," ","53.78"
"29/04/2018 17:00:00 - 29/04/2018 18:00:00","BZN|DK1","133.13","n/e"," ","73.10"
"29/04/2018 18:00:00 - 29/04/2018 19:00:00","BZN|DK1","151.08","n/e"," ","107.55"
"29/04/2018 19:00:00 - 29/04/2018 20:00:00","BZN|DK1","163.29","n/e"," ","160.37"
"29/04/2018 20:00:00 - 29/04/2018 21:00:00","BZN|DK1","173.71","n/e"," ","148.65"
"29/04/2018 21:00:00 - 29/04/2018 22:00:00","BZN|DK1","183.83","n/e"," ","177.61"
"29/04/2018 22:00:00 - 29/04/2018 23:00:00","BZN|DK1","198.33","n/e"," ","208.68"
"29/04/2018 23:00:00 - 30/04/2018 00:00:00","BZN|DK1","213.58","n/e"," ","233.11"
"30/04/2018 00:00:00 - 30/04/2018 01:00:00","BZN|DK1","212.22","n/e"," ","230.89"
"30/04/2018 01:00:00 - 30/04/2018 02:00:00","BZN|DK1","249.77","n/e"," ","274.84"
"30/04/2018 02:00:00 - 30/04/2018 03:00:00","BZN|DK1","370.63","n/e"," ","401.52"
"30/04/2018 03:00:00 - 30/04/2018 04:00:00","BZN|DK1","410.19","n/e"," ","448.75"
"30/04/2018 04:00:00 - 30/04/2018 05:00:00","BZN|DK1","494.80","n/e"," ","530.03"
"30/04/2018 05:00:00 - 30/04/2018 06:00:00","BZN|DK1","576.88","n/e"," ","613.79"
"30/04/2018 06:00:00 - 30/04/2018 07:00:00","BZN|DK1","653.87","n/e"," ","697.81"
"30/04/2018 07:00:00 - 30/04/2018 08:00:00","BZN|DK1","730.54","n/e"," ","775.50"
"30/04/2018 08:00:00 - 30/04/2018 09:00:00","BZN|DK1","736.86","n/e"," ","788.38"
"30/04/2018 09:00:00 - 30/04/2018 10:00:00","BZN|DK1","749.29","n/e"," ","785.77"
"30/04/2018 10:00:00 - 30/04/2018 11:00:00","BZN|DK1","749.58","n/e"," ","783.27"
"30/04/2018 11:00:00 - 30/04/2018 12:00:00","BZN|DK1","745.04","n/e"," ","804.11"
"30/04/2018 12:00:00 - 30/04/2018 13:00:00","BZN|DK1","743.88","n/e"," ","777.58"
"30/04/2018 13:00:00 - 30/04/2018 14:00:00","BZN|DK1","748.17","n/e"," ","708.74"
"30/04/2018 14:00:00 - 30/04/2018 15:00:00","BZN|DK1","745.25","n/e"," ","432.43"
"30/04/2018 15:00:00 - 30/04/2018 16:00:00","BZN|DK1","726.67","n/e"," ","254.81"
"30/04/2018 16:00:00 - 30/04/2018 17:00:00","BZN|DK1","683.92","n/e"," ","564.83"
"30/04/2018 17:00:00 - 30/04/2018 18:00:00","BZN|DK1","598.04","n/e"," ","655.46"
"30/04/2018 18:00:00 - 30/04/2018 19:00:00","BZN|DK1","473.54","n/e"," ","623.26"
"30/04/2018 19:00:00 - 30/04/2018 20:00:00","BZN|DK1","354.67","n/e"," ","677.66"
"30/04/2018 20:00:00 - 30/04/2018 21:00:00","BZN|DK1","300.29","n/e"," ","485.74"
"30/04/2018 21:00:00 - 30/04/2018 22:00:00","BZN|DK1","279.71","n/e"," ","258.37"
"30/04/2018 22:00:00 - 30/04/2018 23:00:00","BZN|DK1","281.88","n/e"," ","418.63"
"30/04/2018 23:00:00 - 01/05/2018 00:00:00","BZN|DK1","290.71","n/e"," ","454.65"
"01/05/2018 00:00:00 - 01/05/2018 01:00:00","BZN|DK1","371.26","n/e"," ","364.44"
"01/05/2018 01:00:00 - 01/05/2018 02:00:00","BZN|DK1","209.88","n/e"," ","210.98"
"01/05/2018 02:00:00 - 01/05/2018 03:00:00","BZN|DK1","166.09","n/e"," ","181.24"
"01/05/2018 03:00:00 - 01/05/2018 04:00:00","BZN|DK1","195.88","n/e"," ","207.13"
"01/05/2018 04:00:00 - 01/05/2018 05:00:00","BZN|DK1","157.75","n/e"," ","175.25"
"01/05/2018 05:00:00 - 01/05/2018 06:00:00","BZN|DK1","172.37","n/e"," ","182.89"
"01/05/2018 06:00:00 - 01/05/2018 07:00:00","BZN|DK1","206.23","n/e"," ","228.40"
"01/05/2018 07:00:00 - 01/05/2018 08:00:00","BZN|DK1","278.62","n/e"," ","287.29"
"01/05/2018 08:00:00 - 01/05/2018 09:00:00","BZN|DK1","340.17","n/e"," ","188.25"
"01/05/2018 09:00:00 - 01/05/2018 10:00:00","BZN|DK1","349.58","n/e"," ","153.00"
"01/05/2018 10:00:00 - 01/05/2018 11:00:00","BZN|DK1","356.00","n/e"," ","242.54"
"01/05/2018 11:00:00 - 01/05/2018 12:00:00","BZN|DK1","378.67","n/e"," ","279.83"
"01/05/2018 12:00:00 - 01/05/2018 13:00:00","BZN|DK1","386.21","n/e"," ","258.19"
"01/05/2018 13:00:00 - 01/05/2018 14:00:00","BZN|DK1","392.54","n/e"," ","232.43"
"01/05/2018 14:00:00 - 01/05/2018 15:00:00","BZN|DK1","411.29","n/e"," ","337.62"
"01/05/2018 15:00:00 - 01/05/2018 16:00:00","BZN|DK1","433.21","n/e"," ","262.79"
"01/05/2018 16:00:00 - 01/05/2018 17:00:00","BZN|DK1","453.83","n/e"," ","284.53"
"01/05/2018 17:00:00 - 01/05/2018 18:00:00","BZN|DK1","471.17","n/e"," ","367.37"
"01/05/2018 18:00:00 - 01/05/2018 19:00:00","BZN|DK1","491.79","n/e"," ","401.22"
"01/05/2018 19:00:00 - 01/05/2018 20:00:00","BZN|DK1","509.79","n/e"," ","438.33"
"01/05/2018 20:00:00 - 01/05/2018 21:00:00","BZN|DK1","518.25","n/e"," ","591.97"
"01/05/2018 21:00:00 - 01/05/2018 22:00:00","BZN|DK1","535.83","n/e"," ","564.07"
"01/05/2018 22:00:00 - 01/05/2018 23:00:00","BZN|DK1","546.79","n/e"," ","509.61"
"01/05/2018 23:00:00 - 02/05/2018 00:00:00","BZN|DK1","557.00","n/e"," ","514.45"
"02/05/2018 00:00:00 - 02/05/2018 01:00:00","BZN|DK1","433.80","n/e"," ","481.97"
"02/05/2018 01:00:00 - 02/05/2018 02:00:00","BZN|DK1","497.72","n/e"," ","537.44"
"02/05/2018 02:00:00 - 02/05/2018 03:00:00","BZN|DK1","504.77","n/e"," ","537.85"
"02/05/2018 03:00:00 - 02/05/2018 04:00:00","BZN|DK1","557.92","n/e"," ","584.15"
"02/05/2018 04:00:00 - 02/05/2018 05:00:00","BZN|DK1","506.40","n/e"," ","532.57"
"02/05/2018 05:00:00 - 02/05/2018 06:00:00","BZN|DK1","442.87","n/e"," ","451.01"
"02/05/2018 06:00:00 - 02/05/2018 07:00:00","BZN|DK1","455.84","n/e"," ","490.74"
"02/05/2018 07:00:00 - 02/05/2018 08:00:00","BZN|DK1","503.57","n/e"," ","519.80"
"02/05/2018 08:00:00 - 02/05/2018 09:00:00","BZN|DK1","488.23","n/e"," ","378.42"
"02/05/2018 09:00:00 - 02/05/2018 10:00:00","BZN|DK1","476.50","n/e"," ","378.86"
"02/05/2018 10:00:00 - 02/05/2018 11:00:00","BZN|DK1","478.13","n/e"," ","345.23"
"02/05/2018 11:00:00 - 02/05/2018 12:00:00","BZN|DK1","516.63","n/e"," ","338.88"
"02/05/2018 12:00:00 - 02/05/2018 13:00:00","BZN|DK1","557.67","n/e"," ","415.94"
"02/05/2018 13:00:00 - 02/05/2018 14:00:00","BZN|DK1","585.08","n/e"," ","408.69"
"02/05/2018 14:00:00 - 02/05/2018 15:00:00","BZN|DK1","594.17","n/e"," ","461.02"
"02/05/2018 15:00:00 - 02/05/2018 16:00:00","BZN|DK1","586.33","n/e"," ","443.38"
"02/05/2018 16:00:00 - 02/05/2018 17:00:00","BZN|DK1","566.21","n/e"," ","408.39"
"02/05/2018 17:00:00 - 02/05/2018 18:00:00","BZN|DK1","558.33","n/e"," ","388.36"
"02/05/2018 18:00:00 - 02/05/2018 19:00:00","BZN|DK1","566.63","n/e"," ","367.85"
"02/05/2018 19:00:00 - 02/05/2018 20:00:00","BZN|DK1","596.79","n/e"," ","508.35"
"02/05/2018 20:00:00 - 02/05/2018 21:00:00","BZN|DK1","636.42","n/e"," ","556.46"
"02/05/2018 21:00:00 - 02/05/2018 22:00:00","BZN|DK1","659.67","n/e"," ","566.82"
"02/05/2018 22:00:00 - 02/05/2018 23:00:00","BZN|DK1","664.50","n/e"," ","610.12"
"02/05/2018 23:00:00 - 03/05/2018 00:00:00","BZN|DK1","639.54","n/e"," ","640.65"
"03/05/2018 00:00:00 - 03/05/2018 01:00:00","BZN|DK1","515.16","n/e"," ","535.07"
"03/05/2018 01:00:00 - 03/05/2018 02:00:00","BZN|DK1","431.75","n/e"," ","456.41"
"03/05/2018 02:00:00 - 03/05/2018 03:00:00","BZN|DK1","500.17","n/e"," ","549.32"
"03/05/2018 03:00:00 - 03/05/2018 04:00:00","BZN|DK1","627.11","n/e"," ","673.84"
"03/05/2018 04:00:00 - 03/05/2018 05:00:00","BZN|DK1","663.80","n/e"," ","707.40"
"03/05/2018 05:00:00 - 03/05/2018 06:00:00","BZN|DK1","642.00","n/e"," ","660.47"
"03/05/2018 06:00:00 - 03/05/2018 07:00:00","BZN|DK1","494.75","n/e"," ","494.57"
"03/05/2018 07:00:00 - 03/05/2018 08:00:00","BZN|DK1","324.59","n/e"," ","331.19"
"03/05/2018 08:00:00 - 03/05/2018 09:00:00","BZN|DK1","288.38","n/e"," ","270.46"
"03/05/2018 09:00:00 - 03/05/2018 10:00:00","BZN|DK1","259.83","n/e"," ","229.94"
"03/05/2018 10:00:00 - 03/05/2018 11:00:00","BZN|DK1","248.25","n/e"," ","374.50"
"03/05/2018 11:00:00 - 03/05/2018 12:00:00","BZN|DK1","234.13","n/e"," ","406.10"
"03/05/2018 12:00:00 - 03/05/2018 13:00:00","BZN|DK1","216.42","n/e"," ","452.36"
"03/05/2018 13:00:00 - 03/05/2018 14:00:00","BZN|DK1","189.21","n/e"," ","411.46"
"03/05/2018 14:00:00 - 03/05/2018 15:00:00","BZN|DK1","155.42","n/e"," ","331.28"
"03/05/2018 15:00:00 - 03/05/2018 16:00:00","BZN|DK1","135.71","n/e"," ","394.41"
"03/05/2018 16:00:00 - 03/05/2018 17:00:00","BZN|DK1","148.33","n/e"," ","310.28"
"03/05/2018 17:00:00 - 03/05/2018 18:00:00","BZN|DK1","174.63","n/e"," ","271.11"
"03/05/2018 18:00:00 - 03/05/2018 19:00:00","BZN|DK1","204.46","n/e"," ","288.75"
"03/05/2018 19:00:00 - 03/05/2018 20:00:00","BZN|DK1","219.33","n/e"," ","361.74"
"03/05/2018 20:00:00 - 03/05/2018 21:00:00","BZN|DK1","215.71","n/e"," ","330.62"
"03/05/2018 21:00:00 - 03/05/2018 22:00:00","BZN|DK1","195.17","n/e"," ","305.09"
"03/05/2018 22:00:00 - 03/05/2018 23:00:00","BZN|DK1","169.83","n/e"," ","264.11"
"03/05/2018 23:00:00 - 04/05/2018 00:00:00","BZN|DK1","142.33","n/e"," ","226.49"
"04/05/2018 00:00:00 - 04/05/2018 01:00:00","BZN|DK1","164.73","n/e"," ","173.53"
"04/05/2018 01:00:00 - 04/05/2018 02:00:00","BZN|DK1","161.15","n/e"," ","163.14"
"04/05/2018 02:00:00 - 04/05/2018 03:00:00","BZN|DK1","132.25","n/e"," ","135.90"
"04/05/2018 03:00:00 - 04/05/2018 04:00:00","BZN|DK1","118.80","n/e"," ","125.81"
"04/05/2018 04:00:00 - 04/05/2018 05:00:00","BZN|DK1","98.99","n/e"," ","100.71"
"04/05/2018 05:00:00 - 04/05/2018 06:00:00","BZN|DK1","92.53","n/e"," ","92.78"
"04/05/2018 06:00:00 - 04/05/2018 07:00:00","BZN|DK1","83.09","n/e"," ","77.30"
"04/05/2018 07:00:00 - 04/05/2018 08:00:00","BZN|DK1","43.36","n/e"," ","44.32"
"04/05/2018 08:00:00 - 04/05/2018 09:00:00","BZN|DK1","45.52","n/e"," ","66.74"
"04/05/2018 09:00:00 - 04/05/2018 10:00:00","BZN|DK1","47.33","n/e"," ","57.87"
"04/05/2018 10:00:00 - 04/05/2018 11:00:00","BZN|DK1","50.75","n/e"," ","29.88"
"04/05/2018 11:00:00 - 04/05/2018 12:00:00","BZN|DK1","50.17","n/e"," ","31.20"
"04/05/2018 12:00:00 - 04/05/2018 13:00:00","BZN|DK1","48.88","n/e"," ","29.89"
"04/05/2018 13:00:00 - 04/05/2018 14:00:00","BZN|DK1","49.83","n/e"," ","33.75"
"04/05/2018 14:00:00 - 04/05/2018 15:00:00","BZN|DK1","51.58","n/e"," ","37.53"
"04/05/2018 15:00:00 - 04/05/2018 16:00:00","BZN|DK1","58.79","n/e"," ","36.07"
"04/05/2018 16:00:00 - 04/05/2018 17:00:00","BZN|DK1","67.71","n/e"," ","35.98"
"04/05/2018 17:00:00 - 04/05/2018 18:00:00","BZN|DK1","79.08","n/e"," ","41.38"
"04/05/2018 18:00:00 - 04/05/2018 19:00:00","BZN|DK1","84.33","n/e"," ","51.66"
"04/05/2018 19:00:00 - 04/05/2018 20:00:00","BZN|DK1","83.13","n/e"," ","65.93"
"04/05/2018 20:00:00 - 04/05/2018 21:00:00","BZN|DK1","79.67","n/e"," ","67.52"
"04/05/2018 21:00:00 - 04/05/2018 22:00:00","BZN|DK1","73.38","n/e"," ","81.04"
"04/05/2018 22:00:00 - 04/05/2018 23:00:00","BZN|DK1","64.21","n/e"," ","105.51"
"04/05/2018 23:00:00 - 05/05/2018 00:00:00","BZN|DK1","59.21","n/e"," ","104.93"
"05/05/2018 00:00:00 - 05/05/2018 01:00:00","BZN|DK1","82.45","n/e"," ","84.09"
"05/05/2018 01:00:00 - 05/05/2018 02:00:00","BZN|DK1","51.54","n/e"," ","54.07"
"05/05/2018 02:00:00 - 05/05/2018 03:00:00","BZN|DK1","44.82","n/e"," ","47.26"
"05/05/2018 03:00:00 - 05/05/2018 04:00:00","BZN|DK1","63.63","n/e"," ","69.92"
"05/05/2018 04:00:00 - 05/05/2018 05:00:00","BZN|DK1","71.78","n/e"," ","78.11"
"05/05/2018 05:00:00 - 05/05/2018 06:00:00","BZN|DK1","67.62","n/e"," ","73.87"
"05/05/2018 06:00:00 - 05/05/2018 07:00:00","BZN|DK1","74.75","n/e"," ","77.17"
"05/05/2018 07:00:00 - 05/05/2018 08:00:00","BZN|DK1","61.03","n/e"," ","62.64"
"05/05/2018 08:00:00 - 05/05/2018 09:00:00","BZN|DK1","73.45","n/e"," ","74.38"
"05/05/2018 09:00:00 - 05/05/2018 10:00:00","BZN|DK1","46.75","n/e"," ","66.89"
"05/05/2018 10:00:00 - 05/05/2018 11:00:00","BZN|DK1","35.29","n/e"," ","56.94"
"05/05/2018 11:00:00 - 05/05/2018 12:00:00","BZN|DK1","32.38","n/e"," ","44.03"
"05/05/2018 12:00:00 - 05/05/2018 13:00:00","BZN|DK1","34.25","n/e"," ","29.76"
"05/05/2018 13:00:00 - 05/05/2018 14:00:00","BZN|DK1","39.83","n/e"," ","23.06"
"05/05/2018 14:00:00 - 05/05/2018 15:00:00","BZN|DK1","46.79","n/e"," ","26.55"
"05/05/2018 15:00:00 - 05/05/2018 16:00:00","BZN|DK1","53.25","n/e"," ","51.59"
"05/05/2018 16:00:00 - 05/05/2018 17:00:00","BZN|DK1","56.38","n/e"," ","55.40"
"05/05/2018 17:00:00 - 05/05/2018 18:00:00","BZN|DK1","57.50","n/e"," ","75.91"
"05/05/2018 18:00:00 - 05/05/2018 19:00:00","BZN|DK1","56.75","n/e"," ","70.39"
"05/05/2018 19:00:00 - 05/05/2018 20:00:00","BZN|DK1","51.58","n/e"," ","57.73"
"05/05/2018 20:00:00 - 05/05/2018 21:00:00","BZN|DK1","47.33","n/e"," ","47.78"
"05/05/2018 21:00:00 - 05/05/2018 22:00:00","BZN|DK1","36.79","n/e"," ","32.36"
"05/05/2018 22:00:00 - 05/05/2018 23:00:00","BZN|DK1","28.46","n/e"," ","25.28"
"05/05/2018 23:00:00 - 06/05/2018 00:00:00","BZN|DK1","25.58","n/e"," ","47.51"
"06/05/2018 00:00:00 - 06/05/2018 01:00:00","BZN|DK1","85.56","n/e"," ","97.48"
"06/05/2018 01:00:00 - 06/05/2018 02:00:00","BZN|DK1","67.81","n/e"," ","76.92"
"06/05/2018 02:00:00 - 06/05/2018 03:00:00","BZN|DK1","44.86","n/e"," ","43.20"
"06/05/2018 03:00:00 - 06/05/2018 04:00:00","BZN|DK1","54.39","n/e"," ","50.05"
"06/05/2018 04:00:00 - 06/05/2018 05:00:00","BZN|DK1","50.40","n/e"," ","57.93"
"06/05/2018 05:00:00 - 06/05/2018 06:00:00","BZN|DK1","59.34","n/e"," ","70.34"
"06/05/2018 06:00:00 - 06/05/2018 07:00:00","BZN|DK1","34.60","n/e"," ","32.69"
"06/05/2018 07:00:00 - 06/05/2018 08:00:00","BZN|DK1","21.28","n/e"," ","20.27"
"06/05/2018 08:00:00 - 06/05/2018 09:00:00","BZN|DK1","21.23","n/e"," ","43.03"
"06/05/2018 09:00:00 - 06/05/2018 10:00:00","BZN|DK1","28.63","n/e"," ","69.22"
"06/05/2018 10:00:00 - 06/05/2018 11:00:00","BZN|DK1","43.25","n/e"," ","101.17"
"06/05/2018 11:00:00 - 06/05/2018 12:00:00","BZN|DK1","56.92","n/e"," ","140.30"
"06/05/2018 12:00:00 - 06/05/2018 13:00:00","BZN|DK1","66.92","n/e"," ","113.99"
"06/05/2018 13:00:00 - 06/05/2018 14:00:00","BZN|DK1","76.08","n/e"," ","90.37"
"06/05/2018 14:00:00 - 06/05/2018 15:00:00","BZN|DK1","82.54","n/e"," ","87.01"
"06/05/2018 15:00:00 - 06/05/2018 16:00:00","BZN|DK1","94.13","n/e"," ","109.62"
"06/05/2018 16:00:00 - 06/05/2018 17:00:00","BZN|DK1","107.25","n/e"," ","113.59"
"06/05/2018 17:00:00 - 06/05/2018 18:00:00","BZN|DK1","117.00","n/e"," ","104.22"
"06/05/2018 18:00:00 - 06/05/2018 19:00:00","BZN|DK1","123.88","n/e"," ","110.89"
"06/05/2018 19:00:00 - 06/05/2018 20:00:00","BZN|DK1","132.17","n/e"," ","115.34"
"06/05/2018 20:00:00 - 06/05/2018 21:00:00","BZN|DK1","144.29","n/e"," ","127.54"
"06/05/2018 21:00:00 - 06/05/2018 22:00:00","BZN|DK1","159.42","n/e"," ","189.22"
"06/05/2018 22:00:00 - 06/05/2018 23:00:00","BZN|DK1","180.13","n/e"," ","242.60"
"06/05/2018 23:00:00 - 07/05/2018 00:00:00","BZN|DK1","217.04","n/e"," ","346.30"
"07/05/2018 00:00:00 - 07/05/2018 01:00:00","BZN|DK1","401.23","n/e"," ","414.32"
"07/05/2018 01:00:00 - 07/05/2018 02:00:00","BZN|DK1","439.41","n/e"," ","455.45"
"07/05/2018 02:00:00 - 07/05/2018 03:00:00","BZN|DK1","431.93","n/e"," ","443.11"
"07/05/2018 03:00:00 - 07/05/2018 04:00:00","BZN|DK1","431.06","n/e"," ","441.17"
"07/05/2018 04:00:00 - 07/05/2018 05:00:00","BZN|DK1","446.80","n/e"," ","475.94"
"07/05/2018 05:00:00 - 07/05/2018 06:00:00","BZN|DK1","507.27","n/e"," ","530.67"
"07/05/2018 06:00:00 - 07/05/2018 07:00:00","BZN|DK1","441.72","n/e"," ","457.61"
"07/05/2018 07:00:00 - 07/05/2018 08:00:00","BZN|DK1","323.26","n/e"," ","326.44"
"07/05/2018 08:00:00 - 07/05/2018 09:00:00","BZN|DK1","235.83","n/e"," ","205.87"
"07/05/2018 09:00:00 - 07/05/2018 10:00:00","BZN|DK1","206.92","n/e"," ","147.46"
"07/05/2018 10:00:00 - 07/05/2018 11:00:00","BZN|DK1","245.08","n/e"," ","148.29"
"07/05/2018 11:00:00 - 07/05/2018 12:00:00","BZN|DK1","244.75","n/e"," ","172.39"
"07/05/2018 12:00:00 - 07/05/2018 13:00:00","BZN|DK1","246.88","n/e"," ","173.71"
"07/05/2018 13:00:00 - 07/05/2018 14:00:00","BZN|DK1","250.92","n/e"," ","157.10"
"07/05/2018 14:00:00 - 07/05/2018 15:00:00","BZN|DK1","238.29","n/e"," ","123.66"
"07/05/2018 15:00:00 - 07/05/2018 16:00:00","BZN|DK1","192.08","n/e"," ","100.12"
"07/05/2018 16:00:00 - 07/05/2018 17:00:00","BZN|DK1","161.92","n/e"," ","106.60"
"07/05/2018 17:00:00 - 07/05/2018 18:00:00","BZN|DK1","131.92","n/e"," ","100.44"
"07/05/2018 18:00:00 - 07/05/2018 19:00:00","BZN|DK1","100.17","n/e"," ","75.35"
"07/05/2018 19:00:00 - 07/05/2018 20:00:00","BZN|DK1","74.63","n/e"," ","45.68"
"07/05/2018 20:00:00 - 07/05/2018 21:00:00","BZN|DK1","68.88","n/e"," ","27.46"
"07/05/2018 21:00:00 - 07/05/2018 22:00:00","BZN|DK1","81.79","n/e"," ","57.87"
"07/05/2018 22:00:00 - 07/05/2018 23:00:00","BZN|DK1","108.92","n/e"," ","154.16"
"07/05/2018 23:00:00 - 08/05/2018 00:00:00","BZN|DK1","136.25","n/e"," ","280.30"
"08/05/2018 00:00:00 - 08/05/2018 01:00:00","BZN|DK1","272.04","n/e"," ","282.94"
"08/05/2018 01:00:00 - 08/05/2018 02:00:00","BZN|DK1","243.41","n/e"," ","254.42"
"08/05/2018 02:00:00 - 08/05/2018 03:00:00","BZN|DK1","225.86","n/e"," ","239.51"
"08/05/2018 03:00:00 - 08/05/2018 04:00:00","BZN|DK1","212.60","n/e"," ","224.30"
"08/05/2018 04:00:00 - 08/05/2018 05:00:00","BZN|DK1","232.86","n/e"," ","247.81"
"08/05/2018 05:00:00 - 08/05/2018 06:00:00","BZN|DK1","295.14","n/e"," ","305.42"
"08/05/2018 06:00:00 - 08/05/2018 07:00:00","BZN|DK1","297.32","n/e"," ","301.73"
"08/05/2018 07:00:00 - 08/05/2018 08:00:00","BZN|DK1","282.82","n/e"," ","296.53"
"08/05/2018 08:00:00 - 08/05/2018 09:00:00","BZN|DK1","283.48","n/e"," ","333.60"
"08/05/2018 09:00:00 - 08/05/2018 10:00:00","BZN|DK1","276.71","n/e"," ","338.88"
"08/05/2018 10:00:00 - 08/05/2018 11:00:00","BZN|DK1","286.08","n/e"," ","343.19"
"08/05/2018 11:00:00 - 08/05/2018 12:00:00","BZN|DK1","280.71","n/e"," ","308.72"
"08/05/2018 12:00:00 - 08/05/2018 13:00:00","BZN|DK1","272.00","n/e"," ","299.16"
"08/05/2018 13:00:00 - 08/05/2018 14:00:00","BZN|DK1","264.71","n/e"," ","274.71"
"08/05/2018 14:00:00 - 08/05/2018 15:00:00","BZN|DK1","269.42","n/e"," ","253.91"
"08/05/2018 15:00:00 - 08/05/2018 16:00:00","BZN|DK1","293.00","n/e"," ","230.59"
"08/05/2018 16:00:00 - 08/05/2018 17:00:00","BZN|DK1","345.50","n/e"," ","235.29"
"08/05/2018 17:00:00 - 08/05/2018 18:00:00","BZN|DK1","410.88","n/e"," ","307.62"
"08/05/2018 18:00:00 - 08/05/2018 19:00:00","BZN|DK1","473.58","n/e"," ","474.78"
"08/05/2018 19:00:00 - 08/05/2018 20:00:00","BZN|DK1","528.67","n/e"," ","526.96"
"08/05/2018 20:00:00 - 08/05/2018 21:00:00","BZN|DK1","547.17","n/e"," ","606.98"
"08/05/2018 21:00:00 - 08/05/2018 22:00:00","BZN|DK1","543.75","n/e"," ","573.66"
"08/05/2018 22:00:00 - 08/05/2018 23:00:00","BZN|DK1","563.33","n/e"," ","491.67"
"08/05/2018 23:00:00 - 09/05/2018 00:00:00","BZN|DK1","606.00","n/e"," ","609.92"
"09/05/2018 00:00:00 - 09/05/2018 01:00:00","BZN|DK1","632.07","n/e"," ","671.22"
"09/05/2018 01:00:00 - 09/05/2018 02:00:00","BZN|DK1","494.90","n/e"," ","470.78"
"09/05/2018 02:00:00 - 09/05/2018 03:00:00","BZN|DK1","452.60","n/e"," ","481.87"
"09/05/2018 03:00:00 - 09/05/2018 04:00:00","BZN|DK1","432.24","n/e"," ","456.45"
"09/05/2018 04:00:00 - 09/05/2018 05:00:00","BZN|DK1","493.82","n/e"," ","506.50"
"09/05/2018 05:00:00 - 09/05/2018 06:00:00","BZN|DK1","599.51","n/e"," ","577.74"
"09/05/2018 06:00:00 - 09/05/2018 07:00:00","BZN|DK1","508.78","n/e"," ","510.03"
"09/05/2018 07:00:00 - 09/05/2018 08:00:00","BZN|DK1","565.93","n/e"," ","553.83"
"09/05/2018 08:00:00 - 09/05/2018 09:00:00","BZN|DK1","603.28","n/e"," ","457.39"
"09/05/2018 09:00:00 - 09/05/2018 10:00:00","BZN|DK1","567.33","n/e"," ","420.35"
"09/05/2018 10:00:00 - 09/05/2018 11:00:00","BZN|DK1","600.54","n/e"," ","397.34"
"09/05/2018 11:00:00 - 09/05/2018 12:00:00","BZN|DK1","601.50","n/e"," ","429.96"
"09/05/2018 12:00:00 - 09/05/2018 13:00:00","BZN|DK1","597.04","n/e"," ","488.01"
"09/05/2018 13:00:00 - 09/05/2018 14:00:00","BZN|DK1","533.67","n/e"," ","477.46"
"09/05/2018 14:00:00 - 09/05/2018 15:00:00","BZN|DK1","491.79","n/e"," ","563.46"
"09/05/2018 15:00:00 - 09/05/2018 16:00:00","BZN|DK1","492.46","n/e"," ","525.97"
"09/05/2018 16:00:00 - 09/05/2018 17:00:00","BZN|DK1","513.71","n/e"," ","434.06"
"09/05/2018 17:00:00 - 09/05/2018 18:00:00","BZN|DK1","583.67","n/e"," ","401.02"
"09/05/2018 18:00:00 - 09/05/2018 19:00:00","BZN|DK1","642.96","n/e"," ","494.65"
"09/05/2018 19:00:00 - 09/05/2018 20:00:00","BZN|DK1","690.33","n/e"," ","677.44"
"09/05/2018 20:00:00 - 09/05/2018 21:00:00","BZN|DK1","716.33","n/e"," ","748.86"
"09/05/2018 21:00:00 - 09/05/2018 22:00:00","BZN|DK1","730.79","n/e"," ","748.40"
"09/05/2018 22:00:00 - 09/05/2018 23:00:00","BZN|DK1","733.29","n/e"," ","711.03"
"09/05/2018 23:00:00 - 10/05/2018 00:00:00","BZN|DK1","716.46","n/e"," ","746.64"
"10/05/2018 00:00:00 - 10/05/2018 01:00:00","BZN|DK1","698.28","n/e"," ","744.35"
"10/05/2018 01:00:00 - 10/05/2018 02:00:00","BZN|DK1","596.22","n/e"," ","618.47"
"10/05/2018 02:00:00 - 10/05/2018 03:00:00","BZN|DK1","573.49","n/e"," ","591.67"
"10/05/2018 03:00:00 - 10/05/2018 04:00:00","BZN|DK1","571.04","n/e"," ","578.24"
"10/05/2018 04:00:00 - 10/05/2018 05:00:00","BZN|DK1","587.78","n/e"," ","585.16"
"10/05/2018 05:00:00 - 10/05/2018 06:00:00","BZN|DK1","488.45","n/e"," ","482.55"
"10/05/2018 06:00:00 - 10/05/2018 07:00:00","BZN|DK1","356.86","n/e"," ","364.59"
"10/05/2018 07:00:00 - 10/05/2018 08:00:00","BZN|DK1","326.04","n/e"," ","334.79"
"10/05/2018 08:00:00 - 10/05/2018 09:00:00","BZN|DK1","356.68","n/e"," ","304.75"
"10/05/2018 09:00:00 - 10/05/2018 10:00:00","BZN|DK1","367.54","n/e"," ","282.05"
"10/05/2018 10:00:00 - 10/05/2018 11:00:00","BZN|DK1","382.50","n/e"," ","214.01"
"10/05/2018 11:00:00 - 10/05/2018 12:00:00","BZN|DK1","361.25","n/e"," ","197.08"
"10/05/2018 12:00:00 - 10/05/2018 13:00:00","BZN|DK1","344.92","n/e"," ","200.63"
"10/05/2018 13:00:00 - 10/05/2018 14:00:00","BZN|DK1","354.67","n/e"," ","388.61"
"10/05/2018 14:00:00 - 10/05/2018 15:00:00","BZN|DK1","392.92","n/e"," ","535.92"
"10/05/2018 15:00:00 - 10/05/2018 16:00:00","BZN|DK1","474.33","n/e"," ","458.77"
"10/05/2018 16:00:00 - 10/05/2018 17:00:00","BZN|DK1","572.46","n/e"," ","538.91"
"10/05/2018 17:00:00 - 10/05/2018 18:00:00","BZN|DK1","620.46","n/e"," ","524.86"
"10/05/2018 18:00:00 - 10/05/2018 19:00:00","BZN|DK1","623.04","n/e"," ","475.75"
"10/05/2018 19:00:00 - 10/05/2018 20:00:00","BZN|DK1","558.17","n/e"," ","456.06"
"10/05/2018 20:00:00 - 10/05/2018 21:00:00","BZN|DK1","462.21","n/e"," ","333.50"
"10/05/2018 21:00:00 - 10/05/2018 22:00:00","BZN|DK1","381.54","n/e"," ","237.62"
"10/05/2018 22:00:00 - 10/05/2018 23:00:00","BZN|DK1","326.67","n/e"," ","349.42"
"10/05/2018 23:00:00 - 11/05/2018 00:00:00","BZN|DK1","288.21","n/e"," ","448.43"
"11/05/2018 00:00:00 - 11/05/2018 01:00:00","BZN|DK1","483.70","n/e"," ","524.72"
"11/05/2018 01:00:00 - 11/05/2018 02:00:00","BZN|DK1","420.48","n/e"," ","446.09"
"11/05/2018 02:00:00 - 11/05/2018 03:00:00","BZN|DK1","342.67","n/e"," ","365.34"
"11/05/2018 03:00:00 - 11/05/2018 04:00:00","BZN|DK1","285.16","n/e"," ","313.33"
"11/05/2018 04:00:00 - 11/05/2018 05:00:00","BZN|DK1","296.53","n/e"," ","327.52"
"11/05/2018 05:00:00 - 11/05/2018 06:00:00","BZN|DK1","258.73","n/e"," ","284.46"
"11/05/2018 06:00:00 - 11/05/2018 07:00:00","BZN|DK1","289.32","n/e"," ","315.08"
"11/05/2018 07:00:00 - 11/05/2018 08:00:00","BZN|DK1","247.13","n/e"," ","261.88"
"11/05/2018 08:00:00 - 11/05/2018 09:00:00","BZN|DK1","187.79","n/e"," ","139.14"
"11/05/2018 09:00:00 - 11/05/2018 10:00:00","BZN|DK1","157.38","n/e"," ","75.31"
"11/05/2018 10:00:00 - 11/05/2018 11:00:00","BZN|DK1","122.50","n/e"," ","50.68"
"11/05/2018 11:00:00 - 11/05/2018 12:00:00","BZN|DK1","71.04","n/e"," ","42.95"
"11/05/2018 12:00:00 - 11/05/2018 13:00:00","BZN|DK1","41.42","n/e"," ","39.51"
"11/05/2018 13:00:00 - 11/05/2018 14:00:00","BZN|DK1","24.83","n/e"," ","16.61"
"11/05/2018 14:00:00 - 11/05/2018 15:00:00","BZN|DK1","17.38","n/e"," ","8.30"
"11/05/2018 15:00:00 - 11/05/2018 16:00:00","BZN|DK1","14.58","n/e"," ","1.65"
"11/05/2018 16:00:00 - 11/05/2018 17:00:00","BZN|DK1","11.58","n/e"," ","1.22"
"11/05/2018 17:00:00 - 11/05/2018 18:00:00","BZN|DK1","10.38","n/e"," ","0.93"
"11/05/2018 18:00:00 - 11/05/2018 19:00:00","BZN|DK1","9.71","n/e"," ","0.38"
"11/05/2018 19:00:00 - 11/05/2018 20:00:00","BZN|DK1","9.96","n/e"," ","0.01"
"11/05/2018 20:00:00 - 11/05/2018 21:00:00","BZN|DK1","10.58","n/e"," ","0.69"
"11/05/2018 21:00:00 - 11/05/2018 22:00:00","BZN|DK1","13.29","n/e"," ","4.69"
"11/05/2018 22:00:00 - 11/05/2018 23:00:00","BZN|DK1","16.17","n/e"," ","0.66"
"11/05/2018 23:00:00 - 12/05/2018 00:00:00","BZN|DK1","17.08","n/e"," ","0.01"
"12/05/2018 00:00:00 - 12/05/2018 01:00:00","BZN|DK1","3.33","n/e"," ","3.09"
"12/05/2018 01:00:00 - 12/05/2018 02:00:00","BZN|DK1","7.22","n/e"," ","6.85"
"12/05/2018 02:00:00 - 12/05/2018 03:00:00","BZN|DK1","7.65","n/e"," ","5.83"
"12/05/2018 03:00:00 - 12/05/2018 04:00:00","BZN|DK1","14.78","n/e"," ","11.92"
"12/05/2018 04:00:00 - 12/05/2018 05:00:00","BZN|DK1","7.96","n/e"," ","5.44"
"12/05/2018 05:00:00 - 12/05/2018 06:00:00","BZN|DK1","10.42","n/e"," ","10.77"
"12/05/2018 06:00:00 - 12/05/2018 07:00:00","BZN|DK1","32.32","n/e"," ","32.68"
"12/05/2018 07:00:00 - 12/05/2018 08:00:00","BZN|DK1","37.90","n/e"," ","38.50"
"12/05/2018 08:00:00 - 12/05/2018 09:00:00","BZN|DK1","40.18","n/e"," ","32.27"
"12/05/2018 09:00:00 - 12/05/2018 10:00:00","BZN|DK1","58.00","n/e"," ","51.24"
"12/05/2018 10:00:00 - 12/05/2018 11:00:00","BZN|DK1","73.25","n/e"," ","72.19"
"12/05/2018 11:00:00 - 12/05/2018 12:00:00","BZN|DK1","79.25","n/e"," ","70.33"
"12/05/2018 12:00:00 - 12/05/2018 13:00:00","BZN|DK1","80.96","n/e"," ","67.22"
"12/05/2018 13:00:00 - 12/05/2018 14:00:00","BZN|DK1","82.58","n/e"," ","46.59"
"12/05/2018 14:00:00 - 12/05/2018 15:00:00","BZN|DK1","83.92","n/e"," ","26.24"
"12/05/2018 15:00:00 - 12/05/2018 16:00:00","BZN|DK1","85.79","n/e"," ","27.22"
"12/05/2018 16:00:00 - 12/05/2018 17:00:00","BZN|DK1","94.67","n/e"," ","42.75"
"12/05/2018 17:00:00 - 12/05/2018 18:00:00","BZN|DK1","105.33","n/e"," ","73.91"
"12/05/2018 18:00:00 - 12/05/2018 19:00:00","BZN|DK1","114.75","n/e"," ","91.78"
"12/05/2018 19:00:00 - 12/05/2018 20:00:00","BZN|DK1","124.54","n/e"," ","97.99"
"12/05/2018 20:00:00 - 12/05/2018 21:00:00","BZN|DK1","143.46","n/e"," ","164.98"
"12/05/2018 21:00:00 - 12/05/2018 22:00:00","BZN|DK1","167.08","n/e"," ","187.07"
"12/05/2018 22:00:00 - 12/05/2018 23:00:00","BZN|DK1","193.63","n/e"," ","270.47"
"12/05/2018 23:00:00 - 13/05/2018 00:00:00","BZN|DK1","201.21","n/e"," ","281.75"
"13/05/2018 00:00:00 - 13/05/2018 01:00:00","BZN|DK1","210.44","n/e"," ","204.30"
"13/05/2018 01:00:00 - 13/05/2018 02:00:00","BZN|DK1","133.97","n/e"," ","133.71"
"13/05/2018 02:00:00 - 13/05/2018 03:00:00","BZN|DK1","119.54","n/e"," ","123.12"
"13/05/2018 03:00:00 - 13/05/2018 04:00:00","BZN|DK1","127.73","n/e"," ","128.29"
"13/05/2018 04:00:00 - 13/05/2018 05:00:00","BZN|DK1","133.02","n/e"," ","131.39"
"13/05/2018 05:00:00 - 13/05/2018 06:00:00","BZN|DK1","140.78","n/e"," ","139.88"
"13/05/2018 06:00:00 - 13/05/2018 07:00:00","BZN|DK1","114.97","n/e"," ","124.21"
"13/05/2018 07:00:00 - 13/05/2018 08:00:00","BZN|DK1","120.03","n/e"," ","124.89"
"13/05/2018 08:00:00 - 13/05/2018 09:00:00","BZN|DK1","136.66","n/e"," ","151.74"
"13/05/2018 09:00:00 - 13/05/2018 10:00:00","BZN|DK1","130.75","n/e"," ","154.70"
"13/05/2018 10:00:00 - 13/05/2018 11:00:00","BZN|DK1","135.96","n/e"," ","153.77"
"13/05/2018 11:00:00 - 13/05/2018 12:00:00","BZN|DK1","142.00","n/e"," ","145.07"
"13/05/2018 12:00:00 - 13/05/2018 13:00:00","BZN|DK1","141.13","n/e"," ","178.68"
"13/05/2018 13:00:00 - 13/05/2018 14:00:00","BZN|DK1","136.67","n/e"," ","229.54"
"13/05/2018 14:00:00 - 13/05/2018 15:00:00","BZN|DK1","139.96","n/e"," ","295.64"
"13/05/2018 15:00:00 - 13/05/2018 16:00:00","BZN|DK1","159.54","n/e"," ","327.10"
"13/05/2018 16:00:00 - 13/05/2018 17:00:00","BZN|DK1","203.96","n/e"," ","389.55"
"13/05/2018 17:00:00 - 13/05/2018 18:00:00","BZN|DK1","270.46","n/e"," ","398.51"
"13/05/2018 18:00:00 - 13/05/2018 19:00:00","BZN|DK1","349.75","n/e"," ","486.17"
"13/05/2018 19:00:00 - 13/05/2018 20:00:00","BZN|DK1","416.92","n/e"," ","626.15"
"13/05/2018 20:00:00 - 13/05/2018 21:00:00","BZN|DK1","456.71","n/e"," ","712.91"
"13/05/2018 21:00:00 - 13/05/2018 22:00:00","BZN|DK1","471.21","n/e"," ","725.36"
"13/05/2018 22:00:00 - 13/05/2018 23:00:00","BZN|DK1","471.58","n/e"," ","722.98"
"13/05/2018 23:00:00 - 14/05/2018 00:00:00","BZN|DK1","453.75","n/e"," ","701.20"
"14/05/2018 00:00:00 - 14/05/2018 01:00:00","BZN|DK1","615.20","n/e"," ","640.99"
"14/05/2018 01:00:00 - 14/05/2018 02:00:00","BZN|DK1","475.22","n/e"," ","490.51"
"14/05/2018 02:00:00 - 14/05/2018 03:00:00","BZN|DK1","414.08","n/e"," ","427.21"
"14/05/2018 03:00:00 - 14/05/2018 04:00:00","BZN|DK1","398.44","n/e"," ","403.98"
"14/05/2018 04:00:00 - 14/05/2018 05:00:00","BZN|DK1","420.35","n/e"," ","438.83"
"14/05/2018 05:00:00 - 14/05/2018 06:00:00","BZN|DK1","440.18","n/e"," ","451.02"
"14/05/2018 06:00:00 - 14/05/2018 07:00:00","BZN|DK1","245.27","n/e"," ","245.35"
"14/05/2018 07:00:00 - 14/05/2018 08:00:00","BZN|DK1","269.77","n/e"," ","271.85"
"14/05/2018 08:00:00 - 14/05/2018 09:00:00","BZN|DK1","231.27","n/e"," ","218.96"
"14/05/2018 09:00:00 - 14/05/2018 10:00:00","BZN|DK1","194.96","n/e"," ","159.36"
"14/05/2018 10:00:00 - 14/05/2018 11:00:00","BZN|DK1","171.88","n/e"," ","108.55"
"14/05/2018 11:00:00 - 14/05/2018 12:00:00","BZN|DK1","139.17","n/e"," ","71.83"
"14/05/2018 12:00:00 - 14/05/2018 13:00:00","BZN|DK1","112.63","n/e"," ","63.65"
"14/05/2018 13:00:00 - 14/05/2018 14:00:00","BZN|DK1","90.71","n/e"," ","60.65"
"14/05/2018 14:00:00 - 14/05/2018 15:00:00","BZN|DK1","78.21","n/e"," ","91.78"
"14/05/2018 15:00:00 - 14/05/2018 16:00:00","BZN|DK1","72.04","n/e"," ","136.18"
"14/05/2018 16:00:00 - 14/05/2018 17:00:00","BZN|DK1","75.13","n/e"," ","167.98"
"14/05/2018 17:00:00 - 14/05/2018 18:00:00","BZN|DK1","81.58","n/e"," ","170.98"
"14/05/2018 18:00:00 - 14/05/2018 19:00:00","BZN|DK1","89.75","n/e"," ","192.79"
"14/05/2018 19:00:00 - 14/05/2018 20:00:00","BZN|DK1","97.33","n/e"," ","219.37"
"14/05/2018 20:00:00 - 14/05/2018 21:00:00","BZN|DK1","93.96","n/e"," ","233.65"
"14/05/2018 21:00:00 - 14/05/2018 22:00:00","BZN|DK1","85.96","n/e"," ","197.23"
"14/05/2018 22:00:00 - 14/05/2018 23:00:00","BZN|DK1","83.08","n/e"," ","143.02"
"14/05/2018 23:00:00 - 15/05/2018 00:00:00","BZN|DK1","81.58","n/e"," ","78.55"
"15/05/2018 00:00:00 - 15/05/2018 01:00:00","BZN|DK1","4.48","n/e"," ","6.54"
"15/05/2018 01:00:00 - 15/05/2018 02:00:00","BZN|DK1","54.65","n/e"," ","59.68"
"15/05/2018 02:00:00 - 15/05/2018 03:00:00","BZN|DK1","140.17","n/e"," ","140.67"
"15/05/2018 03:00:00 - 15/05/2018 04:00:00","BZN|DK1","131.56","n/e"," ","129.32"
"15/05/2018 04:00:00 - 15/05/2018 05:00:00","BZN|DK1","56.32","n/e"," ","55.55"
"15/05/2018 05:00:00 - 15/05/2018 06:00:00","BZN|DK1","14.47","n/e"," ","13.26"
"15/05/2018 06:00:00 - 15/05/2018 07:00:00","BZN|DK1","2.38","n/e"," ","2.92"
"15/05/2018 07:00:00 - 15/05/2018 08:00:00","BZN|DK1","1.91","n/e"," ","3.13"
"15/05/2018 08:00:00 - 15/05/2018 09:00:00","BZN|DK1","6.04","n/e"," ","2.93"
"15/05/2018 09:00:00 - 15/05/2018 10:00:00","BZN|DK1","4.42","n/e"," ","2.45"
"15/05/2018 10:00:00 - 15/05/2018 11:00:00","BZN|DK1","2.25","n/e"," ","2.05"
"15/05/2018 11:00:00 - 15/05/2018 12:00:00","BZN|DK1","4.42","n/e"," ","0.90"
"15/05/2018 12:00:00 - 15/05/2018 13:00:00","BZN|DK1","4.88","n/e"," ","0.50"
"15/05/2018 13:00:00 - 15/05/2018 14:00:00","BZN|DK1","7.63","n/e"," ","1.23"
"15/05/2018 14:00:00 - 15/05/2018 15:00:00","BZN|DK1","11.88","n/e"," ","8.54"
"15/05/2018 15:00:00 - 15/05/2018 16:00:00","BZN|DK1","18.25","n/e"," ","45.30"
"15/05/2018 16:00:00 - 15/05/2018 17:00:00","BZN|DK1","34.25","n/e"," ","67.58"
"15/05/2018 17:00:00 - 15/05/2018 18:00:00","BZN|DK1","55.88","n/e"," ","89.53"
"15/05/2018 18:00:00 - 15/05/2018 19:00:00","BZN|DK1","80.08","n/e"," ","91.99"
"15/05/2018 19:00:00 - 15/05/2018 20:00:00","BZN|DK1","101.96","n/e"," ","121.33"
"15/05/2018 20:00:00 - 15/05/2018 21:00:00","BZN|DK1","116.50","n/e"," ","126.43"
"15/05/2018 21:00:00 - 15/05/2018 22:00:00","BZN|DK1","125.92","n/e"," ","153.45"
"15/05/2018 22:00:00 - 15/05/2018 23:00:00","BZN|DK1","136.00","n/e"," ","150.05"
"15/05/2018 23:00:00 - 16/05/2018 00:00:00","BZN|DK1","147.33","n/e"," ","175.43"
"16/05/2018 00:00:00 - 16/05/2018 01:00:00","BZN|DK1","175.63","n/e"," ","184.34"
"16/05/2018 01:00:00 - 16/05/2018 02:00:00","BZN|DK1","221.22","n/e"," ","224.72"
"16/05/2018 02:00:00 - 16/05/2018 03:00:00","BZN|DK1","215.64","n/e"," ","214.18"
"16/05/2018 03:00:00 - 16/05/2018 04:00:00","BZN|DK1","256.60","n/e"," ","269.88"
"16/05/2018 04:00:00 - 16/05/2018 05:00:00","BZN|DK1","341.03","n/e"," ","352.42"
"16/05/2018 05:00:00 - 16/05/2018 06:00:00","BZN|DK1","342.37","n/e"," ","350.12"
"16/05/2018 06:00:00 - 16/05/2018 07:00:00","BZN|DK1","348.63","n/e"," ","352.42"
"16/05/2018 07:00:00 - 16/05/2018 08:00:00","BZN|DK1","318.55","n/e"," ","329.78"
"16/05/2018 08:00:00 - 16/05/2018 09:00:00","BZN|DK1","319.09","n/e"," ","307.93"
"16/05/2018 09:00:00 - 16/05/2018 10:00:00","BZN|DK1","335.67","n/e"," ","295.78"
"16/05/2018 10:00:00 - 16/05/2018 11:00:00","BZN|DK1","352.71","n/e"," ","298.46"
"16/05/2018 11:00:00 - 16/05/2018 12:00:00","BZN|DK1","364.75","n/e"," ","347.65"
"16/05/2018 12:00:00 - 16/05/2018 13:00:00","BZN|DK1","374.33","n/e"," ","423.17"
"16/05/2018 13:00:00 - 16/05/2018 14:00:00","BZN|DK1","382.79","n/e"," ","440.41"
"16/05/2018 14:00:00 - 16/05/2018 15:00:00","BZN|DK1","388.08","n/e"," ","427.50"
"16/05/2018 15:00:00 - 16/05/2018 16:00:00","BZN|DK1","392.96","n/e"," ","436.09"
"16/05/2018 16:00:00 - 16/05/2018 17:00:00","BZN|DK1","399.21","n/e"," ","529.12"
"16/05/2018 17:00:00 - 16/05/2018 18:00:00","BZN|DK1","405.92","n/e"," ","562.23"
"16/05/2018 18:00:00 - 16/05/2018 19:00:00","BZN|DK1","416.58","n/e"," ","445.35"
"16/05/2018 19:00:00 - 16/05/2018 20:00:00","BZN|DK1","431.08","n/e"," ","380.64"
"16/05/2018 20:00:00 - 16/05/2018 21:00:00","BZN|DK1","447.63","n/e"," ","230.99"
"16/05/2018 21:00:00 - 16/05/2018 22:00:00","BZN|DK1","458.13","n/e"," ","206.78"
"16/05/2018 22:00:00 - 16/05/2018 23:00:00","BZN|DK1","457.38","n/e"," ","267.12"
"16/05/2018 23:00:00 - 17/05/2018 00:00:00","BZN|DK1","449.58","n/e"," ","263.46"
"17/05/2018 00:00:00 - 17/05/2018 01:00:00","BZN|DK1","238.05","n/e"," ","246.55"
"17/05/2018 01:00:00 - 17/05/2018 02:00:00","BZN|DK1","117.53","n/e"," ","131.25"
"17/05/2018 02:00:00 - 17/05/2018 03:00:00","BZN|DK1","96.43","n/e"," ","101.16"
"17/05/2018 03:00:00 - 17/05/2018 04:00:00","BZN|DK1","147.05","n/e"," ","122.39"
"17/05/2018 04:00:00 - 17/05/2018 05:00:00","BZN|DK1","114.79","n/e"," ","121.88"
"17/05/2018 05:00:00 - 17/05/2018 06:00:00","BZN|DK1","91.39","n/e"," ","88.19"
"17/05/2018 06:00:00 - 17/05/2018 07:00:00","BZN|DK1","309.94","n/e"," ","314.49"
"17/05/2018 07:00:00 - 17/05/2018 08:00:00","BZN|DK1","417.49","n/e"," ","420.61"
"17/05/2018 08:00:00 - 17/05/2018 09:00:00","BZN|DK1","417.30","n/e"," ","386.27"
"17/05/2018 09:00:00 - 17/05/2018 10:00:00","BZN|DK1","432.75","n/e"," ","379.35"
"17/05/2018 10:00:00 - 17/05/2018 11:00:00","BZN|DK1","441.83","n/e"," ","404.85"
"17/05/2018 11:00:00 - 17/05/2018 12:00:00","BZN|DK1","466.38","n/e"," ","404.35"
"17/05/2018 12:00:00 - 17/05/2018 13:00:00","BZN|DK1","505.58","n/e"," ","447.99"
"17/05/2018 13:00:00 - 17/05/2018 14:00:00","BZN|DK1","554.25","n/e"," ","490.24"
"17/05/2018 14:00:00 - 17/05/2018 15:00:00","BZN|DK1","607.67","n/e"," ","528.44"
"17/05/2018 15:00:00 - 17/05/2018 16:00:00","BZN|DK1","645.46","n/e"," ","546.53"
"17/05/2018 16:00:00 - 17/05/2018 17:00:00","BZN|DK1","673.21","n/e"," ","588.93"
"17/05/2018 17:00:00 - 17/05/2018 18:00:00","BZN|DK1","688.58","n/e"," ","587.46"
"17/05/2018 18:00:00 - 17/05/2018 19:00:00","BZN|DK1","694.33","n/e"," ","606.95"
"17/05/2018 19:00:00 - 17/05/2018 20:00:00","BZN|DK1","688.50","n/e"," ","555.15"
"17/05/2018 20:00:00 - 17/05/2018 21:00:00","BZN|DK1","670.46","n/e"," ","570.98"
"17/05/2018 21:00:00 - 17/05/2018 22:00:00","BZN|DK1","637.71","n/e"," ","580.29"
"17/05/2018 22:00:00 - 17/05/2018 23:00:00","BZN|DK1","588.67","n/e"," ","559.52"
"17/05/2018 23:00:00 - 18/05/2018 00:00:00","BZN|DK1","532.46","n/e"," ","462.16"
"18/05/2018 00:00:00 - 18/05/2018 01:00:00","BZN|DK1","364.63","n/e"," ","364.39"
"18/05/2018 01:00:00 - 18/05/2018 02:00:00","BZN|DK1","298.76","n/e"," ","292.49"
"18/05/2018 02:00:00 - 18/05/2018 03:00:00","BZN|DK1","208.39","n/e"," ","207.20"
"18/05/2018 03:00:00 - 18/05/2018 04:00:00","BZN|DK1","148.46","n/e"," ","136.77"
"18/05/2018 04:00:00 - 18/05/2018 05:00:00","BZN|DK1","153.72","n/e"," ","142.84"
"18/05/2018 05:00:00 - 18/05/2018 06:00:00","BZN|DK1","180.28","n/e"," ","186.55"
"18/05/2018 06:00:00 - 18/05/2018 07:00:00","BZN|DK1","286.77","n/e"," ","296.57"
"18/05/2018 07:00:00 - 18/05/2018 08:00:00","BZN|DK1","379.66","n/e"," ","390.05"
"18/05/2018 08:00:00 - 18/05/2018 09:00:00","BZN|DK1","364.68","n/e"," ","385.65"
"18/05/2018 09:00:00 - 18/05/2018 10:00:00","BZN|DK1","294.46","n/e"," ","260.11"
"18/05/2018 10:00:00 - 18/05/2018 11:00:00","BZN|DK1","193.38","n/e"," ","149.43"
"18/05/2018 11:00:00 - 18/05/2018 12:00:00","BZN|DK1","150.71","n/e"," ","119.69"
"18/05/2018 12:00:00 - 18/05/2018 13:00:00","BZN|DK1","144.50","n/e"," ","106.81"
"18/05/2018 13:00:00 - 18/05/2018 14:00:00","BZN|DK1","149.29","n/e"," ","130.11"
"18/05/2018 14:00:00 - 18/05/2018 15:00:00","BZN|DK1","158.46","n/e"," ","110.60"
"18/05/2018 15:00:00 - 18/05/2018 16:00:00","BZN|DK1","195.88","n/e"," ","76.18"
"18/05/2018 16:00:00 - 18/05/2018 17:00:00","BZN|DK1","224.83","n/e"," ","85.86"
"18/05/2018 17:00:00 - 18/05/2018 18:00:00","BZN|DK1","241.00","n/e"," ","93.34"
"18/05/2018 18:00:00 - 18/05/2018 19:00:00","BZN|DK1","242.92","n/e"," ","121.10"
"18/05/2018 19:00:00 - 18/05/2018 20:00:00","BZN|DK1","233.17","n/e"," ","137.89"
"18/05/2018 20:00:00 - 18/05/2018 21:00:00","BZN|DK1","215.96","n/e"," ","142.15"
"18/05/2018 21:00:00 - 18/05/2018 22:00:00","BZN|DK1","191.38","n/e"," ","98.78"
"18/05/2018 22:00:00 - 18/05/2018 23:00:00","BZN|DK1","163.58","n/e"," ","39.10"
"18/05/2018 23:00:00 - 19/05/2018 00:00:00","BZN|DK1","134.46","n/e"," ","19.63"
"19/05/2018 00:00:00 - 19/05/2018 01:00:00","BZN|DK1","13.99","n/e"," ","19.95"
"19/05/2018 01:00:00 - 19/05/2018 02:00:00","BZN|DK1","12.68","n/e"," ","14.23"
"19/05/2018 02:00:00 - 19/05/2018 03:00:00","BZN|DK1","7.82","n/e"," ","7.95"
"19/05/2018 03:00:00 - 19/05/2018 04:00:00","BZN|DK1","2.24","n/e"," ","1.82"
"19/05/2018 04:00:00 - 19/05/2018 05:00:00","BZN|DK1","3.36","n/e"," ","2.11"
"19/05/2018 05:00:00 - 19/05/2018 06:00:00","BZN|DK1","5.11","n/e"," ","4.04"
"19/05/2018 06:00:00 - 19/05/2018 07:00:00","BZN|DK1","1.54","n/e"," ","0.75"
"19/05/2018 07:00:00 - 19/05/2018 08:00:00","BZN|DK1","0.79","n/e"," ","0.19"
"19/05/2018 08:00:00 - 19/05/2018 09:00:00","BZN|DK1","1.00","n/e"," ","0.18"
"19/05/2018 09:00:00 - 19/05/2018 10:00:00","BZN|DK1","3.67","n/e"," ","0.00"
"19/05/2018 10:00:00 - 19/05/2018 11:00:00","BZN|DK1","7.96","n/e"," ","0.11"
"19/05/2018 11:00:00 - 19/05/2018 12:00:00","BZN|DK1","8.38","n/e"," ","3.12"
"19/05/2018 12:00:00 - 19/05/2018 13:00:00","BZN|DK1","9.13","n/e"," ","6.54"
"19/05/2018 13:00:00 - 19/05/2018 14:00:00","BZN|DK1","9.42","n/e"," ","7.25"
"19/05/2018 14:00:00 - 19/05/2018 15:00:00","BZN|DK1","12.58","n/e"," ","6.59"
"19/05/2018 15:00:00 - 19/05/2018 16:00:00","BZN|DK1","14.75","n/e"," ","10.11"
"19/05/2018 16:00:00 - 19/05/2018 17:00:00","BZN|DK1","18.67","n/e"," ","6.16"
"19/05/2018 17:00:00 - 19/05/2018 18:00:00","BZN|DK1","21.04","n/e"," ","13.53"
"19/05/2018 18:00:00 - 19/05/2018 19:00:00","BZN|DK1","24.83","n/e"," ","33.57"
"19/05/2018 19:00:00 - 19/05/2018 20:00:00","BZN|DK1","28.25","n/e"," ","45.88"
"19/05/2018 20:00:00 - 19/05/2018 21:00:00","BZN|DK1","27.08","n/e"," ","57.64"
"19/05/2018 21:00:00 - 19/05/2018 22:00:00","BZN|DK1","28.83","n/e"," ","43.12"
"19/05/2018 22:00:00 - 19/05/2018 23:00:00","BZN|DK1","29.42","n/e"," ","45.42"
"19/05/2018 23:00:00 - 20/05/2018 00:00:00","BZN|DK1","28.25","n/e"," ","60.57"
"20/05/2018 00:00:00 - 20/05/2018 01:00:00","BZN|DK1","69.38","n/e"," ","69.86"
"20/05/2018 01:00:00 - 20/05/2018 02:00:00","BZN|DK1","58.44","n/e"," ","55.67"
"20/05/2018 02:00:00 - 20/05/2018 03:00:00","BZN|DK1","40.80","n/e"," ","40.28"
"20/05/2018 03:00:00 - 20/05/2018 04:00:00","BZN|DK1","38.89","n/e"," ","37.03"
"20/05/2018 04:00:00 - 20/05/2018 05:00:00","BZN|DK1","28.32","n/e"," ","24.09"
"20/05/2018 05:00:00 - 20/05/2018 06:00:00","BZN|DK1","37.83","n/e"," ","38.01"
"20/05/2018 06:00:00 - 20/05/2018 07:00:00","BZN|DK1","42.26","n/e"," ","43.02"
"20/05/2018 07:00:00 - 20/05/2018 08:00:00","BZN|DK1","56.75","n/e"," ","63.66"
"20/05/2018 08:00:00 - 20/05/2018 09:00:00","BZN|DK1","65.83","n/e"," ","81.82"
"20/05/2018 09:00:00 - 20/05/2018 10:00:00","BZN|DK1","62.63","n/e"," ","82.38"
"20/05/2018 10:00:00 - 20/05/2018 11:00:00","BZN|DK1","37.63","n/e"," ","89.27"
"20/05/2018 11:00:00 - 20/05/2018 12:00:00","BZN|DK1","39.46","n/e"," ","79.34"
"20/05/2018 12:00:00 - 20/05/2018 13:00:00","BZN|DK1","41.92","n/e"," ","47.64"
"20/05/2018 13:00:00 - 20/05/2018 14:00:00","BZN|DK1","39.58","n/e"," ","34.69"
"20/05/2018 14:00:00 - 20/05/2018 15:00:00","BZN|DK1","29.71","n/e"," ","8.13"
"20/05/2018 15:00:00 - 20/05/2018 16:00:00","BZN|DK1","21.46","n/e"," ","0.88"
"20/05/2018 16:00:00 - 20/05/2018 17:00:00","BZN|DK1","16.42","n/e"," ","0.01"
"20/05/2018 17:00:00 - 20/05/2018 18:00:00","BZN|DK1","22.50","n/e"," ","6.53"
"20/05/2018 18:00:00 - 20/05/2018 19:00:00","BZN|DK1","39.67","n/e"," ","45.82"
"20/05/2018 19:00:00 - 20/05/2018 20:00:00","BZN|DK1","66.50","n/e"," ","163.73"
"20/05/2018 20:00:00 - 20/05/2018 21:00:00","BZN|DK1","88.00","n/e"," ","231.57"
"20/05/2018 21:00:00 - 20/05/2018 22:00:00","BZN|DK1","113.00","n/e"," ","215.89"
"20/05/2018 22:00:00 - 20/05/2018 23:00:00","BZN|DK1","144.00","n/e"," ","163.15"
"20/05/2018 23:00:00 - 21/05/2018 00:00:00","BZN|DK1","177.96","n/e"," ","166.53"
"21/05/2018 00:00:00 - 21/05/2018 01:00:00","BZN|DK1","169.83","n/e"," ","186.13"
"21/05/2018 01:00:00 - 21/05/2018 02:00:00","BZN|DK1","196.95","n/e"," ","213.43"
"21/05/2018 02:00:00 - 21/05/2018 03:00:00","BZN|DK1","218.87","n/e"," ","229.61"
"21/05/2018 03:00:00 - 21/05/2018 04:00:00","BZN|DK1","198.15","n/e"," ","206.47"
"21/05/2018 04:00:00 - 21/05/2018 05:00:00","BZN|DK1","163.39","n/e"," ","168.09"
"21/05/2018 05:00:00 - 21/05/2018 06:00:00","BZN|DK1","136.27","n/e"," ","138.42"
"21/05/2018 06:00:00 - 21/05/2018 07:00:00","BZN|DK1","110.20","n/e"," ","118.35"
"21/05/2018 07:00:00 - 21/05/2018 08:00:00","BZN|DK1","151.00","n/e"," ","159.58"
"21/05/2018 08:00:00 - 21/05/2018 09:00:00","BZN|DK1","186.22","n/e"," ","188.00"
"21/05/2018 09:00:00 - 21/05/2018 10:00:00","BZN|DK1","186.29","n/e"," ","208.91"
"21/05/2018 10:00:00 - 21/05/2018 11:00:00","BZN|DK1","151.00","n/e"," ","198.85"
"21/05/2018 11:00:00 - 21/05/2018 12:00:00","BZN|DK1","146.04","n/e"," ","189.65"
"21/05/2018 12:00:00 - 21/05/2018 13:00:00","BZN|DK1","141.67","n/e"," ","172.76"
"21/05/2018 13:00:00 - 21/05/2018 14:00:00","BZN|DK1","132.38","n/e"," ","149.07"
"21/05/2018 14:00:00 - 21/05/2018 15:00:00","BZN|DK1","122.88","n/e"," ","115.07"
"21/05/2018 15:00:00 - 21/05/2018 16:00:00","BZN|DK1","120.50","n/e"," ","131.53"
"21/05/2018 16:00:00 - 21/05/2018 17:00:00","BZN|DK1","131.50","n/e"," ","115.95"
"21/05/2018 17:00:00 - 21/05/2018 18:00:00","BZN|DK1","158.46","n/e"," ","107.41"
"21/05/2018 18:00:00 - 21/05/2018 19:00:00","BZN|DK1","183.88","n/e"," ","175.61"
"21/05/2018 19:00:00 - 21/05/2018 20:00:00","BZN|DK1","208.29","n/e"," ","273.83"
"21/05/2018 20:00:00 - 21/05/2018 21:00:00","BZN|DK1","228.83","n/e"," ","353.29"
"21/05/2018 21:00:00 - 21/05/2018 22:00:00","BZN|DK1","246.79","n/e"," ","354.91"
"21/05/2018 22:00:00 - 21/05/2018 23:00:00","BZN|DK1","264.88","n/e"," ","313.88"
"21/05/2018 23:00:00 - 22/05/2018 00:00:00","BZN|DK1","267.17","n/e"," ","290.16"
"22/05/2018 00:00:00 - 22/05/2018 01:00:00","BZN|DK1","251.36","n/e"," ","269.82"
"22/05/2018 01:00:00 - 22/05/2018 02:00:00","BZN|DK1","282.59","n/e"," ","293.34"
"22/05/2018 02:00:00 - 22/05/2018 03:00:00","BZN|DK1","236.74","n/e"," ","247.64"
"22/05/2018 03:00:00 - 22/05/2018 04:00:00","BZN|DK1","181.45","n/e"," ","182.50"
"22/05/2018 04:00:00 - 22/05/2018 05:00:00","BZN|DK1","180.15","n/e"," ","191.48"
"22/05/2018 05:00:00 - 22/05/2018 06:00:00","BZN|DK1","182.42","n/e"," ","191.33"
"22/05/2018 06:00:00 - 22/05/2018 07:00:00","BZN|DK1","189.95","n/e"," ","200.06"
"22/05/2018 07:00:00 - 22/05/2018 08:00:00","BZN|DK1","193.73","n/e"," ","203.48"
"22/05/2018 08:00:00 - 22/05/2018 09:00:00","BZN|DK1","146.73","n/e"," ","141.25"
"22/05/2018 09:00:00 - 22/05/2018 10:00:00","BZN|DK1","110.42","n/e"," ","81.17"
"22/05/2018 10:00:00 - 22/05/2018 11:00:00","BZN|DK1","57.96","n/e"," ","50.72"
"22/05/2018 11:00:00 - 22/05/2018 12:00:00","BZN|DK1","28.42","n/e"," ","48.90"
"22/05/2018 12:00:00 - 22/05/2018 13:00:00","BZN|DK1","17.83","n/e"," ","54.20"
"22/05/2018 13:00:00 - 22/05/2018 14:00:00","BZN|DK1","11.50","n/e"," ","36.52"
"22/05/2018 14:00:00 - 22/05/2018 15:00:00","BZN|DK1","7.63","n/e"," ","15.47"
"22/05/2018 15:00:00 - 22/05/2018 16:00:00","BZN|DK1","4.63","n/e"," ","3.53"
"22/05/2018 16:00:00 - 22/05/2018 17:00:00","BZN|DK1","8.67","n/e"," ","6.27"
"22/05/2018 17:00:00 - 22/05/2018 18:00:00","BZN|DK1","19.29","n/e"," ","26.32"
"22/05/2018 18:00:00 - 22/05/2018 19:00:00","BZN|DK1","34.29","n/e"," ","65.07"
"22/05/2018 19:00:00 - 22/05/2018 20:00:00","BZN|DK1","51.17","n/e"," ","92.79"
"22/05/2018 20:00:00 - 22/05/2018 21:00:00","BZN|DK1","42.92","n/e"," ","105.30"
"22/05/2018 21:00:00 - 22/05/2018 22:00:00","BZN|DK1","30.83","n/e"," ","109.47"
"22/05/2018 22:00:00 - 22/05/2018 23:00:00","BZN|DK1","19.21","n/e"," ","114.30"
"22/05/2018 23:00:00 - 23/05/2018 00:00:00","BZN|DK1","8.88","n/e"," ","83.36"
"23/05/2018 00:00:00 - 23/05/2018 01:00:00","BZN|DK1","57.84","n/e"," ","55.87"
"23/05/2018 01:00:00 - 23/05/2018 02:00:00","BZN|DK1","20.24","n/e"," ","19.29"
"23/05/2018 02:00:00 - 23/05/2018 03:00:00","BZN|DK1","15.10","n/e"," ","14.10"
"23/05/2018 03:00:00 - 23/05/2018 04:00:00","BZN|DK1","12.38","n/e"," ","12.68"
"23/05/2018 04:00:00 - 23/05/2018 05:00:00","BZN|DK1","4.93","n/e"," ","4.35"
"23/05/2018 05:00:00 - 23/05/2018 06:00:00","BZN|DK1","2.25","n/e"," ","0.66"
"23/05/2018 06:00:00 - 23/05/2018 07:00:00","BZN|DK1","4.71","n/e"," ","1.87"
"23/05/2018 07:00:00 - 23/05/2018 08:00:00","BZN|DK1","6.12","n/e"," ","6.32"
"23/05/2018 08:00:00 - 23/05/2018 09:00:00","BZN|DK1","8.81","n/e"," ","21.25"
"23/05/2018 09:00:00 - 23/05/2018 10:00:00","BZN|DK1","7.83","n/e"," ","14.45"
"23/05/2018 10:00:00 - 23/05/2018 11:00:00","BZN|DK1","8.63","n/e"," ","15.39"
"23/05/2018 11:00:00 - 23/05/2018 12:00:00","BZN|DK1","6.58","n/e"," ","15.16"
"23/05/2018 12:00:00 - 23/05/2018 13:00:00","BZN|DK1","7.92","n/e"," ","13.29"
"23/05/2018 13:00:00 - 23/05/2018 14:00:00","BZN|DK1","12.38","n/e"," ","21.95"
"23/05/2018 14:00:00 - 23/05/2018 15:00:00","BZN|DK1","24.25","n/e"," ","29.94"
"23/05/2018 15:00:00 - 23/05/2018 16:00:00","BZN|DK1","50.58","n/e"," ","46.63"
"23/05/2018 16:00:00 - 23/05/2018 17:00:00","BZN|DK1","90.04","n/e"," ","70.23"
"23/05/2018 17:00:00 - 23/05/2018 18:00:00","BZN|DK1","137.88","n/e"," ","90.05"
"23/05/2018 18:00:00 - 23/05/2018 19:00:00","BZN|DK1","185.71","n/e"," ","113.11"
"23/05/2018 19:00:00 - 23/05/2018 20:00:00","BZN|DK1","224.83","n/e"," ","140.05"
"23/05/2018 20:00:00 - 23/05/2018 21:00:00","BZN|DK1","247.33","n/e"," ","166.17"
"23/05/2018 21:00:00 - 23/05/2018 22:00:00","BZN|DK1","258.92","n/e"," ","165.62"
"23/05/2018 22:00:00 - 23/05/2018 23:00:00","BZN|DK1","257.79","n/e"," ","204.68"
"23/05/2018 23:00:00 - 24/05/2018 00:00:00","BZN|DK1","240.13","n/e"," ","190.64"
"24/05/2018 00:00:00 - 24/05/2018 01:00:00","BZN|DK1","174.19","n/e"," ","178.11"
"24/05/2018 01:00:00 - 24/05/2018 02:00:00","BZN|DK1","191.21","n/e"," ","191.22"
"24/05/2018 02:00:00 - 24/05/2018 03:00:00","BZN|DK1","139.03","n/e"," ","132.66"
"24/05/2018 03:00:00 - 24/05/2018 04:00:00","BZN|DK1","79.46","n/e"," ","83.82"
"24/05/2018 04:00:00 - 24/05/2018 05:00:00","BZN|DK1","68.46","n/e"," ","68.30"
"24/05/2018 05:00:00 - 24/05/2018 06:00:00","BZN|DK1","56.35","n/e"," ","60.57"
"24/05/2018 06:00:00 - 24/05/2018 07:00:00","BZN|DK1","69.27","n/e"," ","68.22"
"24/05/2018 07:00:00 - 24/05/2018 08:00:00","BZN|DK1","83.85","n/e"," ","86.90"
"24/05/2018 08:00:00 - 24/05/2018 09:00:00","BZN|DK1","104.03","n/e"," ","120.33"
"24/05/2018 09:00:00 - 24/05/2018 10:00:00","BZN|DK1","91.50","n/e"," ","96.46"
"24/05/2018 10:00:00 - 24/05/2018 11:00:00","BZN|DK1","60.83","n/e"," ","62.43"
"24/05/2018 11:00:00 - 24/05/2018 12:00:00","BZN|DK1","47.17","n/e"," ","34.81"
"24/05/2018 12:00:00 - 24/05/2018 13:00:00","BZN|DK1","46.17","n/e"," ","53.58"
"24/05/2018 13:00:00 - 24/05/2018 14:00:00","BZN|DK1","53.33","n/e"," ","53.31"
"24/05/2018 14:00:00 - 24/05/2018 15:00:00","BZN|DK1","67.79","n/e"," ","40.87"
"24/05/2018 15:00:00 - 24/05/2018 16:00:00","BZN|DK1","92.29","n/e"," ","58.02"
"24/05/2018 16:00:00 - 24/05/2018 17:00:00","BZN|DK1","117.04","n/e"," ","118.88"
"24/05/2018 17:00:00 - 24/05/2018 18:00:00","BZN|DK1","136.33","n/e"," ","201.63"
"24/05/2018 18:00:00 - 24/05/2018 19:00:00","BZN|DK1","154.79","n/e"," ","230.89"
"24/05/2018 19:00:00 - 24/05/2018 20:00:00","BZN|DK1","173.21","n/e"," ","223.30"
"24/05/2018 20:00:00 - 24/05/2018 21:00:00","BZN|DK1","195.88","n/e"," ","217.26"
"24/05/2018 21:00:00 - 24/05/2018 22:00:00","BZN|DK1","219.96","n/e"," ","303.67"
"24/05/2018 22:00:00 - 24/05/2018 23:00:00","BZN|DK1","246.13","n/e"," ","287.65"
"24/05/2018 23:00:00 - 25/05/2018 00:00:00","BZN|DK1","271.00","n/e"," ","345.75"
"25/05/2018 00:00:00 - 25/05/2018 01:00:00","BZN|DK1","350.51","n/e"," ","369.82"
"25/05/2018 01:00:00 - 25/05/2018 02:00:00","BZN|DK1","346.02","n/e"," ","362.90"
"25/05/2018 02:00:00 - 25/05/2018 03:00:00","BZN|DK1","343.05","n/e"," ","366.34"
"25/05/2018 03:00:00 - 25/05/2018 04:00:00","BZN|DK1","274.21","n/e"," ","292.81"
"25/05/2018 04:00:00 - 25/05/2018 05:00:00","BZN|DK1","228.75","n/e"," ","241.39"
"25/05/2018 05:00:00 - 25/05/2018 06:00:00","BZN|DK1","253.47","n/e"," ","284.20"
"25/05/2018 06:00:00 - 25/05/2018 07:00:00","BZN|DK1","314.21","n/e"," ","327.73"
"25/05/2018 07:00:00 - 25/05/2018 08:00:00","BZN|DK1","260.91","n/e"," ","272.77"
"25/05/2018 08:00:00 - 25/05/2018 09:00:00","BZN|DK1","259.05","n/e"," ","231.92"
"25/05/2018 09:00:00 - 25/05/2018 10:00:00","BZN|DK1","237.46","n/e"," ","215.27"
"25/05/2018 10:00:00 - 25/05/2018 11:00:00","BZN|DK1","184.79","n/e"," ","168.02"
"25/05/2018 11:00:00 - 25/05/2018 12:00:00","BZN|DK1","152.75","n/e"," ","161.47"
"25/05/2018 12:00:00 - 25/05/2018 13:00:00","BZN|DK1","131.46","n/e"," ","143.69"
"25/05/2018 13:00:00 - 25/05/2018 14:00:00","BZN|DK1","115.79","n/e"," ","152.15"
"25/05/2018 14:00:00 - 25/05/2018 15:00:00","BZN|DK1","109.75","n/e"," ","136.39"
"25/05/2018 15:00:00 - 25/05/2018 16:00:00","BZN|DK1","115.63","n/e"," ","124.44"
"25/05/2018 16:00:00 - 25/05/2018 17:00:00","BZN|DK1","115.04","n/e"," ","120.33"
"25/05/2018 17:00:00 - 25/05/2018 18:00:00","BZN|DK1","119.58","n/e"," ","91.02"
"25/05/2018 18:00:00 - 25/05/2018 19:00:00","BZN|DK1","116.25","n/e"," ","117.15"
"25/05/2018 19:00:00 - 25/05/2018 20:00:00","BZN|DK1","112.46","n/e"," ","222.08"
"25/05/2018 20:00:00 - 25/05/2018 21:00:00","BZN|DK1","108.46","n/e"," ","171.97"
"25/05/2018 21:00:00 - 25/05/2018 22:00:00","BZN|DK1","104.13","n/e"," ","112.26"
"25/05/2018 22:00:00 - 25/05/2018 23:00:00","BZN|DK1","98.33","n/e"," ","107.75"
"25/05/2018 23:00:00 - 26/05/2018 00:00:00","BZN|DK1","86.83","n/e"," ","67.53"
"26/05/2018 00:00:00 - 26/05/2018 01:00:00","BZN|DK1","30.82","n/e"," ","35.77"
"26/05/2018 01:00:00 - 26/05/2018 02:00:00","BZN|DK1","23.96","n/e"," ","30.91"
"26/05/2018 02:00:00 - 26/05/2018 03:00:00","BZN|DK1","15.70","n/e"," ","29.13"
"26/05/2018 03:00:00 - 26/05/2018 04:00:00","BZN|DK1","43.46","n/e"," ","56.38"
"26/05/2018 04:00:00 - 26/05/2018 05:00:00","BZN|DK1","77.15","n/e"," ","79.26"
"26/05/2018 05:00:00 - 26/05/2018 06:00:00","BZN|DK1","51.08","n/e"," ","51.54"
"26/05/2018 06:00:00 - 26/05/2018 07:00:00","BZN|DK1","50.08","n/e"," ","61.38"
"26/05/2018 07:00:00 - 26/05/2018 08:00:00","BZN|DK1","63.77","n/e"," ","66.36"
"26/05/2018 08:00:00 - 26/05/2018 09:00:00","BZN|DK1","57.73","n/e"," ","42.86"
"26/05/2018 09:00:00 - 26/05/2018 10:00:00","BZN|DK1","67.04","n/e"," ","47.12"
"26/05/2018 10:00:00 - 26/05/2018 11:00:00","BZN|DK1","46.54","n/e"," ","70.19"
"26/05/2018 11:00:00 - 26/05/2018 12:00:00","BZN|DK1","34.50","n/e"," ","66.39"
"26/05/2018 12:00:00 - 26/05/2018 13:00:00","BZN|DK1","40.83","n/e"," ","87.56"
"26/05/2018 13:00:00 - 26/05/2018 14:00:00","BZN|DK1","52.79","n/e"," ","105.86"
"26/05/2018 14:00:00 - 26/05/2018 15:00:00","BZN|DK1","67.88","n/e"," ","105.05"
"26/05/2018 15:00:00 - 26/05/2018 16:00:00","BZN|DK1","89.58","n/e"," ","90.86"
"26/05/2018 16:00:00 - 26/05/2018 17:00:00","BZN|DK1","106.04","n/e"," ","119.20"
"26/05/2018 17:00:00 - 26/05/2018 18:00:00","BZN|DK1","118.13","n/e"," ","129.09"
"26/05/2018 18:00:00 - 26/05/2018 19:00:00","BZN|DK1","118.88","n/e"," ","125.35"
"26/05/2018 19:00:00 - 26/05/2018 20:00:00","BZN|DK1","107.50","n/e"," ","72.47"
"26/05/2018 20:00:00 - 26/05/2018 21:00:00","BZN|DK1","92.33","n/e"," ","65.80"
"26/05/2018 21:00:00 - 26/05/2018 22:00:00","BZN|DK1","82.63","n/e"," ","67.22"
"26/05/2018 22:00:00 - 26/05/2018 23:00:00","BZN|DK1","79.29","n/e"," ","126.58"
"26/05/2018 23:00:00 - 27/05/2018 00:00:00","BZN|DK1","82.00","n/e"," ","111.17"
"27/05/2018 00:00:00 - 27/05/2018 01:00:00","BZN|DK1","79.31","n/e"," ","77.45"
"27/05/2018 01:00:00 - 27/05/2018 02:00:00","BZN|DK1","72.51","n/e"," ","76.67"
"27/05/2018 02:00:00 - 27/05/2018 03:00:00","BZN|DK1","101.46","n/e"," ","104.92"
"27/05/2018 03:00:00 - 27/05/2018 04:00:00","BZN|DK1","102.23","n/e"," ","109.72"
"27/05/2018 04:00:00 - 27/05/2018 05:00:00","BZN|DK1","124.52","n/e"," ","127.54"
"27/05/2018 05:00:00 - 27/05/2018 06:00:00","BZN|DK1","81.20","n/e"," ","82.02"
"27/05/2018 06:00:00 - 27/05/2018 07:00:00","BZN|DK1","109.89","n/e"," ","112.79"
"27/05/2018 07:00:00 - 27/05/2018 08:00:00","BZN|DK1","138.45","n/e"," ","143.48"
"27/05/2018 08:00:00 - 27/05/2018 09:00:00","BZN|DK1","126.19","n/e"," ","166.87"
"27/05/2018 09:00:00 - 27/05/2018 10:00:00","BZN|DK1","99.29","n/e"," ","142.54"
"27/05/2018 10:00:00 - 27/05/2018 11:00:00","BZN|DK1","100.50","n/e"," ","135.51"
"27/05/2018 11:00:00 - 27/05/2018 12:00:00","BZN|DK1","112.42","n/e"," ","153.13"
"27/05/2018 12:00:00 - 27/05/2018 13:00:00","BZN|DK1","127.96","n/e"," ","207.97"
"27/05/2018 13:00:00 - 27/05/2018 14:00:00","BZN|DK1","139.42","n/e"," ","242.73"
"27/05/2018 14:00:00 - 27/05/2018 15:00:00","BZN|DK1","151.13","n/e"," ","330.19"
"27/05/2018 15:00:00 - 27/05/2018 16:00:00","BZN|DK1","160.67","n/e"," ","397.89"
"27/05/2018 16:00:00 - 27/05/2018 17:00:00","BZN|DK1","178.79","n/e"," ","437.41"
"27/05/2018 17:00:00 - 27/05/2018 18:00:00","BZN|DK1","214.75","n/e"," ","446.78"
"27/05/2018 18:00:00 - 27/05/2018 19:00:00","BZN|DK1","247.96","n/e"," ","369.46"
"27/05/2018 19:00:00 - 27/05/2018 20:00:00","BZN|DK1","288.71","n/e"," ","330.46"
"27/05/2018 20:00:00 - 27/05/2018 21:00:00","BZN|DK1","325.88","n/e"," ","426.75"
"27/05/2018 21:00:00 - 27/05/2018 22:00:00","BZN|DK1","368.38","n/e"," ","544.75"
"27/05/2018 22:00:00 - 27/05/2018 23:00:00","BZN|DK1","419.17","n/e"," ","637.25"
"27/05/2018 23:00:00 - 28/05/2018 00:00:00","BZN|DK1","456.46","n/e"," ","595.10"
"28/05/2018 00:00:00 - 28/05/2018 01:00:00","BZN|DK1","533.80","n/e"," ","568.11"
"28/05/2018 01:00:00 - 28/05/2018 02:00:00","BZN|DK1","491.06","n/e"," ","529.64"
"28/05/2018 02:00:00 - 28/05/2018 03:00:00","BZN|DK1","505.64","n/e"," ","547.77"
"28/05/2018 03:00:00 - 28/05/2018 04:00:00","BZN|DK1","466.96","n/e"," ","507.34"
"28/05/2018 04:00:00 - 28/05/2018 05:00:00","BZN|DK1","500.11","n/e"," ","548.10"
"28/05/2018 05:00:00 - 28/05/2018 06:00:00","BZN|DK1","507.32","n/e"," ","528.54"
"28/05/2018 06:00:00 - 28/05/2018 07:00:00","BZN|DK1","484.60","n/e"," ","506.39"
"28/05/2018 07:00:00 - 28/05/2018 08:00:00","BZN|DK1","360.08","n/e"," ","384.19"
"28/05/2018 08:00:00 - 28/05/2018 09:00:00","BZN|DK1","292.75","n/e"," ","406.64"
"28/05/2018 09:00:00 - 28/05/2018 10:00:00","BZN|DK1","226.88","n/e"," ","254.34"
"28/05/2018 10:00:00 - 28/05/2018 11:00:00","BZN|DK1","190.33","n/e"," ","113.80"
"28/05/2018 11:00:00 - 28/05/2018 12:00:00","BZN|DK1","120.54","n/e"," ","153.39"
"28/05/2018 12:00:00 - 28/05/2018 13:00:00","BZN|DK1","79.46","n/e"," ","89.90"
"28/05/2018 13:00:00 - 28/05/2018 14:00:00","BZN|DK1","62.50","n/e"," ","103.90"
"28/05/2018 14:00:00 - 28/05/2018 15:00:00","BZN|DK1","68.21","n/e"," ","92.21"
"28/05/2018 15:00:00 - 28/05/2018 16:00:00","BZN|DK1","90.88","n/e"," ","29.45"
"28/05/2018 16:00:00 - 28/05/2018 17:00:00","BZN|DK1","101.88","n/e"," ","22.45"
"28/05/2018 17:00:00 - 28/05/2018 18:00:00","BZN|DK1","110.63","n/e"," ","61.83"
"28/05/2018 18:00:00 - 28/05/2018 19:00:00","BZN|DK1","119.33","n/e"," ","107.93"
"28/05/2018 19:00:00 - 28/05/2018 20:00:00","BZN|DK1","133.04","n/e"," ","146.20"
"28/05/2018 20:00:00 - 28/05/2018 21:00:00","BZN|DK1","144.38","n/e"," ","187.56"
"28/05/2018 21:00:00 - 28/05/2018 22:00:00","BZN|DK1","146.04","n/e"," ","276.33"
"28/05/2018 22:00:00 - 28/05/2018 23:00:00","BZN|DK1","146.63","n/e"," ","381.03"
"28/05/2018 23:00:00 - 29/05/2018 00:00:00","BZN|DK1","146.88","n/e"," ","348.38"
"29/05/2018 00:00:00 - 29/05/2018 01:00:00","BZN|DK1","257.22","n/e"," ","258.36"
"29/05/2018 01:00:00 - 29/05/2018 02:00:00","BZN|DK1","245.96","n/e"," ","260.66"
"29/05/2018 02:00:00 - 29/05/2018 03:00:00","BZN|DK1","306.81","n/e"," ","315.59"
"29/05/2018 03:00:00 - 29/05/2018 04:00:00","BZN|DK1","289.14","n/e"," ","286.01"
"29/05/2018 04:00:00 - 29/05/2018 05:00:00","BZN|DK1","254.65","n/e"," ","260.57"
"29/05/2018 05:00:00 - 29/05/2018 06:00:00","BZN|DK1","145.19","n/e"," ","147.96"
"29/05/2018 06:00:00 - 29/05/2018 07:00:00","BZN|DK1","140.74","n/e"," ","160.02"
"29/05/2018 07:00:00 - 29/05/2018 08:00:00","BZN|DK1","223.18","n/e"," ","234.15"
"29/05/2018 08:00:00 - 29/05/2018 09:00:00","BZN|DK1","235.85","n/e"," ","282.87"
"29/05/2018 09:00:00 - 29/05/2018 10:00:00","BZN|DK1","193.21","n/e"," ","352.16"
"29/05/2018 10:00:00 - 29/05/2018 11:00:00","BZN|DK1","115.00","n/e"," ","295.37"
"29/05/2018 11:00:00 - 29/05/2018 12:00:00","BZN|DK1","110.58","n/e"," ","198.42"
"29/05/2018 12:00:00 - 29/05/2018 13:00:00","BZN|DK1","108.92","n/e"," ","84.26"
"29/05/2018 13:00:00 - 29/05/2018 14:00:00","BZN|DK1","101.04","n/e"," ","96.01"
"29/05/2018 14:00:00 - 29/05/2018 15:00:00","BZN|DK1","106.04","n/e"," ","127.49"
"29/05/2018 15:00:00 - 29/05/2018 16:00:00","BZN|DK1","137.17","n/e"," ","151.64"
"29/05/2018 16:00:00 - 29/05/2018 17:00:00","BZN|DK1","189.96","n/e"," ","147.22"
"29/05/2018 17:00:00 - 29/05/2018 18:00:00","BZN|DK1","237.50","n/e"," ","207.73"
"29/05/2018 18:00:00 - 29/05/2018 19:00:00","BZN|DK1","286.58","n/e"," ","327.40"
"29/05/2018 19:00:00 - 29/05/2018 20:00:00","BZN|DK1","315.17","n/e"," ","259.01"
"29/05/2018 20:00:00 - 29/05/2018 21:00:00","BZN|DK1","337.38","n/e"," ","256.34"
"29/05/2018 21:00:00 - 29/05/2018 22:00:00","BZN|DK1","363.42","n/e"," ","465.65"
"29/05/2018 22:00:00 - 29/05/2018 23:00:00","BZN|DK1","395.92","n/e"," ","224.16"
"29/05/2018 23:00:00 - 30/05/2018 00:00:00","BZN|DK1","431.88","n/e"," ","421.40"
"30/05/2018 00:00:00 - 30/05/2018 01:00:00","BZN|DK1","488.45","n/e"," ","502.47"
"30/05/2018 01:00:00 - 30/05/2018 02:00:00","BZN|DK1","499.83","n/e"," ","534.44"
"30/05/2018 02:00:00 - 30/05/2018 03:00:00","BZN|DK1","585.69","n/e"," ","622.28"
"30/05/2018 03:00:00 - 30/05/2018 04:00:00","BZN|DK1","606.69","n/e"," ","640.52"
"30/05/2018 04:00:00 - 30/05/2018 05:00:00","BZN|DK1","592.09","n/e"," ","614.82"
"30/05/2018 05:00:00 - 30/05/2018 06:00:00","BZN|DK1","583.77","n/e"," ","612.27"
"30/05/2018 06:00:00 - 30/05/2018 07:00:00","BZN|DK1","626.30","n/e"," ","661.52"
"30/05/2018 07:00:00 - 30/05/2018 08:00:00","BZN|DK1","644.75","n/e"," ","653.80"
"30/05/2018 08:00:00 - 30/05/2018 09:00:00","BZN|DK1","613.32","n/e"," ","558.90"
"30/05/2018 09:00:00 - 30/05/2018 10:00:00","BZN|DK1","593.46","n/e"," ","562.57"
"30/05/2018 10:00:00 - 30/05/2018 11:00:00","BZN|DK1","550.42","n/e"," ","593.07"
"30/05/2018 11:00:00 - 30/05/2018 12:00:00","BZN|DK1","494.58","n/e"," ","512.00"
"30/05/2018 12:00:00 - 30/05/2018 13:00:00","BZN|DK1","440.00","n/e"," ","507.59"
"30/05/2018 13:00:00 - 30/05/2018 14:00:00","BZN|DK1","402.04","n/e"," ","489.33"
"30/05/2018 14:00:00 - 30/05/2018 15:00:00","BZN|DK1","381.46","n/e"," ","362.90"
"30/05/2018 15:00:00 - 30/05/2018 16:00:00","BZN|DK1","368.46","n/e"," ","298.29"
"30/05/2018 16:00:00 - 30/05/2018 17:00:00","BZN|DK1","359.58","n/e"," ","208.91"
"30/05/2018 17:00:00 - 30/05/2018 18:00:00","BZN|DK1","366.13","n/e"," ","159.42"
"30/05/2018 18:00:00 - 30/05/2018 19:00:00","BZN|DK1","371.46","n/e"," ","131.21"
"30/05/2018 19:00:00 - 30/05/2018 20:00:00","BZN|DK1","381.21","n/e"," ","102.54"
"30/05/2018 20:00:00 - 30/05/2018 21:00:00","BZN|DK1","395.00","n/e"," ","81.38"
"30/05/2018 21:00:00 - 30/05/2018 22:00:00","BZN|DK1","417.04","n/e"," ","73.94"
"30/05/2018 22:00:00 - 30/05/2018 23:00:00","BZN|DK1","452.08","n/e"," ","76.97"
"30/05/2018 23:00:00 - 31/05/2018 00:00:00","BZN|DK1","486.33","n/e"," ","84.34"
"31/05/2018 00:00:00 - 31/05/2018 01:00:00","BZN|DK1","189.00","n/e"," ","231.78"
"31/05/2018 01:00:00 - 31/05/2018 02:00:00","BZN|DK1","323.96","n/e"," ","333.69"
"31/05/2018 02:00:00 - 31/05/2018 03:00:00","BZN|DK1","249.30","n/e"," ","255.80"
"31/05/2018 03:00:00 - 31/05/2018 04:00:00","BZN|DK1","181.87","n/e"," ","194.46"
"31/05/2018 04:00:00 - 31/05/2018 05:00:00","BZN|DK1","234.25","n/e"," ","254.84"
"31/05/2018 05:00:00 - 31/05/2018 06:00:00","BZN|DK1","391.37","n/e"," ","423.77"
"31/05/2018 06:00:00 - 31/05/2018 07:00:00","BZN|DK1","507.48","n/e"," ","523.40"
"31/05/2018 07:00:00 - 31/05/2018 08:00:00","BZN|DK1","485.61","n/e"," ","493.73"
"31/05/2018 08:00:00 - 31/05/2018 09:00:00","BZN|DK1","446.07","n/e"," ","453.08"
"31/05/2018 09:00:00 - 31/05/2018 10:00:00","BZN|DK1","415.75","n/e"," ","400.12"
"31/05/2018 10:00:00 - 31/05/2018 11:00:00","BZN|DK1","374.08","n/e"," ","353.56"
"31/05/2018 11:00:00 - 31/05/2018 12:00:00","BZN|DK1","310.92","n/e"," ","371.75"
"31/05/2018 12:00:00 - 31/05/2018 13:00:00","BZN|DK1","246.79","n/e"," ","296.27"
"31/05/2018 13:00:00 - 31/05/2018 14:00:00","BZN|DK1","190.88","n/e"," ","198.55"
"31/05/2018 14:00:00 - 31/05/2018 15:00:00","BZN|DK1","146.17","n/e"," ","165.64"
"31/05/2018 15:00:00 - 31/05/2018 16:00:00","BZN|DK1","113.33","n/e"," ","152.79"
"31/05/2018 16:00:00 - 31/05/2018 17:00:00","BZN|DK1","98.71","n/e"," ","171.67"
"31/05/2018 17:00:00 - 31/05/2018 18:00:00","BZN|DK1","103.04","n/e"," ","132.14"
"31/05/2018 18:00:00 - 31/05/2018 19:00:00","BZN|DK1","111.96","n/e"," ","108.59"
"31/05/2018 19:00:00 - 31/05/2018 20:00:00","BZN|DK1","129.88","n/e"," ","122.90"
"31/05/2018 20:00:00 - 31/05/2018 21:00:00","BZN|DK1","161.75","n/e"," ","188.65"
"31/05/2018 21:00:00 - 31/05/2018 22:00:00","BZN|DK1","201.04","n/e"," ","293.81"
"31/05/2018 22:00:00 - 31/05/2018 23:00:00","BZN|DK1","247.13","n/e"," ","384.47"
"31/05/2018 23:00:00 - 01/06/2018 00:00:00","BZN|DK1","276.38","n/e"," ","339.38"
"01/06/2018 00:00:00 - 01/06/2018 01:00:00","BZN|DK1","268.47","n/e"," ","274.57"
"01/06/2018 01:00:00 - 01/06/2018 02:00:00","BZN|DK1","250.90","n/e"," ","265.33"
"01/06/2018 02:00:00 - 01/06/2018 03:00:00","BZN|DK1","255.78","n/e"," ","267.54"
"01/06/2018 03:00:00 - 01/06/2018 04:00:00","BZN|DK1","208.16","n/e"," ","210.79"
"01/06/2018 04:00:00 - 01/06/2018 05:00:00","BZN|DK1","196.75","n/e"," ","201.60"
"01/06/2018 05:00:00 - 01/06/2018 06:00:00","BZN|DK1","141.50","n/e"," ","146.20"
"01/06/2018 06:00:00 - 01/06/2018 07:00:00","BZN|DK1","104.65","n/e"," ","113.36"
"01/06/2018 07:00:00 - 01/06/2018 08:00:00","BZN|DK1","85.53","n/e"," ","97.26"
"01/06/2018 08:00:00 - 01/06/2018 09:00:00","BZN|DK1","79.60","n/e"," ","95.06"
"01/06/2018 09:00:00 - 01/06/2018 10:00:00","BZN|DK1","69.00","n/e"," ","97.11"
"01/06/2018 10:00:00 - 01/06/2018 11:00:00","BZN|DK1","50.29","n/e"," ","64.65"
"01/06/2018 11:00:00 - 01/06/2018 12:00:00","BZN|DK1","32.88","n/e"," ","46.23"
"01/06/2018 12:00:00 - 01/06/2018 13:00:00","BZN|DK1","21.63","n/e"," ","42.20"
"01/06/2018 13:00:00 - 01/06/2018 14:00:00","BZN|DK1","18.54","n/e"," ","61.14"
"01/06/2018 14:00:00 - 01/06/2018 15:00:00","BZN|DK1","18.13","n/e"," ","78.16"
"01/06/2018 15:00:00 - 01/06/2018 16:00:00","BZN|DK1","21.75","n/e"," ","61.92"
"01/06/2018 16:00:00 - 01/06/2018 17:00:00","BZN|DK1","33.88","n/e"," ","54.01"
"01/06/2018 17:00:00 - 01/06/2018 18:00:00","BZN|DK1","50.58","n/e"," ","54.78"
"01/06/2018 18:00:00 - 01/06/2018 19:00:00","BZN|DK1","68.83","n/e"," ","51.30"
"01/06/2018 19:00:00 - 01/06/2018 20:00:00","BZN|DK1","86.17","n/e"," ","64.68"
"01/06/2018 20:00:00 - 01/06/2018 21:00:00","BZN|DK1","96.88","n/e"," ","72.20"
"01/06/2018 21:00:00 - 01/06/2018 22:00:00","BZN|DK1","99.00","n/e"," ","79.03"
"01/06/2018 22:00:00 - 01/06/2018 23:00:00","BZN|DK1","98.04","n/e"," ","71.33"
"01/06/2018 23:00:00 - 02/06/2018 00:00:00","BZN|DK1","98.88","n/e"," ","119.73"
"02/06/2018 00:00:00 - 02/06/2018 01:00:00","BZN|DK1","102.00","n/e"," ","119.38"
"02/06/2018 01:00:00 - 02/06/2018 02:00:00","BZN|DK1","52.81","n/e"," ","60.86"
"02/06/2018 02:00:00 - 02/06/2018 03:00:00","BZN|DK1","23.76","n/e"," ","26.81"
"02/06/2018 03:00:00 - 02/06/2018 04:00:00","BZN|DK1","13.17","n/e"," ","9.65"
"02/06/2018 04:00:00 - 02/06/2018 05:00:00","BZN|DK1","11.98","n/e"," ","7.59"
"02/06/2018 05:00:00 - 02/06/2018 06:00:00","BZN|DK1","37.87","n/e"," ","37.60"
"02/06/2018 06:00:00 - 02/06/2018 07:00:00","BZN|DK1","44.83","n/e"," ","45.14"
"02/06/2018 07:00:00 - 02/06/2018 08:00:00","BZN|DK1","53.17","n/e"," ","54.21"
"02/06/2018 08:00:00 - 02/06/2018 09:00:00","BZN|DK1","47.62","n/e"," ","41.19"
"02/06/2018 09:00:00 - 02/06/2018 10:00:00","BZN|DK1","33.88","n/e"," ","24.12"
"02/06/2018 10:00:00 - 02/06/2018 11:00:00","BZN|DK1","10.88","n/e"," ","1.98"
"02/06/2018 11:00:00 - 02/06/2018 12:00:00","BZN|DK1","6.21","n/e"," ","0.00"
"02/06/2018 12:00:00 - 02/06/2018 13:00:00","BZN|DK1","3.38","n/e"," ","0.00"
"02/06/2018 13:00:00 - 02/06/2018 14:00:00","BZN|DK1","0.96","n/e"," ","0.03"
"02/06/2018 14:00:00 - 02/06/2018 15:00:00","BZN|DK1","0.04","n/e"," ","0.44"
"02/06/2018 15:00:00 - 02/06/2018 16:00:00","BZN|DK1","2.17","n/e"," ","1.49"
"02/06/2018 16:00:00 - 02/06/2018 17:00:00","BZN|DK1","7.63","n/e"," ","0.98"
"02/06/2018 17:00:00 - 02/06/2018 18:00:00","BZN|DK1","8.50","n/e"," ","0.81"
"02/06/2018 18:00:00 - 02/06/2018 19:00:00","BZN|DK1","8.00","n/e"," ","1.29"
"02/06/2018 19:00:00 - 02/06/2018 20:00:00","BZN|DK1","8.58","n/e"," ","1.06"
"02/06/2018 20:00:00 - 02/06/2018 21:00:00","BZN|DK1","8.21","n/e"," ","0.42"
"02/06/2018 21:00:00 - 02/06/2018 22:00:00","BZN|DK1","8.54","n/e"," ","7.03"
"02/06/2018 22:00:00 - 02/06/2018 23:00:00","BZN|DK1","11.00","n/e"," ","9.90"
"02/06/2018 23:00:00 - 03/06/2018 00:00:00","BZN|DK1","12.04","n/e"," ","23.07"
"03/06/2018 00:00:00 - 03/06/2018 01:00:00","BZN|DK1","28.70","n/e"," ","42.27"
"03/06/2018 01:00:00 - 03/06/2018 02:00:00","BZN|DK1","36.59","n/e"," ","47.11"
"03/06/2018 02:00:00 - 03/06/2018 03:00:00","BZN|DK1","39.68","n/e"," ","43.01"
"03/06/2018 03:00:00 - 03/06/2018 04:00:00","BZN|DK1","21.75","n/e"," ","31.85"
"03/06/2018 04:00:00 - 03/06/2018 05:00:00","BZN|DK1","17.34","n/e"," ","27.38"
"03/06/2018 05:00:00 - 03/06/2018 06:00:00","BZN|DK1","21.49","n/e"," ","29.11"
"03/06/2018 06:00:00 - 03/06/2018 07:00:00","BZN|DK1","62.01","n/e"," ","70.65"
"03/06/2018 07:00:00 - 03/06/2018 08:00:00","BZN|DK1","84.64","n/e"," ","91.17"
"03/06/2018 08:00:00 - 03/06/2018 09:00:00","BZN|DK1","71.81","n/e"," ","60.86"
"03/06/2018 09:00:00 - 03/06/2018 10:00:00","BZN|DK1","61.67","n/e"," ","59.53"
"03/06/2018 10:00:00 - 03/06/2018 11:00:00","BZN|DK1","40.88","n/e"," ","79.44"
"03/06/2018 11:00:00 - 03/06/2018 12:00:00","BZN|DK1","30.83","n/e"," ","91.44"
"03/06/2018 12:00:00 - 03/06/2018 13:00:00","BZN|DK1","28.88","n/e"," ","103.59"
"03/06/2018 13:00:00 - 03/06/2018 14:00:00","BZN|DK1","25.92","n/e"," ","87.08"
"03/06/2018 14:00:00 - 03/06/2018 15:00:00","BZN|DK1","28.17","n/e"," ","70.50"
"03/06/2018 15:00:00 - 03/06/2018 16:00:00","BZN|DK1","41.71","n/e"," ","74.29"
"03/06/2018 16:00:00 - 03/06/2018 17:00:00","BZN|DK1","64.54","n/e"," ","100.33"
"03/06/2018 17:00:00 - 03/06/2018 18:00:00","BZN|DK1","97.75","n/e"," ","89.78"
"03/06/2018 18:00:00 - 03/06/2018 19:00:00","BZN|DK1","142.54","n/e"," ","109.33"
"03/06/2018 19:00:00 - 03/06/2018 20:00:00","BZN|DK1","198.75","n/e"," ","72.37"
"03/06/2018 20:00:00 - 03/06/2018 21:00:00","BZN|DK1","265.79","n/e"," ","102.03"
"03/06/2018 21:00:00 - 03/06/2018 22:00:00","BZN|DK1","338.21","n/e"," ","183.68"
"03/06/2018 22:00:00 - 03/06/2018 23:00:00","BZN|DK1","380.83","n/e"," ","261.36"
"03/06/2018 23:00:00 - 04/06/2018 00:00:00","BZN|DK1","399.88","n/e"," ","299.85"
"04/06/2018 00:00:00 - 04/06/2018 01:00:00","BZN|DK1","270.12","n/e"," ","290.83"
"04/06/2018 01:00:00 - 04/06/2018 02:00:00","BZN|DK1","314.18","n/e"," ","335.11"
"04/06/2018 02:00:00 - 04/06/2018 03:00:00","BZN|DK1","363.65","n/e"," ","385.64"
"04/06/2018 03:00:00 - 04/06/2018 04:00:00","BZN|DK1","372.57","n/e"," ","390.34"
"04/06/2018 04:00:00 - 04/06/2018 05:00:00","BZN|DK1","370.55","n/e"," ","395.84"
"04/06/2018 05:00:00 - 04/06/2018 06:00:00","BZN|DK1","389.03","n/e"," ","420.47"
"04/06/2018 06:00:00 - 04/06/2018 07:00:00","BZN|DK1","413.50","n/e"," ","441.06"
"04/06/2018 07:00:00 - 04/06/2018 08:00:00","BZN|DK1","428.05","n/e"," ","458.86"
"04/06/2018 08:00:00 - 04/06/2018 09:00:00","BZN|DK1","421.88","n/e"," ","460.54"
"04/06/2018 09:00:00 - 04/06/2018 10:00:00","BZN|DK1","417.71","n/e"," ","406.57"
"04/06/2018 10:00:00 - 04/06/2018 11:00:00","BZN|DK1","436.17","n/e"," ","411.07"
"04/06/2018 11:00:00 - 04/06/2018 12:00:00","BZN|DK1","437.38","n/e"," ","383.58"
"04/06/2018 12:00:00 - 04/06/2018 13:00:00","BZN|DK1","448.13","n/e"," ","345.87"
"04/06/2018 13:00:00 - 04/06/2018 14:00:00","BZN|DK1","466.29","n/e"," ","344.62"
"04/06/2018 14:00:00 - 04/06/2018 15:00:00","BZN|DK1","466.50","n/e"," ","343.13"
"04/06/2018 15:00:00 - 04/06/2018 16:00:00","BZN|DK1","378.29","n/e"," ","341.88"
"04/06/2018 16:00:00 - 04/06/2018 17:00:00","BZN|DK1","359.42","n/e"," ","399.51"
"04/06/2018 17:00:00 - 04/06/2018 18:00:00","BZN|DK1","361.38","n/e"," ","392.17"
"04/06/2018 18:00:00 - 04/06/2018 19:00:00","BZN|DK1","382.29","n/e"," ","300.70"
"04/06/2018 19:00:00 - 04/06/2018 20:00:00","BZN|DK1","417.96","n/e"," ","282.91"
"04/06/2018 20:00:00 - 04/06/2018 21:00:00","BZN|DK1","440.21","n/e"," ","243.11"
"04/06/2018 21:00:00 - 04/06/2018 22:00:00","BZN|DK1","441.21","n/e"," ","238.06"
"04/06/2018 22:00:00 - 04/06/2018 23:00:00","BZN|DK1","422.96","n/e"," ","259.97"
"04/06/2018 23:00:00 - 05/06/2018 00:00:00","BZN|DK1","381.33","n/e"," ","322.06"
"05/06/2018 00:00:00 - 05/06/2018 01:00:00","BZN|DK1","304.74","n/e"," ","316.31"
"05/06/2018 01:00:00 - 05/06/2018 02:00:00","BZN|DK1","214.99","n/e"," ","215.79"
"05/06/2018 02:00:00 - 05/06/2018 03:00:00","BZN|DK1","111.16","n/e"," ","115.01"
"05/06/2018 03:00:00 - 05/06/2018 04:00:00","BZN|DK1","110.10","n/e"," ","121.47"
"05/06/2018 04:00:00 - 05/06/2018 05:00:00","BZN|DK1","276.25","n/e"," ","289.75"
"05/06/2018 05:00:00 - 05/06/2018 06:00:00","BZN|DK1","392.37","n/e"," ","396.19"
"05/06/2018 06:00:00 - 05/06/2018 07:00:00","BZN|DK1","384.18","n/e"," ","388.76"
"05/06/2018 07:00:00 - 05/06/2018 08:00:00","BZN|DK1","357.27","n/e"," ","370.27"
"05/06/2018 08:00:00 - 05/06/2018 09:00:00","BZN|DK1","314.24","n/e"," ","288.92"
"05/06/2018 09:00:00 - 05/06/2018 10:00:00","BZN|DK1","225.46","n/e"," ","277.95"
"05/06/2018 10:00:00 - 05/06/2018 11:00:00","BZN|DK1","161.63","n/e"," ","153.32"
"05/06/2018 11:00:00 - 05/06/2018 12:00:00","BZN|DK1","119.75","n/e"," ","102.27"
"05/06/2018 12:00:00 - 05/06/2018 13:00:00","BZN|DK1","93.29","n/e"," ","92.65"
"05/06/2018 13:00:00 - 05/06/2018 14:00:00","BZN|DK1","77.21","n/e"," ","89.07"
"05/06/2018 14:00:00 - 05/06/2018 15:00:00","BZN|DK1","69.71","n/e"," ","66.21"
"05/06/2018 15:00:00 - 05/06/2018 16:00:00","BZN|DK1","71.33","n/e"," ","56.49"
"05/06/2018 16:00:00 - 05/06/2018 17:00:00","BZN|DK1","78.00","n/e"," ","47.85"
"05/06/2018 17:00:00 - 05/06/2018 18:00:00","BZN|DK1","89.08","n/e"," ","52.15"
"05/06/2018 18:00:00 - 05/06/2018 19:00:00","BZN|DK1","104.50","n/e"," ","54.61"
"05/06/2018 19:00:00 - 05/06/2018 20:00:00","BZN|DK1","122.33","n/e"," ","48.62"
"05/06/2018 20:00:00 - 05/06/2018 21:00:00","BZN|DK1","139.13","n/e"," ","58.94"
"05/06/2018 21:00:00 - 05/06/2018 22:00:00","BZN|DK1","157.29","n/e"," ","36.33"
"05/06/2018 22:00:00 - 05/06/2018 23:00:00","BZN|DK1","171.38","n/e"," ","50.24"
"05/06/2018 23:00:00 - 06/06/2018 00:00:00","BZN|DK1","180.13","n/e"," ","54.29"
"06/06/2018 00:00:00 - 06/06/2018 01:00:00","BZN|DK1","84.10","n/e"," ","92.82"
"06/06/2018 01:00:00 - 06/06/2018 02:00:00","BZN|DK1","153.38","n/e"," ","163.18"
"06/06/2018 02:00:00 - 06/06/2018 03:00:00","BZN|DK1","208.52","n/e"," ","214.25"
"06/06/2018 03:00:00 - 06/06/2018 04:00:00","BZN|DK1","232.56","n/e"," ","235.60"
"06/06/2018 04:00:00 - 06/06/2018 05:00:00","BZN|DK1","191.89","n/e"," ","192.08"
"06/06/2018 05:00:00 - 06/06/2018 06:00:00","BZN|DK1","126.73","n/e"," ","140.34"
"06/06/2018 06:00:00 - 06/06/2018 07:00:00","BZN|DK1","199.81","n/e"," ","215.30"
"06/06/2018 07:00:00 - 06/06/2018 08:00:00","BZN|DK1","277.24","n/e"," ","294.00"
"06/06/2018 08:00:00 - 06/06/2018 09:00:00","BZN|DK1","269.07","n/e"," ","278.59"
"06/06/2018 09:00:00 - 06/06/2018 10:00:00","BZN|DK1","221.17","n/e"," ","246.25"
"06/06/2018 10:00:00 - 06/06/2018 11:00:00","BZN|DK1","143.96","n/e"," ","238.15"
"06/06/2018 11:00:00 - 06/06/2018 12:00:00","BZN|DK1","94.58","n/e"," ","194.09"
"06/06/2018 12:00:00 - 06/06/2018 13:00:00","BZN|DK1","79.08","n/e"," ","183.08"
"06/06/2018 13:00:00 - 06/06/2018 14:00:00","BZN|DK1","66.29","n/e"," ","164.38"
"06/06/2018 14:00:00 - 06/06/2018 15:00:00","BZN|DK1","59.83","n/e"," ","133.47"
"06/06/2018 15:00:00 - 06/06/2018 16:00:00","BZN|DK1","60.54","n/e"," ","107.29"
"06/06/2018 16:00:00 - 06/06/2018 17:00:00","BZN|DK1","66.67","n/e"," ","75.31"
"06/06/2018 17:00:00 - 06/06/2018 18:00:00","BZN|DK1","73.33","n/e"," ","57.57"
"06/06/2018 18:00:00 - 06/06/2018 19:00:00","BZN|DK1","80.25","n/e"," ","46.43"
"06/06/2018 19:00:00 - 06/06/2018 20:00:00","BZN|DK1","91.63","n/e"," ","50.29"
"06/06/2018 20:00:00 - 06/06/2018 21:00:00","BZN|DK1","108.08","n/e"," ","72.70"
"06/06/2018 21:00:00 - 06/06/2018 22:00:00","BZN|DK1","132.46","n/e"," ","132.66"
"06/06/2018 22:00:00 - 06/06/2018 23:00:00","BZN|DK1","167.17","n/e"," ","147.59"
"06/06/2018 23:00:00 - 07/06/2018 00:00:00","BZN|DK1","191.50","n/e"," ","168.62"
"07/06/2018 00:00:00 - 07/06/2018 01:00:00","BZN|DK1","169.74","n/e"," ","182.02"
"07/06/2018 01:00:00 - 07/06/2018 02:00:00","BZN|DK1","210.23","n/e"," ","222.84"
"07/06/2018 02:00:00 - 07/06/2018 03:00:00","BZN|DK1","183.93","n/e"," ","191.94"
"07/06/2018 03:00:00 - 07/06/2018 04:00:00","BZN|DK1","131.25","n/e"," ","138.72"
"07/06/2018 04:00:00 - 07/06/2018 05:00:00","BZN|DK1","102.68","n/e"," ","110.11"
"07/06/2018 05:00:00 - 07/06/2018 06:00:00","BZN|DK1","85.65","n/e"," ","90.47"
"07/06/2018 06:00:00 - 07/06/2018 07:00:00","BZN|DK1","68.94","n/e"," ","75.15"
"07/06/2018 07:00:00 - 07/06/2018 08:00:00","BZN|DK1","79.96","n/e"," ","87.85"
"07/06/2018 08:00:00 - 07/06/2018 09:00:00","BZN|DK1","84.40","n/e"," ","89.69"
"07/06/2018 09:00:00 - 07/06/2018 10:00:00","BZN|DK1","90.21","n/e"," ","106.91"
"07/06/2018 10:00:00 - 07/06/2018 11:00:00","BZN|DK1","78.42","n/e"," ","122.06"
"07/06/2018 11:00:00 - 07/06/2018 12:00:00","BZN|DK1","67.54","n/e"," ","134.92"
"07/06/2018 12:00:00 - 07/06/2018 13:00:00","BZN|DK1","56.88","n/e"," ","103.23"
"07/06/2018 13:00:00 - 07/06/2018 14:00:00","BZN|DK1","43.92","n/e"," ","63.51"
"07/06/2018 14:00:00 - 07/06/2018 15:00:00","BZN|DK1","37.21","n/e"," ","25.14"
"07/06/2018 15:00:00 - 07/06/2018 16:00:00","BZN|DK1","39.21","n/e"," ","13.25"
"07/06/2018 16:00:00 - 07/06/2018 17:00:00","BZN|DK1","44.25","n/e"," ","9.36"
"07/06/2018 17:00:00 - 07/06/2018 18:00:00","BZN|DK1","42.79","n/e"," ","8.06"
"07/06/2018 18:00:00 - 07/06/2018 19:00:00","BZN|DK1","39.63","n/e"," ","12.33"
"07/06/2018 19:00:00 - 07/06/2018 20:00:00","BZN|DK1","41.13","n/e"," ","20.74"
"07/06/2018 20:00:00 - 07/06/2018 21:00:00","BZN|DK1","45.46","n/e"," ","47.48"
"07/06/2018 21:00:00 - 07/06/2018 22:00:00","BZN|DK1","51.75","n/e"," ","64.29"
"07/06/2018 22:00:00 - 07/06/2018 23:00:00","BZN|DK1","54.63","n/e"," ","45.45"
"07/06/2018 23:00:00 - 08/06/2018 00:00:00","BZN|DK1","51.46","n/e"," ","28.60"
"08/06/2018 00:00:00 - 08/06/2018 01:00:00","BZN|DK1","20.36","n/e"," ","19.17"
"08/06/2018 01:00:00 - 08/06/2018 02:00:00","BZN|DK1","15.72","n/e"," ","15.74"
"08/06/2018 02:00:00 - 08/06/2018 03:00:00","BZN|DK1","16.28","n/e"," ","15.82"
"08/06/2018 03:00:00 - 08/06/2018 04:00:00","BZN|DK1","16.26","n/e"," ","15.40"
"08/06/2018 04:00:00 - 08/06/2018 05:00:00","BZN|DK1","5.15","n/e"," ","4.63"
"08/06/2018 05:00:00 - 08/06/2018 06:00:00","BZN|DK1","0.21","n/e"," ","0.07"
"08/06/2018 06:00:00 - 08/06/2018 07:00:00","BZN|DK1","0.00","n/e"," ","0.00"
"08/06/2018 07:00:00 - 08/06/2018 08:00:00","BZN|DK1","0.00","n/e"," ","0.00"
"08/06/2018 08:00:00 - 08/06/2018 09:00:00","BZN|DK1","0.88","n/e"," ","0.00"
"08/06/2018 09:00:00 - 08/06/2018 10:00:00","BZN|DK1","0.71","n/e"," ","0.00"
"08/06/2018 10:00:00 - 08/06/2018 11:00:00","BZN|DK1","2.04","n/e"," ","0.04"
"08/06/2018 11:00:00 - 08/06/2018 12:00:00","BZN|DK1","2.96","n/e"," ","0.67"
"08/06/2018 12:00:00 - 08/06/2018 13:00:00","BZN|DK1","1.92","n/e"," ","1.59"
"08/06/2018 13:00:00 - 08/06/2018 14:00:00","BZN|DK1","0.75","n/e"," ","3.05"
"08/06/2018 14:00:00 - 08/06/2018 15:00:00","BZN|DK1","2.46","n/e"," ","4.27"
"08/06/2018 15:00:00 - 08/06/2018 16:00:00","BZN|DK1","3.17","n/e"," ","4.50"
"08/06/2018 16:00:00 - 08/06/2018 17:00:00","BZN|DK1","7.96","n/e"," ","5.50"
"08/06/2018 17:00:00 - 08/06/2018 18:00:00","BZN|DK1","12.25","n/e"," ","10.14"
"08/06/2018 18:00:00 - 08/06/2018 19:00:00","BZN|DK1","16.92","n/e"," ","20.99"
"08/06/2018 19:00:00 - 08/06/2018 20:00:00","BZN|DK1","21.38","n/e"," ","20.06"
"08/06/2018 20:00:00 - 08/06/2018 21:00:00","BZN|DK1","19.46","n/e"," ","12.13"
"08/06/2018 21:00:00 - 08/06/2018 22:00:00","BZN|DK1","17.38","n/e"," ","5.76"
"08/06/2018 22:00:00 - 08/06/2018 23:00:00","BZN|DK1","13.75","n/e"," ","5.17"
"08/06/2018 23:00:00 - 09/06/2018 00:00:00","BZN|DK1","10.92","n/e"," ","10.42"
"09/06/2018 00:00:00 - 09/06/2018 01:00:00","BZN|DK1","7.43","n/e"," ","7.32"
"09/06/2018 01:00:00 - 09/06/2018 02:00:00","BZN|DK1","3.38","n/e"," ","2.38"
"09/06/2018 02:00:00 - 09/06/2018 03:00:00","BZN|DK1","2.28","n/e"," ","3.61"
"09/06/2018 03:00:00 - 09/06/2018 04:00:00","BZN|DK1","17.83","n/e"," ","17.74"
"09/06/2018 04:00:00 - 09/06/2018 05:00:00","BZN|DK1","18.97","n/e"," ","19.32"
"09/06/2018 05:00:00 - 09/06/2018 06:00:00","BZN|DK1","17.64","n/e"," ","21.46"
"09/06/2018 06:00:00 - 09/06/2018 07:00:00","BZN|DK1","28.51","n/e"," ","35.76"
"09/06/2018 07:00:00 - 09/06/2018 08:00:00","BZN|DK1","43.02","n/e"," ","46.92"
"09/06/2018 08:00:00 - 09/06/2018 09:00:00","BZN|DK1","50.80","n/e"," ","41.53"
"09/06/2018 09:00:00 - 09/06/2018 10:00:00","BZN|DK1","55.38","n/e"," ","45.84"
"09/06/2018 10:00:00 - 09/06/2018 11:00:00","BZN|DK1","27.88","n/e"," ","37.93"
"09/06/2018 11:00:00 - 09/06/2018 12:00:00","BZN|DK1","16.83","n/e"," ","26.76"
"09/06/2018 12:00:00 - 09/06/2018 13:00:00","BZN|DK1","13.96","n/e"," ","12.48"
"09/06/2018 13:00:00 - 09/06/2018 14:00:00","BZN|DK1","14.25","n/e"," ","11.53"
"09/06/2018 14:00:00 - 09/06/2018 15:00:00","BZN|DK1","16.13","n/e"," ","12.66"
"09/06/2018 15:00:00 - 09/06/2018 16:00:00","BZN|DK1","18.04","n/e"," ","25.30"
"09/06/2018 16:00:00 - 09/06/2018 17:00:00","BZN|DK1","29.42","n/e"," ","39.47"
"09/06/2018 17:00:00 - 09/06/2018 18:00:00","BZN|DK1","38.00","n/e"," ","48.03"
"09/06/2018 18:00:00 - 09/06/2018 19:00:00","BZN|DK1","42.13","n/e"," ","54.09"
"09/06/2018 19:00:00 - 09/06/2018 20:00:00","BZN|DK1","44.25","n/e"," ","42.87"
"09/06/2018 20:00:00 - 09/06/2018 21:00:00","BZN|DK1","43.79","n/e"," ","38.16"
"09/06/2018 21:00:00 - 09/06/2018 22:00:00","BZN|DK1","45.54","n/e"," ","38.26"
"09/06/2018 22:00:00 - 09/06/2018 23:00:00","BZN|DK1","47.00","n/e"," ","55.96"
"09/06/2018 23:00:00 - 10/06/2018 00:00:00","BZN|DK1","48.33","n/e"," ","59.92"
"10/06/2018 00:00:00 - 10/06/2018 01:00:00","BZN|DK1","55.03","n/e"," ","56.94"
"10/06/2018 01:00:00 - 10/06/2018 02:00:00","BZN|DK1","63.49","n/e"," ","66.15"
"10/06/2018 02:00:00 - 10/06/2018 03:00:00","BZN|DK1","72.43","n/e"," ","69.29"
"10/06/2018 03:00:00 - 10/06/2018 04:00:00","BZN|DK1","71.30","n/e"," ","77.29"
"10/06/2018 04:00:00 - 10/06/2018 05:00:00","BZN|DK1","104.35","n/e"," ","105.41"
"10/06/2018 05:00:00 - 10/06/2018 06:00:00","BZN|DK1","94.18","n/e"," ","91.26"
"10/06/2018 06:00:00 - 10/06/2018 07:00:00","BZN|DK1","81.84","n/e"," ","84.69"
"10/06/2018 07:00:00 - 10/06/2018 08:00:00","BZN|DK1","76.31","n/e"," ","74.46"
"10/06/2018 08:00:00 - 10/06/2018 09:00:00","BZN|DK1","48.19","n/e"," ","31.73"
"10/06/2018 09:00:00 - 10/06/2018 10:00:00","BZN|DK1","45.13","n/e"," ","29.67"
"10/06/2018 10:00:00 - 10/06/2018 11:00:00","BZN|DK1","40.46","n/e"," ","38.92"
"10/06/2018 11:00:00 - 10/06/2018 12:00:00","BZN|DK1","44.33","n/e"," ","55.07"
"10/06/2018 12:00:00 - 10/06/2018 13:00:00","BZN|DK1","52.50","n/e"," ","63.15"
"10/06/2018 13:00:00 - 10/06/2018 14:00:00","BZN|DK1","66.58","n/e"," ","105.66"
"10/06/2018 14:00:00 - 10/06/2018 15:00:00","BZN|DK1","96.88","n/e"," ","243.68"
"10/06/2018 15:00:00 - 10/06/2018 16:00:00","BZN|DK1","127.29","n/e"," ","97.61"
"10/06/2018 16:00:00 - 10/06/2018 17:00:00","BZN|DK1","141.79","n/e"," ","79.44"
"10/06/2018 17:00:00 - 10/06/2018 18:00:00","BZN|DK1","136.42","n/e"," ","108.14"
"10/06/2018 18:00:00 - 10/06/2018 19:00:00","BZN|DK1","131.04","n/e"," ","98.53"
"10/06/2018 19:00:00 - 10/06/2018 20:00:00","BZN|DK1","134.04","n/e"," ","167.79"
"10/06/2018 20:00:00 - 10/06/2018 21:00:00","BZN|DK1","152.38","n/e"," ","279.73"
"10/06/2018 21:00:00 - 10/06/2018 22:00:00","BZN|DK1","179.79","n/e"," ","229.98"
"10/06/2018 22:00:00 - 10/06/2018 23:00:00","BZN|DK1","212.13","n/e"," ","252.36"
"10/06/2018 23:00:00 - 11/06/2018 00:00:00","BZN|DK1","246.50","n/e"," ","376.71"
"11/06/2018 00:00:00 - 11/06/2018 01:00:00","BZN|DK1","488.25","n/e"," ","530.63"
"11/06/2018 01:00:00 - 11/06/2018 02:00:00","BZN|DK1","501.93","n/e"," ","548.68"
"11/06/2018 02:00:00 - 11/06/2018 03:00:00","BZN|DK1","447.93","n/e"," ","462.54"
"11/06/2018 03:00:00 - 11/06/2018 04:00:00","BZN|DK1","365.72","n/e"," ","387.73"
"11/06/2018 04:00:00 - 11/06/2018 05:00:00","BZN|DK1","481.80","n/e"," ","525.65"
"11/06/2018 05:00:00 - 11/06/2018 06:00:00","BZN|DK1","574.80","n/e"," ","613.67"
"11/06/2018 06:00:00 - 11/06/2018 07:00:00","BZN|DK1","579.87","n/e"," ","620.63"
"11/06/2018 07:00:00 - 11/06/2018 08:00:00","BZN|DK1","578.35","n/e"," ","624.77"
"11/06/2018 08:00:00 - 11/06/2018 09:00:00","BZN|DK1","577.76","n/e"," ","571.79"
"11/06/2018 09:00:00 - 11/06/2018 10:00:00","BZN|DK1","570.75","n/e"," ","518.91"
"11/06/2018 10:00:00 - 11/06/2018 11:00:00","BZN|DK1","615.42","n/e"," ","466.28"
"11/06/2018 11:00:00 - 11/06/2018 12:00:00","BZN|DK1","650.17","n/e"," ","588.76"
"11/06/2018 12:00:00 - 11/06/2018 13:00:00","BZN|DK1","667.00","n/e"," ","693.62"
"11/06/2018 13:00:00 - 11/06/2018 14:00:00","BZN|DK1","678.63","n/e"," ","752.28"
"11/06/2018 14:00:00 - 11/06/2018 15:00:00","BZN|DK1","686.58","n/e"," ","760.52"
"11/06/2018 15:00:00 - 11/06/2018 16:00:00","BZN|DK1","692.08","n/e"," ","678.08"
"11/06/2018 16:00:00 - 11/06/2018 17:00:00","BZN|DK1","703.54","n/e"," ","680.45"
"11/06/2018 17:00:00 - 11/06/2018 18:00:00","BZN|DK1","721.96","n/e"," ","767.50"
"11/06/2018 18:00:00 - 11/06/2018 19:00:00","BZN|DK1","724.04","n/e"," ","780.92"
"11/06/2018 19:00:00 - 11/06/2018 20:00:00","BZN|DK1","726.00","n/e"," ","770.56"
"11/06/2018 20:00:00 - 11/06/2018 21:00:00","BZN|DK1","726.08","n/e"," ","766.95"
"11/06/2018 21:00:00 - 11/06/2018 22:00:00","BZN|DK1","724.13","n/e"," ","761.53"
"11/06/2018 22:00:00 - 11/06/2018 23:00:00","BZN|DK1","719.17","n/e"," ","540.32"
"11/06/2018 23:00:00 - 12/06/2018 00:00:00","BZN|DK1","709.54","n/e"," ","682.76"
"12/06/2018 00:00:00 - 12/06/2018 01:00:00","BZN|DK1","734.53","n/e"," ","782.61"
"12/06/2018 01:00:00 - 12/06/2018 02:00:00","BZN|DK1","727.68","n/e"," ","779.17"
"12/06/2018 02:00:00 - 12/06/2018 03:00:00","BZN|DK1","725.29","n/e"," ","778.75"
"12/06/2018 03:00:00 - 12/06/2018 04:00:00","BZN|DK1","702.05","n/e"," ","753.55"
"12/06/2018 04:00:00 - 12/06/2018 05:00:00","BZN|DK1","650.32","n/e"," ","692.91"
"12/06/2018 05:00:00 - 12/06/2018 06:00:00","BZN|DK1","636.43","n/e"," ","681.12"
"12/06/2018 06:00:00 - 12/06/2018 07:00:00","BZN|DK1","652.95","n/e"," ","691.77"
"12/06/2018 07:00:00 - 12/06/2018 08:00:00","BZN|DK1","661.23","n/e"," ","683.65"
"12/06/2018 08:00:00 - 12/06/2018 09:00:00","BZN|DK1","611.85","n/e"," ","581.67"
"12/06/2018 09:00:00 - 12/06/2018 10:00:00","BZN|DK1","511.92","n/e"," ","516.50"
"12/06/2018 10:00:00 - 12/06/2018 11:00:00","BZN|DK1","398.42","n/e"," ","403.68"
"12/06/2018 11:00:00 - 12/06/2018 12:00:00","BZN|DK1","339.83","n/e"," ","317.79"
"12/06/2018 12:00:00 - 12/06/2018 13:00:00","BZN|DK1","308.75","n/e"," ","269.86"
"12/06/2018 13:00:00 - 12/06/2018 14:00:00","BZN|DK1","289.25","n/e"," ","260.24"
"12/06/2018 14:00:00 - 12/06/2018 15:00:00","BZN|DK1","288.08","n/e"," ","270.07"
"12/06/2018 15:00:00 - 12/06/2018 16:00:00","BZN|DK1","295.50","n/e"," ","247.95"
"12/06/2018 16:00:00 - 12/06/2018 17:00:00","BZN|DK1","307.67","n/e"," ","269.71"
"12/06/2018 17:00:00 - 12/06/2018 18:00:00","BZN|DK1","317.75","n/e"," ","295.43"
"12/06/2018 18:00:00 - 12/06/2018 19:00:00","BZN|DK1","325.21","n/e"," ","315.83"
"12/06/2018 19:00:00 - 12/06/2018 20:00:00","BZN|DK1","330.83","n/e"," ","332.80"
"12/06/2018 20:00:00 - 12/06/2018 21:00:00","BZN|DK1","332.42","n/e"," ","336.41"
"12/06/2018 21:00:00 - 12/06/2018 22:00:00","BZN|DK1","335.04","n/e"," ","357.25"
"12/06/2018 22:00:00 - 12/06/2018 23:00:00","BZN|DK1","338.08","n/e"," ","362.01"
"12/06/2018 23:00:00 - 13/06/2018 00:00:00","BZN|DK1","339.88","n/e"," ","398.18"
"13/06/2018 00:00:00 - 13/06/2018 01:00:00","BZN|DK1","464.02","n/e"," ","489.83"
"13/06/2018 01:00:00 - 13/06/2018 02:00:00","BZN|DK1","480.28","n/e"," ","514.05"
"13/06/2018 02:00:00 - 13/06/2018 03:00:00","BZN|DK1","462.05","n/e"," ","487.76"
"13/06/2018 03:00:00 - 13/06/2018 04:00:00","BZN|DK1","420.43","n/e"," ","444.40"
"13/06/2018 04:00:00 - 13/06/2018 05:00:00","BZN|DK1","409.10","n/e"," ","432.24"
"13/06/2018 05:00:00 - 13/06/2018 06:00:00","BZN|DK1","414.75","n/e"," ","442.28"
"13/06/2018 06:00:00 - 13/06/2018 07:00:00","BZN|DK1","422.98","n/e"," ","452.88"
"13/06/2018 07:00:00 - 13/06/2018 08:00:00","BZN|DK1","418.07","n/e"," ","446.56"
"13/06/2018 08:00:00 - 13/06/2018 09:00:00","BZN|DK1","412.86","n/e"," ","440.16"
"13/06/2018 09:00:00 - 13/06/2018 10:00:00","BZN|DK1","393.83","n/e"," ","385.88"
"13/06/2018 10:00:00 - 13/06/2018 11:00:00","BZN|DK1","370.13","n/e"," ","342.70"
"13/06/2018 11:00:00 - 13/06/2018 12:00:00","BZN|DK1","363.21","n/e"," ","279.10"
"13/06/2018 12:00:00 - 13/06/2018 13:00:00","BZN|DK1","366.33","n/e"," ","241.83"
"13/06/2018 13:00:00 - 13/06/2018 14:00:00","BZN|DK1","380.21","n/e"," ","353.18"
"13/06/2018 14:00:00 - 13/06/2018 15:00:00","BZN|DK1","389.63","n/e"," ","620.54"
"13/06/2018 15:00:00 - 13/06/2018 16:00:00","BZN|DK1","391.79","n/e"," ","635.64"
"13/06/2018 16:00:00 - 13/06/2018 17:00:00","BZN|DK1","398.29","n/e"," ","603.63"
"13/06/2018 17:00:00 - 13/06/2018 18:00:00","BZN|DK1","405.21","n/e"," ","556.71"
"13/06/2018 18:00:00 - 13/06/2018 19:00:00","BZN|DK1","412.42","n/e"," ","541.72"
"13/06/2018 19:00:00 - 13/06/2018 20:00:00","BZN|DK1","411.38","n/e"," ","507.63"
"13/06/2018 20:00:00 - 13/06/2018 21:00:00","BZN|DK1","404.88","n/e"," ","485.22"
"13/06/2018 21:00:00 - 13/06/2018 22:00:00","BZN|DK1","399.79","n/e"," ","487.05"
"13/06/2018 22:00:00 - 13/06/2018 23:00:00","BZN|DK1","393.79","n/e"," ","307.41"
"13/06/2018 23:00:00 - 14/06/2018 00:00:00","BZN|DK1","387.00","n/e"," ","203.88"
"14/06/2018 00:00:00 - 14/06/2018 01:00:00","BZN|DK1","253.18","n/e"," ","270.62"
"14/06/2018 01:00:00 - 14/06/2018 02:00:00","BZN|DK1","331.37","n/e"," ","354.37"
"14/06/2018 02:00:00 - 14/06/2018 03:00:00","BZN|DK1","372.17","n/e"," ","395.52"
"14/06/2018 03:00:00 - 14/06/2018 04:00:00","BZN|DK1","354.70","n/e"," ","368.32"
"14/06/2018 04:00:00 - 14/06/2018 05:00:00","BZN|DK1","369.91","n/e"," ","389.23"
"14/06/2018 05:00:00 - 14/06/2018 06:00:00","BZN|DK1","402.29","n/e"," ","419.48"
"14/06/2018 06:00:00 - 14/06/2018 07:00:00","BZN|DK1","482.34","n/e"," ","507.76"
"14/06/2018 07:00:00 - 14/06/2018 08:00:00","BZN|DK1","597.48","n/e"," ","634.26"
"14/06/2018 08:00:00 - 14/06/2018 09:00:00","BZN|DK1","647.41","n/e"," ","644.74"
"14/06/2018 09:00:00 - 14/06/2018 10:00:00","BZN|DK1","680.88","n/e"," ","693.07"
"14/06/2018 10:00:00 - 14/06/2018 11:00:00","BZN|DK1","740.46","n/e"," ","770.32"
"14/06/2018 11:00:00 - 14/06/2018 12:00:00","BZN|DK1","758.17","n/e"," ","771.10"
"14/06/2018 12:00:00 - 14/06/2018 13:00:00","BZN|DK1","760.00","n/e"," ","774.41"
"14/06/2018 13:00:00 - 14/06/2018 14:00:00","BZN|DK1","760.00","n/e"," ","776.40"
"14/06/2018 14:00:00 - 14/06/2018 15:00:00","BZN|DK1","760.00","n/e"," ","780.37"
"14/06/2018 15:00:00 - 14/06/2018 16:00:00","BZN|DK1","760.00","n/e"," ","786.63"
"14/06/2018 16:00:00 - 14/06/2018 17:00:00","BZN|DK1","760.46","n/e"," ","787.56"
"14/06/2018 17:00:00 - 14/06/2018 18:00:00","BZN|DK1","758.88","n/e"," ","786.08"
"14/06/2018 18:00:00 - 14/06/2018 19:00:00","BZN|DK1","755.67","n/e"," ","786.71"
"14/06/2018 19:00:00 - 14/06/2018 20:00:00","BZN|DK1","746.13","n/e"," ","780.90"
"14/06/2018 20:00:00 - 14/06/2018 21:00:00","BZN|DK1","729.46","n/e"," ","765.39"
"14/06/2018 21:00:00 - 14/06/2018 22:00:00","BZN|DK1","697.96","n/e"," ","717.98"
"14/06/2018 22:00:00 - 14/06/2018 23:00:00","BZN|DK1","656.29","n/e"," ","613.73"
"14/06/2018 23:00:00 - 15/06/2018 00:00:00","BZN|DK1","622.25","n/e"," ","534.59"
"15/06/2018 00:00:00 - 15/06/2018 01:00:00","BZN|DK1","462.00","n/e"," ","481.03"
"15/06/2018 01:00:00 - 15/06/2018 02:00:00","BZN|DK1","466.44","n/e"," ","492.29"
"15/06/2018 02:00:00 - 15/06/2018 03:00:00","BZN|DK1","379.86","n/e"," ","399.55"
"15/06/2018 03:00:00 - 15/06/2018 04:00:00","BZN|DK1","259.70","n/e"," ","270.71"
"15/06/2018 04:00:00 - 15/06/2018 05:00:00","BZN|DK1","228.05","n/e"," ","246.02"
"15/06/2018 05:00:00 - 15/06/2018 06:00:00","BZN|DK1","197.84","n/e"," ","214.72"
"15/06/2018 06:00:00 - 15/06/2018 07:00:00","BZN|DK1","174.19","n/e"," ","187.75"
"15/06/2018 07:00:00 - 15/06/2018 08:00:00","BZN|DK1","177.55","n/e"," ","194.42"
"15/06/2018 08:00:00 - 15/06/2018 09:00:00","BZN|DK1","185.50","n/e"," ","198.68"
"15/06/2018 09:00:00 - 15/06/2018 10:00:00","BZN|DK1","165.42","n/e"," ","150.16"
"15/06/2018 10:00:00 - 15/06/2018 11:00:00","BZN|DK1","120.38","n/e"," ","101.32"
"15/06/2018 11:00:00 - 15/06/2018 12:00:00","BZN|DK1","97.33","n/e"," ","135.89"
"15/06/2018 12:00:00 - 15/06/2018 13:00:00","BZN|DK1","73.13","n/e"," ","90.41"
"15/06/2018 13:00:00 - 15/06/2018 14:00:00","BZN|DK1","58.58","n/e"," ","66.47"
"15/06/2018 14:00:00 - 15/06/2018 15:00:00","BZN|DK1","53.75","n/e"," ","55.54"
"15/06/2018 15:00:00 - 15/06/2018 16:00:00","BZN|DK1","51.96","n/e"," ","43.11"
"15/06/2018 16:00:00 - 15/06/2018 17:00:00","BZN|DK1","44.71","n/e"," ","34.79"
"15/06/2018 17:00:00 - 15/06/2018 18:00:00","BZN|DK1","37.29","n/e"," ","38.87"
"15/06/2018 18:00:00 - 15/06/2018 19:00:00","BZN|DK1","30.67","n/e"," ","33.35"
"15/06/2018 19:00:00 - 15/06/2018 20:00:00","BZN|DK1","24.33","n/e"," ","63.37"
"15/06/2018 20:00:00 - 15/06/2018 21:00:00","BZN|DK1","22.58","n/e"," ","92.76"
"15/06/2018 21:00:00 - 15/06/2018 22:00:00","BZN|DK1","23.00","n/e"," ","124.14"
"15/06/2018 22:00:00 - 15/06/2018 23:00:00","BZN|DK1","26.54","n/e"," ","88.45"
"15/06/2018 23:00:00 - 16/06/2018 00:00:00","BZN|DK1","31.79","n/e"," ","65.58"
"16/06/2018 00:00:00 - 16/06/2018 01:00:00","BZN|DK1","17.99","n/e"," ","18.02"
"16/06/2018 01:00:00 - 16/06/2018 02:00:00","BZN|DK1","14.25","n/e"," ","13.35"
"16/06/2018 02:00:00 - 16/06/2018 03:00:00","BZN|DK1","5.58","n/e"," ","5.34"
"16/06/2018 03:00:00 - 16/06/2018 04:00:00","BZN|DK1","11.45","n/e"," ","11.20"
"16/06/2018 04:00:00 - 16/06/2018 05:00:00","BZN|DK1","25.42","n/e"," ","25.92"
"16/06/2018 05:00:00 - 16/06/2018 06:00:00","BZN|DK1","14.05","n/e"," ","13.24"
"16/06/2018 06:00:00 - 16/06/2018 07:00:00","BZN|DK1","8.36","n/e"," ","9.08"
"16/06/2018 07:00:00 - 16/06/2018 08:00:00","BZN|DK1","20.29","n/e"," ","23.06"
"16/06/2018 08:00:00 - 16/06/2018 09:00:00","BZN|DK1","28.68","n/e"," ","35.51"
"16/06/2018 09:00:00 - 16/06/2018 10:00:00","BZN|DK1","23.46","n/e"," ","40.16"
"16/06/2018 10:00:00 - 16/06/2018 11:00:00","BZN|DK1","21.17","n/e"," ","57.45"
"16/06/2018 11:00:00 - 16/06/2018 12:00:00","BZN|DK1","41.38","n/e"," ","65.25"
"16/06/2018 12:00:00 - 16/06/2018 13:00:00","BZN|DK1","70.58","n/e"," ","34.41"
"16/06/2018 13:00:00 - 16/06/2018 14:00:00","BZN|DK1","108.13","n/e"," ","64.71"
"16/06/2018 14:00:00 - 16/06/2018 15:00:00","BZN|DK1","142.13","n/e"," ","112.23"
"16/06/2018 15:00:00 - 16/06/2018 16:00:00","BZN|DK1","169.13","n/e"," ","149.49"
"16/06/2018 16:00:00 - 16/06/2018 17:00:00","BZN|DK1","190.96","n/e"," ","160.79"
"16/06/2018 17:00:00 - 16/06/2018 18:00:00","BZN|DK1","215.13","n/e"," ","143.36"
"16/06/2018 18:00:00 - 16/06/2018 19:00:00","BZN|DK1","254.17","n/e"," ","132.67"
"16/06/2018 19:00:00 - 16/06/2018 20:00:00","BZN|DK1","298.42","n/e"," ","263.84"
"16/06/2018 20:00:00 - 16/06/2018 21:00:00","BZN|DK1","344.50","n/e"," ","446.34"
"16/06/2018 21:00:00 - 16/06/2018 22:00:00","BZN|DK1","381.96","n/e"," ","444.10"
"16/06/2018 22:00:00 - 16/06/2018 23:00:00","BZN|DK1","397.17","n/e"," ","419.85"
"16/06/2018 23:00:00 - 17/06/2018 00:00:00","BZN|DK1","387.50","n/e"," ","365.38"
"17/06/2018 00:00:00 - 17/06/2018 01:00:00","BZN|DK1","374.00","n/e"," ","383.20"
"17/06/2018 01:00:00 - 17/06/2018 02:00:00","BZN|DK1","316.37","n/e"," ","323.03"
"17/06/2018 02:00:00 - 17/06/2018 03:00:00","BZN|DK1","278.15","n/e"," ","284.16"
"17/06/2018 03:00:00 - 17/06/2018 04:00:00","BZN|DK1","248.58","n/e"," ","262.93"
"17/06/2018 04:00:00 - 17/06/2018 05:00:00","BZN|DK1","291.93","n/e"," ","303.76"
"17/06/2018 05:00:00 - 17/06/2018 06:00:00","BZN|DK1","212.65","n/e"," ","228.10"
"17/06/2018 06:00:00 - 17/06/2018 07:00:00","BZN|DK1","337.68","n/e"," ","364.58"
"17/06/2018 07:00:00 - 17/06/2018 08:00:00","BZN|DK1","378.50","n/e"," ","381.38"
"17/06/2018 08:00:00 - 17/06/2018 09:00:00","BZN|DK1","305.01","n/e"," ","254.94"
"17/06/2018 09:00:00 - 17/06/2018 10:00:00","BZN|DK1","225.33","n/e"," ","225.85"
"17/06/2018 10:00:00 - 17/06/2018 11:00:00","BZN|DK1","204.38","n/e"," ","288.57"
"17/06/2018 11:00:00 - 17/06/2018 12:00:00","BZN|DK1","257.83","n/e"," ","431.69"
"17/06/2018 12:00:00 - 17/06/2018 13:00:00","BZN|DK1","336.38","n/e"," ","527.70"
"17/06/2018 13:00:00 - 17/06/2018 14:00:00","BZN|DK1","369.04","n/e"," ","500.42"
"17/06/2018 14:00:00 - 17/06/2018 15:00:00","BZN|DK1","350.29","n/e"," ","154.18"
"17/06/2018 15:00:00 - 17/06/2018 16:00:00","BZN|DK1","334.21","n/e"," ","392.72"
"17/06/2018 16:00:00 - 17/06/2018 17:00:00","BZN|DK1","338.33","n/e"," ","531.94"
"17/06/2018 17:00:00 - 17/06/2018 18:00:00","BZN|DK1","348.46","n/e"," ","562.78"
"17/06/2018 18:00:00 - 17/06/2018 19:00:00","BZN|DK1","354.92","n/e"," ","576.47"
"17/06/2018 19:00:00 - 17/06/2018 20:00:00","BZN|DK1","339.33","n/e"," ","546.12"
"17/06/2018 20:00:00 - 17/06/2018 21:00:00","BZN|DK1","314.88","n/e"," ","429.25"
"17/06/2018 21:00:00 - 17/06/2018 22:00:00","BZN|DK1","300.42","n/e"," ","416.91"
"17/06/2018 22:00:00 - 17/06/2018 23:00:00","BZN|DK1","295.88","n/e"," ","438.80"
"17/06/2018 23:00:00 - 18/06/2018 00:00:00","BZN|DK1","296.42","n/e"," ","417.59"
"18/06/2018 00:00:00 - 18/06/2018 01:00:00","BZN|DK1","423.12","n/e"," ","442.77"
"18/06/2018 01:00:00 - 18/06/2018 02:00:00","BZN|DK1","399.62","n/e"," ","412.78"
"18/06/2018 02:00:00 - 18/06/2018 03:00:00","BZN|DK1","346.31","n/e"," ","351.81"
"18/06/2018 03:00:00 - 18/06/2018 04:00:00","BZN|DK1","324.83","n/e"," ","337.40"
"18/06/2018 04:00:00 - 18/06/2018 05:00:00","BZN|DK1","325.26","n/e"," ","338.87"
"18/06/2018 05:00:00 - 18/06/2018 06:00:00","BZN|DK1","289.11","n/e"," ","298.45"
"18/06/2018 06:00:00 - 18/06/2018 07:00:00","BZN|DK1","353.02","n/e"," ","369.82"
"18/06/2018 07:00:00 - 18/06/2018 08:00:00","BZN|DK1","390.60","n/e"," ","411.31"
"18/06/2018 08:00:00 - 18/06/2018 09:00:00","BZN|DK1","416.54","n/e"," ","406.30"
"18/06/2018 09:00:00 - 18/06/2018 10:00:00","BZN|DK1","456.08","n/e"," ","406.86"
"18/06/2018 10:00:00 - 18/06/2018 11:00:00","BZN|DK1","500.75","n/e"," ","527.84"
"18/06/2018 11:00:00 - 18/06/2018 12:00:00","BZN|DK1","561.04","n/e"," ","575.68"
"18/06/2018 12:00:00 - 18/06/2018 13:00:00","BZN|DK1","598.42","n/e"," ","666.83"
"18/06/2018 13:00:00 - 18/06/2018 14:00:00","BZN|DK1","604.08","n/e"," ","657.55"
"18/06/2018 14:00:00 - 18/06/2018 15:00:00","BZN|DK1","587.25","n/e"," ","599.69"
"18/06/2018 15:00:00 - 18/06/2018 16:00:00","BZN|DK1","563.50","n/e"," ","588.52"
"18/06/2018 16:00:00 - 18/06/2018 17:00:00","BZN|DK1","549.13","n/e"," ","549.32"
"18/06/2018 17:00:00 - 18/06/2018 18:00:00","BZN|DK1","528.83","n/e"," ","542.05"
"18/06/2018 18:00:00 - 18/06/2018 19:00:00","BZN|DK1","504.88","n/e"," ","563.91"
"18/06/2018 19:00:00 - 18/06/2018 20:00:00","BZN|DK1","479.50","n/e"," ","519.22"
"18/06/2018 20:00:00 - 18/06/2018 21:00:00","BZN|DK1","473.38","n/e"," ","398.62"
"18/06/2018 21:00:00 - 18/06/2018 22:00:00","BZN|DK1","473.54","n/e"," ","375.51"
"18/06/2018 22:00:00 - 18/06/2018 23:00:00","BZN|DK1","487.96","n/e"," ","409.99"
"18/06/2018 23:00:00 - 19/06/2018 00:00:00","BZN|DK1","522.04","n/e"," ","512.65"
"19/06/2018 00:00:00 - 19/06/2018 01:00:00","BZN|DK1","517.41","n/e"," ","548.85"
"19/06/2018 01:00:00 - 19/06/2018 02:00:00","BZN|DK1","537.30","n/e"," ","570.90"
"19/06/2018 02:00:00 - 19/06/2018 03:00:00","BZN|DK1","530.94","n/e"," ","569.65"
"19/06/2018 03:00:00 - 19/06/2018 04:00:00","BZN|DK1","508.78","n/e"," ","547.93"
"19/06/2018 04:00:00 - 19/06/2018 05:00:00","BZN|DK1","521.75","n/e"," ","554.42"
"19/06/2018 05:00:00 - 19/06/2018 06:00:00","BZN|DK1","512.56","n/e"," ","543.45"
"19/06/2018 06:00:00 - 19/06/2018 07:00:00","BZN|DK1","575.52","n/e"," ","618.08"
"19/06/2018 07:00:00 - 19/06/2018 08:00:00","BZN|DK1","613.30","n/e"," ","638.69"
"19/06/2018 08:00:00 - 19/06/2018 09:00:00","BZN|DK1","653.58","n/e"," ","616.60"
"19/06/2018 09:00:00 - 19/06/2018 10:00:00","BZN|DK1","646.21","n/e"," ","620.34"
"19/06/2018 10:00:00 - 19/06/2018 11:00:00","BZN|DK1","630.92","n/e"," ","625.44"
"19/06/2018 11:00:00 - 19/06/2018 12:00:00","BZN|DK1","610.38","n/e"," ","567.93"
"19/06/2018 12:00:00 - 19/06/2018 13:00:00","BZN|DK1","585.63","n/e"," ","566.02"
"19/06/2018 13:00:00 - 19/06/2018 14:00:00","BZN|DK1","569.50","n/e"," ","577.35"
"19/06/2018 14:00:00 - 19/06/2018 15:00:00","BZN|DK1","565.88","n/e"," ","553.08"
"19/06/2018 15:00:00 - 19/06/2018 16:00:00","BZN|DK1","564.29","n/e"," ","502.52"
"19/06/2018 16:00:00 - 19/06/2018 17:00:00","BZN|DK1","562.46","n/e"," ","465.08"
"19/06/2018 17:00:00 - 19/06/2018 18:00:00","BZN|DK1","554.21","n/e"," ","488.72"
"19/06/2018 18:00:00 - 19/06/2018 19:00:00","BZN|DK1","534.42","n/e"," ","540.31"
"19/06/2018 19:00:00 - 19/06/2018 20:00:00","BZN|DK1","509.21","n/e"," ","519.11"
"19/06/2018 20:00:00 - 19/06/2018 21:00:00","BZN|DK1","481.46","n/e"," ","529.71"
"19/06/2018 21:00:00 - 19/06/2018 22:00:00","BZN|DK1","459.88","n/e"," ","507.49"
"19/06/2018 22:00:00 - 19/06/2018 23:00:00","BZN|DK1","441.67","n/e"," ","489.31"
"19/06/2018 23:00:00 - 20/06/2018 00:00:00","BZN|DK1","424.75","n/e"," ","467.01"
"20/06/2018 00:00:00 - 20/06/2018 01:00:00","BZN|DK1","433.09","n/e"," ","459.24"
"20/06/2018 01:00:00 - 20/06/2018 02:00:00","BZN|DK1","385.48","n/e"," ","411.30"
"20/06/2018 02:00:00 - 20/06/2018 03:00:00","BZN|DK1","356.98","n/e"," ","378.27"
"20/06/2018 03:00:00 - 20/06/2018 04:00:00","BZN|DK1","306.20","n/e"," ","311.10"
"20/06/2018 04:00:00 - 20/06/2018 05:00:00","BZN|DK1","219.95","n/e"," ","225.31"
"20/06/2018 05:00:00 - 20/06/2018 06:00:00","BZN|DK1","205.94","n/e"," ","209.35"
"20/06/2018 06:00:00 - 20/06/2018 07:00:00","BZN|DK1","266.06","n/e"," ","281.86"
"20/06/2018 07:00:00 - 20/06/2018 08:00:00","BZN|DK1","374.59","n/e"," ","388.05"
"20/06/2018 08:00:00 - 20/06/2018 09:00:00","BZN|DK1","437.53","n/e"," ","425.50"
"20/06/2018 09:00:00 - 20/06/2018 10:00:00","BZN|DK1","531.54","n/e"," ","479.31"
"20/06/2018 10:00:00 - 20/06/2018 11:00:00","BZN|DK1","614.58","n/e"," ","694.81"
"20/06/2018 11:00:00 - 20/06/2018 12:00:00","BZN|DK1","699.08","n/e"," ","784.38"
"20/06/2018 12:00:00 - 20/06/2018 13:00:00","BZN|DK1","729.21","n/e"," ","793.58"
"20/06/2018 13:00:00 - 20/06/2018 14:00:00","BZN|DK1","739.17","n/e"," ","803.98"
"20/06/2018 14:00:00 - 20/06/2018 15:00:00","BZN|DK1","744.63","n/e"," ","804.16"
"20/06/2018 15:00:00 - 20/06/2018 16:00:00","BZN|DK1","745.58","n/e"," ","800.34"
"20/06/2018 16:00:00 - 20/06/2018 17:00:00","BZN|DK1","749.92","n/e"," ","801.57"
"20/06/2018 17:00:00 - 20/06/2018 18:00:00","BZN|DK1","746.42","n/e"," ","791.11"
"20/06/2018 18:00:00 - 20/06/2018 19:00:00","BZN|DK1","741.21","n/e"," ","694.68"
"20/06/2018 19:00:00 - 20/06/2018 20:00:00","BZN|DK1","734.71","n/e"," ","663.34"
"20/06/2018 20:00:00 - 20/06/2018 21:00:00","BZN|DK1","717.04","n/e"," ","777.93"
"20/06/2018 21:00:00 - 20/06/2018 22:00:00","BZN|DK1","690.04","n/e"," ","775.89"
"20/06/2018 22:00:00 - 20/06/2018 23:00:00","BZN|DK1","648.79","n/e"," ","760.21"
"20/06/2018 23:00:00 - 21/06/2018 00:00:00","BZN|DK1","606.29","n/e"," ","743.85"
"21/06/2018 00:00:00 - 21/06/2018 01:00:00","BZN|DK1","575.84","n/e"," ","610.21"
"21/06/2018 01:00:00 - 21/06/2018 02:00:00","BZN|DK1","585.00","n/e"," ","618.76"
"21/06/2018 02:00:00 - 21/06/2018 03:00:00","BZN|DK1","598.43","n/e"," ","642.75"
"21/06/2018 03:00:00 - 21/06/2018 04:00:00","BZN|DK1","546.31","n/e"," ","583.00"
"21/06/2018 04:00:00 - 21/06/2018 05:00:00","BZN|DK1","504.40","n/e"," ","544.68"
"21/06/2018 05:00:00 - 21/06/2018 06:00:00","BZN|DK1","518.36","n/e"," ","553.99"
"21/06/2018 06:00:00 - 21/06/2018 07:00:00","BZN|DK1","517.07","n/e"," ","549.21"
"21/06/2018 07:00:00 - 21/06/2018 08:00:00","BZN|DK1","535.35","n/e"," ","573.36"
"21/06/2018 08:00:00 - 21/06/2018 09:00:00","BZN|DK1","561.91","n/e"," ","625.55"
"21/06/2018 09:00:00 - 21/06/2018 10:00:00","BZN|DK1","576.17","n/e"," ","698.25"
"21/06/2018 10:00:00 - 21/06/2018 11:00:00","BZN|DK1","580.71","n/e"," ","758.89"
"21/06/2018 11:00:00 - 21/06/2018 12:00:00","BZN|DK1","627.38","n/e"," ","762.58"
"21/06/2018 12:00:00 - 21/06/2018 13:00:00","BZN|DK1","677.71","n/e"," ","757.58"
"21/06/2018 13:00:00 - 21/06/2018 14:00:00","BZN|DK1","712.00","n/e"," ","778.63"
"21/06/2018 14:00:00 - 21/06/2018 15:00:00","BZN|DK1","731.88","n/e"," ","790.11"
"21/06/2018 15:00:00 - 21/06/2018 16:00:00","BZN|DK1","740.75","n/e"," ","683.93"
"21/06/2018 16:00:00 - 21/06/2018 17:00:00","BZN|DK1","744.17","n/e"," ","688.11"
"21/06/2018 17:00:00 - 21/06/2018 18:00:00","BZN|DK1","746.00","n/e"," ","693.13"
"21/06/2018 18:00:00 - 21/06/2018 19:00:00","BZN|DK1","745.96","n/e"," ","695.89"
"21/06/2018 19:00:00 - 21/06/2018 20:00:00","BZN|DK1","745.00","n/e"," ","708.24"
"21/06/2018 20:00:00 - 21/06/2018 21:00:00","BZN|DK1","744.96","n/e"," ","803.84"
"21/06/2018 21:00:00 - 21/06/2018 22:00:00","BZN|DK1","743.46","n/e"," ","798.73"
"21/06/2018 22:00:00 - 21/06/2018 23:00:00","BZN|DK1","740.79","n/e"," ","799.89"
"21/06/2018 23:00:00 - 22/06/2018 00:00:00","BZN|DK1","739.96","n/e"," ","794.34"
"22/06/2018 00:00:00 - 22/06/2018 01:00:00","BZN|DK1","649.50","n/e"," ","704.94"
"22/06/2018 01:00:00 - 22/06/2018 02:00:00","BZN|DK1","744.04","n/e"," ","797.44"
"22/06/2018 02:00:00 - 22/06/2018 03:00:00","BZN|DK1","743.06","n/e"," ","796.53"
"22/06/2018 03:00:00 - 22/06/2018 04:00:00","BZN|DK1","637.63","n/e"," ","691.12"
"22/06/2018 04:00:00 - 22/06/2018 05:00:00","BZN|DK1","445.09","n/e"," ","480.25"
"22/06/2018 05:00:00 - 22/06/2018 06:00:00","BZN|DK1","693.84","n/e"," ","736.11"
"22/06/2018 06:00:00 - 22/06/2018 07:00:00","BZN|DK1","672.96","n/e"," ","714.23"
"22/06/2018 07:00:00 - 22/06/2018 08:00:00","BZN|DK1","616.28","n/e"," ","651.60"
"22/06/2018 08:00:00 - 22/06/2018 09:00:00","BZN|DK1","557.49","n/e"," ","606.11"
"22/06/2018 09:00:00 - 22/06/2018 10:00:00","BZN|DK1","548.79","n/e"," ","557.83"
"22/06/2018 10:00:00 - 22/06/2018 11:00:00","BZN|DK1","587.50","n/e"," ","563.50"
"22/06/2018 11:00:00 - 22/06/2018 12:00:00","BZN|DK1","594.00","n/e"," ","506.64"
"22/06/2018 12:00:00 - 22/06/2018 13:00:00","BZN|DK1","594.21","n/e"," ","460.71"
"22/06/2018 13:00:00 - 22/06/2018 14:00:00","BZN|DK1","600.79","n/e"," ","459.80"
"22/06/2018 14:00:00 - 22/06/2018 15:00:00","BZN|DK1","599.71","n/e"," ","522.31"
"22/06/2018 15:00:00 - 22/06/2018 16:00:00","BZN|DK1","596.54","n/e"," ","621.98"
"22/06/2018 16:00:00 - 22/06/2018 17:00:00","BZN|DK1","607.17","n/e"," ","702.33"
"22/06/2018 17:00:00 - 22/06/2018 18:00:00","BZN|DK1","631.46","n/e"," ","589.86"
"22/06/2018 18:00:00 - 22/06/2018 19:00:00","BZN|DK1","682.58","n/e"," ","534.53"
"22/06/2018 19:00:00 - 22/06/2018 20:00:00","BZN|DK1","737.13","n/e"," ","767.65"
"22/06/2018 20:00:00 - 22/06/2018 21:00:00","BZN|DK1","763.88","n/e"," ","795.97"
"22/06/2018 21:00:00 - 22/06/2018 22:00:00","BZN|DK1","766.00","n/e"," ","796.80"
"22/06/2018 22:00:00 - 22/06/2018 23:00:00","BZN|DK1","766.00","n/e"," ","796.78"
"22/06/2018 23:00:00 - 23/06/2018 00:00:00","BZN|DK1","766.04","n/e"," ","797.72"
"23/06/2018 00:00:00 - 23/06/2018 01:00:00","BZN|DK1","741.73","n/e"," ","797.14"
"23/06/2018 01:00:00 - 23/06/2018 02:00:00","BZN|DK1","742.18","n/e"," ","796.64"
"23/06/2018 02:00:00 - 23/06/2018 03:00:00","BZN|DK1","739.79","n/e"," ","792.52"
"23/06/2018 03:00:00 - 23/06/2018 04:00:00","BZN|DK1","726.06","n/e"," ","776.74"
"23/06/2018 04:00:00 - 23/06/2018 05:00:00","BZN|DK1","640.38","n/e"," ","675.04"
"23/06/2018 05:00:00 - 23/06/2018 06:00:00","BZN|DK1","581.65","n/e"," ","636.86"
"23/06/2018 06:00:00 - 23/06/2018 07:00:00","BZN|DK1","609.29","n/e"," ","666.83"
"23/06/2018 07:00:00 - 23/06/2018 08:00:00","BZN|DK1","644.41","n/e"," ","702.04"
"23/06/2018 08:00:00 - 23/06/2018 09:00:00","BZN|DK1","623.38","n/e"," ","672.04"
"23/06/2018 09:00:00 - 23/06/2018 10:00:00","BZN|DK1","574.75","n/e"," ","583.28"
"23/06/2018 10:00:00 - 23/06/2018 11:00:00","BZN|DK1","548.38","n/e"," ","526.50"
"23/06/2018 11:00:00 - 23/06/2018 12:00:00","BZN|DK1","523.42","n/e"," ","519.06"
"23/06/2018 12:00:00 - 23/06/2018 13:00:00","BZN|DK1","503.04","n/e"," ","483.56"
"23/06/2018 13:00:00 - 23/06/2018 14:00:00","BZN|DK1","487.17","n/e"," ","471.65"
"23/06/2018 14:00:00 - 23/06/2018 15:00:00","BZN|DK1","473.92","n/e"," ","458.75"
"23/06/2018 15:00:00 - 23/06/2018 16:00:00","BZN|DK1","456.29","n/e"," ","441.46"
"23/06/2018 16:00:00 - 23/06/2018 17:00:00","BZN|DK1","455.88","n/e"," ","471.25"
"23/06/2018 17:00:00 - 23/06/2018 18:00:00","BZN|DK1","462.63","n/e"," ","460.85"
"23/06/2018 18:00:00 - 23/06/2018 19:00:00","BZN|DK1","480.17","n/e"," ","446.27"
"23/06/2018 19:00:00 - 23/06/2018 20:00:00","BZN|DK1","508.83","n/e"," ","460.69"
"23/06/2018 20:00:00 - 23/06/2018 21:00:00","BZN|DK1","534.63","n/e"," ","590.97"
"23/06/2018 21:00:00 - 23/06/2018 22:00:00","BZN|DK1","542.38","n/e"," ","668.53"
"23/06/2018 22:00:00 - 23/06/2018 23:00:00","BZN|DK1","543.17","n/e"," ","629.92"
"23/06/2018 23:00:00 - 24/06/2018 00:00:00","BZN|DK1","541.46","n/e"," ","565.01"
"24/06/2018 00:00:00 - 24/06/2018 01:00:00","BZN|DK1","506.73","n/e"," ","551.66"
"24/06/2018 01:00:00 - 24/06/2018 02:00:00","BZN|DK1","469.00","n/e"," ","512.50"
"24/06/2018 02:00:00 - 24/06/2018 03:00:00","BZN|DK1","436.21","n/e"," ","478.14"
"24/06/2018 03:00:00 - 24/06/2018 04:00:00","BZN|DK1","436.10","n/e"," ","472.69"
"24/06/2018 04:00:00 - 24/06/2018 05:00:00","BZN|DK1","386.95","n/e"," ","429.23"
"24/06/2018 05:00:00 - 24/06/2018 06:00:00","BZN|DK1","396.60","n/e"," ","429.35"
"24/06/2018 06:00:00 - 24/06/2018 07:00:00","BZN|DK1","363.17","n/e"," ","398.82"
"24/06/2018 07:00:00 - 24/06/2018 08:00:00","BZN|DK1","336.81","n/e"," ","357.96"
"24/06/2018 08:00:00 - 24/06/2018 09:00:00","BZN|DK1","273.24","n/e"," ","325.13"
"24/06/2018 09:00:00 - 24/06/2018 10:00:00","BZN|DK1","289.13","n/e"," ","327.40"
"24/06/2018 10:00:00 - 24/06/2018 11:00:00","BZN|DK1","307.83","n/e"," ","309.38"
"24/06/2018 11:00:00 - 24/06/2018 12:00:00","BZN|DK1","309.63","n/e"," ","294.07"
"24/06/2018 12:00:00 - 24/06/2018 13:00:00","BZN|DK1","313.58","n/e"," ","302.91"
"24/06/2018 13:00:00 - 24/06/2018 14:00:00","BZN|DK1","318.54","n/e"," ","306.75"
"24/06/2018 14:00:00 - 24/06/2018 15:00:00","BZN|DK1","323.63","n/e"," ","325.39"
"24/06/2018 15:00:00 - 24/06/2018 16:00:00","BZN|DK1","330.92","n/e"," ","336.22"
"24/06/2018 16:00:00 - 24/06/2018 17:00:00","BZN|DK1","338.17","n/e"," ","337.51"
"24/06/2018 17:00:00 - 24/06/2018 18:00:00","BZN|DK1","340.46","n/e"," ","335.46"
"24/06/2018 18:00:00 - 24/06/2018 19:00:00","BZN|DK1","342.50","n/e"," ","332.80"
"24/06/2018 19:00:00 - 24/06/2018 20:00:00","BZN|DK1","347.13","n/e"," ","369.44"
"24/06/2018 20:00:00 - 24/06/2018 21:00:00","BZN|DK1","351.58","n/e"," ","394.80"
"24/06/2018 21:00:00 - 24/06/2018 22:00:00","BZN|DK1","354.71","n/e"," ","355.87"
"24/06/2018 22:00:00 - 24/06/2018 23:00:00","BZN|DK1","358.33","n/e"," ","389.99"
"24/06/2018 23:00:00 - 25/06/2018 00:00:00","BZN|DK1","360.58","n/e"," ","389.85"
"25/06/2018 00:00:00 - 25/06/2018 01:00:00","BZN|DK1","376.22","n/e"," ","398.96"
"25/06/2018 01:00:00 - 25/06/2018 02:00:00","BZN|DK1","374.37","n/e"," ","394.77"
"25/06/2018 02:00:00 - 25/06/2018 03:00:00","BZN|DK1","373.48","n/e"," ","392.10"
"25/06/2018 03:00:00 - 25/06/2018 04:00:00","BZN|DK1","372.78","n/e"," ","390.56"
"25/06/2018 04:00:00 - 25/06/2018 05:00:00","BZN|DK1","366.79","n/e"," ","383.39"
"25/06/2018 05:00:00 - 25/06/2018 06:00:00","BZN|DK1","357.62","n/e"," ","371.33"
"25/06/2018 06:00:00 - 25/06/2018 07:00:00","BZN|DK1","331.16","n/e"," ","340.09"
"25/06/2018 07:00:00 - 25/06/2018 08:00:00","BZN|DK1","321.49","n/e"," ","335.48"
"25/06/2018 08:00:00 - 25/06/2018 09:00:00","BZN|DK1","322.84","n/e"," ","370.77"
"25/06/2018 09:00:00 - 25/06/2018 10:00:00","BZN|DK1","331.75","n/e"," ","370.44"
"25/06/2018 10:00:00 - 25/06/2018 11:00:00","BZN|DK1","330.42","n/e"," ","369.01"
"25/06/2018 11:00:00 - 25/06/2018 12:00:00","BZN|DK1","330.29","n/e"," ","353.25"
"25/06/2018 12:00:00 - 25/06/2018 13:00:00","BZN|DK1","330.33","n/e"," ","362.73"
"25/06/2018 13:00:00 - 25/06/2018 14:00:00","BZN|DK1","329.92","n/e"," ","353.20"
"25/06/2018 14:00:00 - 25/06/2018 15:00:00","BZN|DK1","329.50","n/e"," ","334.37"
"25/06/2018 15:00:00 - 25/06/2018 16:00:00","BZN|DK1","329.04","n/e"," ","357.23"
"25/06/2018 16:00:00 - 25/06/2018 17:00:00","BZN|DK1","329.88","n/e"," ","348.80"
"25/06/2018 17:00:00 - 25/06/2018 18:00:00","BZN|DK1","326.88","n/e"," ","337.87"
"25/06/2018 18:00:00 - 25/06/2018 19:00:00","BZN|DK1","323.29","n/e"," ","326.34"
"25/06/2018 19:00:00 - 25/06/2018 20:00:00","BZN|DK1","317.88","n/e"," ","338.18"
"25/06/2018 20:00:00 - 25/06/2018 21:00:00","BZN|DK1","310.88","n/e"," ","321.01"
"25/06/2018 21:00:00 - 25/06/2018 22:00:00","BZN|DK1","302.92","n/e"," ","314.88"
"25/06/2018 22:00:00 - 25/06/2018 23:00:00","BZN|DK1","295.42","n/e"," ","171.40"
"25/06/2018 23:00:00 - 26/06/2018 00:00:00","BZN|DK1","289.21","n/e"," ","346.69"
"26/06/2018 00:00:00 - 26/06/2018 01:00:00","BZN|DK1","345.61","n/e"," ","366.40"
"26/06/2018 01:00:00 - 26/06/2018 02:00:00","BZN|DK1","339.81","n/e"," ","349.15"
"26/06/2018 02:00:00 - 26/06/2018 03:00:00","BZN|DK1","293.49","n/e"," ","296.89"
"26/06/2018 03:00:00 - 26/06/2018 04:00:00","BZN|DK1","250.20","n/e"," ","255.21"
"26/06/2018 04:00:00 - 26/06/2018 05:00:00","BZN|DK1","229.95","n/e"," ","234.92"
"26/06/2018 05:00:00 - 26/06/2018 06:00:00","BZN|DK1","199.93","n/e"," ","204.15"
"26/06/2018 06:00:00 - 26/06/2018 07:00:00","BZN|DK1","171.32","n/e"," ","171.47"
"26/06/2018 07:00:00 - 26/06/2018 08:00:00","BZN|DK1","129.10","n/e"," ","127.51"
"26/06/2018 08:00:00 - 26/06/2018 09:00:00","BZN|DK1","90.45","n/e"," ","90.90"
"26/06/2018 09:00:00 - 26/06/2018 10:00:00","BZN|DK1","74.08","n/e"," ","78.65"
"26/06/2018 10:00:00 - 26/06/2018 11:00:00","BZN|DK1","63.92","n/e"," ","64.12"
"26/06/2018 11:00:00 - 26/06/2018 12:00:00","BZN|DK1","56.33","n/e"," ","45.57"
"26/06/2018 12:00:00 - 26/06/2018 13:00:00","BZN|DK1","52.54","n/e"," ","34.31"
"26/06/2018 13:00:00 - 26/06/2018 14:00:00","BZN|DK1","52.83","n/e"," ","42.63"
"26/06/2018 14:00:00 - 26/06/2018 15:00:00","BZN|DK1","55.33","n/e"," ","52.39"
"26/06/2018 15:00:00 - 26/06/2018 16:00:00","BZN|DK1","58.04","n/e"," ","71.16"
"26/06/2018 16:00:00 - 26/06/2018 17:00:00","BZN|DK1","58.63","n/e"," ","89.47"
"26/06/2018 17:00:00 - 26/06/2018 18:00:00","BZN|DK1","57.13","n/e"," ","74.95"
"26/06/2018 18:00:00 - 26/06/2018 19:00:00","BZN|DK1","55.79","n/e"," ","80.60"
"26/06/2018 19:00:00 - 26/06/2018 20:00:00","BZN|DK1","52.75","n/e"," ","78.70"
"26/06/2018 20:00:00 - 26/06/2018 21:00:00","BZN|DK1","47.17","n/e"," ","70.94"
"26/06/2018 21:00:00 - 26/06/2018 22:00:00","BZN|DK1","40.58","n/e"," ","55.85"
"26/06/2018 22:00:00 - 26/06/2018 23:00:00","BZN|DK1","33.63","n/e"," ","53.97"
"26/06/2018 23:00:00 - 27/06/2018 00:00:00","BZN|DK1","28.50","n/e"," ","40.15"
"27/06/2018 00:00:00 - 27/06/2018 01:00:00","BZN|DK1","59.20","n/e"," ","61.73"
"27/06/2018 01:00:00 - 27/06/2018 02:00:00","BZN|DK1","27.12","n/e"," ","26.75"
"27/06/2018 02:00:00 - 27/06/2018 03:00:00","BZN|DK1","6.09","n/e"," ","9.15"
"27/06/2018 03:00:00 - 27/06/2018 04:00:00","BZN|DK1","11.56","n/e"," ","11.98"
"27/06/2018 04:00:00 - 27/06/2018 05:00:00","BZN|DK1","6.50","n/e"," ","6.78"
"27/06/2018 05:00:00 - 27/06/2018 06:00:00","BZN|DK1","2.35","n/e"," ","2.61"
"27/06/2018 06:00:00 - 27/06/2018 07:00:00","BZN|DK1","17.59","n/e"," ","19.01"
"27/06/2018 07:00:00 - 27/06/2018 08:00:00","BZN|DK1","23.22","n/e"," ","25.31"
"27/06/2018 08:00:00 - 27/06/2018 09:00:00","BZN|DK1","29.85","n/e"," ","32.63"
"27/06/2018 09:00:00 - 27/06/2018 10:00:00","BZN|DK1","30.63","n/e"," ","48.58"
"27/06/2018 10:00:00 - 27/06/2018 11:00:00","BZN|DK1","27.88","n/e"," ","38.97"
"27/06/2018 11:00:00 - 27/06/2018 12:00:00","BZN|DK1","23.58","n/e"," ","29.49"
"27/06/2018 12:00:00 - 27/06/2018 13:00:00","BZN|DK1","21.96","n/e"," ","24.16"
"27/06/2018 13:00:00 - 27/06/2018 14:00:00","BZN|DK1","20.29","n/e"," ","16.68"
"27/06/2018 14:00:00 - 27/06/2018 15:00:00","BZN|DK1","18.92","n/e"," ","9.31"
"27/06/2018 15:00:00 - 27/06/2018 16:00:00","BZN|DK1","13.79","n/e"," ","7.12"
"27/06/2018 16:00:00 - 27/06/2018 17:00:00","BZN|DK1","9.58","n/e"," ","7.22"
"27/06/2018 17:00:00 - 27/06/2018 18:00:00","BZN|DK1","9.00","n/e"," ","5.16"
"27/06/2018 18:00:00 - 27/06/2018 19:00:00","BZN|DK1","10.00","n/e"," ","13.87"
"27/06/2018 19:00:00 - 27/06/2018 20:00:00","BZN|DK1","12.46","n/e"," ","8.79"
"27/06/2018 20:00:00 - 27/06/2018 21:00:00","BZN|DK1","15.21","n/e"," ","11.22"
"27/06/2018 21:00:00 - 27/06/2018 22:00:00","BZN|DK1","20.17","n/e"," ","15.60"
"27/06/2018 22:00:00 - 27/06/2018 23:00:00","BZN|DK1","29.04","n/e"," ","30.04"
"27/06/2018 23:00:00 - 28/06/2018 00:00:00","BZN|DK1","34.58","n/e"," ","22.83"
"28/06/2018 00:00:00 - 28/06/2018 01:00:00","BZN|DK1","25.47","n/e"," ","25.35"
"28/06/2018 01:00:00 - 28/06/2018 02:00:00","BZN|DK1","27.66","n/e"," ","27.49"
"28/06/2018 02:00:00 - 28/06/2018 03:00:00","BZN|DK1","22.51","n/e"," ","22.52"
"28/06/2018 03:00:00 - 28/06/2018 04:00:00","BZN|DK1","29.64","n/e"," ","29.66"
"28/06/2018 04:00:00 - 28/06/2018 05:00:00","BZN|DK1","34.84","n/e"," ","34.89"
"28/06/2018 05:00:00 - 28/06/2018 06:00:00","BZN|DK1","32.90","n/e"," ","32.42"
"28/06/2018 06:00:00 - 28/06/2018 07:00:00","BZN|DK1","22.86","n/e"," ","21.73"
"28/06/2018 07:00:00 - 28/06/2018 08:00:00","BZN|DK1","8.24","n/e"," ","6.56"
"28/06/2018 08:00:00 - 28/06/2018 09:00:00","BZN|DK1","22.28","n/e"," ","2.32"
"28/06/2018 09:00:00 - 28/06/2018 10:00:00","BZN|DK1","32.83","n/e"," ","0.38"
"28/06/2018 10:00:00 - 28/06/2018 11:00:00","BZN|DK1","31.67","n/e"," ","0.46"
"28/06/2018 11:00:00 - 28/06/2018 12:00:00","BZN|DK1","24.42","n/e"," ","3.67"
"28/06/2018 12:00:00 - 28/06/2018 13:00:00","BZN|DK1","18.46","n/e"," ","13.53"
"28/06/2018 13:00:00 - 28/06/2018 14:00:00","BZN|DK1","17.17","n/e"," ","13.21"
"28/06/2018 14:00:00 - 28/06/2018 15:00:00","BZN|DK1","25.29","n/e"," ","13.63"
"28/06/2018 15:00:00 - 28/06/2018 16:00:00","BZN|DK1","44.29","n/e"," ","13.69"
"28/06/2018 16:00:00 - 28/06/2018 17:00:00","BZN|DK1","73.88","n/e"," ","5.53"
"28/06/2018 17:00:00 - 28/06/2018 18:00:00","BZN|DK1","113.38","n/e"," ","28.48"
"28/06/2018 18:00:00 - 28/06/2018 19:00:00","BZN|DK1","174.63","n/e"," ","58.03"
"28/06/2018 19:00:00 - 28/06/2018 20:00:00","BZN|DK1","265.00","n/e"," ","66.07"
"28/06/2018 20:00:00 - 28/06/2018 21:00:00","BZN|DK1","360.92","n/e"," ","128.43"
"28/06/2018 21:00:00 - 28/06/2018 22:00:00","BZN|DK1","434.50","n/e"," ","336.23"
"28/06/2018 22:00:00 - 28/06/2018 23:00:00","BZN|DK1","486.71","n/e"," ","348.79"
"28/06/2018 23:00:00 - 29/06/2018 00:00:00","BZN|DK1","534.33","n/e"," ","356.41"
"29/06/2018 00:00:00 - 29/06/2018 01:00:00","BZN|DK1","389.32","n/e"," ","410.83"
"29/06/2018 01:00:00 - 29/06/2018 02:00:00","BZN|DK1","414.34","n/e"," ","446.50"
"29/06/2018 02:00:00 - 29/06/2018 03:00:00","BZN|DK1","384.29","n/e"," ","419.65"
"29/06/2018 03:00:00 - 29/06/2018 04:00:00","BZN|DK1","460.73","n/e"," ","492.64"
"29/06/2018 04:00:00 - 29/06/2018 05:00:00","BZN|DK1","519.58","n/e"," ","548.77"
"29/06/2018 05:00:00 - 29/06/2018 06:00:00","BZN|DK1","555.27","n/e"," ","577.55"
"29/06/2018 06:00:00 - 29/06/2018 07:00:00","BZN|DK1","587.69","n/e"," ","606.85"
"29/06/2018 07:00:00 - 29/06/2018 08:00:00","BZN|DK1","490.50","n/e"," ","519.66"
"29/06/2018 08:00:00 - 29/06/2018 09:00:00","BZN|DK1","423.44","n/e"," ","414.00"
"29/06/2018 09:00:00 - 29/06/2018 10:00:00","BZN|DK1","381.00","n/e"," ","349.56"
"29/06/2018 10:00:00 - 29/06/2018 11:00:00","BZN|DK1","352.08","n/e"," ","310.71"
"29/06/2018 11:00:00 - 29/06/2018 12:00:00","BZN|DK1","320.79","n/e"," ","330.72"
"29/06/2018 12:00:00 - 29/06/2018 13:00:00","BZN|DK1","329.79","n/e"," ","410.05"
"29/06/2018 13:00:00 - 29/06/2018 14:00:00","BZN|DK1","373.00","n/e"," ","454.44"
"29/06/2018 14:00:00 - 29/06/2018 15:00:00","BZN|DK1","431.96","n/e"," ","499.18"
"29/06/2018 15:00:00 - 29/06/2018 16:00:00","BZN|DK1","484.75","n/e"," ","519.95"
"29/06/2018 16:00:00 - 29/06/2018 17:00:00","BZN|DK1","538.92","n/e"," ","522.75"
"29/06/2018 17:00:00 - 29/06/2018 18:00:00","BZN|DK1","572.79","n/e"," ","516.89"
"29/06/2018 18:00:00 - 29/06/2018 19:00:00","BZN|DK1","601.63","n/e"," ","531.71"
"29/06/2018 19:00:00 - 29/06/2018 20:00:00","BZN|DK1","602.75","n/e"," ","533.25"
"29/06/2018 20:00:00 - 29/06/2018 21:00:00","BZN|DK1","566.79","n/e"," ","539.64"
"29/06/2018 21:00:00 - 29/06/2018 22:00:00","BZN|DK1","518.38","n/e"," ","567.32"
"29/06/2018 22:00:00 - 29/06/2018 23:00:00","BZN|DK1","462.63","n/e"," ","557.55"
"29/06/2018 23:00:00 - 30/06/2018 00:00:00","BZN|DK1","391.92","n/e"," ","388.56"
"30/06/2018 00:00:00 - 30/06/2018 01:00:00","BZN|DK1","285.02","n/e"," ","299.67"
"30/06/2018 01:00:00 - 30/06/2018 02:00:00","BZN|DK1","203.26","n/e"," ","205.61"
"30/06/2018 02:00:00 - 30/06/2018 03:00:00","BZN|DK1","182.47","n/e"," ","189.70"
"30/06/2018 03:00:00 - 30/06/2018 04:00:00","BZN|DK1","126.81","n/e"," ","124.02"
"30/06/2018 04:00:00 - 30/06/2018 05:00:00","BZN|DK1","59.44","n/e"," ","60.73"
"30/06/2018 05:00:00 - 30/06/2018 06:00:00","BZN|DK1","34.73","n/e"," ","41.16"
"30/06/2018 06:00:00 - 30/06/2018 07:00:00","BZN|DK1","52.22","n/e"," ","56.36"
"30/06/2018 07:00:00 - 30/06/2018 08:00:00","BZN|DK1","61.76","n/e"," ","61.92"
"30/06/2018 08:00:00 - 30/06/2018 09:00:00","BZN|DK1","56.66","n/e"," ","47.43"
"30/06/2018 09:00:00 - 30/06/2018 10:00:00","BZN|DK1","38.46","n/e"," ","16.24"
"30/06/2018 10:00:00 - 30/06/2018 11:00:00","BZN|DK1","15.54","n/e"," ","1.28"
"30/06/2018 11:00:00 - 30/06/2018 12:00:00","BZN|DK1","18.63","n/e"," ","3.38"
"30/06/2018 12:00:00 - 30/06/2018 13:00:00","BZN|DK1","25.67","n/e"," ","22.57"
"30/06/2018 13:00:00 - 30/06/2018 14:00:00","BZN|DK1","44.21","n/e"," ","84.71"
"30/06/2018 14:00:00 - 30/06/2018 15:00:00","BZN|DK1","73.83","n/e"," ","161.90"
"30/06/2018 15:00:00 - 30/06/2018 16:00:00","BZN|DK1","117.25","n/e"," ","180.64"
"30/06/2018 16:00:00 - 30/06/2018 17:00:00","BZN|DK1","155.38","n/e"," ","194.54"
"30/06/2018 17:00:00 - 30/06/2018 18:00:00","BZN|DK1","186.08","n/e"," ","240.42"
"30/06/2018 18:00:00 - 30/06/2018 19:00:00","BZN|DK1","219.88","n/e"," ","245.25"
"30/06/2018 19:00:00 - 30/06/2018 20:00:00","BZN|DK1","254.79","n/e"," ","255.53"
"30/06/2018 20:00:00 - 30/06/2018 21:00:00","BZN|DK1","277.71","n/e"," ","302.13"
"30/06/2018 21:00:00 - 30/06/2018 22:00:00","BZN|DK1","292.00","n/e"," ","311.68"
"30/06/2018 22:00:00 - 30/06/2018 23:00:00","BZN|DK1","285.50","n/e"," ","274.14"
"30/06/2018 23:00:00 - 01/07/2018 00:00:00","BZN|DK1","247.33","n/e"," ","259.39"
"01/07/2018 00:00:00 - 01/07/2018 01:00:00","BZN|DK1","355.64","n/e"," ","361.02"
"01/07/2018 01:00:00 - 01/07/2018 02:00:00","BZN|DK1","156.09","n/e"," ","157.79"
"01/07/2018 02:00:00 - 01/07/2018 03:00:00","BZN|DK1","196.59","n/e"," ","207.03"
"01/07/2018 03:00:00 - 01/07/2018 04:00:00","BZN|DK1","182.85","n/e"," ","187.42"
"01/07/2018 04:00:00 - 01/07/2018 05:00:00","BZN|DK1","139.56","n/e"," ","150.26"
"01/07/2018 05:00:00 - 01/07/2018 06:00:00","BZN|DK1","117.93","n/e"," ","133.21"
"01/07/2018 06:00:00 - 01/07/2018 07:00:00","BZN|DK1","80.11","n/e"," ","97.26"
"01/07/2018 07:00:00 - 01/07/2018 08:00:00","BZN|DK1","38.07","n/e"," ","49.71"
"01/07/2018 08:00:00 - 01/07/2018 09:00:00","BZN|DK1","48.25","n/e"," ","17.34"
"01/07/2018 09:00:00 - 01/07/2018 10:00:00","BZN|DK1","42.58","n/e"," ","10.45"
"01/07/2018 10:00:00 - 01/07/2018 11:00:00","BZN|DK1","34.33","n/e"," ","9.83"
"01/07/2018 11:00:00 - 01/07/2018 12:00:00","BZN|DK1","28.21","n/e"," ","4.54"
"01/07/2018 12:00:00 - 01/07/2018 13:00:00","BZN|DK1","25.92","n/e"," ","2.49"
"01/07/2018 13:00:00 - 01/07/2018 14:00:00","BZN|DK1","32.67","n/e"," ","2.16"
"01/07/2018 14:00:00 - 01/07/2018 15:00:00","BZN|DK1","38.54","n/e"," ","24.29"
"01/07/2018 15:00:00 - 01/07/2018 16:00:00","BZN|DK1","44.88","n/e"," ","64.62"
"01/07/2018 16:00:00 - 01/07/2018 17:00:00","BZN|DK1","51.42","n/e"," ","89.20"
"01/07/2018 17:00:00 - 01/07/2018 18:00:00","BZN|DK1","55.88","n/e"," ","134.74"
"01/07/2018 18:00:00 - 01/07/2018 19:00:00","BZN|DK1","63.75","n/e"," ","158.95"
"01/07/2018 19:00:00 - 01/07/2018 20:00:00","BZN|DK1","73.21","n/e"," ","208.22"
"01/07/2018 20:00:00 - 01/07/2018 21:00:00","BZN|DK1","86.21","n/e"," ","215.38"
"01/07/2018 21:00:00 - 01/07/2018 22:00:00","BZN|DK1","99.21","n/e"," ","262.08"
"01/07/2018 22:00:00 - 01/07/2018 23:00:00","BZN|DK1","102.92","n/e"," ","309.18"
"01/07/2018 23:00:00 - 02/07/2018 00:00:00","BZN|DK1","97.96","n/e"," ","305.01"
"02/07/2018 00:00:00 - 02/07/2018 01:00:00","BZN|DK1","231.98","n/e"," ","230.49"
"02/07/2018 01:00:00 - 02/07/2018 02:00:00","BZN|DK1","129.34","n/e"," ","127.03"
"02/07/2018 02:00:00 - 02/07/2018 03:00:00","BZN|DK1","104.54","n/e"," ","103.44"
"02/07/2018 03:00:00 - 02/07/2018 04:00:00","BZN|DK1","77.97","n/e"," ","77.33"
"02/07/2018 04:00:00 - 02/07/2018 05:00:00","BZN|DK1","26.28","n/e"," ","30.69"
"02/07/2018 05:00:00 - 02/07/2018 06:00:00","BZN|DK1","7.74","n/e"," ","13.89"
"02/07/2018 06:00:00 - 02/07/2018 07:00:00","BZN|DK1","13.65","n/e"," ","22.73"
"02/07/2018 07:00:00 - 02/07/2018 08:00:00","BZN|DK1","21.44","n/e"," ","27.64"
"02/07/2018 08:00:00 - 02/07/2018 09:00:00","BZN|DK1","22.10","n/e"," ","8.32"
"02/07/2018 09:00:00 - 02/07/2018 10:00:00","BZN|DK1","22.79","n/e"," ","14.86"
"02/07/2018 10:00:00 - 02/07/2018 11:00:00","BZN|DK1","22.46","n/e"," ","25.16"
"02/07/2018 11:00:00 - 02/07/2018 12:00:00","BZN|DK1","24.88","n/e"," ","40.89"
"02/07/2018 12:00:00 - 02/07/2018 13:00:00","BZN|DK1","31.92","n/e"," ","81.21"
"02/07/2018 13:00:00 - 02/07/2018 14:00:00","BZN|DK1","44.58","n/e"," ","85.64"
"02/07/2018 14:00:00 - 02/07/2018 15:00:00","BZN|DK1","58.17","n/e"," ","89.18"
"02/07/2018 15:00:00 - 02/07/2018 16:00:00","BZN|DK1","77.88","n/e"," ","99.30"
"02/07/2018 16:00:00 - 02/07/2018 17:00:00","BZN|DK1","101.17","n/e"," ","108.73"
"02/07/2018 17:00:00 - 02/07/2018 18:00:00","BZN|DK1","121.13","n/e"," ","113.72"
"02/07/2018 18:00:00 - 02/07/2018 19:00:00","BZN|DK1","131.58","n/e"," ","103.95"
"02/07/2018 19:00:00 - 02/07/2018 20:00:00","BZN|DK1","144.29","n/e"," ","116.21"
"02/07/2018 20:00:00 - 02/07/2018 21:00:00","BZN|DK1","159.38","n/e"," ","174.47"
"02/07/2018 21:00:00 - 02/07/2018 22:00:00","BZN|DK1","186.17","n/e"," ","279.63"
"02/07/2018 22:00:00 - 02/07/2018 23:00:00","BZN|DK1","213.67","n/e"," ","310.18"
"02/07/2018 23:00:00 - 03/07/2018 00:00:00","BZN|DK1","224.92","n/e"," ","332.29"
"03/07/2018 00:00:00 - 03/07/2018 01:00:00","BZN|DK1","320.70","n/e"," ","328.10"
"03/07/2018 01:00:00 - 03/07/2018 02:00:00","BZN|DK1","288.33","n/e"," ","311.54"
"03/07/2018 02:00:00 - 03/07/2018 03:00:00","BZN|DK1","296.96","n/e"," ","318.20"
"03/07/2018 03:00:00 - 03/07/2018 04:00:00","BZN|DK1","262.15","n/e"," ","277.28"
"03/07/2018 04:00:00 - 03/07/2018 05:00:00","BZN|DK1","210.53","n/e"," ","217.92"
"03/07/2018 05:00:00 - 03/07/2018 06:00:00","BZN|DK1","164.06","n/e"," ","174.57"
"03/07/2018 06:00:00 - 03/07/2018 07:00:00","BZN|DK1","185.25","n/e"," ","201.95"
"03/07/2018 07:00:00 - 03/07/2018 08:00:00","BZN|DK1","212.81","n/e"," ","222.87"
"03/07/2018 08:00:00 - 03/07/2018 09:00:00","BZN|DK1","119.31","n/e"," ","170.67"
"03/07/2018 09:00:00 - 03/07/2018 10:00:00","BZN|DK1","143.42","n/e"," ","146.49"
"03/07/2018 10:00:00 - 03/07/2018 11:00:00","BZN|DK1","122.17","n/e"," ","120.92"
"03/07/2018 11:00:00 - 03/07/2018 12:00:00","BZN|DK1","111.33","n/e"," ","112.31"
"03/07/2018 12:00:00 - 03/07/2018 13:00:00","BZN|DK1","107.33","n/e"," ","92.88"
"03/07/2018 13:00:00 - 03/07/2018 14:00:00","BZN|DK1","109.25","n/e"," ","85.73"
"03/07/2018 14:00:00 - 03/07/2018 15:00:00","BZN|DK1","116.21","n/e"," ","94.16"
"03/07/2018 15:00:00 - 03/07/2018 16:00:00","BZN|DK1","123.33","n/e"," ","96.21"
"03/07/2018 16:00:00 - 03/07/2018 17:00:00","BZN|DK1","127.92","n/e"," ","104.68"
"03/07/2018 17:00:00 - 03/07/2018 18:00:00","BZN|DK1","127.00","n/e"," ","109.18"
"03/07/2018 18:00:00 - 03/07/2018 19:00:00","BZN|DK1","127.29","n/e"," ","119.73"
"03/07/2018 19:00:00 - 03/07/2018 20:00:00","BZN|DK1","118.50","n/e"," ","116.38"
"03/07/2018 20:00:00 - 03/07/2018 21:00:00","BZN|DK1","108.17","n/e"," ","104.29"
"03/07/2018 21:00:00 - 03/07/2018 22:00:00","BZN|DK1","103.29","n/e"," ","84.95"
"03/07/2018 22:00:00 - 03/07/2018 23:00:00","BZN|DK1","104.54","n/e"," ","102.68"
"03/07/2018 23:00:00 - 04/07/2018 00:00:00","BZN|DK1","110.04","n/e"," ","140.67"
"04/07/2018 00:00:00 - 04/07/2018 01:00:00","BZN|DK1","141.68","n/e"," ","150.38"
"04/07/2018 01:00:00 - 04/07/2018 02:00:00","BZN|DK1","149.67","n/e"," ","155.72"
"04/07/2018 02:00:00 - 04/07/2018 03:00:00","BZN|DK1","143.79","n/e"," ","147.77"
"04/07/2018 03:00:00 - 04/07/2018 04:00:00","BZN|DK1","122.85","n/e"," ","124.74"
"04/07/2018 04:00:00 - 04/07/2018 05:00:00","BZN|DK1","78.58","n/e"," ","80.41"
"04/07/2018 05:00:00 - 04/07/2018 06:00:00","BZN|DK1","45.63","n/e"," ","45.97"
"04/07/2018 06:00:00 - 04/07/2018 07:00:00","BZN|DK1","28.78","n/e"," ","30.46"
"04/07/2018 07:00:00 - 04/07/2018 08:00:00","BZN|DK1","25.26","n/e"," ","28.97"
"04/07/2018 08:00:00 - 04/07/2018 09:00:00","BZN|DK1","36.29","n/e"," ","24.39"
"04/07/2018 09:00:00 - 04/07/2018 10:00:00","BZN|DK1","32.67","n/e"," ","15.28"
"04/07/2018 10:00:00 - 04/07/2018 11:00:00","BZN|DK1","31.92","n/e"," ","20.19"
"04/07/2018 11:00:00 - 04/07/2018 12:00:00","BZN|DK1","37.88","n/e"," ","17.24"
"04/07/2018 12:00:00 - 04/07/2018 13:00:00","BZN|DK1","49.42","n/e"," ","24.53"
"04/07/2018 13:00:00 - 04/07/2018 14:00:00","BZN|DK1","62.33","n/e"," ","42.39"
"04/07/2018 14:00:00 - 04/07/2018 15:00:00","BZN|DK1","80.50","n/e"," ","70.18"
"04/07/2018 15:00:00 - 04/07/2018 16:00:00","BZN|DK1","93.75","n/e"," ","92.49"
"04/07/2018 16:00:00 - 04/07/2018 17:00:00","BZN|DK1","105.04","n/e"," ","118.15"
"04/07/2018 17:00:00 - 04/07/2018 18:00:00","BZN|DK1","113.50","n/e"," ","113.38"
"04/07/2018 18:00:00 - 04/07/2018 19:00:00","BZN|DK1","119.54","n/e"," ","139.73"
"04/07/2018 19:00:00 - 04/07/2018 20:00:00","BZN|DK1","122.96","n/e"," ","179.88"
"04/07/2018 20:00:00 - 04/07/2018 21:00:00","BZN|DK1","137.67","n/e"," ","166.67"
"04/07/2018 21:00:00 - 04/07/2018 22:00:00","BZN|DK1","167.71","n/e"," ","208.41"
"04/07/2018 22:00:00 - 04/07/2018 23:00:00","BZN|DK1","199.08","n/e"," ","405.90"
"04/07/2018 23:00:00 - 05/07/2018 00:00:00","BZN|DK1","207.83","n/e"," ","413.64"
"05/07/2018 00:00:00 - 05/07/2018 01:00:00","BZN|DK1","323.12","n/e"," ","329.78"
"05/07/2018 01:00:00 - 05/07/2018 02:00:00","BZN|DK1","218.33","n/e"," ","226.72"
"05/07/2018 02:00:00 - 05/07/2018 03:00:00","BZN|DK1","173.55","n/e"," ","185.24"
"05/07/2018 03:00:00 - 05/07/2018 04:00:00","BZN|DK1","146.86","n/e"," ","158.68"
"05/07/2018 04:00:00 - 05/07/2018 05:00:00","BZN|DK1","174.37","n/e"," ","185.82"
"05/07/2018 05:00:00 - 05/07/2018 06:00:00","BZN|DK1","179.98","n/e"," ","186.77"
"05/07/2018 06:00:00 - 05/07/2018 07:00:00","BZN|DK1","196.14","n/e"," ","212.95"
"05/07/2018 07:00:00 - 05/07/2018 08:00:00","BZN|DK1","178.29","n/e"," ","182.27"
"05/07/2018 08:00:00 - 05/07/2018 09:00:00","BZN|DK1","178.26","n/e"," ","145.02"
"05/07/2018 09:00:00 - 05/07/2018 10:00:00","BZN|DK1","138.67","n/e"," ","133.48"
"05/07/2018 10:00:00 - 05/07/2018 11:00:00","BZN|DK1","124.46","n/e"," ","112.07"
"05/07/2018 11:00:00 - 05/07/2018 12:00:00","BZN|DK1","118.17","n/e"," ","77.35"
"05/07/2018 12:00:00 - 05/07/2018 13:00:00","BZN|DK1","118.71","n/e"," ","103.62"
"05/07/2018 13:00:00 - 05/07/2018 14:00:00","BZN|DK1","125.79","n/e"," ","175.90"
"05/07/2018 14:00:00 - 05/07/2018 15:00:00","BZN|DK1","142.71","n/e"," ","203.53"
"05/07/2018 15:00:00 - 05/07/2018 16:00:00","BZN|DK1","177.17","n/e"," ","188.82"
"05/07/2018 16:00:00 - 05/07/2018 17:00:00","BZN|DK1","228.42","n/e"," ","194.84"
"05/07/2018 17:00:00 - 05/07/2018 18:00:00","BZN|DK1","291.13","n/e"," ","279.47"
"05/07/2018 18:00:00 - 05/07/2018 19:00:00","BZN|DK1","353.21","n/e"," ","287.42"
"05/07/2018 19:00:00 - 05/07/2018 20:00:00","BZN|DK1","409.67","n/e"," ","392.92"
"05/07/2018 20:00:00 - 05/07/2018 21:00:00","BZN|DK1","436.54","n/e"," ","405.22"
"05/07/2018 21:00:00 - 05/07/2018 22:00:00","BZN|DK1","440.33","n/e"," ","480.00"
"05/07/2018 22:00:00 - 05/07/2018 23:00:00","BZN|DK1","428.96","n/e"," ","438.80"
"05/07/2018 23:00:00 - 06/07/2018 00:00:00","BZN|DK1","414.83","n/e"," ","460.02"
"06/07/2018 00:00:00 - 06/07/2018 01:00:00","BZN|DK1","424.43","n/e"," ","453.57"
"06/07/2018 01:00:00 - 06/07/2018 02:00:00","BZN|DK1","432.11","n/e"," ","468.56"
"06/07/2018 02:00:00 - 06/07/2018 03:00:00","BZN|DK1","420.13","n/e"," ","454.85"
"06/07/2018 03:00:00 - 06/07/2018 04:00:00","BZN|DK1","402.43","n/e"," ","439.71"
"06/07/2018 04:00:00 - 06/07/2018 05:00:00","BZN|DK1","420.62","n/e"," ","456.33"
"06/07/2018 05:00:00 - 06/07/2018 06:00:00","BZN|DK1","431.28","n/e"," ","470.40"
"06/07/2018 06:00:00 - 06/07/2018 07:00:00","BZN|DK1","473.20","n/e"," ","527.96"
"06/07/2018 07:00:00 - 06/07/2018 08:00:00","BZN|DK1","360.39","n/e"," ","409.12"
"06/07/2018 08:00:00 - 06/07/2018 09:00:00","BZN|DK1","323.91","n/e"," ","384.50"
"06/07/2018 09:00:00 - 06/07/2018 10:00:00","BZN|DK1","499.67","n/e"," ","408.30"
"06/07/2018 10:00:00 - 06/07/2018 11:00:00","BZN|DK1","462.67","n/e"," ","344.57"
"06/07/2018 11:00:00 - 06/07/2018 12:00:00","BZN|DK1","463.21","n/e"," ","373.37"
"06/07/2018 12:00:00 - 06/07/2018 13:00:00","BZN|DK1","453.50","n/e"," ","590.90"
"06/07/2018 13:00:00 - 06/07/2018 14:00:00","BZN|DK1","469.46","n/e"," ","560.32"
"06/07/2018 14:00:00 - 06/07/2018 15:00:00","BZN|DK1","494.50","n/e"," ","549.89"
"06/07/2018 15:00:00 - 06/07/2018 16:00:00","BZN|DK1","519.63","n/e"," ","530.60"
"06/07/2018 16:00:00 - 06/07/2018 17:00:00","BZN|DK1","558.21","n/e"," ","604.34"
"06/07/2018 17:00:00 - 06/07/2018 18:00:00","BZN|DK1","608.21","n/e"," ","691.87"
"06/07/2018 18:00:00 - 06/07/2018 19:00:00","BZN|DK1","651.75","n/e"," ","682.85"
"06/07/2018 19:00:00 - 06/07/2018 20:00:00","BZN|DK1","671.83","n/e"," ","744.28"
"06/07/2018 20:00:00 - 06/07/2018 21:00:00","BZN|DK1","683.63","n/e"," ","748.22"
"06/07/2018 21:00:00 - 06/07/2018 22:00:00","BZN|DK1","700.17","n/e"," ","672.82"
"06/07/2018 22:00:00 - 06/07/2018 23:00:00","BZN|DK1","711.00","n/e"," ","678.98"
"06/07/2018 23:00:00 - 07/07/2018 00:00:00","BZN|DK1","716.08","n/e"," ","671.76"
"07/07/2018 00:00:00 - 07/07/2018 01:00:00","BZN|DK1","631.32","n/e"," ","684.57"
"07/07/2018 01:00:00 - 07/07/2018 02:00:00","BZN|DK1","659.93","n/e"," ","708.97"
"07/07/2018 02:00:00 - 07/07/2018 03:00:00","BZN|DK1","695.84","n/e"," ","747.19"
"07/07/2018 03:00:00 - 07/07/2018 04:00:00","BZN|DK1","725.08","n/e"," ","779.71"
"07/07/2018 04:00:00 - 07/07/2018 05:00:00","BZN|DK1","735.42","n/e"," ","790.88"
"07/07/2018 05:00:00 - 07/07/2018 06:00:00","BZN|DK1","735.96","n/e"," ","791.20"
"07/07/2018 06:00:00 - 07/07/2018 07:00:00","BZN|DK1","735.08","n/e"," ","788.13"
"07/07/2018 07:00:00 - 07/07/2018 08:00:00","BZN|DK1","733.58","n/e"," ","789.46"
"07/07/2018 08:00:00 - 07/07/2018 09:00:00","BZN|DK1","721.67","n/e"," ","757.14"
"07/07/2018 09:00:00 - 07/07/2018 10:00:00","BZN|DK1","691.21","n/e"," ","664.52"
"07/07/2018 10:00:00 - 07/07/2018 11:00:00","BZN|DK1","648.54","n/e"," ","645.94"
"07/07/2018 11:00:00 - 07/07/2018 12:00:00","BZN|DK1","604.42","n/e"," ","563.93"
"07/07/2018 12:00:00 - 07/07/2018 13:00:00","BZN|DK1","562.63","n/e"," ","457.71"
"07/07/2018 13:00:00 - 07/07/2018 14:00:00","BZN|DK1","526.50","n/e"," ","397.30"
"07/07/2018 14:00:00 - 07/07/2018 15:00:00","BZN|DK1","522.29","n/e"," ","388.73"
"07/07/2018 15:00:00 - 07/07/2018 16:00:00","BZN|DK1","553.75","n/e"," ","433.02"
"07/07/2018 16:00:00 - 07/07/2018 17:00:00","BZN|DK1","608.17","n/e"," ","459.03"
"07/07/2018 17:00:00 - 07/07/2018 18:00:00","BZN|DK1","659.42","n/e"," ","534.44"
"07/07/2018 18:00:00 - 07/07/2018 19:00:00","BZN|DK1","687.88","n/e"," ","555.45"
"07/07/2018 19:00:00 - 07/07/2018 20:00:00","BZN|DK1","696.92","n/e"," ","526.99"
"07/07/2018 20:00:00 - 07/07/2018 21:00:00","BZN|DK1","687.83","n/e"," ","521.86"
"07/07/2018 21:00:00 - 07/07/2018 22:00:00","BZN|DK1","657.42","n/e"," ","587.44"
"07/07/2018 22:00:00 - 07/07/2018 23:00:00","BZN|DK1","603.54","n/e"," ","601.77"
"07/07/2018 23:00:00 - 08/07/2018 00:00:00","BZN|DK1","534.33","n/e"," ","653.01"
"08/07/2018 00:00:00 - 08/07/2018 01:00:00","BZN|DK1","586.81","n/e"," ","623.39"
"08/07/2018 01:00:00 - 08/07/2018 02:00:00","BZN|DK1","528.01","n/e"," ","551.25"
"08/07/2018 02:00:00 - 08/07/2018 03:00:00","BZN|DK1","452.30","n/e"," ","483.18"
"08/07/2018 03:00:00 - 08/07/2018 04:00:00","BZN|DK1","455.44","n/e"," ","488.00"
"08/07/2018 04:00:00 - 08/07/2018 05:00:00","BZN|DK1","416.52","n/e"," ","433.75"
"08/07/2018 05:00:00 - 08/07/2018 06:00:00","BZN|DK1","340.21","n/e"," ","363.20"
"08/07/2018 06:00:00 - 08/07/2018 07:00:00","BZN|DK1","273.28","n/e"," ","293.86"
"08/07/2018 07:00:00 - 08/07/2018 08:00:00","BZN|DK1","181.80","n/e"," ","200.04"
"08/07/2018 08:00:00 - 08/07/2018 09:00:00","BZN|DK1","162.13","n/e"," ","176.43"
"08/07/2018 09:00:00 - 08/07/2018 10:00:00","BZN|DK1","162.08","n/e"," ","153.98"
"08/07/2018 10:00:00 - 08/07/2018 11:00:00","BZN|DK1","149.42","n/e"," ","135.79"
"08/07/2018 11:00:00 - 08/07/2018 12:00:00","BZN|DK1","144.33","n/e"," ","113.25"
"08/07/2018 12:00:00 - 08/07/2018 13:00:00","BZN|DK1","144.42","n/e"," ","106.59"
"08/07/2018 13:00:00 - 08/07/2018 14:00:00","BZN|DK1","148.04","n/e"," ","108.22"
"08/07/2018 14:00:00 - 08/07/2018 15:00:00","BZN|DK1","152.75","n/e"," ","99.04"
"08/07/2018 15:00:00 - 08/07/2018 16:00:00","BZN|DK1","159.42","n/e"," ","122.68"
"08/07/2018 16:00:00 - 08/07/2018 17:00:00","BZN|DK1","165.96","n/e"," ","155.13"
"08/07/2018 17:00:00 - 08/07/2018 18:00:00","BZN|DK1","170.96","n/e"," ","166.65"
"08/07/2018 18:00:00 - 08/07/2018 19:00:00","BZN|DK1","192.00","n/e"," ","154.60"
"08/07/2018 19:00:00 - 08/07/2018 20:00:00","BZN|DK1","243.83","n/e"," ","312.49"
"08/07/2018 20:00:00 - 08/07/2018 21:00:00","BZN|DK1","331.54","n/e"," ","464.65"
"08/07/2018 21:00:00 - 08/07/2018 22:00:00","BZN|DK1","427.25","n/e"," ","509.40"
"08/07/2018 22:00:00 - 08/07/2018 23:00:00","BZN|DK1","502.08","n/e"," ","541.28"
"08/07/2018 23:00:00 - 09/07/2018 00:00:00","BZN|DK1","560.00","n/e"," ","532.50"
"09/07/2018 00:00:00 - 09/07/2018 01:00:00","BZN|DK1","560.95","n/e"," ","602.15"
"09/07/2018 01:00:00 - 09/07/2018 02:00:00","BZN|DK1","536.30","n/e"," ","565.98"
"09/07/2018 02:00:00 - 09/07/2018 03:00:00","BZN|DK1","579.30","n/e"," ","636.78"
"09/07/2018 03:00:00 - 09/07/2018 04:00:00","BZN|DK1","693.25","n/e"," ","738.42"
"09/07/2018 04:00:00 - 09/07/2018 05:00:00","BZN|DK1","721.32","n/e"," ","768.14"
"09/07/2018 05:00:00 - 09/07/2018 06:00:00","BZN|DK1","728.63","n/e"," ","774.46"
"09/07/2018 06:00:00 - 09/07/2018 07:00:00","BZN|DK1","730.20","n/e"," ","780.35"
"09/07/2018 07:00:00 - 09/07/2018 08:00:00","BZN|DK1","731.53","n/e"," ","782.83"
"09/07/2018 08:00:00 - 09/07/2018 09:00:00","BZN|DK1","679.99","n/e"," ","737.12"
"09/07/2018 09:00:00 - 09/07/2018 10:00:00","BZN|DK1","705.83","n/e"," ","773.87"
"09/07/2018 10:00:00 - 09/07/2018 11:00:00","BZN|DK1","689.25","n/e"," ","771.88"
"09/07/2018 11:00:00 - 09/07/2018 12:00:00","BZN|DK1","629.83","n/e"," ","734.68"
"09/07/2018 12:00:00 - 09/07/2018 13:00:00","BZN|DK1","554.63","n/e"," ","615.70"
"09/07/2018 13:00:00 - 09/07/2018 14:00:00","BZN|DK1","487.50","n/e"," ","548.52"
"09/07/2018 14:00:00 - 09/07/2018 15:00:00","BZN|DK1","441.25","n/e"," ","479.73"
"09/07/2018 15:00:00 - 09/07/2018 16:00:00","BZN|DK1","410.83","n/e"," ","418.90"
"09/07/2018 16:00:00 - 09/07/2018 17:00:00","BZN|DK1","394.58","n/e"," ","390.79"
"09/07/2018 17:00:00 - 09/07/2018 18:00:00","BZN|DK1","389.21","n/e"," ","382.14"
"09/07/2018 18:00:00 - 09/07/2018 19:00:00","BZN|DK1","390.25","n/e"," ","393.34"
"09/07/2018 19:00:00 - 09/07/2018 20:00:00","BZN|DK1","396.71","n/e"," ","384.64"
"09/07/2018 20:00:00 - 09/07/2018 21:00:00","BZN|DK1","405.58","n/e"," ","387.15"
"09/07/2018 21:00:00 - 09/07/2018 22:00:00","BZN|DK1","418.46","n/e"," ","412.86"
"09/07/2018 22:00:00 - 09/07/2018 23:00:00","BZN|DK1","436.00","n/e"," ","435.52"
"09/07/2018 23:00:00 - 10/07/2018 00:00:00","BZN|DK1","438.63","n/e"," ","433.41"
"10/07/2018 00:00:00 - 10/07/2018 01:00:00","BZN|DK1","379.69","n/e"," ","376.93"
"10/07/2018 01:00:00 - 10/07/2018 02:00:00","BZN|DK1","193.22","n/e"," ","179.61"
"10/07/2018 02:00:00 - 10/07/2018 03:00:00","BZN|DK1","104.61","n/e"," ","110.95"
"10/07/2018 03:00:00 - 10/07/2018 04:00:00","BZN|DK1","126.05","n/e"," ","148.58"
"10/07/2018 04:00:00 - 10/07/2018 05:00:00","BZN|DK1","384.91","n/e"," ","424.18"
"10/07/2018 05:00:00 - 10/07/2018 06:00:00","BZN|DK1","557.78","n/e"," ","575.27"
"10/07/2018 06:00:00 - 10/07/2018 07:00:00","BZN|DK1","517.87","n/e"," ","535.43"
"10/07/2018 07:00:00 - 10/07/2018 08:00:00","BZN|DK1","532.70","n/e"," ","546.63"
"10/07/2018 08:00:00 - 10/07/2018 09:00:00","BZN|DK1","416.73","n/e"," ","474.11"
"10/07/2018 09:00:00 - 10/07/2018 10:00:00","BZN|DK1","317.88","n/e"," ","358.36"
"10/07/2018 10:00:00 - 10/07/2018 11:00:00","BZN|DK1","248.46","n/e"," ","258.18"
"10/07/2018 11:00:00 - 10/07/2018 12:00:00","BZN|DK1","192.83","n/e"," ","123.44"
"10/07/2018 12:00:00 - 10/07/2018 13:00:00","BZN|DK1","142.75","n/e"," ","89.03"
"10/07/2018 13:00:00 - 10/07/2018 14:00:00","BZN|DK1","100.58","n/e"," ","90.11"
"10/07/2018 14:00:00 - 10/07/2018 15:00:00","BZN|DK1","64.29","n/e"," ","104.31"
"10/07/2018 15:00:00 - 10/07/2018 16:00:00","BZN|DK1","46.79","n/e"," ","35.27"
"10/07/2018 16:00:00 - 10/07/2018 17:00:00","BZN|DK1","46.54","n/e"," ","11.68"
"10/07/2018 17:00:00 - 10/07/2018 18:00:00","BZN|DK1","54.38","n/e"," ","9.63"
"10/07/2018 18:00:00 - 10/07/2018 19:00:00","BZN|DK1","62.96","n/e"," ","23.58"
"10/07/2018 19:00:00 - 10/07/2018 20:00:00","BZN|DK1","72.67","n/e"," ","70.95"
"10/07/2018 20:00:00 - 10/07/2018 21:00:00","BZN|DK1","77.13","n/e"," ","61.82"
"10/07/2018 21:00:00 - 10/07/2018 22:00:00","BZN|DK1","79.04","n/e"," ","84.32"
"10/07/2018 22:00:00 - 10/07/2018 23:00:00","BZN|DK1","77.92","n/e"," ","109.76"
"10/07/2018 23:00:00 - 11/07/2018 00:00:00","BZN|DK1","74.21","n/e"," ","100.61"
"11/07/2018 00:00:00 - 11/07/2018 01:00:00","BZN|DK1","77.49","n/e"," ","75.46"
"11/07/2018 01:00:00 - 11/07/2018 02:00:00","BZN|DK1","24.60","n/e"," ","24.37"
"11/07/2018 02:00:00 - 11/07/2018 03:00:00","BZN|DK1","9.55","n/e"," ","15.84"
"11/07/2018 03:00:00 - 11/07/2018 04:00:00","BZN|DK1","47.07","n/e"," ","57.16"
"11/07/2018 04:00:00 - 11/07/2018 05:00:00","BZN|DK1","93.43","n/e"," ","106.33"
"11/07/2018 05:00:00 - 11/07/2018 06:00:00","BZN|DK1","126.56","n/e"," ","139.02"
"11/07/2018 06:00:00 - 11/07/2018 07:00:00","BZN|DK1","130.96","n/e"," ","140.29"
"11/07/2018 07:00:00 - 11/07/2018 08:00:00","BZN|DK1","112.35","n/e"," ","120.92"
"11/07/2018 08:00:00 - 11/07/2018 09:00:00","BZN|DK1","94.09","n/e"," ","76.78"
"11/07/2018 09:00:00 - 11/07/2018 10:00:00","BZN|DK1","86.96","n/e"," ","33.91"
"11/07/2018 10:00:00 - 11/07/2018 11:00:00","BZN|DK1","93.42","n/e"," ","16.71"
"11/07/2018 11:00:00 - 11/07/2018 12:00:00","BZN|DK1","99.33","n/e"," ","20.91"
"11/07/2018 12:00:00 - 11/07/2018 13:00:00","BZN|DK1","116.08","n/e"," ","42.06"
"11/07/2018 13:00:00 - 11/07/2018 14:00:00","BZN|DK1","156.42","n/e"," ","110.81"
"11/07/2018 14:00:00 - 11/07/2018 15:00:00","BZN|DK1","204.00","n/e"," ","165.71"
"11/07/2018 15:00:00 - 11/07/2018 16:00:00","BZN|DK1","252.08","n/e"," ","216.81"
"11/07/2018 16:00:00 - 11/07/2018 17:00:00","BZN|DK1","302.42","n/e"," ","289.42"
"11/07/2018 17:00:00 - 11/07/2018 18:00:00","BZN|DK1","351.42","n/e"," ","321.94"
"11/07/2018 18:00:00 - 11/07/2018 19:00:00","BZN|DK1","392.79","n/e"," ","359.68"
"11/07/2018 19:00:00 - 11/07/2018 20:00:00","BZN|DK1","393.04","n/e"," ","382.74"
"11/07/2018 20:00:00 - 11/07/2018 21:00:00","BZN|DK1","349.96","n/e"," ","350.00"
"11/07/2018 21:00:00 - 11/07/2018 22:00:00","BZN|DK1","280.54","n/e"," ","273.32"
"11/07/2018 22:00:00 - 11/07/2018 23:00:00","BZN|DK1","212.00","n/e"," ","167.57"
"11/07/2018 23:00:00 - 12/07/2018 00:00:00","BZN|DK1","159.96","n/e"," ","108.83"
"12/07/2018 00:00:00 - 12/07/2018 01:00:00","BZN|DK1","69.87","n/e"," ","68.52"
"12/07/2018 01:00:00 - 12/07/2018 02:00:00","BZN|DK1","38.62","n/e"," ","36.02"
"12/07/2018 02:00:00 - 12/07/2018 03:00:00","BZN|DK1","33.23","n/e"," ","32.63"
"12/07/2018 03:00:00 - 12/07/2018 04:00:00","BZN|DK1","50.95","n/e"," ","52.94"
"12/07/2018 04:00:00 - 12/07/2018 05:00:00","BZN|DK1","75.13","n/e"," ","77.17"
"12/07/2018 05:00:00 - 12/07/2018 06:00:00","BZN|DK1","97.03","n/e"," ","98.23"
"12/07/2018 06:00:00 - 12/07/2018 07:00:00","BZN|DK1","112.78","n/e"," ","119.24"
"12/07/2018 07:00:00 - 12/07/2018 08:00:00","BZN|DK1","132.79","n/e"," ","137.07"
"12/07/2018 08:00:00 - 12/07/2018 09:00:00","BZN|DK1","123.42","n/e"," ","113.98"
"12/07/2018 09:00:00 - 12/07/2018 10:00:00","BZN|DK1","105.54","n/e"," ","68.14"
"12/07/2018 10:00:00 - 12/07/2018 11:00:00","BZN|DK1","86.96","n/e"," ","33.54"
"12/07/2018 11:00:00 - 12/07/2018 12:00:00","BZN|DK1","80.83","n/e"," ","29.39"
"12/07/2018 12:00:00 - 12/07/2018 13:00:00","BZN|DK1","80.79","n/e"," ","19.16"
"12/07/2018 13:00:00 - 12/07/2018 14:00:00","BZN|DK1","83.83","n/e"," ","10.51"
"12/07/2018 14:00:00 - 12/07/2018 15:00:00","BZN|DK1","92.46","n/e"," ","28.95"
"12/07/2018 15:00:00 - 12/07/2018 16:00:00","BZN|DK1","112.38","n/e"," ","67.41"
"12/07/2018 16:00:00 - 12/07/2018 17:00:00","BZN|DK1","140.54","n/e"," ","64.18"
"12/07/2018 17:00:00 - 12/07/2018 18:00:00","BZN|DK1","172.79","n/e"," ","64.09"
"12/07/2018 18:00:00 - 12/07/2018 19:00:00","BZN|DK1","204.29","n/e"," ","70.94"
"12/07/2018 19:00:00 - 12/07/2018 20:00:00","BZN|DK1","237.88","n/e"," ","90.33"
"12/07/2018 20:00:00 - 12/07/2018 21:00:00","BZN|DK1","265.50","n/e"," ","155.57"
"12/07/2018 21:00:00 - 12/07/2018 22:00:00","BZN|DK1","283.88","n/e"," ","197.43"
"12/07/2018 22:00:00 - 12/07/2018 23:00:00","BZN|DK1","290.96","n/e"," ","207.79"
"12/07/2018 23:00:00 - 13/07/2018 00:00:00","BZN|DK1","282.83","n/e"," ","194.16"
"13/07/2018 00:00:00 - 13/07/2018 01:00:00","BZN|DK1","152.75","n/e"," ","161.86"
"13/07/2018 01:00:00 - 13/07/2018 02:00:00","BZN|DK1","165.92","n/e"," ","174.74"
"13/07/2018 02:00:00 - 13/07/2018 03:00:00","BZN|DK1","231.72","n/e"," ","242.58"
"13/07/2018 03:00:00 - 13/07/2018 04:00:00","BZN|DK1","264.10","n/e"," ","271.25"
"13/07/2018 04:00:00 - 13/07/2018 05:00:00","BZN|DK1","285.65","n/e"," ","295.02"
"13/07/2018 05:00:00 - 13/07/2018 06:00:00","BZN|DK1","276.36","n/e"," ","285.69"
"13/07/2018 06:00:00 - 13/07/2018 07:00:00","BZN|DK1","230.94","n/e"," ","240.13"
"13/07/2018 07:00:00 - 13/07/2018 08:00:00","BZN|DK1","221.74","n/e"," ","233.01"
"13/07/2018 08:00:00 - 13/07/2018 09:00:00","BZN|DK1","232.91","n/e"," ","214.96"
"13/07/2018 09:00:00 - 13/07/2018 10:00:00","BZN|DK1","225.54","n/e"," ","184.69"
"13/07/2018 10:00:00 - 13/07/2018 11:00:00","BZN|DK1","205.67","n/e"," ","163.78"
"13/07/2018 11:00:00 - 13/07/2018 12:00:00","BZN|DK1","186.96","n/e"," ","165.75"
"13/07/2018 12:00:00 - 13/07/2018 13:00:00","BZN|DK1","175.96","n/e"," ","166.27"
"13/07/2018 13:00:00 - 13/07/2018 14:00:00","BZN|DK1","178.17","n/e"," ","150.96"
"13/07/2018 14:00:00 - 13/07/2018 15:00:00","BZN|DK1","196.63","n/e"," ","147.34"
"13/07/2018 15:00:00 - 13/07/2018 16:00:00","BZN|DK1","223.75","n/e"," ","142.06"
"13/07/2018 16:00:00 - 13/07/2018 17:00:00","BZN|DK1","262.33","n/e"," ","159.00"
"13/07/2018 17:00:00 - 13/07/2018 18:00:00","BZN|DK1","301.75","n/e"," ","209.48"
"13/07/2018 18:00:00 - 13/07/2018 19:00:00","BZN|DK1","334.67","n/e"," ","246.21"
"13/07/2018 19:00:00 - 13/07/2018 20:00:00","BZN|DK1","346.75","n/e"," ","359.31"
"13/07/2018 20:00:00 - 13/07/2018 21:00:00","BZN|DK1","339.96","n/e"," ","396.87"
"13/07/2018 21:00:00 - 13/07/2018 22:00:00","BZN|DK1","322.50","n/e"," ","382.52"
"13/07/2018 22:00:00 - 13/07/2018 23:00:00","BZN|DK1","296.83","n/e"," ","349.81"
"13/07/2018 23:00:00 - 14/07/2018 00:00:00","BZN|DK1","279.71","n/e"," ","357.33"
"14/07/2018 00:00:00 - 14/07/2018 01:00:00","BZN|DK1","340.32","n/e"," ","376.50"
"14/07/2018 01:00:00 - 14/07/2018 02:00:00","BZN|DK1","298.01","n/e"," ","324.79"
"14/07/2018 02:00:00 - 14/07/2018 03:00:00","BZN|DK1","289.09","n/e"," ","309.02"
"14/07/2018 03:00:00 - 14/07/2018 04:00:00","BZN|DK1","260.52","n/e"," ","291.68"
"14/07/2018 04:00:00 - 14/07/2018 05:00:00","BZN|DK1","278.18","n/e"," ","295.35"
"14/07/2018 05:00:00 - 14/07/2018 06:00:00","BZN|DK1","213.98","n/e"," ","228.94"
"14/07/2018 06:00:00 - 14/07/2018 07:00:00","BZN|DK1","159.45","n/e"," ","171.90"
"14/07/2018 07:00:00 - 14/07/2018 08:00:00","BZN|DK1","104.73","n/e"," ","118.79"
"14/07/2018 08:00:00 - 14/07/2018 09:00:00","BZN|DK1","96.13","n/e"," ","108.49"
"14/07/2018 09:00:00 - 14/07/2018 10:00:00","BZN|DK1","125.92","n/e"," ","123.96"
"14/07/2018 10:00:00 - 14/07/2018 11:00:00","BZN|DK1","133.63","n/e"," ","117.99"
"14/07/2018 11:00:00 - 14/07/2018 12:00:00","BZN|DK1","124.29","n/e"," ","112.35"
"14/07/2018 12:00:00 - 14/07/2018 13:00:00","BZN|DK1","116.63","n/e"," ","126.03"
"14/07/2018 13:00:00 - 14/07/2018 14:00:00","BZN|DK1","112.46","n/e"," ","127.28"
"14/07/2018 14:00:00 - 14/07/2018 15:00:00","BZN|DK1","111.83","n/e"," ","135.27"
"14/07/2018 15:00:00 - 14/07/2018 16:00:00","BZN|DK1","120.67","n/e"," ","178.40"
"14/07/2018 16:00:00 - 14/07/2018 17:00:00","BZN|DK1","141.00","n/e"," ","130.44"
"14/07/2018 17:00:00 - 14/07/2018 18:00:00","BZN|DK1","165.33","n/e"," ","79.25"
"14/07/2018 18:00:00 - 14/07/2018 19:00:00","BZN|DK1","188.13","n/e"," ","104.34"
"14/07/2018 19:00:00 - 14/07/2018 20:00:00","BZN|DK1","206.63","n/e"," ","198.89"
"14/07/2018 20:00:00 - 14/07/2018 21:00:00","BZN|DK1","216.17","n/e"," ","200.48"
"14/07/2018 21:00:00 - 14/07/2018 22:00:00","BZN|DK1","219.92","n/e"," ","251.39"
"14/07/2018 22:00:00 - 14/07/2018 23:00:00","BZN|DK1","215.63","n/e"," ","269.76"
"14/07/2018 23:00:00 - 15/07/2018 00:00:00","BZN|DK1","209.33","n/e"," ","262.52"
"15/07/2018 00:00:00 - 15/07/2018 01:00:00","BZN|DK1","225.01","n/e"," ","245.67"
"15/07/2018 01:00:00 - 15/07/2018 02:00:00","BZN|DK1","206.34","n/e"," ","224.77"
"15/07/2018 02:00:00 - 15/07/2018 03:00:00","BZN|DK1","179.58","n/e"," ","197.91"
"15/07/2018 03:00:00 - 15/07/2018 04:00:00","BZN|DK1","223.11","n/e"," ","237.28"
"15/07/2018 04:00:00 - 15/07/2018 05:00:00","BZN|DK1","218.15","n/e"," ","228.78"
"15/07/2018 05:00:00 - 15/07/2018 06:00:00","BZN|DK1","208.29","n/e"," ","216.96"
"15/07/2018 06:00:00 - 15/07/2018 07:00:00","BZN|DK1","175.43","n/e"," ","184.89"
"15/07/2018 07:00:00 - 15/07/2018 08:00:00","BZN|DK1","144.49","n/e"," ","152.40"
"15/07/2018 08:00:00 - 15/07/2018 09:00:00","BZN|DK1","137.46","n/e"," ","135.28"
"15/07/2018 09:00:00 - 15/07/2018 10:00:00","BZN|DK1","118.04","n/e"," ","112.94"
"15/07/2018 10:00:00 - 15/07/2018 11:00:00","BZN|DK1","93.96","n/e"," ","92.93"
"15/07/2018 11:00:00 - 15/07/2018 12:00:00","BZN|DK1","72.71","n/e"," ","71.92"
"15/07/2018 12:00:00 - 15/07/2018 13:00:00","BZN|DK1","57.00","n/e"," ","58.24"
"15/07/2018 13:00:00 - 15/07/2018 14:00:00","BZN|DK1","47.83","n/e"," ","43.95"
"15/07/2018 14:00:00 - 15/07/2018 15:00:00","BZN|DK1","38.25","n/e"," ","24.57"
"15/07/2018 15:00:00 - 15/07/2018 16:00:00","BZN|DK1","33.38","n/e"," ","16.84"
"15/07/2018 16:00:00 - 15/07/2018 17:00:00","BZN|DK1","29.25","n/e"," ","12.81"
"15/07/2018 17:00:00 - 15/07/2018 18:00:00","BZN|DK1","27.71","n/e"," ","6.37"
"15/07/2018 18:00:00 - 15/07/2018 19:00:00","BZN|DK1","26.42","n/e"," ","2.45"
"15/07/2018 19:00:00 - 15/07/2018 20:00:00","BZN|DK1","26.21","n/e"," ","1.87"
"15/07/2018 20:00:00 - 15/07/2018 21:00:00","BZN|DK1","25.25","n/e"," ","1.58"
"15/07/2018 21:00:00 - 15/07/2018 22:00:00","BZN|DK1","26.21","n/e"," ","0.81"
"15/07/2018 22:00:00 - 15/07/2018 23:00:00","BZN|DK1","29.08","n/e"," ","0.87"
"15/07/2018 23:00:00 - 16/07/2018 00:00:00","BZN|DK1","31.00","n/e"," ","0.82"
"16/07/2018 00:00:00 - 16/07/2018 01:00:00","BZN|DK1","0.00","n/e"," ","0.50"
"16/07/2018 01:00:00 - 16/07/2018 02:00:00","BZN|DK1","0.00","n/e"," ","0.53"
"16/07/2018 02:00:00 - 16/07/2018 03:00:00","BZN|DK1","0.00","n/e"," ","0.79"
"16/07/2018 03:00:00 - 16/07/2018 04:00:00","BZN|DK1","0.00","n/e"," ","0.67"
"16/07/2018 04:00:00 - 16/07/2018 05:00:00","BZN|DK1","0.00","n/e"," ","0.37"
"16/07/2018 05:00:00 - 16/07/2018 06:00:00","BZN|DK1","1.57","n/e"," ","1.49"
"16/07/2018 06:00:00 - 16/07/2018 07:00:00","BZN|DK1","1.14","n/e"," ","1.24"
"16/07/2018 07:00:00 - 16/07/2018 08:00:00","BZN|DK1","2.66","n/e"," ","2.30"
"16/07/2018 08:00:00 - 16/07/2018 09:00:00","BZN|DK1","7.88","n/e"," ","4.34"
"16/07/2018 09:00:00 - 16/07/2018 10:00:00","BZN|DK1","8.42","n/e"," ","6.33"
"16/07/2018 10:00:00 - 16/07/2018 11:00:00","BZN|DK1","4.04","n/e"," ","11.57"
"16/07/2018 11:00:00 - 16/07/2018 12:00:00","BZN|DK1","10.17","n/e"," ","19.04"
"16/07/2018 12:00:00 - 16/07/2018 13:00:00","BZN|DK1","18.38","n/e"," ","25.14"
"16/07/2018 13:00:00 - 16/07/2018 14:00:00","BZN|DK1","24.13","n/e"," ","30.10"
"16/07/2018 14:00:00 - 16/07/2018 15:00:00","BZN|DK1","31.17","n/e"," ","31.39"
"16/07/2018 15:00:00 - 16/07/2018 16:00:00","BZN|DK1","39.63","n/e"," ","28.49"
"16/07/2018 16:00:00 - 16/07/2018 17:00:00","BZN|DK1","53.21","n/e"," ","46.32"
"16/07/2018 17:00:00 - 16/07/2018 18:00:00","BZN|DK1","68.75","n/e"," ","51.71"
"16/07/2018 18:00:00 - 16/07/2018 19:00:00","BZN|DK1","84.29","n/e"," ","82.68"
"16/07/2018 19:00:00 - 16/07/2018 20:00:00","BZN|DK1","99.83","n/e"," ","115.78"
"16/07/2018 20:00:00 - 16/07/2018 21:00:00","BZN|DK1","112.21","n/e"," ","142.09"
"16/07/2018 21:00:00 - 16/07/2018 22:00:00","BZN|DK1","120.50","n/e"," ","160.35"
"16/07/2018 22:00:00 - 16/07/2018 23:00:00","BZN|DK1","123.58","n/e"," ","124.68"
"16/07/2018 23:00:00 - 17/07/2018 00:00:00","BZN|DK1","122.63","n/e"," ","115.62"
"17/07/2018 00:00:00 - 17/07/2018 01:00:00","BZN|DK1","97.76","n/e"," ","103.31"
"17/07/2018 01:00:00 - 17/07/2018 02:00:00","BZN|DK1","80.19","n/e"," ","84.48"
"17/07/2018 02:00:00 - 17/07/2018 03:00:00","BZN|DK1","66.41","n/e"," ","66.09"
"17/07/2018 03:00:00 - 17/07/2018 04:00:00","BZN|DK1","41.71","n/e"," ","39.09"
"17/07/2018 04:00:00 - 17/07/2018 05:00:00","BZN|DK1","32.79","n/e"," ","33.51"
"17/07/2018 05:00:00 - 17/07/2018 06:00:00","BZN|DK1","27.67","n/e"," ","27.35"
"17/07/2018 06:00:00 - 17/07/2018 07:00:00","BZN|DK1","24.53","n/e"," ","25.91"
"17/07/2018 07:00:00 - 17/07/2018 08:00:00","BZN|DK1","17.33","n/e"," ","17.13"
"17/07/2018 08:00:00 - 17/07/2018 09:00:00","BZN|DK1","12.57","n/e"," ","9.84"
"17/07/2018 09:00:00 - 17/07/2018 10:00:00","BZN|DK1","10.92","n/e"," ","12.85"
"17/07/2018 10:00:00 - 17/07/2018 11:00:00","BZN|DK1","4.13","n/e"," ","2.19"
"17/07/2018 11:00:00 - 17/07/2018 12:00:00","BZN|DK1","2.00","n/e"," ","0.15"
"17/07/2018 12:00:00 - 17/07/2018 13:00:00","BZN|DK1","2.00","n/e"," ","0.57"
"17/07/2018 13:00:00 - 17/07/2018 14:00:00","BZN|DK1","2.00","n/e"," ","1.53"
"17/07/2018 14:00:00 - 17/07/2018 15:00:00","BZN|DK1","2.04","n/e"," ","0.86"
"17/07/2018 15:00:00 - 17/07/2018 16:00:00","BZN|DK1","3.04","n/e"," ","2.34"
"17/07/2018 16:00:00 - 17/07/2018 17:00:00","BZN|DK1","4.00","n/e"," ","19.63"
"17/07/2018 17:00:00 - 17/07/2018 18:00:00","BZN|DK1","5.13","n/e"," ","33.21"
"17/07/2018 18:00:00 - 17/07/2018 19:00:00","BZN|DK1","10.21","n/e"," ","26.34"
"17/07/2018 19:00:00 - 17/07/2018 20:00:00","BZN|DK1","22.25","n/e"," ","28.73"
"17/07/2018 20:00:00 - 17/07/2018 21:00:00","BZN|DK1","33.92","n/e"," ","14.22"
"17/07/2018 21:00:00 - 17/07/2018 22:00:00","BZN|DK1","40.63","n/e"," ","21.42"
"17/07/2018 22:00:00 - 17/07/2018 23:00:00","BZN|DK1","42.54","n/e"," ","34.42"
"17/07/2018 23:00:00 - 18/07/2018 00:00:00","BZN|DK1","45.17","n/e"," ","41.44"
"18/07/2018 00:00:00 - 18/07/2018 01:00:00","BZN|DK1","49.78","n/e"," ","54.28"
"18/07/2018 01:00:00 - 18/07/2018 02:00:00","BZN|DK1","89.41","n/e"," ","99.08"
"18/07/2018 02:00:00 - 18/07/2018 03:00:00","BZN|DK1","72.87","n/e"," ","75.49"
"18/07/2018 03:00:00 - 18/07/2018 04:00:00","BZN|DK1","83.55","n/e"," ","87.99"
"18/07/2018 04:00:00 - 18/07/2018 05:00:00","BZN|DK1","113.71","n/e"," ","122.32"
"18/07/2018 05:00:00 - 18/07/2018 06:00:00","BZN|DK1","126.33","n/e"," ","125.79"
"18/07/2018 06:00:00 - 18/07/2018 07:00:00","BZN|DK1","99.09","n/e"," ","109.96"
"18/07/2018 07:00:00 - 18/07/2018 08:00:00","BZN|DK1","110.22","n/e"," ","121.96"
"18/07/2018 08:00:00 - 18/07/2018 09:00:00","BZN|DK1","110.65","n/e"," ","144.08"
"18/07/2018 09:00:00 - 18/07/2018 10:00:00","BZN|DK1","99.54","n/e"," ","110.52"
"18/07/2018 10:00:00 - 18/07/2018 11:00:00","BZN|DK1","77.96","n/e"," ","115.64"
"18/07/2018 11:00:00 - 18/07/2018 12:00:00","BZN|DK1","72.25","n/e"," ","106.93"
"18/07/2018 12:00:00 - 18/07/2018 13:00:00","BZN|DK1","65.38","n/e"," ","118.14"
"18/07/2018 13:00:00 - 18/07/2018 14:00:00","BZN|DK1","57.08","n/e"," ","135.77"
"18/07/2018 14:00:00 - 18/07/2018 15:00:00","BZN|DK1","47.79","n/e"," ","113.49"
"18/07/2018 15:00:00 - 18/07/2018 16:00:00","BZN|DK1","38.67","n/e"," ","108.30"
"18/07/2018 16:00:00 - 18/07/2018 17:00:00","BZN|DK1","31.79","n/e"," ","75.26"
"18/07/2018 17:00:00 - 18/07/2018 18:00:00","BZN|DK1","34.04","n/e"," ","68.75"
"18/07/2018 18:00:00 - 18/07/2018 19:00:00","BZN|DK1","47.75","n/e"," ","261.37"
"18/07/2018 19:00:00 - 18/07/2018 20:00:00","BZN|DK1","81.21","n/e"," ","388.80"
"18/07/2018 20:00:00 - 18/07/2018 21:00:00","BZN|DK1","146.21","n/e"," ","355.37"
"18/07/2018 21:00:00 - 18/07/2018 22:00:00","BZN|DK1","232.83","n/e"," ","350.93"
"18/07/2018 22:00:00 - 18/07/2018 23:00:00","BZN|DK1","281.75","n/e"," ","334.31"
"18/07/2018 23:00:00 - 19/07/2018 00:00:00","BZN|DK1","289.21","n/e"," ","335.42"
"19/07/2018 00:00:00 - 19/07/2018 01:00:00","BZN|DK1","271.75","n/e"," ","304.07"
"19/07/2018 01:00:00 - 19/07/2018 02:00:00","BZN|DK1","229.81","n/e"," ","261.32"
"19/07/2018 02:00:00 - 19/07/2018 03:00:00","BZN|DK1","283.59","n/e"," ","311.78"
"19/07/2018 03:00:00 - 19/07/2018 04:00:00","BZN|DK1","285.82","n/e"," ","306.64"
"19/07/2018 04:00:00 - 19/07/2018 05:00:00","BZN|DK1","258.67","n/e"," ","282.76"
"19/07/2018 05:00:00 - 19/07/2018 06:00:00","BZN|DK1","256.06","n/e"," ","271.60"
"19/07/2018 06:00:00 - 19/07/2018 07:00:00","BZN|DK1","242.43","n/e"," ","255.86"
"19/07/2018 07:00:00 - 19/07/2018 08:00:00","BZN|DK1","228.70","n/e"," ","235.79"
"19/07/2018 08:00:00 - 19/07/2018 09:00:00","BZN|DK1","201.98","n/e"," ","201.47"
"19/07/2018 09:00:00 - 19/07/2018 10:00:00","BZN|DK1","169.29","n/e"," ","167.83"
"19/07/2018 10:00:00 - 19/07/2018 11:00:00","BZN|DK1","126.38","n/e"," ","131.97"
"19/07/2018 11:00:00 - 19/07/2018 12:00:00","BZN|DK1","101.38","n/e"," ","102.73"
"19/07/2018 12:00:00 - 19/07/2018 13:00:00","BZN|DK1","88.63","n/e"," ","87.12"
"19/07/2018 13:00:00 - 19/07/2018 14:00:00","BZN|DK1","82.17","n/e"," ","80.66"
"19/07/2018 14:00:00 - 19/07/2018 15:00:00","BZN|DK1","81.75","n/e"," ","67.39"
"19/07/2018 15:00:00 - 19/07/2018 16:00:00","BZN|DK1","87.92","n/e"," ","51.53"
"19/07/2018 16:00:00 - 19/07/2018 17:00:00","BZN|DK1","100.00","n/e"," ","57.94"
"19/07/2018 17:00:00 - 19/07/2018 18:00:00","BZN|DK1","124.75","n/e"," ","69.28"
"19/07/2018 18:00:00 - 19/07/2018 19:00:00","BZN|DK1","153.50","n/e"," ","85.33"
"19/07/2018 19:00:00 - 19/07/2018 20:00:00","BZN|DK1","187.71","n/e"," ","126.77"
"19/07/2018 20:00:00 - 19/07/2018 21:00:00","BZN|DK1","203.25","n/e"," ","206.26"
"19/07/2018 21:00:00 - 19/07/2018 22:00:00","BZN|DK1","194.67","n/e"," ","256.43"
"19/07/2018 22:00:00 - 19/07/2018 23:00:00","BZN|DK1","174.83","n/e"," ","297.89"
"19/07/2018 23:00:00 - 20/07/2018 00:00:00","BZN|DK1","158.42","n/e"," ","262.50"
"20/07/2018 00:00:00 - 20/07/2018 01:00:00","BZN|DK1","149.03","n/e"," ","167.44"
"20/07/2018 01:00:00 - 20/07/2018 02:00:00","BZN|DK1","140.51","n/e"," ","164.03"
"20/07/2018 02:00:00 - 20/07/2018 03:00:00","BZN|DK1","131.33","n/e"," ","150.72"
"20/07/2018 03:00:00 - 20/07/2018 04:00:00","BZN|DK1","111.33","n/e"," ","135.61"
"20/07/2018 04:00:00 - 20/07/2018 05:00:00","BZN|DK1","130.39","n/e"," ","150.05"
"20/07/2018 05:00:00 - 20/07/2018 06:00:00","BZN|DK1","109.60","n/e"," ","128.30"
"20/07/2018 06:00:00 - 20/07/2018 07:00:00","BZN|DK1","101.05","n/e"," ","117.40"
"20/07/2018 07:00:00 - 20/07/2018 08:00:00","BZN|DK1","93.81","n/e"," ","113.34"
"20/07/2018 08:00:00 - 20/07/2018 09:00:00","BZN|DK1","96.21","n/e"," ","116.93"
"20/07/2018 09:00:00 - 20/07/2018 10:00:00","BZN|DK1","90.88","n/e"," ","108.57"
"20/07/2018 10:00:00 - 20/07/2018 11:00:00","BZN|DK1","87.13","n/e"," ","96.81"
"20/07/2018 11:00:00 - 20/07/2018 12:00:00","BZN|DK1","98.88","n/e"," ","93.80"
"20/07/2018 12:00:00 - 20/07/2018 13:00:00","BZN|DK1","124.71","n/e"," ","197.62"
"20/07/2018 13:00:00 - 20/07/2018 14:00:00","BZN|DK1","155.00","n/e"," ","253.90"
"20/07/2018 14:00:00 - 20/07/2018 15:00:00","BZN|DK1","168.71","n/e"," ","180.72"
"20/07/2018 15:00:00 - 20/07/2018 16:00:00","BZN|DK1","161.71","n/e"," ","171.82"
"20/07/2018 16:00:00 - 20/07/2018 17:00:00","BZN|DK1","148.42","n/e"," ","96.44"
"20/07/2018 17:00:00 - 20/07/2018 18:00:00","BZN|DK1","130.00","n/e"," ","52.40"
"20/07/2018 18:00:00 - 20/07/2018 19:00:00","BZN|DK1","113.58","n/e"," ","44.73"
"20/07/2018 19:00:00 - 20/07/2018 20:00:00","BZN|DK1","108.21","n/e"," ","44.46"
"20/07/2018 20:00:00 - 20/07/2018 21:00:00","BZN|DK1","114.79","n/e"," ","39.47"
"20/07/2018 21:00:00 - 20/07/2018 22:00:00","BZN|DK1","126.79","n/e"," ","128.06"
"20/07/2018 22:00:00 - 20/07/2018 23:00:00","BZN|DK1","135.42","n/e"," ","171.88"
"20/07/2018 23:00:00 - 21/07/2018 00:00:00","BZN|DK1","139.54","n/e"," ","158.06"
"21/07/2018 00:00:00 - 21/07/2018 01:00:00","BZN|DK1","157.76","n/e"," ","159.22"
"21/07/2018 01:00:00 - 21/07/2018 02:00:00","BZN|DK1","149.81","n/e"," ","147.84"
"21/07/2018 02:00:00 - 21/07/2018 03:00:00","BZN|DK1","119.53","n/e"," ","119.73"
"21/07/2018 03:00:00 - 21/07/2018 04:00:00","BZN|DK1","113.18","n/e"," ","110.54"
"21/07/2018 04:00:00 - 21/07/2018 05:00:00","BZN|DK1","105.83","n/e"," ","100.35"
"21/07/2018 05:00:00 - 21/07/2018 06:00:00","BZN|DK1","100.86","n/e"," ","96.19"
"21/07/2018 06:00:00 - 21/07/2018 07:00:00","BZN|DK1","105.83","n/e"," ","99.02"
"21/07/2018 07:00:00 - 21/07/2018 08:00:00","BZN|DK1","69.52","n/e"," ","63.95"
"21/07/2018 08:00:00 - 21/07/2018 09:00:00","BZN|DK1","40.70","n/e"," ","38.17"
"21/07/2018 09:00:00 - 21/07/2018 10:00:00","BZN|DK1","41.75","n/e"," ","33.84"
"21/07/2018 10:00:00 - 21/07/2018 11:00:00","BZN|DK1","58.25","n/e"," ","37.81"
"21/07/2018 11:00:00 - 21/07/2018 12:00:00","BZN|DK1","65.67","n/e"," ","28.83"
"21/07/2018 12:00:00 - 21/07/2018 13:00:00","BZN|DK1","61.54","n/e"," ","40.90"
"21/07/2018 13:00:00 - 21/07/2018 14:00:00","BZN|DK1","62.96","n/e"," ","39.45"
"21/07/2018 14:00:00 - 21/07/2018 15:00:00","BZN|DK1","69.13","n/e"," ","31.29"
"21/07/2018 15:00:00 - 21/07/2018 16:00:00","BZN|DK1","74.08","n/e"," ","47.15"
"21/07/2018 16:00:00 - 21/07/2018 17:00:00","BZN|DK1","80.67","n/e"," ","32.25"
"21/07/2018 17:00:00 - 21/07/2018 18:00:00","BZN|DK1","88.83","n/e"," ","11.68"
"21/07/2018 18:00:00 - 21/07/2018 19:00:00","BZN|DK1","98.38","n/e"," ","14.66"
"21/07/2018 19:00:00 - 21/07/2018 20:00:00","BZN|DK1","110.04","n/e"," ","9.98"
"21/07/2018 20:00:00 - 21/07/2018 21:00:00","BZN|DK1","117.17","n/e"," ","5.42"
"21/07/2018 21:00:00 - 21/07/2018 22:00:00","BZN|DK1","117.46","n/e"," ","9.07"
"21/07/2018 22:00:00 - 21/07/2018 23:00:00","BZN|DK1","113.29","n/e"," ","36.23"
"21/07/2018 23:00:00 - 22/07/2018 00:00:00","BZN|DK1","109.29","n/e"," ","87.21"
"22/07/2018 00:00:00 - 22/07/2018 01:00:00","BZN|DK1","87.72","n/e"," ","89.36"
"22/07/2018 01:00:00 - 22/07/2018 02:00:00","BZN|DK1","57.64","n/e"," ","60.31"
"22/07/2018 02:00:00 - 22/07/2018 03:00:00","BZN|DK1","51.19","n/e"," ","51.73"
"22/07/2018 03:00:00 - 22/07/2018 04:00:00","BZN|DK1","45.95","n/e"," ","47.97"
"22/07/2018 04:00:00 - 22/07/2018 05:00:00","BZN|DK1","60.26","n/e"," ","61.02"
"22/07/2018 05:00:00 - 22/07/2018 06:00:00","BZN|DK1","86.14","n/e"," ","88.49"
"22/07/2018 06:00:00 - 22/07/2018 07:00:00","BZN|DK1","111.18","n/e"," ","111.40"
"22/07/2018 07:00:00 - 22/07/2018 08:00:00","BZN|DK1","102.15","n/e"," ","103.98"
"22/07/2018 08:00:00 - 22/07/2018 09:00:00","BZN|DK1","108.38","n/e"," ","98.69"
"22/07/2018 09:00:00 - 22/07/2018 10:00:00","BZN|DK1","79.00","n/e"," ","93.04"
"22/07/2018 10:00:00 - 22/07/2018 11:00:00","BZN|DK1","50.96","n/e"," ","68.88"
"22/07/2018 11:00:00 - 22/07/2018 12:00:00","BZN|DK1","32.25","n/e"," ","26.58"
"22/07/2018 12:00:00 - 22/07/2018 13:00:00","BZN|DK1","19.42","n/e"," ","22.68"
"22/07/2018 13:00:00 - 22/07/2018 14:00:00","BZN|DK1","15.75","n/e"," ","16.64"
"22/07/2018 14:00:00 - 22/07/2018 15:00:00","BZN|DK1","17.21","n/e"," ","15.87"
"22/07/2018 15:00:00 - 22/07/2018 16:00:00","BZN|DK1","20.71","n/e"," ","21.30"
"22/07/2018 16:00:00 - 22/07/2018 17:00:00","BZN|DK1","22.17","n/e"," ","47.71"
"22/07/2018 17:00:00 - 22/07/2018 18:00:00","BZN|DK1","27.38","n/e"," ","42.37"
"22/07/2018 18:00:00 - 22/07/2018 19:00:00","BZN|DK1","37.38","n/e"," ","34.91"
"22/07/2018 19:00:00 - 22/07/2018 20:00:00","BZN|DK1","51.04","n/e"," ","25.97"
"22/07/2018 20:00:00 - 22/07/2018 21:00:00","BZN|DK1","67.13","n/e"," ","46.40"
"22/07/2018 21:00:00 - 22/07/2018 22:00:00","BZN|DK1","85.46","n/e"," ","91.24"
"22/07/2018 22:00:00 - 22/07/2018 23:00:00","BZN|DK1","101.54","n/e"," ","126.46"
"22/07/2018 23:00:00 - 23/07/2018 00:00:00","BZN|DK1","111.33","n/e"," ","137.23"
"23/07/2018 00:00:00 - 23/07/2018 01:00:00","BZN|DK1","160.14","n/e"," ","174.85"
"23/07/2018 01:00:00 - 23/07/2018 02:00:00","BZN|DK1","180.89","n/e"," ","189.84"
"23/07/2018 02:00:00 - 23/07/2018 03:00:00","BZN|DK1","161.09","n/e"," ","171.53"
"23/07/2018 03:00:00 - 23/07/2018 04:00:00","BZN|DK1","189.81","n/e"," ","197.32"
"23/07/2018 04:00:00 - 23/07/2018 05:00:00","BZN|DK1","219.50","n/e"," ","219.48"
"23/07/2018 05:00:00 - 23/07/2018 06:00:00","BZN|DK1","182.52","n/e"," ","191.74"
"23/07/2018 06:00:00 - 23/07/2018 07:00:00","BZN|DK1","223.11","n/e"," ","230.42"
"23/07/2018 07:00:00 - 23/07/2018 08:00:00","BZN|DK1","217.94","n/e"," ","227.12"
"23/07/2018 08:00:00 - 23/07/2018 09:00:00","BZN|DK1","177.95","n/e"," ","186.81"
"23/07/2018 09:00:00 - 23/07/2018 10:00:00","BZN|DK1","142.88","n/e"," ","186.01"
"23/07/2018 10:00:00 - 23/07/2018 11:00:00","BZN|DK1","113.46","n/e"," ","169.83"
"23/07/2018 11:00:00 - 23/07/2018 12:00:00","BZN|DK1","88.58","n/e"," ","52.26"
"23/07/2018 12:00:00 - 23/07/2018 13:00:00","BZN|DK1","70.67","n/e"," ","25.15"
"23/07/2018 13:00:00 - 23/07/2018 14:00:00","BZN|DK1","60.29","n/e"," ","29.20"
"23/07/2018 14:00:00 - 23/07/2018 15:00:00","BZN|DK1","56.46","n/e"," ","21.51"
"23/07/2018 15:00:00 - 23/07/2018 16:00:00","BZN|DK1","61.67","n/e"," ","23.32"
"23/07/2018 16:00:00 - 23/07/2018 17:00:00","BZN|DK1","73.88","n/e"," ","32.08"
"23/07/2018 17:00:00 - 23/07/2018 18:00:00","BZN|DK1","88.63","n/e"," ","171.69"
"23/07/2018 18:00:00 - 23/07/2018 19:00:00","BZN|DK1","107.79","n/e"," ","186.30"
"23/07/2018 19:00:00 - 23/07/2018 20:00:00","BZN|DK1","124.75","n/e"," ","138.76"
"23/07/2018 20:00:00 - 23/07/2018 21:00:00","BZN|DK1","131.88","n/e"," ","149.21"
"23/07/2018 21:00:00 - 23/07/2018 22:00:00","BZN|DK1","131.50","n/e"," ","157.77"
"23/07/2018 22:00:00 - 23/07/2018 23:00:00","BZN|DK1","126.04","n/e"," ","183.39"
"23/07/2018 23:00:00 - 24/07/2018 00:00:00","BZN|DK1","126.00","n/e"," ","124.85"
"24/07/2018 00:00:00 - 24/07/2018 01:00:00","BZN|DK1","80.01","n/e"," ","85.05"
"24/07/2018 01:00:00 - 24/07/2018 02:00:00","BZN|DK1","59.53","n/e"," ","62.56"
"24/07/2018 02:00:00 - 24/07/2018 03:00:00","BZN|DK1","48.56","n/e"," ","49.54"
"24/07/2018 03:00:00 - 24/07/2018 04:00:00","BZN|DK1","54.88","n/e"," ","55.75"
"24/07/2018 04:00:00 - 24/07/2018 05:00:00","BZN|DK1","38.70","n/e"," ","39.75"
"24/07/2018 05:00:00 - 24/07/2018 06:00:00","BZN|DK1","38.80","n/e"," ","37.27"
"24/07/2018 06:00:00 - 24/07/2018 07:00:00","BZN|DK1","29.13","n/e"," ","29.34"
"24/07/2018 07:00:00 - 24/07/2018 08:00:00","BZN|DK1","25.33","n/e"," ","25.61"
"24/07/2018 08:00:00 - 24/07/2018 09:00:00","BZN|DK1","27.09","n/e"," ","18.40"
"24/07/2018 09:00:00 - 24/07/2018 10:00:00","BZN|DK1","27.63","n/e"," ","14.45"
"24/07/2018 10:00:00 - 24/07/2018 11:00:00","BZN|DK1","22.08","n/e"," ","6.58"
"24/07/2018 11:00:00 - 24/07/2018 12:00:00","BZN|DK1","23.00","n/e"," ","11.69"
"24/07/2018 12:00:00 - 24/07/2018 13:00:00","BZN|DK1","26.63","n/e"," ","28.36"
"24/07/2018 13:00:00 - 24/07/2018 14:00:00","BZN|DK1","32.13","n/e"," ","25.37"
"24/07/2018 14:00:00 - 24/07/2018 15:00:00","BZN|DK1","37.88","n/e"," ","17.97"
"24/07/2018 15:00:00 - 24/07/2018 16:00:00","BZN|DK1","41.38","n/e"," ","21.39"
"24/07/2018 16:00:00 - 24/07/2018 17:00:00","BZN|DK1","42.58","n/e"," ","27.06"
"24/07/2018 17:00:00 - 24/07/2018 18:00:00","BZN|DK1","41.54","n/e"," ","38.34"
"24/07/2018 18:00:00 - 24/07/2018 19:00:00","BZN|DK1","37.63","n/e"," ","34.80"
"24/07/2018 19:00:00 - 24/07/2018 20:00:00","BZN|DK1","32.83","n/e"," ","23.24"
"24/07/2018 20:00:00 - 24/07/2018 21:00:00","BZN|DK1","27.92","n/e"," ","14.45"
"24/07/2018 21:00:00 - 24/07/2018 22:00:00","BZN|DK1","23.00","n/e"," ","5.28"
"24/07/2018 22:00:00 - 24/07/2018 23:00:00","BZN|DK1","19.25","n/e"," ","5.62"
"24/07/2018 23:00:00 - 25/07/2018 00:00:00","BZN|DK1","19.46","n/e"," ","13.62"
"25/07/2018 00:00:00 - 25/07/2018 01:00:00","BZN|DK1","29.80","n/e"," ","32.12"
"25/07/2018 01:00:00 - 25/07/2018 02:00:00","BZN|DK1","56.55","n/e"," ","56.13"
"25/07/2018 02:00:00 - 25/07/2018 03:00:00","BZN|DK1","40.23","n/e"," ","38.04"
"25/07/2018 03:00:00 - 25/07/2018 04:00:00","BZN|DK1","39.86","n/e"," ","44.07"
"25/07/2018 04:00:00 - 25/07/2018 05:00:00","BZN|DK1","59.71","n/e"," ","58.12"
"25/07/2018 05:00:00 - 25/07/2018 06:00:00","BZN|DK1","34.59","n/e"," ","32.48"
"25/07/2018 06:00:00 - 25/07/2018 07:00:00","BZN|DK1","14.52","n/e"," ","13.73"
"25/07/2018 07:00:00 - 25/07/2018 08:00:00","BZN|DK1","5.52","n/e"," ","6.24"
"25/07/2018 08:00:00 - 25/07/2018 09:00:00","BZN|DK1","2.60","n/e"," ","2.26"
"25/07/2018 09:00:00 - 25/07/2018 10:00:00","BZN|DK1","4.21","n/e"," ","0.73"
"25/07/2018 10:00:00 - 25/07/2018 11:00:00","BZN|DK1","4.92","n/e"," ","0.44"
"25/07/2018 11:00:00 - 25/07/2018 12:00:00","BZN|DK1","6.29","n/e"," ","0.87"
"25/07/2018 12:00:00 - 25/07/2018 13:00:00","BZN|DK1","9.58","n/e"," ","4.04"
"25/07/2018 13:00:00 - 25/07/2018 14:00:00","BZN|DK1","14.63","n/e"," ","17.57"
"25/07/2018 14:00:00 - 25/07/2018 15:00:00","BZN|DK1","21.38","n/e"," ","21.35"
"25/07/2018 15:00:00 - 25/07/2018 16:00:00","BZN|DK1","30.38","n/e"," ","45.73"
"25/07/2018 16:00:00 - 25/07/2018 17:00:00","BZN|DK1","44.17","n/e"," ","86.37"
"25/07/2018 17:00:00 - 25/07/2018 18:00:00","BZN|DK1","66.46","n/e"," ","59.65"
"25/07/2018 18:00:00 - 25/07/2018 19:00:00","BZN|DK1","92.38","n/e"," ","70.40"
"25/07/2018 19:00:00 - 25/07/2018 20:00:00","BZN|DK1","109.13","n/e"," ","95.60"
"25/07/2018 20:00:00 - 25/07/2018 21:00:00","BZN|DK1","116.04","n/e"," ","164.45"
"25/07/2018 21:00:00 - 25/07/2018 22:00:00","BZN|DK1","121.75","n/e"," ","187.86"
"25/07/2018 22:00:00 - 25/07/2018 23:00:00","BZN|DK1","124.96","n/e"," ","133.71"
"25/07/2018 23:00:00 - 26/07/2018 00:00:00","BZN|DK1","122.46","n/e"," ","133.22"
"26/07/2018 00:00:00 - 26/07/2018 01:00:00","BZN|DK1","105.18","n/e"," ","111.99"
"26/07/2018 01:00:00 - 26/07/2018 02:00:00","BZN|DK1","116.53","n/e"," ","124.55"
"26/07/2018 02:00:00 - 26/07/2018 03:00:00","BZN|DK1","129.84","n/e"," ","134.59"
"26/07/2018 03:00:00 - 26/07/2018 04:00:00","BZN|DK1","111.17","n/e"," ","119.04"
"26/07/2018 04:00:00 - 26/07/2018 05:00:00","BZN|DK1","101.86","n/e"," ","105.36"
"26/07/2018 05:00:00 - 26/07/2018 06:00:00","BZN|DK1","81.65","n/e"," ","85.65"
"26/07/2018 06:00:00 - 26/07/2018 07:00:00","BZN|DK1","55.23","n/e"," ","60.88"
"26/07/2018 07:00:00 - 26/07/2018 08:00:00","BZN|DK1","52.00","n/e"," ","56.51"
"26/07/2018 08:00:00 - 26/07/2018 09:00:00","BZN|DK1","45.95","n/e"," ","52.27"
"26/07/2018 09:00:00 - 26/07/2018 10:00:00","BZN|DK1","38.96","n/e"," ","48.44"
"26/07/2018 10:00:00 - 26/07/2018 11:00:00","BZN|DK1","35.63","n/e"," ","32.96"
"26/07/2018 11:00:00 - 26/07/2018 12:00:00","BZN|DK1","28.21","n/e"," ","21.53"
"26/07/2018 12:00:00 - 26/07/2018 13:00:00","BZN|DK1","22.17","n/e"," ","12.30"
"26/07/2018 13:00:00 - 26/07/2018 14:00:00","BZN|DK1","17.17","n/e"," ","9.88"
"26/07/2018 14:00:00 - 26/07/2018 15:00:00","BZN|DK1","13.75","n/e"," ","10.72"
"26/07/2018 15:00:00 - 26/07/2018 16:00:00","BZN|DK1","10.75","n/e"," ","14.33"
"26/07/2018 16:00:00 - 26/07/2018 17:00:00","BZN|DK1","13.42","n/e"," ","15.15"
"26/07/2018 17:00:00 - 26/07/2018 18:00:00","BZN|DK1","19.88","n/e"," ","16.94"
"26/07/2018 18:00:00 - 26/07/2018 19:00:00","BZN|DK1","36.96","n/e"," ","24.51"
"26/07/2018 19:00:00 - 26/07/2018 20:00:00","BZN|DK1","65.21","n/e"," ","46.38"
"26/07/2018 20:00:00 - 26/07/2018 21:00:00","BZN|DK1","113.63","n/e"," ","77.40"
"26/07/2018 21:00:00 - 26/07/2018 22:00:00","BZN|DK1","184.92","n/e"," ","191.67"
"26/07/2018 22:00:00 - 26/07/2018 23:00:00","BZN|DK1","270.29","n/e"," ","313.79"
"26/07/2018 23:00:00 - 27/07/2018 00:00:00","BZN|DK1","306.46","n/e"," ","360.41"
"27/07/2018 00:00:00 - 27/07/2018 01:00:00","BZN|DK1","340.20","n/e"," ","348.22"
"27/07/2018 01:00:00 - 27/07/2018 02:00:00","BZN|DK1","349.67","n/e"," ","357.38"
"27/07/2018 02:00:00 - 27/07/2018 03:00:00","BZN|DK1","347.80","n/e"," ","350.51"
"27/07/2018 03:00:00 - 27/07/2018 04:00:00","BZN|DK1","320.28","n/e"," ","325.76"
"27/07/2018 04:00:00 - 27/07/2018 05:00:00","BZN|DK1","311.51","n/e"," ","318.28"
"27/07/2018 05:00:00 - 27/07/2018 06:00:00","BZN|DK1","268.13","n/e"," ","273.27"
"27/07/2018 06:00:00 - 27/07/2018 07:00:00","BZN|DK1","242.05","n/e"," ","246.58"
"27/07/2018 07:00:00 - 27/07/2018 08:00:00","BZN|DK1","210.13","n/e"," ","213.85"
"27/07/2018 08:00:00 - 27/07/2018 09:00:00","BZN|DK1","196.11","n/e"," ","209.11"
"27/07/2018 09:00:00 - 27/07/2018 10:00:00","BZN|DK1","171.88","n/e"," ","182.33"
"27/07/2018 10:00:00 - 27/07/2018 11:00:00","BZN|DK1","141.33","n/e"," ","103.51"
"27/07/2018 11:00:00 - 27/07/2018 12:00:00","BZN|DK1","105.50","n/e"," ","61.26"
"27/07/2018 12:00:00 - 27/07/2018 13:00:00","BZN|DK1","82.38","n/e"," ","63.91"
"27/07/2018 13:00:00 - 27/07/2018 14:00:00","BZN|DK1","69.63","n/e"," ","39.01"
"27/07/2018 14:00:00 - 27/07/2018 15:00:00","BZN|DK1","77.75","n/e"," ","25.20"
"27/07/2018 15:00:00 - 27/07/2018 16:00:00","BZN|DK1","96.75","n/e"," ","21.90"
"27/07/2018 16:00:00 - 27/07/2018 17:00:00","BZN|DK1","125.79","n/e"," ","50.58"
"27/07/2018 17:00:00 - 27/07/2018 18:00:00","BZN|DK1","163.54","n/e"," ","117.06"
"27/07/2018 18:00:00 - 27/07/2018 19:00:00","BZN|DK1","217.21","n/e"," ","222.87"
"27/07/2018 19:00:00 - 27/07/2018 20:00:00","BZN|DK1","261.08","n/e"," ","310.26"
"27/07/2018 20:00:00 - 27/07/2018 21:00:00","BZN|DK1","297.71","n/e"," ","460.88"
"27/07/2018 21:00:00 - 27/07/2018 22:00:00","BZN|DK1","328.58","n/e"," ","452.54"
"27/07/2018 22:00:00 - 27/07/2018 23:00:00","BZN|DK1","347.13","n/e"," ","402.45"
"27/07/2018 23:00:00 - 28/07/2018 00:00:00","BZN|DK1","356.00","n/e"," ","415.63"
"28/07/2018 00:00:00 - 28/07/2018 01:00:00","BZN|DK1","390.58","n/e"," ","412.16"
"28/07/2018 01:00:00 - 28/07/2018 02:00:00","BZN|DK1","369.90","n/e"," ","397.65"
"28/07/2018 02:00:00 - 28/07/2018 03:00:00","BZN|DK1","369.63","n/e"," ","392.45"
"28/07/2018 03:00:00 - 28/07/2018 04:00:00","BZN|DK1","408.80","n/e"," ","432.04"
"28/07/2018 04:00:00 - 28/07/2018 05:00:00","BZN|DK1","492.85","n/e"," ","525.06"
"28/07/2018 05:00:00 - 28/07/2018 06:00:00","BZN|DK1","587.08","n/e"," ","618.63"
"28/07/2018 06:00:00 - 28/07/2018 07:00:00","BZN|DK1","641.27","n/e"," ","673.97"
"28/07/2018 07:00:00 - 28/07/2018 08:00:00","BZN|DK1","687.26","n/e"," ","719.10"
"28/07/2018 08:00:00 - 28/07/2018 09:00:00","BZN|DK1","641.06","n/e"," ","677.95"
"28/07/2018 09:00:00 - 28/07/2018 10:00:00","BZN|DK1","590.58","n/e"," ","586.94"
"28/07/2018 10:00:00 - 28/07/2018 11:00:00","BZN|DK1","510.46","n/e"," ","561.10"
"28/07/2018 11:00:00 - 28/07/2018 12:00:00","BZN|DK1","456.71","n/e"," ","518.98"
"28/07/2018 12:00:00 - 28/07/2018 13:00:00","BZN|DK1","434.75","n/e"," ","440.18"
"28/07/2018 13:00:00 - 28/07/2018 14:00:00","BZN|DK1","429.33","n/e"," ","412.27"
"28/07/2018 14:00:00 - 28/07/2018 15:00:00","BZN|DK1","415.88","n/e"," ","324.28"
"28/07/2018 15:00:00 - 28/07/2018 16:00:00","BZN|DK1","380.21","n/e"," ","364.96"
"28/07/2018 16:00:00 - 28/07/2018 17:00:00","BZN|DK1","339.67","n/e"," ","155.87"
"28/07/2018 17:00:00 - 28/07/2018 18:00:00","BZN|DK1","281.54","n/e"," ","210.09"
"28/07/2018 18:00:00 - 28/07/2018 19:00:00","BZN|DK1","244.83","n/e"," ","154.28"
"28/07/2018 19:00:00 - 28/07/2018 20:00:00","BZN|DK1","253.04","n/e"," ","133.30"
"28/07/2018 20:00:00 - 28/07/2018 21:00:00","BZN|DK1","294.21","n/e"," ","116.07"
"28/07/2018 21:00:00 - 28/07/2018 22:00:00","BZN|DK1","334.54","n/e"," ","310.19"
"28/07/2018 22:00:00 - 28/07/2018 23:00:00","BZN|DK1","332.38","n/e"," ","275.89"
"28/07/2018 23:00:00 - 29/07/2018 00:00:00","BZN|DK1","269.21","n/e"," ","151.21"
"29/07/2018 00:00:00 - 29/07/2018 01:00:00","BZN|DK1","76.20","n/e"," ","81.44"
"29/07/2018 01:00:00 - 29/07/2018 02:00:00","BZN|DK1","132.02","n/e"," ","151.49"
"29/07/2018 02:00:00 - 29/07/2018 03:00:00","BZN|DK1","133.80","n/e"," ","150.55"
"29/07/2018 03:00:00 - 29/07/2018 04:00:00","BZN|DK1","172.58","n/e"," ","188.01"
"29/07/2018 04:00:00 - 29/07/2018 05:00:00","BZN|DK1","174.91","n/e"," ","195.29"
"29/07/2018 05:00:00 - 29/07/2018 06:00:00","BZN|DK1","228.88","n/e"," ","236.56"
"29/07/2018 06:00:00 - 29/07/2018 07:00:00","BZN|DK1","179.11","n/e"," ","184.03"
"29/07/2018 07:00:00 - 29/07/2018 08:00:00","BZN|DK1","135.57","n/e"," ","139.00"
"29/07/2018 08:00:00 - 29/07/2018 09:00:00","BZN|DK1","113.30","n/e"," ","115.25"
"29/07/2018 09:00:00 - 29/07/2018 10:00:00","BZN|DK1","97.71","n/e"," ","112.26"
"29/07/2018 10:00:00 - 29/07/2018 11:00:00","BZN|DK1","87.08","n/e"," ","77.27"
"29/07/2018 11:00:00 - 29/07/2018 12:00:00","BZN|DK1","77.25","n/e"," ","77.04"
"29/07/2018 12:00:00 - 29/07/2018 13:00:00","BZN|DK1","69.79","n/e"," ","140.45"
"29/07/2018 13:00:00 - 29/07/2018 14:00:00","BZN|DK1","71.79","n/e"," ","141.66"
"29/07/2018 14:00:00 - 29/07/2018 15:00:00","BZN|DK1","86.17","n/e"," ","106.47"
"29/07/2018 15:00:00 - 29/07/2018 16:00:00","BZN|DK1","113.13","n/e"," ","112.73"
"29/07/2018 16:00:00 - 29/07/2018 17:00:00","BZN|DK1","148.38","n/e"," ","92.52"
"29/07/2018 17:00:00 - 29/07/2018 18:00:00","BZN|DK1","189.67","n/e"," ","102.67"
"29/07/2018 18:00:00 - 29/07/2018 19:00:00","BZN|DK1","233.33","n/e"," ","125.62"
"29/07/2018 19:00:00 - 29/07/2018 20:00:00","BZN|DK1","282.21","n/e"," ","145.70"
"29/07/2018 20:00:00 - 29/07/2018 21:00:00","BZN|DK1","318.75","n/e"," ","147.33"
"29/07/2018 21:00:00 - 29/07/2018 22:00:00","BZN|DK1","339.21","n/e"," ","193.46"
"29/07/2018 22:00:00 - 29/07/2018 23:00:00","BZN|DK1","338.83","n/e"," ","243.25"
"29/07/2018 23:00:00 - 30/07/2018 00:00:00","BZN|DK1","276.96","n/e"," ","218.60"
"30/07/2018 00:00:00 - 30/07/2018 01:00:00","BZN|DK1","164.13","n/e"," ","174.74"
"30/07/2018 01:00:00 - 30/07/2018 02:00:00","BZN|DK1","146.48","n/e"," ","157.95"
"30/07/2018 02:00:00 - 30/07/2018 03:00:00","BZN|DK1","165.65","n/e"," ","194.32"
"30/07/2018 03:00:00 - 30/07/2018 04:00:00","BZN|DK1","194.09","n/e"," ","224.56"
"30/07/2018 04:00:00 - 30/07/2018 05:00:00","BZN|DK1","237.66","n/e"," ","263.37"
"30/07/2018 05:00:00 - 30/07/2018 06:00:00","BZN|DK1","266.71","n/e"," ","272.62"
"30/07/2018 06:00:00 - 30/07/2018 07:00:00","BZN|DK1","211.92","n/e"," ","229.47"
"30/07/2018 07:00:00 - 30/07/2018 08:00:00","BZN|DK1","163.47","n/e"," ","180.48"
"30/07/2018 08:00:00 - 30/07/2018 09:00:00","BZN|DK1","160.24","n/e"," ","193.76"
"30/07/2018 09:00:00 - 30/07/2018 10:00:00","BZN|DK1","135.33","n/e"," ","154.43"
"30/07/2018 10:00:00 - 30/07/2018 11:00:00","BZN|DK1","107.92","n/e"," ","156.74"
"30/07/2018 11:00:00 - 30/07/2018 12:00:00","BZN|DK1","82.79","n/e"," ","148.39"
"30/07/2018 12:00:00 - 30/07/2018 13:00:00","BZN|DK1","62.71","n/e"," ","102.63"
"30/07/2018 13:00:00 - 30/07/2018 14:00:00","BZN|DK1","45.08","n/e"," ","75.70"
"30/07/2018 14:00:00 - 30/07/2018 15:00:00","BZN|DK1","34.13","n/e"," ","58.88"
"30/07/2018 15:00:00 - 30/07/2018 16:00:00","BZN|DK1","26.42","n/e"," ","93.44"
"30/07/2018 16:00:00 - 30/07/2018 17:00:00","BZN|DK1","21.25","n/e"," ","107.79"
"30/07/2018 17:00:00 - 30/07/2018 18:00:00","BZN|DK1","21.00","n/e"," ","77.30"
"30/07/2018 18:00:00 - 30/07/2018 19:00:00","BZN|DK1","22.46","n/e"," ","50.67"
"30/07/2018 19:00:00 - 30/07/2018 20:00:00","BZN|DK1","24.92","n/e"," ","51.12"
"30/07/2018 20:00:00 - 30/07/2018 21:00:00","BZN|DK1","38.21","n/e"," ","38.93"
"30/07/2018 21:00:00 - 30/07/2018 22:00:00","BZN|DK1","60.08","n/e"," ","51.63"
"30/07/2018 22:00:00 - 30/07/2018 23:00:00","BZN|DK1","91.92","n/e"," ","117.50"
"30/07/2018 23:00:00 - 31/07/2018 00:00:00","BZN|DK1","118.75","n/e"," ","293.93"
"31/07/2018 00:00:00 - 31/07/2018 01:00:00","BZN|DK1","414.03","n/e"," ","430.38"
"31/07/2018 01:00:00 - 31/07/2018 02:00:00","BZN|DK1","469.67","n/e"," ","488.25"
"31/07/2018 02:00:00 - 31/07/2018 03:00:00","BZN|DK1","476.66","n/e"," ","506.61"
"31/07/2018 03:00:00 - 31/07/2018 04:00:00","BZN|DK1","464.98","n/e"," ","482.57"
"31/07/2018 04:00:00 - 31/07/2018 05:00:00","BZN|DK1","373.43","n/e"," ","388.94"
"31/07/2018 05:00:00 - 31/07/2018 06:00:00","BZN|DK1","201.00","n/e"," ","213.98"
"31/07/2018 06:00:00 - 31/07/2018 07:00:00","BZN|DK1","197.56","n/e"," ","229.96"
"31/07/2018 07:00:00 - 31/07/2018 08:00:00","BZN|DK1","189.10","n/e"," ","223.45"
"31/07/2018 08:00:00 - 31/07/2018 09:00:00","BZN|DK1","201.63","n/e"," ","201.78"
"31/07/2018 09:00:00 - 31/07/2018 10:00:00","BZN|DK1","223.92","n/e"," ","226.73"
"31/07/2018 10:00:00 - 31/07/2018 11:00:00","BZN|DK1","240.96","n/e"," ","235.22"
"31/07/2018 11:00:00 - 31/07/2018 12:00:00","BZN|DK1","271.25","n/e"," ","210.60"
"31/07/2018 12:00:00 - 31/07/2018 13:00:00","BZN|DK1","305.63","n/e"," ","251.79"
"31/07/2018 13:00:00 - 31/07/2018 14:00:00","BZN|DK1","349.88","n/e"," ","308.29"
"31/07/2018 14:00:00 - 31/07/2018 15:00:00","BZN|DK1","375.46","n/e"," ","343.10"
"31/07/2018 15:00:00 - 31/07/2018 16:00:00","BZN|DK1","325.67","n/e"," ","592.51"
"31/07/2018 16:00:00 - 31/07/2018 17:00:00","BZN|DK1","282.33","n/e"," ","469.26"
"31/07/2018 17:00:00 - 31/07/2018 18:00:00","BZN|DK1","264.58","n/e"," ","346.75"
"31/07/2018 18:00:00 - 31/07/2018 19:00:00","BZN|DK1","255.33","n/e"," ","376.97"
"31/07/2018 19:00:00 - 31/07/2018 20:00:00","BZN|DK1","223.04","n/e"," ","371.60"
"31/07/2018 20:00:00 - 31/07/2018 21:00:00","BZN|DK1","171.67","n/e"," ","242.65"
"31/07/2018 21:00:00 - 31/07/2018 22:00:00","BZN|DK1","127.88","n/e"," ","121.80"
"31/07/2018 22:00:00 - 31/07/2018 23:00:00","BZN|DK1","89.88","n/e"," ","95.13"
"31/07/2018 23:00:00 - 01/08/2018 00:00:00","BZN|DK1","60.58","n/e"," ","84.21"
"01/08/2018 00:00:00 - 01/08/2018 01:00:00","BZN|DK1","52.43","n/e"," ","52.48"
"01/08/2018 01:00:00 - 01/08/2018 02:00:00","BZN|DK1","33.84","n/e"," ","35.92"
"01/08/2018 02:00:00 - 01/08/2018 03:00:00","BZN|DK1","65.26","n/e"," ","71.54"
"01/08/2018 03:00:00 - 01/08/2018 04:00:00","BZN|DK1","107.98","n/e"," ","111.90"
"01/08/2018 04:00:00 - 01/08/2018 05:00:00","BZN|DK1","88.98","n/e"," ","100.68"
"01/08/2018 05:00:00 - 01/08/2018 06:00:00","BZN|DK1","133.33","n/e"," ","140.68"
"01/08/2018 06:00:00 - 01/08/2018 07:00:00","BZN|DK1","101.62","n/e"," ","112.88"
"01/08/2018 07:00:00 - 01/08/2018 08:00:00","BZN|DK1","88.03","n/e"," ","88.06"
"01/08/2018 08:00:00 - 01/08/2018 09:00:00","BZN|DK1","68.54","n/e"," ","33.53"
"01/08/2018 09:00:00 - 01/08/2018 10:00:00","BZN|DK1","52.46","n/e"," ","41.10"
"01/08/2018 10:00:00 - 01/08/2018 11:00:00","BZN|DK1","25.00","n/e"," ","66.86"
"01/08/2018 11:00:00 - 01/08/2018 12:00:00","BZN|DK1","13.92","n/e"," ","44.29"
"01/08/2018 12:00:00 - 01/08/2018 13:00:00","BZN|DK1","5.75","n/e"," ","10.88"
"01/08/2018 13:00:00 - 01/08/2018 14:00:00","BZN|DK1","0.88","n/e"," ","5.93"
"01/08/2018 14:00:00 - 01/08/2018 15:00:00","BZN|DK1","0.00","n/e"," ","1.53"
"01/08/2018 15:00:00 - 01/08/2018 16:00:00","BZN|DK1","0.00","n/e"," ","1.99"
"01/08/2018 16:00:00 - 01/08/2018 17:00:00","BZN|DK1","0.00","n/e"," ","1.00"
"01/08/2018 17:00:00 - 01/08/2018 18:00:00","BZN|DK1","0.00","n/e"," ","0.66"
"01/08/2018 18:00:00 - 01/08/2018 19:00:00","BZN|DK1","0.00","n/e"," ","0.44"
"01/08/2018 19:00:00 - 01/08/2018 20:00:00","BZN|DK1","0.00","n/e"," ","0.15"
"01/08/2018 20:00:00 - 01/08/2018 21:00:00","BZN|DK1","0.00","n/e"," ","0.00"
"01/08/2018 21:00:00 - 01/08/2018 22:00:00","BZN|DK1","0.00","n/e"," ","0.01"
"01/08/2018 22:00:00 - 01/08/2018 23:00:00","BZN|DK1","0.00","n/e"," ","0.26"
"01/08/2018 23:00:00 - 02/08/2018 00:00:00","BZN|DK1","0.00","n/e"," ","0.35"
"02/08/2018 00:00:00 - 02/08/2018 01:00:00","BZN|DK1","0.00","n/e"," ","0.46"
"02/08/2018 01:00:00 - 02/08/2018 02:00:00","BZN|DK1","0.00","n/e"," ","0.00"
"02/08/2018 02:00:00 - 02/08/2018 03:00:00","BZN|DK1","0.00","n/e"," ","0.00"
"02/08/2018 03:00:00 - 02/08/2018 04:00:00","BZN|DK1","0.00","n/e"," ","0.00"
"02/08/2018 04:00:00 - 02/08/2018 05:00:00","BZN|DK1","0.00","n/e"," ","0.00"
"02/08/2018 05:00:00 - 02/08/2018 06:00:00","BZN|DK1","0.00","n/e"," ","0.00"
"02/08/2018 06:00:00 - 02/08/2018 07:00:00","BZN|DK1","0.00","n/e"," ","0.46"
"02/08/2018 07:00:00 - 02/08/2018 08:00:00","BZN|DK1","0.04","n/e"," ","1.57"
"02/08/2018 08:00:00 - 02/08/2018 09:00:00","BZN|DK1","4.71","n/e"," ","4.55"
"02/08/2018 09:00:00 - 02/08/2018 10:00:00","BZN|DK1","4.71","n/e"," ","6.77"
"02/08/2018 10:00:00 - 02/08/2018 11:00:00","BZN|DK1","6.50","n/e"," ","17.88"
"02/08/2018 11:00:00 - 02/08/2018 12:00:00","BZN|DK1","10.54","n/e"," ","28.81"
"02/08/2018 12:00:00 - 02/08/2018 13:00:00","BZN|DK1","12.50","n/e"," ","39.21"
"02/08/2018 13:00:00 - 02/08/2018 14:00:00","BZN|DK1","11.17","n/e"," ","34.17"
"02/08/2018 14:00:00 - 02/08/2018 15:00:00","BZN|DK1","8.38","n/e"," ","25.11"
"02/08/2018 15:00:00 - 02/08/2018 16:00:00","BZN|DK1","5.29","n/e"," ","7.10"
"02/08/2018 16:00:00 - 02/08/2018 17:00:00","BZN|DK1","4.29","n/e"," ","0.97"
"02/08/2018 17:00:00 - 02/08/2018 18:00:00","BZN|DK1","6.00","n/e"," ","0.83"
"02/08/2018 18:00:00 - 02/08/2018 19:00:00","BZN|DK1","7.71","n/e"," ","6.32"
"02/08/2018 19:00:00 - 02/08/2018 20:00:00","BZN|DK1","8.00","n/e"," ","10.07"
"02/08/2018 20:00:00 - 02/08/2018 21:00:00","BZN|DK1","8.75","n/e"," ","9.68"
"02/08/2018 21:00:00 - 02/08/2018 22:00:00","BZN|DK1","8.79","n/e"," ","6.75"
"02/08/2018 22:00:00 - 02/08/2018 23:00:00","BZN|DK1","8.79","n/e"," ","5.10"
"02/08/2018 23:00:00 - 03/08/2018 00:00:00","BZN|DK1","8.88","n/e"," ","2.65"
"03/08/2018 00:00:00 - 03/08/2018 01:00:00","BZN|DK1","18.50","n/e"," ","4.72"
"03/08/2018 01:00:00 - 03/08/2018 02:00:00","BZN|DK1","17.96","n/e"," ","9.98"
"03/08/2018 02:00:00 - 03/08/2018 03:00:00","BZN|DK1","17.42","n/e"," ","18.56"
"03/08/2018 03:00:00 - 03/08/2018 04:00:00","BZN|DK1","18.75","n/e"," ","23.50"
"03/08/2018 04:00:00 - 03/08/2018 05:00:00","BZN|DK1","21.00","n/e"," ","20.48"
"03/08/2018 05:00:00 - 03/08/2018 06:00:00","BZN|DK1","22.67","n/e"," ","13.89"
"03/08/2018 06:00:00 - 03/08/2018 07:00:00","BZN|DK1","22.00","n/e"," ","6.67"
"03/08/2018 07:00:00 - 03/08/2018 08:00:00","BZN|DK1","21.79","n/e"," ","2.36"
"03/08/2018 08:00:00 - 03/08/2018 09:00:00","BZN|DK1","19.29","n/e"," ","6.43"
"03/08/2018 09:00:00 - 03/08/2018 10:00:00","BZN|DK1","15.92","n/e"," ","7.16"
"03/08/2018 10:00:00 - 03/08/2018 11:00:00","BZN|DK1","13.46","n/e"," ","7.83"
"03/08/2018 11:00:00 - 03/08/2018 12:00:00","BZN|DK1","13.08","n/e"," ","4.87"
"03/08/2018 12:00:00 - 03/08/2018 13:00:00","BZN|DK1","13.54","n/e"," ","4.95"
"03/08/2018 13:00:00 - 03/08/2018 14:00:00","BZN|DK1","16.54","n/e"," ","6.09"
"03/08/2018 14:00:00 - 03/08/2018 15:00:00","BZN|DK1","22.00","n/e"," ","10.35"
"03/08/2018 15:00:00 - 03/08/2018 16:00:00","BZN|DK1","26.79","n/e"," ","24.48"
"03/08/2018 16:00:00 - 03/08/2018 17:00:00","BZN|DK1","29.25","n/e"," ","46.72"
"03/08/2018 17:00:00 - 03/08/2018 18:00:00","BZN|DK1","31.83","n/e"," ","49.03"
"03/08/2018 18:00:00 - 03/08/2018 19:00:00","BZN|DK1","34.58","n/e"," ","43.02"
"03/08/2018 19:00:00 - 03/08/2018 20:00:00","BZN|DK1","38.13","n/e"," ","38.02"
"03/08/2018 20:00:00 - 03/08/2018 21:00:00","BZN|DK1","45.79","n/e"," ","57.28"
"03/08/2018 21:00:00 - 03/08/2018 22:00:00","BZN|DK1","58.71","n/e"," ","45.92"
"03/08/2018 22:00:00 - 03/08/2018 23:00:00","BZN|DK1","77.13","n/e"," ","16.81"
"03/08/2018 23:00:00 - 04/08/2018 00:00:00","BZN|DK1","97.04","n/e"," ","38.59"
"04/08/2018 00:00:00 - 04/08/2018 01:00:00","BZN|DK1","95.65","n/e"," ","112.70"
"04/08/2018 01:00:00 - 04/08/2018 02:00:00","BZN|DK1","144.18","n/e"," ","152.25"
"04/08/2018 02:00:00 - 04/08/2018 03:00:00","BZN|DK1","128.34","n/e"," ","140.76"
"04/08/2018 03:00:00 - 04/08/2018 04:00:00","BZN|DK1","205.86","n/e"," ","224.65"
"04/08/2018 04:00:00 - 04/08/2018 05:00:00","BZN|DK1","203.03","n/e"," ","212.56"
"04/08/2018 05:00:00 - 04/08/2018 06:00:00","BZN|DK1","206.28","n/e"," ","219.33"
"04/08/2018 06:00:00 - 04/08/2018 07:00:00","BZN|DK1","257.51","n/e"," ","262.02"
"04/08/2018 07:00:00 - 04/08/2018 08:00:00","BZN|DK1","238.65","n/e"," ","244.20"
"04/08/2018 08:00:00 - 04/08/2018 09:00:00","BZN|DK1","228.94","n/e"," ","187.75"
"04/08/2018 09:00:00 - 04/08/2018 10:00:00","BZN|DK1","214.75","n/e"," ","200.35"
"04/08/2018 10:00:00 - 04/08/2018 11:00:00","BZN|DK1","191.58","n/e"," ","227.88"
"04/08/2018 11:00:00 - 04/08/2018 12:00:00","BZN|DK1","175.54","n/e"," ","256.20"
"04/08/2018 12:00:00 - 04/08/2018 13:00:00","BZN|DK1","149.79","n/e"," ","219.15"
"04/08/2018 13:00:00 - 04/08/2018 14:00:00","BZN|DK1","137.21","n/e"," ","122.62"
"04/08/2018 14:00:00 - 04/08/2018 15:00:00","BZN|DK1","142.83","n/e"," ","170.85"
"04/08/2018 15:00:00 - 04/08/2018 16:00:00","BZN|DK1","169.88","n/e"," ","184.76"
"04/08/2018 16:00:00 - 04/08/2018 17:00:00","BZN|DK1","228.29","n/e"," ","165.80"
"04/08/2018 17:00:00 - 04/08/2018 18:00:00","BZN|DK1","297.33","n/e"," ","227.88"
"04/08/2018 18:00:00 - 04/08/2018 19:00:00","BZN|DK1","367.67","n/e"," ","424.59"
"04/08/2018 19:00:00 - 04/08/2018 20:00:00","BZN|DK1","432.46","n/e"," ","549.89"
"04/08/2018 20:00:00 - 04/08/2018 21:00:00","BZN|DK1","486.42","n/e"," ","558.33"
"04/08/2018 21:00:00 - 04/08/2018 22:00:00","BZN|DK1","523.33","n/e"," ","674.65"
"04/08/2018 22:00:00 - 04/08/2018 23:00:00","BZN|DK1","543.96","n/e"," ","673.18"
"04/08/2018 23:00:00 - 05/08/2018 00:00:00","BZN|DK1","551.00","n/e"," ","744.85"
"05/08/2018 00:00:00 - 05/08/2018 01:00:00","BZN|DK1","659.50","n/e"," ","700.74"
"05/08/2018 01:00:00 - 05/08/2018 02:00:00","BZN|DK1","585.84","n/e"," ","654.79"
"05/08/2018 02:00:00 - 05/08/2018 03:00:00","BZN|DK1","691.50","n/e"," ","737.28"
"05/08/2018 03:00:00 - 05/08/2018 04:00:00","BZN|DK1","702.65","n/e"," ","762.02"
"05/08/2018 04:00:00 - 05/08/2018 05:00:00","BZN|DK1","692.95","n/e"," ","736.16"
"05/08/2018 05:00:00 - 05/08/2018 06:00:00","BZN|DK1","636.76","n/e"," ","680.77"
"05/08/2018 06:00:00 - 05/08/2018 07:00:00","BZN|DK1","668.08","n/e"," ","715.79"
"05/08/2018 07:00:00 - 05/08/2018 08:00:00","BZN|DK1","634.80","n/e"," ","676.26"
"05/08/2018 08:00:00 - 05/08/2018 09:00:00","BZN|DK1","604.71","n/e"," ","678.97"
"05/08/2018 09:00:00 - 05/08/2018 10:00:00","BZN|DK1","603.08","n/e"," ","641.77"
"05/08/2018 10:00:00 - 05/08/2018 11:00:00","BZN|DK1","599.79","n/e"," ","682.50"
"05/08/2018 11:00:00 - 05/08/2018 12:00:00","BZN|DK1","576.21","n/e"," ","647.71"
"05/08/2018 12:00:00 - 05/08/2018 13:00:00","BZN|DK1","557.00","n/e"," ","554.34"
"05/08/2018 13:00:00 - 05/08/2018 14:00:00","BZN|DK1","544.96","n/e"," ","492.63"
"05/08/2018 14:00:00 - 05/08/2018 15:00:00","BZN|DK1","537.50","n/e"," ","521.11"
"05/08/2018 15:00:00 - 05/08/2018 16:00:00","BZN|DK1","533.00","n/e"," ","527.87"
"05/08/2018 16:00:00 - 05/08/2018 17:00:00","BZN|DK1","532.75","n/e"," ","549.45"
"05/08/2018 17:00:00 - 05/08/2018 18:00:00","BZN|DK1","531.29","n/e"," ","572.11"
"05/08/2018 18:00:00 - 05/08/2018 19:00:00","BZN|DK1","527.75","n/e"," ","507.15"
"05/08/2018 19:00:00 - 05/08/2018 20:00:00","BZN|DK1","521.25","n/e"," ","531.05"
"05/08/2018 20:00:00 - 05/08/2018 21:00:00","BZN|DK1","515.50","n/e"," ","539.23"
"05/08/2018 21:00:00 - 05/08/2018 22:00:00","BZN|DK1","508.13","n/e"," ","502.12"
"05/08/2018 22:00:00 - 05/08/2018 23:00:00","BZN|DK1","501.75","n/e"," ","493.85"
"05/08/2018 23:00:00 - 06/08/2018 00:00:00","BZN|DK1","495.71","n/e"," ","471.97"
"06/08/2018 00:00:00 - 06/08/2018 01:00:00","BZN|DK1","413.65","n/e"," ","436.59"
"06/08/2018 01:00:00 - 06/08/2018 02:00:00","BZN|DK1","396.05","n/e"," ","418.33"
"06/08/2018 02:00:00 - 06/08/2018 03:00:00","BZN|DK1","384.13","n/e"," ","408.61"
"06/08/2018 03:00:00 - 06/08/2018 04:00:00","BZN|DK1","395.16","n/e"," ","419.81"
"06/08/2018 04:00:00 - 06/08/2018 05:00:00","BZN|DK1","416.56","n/e"," ","437.62"
"06/08/2018 05:00:00 - 06/08/2018 06:00:00","BZN|DK1","441.16","n/e"," ","455.44"
"06/08/2018 06:00:00 - 06/08/2018 07:00:00","BZN|DK1","422.52","n/e"," ","430.65"
"06/08/2018 07:00:00 - 06/08/2018 08:00:00","BZN|DK1","393.77","n/e"," ","400.30"
"06/08/2018 08:00:00 - 06/08/2018 09:00:00","BZN|DK1","361.35","n/e"," ","387.77"
"06/08/2018 09:00:00 - 06/08/2018 10:00:00","BZN|DK1","326.25","n/e"," ","328.68"
"06/08/2018 10:00:00 - 06/08/2018 11:00:00","BZN|DK1","306.79","n/e"," ","298.53"
"06/08/2018 11:00:00 - 06/08/2018 12:00:00","BZN|DK1","274.33","n/e"," ","289.35"
"06/08/2018 12:00:00 - 06/08/2018 13:00:00","BZN|DK1","239.58","n/e"," ","288.70"
"06/08/2018 13:00:00 - 06/08/2018 14:00:00","BZN|DK1","202.46","n/e"," ","214.88"
"06/08/2018 14:00:00 - 06/08/2018 15:00:00","BZN|DK1","169.71","n/e"," ","179.27"
"06/08/2018 15:00:00 - 06/08/2018 16:00:00","BZN|DK1","146.79","n/e"," ","156.87"
"06/08/2018 16:00:00 - 06/08/2018 17:00:00","BZN|DK1","138.88","n/e"," ","128.11"
"06/08/2018 17:00:00 - 06/08/2018 18:00:00","BZN|DK1","141.04","n/e"," ","101.82"
"06/08/2018 18:00:00 - 06/08/2018 19:00:00","BZN|DK1","142.08","n/e"," ","70.85"
"06/08/2018 19:00:00 - 06/08/2018 20:00:00","BZN|DK1","137.08","n/e"," ","72.37"
"06/08/2018 20:00:00 - 06/08/2018 21:00:00","BZN|DK1","125.29","n/e"," ","90.26"
"06/08/2018 21:00:00 - 06/08/2018 22:00:00","BZN|DK1","111.50","n/e"," ","92.93"
"06/08/2018 22:00:00 - 06/08/2018 23:00:00","BZN|DK1","99.33","n/e"," ","115.68"
"06/08/2018 23:00:00 - 07/08/2018 00:00:00","BZN|DK1","87.33","n/e"," ","83.39"
"07/08/2018 00:00:00 - 07/08/2018 01:00:00","BZN|DK1","43.65","n/e"," ","41.89"
"07/08/2018 01:00:00 - 07/08/2018 02:00:00","BZN|DK1","19.13","n/e"," ","19.90"
"07/08/2018 02:00:00 - 07/08/2018 03:00:00","BZN|DK1","21.75","n/e"," ","21.15"
"07/08/2018 03:00:00 - 07/08/2018 04:00:00","BZN|DK1","25.75","n/e"," ","26.30"
"07/08/2018 04:00:00 - 07/08/2018 05:00:00","BZN|DK1","20.35","n/e"," ","19.14"
"07/08/2018 05:00:00 - 07/08/2018 06:00:00","BZN|DK1","4.15","n/e"," ","4.05"
"07/08/2018 06:00:00 - 07/08/2018 07:00:00","BZN|DK1","0.19","n/e"," ","2.50"
"07/08/2018 07:00:00 - 07/08/2018 08:00:00","BZN|DK1","0.00","n/e"," ","2.17"
"07/08/2018 08:00:00 - 07/08/2018 09:00:00","BZN|DK1","1.00","n/e"," ","2.03"
"07/08/2018 09:00:00 - 07/08/2018 10:00:00","BZN|DK1","3.42","n/e"," ","1.94"
"07/08/2018 10:00:00 - 07/08/2018 11:00:00","BZN|DK1","2.13","n/e"," ","23.24"
"07/08/2018 11:00:00 - 07/08/2018 12:00:00","BZN|DK1","9.42","n/e"," ","38.90"
"07/08/2018 12:00:00 - 07/08/2018 13:00:00","BZN|DK1","21.25","n/e"," ","37.32"
"07/08/2018 13:00:00 - 07/08/2018 14:00:00","BZN|DK1","34.13","n/e"," ","53.94"
"07/08/2018 14:00:00 - 07/08/2018 15:00:00","BZN|DK1","48.75","n/e"," ","88.49"
"07/08/2018 15:00:00 - 07/08/2018 16:00:00","BZN|DK1","60.08","n/e"," ","118.20"
"07/08/2018 16:00:00 - 07/08/2018 17:00:00","BZN|DK1","80.00","n/e"," ","127.70"
"07/08/2018 17:00:00 - 07/08/2018 18:00:00","BZN|DK1","103.83","n/e"," ","132.08"
"07/08/2018 18:00:00 - 07/08/2018 19:00:00","BZN|DK1","133.75","n/e"," ","131.05"
"07/08/2018 19:00:00 - 07/08/2018 20:00:00","BZN|DK1","173.25","n/e"," ","190.42"
"07/08/2018 20:00:00 - 07/08/2018 21:00:00","BZN|DK1","225.58","n/e"," ","323.82"
"07/08/2018 21:00:00 - 07/08/2018 22:00:00","BZN|DK1","285.38","n/e"," ","372.26"
"07/08/2018 22:00:00 - 07/08/2018 23:00:00","BZN|DK1","339.50","n/e"," ","391.29"
"07/08/2018 23:00:00 - 08/08/2018 00:00:00","BZN|DK1","371.00","n/e"," ","405.91"
"08/08/2018 00:00:00 - 08/08/2018 01:00:00","BZN|DK1","436.31","n/e"," ","477.76"
"08/08/2018 01:00:00 - 08/08/2018 02:00:00","BZN|DK1","547.58","n/e"," ","576.84"
"08/08/2018 02:00:00 - 08/08/2018 03:00:00","BZN|DK1","599.00","n/e"," ","553.78"
"08/08/2018 03:00:00 - 08/08/2018 04:00:00","BZN|DK1","578.35","n/e"," ","577.78"
"08/08/2018 04:00:00 - 08/08/2018 05:00:00","BZN|DK1","477.93","n/e"," ","525.24"
"08/08/2018 05:00:00 - 08/08/2018 06:00:00","BZN|DK1","591.23","n/e"," ","650.66"
"08/08/2018 06:00:00 - 08/08/2018 07:00:00","BZN|DK1","443.11","n/e"," ","427.30"
"08/08/2018 07:00:00 - 08/08/2018 08:00:00","BZN|DK1","361.96","n/e"," ","381.59"
"08/08/2018 08:00:00 - 08/08/2018 09:00:00","BZN|DK1","361.82","n/e"," ","394.03"
"08/08/2018 09:00:00 - 08/08/2018 10:00:00","BZN|DK1","358.75","n/e"," ","244.48"
"08/08/2018 10:00:00 - 08/08/2018 11:00:00","BZN|DK1","369.21","n/e"," ","87.31"
"08/08/2018 11:00:00 - 08/08/2018 12:00:00","BZN|DK1","354.08","n/e"," ","209.76"
"08/08/2018 12:00:00 - 08/08/2018 13:00:00","BZN|DK1","321.25","n/e"," ","201.53"
"08/08/2018 13:00:00 - 08/08/2018 14:00:00","BZN|DK1","290.04","n/e"," ","256.81"
"08/08/2018 14:00:00 - 08/08/2018 15:00:00","BZN|DK1","293.79","n/e"," ","276.26"
"08/08/2018 15:00:00 - 08/08/2018 16:00:00","BZN|DK1","323.21","n/e"," ","309.73"
"08/08/2018 16:00:00 - 08/08/2018 17:00:00","BZN|DK1","345.08","n/e"," ","350.18"
"08/08/2018 17:00:00 - 08/08/2018 18:00:00","BZN|DK1","355.33","n/e"," ","195.76"
"08/08/2018 18:00:00 - 08/08/2018 19:00:00","BZN|DK1","369.63","n/e"," ","203.08"
"08/08/2018 19:00:00 - 08/08/2018 20:00:00","BZN|DK1","381.33","n/e"," ","152.10"
"08/08/2018 20:00:00 - 08/08/2018 21:00:00","BZN|DK1","351.96","n/e"," ","465.60"
"08/08/2018 21:00:00 - 08/08/2018 22:00:00","BZN|DK1","281.54","n/e"," ","257.56"
"08/08/2018 22:00:00 - 08/08/2018 23:00:00","BZN|DK1","216.17","n/e"," ","286.89"
"08/08/2018 23:00:00 - 09/08/2018 00:00:00","BZN|DK1","177.75","n/e"," ","351.98"
"09/08/2018 00:00:00 - 09/08/2018 01:00:00","BZN|DK1","379.74","n/e"," ","405.44"
"09/08/2018 01:00:00 - 09/08/2018 02:00:00","BZN|DK1","330.10","n/e"," ","335.13"
"09/08/2018 02:00:00 - 09/08/2018 03:00:00","BZN|DK1","220.27","n/e"," ","224.13"
"09/08/2018 03:00:00 - 09/08/2018 04:00:00","BZN|DK1","164.63","n/e"," ","171.09"
"09/08/2018 04:00:00 - 09/08/2018 05:00:00","BZN|DK1","146.95","n/e"," ","151.32"
"09/08/2018 05:00:00 - 09/08/2018 06:00:00","BZN|DK1","115.14","n/e"," ","115.48"
"09/08/2018 06:00:00 - 09/08/2018 07:00:00","BZN|DK1","57.08","n/e"," ","57.49"
"09/08/2018 07:00:00 - 09/08/2018 08:00:00","BZN|DK1","35.54","n/e"," ","36.37"
"09/08/2018 08:00:00 - 09/08/2018 09:00:00","BZN|DK1","37.74","n/e"," ","28.02"
"09/08/2018 09:00:00 - 09/08/2018 10:00:00","BZN|DK1","34.38","n/e"," ","49.34"
"09/08/2018 10:00:00 - 09/08/2018 11:00:00","BZN|DK1","18.17","n/e"," ","86.17"
"09/08/2018 11:00:00 - 09/08/2018 12:00:00","BZN|DK1","12.79","n/e"," ","53.37"
"09/08/2018 12:00:00 - 09/08/2018 13:00:00","BZN|DK1","11.92","n/e"," ","17.67"
"09/08/2018 13:00:00 - 09/08/2018 14:00:00","BZN|DK1","11.33","n/e"," ","11.06"
"09/08/2018 14:00:00 - 09/08/2018 15:00:00","BZN|DK1","9.46","n/e"," ","15.85"
"09/08/2018 15:00:00 - 09/08/2018 16:00:00","BZN|DK1","8.50","n/e"," ","5.96"
"09/08/2018 16:00:00 - 09/08/2018 17:00:00","BZN|DK1","8.75","n/e"," ","12.85"
"09/08/2018 17:00:00 - 09/08/2018 18:00:00","BZN|DK1","12.71","n/e"," ","23.98"
"09/08/2018 18:00:00 - 09/08/2018 19:00:00","BZN|DK1","24.75","n/e"," ","65.76"
"09/08/2018 19:00:00 - 09/08/2018 20:00:00","BZN|DK1","46.67","n/e"," ","157.85"
"09/08/2018 20:00:00 - 09/08/2018 21:00:00","BZN|DK1","86.33","n/e"," ","268.99"
"09/08/2018 21:00:00 - 09/08/2018 22:00:00","BZN|DK1","157.96","n/e"," ","455.18"
"09/08/2018 22:00:00 - 09/08/2018 23:00:00","BZN|DK1","259.63","n/e"," ","583.96"
"09/08/2018 23:00:00 - 10/08/2018 00:00:00","BZN|DK1","386.25","n/e"," ","734.77"
"10/08/2018 00:00:00 - 10/08/2018 01:00:00","BZN|DK1","704.18","n/e"," ","764.10"
"10/08/2018 01:00:00 - 10/08/2018 02:00:00","BZN|DK1","719.23","n/e"," ","772.23"
"10/08/2018 02:00:00 - 10/08/2018 03:00:00","BZN|DK1","721.62","n/e"," ","771.12"
"10/08/2018 03:00:00 - 10/08/2018 04:00:00","BZN|DK1","672.84","n/e"," ","711.12"
"10/08/2018 04:00:00 - 10/08/2018 05:00:00","BZN|DK1","682.33","n/e"," ","755.76"
"10/08/2018 05:00:00 - 10/08/2018 06:00:00","BZN|DK1","735.17","n/e"," ","787.96"
"10/08/2018 06:00:00 - 10/08/2018 07:00:00","BZN|DK1","734.85","n/e"," ","783.19"
"10/08/2018 07:00:00 - 10/08/2018 08:00:00","BZN|DK1","737.50","n/e"," ","779.41"
"10/08/2018 08:00:00 - 10/08/2018 09:00:00","BZN|DK1","739.97","n/e"," ","782.81"
"10/08/2018 09:00:00 - 10/08/2018 10:00:00","BZN|DK1","742.38","n/e"," ","789.01"
"10/08/2018 10:00:00 - 10/08/2018 11:00:00","BZN|DK1","738.42","n/e"," ","785.36"
"10/08/2018 11:00:00 - 10/08/2018 12:00:00","BZN|DK1","736.79","n/e"," ","777.02"
"10/08/2018 12:00:00 - 10/08/2018 13:00:00","BZN|DK1","731.79","n/e"," ","749.13"
"10/08/2018 13:00:00 - 10/08/2018 14:00:00","BZN|DK1","722.17","n/e"," ","683.36"
"10/08/2018 14:00:00 - 10/08/2018 15:00:00","BZN|DK1","710.17","n/e"," ","683.48"
"10/08/2018 15:00:00 - 10/08/2018 16:00:00","BZN|DK1","702.71","n/e"," ","710.73"
"10/08/2018 16:00:00 - 10/08/2018 17:00:00","BZN|DK1","686.50","n/e"," ","720.46"
"10/08/2018 17:00:00 - 10/08/2018 18:00:00","BZN|DK1","649.63","n/e"," ","604.74"
"10/08/2018 18:00:00 - 10/08/2018 19:00:00","BZN|DK1","602.29","n/e"," ","585.07"
"10/08/2018 19:00:00 - 10/08/2018 20:00:00","BZN|DK1","557.88","n/e"," ","454.74"
"10/08/2018 20:00:00 - 10/08/2018 21:00:00","BZN|DK1","515.50","n/e"," ","429.37"
"10/08/2018 21:00:00 - 10/08/2018 22:00:00","BZN|DK1","461.75","n/e"," ","457.55"
"10/08/2018 22:00:00 - 10/08/2018 23:00:00","BZN|DK1","405.88","n/e"," ","393.63"
"10/08/2018 23:00:00 - 11/08/2018 00:00:00","BZN|DK1","371.83","n/e"," ","380.87"
"11/08/2018 00:00:00 - 11/08/2018 01:00:00","BZN|DK1","370.16","n/e"," ","347.48"
"11/08/2018 01:00:00 - 11/08/2018 02:00:00","BZN|DK1","199.51","n/e"," ","189.39"
"11/08/2018 02:00:00 - 11/08/2018 03:00:00","BZN|DK1","193.08","n/e"," ","200.18"
"11/08/2018 03:00:00 - 11/08/2018 04:00:00","BZN|DK1","254.13","n/e"," ","274.34"
"11/08/2018 04:00:00 - 11/08/2018 05:00:00","BZN|DK1","283.20","n/e"," ","340.86"
"11/08/2018 05:00:00 - 11/08/2018 06:00:00","BZN|DK1","474.44","n/e"," ","510.75"
"11/08/2018 06:00:00 - 11/08/2018 07:00:00","BZN|DK1","416.79","n/e"," ","461.68"
"11/08/2018 07:00:00 - 11/08/2018 08:00:00","BZN|DK1","467.22","n/e"," ","492.02"
"11/08/2018 08:00:00 - 11/08/2018 09:00:00","BZN|DK1","515.35","n/e"," ","507.24"
"11/08/2018 09:00:00 - 11/08/2018 10:00:00","BZN|DK1","566.13","n/e"," ","509.09"
"11/08/2018 10:00:00 - 11/08/2018 11:00:00","BZN|DK1","599.38","n/e"," ","584.50"
"11/08/2018 11:00:00 - 11/08/2018 12:00:00","BZN|DK1","585.38","n/e"," ","622.05"
"11/08/2018 12:00:00 - 11/08/2018 13:00:00","BZN|DK1","564.42","n/e"," ","619.87"
"11/08/2018 13:00:00 - 11/08/2018 14:00:00","BZN|DK1","527.00","n/e"," ","596.56"
"11/08/2018 14:00:00 - 11/08/2018 15:00:00","BZN|DK1","481.42","n/e"," ","638.36"
"11/08/2018 15:00:00 - 11/08/2018 16:00:00","BZN|DK1","448.63","n/e"," ","653.80"
"11/08/2018 16:00:00 - 11/08/2018 17:00:00","BZN|DK1","464.96","n/e"," ","607.68"
"11/08/2018 17:00:00 - 11/08/2018 18:00:00","BZN|DK1","524.79","n/e"," ","631.38"
"11/08/2018 18:00:00 - 11/08/2018 19:00:00","BZN|DK1","623.46","n/e"," ","747.53"
"11/08/2018 19:00:00 - 11/08/2018 20:00:00","BZN|DK1","648.67","n/e"," ","706.56"
"11/08/2018 20:00:00 - 11/08/2018 21:00:00","BZN|DK1","630.38","n/e"," ","626.98"
"11/08/2018 21:00:00 - 11/08/2018 22:00:00","BZN|DK1","609.00","n/e"," ","573.62"
"11/08/2018 22:00:00 - 11/08/2018 23:00:00","BZN|DK1","590.83","n/e"," ","527.91"
"11/08/2018 23:00:00 - 12/08/2018 00:00:00","BZN|DK1","576.00","n/e"," ","516.93"
"12/08/2018 00:00:00 - 12/08/2018 01:00:00","BZN|DK1","489.67","n/e"," ","540.53"
"12/08/2018 01:00:00 - 12/08/2018 02:00:00","BZN|DK1","493.70","n/e"," ","532.16"
"12/08/2018 02:00:00 - 12/08/2018 03:00:00","BZN|DK1","463.69","n/e"," ","502.83"
"12/08/2018 03:00:00 - 12/08/2018 04:00:00","BZN|DK1","453.44","n/e"," ","484.97"
"12/08/2018 04:00:00 - 12/08/2018 05:00:00","BZN|DK1","431.13","n/e"," ","453.48"
"12/08/2018 05:00:00 - 12/08/2018 06:00:00","BZN|DK1","420.29","n/e"," ","440.70"
"12/08/2018 06:00:00 - 12/08/2018 07:00:00","BZN|DK1","412.76","n/e"," ","431.48"
"12/08/2018 07:00:00 - 12/08/2018 08:00:00","BZN|DK1","438.38","n/e"," ","449.13"
"12/08/2018 08:00:00 - 12/08/2018 09:00:00","BZN|DK1","432.61","n/e"," ","417.99"
"12/08/2018 09:00:00 - 12/08/2018 10:00:00","BZN|DK1","412.42","n/e"," ","342.80"
"12/08/2018 10:00:00 - 12/08/2018 11:00:00","BZN|DK1","379.58","n/e"," ","351.19"
"12/08/2018 11:00:00 - 12/08/2018 12:00:00","BZN|DK1","347.75","n/e"," ","303.62"
"12/08/2018 12:00:00 - 12/08/2018 13:00:00","BZN|DK1","322.21","n/e"," ","339.26"
"12/08/2018 13:00:00 - 12/08/2018 14:00:00","BZN|DK1","315.75","n/e"," ","301.90"
"12/08/2018 14:00:00 - 12/08/2018 15:00:00","BZN|DK1","321.25","n/e"," ","406.30"
"12/08/2018 15:00:00 - 12/08/2018 16:00:00","BZN|DK1","317.25","n/e"," ","495.89"
"12/08/2018 16:00:00 - 12/08/2018 17:00:00","BZN|DK1","306.46","n/e"," ","428.00"
"12/08/2018 17:00:00 - 12/08/2018 18:00:00","BZN|DK1","266.79","n/e"," ","384.59"
"12/08/2018 18:00:00 - 12/08/2018 19:00:00","BZN|DK1","222.63","n/e"," ","379.07"
"12/08/2018 19:00:00 - 12/08/2018 20:00:00","BZN|DK1","185.25","n/e"," ","144.47"
"12/08/2018 20:00:00 - 12/08/2018 21:00:00","BZN|DK1","151.83","n/e"," ","165.33"
"12/08/2018 21:00:00 - 12/08/2018 22:00:00","BZN|DK1","124.63","n/e"," ","151.95"
"12/08/2018 22:00:00 - 12/08/2018 23:00:00","BZN|DK1","110.96","n/e"," ","93.23"
"12/08/2018 23:00:00 - 13/08/2018 00:00:00","BZN|DK1","108.50","n/e"," ","95.41"
"13/08/2018 00:00:00 - 13/08/2018 01:00:00","BZN|DK1","71.36","n/e"," ","94.59"
"13/08/2018 01:00:00 - 13/08/2018 02:00:00","BZN|DK1","141.89","n/e"," ","155.22"
"13/08/2018 02:00:00 - 13/08/2018 03:00:00","BZN|DK1","98.86","n/e"," ","114.68"
"13/08/2018 03:00:00 - 13/08/2018 04:00:00","BZN|DK1","127.13","n/e"," ","144.94"
"13/08/2018 04:00:00 - 13/08/2018 05:00:00","BZN|DK1","153.94","n/e"," ","167.53"
"13/08/2018 05:00:00 - 13/08/2018 06:00:00","BZN|DK1","190.25","n/e"," ","206.69"
"13/08/2018 06:00:00 - 13/08/2018 07:00:00","BZN|DK1","275.98","n/e"," ","291.26"
"13/08/2018 07:00:00 - 13/08/2018 08:00:00","BZN|DK1","339.79","n/e"," ","355.13"
"13/08/2018 08:00:00 - 13/08/2018 09:00:00","BZN|DK1","356.32","n/e"," ","419.69"
"13/08/2018 09:00:00 - 13/08/2018 10:00:00","BZN|DK1","321.88","n/e"," ","405.04"
"13/08/2018 10:00:00 - 13/08/2018 11:00:00","BZN|DK1","266.96","n/e"," ","373.07"
"13/08/2018 11:00:00 - 13/08/2018 12:00:00","BZN|DK1","221.63","n/e"," ","326.18"
"13/08/2018 12:00:00 - 13/08/2018 13:00:00","BZN|DK1","189.33","n/e"," ","214.83"
"13/08/2018 13:00:00 - 13/08/2018 14:00:00","BZN|DK1","166.54","n/e"," ","132.48"
"13/08/2018 14:00:00 - 13/08/2018 15:00:00","BZN|DK1","151.96","n/e"," ","95.52"
"13/08/2018 15:00:00 - 13/08/2018 16:00:00","BZN|DK1","140.50","n/e"," ","88.89"
"13/08/2018 16:00:00 - 13/08/2018 17:00:00","BZN|DK1","132.75","n/e"," ","27.30"
"13/08/2018 17:00:00 - 13/08/2018 18:00:00","BZN|DK1","128.33","n/e"," ","43.09"
"13/08/2018 18:00:00 - 13/08/2018 19:00:00","BZN|DK1","129.46","n/e"," ","108.34"
"13/08/2018 19:00:00 - 13/08/2018 20:00:00","BZN|DK1","138.67","n/e"," ","114.00"
"13/08/2018 20:00:00 - 13/08/2018 21:00:00","BZN|DK1","151.58","n/e"," ","157.07"
"13/08/2018 21:00:00 - 13/08/2018 22:00:00","BZN|DK1","161.00","n/e"," ","162.52"
"13/08/2018 22:00:00 - 13/08/2018 23:00:00","BZN|DK1","168.33","n/e"," ","237.19"
"13/08/2018 23:00:00 - 14/08/2018 00:00:00","BZN|DK1","180.83","n/e"," ","158.27"
"14/08/2018 00:00:00 - 14/08/2018 01:00:00","BZN|DK1","69.83","n/e"," ","74.36"
"14/08/2018 01:00:00 - 14/08/2018 02:00:00","BZN|DK1","77.58","n/e"," ","98.94"
"14/08/2018 02:00:00 - 14/08/2018 03:00:00","BZN|DK1","224.02","n/e"," ","247.00"
"14/08/2018 03:00:00 - 14/08/2018 04:00:00","BZN|DK1","235.22","n/e"," ","236.54"
"14/08/2018 04:00:00 - 14/08/2018 05:00:00","BZN|DK1","151.11","n/e"," ","162.17"
"14/08/2018 05:00:00 - 14/08/2018 06:00:00","BZN|DK1","132.20","n/e"," ","147.32"
"14/08/2018 06:00:00 - 14/08/2018 07:00:00","BZN|DK1","127.55","n/e"," ","127.88"
"14/08/2018 07:00:00 - 14/08/2018 08:00:00","BZN|DK1","111.90","n/e"," ","115.02"
"14/08/2018 08:00:00 - 14/08/2018 09:00:00","BZN|DK1","118.85","n/e"," ","110.07"
"14/08/2018 09:00:00 - 14/08/2018 10:00:00","BZN|DK1","111.29","n/e"," ","90.37"
"14/08/2018 10:00:00 - 14/08/2018 11:00:00","BZN|DK1","80.17","n/e"," ","49.42"
"14/08/2018 11:00:00 - 14/08/2018 12:00:00","BZN|DK1","63.67","n/e"," ","5.68"
"14/08/2018 12:00:00 - 14/08/2018 13:00:00","BZN|DK1","56.21","n/e"," ","6.51"
"14/08/2018 13:00:00 - 14/08/2018 14:00:00","BZN|DK1","61.13","n/e"," ","32.12"
"14/08/2018 14:00:00 - 14/08/2018 15:00:00","BZN|DK1","87.79","n/e"," ","119.80"
"14/08/2018 15:00:00 - 14/08/2018 16:00:00","BZN|DK1","132.96","n/e"," ","132.63"
"14/08/2018 16:00:00 - 14/08/2018 17:00:00","BZN|DK1","166.38","n/e"," ","134.10"
"14/08/2018 17:00:00 - 14/08/2018 18:00:00","BZN|DK1","180.96","n/e"," ","197.40"
"14/08/2018 18:00:00 - 14/08/2018 19:00:00","BZN|DK1","191.04","n/e"," ","231.84"
"14/08/2018 19:00:00 - 14/08/2018 20:00:00","BZN|DK1","188.88","n/e"," ","176.28"
"14/08/2018 20:00:00 - 14/08/2018 21:00:00","BZN|DK1","177.33","n/e"," ","129.80"
"14/08/2018 21:00:00 - 14/08/2018 22:00:00","BZN|DK1","168.92","n/e"," ","107.65"
"14/08/2018 22:00:00 - 14/08/2018 23:00:00","BZN|DK1","174.08","n/e"," ","132.48"
"14/08/2018 23:00:00 - 15/08/2018 00:00:00","BZN|DK1","194.88","n/e"," ","257.37"
"15/08/2018 00:00:00 - 15/08/2018 01:00:00","BZN|DK1","319.78","n/e"," ","339.60"
"15/08/2018 01:00:00 - 15/08/2018 02:00:00","BZN|DK1","344.40","n/e"," ","370.63"
"15/08/2018 02:00:00 - 15/08/2018 03:00:00","BZN|DK1","307.65","n/e"," ","323.83"
"15/08/2018 03:00:00 - 15/08/2018 04:00:00","BZN|DK1","211.45","n/e"," ","225.88"
"15/08/2018 04:00:00 - 15/08/2018 05:00:00","BZN|DK1","191.40","n/e"," ","201.87"
"15/08/2018 05:00:00 - 15/08/2018 06:00:00","BZN|DK1","180.96","n/e"," ","193.77"
"15/08/2018 06:00:00 - 15/08/2018 07:00:00","BZN|DK1","242.87","n/e"," ","248.08"
"15/08/2018 07:00:00 - 15/08/2018 08:00:00","BZN|DK1","179.32","n/e"," ","184.06"
"15/08/2018 08:00:00 - 15/08/2018 09:00:00","BZN|DK1","176.46","n/e"," ","110.76"
"15/08/2018 09:00:00 - 15/08/2018 10:00:00","BZN|DK1","87.88","n/e"," ","69.35"
"15/08/2018 10:00:00 - 15/08/2018 11:00:00","BZN|DK1","64.42","n/e"," ","49.06"
"15/08/2018 11:00:00 - 15/08/2018 12:00:00","BZN|DK1","63.92","n/e"," ","73.71"
"15/08/2018 12:00:00 - 15/08/2018 13:00:00","BZN|DK1","67.17","n/e"," ","70.30"
"15/08/2018 13:00:00 - 15/08/2018 14:00:00","BZN|DK1","68.50","n/e"," ","73.90"
"15/08/2018 14:00:00 - 15/08/2018 15:00:00","BZN|DK1","64.29","n/e"," ","133.87"
"15/08/2018 15:00:00 - 15/08/2018 16:00:00","BZN|DK1","62.50","n/e"," ","140.45"
"15/08/2018 16:00:00 - 15/08/2018 17:00:00","BZN|DK1","69.50","n/e"," ","110.26"
"15/08/2018 17:00:00 - 15/08/2018 18:00:00","BZN|DK1","78.79","n/e"," ","151.07"
"15/08/2018 18:00:00 - 15/08/2018 19:00:00","BZN|DK1","86.83","n/e"," ","163.44"
"15/08/2018 19:00:00 - 15/08/2018 20:00:00","BZN|DK1","91.96","n/e"," ","193.95"
"15/08/2018 20:00:00 - 15/08/2018 21:00:00","BZN|DK1","100.75","n/e"," ","210.62"
"15/08/2018 21:00:00 - 15/08/2018 22:00:00","BZN|DK1","111.83","n/e"," ","172.45"
"15/08/2018 22:00:00 - 15/08/2018 23:00:00","BZN|DK1","123.79","n/e"," ","221.01"
"15/08/2018 23:00:00 - 16/08/2018 00:00:00","BZN|DK1","134.67","n/e"," ","279.85"
"16/08/2018 00:00:00 - 16/08/2018 01:00:00","BZN|DK1","241.50","n/e"," ","251.68"
"16/08/2018 01:00:00 - 16/08/2018 02:00:00","BZN|DK1","231.01","n/e"," ","242.16"
"16/08/2018 02:00:00 - 16/08/2018 03:00:00","BZN|DK1","272.71","n/e"," ","281.21"
"16/08/2018 03:00:00 - 16/08/2018 04:00:00","BZN|DK1","331.37","n/e"," ","346.55"
"16/08/2018 04:00:00 - 16/08/2018 05:00:00","BZN|DK1","406.49","n/e"," ","423.07"
"16/08/2018 05:00:00 - 16/08/2018 06:00:00","BZN|DK1","525.47","n/e"," ","549.87"
"16/08/2018 06:00:00 - 16/08/2018 07:00:00","BZN|DK1","579.94","n/e"," ","593.42"
"16/08/2018 07:00:00 - 16/08/2018 08:00:00","BZN|DK1","539.97","n/e"," ","570.89"
"16/08/2018 08:00:00 - 16/08/2018 09:00:00","BZN|DK1","552.20","n/e"," ","605.31"
"16/08/2018 09:00:00 - 16/08/2018 10:00:00","BZN|DK1","573.50","n/e"," ","647.46"
"16/08/2018 10:00:00 - 16/08/2018 11:00:00","BZN|DK1","580.71","n/e"," ","686.99"
"16/08/2018 11:00:00 - 16/08/2018 12:00:00","BZN|DK1","579.04","n/e"," ","645.85"
"16/08/2018 12:00:00 - 16/08/2018 13:00:00","BZN|DK1","576.71","n/e"," ","654.28"
"16/08/2018 13:00:00 - 16/08/2018 14:00:00","BZN|DK1","567.67","n/e"," ","651.97"
"16/08/2018 14:00:00 - 16/08/2018 15:00:00","BZN|DK1","560.04","n/e"," ","685.25"
"16/08/2018 15:00:00 - 16/08/2018 16:00:00","BZN|DK1","559.33","n/e"," ","682.78"
"16/08/2018 16:00:00 - 16/08/2018 17:00:00","BZN|DK1","569.17","n/e"," ","674.62"
"16/08/2018 17:00:00 - 16/08/2018 18:00:00","BZN|DK1","567.46","n/e"," ","731.61"
"16/08/2018 18:00:00 - 16/08/2018 19:00:00","BZN|DK1","533.21","n/e"," ","635.30"
"16/08/2018 19:00:00 - 16/08/2018 20:00:00","BZN|DK1","468.75","n/e"," ","568.26"
"16/08/2018 20:00:00 - 16/08/2018 21:00:00","BZN|DK1","393.17","n/e"," ","400.91"
"16/08/2018 21:00:00 - 16/08/2018 22:00:00","BZN|DK1","341.33","n/e"," ","367.86"
"16/08/2018 22:00:00 - 16/08/2018 23:00:00","BZN|DK1","312.67","n/e"," ","510.95"
"16/08/2018 23:00:00 - 17/08/2018 00:00:00","BZN|DK1","299.71","n/e"," ","437.84"
"17/08/2018 00:00:00 - 17/08/2018 01:00:00","BZN|DK1","441.28","n/e"," ","472.51"
"17/08/2018 01:00:00 - 17/08/2018 02:00:00","BZN|DK1","410.74","n/e"," ","409.20"
"17/08/2018 02:00:00 - 17/08/2018 03:00:00","BZN|DK1","255.13","n/e"," ","261.96"
"17/08/2018 03:00:00 - 17/08/2018 04:00:00","BZN|DK1","178.89","n/e"," ","192.06"
"17/08/2018 04:00:00 - 17/08/2018 05:00:00","BZN|DK1","146.66","n/e"," ","144.02"
"17/08/2018 05:00:00 - 17/08/2018 06:00:00","BZN|DK1","136.59","n/e"," ","146.47"
"17/08/2018 06:00:00 - 17/08/2018 07:00:00","BZN|DK1","197.96","n/e"," ","213.93"
"17/08/2018 07:00:00 - 17/08/2018 08:00:00","BZN|DK1","260.94","n/e"," ","266.98"
"17/08/2018 08:00:00 - 17/08/2018 09:00:00","BZN|DK1","280.03","n/e"," ","209.53"
"17/08/2018 09:00:00 - 17/08/2018 10:00:00","BZN|DK1","200.79","n/e"," ","172.63"
"17/08/2018 10:00:00 - 17/08/2018 11:00:00","BZN|DK1","155.79","n/e"," ","145.26"
"17/08/2018 11:00:00 - 17/08/2018 12:00:00","BZN|DK1","148.92","n/e"," ","142.14"
"17/08/2018 12:00:00 - 17/08/2018 13:00:00","BZN|DK1","141.46","n/e"," ","132.05"
"17/08/2018 13:00:00 - 17/08/2018 14:00:00","BZN|DK1","136.46","n/e"," ","134.58"
"17/08/2018 14:00:00 - 17/08/2018 15:00:00","BZN|DK1","132.58","n/e"," ","124.09"
"17/08/2018 15:00:00 - 17/08/2018 16:00:00","BZN|DK1","125.00","n/e"," ","128.25"
"17/08/2018 16:00:00 - 17/08/2018 17:00:00","BZN|DK1","120.83","n/e"," ","154.82"
"17/08/2018 17:00:00 - 17/08/2018 18:00:00","BZN|DK1","123.29","n/e"," ","181.02"
"17/08/2018 18:00:00 - 17/08/2018 19:00:00","BZN|DK1","135.71","n/e"," ","191.97"
"17/08/2018 19:00:00 - 17/08/2018 20:00:00","BZN|DK1","155.29","n/e"," ","193.73"
"17/08/2018 20:00:00 - 17/08/2018 21:00:00","BZN|DK1","176.42","n/e"," ","208.44"
"17/08/2018 21:00:00 - 17/08/2018 22:00:00","BZN|DK1","192.63","n/e"," ","284.50"
"17/08/2018 22:00:00 - 17/08/2018 23:00:00","BZN|DK1","205.04","n/e"," ","216.80"
"17/08/2018 23:00:00 - 18/08/2018 00:00:00","BZN|DK1","213.83","n/e"," ","234.03"
"18/08/2018 00:00:00 - 18/08/2018 01:00:00","BZN|DK1","259.65","n/e"," ","273.76"
"18/08/2018 01:00:00 - 18/08/2018 02:00:00","BZN|DK1","297.24","n/e"," ","316.14"
"18/08/2018 02:00:00 - 18/08/2018 03:00:00","BZN|DK1","342.64","n/e"," ","352.80"
"18/08/2018 03:00:00 - 18/08/2018 04:00:00","BZN|DK1","316.60","n/e"," ","334.49"
"18/08/2018 04:00:00 - 18/08/2018 05:00:00","BZN|DK1","336.94","n/e"," ","356.51"
"18/08/2018 05:00:00 - 18/08/2018 06:00:00","BZN|DK1","396.29","n/e"," ","427.05"
"18/08/2018 06:00:00 - 18/08/2018 07:00:00","BZN|DK1","543.85","n/e"," ","565.68"
"18/08/2018 07:00:00 - 18/08/2018 08:00:00","BZN|DK1","557.38","n/e"," ","573.57"
"18/08/2018 08:00:00 - 18/08/2018 09:00:00","BZN|DK1","571.09","n/e"," ","625.24"
"18/08/2018 09:00:00 - 18/08/2018 10:00:00","BZN|DK1","595.13","n/e"," ","666.70"
"18/08/2018 10:00:00 - 18/08/2018 11:00:00","BZN|DK1","644.75","n/e"," ","699.76"
"18/08/2018 11:00:00 - 18/08/2018 12:00:00","BZN|DK1","691.96","n/e"," ","751.41"
"18/08/2018 12:00:00 - 18/08/2018 13:00:00","BZN|DK1","712.71","n/e"," ","766.79"
"18/08/2018 13:00:00 - 18/08/2018 14:00:00","BZN|DK1","719.92","n/e"," ","767.58"
"18/08/2018 14:00:00 - 18/08/2018 15:00:00","BZN|DK1","722.96","n/e"," ","768.28"
"18/08/2018 15:00:00 - 18/08/2018 16:00:00","BZN|DK1","722.21","n/e"," ","769.21"
"18/08/2018 16:00:00 - 18/08/2018 17:00:00","BZN|DK1","721.25","n/e"," ","767.40"
"18/08/2018 17:00:00 - 18/08/2018 18:00:00","BZN|DK1","717.54","n/e"," ","769.20"
"18/08/2018 18:00:00 - 18/08/2018 19:00:00","BZN|DK1","711.79","n/e"," ","759.53"
"18/08/2018 19:00:00 - 18/08/2018 20:00:00","BZN|DK1","701.63","n/e"," ","736.03"
"18/08/2018 20:00:00 - 18/08/2018 21:00:00","BZN|DK1","687.42","n/e"," ","709.01"
"18/08/2018 21:00:00 - 18/08/2018 22:00:00","BZN|DK1","670.25","n/e"," ","691.70"
"18/08/2018 22:00:00 - 18/08/2018 23:00:00","BZN|DK1","652.00","n/e"," ","615.89"
"18/08/2018 23:00:00 - 19/08/2018 00:00:00","BZN|DK1","636.92","n/e"," ","664.42"
"19/08/2018 00:00:00 - 19/08/2018 01:00:00","BZN|DK1","624.59","n/e"," ","656.95"
"19/08/2018 01:00:00 - 19/08/2018 02:00:00","BZN|DK1","598.18","n/e"," ","615.62"
"19/08/2018 02:00:00 - 19/08/2018 03:00:00","BZN|DK1","559.48","n/e"," ","583.93"
"19/08/2018 03:00:00 - 19/08/2018 04:00:00","BZN|DK1","536.10","n/e"," ","566.33"
"19/08/2018 04:00:00 - 19/08/2018 05:00:00","BZN|DK1","496.73","n/e"," ","521.83"
"19/08/2018 05:00:00 - 19/08/2018 06:00:00","BZN|DK1","390.45","n/e"," ","420.68"
"19/08/2018 06:00:00 - 19/08/2018 07:00:00","BZN|DK1","361.68","n/e"," ","389.20"
"19/08/2018 07:00:00 - 19/08/2018 08:00:00","BZN|DK1","347.08","n/e"," ","362.82"
"19/08/2018 08:00:00 - 19/08/2018 09:00:00","BZN|DK1","342.43","n/e"," ","327.23"
"19/08/2018 09:00:00 - 19/08/2018 10:00:00","BZN|DK1","312.79","n/e"," ","317.05"
"19/08/2018 10:00:00 - 19/08/2018 11:00:00","BZN|DK1","257.83","n/e"," ","271.32"
"19/08/2018 11:00:00 - 19/08/2018 12:00:00","BZN|DK1","239.79","n/e"," ","232.71"
"19/08/2018 12:00:00 - 19/08/2018 13:00:00","BZN|DK1","236.08","n/e"," ","223.94"
"19/08/2018 13:00:00 - 19/08/2018 14:00:00","BZN|DK1","251.25","n/e"," ","255.59"
"19/08/2018 14:00:00 - 19/08/2018 15:00:00","BZN|DK1","282.79","n/e"," ","288.18"
"19/08/2018 15:00:00 - 19/08/2018 16:00:00","BZN|DK1","330.38","n/e"," ","364.67"
"19/08/2018 16:00:00 - 19/08/2018 17:00:00","BZN|DK1","366.75","n/e"," ","356.83"
"19/08/2018 17:00:00 - 19/08/2018 18:00:00","BZN|DK1","392.83","n/e"," ","418.49"
"19/08/2018 18:00:00 - 19/08/2018 19:00:00","BZN|DK1","414.13","n/e"," ","452.25"
"19/08/2018 19:00:00 - 19/08/2018 20:00:00","BZN|DK1","435.25","n/e"," ","511.29"
"19/08/2018 20:00:00 - 19/08/2018 21:00:00","BZN|DK1","465.83","n/e"," ","490.51"
"19/08/2018 21:00:00 - 19/08/2018 22:00:00","BZN|DK1","509.67","n/e"," ","553.88"
"19/08/2018 22:00:00 - 19/08/2018 23:00:00","BZN|DK1","549.38","n/e"," ","585.44"
"19/08/2018 23:00:00 - 20/08/2018 00:00:00","BZN|DK1","562.29","n/e"," ","684.44"
"20/08/2018 00:00:00 - 20/08/2018 01:00:00","BZN|DK1","582.90","n/e"," ","604.60"
"20/08/2018 01:00:00 - 20/08/2018 02:00:00","BZN|DK1","411.77","n/e"," ","440.35"
"20/08/2018 02:00:00 - 20/08/2018 03:00:00","BZN|DK1","299.85","n/e"," ","318.63"
"20/08/2018 03:00:00 - 20/08/2018 04:00:00","BZN|DK1","314.71","n/e"," ","354.58"
"20/08/2018 04:00:00 - 20/08/2018 05:00:00","BZN|DK1","383.40","n/e"," ","409.20"
"20/08/2018 05:00:00 - 20/08/2018 06:00:00","BZN|DK1","320.65","n/e"," ","343.82"
"20/08/2018 06:00:00 - 20/08/2018 07:00:00","BZN|DK1","472.16","n/e"," ","526.52"
"20/08/2018 07:00:00 - 20/08/2018 08:00:00","BZN|DK1","533.90","n/e"," ","577.95"
"20/08/2018 08:00:00 - 20/08/2018 09:00:00","BZN|DK1","493.70","n/e"," ","562.49"
"20/08/2018 09:00:00 - 20/08/2018 10:00:00","BZN|DK1","456.50","n/e"," ","563.87"
"20/08/2018 10:00:00 - 20/08/2018 11:00:00","BZN|DK1","493.21","n/e"," ","588.95"
"20/08/2018 11:00:00 - 20/08/2018 12:00:00","BZN|DK1","511.17","n/e"," ","543.18"
"20/08/2018 12:00:00 - 20/08/2018 13:00:00","BZN|DK1","513.33","n/e"," ","525.95"
"20/08/2018 13:00:00 - 20/08/2018 14:00:00","BZN|DK1","509.75","n/e"," ","516.19"
"20/08/2018 14:00:00 - 20/08/2018 15:00:00","BZN|DK1","509.00","n/e"," ","505.23"
"20/08/2018 15:00:00 - 20/08/2018 16:00:00","BZN|DK1","513.75","n/e"," ","498.07"
"20/08/2018 16:00:00 - 20/08/2018 17:00:00","BZN|DK1","515.04","n/e"," ","504.42"
"20/08/2018 17:00:00 - 20/08/2018 18:00:00","BZN|DK1","511.50","n/e"," ","509.21"
"20/08/2018 18:00:00 - 20/08/2018 19:00:00","BZN|DK1","504.71","n/e"," ","497.14"
"20/08/2018 19:00:00 - 20/08/2018 20:00:00","BZN|DK1","496.83","n/e"," ","511.05"
"20/08/2018 20:00:00 - 20/08/2018 21:00:00","BZN|DK1","490.29","n/e"," ","498.41"
"20/08/2018 21:00:00 - 20/08/2018 22:00:00","BZN|DK1","485.46","n/e"," ","475.42"
"20/08/2018 22:00:00 - 20/08/2018 23:00:00","BZN|DK1","481.38","n/e"," ","469.08"
"20/08/2018 23:00:00 - 21/08/2018 00:00:00","BZN|DK1","474.00","n/e"," ","450.51"
"21/08/2018 00:00:00 - 21/08/2018 01:00:00","BZN|DK1","408.22","n/e"," ","446.51"
"21/08/2018 01:00:00 - 21/08/2018 02:00:00","BZN|DK1","420.69","n/e"," ","459.98"
"21/08/2018 02:00:00 - 21/08/2018 03:00:00","BZN|DK1","410.67","n/e"," ","440.97"
"21/08/2018 03:00:00 - 21/08/2018 04:00:00","BZN|DK1","374.32","n/e"," ","399.27"
"21/08/2018 04:00:00 - 21/08/2018 05:00:00","BZN|DK1","318.04","n/e"," ","338.30"
"21/08/2018 05:00:00 - 21/08/2018 06:00:00","BZN|DK1","277.49","n/e"," ","294.86"
"21/08/2018 06:00:00 - 21/08/2018 07:00:00","BZN|DK1","246.21","n/e"," ","260.82"
"21/08/2018 07:00:00 - 21/08/2018 08:00:00","BZN|DK1","236.68","n/e"," ","250.04"
"21/08/2018 08:00:00 - 21/08/2018 09:00:00","BZN|DK1","221.99","n/e"," ","211.16"
"21/08/2018 09:00:00 - 21/08/2018 10:00:00","BZN|DK1","186.79","n/e"," ","190.42"
"21/08/2018 10:00:00 - 21/08/2018 11:00:00","BZN|DK1","125.33","n/e"," ","149.19"
"21/08/2018 11:00:00 - 21/08/2018 12:00:00","BZN|DK1","89.50","n/e"," ","105.31"
"21/08/2018 12:00:00 - 21/08/2018 13:00:00","BZN|DK1","60.42","n/e"," ","67.21"
"21/08/2018 13:00:00 - 21/08/2018 14:00:00","BZN|DK1","37.25","n/e"," ","52.78"
"21/08/2018 14:00:00 - 21/08/2018 15:00:00","BZN|DK1","22.00","n/e"," ","27.26"
"21/08/2018 15:00:00 - 21/08/2018 16:00:00","BZN|DK1","18.00","n/e"," ","25.56"
"21/08/2018 16:00:00 - 21/08/2018 17:00:00","BZN|DK1","16.96","n/e"," ","35.36"
"21/08/2018 17:00:00 - 21/08/2018 18:00:00","BZN|DK1","16.46","n/e"," ","38.78"
"21/08/2018 18:00:00 - 21/08/2018 19:00:00","BZN|DK1","18.79","n/e"," ","16.82"
"21/08/2018 19:00:00 - 21/08/2018 20:00:00","BZN|DK1","24.13","n/e"," ","12.24"
"21/08/2018 20:00:00 - 21/08/2018 21:00:00","BZN|DK1","32.58","n/e"," ","27.30"
"21/08/2018 21:00:00 - 21/08/2018 22:00:00","BZN|DK1","42.71","n/e"," ","42.93"
"21/08/2018 22:00:00 - 21/08/2018 23:00:00","BZN|DK1","57.13","n/e"," ","73.75"
"21/08/2018 23:00:00 - 22/08/2018 00:00:00","BZN|DK1","77.33","n/e"," ","124.83"
"22/08/2018 00:00:00 - 22/08/2018 01:00:00","BZN|DK1","146.83","n/e"," ","153.05"
"22/08/2018 01:00:00 - 22/08/2018 02:00:00","BZN|DK1","194.01","n/e"," ","203.58"
"22/08/2018 02:00:00 - 22/08/2018 03:00:00","BZN|DK1","297.00","n/e"," ","310.22"
"22/08/2018 03:00:00 - 22/08/2018 04:00:00","BZN|DK1","358.05","n/e"," ","376.55"
"22/08/2018 04:00:00 - 22/08/2018 05:00:00","BZN|DK1","438.81","n/e"," ","473.65"
"22/08/2018 05:00:00 - 22/08/2018 06:00:00","BZN|DK1","572.10","n/e"," ","586.90"
"22/08/2018 06:00:00 - 22/08/2018 07:00:00","BZN|DK1","530.64","n/e"," ","550.55"
"22/08/2018 07:00:00 - 22/08/2018 08:00:00","BZN|DK1","510.25","n/e"," ","527.53"
"22/08/2018 08:00:00 - 22/08/2018 09:00:00","BZN|DK1","482.58","n/e"," ","523.90"
"22/08/2018 09:00:00 - 22/08/2018 10:00:00","BZN|DK1","479.58","n/e"," ","524.50"
"22/08/2018 10:00:00 - 22/08/2018 11:00:00","BZN|DK1","496.17","n/e"," ","546.09"
"22/08/2018 11:00:00 - 22/08/2018 12:00:00","BZN|DK1","500.04","n/e"," ","543.24"
"22/08/2018 12:00:00 - 22/08/2018 13:00:00","BZN|DK1","503.50","n/e"," ","535.69"
"22/08/2018 13:00:00 - 22/08/2018 14:00:00","BZN|DK1","510.00","n/e"," ","541.78"
"22/08/2018 14:00:00 - 22/08/2018 15:00:00","BZN|DK1","518.46","n/e"," ","555.87"
"22/08/2018 15:00:00 - 22/08/2018 16:00:00","BZN|DK1","523.63","n/e"," ","553.90"
"22/08/2018 16:00:00 - 22/08/2018 17:00:00","BZN|DK1","523.75","n/e"," ","553.00"
"22/08/2018 17:00:00 - 22/08/2018 18:00:00","BZN|DK1","520.83","n/e"," ","547.62"
"22/08/2018 18:00:00 - 22/08/2018 19:00:00","BZN|DK1","512.71","n/e"," ","530.89"
"22/08/2018 19:00:00 - 22/08/2018 20:00:00","BZN|DK1","494.21","n/e"," ","528.13"
"22/08/2018 20:00:00 - 22/08/2018 21:00:00","BZN|DK1","462.63","n/e"," ","499.66"
"22/08/2018 21:00:00 - 22/08/2018 22:00:00","BZN|DK1","416.63","n/e"," ","506.39"
"22/08/2018 22:00:00 - 22/08/2018 23:00:00","BZN|DK1","367.13","n/e"," ","505.96"
"22/08/2018 23:00:00 - 23/08/2018 00:00:00","BZN|DK1","320.42","n/e"," ","450.64"
"23/08/2018 00:00:00 - 23/08/2018 01:00:00","BZN|DK1","362.88","n/e"," ","371.54"
"23/08/2018 01:00:00 - 23/08/2018 02:00:00","BZN|DK1","293.46","n/e"," ","301.66"
"23/08/2018 02:00:00 - 23/08/2018 03:00:00","BZN|DK1","216.97","n/e"," ","226.90"
"23/08/2018 03:00:00 - 23/08/2018 04:00:00","BZN|DK1","157.34","n/e"," ","165.98"
"23/08/2018 04:00:00 - 23/08/2018 05:00:00","BZN|DK1","117.63","n/e"," ","127.25"
"23/08/2018 05:00:00 - 23/08/2018 06:00:00","BZN|DK1","117.93","n/e"," ","124.89"
"23/08/2018 06:00:00 - 23/08/2018 07:00:00","BZN|DK1","100.91","n/e"," ","98.00"
"23/08/2018 07:00:00 - 23/08/2018 08:00:00","BZN|DK1","77.30","n/e"," ","76.65"
"23/08/2018 08:00:00 - 23/08/2018 09:00:00","BZN|DK1","110.76","n/e"," ","111.71"
"23/08/2018 09:00:00 - 23/08/2018 10:00:00","BZN|DK1","145.04","n/e"," ","116.92"
"23/08/2018 10:00:00 - 23/08/2018 11:00:00","BZN|DK1","158.29","n/e"," ","137.67"
"23/08/2018 11:00:00 - 23/08/2018 12:00:00","BZN|DK1","180.67","n/e"," ","177.10"
"23/08/2018 12:00:00 - 23/08/2018 13:00:00","BZN|DK1","210.75","n/e"," ","254.90"
"23/08/2018 13:00:00 - 23/08/2018 14:00:00","BZN|DK1","249.58","n/e"," ","351.48"
"23/08/2018 14:00:00 - 23/08/2018 15:00:00","BZN|DK1","286.21","n/e"," ","489.35"
"23/08/2018 15:00:00 - 23/08/2018 16:00:00","BZN|DK1","308.42","n/e"," ","547.20"
"23/08/2018 16:00:00 - 23/08/2018 17:00:00","BZN|DK1","337.21","n/e"," ","536.15"
"23/08/2018 17:00:00 - 23/08/2018 18:00:00","BZN|DK1","357.00","n/e"," ","460.11"
"23/08/2018 18:00:00 - 23/08/2018 19:00:00","BZN|DK1","361.71","n/e"," ","369.35"
"23/08/2018 19:00:00 - 23/08/2018 20:00:00","BZN|DK1","363.08","n/e"," ","295.92"
"23/08/2018 20:00:00 - 23/08/2018 21:00:00","BZN|DK1","379.25","n/e"," ","339.74"
"23/08/2018 21:00:00 - 23/08/2018 22:00:00","BZN|DK1","403.79","n/e"," ","414.35"
"23/08/2018 22:00:00 - 23/08/2018 23:00:00","BZN|DK1","425.88","n/e"," ","370.16"
"23/08/2018 23:00:00 - 24/08/2018 00:00:00","BZN|DK1","435.38","n/e"," ","411.54"
"24/08/2018 00:00:00 - 24/08/2018 01:00:00","BZN|DK1","399.23","n/e"," ","418.71"
"24/08/2018 01:00:00 - 24/08/2018 02:00:00","BZN|DK1","306.44","n/e"," ","310.44"
"24/08/2018 02:00:00 - 24/08/2018 03:00:00","BZN|DK1","203.37","n/e"," ","228.02"
"24/08/2018 03:00:00 - 24/08/2018 04:00:00","BZN|DK1","182.46","n/e"," ","195.83"
"24/08/2018 04:00:00 - 24/08/2018 05:00:00","BZN|DK1","213.50","n/e"," ","230.44"
"24/08/2018 05:00:00 - 24/08/2018 06:00:00","BZN|DK1","158.80","n/e"," ","159.83"
"24/08/2018 06:00:00 - 24/08/2018 07:00:00","BZN|DK1","224.88","n/e"," ","238.71"
"24/08/2018 07:00:00 - 24/08/2018 08:00:00","BZN|DK1","326.13","n/e"," ","361.22"
"24/08/2018 08:00:00 - 24/08/2018 09:00:00","BZN|DK1","405.92","n/e"," ","359.47"
"24/08/2018 09:00:00 - 24/08/2018 10:00:00","BZN|DK1","344.92","n/e"," ","357.65"
"24/08/2018 10:00:00 - 24/08/2018 11:00:00","BZN|DK1","285.79","n/e"," ","341.62"
"24/08/2018 11:00:00 - 24/08/2018 12:00:00","BZN|DK1","308.54","n/e"," ","433.78"
"24/08/2018 12:00:00 - 24/08/2018 13:00:00","BZN|DK1","349.88","n/e"," ","428.37"
"24/08/2018 13:00:00 - 24/08/2018 14:00:00","BZN|DK1","372.13","n/e"," ","407.14"
"24/08/2018 14:00:00 - 24/08/2018 15:00:00","BZN|DK1","395.38","n/e"," ","265.12"
"24/08/2018 15:00:00 - 24/08/2018 16:00:00","BZN|DK1","415.50","n/e"," ","383.15"
"24/08/2018 16:00:00 - 24/08/2018 17:00:00","BZN|DK1","432.92","n/e"," ","352.05"
"24/08/2018 17:00:00 - 24/08/2018 18:00:00","BZN|DK1","462.42","n/e"," ","365.56"
"24/08/2018 18:00:00 - 24/08/2018 19:00:00","BZN|DK1","475.75","n/e"," ","543.83"
"24/08/2018 19:00:00 - 24/08/2018 20:00:00","BZN|DK1","468.38","n/e"," ","462.00"
"24/08/2018 20:00:00 - 24/08/2018 21:00:00","BZN|DK1","447.00","n/e"," ","361.33"
"24/08/2018 21:00:00 - 24/08/2018 22:00:00","BZN|DK1","431.50","n/e"," ","453.12"
"24/08/2018 22:00:00 - 24/08/2018 23:00:00","BZN|DK1","419.92","n/e"," ","544.12"
"24/08/2018 23:00:00 - 25/08/2018 00:00:00","BZN|DK1","398.42","n/e"," ","423.55"
"25/08/2018 00:00:00 - 25/08/2018 01:00:00","BZN|DK1","336.59","n/e"," ","353.03"
"25/08/2018 01:00:00 - 25/08/2018 02:00:00","BZN|DK1","286.57","n/e"," ","301.04"
"25/08/2018 02:00:00 - 25/08/2018 03:00:00","BZN|DK1","216.02","n/e"," ","238.55"
"25/08/2018 03:00:00 - 25/08/2018 04:00:00","BZN|DK1","246.22","n/e"," ","280.68"
"25/08/2018 04:00:00 - 25/08/2018 05:00:00","BZN|DK1","309.50","n/e"," ","343.04"
"25/08/2018 05:00:00 - 25/08/2018 06:00:00","BZN|DK1","304.99","n/e"," ","322.04"
"25/08/2018 06:00:00 - 25/08/2018 07:00:00","BZN|DK1","264.82","n/e"," ","288.22"
"25/08/2018 07:00:00 - 25/08/2018 08:00:00","BZN|DK1","249.09","n/e"," ","265.37"
"25/08/2018 08:00:00 - 25/08/2018 09:00:00","BZN|DK1","182.53","n/e"," ","236.38"
"25/08/2018 09:00:00 - 25/08/2018 10:00:00","BZN|DK1","172.79","n/e"," ","178.73"
"25/08/2018 10:00:00 - 25/08/2018 11:00:00","BZN|DK1","138.21","n/e"," ","93.07"
"25/08/2018 11:00:00 - 25/08/2018 12:00:00","BZN|DK1","116.83","n/e"," ","84.90"
"25/08/2018 12:00:00 - 25/08/2018 13:00:00","BZN|DK1","116.50","n/e"," ","176.36"
"25/08/2018 13:00:00 - 25/08/2018 14:00:00","BZN|DK1","123.50","n/e"," ","134.36"
"25/08/2018 14:00:00 - 25/08/2018 15:00:00","BZN|DK1","119.42","n/e"," ","138.72"
"25/08/2018 15:00:00 - 25/08/2018 16:00:00","BZN|DK1","107.29","n/e"," ","157.85"
"25/08/2018 16:00:00 - 25/08/2018 17:00:00","BZN|DK1","109.13","n/e"," ","173.29"
"25/08/2018 17:00:00 - 25/08/2018 18:00:00","BZN|DK1","130.63","n/e"," ","246.60"
"25/08/2018 18:00:00 - 25/08/2018 19:00:00","BZN|DK1","156.79","n/e"," ","253.97"
"25/08/2018 19:00:00 - 25/08/2018 20:00:00","BZN|DK1","158.96","n/e"," ","233.05"
"25/08/2018 20:00:00 - 25/08/2018 21:00:00","BZN|DK1","141.75","n/e"," ","255.89"
"25/08/2018 21:00:00 - 25/08/2018 22:00:00","BZN|DK1","139.13","n/e"," ","299.71"
"25/08/2018 22:00:00 - 25/08/2018 23:00:00","BZN|DK1","146.25","n/e"," ","426.09"
"25/08/2018 23:00:00 - 26/08/2018 00:00:00","BZN|DK1","165.42","n/e"," ","439.36"
"26/08/2018 00:00:00 - 26/08/2018 01:00:00","BZN|DK1","385.74","n/e"," ","402.40"
"26/08/2018 01:00:00 - 26/08/2018 02:00:00","BZN|DK1","355.13","n/e"," ","370.35"
"26/08/2018 02:00:00 - 26/08/2018 03:00:00","BZN|DK1","420.50","n/e"," ","452.88"
"26/08/2018 03:00:00 - 26/08/2018 04:00:00","BZN|DK1","447.57","n/e"," ","471.70"
"26/08/2018 04:00:00 - 26/08/2018 05:00:00","BZN|DK1","490.41","n/e"," ","505.16"
"26/08/2018 05:00:00 - 26/08/2018 06:00:00","BZN|DK1","499.78","n/e"," ","509.58"
"26/08/2018 06:00:00 - 26/08/2018 07:00:00","BZN|DK1","463.06","n/e"," ","488.86"
"26/08/2018 07:00:00 - 26/08/2018 08:00:00","BZN|DK1","485.48","n/e"," ","505.79"
"26/08/2018 08:00:00 - 26/08/2018 09:00:00","BZN|DK1","402.30","n/e"," ","376.90"
"26/08/2018 09:00:00 - 26/08/2018 10:00:00","BZN|DK1","374.63","n/e"," ","344.58"
"26/08/2018 10:00:00 - 26/08/2018 11:00:00","BZN|DK1","353.38","n/e"," ","351.97"
"26/08/2018 11:00:00 - 26/08/2018 12:00:00","BZN|DK1","359.63","n/e"," ","398.89"
"26/08/2018 12:00:00 - 26/08/2018 13:00:00","BZN|DK1","368.08","n/e"," ","395.47"
"26/08/2018 13:00:00 - 26/08/2018 14:00:00","BZN|DK1","361.29","n/e"," ","387.33"
"26/08/2018 14:00:00 - 26/08/2018 15:00:00","BZN|DK1","346.04","n/e"," ","331.93"
"26/08/2018 15:00:00 - 26/08/2018 16:00:00","BZN|DK1","330.96","n/e"," ","264.31"
"26/08/2018 16:00:00 - 26/08/2018 17:00:00","BZN|DK1","303.50","n/e"," ","190.87"
"26/08/2018 17:00:00 - 26/08/2018 18:00:00","BZN|DK1","270.17","n/e"," ","135.97"
"26/08/2018 18:00:00 - 26/08/2018 19:00:00","BZN|DK1","241.75","n/e"," ","187.85"
"26/08/2018 19:00:00 - 26/08/2018 20:00:00","BZN|DK1","222.75","n/e"," ","253.22"
"26/08/2018 20:00:00 - 26/08/2018 21:00:00","BZN|DK1","226.29","n/e"," ","311.51"
"26/08/2018 21:00:00 - 26/08/2018 22:00:00","BZN|DK1","261.83","n/e"," ","274.59"
"26/08/2018 22:00:00 - 26/08/2018 23:00:00","BZN|DK1","296.13","n/e"," ","336.71"
"26/08/2018 23:00:00 - 27/08/2018 00:00:00","BZN|DK1","318.67","n/e"," ","408.84"
"27/08/2018 00:00:00 - 27/08/2018 01:00:00","BZN|DK1","427.95","n/e"," ","435.24"
"27/08/2018 01:00:00 - 27/08/2018 02:00:00","BZN|DK1","448.33","n/e"," ","473.88"
"27/08/2018 02:00:00 - 27/08/2018 03:00:00","BZN|DK1","515.06","n/e"," ","553.52"
"27/08/2018 03:00:00 - 27/08/2018 04:00:00","BZN|DK1","590.82","n/e"," ","642.34"
"27/08/2018 04:00:00 - 27/08/2018 05:00:00","BZN|DK1","678.10","n/e"," ","728.53"
"27/08/2018 05:00:00 - 27/08/2018 06:00:00","BZN|DK1","718.85","n/e"," ","770.99"
"27/08/2018 06:00:00 - 27/08/2018 07:00:00","BZN|DK1","727.25","n/e"," ","779.48"
"27/08/2018 07:00:00 - 27/08/2018 08:00:00","BZN|DK1","729.92","n/e"," ","765.18"
"27/08/2018 08:00:00 - 27/08/2018 09:00:00","BZN|DK1","583.88","n/e"," ","626.52"
"27/08/2018 09:00:00 - 27/08/2018 10:00:00","BZN|DK1","716.67","n/e"," ","691.78"
"27/08/2018 10:00:00 - 27/08/2018 11:00:00","BZN|DK1","711.71","n/e"," ","680.99"
"27/08/2018 11:00:00 - 27/08/2018 12:00:00","BZN|DK1","712.08","n/e"," ","719.19"
"27/08/2018 12:00:00 - 27/08/2018 13:00:00","BZN|DK1","710.54","n/e"," ","731.76"
"27/08/2018 13:00:00 - 27/08/2018 14:00:00","BZN|DK1","709.67","n/e"," ","730.78"
"27/08/2018 14:00:00 - 27/08/2018 15:00:00","BZN|DK1","709.88","n/e"," ","726.28"
"27/08/2018 15:00:00 - 27/08/2018 16:00:00","BZN|DK1","701.17","n/e"," ","730.68"
"27/08/2018 16:00:00 - 27/08/2018 17:00:00","BZN|DK1","677.25","n/e"," ","680.13"
"27/08/2018 17:00:00 - 27/08/2018 18:00:00","BZN|DK1","636.88","n/e"," ","588.48"
"27/08/2018 18:00:00 - 27/08/2018 19:00:00","BZN|DK1","615.54","n/e"," ","632.77"
"27/08/2018 19:00:00 - 27/08/2018 20:00:00","BZN|DK1","618.38","n/e"," ","645.47"
"27/08/2018 20:00:00 - 27/08/2018 21:00:00","BZN|DK1","625.96","n/e"," ","607.76"
"27/08/2018 21:00:00 - 27/08/2018 22:00:00","BZN|DK1","630.79","n/e"," ","682.72"
"27/08/2018 22:00:00 - 27/08/2018 23:00:00","BZN|DK1","625.54","n/e"," ","673.70"
"27/08/2018 23:00:00 - 28/08/2018 00:00:00","BZN|DK1","611.58","n/e"," ","612.15"
"28/08/2018 00:00:00 - 28/08/2018 01:00:00","BZN|DK1","551.10","n/e"," ","582.69"
"28/08/2018 01:00:00 - 28/08/2018 02:00:00","BZN|DK1","553.51","n/e"," ","589.57"
"28/08/2018 02:00:00 - 28/08/2018 03:00:00","BZN|DK1","568.01","n/e"," ","586.48"
"28/08/2018 03:00:00 - 28/08/2018 04:00:00","BZN|DK1","505.49","n/e"," ","536.07"
"28/08/2018 04:00:00 - 28/08/2018 05:00:00","BZN|DK1","450.52","n/e"," ","477.04"
"28/08/2018 05:00:00 - 28/08/2018 06:00:00","BZN|DK1","450.99","n/e"," ","479.48"
"28/08/2018 06:00:00 - 28/08/2018 07:00:00","BZN|DK1","365.50","n/e"," ","396.86"
"28/08/2018 07:00:00 - 28/08/2018 08:00:00","BZN|DK1","377.39","n/e"," ","423.70"
"28/08/2018 08:00:00 - 28/08/2018 09:00:00","BZN|DK1","322.20","n/e"," ","334.59"
"28/08/2018 09:00:00 - 28/08/2018 10:00:00","BZN|DK1","251.21","n/e"," ","263.27"
"28/08/2018 10:00:00 - 28/08/2018 11:00:00","BZN|DK1","159.21","n/e"," ","219.36"
"28/08/2018 11:00:00 - 28/08/2018 12:00:00","BZN|DK1","112.13","n/e"," ","216.18"
"28/08/2018 12:00:00 - 28/08/2018 13:00:00","BZN|DK1","87.25","n/e"," ","172.08"
"28/08/2018 13:00:00 - 28/08/2018 14:00:00","BZN|DK1","72.42","n/e"," ","221.08"
"28/08/2018 14:00:00 - 28/08/2018 15:00:00","BZN|DK1","64.63","n/e"," ","195.37"
"28/08/2018 15:00:00 - 28/08/2018 16:00:00","BZN|DK1","58.21","n/e"," ","176.01"
"28/08/2018 16:00:00 - 28/08/2018 17:00:00","BZN|DK1","52.50","n/e"," ","133.25"
"28/08/2018 17:00:00 - 28/08/2018 18:00:00","BZN|DK1","52.88","n/e"," ","105.02"
"28/08/2018 18:00:00 - 28/08/2018 19:00:00","BZN|DK1","62.04","n/e"," ","51.49"
"28/08/2018 19:00:00 - 28/08/2018 20:00:00","BZN|DK1","71.92","n/e"," ","35.51"
"28/08/2018 20:00:00 - 28/08/2018 21:00:00","BZN|DK1","77.38","n/e"," ","10.28"
"28/08/2018 21:00:00 - 28/08/2018 22:00:00","BZN|DK1","78.17","n/e"," ","18.02"
"28/08/2018 22:00:00 - 28/08/2018 23:00:00","BZN|DK1","75.54","n/e"," ","27.57"
"28/08/2018 23:00:00 - 29/08/2018 00:00:00","BZN|DK1","71.58","n/e"," ","31.25"
"29/08/2018 00:00:00 - 29/08/2018 01:00:00","BZN|DK1","26.30","n/e"," ","25.75"
"29/08/2018 01:00:00 - 29/08/2018 02:00:00","BZN|DK1","36.67","n/e"," ","35.25"
"29/08/2018 02:00:00 - 29/08/2018 03:00:00","BZN|DK1","36.45","n/e"," ","34.95"
"29/08/2018 03:00:00 - 29/08/2018 04:00:00","BZN|DK1","37.60","n/e"," ","37.22"
"29/08/2018 04:00:00 - 29/08/2018 05:00:00","BZN|DK1","40.33","n/e"," ","41.06"
"29/08/2018 05:00:00 - 29/08/2018 06:00:00","BZN|DK1","43.54","n/e"," ","47.39"
"29/08/2018 06:00:00 - 29/08/2018 07:00:00","BZN|DK1","87.66","n/e"," ","91.78"
"29/08/2018 07:00:00 - 29/08/2018 08:00:00","BZN|DK1","130.33","n/e"," ","134.89"
"29/08/2018 08:00:00 - 29/08/2018 09:00:00","BZN|DK1","131.84","n/e"," ","159.26"
"29/08/2018 09:00:00 - 29/08/2018 10:00:00","BZN|DK1","141.46","n/e"," ","160.78"
"29/08/2018 10:00:00 - 29/08/2018 11:00:00","BZN|DK1","139.21","n/e"," ","134.72"
"29/08/2018 11:00:00 - 29/08/2018 12:00:00","BZN|DK1","143.46","n/e"," ","148.86"
"29/08/2018 12:00:00 - 29/08/2018 13:00:00","BZN|DK1","144.08","n/e"," ","122.33"
"29/08/2018 13:00:00 - 29/08/2018 14:00:00","BZN|DK1","140.75","n/e"," ","134.22"
"29/08/2018 14:00:00 - 29/08/2018 15:00:00","BZN|DK1","131.38","n/e"," ","115.27"
"29/08/2018 15:00:00 - 29/08/2018 16:00:00","BZN|DK1","120.63","n/e"," ","116.29"
"29/08/2018 16:00:00 - 29/08/2018 17:00:00","BZN|DK1","110.38","n/e"," ","121.35"
"29/08/2018 17:00:00 - 29/08/2018 18:00:00","BZN|DK1","104.04","n/e"," ","102.89"
"29/08/2018 18:00:00 - 29/08/2018 19:00:00","BZN|DK1","104.67","n/e"," ","77.26"
"29/08/2018 19:00:00 - 29/08/2018 20:00:00","BZN|DK1","117.17","n/e"," ","119.55"
"29/08/2018 20:00:00 - 29/08/2018 21:00:00","BZN|DK1","143.00","n/e"," ","192.42"
"29/08/2018 21:00:00 - 29/08/2018 22:00:00","BZN|DK1","168.83","n/e"," ","213.80"
"29/08/2018 22:00:00 - 29/08/2018 23:00:00","BZN|DK1","177.54","n/e"," ","203.67"
"29/08/2018 23:00:00 - 30/08/2018 00:00:00","BZN|DK1","170.46","n/e"," ","259.31"
"30/08/2018 00:00:00 - 30/08/2018 01:00:00","BZN|DK1","237.95","n/e"," ","248.59"
"30/08/2018 01:00:00 - 30/08/2018 02:00:00","BZN|DK1","211.27","n/e"," ","214.95"
"30/08/2018 02:00:00 - 30/08/2018 03:00:00","BZN|DK1","175.14","n/e"," ","167.28"
"30/08/2018 03:00:00 - 30/08/2018 04:00:00","BZN|DK1","176.18","n/e"," ","180.33"
"30/08/2018 04:00:00 - 30/08/2018 05:00:00","BZN|DK1","139.73","n/e"," ","139.05"
"30/08/2018 05:00:00 - 30/08/2018 06:00:00","BZN|DK1","102.65","n/e"," ","104.38"
"30/08/2018 06:00:00 - 30/08/2018 07:00:00","BZN|DK1","191.34","n/e"," ","207.71"
"30/08/2018 07:00:00 - 30/08/2018 08:00:00","BZN|DK1","324.50","n/e"," ","334.24"
"30/08/2018 08:00:00 - 30/08/2018 09:00:00","BZN|DK1","351.95","n/e"," ","365.57"
"30/08/2018 09:00:00 - 30/08/2018 10:00:00","BZN|DK1","372.63","n/e"," ","367.99"
"30/08/2018 10:00:00 - 30/08/2018 11:00:00","BZN|DK1","383.46","n/e"," ","375.17"
"30/08/2018 11:00:00 - 30/08/2018 12:00:00","BZN|DK1","390.50","n/e"," ","392.43"
"30/08/2018 12:00:00 - 30/08/2018 13:00:00","BZN|DK1","396.63","n/e"," ","394.59"
"30/08/2018 13:00:00 - 30/08/2018 14:00:00","BZN|DK1","406.00","n/e"," ","396.79"
"30/08/2018 14:00:00 - 30/08/2018 15:00:00","BZN|DK1","421.21","n/e"," ","400.31"
"30/08/2018 15:00:00 - 30/08/2018 16:00:00","BZN|DK1","440.00","n/e"," ","407.30"
"30/08/2018 16:00:00 - 30/08/2018 17:00:00","BZN|DK1","460.00","n/e"," ","386.71"
"30/08/2018 17:00:00 - 30/08/2018 18:00:00","BZN|DK1","472.54","n/e"," ","383.14"
"30/08/2018 18:00:00 - 30/08/2018 19:00:00","BZN|DK1","475.67","n/e"," ","381.53"
"30/08/2018 19:00:00 - 30/08/2018 20:00:00","BZN|DK1","478.38","n/e"," ","383.00"
"30/08/2018 20:00:00 - 30/08/2018 21:00:00","BZN|DK1","481.58","n/e"," ","411.11"
"30/08/2018 21:00:00 - 30/08/2018 22:00:00","BZN|DK1","484.00","n/e"," ","428.63"
"30/08/2018 22:00:00 - 30/08/2018 23:00:00","BZN|DK1","477.25","n/e"," ","439.91"
"30/08/2018 23:00:00 - 31/08/2018 00:00:00","BZN|DK1","474.21","n/e"," ","466.29"
"31/08/2018 00:00:00 - 31/08/2018 01:00:00","BZN|DK1","432.97","n/e"," ","457.49"
"31/08/2018 01:00:00 - 31/08/2018 02:00:00","BZN|DK1","385.29","n/e"," ","406.93"
"31/08/2018 02:00:00 - 31/08/2018 03:00:00","BZN|DK1","385.38","n/e"," ","411.65"
"31/08/2018 03:00:00 - 31/08/2018 04:00:00","BZN|DK1","418.98","n/e"," ","441.24"
"31/08/2018 04:00:00 - 31/08/2018 05:00:00","BZN|DK1","401.42","n/e"," ","416.00"
"31/08/2018 05:00:00 - 31/08/2018 06:00:00","BZN|DK1","399.13","n/e"," ","419.42"
"31/08/2018 06:00:00 - 31/08/2018 07:00:00","BZN|DK1","439.43","n/e"," ","457.70"
"31/08/2018 07:00:00 - 31/08/2018 08:00:00","BZN|DK1","449.53","n/e"," ","465.60"
"31/08/2018 08:00:00 - 31/08/2018 09:00:00","BZN|DK1","427.10","n/e"," ","408.55"
"31/08/2018 09:00:00 - 31/08/2018 10:00:00","BZN|DK1","410.63","n/e"," ","413.92"
"31/08/2018 10:00:00 - 31/08/2018 11:00:00","BZN|DK1","369.58","n/e"," ","425.31"
"31/08/2018 11:00:00 - 31/08/2018 12:00:00","BZN|DK1","341.63","n/e"," ","421.86"
"31/08/2018 12:00:00 - 31/08/2018 13:00:00","BZN|DK1","315.54","n/e"," ","400.01"
"31/08/2018 13:00:00 - 31/08/2018 14:00:00","BZN|DK1","296.04","n/e"," ","350.67"
"31/08/2018 14:00:00 - 31/08/2018 15:00:00","BZN|DK1","284.00","n/e"," ","305.11"
"31/08/2018 15:00:00 - 31/08/2018 16:00:00","BZN|DK1","274.96","n/e"," ","313.54"
"31/08/2018 16:00:00 - 31/08/2018 17:00:00","BZN|DK1","266.13","n/e"," ","301.60"
"31/08/2018 17:00:00 - 31/08/2018 18:00:00","BZN|DK1","260.79","n/e"," ","284.92"
"31/08/2018 18:00:00 - 31/08/2018 19:00:00","BZN|DK1","254.92","n/e"," ","265.42"
"31/08/2018 19:00:00 - 31/08/2018 20:00:00","BZN|DK1","249.25","n/e"," ","247.42"
"31/08/2018 20:00:00 - 31/08/2018 21:00:00","BZN|DK1","242.00","n/e"," ","237.65"
"31/08/2018 21:00:00 - 31/08/2018 22:00:00","BZN|DK1","232.50","n/e"," ","194.94"
"31/08/2018 22:00:00 - 31/08/2018 23:00:00","BZN|DK1","219.58","n/e"," ","129.70"
"31/08/2018 23:00:00 - 01/09/2018 00:00:00","BZN|DK1","206.50","n/e"," ","80.86"
"01/09/2018 00:00:00 - 01/09/2018 01:00:00","BZN|DK1","58.68","n/e"," ","65.93"
"01/09/2018 01:00:00 - 01/09/2018 02:00:00","BZN|DK1","47.41","n/e"," ","54.46"
"01/09/2018 02:00:00 - 01/09/2018 03:00:00","BZN|DK1","62.47","n/e"," ","70.56"
"01/09/2018 03:00:00 - 01/09/2018 04:00:00","BZN|DK1","74.92","n/e"," ","78.23"
"01/09/2018 04:00:00 - 01/09/2018 05:00:00","BZN|DK1","65.93","n/e"," ","72.15"
"01/09/2018 05:00:00 - 01/09/2018 06:00:00","BZN|DK1","86.00","n/e"," ","95.16"
"01/09/2018 06:00:00 - 01/09/2018 07:00:00","BZN|DK1","137.10","n/e"," ","139.06"
"01/09/2018 07:00:00 - 01/09/2018 08:00:00","BZN|DK1","106.55","n/e"," ","109.89"
"01/09/2018 08:00:00 - 01/09/2018 09:00:00","BZN|DK1","122.54","n/e"," ","113.70"
"01/09/2018 09:00:00 - 01/09/2018 10:00:00","BZN|DK1","89.92","n/e"," ","118.99"
"01/09/2018 10:00:00 - 01/09/2018 11:00:00","BZN|DK1","67.38","n/e"," ","131.99"
"01/09/2018 11:00:00 - 01/09/2018 12:00:00","BZN|DK1","56.71","n/e"," ","97.82"
"01/09/2018 12:00:00 - 01/09/2018 13:00:00","BZN|DK1","45.92","n/e"," ","97.47"
"01/09/2018 13:00:00 - 01/09/2018 14:00:00","BZN|DK1","36.25","n/e"," ","122.41"
"01/09/2018 14:00:00 - 01/09/2018 15:00:00","BZN|DK1","26.38","n/e"," ","70.37"
"01/09/2018 15:00:00 - 01/09/2018 16:00:00","BZN|DK1","18.04","n/e"," ","46.90"
"01/09/2018 16:00:00 - 01/09/2018 17:00:00","BZN|DK1","14.29","n/e"," ","42.77"
"01/09/2018 17:00:00 - 01/09/2018 18:00:00","BZN|DK1","11.83","n/e"," ","35.09"
"01/09/2018 18:00:00 - 01/09/2018 19:00:00","BZN|DK1","9.71","n/e"," ","32.75"
"01/09/2018 19:00:00 - 01/09/2018 20:00:00","BZN|DK1","8.42","n/e"," ","23.47"
"01/09/2018 20:00:00 - 01/09/2018 21:00:00","BZN|DK1","6.08","n/e"," ","10.72"
"01/09/2018 21:00:00 - 01/09/2018 22:00:00","BZN|DK1","5.00","n/e"," ","0.61"
"01/09/2018 22:00:00 - 01/09/2018 23:00:00","BZN|DK1","5.00","n/e"," ","0.00"
"01/09/2018 23:00:00 - 02/09/2018 00:00:00","BZN|DK1","5.00","n/e"," ","0.18"
"02/09/2018 00:00:00 - 02/09/2018 01:00:00","BZN|DK1","3.05","n/e"," ","2.96"
"02/09/2018 01:00:00 - 02/09/2018 02:00:00","BZN|DK1","0.93","n/e"," ","0.23"
"02/09/2018 02:00:00 - 02/09/2018 03:00:00","BZN|DK1","7.85","n/e"," ","7.37"
"02/09/2018 03:00:00 - 02/09/2018 04:00:00","BZN|DK1","1.48","n/e"," ","1.10"
"02/09/2018 04:00:00 - 02/09/2018 05:00:00","BZN|DK1","1.83","n/e"," ","1.70"
"02/09/2018 05:00:00 - 02/09/2018 06:00:00","BZN|DK1","0.22","n/e"," ","0.28"
"02/09/2018 06:00:00 - 02/09/2018 07:00:00","BZN|DK1","5.76","n/e"," ","5.97"
"02/09/2018 07:00:00 - 02/09/2018 08:00:00","BZN|DK1","7.75","n/e"," ","7.61"
"02/09/2018 08:00:00 - 02/09/2018 09:00:00","BZN|DK1","8.73","n/e"," ","3.00"
"02/09/2018 09:00:00 - 02/09/2018 10:00:00","BZN|DK1","5.29","n/e"," ","2.25"
"02/09/2018 10:00:00 - 02/09/2018 11:00:00","BZN|DK1","2.04","n/e"," ","0.45"
"02/09/2018 11:00:00 - 02/09/2018 12:00:00","BZN|DK1","2.00","n/e"," ","1.12"
"02/09/2018 12:00:00 - 02/09/2018 13:00:00","BZN|DK1","2.00","n/e"," ","1.90"
"02/09/2018 13:00:00 - 02/09/2018 14:00:00","BZN|DK1","2.00","n/e"," ","2.29"
"02/09/2018 14:00:00 - 02/09/2018 15:00:00","BZN|DK1","2.00","n/e"," ","2.90"
"02/09/2018 15:00:00 - 02/09/2018 16:00:00","BZN|DK1","2.00","n/e"," ","4.23"
"02/09/2018 16:00:00 - 02/09/2018 17:00:00","BZN|DK1","2.00","n/e"," ","6.55"
"02/09/2018 17:00:00 - 02/09/2018 18:00:00","BZN|DK1","2.63","n/e"," ","9.90"
"02/09/2018 18:00:00 - 02/09/2018 19:00:00","BZN|DK1","3.75","n/e"," ","21.12"
"02/09/2018 19:00:00 - 02/09/2018 20:00:00","BZN|DK1","6.17","n/e"," ","35.96"
"02/09/2018 20:00:00 - 02/09/2018 21:00:00","BZN|DK1","10.58","n/e"," ","54.52"
"02/09/2018 21:00:00 - 02/09/2018 22:00:00","BZN|DK1","17.08","n/e"," ","61.59"
"02/09/2018 22:00:00 - 02/09/2018 23:00:00","BZN|DK1","23.21","n/e"," ","57.54"
"02/09/2018 23:00:00 - 03/09/2018 00:00:00","BZN|DK1","26.92","n/e"," ","78.58"
"03/09/2018 00:00:00 - 03/09/2018 01:00:00","BZN|DK1","94.40","n/e"," ","102.84"
"03/09/2018 01:00:00 - 03/09/2018 02:00:00","BZN|DK1","107.54","n/e"," ","110.74"
"03/09/2018 02:00:00 - 03/09/2018 03:00:00","BZN|DK1","81.39","n/e"," ","86.29"
"03/09/2018 03:00:00 - 03/09/2018 04:00:00","BZN|DK1","74.08","n/e"," ","75.25"
"03/09/2018 04:00:00 - 03/09/2018 05:00:00","BZN|DK1","69.34","n/e"," ","76.57"
"03/09/2018 05:00:00 - 03/09/2018 06:00:00","BZN|DK1","95.09","n/e"," ","102.80"
"03/09/2018 06:00:00 - 03/09/2018 07:00:00","BZN|DK1","128.04","n/e"," ","137.14"
"03/09/2018 07:00:00 - 03/09/2018 08:00:00","BZN|DK1","125.87","n/e"," ","134.23"
"03/09/2018 08:00:00 - 03/09/2018 09:00:00","BZN|DK1","122.41","n/e"," ","147.09"
"03/09/2018 09:00:00 - 03/09/2018 10:00:00","BZN|DK1","94.92","n/e"," ","169.16"
"03/09/2018 10:00:00 - 03/09/2018 11:00:00","BZN|DK1","79.25","n/e"," ","136.41"
"03/09/2018 11:00:00 - 03/09/2018 12:00:00","BZN|DK1","71.50","n/e"," ","102.45"
"03/09/2018 12:00:00 - 03/09/2018 13:00:00","BZN|DK1","61.50","n/e"," ","113.67"
"03/09/2018 13:00:00 - 03/09/2018 14:00:00","BZN|DK1","52.46","n/e"," ","81.71"
"03/09/2018 14:00:00 - 03/09/2018 15:00:00","BZN|DK1","49.13","n/e"," ","101.89"
"03/09/2018 15:00:00 - 03/09/2018 16:00:00","BZN|DK1","51.00","n/e"," ","106.13"
"03/09/2018 16:00:00 - 03/09/2018 17:00:00","BZN|DK1","53.79","n/e"," ","70.39"
"03/09/2018 17:00:00 - 03/09/2018 18:00:00","BZN|DK1","57.46","n/e"," ","61.90"
"03/09/2018 18:00:00 - 03/09/2018 19:00:00","BZN|DK1","62.38","n/e"," ","79.93"
"03/09/2018 19:00:00 - 03/09/2018 20:00:00","BZN|DK1","67.13","n/e"," ","83.10"
"03/09/2018 20:00:00 - 03/09/2018 21:00:00","BZN|DK1","71.67","n/e"," ","68.64"
"03/09/2018 21:00:00 - 03/09/2018 22:00:00","BZN|DK1","74.33","n/e"," ","44.83"
"03/09/2018 22:00:00 - 03/09/2018 23:00:00","BZN|DK1","72.04","n/e"," ","50.01"
"03/09/2018 23:00:00 - 04/09/2018 00:00:00","BZN|DK1","66.00","n/e"," ","34.44"
"04/09/2018 00:00:00 - 04/09/2018 01:00:00","BZN|DK1","41.00","n/e"," ","46.48"
"04/09/2018 01:00:00 - 04/09/2018 02:00:00","BZN|DK1","41.02","n/e"," ","41.31"
"04/09/2018 02:00:00 - 04/09/2018 03:00:00","BZN|DK1","51.20","n/e"," ","56.36"
"04/09/2018 03:00:00 - 04/09/2018 04:00:00","BZN|DK1","62.13","n/e"," ","66.70"
"04/09/2018 04:00:00 - 04/09/2018 05:00:00","BZN|DK1","45.75","n/e"," ","45.51"
"04/09/2018 05:00:00 - 04/09/2018 06:00:00","BZN|DK1","23.53","n/e"," ","23.32"
"04/09/2018 06:00:00 - 04/09/2018 07:00:00","BZN|DK1","20.12","n/e"," ","22.15"
"04/09/2018 07:00:00 - 04/09/2018 08:00:00","BZN|DK1","14.80","n/e"," ","16.93"
"04/09/2018 08:00:00 - 04/09/2018 09:00:00","BZN|DK1","15.20","n/e"," ","15.16"
"04/09/2018 09:00:00 - 04/09/2018 10:00:00","BZN|DK1","19.25","n/e"," ","19.82"
"04/09/2018 10:00:00 - 04/09/2018 11:00:00","BZN|DK1","21.29","n/e"," ","27.71"
"04/09/2018 11:00:00 - 04/09/2018 12:00:00","BZN|DK1","20.75","n/e"," ","20.51"
"04/09/2018 12:00:00 - 04/09/2018 13:00:00","BZN|DK1","16.50","n/e"," ","10.87"
"04/09/2018 13:00:00 - 04/09/2018 14:00:00","BZN|DK1","13.83","n/e"," ","10.02"
"04/09/2018 14:00:00 - 04/09/2018 15:00:00","BZN|DK1","12.29","n/e"," ","3.82"
"04/09/2018 15:00:00 - 04/09/2018 16:00:00","BZN|DK1","11.79","n/e"," ","5.10"
"04/09/2018 16:00:00 - 04/09/2018 17:00:00","BZN|DK1","11.17","n/e"," ","5.46"
"04/09/2018 17:00:00 - 04/09/2018 18:00:00","BZN|DK1","11.46","n/e"," ","9.48"
"04/09/2018 18:00:00 - 04/09/2018 19:00:00","BZN|DK1","13.29","n/e"," ","18.25"
"04/09/2018 19:00:00 - 04/09/2018 20:00:00","BZN|DK1","17.54","n/e"," ","30.67"
"04/09/2018 20:00:00 - 04/09/2018 21:00:00","BZN|DK1","22.96","n/e"," ","37.91"
"04/09/2018 21:00:00 - 04/09/2018 22:00:00","BZN|DK1","26.58","n/e"," ","31.06"
"04/09/2018 22:00:00 - 04/09/2018 23:00:00","BZN|DK1","25.75","n/e"," ","25.65"
"04/09/2018 23:00:00 - 05/09/2018 00:00:00","BZN|DK1","22.38","n/e"," ","18.14"
"05/09/2018 00:00:00 - 05/09/2018 01:00:00","BZN|DK1","11.92","n/e"," ","10.71"
"05/09/2018 01:00:00 - 05/09/2018 02:00:00","BZN|DK1","6.05","n/e"," ","5.86"
"05/09/2018 02:00:00 - 05/09/2018 03:00:00","BZN|DK1","0.20","n/e"," ","0.24"
"05/09/2018 03:00:00 - 05/09/2018 04:00:00","BZN|DK1","0.00","n/e"," ","0.00"
"05/09/2018 04:00:00 - 05/09/2018 05:00:00","BZN|DK1","0.00","n/e"," ","0.00"
"05/09/2018 05:00:00 - 05/09/2018 06:00:00","BZN|DK1","0.00","n/e"," ","0.00"
"05/09/2018 06:00:00 - 05/09/2018 07:00:00","BZN|DK1","0.30","n/e"," ","0.16"
"05/09/2018 07:00:00 - 05/09/2018 08:00:00","BZN|DK1","0.17","n/e"," ","0.00"
"05/09/2018 08:00:00 - 05/09/2018 09:00:00","BZN|DK1","2.08","n/e"," ","0.00"
"05/09/2018 09:00:00 - 05/09/2018 10:00:00","BZN|DK1","0.92","n/e"," ","0.00"
"05/09/2018 10:00:00 - 05/09/2018 11:00:00","BZN|DK1","2.00","n/e"," ","0.00"
"05/09/2018 11:00:00 - 05/09/2018 12:00:00","BZN|DK1","2.00","n/e"," ","0.00"
"05/09/2018 12:00:00 - 05/09/2018 13:00:00","BZN|DK1","2.00","n/e"," ","0.00"
"05/09/2018 13:00:00 - 05/09/2018 14:00:00","BZN|DK1","2.00","n/e"," ","0.00"
"05/09/2018 14:00:00 - 05/09/2018 15:00:00","BZN|DK1","2.00","n/e"," ","0.00"
"05/09/2018 15:00:00 - 05/09/2018 16:00:00","BZN|DK1","2.00","n/e"," ","0.00"
"05/09/2018 16:00:00 - 05/09/2018 17:00:00","BZN|DK1","2.00","n/e"," ","0.00"
"05/09/2018 17:00:00 - 05/09/2018 18:00:00","BZN|DK1","2.13","n/e"," ","0.00"
"05/09/2018 18:00:00 - 05/09/2018 19:00:00","BZN|DK1","3.50","n/e"," ","1.57"
"05/09/2018 19:00:00 - 05/09/2018 20:00:00","BZN|DK1","6.25","n/e"," ","13.28"
"05/09/2018 20:00:00 - 05/09/2018 21:00:00","BZN|DK1","8.46","n/e"," ","29.34"
"05/09/2018 21:00:00 - 05/09/2018 22:00:00","BZN|DK1","11.00","n/e"," ","41.65"
"05/09/2018 22:00:00 - 05/09/2018 23:00:00","BZN|DK1","13.29","n/e"," ","50.71"
"05/09/2018 23:00:00 - 06/09/2018 00:00:00","BZN|DK1","17.04","n/e"," ","52.62"
"06/09/2018 00:00:00 - 06/09/2018 01:00:00","BZN|DK1","36.66","n/e"," ","39.93"
"06/09/2018 01:00:00 - 06/09/2018 02:00:00","BZN|DK1","34.02","n/e"," ","39.27"
"06/09/2018 02:00:00 - 06/09/2018 03:00:00","BZN|DK1","46.27","n/e"," ","49.05"
"06/09/2018 03:00:00 - 06/09/2018 04:00:00","BZN|DK1","37.85","n/e"," ","40.52"
"06/09/2018 04:00:00 - 06/09/2018 05:00:00","BZN|DK1","38.11","n/e"," ","42.58"
"06/09/2018 05:00:00 - 06/09/2018 06:00:00","BZN|DK1","55.70","n/e"," ","59.07"
"06/09/2018 06:00:00 - 06/09/2018 07:00:00","BZN|DK1","81.24","n/e"," ","87.16"
"06/09/2018 07:00:00 - 06/09/2018 08:00:00","BZN|DK1","113.98","n/e"," ","121.21"
"06/09/2018 08:00:00 - 06/09/2018 09:00:00","BZN|DK1","125.30","n/e"," ","154.37"
"06/09/2018 09:00:00 - 06/09/2018 10:00:00","BZN|DK1","146.21","n/e"," ","189.43"
"06/09/2018 10:00:00 - 06/09/2018 11:00:00","BZN|DK1","164.08","n/e"," ","229.58"
"06/09/2018 11:00:00 - 06/09/2018 12:00:00","BZN|DK1","176.21","n/e"," ","257.91"
"06/09/2018 12:00:00 - 06/09/2018 13:00:00","BZN|DK1","181.58","n/e"," ","208.76"
"06/09/2018 13:00:00 - 06/09/2018 14:00:00","BZN|DK1","183.00","n/e"," ","193.33"
"06/09/2018 14:00:00 - 06/09/2018 15:00:00","BZN|DK1","183.75","n/e"," ","187.68"
"06/09/2018 15:00:00 - 06/09/2018 16:00:00","BZN|DK1","179.63","n/e"," ","217.36"
"06/09/2018 16:00:00 - 06/09/2018 17:00:00","BZN|DK1","181.88","n/e"," ","269.88"
"06/09/2018 17:00:00 - 06/09/2018 18:00:00","BZN|DK1","191.46","n/e"," ","278.48"
"06/09/2018 18:00:00 - 06/09/2018 19:00:00","BZN|DK1","220.71","n/e"," ","344.62"
"06/09/2018 19:00:00 - 06/09/2018 20:00:00","BZN|DK1","264.63","n/e"," ","395.47"
"06/09/2018 20:00:00 - 06/09/2018 21:00:00","BZN|DK1","308.42","n/e"," ","438.72"
"06/09/2018 21:00:00 - 06/09/2018 22:00:00","BZN|DK1","348.67","n/e"," ","526.11"
"06/09/2018 22:00:00 - 06/09/2018 23:00:00","BZN|DK1","390.13","n/e"," ","720.49"
"06/09/2018 23:00:00 - 07/09/2018 00:00:00","BZN|DK1","428.63","n/e"," ","654.13"
"07/09/2018 00:00:00 - 07/09/2018 01:00:00","BZN|DK1","419.75","n/e"," ","436.10"
"07/09/2018 01:00:00 - 07/09/2018 02:00:00","BZN|DK1","385.69","n/e"," ","426.60"
"07/09/2018 02:00:00 - 07/09/2018 03:00:00","BZN|DK1","382.43","n/e"," ","428.80"
"07/09/2018 03:00:00 - 07/09/2018 04:00:00","BZN|DK1","382.26","n/e"," ","429.76"
"07/09/2018 04:00:00 - 07/09/2018 05:00:00","BZN|DK1","382.75","n/e"," ","429.79"
"07/09/2018 05:00:00 - 07/09/2018 06:00:00","BZN|DK1","381.08","n/e"," ","427.03"
"07/09/2018 06:00:00 - 07/09/2018 07:00:00","BZN|DK1","382.55","n/e"," ","417.04"
"07/09/2018 07:00:00 - 07/09/2018 08:00:00","BZN|DK1","386.95","n/e"," ","421.44"
"07/09/2018 08:00:00 - 07/09/2018 09:00:00","BZN|DK1","385.78","n/e"," ","416.69"
"07/09/2018 09:00:00 - 07/09/2018 10:00:00","BZN|DK1","388.21","n/e"," ","409.13"
"07/09/2018 10:00:00 - 07/09/2018 11:00:00","BZN|DK1","389.21","n/e"," ","401.65"
"07/09/2018 11:00:00 - 07/09/2018 12:00:00","BZN|DK1","391.17","n/e"," ","406.90"
"07/09/2018 12:00:00 - 07/09/2018 13:00:00","BZN|DK1","389.04","n/e"," ","383.65"
"07/09/2018 13:00:00 - 07/09/2018 14:00:00","BZN|DK1","386.42","n/e"," ","361.46"
"07/09/2018 14:00:00 - 07/09/2018 15:00:00","BZN|DK1","397.54","n/e"," ","310.41"
"07/09/2018 15:00:00 - 07/09/2018 16:00:00","BZN|DK1","403.58","n/e"," ","358.40"
"07/09/2018 16:00:00 - 07/09/2018 17:00:00","BZN|DK1","381.58","n/e"," ","560.86"
"07/09/2018 17:00:00 - 07/09/2018 18:00:00","BZN|DK1","315.25","n/e"," ","551.95"
"07/09/2018 18:00:00 - 07/09/2018 19:00:00","BZN|DK1","264.00","n/e"," ","321.35"
"07/09/2018 19:00:00 - 07/09/2018 20:00:00","BZN|DK1","263.50","n/e"," ","314.93"
"07/09/2018 20:00:00 - 07/09/2018 21:00:00","BZN|DK1","307.46","n/e"," ","407.79"
"07/09/2018 21:00:00 - 07/09/2018 22:00:00","BZN|DK1","365.67","n/e"," ","600.66"
"07/09/2018 22:00:00 - 07/09/2018 23:00:00","BZN|DK1","401.96","n/e"," ","484.06"
"07/09/2018 23:00:00 - 08/09/2018 00:00:00","BZN|DK1","397.33","n/e"," ","501.82"
"08/09/2018 00:00:00 - 08/09/2018 01:00:00","BZN|DK1","520.23","n/e"," ","577.37"
"08/09/2018 01:00:00 - 08/09/2018 02:00:00","BZN|DK1","502.86","n/e"," ","527.35"
"08/09/2018 02:00:00 - 08/09/2018 03:00:00","BZN|DK1","470.04","n/e"," ","500.89"
"08/09/2018 03:00:00 - 08/09/2018 04:00:00","BZN|DK1","408.41","n/e"," ","449.93"
"08/09/2018 04:00:00 - 08/09/2018 05:00:00","BZN|DK1","398.06","n/e"," ","445.59"
"08/09/2018 05:00:00 - 08/09/2018 06:00:00","BZN|DK1","482.61","n/e"," ","519.90"
"08/09/2018 06:00:00 - 08/09/2018 07:00:00","BZN|DK1","463.90","n/e"," ","533.23"
"08/09/2018 07:00:00 - 08/09/2018 08:00:00","BZN|DK1","648.26","n/e"," ","701.68"
"08/09/2018 08:00:00 - 08/09/2018 09:00:00","BZN|DK1","681.42","n/e"," ","762.51"
"08/09/2018 09:00:00 - 08/09/2018 10:00:00","BZN|DK1","646.04","n/e"," ","754.04"
"08/09/2018 10:00:00 - 08/09/2018 11:00:00","BZN|DK1","658.42","n/e"," ","773.54"
"08/09/2018 11:00:00 - 08/09/2018 12:00:00","BZN|DK1","696.96","n/e"," ","775.24"
"08/09/2018 12:00:00 - 08/09/2018 13:00:00","BZN|DK1","714.29","n/e"," ","765.53"
"08/09/2018 13:00:00 - 08/09/2018 14:00:00","BZN|DK1","720.38","n/e"," ","680.13"
"08/09/2018 14:00:00 - 08/09/2018 15:00:00","BZN|DK1","722.00","n/e"," ","618.10"
"08/09/2018 15:00:00 - 08/09/2018 16:00:00","BZN|DK1","721.04","n/e"," ","660.26"
"08/09/2018 16:00:00 - 08/09/2018 17:00:00","BZN|DK1","723.54","n/e"," ","579.28"
"08/09/2018 17:00:00 - 08/09/2018 18:00:00","BZN|DK1","723.50","n/e"," ","769.97"
"08/09/2018 18:00:00 - 08/09/2018 19:00:00","BZN|DK1","718.75","n/e"," ","756.38"
"08/09/2018 19:00:00 - 08/09/2018 20:00:00","BZN|DK1","709.21","n/e"," ","698.56"
"08/09/2018 20:00:00 - 08/09/2018 21:00:00","BZN|DK1","700.71","n/e"," ","555.38"
"08/09/2018 21:00:00 - 08/09/2018 22:00:00","BZN|DK1","691.54","n/e"," ","613.13"
"08/09/2018 22:00:00 - 08/09/2018 23:00:00","BZN|DK1","682.33","n/e"," ","672.58"
"08/09/2018 23:00:00 - 09/09/2018 00:00:00","BZN|DK1","671.00","n/e"," ","722.98"
"09/09/2018 00:00:00 - 09/09/2018 01:00:00","BZN|DK1","640.50","n/e"," ","676.95"
"09/09/2018 01:00:00 - 09/09/2018 02:00:00","BZN|DK1","640.00","n/e"," ","644.73"
"09/09/2018 02:00:00 - 09/09/2018 03:00:00","BZN|DK1","622.83","n/e"," ","638.33"
"09/09/2018 03:00:00 - 09/09/2018 04:00:00","BZN|DK1","589.08","n/e"," ","598.15"
"09/09/2018 04:00:00 - 09/09/2018 05:00:00","BZN|DK1","613.74","n/e"," ","643.40"
"09/09/2018 05:00:00 - 09/09/2018 06:00:00","BZN|DK1","507.19","n/e"," ","510.96"
"09/09/2018 06:00:00 - 09/09/2018 07:00:00","BZN|DK1","504.34","n/e"," ","534.49"
"09/09/2018 07:00:00 - 09/09/2018 08:00:00","BZN|DK1","496.64","n/e"," ","510.86"
"09/09/2018 08:00:00 - 09/09/2018 09:00:00","BZN|DK1","526.78","n/e"," ","549.98"
"09/09/2018 09:00:00 - 09/09/2018 10:00:00","BZN|DK1","544.83","n/e"," ","560.39"
"09/09/2018 10:00:00 - 09/09/2018 11:00:00","BZN|DK1","548.67","n/e"," ","629.80"
"09/09/2018 11:00:00 - 09/09/2018 12:00:00","BZN|DK1","537.75","n/e"," ","582.38"
"09/09/2018 12:00:00 - 09/09/2018 13:00:00","BZN|DK1","526.21","n/e"," ","546.02"
"09/09/2018 13:00:00 - 09/09/2018 14:00:00","BZN|DK1","508.42","n/e"," ","525.90"
"09/09/2018 14:00:00 - 09/09/2018 15:00:00","BZN|DK1","470.96","n/e"," ","504.95"
"09/09/2018 15:00:00 - 09/09/2018 16:00:00","BZN|DK1","440.08","n/e"," ","527.26"
"09/09/2018 16:00:00 - 09/09/2018 17:00:00","BZN|DK1","433.38","n/e"," ","519.11"
"09/09/2018 17:00:00 - 09/09/2018 18:00:00","BZN|DK1","448.50","n/e"," ","427.05"
"09/09/2018 18:00:00 - 09/09/2018 19:00:00","BZN|DK1","463.71","n/e"," ","540.81"
"09/09/2018 19:00:00 - 09/09/2018 20:00:00","BZN|DK1","474.67","n/e"," ","584.28"
"09/09/2018 20:00:00 - 09/09/2018 21:00:00","BZN|DK1","481.79","n/e"," ","575.19"
"09/09/2018 21:00:00 - 09/09/2018 22:00:00","BZN|DK1","488.25","n/e"," ","510.54"
"09/09/2018 22:00:00 - 09/09/2018 23:00:00","BZN|DK1","494.88","n/e"," ","401.37"
"09/09/2018 23:00:00 - 10/09/2018 00:00:00","BZN|DK1","509.13","n/e"," ","430.82"
"10/09/2018 00:00:00 - 10/09/2018 01:00:00","BZN|DK1","439.17","n/e"," ","459.11"
"10/09/2018 01:00:00 - 10/09/2018 02:00:00","BZN|DK1","532.83","n/e"," ","568.01"
"10/09/2018 02:00:00 - 10/09/2018 03:00:00","BZN|DK1","575.03","n/e"," ","608.10"
"10/09/2018 03:00:00 - 10/09/2018 04:00:00","BZN|DK1","564.55","n/e"," ","579.75"
"10/09/2018 04:00:00 - 10/09/2018 05:00:00","BZN|DK1","580.63","n/e"," ","637.38"
"10/09/2018 05:00:00 - 10/09/2018 06:00:00","BZN|DK1","620.81","n/e"," ","656.18"
"10/09/2018 06:00:00 - 10/09/2018 07:00:00","BZN|DK1","580.62","n/e"," ","603.23"
"10/09/2018 07:00:00 - 10/09/2018 08:00:00","BZN|DK1","582.46","n/e"," ","625.37"
"10/09/2018 08:00:00 - 10/09/2018 09:00:00","BZN|DK1","554.36","n/e"," ","632.94"
"10/09/2018 09:00:00 - 10/09/2018 10:00:00","BZN|DK1","489.71","n/e"," ","442.50"
"10/09/2018 10:00:00 - 10/09/2018 11:00:00","BZN|DK1","401.75","n/e"," ","355.23"
"10/09/2018 11:00:00 - 10/09/2018 12:00:00","BZN|DK1","361.79","n/e"," ","497.79"
"10/09/2018 12:00:00 - 10/09/2018 13:00:00","BZN|DK1","349.17","n/e"," ","389.33"
"10/09/2018 13:00:00 - 10/09/2018 14:00:00","BZN|DK1","342.50","n/e"," ","379.12"
"10/09/2018 14:00:00 - 10/09/2018 15:00:00","BZN|DK1","337.13","n/e"," ","406.50"
"10/09/2018 15:00:00 - 10/09/2018 16:00:00","BZN|DK1","340.54","n/e"," ","401.29"
"10/09/2018 16:00:00 - 10/09/2018 17:00:00","BZN|DK1","347.04","n/e"," ","418.78"
"10/09/2018 17:00:00 - 10/09/2018 18:00:00","BZN|DK1","359.71","n/e"," ","500.93"
"10/09/2018 18:00:00 - 10/09/2018 19:00:00","BZN|DK1","373.96","n/e"," ","446.07"
"10/09/2018 19:00:00 - 10/09/2018 20:00:00","BZN|DK1","384.25","n/e"," ","456.91"
"10/09/2018 20:00:00 - 10/09/2018 21:00:00","BZN|DK1","391.58","n/e"," ","454.78"
"10/09/2018 21:00:00 - 10/09/2018 22:00:00","BZN|DK1","402.92","n/e"," ","464.88"
"10/09/2018 22:00:00 - 10/09/2018 23:00:00","BZN|DK1","421.21","n/e"," ","443.66"
"10/09/2018 23:00:00 - 11/09/2018 00:00:00","BZN|DK1","436.88","n/e"," ","450.30"
"11/09/2018 00:00:00 - 11/09/2018 01:00:00","BZN|DK1","396.70","n/e"," ","404.04"
"11/09/2018 01:00:00 - 11/09/2018 02:00:00","BZN|DK1","339.61","n/e"," ","371.03"
"11/09/2018 02:00:00 - 11/09/2018 03:00:00","BZN|DK1","358.58","n/e"," ","375.59"
"11/09/2018 03:00:00 - 11/09/2018 04:00:00","BZN|DK1","373.35","n/e"," ","399.35"
"11/09/2018 04:00:00 - 11/09/2018 05:00:00","BZN|DK1","371.91","n/e"," ","383.41"
"11/09/2018 05:00:00 - 11/09/2018 06:00:00","BZN|DK1","319.01","n/e"," ","336.12"
"11/09/2018 06:00:00 - 11/09/2018 07:00:00","BZN|DK1","376.49","n/e"," ","420.69"
"11/09/2018 07:00:00 - 11/09/2018 08:00:00","BZN|DK1","518.05","n/e"," ","562.37"
"11/09/2018 08:00:00 - 11/09/2018 09:00:00","BZN|DK1","573.36","n/e"," ","589.27"
"11/09/2018 09:00:00 - 11/09/2018 10:00:00","BZN|DK1","636.38","n/e"," ","689.30"
"11/09/2018 10:00:00 - 11/09/2018 11:00:00","BZN|DK1","659.00","n/e"," ","693.59"
"11/09/2018 11:00:00 - 11/09/2018 12:00:00","BZN|DK1","681.21","n/e"," ","767.90"
"11/09/2018 12:00:00 - 11/09/2018 13:00:00","BZN|DK1","691.42","n/e"," ","770.38"
"11/09/2018 13:00:00 - 11/09/2018 14:00:00","BZN|DK1","694.79","n/e"," ","575.18"
"11/09/2018 14:00:00 - 11/09/2018 15:00:00","BZN|DK1","696.00","n/e"," ","566.18"
"11/09/2018 15:00:00 - 11/09/2018 16:00:00","BZN|DK1","696.29","n/e"," ","543.71"
"11/09/2018 16:00:00 - 11/09/2018 17:00:00","BZN|DK1","697.50","n/e"," ","556.14"
"11/09/2018 17:00:00 - 11/09/2018 18:00:00","BZN|DK1","695.79","n/e"," ","474.80"
"11/09/2018 18:00:00 - 11/09/2018 19:00:00","BZN|DK1","690.63","n/e"," ","472.26"
"11/09/2018 19:00:00 - 11/09/2018 20:00:00","BZN|DK1","677.46","n/e"," ","475.95"
"11/09/2018 20:00:00 - 11/09/2018 21:00:00","BZN|DK1","651.67","n/e"," ","520.09"
"11/09/2018 21:00:00 - 11/09/2018 22:00:00","BZN|DK1","624.75","n/e"," ","653.31"
"11/09/2018 22:00:00 - 11/09/2018 23:00:00","BZN|DK1","608.38","n/e"," ","574.61"
"11/09/2018 23:00:00 - 12/09/2018 00:00:00","BZN|DK1","603.29","n/e"," ","681.31"
"12/09/2018 00:00:00 - 12/09/2018 01:00:00","BZN|DK1","620.58","n/e"," ","672.67"
"12/09/2018 01:00:00 - 12/09/2018 02:00:00","BZN|DK1","660.50","n/e"," ","700.46"
"12/09/2018 02:00:00 - 12/09/2018 03:00:00","BZN|DK1","672.89","n/e"," ","720.94"
"12/09/2018 03:00:00 - 12/09/2018 04:00:00","BZN|DK1","681.18","n/e"," ","721.30"
"12/09/2018 04:00:00 - 12/09/2018 05:00:00","BZN|DK1","621.49","n/e"," ","649.97"
"12/09/2018 05:00:00 - 12/09/2018 06:00:00","BZN|DK1","630.50","n/e"," ","678.58"
"12/09/2018 06:00:00 - 12/09/2018 07:00:00","BZN|DK1","703.75","n/e"," ","743.20"
"12/09/2018 07:00:00 - 12/09/2018 08:00:00","BZN|DK1","720.78","n/e"," ","762.12"
"12/09/2018 08:00:00 - 12/09/2018 09:00:00","BZN|DK1","715.20","n/e"," ","747.07"
"12/09/2018 09:00:00 - 12/09/2018 10:00:00","BZN|DK1","711.54","n/e"," ","697.23"
"12/09/2018 10:00:00 - 12/09/2018 11:00:00","BZN|DK1","705.54","n/e"," ","750.64"
"12/09/2018 11:00:00 - 12/09/2018 12:00:00","BZN|DK1","708.75","n/e"," ","763.64"
"12/09/2018 12:00:00 - 12/09/2018 13:00:00","BZN|DK1","710.33","n/e"," ","755.41"
"12/09/2018 13:00:00 - 12/09/2018 14:00:00","BZN|DK1","711.54","n/e"," ","708.71"
"12/09/2018 14:00:00 - 12/09/2018 15:00:00","BZN|DK1","713.58","n/e"," ","760.56"
"12/09/2018 15:00:00 - 12/09/2018 16:00:00","BZN|DK1","713.33","n/e"," ","752.31"
"12/09/2018 16:00:00 - 12/09/2018 17:00:00","BZN|DK1","711.92","n/e"," ","734.84"
"12/09/2018 17:00:00 - 12/09/2018 18:00:00","BZN|DK1","710.13","n/e"," ","711.14"
"12/09/2018 18:00:00 - 12/09/2018 19:00:00","BZN|DK1","704.29","n/e"," ","668.42"
"12/09/2018 19:00:00 - 12/09/2018 20:00:00","BZN|DK1","695.79","n/e"," ","641.26"
"12/09/2018 20:00:00 - 12/09/2018 21:00:00","BZN|DK1","683.38","n/e"," ","637.36"
"12/09/2018 21:00:00 - 12/09/2018 22:00:00","BZN|DK1","668.79","n/e"," ","611.10"
"12/09/2018 22:00:00 - 12/09/2018 23:00:00","BZN|DK1","650.71","n/e"," ","566.58"
"12/09/2018 23:00:00 - 13/09/2018 00:00:00","BZN|DK1","631.21","n/e"," ","499.97"
"13/09/2018 00:00:00 - 13/09/2018 01:00:00","BZN|DK1","491.45","n/e"," ","516.73"
"13/09/2018 01:00:00 - 13/09/2018 02:00:00","BZN|DK1","479.57","n/e"," ","501.13"
"13/09/2018 02:00:00 - 13/09/2018 03:00:00","BZN|DK1","476.53","n/e"," ","493.62"
"13/09/2018 03:00:00 - 13/09/2018 04:00:00","BZN|DK1","434.18","n/e"," ","444.10"
"13/09/2018 04:00:00 - 13/09/2018 05:00:00","BZN|DK1","392.53","n/e"," ","402.16"
"13/09/2018 05:00:00 - 13/09/2018 06:00:00","BZN|DK1","385.23","n/e"," ","402.96"
"13/09/2018 06:00:00 - 13/09/2018 07:00:00","BZN|DK1","292.12","n/e"," ","281.45"
"13/09/2018 07:00:00 - 13/09/2018 08:00:00","BZN|DK1","174.07","n/e"," ","178.05"
"13/09/2018 08:00:00 - 13/09/2018 09:00:00","BZN|DK1","229.68","n/e"," ","275.79"
"13/09/2018 09:00:00 - 13/09/2018 10:00:00","BZN|DK1","269.25","n/e"," ","284.55"
"13/09/2018 10:00:00 - 13/09/2018 11:00:00","BZN|DK1","269.54","n/e"," ","353.36"
"13/09/2018 11:00:00 - 13/09/2018 12:00:00","BZN|DK1","250.00","n/e"," ","283.32"
"13/09/2018 12:00:00 - 13/09/2018 13:00:00","BZN|DK1","253.75","n/e"," ","259.58"
"13/09/2018 13:00:00 - 13/09/2018 14:00:00","BZN|DK1","270.50","n/e"," ","331.08"
"13/09/2018 14:00:00 - 13/09/2018 15:00:00","BZN|DK1","294.04","n/e"," ","348.07"
"13/09/2018 15:00:00 - 13/09/2018 16:00:00","BZN|DK1","314.50","n/e"," ","278.16"
"13/09/2018 16:00:00 - 13/09/2018 17:00:00","BZN|DK1","338.50","n/e"," ","351.01"
"13/09/2018 17:00:00 - 13/09/2018 18:00:00","BZN|DK1","368.50","n/e"," ","608.77"
"13/09/2018 18:00:00 - 13/09/2018 19:00:00","BZN|DK1","403.71","n/e"," ","550.55"
"13/09/2018 19:00:00 - 13/09/2018 20:00:00","BZN|DK1","429.33","n/e"," ","476.18"
"13/09/2018 20:00:00 - 13/09/2018 21:00:00","BZN|DK1","445.42","n/e"," ","528.59"
"13/09/2018 21:00:00 - 13/09/2018 22:00:00","BZN|DK1","468.13","n/e"," ","597.19"
"13/09/2018 22:00:00 - 13/09/2018 23:00:00","BZN|DK1","492.46","n/e"," ","607.80"
"13/09/2018 23:00:00 - 14/09/2018 00:00:00","BZN|DK1","513.71","n/e"," ","630.84"
"14/09/2018 00:00:00 - 14/09/2018 01:00:00","BZN|DK1","580.33","n/e"," ","619.60"
"14/09/2018 01:00:00 - 14/09/2018 02:00:00","BZN|DK1","639.52","n/e"," ","677.98"
"14/09/2018 02:00:00 - 14/09/2018 03:00:00","BZN|DK1","649.42","n/e"," ","686.90"
"14/09/2018 03:00:00 - 14/09/2018 04:00:00","BZN|DK1","675.95","n/e"," ","707.12"
"14/09/2018 04:00:00 - 14/09/2018 05:00:00","BZN|DK1","678.69","n/e"," ","709.53"
"14/09/2018 05:00:00 - 14/09/2018 06:00:00","BZN|DK1","664.36","n/e"," ","700.60"
"14/09/2018 06:00:00 - 14/09/2018 07:00:00","BZN|DK1","648.83","n/e"," ","681.06"
"14/09/2018 07:00:00 - 14/09/2018 08:00:00","BZN|DK1","649.19","n/e"," ","687.41"
"14/09/2018 08:00:00 - 14/09/2018 09:00:00","BZN|DK1","601.45","n/e"," ","627.45"
"14/09/2018 09:00:00 - 14/09/2018 10:00:00","BZN|DK1","571.88","n/e"," ","530.76"
"14/09/2018 10:00:00 - 14/09/2018 11:00:00","BZN|DK1","534.04","n/e"," ","498.17"
"14/09/2018 11:00:00 - 14/09/2018 12:00:00","BZN|DK1","518.96","n/e"," ","431.40"
"14/09/2018 12:00:00 - 14/09/2018 13:00:00","BZN|DK1","533.79","n/e"," ","398.46"
"14/09/2018 13:00:00 - 14/09/2018 14:00:00","BZN|DK1","555.79","n/e"," ","373.16"
"14/09/2018 14:00:00 - 14/09/2018 15:00:00","BZN|DK1","568.00","n/e"," ","401.13"
"14/09/2018 15:00:00 - 14/09/2018 16:00:00","BZN|DK1","573.33","n/e"," ","604.66"
"14/09/2018 16:00:00 - 14/09/2018 17:00:00","BZN|DK1","578.08","n/e"," ","586.55"
"14/09/2018 17:00:00 - 14/09/2018 18:00:00","BZN|DK1","596.96","n/e"," ","668.19"
"14/09/2018 18:00:00 - 14/09/2018 19:00:00","BZN|DK1","632.00","n/e"," ","671.13"
"14/09/2018 19:00:00 - 14/09/2018 20:00:00","BZN|DK1","660.54","n/e"," ","712.23"
"14/09/2018 20:00:00 - 14/09/2018 21:00:00","BZN|DK1","674.13","n/e"," ","752.68"
"14/09/2018 21:00:00 - 14/09/2018 22:00:00","BZN|DK1","679.13","n/e"," ","770.40"
"14/09/2018 22:00:00 - 14/09/2018 23:00:00","BZN|DK1","680.04","n/e"," ","755.42"
"14/09/2018 23:00:00 - 15/09/2018 00:00:00","BZN|DK1","677.21","n/e"," ","682.70"
"15/09/2018 00:00:00 - 15/09/2018 01:00:00","BZN|DK1","611.55","n/e"," ","626.90"
"15/09/2018 01:00:00 - 15/09/2018 02:00:00","BZN|DK1","579.98","n/e"," ","608.81"
"15/09/2018 02:00:00 - 15/09/2018 03:00:00","BZN|DK1","592.87","n/e"," ","630.81"
"15/09/2018 03:00:00 - 15/09/2018 04:00:00","BZN|DK1","558.76","n/e"," ","589.93"
"15/09/2018 04:00:00 - 15/09/2018 05:00:00","BZN|DK1","492.90","n/e"," ","537.79"
"15/09/2018 05:00:00 - 15/09/2018 06:00:00","BZN|DK1","449.42","n/e"," ","465.93"
"15/09/2018 06:00:00 - 15/09/2018 07:00:00","BZN|DK1","470.47","n/e"," ","513.53"
"15/09/2018 07:00:00 - 15/09/2018 08:00:00","BZN|DK1","435.84","n/e"," ","421.47"
"15/09/2018 08:00:00 - 15/09/2018 09:00:00","BZN|DK1","294.98","n/e"," ","244.89"
"15/09/2018 09:00:00 - 15/09/2018 10:00:00","BZN|DK1","310.25","n/e"," ","281.19"
"15/09/2018 10:00:00 - 15/09/2018 11:00:00","BZN|DK1","330.08","n/e"," ","297.87"
"15/09/2018 11:00:00 - 15/09/2018 12:00:00","BZN|DK1","358.92","n/e"," ","325.80"
"15/09/2018 12:00:00 - 15/09/2018 13:00:00","BZN|DK1","370.96","n/e"," ","326.82"
"15/09/2018 13:00:00 - 15/09/2018 14:00:00","BZN|DK1","359.88","n/e"," ","246.25"
"15/09/2018 14:00:00 - 15/09/2018 15:00:00","BZN|DK1","338.42","n/e"," ","269.77"
"15/09/2018 15:00:00 - 15/09/2018 16:00:00","BZN|DK1","323.21","n/e"," ","262.99"
"15/09/2018 16:00:00 - 15/09/2018 17:00:00","BZN|DK1","338.46","n/e"," ","357.60"
"15/09/2018 17:00:00 - 15/09/2018 18:00:00","BZN|DK1","359.71","n/e"," ","370.51"
"15/09/2018 18:00:00 - 15/09/2018 19:00:00","BZN|DK1","372.38","n/e"," ","351.94"
"15/09/2018 19:00:00 - 15/09/2018 20:00:00","BZN|DK1","366.92","n/e"," ","364.77"
"15/09/2018 20:00:00 - 15/09/2018 21:00:00","BZN|DK1","348.83","n/e"," ","329.72"
"15/09/2018 21:00:00 - 15/09/2018 22:00:00","BZN|DK1","328.46","n/e"," ","300.61"
"15/09/2018 22:00:00 - 15/09/2018 23:00:00","BZN|DK1","301.08","n/e"," ","306.63"
"15/09/2018 23:00:00 - 16/09/2018 00:00:00","BZN|DK1","266.21","n/e"," ","275.90"
"16/09/2018 00:00:00 - 16/09/2018 01:00:00","BZN|DK1","255.28","n/e"," ","261.15"
"16/09/2018 01:00:00 - 16/09/2018 02:00:00","BZN|DK1","234.00","n/e"," ","239.01"
"16/09/2018 02:00:00 - 16/09/2018 03:00:00","BZN|DK1","217.36","n/e"," ","221.17"
"16/09/2018 03:00:00 - 16/09/2018 04:00:00","BZN|DK1","184.70","n/e"," ","189.93"
"16/09/2018 04:00:00 - 16/09/2018 05:00:00","BZN|DK1","150.07","n/e"," ","151.80"
"16/09/2018 05:00:00 - 16/09/2018 06:00:00","BZN|DK1","120.77","n/e"," ","128.60"
"16/09/2018 06:00:00 - 16/09/2018 07:00:00","BZN|DK1","131.13","n/e"," ","134.63"
"16/09/2018 07:00:00 - 16/09/2018 08:00:00","BZN|DK1","155.60","n/e"," ","167.63"
"16/09/2018 08:00:00 - 16/09/2018 09:00:00","BZN|DK1","239.75","n/e"," ","320.81"
"16/09/2018 09:00:00 - 16/09/2018 10:00:00","BZN|DK1","311.33","n/e"," ","378.24"
"16/09/2018 10:00:00 - 16/09/2018 11:00:00","BZN|DK1","405.46","n/e"," ","512.52"
"16/09/2018 11:00:00 - 16/09/2018 12:00:00","BZN|DK1","495.67","n/e"," ","662.49"
"16/09/2018 12:00:00 - 16/09/2018 13:00:00","BZN|DK1","591.33","n/e"," ","719.88"
"16/09/2018 13:00:00 - 16/09/2018 14:00:00","BZN|DK1","651.92","n/e"," ","756.61"
"16/09/2018 14:00:00 - 16/09/2018 15:00:00","BZN|DK1","678.58","n/e"," ","767.27"
"16/09/2018 15:00:00 - 16/09/2018 16:00:00","BZN|DK1","689.63","n/e"," ","767.81"
"16/09/2018 16:00:00 - 16/09/2018 17:00:00","BZN|DK1","695.67","n/e"," ","753.60"
"16/09/2018 17:00:00 - 16/09/2018 18:00:00","BZN|DK1","697.63","n/e"," ","770.84"
"16/09/2018 18:00:00 - 16/09/2018 19:00:00","BZN|DK1","698.54","n/e"," ","775.94"
"16/09/2018 19:00:00 - 16/09/2018 20:00:00","BZN|DK1","698.75","n/e"," ","767.42"
"16/09/2018 20:00:00 - 16/09/2018 21:00:00","BZN|DK1","698.33","n/e"," ","759.83"
"16/09/2018 21:00:00 - 16/09/2018 22:00:00","BZN|DK1","695.29","n/e"," ","767.88"
"16/09/2018 22:00:00 - 16/09/2018 23:00:00","BZN|DK1","687.04","n/e"," ","765.04"
"16/09/2018 23:00:00 - 17/09/2018 00:00:00","BZN|DK1","668.46","n/e"," ","760.49"
"17/09/2018 00:00:00 - 17/09/2018 01:00:00","BZN|DK1","624.87","n/e"," ","677.40"
"17/09/2018 01:00:00 - 17/09/2018 02:00:00","BZN|DK1","616.58","n/e"," ","666.27"
"17/09/2018 02:00:00 - 17/09/2018 03:00:00","BZN|DK1","581.23","n/e"," ","622.60"
"17/09/2018 03:00:00 - 17/09/2018 04:00:00","BZN|DK1","481.57","n/e"," ","506.60"
"17/09/2018 04:00:00 - 17/09/2018 05:00:00","BZN|DK1","315.96","n/e"," ","343.57"
"17/09/2018 05:00:00 - 17/09/2018 06:00:00","BZN|DK1","269.84","n/e"," ","298.54"
"17/09/2018 06:00:00 - 17/09/2018 07:00:00","BZN|DK1","271.73","n/e"," ","293.85"
"17/09/2018 07:00:00 - 17/09/2018 08:00:00","BZN|DK1","263.88","n/e"," ","281.19"
"17/09/2018 08:00:00 - 17/09/2018 09:00:00","BZN|DK1","278.90","n/e"," ","282.59"
"17/09/2018 09:00:00 - 17/09/2018 10:00:00","BZN|DK1","245.71","n/e"," ","299.46"
"17/09/2018 10:00:00 - 17/09/2018 11:00:00","BZN|DK1","186.04","n/e"," ","200.27"
"17/09/2018 11:00:00 - 17/09/2018 12:00:00","BZN|DK1","130.33","n/e"," ","114.24"
"17/09/2018 12:00:00 - 17/09/2018 13:00:00","BZN|DK1","89.21","n/e"," ","65.57"
"17/09/2018 13:00:00 - 17/09/2018 14:00:00","BZN|DK1","62.79","n/e"," ","61.38"
"17/09/2018 14:00:00 - 17/09/2018 15:00:00","BZN|DK1","52.71","n/e"," ","75.47"
"17/09/2018 15:00:00 - 17/09/2018 16:00:00","BZN|DK1","58.38","n/e"," ","109.13"
"17/09/2018 16:00:00 - 17/09/2018 17:00:00","BZN|DK1","69.33","n/e"," ","132.22"
"17/09/2018 17:00:00 - 17/09/2018 18:00:00","BZN|DK1","81.38","n/e"," ","72.64"
"17/09/2018 18:00:00 - 17/09/2018 19:00:00","BZN|DK1","99.79","n/e"," ","106.95"
"17/09/2018 19:00:00 - 17/09/2018 20:00:00","BZN|DK1","140.33","n/e"," ","180.42"
"17/09/2018 20:00:00 - 17/09/2018 21:00:00","BZN|DK1","202.33","n/e"," ","381.70"
"17/09/2018 21:00:00 - 17/09/2018 22:00:00","BZN|DK1","271.92","n/e"," ","424.20"
"17/09/2018 22:00:00 - 17/09/2018 23:00:00","BZN|DK1","317.88","n/e"," ","394.04"
"17/09/2018 23:00:00 - 18/09/2018 00:00:00","BZN|DK1","340.08","n/e"," ","341.06"
"18/09/2018 00:00:00 - 18/09/2018 01:00:00","BZN|DK1","370.94","n/e"," ","372.13"
"18/09/2018 01:00:00 - 18/09/2018 02:00:00","BZN|DK1","319.40","n/e"," ","332.55"
"18/09/2018 02:00:00 - 18/09/2018 03:00:00","BZN|DK1","352.26","n/e"," ","361.73"
"18/09/2018 03:00:00 - 18/09/2018 04:00:00","BZN|DK1","343.71","n/e"," ","366.31"
"18/09/2018 04:00:00 - 18/09/2018 05:00:00","BZN|DK1","423.75","n/e"," ","435.31"
"18/09/2018 05:00:00 - 18/09/2018 06:00:00","BZN|DK1","357.24","n/e"," ","367.32"
"18/09/2018 06:00:00 - 18/09/2018 07:00:00","BZN|DK1","343.29","n/e"," ","346.31"
"18/09/2018 07:00:00 - 18/09/2018 08:00:00","BZN|DK1","315.49","n/e"," ","327.06"
"18/09/2018 08:00:00 - 18/09/2018 09:00:00","BZN|DK1","351.41","n/e"," ","374.54"
"18/09/2018 09:00:00 - 18/09/2018 10:00:00","BZN|DK1","552.75","n/e"," ","396.25"
"18/09/2018 10:00:00 - 18/09/2018 11:00:00","BZN|DK1","652.46","n/e"," ","480.62"
"18/09/2018 11:00:00 - 18/09/2018 12:00:00","BZN|DK1","687.96","n/e"," ","555.84"
"18/09/2018 12:00:00 - 18/09/2018 13:00:00","BZN|DK1","705.00","n/e"," ","521.61"
"18/09/2018 13:00:00 - 18/09/2018 14:00:00","BZN|DK1","713.79","n/e"," ","513.66"
"18/09/2018 14:00:00 - 18/09/2018 15:00:00","BZN|DK1","723.00","n/e"," ","562.82"
"18/09/2018 15:00:00 - 18/09/2018 16:00:00","BZN|DK1","726.33","n/e"," ","665.65"
"18/09/2018 16:00:00 - 18/09/2018 17:00:00","BZN|DK1","728.79","n/e"," ","772.98"
"18/09/2018 17:00:00 - 18/09/2018 18:00:00","BZN|DK1","730.00","n/e"," ","789.00"
"18/09/2018 18:00:00 - 18/09/2018 19:00:00","BZN|DK1","728.75","n/e"," ","790.18"
"18/09/2018 19:00:00 - 18/09/2018 20:00:00","BZN|DK1","725.58","n/e"," ","766.29"
"18/09/2018 20:00:00 - 18/09/2018 21:00:00","BZN|DK1","718.83","n/e"," ","728.65"
"18/09/2018 21:00:00 - 18/09/2018 22:00:00","BZN|DK1","714.17","n/e"," ","685.07"
"18/09/2018 22:00:00 - 18/09/2018 23:00:00","BZN|DK1","711.13","n/e"," ","630.95"
"18/09/2018 23:00:00 - 19/09/2018 00:00:00","BZN|DK1","704.54","n/e"," ","606.79"
"19/09/2018 00:00:00 - 19/09/2018 01:00:00","BZN|DK1","549.78","n/e"," ","582.42"
"19/09/2018 01:00:00 - 19/09/2018 02:00:00","BZN|DK1","592.64","n/e"," ","618.13"
"19/09/2018 02:00:00 - 19/09/2018 03:00:00","BZN|DK1","540.66","n/e"," ","567.10"
"19/09/2018 03:00:00 - 19/09/2018 04:00:00","BZN|DK1","452.33","n/e"," ","469.09"
"19/09/2018 04:00:00 - 19/09/2018 05:00:00","BZN|DK1","411.97","n/e"," ","446.11"
"19/09/2018 05:00:00 - 19/09/2018 06:00:00","BZN|DK1","509.24","n/e"," ","543.93"
"19/09/2018 06:00:00 - 19/09/2018 07:00:00","BZN|DK1","509.28","n/e"," ","530.02"
"19/09/2018 07:00:00 - 19/09/2018 08:00:00","BZN|DK1","463.28","n/e"," ","478.85"
"19/09/2018 08:00:00 - 19/09/2018 09:00:00","BZN|DK1","509.90","n/e"," ","567.90"
"19/09/2018 09:00:00 - 19/09/2018 10:00:00","BZN|DK1","570.13","n/e"," ","640.09"
"19/09/2018 10:00:00 - 19/09/2018 11:00:00","BZN|DK1","628.92","n/e"," ","659.46"
"19/09/2018 11:00:00 - 19/09/2018 12:00:00","BZN|DK1","665.54","n/e"," ","680.83"
"19/09/2018 12:00:00 - 19/09/2018 13:00:00","BZN|DK1","685.50","n/e"," ","685.56"
"19/09/2018 13:00:00 - 19/09/2018 14:00:00","BZN|DK1","696.08","n/e"," ","717.17"
"19/09/2018 14:00:00 - 19/09/2018 15:00:00","BZN|DK1","701.71","n/e"," ","696.47"
"19/09/2018 15:00:00 - 19/09/2018 16:00:00","BZN|DK1","704.58","n/e"," ","771.28"
"19/09/2018 16:00:00 - 19/09/2018 17:00:00","BZN|DK1","705.00","n/e"," ","768.62"
"19/09/2018 17:00:00 - 19/09/2018 18:00:00","BZN|DK1","705.00","n/e"," ","733.94"
"19/09/2018 18:00:00 - 19/09/2018 19:00:00","BZN|DK1","705.04","n/e"," ","779.55"
"19/09/2018 19:00:00 - 19/09/2018 20:00:00","BZN|DK1","706.29","n/e"," ","768.50"
"19/09/2018 20:00:00 - 19/09/2018 21:00:00","BZN|DK1","707.54","n/e"," ","782.70"
"19/09/2018 21:00:00 - 19/09/2018 22:00:00","BZN|DK1","708.00","n/e"," ","784.12"
"19/09/2018 22:00:00 - 19/09/2018 23:00:00","BZN|DK1","708.00","n/e"," ","784.82"
"19/09/2018 23:00:00 - 20/09/2018 00:00:00","BZN|DK1","707.63","n/e"," ","788.51"
"20/09/2018 00:00:00 - 20/09/2018 01:00:00","BZN|DK1","734.12","n/e"," ","773.65"
"20/09/2018 01:00:00 - 20/09/2018 02:00:00","BZN|DK1","694.08","n/e"," ","736.40"
"20/09/2018 02:00:00 - 20/09/2018 03:00:00","BZN|DK1","636.40","n/e"," ","678.15"
"20/09/2018 03:00:00 - 20/09/2018 04:00:00","BZN|DK1","540.14","n/e"," ","561.16"
"20/09/2018 04:00:00 - 20/09/2018 05:00:00","BZN|DK1","498.69","n/e"," ","553.92"
"20/09/2018 05:00:00 - 20/09/2018 06:00:00","BZN|DK1","567.03","n/e"," ","583.50"
"20/09/2018 06:00:00 - 20/09/2018 07:00:00","BZN|DK1","590.15","n/e"," ","644.48"
"20/09/2018 07:00:00 - 20/09/2018 08:00:00","BZN|DK1","633.28","n/e"," ","660.03"
"20/09/2018 08:00:00 - 20/09/2018 09:00:00","BZN|DK1","622.01","n/e"," ","615.41"
"20/09/2018 09:00:00 - 20/09/2018 10:00:00","BZN|DK1","624.96","n/e"," ","679.79"
"20/09/2018 10:00:00 - 20/09/2018 11:00:00","BZN|DK1","623.08","n/e"," ","584.27"
"20/09/2018 11:00:00 - 20/09/2018 12:00:00","BZN|DK1","608.00","n/e"," ","537.06"
"20/09/2018 12:00:00 - 20/09/2018 13:00:00","BZN|DK1","554.71","n/e"," ","492.45"
"20/09/2018 13:00:00 - 20/09/2018 14:00:00","BZN|DK1","488.38","n/e"," ","451.68"
"20/09/2018 14:00:00 - 20/09/2018 15:00:00","BZN|DK1","410.00","n/e"," ","446.24"
"20/09/2018 15:00:00 - 20/09/2018 16:00:00","BZN|DK1","330.67","n/e"," ","395.79"
"20/09/2018 16:00:00 - 20/09/2018 17:00:00","BZN|DK1","278.75","n/e"," ","233.62"
"20/09/2018 17:00:00 - 20/09/2018 18:00:00","BZN|DK1","273.83","n/e"," ","111.36"
"20/09/2018 18:00:00 - 20/09/2018 19:00:00","BZN|DK1","310.13","n/e"," ","92.27"
"20/09/2018 19:00:00 - 20/09/2018 20:00:00","BZN|DK1","353.25","n/e"," ","60.61"
"20/09/2018 20:00:00 - 20/09/2018 21:00:00","BZN|DK1","415.00","n/e"," ","146.56"
"20/09/2018 21:00:00 - 20/09/2018 22:00:00","BZN|DK1","496.58","n/e"," ","407.78"
"20/09/2018 22:00:00 - 20/09/2018 23:00:00","BZN|DK1","573.04","n/e"," ","494.71"
"20/09/2018 23:00:00 - 21/09/2018 00:00:00","BZN|DK1","634.58","n/e"," ","717.36"
"21/09/2018 00:00:00 - 21/09/2018 01:00:00","BZN|DK1","704.55","n/e"," ","779.54"
"21/09/2018 01:00:00 - 21/09/2018 02:00:00","BZN|DK1","704.91","n/e"," ","759.24"
"21/09/2018 02:00:00 - 21/09/2018 03:00:00","BZN|DK1","683.66","n/e"," ","689.82"
"21/09/2018 03:00:00 - 21/09/2018 04:00:00","BZN|DK1","678.43","n/e"," ","761.35"
"21/09/2018 04:00:00 - 21/09/2018 05:00:00","BZN|DK1","702.24","n/e"," ","784.86"
"21/09/2018 05:00:00 - 21/09/2018 06:00:00","BZN|DK1","702.05","n/e"," ","783.81"
"21/09/2018 06:00:00 - 21/09/2018 07:00:00","BZN|DK1","701.89","n/e"," ","786.67"
"21/09/2018 07:00:00 - 21/09/2018 08:00:00","BZN|DK1","702.14","n/e"," ","781.81"
"21/09/2018 08:00:00 - 21/09/2018 09:00:00","BZN|DK1","610.27","n/e"," ","626.66"
"21/09/2018 09:00:00 - 21/09/2018 10:00:00","BZN|DK1","700.67","n/e"," ","778.16"
"21/09/2018 10:00:00 - 21/09/2018 11:00:00","BZN|DK1","689.88","n/e"," ","784.27"
"21/09/2018 11:00:00 - 21/09/2018 12:00:00","BZN|DK1","655.83","n/e"," ","736.15"
"21/09/2018 12:00:00 - 21/09/2018 13:00:00","BZN|DK1","615.42","n/e"," ","743.43"
"21/09/2018 13:00:00 - 21/09/2018 14:00:00","BZN|DK1","586.58","n/e"," ","582.09"
"21/09/2018 14:00:00 - 21/09/2018 15:00:00","BZN|DK1","570.83","n/e"," ","753.49"
"21/09/2018 15:00:00 - 21/09/2018 16:00:00","BZN|DK1","566.17","n/e"," ","744.17"
"21/09/2018 16:00:00 - 21/09/2018 17:00:00","BZN|DK1","572.54","n/e"," ","654.76"
"21/09/2018 17:00:00 - 21/09/2018 18:00:00","BZN|DK1","600.88","n/e"," ","657.69"
"21/09/2018 18:00:00 - 21/09/2018 19:00:00","BZN|DK1","655.67","n/e"," ","660.56"
"21/09/2018 19:00:00 - 21/09/2018 20:00:00","BZN|DK1","688.63","n/e"," ","677.26"
"21/09/2018 20:00:00 - 21/09/2018 21:00:00","BZN|DK1","698.21","n/e"," ","684.16"
"21/09/2018 21:00:00 - 21/09/2018 22:00:00","BZN|DK1","701.00","n/e"," ","711.61"
"21/09/2018 22:00:00 - 21/09/2018 23:00:00","BZN|DK1","701.00","n/e"," ","679.57"
"21/09/2018 23:00:00 - 22/09/2018 00:00:00","BZN|DK1","701.00","n/e"," ","685.03"
"22/09/2018 00:00:00 - 22/09/2018 01:00:00","BZN|DK1","636.55","n/e"," ","679.71"
"22/09/2018 01:00:00 - 22/09/2018 02:00:00","BZN|DK1","636.48","n/e"," ","677.74"
"22/09/2018 02:00:00 - 22/09/2018 03:00:00","BZN|DK1","636.25","n/e"," ","674.72"
"22/09/2018 03:00:00 - 22/09/2018 04:00:00","BZN|DK1","640.74","n/e"," ","685.55"
"22/09/2018 04:00:00 - 22/09/2018 05:00:00","BZN|DK1","728.25","n/e"," ","764.96"
"22/09/2018 05:00:00 - 22/09/2018 06:00:00","BZN|DK1","727.32","n/e"," ","762.40"
"22/09/2018 06:00:00 - 22/09/2018 07:00:00","BZN|DK1","722.53","n/e"," ","762.68"
"22/09/2018 07:00:00 - 22/09/2018 08:00:00","BZN|DK1","636.29","n/e"," ","671.34"
"22/09/2018 08:00:00 - 22/09/2018 09:00:00","BZN|DK1","640.88","n/e"," ","689.19"
"22/09/2018 09:00:00 - 22/09/2018 10:00:00","BZN|DK1","736.25","n/e"," ","778.64"
"22/09/2018 10:00:00 - 22/09/2018 11:00:00","BZN|DK1","740.04","n/e"," ","784.01"
"22/09/2018 11:00:00 - 22/09/2018 12:00:00","BZN|DK1","740.96","n/e"," ","683.01"
"22/09/2018 12:00:00 - 22/09/2018 13:00:00","BZN|DK1","740.00","n/e"," ","632.21"
"22/09/2018 13:00:00 - 22/09/2018 14:00:00","BZN|DK1","367.21","n/e"," ","166.14"
"22/09/2018 14:00:00 - 22/09/2018 15:00:00","BZN|DK1","351.00","n/e"," ","132.31"
"22/09/2018 15:00:00 - 22/09/2018 16:00:00","BZN|DK1","367.29","n/e"," ","220.01"
"22/09/2018 16:00:00 - 22/09/2018 17:00:00","BZN|DK1","742.00","n/e"," ","683.85"
"22/09/2018 17:00:00 - 22/09/2018 18:00:00","BZN|DK1","742.38","n/e"," ","777.55"
"22/09/2018 18:00:00 - 22/09/2018 19:00:00","BZN|DK1","742.54","n/e"," ","687.58"
"22/09/2018 19:00:00 - 22/09/2018 20:00:00","BZN|DK1","742.00","n/e"," ","777.03"
"22/09/2018 20:00:00 - 22/09/2018 21:00:00","BZN|DK1","741.29","n/e"," ","772.84"
"22/09/2018 21:00:00 - 22/09/2018 22:00:00","BZN|DK1","741.00","n/e"," ","770.73"
"22/09/2018 22:00:00 - 22/09/2018 23:00:00","BZN|DK1","740.88","n/e"," ","763.72"
"22/09/2018 23:00:00 - 23/09/2018 00:00:00","BZN|DK1","739.63","n/e"," ","760.81"
"23/09/2018 00:00:00 - 23/09/2018 01:00:00","BZN|DK1","719.70","n/e"," ","759.81"
"23/09/2018 01:00:00 - 23/09/2018 02:00:00","BZN|DK1","710.65","n/e"," ","751.37"
"23/09/2018 02:00:00 - 23/09/2018 03:00:00","BZN|DK1","692.57","n/e"," ","723.04"
"23/09/2018 03:00:00 - 23/09/2018 04:00:00","BZN|DK1","675.65","n/e"," ","726.62"
"23/09/2018 04:00:00 - 23/09/2018 05:00:00","BZN|DK1","688.51","n/e"," ","721.92"
"23/09/2018 05:00:00 - 23/09/2018 06:00:00","BZN|DK1","657.47","n/e"," ","683.91"
"23/09/2018 06:00:00 - 23/09/2018 07:00:00","BZN|DK1","633.05","n/e"," ","672.00"
"23/09/2018 07:00:00 - 23/09/2018 08:00:00","BZN|DK1","634.34","n/e"," ","669.99"
"23/09/2018 08:00:00 - 23/09/2018 09:00:00","BZN|DK1","584.34","n/e"," ","687.19"
"23/09/2018 09:00:00 - 23/09/2018 10:00:00","BZN|DK1","563.42","n/e"," ","694.05"
"23/09/2018 10:00:00 - 23/09/2018 11:00:00","BZN|DK1","557.25","n/e"," ","692.67"
"23/09/2018 11:00:00 - 23/09/2018 12:00:00","BZN|DK1","551.00","n/e"," ","676.35"
"23/09/2018 12:00:00 - 23/09/2018 13:00:00","BZN|DK1","551.17","n/e"," ","668.56"
"23/09/2018 13:00:00 - 23/09/2018 14:00:00","BZN|DK1","557.38","n/e"," ","682.17"
"23/09/2018 14:00:00 - 23/09/2018 15:00:00","BZN|DK1","564.83","n/e"," ","690.76"
"23/09/2018 15:00:00 - 23/09/2018 16:00:00","BZN|DK1","573.58","n/e"," ","703.87"
"23/09/2018 16:00:00 - 23/09/2018 17:00:00","BZN|DK1","583.13","n/e"," ","735.27"
"23/09/2018 17:00:00 - 23/09/2018 18:00:00","BZN|DK1","587.71","n/e"," ","751.32"
"23/09/2018 18:00:00 - 23/09/2018 19:00:00","BZN|DK1","590.33","n/e"," ","767.33"
"23/09/2018 19:00:00 - 23/09/2018 20:00:00","BZN|DK1","591.00","n/e"," ","714.23"
"23/09/2018 20:00:00 - 23/09/2018 21:00:00","BZN|DK1","593.88","n/e"," ","569.80"
"23/09/2018 21:00:00 - 23/09/2018 22:00:00","BZN|DK1","594.96","n/e"," ","685.47"
"23/09/2018 22:00:00 - 23/09/2018 23:00:00","BZN|DK1","595.96","n/e"," ","690.91"
"23/09/2018 23:00:00 - 24/09/2018 00:00:00","BZN|DK1","596.88","n/e"," ","696.70"
"24/09/2018 00:00:00 - 24/09/2018 01:00:00","BZN|DK1","619.35","n/e"," ","662.65"
"24/09/2018 01:00:00 - 24/09/2018 02:00:00","BZN|DK1","644.25","n/e"," ","694.19"
"24/09/2018 02:00:00 - 24/09/2018 03:00:00","BZN|DK1","733.13","n/e"," ","789.06"
"24/09/2018 03:00:00 - 24/09/2018 04:00:00","BZN|DK1","729.86","n/e"," ","789.91"
"24/09/2018 04:00:00 - 24/09/2018 05:00:00","BZN|DK1","640.31","n/e"," ","705.10"
"24/09/2018 05:00:00 - 24/09/2018 06:00:00","BZN|DK1","640.65","n/e"," ","682.84"
"24/09/2018 06:00:00 - 24/09/2018 07:00:00","BZN|DK1","447.98","n/e"," ","490.14"
"24/09/2018 07:00:00 - 24/09/2018 08:00:00","BZN|DK1","567.18","n/e"," ","607.98"
"24/09/2018 08:00:00 - 24/09/2018 09:00:00","BZN|DK1","452.25","n/e"," ","485.93"
"24/09/2018 09:00:00 - 24/09/2018 10:00:00","BZN|DK1","715.38","n/e"," ","688.85"
"24/09/2018 10:00:00 - 24/09/2018 11:00:00","BZN|DK1","707.38","n/e"," ","690.11"
"24/09/2018 11:00:00 - 24/09/2018 12:00:00","BZN|DK1","703.25","n/e"," ","431.09"
"24/09/2018 12:00:00 - 24/09/2018 13:00:00","BZN|DK1","698.21","n/e"," ","426.77"
"24/09/2018 13:00:00 - 24/09/2018 14:00:00","BZN|DK1","696.88","n/e"," ","661.02"
"24/09/2018 14:00:00 - 24/09/2018 15:00:00","BZN|DK1","703.83","n/e"," ","672.97"
"24/09/2018 15:00:00 - 24/09/2018 16:00:00","BZN|DK1","713.21","n/e"," ","687.52"
"24/09/2018 16:00:00 - 24/09/2018 17:00:00","BZN|DK1","720.42","n/e"," ","756.88"
"24/09/2018 17:00:00 - 24/09/2018 18:00:00","BZN|DK1","720.79","n/e"," ","696.59"
"24/09/2018 18:00:00 - 24/09/2018 19:00:00","BZN|DK1","715.21","n/e"," ","684.30"
"24/09/2018 19:00:00 - 24/09/2018 20:00:00","BZN|DK1","703.17","n/e"," ","703.46"
"24/09/2018 20:00:00 - 24/09/2018 21:00:00","BZN|DK1","690.29","n/e"," ","749.55"
"24/09/2018 21:00:00 - 24/09/2018 22:00:00","BZN|DK1","676.21","n/e"," ","702.43"
"24/09/2018 22:00:00 - 24/09/2018 23:00:00","BZN|DK1","668.50","n/e"," ","616.43"
"24/09/2018 23:00:00 - 25/09/2018 00:00:00","BZN|DK1","658.04","n/e"," ","695.62"
"25/09/2018 00:00:00 - 25/09/2018 01:00:00","BZN|DK1","671.72","n/e"," ","723.66"
"25/09/2018 01:00:00 - 25/09/2018 02:00:00","BZN|DK1","672.61","n/e"," ","719.99"
"25/09/2018 02:00:00 - 25/09/2018 03:00:00","BZN|DK1","587.95","n/e"," ","628.75"
"25/09/2018 03:00:00 - 25/09/2018 04:00:00","BZN|DK1","495.53","n/e"," ","537.38"
"25/09/2018 04:00:00 - 25/09/2018 05:00:00","BZN|DK1","515.22","n/e"," ","559.20"
"25/09/2018 05:00:00 - 25/09/2018 06:00:00","BZN|DK1","472.53","n/e"," ","512.49"
"25/09/2018 06:00:00 - 25/09/2018 07:00:00","BZN|DK1","346.28","n/e"," ","367.92"
"25/09/2018 07:00:00 - 25/09/2018 08:00:00","BZN|DK1","227.78","n/e"," ","236.27"
"25/09/2018 08:00:00 - 25/09/2018 09:00:00","BZN|DK1","291.45","n/e"," ","156.34"
"25/09/2018 09:00:00 - 25/09/2018 10:00:00","BZN|DK1","295.13","n/e"," ","154.77"
"25/09/2018 10:00:00 - 25/09/2018 11:00:00","BZN|DK1","271.88","n/e"," ","173.57"
"25/09/2018 11:00:00 - 25/09/2018 12:00:00","BZN|DK1","250.33","n/e"," ","165.60"
"25/09/2018 12:00:00 - 25/09/2018 13:00:00","BZN|DK1","238.96","n/e"," ","206.21"
"25/09/2018 13:00:00 - 25/09/2018 14:00:00","BZN|DK1","250.17","n/e"," ","239.34"
"25/09/2018 14:00:00 - 25/09/2018 15:00:00","BZN|DK1","277.96","n/e"," ","216.84"
"25/09/2018 15:00:00 - 25/09/2018 16:00:00","BZN|DK1","321.25","n/e"," ","291.23"
"25/09/2018 16:00:00 - 25/09/2018 17:00:00","BZN|DK1","371.04","n/e"," ","397.84"
"25/09/2018 17:00:00 - 25/09/2018 18:00:00","BZN|DK1","417.92","n/e"," ","510.71"
"25/09/2018 18:00:00 - 25/09/2018 19:00:00","BZN|DK1","463.00","n/e"," ","489.24"
"25/09/2018 19:00:00 - 25/09/2018 20:00:00","BZN|DK1","507.67","n/e"," ","623.73"
"25/09/2018 20:00:00 - 25/09/2018 21:00:00","BZN|DK1","552.33","n/e"," ","727.07"
"25/09/2018 21:00:00 - 25/09/2018 22:00:00","BZN|DK1","584.54","n/e"," ","747.82"
"25/09/2018 22:00:00 - 25/09/2018 23:00:00","BZN|DK1","602.08","n/e"," ","775.36"
"25/09/2018 23:00:00 - 26/09/2018 00:00:00","BZN|DK1","610.42","n/e"," ","782.41"
"26/09/2018 00:00:00 - 26/09/2018 01:00:00","BZN|DK1","745.84","n/e"," ","783.76"
"26/09/2018 01:00:00 - 26/09/2018 02:00:00","BZN|DK1","742.48","n/e"," ","779.85"
"26/09/2018 02:00:00 - 26/09/2018 03:00:00","BZN|DK1","745.16","n/e"," ","787.20"
"26/09/2018 03:00:00 - 26/09/2018 04:00:00","BZN|DK1","743.94","n/e"," ","785.57"
"26/09/2018 04:00:00 - 26/09/2018 05:00:00","BZN|DK1","743.97","n/e"," ","784.61"
"26/09/2018 05:00:00 - 26/09/2018 06:00:00","BZN|DK1","702.52","n/e"," ","744.49"
"26/09/2018 06:00:00 - 26/09/2018 07:00:00","BZN|DK1","742.20","n/e"," ","785.75"
"26/09/2018 07:00:00 - 26/09/2018 08:00:00","BZN|DK1","643.53","n/e"," ","685.43"
"26/09/2018 08:00:00 - 26/09/2018 09:00:00","BZN|DK1","646.61","n/e"," ","680.60"
"26/09/2018 09:00:00 - 26/09/2018 10:00:00","BZN|DK1","745.58","n/e"," ","676.88"
"26/09/2018 10:00:00 - 26/09/2018 11:00:00","BZN|DK1","745.96","n/e"," ","677.87"
"26/09/2018 11:00:00 - 26/09/2018 12:00:00","BZN|DK1","747.50","n/e"," ","686.74"
"26/09/2018 12:00:00 - 26/09/2018 13:00:00","BZN|DK1","748.00","n/e"," ","782.28"
"26/09/2018 13:00:00 - 26/09/2018 14:00:00","BZN|DK1","748.92","n/e"," ","687.76"
"26/09/2018 14:00:00 - 26/09/2018 15:00:00","BZN|DK1","748.00","n/e"," ","679.97"
"26/09/2018 15:00:00 - 26/09/2018 16:00:00","BZN|DK1","748.67","n/e"," ","683.70"
"26/09/2018 16:00:00 - 26/09/2018 17:00:00","BZN|DK1","748.00","n/e"," ","790.57"
"26/09/2018 17:00:00 - 26/09/2018 18:00:00","BZN|DK1","747.96","n/e"," ","803.21"
"26/09/2018 18:00:00 - 26/09/2018 19:00:00","BZN|DK1","746.38","n/e"," ","722.44"
"26/09/2018 19:00:00 - 26/09/2018 20:00:00","BZN|DK1","743.96","n/e"," ","699.33"
"26/09/2018 20:00:00 - 26/09/2018 21:00:00","BZN|DK1","742.88","n/e"," ","690.78"
"26/09/2018 21:00:00 - 26/09/2018 22:00:00","BZN|DK1","739.83","n/e"," ","685.33"
"26/09/2018 22:00:00 - 26/09/2018 23:00:00","BZN|DK1","733.92","n/e"," ","673.23"
"26/09/2018 23:00:00 - 27/09/2018 00:00:00","BZN|DK1","727.63","n/e"," ","660.43"
"27/09/2018 00:00:00 - 27/09/2018 01:00:00","BZN|DK1","592.29","n/e"," ","633.54"
"27/09/2018 01:00:00 - 27/09/2018 02:00:00","BZN|DK1","549.48","n/e"," ","589.40"
"27/09/2018 02:00:00 - 27/09/2018 03:00:00","BZN|DK1","571.02","n/e"," ","612.07"
"27/09/2018 03:00:00 - 27/09/2018 04:00:00","BZN|DK1","584.18","n/e"," ","617.46"
"27/09/2018 04:00:00 - 27/09/2018 05:00:00","BZN|DK1","661.45","n/e"," ","686.36"
"27/09/2018 05:00:00 - 27/09/2018 06:00:00","BZN|DK1","578.44","n/e"," ","583.43"
"27/09/2018 06:00:00 - 27/09/2018 07:00:00","BZN|DK1","577.46","n/e"," ","611.32"
"27/09/2018 07:00:00 - 27/09/2018 08:00:00","BZN|DK1","583.93","n/e"," ","602.00"
"27/09/2018 08:00:00 - 27/09/2018 09:00:00","BZN|DK1","567.75","n/e"," ","612.56"
"27/09/2018 09:00:00 - 27/09/2018 10:00:00","BZN|DK1","624.42","n/e"," ","647.76"
"27/09/2018 10:00:00 - 27/09/2018 11:00:00","BZN|DK1","663.38","n/e"," ","768.21"
"27/09/2018 11:00:00 - 27/09/2018 12:00:00","BZN|DK1","678.50","n/e"," ","793.94"
"27/09/2018 12:00:00 - 27/09/2018 13:00:00","BZN|DK1","684.83","n/e"," ","793.08"
"27/09/2018 13:00:00 - 27/09/2018 14:00:00","BZN|DK1","691.58","n/e"," ","783.44"
"27/09/2018 14:00:00 - 27/09/2018 15:00:00","BZN|DK1","696.08","n/e"," ","794.37"
"27/09/2018 15:00:00 - 27/09/2018 16:00:00","BZN|DK1","701.08","n/e"," ","793.90"
"27/09/2018 16:00:00 - 27/09/2018 17:00:00","BZN|DK1","703.00","n/e"," ","794.15"
"27/09/2018 17:00:00 - 27/09/2018 18:00:00","BZN|DK1","703.00","n/e"," ","790.16"
"27/09/2018 18:00:00 - 27/09/2018 19:00:00","BZN|DK1","703.67","n/e"," ","781.21"
"27/09/2018 19:00:00 - 27/09/2018 20:00:00","BZN|DK1","702.96","n/e"," ","790.22"
"27/09/2018 20:00:00 - 27/09/2018 21:00:00","BZN|DK1","702.00","n/e"," ","783.35"
"27/09/2018 21:00:00 - 27/09/2018 22:00:00","BZN|DK1","700.13","n/e"," ","786.52"
"27/09/2018 22:00:00 - 27/09/2018 23:00:00","BZN|DK1","699.04","n/e"," ","789.39"
"27/09/2018 23:00:00 - 28/09/2018 00:00:00","BZN|DK1","700.00","n/e"," ","789.40"
"28/09/2018 00:00:00 - 28/09/2018 01:00:00","BZN|DK1","639.83","n/e"," ","688.57"
"28/09/2018 01:00:00 - 28/09/2018 02:00:00","BZN|DK1","738.76","n/e"," ","786.69"
"28/09/2018 02:00:00 - 28/09/2018 03:00:00","BZN|DK1","739.33","n/e"," ","793.23"
"28/09/2018 03:00:00 - 28/09/2018 04:00:00","BZN|DK1","739.73","n/e"," ","791.46"
"28/09/2018 04:00:00 - 28/09/2018 05:00:00","BZN|DK1","739.67","n/e"," ","791.76"
"28/09/2018 05:00:00 - 28/09/2018 06:00:00","BZN|DK1","740.08","n/e"," ","793.17"
"28/09/2018 06:00:00 - 28/09/2018 07:00:00","BZN|DK1","740.40","n/e"," ","794.40"
"28/09/2018 07:00:00 - 28/09/2018 08:00:00","BZN|DK1","739.33","n/e"," ","794.72"
"28/09/2018 08:00:00 - 28/09/2018 09:00:00","BZN|DK1","740.90","n/e"," ","795.72"
"28/09/2018 09:00:00 - 28/09/2018 10:00:00","BZN|DK1","735.00","n/e"," ","794.14"
"28/09/2018 10:00:00 - 28/09/2018 11:00:00","BZN|DK1","721.42","n/e"," ","789.62"
"28/09/2018 11:00:00 - 28/09/2018 12:00:00","BZN|DK1","705.83","n/e"," ","765.33"
"28/09/2018 12:00:00 - 28/09/2018 13:00:00","BZN|DK1","694.25","n/e"," ","680.96"
"28/09/2018 13:00:00 - 28/09/2018 14:00:00","BZN|DK1","691.71","n/e"," ","548.37"
"28/09/2018 14:00:00 - 28/09/2018 15:00:00","BZN|DK1","697.46","n/e"," ","586.97"
"28/09/2018 15:00:00 - 28/09/2018 16:00:00","BZN|DK1","707.38","n/e"," ","752.53"
"28/09/2018 16:00:00 - 28/09/2018 17:00:00","BZN|DK1","715.04","n/e"," ","704.73"
"28/09/2018 17:00:00 - 28/09/2018 18:00:00","BZN|DK1","715.38","n/e"," ","737.25"
"28/09/2018 18:00:00 - 28/09/2018 19:00:00","BZN|DK1","713.54","n/e"," ","754.95"
"28/09/2018 19:00:00 - 28/09/2018 20:00:00","BZN|DK1","707.33","n/e"," ","777.72"
"28/09/2018 20:00:00 - 28/09/2018 21:00:00","BZN|DK1","687.63","n/e"," ","756.74"
"28/09/2018 21:00:00 - 28/09/2018 22:00:00","BZN|DK1","643.54","n/e"," ","734.54"
"28/09/2018 22:00:00 - 28/09/2018 23:00:00","BZN|DK1","564.42","n/e"," ","674.66"
"28/09/2018 23:00:00 - 29/09/2018 00:00:00","BZN|DK1","471.00","n/e"," ","582.73"
"29/09/2018 00:00:00 - 29/09/2018 01:00:00","BZN|DK1","486.37","n/e"," ","506.70"
"29/09/2018 01:00:00 - 29/09/2018 02:00:00","BZN|DK1","408.76","n/e"," ","439.35"
"29/09/2018 02:00:00 - 29/09/2018 03:00:00","BZN|DK1","330.78","n/e"," ","343.79"
"29/09/2018 03:00:00 - 29/09/2018 04:00:00","BZN|DK1","237.53","n/e"," ","260.26"
"29/09/2018 04:00:00 - 29/09/2018 05:00:00","BZN|DK1","253.13","n/e"," ","273.48"
"29/09/2018 05:00:00 - 29/09/2018 06:00:00","BZN|DK1","272.18","n/e"," ","291.26"
"29/09/2018 06:00:00 - 29/09/2018 07:00:00","BZN|DK1","300.38","n/e"," ","320.24"
"29/09/2018 07:00:00 - 29/09/2018 08:00:00","BZN|DK1","319.59","n/e"," ","325.47"
"29/09/2018 08:00:00 - 29/09/2018 09:00:00","BZN|DK1","327.29","n/e"," ","331.91"
"29/09/2018 09:00:00 - 29/09/2018 10:00:00","BZN|DK1","387.71","n/e"," ","343.06"
"29/09/2018 10:00:00 - 29/09/2018 11:00:00","BZN|DK1","436.79","n/e"," ","507.70"
"29/09/2018 11:00:00 - 29/09/2018 12:00:00","BZN|DK1","483.71","n/e"," ","575.90"
"29/09/2018 12:00:00 - 29/09/2018 13:00:00","BZN|DK1","541.50","n/e"," ","591.34"
"29/09/2018 13:00:00 - 29/09/2018 14:00:00","BZN|DK1","595.29","n/e"," ","624.32"
"29/09/2018 14:00:00 - 29/09/2018 15:00:00","BZN|DK1","643.96","n/e"," ","643.31"
"29/09/2018 15:00:00 - 29/09/2018 16:00:00","BZN|DK1","680.67","n/e"," ","710.30"
"29/09/2018 16:00:00 - 29/09/2018 17:00:00","BZN|DK1","711.46","n/e"," ","754.66"
"29/09/2018 17:00:00 - 29/09/2018 18:00:00","BZN|DK1","720.17","n/e"," ","758.95"
"29/09/2018 18:00:00 - 29/09/2018 19:00:00","BZN|DK1","721.96","n/e"," ","775.40"
"29/09/2018 19:00:00 - 29/09/2018 20:00:00","BZN|DK1","720.17","n/e"," ","770.19"
"29/09/2018 20:00:00 - 29/09/2018 21:00:00","BZN|DK1","718.92","n/e"," ","776.50"
"29/09/2018 21:00:00 - 29/09/2018 22:00:00","BZN|DK1","717.71","n/e"," ","786.27"
"29/09/2018 22:00:00 - 29/09/2018 23:00:00","BZN|DK1","715.71","n/e"," ","781.30"
"29/09/2018 23:00:00 - 30/09/2018 00:00:00","BZN|DK1","712.63","n/e"," ","778.22"
"30/09/2018 00:00:00 - 30/09/2018 01:00:00","BZN|DK1","718.37","n/e"," ","753.09"
"30/09/2018 01:00:00 - 30/09/2018 02:00:00","BZN|DK1","706.90","n/e"," ","759.07"
"30/09/2018 02:00:00 - 30/09/2018 03:00:00","BZN|DK1","718.02","n/e"," ","766.77"
"30/09/2018 03:00:00 - 30/09/2018 04:00:00","BZN|DK1","702.46","n/e"," ","747.75"
"30/09/2018 04:00:00 - 30/09/2018 05:00:00","BZN|DK1","701.98","n/e"," ","741.03"
"30/09/2018 05:00:00 - 30/09/2018 06:00:00","BZN|DK1","705.38","n/e"," ","747.47"
"30/09/2018 06:00:00 - 30/09/2018 07:00:00","BZN|DK1","720.90","n/e"," ","764.87"
"30/09/2018 07:00:00 - 30/09/2018 08:00:00","BZN|DK1","628.20","n/e"," ","667.97"
"30/09/2018 08:00:00 - 30/09/2018 09:00:00","BZN|DK1","706.80","n/e"," ","753.61"
"30/09/2018 09:00:00 - 30/09/2018 10:00:00","BZN|DK1","704.63","n/e"," ","652.95"
"30/09/2018 10:00:00 - 30/09/2018 11:00:00","BZN|DK1","687.96","n/e"," ","585.49"
"30/09/2018 11:00:00 - 30/09/2018 12:00:00","BZN|DK1","669.58","n/e"," ","645.76"
"30/09/2018 12:00:00 - 30/09/2018 13:00:00","BZN|DK1","636.67","n/e"," ","615.51"
"30/09/2018 13:00:00 - 30/09/2018 14:00:00","BZN|DK1","591.13","n/e"," ","505.90"
"30/09/2018 14:00:00 - 30/09/2018 15:00:00","BZN|DK1","517.67","n/e"," ","471.62"
"30/09/2018 15:00:00 - 30/09/2018 16:00:00","BZN|DK1","424.04","n/e"," ","452.91"
"30/09/2018 16:00:00 - 30/09/2018 17:00:00","BZN|DK1","343.63","n/e"," ","373.70"
"30/09/2018 17:00:00 - 30/09/2018 18:00:00","BZN|DK1","292.71","n/e"," ","288.26"
"30/09/2018 18:00:00 - 30/09/2018 19:00:00","BZN|DK1","267.08","n/e"," ","263.61"
"30/09/2018 19:00:00 - 30/09/2018 20:00:00","BZN|DK1","250.29","n/e"," ","234.47"
"30/09/2018 20:00:00 - 30/09/2018 21:00:00","BZN|DK1","242.21","n/e"," ","233.72"
"30/09/2018 21:00:00 - 30/09/2018 22:00:00","BZN|DK1","238.04","n/e"," ","279.54"
"30/09/2018 22:00:00 - 30/09/2018 23:00:00","BZN|DK1","228.25","n/e"," ","225.76"
"30/09/2018 23:00:00 - 01/10/2018 00:00:00","BZN|DK1","214.00","n/e"," ","240.60"
"01/10/2018 00:00:00 - 01/10/2018 01:00:00","BZN|DK1","231.92","n/e"," ","249.96"
"01/10/2018 01:00:00 - 01/10/2018 02:00:00","BZN|DK1","226.39","n/e"," ","206.09"
"01/10/2018 02:00:00 - 01/10/2018 03:00:00","BZN|DK1","191.50","n/e"," ","198.36"
"01/10/2018 03:00:00 - 01/10/2018 04:00:00","BZN|DK1","303.25","n/e"," ","317.89"
"01/10/2018 04:00:00 - 01/10/2018 05:00:00","BZN|DK1","334.18","n/e"," ","345.45"
"01/10/2018 05:00:00 - 01/10/2018 06:00:00","BZN|DK1","358.49","n/e"," ","378.54"
"01/10/2018 06:00:00 - 01/10/2018 07:00:00","BZN|DK1","379.93","n/e"," ","421.60"
"01/10/2018 07:00:00 - 01/10/2018 08:00:00","BZN|DK1","417.15","n/e"," ","446.79"
"01/10/2018 08:00:00 - 01/10/2018 09:00:00","BZN|DK1","449.74","n/e"," ","501.30"
"01/10/2018 09:00:00 - 01/10/2018 10:00:00","BZN|DK1","468.33","n/e"," ","535.15"
"01/10/2018 10:00:00 - 01/10/2018 11:00:00","BZN|DK1","467.63","n/e"," ","551.05"
"01/10/2018 11:00:00 - 01/10/2018 12:00:00","BZN|DK1","460.67","n/e"," ","501.36"
"01/10/2018 12:00:00 - 01/10/2018 13:00:00","BZN|DK1","452.75","n/e"," ","471.32"
"01/10/2018 13:00:00 - 01/10/2018 14:00:00","BZN|DK1","448.25","n/e"," ","444.72"
"01/10/2018 14:00:00 - 01/10/2018 15:00:00","BZN|DK1","451.67","n/e"," ","552.17"
"01/10/2018 15:00:00 - 01/10/2018 16:00:00","BZN|DK1","460.67","n/e"," ","480.93"
"01/10/2018 16:00:00 - 01/10/2018 17:00:00","BZN|DK1","471.58","n/e"," ","534.25"
"01/10/2018 17:00:00 - 01/10/2018 18:00:00","BZN|DK1","486.67","n/e"," ","522.37"
"01/10/2018 18:00:00 - 01/10/2018 19:00:00","BZN|DK1","494.71","n/e"," ","369.34"
"01/10/2018 19:00:00 - 01/10/2018 20:00:00","BZN|DK1","496.17","n/e"," ","519.47"
"01/10/2018 20:00:00 - 01/10/2018 21:00:00","BZN|DK1","491.83","n/e"," ","540.45"
"01/10/2018 21:00:00 - 01/10/2018 22:00:00","BZN|DK1","487.75","n/e"," ","523.90"
"01/10/2018 22:00:00 - 01/10/2018 23:00:00","BZN|DK1","482.42","n/e"," ","496.55"
"01/10/2018 23:00:00 - 02/10/2018 00:00:00","BZN|DK1","483.71","n/e"," ","443.62"
"02/10/2018 00:00:00 - 02/10/2018 01:00:00","BZN|DK1","375.25","n/e"," ","415.09"
"02/10/2018 01:00:00 - 02/10/2018 02:00:00","BZN|DK1","511.50","n/e"," ","555.69"
"02/10/2018 02:00:00 - 02/10/2018 03:00:00","BZN|DK1","607.77","n/e"," ","650.03"
"02/10/2018 03:00:00 - 02/10/2018 04:00:00","BZN|DK1","580.06","n/e"," ","607.94"
"02/10/2018 04:00:00 - 02/10/2018 05:00:00","BZN|DK1","580.26","n/e"," ","621.26"
"02/10/2018 05:00:00 - 02/10/2018 06:00:00","BZN|DK1","659.69","n/e"," ","686.90"
"02/10/2018 06:00:00 - 02/10/2018 07:00:00","BZN|DK1","652.50","n/e"," ","665.59"
"02/10/2018 07:00:00 - 02/10/2018 08:00:00","BZN|DK1","415.73","n/e"," ","461.52"
"02/10/2018 08:00:00 - 02/10/2018 09:00:00","BZN|DK1","454.53","n/e"," ","725.04"
"02/10/2018 09:00:00 - 02/10/2018 10:00:00","BZN|DK1","547.08","n/e"," ","767.33"
"02/10/2018 10:00:00 - 02/10/2018 11:00:00","BZN|DK1","644.71","n/e"," ","794.64"
"02/10/2018 11:00:00 - 02/10/2018 12:00:00","BZN|DK1","680.33","n/e"," ","746.94"
"02/10/2018 12:00:00 - 02/10/2018 13:00:00","BZN|DK1","695.83","n/e"," ","524.88"
"02/10/2018 13:00:00 - 02/10/2018 14:00:00","BZN|DK1","706.38","n/e"," ","692.10"
"02/10/2018 14:00:00 - 02/10/2018 15:00:00","BZN|DK1","714.88","n/e"," ","680.78"
"02/10/2018 15:00:00 - 02/10/2018 16:00:00","BZN|DK1","722.00","n/e"," ","529.68"
"02/10/2018 16:00:00 - 02/10/2018 17:00:00","BZN|DK1","730.00","n/e"," ","488.98"
"02/10/2018 17:00:00 - 02/10/2018 18:00:00","BZN|DK1","737.71","n/e"," ","679.53"
"02/10/2018 18:00:00 - 02/10/2018 19:00:00","BZN|DK1","740.92","n/e"," ","520.62"
"02/10/2018 19:00:00 - 02/10/2018 20:00:00","BZN|DK1","730.67","n/e"," ","672.91"
"02/10/2018 20:00:00 - 02/10/2018 21:00:00","BZN|DK1","711.92","n/e"," ","749.17"
"02/10/2018 21:00:00 - 02/10/2018 22:00:00","BZN|DK1","699.21","n/e"," ","710.85"
"02/10/2018 22:00:00 - 02/10/2018 23:00:00","BZN|DK1","692.17","n/e"," ","507.17"
"02/10/2018 23:00:00 - 03/10/2018 00:00:00","BZN|DK1","694.88","n/e"," ","356.09"
"03/10/2018 00:00:00 - 03/10/2018 01:00:00","BZN|DK1","412.40","n/e"," ","483.89"
"03/10/2018 01:00:00 - 03/10/2018 02:00:00","BZN|DK1","521.58","n/e"," ","578.58"
"03/10/2018 02:00:00 - 03/10/2018 03:00:00","BZN|DK1","399.21","n/e"," ","440.22"
"03/10/2018 03:00:00 - 03/10/2018 04:00:00","BZN|DK1","449.08","n/e"," ","478.79"
"03/10/2018 04:00:00 - 03/10/2018 05:00:00","BZN|DK1","327.95","n/e"," ","345.71"
"03/10/2018 05:00:00 - 03/10/2018 06:00:00","BZN|DK1","197.32","n/e"," ","243.23"
"03/10/2018 06:00:00 - 03/10/2018 07:00:00","BZN|DK1","197.58","n/e"," ","245.63"
"03/10/2018 07:00:00 - 03/10/2018 08:00:00","BZN|DK1","199.52","n/e"," ","251.72"
"03/10/2018 08:00:00 - 03/10/2018 09:00:00","BZN|DK1","619.37","n/e"," ","676.92"
"03/10/2018 09:00:00 - 03/10/2018 10:00:00","BZN|DK1","733.25","n/e"," ","664.10"
"03/10/2018 10:00:00 - 03/10/2018 11:00:00","BZN|DK1","362.96","n/e"," ","303.51"
"03/10/2018 11:00:00 - 03/10/2018 12:00:00","BZN|DK1","713.83","n/e"," ","452.95"
"03/10/2018 12:00:00 - 03/10/2018 13:00:00","BZN|DK1","357.29","n/e"," ","263.93"
"03/10/2018 13:00:00 - 03/10/2018 14:00:00","BZN|DK1","335.88","n/e"," ","286.59"
"03/10/2018 14:00:00 - 03/10/2018 15:00:00","BZN|DK1","696.92","n/e"," ","178.30"
"03/10/2018 15:00:00 - 03/10/2018 16:00:00","BZN|DK1","708.92","n/e"," ","267.53"
"03/10/2018 16:00:00 - 03/10/2018 17:00:00","BZN|DK1","715.63","n/e"," ","394.05"
"03/10/2018 17:00:00 - 03/10/2018 18:00:00","BZN|DK1","715.04","n/e"," ","477.99"
"03/10/2018 18:00:00 - 03/10/2018 19:00:00","BZN|DK1","709.63","n/e"," ","630.91"
"03/10/2018 19:00:00 - 03/10/2018 20:00:00","BZN|DK1","699.83","n/e"," ","721.14"
"03/10/2018 20:00:00 - 03/10/2018 21:00:00","BZN|DK1","678.29","n/e"," ","694.59"
"03/10/2018 21:00:00 - 03/10/2018 22:00:00","BZN|DK1","644.04","n/e"," ","676.76"
"03/10/2018 22:00:00 - 03/10/2018 23:00:00","BZN|DK1","596.96","n/e"," ","605.01"
"03/10/2018 23:00:00 - 04/10/2018 00:00:00","BZN|DK1","545.42","n/e"," ","522.45"
"04/10/2018 00:00:00 - 04/10/2018 01:00:00","BZN|DK1","459.16","n/e"," ","485.29"
"04/10/2018 01:00:00 - 04/10/2018 02:00:00","BZN|DK1","412.60","n/e"," ","423.86"
"04/10/2018 02:00:00 - 04/10/2018 03:00:00","BZN|DK1","330.32","n/e"," ","336.06"
"04/10/2018 03:00:00 - 04/10/2018 04:00:00","BZN|DK1","256.77","n/e"," ","268.23"
"04/10/2018 04:00:00 - 04/10/2018 05:00:00","BZN|DK1","212.58","n/e"," ","226.97"
"04/10/2018 05:00:00 - 04/10/2018 06:00:00","BZN|DK1","181.39","n/e"," ","183.46"
"04/10/2018 06:00:00 - 04/10/2018 07:00:00","BZN|DK1","209.95","n/e"," ","218.66"
"04/10/2018 07:00:00 - 04/10/2018 08:00:00","BZN|DK1","207.84","n/e"," ","203.15"
"04/10/2018 08:00:00 - 04/10/2018 09:00:00","BZN|DK1","208.08","n/e"," ","136.61"
"04/10/2018 09:00:00 - 04/10/2018 10:00:00","BZN|DK1","232.21","n/e"," ","187.60"
"04/10/2018 10:00:00 - 04/10/2018 11:00:00","BZN|DK1","243.83","n/e"," ","312.05"
"04/10/2018 11:00:00 - 04/10/2018 12:00:00","BZN|DK1","287.96","n/e"," ","332.37"
"04/10/2018 12:00:00 - 04/10/2018 13:00:00","BZN|DK1","344.63","n/e"," ","297.76"
"04/10/2018 13:00:00 - 04/10/2018 14:00:00","BZN|DK1","389.00","n/e"," ","334.95"
"04/10/2018 14:00:00 - 04/10/2018 15:00:00","BZN|DK1","407.17","n/e"," ","315.77"
"04/10/2018 15:00:00 - 04/10/2018 16:00:00","BZN|DK1","415.13","n/e"," ","347.03"
"04/10/2018 16:00:00 - 04/10/2018 17:00:00","BZN|DK1","435.13","n/e"," ","358.09"
"04/10/2018 17:00:00 - 04/10/2018 18:00:00","BZN|DK1","485.08","n/e"," ","380.81"
"04/10/2018 18:00:00 - 04/10/2018 19:00:00","BZN|DK1","540.29","n/e"," ","450.95"
"04/10/2018 19:00:00 - 04/10/2018 20:00:00","BZN|DK1","583.33","n/e"," ","466.95"
"04/10/2018 20:00:00 - 04/10/2018 21:00:00","BZN|DK1","615.46","n/e"," ","535.18"
"04/10/2018 21:00:00 - 04/10/2018 22:00:00","BZN|DK1","640.00","n/e"," ","650.06"
"04/10/2018 22:00:00 - 04/10/2018 23:00:00","BZN|DK1","658.42","n/e"," ","678.37"
"04/10/2018 23:00:00 - 05/10/2018 00:00:00","BZN|DK1","670.38","n/e"," ","678.83"
"05/10/2018 00:00:00 - 05/10/2018 01:00:00","BZN|DK1","641.70","n/e"," ","682.34"
"05/10/2018 01:00:00 - 05/10/2018 02:00:00","BZN|DK1","581.27","n/e"," ","622.64"
"05/10/2018 02:00:00 - 05/10/2018 03:00:00","BZN|DK1","598.50","n/e"," ","633.41"
"05/10/2018 03:00:00 - 05/10/2018 04:00:00","BZN|DK1","614.23","n/e"," ","652.45"
"05/10/2018 04:00:00 - 05/10/2018 05:00:00","BZN|DK1","568.35","n/e"," ","598.61"
"05/10/2018 05:00:00 - 05/10/2018 06:00:00","BZN|DK1","339.85","n/e"," ","367.70"
"05/10/2018 06:00:00 - 05/10/2018 07:00:00","BZN|DK1","326.32","n/e"," ","353.07"
"05/10/2018 07:00:00 - 05/10/2018 08:00:00","BZN|DK1","340.85","n/e"," ","359.15"
"05/10/2018 08:00:00 - 05/10/2018 09:00:00","BZN|DK1","384.88","n/e"," ","359.57"
"05/10/2018 09:00:00 - 05/10/2018 10:00:00","BZN|DK1","384.83","n/e"," ","378.03"
"05/10/2018 10:00:00 - 05/10/2018 11:00:00","BZN|DK1","413.96","n/e"," ","325.06"
"05/10/2018 11:00:00 - 05/10/2018 12:00:00","BZN|DK1","445.88","n/e"," ","331.24"
"05/10/2018 12:00:00 - 05/10/2018 13:00:00","BZN|DK1","483.54","n/e"," ","407.14"
"05/10/2018 13:00:00 - 05/10/2018 14:00:00","BZN|DK1","533.33","n/e"," ","486.87"
"05/10/2018 14:00:00 - 05/10/2018 15:00:00","BZN|DK1","570.04","n/e"," ","524.35"
"05/10/2018 15:00:00 - 05/10/2018 16:00:00","BZN|DK1","587.00","n/e"," ","449.84"
"05/10/2018 16:00:00 - 05/10/2018 17:00:00","BZN|DK1","572.71","n/e"," ","435.20"
"05/10/2018 17:00:00 - 05/10/2018 18:00:00","BZN|DK1","536.63","n/e"," ","366.93"
"05/10/2018 18:00:00 - 05/10/2018 19:00:00","BZN|DK1","491.13","n/e"," ","407.05"
"05/10/2018 19:00:00 - 05/10/2018 20:00:00","BZN|DK1","435.29","n/e"," ","440.57"
"05/10/2018 20:00:00 - 05/10/2018 21:00:00","BZN|DK1","363.42","n/e"," ","454.80"
"05/10/2018 21:00:00 - 05/10/2018 22:00:00","BZN|DK1","272.08","n/e"," ","374.00"
"05/10/2018 22:00:00 - 05/10/2018 23:00:00","BZN|DK1","198.08","n/e"," ","347.21"
"05/10/2018 23:00:00 - 06/10/2018 00:00:00","BZN|DK1","136.92","n/e"," ","329.33"
"06/10/2018 00:00:00 - 06/10/2018 01:00:00","BZN|DK1","327.41","n/e"," ","343.00"
"06/10/2018 01:00:00 - 06/10/2018 02:00:00","BZN|DK1","231.49","n/e"," ","236.83"
"06/10/2018 02:00:00 - 06/10/2018 03:00:00","BZN|DK1","148.43","n/e"," ","156.94"
"06/10/2018 03:00:00 - 06/10/2018 04:00:00","BZN|DK1","86.89","n/e"," ","88.45"
"06/10/2018 04:00:00 - 06/10/2018 05:00:00","BZN|DK1","101.12","n/e"," ","108.86"
"06/10/2018 05:00:00 - 06/10/2018 06:00:00","BZN|DK1","155.34","n/e"," ","159.34"
"06/10/2018 06:00:00 - 06/10/2018 07:00:00","BZN|DK1","143.23","n/e"," ","143.35"
"06/10/2018 07:00:00 - 06/10/2018 08:00:00","BZN|DK1","144.73","n/e"," ","143.19"
"06/10/2018 08:00:00 - 06/10/2018 09:00:00","BZN|DK1","115.06","n/e"," ","105.73"
"06/10/2018 09:00:00 - 06/10/2018 10:00:00","BZN|DK1","130.63","n/e"," ","103.34"
"06/10/2018 10:00:00 - 06/10/2018 11:00:00","BZN|DK1","160.83","n/e"," ","155.30"
"06/10/2018 11:00:00 - 06/10/2018 12:00:00","BZN|DK1","195.00","n/e"," ","218.91"
"06/10/2018 12:00:00 - 06/10/2018 13:00:00","BZN|DK1","240.46","n/e"," ","289.37"
"06/10/2018 13:00:00 - 06/10/2018 14:00:00","BZN|DK1","281.38","n/e"," ","281.46"
"06/10/2018 14:00:00 - 06/10/2018 15:00:00","BZN|DK1","298.42","n/e"," ","274.46"
"06/10/2018 15:00:00 - 06/10/2018 16:00:00","BZN|DK1","303.54","n/e"," ","329.86"
"06/10/2018 16:00:00 - 06/10/2018 17:00:00","BZN|DK1","313.00","n/e"," ","380.43"
"06/10/2018 17:00:00 - 06/10/2018 18:00:00","BZN|DK1","332.67","n/e"," ","340.40"
"06/10/2018 18:00:00 - 06/10/2018 19:00:00","BZN|DK1","356.54","n/e"," ","346.86"
"06/10/2018 19:00:00 - 06/10/2018 20:00:00","BZN|DK1","379.79","n/e"," ","368.43"
"06/10/2018 20:00:00 - 06/10/2018 21:00:00","BZN|DK1","409.71","n/e"," ","400.41"
"06/10/2018 21:00:00 - 06/10/2018 22:00:00","BZN|DK1","451.46","n/e"," ","475.31"
"06/10/2018 22:00:00 - 06/10/2018 23:00:00","BZN|DK1","489.04","n/e"," ","703.91"
"06/10/2018 23:00:00 - 07/10/2018 00:00:00","BZN|DK1","483.46","n/e"," ","602.80"
"07/10/2018 00:00:00 - 07/10/2018 01:00:00","BZN|DK1","547.91","n/e"," ","587.77"
"07/10/2018 01:00:00 - 07/10/2018 02:00:00","BZN|DK1","413.83","n/e"," ","447.22"
"07/10/2018 02:00:00 - 07/10/2018 03:00:00","BZN|DK1","402.68","n/e"," ","461.42"
"07/10/2018 03:00:00 - 07/10/2018 04:00:00","BZN|DK1","425.58","n/e"," ","470.94"
"07/10/2018 04:00:00 - 07/10/2018 05:00:00","BZN|DK1","454.07","n/e"," ","511.74"
"07/10/2018 05:00:00 - 07/10/2018 06:00:00","BZN|DK1","382.37","n/e"," ","419.73"
"07/10/2018 06:00:00 - 07/10/2018 07:00:00","BZN|DK1","384.40","n/e"," ","410.21"
"07/10/2018 07:00:00 - 07/10/2018 08:00:00","BZN|DK1","297.25","n/e"," ","316.10"
"07/10/2018 08:00:00 - 07/10/2018 09:00:00","BZN|DK1","263.96","n/e"," ","263.43"
"07/10/2018 09:00:00 - 07/10/2018 10:00:00","BZN|DK1","201.54","n/e"," ","232.06"
"07/10/2018 10:00:00 - 07/10/2018 11:00:00","BZN|DK1","149.71","n/e"," ","182.94"
"07/10/2018 11:00:00 - 07/10/2018 12:00:00","BZN|DK1","112.75","n/e"," ","155.19"
"07/10/2018 12:00:00 - 07/10/2018 13:00:00","BZN|DK1","85.13","n/e"," ","123.98"
"07/10/2018 13:00:00 - 07/10/2018 14:00:00","BZN|DK1","60.54","n/e"," ","143.06"
"07/10/2018 14:00:00 - 07/10/2018 15:00:00","BZN|DK1","41.50","n/e"," ","114.57"
"07/10/2018 15:00:00 - 07/10/2018 16:00:00","BZN|DK1","25.00","n/e"," ","72.72"
"07/10/2018 16:00:00 - 07/10/2018 17:00:00","BZN|DK1","15.67","n/e"," ","55.06"
"07/10/2018 17:00:00 - 07/10/2018 18:00:00","BZN|DK1","15.00","n/e"," ","26.55"
"07/10/2018 18:00:00 - 07/10/2018 19:00:00","BZN|DK1","24.58","n/e"," ","38.92"
"07/10/2018 19:00:00 - 07/10/2018 20:00:00","BZN|DK1","44.42","n/e"," ","83.89"
"07/10/2018 20:00:00 - 07/10/2018 21:00:00","BZN|DK1","78.63","n/e"," ","156.33"
"07/10/2018 21:00:00 - 07/10/2018 22:00:00","BZN|DK1","128.13","n/e"," ","229.17"
"07/10/2018 22:00:00 - 07/10/2018 23:00:00","BZN|DK1","194.46","n/e"," ","302.22"
"07/10/2018 23:00:00 - 08/10/2018 00:00:00","BZN|DK1","278.88","n/e"," ","416.14"
"08/10/2018 00:00:00 - 08/10/2018 01:00:00","BZN|DK1","463.32","n/e"," ","479.94"
"08/10/2018 01:00:00 - 08/10/2018 02:00:00","BZN|DK1","553.80","n/e"," ","590.59"
"08/10/2018 02:00:00 - 08/10/2018 03:00:00","BZN|DK1","663.39","n/e"," ","702.45"
"08/10/2018 03:00:00 - 08/10/2018 04:00:00","BZN|DK1","733.72","n/e"," ","773.02"
"08/10/2018 04:00:00 - 08/10/2018 05:00:00","BZN|DK1","742.97","n/e"," ","788.72"
"08/10/2018 05:00:00 - 08/10/2018 06:00:00","BZN|DK1","734.48","n/e"," ","786.61"
"08/10/2018 06:00:00 - 08/10/2018 07:00:00","BZN|DK1","641.88","n/e"," ","686.68"
"08/10/2018 07:00:00 - 08/10/2018 08:00:00","BZN|DK1","741.82","n/e"," ","783.70"
"08/10/2018 08:00:00 - 08/10/2018 09:00:00","BZN|DK1","740.98","n/e"," ","787.63"
"08/10/2018 09:00:00 - 08/10/2018 10:00:00","BZN|DK1","736.46","n/e"," ","793.86"
"08/10/2018 10:00:00 - 08/10/2018 11:00:00","BZN|DK1","731.29","n/e"," ","793.07"
"08/10/2018 11:00:00 - 08/10/2018 12:00:00","BZN|DK1","723.29","n/e"," ","788.83"
"08/10/2018 12:00:00 - 08/10/2018 13:00:00","BZN|DK1","709.33","n/e"," ","761.40"
"08/10/2018 13:00:00 - 08/10/2018 14:00:00","BZN|DK1","693.00","n/e"," ","739.63"
"08/10/2018 14:00:00 - 08/10/2018 15:00:00","BZN|DK1","684.96","n/e"," ","729.80"
"08/10/2018 15:00:00 - 08/10/2018 16:00:00","BZN|DK1","675.50","n/e"," ","697.05"
"08/10/2018 16:00:00 - 08/10/2018 17:00:00","BZN|DK1","665.46","n/e"," ","675.46"
"08/10/2018 17:00:00 - 08/10/2018 18:00:00","BZN|DK1","653.04","n/e"," ","667.84"
"08/10/2018 18:00:00 - 08/10/2018 19:00:00","BZN|DK1","644.13","n/e"," ","693.12"
"08/10/2018 19:00:00 - 08/10/2018 20:00:00","BZN|DK1","641.21","n/e"," ","697.72"
"08/10/2018 20:00:00 - 08/10/2018 21:00:00","BZN|DK1","637.25","n/e"," ","664.70"
"08/10/2018 21:00:00 - 08/10/2018 22:00:00","BZN|DK1","630.00","n/e"," ","614.82"
"08/10/2018 22:00:00 - 08/10/2018 23:00:00","BZN|DK1","619.50","n/e"," ","607.66"
"08/10/2018 23:00:00 - 09/10/2018 00:00:00","BZN|DK1","610.75","n/e"," ","645.50"
"09/10/2018 00:00:00 - 09/10/2018 01:00:00","BZN|DK1","569.12","n/e"," ","605.09"
"09/10/2018 01:00:00 - 09/10/2018 02:00:00","BZN|DK1","575.40","n/e"," ","604.69"
"09/10/2018 02:00:00 - 09/10/2018 03:00:00","BZN|DK1","482.00","n/e"," ","526.05"
"09/10/2018 03:00:00 - 09/10/2018 04:00:00","BZN|DK1","452.74","n/e"," ","470.83"
"09/10/2018 04:00:00 - 09/10/2018 05:00:00","BZN|DK1","397.73","n/e"," ","427.75"
"09/10/2018 05:00:00 - 09/10/2018 06:00:00","BZN|DK1","433.44","n/e"," ","464.59"
"09/10/2018 06:00:00 - 09/10/2018 07:00:00","BZN|DK1","399.20","n/e"," ","424.04"
"09/10/2018 07:00:00 - 09/10/2018 08:00:00","BZN|DK1","532.72","n/e"," ","595.22"
"09/10/2018 08:00:00 - 09/10/2018 09:00:00","BZN|DK1","519.63","n/e"," ","589.74"
"09/10/2018 09:00:00 - 09/10/2018 10:00:00","BZN|DK1","621.21","n/e"," ","628.98"
"09/10/2018 10:00:00 - 09/10/2018 11:00:00","BZN|DK1","655.83","n/e"," ","648.86"
"09/10/2018 11:00:00 - 09/10/2018 12:00:00","BZN|DK1","667.38","n/e"," ","730.44"
"09/10/2018 12:00:00 - 09/10/2018 13:00:00","BZN|DK1","662.58","n/e"," ","729.27"
"09/10/2018 13:00:00 - 09/10/2018 14:00:00","BZN|DK1","655.25","n/e"," ","708.42"
"09/10/2018 14:00:00 - 09/10/2018 15:00:00","BZN|DK1","648.71","n/e"," ","682.82"
"09/10/2018 15:00:00 - 09/10/2018 16:00:00","BZN|DK1","645.58","n/e"," ","695.23"
"09/10/2018 16:00:00 - 09/10/2018 17:00:00","BZN|DK1","635.79","n/e"," ","717.66"
"09/10/2018 17:00:00 - 09/10/2018 18:00:00","BZN|DK1","626.79","n/e"," ","718.77"
"09/10/2018 18:00:00 - 09/10/2018 19:00:00","BZN|DK1","617.83","n/e"," ","639.19"
"09/10/2018 19:00:00 - 09/10/2018 20:00:00","BZN|DK1","608.71","n/e"," ","576.90"
"09/10/2018 20:00:00 - 09/10/2018 21:00:00","BZN|DK1","594.54","n/e"," ","604.10"
"09/10/2018 21:00:00 - 09/10/2018 22:00:00","BZN|DK1","570.96","n/e"," ","574.49"
"09/10/2018 22:00:00 - 09/10/2018 23:00:00","BZN|DK1","537.58","n/e"," ","525.04"
"09/10/2018 23:00:00 - 10/10/2018 00:00:00","BZN|DK1","484.29","n/e"," ","450.25"
"10/10/2018 00:00:00 - 10/10/2018 01:00:00","BZN|DK1","460.38","n/e"," ","483.85"
"10/10/2018 01:00:00 - 10/10/2018 02:00:00","BZN|DK1","369.45","n/e"," ","371.07"
"10/10/2018 02:00:00 - 10/10/2018 03:00:00","BZN|DK1","189.98","n/e"," ","199.62"
"10/10/2018 03:00:00 - 10/10/2018 04:00:00","BZN|DK1","176.45","n/e"," ","194.36"
"10/10/2018 04:00:00 - 10/10/2018 05:00:00","BZN|DK1","179.63","n/e"," ","191.15"
"10/10/2018 05:00:00 - 10/10/2018 06:00:00","BZN|DK1","180.93","n/e"," ","186.40"
"10/10/2018 06:00:00 - 10/10/2018 07:00:00","BZN|DK1","146.18","n/e"," ","146.91"
"10/10/2018 07:00:00 - 10/10/2018 08:00:00","BZN|DK1","111.50","n/e"," ","116.36"
"10/10/2018 08:00:00 - 10/10/2018 09:00:00","BZN|DK1","120.92","n/e"," ","116.65"
"10/10/2018 09:00:00 - 10/10/2018 10:00:00","BZN|DK1","116.63","n/e"," ","104.24"
"10/10/2018 10:00:00 - 10/10/2018 11:00:00","BZN|DK1","89.83","n/e"," ","112.88"
"10/10/2018 11:00:00 - 10/10/2018 12:00:00","BZN|DK1","75.42","n/e"," ","92.80"
"10/10/2018 12:00:00 - 10/10/2018 13:00:00","BZN|DK1","63.38","n/e"," ","53.67"
"10/10/2018 13:00:00 - 10/10/2018 14:00:00","BZN|DK1","60.00","n/e"," ","44.31"
"10/10/2018 14:00:00 - 10/10/2018 15:00:00","BZN|DK1","57.79","n/e"," ","36.86"
"10/10/2018 15:00:00 - 10/10/2018 16:00:00","BZN|DK1","58.33","n/e"," ","47.22"
"10/10/2018 16:00:00 - 10/10/2018 17:00:00","BZN|DK1","67.96","n/e"," ","62.24"
"10/10/2018 17:00:00 - 10/10/2018 18:00:00","BZN|DK1","98.50","n/e"," ","62.56"
"10/10/2018 18:00:00 - 10/10/2018 19:00:00","BZN|DK1","147.71","n/e"," ","103.93"
"10/10/2018 19:00:00 - 10/10/2018 20:00:00","BZN|DK1","221.79","n/e"," ","213.64"
"10/10/2018 20:00:00 - 10/10/2018 21:00:00","BZN|DK1","297.54","n/e"," ","340.48"
"10/10/2018 21:00:00 - 10/10/2018 22:00:00","BZN|DK1","368.88","n/e"," ","399.34"
"10/10/2018 22:00:00 - 10/10/2018 23:00:00","BZN|DK1","440.13","n/e"," ","432.01"
"10/10/2018 23:00:00 - 11/10/2018 00:00:00","BZN|DK1","510.42","n/e"," ","589.00"
"11/10/2018 00:00:00 - 11/10/2018 01:00:00","BZN|DK1","641.46","n/e"," ","688.87"
"11/10/2018 01:00:00 - 11/10/2018 02:00:00","BZN|DK1","646.13","n/e"," ","695.27"
"11/10/2018 02:00:00 - 11/10/2018 03:00:00","BZN|DK1","662.94","n/e"," ","711.40"
"11/10/2018 03:00:00 - 11/10/2018 04:00:00","BZN|DK1","644.43","n/e"," ","691.93"
"11/10/2018 04:00:00 - 11/10/2018 05:00:00","BZN|DK1","553.16","n/e"," ","601.50"
"11/10/2018 05:00:00 - 11/10/2018 06:00:00","BZN|DK1","582.18","n/e"," ","623.87"
"11/10/2018 06:00:00 - 11/10/2018 07:00:00","BZN|DK1","622.58","n/e"," ","675.10"
"11/10/2018 07:00:00 - 11/10/2018 08:00:00","BZN|DK1","726.11","n/e"," ","786.81"
"11/10/2018 08:00:00 - 11/10/2018 09:00:00","BZN|DK1","631.11","n/e"," ","683.77"
"11/10/2018 09:00:00 - 11/10/2018 10:00:00","BZN|DK1","711.38","n/e"," ","482.25"
"11/10/2018 10:00:00 - 11/10/2018 11:00:00","BZN|DK1","699.67","n/e"," ","670.84"
"11/10/2018 11:00:00 - 11/10/2018 12:00:00","BZN|DK1","674.33","n/e"," ","683.32"
"11/10/2018 12:00:00 - 11/10/2018 13:00:00","BZN|DK1","646.96","n/e"," ","678.54"
"11/10/2018 13:00:00 - 11/10/2018 14:00:00","BZN|DK1","619.13","n/e"," ","654.79"
"11/10/2018 14:00:00 - 11/10/2018 15:00:00","BZN|DK1","605.50","n/e"," ","638.53"
"11/10/2018 15:00:00 - 11/10/2018 16:00:00","BZN|DK1","599.42","n/e"," ","622.21"
"11/10/2018 16:00:00 - 11/10/2018 17:00:00","BZN|DK1","597.46","n/e"," ","583.88"
"11/10/2018 17:00:00 - 11/10/2018 18:00:00","BZN|DK1","591.21","n/e"," ","600.04"
"11/10/2018 18:00:00 - 11/10/2018 19:00:00","BZN|DK1","591.63","n/e"," ","596.45"
"11/10/2018 19:00:00 - 11/10/2018 20:00:00","BZN|DK1","596.54","n/e"," ","528.51"
"11/10/2018 20:00:00 - 11/10/2018 21:00:00","BZN|DK1","595.13","n/e"," ","514.94"
"11/10/2018 21:00:00 - 11/10/2018 22:00:00","BZN|DK1","587.17","n/e"," ","602.30"
"11/10/2018 22:00:00 - 11/10/2018 23:00:00","BZN|DK1","570.50","n/e"," ","635.97"
"11/10/2018 23:00:00 - 12/10/2018 00:00:00","BZN|DK1","548.29","n/e"," ","576.77"
"12/10/2018 00:00:00 - 12/10/2018 01:00:00","BZN|DK1","567.15","n/e"," ","606.15"
"12/10/2018 01:00:00 - 12/10/2018 02:00:00","BZN|DK1","565.47","n/e"," ","601.30"
"12/10/2018 02:00:00 - 12/10/2018 03:00:00","BZN|DK1","572.86","n/e"," ","614.40"
"12/10/2018 03:00:00 - 12/10/2018 04:00:00","BZN|DK1","617.22","n/e"," ","651.42"
"12/10/2018 04:00:00 - 12/10/2018 05:00:00","BZN|DK1","531.88","n/e"," ","561.31"
"12/10/2018 05:00:00 - 12/10/2018 06:00:00","BZN|DK1","579.93","n/e"," ","607.43"
"12/10/2018 06:00:00 - 12/10/2018 07:00:00","BZN|DK1","559.11","n/e"," ","585.33"
"12/10/2018 07:00:00 - 12/10/2018 08:00:00","BZN|DK1","550.29","n/e"," ","567.78"
"12/10/2018 08:00:00 - 12/10/2018 09:00:00","BZN|DK1","481.92","n/e"," ","481.98"
"12/10/2018 09:00:00 - 12/10/2018 10:00:00","BZN|DK1","556.25","n/e"," ","563.05"
"12/10/2018 10:00:00 - 12/10/2018 11:00:00","BZN|DK1","574.67","n/e"," ","573.64"
"12/10/2018 11:00:00 - 12/10/2018 12:00:00","BZN|DK1","576.58","n/e"," ","601.80"
"12/10/2018 12:00:00 - 12/10/2018 13:00:00","BZN|DK1","569.25","n/e"," ","536.06"
"12/10/2018 13:00:00 - 12/10/2018 14:00:00","BZN|DK1","558.54","n/e"," ","562.45"
"12/10/2018 14:00:00 - 12/10/2018 15:00:00","BZN|DK1","551.79","n/e"," ","642.45"
"12/10/2018 15:00:00 - 12/10/2018 16:00:00","BZN|DK1","537.75","n/e"," ","649.64"
"12/10/2018 16:00:00 - 12/10/2018 17:00:00","BZN|DK1","532.08","n/e"," ","680.50"
"12/10/2018 17:00:00 - 12/10/2018 18:00:00","BZN|DK1","537.92","n/e"," ","694.26"
"12/10/2018 18:00:00 - 12/10/2018 19:00:00","BZN|DK1","549.83","n/e"," ","700.17"
"12/10/2018 19:00:00 - 12/10/2018 20:00:00","BZN|DK1","568.46","n/e"," ","647.47"
"12/10/2018 20:00:00 - 12/10/2018 21:00:00","BZN|DK1","591.29","n/e"," ","709.97"
"12/10/2018 21:00:00 - 12/10/2018 22:00:00","BZN|DK1","623.58","n/e"," ","721.88"
"12/10/2018 22:00:00 - 12/10/2018 23:00:00","BZN|DK1","659.29","n/e"," ","711.77"
"12/10/2018 23:00:00 - 13/10/2018 00:00:00","BZN|DK1","686.54","n/e"," ","724.92"
"13/10/2018 00:00:00 - 13/10/2018 01:00:00","BZN|DK1","587.81","n/e"," ","621.80"
"13/10/2018 01:00:00 - 13/10/2018 02:00:00","BZN|DK1","588.08","n/e"," ","621.39"
"13/10/2018 02:00:00 - 13/10/2018 03:00:00","BZN|DK1","628.74","n/e"," ","659.95"
"13/10/2018 03:00:00 - 13/10/2018 04:00:00","BZN|DK1","742.98","n/e"," ","780.92"
"13/10/2018 04:00:00 - 13/10/2018 05:00:00","BZN|DK1","743.75","n/e"," ","778.49"
"13/10/2018 05:00:00 - 13/10/2018 06:00:00","BZN|DK1","741.90","n/e"," ","774.73"
"13/10/2018 06:00:00 - 13/10/2018 07:00:00","BZN|DK1","711.68","n/e"," ","744.28"
"13/10/2018 07:00:00 - 13/10/2018 08:00:00","BZN|DK1","716.36","n/e"," ","745.94"
"13/10/2018 08:00:00 - 13/10/2018 09:00:00","BZN|DK1","724.83","n/e"," ","741.81"
"13/10/2018 09:00:00 - 13/10/2018 10:00:00","BZN|DK1","749.42","n/e"," ","744.05"
"13/10/2018 10:00:00 - 13/10/2018 11:00:00","BZN|DK1","746.54","n/e"," ","744.26"
"13/10/2018 11:00:00 - 13/10/2018 12:00:00","BZN|DK1","745.75","n/e"," ","736.15"
"13/10/2018 12:00:00 - 13/10/2018 13:00:00","BZN|DK1","744.54","n/e"," ","735.24"
"13/10/2018 13:00:00 - 13/10/2018 14:00:00","BZN|DK1","739.92","n/e"," ","727.16"
"13/10/2018 14:00:00 - 13/10/2018 15:00:00","BZN|DK1","732.67","n/e"," ","685.12"
"13/10/2018 15:00:00 - 13/10/2018 16:00:00","BZN|DK1","730.04","n/e"," ","702.62"
"13/10/2018 16:00:00 - 13/10/2018 17:00:00","BZN|DK1","734.38","n/e"," ","729.18"
"13/10/2018 17:00:00 - 13/10/2018 18:00:00","BZN|DK1","744.67","n/e"," ","753.36"
"13/10/2018 18:00:00 - 13/10/2018 19:00:00","BZN|DK1","750.08","n/e"," ","762.79"
"13/10/2018 19:00:00 - 13/10/2018 20:00:00","BZN|DK1","752.08","n/e"," ","754.52"
"13/10/2018 20:00:00 - 13/10/2018 21:00:00","BZN|DK1","754.58","n/e"," ","762.47"
"13/10/2018 21:00:00 - 13/10/2018 22:00:00","BZN|DK1","756.04","n/e"," ","773.46"
"13/10/2018 22:00:00 - 13/10/2018 23:00:00","BZN|DK1","756.92","n/e"," ","629.38"
"13/10/2018 23:00:00 - 14/10/2018 00:00:00","BZN|DK1","755.00","n/e"," ","582.47"
"14/10/2018 00:00:00 - 14/10/2018 01:00:00","BZN|DK1","559.78","n/e"," ","590.49"
"14/10/2018 01:00:00 - 14/10/2018 02:00:00","BZN|DK1","603.92","n/e"," ","631.68"
"14/10/2018 02:00:00 - 14/10/2018 03:00:00","BZN|DK1","586.70","n/e"," ","616.36"
"14/10/2018 03:00:00 - 14/10/2018 04:00:00","BZN|DK1","585.76","n/e"," ","614.61"
"14/10/2018 04:00:00 - 14/10/2018 05:00:00","BZN|DK1","465.39","n/e"," ","489.60"
"14/10/2018 05:00:00 - 14/10/2018 06:00:00","BZN|DK1","568.73","n/e"," ","588.14"
"14/10/2018 06:00:00 - 14/10/2018 07:00:00","BZN|DK1","682.15","n/e"," ","719.52"
"14/10/2018 07:00:00 - 14/10/2018 08:00:00","BZN|DK1","668.68","n/e"," ","711.18"
"14/10/2018 08:00:00 - 14/10/2018 09:00:00","BZN|DK1","651.73","n/e"," ","651.07"
"14/10/2018 09:00:00 - 14/10/2018 10:00:00","BZN|DK1","648.58","n/e"," ","640.22"
"14/10/2018 10:00:00 - 14/10/2018 11:00:00","BZN|DK1","640.13","n/e"," ","637.67"
"14/10/2018 11:00:00 - 14/10/2018 12:00:00","BZN|DK1","638.54","n/e"," ","625.27"
"14/10/2018 12:00:00 - 14/10/2018 13:00:00","BZN|DK1","642.96","n/e"," ","580.25"
"14/10/2018 13:00:00 - 14/10/2018 14:00:00","BZN|DK1","653.13","n/e"," ","594.52"
"14/10/2018 14:00:00 - 14/10/2018 15:00:00","BZN|DK1","663.13","n/e"," ","664.15"
"14/10/2018 15:00:00 - 14/10/2018 16:00:00","BZN|DK1","676.29","n/e"," ","647.83"
"14/10/2018 16:00:00 - 14/10/2018 17:00:00","BZN|DK1","687.33","n/e"," ","744.94"
"14/10/2018 17:00:00 - 14/10/2018 18:00:00","BZN|DK1","693.50","n/e"," ","705.87"
"14/10/2018 18:00:00 - 14/10/2018 19:00:00","BZN|DK1","692.71","n/e"," ","735.07"
"14/10/2018 19:00:00 - 14/10/2018 20:00:00","BZN|DK1","683.21","n/e"," ","741.41"
"14/10/2018 20:00:00 - 14/10/2018 21:00:00","BZN|DK1","660.08","n/e"," ","729.60"
"14/10/2018 21:00:00 - 14/10/2018 22:00:00","BZN|DK1","627.42","n/e"," ","655.88"
"14/10/2018 22:00:00 - 14/10/2018 23:00:00","BZN|DK1","589.42","n/e"," ","594.41"
"14/10/2018 23:00:00 - 15/10/2018 00:00:00","BZN|DK1","552.50","n/e"," ","467.57"
"15/10/2018 00:00:00 - 15/10/2018 01:00:00","BZN|DK1","366.32","n/e"," ","388.55"
"15/10/2018 01:00:00 - 15/10/2018 02:00:00","BZN|DK1","353.40","n/e"," ","373.92"
"15/10/2018 02:00:00 - 15/10/2018 03:00:00","BZN|DK1","339.08","n/e"," ","351.84"
"15/10/2018 03:00:00 - 15/10/2018 04:00:00","BZN|DK1","271.00","n/e"," ","290.33"
"15/10/2018 04:00:00 - 15/10/2018 05:00:00","BZN|DK1","299.21","n/e"," ","313.40"
"15/10/2018 05:00:00 - 15/10/2018 06:00:00","BZN|DK1","260.82","n/e"," ","270.22"
"15/10/2018 06:00:00 - 15/10/2018 07:00:00","BZN|DK1","167.79","n/e"," ","174.29"
"15/10/2018 07:00:00 - 15/10/2018 08:00:00","BZN|DK1","133.92","n/e"," ","147.96"
"15/10/2018 08:00:00 - 15/10/2018 09:00:00","BZN|DK1","158.28","n/e"," ","169.04"
"15/10/2018 09:00:00 - 15/10/2018 10:00:00","BZN|DK1","173.46","n/e"," ","197.46"
"15/10/2018 10:00:00 - 15/10/2018 11:00:00","BZN|DK1","148.33","n/e"," ","171.66"
"15/10/2018 11:00:00 - 15/10/2018 12:00:00","BZN|DK1","118.67","n/e"," ","128.89"
"15/10/2018 12:00:00 - 15/10/2018 13:00:00","BZN|DK1","95.17","n/e"," ","130.38"
"15/10/2018 13:00:00 - 15/10/2018 14:00:00","BZN|DK1","89.25","n/e"," ","156.82"
"15/10/2018 14:00:00 - 15/10/2018 15:00:00","BZN|DK1","96.17","n/e"," ","155.65"
"15/10/2018 15:00:00 - 15/10/2018 16:00:00","BZN|DK1","116.67","n/e"," ","122.47"
"15/10/2018 16:00:00 - 15/10/2018 17:00:00","BZN|DK1","132.96","n/e"," ","188.50"
"15/10/2018 17:00:00 - 15/10/2018 18:00:00","BZN|DK1","143.83","n/e"," ","290.44"
"15/10/2018 18:00:00 - 15/10/2018 19:00:00","BZN|DK1","152.25","n/e"," ","325.52"
"15/10/2018 19:00:00 - 15/10/2018 20:00:00","BZN|DK1","154.58","n/e"," ","274.08"
"15/10/2018 20:00:00 - 15/10/2018 21:00:00","BZN|DK1","148.63","n/e"," ","219.12"
"15/10/2018 21:00:00 - 15/10/2018 22:00:00","BZN|DK1","136.21","n/e"," ","181.81"
"15/10/2018 22:00:00 - 15/10/2018 23:00:00","BZN|DK1","124.79","n/e"," ","146.27"
"15/10/2018 23:00:00 - 16/10/2018 00:00:00","BZN|DK1","111.88","n/e"," ","119.02"
"16/10/2018 00:00:00 - 16/10/2018 01:00:00","BZN|DK1","94.43","n/e"," ","90.94"
"16/10/2018 01:00:00 - 16/10/2018 02:00:00","BZN|DK1","132.98","n/e"," ","142.91"
"16/10/2018 02:00:00 - 16/10/2018 03:00:00","BZN|DK1","147.93","n/e"," ","150.40"
"16/10/2018 03:00:00 - 16/10/2018 04:00:00","BZN|DK1","125.18","n/e"," ","128.62"
"16/10/2018 04:00:00 - 16/10/2018 05:00:00","BZN|DK1","99.90","n/e"," ","92.84"
"16/10/2018 05:00:00 - 16/10/2018 06:00:00","BZN|DK1","60.38","n/e"," ","57.69"
"16/10/2018 06:00:00 - 16/10/2018 07:00:00","BZN|DK1","27.50","n/e"," ","28.04"
"16/10/2018 07:00:00 - 16/10/2018 08:00:00","BZN|DK1","16.73","n/e"," ","15.26"
"16/10/2018 08:00:00 - 16/10/2018 09:00:00","BZN|DK1","9.45","n/e"," ","3.32"
"16/10/2018 09:00:00 - 16/10/2018 10:00:00","BZN|DK1","5.42","n/e"," ","0.71"
"16/10/2018 10:00:00 - 16/10/2018 11:00:00","BZN|DK1","2.75","n/e"," ","0.12"
"16/10/2018 11:00:00 - 16/10/2018 12:00:00","BZN|DK1","2.88","n/e"," ","0.11"
"16/10/2018 12:00:00 - 16/10/2018 13:00:00","BZN|DK1","2.00","n/e"," ","0.42"
"16/10/2018 13:00:00 - 16/10/2018 14:00:00","BZN|DK1","2.33","n/e"," ","1.15"
"16/10/2018 14:00:00 - 16/10/2018 15:00:00","BZN|DK1","5.08","n/e"," ","1.82"
"16/10/2018 15:00:00 - 16/10/2018 16:00:00","BZN|DK1","8.75","n/e"," ","2.05"
"16/10/2018 16:00:00 - 16/10/2018 17:00:00","BZN|DK1","14.29","n/e"," ","3.90"
"16/10/2018 17:00:00 - 16/10/2018 18:00:00","BZN|DK1","24.13","n/e"," ","12.46"
"16/10/2018 18:00:00 - 16/10/2018 19:00:00","BZN|DK1","42.00","n/e"," ","42.60"
"16/10/2018 19:00:00 - 16/10/2018 20:00:00","BZN|DK1","67.79","n/e"," ","106.33"
"16/10/2018 20:00:00 - 16/10/2018 21:00:00","BZN|DK1","103.54","n/e"," ","134.38"
"16/10/2018 21:00:00 - 16/10/2018 22:00:00","BZN|DK1","140.46","n/e"," ","131.38"
"16/10/2018 22:00:00 - 16/10/2018 23:00:00","BZN|DK1","172.79","n/e"," ","103.72"
"16/10/2018 23:00:00 - 17/10/2018 00:00:00","BZN|DK1","189.71","n/e"," ","116.82"
"17/10/2018 00:00:00 - 17/10/2018 01:00:00","BZN|DK1","116.63","n/e"," ","125.33"
"17/10/2018 01:00:00 - 17/10/2018 02:00:00","BZN|DK1","145.67","n/e"," ","151.39"
"17/10/2018 02:00:00 - 17/10/2018 03:00:00","BZN|DK1","185.97","n/e"," ","194.52"
"17/10/2018 03:00:00 - 17/10/2018 04:00:00","BZN|DK1","222.07","n/e"," ","232.68"
"17/10/2018 04:00:00 - 17/10/2018 05:00:00","BZN|DK1","234.40","n/e"," ","235.42"
"17/10/2018 05:00:00 - 17/10/2018 06:00:00","BZN|DK1","216.64","n/e"," ","221.12"
"17/10/2018 06:00:00 - 17/10/2018 07:00:00","BZN|DK1","209.13","n/e"," ","217.98"
"17/10/2018 07:00:00 - 17/10/2018 08:00:00","BZN|DK1","242.58","n/e"," ","254.39"
"17/10/2018 08:00:00 - 17/10/2018 09:00:00","BZN|DK1","284.78","n/e"," ","316.73"
"17/10/2018 09:00:00 - 17/10/2018 10:00:00","BZN|DK1","336.04","n/e"," ","328.92"
"17/10/2018 10:00:00 - 17/10/2018 11:00:00","BZN|DK1","333.04","n/e"," ","365.13"
"17/10/2018 11:00:00 - 17/10/2018 12:00:00","BZN|DK1","341.29","n/e"," ","380.76"
"17/10/2018 12:00:00 - 17/10/2018 13:00:00","BZN|DK1","343.58","n/e"," ","399.75"
"17/10/2018 13:00:00 - 17/10/2018 14:00:00","BZN|DK1","316.46","n/e"," ","379.24"
"17/10/2018 14:00:00 - 17/10/2018 15:00:00","BZN|DK1","262.46","n/e"," ","248.23"
"17/10/2018 15:00:00 - 17/10/2018 16:00:00","BZN|DK1","196.67","n/e"," ","218.29"
"17/10/2018 16:00:00 - 17/10/2018 17:00:00","BZN|DK1","129.71","n/e"," ","153.84"
"17/10/2018 17:00:00 - 17/10/2018 18:00:00","BZN|DK1","79.33","n/e"," ","65.96"
"17/10/2018 18:00:00 - 17/10/2018 19:00:00","BZN|DK1","51.63","n/e"," ","7.64"
"17/10/2018 19:00:00 - 17/10/2018 20:00:00","BZN|DK1","42.25","n/e"," ","1.94"
"17/10/2018 20:00:00 - 17/10/2018 21:00:00","BZN|DK1","44.63","n/e"," ","11.65"
"17/10/2018 21:00:00 - 17/10/2018 22:00:00","BZN|DK1","55.13","n/e"," ","15.95"
"17/10/2018 22:00:00 - 17/10/2018 23:00:00","BZN|DK1","73.75","n/e"," ","22.04"
"17/10/2018 23:00:00 - 18/10/2018 00:00:00","BZN|DK1","107.00","n/e"," ","69.05"
"18/10/2018 00:00:00 - 18/10/2018 01:00:00","BZN|DK1","122.45","n/e"," ","133.12"
"18/10/2018 01:00:00 - 18/10/2018 02:00:00","BZN|DK1","134.98","n/e"," ","148.47"
"18/10/2018 02:00:00 - 18/10/2018 03:00:00","BZN|DK1","182.53","n/e"," ","192.63"
"18/10/2018 03:00:00 - 18/10/2018 04:00:00","BZN|DK1","243.33","n/e"," ","259.50"
"18/10/2018 04:00:00 - 18/10/2018 05:00:00","BZN|DK1","259.56","n/e"," ","268.81"
"18/10/2018 05:00:00 - 18/10/2018 06:00:00","BZN|DK1","363.21","n/e"," ","363.40"
"18/10/2018 06:00:00 - 18/10/2018 07:00:00","BZN|DK1","327.81","n/e"," ","342.18"
"18/10/2018 07:00:00 - 18/10/2018 08:00:00","BZN|DK1","340.29","n/e"," ","360.00"
"18/10/2018 08:00:00 - 18/10/2018 09:00:00","BZN|DK1","410.89","n/e"," ","385.32"
"18/10/2018 09:00:00 - 18/10/2018 10:00:00","BZN|DK1","423.21","n/e"," ","400.32"
"18/10/2018 10:00:00 - 18/10/2018 11:00:00","BZN|DK1","439.88","n/e"," ","461.06"
"18/10/2018 11:00:00 - 18/10/2018 12:00:00","BZN|DK1","430.88","n/e"," ","484.18"
"18/10/2018 12:00:00 - 18/10/2018 13:00:00","BZN|DK1","389.33","n/e"," ","357.93"
"18/10/2018 13:00:00 - 18/10/2018 14:00:00","BZN|DK1","344.17","n/e"," ","322.38"
"18/10/2018 14:00:00 - 18/10/2018 15:00:00","BZN|DK1","308.13","n/e"," ","303.05"
"18/10/2018 15:00:00 - 18/10/2018 16:00:00","BZN|DK1","289.38","n/e"," ","251.54"
"18/10/2018 16:00:00 - 18/10/2018 17:00:00","BZN|DK1","271.08","n/e"," ","247.82"
"18/10/2018 17:00:00 - 18/10/2018 18:00:00","BZN|DK1","254.42","n/e"," ","260.57"
"18/10/2018 18:00:00 - 18/10/2018 19:00:00","BZN|DK1","230.54","n/e"," ","264.12"
"18/10/2018 19:00:00 - 18/10/2018 20:00:00","BZN|DK1","196.83","n/e"," ","230.99"
"18/10/2018 20:00:00 - 18/10/2018 21:00:00","BZN|DK1","155.17","n/e"," ","214.74"
"18/10/2018 21:00:00 - 18/10/2018 22:00:00","BZN|DK1","113.42","n/e"," ","159.05"
"18/10/2018 22:00:00 - 18/10/2018 23:00:00","BZN|DK1","82.50","n/e"," ","97.13"
"18/10/2018 23:00:00 - 19/10/2018 00:00:00","BZN|DK1","63.13","n/e"," ","67.38"
"19/10/2018 00:00:00 - 19/10/2018 01:00:00","BZN|DK1","44.44","n/e"," ","56.76"
"19/10/2018 01:00:00 - 19/10/2018 02:00:00","BZN|DK1","48.80","n/e"," ","59.47"
"19/10/2018 02:00:00 - 19/10/2018 03:00:00","BZN|DK1","42.05","n/e"," ","53.52"
"19/10/2018 03:00:00 - 19/10/2018 04:00:00","BZN|DK1","60.45","n/e"," ","75.55"
"19/10/2018 04:00:00 - 19/10/2018 05:00:00","BZN|DK1","55.03","n/e"," ","62.47"
"19/10/2018 05:00:00 - 19/10/2018 06:00:00","BZN|DK1","39.43","n/e"," ","43.84"
"19/10/2018 06:00:00 - 19/10/2018 07:00:00","BZN|DK1","31.92","n/e"," ","38.61"
"19/10/2018 07:00:00 - 19/10/2018 08:00:00","BZN|DK1","34.18","n/e"," ","39.80"
"19/10/2018 08:00:00 - 19/10/2018 09:00:00","BZN|DK1","48.08","n/e"," ","31.14"
"19/10/2018 09:00:00 - 19/10/2018 10:00:00","BZN|DK1","48.17","n/e"," ","43.43"
"19/10/2018 10:00:00 - 19/10/2018 11:00:00","BZN|DK1","49.46","n/e"," ","41.93"
"19/10/2018 11:00:00 - 19/10/2018 12:00:00","BZN|DK1","57.88","n/e"," ","59.92"
"19/10/2018 12:00:00 - 19/10/2018 13:00:00","BZN|DK1","68.75","n/e"," ","65.23"
"19/10/2018 13:00:00 - 19/10/2018 14:00:00","BZN|DK1","82.21","n/e"," ","63.00"
"19/10/2018 14:00:00 - 19/10/2018 15:00:00","BZN|DK1","93.04","n/e"," ","75.11"
"19/10/2018 15:00:00 - 19/10/2018 16:00:00","BZN|DK1","101.79","n/e"," ","106.30"
"19/10/2018 16:00:00 - 19/10/2018 17:00:00","BZN|DK1","110.67","n/e"," ","101.11"
"19/10/2018 17:00:00 - 19/10/2018 18:00:00","BZN|DK1","120.25","n/e"," ","106.54"
"19/10/2018 18:00:00 - 19/10/2018 19:00:00","BZN|DK1","135.17","n/e"," ","145.40"
"19/10/2018 19:00:00 - 19/10/2018 20:00:00","BZN|DK1","152.46","n/e"," ","122.12"
"19/10/2018 20:00:00 - 19/10/2018 21:00:00","BZN|DK1","173.25","n/e"," ","154.26"
"19/10/2018 21:00:00 - 19/10/2018 22:00:00","BZN|DK1","190.46","n/e"," ","143.35"
"19/10/2018 22:00:00 - 19/10/2018 23:00:00","BZN|DK1","209.54","n/e"," ","151.27"
"19/10/2018 23:00:00 - 20/10/2018 00:00:00","BZN|DK1","244.04","n/e"," ","298.77"
"20/10/2018 00:00:00 - 20/10/2018 01:00:00","BZN|DK1","363.92","n/e"," ","376.26"
"20/10/2018 01:00:00 - 20/10/2018 02:00:00","BZN|DK1","413.10","n/e"," ","427.72"
"20/10/2018 02:00:00 - 20/10/2018 03:00:00","BZN|DK1","381.66","n/e"," ","395.67"
"20/10/2018 03:00:00 - 20/10/2018 04:00:00","BZN|DK1","370.48","n/e"," ","391.32"
"20/10/2018 04:00:00 - 20/10/2018 05:00:00","BZN|DK1","435.73","n/e"," ","455.68"
"20/10/2018 05:00:00 - 20/10/2018 06:00:00","BZN|DK1","289.40","n/e"," ","308.90"
"20/10/2018 06:00:00 - 20/10/2018 07:00:00","BZN|DK1","362.16","n/e"," ","383.42"
"20/10/2018 07:00:00 - 20/10/2018 08:00:00","BZN|DK1","333.08","n/e"," ","347.87"
"20/10/2018 08:00:00 - 20/10/2018 09:00:00","BZN|DK1","311.15","n/e"," ","345.44"
"20/10/2018 09:00:00 - 20/10/2018 10:00:00","BZN|DK1","289.46","n/e"," ","339.87"
"20/10/2018 10:00:00 - 20/10/2018 11:00:00","BZN|DK1","284.67","n/e"," ","263.14"
"20/10/2018 11:00:00 - 20/10/2018 12:00:00","BZN|DK1","282.79","n/e"," ","272.96"
"20/10/2018 12:00:00 - 20/10/2018 13:00:00","BZN|DK1","290.04","n/e"," ","299.95"
"20/10/2018 13:00:00 - 20/10/2018 14:00:00","BZN|DK1","300.71","n/e"," ","321.45"
"20/10/2018 14:00:00 - 20/10/2018 15:00:00","BZN|DK1","301.29","n/e"," ","311.31"
"20/10/2018 15:00:00 - 20/10/2018 16:00:00","BZN|DK1","294.29","n/e"," ","277.27"
"20/10/2018 16:00:00 - 20/10/2018 17:00:00","BZN|DK1","291.46","n/e"," ","266.54"
"20/10/2018 17:00:00 - 20/10/2018 18:00:00","BZN|DK1","288.50","n/e"," ","328.96"
"20/10/2018 18:00:00 - 20/10/2018 19:00:00","BZN|DK1","281.46","n/e"," ","297.73"
"20/10/2018 19:00:00 - 20/10/2018 20:00:00","BZN|DK1","257.63","n/e"," ","266.82"
"20/10/2018 20:00:00 - 20/10/2018 21:00:00","BZN|DK1","219.54","n/e"," ","192.56"
"20/10/2018 21:00:00 - 20/10/2018 22:00:00","BZN|DK1","186.08","n/e"," ","151.14"
"20/10/2018 22:00:00 - 20/10/2018 23:00:00","BZN|DK1","162.42","n/e"," ","125.44"
"20/10/2018 23:00:00 - 21/10/2018 00:00:00","BZN|DK1","137.38","n/e"," ","101.38"
"21/10/2018 00:00:00 - 21/10/2018 01:00:00","BZN|DK1","164.49","n/e"," ","176.48"
"21/10/2018 01:00:00 - 21/10/2018 02:00:00","BZN|DK1","175.53","n/e"," ","184.12"
"21/10/2018 02:00:00 - 21/10/2018 03:00:00","BZN|DK1","199.67","n/e"," ","207.15"
"21/10/2018 03:00:00 - 21/10/2018 04:00:00","BZN|DK1","187.16","n/e"," ","205.04"
"21/10/2018 04:00:00 - 21/10/2018 05:00:00","BZN|DK1","224.74","n/e"," ","228.66"
"21/10/2018 05:00:00 - 21/10/2018 06:00:00","BZN|DK1","221.17","n/e"," ","226.23"
"21/10/2018 06:00:00 - 21/10/2018 07:00:00","BZN|DK1","219.81","n/e"," ","235.87"
"21/10/2018 07:00:00 - 21/10/2018 08:00:00","BZN|DK1","260.00","n/e"," ","273.62"
"21/10/2018 08:00:00 - 21/10/2018 09:00:00","BZN|DK1","310.05","n/e"," ","327.86"
"21/10/2018 09:00:00 - 21/10/2018 10:00:00","BZN|DK1","364.42","n/e"," ","436.70"
"21/10/2018 10:00:00 - 21/10/2018 11:00:00","BZN|DK1","398.88","n/e"," ","444.59"
"21/10/2018 11:00:00 - 21/10/2018 12:00:00","BZN|DK1","436.50","n/e"," ","405.89"
"21/10/2018 12:00:00 - 21/10/2018 13:00:00","BZN|DK1","475.42","n/e"," ","512.58"
"21/10/2018 13:00:00 - 21/10/2018 14:00:00","BZN|DK1","520.83","n/e"," ","596.38"
"21/10/2018 14:00:00 - 21/10/2018 15:00:00","BZN|DK1","571.79","n/e"," ","659.40"
"21/10/2018 15:00:00 - 21/10/2018 16:00:00","BZN|DK1","615.83","n/e"," ","684.53"
"21/10/2018 16:00:00 - 21/10/2018 17:00:00","BZN|DK1","646.96","n/e"," ","726.47"
"21/10/2018 17:00:00 - 21/10/2018 18:00:00","BZN|DK1","662.50","n/e"," ","748.60"
"21/10/2018 18:00:00 - 21/10/2018 19:00:00","BZN|DK1","669.79","n/e"," ","746.24"
"21/10/2018 19:00:00 - 21/10/2018 20:00:00","BZN|DK1","670.71","n/e"," ","729.43"
"21/10/2018 20:00:00 - 21/10/2018 21:00:00","BZN|DK1","672.63","n/e"," ","684.33"
"21/10/2018 21:00:00 - 21/10/2018 22:00:00","BZN|DK1","679.25","n/e"," ","683.40"
"21/10/2018 22:00:00 - 21/10/2018 23:00:00","BZN|DK1","692.08","n/e"," ","604.73"
"21/10/2018 23:00:00 - 22/10/2018 00:00:00","BZN|DK1","706.17","n/e"," ","647.54"
"22/10/2018 00:00:00 - 22/10/2018 01:00:00","BZN|DK1","615.77","n/e"," ","687.66"
"22/10/2018 01:00:00 - 22/10/2018 02:00:00","BZN|DK1","615.62","n/e"," ","652.91"
"22/10/2018 02:00:00 - 22/10/2018 03:00:00","BZN|DK1","626.55","n/e"," ","663.06"
"22/10/2018 03:00:00 - 22/10/2018 04:00:00","BZN|DK1","697.50","n/e"," ","741.78"
"22/10/2018 04:00:00 - 22/10/2018 05:00:00","BZN|DK1","717.15","n/e"," ","776.23"
"22/10/2018 05:00:00 - 22/10/2018 06:00:00","BZN|DK1","725.12","n/e"," ","774.01"
"22/10/2018 06:00:00 - 22/10/2018 07:00:00","BZN|DK1","729.67","n/e"," ","780.01"
"22/10/2018 07:00:00 - 22/10/2018 08:00:00","BZN|DK1","737.41","n/e"," ","740.95"
"22/10/2018 08:00:00 - 22/10/2018 09:00:00","BZN|DK1","726.08","n/e"," ","637.96"
"22/10/2018 09:00:00 - 22/10/2018 10:00:00","BZN|DK1","725.17","n/e"," ","629.04"
"22/10/2018 10:00:00 - 22/10/2018 11:00:00","BZN|DK1","734.63","n/e"," ","645.14"
"22/10/2018 11:00:00 - 22/10/2018 12:00:00","BZN|DK1","737.54","n/e"," ","645.27"
"22/10/2018 12:00:00 - 22/10/2018 13:00:00","BZN|DK1","740.67","n/e"," ","643.31"
"22/10/2018 13:00:00 - 22/10/2018 14:00:00","BZN|DK1","742.71","n/e"," ","646.79"
"22/10/2018 14:00:00 - 22/10/2018 15:00:00","BZN|DK1","740.13","n/e"," ","645.04"
"22/10/2018 15:00:00 - 22/10/2018 16:00:00","BZN|DK1","738.58","n/e"," ","637.29"
"22/10/2018 16:00:00 - 22/10/2018 17:00:00","BZN|DK1","736.71","n/e"," ","617.53"
"22/10/2018 17:00:00 - 22/10/2018 18:00:00","BZN|DK1","736.96","n/e"," ","637.43"
"22/10/2018 18:00:00 - 22/10/2018 19:00:00","BZN|DK1","736.46","n/e"," ","636.73"
"22/10/2018 19:00:00 - 22/10/2018 20:00:00","BZN|DK1","739.46","n/e"," ","636.31"
"22/10/2018 20:00:00 - 22/10/2018 21:00:00","BZN|DK1","746.17","n/e"," ","640.02"
"22/10/2018 21:00:00 - 22/10/2018 22:00:00","BZN|DK1","751.00","n/e"," ","637.25"
"22/10/2018 22:00:00 - 22/10/2018 23:00:00","BZN|DK1","751.04","n/e"," ","641.47"
"22/10/2018 23:00:00 - 23/10/2018 00:00:00","BZN|DK1","751.00","n/e"," ","643.48"
"23/10/2018 00:00:00 - 23/10/2018 01:00:00","BZN|DK1","595.42","n/e"," ","646.25"
"23/10/2018 01:00:00 - 23/10/2018 02:00:00","BZN|DK1","594.38","n/e"," ","642.15"
"23/10/2018 02:00:00 - 23/10/2018 03:00:00","BZN|DK1","593.99","n/e"," ","639.97"
"23/10/2018 03:00:00 - 23/10/2018 04:00:00","BZN|DK1","593.50","n/e"," ","640.04"
"23/10/2018 04:00:00 - 23/10/2018 05:00:00","BZN|DK1","593.71","n/e"," ","639.90"
"23/10/2018 05:00:00 - 23/10/2018 06:00:00","BZN|DK1","589.35","n/e"," ","630.87"
"23/10/2018 06:00:00 - 23/10/2018 07:00:00","BZN|DK1","443.78","n/e"," ","484.93"
"23/10/2018 07:00:00 - 23/10/2018 08:00:00","BZN|DK1","478.11","n/e"," ","520.21"
"23/10/2018 08:00:00 - 23/10/2018 09:00:00","BZN|DK1","397.40","n/e"," ","442.91"
"23/10/2018 09:00:00 - 23/10/2018 10:00:00","BZN|DK1","585.79","n/e"," ","637.35"
"23/10/2018 10:00:00 - 23/10/2018 11:00:00","BZN|DK1","590.29","n/e"," ","641.01"
"23/10/2018 11:00:00 - 23/10/2018 12:00:00","BZN|DK1","595.33","n/e"," ","641.46"
"23/10/2018 12:00:00 - 23/10/2018 13:00:00","BZN|DK1","598.92","n/e"," ","646.60"
"23/10/2018 13:00:00 - 23/10/2018 14:00:00","BZN|DK1","601.83","n/e"," ","647.28"
"23/10/2018 14:00:00 - 23/10/2018 15:00:00","BZN|DK1","603.38","n/e"," ","650.12"
"23/10/2018 15:00:00 - 23/10/2018 16:00:00","BZN|DK1","604.50","n/e"," ","650.12"
"23/10/2018 16:00:00 - 23/10/2018 17:00:00","BZN|DK1","606.04","n/e"," ","650.04"
"23/10/2018 17:00:00 - 23/10/2018 18:00:00","BZN|DK1","607.00","n/e"," ","648.53"
"23/10/2018 18:00:00 - 23/10/2018 19:00:00","BZN|DK1","607.00","n/e"," ","649.51"
"23/10/2018 19:00:00 - 23/10/2018 20:00:00","BZN|DK1","607.00","n/e"," ","649.96"
"23/10/2018 20:00:00 - 23/10/2018 21:00:00","BZN|DK1","607.00","n/e"," ","649.54"
"23/10/2018 21:00:00 - 23/10/2018 22:00:00","BZN|DK1","607.00","n/e"," ","648.94"
"23/10/2018 22:00:00 - 23/10/2018 23:00:00","BZN|DK1","607.00","n/e"," ","650.33"
"23/10/2018 23:00:00 - 24/10/2018 00:00:00","BZN|DK1","607.00","n/e"," ","642.39"
"24/10/2018 00:00:00 - 24/10/2018 01:00:00","BZN|DK1","593.29","n/e"," ","641.90"
"24/10/2018 01:00:00 - 24/10/2018 02:00:00","BZN|DK1","594.18","n/e"," ","641.94"
"24/10/2018 02:00:00 - 24/10/2018 03:00:00","BZN|DK1","594.59","n/e"," ","642.81"
"24/10/2018 03:00:00 - 24/10/2018 04:00:00","BZN|DK1","594.25","n/e"," ","643.61"
"24/10/2018 04:00:00 - 24/10/2018 05:00:00","BZN|DK1","594.71","n/e"," ","649.04"
"24/10/2018 05:00:00 - 24/10/2018 06:00:00","BZN|DK1","594.60","n/e"," ","647.25"
"24/10/2018 06:00:00 - 24/10/2018 07:00:00","BZN|DK1","593.41","n/e"," ","646.36"
"24/10/2018 07:00:00 - 24/10/2018 08:00:00","BZN|DK1","441.90","n/e"," ","505.18"
"24/10/2018 08:00:00 - 24/10/2018 09:00:00","BZN|DK1","569.77","n/e"," ","635.49"
"24/10/2018 09:00:00 - 24/10/2018 10:00:00","BZN|DK1","531.88","n/e"," ","528.96"
"24/10/2018 10:00:00 - 24/10/2018 11:00:00","BZN|DK1","518.33","n/e"," ","453.00"
"24/10/2018 11:00:00 - 24/10/2018 12:00:00","BZN|DK1","497.17","n/e"," ","394.29"
"24/10/2018 12:00:00 - 24/10/2018 13:00:00","BZN|DK1","479.63","n/e"," ","375.64"
"24/10/2018 13:00:00 - 24/10/2018 14:00:00","BZN|DK1","473.29","n/e"," ","370.71"
"24/10/2018 14:00:00 - 24/10/2018 15:00:00","BZN|DK1","483.29","n/e"," ","384.01"
"24/10/2018 15:00:00 - 24/10/2018 16:00:00","BZN|DK1","518.67","n/e"," ","407.07"
"24/10/2018 16:00:00 - 24/10/2018 17:00:00","BZN|DK1","560.33","n/e"," ","406.94"
"24/10/2018 17:00:00 - 24/10/2018 18:00:00","BZN|DK1","589.88","n/e"," ","547.84"
"24/10/2018 18:00:00 - 24/10/2018 19:00:00","BZN|DK1","604.29","n/e"," ","537.63"
"24/10/2018 19:00:00 - 24/10/2018 20:00:00","BZN|DK1","606.67","n/e"," ","620.35"
"24/10/2018 20:00:00 - 24/10/2018 21:00:00","BZN|DK1","600.75","n/e"," ","630.60"
"24/10/2018 21:00:00 - 24/10/2018 22:00:00","BZN|DK1","597.88","n/e"," ","629.15"
"24/10/2018 22:00:00 - 24/10/2018 23:00:00","BZN|DK1","607.42","n/e"," ","615.79"
"24/10/2018 23:00:00 - 25/10/2018 00:00:00","BZN|DK1","611.00","n/e"," ","639.81"
"25/10/2018 00:00:00 - 25/10/2018 01:00:00","BZN|DK1","595.56","n/e"," ","650.16"
"25/10/2018 01:00:00 - 25/10/2018 02:00:00","BZN|DK1","596.07","n/e"," ","650.26"
"25/10/2018 02:00:00 - 25/10/2018 03:00:00","BZN|DK1","596.15","n/e"," ","650.40"
"25/10/2018 03:00:00 - 25/10/2018 04:00:00","BZN|DK1","559.49","n/e"," ","607.14"
"25/10/2018 04:00:00 - 25/10/2018 05:00:00","BZN|DK1","596.23","n/e"," ","643.46"
"25/10/2018 05:00:00 - 25/10/2018 06:00:00","BZN|DK1","595.96","n/e"," ","646.67"
"25/10/2018 06:00:00 - 25/10/2018 07:00:00","BZN|DK1","594.70","n/e"," ","648.37"
"25/10/2018 07:00:00 - 25/10/2018 08:00:00","BZN|DK1","397.28","n/e"," ","448.95"
"25/10/2018 08:00:00 - 25/10/2018 09:00:00","BZN|DK1","435.08","n/e"," ","649.65"
"25/10/2018 09:00:00 - 25/10/2018 10:00:00","BZN|DK1","494.08","n/e"," ","651.36"
"25/10/2018 10:00:00 - 25/10/2018 11:00:00","BZN|DK1","520.88","n/e"," ","651.75"
"25/10/2018 11:00:00 - 25/10/2018 12:00:00","BZN|DK1","538.33","n/e"," ","460.65"
"25/10/2018 12:00:00 - 25/10/2018 13:00:00","BZN|DK1","550.42","n/e"," ","647.78"
"25/10/2018 13:00:00 - 25/10/2018 14:00:00","BZN|DK1","559.00","n/e"," ","651.87"
"25/10/2018 14:00:00 - 25/10/2018 15:00:00","BZN|DK1","566.71","n/e"," ","651.82"
"25/10/2018 15:00:00 - 25/10/2018 16:00:00","BZN|DK1","574.08","n/e"," ","646.66"
"25/10/2018 16:00:00 - 25/10/2018 17:00:00","BZN|DK1","581.63","n/e"," ","651.29"
"25/10/2018 17:00:00 - 25/10/2018 18:00:00","BZN|DK1","588.96","n/e"," ","490.98"
"25/10/2018 18:00:00 - 25/10/2018 19:00:00","BZN|DK1","592.58","n/e"," ","444.73"
"25/10/2018 19:00:00 - 25/10/2018 20:00:00","BZN|DK1","590.88","n/e"," ","637.55"
"25/10/2018 20:00:00 - 25/10/2018 21:00:00","BZN|DK1","587.04","n/e"," ","632.22"
"25/10/2018 21:00:00 - 25/10/2018 22:00:00","BZN|DK1","578.00","n/e"," ","619.78"
"25/10/2018 22:00:00 - 25/10/2018 23:00:00","BZN|DK1","563.83","n/e"," ","612.89"
"25/10/2018 23:00:00 - 26/10/2018 00:00:00","BZN|DK1","541.88","n/e"," ","591.59"
"26/10/2018 00:00:00 - 26/10/2018 01:00:00","BZN|DK1","515.71","n/e"," ","552.00"
"26/10/2018 01:00:00 - 26/10/2018 02:00:00","BZN|DK1","516.20","n/e"," ","545.36"
"26/10/2018 02:00:00 - 26/10/2018 03:00:00","BZN|DK1","460.88","n/e"," ","485.93"
"26/10/2018 03:00:00 - 26/10/2018 04:00:00","BZN|DK1","435.33","n/e"," ","454.69"
"26/10/2018 04:00:00 - 26/10/2018 05:00:00","BZN|DK1","382.74","n/e"," ","387.04"
"26/10/2018 05:00:00 - 26/10/2018 06:00:00","BZN|DK1","331.39","n/e"," ","354.46"
"26/10/2018 06:00:00 - 26/10/2018 07:00:00","BZN|DK1","236.41","n/e"," ","241.34"
"26/10/2018 07:00:00 - 26/10/2018 08:00:00","BZN|DK1","213.41","n/e"," ","219.73"
"26/10/2018 08:00:00 - 26/10/2018 09:00:00","BZN|DK1","218.55","n/e"," ","250.52"
"26/10/2018 09:00:00 - 26/10/2018 10:00:00","BZN|DK1","219.58","n/e"," ","253.04"
"26/10/2018 10:00:00 - 26/10/2018 11:00:00","BZN|DK1","221.33","n/e"," ","242.78"
"26/10/2018 11:00:00 - 26/10/2018 12:00:00","BZN|DK1","228.63","n/e"," ","385.83"
"26/10/2018 12:00:00 - 26/10/2018 13:00:00","BZN|DK1","229.46","n/e"," ","468.40"
"26/10/2018 13:00:00 - 26/10/2018 14:00:00","BZN|DK1","230.33","n/e"," ","357.31"
"26/10/2018 14:00:00 - 26/10/2018 15:00:00","BZN|DK1","238.29","n/e"," ","318.59"
"26/10/2018 15:00:00 - 26/10/2018 16:00:00","BZN|DK1","250.21","n/e"," ","289.82"
"26/10/2018 16:00:00 - 26/10/2018 17:00:00","BZN|DK1","257.54","n/e"," ","305.98"
"26/10/2018 17:00:00 - 26/10/2018 18:00:00","BZN|DK1","257.50","n/e"," ","367.15"
"26/10/2018 18:00:00 - 26/10/2018 19:00:00","BZN|DK1","267.63","n/e"," ","186.69"
"26/10/2018 19:00:00 - 26/10/2018 20:00:00","BZN|DK1","284.96","n/e"," ","437.68"
"26/10/2018 20:00:00 - 26/10/2018 21:00:00","BZN|DK1","290.00","n/e"," ","500.36"
"26/10/2018 21:00:00 - 26/10/2018 22:00:00","BZN|DK1","277.63","n/e"," ","461.91"
"26/10/2018 22:00:00 - 26/10/2018 23:00:00","BZN|DK1","262.17","n/e"," ","456.67"
"26/10/2018 23:00:00 - 27/10/2018 00:00:00","BZN|DK1","264.75","n/e"," ","350.38"
"27/10/2018 00:00:00 - 27/10/2018 01:00:00","BZN|DK1","319.41","n/e"," ","362.14"
"27/10/2018 01:00:00 - 27/10/2018 02:00:00","BZN|DK1","247.99","n/e"," ","282.54"
"27/10/2018 02:00:00 - 27/10/2018 03:00:00","BZN|DK1","304.38","n/e"," ","356.41"
"27/10/2018 03:00:00 - 27/10/2018 04:00:00","BZN|DK1","541.68","n/e"," ","586.39"
"27/10/2018 04:00:00 - 27/10/2018 05:00:00","BZN|DK1","590.09","n/e"," ","645.73"
"27/10/2018 05:00:00 - 27/10/2018 06:00:00","BZN|DK1","591.62","n/e"," ","646.54"
"27/10/2018 06:00:00 - 27/10/2018 07:00:00","BZN|DK1","592.43","n/e"," ","649.75"
"27/10/2018 07:00:00 - 27/10/2018 08:00:00","BZN|DK1","472.09","n/e"," ","525.52"
"27/10/2018 08:00:00 - 27/10/2018 09:00:00","BZN|DK1","556.62","n/e"," ","636.03"
"27/10/2018 09:00:00 - 27/10/2018 10:00:00","BZN|DK1","584.50","n/e"," ","638.85"
"27/10/2018 10:00:00 - 27/10/2018 11:00:00","BZN|DK1","582.04","n/e"," ","609.09"
"27/10/2018 11:00:00 - 27/10/2018 12:00:00","BZN|DK1","563.29","n/e"," ","592.33"
"27/10/2018 12:00:00 - 27/10/2018 13:00:00","BZN|DK1","540.29","n/e"," ","547.82"
"27/10/2018 13:00:00 - 27/10/2018 14:00:00","BZN|DK1","521.92","n/e"," ","562.19"
"27/10/2018 14:00:00 - 27/10/2018 15:00:00","BZN|DK1","508.29","n/e"," ","555.50"
"27/10/2018 15:00:00 - 27/10/2018 16:00:00","BZN|DK1","503.29","n/e"," ","520.78"
"27/10/2018 16:00:00 - 27/10/2018 17:00:00","BZN|DK1","501.83","n/e"," ","496.81"
"27/10/2018 17:00:00 - 27/10/2018 18:00:00","BZN|DK1","505.88","n/e"," ","487.52"
"27/10/2018 18:00:00 - 27/10/2018 19:00:00","BZN|DK1","506.38","n/e"," ","455.49"
"27/10/2018 19:00:00 - 27/10/2018 20:00:00","BZN|DK1","491.46","n/e"," ","421.37"
"27/10/2018 20:00:00 - 27/10/2018 21:00:00","BZN|DK1","456.92","n/e"," ","491.86"
"27/10/2018 21:00:00 - 27/10/2018 22:00:00","BZN|DK1","410.83","n/e"," ","445.42"
"27/10/2018 22:00:00 - 27/10/2018 23:00:00","BZN|DK1","359.83","n/e"," ","455.13"
"27/10/2018 23:00:00 - 28/10/2018 00:00:00","BZN|DK1","320.29","n/e"," ","381.15"
"28/10/2018 00:00:00 - 28/10/2018 01:00:00","BZN|DK1","272.78","n/e"," ","283.80"
"28/10/2018 01:00:00 - 28/10/2018 02:00:00 (CEST)","BZN|DK1","356.66","n/e"," ","266.00"
"28/10/2018 02:00:00 (CEST) - 28/10/2018 02:00:00 (CET)","BZN|DK1","263.48","n/e"," ","216.00"
"28/10/2018 02:00:00 (CET) - 28/10/2018 03:00:00","BZN|DK1","210.74","n/e"," ","215.63"
"28/10/2018 03:00:00 - 28/10/2018 04:00:00","BZN|DK1","246.76","n/e"," ","258.03"
"28/10/2018 04:00:00 - 28/10/2018 05:00:00","BZN|DK1","294.78","n/e"," ","302.61"
"28/10/2018 05:00:00 - 28/10/2018 06:00:00","BZN|DK1","351.10","n/e"," ","361.80"
"28/10/2018 06:00:00 - 28/10/2018 07:00:00","BZN|DK1","403.95","n/e"," ","415.78"
"28/10/2018 07:00:00 - 28/10/2018 08:00:00","BZN|DK1","465.05","n/e"," ","485.80"
"28/10/2018 08:00:00 - 28/10/2018 09:00:00","BZN|DK1","490.84","n/e"," ","548.84"
"28/10/2018 09:00:00 - 28/10/2018 10:00:00","BZN|DK1","479.58","n/e"," ","561.87"
"28/10/2018 10:00:00 - 28/10/2018 11:00:00","BZN|DK1","464.33","n/e"," ","514.23"
"28/10/2018 11:00:00 - 28/10/2018 12:00:00","BZN|DK1","453.00","n/e"," ","557.61"
"28/10/2018 12:00:00 - 28/10/2018 13:00:00","BZN|DK1","443.83","n/e"," ","528.35"
"28/10/2018 13:00:00 - 28/10/2018 14:00:00","BZN|DK1","442.38","n/e"," ","530.90"
"28/10/2018 14:00:00 - 28/10/2018 15:00:00","BZN|DK1","453.67","n/e"," ","455.30"
"28/10/2018 15:00:00 - 28/10/2018 16:00:00","BZN|DK1","485.83","n/e"," ","502.82"
"28/10/2018 16:00:00 - 28/10/2018 17:00:00","BZN|DK1","534.67","n/e"," ","546.08"
"28/10/2018 17:00:00 - 28/10/2018 18:00:00","BZN|DK1","568.54","n/e"," ","629.44"
"28/10/2018 18:00:00 - 28/10/2018 19:00:00","BZN|DK1","582.00","n/e"," ","642.64"
"28/10/2018 19:00:00 - 28/10/2018 20:00:00","BZN|DK1","586.75","n/e"," ","644.09"
"28/10/2018 20:00:00 - 28/10/2018 21:00:00","BZN|DK1","588.54","n/e"," ","647.36"
"28/10/2018 21:00:00 - 28/10/2018 22:00:00","BZN|DK1","588.38","n/e"," ","652.15"
"28/10/2018 22:00:00 - 28/10/2018 23:00:00","BZN|DK1","587.38","n/e"," ","652.37"
"28/10/2018 23:00:00 - 29/10/2018 00:00:00","BZN|DK1","587.00","n/e"," ","649.55"
"29/10/2018 00:00:00 - 29/10/2018 01:00:00","BZN|DK1","597.37","n/e"," ","648.33"
"29/10/2018 01:00:00 - 29/10/2018 02:00:00","BZN|DK1","597.45","n/e"," ","650.31"
"29/10/2018 02:00:00 - 29/10/2018 03:00:00","BZN|DK1","598.07","n/e"," ","651.84"
"29/10/2018 03:00:00 - 29/10/2018 04:00:00","BZN|DK1","598.12","n/e"," ","651.46"
"29/10/2018 04:00:00 - 29/10/2018 05:00:00","BZN|DK1","597.82","n/e"," ","651.57"
"29/10/2018 05:00:00 - 29/10/2018 06:00:00","BZN|DK1","598.26","n/e"," ","651.49"
"29/10/2018 06:00:00 - 29/10/2018 07:00:00","BZN|DK1","597.92","n/e"," ","651.25"
"29/10/2018 07:00:00 - 29/10/2018 08:00:00","BZN|DK1","597.81","n/e"," ","653.52"
"29/10/2018 08:00:00 - 29/10/2018 09:00:00","BZN|DK1","595.51","n/e"," ","652.23"
"29/10/2018 09:00:00 - 29/10/2018 10:00:00","BZN|DK1","596.83","n/e"," ","648.84"
"29/10/2018 10:00:00 - 29/10/2018 11:00:00","BZN|DK1","597.00","n/e"," ","650.15"
"29/10/2018 11:00:00 - 29/10/2018 12:00:00","BZN|DK1","597.00","n/e"," ","650.45"
"29/10/2018 12:00:00 - 29/10/2018 13:00:00","BZN|DK1","597.00","n/e"," ","651.03"
"29/10/2018 13:00:00 - 29/10/2018 14:00:00","BZN|DK1","597.00","n/e"," ","652.05"
"29/10/2018 14:00:00 - 29/10/2018 15:00:00","BZN|DK1","597.00","n/e"," ","654.17"
"29/10/2018 15:00:00 - 29/10/2018 16:00:00","BZN|DK1","597.00","n/e"," ","652.58"
"29/10/2018 16:00:00 - 29/10/2018 17:00:00","BZN|DK1","597.00","n/e"," ","656.87"
"29/10/2018 17:00:00 - 29/10/2018 18:00:00","BZN|DK1","597.00","n/e"," ","657.86"
"29/10/2018 18:00:00 - 29/10/2018 19:00:00","BZN|DK1","597.00","n/e"," ","656.73"
"29/10/2018 19:00:00 - 29/10/2018 20:00:00","BZN|DK1","597.00","n/e"," ","657.98"
"29/10/2018 20:00:00 - 29/10/2018 21:00:00","BZN|DK1","597.00","n/e"," ","652.50"
"29/10/2018 21:00:00 - 29/10/2018 22:00:00","BZN|DK1","597.00","n/e"," ","648.69"
"29/10/2018 22:00:00 - 29/10/2018 23:00:00","BZN|DK1","597.00","n/e"," ","648.75"
"29/10/2018 23:00:00 - 30/10/2018 00:00:00","BZN|DK1","597.00","n/e"," ","649.71"
"30/10/2018 00:00:00 - 30/10/2018 01:00:00","BZN|DK1","597.89","n/e"," ","647.06"
"30/10/2018 01:00:00 - 30/10/2018 02:00:00","BZN|DK1","597.98","n/e"," ","650.43"
"30/10/2018 02:00:00 - 30/10/2018 03:00:00","BZN|DK1","597.83","n/e"," ","650.78"
"30/10/2018 03:00:00 - 30/10/2018 04:00:00","BZN|DK1","598.21","n/e"," ","655.11"
"30/10/2018 04:00:00 - 30/10/2018 05:00:00","BZN|DK1","596.51","n/e"," ","647.72"
"30/10/2018 05:00:00 - 30/10/2018 06:00:00","BZN|DK1","595.69","n/e"," ","647.43"
"30/10/2018 06:00:00 - 30/10/2018 07:00:00","BZN|DK1","595.94","n/e"," ","649.89"
"30/10/2018 07:00:00 - 30/10/2018 08:00:00","BZN|DK1","595.83","n/e"," ","648.95"
"30/10/2018 08:00:00 - 30/10/2018 09:00:00","BZN|DK1","596.20","n/e"," ","652.73"
"30/10/2018 09:00:00 - 30/10/2018 10:00:00","BZN|DK1","596.29","n/e"," ","656.65"
"30/10/2018 10:00:00 - 30/10/2018 11:00:00","BZN|DK1","597.63","n/e"," ","655.33"
"30/10/2018 11:00:00 - 30/10/2018 12:00:00","BZN|DK1","597.29","n/e"," ","645.40"
"30/10/2018 12:00:00 - 30/10/2018 13:00:00","BZN|DK1","595.79","n/e"," ","645.40"
"30/10/2018 13:00:00 - 30/10/2018 14:00:00","BZN|DK1","592.71","n/e"," ","599.47"
"30/10/2018 14:00:00 - 30/10/2018 15:00:00","BZN|DK1","590.33","n/e"," ","576.69"
"30/10/2018 15:00:00 - 30/10/2018 16:00:00","BZN|DK1","592.50","n/e"," ","631.34"
"30/10/2018 16:00:00 - 30/10/2018 17:00:00","BZN|DK1","594.88","n/e"," ","610.02"
"30/10/2018 17:00:00 - 30/10/2018 18:00:00","BZN|DK1","596.54","n/e"," ","599.17"
"30/10/2018 18:00:00 - 30/10/2018 19:00:00","BZN|DK1","595.33","n/e"," ","613.94"
"30/10/2018 19:00:00 - 30/10/2018 20:00:00","BZN|DK1","582.63","n/e"," ","523.28"
"30/10/2018 20:00:00 - 30/10/2018 21:00:00","BZN|DK1","533.75","n/e"," ","166.24"
"30/10/2018 21:00:00 - 30/10/2018 22:00:00","BZN|DK1","467.79","n/e"," ","196.12"
"30/10/2018 22:00:00 - 30/10/2018 23:00:00","BZN|DK1","451.38","n/e"," ","454.18"
"30/10/2018 23:00:00 - 31/10/2018 00:00:00","BZN|DK1","465.83","n/e"," ","509.12"
"31/10/2018 00:00:00 - 31/10/2018 01:00:00","BZN|DK1","469.65","n/e"," ","500.78"
"31/10/2018 01:00:00 - 31/10/2018 02:00:00","BZN|DK1","558.57","n/e"," ","584.92"
"31/10/2018 02:00:00 - 31/10/2018 03:00:00","BZN|DK1","556.93","n/e"," ","595.93"
"31/10/2018 03:00:00 - 31/10/2018 04:00:00","BZN|DK1","433.81","n/e"," ","450.84"
"31/10/2018 04:00:00 - 31/10/2018 05:00:00","BZN|DK1","447.52","n/e"," ","508.55"
"31/10/2018 05:00:00 - 31/10/2018 06:00:00","BZN|DK1","573.16","n/e"," ","610.92"
"31/10/2018 06:00:00 - 31/10/2018 07:00:00","BZN|DK1","576.21","n/e"," ","618.94"
"31/10/2018 07:00:00 - 31/10/2018 08:00:00","BZN|DK1","584.88","n/e"," ","635.31"
"31/10/2018 08:00:00 - 31/10/2018 09:00:00","BZN|DK1","592.99","n/e"," ","650.62"
"31/10/2018 09:00:00 - 31/10/2018 10:00:00","BZN|DK1","591.75","n/e"," ","652.63"
"31/10/2018 10:00:00 - 31/10/2018 11:00:00","BZN|DK1","588.17","n/e"," ","651.80"
"31/10/2018 11:00:00 - 31/10/2018 12:00:00","BZN|DK1","577.79","n/e"," ","644.10"
"31/10/2018 12:00:00 - 31/10/2018 13:00:00","BZN|DK1","547.96","n/e"," ","619.49"
"31/10/2018 13:00:00 - 31/10/2018 14:00:00","BZN|DK1","498.21","n/e"," ","566.30"
"31/10/2018 14:00:00 - 31/10/2018 15:00:00","BZN|DK1","437.71","n/e"," ","492.09"
"31/10/2018 15:00:00 - 31/10/2018 16:00:00","BZN|DK1","359.96","n/e"," ","375.05"
"31/10/2018 16:00:00 - 31/10/2018 17:00:00","BZN|DK1","302.79","n/e"," ","181.56"
"31/10/2018 17:00:00 - 31/10/2018 18:00:00","BZN|DK1","280.83","n/e"," ","143.85"
"31/10/2018 18:00:00 - 31/10/2018 19:00:00","BZN|DK1","277.79","n/e"," ","178.68"
"31/10/2018 19:00:00 - 31/10/2018 20:00:00","BZN|DK1","275.79","n/e"," ","247.68"
"31/10/2018 20:00:00 - 31/10/2018 21:00:00","BZN|DK1","262.75","n/e"," ","328.84"
"31/10/2018 21:00:00 - 31/10/2018 22:00:00","BZN|DK1","240.96","n/e"," ","347.93"
"31/10/2018 22:00:00 - 31/10/2018 23:00:00","BZN|DK1","223.63","n/e"," ","263.53"
"31/10/2018 23:00:00 - 01/11/2018 00:00:00","BZN|DK1","216.92","n/e"," ","190.82"
"01/11/2018 00:00:00 - 01/11/2018 01:00:00","BZN|DK1","183.61","n/e"," ","200.38"
"01/11/2018 01:00:00 - 01/11/2018 02:00:00","BZN|DK1","206.52","n/e"," ","226.37"
"01/11/2018 02:00:00 - 01/11/2018 03:00:00","BZN|DK1","339.48","n/e"," ","377.07"
"01/11/2018 03:00:00 - 01/11/2018 04:00:00","BZN|DK1","440.78","n/e"," ","471.29"
"01/11/2018 04:00:00 - 01/11/2018 05:00:00","BZN|DK1","484.86","n/e"," ","526.55"
"01/11/2018 05:00:00 - 01/11/2018 06:00:00","BZN|DK1","547.03","n/e"," ","586.50"
"01/11/2018 06:00:00 - 01/11/2018 07:00:00","BZN|DK1","556.65","n/e"," ","597.66"
"01/11/2018 07:00:00 - 01/11/2018 08:00:00","BZN|DK1","566.47","n/e"," ","603.00"
"01/11/2018 08:00:00 - 01/11/2018 09:00:00","BZN|DK1","575.34","n/e"," ","594.99"
"01/11/2018 09:00:00 - 01/11/2018 10:00:00","BZN|DK1","589.67","n/e"," ","577.13"
"01/11/2018 10:00:00 - 01/11/2018 11:00:00","BZN|DK1","579.88","n/e"," ","584.21"
"01/11/2018 11:00:00 - 01/11/2018 12:00:00","BZN|DK1","568.96","n/e"," ","538.01"
"01/11/2018 12:00:00 - 01/11/2018 13:00:00","BZN|DK1","556.58","n/e"," ","490.95"
"01/11/2018 13:00:00 - 01/11/2018 14:00:00","BZN|DK1","541.88","n/e"," ","453.91"
"01/11/2018 14:00:00 - 01/11/2018 15:00:00","BZN|DK1","517.54","n/e"," ","358.42"
"01/11/2018 15:00:00 - 01/11/2018 16:00:00","BZN|DK1","515.58","n/e"," ","391.38"
"01/11/2018 16:00:00 - 01/11/2018 17:00:00","BZN|DK1","521.88","n/e"," ","366.84"
"01/11/2018 17:00:00 - 01/11/2018 18:00:00","BZN|DK1","522.50","n/e"," ","445.27"
"01/11/2018 18:00:00 - 01/11/2018 19:00:00","BZN|DK1","497.42","n/e"," ","495.69"
"01/11/2018 19:00:00 - 01/11/2018 20:00:00","BZN|DK1","443.96","n/e"," ","501.51"
"01/11/2018 20:00:00 - 01/11/2018 21:00:00","BZN|DK1","379.25","n/e"," ","520.33"
"01/11/2018 21:00:00 - 01/11/2018 22:00:00","BZN|DK1","317.79","n/e"," ","395.08"
"01/11/2018 22:00:00 - 01/11/2018 23:00:00","BZN|DK1","266.21","n/e"," ","222.31"
"01/11/2018 23:00:00 - 02/11/2018 00:00:00","BZN|DK1","236.79","n/e"," ","108.45"
"02/11/2018 00:00:00 - 02/11/2018 01:00:00","BZN|DK1","182.80","n/e"," ","188.54"
"02/11/2018 01:00:00 - 02/11/2018 02:00:00","BZN|DK1","155.78","n/e"," ","161.27"
"02/11/2018 02:00:00 - 02/11/2018 03:00:00","BZN|DK1","217.31","n/e"," ","230.38"
"02/11/2018 03:00:00 - 02/11/2018 04:00:00","BZN|DK1","221.81","n/e"," ","221.99"
"02/11/2018 04:00:00 - 02/11/2018 05:00:00","BZN|DK1","220.31","n/e"," ","228.13"
"02/11/2018 05:00:00 - 02/11/2018 06:00:00","BZN|DK1","259.05","n/e"," ","278.89"
"02/11/2018 06:00:00 - 02/11/2018 07:00:00","BZN|DK1","417.19","n/e"," ","450.02"
"02/11/2018 07:00:00 - 02/11/2018 08:00:00","BZN|DK1","450.17","n/e"," ","492.31"
"02/11/2018 08:00:00 - 02/11/2018 09:00:00","BZN|DK1","490.39","n/e"," ","556.29"
"02/11/2018 09:00:00 - 02/11/2018 10:00:00","BZN|DK1","524.08","n/e"," ","586.85"
"02/11/2018 10:00:00 - 02/11/2018 11:00:00","BZN|DK1","545.25","n/e"," ","602.16"
"02/11/2018 11:00:00 - 02/11/2018 12:00:00","BZN|DK1","551.21","n/e"," ","607.25"
"02/11/2018 12:00:00 - 02/11/2018 13:00:00","BZN|DK1","548.96","n/e"," ","623.56"
"02/11/2018 13:00:00 - 02/11/2018 14:00:00","BZN|DK1","540.75","n/e"," ","624.87"
"02/11/2018 14:00:00 - 02/11/2018 15:00:00","BZN|DK1","532.63","n/e"," ","633.90"
"02/11/2018 15:00:00 - 02/11/2018 16:00:00","BZN|DK1","523.29","n/e"," ","619.72"
"02/11/2018 16:00:00 - 02/11/2018 17:00:00","BZN|DK1","513.00","n/e"," ","598.27"
"02/11/2018 17:00:00 - 02/11/2018 18:00:00","BZN|DK1","498.83","n/e"," ","560.73"
"02/11/2018 18:00:00 - 02/11/2018 19:00:00","BZN|DK1","481.79","n/e"," ","559.62"
"02/11/2018 19:00:00 - 02/11/2018 20:00:00","BZN|DK1","465.63","n/e"," ","581.45"
"02/11/2018 20:00:00 - 02/11/2018 21:00:00","BZN|DK1","451.00","n/e"," ","551.69"
"02/11/2018 21:00:00 - 02/11/2018 22:00:00","BZN|DK1","438.54","n/e"," ","509.22"
"02/11/2018 22:00:00 - 02/11/2018 23:00:00","BZN|DK1","427.83","n/e"," ","484.93"
"02/11/2018 23:00:00 - 03/11/2018 00:00:00","BZN|DK1","418.67","n/e"," ","475.79"
"03/11/2018 00:00:00 - 03/11/2018 01:00:00","BZN|DK1","440.34","n/e"," ","465.83"
"03/11/2018 01:00:00 - 03/11/2018 02:00:00","BZN|DK1","435.22","n/e"," ","452.16"
"03/11/2018 02:00:00 - 03/11/2018 03:00:00","BZN|DK1","354.23","n/e"," ","371.93"
"03/11/2018 03:00:00 - 03/11/2018 04:00:00","BZN|DK1","331.45","n/e"," ","345.04"
"03/11/2018 04:00:00 - 03/11/2018 05:00:00","BZN|DK1","337.08","n/e"," ","344.45"
"03/11/2018 05:00:00 - 03/11/2018 06:00:00","BZN|DK1","287.89","n/e"," ","290.80"
"03/11/2018 06:00:00 - 03/11/2018 07:00:00","BZN|DK1","235.81","n/e"," ","241.57"
"03/11/2018 07:00:00 - 03/11/2018 08:00:00","BZN|DK1","182.77","n/e"," ","196.26"
"03/11/2018 08:00:00 - 03/11/2018 09:00:00","BZN|DK1","188.10","n/e"," ","229.53"
"03/11/2018 09:00:00 - 03/11/2018 10:00:00","BZN|DK1","213.21","n/e"," ","250.16"
"03/11/2018 10:00:00 - 03/11/2018 11:00:00","BZN|DK1","229.63","n/e"," ","290.62"
"03/11/2018 11:00:00 - 03/11/2018 12:00:00","BZN|DK1","248.79","n/e"," ","282.61"
"03/11/2018 12:00:00 - 03/11/2018 13:00:00","BZN|DK1","270.67","n/e"," ","267.71"
"03/11/2018 13:00:00 - 03/11/2018 14:00:00","BZN|DK1","295.54","n/e"," ","322.62"
"03/11/2018 14:00:00 - 03/11/2018 15:00:00","BZN|DK1","318.71","n/e"," ","330.97"
"03/11/2018 15:00:00 - 03/11/2018 16:00:00","BZN|DK1","342.50","n/e"," ","376.76"
"03/11/2018 16:00:00 - 03/11/2018 17:00:00","BZN|DK1","368.04","n/e"," ","468.11"
"03/11/2018 17:00:00 - 03/11/2018 18:00:00","BZN|DK1","394.67","n/e"," ","496.30"
"03/11/2018 18:00:00 - 03/11/2018 19:00:00","BZN|DK1","415.92","n/e"," ","522.15"
"03/11/2018 19:00:00 - 03/11/2018 20:00:00","BZN|DK1","430.83","n/e"," ","513.52"
"03/11/2018 20:00:00 - 03/11/2018 21:00:00","BZN|DK1","440.79","n/e"," ","481.27"
"03/11/2018 21:00:00 - 03/11/2018 22:00:00","BZN|DK1","441.92","n/e"," ","529.35"
"03/11/2018 22:00:00 - 03/11/2018 23:00:00","BZN|DK1","432.63","n/e"," ","574.64"
"03/11/2018 23:00:00 - 04/11/2018 00:00:00","BZN|DK1","421.04","n/e"," ","584.33"
"04/11/2018 00:00:00 - 04/11/2018 01:00:00","BZN|DK1","536.08","n/e"," ","551.65"
"04/11/2018 01:00:00 - 04/11/2018 02:00:00","BZN|DK1","499.13","n/e"," ","515.02"
"04/11/2018 02:00:00 - 04/11/2018 03:00:00","BZN|DK1","452.94","n/e"," ","476.70"
"04/11/2018 03:00:00 - 04/11/2018 04:00:00","BZN|DK1","457.14","n/e"," ","474.29"
"04/11/2018 04:00:00 - 04/11/2018 05:00:00","BZN|DK1","424.12","n/e"," ","444.73"
"04/11/2018 05:00:00 - 04/11/2018 06:00:00","BZN|DK1","441.43","n/e"," ","462.65"
"04/11/2018 06:00:00 - 04/11/2018 07:00:00","BZN|DK1","448.93","n/e"," ","481.01"
"04/11/2018 07:00:00 - 04/11/2018 08:00:00","BZN|DK1","512.68","n/e"," ","536.67"
"04/11/2018 08:00:00 - 04/11/2018 09:00:00","BZN|DK1","475.88","n/e"," ","516.71"
"04/11/2018 09:00:00 - 04/11/2018 10:00:00","BZN|DK1","501.38","n/e"," ","455.59"
"04/11/2018 10:00:00 - 04/11/2018 11:00:00","BZN|DK1","509.96","n/e"," ","452.43"
"04/11/2018 11:00:00 - 04/11/2018 12:00:00","BZN|DK1","501.38","n/e"," ","475.95"
"04/11/2018 12:00:00 - 04/11/2018 13:00:00","BZN|DK1","483.67","n/e"," ","426.98"
"04/11/2018 13:00:00 - 04/11/2018 14:00:00","BZN|DK1","452.63","n/e"," ","380.05"
"04/11/2018 14:00:00 - 04/11/2018 15:00:00","BZN|DK1","415.88","n/e"," ","407.02"
"04/11/2018 15:00:00 - 04/11/2018 16:00:00","BZN|DK1","393.04","n/e"," ","463.47"
"04/11/2018 16:00:00 - 04/11/2018 17:00:00","BZN|DK1","377.08","n/e"," ","466.19"
"04/11/2018 17:00:00 - 04/11/2018 18:00:00","BZN|DK1","358.83","n/e"," ","442.05"
"04/11/2018 18:00:00 - 04/11/2018 19:00:00","BZN|DK1","331.58","n/e"," ","413.65"
"04/11/2018 19:00:00 - 04/11/2018 20:00:00","BZN|DK1","290.00","n/e"," ","376.22"
"04/11/2018 20:00:00 - 04/11/2018 21:00:00","BZN|DK1","240.25","n/e"," ","354.41"
"04/11/2018 21:00:00 - 04/11/2018 22:00:00","BZN|DK1","194.29","n/e"," ","314.51"
"04/11/2018 22:00:00 - 04/11/2018 23:00:00","BZN|DK1","158.25","n/e"," ","243.79"
"04/11/2018 23:00:00 - 05/11/2018 00:00:00","BZN|DK1","131.92","n/e"," ","178.62"
"05/11/2018 00:00:00 - 05/11/2018 01:00:00","BZN|DK1","144.14","n/e"," ","149.73"
"05/11/2018 01:00:00 - 05/11/2018 02:00:00","BZN|DK1","109.10","n/e"," ","114.22"
"05/11/2018 02:00:00 - 05/11/2018 03:00:00","BZN|DK1","107.22","n/e"," ","113.72"
"05/11/2018 03:00:00 - 05/11/2018 04:00:00","BZN|DK1","110.50","n/e"," ","119.08"
"05/11/2018 04:00:00 - 05/11/2018 05:00:00","BZN|DK1","135.20","n/e"," ","148.64"
"05/11/2018 05:00:00 - 05/11/2018 06:00:00","BZN|DK1","153.68","n/e"," ","161.23"
"05/11/2018 06:00:00 - 05/11/2018 07:00:00","BZN|DK1","146.21","n/e"," ","151.39"
"05/11/2018 07:00:00 - 05/11/2018 08:00:00","BZN|DK1","122.76","n/e"," ","137.11"
"05/11/2018 08:00:00 - 05/11/2018 09:00:00","BZN|DK1","164.75","n/e"," ","178.58"
"05/11/2018 09:00:00 - 05/11/2018 10:00:00","BZN|DK1","162.96","n/e"," ","173.38"
"05/11/2018 10:00:00 - 05/11/2018 11:00:00","BZN|DK1","123.08","n/e"," ","182.87"
"05/11/2018 11:00:00 - 05/11/2018 12:00:00","BZN|DK1","114.00","n/e"," ","163.61"
"05/11/2018 12:00:00 - 05/11/2018 13:00:00","BZN|DK1","112.92","n/e"," ","150.46"
"05/11/2018 13:00:00 - 05/11/2018 14:00:00","BZN|DK1","117.46","n/e"," ","135.87"
"05/11/2018 14:00:00 - 05/11/2018 15:00:00","BZN|DK1","130.67","n/e"," ","208.98"
"05/11/2018 15:00:00 - 05/11/2018 16:00:00","BZN|DK1","149.83","n/e"," ","240.51"
"05/11/2018 16:00:00 - 05/11/2018 17:00:00","BZN|DK1","177.63","n/e"," ","209.20"
"05/11/2018 17:00:00 - 05/11/2018 18:00:00","BZN|DK1","205.58","n/e"," ","223.87"
"05/11/2018 18:00:00 - 05/11/2018 19:00:00","BZN|DK1","223.71","n/e"," ","224.26"
"05/11/2018 19:00:00 - 05/11/2018 20:00:00","BZN|DK1","238.13","n/e"," ","248.19"
"05/11/2018 20:00:00 - 05/11/2018 21:00:00","BZN|DK1","248.83","n/e"," ","264.31"
"05/11/2018 21:00:00 - 05/11/2018 22:00:00","BZN|DK1","259.88","n/e"," ","234.99"
"05/11/2018 22:00:00 - 05/11/2018 23:00:00","BZN|DK1","273.29","n/e"," ","173.08"
"05/11/2018 23:00:00 - 06/11/2018 00:00:00","BZN|DK1","284.00","n/e"," ","249.25"
"06/11/2018 00:00:00 - 06/11/2018 01:00:00","BZN|DK1","334.68","n/e"," ","345.72"
"06/11/2018 01:00:00 - 06/11/2018 02:00:00","BZN|DK1","314.60","n/e"," ","332.88"
"06/11/2018 02:00:00 - 06/11/2018 03:00:00","BZN|DK1","330.38","n/e"," ","347.50"
"06/11/2018 03:00:00 - 06/11/2018 04:00:00","BZN|DK1","334.00","n/e"," ","355.47"
"06/11/2018 04:00:00 - 06/11/2018 05:00:00","BZN|DK1","407.37","n/e"," ","430.00"
"06/11/2018 05:00:00 - 06/11/2018 06:00:00","BZN|DK1","402.75","n/e"," ","419.88"
"06/11/2018 06:00:00 - 06/11/2018 07:00:00","BZN|DK1","396.35","n/e"," ","415.45"
"06/11/2018 07:00:00 - 06/11/2018 08:00:00","BZN|DK1","325.74","n/e"," ","334.52"
"06/11/2018 08:00:00 - 06/11/2018 09:00:00","BZN|DK1","238.98","n/e"," ","272.25"
"06/11/2018 09:00:00 - 06/11/2018 10:00:00","BZN|DK1","205.29","n/e"," ","235.74"
"06/11/2018 10:00:00 - 06/11/2018 11:00:00","BZN|DK1","206.00","n/e"," ","246.90"
"06/11/2018 11:00:00 - 06/11/2018 12:00:00","BZN|DK1","179.75","n/e"," ","184.78"
"06/11/2018 12:00:00 - 06/11/2018 13:00:00","BZN|DK1","155.46","n/e"," ","157.24"
"06/11/2018 13:00:00 - 06/11/2018 14:00:00","BZN|DK1","137.33","n/e"," ","137.51"
"06/11/2018 14:00:00 - 06/11/2018 15:00:00","BZN|DK1","119.29","n/e"," ","181.18"
"06/11/2018 15:00:00 - 06/11/2018 16:00:00","BZN|DK1","103.38","n/e"," ","168.05"
"06/11/2018 16:00:00 - 06/11/2018 17:00:00","BZN|DK1","94.00","n/e"," ","134.01"
"06/11/2018 17:00:00 - 06/11/2018 18:00:00","BZN|DK1","95.96","n/e"," ","115.28"
"06/11/2018 18:00:00 - 06/11/2018 19:00:00","BZN|DK1","104.29","n/e"," ","118.32"
"06/11/2018 19:00:00 - 06/11/2018 20:00:00","BZN|DK1","119.04","n/e"," ","118.24"
"06/11/2018 20:00:00 - 06/11/2018 21:00:00","BZN|DK1","138.33","n/e"," ","120.58"
"06/11/2018 21:00:00 - 06/11/2018 22:00:00","BZN|DK1","155.25","n/e"," ","136.69"
"06/11/2018 22:00:00 - 06/11/2018 23:00:00","BZN|DK1","166.88","n/e"," ","175.73"
"06/11/2018 23:00:00 - 07/11/2018 00:00:00","BZN|DK1","177.25","n/e"," ","158.84"
"07/11/2018 00:00:00 - 07/11/2018 01:00:00","BZN|DK1","113.86","n/e"," ","120.96"
"07/11/2018 01:00:00 - 07/11/2018 02:00:00","BZN|DK1","129.59","n/e"," ","140.59"
"07/11/2018 02:00:00 - 07/11/2018 03:00:00","BZN|DK1","164.05","n/e"," ","178.23"
"07/11/2018 03:00:00 - 07/11/2018 04:00:00","BZN|DK1","204.78","n/e"," ","219.80"
"07/11/2018 04:00:00 - 07/11/2018 05:00:00","BZN|DK1","240.28","n/e"," ","253.90"
"07/11/2018 05:00:00 - 07/11/2018 06:00:00","BZN|DK1","264.91","n/e"," ","282.65"
"07/11/2018 06:00:00 - 07/11/2018 07:00:00","BZN|DK1","279.62","n/e"," ","297.26"
"07/11/2018 07:00:00 - 07/11/2018 08:00:00","BZN|DK1","316.28","n/e"," ","340.26"
"07/11/2018 08:00:00 - 07/11/2018 09:00:00","BZN|DK1","311.67","n/e"," ","339.14"
"07/11/2018 09:00:00 - 07/11/2018 10:00:00","BZN|DK1","307.42","n/e"," ","372.27"
"07/11/2018 10:00:00 - 07/11/2018 11:00:00","BZN|DK1","292.29","n/e"," ","325.39"
"07/11/2018 11:00:00 - 07/11/2018 12:00:00","BZN|DK1","257.96","n/e"," ","289.53"
"07/11/2018 12:00:00 - 07/11/2018 13:00:00","BZN|DK1","227.29","n/e"," ","261.49"
"07/11/2018 13:00:00 - 07/11/2018 14:00:00","BZN|DK1","212.33","n/e"," ","229.48"
"07/11/2018 14:00:00 - 07/11/2018 15:00:00","BZN|DK1","210.79","n/e"," ","253.94"
"07/11/2018 15:00:00 - 07/11/2018 16:00:00","BZN|DK1","206.50","n/e"," ","286.51"
"07/11/2018 16:00:00 - 07/11/2018 17:00:00","BZN|DK1","204.08","n/e"," ","291.33"
"07/11/2018 17:00:00 - 07/11/2018 18:00:00","BZN|DK1","206.67","n/e"," ","251.17"
"07/11/2018 18:00:00 - 07/11/2018 19:00:00","BZN|DK1","198.63","n/e"," ","202.84"
"07/11/2018 19:00:00 - 07/11/2018 20:00:00","BZN|DK1","191.00","n/e"," ","181.80"
"07/11/2018 20:00:00 - 07/11/2018 21:00:00","BZN|DK1","186.63","n/e"," ","176.13"
"07/11/2018 21:00:00 - 07/11/2018 22:00:00","BZN|DK1","184.71","n/e"," ","170.88"
"07/11/2018 22:00:00 - 07/11/2018 23:00:00","BZN|DK1","180.38","n/e"," ","170.01"
"07/11/2018 23:00:00 - 08/11/2018 00:00:00","BZN|DK1","172.42","n/e"," ","199.33"
"08/11/2018 00:00:00 - 08/11/2018 01:00:00","BZN|DK1","163.68","n/e"," ","166.12"
"08/11/2018 01:00:00 - 08/11/2018 02:00:00","BZN|DK1","82.41","n/e"," ","86.43"
"08/11/2018 02:00:00 - 08/11/2018 03:00:00","BZN|DK1","74.51","n/e"," ","81.81"
"08/11/2018 03:00:00 - 08/11/2018 04:00:00","BZN|DK1","84.34","n/e"," ","85.93"
"08/11/2018 04:00:00 - 08/11/2018 05:00:00","BZN|DK1","86.48","n/e"," ","92.65"
"08/11/2018 05:00:00 - 08/11/2018 06:00:00","BZN|DK1","115.36","n/e"," ","118.33"
"08/11/2018 06:00:00 - 08/11/2018 07:00:00","BZN|DK1","119.20","n/e"," ","121.41"
"08/11/2018 07:00:00 - 08/11/2018 08:00:00","BZN|DK1","107.22","n/e"," ","108.59"
"08/11/2018 08:00:00 - 08/11/2018 09:00:00","BZN|DK1","103.90","n/e"," ","95.45"
"08/11/2018 09:00:00 - 08/11/2018 10:00:00","BZN|DK1","105.63","n/e"," ","130.09"
"08/11/2018 10:00:00 - 08/11/2018 11:00:00","BZN|DK1","106.21","n/e"," ","93.51"
"08/11/2018 11:00:00 - 08/11/2018 12:00:00","BZN|DK1","100.08","n/e"," ","79.75"
"08/11/2018 12:00:00 - 08/11/2018 13:00:00","BZN|DK1","89.54","n/e"," ","91.00"
"08/11/2018 13:00:00 - 08/11/2018 14:00:00","BZN|DK1","78.96","n/e"," ","88.03"
"08/11/2018 14:00:00 - 08/11/2018 15:00:00","BZN|DK1","71.50","n/e"," ","75.46"
"08/11/2018 15:00:00 - 08/11/2018 16:00:00","BZN|DK1","61.38","n/e"," ","67.75"
"08/11/2018 16:00:00 - 08/11/2018 17:00:00","BZN|DK1","51.79","n/e"," ","39.51"
"08/11/2018 17:00:00 - 08/11/2018 18:00:00","BZN|DK1","42.08","n/e"," ","51.16"
"08/11/2018 18:00:00 - 08/11/2018 19:00:00","BZN|DK1","30.96","n/e"," ","43.34"
"08/11/2018 19:00:00 - 08/11/2018 20:00:00","BZN|DK1","18.46","n/e"," ","50.08"
"08/11/2018 20:00:00 - 08/11/2018 21:00:00","BZN|DK1","10.54","n/e"," ","51.06"
"08/11/2018 21:00:00 - 08/11/2018 22:00:00","BZN|DK1","6.29","n/e"," ","32.25"
"08/11/2018 22:00:00 - 08/11/2018 23:00:00","BZN|DK1","4.54","n/e"," ","22.09"
"08/11/2018 23:00:00 - 09/11/2018 00:00:00","BZN|DK1","4.00","n/e"," ","18.94"
"09/11/2018 00:00:00 - 09/11/2018 01:00:00","BZN|DK1","11.43","n/e"," ","9.54"
"09/11/2018 01:00:00 - 09/11/2018 02:00:00","BZN|DK1","0.31","n/e"," ","0.12"
"09/11/2018 02:00:00 - 09/11/2018 03:00:00","BZN|DK1","0.08","n/e"," ","0.09"
"09/11/2018 03:00:00 - 09/11/2018 04:00:00","BZN|DK1","4.40","n/e"," ","4.33"
"09/11/2018 04:00:00 - 09/11/2018 05:00:00","BZN|DK1","11.16","n/e"," ","11.90"
"09/11/2018 05:00:00 - 09/11/2018 06:00:00","BZN|DK1","24.82","n/e"," ","24.46"
"09/11/2018 06:00:00 - 09/11/2018 07:00:00","BZN|DK1","30.16","n/e"," ","31.72"
"09/11/2018 07:00:00 - 09/11/2018 08:00:00","BZN|DK1","44.23","n/e"," ","45.32"
"09/11/2018 08:00:00 - 09/11/2018 09:00:00","BZN|DK1","58.72","n/e"," ","54.79"
"09/11/2018 09:00:00 - 09/11/2018 10:00:00","BZN|DK1","70.63","n/e"," ","71.03"
"09/11/2018 10:00:00 - 09/11/2018 11:00:00","BZN|DK1","87.38","n/e"," ","88.82"
"09/11/2018 11:00:00 - 09/11/2018 12:00:00","BZN|DK1","111.33","n/e"," ","100.62"
"09/11/2018 12:00:00 - 09/11/2018 13:00:00","BZN|DK1","137.75","n/e"," ","154.78"
"09/11/2018 13:00:00 - 09/11/2018 14:00:00","BZN|DK1","163.50","n/e"," ","167.81"
"09/11/2018 14:00:00 - 09/11/2018 15:00:00","BZN|DK1","190.54","n/e"," ","212.99"
"09/11/2018 15:00:00 - 09/11/2018 16:00:00","BZN|DK1","218.63","n/e"," ","209.62"
"09/11/2018 16:00:00 - 09/11/2018 17:00:00","BZN|DK1","254.92","n/e"," ","252.46"
"09/11/2018 17:00:00 - 09/11/2018 18:00:00","BZN|DK1","303.63","n/e"," ","299.77"
"09/11/2018 18:00:00 - 09/11/2018 19:00:00","BZN|DK1","351.54","n/e"," ","404.13"
"09/11/2018 19:00:00 - 09/11/2018 20:00:00","BZN|DK1","401.33","n/e"," ","494.75"
"09/11/2018 20:00:00 - 09/11/2018 21:00:00","BZN|DK1","444.67","n/e"," ","530.97"
"09/11/2018 21:00:00 - 09/11/2018 22:00:00","BZN|DK1","477.92","n/e"," ","550.90"
"09/11/2018 22:00:00 - 09/11/2018 23:00:00","BZN|DK1","499.13","n/e"," ","542.48"
"09/11/2018 23:00:00 - 10/11/2018 00:00:00","BZN|DK1","510.71","n/e"," ","533.39"
"10/11/2018 00:00:00 - 10/11/2018 01:00:00","BZN|DK1","511.36","n/e"," ","544.22"
"10/11/2018 01:00:00 - 10/11/2018 02:00:00","BZN|DK1","529.49","n/e"," ","566.57"
"10/11/2018 02:00:00 - 10/11/2018 03:00:00","BZN|DK1","546.70","n/e"," ","585.77"
"10/11/2018 03:00:00 - 10/11/2018 04:00:00","BZN|DK1","556.42","n/e"," ","598.81"
"10/11/2018 04:00:00 - 10/11/2018 05:00:00","BZN|DK1","543.37","n/e"," ","583.22"
"10/11/2018 05:00:00 - 10/11/2018 06:00:00","BZN|DK1","543.73","n/e"," ","598.80"
"10/11/2018 06:00:00 - 10/11/2018 07:00:00","BZN|DK1","573.59","n/e"," ","629.14"
"10/11/2018 07:00:00 - 10/11/2018 08:00:00","BZN|DK1","574.82","n/e"," ","633.36"
"10/11/2018 08:00:00 - 10/11/2018 09:00:00","BZN|DK1","581.14","n/e"," ","647.68"
"10/11/2018 09:00:00 - 10/11/2018 10:00:00","BZN|DK1","587.42","n/e"," ","651.36"
"10/11/2018 10:00:00 - 10/11/2018 11:00:00","BZN|DK1","590.71","n/e"," ","655.28"
"10/11/2018 11:00:00 - 10/11/2018 12:00:00","BZN|DK1","592.00","n/e"," ","655.03"
"10/11/2018 12:00:00 - 10/11/2018 13:00:00","BZN|DK1","592.00","n/e"," ","656.07"
"10/11/2018 13:00:00 - 10/11/2018 14:00:00","BZN|DK1","590.83","n/e"," ","649.41"
"10/11/2018 14:00:00 - 10/11/2018 15:00:00","BZN|DK1","589.21","n/e"," ","605.45"
"10/11/2018 15:00:00 - 10/11/2018 16:00:00","BZN|DK1","587.13","n/e"," ","562.27"
"10/11/2018 16:00:00 - 10/11/2018 17:00:00","BZN|DK1","585.13","n/e"," ","569.12"
"10/11/2018 17:00:00 - 10/11/2018 18:00:00","BZN|DK1","585.67","n/e"," ","557.92"
"10/11/2018 18:00:00 - 10/11/2018 19:00:00","BZN|DK1","587.21","n/e"," ","590.99"
"10/11/2018 19:00:00 - 10/11/2018 20:00:00","BZN|DK1","587.08","n/e"," ","611.45"
"10/11/2018 20:00:00 - 10/11/2018 21:00:00","BZN|DK1","584.63","n/e"," ","627.27"
"10/11/2018 21:00:00 - 10/11/2018 22:00:00","BZN|DK1","579.08","n/e"," ","625.22"
"10/11/2018 22:00:00 - 10/11/2018 23:00:00","BZN|DK1","571.00","n/e"," ","622.00"
"10/11/2018 23:00:00 - 11/11/2018 00:00:00","BZN|DK1","562.17","n/e"," ","634.21"
"11/11/2018 00:00:00 - 11/11/2018 01:00:00","BZN|DK1","586.25","n/e"," ","639.47"
"11/11/2018 01:00:00 - 11/11/2018 02:00:00","BZN|DK1","572.86","n/e"," ","621.30"
"11/11/2018 02:00:00 - 11/11/2018 03:00:00","BZN|DK1","569.73","n/e"," ","607.99"
"11/11/2018 03:00:00 - 11/11/2018 04:00:00","BZN|DK1","476.02","n/e"," ","513.57"
"11/11/2018 04:00:00 - 11/11/2018 05:00:00","BZN|DK1","440.30","n/e"," ","478.00"
"11/11/2018 05:00:00 - 11/11/2018 06:00:00","BZN|DK1","477.49","n/e"," ","521.57"
"11/11/2018 06:00:00 - 11/11/2018 07:00:00","BZN|DK1","535.00","n/e"," ","574.21"
"11/11/2018 07:00:00 - 11/11/2018 08:00:00","BZN|DK1","543.41","n/e"," ","583.11"
"11/11/2018 08:00:00 - 11/11/2018 09:00:00","BZN|DK1","568.01","n/e"," ","617.33"
"11/11/2018 09:00:00 - 11/11/2018 10:00:00","BZN|DK1","574.04","n/e"," ","619.24"
"11/11/2018 10:00:00 - 11/11/2018 11:00:00","BZN|DK1","580.46","n/e"," ","604.36"
"11/11/2018 11:00:00 - 11/11/2018 12:00:00","BZN|DK1","579.54","n/e"," ","575.24"
"11/11/2018 12:00:00 - 11/11/2018 13:00:00","BZN|DK1","575.21","n/e"," ","581.65"
"11/11/2018 13:00:00 - 11/11/2018 14:00:00","BZN|DK1","570.50","n/e"," ","584.96"
"11/11/2018 14:00:00 - 11/11/2018 15:00:00","BZN|DK1","569.75","n/e"," ","568.18"
"11/11/2018 15:00:00 - 11/11/2018 16:00:00","BZN|DK1","575.13","n/e"," ","543.25"
"11/11/2018 16:00:00 - 11/11/2018 17:00:00","BZN|DK1","581.58","n/e"," ","568.44"
"11/11/2018 17:00:00 - 11/11/2018 18:00:00","BZN|DK1","586.79","n/e"," ","583.75"
"11/11/2018 18:00:00 - 11/11/2018 19:00:00","BZN|DK1","589.63","n/e"," ","427.87"
"11/11/2018 19:00:00 - 11/11/2018 20:00:00","BZN|DK1","590.29","n/e"," ","403.69"
"11/11/2018 20:00:00 - 11/11/2018 21:00:00","BZN|DK1","591.00","n/e"," ","591.74"
"11/11/2018 21:00:00 - 11/11/2018 22:00:00","BZN|DK1","590.96","n/e"," ","581.64"
"11/11/2018 22:00:00 - 11/11/2018 23:00:00","BZN|DK1","589.13","n/e"," ","590.64"
"11/11/2018 23:00:00 - 12/11/2018 00:00:00","BZN|DK1","584.00","n/e"," ","562.21"
"12/11/2018 00:00:00 - 12/11/2018 01:00:00","BZN|DK1","488.91","n/e"," ","521.01"
"12/11/2018 01:00:00 - 12/11/2018 02:00:00","BZN|DK1","457.79","n/e"," ","483.56"
"12/11/2018 02:00:00 - 12/11/2018 03:00:00","BZN|DK1","447.65","n/e"," ","476.77"
"12/11/2018 03:00:00 - 12/11/2018 04:00:00","BZN|DK1","426.29","n/e"," ","450.18"
"12/11/2018 04:00:00 - 12/11/2018 05:00:00","BZN|DK1","383.39","n/e"," ","396.57"
"12/11/2018 05:00:00 - 12/11/2018 06:00:00","BZN|DK1","328.55","n/e"," ","351.90"
"12/11/2018 06:00:00 - 12/11/2018 07:00:00","BZN|DK1","250.13","n/e"," ","253.04"
"12/11/2018 07:00:00 - 12/11/2018 08:00:00","BZN|DK1","202.20","n/e"," ","223.26"
"12/11/2018 08:00:00 - 12/11/2018 09:00:00","BZN|DK1","256.40","n/e"," ","259.51"
"12/11/2018 09:00:00 - 12/11/2018 10:00:00","BZN|DK1","256.54","n/e"," ","245.08"
"12/11/2018 10:00:00 - 12/11/2018 11:00:00","BZN|DK1","234.33","n/e"," ","217.77"
"12/11/2018 11:00:00 - 12/11/2018 12:00:00","BZN|DK1","216.71","n/e"," ","177.31"
"12/11/2018 12:00:00 - 12/11/2018 13:00:00","BZN|DK1","201.00","n/e"," ","188.40"
"12/11/2018 13:00:00 - 12/11/2018 14:00:00","BZN|DK1","185.63","n/e"," ","130.29"
"12/11/2018 14:00:00 - 12/11/2018 15:00:00","BZN|DK1","174.96","n/e"," ","92.06"
"12/11/2018 15:00:00 - 12/11/2018 16:00:00","BZN|DK1","165.46","n/e"," ","69.18"
"12/11/2018 16:00:00 - 12/11/2018 17:00:00","BZN|DK1","149.83","n/e"," ","114.31"
"12/11/2018 17:00:00 - 12/11/2018 18:00:00","BZN|DK1","130.21","n/e"," ","120.53"
"12/11/2018 18:00:00 - 12/11/2018 19:00:00","BZN|DK1","108.33","n/e"," ","65.91"
"12/11/2018 19:00:00 - 12/11/2018 20:00:00","BZN|DK1","88.08","n/e"," ","3.20"
"12/11/2018 20:00:00 - 12/11/2018 21:00:00","BZN|DK1","78.63","n/e"," ","13.96"
"12/11/2018 21:00:00 - 12/11/2018 22:00:00","BZN|DK1","82.83","n/e"," ","34.54"
"12/11/2018 22:00:00 - 12/11/2018 23:00:00","BZN|DK1","96.21","n/e"," ","77.05"
"12/11/2018 23:00:00 - 13/11/2018 00:00:00","BZN|DK1","120.96","n/e"," ","131.87"
"13/11/2018 00:00:00 - 13/11/2018 01:00:00","BZN|DK1","140.67","n/e"," ","152.15"
"13/11/2018 01:00:00 - 13/11/2018 02:00:00","BZN|DK1","163.46","n/e"," ","174.36"
"13/11/2018 02:00:00 - 13/11/2018 03:00:00","BZN|DK1","174.38","n/e"," ","180.55"
"13/11/2018 03:00:00 - 13/11/2018 04:00:00","BZN|DK1","181.45","n/e"," ","197.60"
"13/11/2018 04:00:00 - 13/11/2018 05:00:00","BZN|DK1","244.08","n/e"," ","257.18"
"13/11/2018 05:00:00 - 13/11/2018 06:00:00","BZN|DK1","246.30","n/e"," ","258.77"
"13/11/2018 06:00:00 - 13/11/2018 07:00:00","BZN|DK1","239.28","n/e"," ","257.64"
"13/11/2018 07:00:00 - 13/11/2018 08:00:00","BZN|DK1","242.75","n/e"," ","267.25"
"13/11/2018 08:00:00 - 13/11/2018 09:00:00","BZN|DK1","318.42","n/e"," ","395.22"
"13/11/2018 09:00:00 - 13/11/2018 10:00:00","BZN|DK1","427.42","n/e"," ","467.39"
"13/11/2018 10:00:00 - 13/11/2018 11:00:00","BZN|DK1","492.29","n/e"," ","538.17"
"13/11/2018 11:00:00 - 13/11/2018 12:00:00","BZN|DK1","521.88","n/e"," ","615.55"
"13/11/2018 12:00:00 - 13/11/2018 13:00:00","BZN|DK1","531.83","n/e"," ","626.77"
"13/11/2018 13:00:00 - 13/11/2018 14:00:00","BZN|DK1","534.71","n/e"," ","619.25"
"13/11/2018 14:00:00 - 13/11/2018 15:00:00","BZN|DK1","538.88","n/e"," ","613.07"
"13/11/2018 15:00:00 - 13/11/2018 16:00:00","BZN|DK1","539.00","n/e"," ","442.64"
"13/11/2018 16:00:00 - 13/11/2018 17:00:00","BZN|DK1","530.96","n/e"," ","395.07"
"13/11/2018 17:00:00 - 13/11/2018 18:00:00","BZN|DK1","509.13","n/e"," ","522.66"
"13/11/2018 18:00:00 - 13/11/2018 19:00:00","BZN|DK1","472.63","n/e"," ","561.34"
"13/11/2018 19:00:00 - 13/11/2018 20:00:00","BZN|DK1","437.63","n/e"," ","569.96"
"13/11/2018 20:00:00 - 13/11/2018 21:00:00","BZN|DK1","419.13","n/e"," ","521.53"
"13/11/2018 21:00:00 - 13/11/2018 22:00:00","BZN|DK1","417.54","n/e"," ","327.62"
"13/11/2018 22:00:00 - 13/11/2018 23:00:00","BZN|DK1","419.96","n/e"," ","317.36"
"13/11/2018 23:00:00 - 14/11/2018 00:00:00","BZN|DK1","418.25","n/e"," ","514.20"
"14/11/2018 00:00:00 - 14/11/2018 01:00:00","BZN|DK1","420.06","n/e"," ","435.86"
"14/11/2018 01:00:00 - 14/11/2018 02:00:00","BZN|DK1","363.80","n/e"," ","386.63"
"14/11/2018 02:00:00 - 14/11/2018 03:00:00","BZN|DK1","289.96","n/e"," ","316.37"
"14/11/2018 03:00:00 - 14/11/2018 04:00:00","BZN|DK1","337.80","n/e"," ","365.38"
"14/11/2018 04:00:00 - 14/11/2018 05:00:00","BZN|DK1","351.26","n/e"," ","351.39"
"14/11/2018 05:00:00 - 14/11/2018 06:00:00","BZN|DK1","226.89","n/e"," ","234.26"
"14/11/2018 06:00:00 - 14/11/2018 07:00:00","BZN|DK1","176.63","n/e"," ","193.15"
"14/11/2018 07:00:00 - 14/11/2018 08:00:00","BZN|DK1","180.05","n/e"," ","192.45"
"14/11/2018 08:00:00 - 14/11/2018 09:00:00","BZN|DK1","193.31","n/e"," ","194.99"
"14/11/2018 09:00:00 - 14/11/2018 10:00:00","BZN|DK1","163.25","n/e"," ","181.37"
"14/11/2018 10:00:00 - 14/11/2018 11:00:00","BZN|DK1","160.67","n/e"," ","212.68"
"14/11/2018 11:00:00 - 14/11/2018 12:00:00","BZN|DK1","178.13","n/e"," ","205.52"
"14/11/2018 12:00:00 - 14/11/2018 13:00:00","BZN|DK1","200.83","n/e"," ","209.76"
"14/11/2018 13:00:00 - 14/11/2018 14:00:00","BZN|DK1","227.46","n/e"," ","212.31"
"14/11/2018 14:00:00 - 14/11/2018 15:00:00","BZN|DK1","260.96","n/e"," ","243.07"
"14/11/2018 15:00:00 - 14/11/2018 16:00:00","BZN|DK1","293.17","n/e"," ","267.83"
"14/11/2018 16:00:00 - 14/11/2018 17:00:00","BZN|DK1","324.04","n/e"," ","274.89"
"14/11/2018 17:00:00 - 14/11/2018 18:00:00","BZN|DK1","359.58","n/e"," ","340.59"
"14/11/2018 18:00:00 - 14/11/2018 19:00:00","BZN|DK1","394.75","n/e"," ","393.40"
"14/11/2018 19:00:00 - 14/11/2018 20:00:00","BZN|DK1","424.17","n/e"," ","383.26"
"14/11/2018 20:00:00 - 14/11/2018 21:00:00","BZN|DK1","438.54","n/e"," ","446.76"
"14/11/2018 21:00:00 - 14/11/2018 22:00:00","BZN|DK1","433.46","n/e"," ","415.45"
"14/11/2018 22:00:00 - 14/11/2018 23:00:00","BZN|DK1","416.08","n/e"," ","394.61"
"14/11/2018 23:00:00 - 15/11/2018 00:00:00","BZN|DK1","394.33","n/e"," ","401.85"
"15/11/2018 00:00:00 - 15/11/2018 01:00:00","BZN|DK1","357.54","n/e"," ","377.82"
"15/11/2018 01:00:00 - 15/11/2018 02:00:00","BZN|DK1","358.41","n/e"," ","376.04"
"15/11/2018 02:00:00 - 15/11/2018 03:00:00","BZN|DK1","306.48","n/e"," ","326.87"
"15/11/2018 03:00:00 - 15/11/2018 04:00:00","BZN|DK1","281.00","n/e"," ","302.66"
"15/11/2018 04:00:00 - 15/11/2018 05:00:00","BZN|DK1","257.22","n/e"," ","267.86"
"15/11/2018 05:00:00 - 15/11/2018 06:00:00","BZN|DK1","252.93","n/e"," ","269.66"
"15/11/2018 06:00:00 - 15/11/2018 07:00:00","BZN|DK1","260.32","n/e"," ","274.34"
"15/11/2018 07:00:00 - 15/11/2018 08:00:00","BZN|DK1","302.71","n/e"," ","316.33"
"15/11/2018 08:00:00 - 15/11/2018 09:00:00","BZN|DK1","262.63","n/e"," ","286.67"
"15/11/2018 09:00:00 - 15/11/2018 10:00:00","BZN|DK1","233.92","n/e"," ","253.41"
"15/11/2018 10:00:00 - 15/11/2018 11:00:00","BZN|DK1","220.54","n/e"," ","230.72"
"15/11/2018 11:00:00 - 15/11/2018 12:00:00","BZN|DK1","218.04","n/e"," ","197.77"
"15/11/2018 12:00:00 - 15/11/2018 13:00:00","BZN|DK1","222.25","n/e"," ","206.28"
"15/11/2018 13:00:00 - 15/11/2018 14:00:00","BZN|DK1","226.00","n/e"," ","250.97"
"15/11/2018 14:00:00 - 15/11/2018 15:00:00","BZN|DK1","225.46","n/e"," ","316.99"
"15/11/2018 15:00:00 - 15/11/2018 16:00:00","BZN|DK1","225.63","n/e"," ","314.08"
"15/11/2018 16:00:00 - 15/11/2018 17:00:00","BZN|DK1","237.46","n/e"," ","242.21"
"15/11/2018 17:00:00 - 15/11/2018 18:00:00","BZN|DK1","269.25","n/e"," ","230.26"
"15/11/2018 18:00:00 - 15/11/2018 19:00:00","BZN|DK1","306.88","n/e"," ","329.55"
"15/11/2018 19:00:00 - 15/11/2018 20:00:00","BZN|DK1","339.25","n/e"," ","456.59"
"15/11/2018 20:00:00 - 15/11/2018 21:00:00","BZN|DK1","361.54","n/e"," ","480.72"
"15/11/2018 21:00:00 - 15/11/2018 22:00:00","BZN|DK1","372.54","n/e"," ","454.68"
"15/11/2018 22:00:00 - 15/11/2018 23:00:00","BZN|DK1","378.92","n/e"," ","427.58"
"15/11/2018 23:00:00 - 16/11/2018 00:00:00","BZN|DK1","383.75","n/e"," ","465.13"
"16/11/2018 00:00:00 - 16/11/2018 01:00:00","BZN|DK1","437.80","n/e"," ","476.15"
"16/11/2018 01:00:00 - 16/11/2018 02:00:00","BZN|DK1","405.55","n/e"," ","442.77"
"16/11/2018 02:00:00 - 16/11/2018 03:00:00","BZN|DK1","380.03","n/e"," ","416.92"
"16/11/2018 03:00:00 - 16/11/2018 04:00:00","BZN|DK1","393.37","n/e"," ","432.48"
"16/11/2018 04:00:00 - 16/11/2018 05:00:00","BZN|DK1","377.12","n/e"," ","411.53"
"16/11/2018 05:00:00 - 16/11/2018 06:00:00","BZN|DK1","354.44","n/e"," ","395.03"
"16/11/2018 06:00:00 - 16/11/2018 07:00:00","BZN|DK1","365.45","n/e"," ","410.18"
"16/11/2018 07:00:00 - 16/11/2018 08:00:00","BZN|DK1","359.14","n/e"," ","398.60"
"16/11/2018 08:00:00 - 16/11/2018 09:00:00","BZN|DK1","359.22","n/e"," ","446.26"
"16/11/2018 09:00:00 - 16/11/2018 10:00:00","BZN|DK1","345.54","n/e"," ","477.88"
"16/11/2018 10:00:00 - 16/11/2018 11:00:00","BZN|DK1","317.46","n/e"," ","428.51"
"16/11/2018 11:00:00 - 16/11/2018 12:00:00","BZN|DK1","270.42","n/e"," ","348.30"
"16/11/2018 12:00:00 - 16/11/2018 13:00:00","BZN|DK1","227.67","n/e"," ","296.05"
"16/11/2018 13:00:00 - 16/11/2018 14:00:00","BZN|DK1","207.13","n/e"," ","368.98"
"16/11/2018 14:00:00 - 16/11/2018 15:00:00","BZN|DK1","216.75","n/e"," ","290.12"
"16/11/2018 15:00:00 - 16/11/2018 16:00:00","BZN|DK1","237.92","n/e"," ","337.52"
"16/11/2018 16:00:00 - 16/11/2018 17:00:00","BZN|DK1","266.29","n/e"," ","411.26"
"16/11/2018 17:00:00 - 16/11/2018 18:00:00","BZN|DK1","296.38","n/e"," ","459.69"
"16/11/2018 18:00:00 - 16/11/2018 19:00:00","BZN|DK1","315.83","n/e"," ","465.30"
"16/11/2018 19:00:00 - 16/11/2018 20:00:00","BZN|DK1","325.04","n/e"," ","440.88"
"16/11/2018 20:00:00 - 16/11/2018 21:00:00","BZN|DK1","328.29","n/e"," ","500.25"
"16/11/2018 21:00:00 - 16/11/2018 22:00:00","BZN|DK1","327.71","n/e"," ","527.97"
"16/11/2018 22:00:00 - 16/11/2018 23:00:00","BZN|DK1","312.08","n/e"," ","519.77"
"16/11/2018 23:00:00 - 17/11/2018 00:00:00","BZN|DK1","276.96","n/e"," ","473.82"
"17/11/2018 00:00:00 - 17/11/2018 01:00:00","BZN|DK1","340.68","n/e"," ","370.64"
"17/11/2018 01:00:00 - 17/11/2018 02:00:00","BZN|DK1","289.18","n/e"," ","312.49"
"17/11/2018 02:00:00 - 17/11/2018 03:00:00","BZN|DK1","286.04","n/e"," ","307.60"
"17/11/2018 03:00:00 - 17/11/2018 04:00:00","BZN|DK1","232.86","n/e"," ","251.82"
"17/11/2018 04:00:00 - 17/11/2018 05:00:00","BZN|DK1","204.03","n/e"," ","218.24"
"17/11/2018 05:00:00 - 17/11/2018 06:00:00","BZN|DK1","156.13","n/e"," ","171.07"
"17/11/2018 06:00:00 - 17/11/2018 07:00:00","BZN|DK1","151.43","n/e"," ","167.87"
"17/11/2018 07:00:00 - 17/11/2018 08:00:00","BZN|DK1","183.83","n/e"," ","203.12"
"17/11/2018 08:00:00 - 17/11/2018 09:00:00","BZN|DK1","201.82","n/e"," ","273.46"
"17/11/2018 09:00:00 - 17/11/2018 10:00:00","BZN|DK1","190.50","n/e"," ","272.71"
"17/11/2018 10:00:00 - 17/11/2018 11:00:00","BZN|DK1","147.54","n/e"," ","270.15"
"17/11/2018 11:00:00 - 17/11/2018 12:00:00","BZN|DK1","123.67","n/e"," ","254.05"
"17/11/2018 12:00:00 - 17/11/2018 13:00:00","BZN|DK1","104.08","n/e"," ","182.46"
"17/11/2018 13:00:00 - 17/11/2018 14:00:00","BZN|DK1","86.38","n/e"," ","167.24"
"17/11/2018 14:00:00 - 17/11/2018 15:00:00","BZN|DK1","71.17","n/e"," ","146.82"
"17/11/2018 15:00:00 - 17/11/2018 16:00:00","BZN|DK1","58.21","n/e"," ","116.97"
"17/11/2018 16:00:00 - 17/11/2018 17:00:00","BZN|DK1","49.83","n/e"," ","94.30"
"17/11/2018 17:00:00 - 17/11/2018 18:00:00","BZN|DK1","47.42","n/e"," ","84.13"
"17/11/2018 18:00:00 - 17/11/2018 19:00:00","BZN|DK1","47.58","n/e"," ","68.15"
"17/11/2018 19:00:00 - 17/11/2018 20:00:00","BZN|DK1","50.00","n/e"," ","46.03"
"17/11/2018 20:00:00 - 17/11/2018 21:00:00","BZN|DK1","49.29","n/e"," ","42.75"
"17/11/2018 21:00:00 - 17/11/2018 22:00:00","BZN|DK1","45.08","n/e"," ","49.48"
"17/11/2018 22:00:00 - 17/11/2018 23:00:00","BZN|DK1","38.54","n/e"," ","30.79"
"17/11/2018 23:00:00 - 18/11/2018 00:00:00","BZN|DK1","32.67","n/e"," ","44.58"
"18/11/2018 00:00:00 - 18/11/2018 01:00:00","BZN|DK1","29.43","n/e"," ","36.68"
"18/11/2018 01:00:00 - 18/11/2018 02:00:00","BZN|DK1","23.11","n/e"," ","30.10"
"18/11/2018 02:00:00 - 18/11/2018 03:00:00","BZN|DK1","24.78","n/e"," ","28.93"
"18/11/2018 03:00:00 - 18/11/2018 04:00:00","BZN|DK1","18.24","n/e"," ","22.58"
"18/11/2018 04:00:00 - 18/11/2018 05:00:00","BZN|DK1","20.21","n/e"," ","23.55"
"18/11/2018 05:00:00 - 18/11/2018 06:00:00","BZN|DK1","45.12","n/e"," ","49.66"
"18/11/2018 06:00:00 - 18/11/2018 07:00:00","BZN|DK1","93.27","n/e"," ","91.43"
"18/11/2018 07:00:00 - 18/11/2018 08:00:00","BZN|DK1","125.68","n/e"," ","142.13"
"18/11/2018 08:00:00 - 18/11/2018 09:00:00","BZN|DK1","232.83","n/e"," ","306.95"
"18/11/2018 09:00:00 - 18/11/2018 10:00:00","BZN|DK1","257.04","n/e"," ","325.28"
"18/11/2018 10:00:00 - 18/11/2018 11:00:00","BZN|DK1","287.17","n/e"," ","330.10"
"18/11/2018 11:00:00 - 18/11/2018 12:00:00","BZN|DK1","312.13","n/e"," ","362.43"
"18/11/2018 12:00:00 - 18/11/2018 13:00:00","BZN|DK1","322.00","n/e"," ","340.76"
"18/11/2018 13:00:00 - 18/11/2018 14:00:00","BZN|DK1","337.38","n/e"," ","290.61"
"18/11/2018 14:00:00 - 18/11/2018 15:00:00","BZN|DK1","357.71","n/e"," ","407.84"
"18/11/2018 15:00:00 - 18/11/2018 16:00:00","BZN|DK1","377.04","n/e"," ","440.21"
"18/11/2018 16:00:00 - 18/11/2018 17:00:00","BZN|DK1","395.71","n/e"," ","562.92"
"18/11/2018 17:00:00 - 18/11/2018 18:00:00","BZN|DK1","399.67","n/e"," ","534.23"
"18/11/2018 18:00:00 - 18/11/2018 19:00:00","BZN|DK1","384.67","n/e"," ","504.87"
"18/11/2018 19:00:00 - 18/11/2018 20:00:00","BZN|DK1","369.96","n/e"," ","480.46"
"18/11/2018 20:00:00 - 18/11/2018 21:00:00","BZN|DK1","359.08","n/e"," ","403.54"
"18/11/2018 21:00:00 - 18/11/2018 22:00:00","BZN|DK1","350.96","n/e"," ","420.17"
"18/11/2018 22:00:00 - 18/11/2018 23:00:00","BZN|DK1","350.88","n/e"," ","454.51"
"18/11/2018 23:00:00 - 19/11/2018 00:00:00","BZN|DK1","360.75","n/e"," ","452.91"
"19/11/2018 00:00:00 - 19/11/2018 01:00:00","BZN|DK1","407.38","n/e"," ","457.89"
"19/11/2018 01:00:00 - 19/11/2018 02:00:00","BZN|DK1","486.30","n/e"," ","534.86"
"19/11/2018 02:00:00 - 19/11/2018 03:00:00","BZN|DK1","483.70","n/e"," ","531.01"
"19/11/2018 03:00:00 - 19/11/2018 04:00:00","BZN|DK1","562.09","n/e"," ","611.68"
"19/11/2018 04:00:00 - 19/11/2018 05:00:00","BZN|DK1","592.73","n/e"," ","642.59"
"19/11/2018 05:00:00 - 19/11/2018 06:00:00","BZN|DK1","594.43","n/e"," ","647.92"
"19/11/2018 06:00:00 - 19/11/2018 07:00:00","BZN|DK1","596.23","n/e"," ","651.43"
"19/11/2018 07:00:00 - 19/11/2018 08:00:00","BZN|DK1","406.30","n/e"," ","456.43"
"19/11/2018 08:00:00 - 19/11/2018 09:00:00","BZN|DK1","384.20","n/e"," ","520.98"
"19/11/2018 09:00:00 - 19/11/2018 10:00:00","BZN|DK1","457.50","n/e"," ","507.99"
"19/11/2018 10:00:00 - 19/11/2018 11:00:00","BZN|DK1","506.17","n/e"," ","647.88"
"19/11/2018 11:00:00 - 19/11/2018 12:00:00","BZN|DK1","530.58","n/e"," ","653.73"
"19/11/2018 12:00:00 - 19/11/2018 13:00:00","BZN|DK1","543.88","n/e"," ","650.14"
"19/11/2018 13:00:00 - 19/11/2018 14:00:00","BZN|DK1","553.04","n/e"," ","646.03"
"19/11/2018 14:00:00 - 19/11/2018 15:00:00","BZN|DK1","559.71","n/e"," ","649.15"
"19/11/2018 15:00:00 - 19/11/2018 16:00:00","BZN|DK1","566.83","n/e"," ","649.33"
"19/11/2018 16:00:00 - 19/11/2018 17:00:00","BZN|DK1","576.33","n/e"," ","648.60"
"19/11/2018 17:00:00 - 19/11/2018 18:00:00","BZN|DK1","585.58","n/e"," ","650.66"
"19/11/2018 18:00:00 - 19/11/2018 19:00:00","BZN|DK1","593.50","n/e"," ","650.37"
"19/11/2018 19:00:00 - 19/11/2018 20:00:00","BZN|DK1","595.00","n/e"," ","652.18"
"19/11/2018 20:00:00 - 19/11/2018 21:00:00","BZN|DK1","595.00","n/e"," ","652.18"
"19/11/2018 21:00:00 - 19/11/2018 22:00:00","BZN|DK1","595.54","n/e"," ","652.09"
"19/11/2018 22:00:00 - 19/11/2018 23:00:00","BZN|DK1","596.00","n/e"," ","651.53"
"19/11/2018 23:00:00 - 20/11/2018 00:00:00","BZN|DK1","596.00","n/e"," ","647.45"
"20/11/2018 00:00:00 - 20/11/2018 01:00:00","BZN|DK1","595.69","n/e"," ","644.71"
"20/11/2018 01:00:00 - 20/11/2018 02:00:00","BZN|DK1","593.39","n/e"," ","644.02"
"20/11/2018 02:00:00 - 20/11/2018 03:00:00","BZN|DK1","586.68","n/e"," ","636.25"
"20/11/2018 03:00:00 - 20/11/2018 04:00:00","BZN|DK1","588.33","n/e"," ","640.58"
"20/11/2018 04:00:00 - 20/11/2018 05:00:00","BZN|DK1","591.64","n/e"," ","646.50"
"20/11/2018 05:00:00 - 20/11/2018 06:00:00","BZN|DK1","591.76","n/e"," ","648.69"
"20/11/2018 06:00:00 - 20/11/2018 07:00:00","BZN|DK1","592.72","n/e"," ","649.64"
"20/11/2018 07:00:00 - 20/11/2018 08:00:00","BZN|DK1","594.66","n/e"," ","651.13"
"20/11/2018 08:00:00 - 20/11/2018 09:00:00","BZN|DK1","593.03","n/e"," ","646.37"
"20/11/2018 09:00:00 - 20/11/2018 10:00:00","BZN|DK1","596.00","n/e"," ","647.26"
"20/11/2018 10:00:00 - 20/11/2018 11:00:00","BZN|DK1","596.00","n/e"," ","642.45"
"20/11/2018 11:00:00 - 20/11/2018 12:00:00","BZN|DK1","595.88","n/e"," ","641.36"
"20/11/2018 12:00:00 - 20/11/2018 13:00:00","BZN|DK1","594.13","n/e"," ","652.20"
"20/11/2018 13:00:00 - 20/11/2018 14:00:00","BZN|DK1","594.71","n/e"," ","650.92"
"20/11/2018 14:00:00 - 20/11/2018 15:00:00","BZN|DK1","595.00","n/e"," ","653.60"
"20/11/2018 15:00:00 - 20/11/2018 16:00:00","BZN|DK1","595.63","n/e"," ","656.80"
"20/11/2018 16:00:00 - 20/11/2018 17:00:00","BZN|DK1","596.00","n/e"," ","572.44"
"20/11/2018 17:00:00 - 20/11/2018 18:00:00","BZN|DK1","596.00","n/e"," ","516.90"
"20/11/2018 18:00:00 - 20/11/2018 19:00:00","BZN|DK1","596.46","n/e"," ","655.49"
"20/11/2018 19:00:00 - 20/11/2018 20:00:00","BZN|DK1","597.00","n/e"," ","656.66"
"20/11/2018 20:00:00 - 20/11/2018 21:00:00","BZN|DK1","597.00","n/e"," ","658.65"
"20/11/2018 21:00:00 - 20/11/2018 22:00:00","BZN|DK1","597.00","n/e"," ","572.78"
"20/11/2018 22:00:00 - 20/11/2018 23:00:00","BZN|DK1","597.00","n/e"," ","656.14"
"20/11/2018 23:00:00 - 21/11/2018 00:00:00","BZN|DK1","597.00","n/e"," ","654.66"
"21/11/2018 00:00:00 - 21/11/2018 01:00:00","BZN|DK1","597.62","n/e"," ","652.66"
"21/11/2018 01:00:00 - 21/11/2018 02:00:00","BZN|DK1","596.90","n/e"," ","660.47"
"21/11/2018 02:00:00 - 21/11/2018 03:00:00","BZN|DK1","597.29","n/e"," ","657.16"
"21/11/2018 03:00:00 - 21/11/2018 04:00:00","BZN|DK1","597.18","n/e"," ","654.78"
"21/11/2018 04:00:00 - 21/11/2018 05:00:00","BZN|DK1","597.45","n/e"," ","651.86"
"21/11/2018 05:00:00 - 21/11/2018 06:00:00","BZN|DK1","597.59","n/e"," ","653.31"
"21/11/2018 06:00:00 - 21/11/2018 07:00:00","BZN|DK1","549.20","n/e"," ","607.08"
"21/11/2018 07:00:00 - 21/11/2018 08:00:00","BZN|DK1","429.95","n/e"," ","482.47"
"21/11/2018 08:00:00 - 21/11/2018 09:00:00","BZN|DK1","593.92","n/e"," ","645.87"
"21/11/2018 09:00:00 - 21/11/2018 10:00:00","BZN|DK1","595.96","n/e"," ","645.31"
"21/11/2018 10:00:00 - 21/11/2018 11:00:00","BZN|DK1","594.46","n/e"," ","641.68"
"21/11/2018 11:00:00 - 21/11/2018 12:00:00","BZN|DK1","593.33","n/e"," ","641.79"
"21/11/2018 12:00:00 - 21/11/2018 13:00:00","BZN|DK1","590.38","n/e"," ","644.65"
"21/11/2018 13:00:00 - 21/11/2018 14:00:00","BZN|DK1","584.67","n/e"," ","646.51"
"21/11/2018 14:00:00 - 21/11/2018 15:00:00","BZN|DK1","576.29","n/e"," ","646.35"
"21/11/2018 15:00:00 - 21/11/2018 16:00:00","BZN|DK1","566.92","n/e"," ","643.74"
"21/11/2018 16:00:00 - 21/11/2018 17:00:00","BZN|DK1","556.92","n/e"," ","619.04"
"21/11/2018 17:00:00 - 21/11/2018 18:00:00","BZN|DK1","546.25","n/e"," ","572.79"
"21/11/2018 18:00:00 - 21/11/2018 19:00:00","BZN|DK1","534.21","n/e"," ","561.04"
"21/11/2018 19:00:00 - 21/11/2018 20:00:00","BZN|DK1","525.17","n/e"," ","555.14"
"21/11/2018 20:00:00 - 21/11/2018 21:00:00","BZN|DK1","516.75","n/e"," ","572.52"
"21/11/2018 21:00:00 - 21/11/2018 22:00:00","BZN|DK1","502.54","n/e"," ","540.65"
"21/11/2018 22:00:00 - 21/11/2018 23:00:00","BZN|DK1","479.38","n/e"," ","474.99"
"21/11/2018 23:00:00 - 22/11/2018 00:00:00","BZN|DK1","449.96","n/e"," ","480.46"
"22/11/2018 00:00:00 - 22/11/2018 01:00:00","BZN|DK1","447.96","n/e"," ","487.76"
"22/11/2018 01:00:00 - 22/11/2018 02:00:00","BZN|DK1","440.25","n/e"," ","476.09"
"22/11/2018 02:00:00 - 22/11/2018 03:00:00","BZN|DK1","411.04","n/e"," ","441.97"
"22/11/2018 03:00:00 - 22/11/2018 04:00:00","BZN|DK1","358.57","n/e"," ","383.50"
"22/11/2018 04:00:00 - 22/11/2018 05:00:00","BZN|DK1","319.43","n/e"," ","352.45"
"22/11/2018 05:00:00 - 22/11/2018 06:00:00","BZN|DK1","301.14","n/e"," ","327.69"
"22/11/2018 06:00:00 - 22/11/2018 07:00:00","BZN|DK1","275.74","n/e"," ","301.19"
"22/11/2018 07:00:00 - 22/11/2018 08:00:00","BZN|DK1","251.33","n/e"," ","272.43"
"22/11/2018 08:00:00 - 22/11/2018 09:00:00","BZN|DK1","233.41","n/e"," ","241.94"
"22/11/2018 09:00:00 - 22/11/2018 10:00:00","BZN|DK1","219.29","n/e"," ","240.19"
"22/11/2018 10:00:00 - 22/11/2018 11:00:00","BZN|DK1","203.08","n/e"," ","219.75"
"22/11/2018 11:00:00 - 22/11/2018 12:00:00","BZN|DK1","186.38","n/e"," ","216.37"
"22/11/2018 12:00:00 - 22/11/2018 13:00:00","BZN|DK1","172.38","n/e"," ","219.45"
"22/11/2018 13:00:00 - 22/11/2018 14:00:00","BZN|DK1","163.75","n/e"," ","211.17"
"22/11/2018 14:00:00 - 22/11/2018 15:00:00","BZN|DK1","161.13","n/e"," ","207.24"
"22/11/2018 15:00:00 - 22/11/2018 16:00:00","BZN|DK1","162.42","n/e"," ","194.48"
"22/11/2018 16:00:00 - 22/11/2018 17:00:00","BZN|DK1","165.13","n/e"," ","202.33"
"22/11/2018 17:00:00 - 22/11/2018 18:00:00","BZN|DK1","172.08","n/e"," ","220.74"
"22/11/2018 18:00:00 - 22/11/2018 19:00:00","BZN|DK1","174.71","n/e"," ","239.81"
"22/11/2018 19:00:00 - 22/11/2018 20:00:00","BZN|DK1","176.33","n/e"," ","216.95"
"22/11/2018 20:00:00 - 22/11/2018 21:00:00","BZN|DK1","176.75","n/e"," ","224.99"
"22/11/2018 21:00:00 - 22/11/2018 22:00:00","BZN|DK1","179.42","n/e"," ","233.46"
"22/11/2018 22:00:00 - 22/11/2018 23:00:00","BZN|DK1","178.04","n/e"," ","233.24"
"22/11/2018 23:00:00 - 23/11/2018 00:00:00","BZN|DK1","173.83","n/e"," ","213.27"
"23/11/2018 00:00:00 - 23/11/2018 01:00:00","BZN|DK1","185.65","n/e"," ","196.32"
"23/11/2018 01:00:00 - 23/11/2018 02:00:00","BZN|DK1","134.45","n/e"," ","148.19"
"23/11/2018 02:00:00 - 23/11/2018 03:00:00","BZN|DK1","117.51","n/e"," ","130.09"
"23/11/2018 03:00:00 - 23/11/2018 04:00:00","BZN|DK1","108.91","n/e"," ","125.06"
"23/11/2018 04:00:00 - 23/11/2018 05:00:00","BZN|DK1","139.43","n/e"," ","149.82"
"23/11/2018 05:00:00 - 23/11/2018 06:00:00","BZN|DK1","154.52","n/e"," ","166.29"
"23/11/2018 06:00:00 - 23/11/2018 07:00:00","BZN|DK1","151.32","n/e"," ","162.08"
"23/11/2018 07:00:00 - 23/11/2018 08:00:00","BZN|DK1","149.79","n/e"," ","165.23"
"23/11/2018 08:00:00 - 23/11/2018 09:00:00","BZN|DK1","158.63","n/e"," ","179.28"
"23/11/2018 09:00:00 - 23/11/2018 10:00:00","BZN|DK1","152.33","n/e"," ","182.27"
"23/11/2018 10:00:00 - 23/11/2018 11:00:00","BZN|DK1","145.71","n/e"," ","175.50"
"23/11/2018 11:00:00 - 23/11/2018 12:00:00","BZN|DK1","131.17","n/e"," ","136.32"
"23/11/2018 12:00:00 - 23/11/2018 13:00:00","BZN|DK1","114.71","n/e"," ","119.08"
"23/11/2018 13:00:00 - 23/11/2018 14:00:00","BZN|DK1","99.71","n/e"," ","98.84"
"23/11/2018 14:00:00 - 23/11/2018 15:00:00","BZN|DK1","87.96","n/e"," ","83.83"
"23/11/2018 15:00:00 - 23/11/2018 16:00:00","BZN|DK1","76.67","n/e"," ","68.24"
"23/11/2018 16:00:00 - 23/11/2018 17:00:00","BZN|DK1","69.29","n/e"," ","71.15"
"23/11/2018 17:00:00 - 23/11/2018 18:00:00","BZN|DK1","65.83","n/e"," ","66.97"
"23/11/2018 18:00:00 - 23/11/2018 19:00:00","BZN|DK1","65.17","n/e"," ","68.32"
"23/11/2018 19:00:00 - 23/11/2018 20:00:00","BZN|DK1","63.83","n/e"," ","63.37"
"23/11/2018 20:00:00 - 23/11/2018 21:00:00","BZN|DK1","59.00","n/e"," ","38.41"
"23/11/2018 21:00:00 - 23/11/2018 22:00:00","BZN|DK1","51.50","n/e"," ","41.72"
"23/11/2018 22:00:00 - 23/11/2018 23:00:00","BZN|DK1","44.63","n/e"," ","48.74"
"23/11/2018 23:00:00 - 24/11/2018 00:00:00","BZN|DK1","41.46","n/e"," ","32.57"
"24/11/2018 00:00:00 - 24/11/2018 01:00:00","BZN|DK1","18.45","n/e"," ","18.76"
"24/11/2018 01:00:00 - 24/11/2018 02:00:00","BZN|DK1","12.13","n/e"," ","12.50"
"24/11/2018 02:00:00 - 24/11/2018 03:00:00","BZN|DK1","8.04","n/e"," ","8.14"
"24/11/2018 03:00:00 - 24/11/2018 04:00:00","BZN|DK1","9.36","n/e"," ","10.24"
"24/11/2018 04:00:00 - 24/11/2018 05:00:00","BZN|DK1","18.46","n/e"," ","19.74"
"24/11/2018 05:00:00 - 24/11/2018 06:00:00","BZN|DK1","21.32","n/e"," ","22.85"
"24/11/2018 06:00:00 - 24/11/2018 07:00:00","BZN|DK1","43.07","n/e"," ","45.97"
"24/11/2018 07:00:00 - 24/11/2018 08:00:00","BZN|DK1","64.26","n/e"," ","66.89"
"24/11/2018 08:00:00 - 24/11/2018 09:00:00","BZN|DK1","50.20","n/e"," ","71.93"
"24/11/2018 09:00:00 - 24/11/2018 10:00:00","BZN|DK1","30.00","n/e"," ","80.97"
"24/11/2018 10:00:00 - 24/11/2018 11:00:00","BZN|DK1","28.92","n/e"," ","77.28"
"24/11/2018 11:00:00 - 24/11/2018 12:00:00","BZN|DK1","37.21","n/e"," ","78.33"
"24/11/2018 12:00:00 - 24/11/2018 13:00:00","BZN|DK1","49.71","n/e"," ","62.70"
"24/11/2018 13:00:00 - 24/11/2018 14:00:00","BZN|DK1","66.58","n/e"," ","51.92"
"24/11/2018 14:00:00 - 24/11/2018 15:00:00","BZN|DK1","81.42","n/e"," ","64.14"
"24/11/2018 15:00:00 - 24/11/2018 16:00:00","BZN|DK1","100.75","n/e"," ","115.72"
"24/11/2018 16:00:00 - 24/11/2018 17:00:00","BZN|DK1","124.92","n/e"," ","319.77"
"24/11/2018 17:00:00 - 24/11/2018 18:00:00","BZN|DK1","152.29","n/e"," ","322.61"
"24/11/2018 18:00:00 - 24/11/2018 19:00:00","BZN|DK1","171.46","n/e"," ","279.89"
"24/11/2018 19:00:00 - 24/11/2018 20:00:00","BZN|DK1","184.17","n/e"," ","271.36"
"24/11/2018 20:00:00 - 24/11/2018 21:00:00","BZN|DK1","198.50","n/e"," ","291.76"
"24/11/2018 21:00:00 - 24/11/2018 22:00:00","BZN|DK1","218.29","n/e"," ","266.54"
"24/11/2018 22:00:00 - 24/11/2018 23:00:00","BZN|DK1","236.79","n/e"," ","303.35"
"24/11/2018 23:00:00 - 25/11/2018 00:00:00","BZN|DK1","247.54","n/e"," ","343.17"
"25/11/2018 00:00:00 - 25/11/2018 01:00:00","BZN|DK1","363.05","n/e"," ","378.73"
"25/11/2018 01:00:00 - 25/11/2018 02:00:00","BZN|DK1","363.55","n/e"," ","380.15"
"25/11/2018 02:00:00 - 25/11/2018 03:00:00","BZN|DK1","340.90","n/e"," ","352.15"
"25/11/2018 03:00:00 - 25/11/2018 04:00:00","BZN|DK1","261.30","n/e"," ","270.62"
"25/11/2018 04:00:00 - 25/11/2018 05:00:00","BZN|DK1","254.04","n/e"," ","265.50"
"25/11/2018 05:00:00 - 25/11/2018 06:00:00","BZN|DK1","265.96","n/e"," ","277.88"
"25/11/2018 06:00:00 - 25/11/2018 07:00:00","BZN|DK1","322.76","n/e"," ","345.00"
"25/11/2018 07:00:00 - 25/11/2018 08:00:00","BZN|DK1","400.13","n/e"," ","418.44"
"25/11/2018 08:00:00 - 25/11/2018 09:00:00","BZN|DK1","431.08","n/e"," ","444.93"
"25/11/2018 09:00:00 - 25/11/2018 10:00:00","BZN|DK1","409.92","n/e"," ","390.89"
"25/11/2018 10:00:00 - 25/11/2018 11:00:00","BZN|DK1","359.71","n/e"," ","392.21"
"25/11/2018 11:00:00 - 25/11/2018 12:00:00","BZN|DK1","323.79","n/e"," ","400.66"
"25/11/2018 12:00:00 - 25/11/2018 13:00:00","BZN|DK1","298.75","n/e"," ","361.34"
"25/11/2018 13:00:00 - 25/11/2018 14:00:00","BZN|DK1","278.08","n/e"," ","317.38"
"25/11/2018 14:00:00 - 25/11/2018 15:00:00","BZN|DK1","274.46","n/e"," ","291.29"
"25/11/2018 15:00:00 - 25/11/2018 16:00:00","BZN|DK1","282.17","n/e"," ","328.90"
"25/11/2018 16:00:00 - 25/11/2018 17:00:00","BZN|DK1","290.38","n/e"," ","329.75"
"25/11/2018 17:00:00 - 25/11/2018 18:00:00","BZN|DK1","287.00","n/e"," ","353.41"
"25/11/2018 18:00:00 - 25/11/2018 19:00:00","BZN|DK1","268.08","n/e"," ","350.42"
"25/11/2018 19:00:00 - 25/11/2018 20:00:00","BZN|DK1","244.88","n/e"," ","370.35"
"25/11/2018 20:00:00 - 25/11/2018 21:00:00","BZN|DK1","219.33","n/e"," ","345.92"
"25/11/2018 21:00:00 - 25/11/2018 22:00:00","BZN|DK1","194.46","n/e"," ","281.29"
"25/11/2018 22:00:00 - 25/11/2018 23:00:00","BZN|DK1","166.17","n/e"," ","242.85"
"25/11/2018 23:00:00 - 26/11/2018 00:00:00","BZN|DK1","136.17","n/e"," ","214.91"
"26/11/2018 00:00:00 - 26/11/2018 01:00:00","BZN|DK1","186.36","n/e"," ","198.61"
"26/11/2018 01:00:00 - 26/11/2018 02:00:00","BZN|DK1","139.68","n/e"," ","148.57"
"26/11/2018 02:00:00 - 26/11/2018 03:00:00","BZN|DK1","108.62","n/e"," ","113.99"
"26/11/2018 03:00:00 - 26/11/2018 04:00:00","BZN|DK1","105.55","n/e"," ","109.26"
"26/11/2018 04:00:00 - 26/11/2018 05:00:00","BZN|DK1","79.45","n/e"," ","85.61"
"26/11/2018 05:00:00 - 26/11/2018 06:00:00","BZN|DK1","94.51","n/e"," ","106.84"
"26/11/2018 06:00:00 - 26/11/2018 07:00:00","BZN|DK1","103.50","n/e"," ","114.64"
"26/11/2018 07:00:00 - 26/11/2018 08:00:00","BZN|DK1","105.14","n/e"," ","113.80"
"26/11/2018 08:00:00 - 26/11/2018 09:00:00","BZN|DK1","89.58","n/e"," ","112.05"
"26/11/2018 09:00:00 - 26/11/2018 10:00:00","BZN|DK1","68.71","n/e"," ","112.92"
"26/11/2018 10:00:00 - 26/11/2018 11:00:00","BZN|DK1","47.71","n/e"," ","85.56"
"26/11/2018 11:00:00 - 26/11/2018 12:00:00","BZN|DK1","37.29","n/e"," ","39.96"
"26/11/2018 12:00:00 - 26/11/2018 13:00:00","BZN|DK1","30.29","n/e"," ","23.97"
"26/11/2018 13:00:00 - 26/11/2018 14:00:00","BZN|DK1","25.88","n/e"," ","32.78"
"26/11/2018 14:00:00 - 26/11/2018 15:00:00","BZN|DK1","23.92","n/e"," ","56.96"
"26/11/2018 15:00:00 - 26/11/2018 16:00:00","BZN|DK1","26.38","n/e"," ","37.86"
"26/11/2018 16:00:00 - 26/11/2018 17:00:00","BZN|DK1","30.08","n/e"," ","29.84"
"26/11/2018 17:00:00 - 26/11/2018 18:00:00","BZN|DK1","34.04","n/e"," ","61.42"
"26/11/2018 18:00:00 - 26/11/2018 19:00:00","BZN|DK1","35.13","n/e"," ","73.09"
"26/11/2018 19:00:00 - 26/11/2018 20:00:00","BZN|DK1","31.88","n/e"," ","72.07"
"26/11/2018 20:00:00 - 26/11/2018 21:00:00","BZN|DK1","26.13","n/e"," ","75.38"
"26/11/2018 21:00:00 - 26/11/2018 22:00:00","BZN|DK1","23.54","n/e"," ","35.72"
"26/11/2018 22:00:00 - 26/11/2018 23:00:00","BZN|DK1","22.13","n/e"," ","69.54"
"26/11/2018 23:00:00 - 27/11/2018 00:00:00","BZN|DK1","22.04","n/e"," ","73.16"
"27/11/2018 00:00:00 - 27/11/2018 01:00:00","BZN|DK1","72.82","n/e"," ","80.12"
"27/11/2018 01:00:00 - 27/11/2018 02:00:00","BZN|DK1","122.86","n/e"," ","127.44"
"27/11/2018 02:00:00 - 27/11/2018 03:00:00","BZN|DK1","84.03","n/e"," ","82.16"
"27/11/2018 03:00:00 - 27/11/2018 04:00:00","BZN|DK1","46.55","n/e"," ","47.89"
"27/11/2018 04:00:00 - 27/11/2018 05:00:00","BZN|DK1","30.62","n/e"," ","31.00"
"27/11/2018 05:00:00 - 27/11/2018 06:00:00","BZN|DK1","16.18","n/e"," ","19.19"
"27/11/2018 06:00:00 - 27/11/2018 07:00:00","BZN|DK1","16.58","n/e"," ","22.55"
"27/11/2018 07:00:00 - 27/11/2018 08:00:00","BZN|DK1","19.45","n/e"," ","28.50"
"27/11/2018 08:00:00 - 27/11/2018 09:00:00","BZN|DK1","23.61","n/e"," ","34.86"
"27/11/2018 09:00:00 - 27/11/2018 10:00:00","BZN|DK1","24.33","n/e"," ","31.69"
"27/11/2018 10:00:00 - 27/11/2018 11:00:00","BZN|DK1","23.71","n/e"," ","30.77"
"27/11/2018 11:00:00 - 27/11/2018 12:00:00","BZN|DK1","25.75","n/e"," ","36.19"
"27/11/2018 12:00:00 - 27/11/2018 13:00:00","BZN|DK1","29.63","n/e"," ","27.98"
"27/11/2018 13:00:00 - 27/11/2018 14:00:00","BZN|DK1","37.54","n/e"," ","41.99"
"27/11/2018 14:00:00 - 27/11/2018 15:00:00","BZN|DK1","51.83","n/e"," ","78.75"
"27/11/2018 15:00:00 - 27/11/2018 16:00:00","BZN|DK1","68.50","n/e"," ","79.47"
"27/11/2018 16:00:00 - 27/11/2018 17:00:00","BZN|DK1","83.42","n/e"," ","118.72"
"27/11/2018 17:00:00 - 27/11/2018 18:00:00","BZN|DK1","98.42","n/e"," ","167.62"
"27/11/2018 18:00:00 - 27/11/2018 19:00:00","BZN|DK1","116.54","n/e"," ","168.55"
"27/11/2018 19:00:00 - 27/11/2018 20:00:00","BZN|DK1","137.25","n/e"," ","175.54"
"27/11/2018 20:00:00 - 27/11/2018 21:00:00","BZN|DK1","158.75","n/e"," ","229.79"
"27/11/2018 21:00:00 - 27/11/2018 22:00:00","BZN|DK1","187.71","n/e"," ","245.63"
"27/11/2018 22:00:00 - 27/11/2018 23:00:00","BZN|DK1","221.83","n/e"," ","300.13"
"27/11/2018 23:00:00 - 28/11/2018 00:00:00","BZN|DK1","255.88","n/e"," ","334.76"
"28/11/2018 00:00:00 - 28/11/2018 01:00:00","BZN|DK1","333.17","n/e"," ","362.50"
"28/11/2018 01:00:00 - 28/11/2018 02:00:00","BZN|DK1","355.24","n/e"," ","385.83"
"28/11/2018 02:00:00 - 28/11/2018 03:00:00","BZN|DK1","392.48","n/e"," ","423.05"
"28/11/2018 03:00:00 - 28/11/2018 04:00:00","BZN|DK1","359.32","n/e"," ","395.58"
"28/11/2018 04:00:00 - 28/11/2018 05:00:00","BZN|DK1","438.88","n/e"," ","470.04"
"28/11/2018 05:00:00 - 28/11/2018 06:00:00","BZN|DK1","521.69","n/e"," ","560.16"
"28/11/2018 06:00:00 - 28/11/2018 07:00:00","BZN|DK1","367.81","n/e"," ","415.67"
"28/11/2018 07:00:00 - 28/11/2018 08:00:00","BZN|DK1","373.88","n/e"," ","439.94"
"28/11/2018 08:00:00 - 28/11/2018 09:00:00","BZN|DK1","533.71","n/e"," ","574.86"
"28/11/2018 09:00:00 - 28/11/2018 10:00:00","BZN|DK1","609.96","n/e"," ","506.99"
"28/11/2018 10:00:00 - 28/11/2018 11:00:00","BZN|DK1","610.00","n/e"," ","637.07"
"28/11/2018 11:00:00 - 28/11/2018 12:00:00","BZN|DK1","562.04","n/e"," ","641.35"
"28/11/2018 12:00:00 - 28/11/2018 13:00:00","BZN|DK1","569.25","n/e"," ","449.15"
"28/11/2018 13:00:00 - 28/11/2018 14:00:00","BZN|DK1","577.63","n/e"," ","459.03"
"28/11/2018 14:00:00 - 28/11/2018 15:00:00","BZN|DK1","585.67","n/e"," ","564.40"
"28/11/2018 15:00:00 - 28/11/2018 16:00:00","BZN|DK1","593.75","n/e"," ","457.03"
"28/11/2018 16:00:00 - 28/11/2018 17:00:00","BZN|DK1","602.00","n/e"," ","452.36"
"28/11/2018 17:00:00 - 28/11/2018 18:00:00","BZN|DK1","608.83","n/e"," ","452.22"
"28/11/2018 18:00:00 - 28/11/2018 19:00:00","BZN|DK1","610.00","n/e"," ","445.46"
"28/11/2018 19:00:00 - 28/11/2018 20:00:00","BZN|DK1","610.00","n/e"," ","447.55"
"28/11/2018 20:00:00 - 28/11/2018 21:00:00","BZN|DK1","609.63","n/e"," ","653.60"
"28/11/2018 21:00:00 - 28/11/2018 22:00:00","BZN|DK1","609.00","n/e"," ","654.06"
"28/11/2018 22:00:00 - 28/11/2018 23:00:00","BZN|DK1","609.38","n/e"," ","654.13"
"28/11/2018 23:00:00 - 29/11/2018 00:00:00","BZN|DK1","610.13","n/e"," ","654.05"
"29/11/2018 00:00:00 - 29/11/2018 01:00:00","BZN|DK1","590.83","n/e"," ","650.88"
"29/11/2018 01:00:00 - 29/11/2018 02:00:00","BZN|DK1","441.43","n/e"," ","500.04"
"29/11/2018 02:00:00 - 29/11/2018 03:00:00","BZN|DK1","588.13","n/e"," ","642.47"
"29/11/2018 03:00:00 - 29/11/2018 04:00:00","BZN|DK1","591.13","n/e"," ","646.14"
"29/11/2018 04:00:00 - 29/11/2018 05:00:00","BZN|DK1","590.80","n/e"," ","644.72"
"29/11/2018 05:00:00 - 29/11/2018 06:00:00","BZN|DK1","589.91","n/e"," ","646.02"
"29/11/2018 06:00:00 - 29/11/2018 07:00:00","BZN|DK1","406.96","n/e"," ","466.15"
"29/11/2018 07:00:00 - 29/11/2018 08:00:00","BZN|DK1","566.69","n/e"," ","650.27"
"29/11/2018 08:00:00 - 29/11/2018 09:00:00","BZN|DK1","592.34","n/e"," ","550.20"
"29/11/2018 09:00:00 - 29/11/2018 10:00:00","BZN|DK1","592.67","n/e"," ","651.84"
"29/11/2018 10:00:00 - 29/11/2018 11:00:00","BZN|DK1","590.50","n/e"," ","465.12"
"29/11/2018 11:00:00 - 29/11/2018 12:00:00","BZN|DK1","591.13","n/e"," ","574.01"
"29/11/2018 12:00:00 - 29/11/2018 13:00:00","BZN|DK1","592.00","n/e"," ","647.73"
"29/11/2018 13:00:00 - 29/11/2018 14:00:00","BZN|DK1","592.00","n/e"," ","645.59"
"29/11/2018 14:00:00 - 29/11/2018 15:00:00","BZN|DK1","592.00","n/e"," ","648.29"
"29/11/2018 15:00:00 - 29/11/2018 16:00:00","BZN|DK1","592.00","n/e"," ","652.29"
"29/11/2018 16:00:00 - 29/11/2018 17:00:00","BZN|DK1","592.00","n/e"," ","653.21"
"29/11/2018 17:00:00 - 29/11/2018 18:00:00","BZN|DK1","592.00","n/e"," ","654.55"
"29/11/2018 18:00:00 - 29/11/2018 19:00:00","BZN|DK1","592.00","n/e"," ","654.49"
"29/11/2018 19:00:00 - 29/11/2018 20:00:00","BZN|DK1","592.00","n/e"," ","654.61"
"29/11/2018 20:00:00 - 29/11/2018 21:00:00","BZN|DK1","592.00","n/e"," ","654.76"
"29/11/2018 21:00:00 - 29/11/2018 22:00:00","BZN|DK1","592.00","n/e"," ","653.29"
"29/11/2018 22:00:00 - 29/11/2018 23:00:00","BZN|DK1","592.00","n/e"," ","651.39"
"29/11/2018 23:00:00 - 30/11/2018 00:00:00","BZN|DK1","592.00","n/e"," ","645.86"
"30/11/2018 00:00:00 - 30/11/2018 01:00:00","BZN|DK1","591.69","n/e"," ","641.05"
"30/11/2018 01:00:00 - 30/11/2018 02:00:00","BZN|DK1","588.03","n/e"," ","637.27"
"30/11/2018 02:00:00 - 30/11/2018 03:00:00","BZN|DK1","590.48","n/e"," ","639.89"
"30/11/2018 03:00:00 - 30/11/2018 04:00:00","BZN|DK1","593.13","n/e"," ","640.32"
"30/11/2018 04:00:00 - 30/11/2018 05:00:00","BZN|DK1","593.45","n/e"," ","638.98"
"30/11/2018 05:00:00 - 30/11/2018 06:00:00","BZN|DK1","593.01","n/e"," ","639.50"
"30/11/2018 06:00:00 - 30/11/2018 07:00:00","BZN|DK1","593.11","n/e"," ","639.77"
"30/11/2018 07:00:00 - 30/11/2018 08:00:00","BZN|DK1","590.26","n/e"," ","641.83"
"30/11/2018 08:00:00 - 30/11/2018 09:00:00","BZN|DK1","586.68","n/e"," ","637.52"
"30/11/2018 09:00:00 - 30/11/2018 10:00:00","BZN|DK1","588.83","n/e"," ","632.25"
"30/11/2018 10:00:00 - 30/11/2018 11:00:00","BZN|DK1","593.75","n/e"," ","631.75"
"30/11/2018 11:00:00 - 30/11/2018 12:00:00","BZN|DK1","594.00","n/e"," ","623.97"
"30/11/2018 12:00:00 - 30/11/2018 13:00:00","BZN|DK1","593.79","n/e"," ","628.05"
"30/11/2018 13:00:00 - 30/11/2018 14:00:00","BZN|DK1","592.79","n/e"," ","623.66"
"30/11/2018 14:00:00 - 30/11/2018 15:00:00","BZN|DK1","590.50","n/e"," ","614.14"
"30/11/2018 15:00:00 - 30/11/2018 16:00:00","BZN|DK1","585.38","n/e"," ","616.45"
"30/11/2018 16:00:00 - 30/11/2018 17:00:00","BZN|DK1","580.33","n/e"," ","618.32"
"30/11/2018 17:00:00 - 30/11/2018 18:00:00","BZN|DK1","579.04","n/e"," ","617.21"
"30/11/2018 18:00:00 - 30/11/2018 19:00:00","BZN|DK1","580.38","n/e"," ","600.03"
"30/11/2018 19:00:00 - 30/11/2018 20:00:00","BZN|DK1","581.00","n/e"," ","611.33"
"30/11/2018 20:00:00 - 30/11/2018 21:00:00","BZN|DK1","580.71","n/e"," ","602.50"
"30/11/2018 21:00:00 - 30/11/2018 22:00:00","BZN|DK1","579.88","n/e"," ","582.82"
"30/11/2018 22:00:00 - 30/11/2018 23:00:00","BZN|DK1","578.96","n/e"," ","601.59"
"30/11/2018 23:00:00 - 01/12/2018 00:00:00","BZN|DK1","577.38","n/e"," ","595.30"
"01/12/2018 00:00:00 - 01/12/2018 01:00:00","BZN|DK1","535.96","n/e"," ","557.02"
"01/12/2018 01:00:00 - 01/12/2018 02:00:00","BZN|DK1","516.00","n/e"," ","585.00"
"01/12/2018 02:00:00 - 01/12/2018 03:00:00","BZN|DK1","525.46","n/e"," ","565.94"
"01/12/2018 03:00:00 - 01/12/2018 04:00:00","BZN|DK1","522.08","n/e"," ","574.14"
"01/12/2018 04:00:00 - 01/12/2018 05:00:00","BZN|DK1","511.21","n/e"," ","558.73"
"01/12/2018 05:00:00 - 01/12/2018 06:00:00","BZN|DK1","503.83","n/e"," ","525.58"
"01/12/2018 06:00:00 - 01/12/2018 07:00:00","BZN|DK1","487.42","n/e"," ","522.71"
"01/12/2018 07:00:00 - 01/12/2018 08:00:00","BZN|DK1","406.39","n/e"," ","415.62"
"01/12/2018 08:00:00 - 01/12/2018 09:00:00","BZN|DK1","328.96","n/e"," ","466.53"
"01/12/2018 09:00:00 - 01/12/2018 10:00:00","BZN|DK1","316.50","n/e"," ","499.92"
"01/12/2018 10:00:00 - 01/12/2018 11:00:00","BZN|DK1","305.13","n/e"," ","464.68"
"01/12/2018 11:00:00 - 01/12/2018 12:00:00","BZN|DK1","284.21","n/e"," ","463.22"
"01/12/2018 12:00:00 - 01/12/2018 13:00:00","BZN|DK1","239.88","n/e"," ","451.81"
"01/12/2018 13:00:00 - 01/12/2018 14:00:00","BZN|DK1","181.92","n/e"," ","372.87"
"01/12/2018 14:00:00 - 01/12/2018 15:00:00","BZN|DK1","144.83","n/e"," ","292.51"
"01/12/2018 15:00:00 - 01/12/2018 16:00:00","BZN|DK1","132.29","n/e"," ","171.30"
"01/12/2018 16:00:00 - 01/12/2018 17:00:00","BZN|DK1","136.33","n/e"," ","191.50"
"01/12/2018 17:00:00 - 01/12/2018 18:00:00","BZN|DK1","166.29","n/e"," ","241.47"
"01/12/2018 18:00:00 - 01/12/2018 19:00:00","BZN|DK1","218.13","n/e"," ","257.80"
"01/12/2018 19:00:00 - 01/12/2018 20:00:00","BZN|DK1","278.29","n/e"," ","342.20"
"01/12/2018 20:00:00 - 01/12/2018 21:00:00","BZN|DK1","323.58","n/e"," ","370.58"
"01/12/2018 21:00:00 - 01/12/2018 22:00:00","BZN|DK1","349.96","n/e"," ","394.67"
"01/12/2018 22:00:00 - 01/12/2018 23:00:00","BZN|DK1","361.92","n/e"," ","476.90"
"01/12/2018 23:00:00 - 02/12/2018 00:00:00","BZN|DK1","374.38","n/e"," ","424.63"
"02/12/2018 00:00:00 - 02/12/2018 01:00:00","BZN|DK1","417.93","n/e"," ","431.90"
"02/12/2018 01:00:00 - 02/12/2018 02:00:00","BZN|DK1","347.01","n/e"," ","374.57"
"02/12/2018 02:00:00 - 02/12/2018 03:00:00","BZN|DK1","397.21","n/e"," ","429.68"
"02/12/2018 03:00:00 - 02/12/2018 04:00:00","BZN|DK1","458.44","n/e"," ","493.75"
"02/12/2018 04:00:00 - 02/12/2018 05:00:00","BZN|DK1","472.62","n/e"," ","515.18"
"02/12/2018 05:00:00 - 02/12/2018 06:00:00","BZN|DK1","453.06","n/e"," ","498.60"
"02/12/2018 06:00:00 - 02/12/2018 07:00:00","BZN|DK1","514.53","n/e"," ","571.18"
"02/12/2018 07:00:00 - 02/12/2018 08:00:00","BZN|DK1","547.90","n/e"," ","597.75"
"02/12/2018 08:00:00 - 02/12/2018 09:00:00","BZN|DK1","548.86","n/e"," ","608.73"
"02/12/2018 09:00:00 - 02/12/2018 10:00:00","BZN|DK1","550.29","n/e"," ","606.08"
"02/12/2018 10:00:00 - 02/12/2018 11:00:00","BZN|DK1","538.63","n/e"," ","595.89"
"02/12/2018 11:00:00 - 02/12/2018 12:00:00","BZN|DK1","517.83","n/e"," ","587.48"
"02/12/2018 12:00:00 - 02/12/2018 13:00:00","BZN|DK1","496.63","n/e"," ","560.66"
"02/12/2018 13:00:00 - 02/12/2018 14:00:00","BZN|DK1","479.67","n/e"," ","500.16"
"02/12/2018 14:00:00 - 02/12/2018 15:00:00","BZN|DK1","468.38","n/e"," ","496.58"
"02/12/2018 15:00:00 - 02/12/2018 16:00:00","BZN|DK1","460.33","n/e"," ","459.38"
"02/12/2018 16:00:00 - 02/12/2018 17:00:00","BZN|DK1","451.50","n/e"," ","434.47"
"02/12/2018 17:00:00 - 02/12/2018 18:00:00","BZN|DK1","433.17","n/e"," ","451.78"
"02/12/2018 18:00:00 - 02/12/2018 19:00:00","BZN|DK1","404.63","n/e"," ","444.23"
"02/12/2018 19:00:00 - 02/12/2018 20:00:00","BZN|DK1","374.38","n/e"," ","425.46"
"02/12/2018 20:00:00 - 02/12/2018 21:00:00","BZN|DK1","349.04","n/e"," ","389.72"
"02/12/2018 21:00:00 - 02/12/2018 22:00:00","BZN|DK1","342.79","n/e"," ","408.33"
"02/12/2018 22:00:00 - 02/12/2018 23:00:00","BZN|DK1","364.25","n/e"," ","342.88"
"02/12/2018 23:00:00 - 03/12/2018 00:00:00","BZN|DK1","396.25","n/e"," ","251.13"
"03/12/2018 00:00:00 - 03/12/2018 01:00:00","BZN|DK1","257.63","n/e"," ","274.09"
"03/12/2018 01:00:00 - 03/12/2018 02:00:00","BZN|DK1","261.75","n/e"," ","274.95"
"03/12/2018 02:00:00 - 03/12/2018 03:00:00","BZN|DK1","288.08","n/e"," ","313.70"
"03/12/2018 03:00:00 - 03/12/2018 04:00:00","BZN|DK1","368.29","n/e"," ","424.88"
"03/12/2018 04:00:00 - 03/12/2018 05:00:00","BZN|DK1","471.83","n/e"," ","547.75"
"03/12/2018 05:00:00 - 03/12/2018 06:00:00","BZN|DK1","508.42","n/e"," ","586.08"
"03/12/2018 06:00:00 - 03/12/2018 07:00:00","BZN|DK1","563.38","n/e"," ","600.10"
"03/12/2018 07:00:00 - 03/12/2018 08:00:00","BZN|DK1","575.16","n/e"," ","624.97"
"03/12/2018 08:00:00 - 03/12/2018 09:00:00","BZN|DK1","578.88","n/e"," ","634.27"
"03/12/2018 09:00:00 - 03/12/2018 10:00:00","BZN|DK1","586.54","n/e"," ","634.91"
"03/12/2018 10:00:00 - 03/12/2018 11:00:00","BZN|DK1","588.21","n/e"," ","638.95"
"03/12/2018 11:00:00 - 03/12/2018 12:00:00","BZN|DK1","589.00","n/e"," ","639.47"
"03/12/2018 12:00:00 - 03/12/2018 13:00:00","BZN|DK1","589.79","n/e"," ","637.71"
"03/12/2018 13:00:00 - 03/12/2018 14:00:00","BZN|DK1","590.29","n/e"," ","643.75"
"03/12/2018 14:00:00 - 03/12/2018 15:00:00","BZN|DK1","591.00","n/e"," ","642.37"
"03/12/2018 15:00:00 - 03/12/2018 16:00:00","BZN|DK1","590.63","n/e"," ","640.85"
"03/12/2018 16:00:00 - 03/12/2018 17:00:00","BZN|DK1","589.50","n/e"," ","613.36"
"03/12/2018 17:00:00 - 03/12/2018 18:00:00","BZN|DK1","587.17","n/e"," ","565.01"
"03/12/2018 18:00:00 - 03/12/2018 19:00:00","BZN|DK1","585.33","n/e"," ","560.53"
"03/12/2018 19:00:00 - 03/12/2018 20:00:00","BZN|DK1","584.00","n/e"," ","555.39"
"03/12/2018 20:00:00 - 03/12/2018 21:00:00","BZN|DK1","585.25","n/e"," ","558.61"
"03/12/2018 21:00:00 - 03/12/2018 22:00:00","BZN|DK1","588.00","n/e"," ","566.05"
"03/12/2018 22:00:00 - 03/12/2018 23:00:00","BZN|DK1","590.54","n/e"," ","564.94"
"03/12/2018 23:00:00 - 04/12/2018 00:00:00","BZN|DK1","592.50","n/e"," ","612.92"
"04/12/2018 00:00:00 - 04/12/2018 01:00:00","BZN|DK1","593.05","n/e"," ","643.25"
"04/12/2018 01:00:00 - 04/12/2018 02:00:00","BZN|DK1","592.17","n/e"," ","648.90"
"04/12/2018 02:00:00 - 04/12/2018 03:00:00","BZN|DK1","590.73","n/e"," ","650.04"
"04/12/2018 03:00:00 - 04/12/2018 04:00:00","BZN|DK1","590.75","n/e"," ","649.90"
"04/12/2018 04:00:00 - 04/12/2018 05:00:00","BZN|DK1","590.11","n/e"," ","646.91"
"04/12/2018 05:00:00 - 04/12/2018 06:00:00","BZN|DK1","590.43","n/e"," ","650.57"
"04/12/2018 06:00:00 - 04/12/2018 07:00:00","BZN|DK1","590.28","n/e"," ","650.25"
"04/12/2018 07:00:00 - 04/12/2018 08:00:00","BZN|DK1","590.85","n/e"," ","649.77"
"04/12/2018 08:00:00 - 04/12/2018 09:00:00","BZN|DK1","591.99","n/e"," ","650.19"
"04/12/2018 09:00:00 - 04/12/2018 10:00:00","BZN|DK1","593.00","n/e"," ","650.14"
"04/12/2018 10:00:00 - 04/12/2018 11:00:00","BZN|DK1","593.00","n/e"," ","651.51"
"04/12/2018 11:00:00 - 04/12/2018 12:00:00","BZN|DK1","593.00","n/e"," ","651.86"
"04/12/2018 12:00:00 - 04/12/2018 13:00:00","BZN|DK1","592.79","n/e"," ","652.10"
"04/12/2018 13:00:00 - 04/12/2018 14:00:00","BZN|DK1","592.13","n/e"," ","652.10"
"04/12/2018 14:00:00 - 04/12/2018 15:00:00","BZN|DK1","593.00","n/e"," ","651.99"
"04/12/2018 15:00:00 - 04/12/2018 16:00:00","BZN|DK1","592.38","n/e"," ","650.32"
"04/12/2018 16:00:00 - 04/12/2018 17:00:00","BZN|DK1","591.79","n/e"," ","647.79"
"04/12/2018 17:00:00 - 04/12/2018 18:00:00","BZN|DK1","590.08","n/e"," ","641.89"
"04/12/2018 18:00:00 - 04/12/2018 19:00:00","BZN|DK1","584.92","n/e"," ","609.88"
"04/12/2018 19:00:00 - 04/12/2018 20:00:00","BZN|DK1","568.38","n/e"," ","619.80"
"04/12/2018 20:00:00 - 04/12/2018 21:00:00","BZN|DK1","536.50","n/e"," ","559.91"
"04/12/2018 21:00:00 - 04/12/2018 22:00:00","BZN|DK1","505.96","n/e"," ","474.31"
"04/12/2018 22:00:00 - 04/12/2018 23:00:00","BZN|DK1","483.38","n/e"," ","527.09"
"04/12/2018 23:00:00 - 05/12/2018 00:00:00","BZN|DK1","471.79","n/e"," ","447.50"
"05/12/2018 00:00:00 - 05/12/2018 01:00:00","BZN|DK1","392.04","n/e"," ","417.15"
"05/12/2018 01:00:00 - 05/12/2018 02:00:00","BZN|DK1","535.98","n/e"," ","566.65"
"05/12/2018 02:00:00 - 05/12/2018 03:00:00","BZN|DK1","531.94","n/e"," ","551.75"
"05/12/2018 03:00:00 - 05/12/2018 04:00:00","BZN|DK1","548.15","n/e"," ","565.14"
"05/12/2018 04:00:00 - 05/12/2018 05:00:00","BZN|DK1","406.83","n/e"," ","411.95"
"05/12/2018 05:00:00 - 05/12/2018 06:00:00","BZN|DK1","227.62","n/e"," ","216.27"
"05/12/2018 06:00:00 - 05/12/2018 07:00:00","BZN|DK1","191.90","n/e"," ","202.18"
"05/12/2018 07:00:00 - 05/12/2018 08:00:00","BZN|DK1","213.07","n/e"," ","219.63"
"05/12/2018 08:00:00 - 05/12/2018 09:00:00","BZN|DK1","201.17","n/e"," ","116.87"
"05/12/2018 09:00:00 - 05/12/2018 10:00:00","BZN|DK1","166.79","n/e"," ","72.60"
"05/12/2018 10:00:00 - 05/12/2018 11:00:00","BZN|DK1","150.33","n/e"," ","56.11"
"05/12/2018 11:00:00 - 05/12/2018 12:00:00","BZN|DK1","142.54","n/e"," ","81.12"
"05/12/2018 12:00:00 - 05/12/2018 13:00:00","BZN|DK1","151.42","n/e"," ","170.07"
"05/12/2018 13:00:00 - 05/12/2018 14:00:00","BZN|DK1","175.00","n/e"," ","166.11"
"05/12/2018 14:00:00 - 05/12/2018 15:00:00","BZN|DK1","214.54","n/e"," ","194.26"
"05/12/2018 15:00:00 - 05/12/2018 16:00:00","BZN|DK1","253.92","n/e"," ","239.27"
"05/12/2018 16:00:00 - 05/12/2018 17:00:00","BZN|DK1","299.25","n/e"," ","273.82"
"05/12/2018 17:00:00 - 05/12/2018 18:00:00","BZN|DK1","355.83","n/e"," ","351.18"
"05/12/2018 18:00:00 - 05/12/2018 19:00:00","BZN|DK1","404.38","n/e"," ","387.80"
"05/12/2018 19:00:00 - 05/12/2018 20:00:00","BZN|DK1","430.08","n/e"," ","325.01"
"05/12/2018 20:00:00 - 05/12/2018 21:00:00","BZN|DK1","432.63","n/e"," ","350.99"
"05/12/2018 21:00:00 - 05/12/2018 22:00:00","BZN|DK1","424.21","n/e"," ","379.86"
"05/12/2018 22:00:00 - 05/12/2018 23:00:00","BZN|DK1","416.83","n/e"," ","373.08"
"05/12/2018 23:00:00 - 06/12/2018 00:00:00","BZN|DK1","413.29","n/e"," ","359.79"
"06/12/2018 00:00:00 - 06/12/2018 01:00:00","BZN|DK1","348.98","n/e"," ","392.28"
"06/12/2018 01:00:00 - 06/12/2018 02:00:00","BZN|DK1","372.72","n/e"," ","406.10"
"06/12/2018 02:00:00 - 06/12/2018 03:00:00","BZN|DK1","341.19","n/e"," ","376.96"
"06/12/2018 03:00:00 - 06/12/2018 04:00:00","BZN|DK1","344.67","n/e"," ","372.34"
"06/12/2018 04:00:00 - 06/12/2018 05:00:00","BZN|DK1","203.66","n/e"," ","223.12"
"06/12/2018 05:00:00 - 06/12/2018 06:00:00","BZN|DK1","135.12","n/e"," ","169.70"
"06/12/2018 06:00:00 - 06/12/2018 07:00:00","BZN|DK1","206.53","n/e"," ","238.04"
"06/12/2018 07:00:00 - 06/12/2018 08:00:00","BZN|DK1","223.48","n/e"," ","247.58"
"06/12/2018 08:00:00 - 06/12/2018 09:00:00","BZN|DK1","228.55","n/e"," ","236.72"
"06/12/2018 09:00:00 - 06/12/2018 10:00:00","BZN|DK1","224.04","n/e"," ","228.67"
"06/12/2018 10:00:00 - 06/12/2018 11:00:00","BZN|DK1","251.79","n/e"," ","231.98"
"06/12/2018 11:00:00 - 06/12/2018 12:00:00","BZN|DK1","268.83","n/e"," ","226.47"
"06/12/2018 12:00:00 - 06/12/2018 13:00:00","BZN|DK1","292.88","n/e"," ","274.48"
"06/12/2018 13:00:00 - 06/12/2018 14:00:00","BZN|DK1","321.33","n/e"," ","331.11"
"06/12/2018 14:00:00 - 06/12/2018 15:00:00","BZN|DK1","354.58","n/e"," ","347.57"
"06/12/2018 15:00:00 - 06/12/2018 16:00:00","BZN|DK1","379.46","n/e"," ","360.83"
"06/12/2018 16:00:00 - 06/12/2018 17:00:00","BZN|DK1","397.79","n/e"," ","400.01"
"06/12/2018 17:00:00 - 06/12/2018 18:00:00","BZN|DK1","416.58","n/e"," ","474.71"
"06/12/2018 18:00:00 - 06/12/2018 19:00:00","BZN|DK1","436.83","n/e"," ","564.56"
"06/12/2018 19:00:00 - 06/12/2018 20:00:00","BZN|DK1","463.75","n/e"," ","580.87"
"06/12/2018 20:00:00 - 06/12/2018 21:00:00","BZN|DK1","477.58","n/e"," ","528.95"
"06/12/2018 21:00:00 - 06/12/2018 22:00:00","BZN|DK1","486.50","n/e"," ","556.48"
"06/12/2018 22:00:00 - 06/12/2018 23:00:00","BZN|DK1","506.38","n/e"," ","570.30"
"06/12/2018 23:00:00 - 07/12/2018 00:00:00","BZN|DK1","525.33","n/e"," ","613.86"
"07/12/2018 00:00:00 - 07/12/2018 01:00:00","BZN|DK1","581.77","n/e"," ","633.35"
"07/12/2018 01:00:00 - 07/12/2018 02:00:00","BZN|DK1","506.57","n/e"," ","547.82"
"07/12/2018 02:00:00 - 07/12/2018 03:00:00","BZN|DK1","429.98","n/e"," ","456.38"
"07/12/2018 03:00:00 - 07/12/2018 04:00:00","BZN|DK1","363.94","n/e"," ","385.89"
"07/12/2018 04:00:00 - 07/12/2018 05:00:00","BZN|DK1","389.35","n/e"," ","421.09"
"07/12/2018 05:00:00 - 07/12/2018 06:00:00","BZN|DK1","368.31","n/e"," ","391.27"
"07/12/2018 06:00:00 - 07/12/2018 07:00:00","BZN|DK1","341.12","n/e"," ","366.64"
"07/12/2018 07:00:00 - 07/12/2018 08:00:00","BZN|DK1","251.92","n/e"," ","271.45"
"07/12/2018 08:00:00 - 07/12/2018 09:00:00","BZN|DK1","252.57","n/e"," ","243.91"
"07/12/2018 09:00:00 - 07/12/2018 10:00:00","BZN|DK1","280.04","n/e"," ","206.40"
"07/12/2018 10:00:00 - 07/12/2018 11:00:00","BZN|DK1","309.50","n/e"," ","250.10"
"07/12/2018 11:00:00 - 07/12/2018 12:00:00","BZN|DK1","325.13","n/e"," ","317.52"
"07/12/2018 12:00:00 - 07/12/2018 13:00:00","BZN|DK1","348.33","n/e"," ","295.61"
"07/12/2018 13:00:00 - 07/12/2018 14:00:00","BZN|DK1","420.67","n/e"," ","349.98"
"07/12/2018 14:00:00 - 07/12/2018 15:00:00","BZN|DK1","536.58","n/e"," ","533.15"
"07/12/2018 15:00:00 - 07/12/2018 16:00:00","BZN|DK1","584.00","n/e"," ","641.06"
"07/12/2018 16:00:00 - 07/12/2018 17:00:00","BZN|DK1","584.00","n/e"," ","653.77"
"07/12/2018 17:00:00 - 07/12/2018 18:00:00","BZN|DK1","583.38","n/e"," ","654.81"
"07/12/2018 18:00:00 - 07/12/2018 19:00:00","BZN|DK1","583.00","n/e"," ","658.62"
"07/12/2018 19:00:00 - 07/12/2018 20:00:00","BZN|DK1","583.71","n/e"," ","659.69"
"07/12/2018 20:00:00 - 07/12/2018 21:00:00","BZN|DK1","584.13","n/e"," ","652.04"
"07/12/2018 21:00:00 - 07/12/2018 22:00:00","BZN|DK1","585.00","n/e"," ","639.36"
"07/12/2018 22:00:00 - 07/12/2018 23:00:00","BZN|DK1","585.00","n/e"," ","655.14"
"07/12/2018 23:00:00 - 08/12/2018 00:00:00","BZN|DK1","585.00","n/e"," ","654.23"
"08/12/2018 00:00:00 - 08/12/2018 01:00:00","BZN|DK1","596.36","n/e"," ","650.64"
"08/12/2018 01:00:00 - 08/12/2018 02:00:00","BZN|DK1","595.73","n/e"," ","645.69"
"08/12/2018 02:00:00 - 08/12/2018 03:00:00","BZN|DK1","591.65","n/e"," ","641.52"
"08/12/2018 03:00:00 - 08/12/2018 04:00:00","BZN|DK1","224.18","n/e"," ","265.15"
"08/12/2018 04:00:00 - 08/12/2018 05:00:00","BZN|DK1","536.27","n/e"," ","615.97"
"08/12/2018 05:00:00 - 08/12/2018 06:00:00","BZN|DK1","528.62","n/e"," ","578.39"
"08/12/2018 06:00:00 - 08/12/2018 07:00:00","BZN|DK1","549.81","n/e"," ","609.39"
"08/12/2018 07:00:00 - 08/12/2018 08:00:00","BZN|DK1","597.56","n/e"," ","655.99"
"08/12/2018 08:00:00 - 08/12/2018 09:00:00","BZN|DK1","598.39","n/e"," ","648.44"
"08/12/2018 09:00:00 - 08/12/2018 10:00:00","BZN|DK1","602.33","n/e"," ","650.61"
"08/12/2018 10:00:00 - 08/12/2018 11:00:00","BZN|DK1","596.79","n/e"," ","653.65"
"08/12/2018 11:00:00 - 08/12/2018 12:00:00","BZN|DK1","596.00","n/e"," ","655.94"
"08/12/2018 12:00:00 - 08/12/2018 13:00:00","BZN|DK1","596.88","n/e"," ","659.10"
"08/12/2018 13:00:00 - 08/12/2018 14:00:00","BZN|DK1","596.21","n/e"," ","658.51"
"08/12/2018 14:00:00 - 08/12/2018 15:00:00","BZN|DK1","596.00","n/e"," ","656.82"
"08/12/2018 15:00:00 - 08/12/2018 16:00:00","BZN|DK1","595.13","n/e"," ","656.40"
"08/12/2018 16:00:00 - 08/12/2018 17:00:00","BZN|DK1","595.00","n/e"," ","658.99"
"08/12/2018 17:00:00 - 08/12/2018 18:00:00","BZN|DK1","595.00","n/e"," ","659.62"
"08/12/2018 18:00:00 - 08/12/2018 19:00:00","BZN|DK1","595.54","n/e"," ","659.02"
"08/12/2018 19:00:00 - 08/12/2018 20:00:00","BZN|DK1","596.00","n/e"," ","657.94"
"08/12/2018 20:00:00 - 08/12/2018 21:00:00","BZN|DK1","596.63","n/e"," ","658.06"
"08/12/2018 21:00:00 - 08/12/2018 22:00:00","BZN|DK1","597.00","n/e"," ","658.02"
"08/12/2018 22:00:00 - 08/12/2018 23:00:00","BZN|DK1","597.00","n/e"," ","651.56"
"08/12/2018 23:00:00 - 09/12/2018 00:00:00","BZN|DK1","596.46","n/e"," ","643.93"
"09/12/2018 00:00:00 - 09/12/2018 01:00:00","BZN|DK1","218.58","n/e"," ","261.59"
"09/12/2018 01:00:00 - 09/12/2018 02:00:00","BZN|DK1","301.06","n/e"," ","373.62"
"09/12/2018 02:00:00 - 09/12/2018 03:00:00","BZN|DK1","316.83","n/e"," ","379.66"
"09/12/2018 03:00:00 - 09/12/2018 04:00:00","BZN|DK1","344.77","n/e"," ","370.57"
"09/12/2018 04:00:00 - 09/12/2018 05:00:00","BZN|DK1","283.63","n/e"," ","304.94"
"09/12/2018 05:00:00 - 09/12/2018 06:00:00","BZN|DK1","219.08","n/e"," ","256.40"
"09/12/2018 06:00:00 - 09/12/2018 07:00:00","BZN|DK1","283.39","n/e"," ","326.82"
"09/12/2018 07:00:00 - 09/12/2018 08:00:00","BZN|DK1","433.40","n/e"," ","463.80"
"09/12/2018 08:00:00 - 09/12/2018 09:00:00","BZN|DK1","480.94","n/e"," ","460.94"
"09/12/2018 09:00:00 - 09/12/2018 10:00:00","BZN|DK1","494.67","n/e"," ","495.67"
"09/12/2018 10:00:00 - 09/12/2018 11:00:00","BZN|DK1","491.21","n/e"," ","465.00"
"09/12/2018 11:00:00 - 09/12/2018 12:00:00","BZN|DK1","486.50","n/e"," ","429.24"
"09/12/2018 12:00:00 - 09/12/2018 13:00:00","BZN|DK1","473.21","n/e"," ","409.06"
"09/12/2018 13:00:00 - 09/12/2018 14:00:00","BZN|DK1","472.42","n/e"," ","382.76"
"09/12/2018 14:00:00 - 09/12/2018 15:00:00","BZN|DK1","498.38","n/e"," ","392.77"
"09/12/2018 15:00:00 - 09/12/2018 16:00:00","BZN|DK1","546.71","n/e"," ","519.98"
"09/12/2018 16:00:00 - 09/12/2018 17:00:00","BZN|DK1","599.83","n/e"," ","611.11"
"09/12/2018 17:00:00 - 09/12/2018 18:00:00","BZN|DK1","621.17","n/e"," ","645.53"
"09/12/2018 18:00:00 - 09/12/2018 19:00:00","BZN|DK1","624.25","n/e"," ","647.63"
"09/12/2018 19:00:00 - 09/12/2018 20:00:00","BZN|DK1","625.00","n/e"," ","633.38"
"09/12/2018 20:00:00 - 09/12/2018 21:00:00","BZN|DK1","625.00","n/e"," ","620.11"
"09/12/2018 21:00:00 - 09/12/2018 22:00:00","BZN|DK1","625.00","n/e"," ","643.83"
"09/12/2018 22:00:00 - 09/12/2018 23:00:00","BZN|DK1","625.00","n/e"," ","651.03"
"09/12/2018 23:00:00 - 10/12/2018 00:00:00","BZN|DK1","625.00","n/e"," ","650.89"
"10/12/2018 00:00:00 - 10/12/2018 01:00:00","BZN|DK1","594.02","n/e"," ","645.94"
"10/12/2018 01:00:00 - 10/12/2018 02:00:00","BZN|DK1","594.74","n/e"," ","646.33"
"10/12/2018 02:00:00 - 10/12/2018 03:00:00","BZN|DK1","594.57","n/e"," ","647.09"
"10/12/2018 03:00:00 - 10/12/2018 04:00:00","BZN|DK1","594.57","n/e"," ","646.96"
"10/12/2018 04:00:00 - 10/12/2018 05:00:00","BZN|DK1","595.02","n/e"," ","646.17"
"10/12/2018 05:00:00 - 10/12/2018 06:00:00","BZN|DK1","594.57","n/e"," ","655.01"
"10/12/2018 06:00:00 - 10/12/2018 07:00:00","BZN|DK1","594.18","n/e"," ","654.97"
"10/12/2018 07:00:00 - 10/12/2018 08:00:00","BZN|DK1","593.75","n/e"," ","655.18"
"10/12/2018 08:00:00 - 10/12/2018 09:00:00","BZN|DK1","591.00","n/e"," ","655.21"
"10/12/2018 09:00:00 - 10/12/2018 10:00:00","BZN|DK1","588.17","n/e"," ","654.66"
"10/12/2018 10:00:00 - 10/12/2018 11:00:00","BZN|DK1","595.50","n/e"," ","653.36"
"10/12/2018 11:00:00 - 10/12/2018 12:00:00","BZN|DK1","596.00","n/e"," ","652.89"
"10/12/2018 12:00:00 - 10/12/2018 13:00:00","BZN|DK1","595.63","n/e"," ","650.15"
"10/12/2018 13:00:00 - 10/12/2018 14:00:00","BZN|DK1","595.00","n/e"," ","652.50"
"10/12/2018 14:00:00 - 10/12/2018 15:00:00","BZN|DK1","594.79","n/e"," ","653.73"
"10/12/2018 15:00:00 - 10/12/2018 16:00:00","BZN|DK1","594.00","n/e"," ","652.94"
"10/12/2018 16:00:00 - 10/12/2018 17:00:00","BZN|DK1","593.21","n/e"," ","643.99"
"10/12/2018 17:00:00 - 10/12/2018 18:00:00","BZN|DK1","593.00","n/e"," ","640.17"
"10/12/2018 18:00:00 - 10/12/2018 19:00:00","BZN|DK1","593.54","n/e"," ","648.70"
"10/12/2018 19:00:00 - 10/12/2018 20:00:00","BZN|DK1","594.38","n/e"," ","650.66"
"10/12/2018 20:00:00 - 10/12/2018 21:00:00","BZN|DK1","595.54","n/e"," ","653.20"
"10/12/2018 21:00:00 - 10/12/2018 22:00:00","BZN|DK1","596.46","n/e"," ","651.50"
"10/12/2018 22:00:00 - 10/12/2018 23:00:00","BZN|DK1","597.00","n/e"," ","649.02"
"10/12/2018 23:00:00 - 11/12/2018 00:00:00","BZN|DK1","597.00","n/e"," ","646.43"
"11/12/2018 00:00:00 - 11/12/2018 01:00:00","BZN|DK1","593.82","n/e"," ","645.71"
"11/12/2018 01:00:00 - 11/12/2018 02:00:00","BZN|DK1","590.17","n/e"," ","642.25"
"11/12/2018 02:00:00 - 11/12/2018 03:00:00","BZN|DK1","588.90","n/e"," ","643.11"
"11/12/2018 03:00:00 - 11/12/2018 04:00:00","BZN|DK1","574.98","n/e"," ","629.14"
"11/12/2018 04:00:00 - 11/12/2018 05:00:00","BZN|DK1","564.84","n/e"," ","622.49"
"11/12/2018 05:00:00 - 11/12/2018 06:00:00","BZN|DK1","541.34","n/e"," ","594.42"
"11/12/2018 06:00:00 - 11/12/2018 07:00:00","BZN|DK1","501.48","n/e"," ","546.81"
"11/12/2018 07:00:00 - 11/12/2018 08:00:00","BZN|DK1","489.26","n/e"," ","520.96"
"11/12/2018 08:00:00 - 11/12/2018 09:00:00","BZN|DK1","483.17","n/e"," ","506.45"
"11/12/2018 09:00:00 - 11/12/2018 10:00:00","BZN|DK1","480.42","n/e"," ","489.80"
"11/12/2018 10:00:00 - 11/12/2018 11:00:00","BZN|DK1","474.83","n/e"," ","488.68"
"11/12/2018 11:00:00 - 11/12/2018 12:00:00","BZN|DK1","469.21","n/e"," ","494.96"
"11/12/2018 12:00:00 - 11/12/2018 13:00:00","BZN|DK1","459.92","n/e"," ","487.49"
"11/12/2018 13:00:00 - 11/12/2018 14:00:00","BZN|DK1","446.04","n/e"," ","514.34"
"11/12/2018 14:00:00 - 11/12/2018 15:00:00","BZN|DK1","427.75","n/e"," ","537.97"
"11/12/2018 15:00:00 - 11/12/2018 16:00:00","BZN|DK1","407.00","n/e"," ","552.16"
"11/12/2018 16:00:00 - 11/12/2018 17:00:00","BZN|DK1","388.08","n/e"," ","565.14"
"11/12/2018 17:00:00 - 11/12/2018 18:00:00","BZN|DK1","369.13","n/e"," ","525.43"
"11/12/2018 18:00:00 - 11/12/2018 19:00:00","BZN|DK1","343.63","n/e"," ","453.63"
"11/12/2018 19:00:00 - 11/12/2018 20:00:00","BZN|DK1","313.54","n/e"," ","431.83"
"11/12/2018 20:00:00 - 11/12/2018 21:00:00","BZN|DK1","282.92","n/e"," ","372.67"
"11/12/2018 21:00:00 - 11/12/2018 22:00:00","BZN|DK1","252.08","n/e"," ","318.41"
"11/12/2018 22:00:00 - 11/12/2018 23:00:00","BZN|DK1","230.83","n/e"," ","218.14"
"11/12/2018 23:00:00 - 12/12/2018 00:00:00","BZN|DK1","219.33","n/e"," ","151.52"
"12/12/2018 00:00:00 - 12/12/2018 01:00:00","BZN|DK1","116.02","n/e"," ","132.05"
"12/12/2018 01:00:00 - 12/12/2018 02:00:00","BZN|DK1","96.06","n/e"," ","111.79"
"12/12/2018 02:00:00 - 12/12/2018 03:00:00","BZN|DK1","79.53","n/e"," ","99.84"
"12/12/2018 03:00:00 - 12/12/2018 04:00:00","BZN|DK1","67.31","n/e"," ","86.14"
"12/12/2018 04:00:00 - 12/12/2018 05:00:00","BZN|DK1","98.73","n/e"," ","115.21"
"12/12/2018 05:00:00 - 12/12/2018 06:00:00","BZN|DK1","113.28","n/e"," ","127.74"
"12/12/2018 06:00:00 - 12/12/2018 07:00:00","BZN|DK1","127.64","n/e"," ","144.54"
"12/12/2018 07:00:00 - 12/12/2018 08:00:00","BZN|DK1","109.07","n/e"," ","130.86"
"12/12/2018 08:00:00 - 12/12/2018 09:00:00","BZN|DK1","143.98","n/e"," ","142.31"
"12/12/2018 09:00:00 - 12/12/2018 10:00:00","BZN|DK1","132.29","n/e"," ","163.69"
"12/12/2018 10:00:00 - 12/12/2018 11:00:00","BZN|DK1","107.38","n/e"," ","122.78"
"12/12/2018 11:00:00 - 12/12/2018 12:00:00","BZN|DK1","85.00","n/e"," ","105.54"
"12/12/2018 12:00:00 - 12/12/2018 13:00:00","BZN|DK1","74.83","n/e"," ","83.94"
"12/12/2018 13:00:00 - 12/12/2018 14:00:00","BZN|DK1","70.46","n/e"," ","55.28"
"12/12/2018 14:00:00 - 12/12/2018 15:00:00","BZN|DK1","68.46","n/e"," ","70.02"
"12/12/2018 15:00:00 - 12/12/2018 16:00:00","BZN|DK1","73.50","n/e"," ","108.34"
"12/12/2018 16:00:00 - 12/12/2018 17:00:00","BZN|DK1","82.71","n/e"," ","139.94"
"12/12/2018 17:00:00 - 12/12/2018 18:00:00","BZN|DK1","91.42","n/e"," ","147.88"
"12/12/2018 18:00:00 - 12/12/2018 19:00:00","BZN|DK1","95.63","n/e"," ","143.61"
"12/12/2018 19:00:00 - 12/12/2018 20:00:00","BZN|DK1","106.71","n/e"," ","155.47"
"12/12/2018 20:00:00 - 12/12/2018 21:00:00","BZN|DK1","123.58","n/e"," ","165.96"
"12/12/2018 21:00:00 - 12/12/2018 22:00:00","BZN|DK1","140.08","n/e"," ","169.52"
"12/12/2018 22:00:00 - 12/12/2018 23:00:00","BZN|DK1","147.13","n/e"," ","164.31"
"12/12/2018 23:00:00 - 13/12/2018 00:00:00","BZN|DK1","145.88","n/e"," ","173.24"
"13/12/2018 00:00:00 - 13/12/2018 01:00:00","BZN|DK1","207.05","n/e"," ","219.53"
"13/12/2018 01:00:00 - 13/12/2018 02:00:00","BZN|DK1","186.03","n/e"," ","192.89"
"13/12/2018 02:00:00 - 13/12/2018 03:00:00","BZN|DK1","157.33","n/e"," ","165.12"
"13/12/2018 03:00:00 - 13/12/2018 04:00:00","BZN|DK1","133.64","n/e"," ","145.67"
"13/12/2018 04:00:00 - 13/12/2018 05:00:00","BZN|DK1","173.20","n/e"," ","185.62"
"13/12/2018 05:00:00 - 13/12/2018 06:00:00","BZN|DK1","187.87","n/e"," ","198.31"
"13/12/2018 06:00:00 - 13/12/2018 07:00:00","BZN|DK1","180.28","n/e"," ","195.57"
"13/12/2018 07:00:00 - 13/12/2018 08:00:00","BZN|DK1","180.08","n/e"," ","191.27"
"13/12/2018 08:00:00 - 13/12/2018 09:00:00","BZN|DK1","196.05","n/e"," ","184.01"
"13/12/2018 09:00:00 - 13/12/2018 10:00:00","BZN|DK1","202.21","n/e"," ","258.13"
"13/12/2018 10:00:00 - 13/12/2018 11:00:00","BZN|DK1","212.50","n/e"," ","275.31"
"13/12/2018 11:00:00 - 13/12/2018 12:00:00","BZN|DK1","221.38","n/e"," ","330.64"
"13/12/2018 12:00:00 - 13/12/2018 13:00:00","BZN|DK1","230.96","n/e"," ","301.13"
"13/12/2018 13:00:00 - 13/12/2018 14:00:00","BZN|DK1","242.79","n/e"," ","299.32"
"13/12/2018 14:00:00 - 13/12/2018 15:00:00","BZN|DK1","257.92","n/e"," ","377.65"
"13/12/2018 15:00:00 - 13/12/2018 16:00:00","BZN|DK1","280.75","n/e"," ","450.55"
"13/12/2018 16:00:00 - 13/12/2018 17:00:00","BZN|DK1","304.42","n/e"," ","415.25"
"13/12/2018 17:00:00 - 13/12/2018 18:00:00","BZN|DK1","325.33","n/e"," ","497.40"
"13/12/2018 18:00:00 - 13/12/2018 19:00:00","BZN|DK1","337.29","n/e"," ","567.55"
"13/12/2018 19:00:00 - 13/12/2018 20:00:00","BZN|DK1","341.58","n/e"," ","526.19"
"13/12/2018 20:00:00 - 13/12/2018 21:00:00","BZN|DK1","334.04","n/e"," ","517.63"
"13/12/2018 21:00:00 - 13/12/2018 22:00:00","BZN|DK1","322.25","n/e"," ","459.35"
"13/12/2018 22:00:00 - 13/12/2018 23:00:00","BZN|DK1","314.67","n/e"," ","443.40"
"13/12/2018 23:00:00 - 14/12/2018 00:00:00","BZN|DK1","313.38","n/e"," ","432.06"
"14/12/2018 00:00:00 - 14/12/2018 01:00:00","BZN|DK1","488.30","n/e"," ","532.45"
"14/12/2018 01:00:00 - 14/12/2018 02:00:00","BZN|DK1","579.87","n/e"," ","600.57"
"14/12/2018 02:00:00 - 14/12/2018 03:00:00","BZN|DK1","574.35","n/e"," ","598.02"
"14/12/2018 03:00:00 - 14/12/2018 04:00:00","BZN|DK1","536.97","n/e"," ","560.23"
"14/12/2018 04:00:00 - 14/12/2018 05:00:00","BZN|DK1","445.00","n/e"," ","480.46"
"14/12/2018 05:00:00 - 14/12/2018 06:00:00","BZN|DK1","467.53","n/e"," ","501.51"
"14/12/2018 06:00:00 - 14/12/2018 07:00:00","BZN|DK1","440.97","n/e"," ","480.83"
"14/12/2018 07:00:00 - 14/12/2018 08:00:00","BZN|DK1","454.98","n/e"," ","486.45"
"14/12/2018 08:00:00 - 14/12/2018 09:00:00","BZN|DK1","453.02","n/e"," ","482.75"
"14/12/2018 09:00:00 - 14/12/2018 10:00:00","BZN|DK1","440.79","n/e"," ","455.73"
"14/12/2018 10:00:00 - 14/12/2018 11:00:00","BZN|DK1","398.58","n/e"," ","434.08"
"14/12/2018 11:00:00 - 14/12/2018 12:00:00","BZN|DK1","366.50","n/e"," ","443.44"
"14/12/2018 12:00:00 - 14/12/2018 13:00:00","BZN|DK1","341.67","n/e"," ","388.09"
"14/12/2018 13:00:00 - 14/12/2018 14:00:00","BZN|DK1","316.79","n/e"," ","418.41"
"14/12/2018 14:00:00 - 14/12/2018 15:00:00","BZN|DK1","301.96","n/e"," ","413.59"
"14/12/2018 15:00:00 - 14/12/2018 16:00:00","BZN|DK1","300.33","n/e"," ","461.50"
"14/12/2018 16:00:00 - 14/12/2018 17:00:00","BZN|DK1","305.25","n/e"," ","474.54"
"14/12/2018 17:00:00 - 14/12/2018 18:00:00","BZN|DK1","311.21","n/e"," ","440.62"
"14/12/2018 18:00:00 - 14/12/2018 19:00:00","BZN|DK1","311.96","n/e"," ","414.33"
"14/12/2018 19:00:00 - 14/12/2018 20:00:00","BZN|DK1","306.42","n/e"," ","413.19"
"14/12/2018 20:00:00 - 14/12/2018 21:00:00","BZN|DK1","302.46","n/e"," ","373.08"
"14/12/2018 21:00:00 - 14/12/2018 22:00:00","BZN|DK1","300.00","n/e"," ","427.06"
"14/12/2018 22:00:00 - 14/12/2018 23:00:00","BZN|DK1","297.29","n/e"," ","383.57"
"14/12/2018 23:00:00 - 15/12/2018 00:00:00","BZN|DK1","294.00","n/e"," ","394.24"
"15/12/2018 00:00:00 - 15/12/2018 01:00:00","BZN|DK1","428.28","n/e"," ","450.34"
"15/12/2018 01:00:00 - 15/12/2018 02:00:00","BZN|DK1","415.04","n/e"," ","419.07"
"15/12/2018 02:00:00 - 15/12/2018 03:00:00","BZN|DK1","365.56","n/e"," ","371.69"
"15/12/2018 03:00:00 - 15/12/2018 04:00:00","BZN|DK1","290.36","n/e"," ","295.53"
"15/12/2018 04:00:00 - 15/12/2018 05:00:00","BZN|DK1","250.09","n/e"," ","259.99"
"15/12/2018 05:00:00 - 15/12/2018 06:00:00","BZN|DK1","228.53","n/e"," ","234.95"
"15/12/2018 06:00:00 - 15/12/2018 07:00:00","BZN|DK1","198.99","n/e"," ","215.56"
"15/12/2018 07:00:00 - 15/12/2018 08:00:00","BZN|DK1","259.79","n/e"," ","281.39"
"15/12/2018 08:00:00 - 15/12/2018 09:00:00","BZN|DK1","320.99","n/e"," ","332.19"
"15/12/2018 09:00:00 - 15/12/2018 10:00:00","BZN|DK1","338.58","n/e"," ","367.21"
"15/12/2018 10:00:00 - 15/12/2018 11:00:00","BZN|DK1","392.88","n/e"," ","406.89"
"15/12/2018 11:00:00 - 15/12/2018 12:00:00","BZN|DK1","438.50","n/e"," ","453.75"
"15/12/2018 12:00:00 - 15/12/2018 13:00:00","BZN|DK1","478.04","n/e"," ","491.08"
"15/12/2018 13:00:00 - 15/12/2018 14:00:00","BZN|DK1","508.08","n/e"," ","527.93"
"15/12/2018 14:00:00 - 15/12/2018 15:00:00","BZN|DK1","536.67","n/e"," ","563.31"
"15/12/2018 15:00:00 - 15/12/2018 16:00:00","BZN|DK1","570.58","n/e"," ","574.20"
"15/12/2018 16:00:00 - 15/12/2018 17:00:00","BZN|DK1","596.33","n/e"," ","581.32"
"15/12/2018 17:00:00 - 15/12/2018 18:00:00","BZN|DK1","608.29","n/e"," ","602.45"
"15/12/2018 18:00:00 - 15/12/2018 19:00:00","BZN|DK1","612.79","n/e"," ","607.79"
"15/12/2018 19:00:00 - 15/12/2018 20:00:00","BZN|DK1","614.83","n/e"," ","612.25"
"15/12/2018 20:00:00 - 15/12/2018 21:00:00","BZN|DK1","616.00","n/e"," ","616.79"
"15/12/2018 21:00:00 - 15/12/2018 22:00:00","BZN|DK1","616.00","n/e"," ","619.31"
"15/12/2018 22:00:00 - 15/12/2018 23:00:00","BZN|DK1","616.00","n/e"," ","627.40"
"15/12/2018 23:00:00 - 16/12/2018 00:00:00","BZN|DK1","615.79","n/e"," ","634.75"
"16/12/2018 00:00:00 - 16/12/2018 01:00:00","BZN|DK1","594.08","n/e"," ","644.58"
"16/12/2018 01:00:00 - 16/12/2018 02:00:00","BZN|DK1","594.72","n/e"," ","653.20"
"16/12/2018 02:00:00 - 16/12/2018 03:00:00","BZN|DK1","594.69","n/e"," ","655.33"
"16/12/2018 03:00:00 - 16/12/2018 04:00:00","BZN|DK1","590.47","n/e"," ","651.55"
"16/12/2018 04:00:00 - 16/12/2018 05:00:00","BZN|DK1","591.39","n/e"," ","647.97"
"16/12/2018 05:00:00 - 16/12/2018 06:00:00","BZN|DK1","582.54","n/e"," ","639.69"
"16/12/2018 06:00:00 - 16/12/2018 07:00:00","BZN|DK1","580.45","n/e"," ","638.93"
"16/12/2018 07:00:00 - 16/12/2018 08:00:00","BZN|DK1","592.15","n/e"," ","651.37"
"16/12/2018 08:00:00 - 16/12/2018 09:00:00","BZN|DK1","594.07","n/e"," ","650.54"
"16/12/2018 09:00:00 - 16/12/2018 10:00:00","BZN|DK1","593.42","n/e"," ","633.00"
"16/12/2018 10:00:00 - 16/12/2018 11:00:00","BZN|DK1","591.00","n/e"," ","579.11"
"16/12/2018 11:00:00 - 16/12/2018 12:00:00","BZN|DK1","588.29","n/e"," ","644.55"
"16/12/2018 12:00:00 - 16/12/2018 13:00:00","BZN|DK1","577.21","n/e"," ","642.71"
"16/12/2018 13:00:00 - 16/12/2018 14:00:00","BZN|DK1","549.96","n/e"," ","624.65"
"16/12/2018 14:00:00 - 16/12/2018 15:00:00","BZN|DK1","507.29","n/e"," ","496.62"
"16/12/2018 15:00:00 - 16/12/2018 16:00:00","BZN|DK1","453.08","n/e"," ","400.63"
"16/12/2018 16:00:00 - 16/12/2018 17:00:00","BZN|DK1","390.17","n/e"," ","318.25"
"16/12/2018 17:00:00 - 16/12/2018 18:00:00","BZN|DK1","327.54","n/e"," ","231.71"
"16/12/2018 18:00:00 - 16/12/2018 19:00:00","BZN|DK1","273.58","n/e"," ","189.96"
"16/12/2018 19:00:00 - 16/12/2018 20:00:00","BZN|DK1","224.92","n/e"," ","157.59"
"16/12/2018 20:00:00 - 16/12/2018 21:00:00","BZN|DK1","180.08","n/e"," ","157.29"
"16/12/2018 21:00:00 - 16/12/2018 22:00:00","BZN|DK1","138.96","n/e"," ","129.66"
"16/12/2018 22:00:00 - 16/12/2018 23:00:00","BZN|DK1","104.33","n/e"," ","94.83"
"16/12/2018 23:00:00 - 17/12/2018 00:00:00","BZN|DK1","82.46","n/e"," ","99.16"
"17/12/2018 00:00:00 - 17/12/2018 01:00:00","BZN|DK1","91.17","n/e"," ","95.87"
"17/12/2018 01:00:00 - 17/12/2018 02:00:00","BZN|DK1","72.04","n/e"," ","73.68"
"17/12/2018 02:00:00 - 17/12/2018 03:00:00","BZN|DK1","53.24","n/e"," ","55.81"
"17/12/2018 03:00:00 - 17/12/2018 04:00:00","BZN|DK1","50.35","n/e"," ","52.46"
"17/12/2018 04:00:00 - 17/12/2018 05:00:00","BZN|DK1","43.85","n/e"," ","46.20"
"17/12/2018 05:00:00 - 17/12/2018 06:00:00","BZN|DK1","62.71","n/e"," ","70.04"
"17/12/2018 06:00:00 - 17/12/2018 07:00:00","BZN|DK1","84.37","n/e"," ","91.39"
"17/12/2018 07:00:00 - 17/12/2018 08:00:00","BZN|DK1","105.00","n/e"," ","109.31"
"17/12/2018 08:00:00 - 17/12/2018 09:00:00","BZN|DK1","102.54","n/e"," ","100.99"
"17/12/2018 09:00:00 - 17/12/2018 10:00:00","BZN|DK1","88.38","n/e"," ","100.20"
"17/12/2018 10:00:00 - 17/12/2018 11:00:00","BZN|DK1","61.54","n/e"," ","130.85"
"17/12/2018 11:00:00 - 17/12/2018 12:00:00","BZN|DK1","61.33","n/e"," ","122.83"
"17/12/2018 12:00:00 - 17/12/2018 13:00:00","BZN|DK1","63.96","n/e"," ","124.84"
"17/12/2018 13:00:00 - 17/12/2018 14:00:00","BZN|DK1","67.08","n/e"," ","106.63"
"17/12/2018 14:00:00 - 17/12/2018 15:00:00","BZN|DK1","73.17","n/e"," ","75.42"
"17/12/2018 15:00:00 - 17/12/2018 16:00:00","BZN|DK1","84.88","n/e"," ","72.43"
"17/12/2018 16:00:00 - 17/12/2018 17:00:00","BZN|DK1","100.92","n/e"," ","74.44"
"17/12/2018 17:00:00 - 17/12/2018 18:00:00","BZN|DK1","119.21","n/e"," ","110.43"
"17/12/2018 18:00:00 - 17/12/2018 19:00:00","BZN|DK1","135.08","n/e"," ","167.87"
"17/12/2018 19:00:00 - 17/12/2018 20:00:00","BZN|DK1","147.63","n/e"," ","207.07"
"17/12/2018 20:00:00 - 17/12/2018 21:00:00","BZN|DK1","155.88","n/e"," ","243.72"
"17/12/2018 21:00:00 - 17/12/2018 22:00:00","BZN|DK1","161.25","n/e"," ","185.71"
"17/12/2018 22:00:00 - 17/12/2018 23:00:00","BZN|DK1","162.71","n/e"," ","189.69"
"17/12/2018 23:00:00 - 18/12/2018 00:00:00","BZN|DK1","159.17","n/e"," ","197.81"
"18/12/2018 00:00:00 - 18/12/2018 01:00:00","BZN|DK1","133.78","n/e"," ","148.07"
"18/12/2018 01:00:00 - 18/12/2018 02:00:00","BZN|DK1","111.62","n/e"," ","126.50"
"18/12/2018 02:00:00 - 18/12/2018 03:00:00","BZN|DK1","138.68","n/e"," ","154.04"
"18/12/2018 03:00:00 - 18/12/2018 04:00:00","BZN|DK1","152.40","n/e"," ","169.53"
"18/12/2018 04:00:00 - 18/12/2018 05:00:00","BZN|DK1","119.39","n/e"," ","134.85"
"18/12/2018 05:00:00 - 18/12/2018 06:00:00","BZN|DK1","113.47","n/e"," ","131.02"
"18/12/2018 06:00:00 - 18/12/2018 07:00:00","BZN|DK1","128.55","n/e"," ","143.00"
"18/12/2018 07:00:00 - 18/12/2018 08:00:00","BZN|DK1","160.44","n/e"," ","176.17"
"18/12/2018 08:00:00 - 18/12/2018 09:00:00","BZN|DK1","225.20","n/e"," ","151.11"
"18/12/2018 09:00:00 - 18/12/2018 10:00:00","BZN|DK1","256.92","n/e"," ","220.50"
"18/12/2018 10:00:00 - 18/12/2018 11:00:00","BZN|DK1","239.88","n/e"," ","287.97"
"18/12/2018 11:00:00 - 18/12/2018 12:00:00","BZN|DK1","287.71","n/e"," ","319.38"
"18/12/2018 12:00:00 - 18/12/2018 13:00:00","BZN|DK1","343.50","n/e"," ","379.42"
"18/12/2018 13:00:00 - 18/12/2018 14:00:00","BZN|DK1","394.67","n/e"," ","419.67"
"18/12/2018 14:00:00 - 18/12/2018 15:00:00","BZN|DK1","435.92","n/e"," ","413.14"
"18/12/2018 15:00:00 - 18/12/2018 16:00:00","BZN|DK1","473.25","n/e"," ","424.58"
"18/12/2018 16:00:00 - 18/12/2018 17:00:00","BZN|DK1","498.38","n/e"," ","433.56"
"18/12/2018 17:00:00 - 18/12/2018 18:00:00","BZN|DK1","508.13","n/e"," ","451.50"
"18/12/2018 18:00:00 - 18/12/2018 19:00:00","BZN|DK1","499.92","n/e"," ","456.33"
"18/12/2018 19:00:00 - 18/12/2018 20:00:00","BZN|DK1","490.92","n/e"," ","461.93"
"18/12/2018 20:00:00 - 18/12/2018 21:00:00","BZN|DK1","492.92","n/e"," ","483.02"
"18/12/2018 21:00:00 - 18/12/2018 22:00:00","BZN|DK1","505.21","n/e"," ","456.00"
"18/12/2018 22:00:00 - 18/12/2018 23:00:00","BZN|DK1","522.33","n/e"," ","549.27"
"18/12/2018 23:00:00 - 19/12/2018 00:00:00","BZN|DK1","545.25","n/e"," ","595.76"
"19/12/2018 00:00:00 - 19/12/2018 01:00:00","BZN|DK1","571.72","n/e"," ","626.56"
"19/12/2018 01:00:00 - 19/12/2018 02:00:00","BZN|DK1","587.23","n/e"," ","645.30"
"19/12/2018 02:00:00 - 19/12/2018 03:00:00","BZN|DK1","591.53","n/e"," ","651.77"
"19/12/2018 03:00:00 - 19/12/2018 04:00:00","BZN|DK1","594.33","n/e"," ","657.47"
"19/12/2018 04:00:00 - 19/12/2018 05:00:00","BZN|DK1","599.90","n/e"," ","660.56"
"19/12/2018 05:00:00 - 19/12/2018 06:00:00","BZN|DK1","600.66","n/e"," ","661.64"
"19/12/2018 06:00:00 - 19/12/2018 07:00:00","BZN|DK1","600.05","n/e"," ","660.72"
"19/12/2018 07:00:00 - 19/12/2018 08:00:00","BZN|DK1","599.83","n/e"," ","661.51"
"19/12/2018 08:00:00 - 19/12/2018 09:00:00","BZN|DK1","598.10","n/e"," ","661.60"
"19/12/2018 09:00:00 - 19/12/2018 10:00:00","BZN|DK1","599.92","n/e"," ","661.12"
"19/12/2018 10:00:00 - 19/12/2018 11:00:00","BZN|DK1","599.38","n/e"," ","657.79"
"19/12/2018 11:00:00 - 19/12/2018 12:00:00","BZN|DK1","596.88","n/e"," ","657.23"
"19/12/2018 12:00:00 - 19/12/2018 13:00:00","BZN|DK1","587.71","n/e"," ","652.59"
"19/12/2018 13:00:00 - 19/12/2018 14:00:00","BZN|DK1","570.13","n/e"," ","631.73"
"19/12/2018 14:00:00 - 19/12/2018 15:00:00","BZN|DK1","555.71","n/e"," ","578.36"
"19/12/2018 15:00:00 - 19/12/2018 16:00:00","BZN|DK1","550.38","n/e"," ","532.05"
"19/12/2018 16:00:00 - 19/12/2018 17:00:00","BZN|DK1","550.96","n/e"," ","525.56"
"19/12/2018 17:00:00 - 19/12/2018 18:00:00","BZN|DK1","552.00","n/e"," ","544.66"
"19/12/2018 18:00:00 - 19/12/2018 19:00:00","BZN|DK1","551.17","n/e"," ","500.25"
"19/12/2018 19:00:00 - 19/12/2018 20:00:00","BZN|DK1","544.25","n/e"," ","514.21"
"19/12/2018 20:00:00 - 19/12/2018 21:00:00","BZN|DK1","524.75","n/e"," ","510.95"
"19/12/2018 21:00:00 - 19/12/2018 22:00:00","BZN|DK1","492.71","n/e"," ","511.60"
"19/12/2018 22:00:00 - 19/12/2018 23:00:00","BZN|DK1","451.96","n/e"," ","502.17"
"19/12/2018 23:00:00 - 20/12/2018 00:00:00","BZN|DK1","418.33","n/e"," ","414.01"
"20/12/2018 00:00:00 - 20/12/2018 01:00:00","BZN|DK1","301.35","n/e"," ","306.70"
"20/12/2018 01:00:00 - 20/12/2018 02:00:00","BZN|DK1","197.13","n/e"," ","212.21"
"20/12/2018 02:00:00 - 20/12/2018 03:00:00","BZN|DK1","199.75","n/e"," ","223.60"
"20/12/2018 03:00:00 - 20/12/2018 04:00:00","BZN|DK1","244.57","n/e"," ","257.84"
"20/12/2018 04:00:00 - 20/12/2018 05:00:00","BZN|DK1","311.44","n/e"," ","328.63"
"20/12/2018 05:00:00 - 20/12/2018 06:00:00","BZN|DK1","271.73","n/e"," ","295.86"
"20/12/2018 06:00:00 - 20/12/2018 07:00:00","BZN|DK1","338.33","n/e"," ","357.62"
"20/12/2018 07:00:00 - 20/12/2018 08:00:00","BZN|DK1","404.71","n/e"," ","426.38"
"20/12/2018 08:00:00 - 20/12/2018 09:00:00","BZN|DK1","405.98","n/e"," ","419.48"
"20/12/2018 09:00:00 - 20/12/2018 10:00:00","BZN|DK1","439.75","n/e"," ","422.70"
"20/12/2018 10:00:00 - 20/12/2018 11:00:00","BZN|DK1","453.71","n/e"," ","523.47"
"20/12/2018 11:00:00 - 20/12/2018 12:00:00","BZN|DK1","467.58","n/e"," ","490.84"
"20/12/2018 12:00:00 - 20/12/2018 13:00:00","BZN|DK1","485.46","n/e"," ","471.62"
"20/12/2018 13:00:00 - 20/12/2018 14:00:00","BZN|DK1","503.25","n/e"," ","515.80"
"20/12/2018 14:00:00 - 20/12/2018 15:00:00","BZN|DK1","514.58","n/e"," ","531.08"
"20/12/2018 15:00:00 - 20/12/2018 16:00:00","BZN|DK1","526.04","n/e"," ","590.68"
"20/12/2018 16:00:00 - 20/12/2018 17:00:00","BZN|DK1","541.38","n/e"," ","585.32"
"20/12/2018 17:00:00 - 20/12/2018 18:00:00","BZN|DK1","556.96","n/e"," ","589.86"
"20/12/2018 18:00:00 - 20/12/2018 19:00:00","BZN|DK1","563.79","n/e"," ","603.90"
"20/12/2018 19:00:00 - 20/12/2018 20:00:00","BZN|DK1","563.58","n/e"," ","593.33"
"20/12/2018 20:00:00 - 20/12/2018 21:00:00","BZN|DK1","555.88","n/e"," ","601.14"
"20/12/2018 21:00:00 - 20/12/2018 22:00:00","BZN|DK1","545.33","n/e"," ","595.67"
"20/12/2018 22:00:00 - 20/12/2018 23:00:00","BZN|DK1","527.38","n/e"," ","572.50"
"20/12/2018 23:00:00 - 21/12/2018 00:00:00","BZN|DK1","504.42","n/e"," ","571.17"
"21/12/2018 00:00:00 - 21/12/2018 01:00:00","BZN|DK1","514.11","n/e"," ","539.51"
"21/12/2018 01:00:00 - 21/12/2018 02:00:00","BZN|DK1","430.60","n/e"," ","456.80"
"21/12/2018 02:00:00 - 21/12/2018 03:00:00","BZN|DK1","427.92","n/e"," ","452.39"
"21/12/2018 03:00:00 - 21/12/2018 04:00:00","BZN|DK1","455.71","n/e"," ","490.98"
"21/12/2018 04:00:00 - 21/12/2018 05:00:00","BZN|DK1","517.73","n/e"," ","540.29"
"21/12/2018 05:00:00 - 21/12/2018 06:00:00","BZN|DK1","457.88","n/e"," ","485.58"
"21/12/2018 06:00:00 - 21/12/2018 07:00:00","BZN|DK1","494.18","n/e"," ","524.85"
"21/12/2018 07:00:00 - 21/12/2018 08:00:00","BZN|DK1","491.93","n/e"," ","524.67"
"21/12/2018 08:00:00 - 21/12/2018 09:00:00","BZN|DK1","516.44","n/e"," ","540.27"
"21/12/2018 09:00:00 - 21/12/2018 10:00:00","BZN|DK1","530.83","n/e"," ","552.92"
"21/12/2018 10:00:00 - 21/12/2018 11:00:00","BZN|DK1","513.29","n/e"," ","563.84"
"21/12/2018 11:00:00 - 21/12/2018 12:00:00","BZN|DK1","507.88","n/e"," ","590.14"
"21/12/2018 12:00:00 - 21/12/2018 13:00:00","BZN|DK1","508.79","n/e"," ","569.45"
"21/12/2018 13:00:00 - 21/12/2018 14:00:00","BZN|DK1","505.83","n/e"," ","556.65"
"21/12/2018 14:00:00 - 21/12/2018 15:00:00","BZN|DK1","502.42","n/e"," ","543.34"
"21/12/2018 15:00:00 - 21/12/2018 16:00:00","BZN|DK1","499.75","n/e"," ","564.51"
"21/12/2018 16:00:00 - 21/12/2018 17:00:00","BZN|DK1","489.54","n/e"," ","562.49"
"21/12/2018 17:00:00 - 21/12/2018 18:00:00","BZN|DK1","476.96","n/e"," ","572.24"
"21/12/2018 18:00:00 - 21/12/2018 19:00:00","BZN|DK1","458.75","n/e"," ","554.22"
"21/12/2018 19:00:00 - 21/12/2018 20:00:00","BZN|DK1","442.63","n/e"," ","536.13"
"21/12/2018 20:00:00 - 21/12/2018 21:00:00","BZN|DK1","432.13","n/e"," ","509.65"
"21/12/2018 21:00:00 - 21/12/2018 22:00:00","BZN|DK1","423.92","n/e"," ","484.18"
"21/12/2018 22:00:00 - 21/12/2018 23:00:00","BZN|DK1","417.71","n/e"," ","476.16"
"21/12/2018 23:00:00 - 22/12/2018 00:00:00","BZN|DK1","413.08","n/e"," ","454.55"
"22/12/2018 00:00:00 - 22/12/2018 01:00:00","BZN|DK1","401.74","n/e"," ","443.78"
"22/12/2018 01:00:00 - 22/12/2018 02:00:00","BZN|DK1","396.44","n/e"," ","437.14"
"22/12/2018 02:00:00 - 22/12/2018 03:00:00","BZN|DK1","394.17","n/e"," ","423.69"
"22/12/2018 03:00:00 - 22/12/2018 04:00:00","BZN|DK1","359.78","n/e"," ","378.03"
"22/12/2018 04:00:00 - 22/12/2018 05:00:00","BZN|DK1","267.85","n/e"," ","282.89"
"22/12/2018 05:00:00 - 22/12/2018 06:00:00","BZN|DK1","277.49","n/e"," ","301.22"
"22/12/2018 06:00:00 - 22/12/2018 07:00:00","BZN|DK1","233.21","n/e"," ","254.55"
"22/12/2018 07:00:00 - 22/12/2018 08:00:00","BZN|DK1","184.62","n/e"," ","208.69"
"22/12/2018 08:00:00 - 22/12/2018 09:00:00","BZN|DK1","149.97","n/e"," ","176.14"
"22/12/2018 09:00:00 - 22/12/2018 10:00:00","BZN|DK1","121.79","n/e"," ","146.82"
"22/12/2018 10:00:00 - 22/12/2018 11:00:00","BZN|DK1","88.42","n/e"," ","101.49"
"22/12/2018 11:00:00 - 22/12/2018 12:00:00","BZN|DK1","55.75","n/e"," ","73.11"
"22/12/2018 12:00:00 - 22/12/2018 13:00:00","BZN|DK1","34.96","n/e"," ","60.99"
"22/12/2018 13:00:00 - 22/12/2018 14:00:00","BZN|DK1","23.50","n/e"," ","49.49"
"22/12/2018 14:00:00 - 22/12/2018 15:00:00","BZN|DK1","17.79","n/e"," ","56.76"
"22/12/2018 15:00:00 - 22/12/2018 16:00:00","BZN|DK1","16.50","n/e"," ","53.55"
"22/12/2018 16:00:00 - 22/12/2018 17:00:00","BZN|DK1","17.92","n/e"," ","55.65"
"22/12/2018 17:00:00 - 22/12/2018 18:00:00","BZN|DK1","20.08","n/e"," ","55.31"
"22/12/2018 18:00:00 - 22/12/2018 19:00:00","BZN|DK1","20.63","n/e"," ","50.83"
"22/12/2018 19:00:00 - 22/12/2018 20:00:00","BZN|DK1","18.04","n/e"," ","43.71"
"22/12/2018 20:00:00 - 22/12/2018 21:00:00","BZN|DK1","17.58","n/e"," ","20.95"
"22/12/2018 21:00:00 - 22/12/2018 22:00:00","BZN|DK1","21.29","n/e"," ","11.31"
"22/12/2018 22:00:00 - 22/12/2018 23:00:00","BZN|DK1","26.17","n/e"," ","26.49"
"22/12/2018 23:00:00 - 23/12/2018 00:00:00","BZN|DK1","30.08","n/e"," ","55.33"
"23/12/2018 00:00:00 - 23/12/2018 01:00:00","BZN|DK1","64.17","n/e"," ","76.64"
"23/12/2018 01:00:00 - 23/12/2018 02:00:00","BZN|DK1","144.58","n/e"," ","154.41"
"23/12/2018 02:00:00 - 23/12/2018 03:00:00","BZN|DK1","168.45","n/e"," ","172.36"
"23/12/2018 03:00:00 - 23/12/2018 04:00:00","BZN|DK1","86.55","n/e"," ","79.69"
"23/12/2018 04:00:00 - 23/12/2018 05:00:00","BZN|DK1","58.17","n/e"," ","72.99"
"23/12/2018 05:00:00 - 23/12/2018 06:00:00","BZN|DK1","126.52","n/e"," ","139.01"
"23/12/2018 06:00:00 - 23/12/2018 07:00:00","BZN|DK1","118.71","n/e"," ","129.07"
"23/12/2018 07:00:00 - 23/12/2018 08:00:00","BZN|DK1","115.16","n/e"," ","128.72"
"23/12/2018 08:00:00 - 23/12/2018 09:00:00","BZN|DK1","109.38","n/e"," ","135.26"
"23/12/2018 09:00:00 - 23/12/2018 10:00:00","BZN|DK1","103.17","n/e"," ","126.85"
"23/12/2018 10:00:00 - 23/12/2018 11:00:00","BZN|DK1","104.83","n/e"," ","176.88"
"23/12/2018 11:00:00 - 23/12/2018 12:00:00","BZN|DK1","105.88","n/e"," ","151.77"
"23/12/2018 12:00:00 - 23/12/2018 13:00:00","BZN|DK1","104.25","n/e"," ","97.30"
"23/12/2018 13:00:00 - 23/12/2018 14:00:00","BZN|DK1","106.29","n/e"," ","95.25"
"23/12/2018 14:00:00 - 23/12/2018 15:00:00","BZN|DK1","105.88","n/e"," ","95.35"
"23/12/2018 15:00:00 - 23/12/2018 16:00:00","BZN|DK1","104.71","n/e"," ","65.34"
"23/12/2018 16:00:00 - 23/12/2018 17:00:00","BZN|DK1","108.58","n/e"," ","76.06"
"23/12/2018 17:00:00 - 23/12/2018 18:00:00","BZN|DK1","115.54","n/e"," ","51.27"
"23/12/2018 18:00:00 - 23/12/2018 19:00:00","BZN|DK1","121.58","n/e"," ","46.78"
"23/12/2018 19:00:00 - 23/12/2018 20:00:00","BZN|DK1","127.79","n/e"," ","74.55"
"23/12/2018 20:00:00 - 23/12/2018 21:00:00","BZN|DK1","131.17","n/e"," ","141.53"
"23/12/2018 21:00:00 - 23/12/2018 22:00:00","BZN|DK1","131.21","n/e"," ","110.61"
"23/12/2018 22:00:00 - 23/12/2018 23:00:00","BZN|DK1","130.33","n/e"," ","96.45"
"23/12/2018 23:00:00 - 24/12/2018 00:00:00","BZN|DK1","127.42","n/e"," ","73.33"
"24/12/2018 00:00:00 - 24/12/2018 01:00:00","BZN|DK1","58.11","n/e"," ","65.47"
"24/12/2018 01:00:00 - 24/12/2018 02:00:00","BZN|DK1","42.82","n/e"," ","46.07"
"24/12/2018 02:00:00 - 24/12/2018 03:00:00","BZN|DK1","64.43","n/e"," ","78.80"
"24/12/2018 03:00:00 - 24/12/2018 04:00:00","BZN|DK1","150.49","n/e"," ","159.13"
"24/12/2018 04:00:00 - 24/12/2018 05:00:00","BZN|DK1","107.97","n/e"," ","118.39"
"24/12/2018 05:00:00 - 24/12/2018 06:00:00","BZN|DK1","77.45","n/e"," ","89.30"
"24/12/2018 06:00:00 - 24/12/2018 07:00:00","BZN|DK1","47.10","n/e"," ","63.32"
"24/12/2018 07:00:00 - 24/12/2018 08:00:00","BZN|DK1","34.59","n/e"," ","54.20"
"24/12/2018 08:00:00 - 24/12/2018 09:00:00","BZN|DK1","62.13","n/e"," ","126.75"
"24/12/2018 09:00:00 - 24/12/2018 10:00:00","BZN|DK1","92.00","n/e"," ","303.14"
"24/12/2018 10:00:00 - 24/12/2018 11:00:00","BZN|DK1","123.17","n/e"," ","262.89"
"24/12/2018 11:00:00 - 24/12/2018 12:00:00","BZN|DK1","146.63","n/e"," ","244.27"
"24/12/2018 12:00:00 - 24/12/2018 13:00:00","BZN|DK1","156.96","n/e"," ","255.00"
"24/12/2018 13:00:00 - 24/12/2018 14:00:00","BZN|DK1","166.92","n/e"," ","260.76"
"24/12/2018 14:00:00 - 24/12/2018 15:00:00","BZN|DK1","194.00","n/e"," ","266.39"
"24/12/2018 15:00:00 - 24/12/2018 16:00:00","BZN|DK1","233.92","n/e"," ","313.89"
"24/12/2018 16:00:00 - 24/12/2018 17:00:00","BZN|DK1","283.58","n/e"," ","311.81"
"24/12/2018 17:00:00 - 24/12/2018 18:00:00","BZN|DK1","330.83","n/e"," ","358.16"
"24/12/2018 18:00:00 - 24/12/2018 19:00:00","BZN|DK1","400.46","n/e"," ","427.36"
"24/12/2018 19:00:00 - 24/12/2018 20:00:00","BZN|DK1","476.42","n/e"," ","470.15"
"24/12/2018 20:00:00 - 24/12/2018 21:00:00","BZN|DK1","531.21","n/e"," ","616.68"
"24/12/2018 21:00:00 - 24/12/2018 22:00:00","BZN|DK1","550.25","n/e"," ","630.75"
"24/12/2018 22:00:00 - 24/12/2018 23:00:00","BZN|DK1","555.13","n/e"," ","633.18"
"24/12/2018 23:00:00 - 25/12/2018 00:00:00","BZN|DK1","557.09","n/e"," ","632.94"
"25/12/2018 00:00:00 - 25/12/2018 01:00:00","BZN|DK1","596.15","n/e"," ","636.02"
"25/12/2018 01:00:00 - 25/12/2018 02:00:00","BZN|DK1","599.93","n/e"," ","646.79"
"25/12/2018 02:00:00 - 25/12/2018 03:00:00","BZN|DK1","224.04","n/e"," ","261.91"
"25/12/2018 03:00:00 - 25/12/2018 04:00:00","BZN|DK1","474.09","n/e"," ","627.94"
"25/12/2018 04:00:00 - 25/12/2018 05:00:00","BZN|DK1","601.95","n/e"," ","655.20"
"25/12/2018 05:00:00 - 25/12/2018 06:00:00","BZN|DK1","600.95","n/e"," ","647.21"
"25/12/2018 06:00:00 - 25/12/2018 07:00:00","BZN|DK1","223.30","n/e"," ","260.04"
"25/12/2018 07:00:00 - 25/12/2018 08:00:00","BZN|DK1","201.98","n/e"," ","259.52"
"25/12/2018 08:00:00 - 25/12/2018 09:00:00","BZN|DK1","560.10","n/e"," ","601.90"
"25/12/2018 09:00:00 - 25/12/2018 10:00:00","BZN|DK1","628.29","n/e"," ","631.34"
"25/12/2018 10:00:00 - 25/12/2018 11:00:00","BZN|DK1","628.00","n/e"," ","630.92"
"25/12/2018 11:00:00 - 25/12/2018 12:00:00","BZN|DK1","627.17","n/e"," ","638.90"
"25/12/2018 12:00:00 - 25/12/2018 13:00:00","BZN|DK1","625.38","n/e"," ","642.86"
"25/12/2018 13:00:00 - 25/12/2018 14:00:00","BZN|DK1","624.58","n/e"," ","635.27"
"25/12/2018 14:00:00 - 25/12/2018 15:00:00","BZN|DK1","623.79","n/e"," ","636.55"
"25/12/2018 15:00:00 - 25/12/2018 16:00:00","BZN|DK1","621.46","n/e"," ","633.99"
"25/12/2018 16:00:00 - 25/12/2018 17:00:00","BZN|DK1","619.75","n/e"," ","637.82"
"25/12/2018 17:00:00 - 25/12/2018 18:00:00","BZN|DK1","617.21","n/e"," ","649.69"
"25/12/2018 18:00:00 - 25/12/2018 19:00:00","BZN|DK1","615.54","n/e"," ","646.54"
"25/12/2018 19:00:00 - 25/12/2018 20:00:00","BZN|DK1","614.42","n/e"," ","638.77"
"25/12/2018 20:00:00 - 25/12/2018 21:00:00","BZN|DK1","607.21","n/e"," ","619.03"
"25/12/2018 21:00:00 - 25/12/2018 22:00:00","BZN|DK1","601.50","n/e"," ","644.09"
"25/12/2018 22:00:00 - 25/12/2018 23:00:00","BZN|DK1","596.38","n/e"," ","618.49"
"25/12/2018 23:00:00 - 26/12/2018 00:00:00","BZN|DK1","589.35","n/e"," ","629.53"
"26/12/2018 00:00:00 - 26/12/2018 01:00:00","BZN|DK1","531.17","n/e"," ","579.13"
"26/12/2018 01:00:00 - 26/12/2018 02:00:00","BZN|DK1","404.90","n/e"," ","443.84"
"26/12/2018 02:00:00 - 26/12/2018 03:00:00","BZN|DK1","525.75","n/e"," ","585.86"
"26/12/2018 03:00:00 - 26/12/2018 04:00:00","BZN|DK1","481.78","n/e"," ","508.11"
"26/12/2018 04:00:00 - 26/12/2018 05:00:00","BZN|DK1","532.25","n/e"," ","544.59"
"26/12/2018 05:00:00 - 26/12/2018 06:00:00","BZN|DK1","490.40","n/e"," ","507.77"
"26/12/2018 06:00:00 - 26/12/2018 07:00:00","BZN|DK1","387.12","n/e"," ","411.04"
"26/12/2018 07:00:00 - 26/12/2018 08:00:00","BZN|DK1","401.80","n/e"," ","419.51"
"26/12/2018 08:00:00 - 26/12/2018 09:00:00","BZN|DK1","378.28","n/e"," ","428.49"
"26/12/2018 09:00:00 - 26/12/2018 10:00:00","BZN|DK1","371.96","n/e"," ","325.34"
"26/12/2018 10:00:00 - 26/12/2018 11:00:00","BZN|DK1","370.25","n/e"," ","228.61"
"26/12/2018 11:00:00 - 26/12/2018 12:00:00","BZN|DK1","375.92","n/e"," ","280.82"
"26/12/2018 12:00:00 - 26/12/2018 13:00:00","BZN|DK1","389.33","n/e"," ","326.62"
"26/12/2018 13:00:00 - 26/12/2018 14:00:00","BZN|DK1","403.42","n/e"," ","472.43"
"26/12/2018 14:00:00 - 26/12/2018 15:00:00","BZN|DK1","420.96","n/e"," ","413.75"
"26/12/2018 15:00:00 - 26/12/2018 16:00:00","BZN|DK1","434.58","n/e"," ","497.35"
"26/12/2018 16:00:00 - 26/12/2018 17:00:00","BZN|DK1","434.88","n/e"," ","512.95"
"26/12/2018 17:00:00 - 26/12/2018 18:00:00","BZN|DK1","433.00","n/e"," ","541.00"
"26/12/2018 18:00:00 - 26/12/2018 19:00:00","BZN|DK1","430.63","n/e"," ","530.25"
"26/12/2018 19:00:00 - 26/12/2018 20:00:00","BZN|DK1","440.58","n/e"," ","552.68"
"26/12/2018 20:00:00 - 26/12/2018 21:00:00","BZN|DK1","459.42","n/e"," ","561.42"
"26/12/2018 21:00:00 - 26/12/2018 22:00:00","BZN|DK1","480.21","n/e"," ","580.24"
"26/12/2018 22:00:00 - 26/12/2018 23:00:00","BZN|DK1","498.63","n/e"," ","618.10"
"26/12/2018 23:00:00 - 27/12/2018 00:00:00","BZN|DK1","513.60","n/e"," ","634.46"
"27/12/2018 00:00:00 - 27/12/2018 01:00:00","BZN|DK1","577.86","n/e"," ","620.79"
"27/12/2018 01:00:00 - 27/12/2018 02:00:00","BZN|DK1","576.71","n/e"," ","615.88"
"27/12/2018 02:00:00 - 27/12/2018 03:00:00","BZN|DK1","524.92","n/e"," ","571.99"
"27/12/2018 03:00:00 - 27/12/2018 04:00:00","BZN|DK1","560.21","n/e"," ","610.45"
"27/12/2018 04:00:00 - 27/12/2018 05:00:00","BZN|DK1","588.05","n/e"," ","629.00"
"27/12/2018 05:00:00 - 27/12/2018 06:00:00","BZN|DK1","561.10","n/e"," ","600.71"
"27/12/2018 06:00:00 - 27/12/2018 07:00:00","BZN|DK1","481.96","n/e"," ","513.80"
"27/12/2018 07:00:00 - 27/12/2018 08:00:00","BZN|DK1","513.13","n/e"," ","544.11"
"27/12/2018 08:00:00 - 27/12/2018 09:00:00","BZN|DK1","507.93","n/e"," ","556.68"
"27/12/2018 09:00:00 - 27/12/2018 10:00:00","BZN|DK1","516.63","n/e"," ","517.37"
"27/12/2018 10:00:00 - 27/12/2018 11:00:00","BZN|DK1","518.79","n/e"," ","546.28"
"27/12/2018 11:00:00 - 27/12/2018 12:00:00","BZN|DK1","518.71","n/e"," ","602.21"
"27/12/2018 12:00:00 - 27/12/2018 13:00:00","BZN|DK1","510.00","n/e"," ","586.65"
"27/12/2018 13:00:00 - 27/12/2018 14:00:00","BZN|DK1","499.33","n/e"," ","573.57"
"27/12/2018 14:00:00 - 27/12/2018 15:00:00","BZN|DK1","490.67","n/e"," ","540.06"
"27/12/2018 15:00:00 - 27/12/2018 16:00:00","BZN|DK1","482.42","n/e"," ","518.47"
"27/12/2018 16:00:00 - 27/12/2018 17:00:00","BZN|DK1","471.79","n/e"," ","504.15"
"27/12/2018 17:00:00 - 27/12/2018 18:00:00","BZN|DK1","460.13","n/e"," ","497.79"
"27/12/2018 18:00:00 - 27/12/2018 19:00:00","BZN|DK1","453.33","n/e"," ","483.37"
"27/12/2018 19:00:00 - 27/12/2018 20:00:00","BZN|DK1","449.25","n/e"," ","473.06"
"27/12/2018 20:00:00 - 27/12/2018 21:00:00","BZN|DK1","450.63","n/e"," ","474.68"
"27/12/2018 21:00:00 - 27/12/2018 22:00:00","BZN|DK1","454.71","n/e"," ","478.35"
"27/12/2018 22:00:00 - 27/12/2018 23:00:00","BZN|DK1","460.88","n/e"," ","500.19"
"27/12/2018 23:00:00 - 28/12/2018 00:00:00","BZN|DK1","469.23","n/e"," ","559.37"
"28/12/2018 00:00:00 - 28/12/2018 01:00:00","BZN|DK1","522.96","n/e"," ","560.11"
"28/12/2018 01:00:00 - 28/12/2018 02:00:00","BZN|DK1","511.52","n/e"," ","544.51"
"28/12/2018 02:00:00 - 28/12/2018 03:00:00","BZN|DK1","496.92","n/e"," ","537.13"
"28/12/2018 03:00:00 - 28/12/2018 04:00:00","BZN|DK1","499.91","n/e"," ","533.69"
"28/12/2018 04:00:00 - 28/12/2018 05:00:00","BZN|DK1","487.41","n/e"," ","515.89"
"28/12/2018 05:00:00 - 28/12/2018 06:00:00","BZN|DK1","514.69","n/e"," ","538.51"
"28/12/2018 06:00:00 - 28/12/2018 07:00:00","BZN|DK1","467.17","n/e"," ","490.91"
"28/12/2018 07:00:00 - 28/12/2018 08:00:00","BZN|DK1","383.85","n/e"," ","389.03"
"28/12/2018 08:00:00 - 28/12/2018 09:00:00","BZN|DK1","328.89","n/e"," ","329.15"
"28/12/2018 09:00:00 - 28/12/2018 10:00:00","BZN|DK1","317.79","n/e"," ","353.18"
"28/12/2018 10:00:00 - 28/12/2018 11:00:00","BZN|DK1","306.92","n/e"," ","465.18"
"28/12/2018 11:00:00 - 28/12/2018 12:00:00","BZN|DK1","307.88","n/e"," ","429.74"
"28/12/2018 12:00:00 - 28/12/2018 13:00:00","BZN|DK1","298.04","n/e"," ","390.67"
"28/12/2018 13:00:00 - 28/12/2018 14:00:00","BZN|DK1","282.29","n/e"," ","408.22"
"28/12/2018 14:00:00 - 28/12/2018 15:00:00","BZN|DK1","279.96","n/e"," ","419.49"
"28/12/2018 15:00:00 - 28/12/2018 16:00:00","BZN|DK1","283.04","n/e"," ","465.20"
"28/12/2018 16:00:00 - 28/12/2018 17:00:00","BZN|DK1","281.08","n/e"," ","430.79"
"28/12/2018 17:00:00 - 28/12/2018 18:00:00","BZN|DK1","280.42","n/e"," ","387.41"
"28/12/2018 18:00:00 - 28/12/2018 19:00:00","BZN|DK1","281.75","n/e"," ","323.99"
"28/12/2018 19:00:00 - 28/12/2018 20:00:00","BZN|DK1","283.83","n/e"," ","333.26"
"28/12/2018 20:00:00 - 28/12/2018 21:00:00","BZN|DK1","287.79","n/e"," ","354.12"
"28/12/2018 21:00:00 - 28/12/2018 22:00:00","BZN|DK1","299.21","n/e"," ","409.07"
"28/12/2018 22:00:00 - 28/12/2018 23:00:00","BZN|DK1","322.46","n/e"," ","508.10"
"28/12/2018 23:00:00 - 29/12/2018 00:00:00","BZN|DK1","356.73","n/e"," ","392.10"
"29/12/2018 00:00:00 - 29/12/2018 01:00:00","BZN|DK1","473.31","n/e"," ","499.04"
"29/12/2018 01:00:00 - 29/12/2018 02:00:00","BZN|DK1","410.15","n/e"," ","430.83"
"29/12/2018 02:00:00 - 29/12/2018 03:00:00","BZN|DK1","421.76","n/e"," ","444.57"
"29/12/2018 03:00:00 - 29/12/2018 04:00:00","BZN|DK1","442.18","n/e"," ","442.63"
"29/12/2018 04:00:00 - 29/12/2018 05:00:00","BZN|DK1","381.54","n/e"," ","399.66"
"29/12/2018 05:00:00 - 29/12/2018 06:00:00","BZN|DK1","453.79","n/e"," ","472.66"
"29/12/2018 06:00:00 - 29/12/2018 07:00:00","BZN|DK1","411.28","n/e"," ","441.60"
"29/12/2018 07:00:00 - 29/12/2018 08:00:00","BZN|DK1","538.70","n/e"," ","565.35"
"29/12/2018 08:00:00 - 29/12/2018 09:00:00","BZN|DK1","523.41","n/e"," ","458.72"
"29/12/2018 09:00:00 - 29/12/2018 10:00:00","BZN|DK1","489.04","n/e"," ","406.46"
"29/12/2018 10:00:00 - 29/12/2018 11:00:00","BZN|DK1","445.50","n/e"," ","469.64"
"29/12/2018 11:00:00 - 29/12/2018 12:00:00","BZN|DK1","421.71","n/e"," ","413.83"
"29/12/2018 12:00:00 - 29/12/2018 13:00:00","BZN|DK1","400.96","n/e"," ","372.92"
"29/12/2018 13:00:00 - 29/12/2018 14:00:00","BZN|DK1","388.75","n/e"," ","384.59"
"29/12/2018 14:00:00 - 29/12/2018 15:00:00","BZN|DK1","387.00","n/e"," ","330.06"
"29/12/2018 15:00:00 - 29/12/2018 16:00:00","BZN|DK1","387.71","n/e"," ","342.49"
"29/12/2018 16:00:00 - 29/12/2018 17:00:00","BZN|DK1","392.71","n/e"," ","441.94"
"29/12/2018 17:00:00 - 29/12/2018 18:00:00","BZN|DK1","392.50","n/e"," ","545.58"
"29/12/2018 18:00:00 - 29/12/2018 19:00:00","BZN|DK1","367.38","n/e"," ","565.86"
"29/12/2018 19:00:00 - 29/12/2018 20:00:00","BZN|DK1","335.92","n/e"," ","361.94"
"29/12/2018 20:00:00 - 29/12/2018 21:00:00","BZN|DK1","326.54","n/e"," ","326.63"
"29/12/2018 21:00:00 - 29/12/2018 22:00:00","BZN|DK1","338.71","n/e"," ","346.83"
"29/12/2018 22:00:00 - 29/12/2018 23:00:00","BZN|DK1","380.54","n/e"," ","351.43"
"29/12/2018 23:00:00 - 30/12/2018 00:00:00","BZN|DK1","457.87","n/e"," ","385.05"
"30/12/2018 00:00:00 - 30/12/2018 01:00:00","BZN|DK1","499.65","n/e"," ","550.76"
"30/12/2018 01:00:00 - 30/12/2018 02:00:00","BZN|DK1","508.89","n/e"," ","570.65"
"30/12/2018 02:00:00 - 30/12/2018 03:00:00","BZN|DK1","608.08","n/e"," ","659.78"
"30/12/2018 03:00:00 - 30/12/2018 04:00:00","BZN|DK1","618.22","n/e"," ","655.64"
"30/12/2018 04:00:00 - 30/12/2018 05:00:00","BZN|DK1","617.14","n/e"," ","652.30"
"30/12/2018 05:00:00 - 30/12/2018 06:00:00","BZN|DK1","256.75","n/e"," ","281.01"
"30/12/2018 06:00:00 - 30/12/2018 07:00:00","BZN|DK1","234.74","n/e"," ","280.48"
"30/12/2018 07:00:00 - 30/12/2018 08:00:00","BZN|DK1","523.31","n/e"," ","600.16"
"30/12/2018 08:00:00 - 30/12/2018 09:00:00","BZN|DK1","603.84","n/e"," ","569.01"
"30/12/2018 09:00:00 - 30/12/2018 10:00:00","BZN|DK1","592.88","n/e"," ","486.18"
"30/12/2018 10:00:00 - 30/12/2018 11:00:00","BZN|DK1","577.42","n/e"," ","454.54"
"30/12/2018 11:00:00 - 30/12/2018 12:00:00","BZN|DK1","553.63","n/e"," ","522.37"
"30/12/2018 12:00:00 - 30/12/2018 13:00:00","BZN|DK1","508.33","n/e"," ","531.40"
"30/12/2018 13:00:00 - 30/12/2018 14:00:00","BZN|DK1","448.00","n/e"," ","496.08"
"30/12/2018 14:00:00 - 30/12/2018 15:00:00","BZN|DK1","388.17","n/e"," ","431.84"
"30/12/2018 15:00:00 - 30/12/2018 16:00:00","BZN|DK1","337.38","n/e"," ","382.42"
"30/12/2018 16:00:00 - 30/12/2018 17:00:00","BZN|DK1","271.13","n/e"," ","256.67"
"30/12/2018 17:00:00 - 30/12/2018 18:00:00","BZN|DK1","192.92","n/e"," ","172.91"
"30/12/2018 18:00:00 - 30/12/2018 19:00:00","BZN|DK1","124.79","n/e"," ","136.60"
"30/12/2018 19:00:00 - 30/12/2018 20:00:00","BZN|DK1","74.79","n/e"," ","82.65"
"30/12/2018 20:00:00 - 30/12/2018 21:00:00","BZN|DK1","46.38","n/e"," ","53.83"
"30/12/2018 21:00:00 - 30/12/2018 22:00:00","BZN|DK1","31.33","n/e"," ","29.67"
"30/12/2018 22:00:00 - 30/12/2018 23:00:00","BZN|DK1","25.38","n/e"," ","37.91"
"30/12/2018 23:00:00 - 31/12/2018 00:00:00","BZN|DK1","26.89","n/e"," ","44.82"
"31/12/2018 00:00:00 - 31/12/2018 01:00:00","BZN|DK1","28.75","n/e"," ","37.70"
"31/12/2018 01:00:00 - 31/12/2018 02:00:00","BZN|DK1","47.03","n/e"," ","56.90"
"31/12/2018 02:00:00 - 31/12/2018 03:00:00","BZN|DK1","50.38","n/e"," ","57.29"
"31/12/2018 03:00:00 - 31/12/2018 04:00:00","BZN|DK1","49.83","n/e"," ","61.34"
"31/12/2018 04:00:00 - 31/12/2018 05:00:00","BZN|DK1","47.02","n/e"," ","58.78"
"31/12/2018 05:00:00 - 31/12/2018 06:00:00","BZN|DK1","110.52","n/e"," ","123.89"
"31/12/2018 06:00:00 - 31/12/2018 07:00:00","BZN|DK1","212.83","n/e"," ","220.09"
"31/12/2018 07:00:00 - 31/12/2018 08:00:00","BZN|DK1","288.07","n/e"," ","301.98"
"31/12/2018 08:00:00 - 31/12/2018 09:00:00","BZN|DK1","331.44","n/e"," ","430.13"
"31/12/2018 09:00:00 - 31/12/2018 10:00:00","BZN|DK1","347.29","n/e"," ","530.05"
"31/12/2018 10:00:00 - 31/12/2018 11:00:00","BZN|DK1","387.92","n/e"," ","359.34"
"31/12/2018 11:00:00 - 31/12/2018 12:00:00","BZN|DK1","442.67","n/e"," ","342.70"
"31/12/2018 12:00:00 - 31/12/2018 13:00:00","BZN|DK1","500.04","n/e"," ","451.20"
"31/12/2018 13:00:00 - 31/12/2018 14:00:00","BZN|DK1","541.71","n/e"," ","584.71"
"31/12/2018 14:00:00 - 31/12/2018 15:00:00","BZN|DK1","577.58","n/e"," ","567.39"
"31/12/2018 15:00:00 - 31/12/2018 16:00:00","BZN|DK1","603.58","n/e"," ","648.34"
"31/12/2018 16:00:00 - 31/12/2018 17:00:00","BZN|DK1","613.83","n/e"," ","670.50"
"31/12/2018 17:00:00 - 31/12/2018 18:00:00","BZN|DK1","620.54","n/e"," ","672.74"
"31/12/2018 18:00:00 - 31/12/2018 19:00:00","BZN|DK1","625.04","n/e"," ","674.09"
"31/12/2018 19:00:00 - 31/12/2018 20:00:00","BZN|DK1","627.54","n/e"," ","680.48"
"31/12/2018 20:00:00 - 31/12/2018 21:00:00","BZN|DK1","628.04","n/e"," ","684.81"
"31/12/2018 21:00:00 - 31/12/2018 22:00:00","BZN|DK1","629.38","n/e"," ","686.08"
"31/12/2018 22:00:00 - 31/12/2018 23:00:00","BZN|DK1","630.00","n/e"," ","679.66"
"31/12/2018 23:00:00 - 01/01/2019 00:00:00","BZN|DK1","630.02","n/e"," ","660.47"
