"MTU (CET/CEST)","Area","Actual Total Load (MW)","Day-ahead Total Load Forecast (MW)"
"01/01/2015 00:00 - 01/01/2015 01:00","BZN|DK1","1877.04","1869.60"
"01/01/2015 01:00 - 01/01/2015 02:00","BZN|DK1","1842.66","1841.00"
"01/01/2015 02:00 - 01/01/2015 03:00","BZN|DK1","1794.96","1784.90"
"01/01/2015 03:00 - 01/01/2015 04:00","BZN|DK1","1744.76","1734.50"
"01/01/2015 04:00 - 01/01/2015 05:00","BZN|DK1","1743.17","1734.00"
"01/01/2015 05:00 - 01/01/2015 06:00","BZN|DK1","1751.47","1753.10"
"01/01/2015 06:00 - 01/01/2015 07:00","BZN|DK1","1767.16","1771.00"
"01/01/2015 07:00 - 01/01/2015 08:00","BZN|DK1","1903.30","1837.10"
"01/01/2015 08:00 - 01/01/2015 09:00","BZN|DK1","1985.32","1924.00"
"01/01/2015 09:00 - 01/01/2015 10:00","BZN|DK1","2015.15","2038.50"
"01/01/2015 10:00 - 01/01/2015 11:00","BZN|DK1","2101.76","2153.30"
"01/01/2015 11:00 - 01/01/2015 12:00","BZN|DK1","2194.32","2168.20"
"01/01/2015 12:00 - 01/01/2015 13:00","BZN|DK1","2254.78","2198.20"
"01/01/2015 13:00 - 01/01/2015 14:00","BZN|DK1","2262.84","2231.70"
"01/01/2015 14:00 - 01/01/2015 15:00","BZN|DK1","2233.22","2245.90"
"01/01/2015 15:00 - 01/01/2015 16:00","BZN|DK1","2303.56","2273.30"
"01/01/2015 16:00 - 01/01/2015 17:00","BZN|DK1","2485.56","2481.60"
"01/01/2015 17:00 - 01/01/2015 18:00","BZN|DK1","2633.11","2662.20"
"01/01/2015 18:00 - 01/01/2015 19:00","BZN|DK1","2627.42","2613.30"
"01/01/2015 19:00 - 01/01/2015 20:00","BZN|DK1","2509.84","2474.00"
"01/01/2015 20:00 - 01/01/2015 21:00","BZN|DK1","2361.39","2349.50"
"01/01/2015 21:00 - 01/01/2015 22:00","BZN|DK1","2263.14","2255.80"
"01/01/2015 22:00 - 01/01/2015 23:00","BZN|DK1","2109.71","2090.10"
"01/01/2015 23:00 - 02/01/2015 00:00","BZN|DK1","1975.92","1942.40"
"02/01/2015 00:00 - 02/01/2015 01:00","BZN|DK1","1851.58","1828.20"
"02/01/2015 01:00 - 02/01/2015 02:00","BZN|DK1","1710.81","1700.00"
"02/01/2015 02:00 - 02/01/2015 03:00","BZN|DK1","1682.92","1670.40"
"02/01/2015 03:00 - 02/01/2015 04:00","BZN|DK1","1682.42","1679.60"
"02/01/2015 04:00 - 02/01/2015 05:00","BZN|DK1","1700.76","1695.30"
"02/01/2015 05:00 - 02/01/2015 06:00","BZN|DK1","1773.81","1754.00"
"02/01/2015 06:00 - 02/01/2015 07:00","BZN|DK1","2071.35","2065.20"
"02/01/2015 07:00 - 02/01/2015 08:00","BZN|DK1","2293.78","2329.00"
"02/01/2015 08:00 - 02/01/2015 09:00","BZN|DK1","2504.23","2481.70"
"02/01/2015 09:00 - 02/01/2015 10:00","BZN|DK1","2568.55","2528.30"
"02/01/2015 10:00 - 02/01/2015 11:00","BZN|DK1","2674.38","2619.00"
"02/01/2015 11:00 - 02/01/2015 12:00","BZN|DK1","2673.01","2652.70"
"02/01/2015 12:00 - 02/01/2015 13:00","BZN|DK1","2643.30","2634.30"
"02/01/2015 13:00 - 02/01/2015 14:00","BZN|DK1","2626.13","2598.70"
"02/01/2015 14:00 - 02/01/2015 15:00","BZN|DK1","2608.48","2575.70"
"02/01/2015 15:00 - 02/01/2015 16:00","BZN|DK1","2623.98","2608.40"
"02/01/2015 16:00 - 02/01/2015 17:00","BZN|DK1","2805.18","2765.70"
"02/01/2015 17:00 - 02/01/2015 18:00","BZN|DK1","3081.38","2997.80"
"02/01/2015 18:00 - 02/01/2015 19:00","BZN|DK1","3019.50","2967.60"
"02/01/2015 19:00 - 02/01/2015 20:00","BZN|DK1","2803.78","2811.20"
"02/01/2015 20:00 - 02/01/2015 21:00","BZN|DK1","2542.67","2563.60"
"02/01/2015 21:00 - 02/01/2015 22:00","BZN|DK1","2444.23","2396.10"
"02/01/2015 22:00 - 02/01/2015 23:00","BZN|DK1","2251.22","2258.30"
"02/01/2015 23:00 - 03/01/2015 00:00","BZN|DK1","2012.53","2041.30"
"03/01/2015 00:00 - 03/01/2015 01:00","BZN|DK1","1966.19","1977.80"
"03/01/2015 01:00 - 03/01/2015 02:00","BZN|DK1","1924.97","1913.80"
"03/01/2015 02:00 - 03/01/2015 03:00","BZN|DK1","1816.18","1828.50"
"03/01/2015 03:00 - 03/01/2015 04:00","BZN|DK1","1753.99","1758.50"
"03/01/2015 04:00 - 03/01/2015 05:00","BZN|DK1","1736.09","1735.70"
"03/01/2015 05:00 - 03/01/2015 06:00","BZN|DK1","1777.67","1782.10"
"03/01/2015 06:00 - 03/01/2015 07:00","BZN|DK1","1930.83","1927.90"
"03/01/2015 07:00 - 03/01/2015 08:00","BZN|DK1","2138.12","2163.30"
"03/01/2015 08:00 - 03/01/2015 09:00","BZN|DK1","2293.36","2319.40"
"03/01/2015 09:00 - 03/01/2015 10:00","BZN|DK1","2401.44","2439.30"
"03/01/2015 10:00 - 03/01/2015 11:00","BZN|DK1","2455.50","2474.20"
"03/01/2015 11:00 - 03/01/2015 12:00","BZN|DK1","2404.97","2428.90"
"03/01/2015 12:00 - 03/01/2015 13:00","BZN|DK1","2347.82","2364.50"
"03/01/2015 13:00 - 03/01/2015 14:00","BZN|DK1","2332.07","2319.00"
"03/01/2015 14:00 - 03/01/2015 15:00","BZN|DK1","2278.42","2305.40"
"03/01/2015 15:00 - 03/01/2015 16:00","BZN|DK1","2243.28","2292.80"
"03/01/2015 16:00 - 03/01/2015 17:00","BZN|DK1","2468.10","2502.80"
"03/01/2015 17:00 - 03/01/2015 18:00","BZN|DK1","2778.25","2787.90"
"03/01/2015 18:00 - 03/01/2015 19:00","BZN|DK1","2729.97","2711.50"
"03/01/2015 19:00 - 03/01/2015 20:00","BZN|DK1","2463.65","2479.10"
"03/01/2015 20:00 - 03/01/2015 21:00","BZN|DK1","2318.04","2308.20"
"03/01/2015 21:00 - 03/01/2015 22:00","BZN|DK1","2161.07","2156.30"
"03/01/2015 22:00 - 03/01/2015 23:00","BZN|DK1","2054.05","2037.90"
"03/01/2015 23:00 - 04/01/2015 00:00","BZN|DK1","1950.17","1965.90"
"04/01/2015 00:00 - 04/01/2015 01:00","BZN|DK1","1791.03","1811.20"
"04/01/2015 01:00 - 04/01/2015 02:00","BZN|DK1","1727.49","1694.60"
"04/01/2015 02:00 - 04/01/2015 03:00","BZN|DK1","1674.67","1652.30"
"04/01/2015 03:00 - 04/01/2015 04:00","BZN|DK1","1661.32","1650.00"
"04/01/2015 04:00 - 04/01/2015 05:00","BZN|DK1","1674.20","1659.50"
"04/01/2015 05:00 - 04/01/2015 06:00","BZN|DK1","1680.28","1704.40"
"04/01/2015 06:00 - 04/01/2015 07:00","BZN|DK1","1834.17","1804.10"
"04/01/2015 07:00 - 04/01/2015 08:00","BZN|DK1","1962.42","1977.00"
"04/01/2015 08:00 - 04/01/2015 09:00","BZN|DK1","2130.11","2160.50"
"04/01/2015 09:00 - 04/01/2015 10:00","BZN|DK1","2277.43","2264.30"
"04/01/2015 10:00 - 04/01/2015 11:00","BZN|DK1","2350.36","2368.70"
"04/01/2015 11:00 - 04/01/2015 12:00","BZN|DK1","2383.38","2394.30"
"04/01/2015 12:00 - 04/01/2015 13:00","BZN|DK1","2321.57","2342.60"
"04/01/2015 13:00 - 04/01/2015 14:00","BZN|DK1","2257.84","2307.80"
"04/01/2015 14:00 - 04/01/2015 15:00","BZN|DK1","2227.22","2248.70"
"04/01/2015 15:00 - 04/01/2015 16:00","BZN|DK1","2242.45","2258.00"
"04/01/2015 16:00 - 04/01/2015 17:00","BZN|DK1","2529.59","2515.60"
"04/01/2015 17:00 - 04/01/2015 18:00","BZN|DK1","2862.30","2860.00"
"04/01/2015 18:00 - 04/01/2015 19:00","BZN|DK1","2769.24","2781.80"
"04/01/2015 19:00 - 04/01/2015 20:00","BZN|DK1","2541.74","2564.80"
"04/01/2015 20:00 - 04/01/2015 21:00","BZN|DK1","2347.39","2355.00"
"04/01/2015 21:00 - 04/01/2015 22:00","BZN|DK1","2212.78","2196.10"
"04/01/2015 22:00 - 04/01/2015 23:00","BZN|DK1","1996.54","2019.10"
"04/01/2015 23:00 - 05/01/2015 00:00","BZN|DK1","1960.50","1908.70"
"05/01/2015 00:00 - 05/01/2015 01:00","BZN|DK1","1910.59","1913.20"
"05/01/2015 01:00 - 05/01/2015 02:00","BZN|DK1","1832.38","1849.70"
"05/01/2015 02:00 - 05/01/2015 03:00","BZN|DK1","1743.95","1758.40"
"05/01/2015 03:00 - 05/01/2015 04:00","BZN|DK1","1703.80","1709.40"
"05/01/2015 04:00 - 05/01/2015 05:00","BZN|DK1","1744.67","1735.30"
"05/01/2015 05:00 - 05/01/2015 06:00","BZN|DK1","1950.59","1922.70"
"05/01/2015 06:00 - 05/01/2015 07:00","BZN|DK1","2419.24","2437.40"
"05/01/2015 07:00 - 05/01/2015 08:00","BZN|DK1","2921.68","2906.90"
"05/01/2015 08:00 - 05/01/2015 09:00","BZN|DK1","3071.27","3084.40"
"05/01/2015 09:00 - 05/01/2015 10:00","BZN|DK1","3077.47","3070.00"
"05/01/2015 10:00 - 05/01/2015 11:00","BZN|DK1","3117.46","3152.40"
"05/01/2015 11:00 - 05/01/2015 12:00","BZN|DK1","3098.92","3111.40"
"05/01/2015 12:00 - 05/01/2015 13:00","BZN|DK1","3025.64","3029.30"
"05/01/2015 13:00 - 05/01/2015 14:00","BZN|DK1","3053.77","3052.30"
"05/01/2015 14:00 - 05/01/2015 15:00","BZN|DK1","3028.09","3007.90"
"05/01/2015 15:00 - 05/01/2015 16:00","BZN|DK1","2957.59","2928.70"
"05/01/2015 16:00 - 05/01/2015 17:00","BZN|DK1","3069.24","3068.90"
"05/01/2015 17:00 - 05/01/2015 18:00","BZN|DK1","3291.25","3308.60"
"05/01/2015 18:00 - 05/01/2015 19:00","BZN|DK1","3099.15","3149.00"
"05/01/2015 19:00 - 05/01/2015 20:00","BZN|DK1","2883.73","2932.90"
"05/01/2015 20:00 - 05/01/2015 21:00","BZN|DK1","2672.47","2720.60"
"05/01/2015 21:00 - 05/01/2015 22:00","BZN|DK1","2464.44","2547.90"
"05/01/2015 22:00 - 05/01/2015 23:00","BZN|DK1","2251.89","2343.80"
"05/01/2015 23:00 - 06/01/2015 00:00","BZN|DK1","2049.55","2109.90"
"06/01/2015 00:00 - 06/01/2015 01:00","BZN|DK1","1914.30","1924.80"
"06/01/2015 01:00 - 06/01/2015 02:00","BZN|DK1","1856.72","1837.00"
"06/01/2015 02:00 - 06/01/2015 03:00","BZN|DK1","1843.69","1831.80"
"06/01/2015 03:00 - 06/01/2015 04:00","BZN|DK1","1832.04","1840.30"
"06/01/2015 04:00 - 06/01/2015 05:00","BZN|DK1","1885.67","1868.60"
"06/01/2015 05:00 - 06/01/2015 06:00","BZN|DK1","2043.31","2020.20"
"06/01/2015 06:00 - 06/01/2015 07:00","BZN|DK1","2479.90","2452.80"
"06/01/2015 07:00 - 06/01/2015 08:00","BZN|DK1","2947.90","2923.40"
"06/01/2015 08:00 - 06/01/2015 09:00","BZN|DK1","3135.81","3104.00"
"06/01/2015 09:00 - 06/01/2015 10:00","BZN|DK1","3093.61","3072.80"
"06/01/2015 10:00 - 06/01/2015 11:00","BZN|DK1","3138.22","3138.80"
"06/01/2015 11:00 - 06/01/2015 12:00","BZN|DK1","3142.97","3125.90"
"06/01/2015 12:00 - 06/01/2015 13:00","BZN|DK1","3103.90","3078.80"
"06/01/2015 13:00 - 06/01/2015 14:00","BZN|DK1","3106.13","3112.10"
"06/01/2015 14:00 - 06/01/2015 15:00","BZN|DK1","3049.06","3055.20"
"06/01/2015 15:00 - 06/01/2015 16:00","BZN|DK1","2973.46","2973.40"
"06/01/2015 16:00 - 06/01/2015 17:00","BZN|DK1","3076.92","3066.00"
"06/01/2015 17:00 - 06/01/2015 18:00","BZN|DK1","3300.17","3279.30"
"06/01/2015 18:00 - 06/01/2015 19:00","BZN|DK1","3097.96","3114.00"
"06/01/2015 19:00 - 06/01/2015 20:00","BZN|DK1","2893.60","2904.60"
"06/01/2015 20:00 - 06/01/2015 21:00","BZN|DK1","2697.46","2712.20"
"06/01/2015 21:00 - 06/01/2015 22:00","BZN|DK1","2534.11","2519.50"
"06/01/2015 22:00 - 06/01/2015 23:00","BZN|DK1","2325.39","2323.40"
"06/01/2015 23:00 - 07/01/2015 00:00","BZN|DK1","2130.51","2099.10"
"07/01/2015 00:00 - 07/01/2015 01:00","BZN|DK1","1994.18","1954.50"
"07/01/2015 01:00 - 07/01/2015 02:00","BZN|DK1","1948.37","1936.50"
"07/01/2015 02:00 - 07/01/2015 03:00","BZN|DK1","1894.90","1915.70"
"07/01/2015 03:00 - 07/01/2015 04:00","BZN|DK1","1864.01","1888.60"
"07/01/2015 04:00 - 07/01/2015 05:00","BZN|DK1","1912.78","1903.80"
"07/01/2015 05:00 - 07/01/2015 06:00","BZN|DK1","2074.53","2043.50"
"07/01/2015 06:00 - 07/01/2015 07:00","BZN|DK1","2523.08","2539.20"
"07/01/2015 07:00 - 07/01/2015 08:00","BZN|DK1","3005.84","3039.60"
"07/01/2015 08:00 - 07/01/2015 09:00","BZN|DK1","3158.24","3173.40"
"07/01/2015 09:00 - 07/01/2015 10:00","BZN|DK1","3080.83","3111.70"
"07/01/2015 10:00 - 07/01/2015 11:00","BZN|DK1","3073.46","3126.40"
"07/01/2015 11:00 - 07/01/2015 12:00","BZN|DK1","3050.55","3070.30"
"07/01/2015 12:00 - 07/01/2015 13:00","BZN|DK1","2950.14","2980.20"
"07/01/2015 13:00 - 07/01/2015 14:00","BZN|DK1","2987.25","3000.80"
"07/01/2015 14:00 - 07/01/2015 15:00","BZN|DK1","2927.69","2960.20"
"07/01/2015 15:00 - 07/01/2015 16:00","BZN|DK1","2908.67","2902.70"
"07/01/2015 16:00 - 07/01/2015 17:00","BZN|DK1","3019.44","3025.60"
"07/01/2015 17:00 - 07/01/2015 18:00","BZN|DK1","3248.31","3244.30"
"07/01/2015 18:00 - 07/01/2015 19:00","BZN|DK1","3096.78","3093.40"
"07/01/2015 19:00 - 07/01/2015 20:00","BZN|DK1","2914.58","2876.20"
"07/01/2015 20:00 - 07/01/2015 21:00","BZN|DK1","2738.59","2720.10"
"07/01/2015 21:00 - 07/01/2015 22:00","BZN|DK1","2540.28","2496.90"
"07/01/2015 22:00 - 07/01/2015 23:00","BZN|DK1","2355.15","2266.80"
"07/01/2015 23:00 - 08/01/2015 00:00","BZN|DK1","2202.93","2039.00"
"08/01/2015 00:00 - 08/01/2015 01:00","BZN|DK1","2073.34","2040.10"
"08/01/2015 01:00 - 08/01/2015 02:00","BZN|DK1","2022.26","1978.50"
"08/01/2015 02:00 - 08/01/2015 03:00","BZN|DK1","2018.69","1964.30"
"08/01/2015 03:00 - 08/01/2015 04:00","BZN|DK1","2036.63","1993.20"
"08/01/2015 04:00 - 08/01/2015 05:00","BZN|DK1","2074.15","2050.80"
"08/01/2015 05:00 - 08/01/2015 06:00","BZN|DK1","2222.07","2219.70"
"08/01/2015 06:00 - 08/01/2015 07:00","BZN|DK1","2615.99","2682.40"
"08/01/2015 07:00 - 08/01/2015 08:00","BZN|DK1","3116.72","3173.10"
"08/01/2015 08:00 - 08/01/2015 09:00","BZN|DK1","3235.92","3243.70"
"08/01/2015 09:00 - 08/01/2015 10:00","BZN|DK1","3183.59","3158.80"
"08/01/2015 10:00 - 08/01/2015 11:00","BZN|DK1","3201.94","3192.20"
"08/01/2015 11:00 - 08/01/2015 12:00","BZN|DK1","3146.44","3161.40"
"08/01/2015 12:00 - 08/01/2015 13:00","BZN|DK1","3073.01","3075.40"
"08/01/2015 13:00 - 08/01/2015 14:00","BZN|DK1","3062.74","3100.50"
"08/01/2015 14:00 - 08/01/2015 15:00","BZN|DK1","2994.67","3025.40"
"08/01/2015 15:00 - 08/01/2015 16:00","BZN|DK1","2889.65","2915.00"
"08/01/2015 16:00 - 08/01/2015 17:00","BZN|DK1","3039.34","3031.00"
"08/01/2015 17:00 - 08/01/2015 18:00","BZN|DK1","3229.16","3245.60"
"08/01/2015 18:00 - 08/01/2015 19:00","BZN|DK1","3085.64","3075.50"
"08/01/2015 19:00 - 08/01/2015 20:00","BZN|DK1","2887.78","2876.30"
"08/01/2015 20:00 - 08/01/2015 21:00","BZN|DK1","2720.57","2670.90"
"08/01/2015 21:00 - 08/01/2015 22:00","BZN|DK1","2616.01","2469.60"
"08/01/2015 22:00 - 08/01/2015 23:00","BZN|DK1","2617.30","2236.40"
"08/01/2015 23:00 - 09/01/2015 00:00","BZN|DK1","2617.30","2020.80"
"09/01/2015 00:00 - 09/01/2015 01:00","BZN|DK1","2240.52","1975.60"
"09/01/2015 01:00 - 09/01/2015 02:00","BZN|DK1","1983.70","1978.10"
"09/01/2015 02:00 - 09/01/2015 03:00","BZN|DK1","1924.08","1928.50"
"09/01/2015 03:00 - 09/01/2015 04:00","BZN|DK1","1951.00","1934.50"
"09/01/2015 04:00 - 09/01/2015 05:00","BZN|DK1","1990.86","1986.40"
"09/01/2015 05:00 - 09/01/2015 06:00","BZN|DK1","2125.45","2120.30"
"09/01/2015 06:00 - 09/01/2015 07:00","BZN|DK1","2642.27","2579.60"
"09/01/2015 07:00 - 09/01/2015 08:00","BZN|DK1","3080.44","3089.00"
"09/01/2015 08:00 - 09/01/2015 09:00","BZN|DK1","3246.40","3209.40"
"09/01/2015 09:00 - 09/01/2015 10:00","BZN|DK1","3215.21","3220.50"
"09/01/2015 10:00 - 09/01/2015 11:00","BZN|DK1","3282.87","3259.40"
"09/01/2015 11:00 - 09/01/2015 12:00","BZN|DK1","3200.25","3178.60"
"09/01/2015 12:00 - 09/01/2015 13:00","BZN|DK1","3079.46","3059.60"
"09/01/2015 13:00 - 09/01/2015 14:00","BZN|DK1","3027.47","2991.50"
"09/01/2015 14:00 - 09/01/2015 15:00","BZN|DK1","2913.85","2892.40"
"09/01/2015 15:00 - 09/01/2015 16:00","BZN|DK1","2879.04","2856.40"
"09/01/2015 16:00 - 09/01/2015 17:00","BZN|DK1","3025.74","3024.00"
"09/01/2015 17:00 - 09/01/2015 18:00","BZN|DK1","3244.80","3226.10"
"09/01/2015 18:00 - 09/01/2015 19:00","BZN|DK1","3114.35","3132.30"
"09/01/2015 19:00 - 09/01/2015 20:00","BZN|DK1","2822.53","2845.40"
"09/01/2015 20:00 - 09/01/2015 21:00","BZN|DK1","2536.11","2574.50"
"09/01/2015 21:00 - 09/01/2015 22:00","BZN|DK1","2340.71","2387.60"
"09/01/2015 22:00 - 09/01/2015 23:00","BZN|DK1","2150.06","2226.30"
"09/01/2015 23:00 - 10/01/2015 00:00","BZN|DK1","2028.54","2055.80"
"10/01/2015 00:00 - 10/01/2015 01:00","BZN|DK1","1875.52","1832.60"
"10/01/2015 01:00 - 10/01/2015 02:00","BZN|DK1","1825.12","1781.10"
"10/01/2015 02:00 - 10/01/2015 03:00","BZN|DK1","1801.21","1744.80"
"10/01/2015 03:00 - 10/01/2015 04:00","BZN|DK1","1854.06","1785.40"
"10/01/2015 04:00 - 10/01/2015 05:00","BZN|DK1","1877.88","1850.00"
"10/01/2015 05:00 - 10/01/2015 06:00","BZN|DK1","1956.50","1928.20"
"10/01/2015 06:00 - 10/01/2015 07:00","BZN|DK1","2074.00","2076.50"
"10/01/2015 07:00 - 10/01/2015 08:00","BZN|DK1","2291.25","2273.60"
"10/01/2015 08:00 - 10/01/2015 09:00","BZN|DK1","2476.03","2476.90"
"10/01/2015 09:00 - 10/01/2015 10:00","BZN|DK1","2597.11","2596.40"
"10/01/2015 10:00 - 10/01/2015 11:00","BZN|DK1","2681.91","2686.90"
"10/01/2015 11:00 - 10/01/2015 12:00","BZN|DK1","2738.18","2733.70"
"10/01/2015 12:00 - 10/01/2015 13:00","BZN|DK1","2740.35","2674.10"
"10/01/2015 13:00 - 10/01/2015 14:00","BZN|DK1","2599.03","2597.40"
"10/01/2015 14:00 - 10/01/2015 15:00","BZN|DK1","2559.92","2530.10"
"10/01/2015 15:00 - 10/01/2015 16:00","BZN|DK1","2575.25","2577.90"
"10/01/2015 16:00 - 10/01/2015 17:00","BZN|DK1","2762.88","2748.60"
"10/01/2015 17:00 - 10/01/2015 18:00","BZN|DK1","3010.13","3018.40"
"10/01/2015 18:00 - 10/01/2015 19:00","BZN|DK1","2898.65","2909.50"
"10/01/2015 19:00 - 10/01/2015 20:00","BZN|DK1","2678.28","2673.50"
"10/01/2015 20:00 - 10/01/2015 21:00","BZN|DK1","2538.43","2510.80"
"10/01/2015 21:00 - 10/01/2015 22:00","BZN|DK1","2403.56","2408.70"
"10/01/2015 22:00 - 10/01/2015 23:00","BZN|DK1","2235.89","2262.00"
"10/01/2015 23:00 - 11/01/2015 00:00","BZN|DK1","2128.15","2117.00"
"11/01/2015 00:00 - 11/01/2015 01:00","BZN|DK1","2047.72","2042.20"
"11/01/2015 01:00 - 11/01/2015 02:00","BZN|DK1","1909.42","1898.10"
"11/01/2015 02:00 - 11/01/2015 03:00","BZN|DK1","1843.66","1868.50"
"11/01/2015 03:00 - 11/01/2015 04:00","BZN|DK1","1810.63","1825.80"
"11/01/2015 04:00 - 11/01/2015 05:00","BZN|DK1","1821.06","1808.30"
"11/01/2015 05:00 - 11/01/2015 06:00","BZN|DK1","1850.08","1844.90"
"11/01/2015 06:00 - 11/01/2015 07:00","BZN|DK1","1923.65","1940.00"
"11/01/2015 07:00 - 11/01/2015 08:00","BZN|DK1","2072.45","2091.40"
"11/01/2015 08:00 - 11/01/2015 09:00","BZN|DK1","2323.14","2324.70"
"11/01/2015 09:00 - 11/01/2015 10:00","BZN|DK1","2421.91","2426.60"
"11/01/2015 10:00 - 11/01/2015 11:00","BZN|DK1","2489.08","2474.00"
"11/01/2015 11:00 - 11/01/2015 12:00","BZN|DK1","2497.38","2484.90"
"11/01/2015 12:00 - 11/01/2015 13:00","BZN|DK1","2503.98","2472.80"
"11/01/2015 13:00 - 11/01/2015 14:00","BZN|DK1","2561.61","2543.30"
"11/01/2015 14:00 - 11/01/2015 15:00","BZN|DK1","2543.38","2529.90"
"11/01/2015 15:00 - 11/01/2015 16:00","BZN|DK1","2499.55","2493.20"
"11/01/2015 16:00 - 11/01/2015 17:00","BZN|DK1","2694.04","2703.50"
"11/01/2015 17:00 - 11/01/2015 18:00","BZN|DK1","3039.21","3018.40"
"11/01/2015 18:00 - 11/01/2015 19:00","BZN|DK1","2962.54","2976.60"
"11/01/2015 19:00 - 11/01/2015 20:00","BZN|DK1","2683.94","2699.50"
"11/01/2015 20:00 - 11/01/2015 21:00","BZN|DK1","2543.69","2527.20"
"11/01/2015 21:00 - 11/01/2015 22:00","BZN|DK1","2372.01","2360.90"
"11/01/2015 22:00 - 11/01/2015 23:00","BZN|DK1","2186.93","2207.80"
"11/01/2015 23:00 - 12/01/2015 00:00","BZN|DK1","2016.29","2018.80"
"12/01/2015 00:00 - 12/01/2015 01:00","BZN|DK1","1913.18","1859.10"
"12/01/2015 01:00 - 12/01/2015 02:00","BZN|DK1","1906.39","1881.40"
"12/01/2015 02:00 - 12/01/2015 03:00","BZN|DK1","1859.40","1879.20"
"12/01/2015 03:00 - 12/01/2015 04:00","BZN|DK1","1955.62","1901.90"
"12/01/2015 04:00 - 12/01/2015 05:00","BZN|DK1","2046.53","2012.50"
"12/01/2015 05:00 - 12/01/2015 06:00","BZN|DK1","2173.72","2189.20"
"12/01/2015 06:00 - 12/01/2015 07:00","BZN|DK1","2551.86","2566.90"
"12/01/2015 07:00 - 12/01/2015 08:00","BZN|DK1","3146.43","3114.60"
"12/01/2015 08:00 - 12/01/2015 09:00","BZN|DK1","3303.30","3268.00"
"12/01/2015 09:00 - 12/01/2015 10:00","BZN|DK1","3295.71","3310.30"
"12/01/2015 10:00 - 12/01/2015 11:00","BZN|DK1","3276.64","3313.80"
"12/01/2015 11:00 - 12/01/2015 12:00","BZN|DK1","3283.65","3278.50"
"12/01/2015 12:00 - 12/01/2015 13:00","BZN|DK1","3227.90","3198.80"
"12/01/2015 13:00 - 12/01/2015 14:00","BZN|DK1","3160.81","3170.00"
"12/01/2015 14:00 - 12/01/2015 15:00","BZN|DK1","3137.19","3125.90"
"12/01/2015 15:00 - 12/01/2015 16:00","BZN|DK1","3087.51","3068.10"
"12/01/2015 16:00 - 12/01/2015 17:00","BZN|DK1","3165.00","3164.30"
"12/01/2015 17:00 - 12/01/2015 18:00","BZN|DK1","3352.97","3382.60"
"12/01/2015 18:00 - 12/01/2015 19:00","BZN|DK1","3215.64","3182.10"
"12/01/2015 19:00 - 12/01/2015 20:00","BZN|DK1","3031.89","3036.00"
"12/01/2015 20:00 - 12/01/2015 21:00","BZN|DK1","2807.97","2820.00"
"12/01/2015 21:00 - 12/01/2015 22:00","BZN|DK1","2602.21","2623.00"
"12/01/2015 22:00 - 12/01/2015 23:00","BZN|DK1","2480.03","2413.70"
"12/01/2015 23:00 - 13/01/2015 00:00","BZN|DK1","2266.84","2197.50"
"13/01/2015 00:00 - 13/01/2015 01:00","BZN|DK1","2040.68","2041.80"
"13/01/2015 01:00 - 13/01/2015 02:00","BZN|DK1","1934.40","1958.20"
"13/01/2015 02:00 - 13/01/2015 03:00","BZN|DK1","1884.10","1894.30"
"13/01/2015 03:00 - 13/01/2015 04:00","BZN|DK1","1940.27","1898.50"
"13/01/2015 04:00 - 13/01/2015 05:00","BZN|DK1","1956.31","1943.30"
"13/01/2015 05:00 - 13/01/2015 06:00","BZN|DK1","2106.83","2115.80"
"13/01/2015 06:00 - 13/01/2015 07:00","BZN|DK1","2552.20","2503.40"
"13/01/2015 07:00 - 13/01/2015 08:00","BZN|DK1","3016.39","2998.20"
"13/01/2015 08:00 - 13/01/2015 09:00","BZN|DK1","3138.11","3151.40"
"13/01/2015 09:00 - 13/01/2015 10:00","BZN|DK1","3084.73","3094.00"
"13/01/2015 10:00 - 13/01/2015 11:00","BZN|DK1","3090.42","3112.30"
"13/01/2015 11:00 - 13/01/2015 12:00","BZN|DK1","2818.39","3087.50"
"13/01/2015 12:00 - 13/01/2015 13:00","BZN|DK1","2556.69","3022.90"
"13/01/2015 13:00 - 13/01/2015 14:00","BZN|DK1","2711.88","3061.40"
"13/01/2015 14:00 - 13/01/2015 15:00","BZN|DK1","3185.44","3088.10"
"13/01/2015 15:00 - 13/01/2015 16:00","BZN|DK1","2966.39","3057.40"
"13/01/2015 16:00 - 13/01/2015 17:00","BZN|DK1","3006.56","3036.70"
"13/01/2015 17:00 - 13/01/2015 18:00","BZN|DK1","3291.58","3279.50"
"13/01/2015 18:00 - 13/01/2015 19:00","BZN|DK1","3154.91","3150.10"
"13/01/2015 19:00 - 13/01/2015 20:00","BZN|DK1","2904.70","2961.70"
"13/01/2015 20:00 - 13/01/2015 21:00","BZN|DK1","2493.20","2649.00"
"13/01/2015 21:00 - 13/01/2015 22:00","BZN|DK1","2315.96","2359.50"
"13/01/2015 22:00 - 13/01/2015 23:00","BZN|DK1","2309.45","2157.90"
"13/01/2015 23:00 - 14/01/2015 00:00","BZN|DK1","2221.00","2001.60"
"14/01/2015 00:00 - 14/01/2015 01:00","BZN|DK1","2126.20","2079.80"
"14/01/2015 01:00 - 14/01/2015 02:00","BZN|DK1","1961.53","2019.80"
"14/01/2015 02:00 - 14/01/2015 03:00","BZN|DK1","1971.29","1935.30"
"14/01/2015 03:00 - 14/01/2015 04:00","BZN|DK1","1951.27","1983.40"
"14/01/2015 04:00 - 14/01/2015 05:00","BZN|DK1","1927.71","1997.60"
"14/01/2015 05:00 - 14/01/2015 06:00","BZN|DK1","2142.32","2098.60"
"14/01/2015 06:00 - 14/01/2015 07:00","BZN|DK1","2611.00","2597.20"
"14/01/2015 07:00 - 14/01/2015 08:00","BZN|DK1","3087.06","3112.20"
"14/01/2015 08:00 - 14/01/2015 09:00","BZN|DK1","3252.91","3257.70"
"14/01/2015 09:00 - 14/01/2015 10:00","BZN|DK1","3227.40","3229.90"
"14/01/2015 10:00 - 14/01/2015 11:00","BZN|DK1","3268.87","3260.00"
"14/01/2015 11:00 - 14/01/2015 12:00","BZN|DK1","3288.10","3278.50"
"14/01/2015 12:00 - 14/01/2015 13:00","BZN|DK1","3242.47","3225.80"
"14/01/2015 13:00 - 14/01/2015 14:00","BZN|DK1","3235.59","3242.90"
"14/01/2015 14:00 - 14/01/2015 15:00","BZN|DK1","3117.50","3163.40"
"14/01/2015 15:00 - 14/01/2015 16:00","BZN|DK1","4506.98","3046.10"
"14/01/2015 16:00 - 14/01/2015 17:00","BZN|DK1","3131.28","3143.00"
"14/01/2015 17:00 - 14/01/2015 18:00","BZN|DK1","3377.08","3390.10"
"14/01/2015 18:00 - 14/01/2015 19:00","BZN|DK1","3212.76","3239.00"
"14/01/2015 19:00 - 14/01/2015 20:00","BZN|DK1","2944.56","3028.30"
"14/01/2015 20:00 - 14/01/2015 21:00","BZN|DK1","2796.51","2790.70"
"14/01/2015 21:00 - 14/01/2015 22:00","BZN|DK1","2603.59","2577.50"
"14/01/2015 22:00 - 14/01/2015 23:00","BZN|DK1","2429.04","2353.70"
"14/01/2015 23:00 - 15/01/2015 00:00","BZN|DK1","2227.86","2135.00"
"15/01/2015 00:00 - 15/01/2015 01:00","BZN|DK1","2035.41","2052.50"
"15/01/2015 01:00 - 15/01/2015 02:00","BZN|DK1","1931.10","1937.80"
"15/01/2015 02:00 - 15/01/2015 03:00","BZN|DK1","1941.06","1907.90"
"15/01/2015 03:00 - 15/01/2015 04:00","BZN|DK1","1972.47","1943.80"
"15/01/2015 04:00 - 15/01/2015 05:00","BZN|DK1","2044.93","2027.00"
"15/01/2015 05:00 - 15/01/2015 06:00","BZN|DK1","2206.59","2223.10"
"15/01/2015 06:00 - 15/01/2015 07:00","BZN|DK1","2644.62","2638.90"
"15/01/2015 07:00 - 15/01/2015 08:00","BZN|DK1","3152.11","3123.10"
"15/01/2015 08:00 - 15/01/2015 09:00","BZN|DK1","3312.65","3297.00"
"15/01/2015 09:00 - 15/01/2015 10:00","BZN|DK1","3320.11","3269.40"
"15/01/2015 10:00 - 15/01/2015 11:00","BZN|DK1","3396.67","3345.30"
"15/01/2015 11:00 - 15/01/2015 12:00","BZN|DK1","3435.69","3364.80"
"15/01/2015 12:00 - 15/01/2015 13:00","BZN|DK1","3401.96","3261.50"
"15/01/2015 13:00 - 15/01/2015 14:00","BZN|DK1","3323.26","3237.30"
"15/01/2015 14:00 - 15/01/2015 15:00","BZN|DK1","3220.59","3214.70"
"15/01/2015 15:00 - 15/01/2015 16:00","BZN|DK1","3065.71","3068.50"
"15/01/2015 16:00 - 15/01/2015 17:00","BZN|DK1","3158.18","3146.00"
"15/01/2015 17:00 - 15/01/2015 18:00","BZN|DK1","3375.99","3391.10"
"15/01/2015 18:00 - 15/01/2015 19:00","BZN|DK1","3241.57","3227.60"
"15/01/2015 19:00 - 15/01/2015 20:00","BZN|DK1","2951.41","3012.30"
"15/01/2015 20:00 - 15/01/2015 21:00","BZN|DK1","2790.92","2787.10"
"15/01/2015 21:00 - 15/01/2015 22:00","BZN|DK1","2635.99","2619.00"
"15/01/2015 22:00 - 15/01/2015 23:00","BZN|DK1","2443.29","2453.80"
"15/01/2015 23:00 - 16/01/2015 00:00","BZN|DK1","2219.19","2225.10"
"16/01/2015 00:00 - 16/01/2015 01:00","BZN|DK1","2032.73","1978.00"
"16/01/2015 01:00 - 16/01/2015 02:00","BZN|DK1","2004.49","1953.30"
"16/01/2015 02:00 - 16/01/2015 03:00","BZN|DK1","2078.65","1967.00"
"16/01/2015 03:00 - 16/01/2015 04:00","BZN|DK1","2063.57","2031.50"
"16/01/2015 04:00 - 16/01/2015 05:00","BZN|DK1","2173.46","2112.40"
"16/01/2015 05:00 - 16/01/2015 06:00","BZN|DK1","2284.97","2296.80"
"16/01/2015 06:00 - 16/01/2015 07:00","BZN|DK1","2678.71","2700.50"
"16/01/2015 07:00 - 16/01/2015 08:00","BZN|DK1","3153.74","3150.50"
"16/01/2015 08:00 - 16/01/2015 09:00","BZN|DK1","3286.38","3274.50"
"16/01/2015 09:00 - 16/01/2015 10:00","BZN|DK1","3236.12","3220.20"
"16/01/2015 10:00 - 16/01/2015 11:00","BZN|DK1","3321.45","3287.40"
"16/01/2015 11:00 - 16/01/2015 12:00","BZN|DK1","3195.49","3246.00"
"16/01/2015 12:00 - 16/01/2015 13:00","BZN|DK1","3045.92","3070.90"
"16/01/2015 13:00 - 16/01/2015 14:00","BZN|DK1","2922.62","2999.50"
"16/01/2015 14:00 - 16/01/2015 15:00","BZN|DK1","2814.58","2876.30"
"16/01/2015 15:00 - 16/01/2015 16:00","BZN|DK1","2730.24","2725.20"
"16/01/2015 16:00 - 16/01/2015 17:00","BZN|DK1","2808.54","2827.30"
"16/01/2015 17:00 - 16/01/2015 18:00","BZN|DK1","3061.67","3076.10"
"16/01/2015 18:00 - 16/01/2015 19:00","BZN|DK1","2947.08","2973.00"
"16/01/2015 19:00 - 16/01/2015 20:00","BZN|DK1","2748.82","2728.90"
"16/01/2015 20:00 - 16/01/2015 21:00","BZN|DK1","2571.16","2549.20"
"16/01/2015 21:00 - 16/01/2015 22:00","BZN|DK1","2383.70","2377.10"
"16/01/2015 22:00 - 16/01/2015 23:00","BZN|DK1","2176.04","2214.40"
"16/01/2015 23:00 - 17/01/2015 00:00","BZN|DK1","2040.11","2044.30"
"17/01/2015 00:00 - 17/01/2015 01:00","BZN|DK1","1999.62","2015.70"
"17/01/2015 01:00 - 17/01/2015 02:00","BZN|DK1","1929.90","1905.10"
"17/01/2015 02:00 - 17/01/2015 03:00","BZN|DK1","1796.03","1797.80"
"17/01/2015 03:00 - 17/01/2015 04:00","BZN|DK1","1763.67","1765.20"
"17/01/2015 04:00 - 17/01/2015 05:00","BZN|DK1","1870.26","1862.90"
"17/01/2015 05:00 - 17/01/2015 06:00","BZN|DK1","1852.83","1910.30"
"17/01/2015 06:00 - 17/01/2015 07:00","BZN|DK1","2031.11","2025.30"
"17/01/2015 07:00 - 17/01/2015 08:00","BZN|DK1","2152.69","2230.50"
"17/01/2015 08:00 - 17/01/2015 09:00","BZN|DK1","2427.18","2437.60"
"17/01/2015 09:00 - 17/01/2015 10:00","BZN|DK1","2578.93","2576.00"
"17/01/2015 10:00 - 17/01/2015 11:00","BZN|DK1","2532.40","2567.20"
"17/01/2015 11:00 - 17/01/2015 12:00","BZN|DK1","2479.67","2444.60"
"17/01/2015 12:00 - 17/01/2015 13:00","BZN|DK1","2493.76","2473.80"
"17/01/2015 13:00 - 17/01/2015 14:00","BZN|DK1","2484.84","2443.40"
"17/01/2015 14:00 - 17/01/2015 15:00","BZN|DK1","2467.49","2479.80"
"17/01/2015 15:00 - 17/01/2015 16:00","BZN|DK1","2458.23","2477.50"
"17/01/2015 16:00 - 17/01/2015 17:00","BZN|DK1","2563.02","2619.50"
"17/01/2015 17:00 - 17/01/2015 18:00","BZN|DK1","2877.54","2893.40"
"17/01/2015 18:00 - 17/01/2015 19:00","BZN|DK1","2851.82","2846.40"
"17/01/2015 19:00 - 17/01/2015 20:00","BZN|DK1","2585.14","2587.50"
"17/01/2015 20:00 - 17/01/2015 21:00","BZN|DK1","2383.15","2374.30"
"17/01/2015 21:00 - 17/01/2015 22:00","BZN|DK1","2245.44","2234.50"
"17/01/2015 22:00 - 17/01/2015 23:00","BZN|DK1","2122.37","2115.00"
"17/01/2015 23:00 - 18/01/2015 00:00","BZN|DK1","2023.79","1995.50"
"18/01/2015 00:00 - 18/01/2015 01:00","BZN|DK1","1912.11","1888.00"
"18/01/2015 01:00 - 18/01/2015 02:00","BZN|DK1","1829.61","1813.80"
"18/01/2015 02:00 - 18/01/2015 03:00","BZN|DK1","1788.10","1779.00"
"18/01/2015 03:00 - 18/01/2015 04:00","BZN|DK1","1867.70","1796.80"
"18/01/2015 04:00 - 18/01/2015 05:00","BZN|DK1","1763.17","1822.60"
"18/01/2015 05:00 - 18/01/2015 06:00","BZN|DK1","1781.15","1808.50"
"18/01/2015 06:00 - 18/01/2015 07:00","BZN|DK1","1929.44","1902.00"
"18/01/2015 07:00 - 18/01/2015 08:00","BZN|DK1","2098.04","2093.00"
"18/01/2015 08:00 - 18/01/2015 09:00","BZN|DK1","2276.66","2270.70"
"18/01/2015 09:00 - 18/01/2015 10:00","BZN|DK1","2381.28","2378.70"
"18/01/2015 10:00 - 18/01/2015 11:00","BZN|DK1","2454.19","2426.70"
"18/01/2015 11:00 - 18/01/2015 12:00","BZN|DK1","2470.35","2450.00"
"18/01/2015 12:00 - 18/01/2015 13:00","BZN|DK1","2452.79","2435.40"
"18/01/2015 13:00 - 18/01/2015 14:00","BZN|DK1","2416.07","2409.30"
"18/01/2015 14:00 - 18/01/2015 15:00","BZN|DK1","2414.03","2386.80"
"18/01/2015 15:00 - 18/01/2015 16:00","BZN|DK1","2402.81","2398.60"
"18/01/2015 16:00 - 18/01/2015 17:00","BZN|DK1","2588.74","2578.20"
"18/01/2015 17:00 - 18/01/2015 18:00","BZN|DK1","2957.26","2939.00"
"18/01/2015 18:00 - 18/01/2015 19:00","BZN|DK1","2909.78","2890.50"
"18/01/2015 19:00 - 18/01/2015 20:00","BZN|DK1","2644.12","2672.60"
"18/01/2015 20:00 - 18/01/2015 21:00","BZN|DK1","2497.80","2504.80"
"18/01/2015 21:00 - 18/01/2015 22:00","BZN|DK1","2325.45","2356.10"
"18/01/2015 22:00 - 18/01/2015 23:00","BZN|DK1","2156.79","2191.40"
"18/01/2015 23:00 - 19/01/2015 00:00","BZN|DK1","2012.80","2031.40"
"19/01/2015 00:00 - 19/01/2015 01:00","BZN|DK1","1898.58","1903.10"
"19/01/2015 01:00 - 19/01/2015 02:00","BZN|DK1","1840.13","1843.50"
"19/01/2015 02:00 - 19/01/2015 03:00","BZN|DK1","1830.63","1832.80"
"19/01/2015 03:00 - 19/01/2015 04:00","BZN|DK1","1851.96","1850.90"
"19/01/2015 04:00 - 19/01/2015 05:00","BZN|DK1","1921.85","1909.80"
"19/01/2015 05:00 - 19/01/2015 06:00","BZN|DK1","2104.60","2106.60"
"19/01/2015 06:00 - 19/01/2015 07:00","BZN|DK1","2606.63","2576.90"
"19/01/2015 07:00 - 19/01/2015 08:00","BZN|DK1","3091.57","3087.70"
"19/01/2015 08:00 - 19/01/2015 09:00","BZN|DK1","3252.15","3232.70"
"19/01/2015 09:00 - 19/01/2015 10:00","BZN|DK1","3252.85","3211.30"
"19/01/2015 10:00 - 19/01/2015 11:00","BZN|DK1","3315.64","3289.40"
"19/01/2015 11:00 - 19/01/2015 12:00","BZN|DK1","3356.96","3302.90"
"19/01/2015 12:00 - 19/01/2015 13:00","BZN|DK1","3287.53","3241.10"
"19/01/2015 13:00 - 19/01/2015 14:00","BZN|DK1","3223.97","3225.80"
"19/01/2015 14:00 - 19/01/2015 15:00","BZN|DK1","3201.61","3170.50"
"19/01/2015 15:00 - 19/01/2015 16:00","BZN|DK1","3086.07","3056.30"
"19/01/2015 16:00 - 19/01/2015 17:00","BZN|DK1","3109.06","3121.80"
"19/01/2015 17:00 - 19/01/2015 18:00","BZN|DK1","3418.35","3371.00"
"19/01/2015 18:00 - 19/01/2015 19:00","BZN|DK1","3251.04","3249.00"
"19/01/2015 19:00 - 19/01/2015 20:00","BZN|DK1","2981.00","3015.20"
"19/01/2015 20:00 - 19/01/2015 21:00","BZN|DK1","2763.86","2791.00"
"19/01/2015 21:00 - 19/01/2015 22:00","BZN|DK1","2580.58","2588.90"
"19/01/2015 22:00 - 19/01/2015 23:00","BZN|DK1","2373.26","2380.10"
"19/01/2015 23:00 - 20/01/2015 00:00","BZN|DK1","2152.71","2171.60"
"20/01/2015 00:00 - 20/01/2015 01:00","BZN|DK1","2044.97","2019.90"
"20/01/2015 01:00 - 20/01/2015 02:00","BZN|DK1","1970.64","1971.80"
"20/01/2015 02:00 - 20/01/2015 03:00","BZN|DK1","1912.23","1941.20"
"20/01/2015 03:00 - 20/01/2015 04:00","BZN|DK1","1960.20","1921.20"
"20/01/2015 04:00 - 20/01/2015 05:00","BZN|DK1","1982.91","1983.60"
"20/01/2015 05:00 - 20/01/2015 06:00","BZN|DK1","2178.41","2159.90"
"20/01/2015 06:00 - 20/01/2015 07:00","BZN|DK1","2688.12","2660.70"
"20/01/2015 07:00 - 20/01/2015 08:00","BZN|DK1","3148.54","3180.10"
"20/01/2015 08:00 - 20/01/2015 09:00","BZN|DK1","3260.41","3280.80"
"20/01/2015 09:00 - 20/01/2015 10:00","BZN|DK1","3174.03","3197.70"
"20/01/2015 10:00 - 20/01/2015 11:00","BZN|DK1","3270.37","3241.90"
"20/01/2015 11:00 - 20/01/2015 12:00","BZN|DK1","3266.22","3246.80"
"20/01/2015 12:00 - 20/01/2015 13:00","BZN|DK1","3187.74","3174.30"
"20/01/2015 13:00 - 20/01/2015 14:00","BZN|DK1","3214.30","3213.50"
"20/01/2015 14:00 - 20/01/2015 15:00","BZN|DK1","3147.40","3152.20"
"20/01/2015 15:00 - 20/01/2015 16:00","BZN|DK1","3074.85","3059.70"
"20/01/2015 16:00 - 20/01/2015 17:00","BZN|DK1","3118.32","3134.10"
"20/01/2015 17:00 - 20/01/2015 18:00","BZN|DK1","3421.23","3373.00"
"20/01/2015 18:00 - 20/01/2015 19:00","BZN|DK1","3288.97","3245.50"
"20/01/2015 19:00 - 20/01/2015 20:00","BZN|DK1","3084.88","3063.30"
"20/01/2015 20:00 - 20/01/2015 21:00","BZN|DK1","2892.52","2868.40"
"20/01/2015 21:00 - 20/01/2015 22:00","BZN|DK1","2720.11","2698.00"
"20/01/2015 22:00 - 20/01/2015 23:00","BZN|DK1","2518.24","2473.60"
"20/01/2015 23:00 - 21/01/2015 00:00","BZN|DK1","2309.40","2224.30"
"21/01/2015 00:00 - 21/01/2015 01:00","BZN|DK1","2179.33","2158.80"
"21/01/2015 01:00 - 21/01/2015 02:00","BZN|DK1","2130.49","2101.40"
"21/01/2015 02:00 - 21/01/2015 03:00","BZN|DK1","2105.39","2044.80"
"21/01/2015 03:00 - 21/01/2015 04:00","BZN|DK1","2116.23","2094.40"
"21/01/2015 04:00 - 21/01/2015 05:00","BZN|DK1","2167.10","2141.80"
"21/01/2015 05:00 - 21/01/2015 06:00","BZN|DK1","2335.27","2319.90"
"21/01/2015 06:00 - 21/01/2015 07:00","BZN|DK1","2780.40","2778.50"
"21/01/2015 07:00 - 21/01/2015 08:00","BZN|DK1","3280.43","3294.20"
"21/01/2015 08:00 - 21/01/2015 09:00","BZN|DK1","3318.26","3389.30"
"21/01/2015 09:00 - 21/01/2015 10:00","BZN|DK1","3223.35","3255.60"
"21/01/2015 10:00 - 21/01/2015 11:00","BZN|DK1","3270.62","3275.50"
"21/01/2015 11:00 - 21/01/2015 12:00","BZN|DK1","3252.09","3236.30"
"21/01/2015 12:00 - 21/01/2015 13:00","BZN|DK1","3198.31","3170.20"
"21/01/2015 13:00 - 21/01/2015 14:00","BZN|DK1","3213.49","3216.30"
"21/01/2015 14:00 - 21/01/2015 15:00","BZN|DK1","3121.06","3144.40"
"21/01/2015 15:00 - 21/01/2015 16:00","BZN|DK1","3021.53","3025.80"
"21/01/2015 16:00 - 21/01/2015 17:00","BZN|DK1","3079.58","3095.80"
"21/01/2015 17:00 - 21/01/2015 18:00","BZN|DK1","3348.28","3356.00"
"21/01/2015 18:00 - 21/01/2015 19:00","BZN|DK1","3222.00","3195.00"
"21/01/2015 19:00 - 21/01/2015 20:00","BZN|DK1","3032.79","2993.70"
"21/01/2015 20:00 - 21/01/2015 21:00","BZN|DK1","2835.86","2842.40"
"21/01/2015 21:00 - 21/01/2015 22:00","BZN|DK1","2643.72","2647.00"
"21/01/2015 22:00 - 21/01/2015 23:00","BZN|DK1","2436.27","2423.30"
"21/01/2015 23:00 - 22/01/2015 00:00","BZN|DK1","2227.16","2200.30"
"22/01/2015 00:00 - 22/01/2015 01:00","BZN|DK1","2079.13","2108.70"
"22/01/2015 01:00 - 22/01/2015 02:00","BZN|DK1","2020.06","2028.30"
"22/01/2015 02:00 - 22/01/2015 03:00","BZN|DK1","1989.55","1989.00"
"22/01/2015 03:00 - 22/01/2015 04:00","BZN|DK1","1998.62","1990.30"
"22/01/2015 04:00 - 22/01/2015 05:00","BZN|DK1","2043.33","2045.30"
"22/01/2015 05:00 - 22/01/2015 06:00","BZN|DK1","2220.60","2210.40"
"22/01/2015 06:00 - 22/01/2015 07:00","BZN|DK1","2661.17","2656.90"
"22/01/2015 07:00 - 22/01/2015 08:00","BZN|DK1","3138.60","3188.10"
"22/01/2015 08:00 - 22/01/2015 09:00","BZN|DK1","3299.02","3307.00"
"22/01/2015 09:00 - 22/01/2015 10:00","BZN|DK1","3229.26","3248.60"
"22/01/2015 10:00 - 22/01/2015 11:00","BZN|DK1","3256.48","3275.20"
"22/01/2015 11:00 - 22/01/2015 12:00","BZN|DK1","3219.48","3230.50"
"22/01/2015 12:00 - 22/01/2015 13:00","BZN|DK1","3138.34","3132.10"
"22/01/2015 13:00 - 22/01/2015 14:00","BZN|DK1","3149.71","3143.30"
"22/01/2015 14:00 - 22/01/2015 15:00","BZN|DK1","3102.63","3094.80"
"22/01/2015 15:00 - 22/01/2015 16:00","BZN|DK1","3016.45","3003.90"
"22/01/2015 16:00 - 22/01/2015 17:00","BZN|DK1","3080.08","3079.40"
"22/01/2015 17:00 - 22/01/2015 18:00","BZN|DK1","3378.74","3381.90"
"22/01/2015 18:00 - 22/01/2015 19:00","BZN|DK1","3245.75","3250.50"
"22/01/2015 19:00 - 22/01/2015 20:00","BZN|DK1","3025.05","3036.40"
"22/01/2015 20:00 - 22/01/2015 21:00","BZN|DK1","2831.96","2825.50"
"22/01/2015 21:00 - 22/01/2015 22:00","BZN|DK1","2649.11","2645.20"
"22/01/2015 22:00 - 22/01/2015 23:00","BZN|DK1","2432.93","2438.70"
"22/01/2015 23:00 - 23/01/2015 00:00","BZN|DK1","2243.47","2252.70"
"23/01/2015 00:00 - 23/01/2015 01:00","BZN|DK1","2114.26","2103.00"
"23/01/2015 01:00 - 23/01/2015 02:00","BZN|DK1","2036.37","2034.20"
"23/01/2015 02:00 - 23/01/2015 03:00","BZN|DK1","2012.48","2006.60"
"23/01/2015 03:00 - 23/01/2015 04:00","BZN|DK1","2037.16","2027.00"
"23/01/2015 04:00 - 23/01/2015 05:00","BZN|DK1","2098.79","2071.70"
"23/01/2015 05:00 - 23/01/2015 06:00","BZN|DK1","2252.95","2237.20"
"23/01/2015 06:00 - 23/01/2015 07:00","BZN|DK1","2695.63","2659.40"
"23/01/2015 07:00 - 23/01/2015 08:00","BZN|DK1","3216.03","3166.10"
"23/01/2015 08:00 - 23/01/2015 09:00","BZN|DK1","3343.99","3299.20"
"23/01/2015 09:00 - 23/01/2015 10:00","BZN|DK1","3270.32","3252.70"
"23/01/2015 10:00 - 23/01/2015 11:00","BZN|DK1","3279.84","3291.40"
"23/01/2015 11:00 - 23/01/2015 12:00","BZN|DK1","3194.65","3208.80"
"23/01/2015 12:00 - 23/01/2015 13:00","BZN|DK1","3088.91","3084.50"
"23/01/2015 13:00 - 23/01/2015 14:00","BZN|DK1","2932.71","2993.80"
"23/01/2015 14:00 - 23/01/2015 15:00","BZN|DK1","2726.05","2825.30"
"23/01/2015 15:00 - 23/01/2015 16:00","BZN|DK1","2514.21","2609.00"
"23/01/2015 16:00 - 23/01/2015 17:00","BZN|DK1","2616.07","2630.80"
"23/01/2015 17:00 - 23/01/2015 18:00","BZN|DK1","3129.15","3022.50"
"23/01/2015 18:00 - 23/01/2015 19:00","BZN|DK1","3059.49","3056.30"
"23/01/2015 19:00 - 23/01/2015 20:00","BZN|DK1","2836.16","2834.60"
"23/01/2015 20:00 - 23/01/2015 21:00","BZN|DK1","2646.19","2653.90"
"23/01/2015 21:00 - 23/01/2015 22:00","BZN|DK1","2523.24","2500.20"
"23/01/2015 22:00 - 23/01/2015 23:00","BZN|DK1","2375.32","2370.30"
"23/01/2015 23:00 - 24/01/2015 00:00","BZN|DK1","2260.87","2209.50"
"24/01/2015 00:00 - 24/01/2015 01:00","BZN|DK1","2143.26","2124.80"
"24/01/2015 01:00 - 24/01/2015 02:00","BZN|DK1","2068.07","2046.80"
"24/01/2015 02:00 - 24/01/2015 03:00","BZN|DK1","2018.01","1992.90"
"24/01/2015 03:00 - 24/01/2015 04:00","BZN|DK1","1990.60","1956.90"
"24/01/2015 04:00 - 24/01/2015 05:00","BZN|DK1","1998.70","1981.80"
"24/01/2015 05:00 - 24/01/2015 06:00","BZN|DK1","2038.26","2028.90"
"24/01/2015 06:00 - 24/01/2015 07:00","BZN|DK1","2216.46","2160.40"
"24/01/2015 07:00 - 24/01/2015 08:00","BZN|DK1","2427.91","2413.80"
"24/01/2015 08:00 - 24/01/2015 09:00","BZN|DK1","2577.97","2597.10"
"24/01/2015 09:00 - 24/01/2015 10:00","BZN|DK1","2685.86","2695.00"
"24/01/2015 10:00 - 24/01/2015 11:00","BZN|DK1","2707.78","2744.10"
"24/01/2015 11:00 - 24/01/2015 12:00","BZN|DK1","2635.30","2666.20"
"24/01/2015 12:00 - 24/01/2015 13:00","BZN|DK1","2547.58","2563.80"
"24/01/2015 13:00 - 24/01/2015 14:00","BZN|DK1","2469.98","2477.30"
"24/01/2015 14:00 - 24/01/2015 15:00","BZN|DK1","2358.51","2399.00"
"24/01/2015 15:00 - 24/01/2015 16:00","BZN|DK1","2309.46","2352.60"
"24/01/2015 16:00 - 24/01/2015 17:00","BZN|DK1","2419.38","2445.10"
"24/01/2015 17:00 - 24/01/2015 18:00","BZN|DK1","2804.00","2777.90"
"24/01/2015 18:00 - 24/01/2015 19:00","BZN|DK1","2787.92","2779.50"
"24/01/2015 19:00 - 24/01/2015 20:00","BZN|DK1","2531.42","2520.80"
"24/01/2015 20:00 - 24/01/2015 21:00","BZN|DK1","2348.22","2348.30"
"24/01/2015 21:00 - 24/01/2015 22:00","BZN|DK1","2240.65","2247.90"
"24/01/2015 22:00 - 24/01/2015 23:00","BZN|DK1","2105.98","2118.60"
"24/01/2015 23:00 - 25/01/2015 00:00","BZN|DK1","1989.28","1979.70"
"25/01/2015 00:00 - 25/01/2015 01:00","BZN|DK1","1871.54","1847.50"
"25/01/2015 01:00 - 25/01/2015 02:00","BZN|DK1","1811.05","1744.10"
"25/01/2015 02:00 - 25/01/2015 03:00","BZN|DK1","1812.94","1770.70"
"25/01/2015 03:00 - 25/01/2015 04:00","BZN|DK1","1761.34","1775.00"
"25/01/2015 04:00 - 25/01/2015 05:00","BZN|DK1","1820.01","1753.10"
"25/01/2015 05:00 - 25/01/2015 06:00","BZN|DK1","1878.71","1802.30"
"25/01/2015 06:00 - 25/01/2015 07:00","BZN|DK1","1955.98","1954.80"
"25/01/2015 07:00 - 25/01/2015 08:00","BZN|DK1","2115.08","2106.30"
"25/01/2015 08:00 - 25/01/2015 09:00","BZN|DK1","2274.69","2277.50"
"25/01/2015 09:00 - 25/01/2015 10:00","BZN|DK1","2368.58","2380.20"
"25/01/2015 10:00 - 25/01/2015 11:00","BZN|DK1","2352.76","2386.60"
"25/01/2015 11:00 - 25/01/2015 12:00","BZN|DK1","2338.69","2374.40"
"25/01/2015 12:00 - 25/01/2015 13:00","BZN|DK1","2308.49","2338.00"
"25/01/2015 13:00 - 25/01/2015 14:00","BZN|DK1","2264.11","2285.80"
"25/01/2015 14:00 - 25/01/2015 15:00","BZN|DK1","2233.35","2269.50"
"25/01/2015 15:00 - 25/01/2015 16:00","BZN|DK1","2276.22","2269.90"
"25/01/2015 16:00 - 25/01/2015 17:00","BZN|DK1","2427.13","2431.40"
"25/01/2015 17:00 - 25/01/2015 18:00","BZN|DK1","2863.52","2749.10"
"25/01/2015 18:00 - 25/01/2015 19:00","BZN|DK1","2808.35","2829.50"
"25/01/2015 19:00 - 25/01/2015 20:00","BZN|DK1","2630.93","2635.50"
"25/01/2015 20:00 - 25/01/2015 21:00","BZN|DK1","2416.81","2448.00"
"25/01/2015 21:00 - 25/01/2015 22:00","BZN|DK1","2258.80","2282.70"
"25/01/2015 22:00 - 25/01/2015 23:00","BZN|DK1","2074.11","2101.60"
"25/01/2015 23:00 - 26/01/2015 00:00","BZN|DK1","1929.27","1958.60"
"26/01/2015 00:00 - 26/01/2015 01:00","BZN|DK1","1823.70","1881.00"
"26/01/2015 01:00 - 26/01/2015 02:00","BZN|DK1","1787.11","1795.50"
"26/01/2015 02:00 - 26/01/2015 03:00","BZN|DK1","1788.76","1799.40"
"26/01/2015 03:00 - 26/01/2015 04:00","BZN|DK1","1831.00","1820.70"
"26/01/2015 04:00 - 26/01/2015 05:00","BZN|DK1","1913.16","1888.80"
"26/01/2015 05:00 - 26/01/2015 06:00","BZN|DK1","2055.38","2060.50"
"26/01/2015 06:00 - 26/01/2015 07:00","BZN|DK1","2503.96","2510.40"
"26/01/2015 07:00 - 26/01/2015 08:00","BZN|DK1","3050.44","3055.70"
"26/01/2015 08:00 - 26/01/2015 09:00","BZN|DK1","3228.02","3206.20"
"26/01/2015 09:00 - 26/01/2015 10:00","BZN|DK1","3226.08","3210.90"
"26/01/2015 10:00 - 26/01/2015 11:00","BZN|DK1","3310.80","3271.10"
"26/01/2015 11:00 - 26/01/2015 12:00","BZN|DK1","3299.91","3292.10"
"26/01/2015 12:00 - 26/01/2015 13:00","BZN|DK1","3241.14","3205.50"
"26/01/2015 13:00 - 26/01/2015 14:00","BZN|DK1","3238.41","3225.20"
"26/01/2015 14:00 - 26/01/2015 15:00","BZN|DK1","3139.95","3153.80"
"26/01/2015 15:00 - 26/01/2015 16:00","BZN|DK1","3015.04","3033.20"
"26/01/2015 16:00 - 26/01/2015 17:00","BZN|DK1","2987.74","3036.70"
"26/01/2015 17:00 - 26/01/2015 18:00","BZN|DK1","3289.27","3322.10"
"26/01/2015 18:00 - 26/01/2015 19:00","BZN|DK1","3149.21","3152.80"
"26/01/2015 19:00 - 26/01/2015 20:00","BZN|DK1","2899.46","2926.50"
"26/01/2015 20:00 - 26/01/2015 21:00","BZN|DK1","2698.01","2680.70"
"26/01/2015 21:00 - 26/01/2015 22:00","BZN|DK1","2488.97","2473.40"
"26/01/2015 22:00 - 26/01/2015 23:00","BZN|DK1","2326.31","2274.10"
"26/01/2015 23:00 - 27/01/2015 00:00","BZN|DK1","2161.11","2082.60"
"27/01/2015 00:00 - 27/01/2015 01:00","BZN|DK1","2002.95","2018.50"
"27/01/2015 01:00 - 27/01/2015 02:00","BZN|DK1","1982.77","1948.80"
"27/01/2015 02:00 - 27/01/2015 03:00","BZN|DK1","1974.27","1950.60"
"27/01/2015 03:00 - 27/01/2015 04:00","BZN|DK1","1997.99","1990.50"
"27/01/2015 04:00 - 27/01/2015 05:00","BZN|DK1","2016.67","2018.10"
"27/01/2015 05:00 - 27/01/2015 06:00","BZN|DK1","2207.52","2184.30"
"27/01/2015 06:00 - 27/01/2015 07:00","BZN|DK1","2647.51","2624.00"
"27/01/2015 07:00 - 27/01/2015 08:00","BZN|DK1","3072.12","3110.20"
"27/01/2015 08:00 - 27/01/2015 09:00","BZN|DK1","3195.17","3180.00"
"27/01/2015 09:00 - 27/01/2015 10:00","BZN|DK1","3158.47","3155.80"
"27/01/2015 10:00 - 27/01/2015 11:00","BZN|DK1","3157.68","3183.10"
"27/01/2015 11:00 - 27/01/2015 12:00","BZN|DK1","3080.79","3081.20"
"27/01/2015 12:00 - 27/01/2015 13:00","BZN|DK1","2981.60","2973.50"
"27/01/2015 13:00 - 27/01/2015 14:00","BZN|DK1","2998.62","2970.00"
"27/01/2015 14:00 - 27/01/2015 15:00","BZN|DK1","2899.73","2928.30"
"27/01/2015 15:00 - 27/01/2015 16:00","BZN|DK1","2812.69","2826.20"
"27/01/2015 16:00 - 27/01/2015 17:00","BZN|DK1","2867.04","2873.50"
"27/01/2015 17:00 - 27/01/2015 18:00","BZN|DK1","3234.09","3209.90"
"27/01/2015 18:00 - 27/01/2015 19:00","BZN|DK1","3148.17","3139.50"
"27/01/2015 19:00 - 27/01/2015 20:00","BZN|DK1","2932.82","2960.10"
"27/01/2015 20:00 - 27/01/2015 21:00","BZN|DK1","2720.32","2728.20"
"27/01/2015 21:00 - 27/01/2015 22:00","BZN|DK1","2514.73","2521.40"
"27/01/2015 22:00 - 27/01/2015 23:00","BZN|DK1","2306.56","2299.20"
"27/01/2015 23:00 - 28/01/2015 00:00","BZN|DK1","2070.52","2089.60"
"28/01/2015 00:00 - 28/01/2015 01:00","BZN|DK1","1929.86","1929.20"
"28/01/2015 01:00 - 28/01/2015 02:00","BZN|DK1","1881.97","1881.00"
"28/01/2015 02:00 - 28/01/2015 03:00","BZN|DK1","1883.84","1860.40"
"28/01/2015 03:00 - 28/01/2015 04:00","BZN|DK1","1891.12","1878.50"
"28/01/2015 04:00 - 28/01/2015 05:00","BZN|DK1","1966.41","1921.00"
"28/01/2015 05:00 - 28/01/2015 06:00","BZN|DK1","2113.52","2119.90"
"28/01/2015 06:00 - 28/01/2015 07:00","BZN|DK1","2567.34","2577.50"
"28/01/2015 07:00 - 28/01/2015 08:00","BZN|DK1","3070.65","3095.90"
"28/01/2015 08:00 - 28/01/2015 09:00","BZN|DK1","3249.49","3221.00"
"28/01/2015 09:00 - 28/01/2015 10:00","BZN|DK1","3216.91","3193.80"
"28/01/2015 10:00 - 28/01/2015 11:00","BZN|DK1","3180.91","3222.90"
"28/01/2015 11:00 - 28/01/2015 12:00","BZN|DK1","3248.43","3186.80"
"28/01/2015 12:00 - 28/01/2015 13:00","BZN|DK1","3199.50","3145.30"
"28/01/2015 13:00 - 28/01/2015 14:00","BZN|DK1","3253.80","3211.00"
"28/01/2015 14:00 - 28/01/2015 15:00","BZN|DK1","3214.45","3192.00"
"28/01/2015 15:00 - 28/01/2015 16:00","BZN|DK1","3134.85","3091.70"
"28/01/2015 16:00 - 28/01/2015 17:00","BZN|DK1","3167.33","3159.60"
"28/01/2015 17:00 - 28/01/2015 18:00","BZN|DK1","3418.41","3453.80"
"28/01/2015 18:00 - 28/01/2015 19:00","BZN|DK1","3277.16","3293.90"
"28/01/2015 19:00 - 28/01/2015 20:00","BZN|DK1","3014.04","3019.30"
"28/01/2015 20:00 - 28/01/2015 21:00","BZN|DK1","2807.46","2793.70"
"28/01/2015 21:00 - 28/01/2015 22:00","BZN|DK1","2672.64","2683.00"
"28/01/2015 22:00 - 28/01/2015 23:00","BZN|DK1","2447.84","2450.80"
"28/01/2015 23:00 - 29/01/2015 00:00","BZN|DK1","2193.66","2209.80"
"29/01/2015 00:00 - 29/01/2015 01:00","BZN|DK1","2073.04","2057.30"
"29/01/2015 01:00 - 29/01/2015 02:00","BZN|DK1","2030.44","2006.50"
"29/01/2015 02:00 - 29/01/2015 03:00","BZN|DK1","2025.28","2002.30"
"29/01/2015 03:00 - 29/01/2015 04:00","BZN|DK1","2080.36","2045.70"
"29/01/2015 04:00 - 29/01/2015 05:00","BZN|DK1","2050.20","2092.60"
"29/01/2015 05:00 - 29/01/2015 06:00","BZN|DK1","2208.44","2190.80"
"29/01/2015 06:00 - 29/01/2015 07:00","BZN|DK1","2793.30","2677.00"
"29/01/2015 07:00 - 29/01/2015 08:00","BZN|DK1","3300.21","3282.70"
"29/01/2015 08:00 - 29/01/2015 09:00","BZN|DK1","3162.01","3166.90"
"29/01/2015 09:00 - 29/01/2015 10:00","BZN|DK1","3165.60","3151.20"
"29/01/2015 10:00 - 29/01/2015 11:00","BZN|DK1","3207.83","3195.80"
"29/01/2015 11:00 - 29/01/2015 12:00","BZN|DK1","3193.21","3179.00"
"29/01/2015 12:00 - 29/01/2015 13:00","BZN|DK1","3102.86","3096.70"
"29/01/2015 13:00 - 29/01/2015 14:00","BZN|DK1","3078.12","3105.10"
"29/01/2015 14:00 - 29/01/2015 15:00","BZN|DK1","3078.42","3053.80"
"29/01/2015 15:00 - 29/01/2015 16:00","BZN|DK1","3131.60","3051.80"
"29/01/2015 16:00 - 29/01/2015 17:00","BZN|DK1","3018.47","3064.80"
"29/01/2015 17:00 - 29/01/2015 18:00","BZN|DK1","3381.47","3367.10"
"29/01/2015 18:00 - 29/01/2015 19:00","BZN|DK1","3244.15","3267.10"
"29/01/2015 19:00 - 29/01/2015 20:00","BZN|DK1","3071.19","3046.90"
"29/01/2015 20:00 - 29/01/2015 21:00","BZN|DK1","2908.18","2879.70"
"29/01/2015 21:00 - 29/01/2015 22:00","BZN|DK1","2740.63","2731.00"
"29/01/2015 22:00 - 29/01/2015 23:00","BZN|DK1","2479.76","2532.00"
"29/01/2015 23:00 - 30/01/2015 00:00","BZN|DK1","2274.84","2294.00"
"30/01/2015 00:00 - 30/01/2015 01:00","BZN|DK1","2126.91","2110.20"
"30/01/2015 01:00 - 30/01/2015 02:00","BZN|DK1","2083.98","2031.40"
"30/01/2015 02:00 - 30/01/2015 03:00","BZN|DK1","2064.69","2038.70"
"30/01/2015 03:00 - 30/01/2015 04:00","BZN|DK1","2059.51","2044.20"
"30/01/2015 04:00 - 30/01/2015 05:00","BZN|DK1","2124.11","2105.50"
"30/01/2015 05:00 - 30/01/2015 06:00","BZN|DK1","2285.58","2276.10"
"30/01/2015 06:00 - 30/01/2015 07:00","BZN|DK1","2720.45","2715.00"
"30/01/2015 07:00 - 30/01/2015 08:00","BZN|DK1","3222.42","3211.00"
"30/01/2015 08:00 - 30/01/2015 09:00","BZN|DK1","3354.77","3344.60"
"30/01/2015 09:00 - 30/01/2015 10:00","BZN|DK1","3235.90","3301.50"
"30/01/2015 10:00 - 30/01/2015 11:00","BZN|DK1","3215.44","3256.00"
"30/01/2015 11:00 - 30/01/2015 12:00","BZN|DK1","3178.76","3166.30"
"30/01/2015 12:00 - 30/01/2015 13:00","BZN|DK1","3040.05","3042.30"
"30/01/2015 13:00 - 30/01/2015 14:00","BZN|DK1","2959.59","2955.50"
"30/01/2015 14:00 - 30/01/2015 15:00","BZN|DK1","2797.91","2808.00"
"30/01/2015 15:00 - 30/01/2015 16:00","BZN|DK1","2698.69","2708.20"
"30/01/2015 16:00 - 30/01/2015 17:00","BZN|DK1","2756.29","2775.00"
"30/01/2015 17:00 - 30/01/2015 18:00","BZN|DK1","3076.16","3076.50"
"30/01/2015 18:00 - 30/01/2015 19:00","BZN|DK1","3038.23","3001.30"
"30/01/2015 19:00 - 30/01/2015 20:00","BZN|DK1","2778.37","2792.00"
"30/01/2015 20:00 - 30/01/2015 21:00","BZN|DK1","2584.13","2582.50"
"30/01/2015 21:00 - 30/01/2015 22:00","BZN|DK1","2414.52","2419.40"
"30/01/2015 22:00 - 30/01/2015 23:00","BZN|DK1","2255.53","2252.00"
"30/01/2015 23:00 - 31/01/2015 00:00","BZN|DK1","2094.58","2083.90"
"31/01/2015 00:00 - 31/01/2015 01:00","BZN|DK1","1952.68","1961.90"
"31/01/2015 01:00 - 31/01/2015 02:00","BZN|DK1","1863.11","1875.90"
"31/01/2015 02:00 - 31/01/2015 03:00","BZN|DK1","1822.15","1830.50"
"31/01/2015 03:00 - 31/01/2015 04:00","BZN|DK1","1825.12","1816.00"
"31/01/2015 04:00 - 31/01/2015 05:00","BZN|DK1","1840.33","1833.10"
"31/01/2015 05:00 - 31/01/2015 06:00","BZN|DK1","1918.16","1905.70"
"31/01/2015 06:00 - 31/01/2015 07:00","BZN|DK1","2068.81","2064.30"
"31/01/2015 07:00 - 31/01/2015 08:00","BZN|DK1","2305.42","2294.10"
"31/01/2015 08:00 - 31/01/2015 09:00","BZN|DK1","2482.76","2480.80"
"31/01/2015 09:00 - 31/01/2015 10:00","BZN|DK1","2592.37","2587.50"
"31/01/2015 10:00 - 31/01/2015 11:00","BZN|DK1","2601.94","2613.90"
"31/01/2015 11:00 - 31/01/2015 12:00","BZN|DK1","2533.33","2570.70"
"31/01/2015 12:00 - 31/01/2015 13:00","BZN|DK1","2452.25","2485.40"
"31/01/2015 13:00 - 31/01/2015 14:00","BZN|DK1","2400.54","2405.30"
"31/01/2015 14:00 - 31/01/2015 15:00","BZN|DK1","2355.18","2378.90"
"31/01/2015 15:00 - 31/01/2015 16:00","BZN|DK1","2350.24","2370.90"
"31/01/2015 16:00 - 31/01/2015 17:00","BZN|DK1","2461.77","2483.10"
"31/01/2015 17:00 - 31/01/2015 18:00","BZN|DK1","2790.09","2821.70"
"31/01/2015 18:00 - 31/01/2015 19:00","BZN|DK1","2765.92","2772.90"
"31/01/2015 19:00 - 31/01/2015 20:00","BZN|DK1","2556.45","2545.80"
"31/01/2015 20:00 - 31/01/2015 21:00","BZN|DK1","2402.76","2393.20"
"31/01/2015 21:00 - 31/01/2015 22:00","BZN|DK1","2291.30","2268.80"
"31/01/2015 22:00 - 31/01/2015 23:00","BZN|DK1","2155.05","2158.50"
"31/01/2015 23:00 - 01/02/2015 00:00","BZN|DK1","2036.70","2016.80"
"01/02/2015 00:00 - 01/02/2015 01:00","BZN|DK1","1899.08","1890.20"
"01/02/2015 01:00 - 01/02/2015 02:00","BZN|DK1","1814.63","1798.10"
"01/02/2015 02:00 - 01/02/2015 03:00","BZN|DK1","1779.14","1769.80"
"01/02/2015 03:00 - 01/02/2015 04:00","BZN|DK1","1795.65","1768.60"
"01/02/2015 04:00 - 01/02/2015 05:00","BZN|DK1","1802.50","1792.80"
"01/02/2015 05:00 - 01/02/2015 06:00","BZN|DK1","1828.95","1840.80"
"01/02/2015 06:00 - 01/02/2015 07:00","BZN|DK1","1947.19","1929.60"
"01/02/2015 07:00 - 01/02/2015 08:00","BZN|DK1","2109.25","2111.00"
"01/02/2015 08:00 - 01/02/2015 09:00","BZN|DK1","2274.73","2268.30"
"01/02/2015 09:00 - 01/02/2015 10:00","BZN|DK1","2388.39","2403.50"
"01/02/2015 10:00 - 01/02/2015 11:00","BZN|DK1","2441.34","2449.90"
"01/02/2015 11:00 - 01/02/2015 12:00","BZN|DK1","2433.26","2432.80"
"01/02/2015 12:00 - 01/02/2015 13:00","BZN|DK1","2420.04","2400.10"
"01/02/2015 13:00 - 01/02/2015 14:00","BZN|DK1","2404.90","2411.00"
"01/02/2015 14:00 - 01/02/2015 15:00","BZN|DK1","2363.83","2392.80"
"01/02/2015 15:00 - 01/02/2015 16:00","BZN|DK1","2363.89","2376.30"
"01/02/2015 16:00 - 01/02/2015 17:00","BZN|DK1","2462.02","2483.60"
"01/02/2015 17:00 - 01/02/2015 18:00","BZN|DK1","2862.59","2814.50"
"01/02/2015 18:00 - 01/02/2015 19:00","BZN|DK1","2844.01","2825.00"
"01/02/2015 19:00 - 01/02/2015 20:00","BZN|DK1","2687.25","2686.70"
"01/02/2015 20:00 - 01/02/2015 21:00","BZN|DK1","2479.41","2497.50"
"01/02/2015 21:00 - 01/02/2015 22:00","BZN|DK1","2362.13","2329.10"
"01/02/2015 22:00 - 01/02/2015 23:00","BZN|DK1","2207.25","2179.90"
"01/02/2015 23:00 - 02/02/2015 00:00","BZN|DK1","2102.80","2020.20"
"02/02/2015 00:00 - 02/02/2015 01:00","BZN|DK1","1995.02","1998.30"
"02/02/2015 01:00 - 02/02/2015 02:00","BZN|DK1","1918.12","1925.10"
"02/02/2015 02:00 - 02/02/2015 03:00","BZN|DK1","1884.61","1883.40"
"02/02/2015 03:00 - 02/02/2015 04:00","BZN|DK1","1942.73","1932.50"
"02/02/2015 04:00 - 02/02/2015 05:00","BZN|DK1","2007.33","2002.60"
"02/02/2015 05:00 - 02/02/2015 06:00","BZN|DK1","2140.78","2147.00"
"02/02/2015 06:00 - 02/02/2015 07:00","BZN|DK1","2591.76","2595.50"
"02/02/2015 07:00 - 02/02/2015 08:00","BZN|DK1","3087.52","3109.40"
"02/02/2015 08:00 - 02/02/2015 09:00","BZN|DK1","3203.40","3207.70"
"02/02/2015 09:00 - 02/02/2015 10:00","BZN|DK1","3202.67","3180.40"
"02/02/2015 10:00 - 02/02/2015 11:00","BZN|DK1","3241.06","3224.50"
"02/02/2015 11:00 - 02/02/2015 12:00","BZN|DK1","3203.63","3195.60"
"02/02/2015 12:00 - 02/02/2015 13:00","BZN|DK1","3108.41","3105.30"
"02/02/2015 13:00 - 02/02/2015 14:00","BZN|DK1","3119.33","3107.30"
"02/02/2015 14:00 - 02/02/2015 15:00","BZN|DK1","3045.76","3035.30"
"02/02/2015 15:00 - 02/02/2015 16:00","BZN|DK1","2939.61","2935.50"
"02/02/2015 16:00 - 02/02/2015 17:00","BZN|DK1","2923.95","2948.60"
"02/02/2015 17:00 - 02/02/2015 18:00","BZN|DK1","3274.18","3298.10"
"02/02/2015 18:00 - 02/02/2015 19:00","BZN|DK1","3206.49","3226.80"
"02/02/2015 19:00 - 02/02/2015 20:00","BZN|DK1","3007.33","3015.50"
"02/02/2015 20:00 - 02/02/2015 21:00","BZN|DK1","2807.00","2800.60"
"02/02/2015 21:00 - 02/02/2015 22:00","BZN|DK1","2612.17","2623.80"
"02/02/2015 22:00 - 02/02/2015 23:00","BZN|DK1","2381.26","2391.60"
"02/02/2015 23:00 - 03/02/2015 00:00","BZN|DK1","2213.70","2175.10"
"03/02/2015 00:00 - 03/02/2015 01:00","BZN|DK1","2084.65","2054.10"
"03/02/2015 01:00 - 03/02/2015 02:00","BZN|DK1","1998.58","2004.80"
"03/02/2015 02:00 - 03/02/2015 03:00","BZN|DK1","1956.55","1959.50"
"03/02/2015 03:00 - 03/02/2015 04:00","BZN|DK1","1958.35","1960.90"
"03/02/2015 04:00 - 03/02/2015 05:00","BZN|DK1","1983.87","1984.50"
"03/02/2015 05:00 - 03/02/2015 06:00","BZN|DK1","2191.14","2192.20"
"03/02/2015 06:00 - 03/02/2015 07:00","BZN|DK1","2643.93","2665.80"
"03/02/2015 07:00 - 03/02/2015 08:00","BZN|DK1","3151.74","3180.00"
"03/02/2015 08:00 - 03/02/2015 09:00","BZN|DK1","3273.21","3266.10"
"03/02/2015 09:00 - 03/02/2015 10:00","BZN|DK1","3240.92","3240.50"
"03/02/2015 10:00 - 03/02/2015 11:00","BZN|DK1","3278.43","3266.00"
"03/02/2015 11:00 - 03/02/2015 12:00","BZN|DK1","3244.05","3241.00"
"03/02/2015 12:00 - 03/02/2015 13:00","BZN|DK1","3167.12","3147.30"
"03/02/2015 13:00 - 03/02/2015 14:00","BZN|DK1","3114.23","3137.50"
"03/02/2015 14:00 - 03/02/2015 15:00","BZN|DK1","3054.68","3045.80"
"03/02/2015 15:00 - 03/02/2015 16:00","BZN|DK1","2968.21","2937.70"
"03/02/2015 16:00 - 03/02/2015 17:00","BZN|DK1","2976.85","2990.50"
"03/02/2015 17:00 - 03/02/2015 18:00","BZN|DK1","3319.53","3328.70"
"03/02/2015 18:00 - 03/02/2015 19:00","BZN|DK1","3244.67","3258.00"
"03/02/2015 19:00 - 03/02/2015 20:00","BZN|DK1","3016.55","3035.70"
"03/02/2015 20:00 - 03/02/2015 21:00","BZN|DK1","2839.72","2809.60"
"03/02/2015 21:00 - 03/02/2015 22:00","BZN|DK1","2652.41","2626.30"
"03/02/2015 22:00 - 03/02/2015 23:00","BZN|DK1","2438.51","2408.00"
"03/02/2015 23:00 - 04/02/2015 00:00","BZN|DK1","2234.71","2176.40"
"04/02/2015 00:00 - 04/02/2015 01:00","BZN|DK1","2082.36","2093.40"
"04/02/2015 01:00 - 04/02/2015 02:00","BZN|DK1","2036.42","2016.40"
"04/02/2015 02:00 - 04/02/2015 03:00","BZN|DK1","2017.29","2006.90"
"04/02/2015 03:00 - 04/02/2015 04:00","BZN|DK1","2030.75","2018.30"
"04/02/2015 04:00 - 04/02/2015 05:00","BZN|DK1","2098.44","2073.00"
"04/02/2015 05:00 - 04/02/2015 06:00","BZN|DK1","2254.41","2261.40"
"04/02/2015 06:00 - 04/02/2015 07:00","BZN|DK1","2701.87","2706.20"
"04/02/2015 07:00 - 04/02/2015 08:00","BZN|DK1","3221.86","3221.10"
"04/02/2015 08:00 - 04/02/2015 09:00","BZN|DK1","3309.55","3311.80"
"04/02/2015 09:00 - 04/02/2015 10:00","BZN|DK1","3263.56","3271.10"
"04/02/2015 10:00 - 04/02/2015 11:00","BZN|DK1","3297.85","3287.30"
"04/02/2015 11:00 - 04/02/2015 12:00","BZN|DK1","3246.72","3258.20"
"04/02/2015 12:00 - 04/02/2015 13:00","BZN|DK1","3168.52","3156.30"
"04/02/2015 13:00 - 04/02/2015 14:00","BZN|DK1","3194.61","3187.30"
"04/02/2015 14:00 - 04/02/2015 15:00","BZN|DK1","3143.32","3134.50"
"04/02/2015 15:00 - 04/02/2015 16:00","BZN|DK1","3033.96","3036.70"
"04/02/2015 16:00 - 04/02/2015 17:00","BZN|DK1","3043.40","3051.80"
"04/02/2015 17:00 - 04/02/2015 18:00","BZN|DK1","3347.59","3366.60"
"04/02/2015 18:00 - 04/02/2015 19:00","BZN|DK1","3274.40","3273.70"
"04/02/2015 19:00 - 04/02/2015 20:00","BZN|DK1","3061.56","3065.20"
"04/02/2015 20:00 - 04/02/2015 21:00","BZN|DK1","2863.00","2854.10"
"04/02/2015 21:00 - 04/02/2015 22:00","BZN|DK1","2679.22","2664.30"
"04/02/2015 22:00 - 04/02/2015 23:00","BZN|DK1","2459.48","2437.00"
"04/02/2015 23:00 - 05/02/2015 00:00","BZN|DK1","2250.12","2209.00"
"05/02/2015 00:00 - 05/02/2015 01:00","BZN|DK1","2078.87","2069.50"
"05/02/2015 01:00 - 05/02/2015 02:00","BZN|DK1","2045.47","2022.90"
"05/02/2015 02:00 - 05/02/2015 03:00","BZN|DK1","2010.91","2007.00"
"05/02/2015 03:00 - 05/02/2015 04:00","BZN|DK1","2013.81","2024.00"
"05/02/2015 04:00 - 05/02/2015 05:00","BZN|DK1","2065.35","2102.20"
"05/02/2015 05:00 - 05/02/2015 06:00","BZN|DK1","2246.07","2245.60"
"05/02/2015 06:00 - 05/02/2015 07:00","BZN|DK1","2669.52","2697.10"
"05/02/2015 07:00 - 05/02/2015 08:00","BZN|DK1","3166.97","3198.50"
"05/02/2015 08:00 - 05/02/2015 09:00","BZN|DK1","3299.41","3294.10"
"05/02/2015 09:00 - 05/02/2015 10:00","BZN|DK1","3238.93","3260.80"
"05/02/2015 10:00 - 05/02/2015 11:00","BZN|DK1","3264.53","3284.90"
"05/02/2015 11:00 - 05/02/2015 12:00","BZN|DK1","3245.18","3240.80"
"05/02/2015 12:00 - 05/02/2015 13:00","BZN|DK1","3099.31","3129.70"
"05/02/2015 13:00 - 05/02/2015 14:00","BZN|DK1","3086.40","3115.40"
"05/02/2015 14:00 - 05/02/2015 15:00","BZN|DK1","2986.24","3050.70"
"05/02/2015 15:00 - 05/02/2015 16:00","BZN|DK1","2877.64","2894.30"
"05/02/2015 16:00 - 05/02/2015 17:00","BZN|DK1","2924.08","2912.60"
"05/02/2015 17:00 - 05/02/2015 18:00","BZN|DK1","3245.76","3265.80"
"05/02/2015 18:00 - 05/02/2015 19:00","BZN|DK1","3237.55","3224.00"
"05/02/2015 19:00 - 05/02/2015 20:00","BZN|DK1","3061.63","3046.00"
"05/02/2015 20:00 - 05/02/2015 21:00","BZN|DK1","2859.92","2833.00"
"05/02/2015 21:00 - 05/02/2015 22:00","BZN|DK1","2666.50","2632.10"
"05/02/2015 22:00 - 05/02/2015 23:00","BZN|DK1","2471.14","2396.30"
"05/02/2015 23:00 - 06/02/2015 00:00","BZN|DK1","2262.13","2164.30"
"06/02/2015 00:00 - 06/02/2015 01:00","BZN|DK1","2184.29","2156.90"
"06/02/2015 01:00 - 06/02/2015 02:00","BZN|DK1","2118.72","2118.60"
"06/02/2015 02:00 - 06/02/2015 03:00","BZN|DK1","2083.45","2073.40"
"06/02/2015 03:00 - 06/02/2015 04:00","BZN|DK1","2057.71","2070.80"
"06/02/2015 04:00 - 06/02/2015 05:00","BZN|DK1","2122.73","2122.50"
"06/02/2015 05:00 - 06/02/2015 06:00","BZN|DK1","2273.92","2276.60"
"06/02/2015 06:00 - 06/02/2015 07:00","BZN|DK1","2674.61","2708.50"
"06/02/2015 07:00 - 06/02/2015 08:00","BZN|DK1","3103.94","3155.00"
"06/02/2015 08:00 - 06/02/2015 09:00","BZN|DK1","3190.47","3209.80"
"06/02/2015 09:00 - 06/02/2015 10:00","BZN|DK1","3152.05","3173.50"
"06/02/2015 10:00 - 06/02/2015 11:00","BZN|DK1","3151.43","3193.70"
"06/02/2015 11:00 - 06/02/2015 12:00","BZN|DK1","3072.13","3103.50"
"06/02/2015 12:00 - 06/02/2015 13:00","BZN|DK1","2887.78","2921.20"
"06/02/2015 13:00 - 06/02/2015 14:00","BZN|DK1","2811.81","2823.20"
"06/02/2015 14:00 - 06/02/2015 15:00","BZN|DK1","2693.70","2712.80"
"06/02/2015 15:00 - 06/02/2015 16:00","BZN|DK1","2656.70","2648.80"
"06/02/2015 16:00 - 06/02/2015 17:00","BZN|DK1","2710.95","2720.50"
"06/02/2015 17:00 - 06/02/2015 18:00","BZN|DK1","3017.30","3032.60"
"06/02/2015 18:00 - 06/02/2015 19:00","BZN|DK1","2985.21","3003.60"
"06/02/2015 19:00 - 06/02/2015 20:00","BZN|DK1","2725.76","2736.50"
"06/02/2015 20:00 - 06/02/2015 21:00","BZN|DK1","2510.17","2517.70"
"06/02/2015 21:00 - 06/02/2015 22:00","BZN|DK1","2342.39","2356.30"
"06/02/2015 22:00 - 06/02/2015 23:00","BZN|DK1","2170.34","2213.40"
"06/02/2015 23:00 - 07/02/2015 00:00","BZN|DK1","2006.76","2075.50"
"07/02/2015 00:00 - 07/02/2015 01:00","BZN|DK1","1878.63","1849.10"
"07/02/2015 01:00 - 07/02/2015 02:00","BZN|DK1","1811.00","1799.50"
"07/02/2015 02:00 - 07/02/2015 03:00","BZN|DK1","1808.65","1769.20"
"07/02/2015 03:00 - 07/02/2015 04:00","BZN|DK1","1789.72","1776.90"
"07/02/2015 04:00 - 07/02/2015 05:00","BZN|DK1","1801.93","1797.00"
"07/02/2015 05:00 - 07/02/2015 06:00","BZN|DK1","1869.51","1840.70"
"07/02/2015 06:00 - 07/02/2015 07:00","BZN|DK1","2060.30","2014.10"
"07/02/2015 07:00 - 07/02/2015 08:00","BZN|DK1","2237.99","2252.50"
"07/02/2015 08:00 - 07/02/2015 09:00","BZN|DK1","2388.18","2412.90"
"07/02/2015 09:00 - 07/02/2015 10:00","BZN|DK1","2515.09","2509.30"
"07/02/2015 10:00 - 07/02/2015 11:00","BZN|DK1","2562.06","2555.90"
"07/02/2015 11:00 - 07/02/2015 12:00","BZN|DK1","2612.65","2546.50"
"07/02/2015 12:00 - 07/02/2015 13:00","BZN|DK1","2554.48","2539.40"
"07/02/2015 13:00 - 07/02/2015 14:00","BZN|DK1","2490.23","2489.40"
"07/02/2015 14:00 - 07/02/2015 15:00","BZN|DK1","2478.68","2455.80"
"07/02/2015 15:00 - 07/02/2015 16:00","BZN|DK1","2468.59","2459.80"
"07/02/2015 16:00 - 07/02/2015 17:00","BZN|DK1","2557.48","2545.00"
"07/02/2015 17:00 - 07/02/2015 18:00","BZN|DK1","2872.43","2886.60"
"07/02/2015 18:00 - 07/02/2015 19:00","BZN|DK1","2869.42","2874.90"
"07/02/2015 19:00 - 07/02/2015 20:00","BZN|DK1","2654.10","2640.50"
"07/02/2015 20:00 - 07/02/2015 21:00","BZN|DK1","2509.23","2486.90"
"07/02/2015 21:00 - 07/02/2015 22:00","BZN|DK1","2374.68","2365.30"
"07/02/2015 22:00 - 07/02/2015 23:00","BZN|DK1","2246.54","2239.70"
"07/02/2015 23:00 - 08/02/2015 00:00","BZN|DK1","2102.71","2084.60"
"08/02/2015 00:00 - 08/02/2015 01:00","BZN|DK1","1994.66","1934.10"
"08/02/2015 01:00 - 08/02/2015 02:00","BZN|DK1","1976.71","1979.70"
"08/02/2015 02:00 - 08/02/2015 03:00","BZN|DK1","1934.82","1904.40"
"08/02/2015 03:00 - 08/02/2015 04:00","BZN|DK1","1926.62","1895.10"
"08/02/2015 04:00 - 08/02/2015 05:00","BZN|DK1","1926.66","1907.70"
"08/02/2015 05:00 - 08/02/2015 06:00","BZN|DK1","1958.39","1947.50"
"08/02/2015 06:00 - 08/02/2015 07:00","BZN|DK1","2019.55","2032.90"
"08/02/2015 07:00 - 08/02/2015 08:00","BZN|DK1","2133.06","2176.10"
"08/02/2015 08:00 - 08/02/2015 09:00","BZN|DK1","2244.97","2270.60"
"08/02/2015 09:00 - 08/02/2015 10:00","BZN|DK1","2315.67","2324.00"
"08/02/2015 10:00 - 08/02/2015 11:00","BZN|DK1","2300.59","2340.60"
"08/02/2015 11:00 - 08/02/2015 12:00","BZN|DK1","2314.99","2299.80"
"08/02/2015 12:00 - 08/02/2015 13:00","BZN|DK1","2349.00","2298.10"
"08/02/2015 13:00 - 08/02/2015 14:00","BZN|DK1","2282.01","2306.40"
"08/02/2015 14:00 - 08/02/2015 15:00","BZN|DK1","2252.82","2268.80"
"08/02/2015 15:00 - 08/02/2015 16:00","BZN|DK1","2238.36","2233.40"
"08/02/2015 16:00 - 08/02/2015 17:00","BZN|DK1","2345.75","2351.70"
"08/02/2015 17:00 - 08/02/2015 18:00","BZN|DK1","2723.70","2716.30"
"08/02/2015 18:00 - 08/02/2015 19:00","BZN|DK1","2769.08","2770.30"
"08/02/2015 19:00 - 08/02/2015 20:00","BZN|DK1","2603.69","2587.90"
"08/02/2015 20:00 - 08/02/2015 21:00","BZN|DK1","2451.37","2458.50"
"08/02/2015 21:00 - 08/02/2015 22:00","BZN|DK1","2358.15","2334.70"
"08/02/2015 22:00 - 08/02/2015 23:00","BZN|DK1","2206.65","2196.80"
"08/02/2015 23:00 - 09/02/2015 00:00","BZN|DK1","2063.96","2047.50"
"09/02/2015 00:00 - 09/02/2015 01:00","BZN|DK1","1967.34","1936.90"
"09/02/2015 01:00 - 09/02/2015 02:00","BZN|DK1","1917.02","1893.60"
"09/02/2015 02:00 - 09/02/2015 03:00","BZN|DK1","1926.74","1904.80"
"09/02/2015 03:00 - 09/02/2015 04:00","BZN|DK1","1949.44","1907.70"
"09/02/2015 04:00 - 09/02/2015 05:00","BZN|DK1","2025.87","1979.80"
"09/02/2015 05:00 - 09/02/2015 06:00","BZN|DK1","2176.18","2165.50"
"09/02/2015 06:00 - 09/02/2015 07:00","BZN|DK1","2558.74","2581.50"
"09/02/2015 07:00 - 09/02/2015 08:00","BZN|DK1","3011.03","3007.20"
"09/02/2015 08:00 - 09/02/2015 09:00","BZN|DK1","3131.01","3118.80"
"09/02/2015 09:00 - 09/02/2015 10:00","BZN|DK1","3116.81","3121.00"
"09/02/2015 10:00 - 09/02/2015 11:00","BZN|DK1","3111.67","3135.00"
"09/02/2015 11:00 - 09/02/2015 12:00","BZN|DK1","3078.65","3089.70"
"09/02/2015 12:00 - 09/02/2015 13:00","BZN|DK1","2976.03","2982.30"
"09/02/2015 13:00 - 09/02/2015 14:00","BZN|DK1","2964.85","2996.80"
"09/02/2015 14:00 - 09/02/2015 15:00","BZN|DK1","2859.51","2910.60"
"09/02/2015 15:00 - 09/02/2015 16:00","BZN|DK1","2713.43","2738.60"
"09/02/2015 16:00 - 09/02/2015 17:00","BZN|DK1","2665.88","2729.70"
"09/02/2015 17:00 - 09/02/2015 18:00","BZN|DK1","2961.63","2999.50"
"09/02/2015 18:00 - 09/02/2015 19:00","BZN|DK1","2982.71","2983.00"
"09/02/2015 19:00 - 09/02/2015 20:00","BZN|DK1","2784.30","2797.70"
"09/02/2015 20:00 - 09/02/2015 21:00","BZN|DK1","2593.19","2600.80"
"09/02/2015 21:00 - 09/02/2015 22:00","BZN|DK1","2424.85","2421.10"
"09/02/2015 22:00 - 09/02/2015 23:00","BZN|DK1","2233.68","2242.50"
"09/02/2015 23:00 - 10/02/2015 00:00","BZN|DK1","2076.65","2076.70"
"10/02/2015 00:00 - 10/02/2015 01:00","BZN|DK1","1994.22","1997.10"
"10/02/2015 01:00 - 10/02/2015 02:00","BZN|DK1","1914.82","1936.70"
"10/02/2015 02:00 - 10/02/2015 03:00","BZN|DK1","1918.13","1901.10"
"10/02/2015 03:00 - 10/02/2015 04:00","BZN|DK1","1912.78","1915.50"
"10/02/2015 04:00 - 10/02/2015 05:00","BZN|DK1","1987.95","1974.10"
"10/02/2015 05:00 - 10/02/2015 06:00","BZN|DK1","2148.01","2143.60"
"10/02/2015 06:00 - 10/02/2015 07:00","BZN|DK1","2508.71","2524.60"
"10/02/2015 07:00 - 10/02/2015 08:00","BZN|DK1","2953.19","2913.10"
"10/02/2015 08:00 - 10/02/2015 09:00","BZN|DK1","3111.17","3073.80"
"10/02/2015 09:00 - 10/02/2015 10:00","BZN|DK1","3101.18","3088.80"
"10/02/2015 10:00 - 10/02/2015 11:00","BZN|DK1","3081.33","3102.80"
"10/02/2015 11:00 - 10/02/2015 12:00","BZN|DK1","3071.05","3064.00"
"10/02/2015 12:00 - 10/02/2015 13:00","BZN|DK1","2942.45","2965.60"
"10/02/2015 13:00 - 10/02/2015 14:00","BZN|DK1","2937.53","2936.90"
"10/02/2015 14:00 - 10/02/2015 15:00","BZN|DK1","2853.81","2874.50"
"10/02/2015 15:00 - 10/02/2015 16:00","BZN|DK1","2734.38","2758.80"
"10/02/2015 16:00 - 10/02/2015 17:00","BZN|DK1","2712.70","2742.70"
"10/02/2015 17:00 - 10/02/2015 18:00","BZN|DK1","2949.02","2975.80"
"10/02/2015 18:00 - 10/02/2015 19:00","BZN|DK1","3009.23","2985.00"
"10/02/2015 19:00 - 10/02/2015 20:00","BZN|DK1","2797.41","2845.90"
"10/02/2015 20:00 - 10/02/2015 21:00","BZN|DK1","2594.01","2623.60"
"10/02/2015 21:00 - 10/02/2015 22:00","BZN|DK1","2458.14","2459.50"
"10/02/2015 22:00 - 10/02/2015 23:00","BZN|DK1","2301.64","2294.90"
"10/02/2015 23:00 - 11/02/2015 00:00","BZN|DK1","2127.42","2112.70"
"11/02/2015 00:00 - 11/02/2015 01:00","BZN|DK1","1989.24","2004.50"
"11/02/2015 01:00 - 11/02/2015 02:00","BZN|DK1","1912.65","1932.20"
"11/02/2015 02:00 - 11/02/2015 03:00","BZN|DK1","1877.00","1895.60"
"11/02/2015 03:00 - 11/02/2015 04:00","BZN|DK1","1875.86","1914.70"
"11/02/2015 04:00 - 11/02/2015 05:00","BZN|DK1","1908.41","1927.30"
"11/02/2015 05:00 - 11/02/2015 06:00","BZN|DK1","2062.09","2100.80"
"11/02/2015 06:00 - 11/02/2015 07:00","BZN|DK1","2411.83","2454.60"
"11/02/2015 07:00 - 11/02/2015 08:00","BZN|DK1","2864.27","2826.80"
"11/02/2015 08:00 - 11/02/2015 09:00","BZN|DK1","3036.78","2990.70"
"11/02/2015 09:00 - 11/02/2015 10:00","BZN|DK1","3061.13","3030.20"
"11/02/2015 10:00 - 11/02/2015 11:00","BZN|DK1","3117.97","3091.50"
"11/02/2015 11:00 - 11/02/2015 12:00","BZN|DK1","3086.36","3078.70"
"11/02/2015 12:00 - 11/02/2015 13:00","BZN|DK1","2964.23","2978.00"
"11/02/2015 13:00 - 11/02/2015 14:00","BZN|DK1","2989.82","2980.40"
"11/02/2015 14:00 - 11/02/2015 15:00","BZN|DK1","2925.81","2917.50"
"11/02/2015 15:00 - 11/02/2015 16:00","BZN|DK1","2837.40","2816.60"
"11/02/2015 16:00 - 11/02/2015 17:00","BZN|DK1","2851.76","2837.40"
"11/02/2015 17:00 - 11/02/2015 18:00","BZN|DK1","3107.61","3112.50"
"11/02/2015 18:00 - 11/02/2015 19:00","BZN|DK1","3064.42","3087.10"
"11/02/2015 19:00 - 11/02/2015 20:00","BZN|DK1","2843.80","2885.50"
"11/02/2015 20:00 - 11/02/2015 21:00","BZN|DK1","2608.27","2662.10"
"11/02/2015 21:00 - 11/02/2015 22:00","BZN|DK1","2434.24","2458.10"
"11/02/2015 22:00 - 11/02/2015 23:00","BZN|DK1","2260.15","2298.80"
"11/02/2015 23:00 - 12/02/2015 00:00","BZN|DK1","2076.07","2134.00"
"12/02/2015 00:00 - 12/02/2015 01:00","BZN|DK1","1929.25","1920.70"
"12/02/2015 01:00 - 12/02/2015 02:00","BZN|DK1","1871.52","1861.90"
"12/02/2015 02:00 - 12/02/2015 03:00","BZN|DK1","1828.74","1840.30"
"12/02/2015 03:00 - 12/02/2015 04:00","BZN|DK1","1845.57","1846.10"
"12/02/2015 04:00 - 12/02/2015 05:00","BZN|DK1","1898.56","1905.50"
"12/02/2015 05:00 - 12/02/2015 06:00","BZN|DK1","2059.49","2064.10"
"12/02/2015 06:00 - 12/02/2015 07:00","BZN|DK1","2417.40","2437.70"
"12/02/2015 07:00 - 12/02/2015 08:00","BZN|DK1","2889.33","2873.40"
"12/02/2015 08:00 - 12/02/2015 09:00","BZN|DK1","3038.35","3020.20"
"12/02/2015 09:00 - 12/02/2015 10:00","BZN|DK1","3090.52","3065.30"
"12/02/2015 10:00 - 12/02/2015 11:00","BZN|DK1","3143.17","3124.90"
"12/02/2015 11:00 - 12/02/2015 12:00","BZN|DK1","3151.30","3115.50"
"12/02/2015 12:00 - 12/02/2015 13:00","BZN|DK1","3095.88","3024.20"
"12/02/2015 13:00 - 12/02/2015 14:00","BZN|DK1","3060.88","3006.10"
"12/02/2015 14:00 - 12/02/2015 15:00","BZN|DK1","3014.83","2936.10"
"12/02/2015 15:00 - 12/02/2015 16:00","BZN|DK1","2896.84","2876.50"
"12/02/2015 16:00 - 12/02/2015 17:00","BZN|DK1","2864.37","2860.00"
"12/02/2015 17:00 - 12/02/2015 18:00","BZN|DK1","3104.71","3125.50"
"12/02/2015 18:00 - 12/02/2015 19:00","BZN|DK1","3044.28","3065.30"
"12/02/2015 19:00 - 12/02/2015 20:00","BZN|DK1","2838.38","2853.90"
"12/02/2015 20:00 - 12/02/2015 21:00","BZN|DK1","2642.82","2669.10"
"12/02/2015 21:00 - 12/02/2015 22:00","BZN|DK1","2482.61","2492.80"
"12/02/2015 22:00 - 12/02/2015 23:00","BZN|DK1","2296.95","2310.70"
"12/02/2015 23:00 - 13/02/2015 00:00","BZN|DK1","2101.43","2143.00"
"13/02/2015 00:00 - 13/02/2015 01:00","BZN|DK1","1950.08","1946.90"
"13/02/2015 01:00 - 13/02/2015 02:00","BZN|DK1","1895.78","1911.20"
"13/02/2015 02:00 - 13/02/2015 03:00","BZN|DK1","1869.56","1874.30"
"13/02/2015 03:00 - 13/02/2015 04:00","BZN|DK1","1876.29","1857.50"
"13/02/2015 04:00 - 13/02/2015 05:00","BZN|DK1","1931.11","1925.70"
"13/02/2015 05:00 - 13/02/2015 06:00","BZN|DK1","2076.82","2071.20"
"13/02/2015 06:00 - 13/02/2015 07:00","BZN|DK1","2423.62","2473.50"
"13/02/2015 07:00 - 13/02/2015 08:00","BZN|DK1","2874.50","2892.40"
"13/02/2015 08:00 - 13/02/2015 09:00","BZN|DK1","3025.61","3002.60"
"13/02/2015 09:00 - 13/02/2015 10:00","BZN|DK1","3083.23","3038.70"
"13/02/2015 10:00 - 13/02/2015 11:00","BZN|DK1","3170.48","3128.20"
"13/02/2015 11:00 - 13/02/2015 12:00","BZN|DK1","3133.12","3102.90"
"13/02/2015 12:00 - 13/02/2015 13:00","BZN|DK1","2942.91","2963.40"
"13/02/2015 13:00 - 13/02/2015 14:00","BZN|DK1","2820.12","2827.30"
"13/02/2015 14:00 - 13/02/2015 15:00","BZN|DK1","2713.40","2690.70"
"13/02/2015 15:00 - 13/02/2015 16:00","BZN|DK1","2650.01","2639.40"
"13/02/2015 16:00 - 13/02/2015 17:00","BZN|DK1","2687.04","2682.00"
"13/02/2015 17:00 - 13/02/2015 18:00","BZN|DK1","2931.65","2940.70"
"13/02/2015 18:00 - 13/02/2015 19:00","BZN|DK1","2945.81","2956.50"
"13/02/2015 19:00 - 13/02/2015 20:00","BZN|DK1","2717.55","2695.00"
"13/02/2015 20:00 - 13/02/2015 21:00","BZN|DK1","2475.21","2494.70"
"13/02/2015 21:00 - 13/02/2015 22:00","BZN|DK1","2339.41","2322.40"
"13/02/2015 22:00 - 13/02/2015 23:00","BZN|DK1","2170.11","2165.70"
"13/02/2015 23:00 - 14/02/2015 00:00","BZN|DK1","2029.00","2011.20"
"14/02/2015 00:00 - 14/02/2015 01:00","BZN|DK1","1929.66","1929.50"
"14/02/2015 01:00 - 14/02/2015 02:00","BZN|DK1","1829.43","1853.00"
"14/02/2015 02:00 - 14/02/2015 03:00","BZN|DK1","1805.42","1844.30"
"14/02/2015 03:00 - 14/02/2015 04:00","BZN|DK1","1792.03","1846.30"
"14/02/2015 04:00 - 14/02/2015 05:00","BZN|DK1","1808.00","1809.20"
"14/02/2015 05:00 - 14/02/2015 06:00","BZN|DK1","1855.61","1845.10"
"14/02/2015 06:00 - 14/02/2015 07:00","BZN|DK1","1971.56","1969.10"
"14/02/2015 07:00 - 14/02/2015 08:00","BZN|DK1","2163.59","2157.30"
"14/02/2015 08:00 - 14/02/2015 09:00","BZN|DK1","2343.30","2326.10"
"14/02/2015 09:00 - 14/02/2015 10:00","BZN|DK1","2488.22","2458.10"
"14/02/2015 10:00 - 14/02/2015 11:00","BZN|DK1","2564.84","2537.00"
"14/02/2015 11:00 - 14/02/2015 12:00","BZN|DK1","2546.43","2536.80"
"14/02/2015 12:00 - 14/02/2015 13:00","BZN|DK1","2476.15","2464.50"
"14/02/2015 13:00 - 14/02/2015 14:00","BZN|DK1","2417.37","2420.30"
"14/02/2015 14:00 - 14/02/2015 15:00","BZN|DK1","2370.42","2372.60"
"14/02/2015 15:00 - 14/02/2015 16:00","BZN|DK1","2336.86","2345.30"
"14/02/2015 16:00 - 14/02/2015 17:00","BZN|DK1","2393.41","2410.90"
"14/02/2015 17:00 - 14/02/2015 18:00","BZN|DK1","2670.09","2675.70"
"14/02/2015 18:00 - 14/02/2015 19:00","BZN|DK1","2751.58","2728.70"
"14/02/2015 19:00 - 14/02/2015 20:00","BZN|DK1","2544.92","2538.90"
"14/02/2015 20:00 - 14/02/2015 21:00","BZN|DK1","2402.15","2374.10"
"14/02/2015 21:00 - 14/02/2015 22:00","BZN|DK1","2262.72","2249.30"
"14/02/2015 22:00 - 14/02/2015 23:00","BZN|DK1","2120.50","2119.90"
"14/02/2015 23:00 - 15/02/2015 00:00","BZN|DK1","1992.45","1979.10"
"15/02/2015 00:00 - 15/02/2015 01:00","BZN|DK1","1863.26","1862.70"
"15/02/2015 01:00 - 15/02/2015 02:00","BZN|DK1","1795.86","1766.70"
"15/02/2015 02:00 - 15/02/2015 03:00","BZN|DK1","1790.69","1750.40"
"15/02/2015 03:00 - 15/02/2015 04:00","BZN|DK1","1795.18","1772.20"
"15/02/2015 04:00 - 15/02/2015 05:00","BZN|DK1","1804.21","1777.60"
"15/02/2015 05:00 - 15/02/2015 06:00","BZN|DK1","1858.22","1843.20"
"15/02/2015 06:00 - 15/02/2015 07:00","BZN|DK1","1980.60","1952.70"
"15/02/2015 07:00 - 15/02/2015 08:00","BZN|DK1","2139.27","2119.00"
"15/02/2015 08:00 - 15/02/2015 09:00","BZN|DK1","2276.78","2256.80"
"15/02/2015 09:00 - 15/02/2015 10:00","BZN|DK1","2411.10","2380.00"
"15/02/2015 10:00 - 15/02/2015 11:00","BZN|DK1","2499.43","2484.90"
"15/02/2015 11:00 - 15/02/2015 12:00","BZN|DK1","2527.86","2517.40"
"15/02/2015 12:00 - 15/02/2015 13:00","BZN|DK1","2510.85","2481.50"
"15/02/2015 13:00 - 15/02/2015 14:00","BZN|DK1","2536.02","2497.60"
"15/02/2015 14:00 - 15/02/2015 15:00","BZN|DK1","2502.27","2500.30"
"15/02/2015 15:00 - 15/02/2015 16:00","BZN|DK1","2464.09","2456.50"
"15/02/2015 16:00 - 15/02/2015 17:00","BZN|DK1","2487.38","2515.30"
"15/02/2015 17:00 - 15/02/2015 18:00","BZN|DK1","2806.48","2805.30"
"15/02/2015 18:00 - 15/02/2015 19:00","BZN|DK1","2863.68","2875.70"
"15/02/2015 19:00 - 15/02/2015 20:00","BZN|DK1","2663.01","2674.80"
"15/02/2015 20:00 - 15/02/2015 21:00","BZN|DK1","2476.31","2465.40"
"15/02/2015 21:00 - 15/02/2015 22:00","BZN|DK1","2337.86","2336.90"
"15/02/2015 22:00 - 15/02/2015 23:00","BZN|DK1","2190.57","2200.50"
"15/02/2015 23:00 - 16/02/2015 00:00","BZN|DK1","2047.69","2051.20"
"16/02/2015 00:00 - 16/02/2015 01:00","BZN|DK1","1955.76","1920.20"
"16/02/2015 01:00 - 16/02/2015 02:00","BZN|DK1","1901.58","1853.90"
"16/02/2015 02:00 - 16/02/2015 03:00","BZN|DK1","1874.68","1868.30"
"16/02/2015 03:00 - 16/02/2015 04:00","BZN|DK1","1869.05","1875.40"
"16/02/2015 04:00 - 16/02/2015 05:00","BZN|DK1","1933.76","1960.70"
"16/02/2015 05:00 - 16/02/2015 06:00","BZN|DK1","2128.42","2113.20"
"16/02/2015 06:00 - 16/02/2015 07:00","BZN|DK1","2569.20","2562.10"
"16/02/2015 07:00 - 16/02/2015 08:00","BZN|DK1","3008.24","3018.00"
"16/02/2015 08:00 - 16/02/2015 09:00","BZN|DK1","3139.32","3117.60"
"16/02/2015 09:00 - 16/02/2015 10:00","BZN|DK1","3141.29","3116.50"
"16/02/2015 10:00 - 16/02/2015 11:00","BZN|DK1","3225.66","3193.50"
"16/02/2015 11:00 - 16/02/2015 12:00","BZN|DK1","3220.87","3204.80"
"16/02/2015 12:00 - 16/02/2015 13:00","BZN|DK1","3186.55","3129.90"
"16/02/2015 13:00 - 16/02/2015 14:00","BZN|DK1","3226.12","3198.00"
"16/02/2015 14:00 - 16/02/2015 15:00","BZN|DK1","3172.51","3141.70"
"16/02/2015 15:00 - 16/02/2015 16:00","BZN|DK1","3059.13","3033.70"
"16/02/2015 16:00 - 16/02/2015 17:00","BZN|DK1","2997.18","3012.20"
"16/02/2015 17:00 - 16/02/2015 18:00","BZN|DK1","3243.81","3271.10"
"16/02/2015 18:00 - 16/02/2015 19:00","BZN|DK1","3197.16","3244.10"
"16/02/2015 19:00 - 16/02/2015 20:00","BZN|DK1","2976.03","3016.00"
"16/02/2015 20:00 - 16/02/2015 21:00","BZN|DK1","2730.78","2762.30"
"16/02/2015 21:00 - 16/02/2015 22:00","BZN|DK1","2534.14","2542.10"
"16/02/2015 22:00 - 16/02/2015 23:00","BZN|DK1","2376.76","2312.10"
"16/02/2015 23:00 - 17/02/2015 00:00","BZN|DK1","2160.47","2106.40"
"17/02/2015 00:00 - 17/02/2015 01:00","BZN|DK1","2026.18","2022.40"
"17/02/2015 01:00 - 17/02/2015 02:00","BZN|DK1","1954.27","1959.00"
"17/02/2015 02:00 - 17/02/2015 03:00","BZN|DK1","1926.65","1929.50"
"17/02/2015 03:00 - 17/02/2015 04:00","BZN|DK1","1921.15","1938.80"
"17/02/2015 04:00 - 17/02/2015 05:00","BZN|DK1","1960.70","1972.90"
"17/02/2015 05:00 - 17/02/2015 06:00","BZN|DK1","2103.05","2124.40"
"17/02/2015 06:00 - 17/02/2015 07:00","BZN|DK1","2532.91","2504.00"
"17/02/2015 07:00 - 17/02/2015 08:00","BZN|DK1","3005.46","2956.20"
"17/02/2015 08:00 - 17/02/2015 09:00","BZN|DK1","3133.57","3124.00"
"17/02/2015 09:00 - 17/02/2015 10:00","BZN|DK1","3153.45","3149.00"
"17/02/2015 10:00 - 17/02/2015 11:00","BZN|DK1","3171.40","3179.10"
"17/02/2015 11:00 - 17/02/2015 12:00","BZN|DK1","3184.21","3154.90"
"17/02/2015 12:00 - 17/02/2015 13:00","BZN|DK1","3115.94","3098.30"
"17/02/2015 13:00 - 17/02/2015 14:00","BZN|DK1","3096.08","3118.00"
"17/02/2015 14:00 - 17/02/2015 15:00","BZN|DK1","2984.58","3019.40"
"17/02/2015 15:00 - 17/02/2015 16:00","BZN|DK1","2874.90","2873.50"
"17/02/2015 16:00 - 17/02/2015 17:00","BZN|DK1","2830.94","2864.10"
"17/02/2015 17:00 - 17/02/2015 18:00","BZN|DK1","3042.26","3083.70"
"17/02/2015 18:00 - 17/02/2015 19:00","BZN|DK1","3080.28","3079.80"
"17/02/2015 19:00 - 17/02/2015 20:00","BZN|DK1","2900.73","2886.90"
"17/02/2015 20:00 - 17/02/2015 21:00","BZN|DK1","2717.32","2708.30"
"17/02/2015 21:00 - 17/02/2015 22:00","BZN|DK1","2550.03","2535.50"
"17/02/2015 22:00 - 17/02/2015 23:00","BZN|DK1","2381.91","2343.30"
"17/02/2015 23:00 - 18/02/2015 00:00","BZN|DK1","2172.22","2139.10"
"18/02/2015 00:00 - 18/02/2015 01:00","BZN|DK1","2007.02","1995.00"
"18/02/2015 01:00 - 18/02/2015 02:00","BZN|DK1","1957.30","1942.40"
"18/02/2015 02:00 - 18/02/2015 03:00","BZN|DK1","1914.24","1917.30"
"18/02/2015 03:00 - 18/02/2015 04:00","BZN|DK1","1957.84","1956.00"
"18/02/2015 04:00 - 18/02/2015 05:00","BZN|DK1","2005.65","2010.20"
"18/02/2015 05:00 - 18/02/2015 06:00","BZN|DK1","2134.34","2141.20"
"18/02/2015 06:00 - 18/02/2015 07:00","BZN|DK1","2577.15","2549.00"
"18/02/2015 07:00 - 18/02/2015 08:00","BZN|DK1","2995.44","3011.70"
"18/02/2015 08:00 - 18/02/2015 09:00","BZN|DK1","3084.76","3088.10"
"18/02/2015 09:00 - 18/02/2015 10:00","BZN|DK1","3049.36","3082.50"
"18/02/2015 10:00 - 18/02/2015 11:00","BZN|DK1","3118.70","3109.80"
"18/02/2015 11:00 - 18/02/2015 12:00","BZN|DK1","3106.83","3100.40"
"18/02/2015 12:00 - 18/02/2015 13:00","BZN|DK1","3039.80","3023.10"
"18/02/2015 13:00 - 18/02/2015 14:00","BZN|DK1","3068.28","3050.00"
"18/02/2015 14:00 - 18/02/2015 15:00","BZN|DK1","2995.14","3008.80"
"18/02/2015 15:00 - 18/02/2015 16:00","BZN|DK1","2877.63","2877.90"
"18/02/2015 16:00 - 18/02/2015 17:00","BZN|DK1","2893.07","2873.90"
"18/02/2015 17:00 - 18/02/2015 18:00","BZN|DK1","3129.88","3132.70"
"18/02/2015 18:00 - 18/02/2015 19:00","BZN|DK1","3141.92","3120.20"
"18/02/2015 19:00 - 18/02/2015 20:00","BZN|DK1","2940.61","2943.20"
"18/02/2015 20:00 - 18/02/2015 21:00","BZN|DK1","2759.98","2756.20"
"18/02/2015 21:00 - 18/02/2015 22:00","BZN|DK1","2575.53","2577.80"
"18/02/2015 22:00 - 18/02/2015 23:00","BZN|DK1","2360.99","2382.50"
"18/02/2015 23:00 - 19/02/2015 00:00","BZN|DK1","2163.89","2169.20"
"19/02/2015 00:00 - 19/02/2015 01:00","BZN|DK1","2047.05","2008.00"
"19/02/2015 01:00 - 19/02/2015 02:00","BZN|DK1","1950.68","1930.30"
"19/02/2015 02:00 - 19/02/2015 03:00","BZN|DK1","1933.03","1919.10"
"19/02/2015 03:00 - 19/02/2015 04:00","BZN|DK1","1947.99","1918.20"
"19/02/2015 04:00 - 19/02/2015 05:00","BZN|DK1","2055.58","2041.30"
"19/02/2015 05:00 - 19/02/2015 06:00","BZN|DK1","2152.83","2180.40"
"19/02/2015 06:00 - 19/02/2015 07:00","BZN|DK1","2542.04","2540.30"
"19/02/2015 07:00 - 19/02/2015 08:00","BZN|DK1","2997.37","2996.00"
"19/02/2015 08:00 - 19/02/2015 09:00","BZN|DK1","3095.47","3084.90"
"19/02/2015 09:00 - 19/02/2015 10:00","BZN|DK1","3182.44","3144.70"
"19/02/2015 10:00 - 19/02/2015 11:00","BZN|DK1","3216.00","3215.00"
"19/02/2015 11:00 - 19/02/2015 12:00","BZN|DK1","3200.07","3188.70"
"19/02/2015 12:00 - 19/02/2015 13:00","BZN|DK1","3127.99","3123.30"
"19/02/2015 13:00 - 19/02/2015 14:00","BZN|DK1","3135.29","3124.60"
"19/02/2015 14:00 - 19/02/2015 15:00","BZN|DK1","3083.06","3065.00"
"19/02/2015 15:00 - 19/02/2015 16:00","BZN|DK1","2989.54","2964.30"
"19/02/2015 16:00 - 19/02/2015 17:00","BZN|DK1","2989.02","2968.70"
"19/02/2015 17:00 - 19/02/2015 18:00","BZN|DK1","3190.32","3203.70"
"19/02/2015 18:00 - 19/02/2015 19:00","BZN|DK1","3157.42","3186.20"
"19/02/2015 19:00 - 19/02/2015 20:00","BZN|DK1","2990.36","2971.20"
"19/02/2015 20:00 - 19/02/2015 21:00","BZN|DK1","2795.40","2797.80"
"19/02/2015 21:00 - 19/02/2015 22:00","BZN|DK1","2612.42","2625.80"
"19/02/2015 22:00 - 19/02/2015 23:00","BZN|DK1","2414.19","2429.60"
"19/02/2015 23:00 - 20/02/2015 00:00","BZN|DK1","2222.65","2213.70"
"20/02/2015 00:00 - 20/02/2015 01:00","BZN|DK1","2082.06","2093.00"
"20/02/2015 01:00 - 20/02/2015 02:00","BZN|DK1","2036.25","2024.80"
"20/02/2015 02:00 - 20/02/2015 03:00","BZN|DK1","1989.17","1983.50"
"20/02/2015 03:00 - 20/02/2015 04:00","BZN|DK1","1980.32","1987.60"
"20/02/2015 04:00 - 20/02/2015 05:00","BZN|DK1","2052.29","2042.40"
"20/02/2015 05:00 - 20/02/2015 06:00","BZN|DK1","2179.88","2187.50"
"20/02/2015 06:00 - 20/02/2015 07:00","BZN|DK1","2594.92","2581.00"
"20/02/2015 07:00 - 20/02/2015 08:00","BZN|DK1","3033.36","3019.10"
"20/02/2015 08:00 - 20/02/2015 09:00","BZN|DK1","3173.52","3150.30"
"20/02/2015 09:00 - 20/02/2015 10:00","BZN|DK1","3181.61","3148.50"
"20/02/2015 10:00 - 20/02/2015 11:00","BZN|DK1","3261.48","3194.40"
"20/02/2015 11:00 - 20/02/2015 12:00","BZN|DK1","3203.84","3191.10"
"20/02/2015 12:00 - 20/02/2015 13:00","BZN|DK1","3059.67","3055.00"
"20/02/2015 13:00 - 20/02/2015 14:00","BZN|DK1","2955.35","2942.90"
"20/02/2015 14:00 - 20/02/2015 15:00","BZN|DK1","2851.96","2821.00"
"20/02/2015 15:00 - 20/02/2015 16:00","BZN|DK1","2771.95","2768.80"
"20/02/2015 16:00 - 20/02/2015 17:00","BZN|DK1","2762.37","2781.10"
"20/02/2015 17:00 - 20/02/2015 18:00","BZN|DK1","2892.64","2907.70"
"20/02/2015 18:00 - 20/02/2015 19:00","BZN|DK1","2922.60","2963.90"
"20/02/2015 19:00 - 20/02/2015 20:00","BZN|DK1","2708.39","2688.00"
"20/02/2015 20:00 - 20/02/2015 21:00","BZN|DK1","2481.12","2456.10"
"20/02/2015 21:00 - 20/02/2015 22:00","BZN|DK1","2299.25","2301.10"
"20/02/2015 22:00 - 20/02/2015 23:00","BZN|DK1","2141.31","2136.90"
"20/02/2015 23:00 - 21/02/2015 00:00","BZN|DK1","1977.77","1975.50"
"21/02/2015 00:00 - 21/02/2015 01:00","BZN|DK1","1861.27","1842.80"
"21/02/2015 01:00 - 21/02/2015 02:00","BZN|DK1","1790.83","1794.10"
"21/02/2015 02:00 - 21/02/2015 03:00","BZN|DK1","1760.87","1770.40"
"21/02/2015 03:00 - 21/02/2015 04:00","BZN|DK1","1749.79","1754.80"
"21/02/2015 04:00 - 21/02/2015 05:00","BZN|DK1","1755.51","1772.50"
"21/02/2015 05:00 - 21/02/2015 06:00","BZN|DK1","1802.64","1795.70"
"21/02/2015 06:00 - 21/02/2015 07:00","BZN|DK1","1947.63","1929.10"
"21/02/2015 07:00 - 21/02/2015 08:00","BZN|DK1","2152.33","2126.20"
"21/02/2015 08:00 - 21/02/2015 09:00","BZN|DK1","2342.26","2333.10"
"21/02/2015 09:00 - 21/02/2015 10:00","BZN|DK1","2463.35","2468.80"
"21/02/2015 10:00 - 21/02/2015 11:00","BZN|DK1","2526.51","2528.30"
"21/02/2015 11:00 - 21/02/2015 12:00","BZN|DK1","2527.25","2528.70"
"21/02/2015 12:00 - 21/02/2015 13:00","BZN|DK1","2488.68","2475.20"
"21/02/2015 13:00 - 21/02/2015 14:00","BZN|DK1","2442.35","2439.00"
"21/02/2015 14:00 - 21/02/2015 15:00","BZN|DK1","2409.97","2399.90"
"21/02/2015 15:00 - 21/02/2015 16:00","BZN|DK1","2396.12","2393.80"
"21/02/2015 16:00 - 21/02/2015 17:00","BZN|DK1","2444.43","2434.00"
"21/02/2015 17:00 - 21/02/2015 18:00","BZN|DK1","2660.37","2660.60"
"21/02/2015 18:00 - 21/02/2015 19:00","BZN|DK1","2721.94","2718.00"
"21/02/2015 19:00 - 21/02/2015 20:00","BZN|DK1","2519.23","2508.50"
"21/02/2015 20:00 - 21/02/2015 21:00","BZN|DK1","2329.51","2321.60"
"21/02/2015 21:00 - 21/02/2015 22:00","BZN|DK1","2178.90","2185.30"
"21/02/2015 22:00 - 21/02/2015 23:00","BZN|DK1","2018.92","2054.40"
"21/02/2015 23:00 - 22/02/2015 00:00","BZN|DK1","1898.95","1910.30"
"22/02/2015 00:00 - 22/02/2015 01:00","BZN|DK1","1806.30","1789.10"
"22/02/2015 01:00 - 22/02/2015 02:00","BZN|DK1","1748.07","1725.30"
"22/02/2015 02:00 - 22/02/2015 03:00","BZN|DK1","1685.60","1694.50"
"22/02/2015 03:00 - 22/02/2015 04:00","BZN|DK1","1666.06","1672.90"
"22/02/2015 04:00 - 22/02/2015 05:00","BZN|DK1","1688.32","1666.50"
"22/02/2015 05:00 - 22/02/2015 06:00","BZN|DK1","1738.91","1734.80"
"22/02/2015 06:00 - 22/02/2015 07:00","BZN|DK1","1868.76","1859.80"
"22/02/2015 07:00 - 22/02/2015 08:00","BZN|DK1","2005.54","2011.30"
"22/02/2015 08:00 - 22/02/2015 09:00","BZN|DK1","2165.47","2166.50"
"22/02/2015 09:00 - 22/02/2015 10:00","BZN|DK1","2271.55","2268.60"
"22/02/2015 10:00 - 22/02/2015 11:00","BZN|DK1","2325.66","2336.00"
"22/02/2015 11:00 - 22/02/2015 12:00","BZN|DK1","2296.47","2325.20"
"22/02/2015 12:00 - 22/02/2015 13:00","BZN|DK1","2254.19","2274.30"
"22/02/2015 13:00 - 22/02/2015 14:00","BZN|DK1","2203.92","2243.30"
"22/02/2015 14:00 - 22/02/2015 15:00","BZN|DK1","2197.82","2216.00"
"22/02/2015 15:00 - 22/02/2015 16:00","BZN|DK1","2170.54","2172.60"
"22/02/2015 16:00 - 22/02/2015 17:00","BZN|DK1","2281.82","2255.70"
"22/02/2015 17:00 - 22/02/2015 18:00","BZN|DK1","2570.01","2543.90"
"22/02/2015 18:00 - 22/02/2015 19:00","BZN|DK1","2745.51","2701.20"
"22/02/2015 19:00 - 22/02/2015 20:00","BZN|DK1","2579.41","2565.60"
"22/02/2015 20:00 - 22/02/2015 21:00","BZN|DK1","2391.24","2386.00"
"22/02/2015 21:00 - 22/02/2015 22:00","BZN|DK1","2289.84","2260.50"
"22/02/2015 22:00 - 22/02/2015 23:00","BZN|DK1","2158.46","2112.70"
"22/02/2015 23:00 - 23/02/2015 00:00","BZN|DK1","2015.03","1952.40"
"23/02/2015 00:00 - 23/02/2015 01:00","BZN|DK1","1991.11","1946.70"
"23/02/2015 01:00 - 23/02/2015 02:00","BZN|DK1","1951.41","1927.30"
"23/02/2015 02:00 - 23/02/2015 03:00","BZN|DK1","1964.79","1955.50"
"23/02/2015 03:00 - 23/02/2015 04:00","BZN|DK1","1927.35","1930.00"
"23/02/2015 04:00 - 23/02/2015 05:00","BZN|DK1","1999.79","1955.40"
"23/02/2015 05:00 - 23/02/2015 06:00","BZN|DK1","2189.40","2192.60"
"23/02/2015 06:00 - 23/02/2015 07:00","BZN|DK1","2575.31","2626.30"
"23/02/2015 07:00 - 23/02/2015 08:00","BZN|DK1","3008.70","3024.00"
"23/02/2015 08:00 - 23/02/2015 09:00","BZN|DK1","3147.68","3115.00"
"23/02/2015 09:00 - 23/02/2015 10:00","BZN|DK1","3271.86","3163.30"
"23/02/2015 10:00 - 23/02/2015 11:00","BZN|DK1","3206.74","3248.00"
"23/02/2015 11:00 - 23/02/2015 12:00","BZN|DK1","3165.08","3163.50"
"23/02/2015 12:00 - 23/02/2015 13:00","BZN|DK1","3045.71","3075.70"
"23/02/2015 13:00 - 23/02/2015 14:00","BZN|DK1","3002.40","3056.30"
"23/02/2015 14:00 - 23/02/2015 15:00","BZN|DK1","2902.56","2928.60"
"23/02/2015 15:00 - 23/02/2015 16:00","BZN|DK1","2772.73","2776.40"
"23/02/2015 16:00 - 23/02/2015 17:00","BZN|DK1","2722.16","2754.30"
"23/02/2015 17:00 - 23/02/2015 18:00","BZN|DK1","2982.74","2999.80"
"23/02/2015 18:00 - 23/02/2015 19:00","BZN|DK1","3060.42","3065.60"
"23/02/2015 19:00 - 23/02/2015 20:00","BZN|DK1","2902.79","2898.50"
"23/02/2015 20:00 - 23/02/2015 21:00","BZN|DK1","2672.51","2678.00"
"23/02/2015 21:00 - 23/02/2015 22:00","BZN|DK1","2502.11","2479.10"
"23/02/2015 22:00 - 23/02/2015 23:00","BZN|DK1","2272.06","2265.70"
"23/02/2015 23:00 - 24/02/2015 00:00","BZN|DK1","2101.46","2052.20"
"24/02/2015 00:00 - 24/02/2015 01:00","BZN|DK1","1949.17","1962.40"
"24/02/2015 01:00 - 24/02/2015 02:00","BZN|DK1","1914.49","1904.40"
"24/02/2015 02:00 - 24/02/2015 03:00","BZN|DK1","1873.57","1890.90"
"24/02/2015 03:00 - 24/02/2015 04:00","BZN|DK1","1906.32","1889.30"
"24/02/2015 04:00 - 24/02/2015 05:00","BZN|DK1","1988.24","1983.30"
"24/02/2015 05:00 - 24/02/2015 06:00","BZN|DK1","2162.95","2175.20"
"24/02/2015 06:00 - 24/02/2015 07:00","BZN|DK1","2607.61","2613.40"
"24/02/2015 07:00 - 24/02/2015 08:00","BZN|DK1","3029.78","3043.50"
"24/02/2015 08:00 - 24/02/2015 09:00","BZN|DK1","3138.06","3120.40"
"24/02/2015 09:00 - 24/02/2015 10:00","BZN|DK1","3160.80","3073.30"
"24/02/2015 10:00 - 24/02/2015 11:00","BZN|DK1","3222.04","3088.20"
"24/02/2015 11:00 - 24/02/2015 12:00","BZN|DK1","3171.35","3056.00"
"24/02/2015 12:00 - 24/02/2015 13:00","BZN|DK1","3065.00","2994.60"
"24/02/2015 13:00 - 24/02/2015 14:00","BZN|DK1","3090.54","3064.80"
"24/02/2015 14:00 - 24/02/2015 15:00","BZN|DK1","2971.53","2997.70"
"24/02/2015 15:00 - 24/02/2015 16:00","BZN|DK1","2863.08","2856.50"
"24/02/2015 16:00 - 24/02/2015 17:00","BZN|DK1","2838.71","2840.90"
"24/02/2015 17:00 - 24/02/2015 18:00","BZN|DK1","3064.52","3072.30"
"24/02/2015 18:00 - 24/02/2015 19:00","BZN|DK1","3117.32","3146.50"
"24/02/2015 19:00 - 24/02/2015 20:00","BZN|DK1","2958.31","2945.70"
"24/02/2015 20:00 - 24/02/2015 21:00","BZN|DK1","2772.50","2739.60"
"24/02/2015 21:00 - 24/02/2015 22:00","BZN|DK1","2560.93","2563.20"
"24/02/2015 22:00 - 24/02/2015 23:00","BZN|DK1","2370.52","2314.60"
"24/02/2015 23:00 - 25/02/2015 00:00","BZN|DK1","2127.70","2094.60"
"25/02/2015 00:00 - 25/02/2015 01:00","BZN|DK1","1995.37","1974.50"
"25/02/2015 01:00 - 25/02/2015 02:00","BZN|DK1","1926.15","1919.10"
"25/02/2015 02:00 - 25/02/2015 03:00","BZN|DK1","1897.88","1893.60"
"25/02/2015 03:00 - 25/02/2015 04:00","BZN|DK1","1910.66","1900.30"
"25/02/2015 04:00 - 25/02/2015 05:00","BZN|DK1","1934.35","1938.50"
"25/02/2015 05:00 - 25/02/2015 06:00","BZN|DK1","2127.33","2111.50"
"25/02/2015 06:00 - 25/02/2015 07:00","BZN|DK1","2587.05","2588.50"
"25/02/2015 07:00 - 25/02/2015 08:00","BZN|DK1","3004.04","3037.20"
"25/02/2015 08:00 - 25/02/2015 09:00","BZN|DK1","3084.78","3102.50"
"25/02/2015 09:00 - 25/02/2015 10:00","BZN|DK1","3048.41","3053.20"
"25/02/2015 10:00 - 25/02/2015 11:00","BZN|DK1","3105.74","3076.80"
"25/02/2015 11:00 - 25/02/2015 12:00","BZN|DK1","3082.68","3045.00"
"25/02/2015 12:00 - 25/02/2015 13:00","BZN|DK1","2952.85","2955.30"
"25/02/2015 13:00 - 25/02/2015 14:00","BZN|DK1","2957.17","2949.40"
"25/02/2015 14:00 - 25/02/2015 15:00","BZN|DK1","2887.23","2880.70"
"25/02/2015 15:00 - 25/02/2015 16:00","BZN|DK1","2759.67","2771.60"
"25/02/2015 16:00 - 25/02/2015 17:00","BZN|DK1","2747.52","2744.60"
"25/02/2015 17:00 - 25/02/2015 18:00","BZN|DK1","2985.37","2991.30"
"25/02/2015 18:00 - 25/02/2015 19:00","BZN|DK1","3058.65","3084.30"
"25/02/2015 19:00 - 25/02/2015 20:00","BZN|DK1","2900.71","2900.80"
"25/02/2015 20:00 - 25/02/2015 21:00","BZN|DK1","2686.27","2692.40"
"25/02/2015 21:00 - 25/02/2015 22:00","BZN|DK1","2510.26","2503.30"
"25/02/2015 22:00 - 25/02/2015 23:00","BZN|DK1","2293.27","2275.50"
"25/02/2015 23:00 - 26/02/2015 00:00","BZN|DK1","2079.86","2059.60"
"26/02/2015 00:00 - 26/02/2015 01:00","BZN|DK1","1971.40","2009.20"
"26/02/2015 01:00 - 26/02/2015 02:00","BZN|DK1","1923.89","1914.10"
"26/02/2015 02:00 - 26/02/2015 03:00","BZN|DK1","1887.16","1904.20"
"26/02/2015 03:00 - 26/02/2015 04:00","BZN|DK1","1887.56","1923.10"
"26/02/2015 04:00 - 26/02/2015 05:00","BZN|DK1","1943.22","1958.10"
"26/02/2015 05:00 - 26/02/2015 06:00","BZN|DK1","2108.99","2125.10"
"26/02/2015 06:00 - 26/02/2015 07:00","BZN|DK1","2568.72","2560.70"
"26/02/2015 07:00 - 26/02/2015 08:00","BZN|DK1","2965.31","2966.90"
"26/02/2015 08:00 - 26/02/2015 09:00","BZN|DK1","3074.80","3072.90"
"26/02/2015 09:00 - 26/02/2015 10:00","BZN|DK1","3030.20","3007.30"
"26/02/2015 10:00 - 26/02/2015 11:00","BZN|DK1","3084.88","3060.00"
"26/02/2015 11:00 - 26/02/2015 12:00","BZN|DK1","3086.01","3077.40"
"26/02/2015 12:00 - 26/02/2015 13:00","BZN|DK1","3002.75","3000.20"
"26/02/2015 13:00 - 26/02/2015 14:00","BZN|DK1","3004.21","3003.90"
"26/02/2015 14:00 - 26/02/2015 15:00","BZN|DK1","2956.35","2943.10"
"26/02/2015 15:00 - 26/02/2015 16:00","BZN|DK1","2838.57","2838.70"
"26/02/2015 16:00 - 26/02/2015 17:00","BZN|DK1","2802.45","2801.00"
"26/02/2015 17:00 - 26/02/2015 18:00","BZN|DK1","3018.70","2997.60"
"26/02/2015 18:00 - 26/02/2015 19:00","BZN|DK1","3073.54","3099.20"
"26/02/2015 19:00 - 26/02/2015 20:00","BZN|DK1","2907.25","2960.40"
"26/02/2015 20:00 - 26/02/2015 21:00","BZN|DK1","2749.28","2758.60"
"26/02/2015 21:00 - 26/02/2015 22:00","BZN|DK1","2557.37","2166.20"
"26/02/2015 22:00 - 26/02/2015 23:00","BZN|DK1","2319.35","1758.70"
"26/02/2015 23:00 - 27/02/2015 00:00","BZN|DK1","2101.07","2107.00"
"27/02/2015 00:00 - 27/02/2015 01:00","BZN|DK1","1990.08","1965.70"
"27/02/2015 01:00 - 27/02/2015 02:00","BZN|DK1","1966.00","1956.80"
"27/02/2015 02:00 - 27/02/2015 03:00","BZN|DK1","1925.94","1926.20"
"27/02/2015 03:00 - 27/02/2015 04:00","BZN|DK1","1913.43","1911.80"
"27/02/2015 04:00 - 27/02/2015 05:00","BZN|DK1","1935.66","1946.30"
"27/02/2015 05:00 - 27/02/2015 06:00","BZN|DK1","2096.80","2108.70"
"27/02/2015 06:00 - 27/02/2015 07:00","BZN|DK1","2522.49","2564.50"
"27/02/2015 07:00 - 27/02/2015 08:00","BZN|DK1","2939.01","2949.30"
"27/02/2015 08:00 - 27/02/2015 09:00","BZN|DK1","3094.46","3060.90"
"27/02/2015 09:00 - 27/02/2015 10:00","BZN|DK1","3073.01","3056.00"
"27/02/2015 10:00 - 27/02/2015 11:00","BZN|DK1","3093.79","3095.70"
"27/02/2015 11:00 - 27/02/2015 12:00","BZN|DK1","3027.34","3018.80"
"27/02/2015 12:00 - 27/02/2015 13:00","BZN|DK1","2886.72","2876.60"
"27/02/2015 13:00 - 27/02/2015 14:00","BZN|DK1","2802.70","2791.80"
"27/02/2015 14:00 - 27/02/2015 15:00","BZN|DK1","2666.48","2661.50"
"27/02/2015 15:00 - 27/02/2015 16:00","BZN|DK1","2568.19","2560.80"
"27/02/2015 16:00 - 27/02/2015 17:00","BZN|DK1","2582.26","2588.80"
"27/02/2015 17:00 - 27/02/2015 18:00","BZN|DK1","2744.05","2777.00"
"27/02/2015 18:00 - 27/02/2015 19:00","BZN|DK1","2871.26","2878.50"
"27/02/2015 19:00 - 27/02/2015 20:00","BZN|DK1","2693.41","2681.40"
"27/02/2015 20:00 - 27/02/2015 21:00","BZN|DK1","2472.27","2462.70"
"27/02/2015 21:00 - 27/02/2015 22:00","BZN|DK1","2322.89","2297.20"
"27/02/2015 22:00 - 27/02/2015 23:00","BZN|DK1","2153.35","2135.30"
"27/02/2015 23:00 - 28/02/2015 00:00","BZN|DK1","2000.97","1967.80"
"28/02/2015 00:00 - 28/02/2015 01:00","BZN|DK1","1872.50","1869.00"
"28/02/2015 01:00 - 28/02/2015 02:00","BZN|DK1","1778.78","1796.20"
"28/02/2015 02:00 - 28/02/2015 03:00","BZN|DK1","1723.38","1744.60"
"28/02/2015 03:00 - 28/02/2015 04:00","BZN|DK1","1711.91","1717.80"
"28/02/2015 04:00 - 28/02/2015 05:00","BZN|DK1","1720.38","1726.60"
"28/02/2015 05:00 - 28/02/2015 06:00","BZN|DK1","1763.14","1778.10"
"28/02/2015 06:00 - 28/02/2015 07:00","BZN|DK1","1900.73","1916.30"
"28/02/2015 07:00 - 28/02/2015 08:00","BZN|DK1","2058.53","2083.40"
"28/02/2015 08:00 - 28/02/2015 09:00","BZN|DK1","2262.26","2268.00"
"28/02/2015 09:00 - 28/02/2015 10:00","BZN|DK1","2372.00","2366.50"
"28/02/2015 10:00 - 28/02/2015 11:00","BZN|DK1","2412.01","2419.00"
"28/02/2015 11:00 - 28/02/2015 12:00","BZN|DK1","2373.90","2394.30"
"28/02/2015 12:00 - 28/02/2015 13:00","BZN|DK1","2331.85","2320.60"
"28/02/2015 13:00 - 28/02/2015 14:00","BZN|DK1","2309.49","2286.50"
"28/02/2015 14:00 - 28/02/2015 15:00","BZN|DK1","2272.61","2281.00"
"28/02/2015 15:00 - 28/02/2015 16:00","BZN|DK1","2235.14","2221.80"
"28/02/2015 16:00 - 28/02/2015 17:00","BZN|DK1","2296.49","2290.00"
"28/02/2015 17:00 - 28/02/2015 18:00","BZN|DK1","2553.70","2522.50"
"28/02/2015 18:00 - 28/02/2015 19:00","BZN|DK1","2699.81","2692.90"
"28/02/2015 19:00 - 28/02/2015 20:00","BZN|DK1","2489.97","2492.70"
"28/02/2015 20:00 - 28/02/2015 21:00","BZN|DK1","2330.00","2298.90"
"28/02/2015 21:00 - 28/02/2015 22:00","BZN|DK1","2258.63","2199.70"
"28/02/2015 22:00 - 28/02/2015 23:00","BZN|DK1","2134.41","2088.70"
"28/02/2015 23:00 - 01/03/2015 00:00","BZN|DK1","2016.15","1937.00"
"01/03/2015 00:00 - 01/03/2015 01:00","BZN|DK1","1920.06","1862.60"
"01/03/2015 01:00 - 01/03/2015 02:00","BZN|DK1","1785.73","1809.20"
"01/03/2015 02:00 - 01/03/2015 03:00","BZN|DK1","1740.46","1747.80"
"01/03/2015 03:00 - 01/03/2015 04:00","BZN|DK1","1730.73","1723.60"
"01/03/2015 04:00 - 01/03/2015 05:00","BZN|DK1","1744.21","1746.20"
"01/03/2015 05:00 - 01/03/2015 06:00","BZN|DK1","1803.83","1806.30"
"01/03/2015 06:00 - 01/03/2015 07:00","BZN|DK1","1899.67","1893.50"
"01/03/2015 07:00 - 01/03/2015 08:00","BZN|DK1","2128.19","2061.00"
"01/03/2015 08:00 - 01/03/2015 09:00","BZN|DK1","2374.07","2303.50"
"01/03/2015 09:00 - 01/03/2015 10:00","BZN|DK1","2538.69","2452.00"
"01/03/2015 10:00 - 01/03/2015 11:00","BZN|DK1","2555.02","2558.20"
"01/03/2015 11:00 - 01/03/2015 12:00","BZN|DK1","2559.13","2552.70"
"01/03/2015 12:00 - 01/03/2015 13:00","BZN|DK1","2458.74","2495.80"
"01/03/2015 13:00 - 01/03/2015 14:00","BZN|DK1","2406.92","2423.90"
"01/03/2015 14:00 - 01/03/2015 15:00","BZN|DK1","2402.37","2382.40"
"01/03/2015 15:00 - 01/03/2015 16:00","BZN|DK1","2407.82","2402.00"
"01/03/2015 16:00 - 01/03/2015 17:00","BZN|DK1","2440.14","2463.30"
"01/03/2015 17:00 - 01/03/2015 18:00","BZN|DK1","2683.11","2707.20"
"01/03/2015 18:00 - 01/03/2015 19:00","BZN|DK1","2803.11","2843.80"
"01/03/2015 19:00 - 01/03/2015 20:00","BZN|DK1","2682.03","2680.00"
"01/03/2015 20:00 - 01/03/2015 21:00","BZN|DK1","2423.72","2455.90"
"01/03/2015 21:00 - 01/03/2015 22:00","BZN|DK1","2291.34","2283.40"
"01/03/2015 22:00 - 01/03/2015 23:00","BZN|DK1","2090.31","2105.00"
"01/03/2015 23:00 - 02/03/2015 00:00","BZN|DK1","1930.06","1935.80"
"02/03/2015 00:00 - 02/03/2015 01:00","BZN|DK1","1855.11","1853.70"
"02/03/2015 01:00 - 02/03/2015 02:00","BZN|DK1","1783.40","1814.90"
"02/03/2015 02:00 - 02/03/2015 03:00","BZN|DK1","1778.23","1783.30"
"02/03/2015 03:00 - 02/03/2015 04:00","BZN|DK1","1808.60","1801.50"
"02/03/2015 04:00 - 02/03/2015 05:00","BZN|DK1","1891.67","1856.30"
"02/03/2015 05:00 - 02/03/2015 06:00","BZN|DK1","2105.16","2061.10"
"02/03/2015 06:00 - 02/03/2015 07:00","BZN|DK1","2541.06","2556.00"
"02/03/2015 07:00 - 02/03/2015 08:00","BZN|DK1","2955.86","2957.80"
"02/03/2015 08:00 - 02/03/2015 09:00","BZN|DK1","3057.08","3074.00"
"02/03/2015 09:00 - 02/03/2015 10:00","BZN|DK1","3035.10","3024.80"
"02/03/2015 10:00 - 02/03/2015 11:00","BZN|DK1","3122.64","3074.40"
"02/03/2015 11:00 - 02/03/2015 12:00","BZN|DK1","3098.38","3083.70"
"02/03/2015 12:00 - 02/03/2015 13:00","BZN|DK1","3006.87","2987.60"
"02/03/2015 13:00 - 02/03/2015 14:00","BZN|DK1","3033.50","3037.20"
"02/03/2015 14:00 - 02/03/2015 15:00","BZN|DK1","2971.71","2955.90"
"02/03/2015 15:00 - 02/03/2015 16:00","BZN|DK1","2912.58","2848.30"
"02/03/2015 16:00 - 02/03/2015 17:00","BZN|DK1","2884.27","2888.30"
"02/03/2015 17:00 - 02/03/2015 18:00","BZN|DK1","3054.62","3080.90"
"02/03/2015 18:00 - 02/03/2015 19:00","BZN|DK1","3076.23","3130.30"
"02/03/2015 19:00 - 02/03/2015 20:00","BZN|DK1","2936.97","2950.80"
"02/03/2015 20:00 - 02/03/2015 21:00","BZN|DK1","2662.75","2710.40"
"02/03/2015 21:00 - 02/03/2015 22:00","BZN|DK1","2452.24","2461.30"
"02/03/2015 22:00 - 02/03/2015 23:00","BZN|DK1","2263.76","2232.40"
"02/03/2015 23:00 - 03/03/2015 00:00","BZN|DK1","2046.51","2022.80"
"03/03/2015 00:00 - 03/03/2015 01:00","BZN|DK1","1921.83","1905.00"
"03/03/2015 01:00 - 03/03/2015 02:00","BZN|DK1","1906.58","1866.80"
"03/03/2015 02:00 - 03/03/2015 03:00","BZN|DK1","1924.07","1889.50"
"03/03/2015 03:00 - 03/03/2015 04:00","BZN|DK1","1933.27","1926.00"
"03/03/2015 04:00 - 03/03/2015 05:00","BZN|DK1","1937.33","1945.80"
"03/03/2015 05:00 - 03/03/2015 06:00","BZN|DK1","2134.38","2125.80"
"03/03/2015 06:00 - 03/03/2015 07:00","BZN|DK1","2557.50","2584.50"
"03/03/2015 07:00 - 03/03/2015 08:00","BZN|DK1","2995.96","2967.80"
"03/03/2015 08:00 - 03/03/2015 09:00","BZN|DK1","3070.86","3110.30"
"03/03/2015 09:00 - 03/03/2015 10:00","BZN|DK1","2985.02","3021.80"
"03/03/2015 10:00 - 03/03/2015 11:00","BZN|DK1","3019.03","3054.20"
"03/03/2015 11:00 - 03/03/2015 12:00","BZN|DK1","3049.65","3027.30"
"03/03/2015 12:00 - 03/03/2015 13:00","BZN|DK1","2911.72","2944.40"
"03/03/2015 13:00 - 03/03/2015 14:00","BZN|DK1","2947.86","2922.20"
"03/03/2015 14:00 - 03/03/2015 15:00","BZN|DK1","2873.13","2879.00"
"03/03/2015 15:00 - 03/03/2015 16:00","BZN|DK1","2724.42","2731.60"
"03/03/2015 16:00 - 03/03/2015 17:00","BZN|DK1","2748.65","2726.20"
"03/03/2015 17:00 - 03/03/2015 18:00","BZN|DK1","2958.38","2953.60"
"03/03/2015 18:00 - 03/03/2015 19:00","BZN|DK1","3037.29","3042.80"
"03/03/2015 19:00 - 03/03/2015 20:00","BZN|DK1","2918.30","2930.60"
"03/03/2015 20:00 - 03/03/2015 21:00","BZN|DK1","2662.55","2696.90"
"03/03/2015 21:00 - 03/03/2015 22:00","BZN|DK1","2502.98","2486.40"
"03/03/2015 22:00 - 03/03/2015 23:00","BZN|DK1","2321.62","2274.60"
"03/03/2015 23:00 - 04/03/2015 00:00","BZN|DK1","2135.02","2049.70"
"04/03/2015 00:00 - 04/03/2015 01:00","BZN|DK1","1973.59","2001.80"
"04/03/2015 01:00 - 04/03/2015 02:00","BZN|DK1","1919.30","1909.70"
"04/03/2015 02:00 - 04/03/2015 03:00","BZN|DK1","1919.53","1895.30"
"04/03/2015 03:00 - 04/03/2015 04:00","BZN|DK1","1945.11","1929.10"
"04/03/2015 04:00 - 04/03/2015 05:00","BZN|DK1","1975.70","1976.20"
"04/03/2015 05:00 - 04/03/2015 06:00","BZN|DK1","2140.81","2158.90"
"04/03/2015 06:00 - 04/03/2015 07:00","BZN|DK1","2586.49","2587.80"
"04/03/2015 07:00 - 04/03/2015 08:00","BZN|DK1","2946.74","2964.20"
"04/03/2015 08:00 - 04/03/2015 09:00","BZN|DK1","3085.05","3055.80"
"04/03/2015 09:00 - 04/03/2015 10:00","BZN|DK1","3115.47","3080.50"
"04/03/2015 10:00 - 04/03/2015 11:00","BZN|DK1","3159.87","3142.90"
"04/03/2015 11:00 - 04/03/2015 12:00","BZN|DK1","3187.18","3121.10"
"04/03/2015 12:00 - 04/03/2015 13:00","BZN|DK1","3135.05","3089.00"
"04/03/2015 13:00 - 04/03/2015 14:00","BZN|DK1","3171.24","3114.70"
"04/03/2015 14:00 - 04/03/2015 15:00","BZN|DK1","3046.05","3030.80"
"04/03/2015 15:00 - 04/03/2015 16:00","BZN|DK1","2882.70","2883.70"
"04/03/2015 16:00 - 04/03/2015 17:00","BZN|DK1","2872.99","2846.90"
"04/03/2015 17:00 - 04/03/2015 18:00","BZN|DK1","3063.79","3067.00"
"04/03/2015 18:00 - 04/03/2015 19:00","BZN|DK1","3065.85","3072.70"
"04/03/2015 19:00 - 04/03/2015 20:00","BZN|DK1","2933.00","2946.30"
"04/03/2015 20:00 - 04/03/2015 21:00","BZN|DK1","2723.78","2740.40"
"04/03/2015 21:00 - 04/03/2015 22:00","BZN|DK1","2519.75","2536.30"
"04/03/2015 22:00 - 04/03/2015 23:00","BZN|DK1","2287.71","2320.90"
"04/03/2015 23:00 - 05/03/2015 00:00","BZN|DK1","2081.13","2102.30"
"05/03/2015 00:00 - 05/03/2015 01:00","BZN|DK1","1933.54","1930.80"
"05/03/2015 01:00 - 05/03/2015 02:00","BZN|DK1","1905.39","1896.80"
"05/03/2015 02:00 - 05/03/2015 03:00","BZN|DK1","1880.41","1876.60"
"05/03/2015 03:00 - 05/03/2015 04:00","BZN|DK1","1893.46","1887.70"
"05/03/2015 04:00 - 05/03/2015 05:00","BZN|DK1","1914.35","1932.20"
"05/03/2015 05:00 - 05/03/2015 06:00","BZN|DK1","2092.13","2104.30"
"05/03/2015 06:00 - 05/03/2015 07:00","BZN|DK1","2556.64","2549.80"
"05/03/2015 07:00 - 05/03/2015 08:00","BZN|DK1","2906.09","2937.40"
"05/03/2015 08:00 - 05/03/2015 09:00","BZN|DK1","3016.22","3027.30"
"05/03/2015 09:00 - 05/03/2015 10:00","BZN|DK1","2973.20","2999.50"
"05/03/2015 10:00 - 05/03/2015 11:00","BZN|DK1","3021.24","3020.50"
"05/03/2015 11:00 - 05/03/2015 12:00","BZN|DK1","3023.64","3013.00"
"05/03/2015 12:00 - 05/03/2015 13:00","BZN|DK1","2988.78","2947.50"
"05/03/2015 13:00 - 05/03/2015 14:00","BZN|DK1","2999.58","3000.60"
"05/03/2015 14:00 - 05/03/2015 15:00","BZN|DK1","2876.90","2889.80"
"05/03/2015 15:00 - 05/03/2015 16:00","BZN|DK1","2752.30","2743.20"
"05/03/2015 16:00 - 05/03/2015 17:00","BZN|DK1","2730.84","2721.00"
"05/03/2015 17:00 - 05/03/2015 18:00","BZN|DK1","2922.98","2921.30"
"05/03/2015 18:00 - 05/03/2015 19:00","BZN|DK1","2962.53","2981.00"
"05/03/2015 19:00 - 05/03/2015 20:00","BZN|DK1","2840.56","2836.40"
"05/03/2015 20:00 - 05/03/2015 21:00","BZN|DK1","2651.77","2649.20"
"05/03/2015 21:00 - 05/03/2015 22:00","BZN|DK1","2477.26","2471.40"
"05/03/2015 22:00 - 05/03/2015 23:00","BZN|DK1","2283.08","2270.50"
"05/03/2015 23:00 - 06/03/2015 00:00","BZN|DK1","2070.53","2049.80"
"06/03/2015 00:00 - 06/03/2015 01:00","BZN|DK1","1912.57","1878.80"
"06/03/2015 01:00 - 06/03/2015 02:00","BZN|DK1","1860.82","1851.20"
"06/03/2015 02:00 - 06/03/2015 03:00","BZN|DK1","1830.82","1832.70"
"06/03/2015 03:00 - 06/03/2015 04:00","BZN|DK1","1848.07","1831.10"
"06/03/2015 04:00 - 06/03/2015 05:00","BZN|DK1","1879.58","1883.40"
"06/03/2015 05:00 - 06/03/2015 06:00","BZN|DK1","2057.45","2068.00"
"06/03/2015 06:00 - 06/03/2015 07:00","BZN|DK1","2480.51","2488.60"
"06/03/2015 07:00 - 06/03/2015 08:00","BZN|DK1","2861.90","2877.80"
"06/03/2015 08:00 - 06/03/2015 09:00","BZN|DK1","3020.00","2996.30"
"06/03/2015 09:00 - 06/03/2015 10:00","BZN|DK1","3021.25","3010.00"
"06/03/2015 10:00 - 06/03/2015 11:00","BZN|DK1","3076.81","3060.10"
"06/03/2015 11:00 - 06/03/2015 12:00","BZN|DK1","2997.71","3008.30"
"06/03/2015 12:00 - 06/03/2015 13:00","BZN|DK1","2877.67","2873.20"
"06/03/2015 13:00 - 06/03/2015 14:00","BZN|DK1","2781.38","2793.50"
"06/03/2015 14:00 - 06/03/2015 15:00","BZN|DK1","2644.73","2641.80"
"06/03/2015 15:00 - 06/03/2015 16:00","BZN|DK1","2542.44","2569.90"
"06/03/2015 16:00 - 06/03/2015 17:00","BZN|DK1","2569.27","2568.20"
"06/03/2015 17:00 - 06/03/2015 18:00","BZN|DK1","2777.50","2754.70"
"06/03/2015 18:00 - 06/03/2015 19:00","BZN|DK1","2841.08","2831.60"
"06/03/2015 19:00 - 06/03/2015 20:00","BZN|DK1","2635.99","2645.80"
"06/03/2015 20:00 - 06/03/2015 21:00","BZN|DK1","2410.74","2396.70"
"06/03/2015 21:00 - 06/03/2015 22:00","BZN|DK1","2249.39","2236.80"
"06/03/2015 22:00 - 06/03/2015 23:00","BZN|DK1","2122.74","2061.50"
"06/03/2015 23:00 - 07/03/2015 00:00","BZN|DK1","1977.85","1893.50"
"07/03/2015 00:00 - 07/03/2015 01:00","BZN|DK1","1847.80","1877.20"
"07/03/2015 01:00 - 07/03/2015 02:00","BZN|DK1","1806.95","1778.00"
"07/03/2015 02:00 - 07/03/2015 03:00","BZN|DK1","1785.89","1761.60"
"07/03/2015 03:00 - 07/03/2015 04:00","BZN|DK1","1790.24","1770.10"
"07/03/2015 04:00 - 07/03/2015 05:00","BZN|DK1","1842.18","1811.00"
"07/03/2015 05:00 - 07/03/2015 06:00","BZN|DK1","1913.03","1890.00"
"07/03/2015 06:00 - 07/03/2015 07:00","BZN|DK1","2033.79","2035.30"
"07/03/2015 07:00 - 07/03/2015 08:00","BZN|DK1","2179.31","2200.10"
"07/03/2015 08:00 - 07/03/2015 09:00","BZN|DK1","2317.59","2352.80"
"07/03/2015 09:00 - 07/03/2015 10:00","BZN|DK1","2439.21","2454.40"
"07/03/2015 10:00 - 07/03/2015 11:00","BZN|DK1","2481.56","2503.30"
"07/03/2015 11:00 - 07/03/2015 12:00","BZN|DK1","2449.46","2454.00"
"07/03/2015 12:00 - 07/03/2015 13:00","BZN|DK1","2370.87","2378.60"
"07/03/2015 13:00 - 07/03/2015 14:00","BZN|DK1","2301.52","2313.60"
"07/03/2015 14:00 - 07/03/2015 15:00","BZN|DK1","2252.48","2262.10"
"07/03/2015 15:00 - 07/03/2015 16:00","BZN|DK1","2222.65","2236.30"
"07/03/2015 16:00 - 07/03/2015 17:00","BZN|DK1","2301.51","2264.80"
"07/03/2015 17:00 - 07/03/2015 18:00","BZN|DK1","2533.27","2513.80"
"07/03/2015 18:00 - 07/03/2015 19:00","BZN|DK1","2657.11","2670.10"
"07/03/2015 19:00 - 07/03/2015 20:00","BZN|DK1","2528.06","2532.80"
"07/03/2015 20:00 - 07/03/2015 21:00","BZN|DK1","2343.69","2369.10"
"07/03/2015 21:00 - 07/03/2015 22:00","BZN|DK1","2211.07","2214.10"
"07/03/2015 22:00 - 07/03/2015 23:00","BZN|DK1","2068.49","2073.80"
"07/03/2015 23:00 - 08/03/2015 00:00","BZN|DK1","1921.71","1950.40"
"08/03/2015 00:00 - 08/03/2015 01:00","BZN|DK1","1798.31","1730.90"
"08/03/2015 01:00 - 08/03/2015 02:00","BZN|DK1","1717.39","1721.90"
"08/03/2015 02:00 - 08/03/2015 03:00","BZN|DK1","1703.61","1672.50"
"08/03/2015 03:00 - 08/03/2015 04:00","BZN|DK1","1725.02","1705.00"
"08/03/2015 04:00 - 08/03/2015 05:00","BZN|DK1","1741.25","1728.80"
"08/03/2015 05:00 - 08/03/2015 06:00","BZN|DK1","1800.68","1779.10"
"08/03/2015 06:00 - 08/03/2015 07:00","BZN|DK1","1911.86","1901.80"
"08/03/2015 07:00 - 08/03/2015 08:00","BZN|DK1","2015.64","2016.50"
"08/03/2015 08:00 - 08/03/2015 09:00","BZN|DK1","2199.01","2144.20"
"08/03/2015 09:00 - 08/03/2015 10:00","BZN|DK1","2274.10","2294.30"
"08/03/2015 10:00 - 08/03/2015 11:00","BZN|DK1","2316.38","2329.50"
"08/03/2015 11:00 - 08/03/2015 12:00","BZN|DK1","2263.94","2310.70"
"08/03/2015 12:00 - 08/03/2015 13:00","BZN|DK1","2255.71","2260.90"
"08/03/2015 13:00 - 08/03/2015 14:00","BZN|DK1","2229.99","2205.10"
"08/03/2015 14:00 - 08/03/2015 15:00","BZN|DK1","2180.46","2205.00"
"08/03/2015 15:00 - 08/03/2015 16:00","BZN|DK1","2189.96","2151.50"
"08/03/2015 16:00 - 08/03/2015 17:00","BZN|DK1","2263.10","2244.40"
"08/03/2015 17:00 - 08/03/2015 18:00","BZN|DK1","2525.38","2492.20"
"08/03/2015 18:00 - 08/03/2015 19:00","BZN|DK1","2650.72","2648.50"
"08/03/2015 19:00 - 08/03/2015 20:00","BZN|DK1","2521.95","2547.60"
"08/03/2015 20:00 - 08/03/2015 21:00","BZN|DK1","2327.12","2344.50"
"08/03/2015 21:00 - 08/03/2015 22:00","BZN|DK1","2154.35","2188.10"
"08/03/2015 22:00 - 08/03/2015 23:00","BZN|DK1","2015.33","2009.80"
"08/03/2015 23:00 - 09/03/2015 00:00","BZN|DK1","1850.04","1865.80"
"09/03/2015 00:00 - 09/03/2015 01:00","BZN|DK1","1805.25","1800.40"
"09/03/2015 01:00 - 09/03/2015 02:00","BZN|DK1","1764.42","1768.30"
"09/03/2015 02:00 - 09/03/2015 03:00","BZN|DK1","1743.47","1749.10"
"09/03/2015 03:00 - 09/03/2015 04:00","BZN|DK1","1725.65","1745.40"
"09/03/2015 04:00 - 09/03/2015 05:00","BZN|DK1","1782.01","1771.80"
"09/03/2015 05:00 - 09/03/2015 06:00","BZN|DK1","1940.51","1963.00"
"09/03/2015 06:00 - 09/03/2015 07:00","BZN|DK1","2384.96","2384.30"
"09/03/2015 07:00 - 09/03/2015 08:00","BZN|DK1","2741.76","2762.80"
"09/03/2015 08:00 - 09/03/2015 09:00","BZN|DK1","2875.46","2856.80"
"09/03/2015 09:00 - 09/03/2015 10:00","BZN|DK1","2883.54","2875.30"
"09/03/2015 10:00 - 09/03/2015 11:00","BZN|DK1","2920.78","2933.20"
"09/03/2015 11:00 - 09/03/2015 12:00","BZN|DK1","2883.06","2896.00"
"09/03/2015 12:00 - 09/03/2015 13:00","BZN|DK1","2791.33","2789.90"
"09/03/2015 13:00 - 09/03/2015 14:00","BZN|DK1","2793.54","2802.30"
"09/03/2015 14:00 - 09/03/2015 15:00","BZN|DK1","2709.72","2709.00"
"09/03/2015 15:00 - 09/03/2015 16:00","BZN|DK1","2582.67","2589.40"
"09/03/2015 16:00 - 09/03/2015 17:00","BZN|DK1","2549.75","2546.50"
"09/03/2015 17:00 - 09/03/2015 18:00","BZN|DK1","2721.63","2718.70"
"09/03/2015 18:00 - 09/03/2015 19:00","BZN|DK1","2817.96","2796.50"
"09/03/2015 19:00 - 09/03/2015 20:00","BZN|DK1","2742.36","2762.30"
"09/03/2015 20:00 - 09/03/2015 21:00","BZN|DK1","2542.33","2537.30"
"09/03/2015 21:00 - 09/03/2015 22:00","BZN|DK1","2353.57","2340.30"
"09/03/2015 22:00 - 09/03/2015 23:00","BZN|DK1","2180.51","2133.80"
"09/03/2015 23:00 - 10/03/2015 00:00","BZN|DK1","2057.08","1939.30"
"10/03/2015 00:00 - 10/03/2015 01:00","BZN|DK1","1919.44","1902.80"
"10/03/2015 01:00 - 10/03/2015 02:00","BZN|DK1","1895.11","1846.10"
"10/03/2015 02:00 - 10/03/2015 03:00","BZN|DK1","1885.33","1865.60"
"10/03/2015 03:00 - 10/03/2015 04:00","BZN|DK1","1887.71","1871.30"
"10/03/2015 04:00 - 10/03/2015 05:00","BZN|DK1","1899.42","1925.10"
"10/03/2015 05:00 - 10/03/2015 06:00","BZN|DK1","2026.84","2054.60"
"10/03/2015 06:00 - 10/03/2015 07:00","BZN|DK1","2427.77","2469.70"
"10/03/2015 07:00 - 10/03/2015 08:00","BZN|DK1","2777.24","2799.40"
"10/03/2015 08:00 - 10/03/2015 09:00","BZN|DK1","2880.89","2858.60"
"10/03/2015 09:00 - 10/03/2015 10:00","BZN|DK1","2856.82","2870.40"
"10/03/2015 10:00 - 10/03/2015 11:00","BZN|DK1","2905.38","2896.90"
"10/03/2015 11:00 - 10/03/2015 12:00","BZN|DK1","2899.33","2882.80"
"10/03/2015 12:00 - 10/03/2015 13:00","BZN|DK1","2831.91","2834.10"
"10/03/2015 13:00 - 10/03/2015 14:00","BZN|DK1","2903.47","2861.80"
"10/03/2015 14:00 - 10/03/2015 15:00","BZN|DK1","2825.74","2808.80"
"10/03/2015 15:00 - 10/03/2015 16:00","BZN|DK1","2777.96","2694.30"
"10/03/2015 16:00 - 10/03/2015 17:00","BZN|DK1","2729.27","2707.00"
"10/03/2015 17:00 - 10/03/2015 18:00","BZN|DK1","2907.51","2880.20"
"10/03/2015 18:00 - 10/03/2015 19:00","BZN|DK1","2926.38","2945.70"
"10/03/2015 19:00 - 10/03/2015 20:00","BZN|DK1","2818.11","2853.00"
"10/03/2015 20:00 - 10/03/2015 21:00","BZN|DK1","2605.46","2602.10"
"10/03/2015 21:00 - 10/03/2015 22:00","BZN|DK1","2430.40","2409.30"
"10/03/2015 22:00 - 10/03/2015 23:00","BZN|DK1","2220.04","2210.60"
"10/03/2015 23:00 - 11/03/2015 00:00","BZN|DK1","2053.31","1989.80"
"11/03/2015 00:00 - 11/03/2015 01:00","BZN|DK1","1923.67","1911.20"
"11/03/2015 01:00 - 11/03/2015 02:00","BZN|DK1","1882.44","1872.00"
"11/03/2015 02:00 - 11/03/2015 03:00","BZN|DK1","1879.71","1853.00"
"11/03/2015 03:00 - 11/03/2015 04:00","BZN|DK1","1877.60","1859.30"
"11/03/2015 04:00 - 11/03/2015 05:00","BZN|DK1","1901.18","1939.40"
"11/03/2015 05:00 - 11/03/2015 06:00","BZN|DK1","2041.28","2063.00"
"11/03/2015 06:00 - 11/03/2015 07:00","BZN|DK1","2429.99","2471.30"
"11/03/2015 07:00 - 11/03/2015 08:00","BZN|DK1","2765.07","2796.80"
"11/03/2015 08:00 - 11/03/2015 09:00","BZN|DK1","2885.75","2886.50"
"11/03/2015 09:00 - 11/03/2015 10:00","BZN|DK1","2859.44","2867.90"
"11/03/2015 10:00 - 11/03/2015 11:00","BZN|DK1","2897.09","2907.00"
"11/03/2015 11:00 - 11/03/2015 12:00","BZN|DK1","2852.95","2878.20"
"11/03/2015 12:00 - 11/03/2015 13:00","BZN|DK1","2765.32","2792.60"
"11/03/2015 13:00 - 11/03/2015 14:00","BZN|DK1","2778.20","2798.90"
"11/03/2015 14:00 - 11/03/2015 15:00","BZN|DK1","2705.16","2722.30"
"11/03/2015 15:00 - 11/03/2015 16:00","BZN|DK1","2584.89","2579.70"
"11/03/2015 16:00 - 11/03/2015 17:00","BZN|DK1","2548.98","2556.50"
"11/03/2015 17:00 - 11/03/2015 18:00","BZN|DK1","2725.72","2711.10"
"11/03/2015 18:00 - 11/03/2015 19:00","BZN|DK1","2790.83","2767.70"
"11/03/2015 19:00 - 11/03/2015 20:00","BZN|DK1","2775.53","2768.30"
"11/03/2015 20:00 - 11/03/2015 21:00","BZN|DK1","2532.13","2577.30"
"11/03/2015 21:00 - 11/03/2015 22:00","BZN|DK1","2377.06","2389.60"
"11/03/2015 22:00 - 11/03/2015 23:00","BZN|DK1","2179.53","2185.00"
"11/03/2015 23:00 - 12/03/2015 00:00","BZN|DK1","1969.33","1983.40"
"12/03/2015 00:00 - 12/03/2015 01:00","BZN|DK1","1867.27","1851.10"
"12/03/2015 01:00 - 12/03/2015 02:00","BZN|DK1","1796.58","1823.60"
"12/03/2015 02:00 - 12/03/2015 03:00","BZN|DK1","1798.56","1803.80"
"12/03/2015 03:00 - 12/03/2015 04:00","BZN|DK1","1818.51","1816.80"
"12/03/2015 04:00 - 12/03/2015 05:00","BZN|DK1","1878.99","1876.20"
"12/03/2015 05:00 - 12/03/2015 06:00","BZN|DK1","2065.81","2059.80"
"12/03/2015 06:00 - 12/03/2015 07:00","BZN|DK1","2461.62","2455.00"
"12/03/2015 07:00 - 12/03/2015 08:00","BZN|DK1","2822.38","2817.30"
"12/03/2015 08:00 - 12/03/2015 09:00","BZN|DK1","2879.86","2884.70"
"12/03/2015 09:00 - 12/03/2015 10:00","BZN|DK1","2860.38","2859.20"
"12/03/2015 10:00 - 12/03/2015 11:00","BZN|DK1","2883.60","2904.30"
"12/03/2015 11:00 - 12/03/2015 12:00","BZN|DK1","2888.32","2866.30"
"12/03/2015 12:00 - 12/03/2015 13:00","BZN|DK1","2795.32","2787.90"
"12/03/2015 13:00 - 12/03/2015 14:00","BZN|DK1","2785.28","2802.00"
"12/03/2015 14:00 - 12/03/2015 15:00","BZN|DK1","2710.77","2710.90"
"12/03/2015 15:00 - 12/03/2015 16:00","BZN|DK1","2581.09","2580.30"
"12/03/2015 16:00 - 12/03/2015 17:00","BZN|DK1","2548.73","2552.50"
"12/03/2015 17:00 - 12/03/2015 18:00","BZN|DK1","2681.01","2705.80"
"12/03/2015 18:00 - 12/03/2015 19:00","BZN|DK1","2739.09","2740.60"
"12/03/2015 19:00 - 12/03/2015 20:00","BZN|DK1","2710.35","2722.70"
"12/03/2015 20:00 - 12/03/2015 21:00","BZN|DK1","2546.95","2539.50"
"12/03/2015 21:00 - 12/03/2015 22:00","BZN|DK1","2376.25","2374.40"
"12/03/2015 22:00 - 12/03/2015 23:00","BZN|DK1","2161.70","2182.80"
"12/03/2015 23:00 - 13/03/2015 00:00","BZN|DK1","1970.81","1979.00"
"13/03/2015 00:00 - 13/03/2015 01:00","BZN|DK1","1863.88","1897.90"
"13/03/2015 01:00 - 13/03/2015 02:00","BZN|DK1","1816.25","1826.90"
"13/03/2015 02:00 - 13/03/2015 03:00","BZN|DK1","1811.90","1798.30"
"13/03/2015 03:00 - 13/03/2015 04:00","BZN|DK1","1825.62","1822.30"
"13/03/2015 04:00 - 13/03/2015 05:00","BZN|DK1","1893.80","1882.40"
"13/03/2015 05:00 - 13/03/2015 06:00","BZN|DK1","2092.52","2059.50"
"13/03/2015 06:00 - 13/03/2015 07:00","BZN|DK1","2488.60","2463.80"
"13/03/2015 07:00 - 13/03/2015 08:00","BZN|DK1","2863.98","2848.10"
"13/03/2015 08:00 - 13/03/2015 09:00","BZN|DK1","2946.55","2939.10"
"13/03/2015 09:00 - 13/03/2015 10:00","BZN|DK1","2966.25","2941.80"
"13/03/2015 10:00 - 13/03/2015 11:00","BZN|DK1","3033.76","2999.00"
"13/03/2015 11:00 - 13/03/2015 12:00","BZN|DK1","2964.31","2971.70"
"13/03/2015 12:00 - 13/03/2015 13:00","BZN|DK1","2808.32","2823.00"
"13/03/2015 13:00 - 13/03/2015 14:00","BZN|DK1","2680.90","2705.10"
"13/03/2015 14:00 - 13/03/2015 15:00","BZN|DK1","2534.83","2560.40"
"13/03/2015 15:00 - 13/03/2015 16:00","BZN|DK1","2425.52","2443.20"
"13/03/2015 16:00 - 13/03/2015 17:00","BZN|DK1","2437.38","2451.80"
"13/03/2015 17:00 - 13/03/2015 18:00","BZN|DK1","2587.29","2586.40"
"13/03/2015 18:00 - 13/03/2015 19:00","BZN|DK1","2629.53","2659.80"
"13/03/2015 19:00 - 13/03/2015 20:00","BZN|DK1","2551.11","2554.20"
"13/03/2015 20:00 - 13/03/2015 21:00","BZN|DK1","2365.64","2369.00"
"13/03/2015 21:00 - 13/03/2015 22:00","BZN|DK1","2209.53","2221.40"
"13/03/2015 22:00 - 13/03/2015 23:00","BZN|DK1","2047.34","2070.40"
"13/03/2015 23:00 - 14/03/2015 00:00","BZN|DK1","1894.16","1937.80"
"14/03/2015 00:00 - 14/03/2015 01:00","BZN|DK1","1765.15","1815.20"
"14/03/2015 01:00 - 14/03/2015 02:00","BZN|DK1","1704.09","1709.80"
"14/03/2015 02:00 - 14/03/2015 03:00","BZN|DK1","1676.27","1661.70"
"14/03/2015 03:00 - 14/03/2015 04:00","BZN|DK1","1671.84","1665.20"
"14/03/2015 04:00 - 14/03/2015 05:00","BZN|DK1","1718.66","1704.70"
"14/03/2015 05:00 - 14/03/2015 06:00","BZN|DK1","1768.37","1769.30"
"14/03/2015 06:00 - 14/03/2015 07:00","BZN|DK1","1895.22","1894.80"
"14/03/2015 07:00 - 14/03/2015 08:00","BZN|DK1","2061.95","2084.60"
"14/03/2015 08:00 - 14/03/2015 09:00","BZN|DK1","2214.20","2242.90"
"14/03/2015 09:00 - 14/03/2015 10:00","BZN|DK1","2315.02","2310.80"
"14/03/2015 10:00 - 14/03/2015 11:00","BZN|DK1","2327.08","2340.40"
"14/03/2015 11:00 - 14/03/2015 12:00","BZN|DK1","2317.17","2301.10"
"14/03/2015 12:00 - 14/03/2015 13:00","BZN|DK1","2247.48","2234.70"
"14/03/2015 13:00 - 14/03/2015 14:00","BZN|DK1","2193.27","2200.60"
"14/03/2015 14:00 - 14/03/2015 15:00","BZN|DK1","2141.89","2155.30"
"14/03/2015 15:00 - 14/03/2015 16:00","BZN|DK1","2130.63","2128.70"
"14/03/2015 16:00 - 14/03/2015 17:00","BZN|DK1","2203.44","2196.00"
"14/03/2015 17:00 - 14/03/2015 18:00","BZN|DK1","2414.01","2420.20"
"14/03/2015 18:00 - 14/03/2015 19:00","BZN|DK1","2495.30","2502.70"
"14/03/2015 19:00 - 14/03/2015 20:00","BZN|DK1","2385.92","2386.70"
"14/03/2015 20:00 - 14/03/2015 21:00","BZN|DK1","2202.09","2216.50"
"14/03/2015 21:00 - 14/03/2015 22:00","BZN|DK1","2051.68","2068.20"
"14/03/2015 22:00 - 14/03/2015 23:00","BZN|DK1","1880.74","1927.00"
"14/03/2015 23:00 - 15/03/2015 00:00","BZN|DK1","1752.47","1795.10"
"15/03/2015 00:00 - 15/03/2015 01:00","BZN|DK1","1663.31","1673.30"
"15/03/2015 01:00 - 15/03/2015 02:00","BZN|DK1","1580.29","1610.80"
"15/03/2015 02:00 - 15/03/2015 03:00","BZN|DK1","1565.76","1563.20"
"15/03/2015 03:00 - 15/03/2015 04:00","BZN|DK1","1596.84","1572.60"
"15/03/2015 04:00 - 15/03/2015 05:00","BZN|DK1","1613.19","1625.70"
"15/03/2015 05:00 - 15/03/2015 06:00","BZN|DK1","1657.94","1673.70"
"15/03/2015 06:00 - 15/03/2015 07:00","BZN|DK1","1751.12","1738.30"
"15/03/2015 07:00 - 15/03/2015 08:00","BZN|DK1","1942.41","1924.50"
"15/03/2015 08:00 - 15/03/2015 09:00","BZN|DK1","2105.46","2083.60"
"15/03/2015 09:00 - 15/03/2015 10:00","BZN|DK1","2206.47","2174.30"
"15/03/2015 10:00 - 15/03/2015 11:00","BZN|DK1","2228.51","2231.40"
"15/03/2015 11:00 - 15/03/2015 12:00","BZN|DK1","2253.85","2251.30"
"15/03/2015 12:00 - 15/03/2015 13:00","BZN|DK1","2173.41","2177.80"
"15/03/2015 13:00 - 15/03/2015 14:00","BZN|DK1","2204.08","2172.20"
"15/03/2015 14:00 - 15/03/2015 15:00","BZN|DK1","2246.27","2243.60"
"15/03/2015 15:00 - 15/03/2015 16:00","BZN|DK1","2228.61","2223.80"
"15/03/2015 16:00 - 15/03/2015 17:00","BZN|DK1","2312.62","2290.60"
"15/03/2015 17:00 - 15/03/2015 18:00","BZN|DK1","2552.08","2531.00"
"15/03/2015 18:00 - 15/03/2015 19:00","BZN|DK1","2625.00","2636.60"
"15/03/2015 19:00 - 15/03/2015 20:00","BZN|DK1","2546.19","2544.30"
"15/03/2015 20:00 - 15/03/2015 21:00","BZN|DK1","2379.14","2386.30"
"15/03/2015 21:00 - 15/03/2015 22:00","BZN|DK1","2209.03","2222.20"
"15/03/2015 22:00 - 15/03/2015 23:00","BZN|DK1","2030.37","2055.00"
"15/03/2015 23:00 - 16/03/2015 00:00","BZN|DK1","1900.72","1912.80"
"16/03/2015 00:00 - 16/03/2015 01:00","BZN|DK1","1829.01","1765.90"
"16/03/2015 01:00 - 16/03/2015 02:00","BZN|DK1","1765.93","1778.90"
"16/03/2015 02:00 - 16/03/2015 03:00","BZN|DK1","1766.14","1768.20"
"16/03/2015 03:00 - 16/03/2015 04:00","BZN|DK1","1788.09","1777.70"
"16/03/2015 04:00 - 16/03/2015 05:00","BZN|DK1","1837.49","1808.20"
"16/03/2015 05:00 - 16/03/2015 06:00","BZN|DK1","2000.88","1995.60"
"16/03/2015 06:00 - 16/03/2015 07:00","BZN|DK1","2422.17","2378.60"
"16/03/2015 07:00 - 16/03/2015 08:00","BZN|DK1","2802.99","2811.30"
"16/03/2015 08:00 - 16/03/2015 09:00","BZN|DK1","2935.63","2917.40"
"16/03/2015 09:00 - 16/03/2015 10:00","BZN|DK1","2964.40","2963.00"
"16/03/2015 10:00 - 16/03/2015 11:00","BZN|DK1","3001.88","2998.20"
"16/03/2015 11:00 - 16/03/2015 12:00","BZN|DK1","2943.95","2966.90"
"16/03/2015 12:00 - 16/03/2015 13:00","BZN|DK1","2871.56","2875.50"
"16/03/2015 13:00 - 16/03/2015 14:00","BZN|DK1","2916.59","2872.90"
"16/03/2015 14:00 - 16/03/2015 15:00","BZN|DK1","2829.81","2800.10"
"16/03/2015 15:00 - 16/03/2015 16:00","BZN|DK1","2616.51","2649.30"
"16/03/2015 16:00 - 16/03/2015 17:00","BZN|DK1","2651.24","2601.50"
"16/03/2015 17:00 - 16/03/2015 18:00","BZN|DK1","2829.96","2815.40"
"16/03/2015 18:00 - 16/03/2015 19:00","BZN|DK1","2851.22","2838.00"
"16/03/2015 19:00 - 16/03/2015 20:00","BZN|DK1","2804.63","2810.90"
"16/03/2015 20:00 - 16/03/2015 21:00","BZN|DK1","2600.92","2601.60"
"16/03/2015 21:00 - 16/03/2015 22:00","BZN|DK1","2402.23","2408.90"
"16/03/2015 22:00 - 16/03/2015 23:00","BZN|DK1","2172.54","2204.70"
"16/03/2015 23:00 - 17/03/2015 00:00","BZN|DK1","1987.49","2006.10"
"17/03/2015 00:00 - 17/03/2015 01:00","BZN|DK1","1866.38","1865.60"
"17/03/2015 01:00 - 17/03/2015 02:00","BZN|DK1","1809.58","1809.50"
"17/03/2015 02:00 - 17/03/2015 03:00","BZN|DK1","1802.85","1800.10"
"17/03/2015 03:00 - 17/03/2015 04:00","BZN|DK1","1794.55","1808.10"
"17/03/2015 04:00 - 17/03/2015 05:00","BZN|DK1","1852.19","1852.40"
"17/03/2015 05:00 - 17/03/2015 06:00","BZN|DK1","2015.59","2025.00"
"17/03/2015 06:00 - 17/03/2015 07:00","BZN|DK1","2404.26","2413.40"
"17/03/2015 07:00 - 17/03/2015 08:00","BZN|DK1","2779.09","2786.40"
"17/03/2015 08:00 - 17/03/2015 09:00","BZN|DK1","2857.19","2883.00"
"17/03/2015 09:00 - 17/03/2015 10:00","BZN|DK1","2876.43","2869.70"
"17/03/2015 10:00 - 17/03/2015 11:00","BZN|DK1","2940.78","2943.20"
"17/03/2015 11:00 - 17/03/2015 12:00","BZN|DK1","2961.66","2962.10"
"17/03/2015 12:00 - 17/03/2015 13:00","BZN|DK1","2810.64","2850.20"
"17/03/2015 13:00 - 17/03/2015 14:00","BZN|DK1","2801.32","2837.30"
"17/03/2015 14:00 - 17/03/2015 15:00","BZN|DK1","2740.07","2748.20"
"17/03/2015 15:00 - 17/03/2015 16:00","BZN|DK1","2626.50","2634.20"
"17/03/2015 16:00 - 17/03/2015 17:00","BZN|DK1","2582.52","2601.00"
"17/03/2015 17:00 - 17/03/2015 18:00","BZN|DK1","2724.97","2736.50"
"17/03/2015 18:00 - 17/03/2015 19:00","BZN|DK1","2736.96","2745.40"
"17/03/2015 19:00 - 17/03/2015 20:00","BZN|DK1","2721.80","2720.40"
"17/03/2015 20:00 - 17/03/2015 21:00","BZN|DK1","2531.21","2542.30"
"17/03/2015 21:00 - 17/03/2015 22:00","BZN|DK1","2357.40","2351.00"
"17/03/2015 22:00 - 17/03/2015 23:00","BZN|DK1","2153.62","2175.80"
"17/03/2015 23:00 - 18/03/2015 00:00","BZN|DK1","1932.85","1971.90"
"18/03/2015 00:00 - 18/03/2015 01:00","BZN|DK1","1816.11","1816.70"
"18/03/2015 01:00 - 18/03/2015 02:00","BZN|DK1","1764.14","1778.30"
"18/03/2015 02:00 - 18/03/2015 03:00","BZN|DK1","1737.36","1754.40"
"18/03/2015 03:00 - 18/03/2015 04:00","BZN|DK1","1783.45","1763.30"
"18/03/2015 04:00 - 18/03/2015 05:00","BZN|DK1","1826.28","1839.20"
"18/03/2015 05:00 - 18/03/2015 06:00","BZN|DK1","2003.44","2010.10"
"18/03/2015 06:00 - 18/03/2015 07:00","BZN|DK1","2365.98","2373.90"
"18/03/2015 07:00 - 18/03/2015 08:00","BZN|DK1","2679.96","2680.90"
"18/03/2015 08:00 - 18/03/2015 09:00","BZN|DK1","2789.79","2804.10"
"18/03/2015 09:00 - 18/03/2015 10:00","BZN|DK1","2793.21","2792.20"
"18/03/2015 10:00 - 18/03/2015 11:00","BZN|DK1","2837.78","2834.40"
"18/03/2015 11:00 - 18/03/2015 12:00","BZN|DK1","2854.29","2835.00"
"18/03/2015 12:00 - 18/03/2015 13:00","BZN|DK1","2772.34","2774.20"
"18/03/2015 13:00 - 18/03/2015 14:00","BZN|DK1","2773.85","2782.50"
"18/03/2015 14:00 - 18/03/2015 15:00","BZN|DK1","2706.31","2715.40"
"18/03/2015 15:00 - 18/03/2015 16:00","BZN|DK1","2600.20","2600.60"
"18/03/2015 16:00 - 18/03/2015 17:00","BZN|DK1","2570.28","2567.80"
"18/03/2015 17:00 - 18/03/2015 18:00","BZN|DK1","2735.36","2728.20"
"18/03/2015 18:00 - 18/03/2015 19:00","BZN|DK1","2748.83","2735.50"
"18/03/2015 19:00 - 18/03/2015 20:00","BZN|DK1","2739.47","2745.40"
"18/03/2015 20:00 - 18/03/2015 21:00","BZN|DK1","2552.20","2585.80"
"18/03/2015 21:00 - 18/03/2015 22:00","BZN|DK1","2370.08","2380.80"
"18/03/2015 22:00 - 18/03/2015 23:00","BZN|DK1","2161.85","2190.40"
"18/03/2015 23:00 - 19/03/2015 00:00","BZN|DK1","1959.97","1990.30"
"19/03/2015 00:00 - 19/03/2015 01:00","BZN|DK1","1840.81","1837.50"
"19/03/2015 01:00 - 19/03/2015 02:00","BZN|DK1","1779.84","1778.30"
"19/03/2015 02:00 - 19/03/2015 03:00","BZN|DK1","1782.34","1770.70"
"19/03/2015 03:00 - 19/03/2015 04:00","BZN|DK1","1799.68","1790.00"
"19/03/2015 04:00 - 19/03/2015 05:00","BZN|DK1","1865.01","1849.50"
"19/03/2015 05:00 - 19/03/2015 06:00","BZN|DK1","2027.97","2030.30"
"19/03/2015 06:00 - 19/03/2015 07:00","BZN|DK1","2367.31","2355.80"
"19/03/2015 07:00 - 19/03/2015 08:00","BZN|DK1","2774.89","2719.30"
"19/03/2015 08:00 - 19/03/2015 09:00","BZN|DK1","2848.95","2856.10"
"19/03/2015 09:00 - 19/03/2015 10:00","BZN|DK1","2830.32","2838.30"
"19/03/2015 10:00 - 19/03/2015 11:00","BZN|DK1","2861.50","2871.30"
"19/03/2015 11:00 - 19/03/2015 12:00","BZN|DK1","2834.61","2850.20"
"19/03/2015 12:00 - 19/03/2015 13:00","BZN|DK1","2762.71","2764.30"
"19/03/2015 13:00 - 19/03/2015 14:00","BZN|DK1","2751.48","2758.00"
"19/03/2015 14:00 - 19/03/2015 15:00","BZN|DK1","2669.16","2696.00"
"19/03/2015 15:00 - 19/03/2015 16:00","BZN|DK1","2541.25","2558.70"
"19/03/2015 16:00 - 19/03/2015 17:00","BZN|DK1","2505.18","2516.30"
"19/03/2015 17:00 - 19/03/2015 18:00","BZN|DK1","2656.49","2652.50"
"19/03/2015 18:00 - 19/03/2015 19:00","BZN|DK1","2672.08","2658.30"
"19/03/2015 19:00 - 19/03/2015 20:00","BZN|DK1","2687.75","2668.90"
"19/03/2015 20:00 - 19/03/2015 21:00","BZN|DK1","2548.83","2522.60"
"19/03/2015 21:00 - 19/03/2015 22:00","BZN|DK1","2369.08","2373.50"
"19/03/2015 22:00 - 19/03/2015 23:00","BZN|DK1","2135.72","2180.10"
"19/03/2015 23:00 - 20/03/2015 00:00","BZN|DK1","1936.29","1998.10"
"20/03/2015 00:00 - 20/03/2015 01:00","BZN|DK1","1810.55","1816.90"
"20/03/2015 01:00 - 20/03/2015 02:00","BZN|DK1","1780.46","1769.50"
"20/03/2015 02:00 - 20/03/2015 03:00","BZN|DK1","1747.13","1762.40"
"20/03/2015 03:00 - 20/03/2015 04:00","BZN|DK1","1747.62","1748.60"
"20/03/2015 04:00 - 20/03/2015 05:00","BZN|DK1","1784.04","1793.50"
"20/03/2015 05:00 - 20/03/2015 06:00","BZN|DK1","1956.98","1939.00"
"20/03/2015 06:00 - 20/03/2015 07:00","BZN|DK1","2324.21","2305.50"
"20/03/2015 07:00 - 20/03/2015 08:00","BZN|DK1","2683.43","2691.80"
"20/03/2015 08:00 - 20/03/2015 09:00","BZN|DK1","2817.19","2807.50"
"20/03/2015 09:00 - 20/03/2015 10:00","BZN|DK1","2832.42","2819.10"
"20/03/2015 10:00 - 20/03/2015 11:00","BZN|DK1","2929.95","2919.90"
"20/03/2015 11:00 - 20/03/2015 12:00","BZN|DK1","2925.91","2945.20"
"20/03/2015 12:00 - 20/03/2015 13:00","BZN|DK1","2734.73","2752.30"
"20/03/2015 13:00 - 20/03/2015 14:00","BZN|DK1","2675.85","2645.50"
"20/03/2015 14:00 - 20/03/2015 15:00","BZN|DK1","2532.70","2497.20"
"20/03/2015 15:00 - 20/03/2015 16:00","BZN|DK1","2447.35","2402.30"
"20/03/2015 16:00 - 20/03/2015 17:00","BZN|DK1","2498.70","2453.70"
"20/03/2015 17:00 - 20/03/2015 18:00","BZN|DK1","2641.02","2602.00"
"20/03/2015 18:00 - 20/03/2015 19:00","BZN|DK1","2682.10","2613.80"
"20/03/2015 19:00 - 20/03/2015 20:00","BZN|DK1","2593.54","2636.10"
"20/03/2015 20:00 - 20/03/2015 21:00","BZN|DK1","2391.17","2398.90"
"20/03/2015 21:00 - 20/03/2015 22:00","BZN|DK1","2240.75","2235.30"
"20/03/2015 22:00 - 20/03/2015 23:00","BZN|DK1","2071.28","2096.80"
"20/03/2015 23:00 - 21/03/2015 00:00","BZN|DK1","1911.91","1938.00"
"21/03/2015 00:00 - 21/03/2015 01:00","BZN|DK1","1766.09","1775.80"
"21/03/2015 01:00 - 21/03/2015 02:00","BZN|DK1","1689.46","1699.10"
"21/03/2015 02:00 - 21/03/2015 03:00","BZN|DK1","1657.24","1666.80"
"21/03/2015 03:00 - 21/03/2015 04:00","BZN|DK1","1631.06","1655.10"
"21/03/2015 04:00 - 21/03/2015 05:00","BZN|DK1","1616.61","1650.90"
"21/03/2015 05:00 - 21/03/2015 06:00","BZN|DK1","1680.06","1695.30"
"21/03/2015 06:00 - 21/03/2015 07:00","BZN|DK1","1822.69","1797.20"
"21/03/2015 07:00 - 21/03/2015 08:00","BZN|DK1","1969.75","2002.10"
"21/03/2015 08:00 - 21/03/2015 09:00","BZN|DK1","2191.40","2157.50"
"21/03/2015 09:00 - 21/03/2015 10:00","BZN|DK1","2364.76","2307.80"
"21/03/2015 10:00 - 21/03/2015 11:00","BZN|DK1","2405.36","2385.20"
"21/03/2015 11:00 - 21/03/2015 12:00","BZN|DK1","2443.80","2385.20"
"21/03/2015 12:00 - 21/03/2015 13:00","BZN|DK1","2365.16","2353.90"
"21/03/2015 13:00 - 21/03/2015 14:00","BZN|DK1","2323.17","2307.60"
"21/03/2015 14:00 - 21/03/2015 15:00","BZN|DK1","2275.20","2266.90"
"21/03/2015 15:00 - 21/03/2015 16:00","BZN|DK1","2255.20","2241.50"
"21/03/2015 16:00 - 21/03/2015 17:00","BZN|DK1","2307.84","2288.60"
"21/03/2015 17:00 - 21/03/2015 18:00","BZN|DK1","2502.75","2480.50"
"21/03/2015 18:00 - 21/03/2015 19:00","BZN|DK1","2537.61","2520.00"
"21/03/2015 19:00 - 21/03/2015 20:00","BZN|DK1","2446.40","2490.80"
"21/03/2015 20:00 - 21/03/2015 21:00","BZN|DK1","2261.28","2283.90"
"21/03/2015 21:00 - 21/03/2015 22:00","BZN|DK1","2109.00","2118.80"
"21/03/2015 22:00 - 21/03/2015 23:00","BZN|DK1","1951.30","1980.70"
"21/03/2015 23:00 - 22/03/2015 00:00","BZN|DK1","1837.62","1840.30"
"22/03/2015 00:00 - 22/03/2015 01:00","BZN|DK1","1750.78","1776.30"
"22/03/2015 01:00 - 22/03/2015 02:00","BZN|DK1","1689.58","1678.20"
"22/03/2015 02:00 - 22/03/2015 03:00","BZN|DK1","1667.59","1651.70"
"22/03/2015 03:00 - 22/03/2015 04:00","BZN|DK1","1663.69","1665.30"
"22/03/2015 04:00 - 22/03/2015 05:00","BZN|DK1","1654.48","1664.00"
"22/03/2015 05:00 - 22/03/2015 06:00","BZN|DK1","1698.14","1702.30"
"22/03/2015 06:00 - 22/03/2015 07:00","BZN|DK1","1763.72","1767.00"
"22/03/2015 07:00 - 22/03/2015 08:00","BZN|DK1","1930.17","1904.90"
"22/03/2015 08:00 - 22/03/2015 09:00","BZN|DK1","2070.58","2076.60"
"22/03/2015 09:00 - 22/03/2015 10:00","BZN|DK1","2147.95","2170.50"
"22/03/2015 10:00 - 22/03/2015 11:00","BZN|DK1","2172.40","2188.90"
"22/03/2015 11:00 - 22/03/2015 12:00","BZN|DK1","2173.17","2178.50"
"22/03/2015 12:00 - 22/03/2015 13:00","BZN|DK1","2123.05","2141.10"
"22/03/2015 13:00 - 22/03/2015 14:00","BZN|DK1","2091.91","2091.30"
"22/03/2015 14:00 - 22/03/2015 15:00","BZN|DK1","2045.73","2053.80"
"22/03/2015 15:00 - 22/03/2015 16:00","BZN|DK1","2046.71","2049.40"
"22/03/2015 16:00 - 22/03/2015 17:00","BZN|DK1","2115.76","2097.80"
"22/03/2015 17:00 - 22/03/2015 18:00","BZN|DK1","2369.66","2344.60"
"22/03/2015 18:00 - 22/03/2015 19:00","BZN|DK1","2471.25","2435.00"
"22/03/2015 19:00 - 22/03/2015 20:00","BZN|DK1","2466.38","2472.10"
"22/03/2015 20:00 - 22/03/2015 21:00","BZN|DK1","2297.50","2344.70"
"22/03/2015 21:00 - 22/03/2015 22:00","BZN|DK1","2154.63","2146.50"
"22/03/2015 22:00 - 22/03/2015 23:00","BZN|DK1","1982.97","1994.40"
"22/03/2015 23:00 - 23/03/2015 00:00","BZN|DK1","1862.77","1845.70"
"23/03/2015 00:00 - 23/03/2015 01:00","BZN|DK1","1773.97","1740.00"
"23/03/2015 01:00 - 23/03/2015 02:00","BZN|DK1","1705.13","1696.80"
"23/03/2015 02:00 - 23/03/2015 03:00","BZN|DK1","1705.34","1689.40"
"23/03/2015 03:00 - 23/03/2015 04:00","BZN|DK1","1742.36","1705.80"
"23/03/2015 04:00 - 23/03/2015 05:00","BZN|DK1","1804.12","1781.00"
"23/03/2015 05:00 - 23/03/2015 06:00","BZN|DK1","1974.26","1965.20"
"23/03/2015 06:00 - 23/03/2015 07:00","BZN|DK1","2382.01","2370.40"
"23/03/2015 07:00 - 23/03/2015 08:00","BZN|DK1","2779.03","2767.00"
"23/03/2015 08:00 - 23/03/2015 09:00","BZN|DK1","2905.45","2911.60"
"23/03/2015 09:00 - 23/03/2015 10:00","BZN|DK1","2918.00","2919.30"
"23/03/2015 10:00 - 23/03/2015 11:00","BZN|DK1","2977.78","2973.00"
"23/03/2015 11:00 - 23/03/2015 12:00","BZN|DK1","2989.25","2969.20"
"23/03/2015 12:00 - 23/03/2015 13:00","BZN|DK1","2874.41","2897.40"
"23/03/2015 13:00 - 23/03/2015 14:00","BZN|DK1","2895.37","2888.10"
"23/03/2015 14:00 - 23/03/2015 15:00","BZN|DK1","2850.97","2823.70"
"23/03/2015 15:00 - 23/03/2015 16:00","BZN|DK1","2753.85","2726.00"
"23/03/2015 16:00 - 23/03/2015 17:00","BZN|DK1","2761.71","2728.70"
"23/03/2015 17:00 - 23/03/2015 18:00","BZN|DK1","2963.06","2916.00"
"23/03/2015 18:00 - 23/03/2015 19:00","BZN|DK1","2923.86","2902.90"
"23/03/2015 19:00 - 23/03/2015 20:00","BZN|DK1","2815.29","2837.30"
"23/03/2015 20:00 - 23/03/2015 21:00","BZN|DK1","2620.68","2673.60"
"23/03/2015 21:00 - 23/03/2015 22:00","BZN|DK1","2420.21","2431.80"
"23/03/2015 22:00 - 23/03/2015 23:00","BZN|DK1","2218.66","2213.60"
"23/03/2015 23:00 - 24/03/2015 00:00","BZN|DK1","2006.34","2002.90"
"24/03/2015 00:00 - 24/03/2015 01:00","BZN|DK1","1887.90","1892.00"
"24/03/2015 01:00 - 24/03/2015 02:00","BZN|DK1","1844.23","1832.90"
"24/03/2015 02:00 - 24/03/2015 03:00","BZN|DK1","1807.35","1818.60"
"24/03/2015 03:00 - 24/03/2015 04:00","BZN|DK1","1809.33","1823.40"
"24/03/2015 04:00 - 24/03/2015 05:00","BZN|DK1","1869.19","1869.40"
"24/03/2015 05:00 - 24/03/2015 06:00","BZN|DK1","2053.76","2042.20"
"24/03/2015 06:00 - 24/03/2015 07:00","BZN|DK1","2407.43","2420.20"
"24/03/2015 07:00 - 24/03/2015 08:00","BZN|DK1","2818.09","2845.60"
"24/03/2015 08:00 - 24/03/2015 09:00","BZN|DK1","2955.92","2942.30"
"24/03/2015 09:00 - 24/03/2015 10:00","BZN|DK1","2925.39","2933.70"
"24/03/2015 10:00 - 24/03/2015 11:00","BZN|DK1","2954.82","2970.50"
"24/03/2015 11:00 - 24/03/2015 12:00","BZN|DK1","2910.14","2918.90"
"24/03/2015 12:00 - 24/03/2015 13:00","BZN|DK1","2803.09","2802.90"
"24/03/2015 13:00 - 24/03/2015 14:00","BZN|DK1","2821.36","2829.80"
"24/03/2015 14:00 - 24/03/2015 15:00","BZN|DK1","2743.78","2763.70"
"24/03/2015 15:00 - 24/03/2015 16:00","BZN|DK1","2638.88","2618.50"
"24/03/2015 16:00 - 24/03/2015 17:00","BZN|DK1","2609.53","2611.60"
"24/03/2015 17:00 - 24/03/2015 18:00","BZN|DK1","2777.16","2769.00"
"24/03/2015 18:00 - 24/03/2015 19:00","BZN|DK1","2809.63","2780.50"
"24/03/2015 19:00 - 24/03/2015 20:00","BZN|DK1","2797.58","2810.60"
"24/03/2015 20:00 - 24/03/2015 21:00","BZN|DK1","2582.85","2598.70"
"24/03/2015 21:00 - 24/03/2015 22:00","BZN|DK1","2422.60","2394.10"
"24/03/2015 22:00 - 24/03/2015 23:00","BZN|DK1","2228.94","2209.60"
"24/03/2015 23:00 - 25/03/2015 00:00","BZN|DK1","2022.23","2006.50"
"25/03/2015 00:00 - 25/03/2015 01:00","BZN|DK1","1879.10","1873.00"
"25/03/2015 01:00 - 25/03/2015 02:00","BZN|DK1","1813.07","1805.20"
"25/03/2015 02:00 - 25/03/2015 03:00","BZN|DK1","1782.48","1785.70"
"25/03/2015 03:00 - 25/03/2015 04:00","BZN|DK1","1789.47","1795.00"
"25/03/2015 04:00 - 25/03/2015 05:00","BZN|DK1","1840.17","1848.00"
"25/03/2015 05:00 - 25/03/2015 06:00","BZN|DK1","2024.27","2017.70"
"25/03/2015 06:00 - 25/03/2015 07:00","BZN|DK1","2382.46","2409.40"
"25/03/2015 07:00 - 25/03/2015 08:00","BZN|DK1","2767.60","2790.90"
"25/03/2015 08:00 - 25/03/2015 09:00","BZN|DK1","2875.19","2886.60"
"25/03/2015 09:00 - 25/03/2015 10:00","BZN|DK1","2858.50","2863.20"
"25/03/2015 10:00 - 25/03/2015 11:00","BZN|DK1","2930.81","2909.50"
"25/03/2015 11:00 - 25/03/2015 12:00","BZN|DK1","2941.56","2911.10"
"25/03/2015 12:00 - 25/03/2015 13:00","BZN|DK1","2926.33","2870.50"
"25/03/2015 13:00 - 25/03/2015 14:00","BZN|DK1","2982.00","2954.70"
"25/03/2015 14:00 - 25/03/2015 15:00","BZN|DK1","2933.72","2913.00"
"25/03/2015 15:00 - 25/03/2015 16:00","BZN|DK1","2815.31","2789.90"
"25/03/2015 16:00 - 25/03/2015 17:00","BZN|DK1","2796.12","2753.30"
"25/03/2015 17:00 - 25/03/2015 18:00","BZN|DK1","2974.30","2916.00"
"25/03/2015 18:00 - 25/03/2015 19:00","BZN|DK1","2946.48","2920.30"
"25/03/2015 19:00 - 25/03/2015 20:00","BZN|DK1","2895.07","2878.80"
"25/03/2015 20:00 - 25/03/2015 21:00","BZN|DK1","2759.35","2767.40"
"25/03/2015 21:00 - 25/03/2015 22:00","BZN|DK1","2532.95","2569.30"
"25/03/2015 22:00 - 25/03/2015 23:00","BZN|DK1","2326.18","2336.30"
"25/03/2015 23:00 - 26/03/2015 00:00","BZN|DK1","2119.00","2101.80"
"26/03/2015 00:00 - 26/03/2015 01:00","BZN|DK1","1954.61","1916.00"
"26/03/2015 01:00 - 26/03/2015 02:00","BZN|DK1","1917.44","1883.10"
"26/03/2015 02:00 - 26/03/2015 03:00","BZN|DK1","1890.31","1886.50"
"26/03/2015 03:00 - 26/03/2015 04:00","BZN|DK1","1889.91","1876.70"
"26/03/2015 04:00 - 26/03/2015 05:00","BZN|DK1","1960.14","1944.80"
"26/03/2015 05:00 - 26/03/2015 06:00","BZN|DK1","2123.05","2119.50"
"26/03/2015 06:00 - 26/03/2015 07:00","BZN|DK1","2477.43","2506.60"
"26/03/2015 07:00 - 26/03/2015 08:00","BZN|DK1","2862.28","2893.60"
"26/03/2015 08:00 - 26/03/2015 09:00","BZN|DK1","3008.91","2980.40"
"26/03/2015 09:00 - 26/03/2015 10:00","BZN|DK1","2986.70","2983.30"
"26/03/2015 10:00 - 26/03/2015 11:00","BZN|DK1","3015.00","3023.30"
"26/03/2015 11:00 - 26/03/2015 12:00","BZN|DK1","2989.10","2998.80"
"26/03/2015 12:00 - 26/03/2015 13:00","BZN|DK1","2906.77","2910.30"
"26/03/2015 13:00 - 26/03/2015 14:00","BZN|DK1","2913.20","2920.30"
"26/03/2015 14:00 - 26/03/2015 15:00","BZN|DK1","2842.10","2835.30"
"26/03/2015 15:00 - 26/03/2015 16:00","BZN|DK1","2721.73","2722.40"
"26/03/2015 16:00 - 26/03/2015 17:00","BZN|DK1","2688.20","2661.80"
"26/03/2015 17:00 - 26/03/2015 18:00","BZN|DK1","2798.43","2781.80"
"26/03/2015 18:00 - 26/03/2015 19:00","BZN|DK1","2762.80","2750.50"
"26/03/2015 19:00 - 26/03/2015 20:00","BZN|DK1","2791.69","2742.30"
"26/03/2015 20:00 - 26/03/2015 21:00","BZN|DK1","2668.72","2682.60"
"26/03/2015 21:00 - 26/03/2015 22:00","BZN|DK1","2447.10","2484.30"
"26/03/2015 22:00 - 26/03/2015 23:00","BZN|DK1","2251.77","2246.90"
"26/03/2015 23:00 - 27/03/2015 00:00","BZN|DK1","2036.78","2025.50"
"27/03/2015 00:00 - 27/03/2015 01:00","BZN|DK1","1922.59","1896.90"
"27/03/2015 01:00 - 27/03/2015 02:00","BZN|DK1","1886.23","1866.30"
"27/03/2015 02:00 - 27/03/2015 03:00","BZN|DK1","1847.68","1844.40"
"27/03/2015 03:00 - 27/03/2015 04:00","BZN|DK1","1837.46","1844.40"
"27/03/2015 04:00 - 27/03/2015 05:00","BZN|DK1","1891.04","1880.00"
"27/03/2015 05:00 - 27/03/2015 06:00","BZN|DK1","2058.09","2050.50"
"27/03/2015 06:00 - 27/03/2015 07:00","BZN|DK1","2396.84","2427.00"
"27/03/2015 07:00 - 27/03/2015 08:00","BZN|DK1","2792.46","2800.20"
"27/03/2015 08:00 - 27/03/2015 09:00","BZN|DK1","2939.90","2934.00"
"27/03/2015 09:00 - 27/03/2015 10:00","BZN|DK1","2933.48","2917.70"
"27/03/2015 10:00 - 27/03/2015 11:00","BZN|DK1","2985.73","2984.10"
"27/03/2015 11:00 - 27/03/2015 12:00","BZN|DK1","2913.21","2919.50"
"27/03/2015 12:00 - 27/03/2015 13:00","BZN|DK1","2792.53","2782.60"
"27/03/2015 13:00 - 27/03/2015 14:00","BZN|DK1","2697.04","2686.30"
"27/03/2015 14:00 - 27/03/2015 15:00","BZN|DK1","2577.60","2554.80"
"27/03/2015 15:00 - 27/03/2015 16:00","BZN|DK1","2509.88","2472.20"
"27/03/2015 16:00 - 27/03/2015 17:00","BZN|DK1","2481.53","2484.10"
"27/03/2015 17:00 - 27/03/2015 18:00","BZN|DK1","2607.92","2616.50"
"27/03/2015 18:00 - 27/03/2015 19:00","BZN|DK1","2633.44","2609.80"
"27/03/2015 19:00 - 27/03/2015 20:00","BZN|DK1","2592.73","2583.40"
"27/03/2015 20:00 - 27/03/2015 21:00","BZN|DK1","2403.85","2435.50"
"27/03/2015 21:00 - 27/03/2015 22:00","BZN|DK1","2241.43","2246.50"
"27/03/2015 22:00 - 27/03/2015 23:00","BZN|DK1","2097.37","2090.90"
"27/03/2015 23:00 - 28/03/2015 00:00","BZN|DK1","1944.33","1930.00"
"28/03/2015 00:00 - 28/03/2015 01:00","BZN|DK1","1838.09","1837.70"
"28/03/2015 01:00 - 28/03/2015 02:00","BZN|DK1","1762.19","1766.30"
"28/03/2015 02:00 - 28/03/2015 03:00","BZN|DK1","1718.92","1720.40"
"28/03/2015 03:00 - 28/03/2015 04:00","BZN|DK1","1711.09","1716.50"
"28/03/2015 04:00 - 28/03/2015 05:00","BZN|DK1","1722.18","1725.10"
"28/03/2015 05:00 - 28/03/2015 06:00","BZN|DK1","1770.00","1774.40"
"28/03/2015 06:00 - 28/03/2015 07:00","BZN|DK1","1850.18","1852.50"
"28/03/2015 07:00 - 28/03/2015 08:00","BZN|DK1","2028.73","2034.50"
"28/03/2015 08:00 - 28/03/2015 09:00","BZN|DK1","2191.88","2201.60"
"28/03/2015 09:00 - 28/03/2015 10:00","BZN|DK1","2286.79","2281.00"
"28/03/2015 10:00 - 28/03/2015 11:00","BZN|DK1","2310.26","2319.80"
"28/03/2015 11:00 - 28/03/2015 12:00","BZN|DK1","2304.37","2288.40"
"28/03/2015 12:00 - 28/03/2015 13:00","BZN|DK1","2270.00","2255.40"
"28/03/2015 13:00 - 28/03/2015 14:00","BZN|DK1","2261.21","2225.20"
"28/03/2015 14:00 - 28/03/2015 15:00","BZN|DK1","2295.68","2262.10"
"28/03/2015 15:00 - 28/03/2015 16:00","BZN|DK1","2276.12","2248.10"
"28/03/2015 16:00 - 28/03/2015 17:00","BZN|DK1","2334.95","2286.40"
"28/03/2015 17:00 - 28/03/2015 18:00","BZN|DK1","2525.39","2484.80"
"28/03/2015 18:00 - 28/03/2015 19:00","BZN|DK1","2611.97","2556.80"
"28/03/2015 19:00 - 28/03/2015 20:00","BZN|DK1","2547.88","2551.40"
"28/03/2015 20:00 - 28/03/2015 21:00","BZN|DK1","2422.56","2451.50"
"28/03/2015 21:00 - 28/03/2015 22:00","BZN|DK1","2289.12","2283.80"
"28/03/2015 22:00 - 28/03/2015 23:00","BZN|DK1","2161.42","2131.90"
"28/03/2015 23:00 - 29/03/2015 00:00","BZN|DK1","2016.80","1935.40"
"29/03/2015 00:00 - 29/03/2015 01:00 (CET)","BZN|DK1","1920.17","1933.20"
"29/03/2015 01:00 (CET) - 29/03/2015 03:00 (CEST)","BZN|DK1","1807.30","1850.50"
"29/03/2015 03:00 (CEST) - 29/03/2015 04:00","BZN|DK1","1735.32","1771.50"
"29/03/2015 04:00 - 29/03/2015 05:00","BZN|DK1","1677.60","1712.20"
"29/03/2015 05:00 - 29/03/2015 06:00","BZN|DK1","1707.85","1726.90"
"29/03/2015 06:00 - 29/03/2015 07:00","BZN|DK1","1779.92","1771.20"
"29/03/2015 07:00 - 29/03/2015 08:00","BZN|DK1","1881.85","1896.90"
"29/03/2015 08:00 - 29/03/2015 09:00","BZN|DK1","2067.95","2071.20"
"29/03/2015 09:00 - 29/03/2015 10:00","BZN|DK1","2178.94","2169.80"
"29/03/2015 10:00 - 29/03/2015 11:00","BZN|DK1","2219.77","2233.80"
"29/03/2015 11:00 - 29/03/2015 12:00","BZN|DK1","2294.17","2245.70"
"29/03/2015 12:00 - 29/03/2015 13:00","BZN|DK1","2307.23","2291.50"
"29/03/2015 13:00 - 29/03/2015 14:00","BZN|DK1","2289.23","2273.10"
"29/03/2015 14:00 - 29/03/2015 15:00","BZN|DK1","2265.67","2262.50"
"29/03/2015 15:00 - 29/03/2015 16:00","BZN|DK1","2246.01","2242.80"
"29/03/2015 16:00 - 29/03/2015 17:00","BZN|DK1","2263.98","2285.20"
"29/03/2015 17:00 - 29/03/2015 18:00","BZN|DK1","2398.49","2419.60"
"29/03/2015 18:00 - 29/03/2015 19:00","BZN|DK1","2428.36","2435.20"
"29/03/2015 19:00 - 29/03/2015 20:00","BZN|DK1","2330.03","2346.70"
"29/03/2015 20:00 - 29/03/2015 21:00","BZN|DK1","2288.79","2303.70"
"29/03/2015 21:00 - 29/03/2015 22:00","BZN|DK1","2212.10","2200.30"
"29/03/2015 22:00 - 29/03/2015 23:00","BZN|DK1","2083.76","2041.10"
"29/03/2015 23:00 - 30/03/2015 00:00","BZN|DK1","1947.28","1884.40"
"30/03/2015 00:00 - 30/03/2015 01:00","BZN|DK1","1870.20","1817.90"
"30/03/2015 01:00 - 30/03/2015 02:00","BZN|DK1","1828.52","1813.20"
"30/03/2015 02:00 - 30/03/2015 03:00","BZN|DK1","1860.08","1809.60"
"30/03/2015 03:00 - 30/03/2015 04:00","BZN|DK1","1864.85","1855.60"
"30/03/2015 04:00 - 30/03/2015 05:00","BZN|DK1","1898.06","1887.50"
"30/03/2015 05:00 - 30/03/2015 06:00","BZN|DK1","2015.30","2025.40"
"30/03/2015 06:00 - 30/03/2015 07:00","BZN|DK1","2324.33","2381.00"
"30/03/2015 07:00 - 30/03/2015 08:00","BZN|DK1","2656.60","2675.10"
"30/03/2015 08:00 - 30/03/2015 09:00","BZN|DK1","2845.53","2832.00"
"30/03/2015 09:00 - 30/03/2015 10:00","BZN|DK1","2942.05","2886.10"
"30/03/2015 10:00 - 30/03/2015 11:00","BZN|DK1","3059.57","3028.60"
"30/03/2015 11:00 - 30/03/2015 12:00","BZN|DK1","3072.62","3046.20"
"30/03/2015 12:00 - 30/03/2015 13:00","BZN|DK1","3034.28","2975.00"
"30/03/2015 13:00 - 30/03/2015 14:00","BZN|DK1","3031.43","3024.00"
"30/03/2015 14:00 - 30/03/2015 15:00","BZN|DK1","2959.91","2947.60"
"30/03/2015 15:00 - 30/03/2015 16:00","BZN|DK1","2850.87","2839.80"
"30/03/2015 16:00 - 30/03/2015 17:00","BZN|DK1","2770.73","2756.80"
"30/03/2015 17:00 - 30/03/2015 18:00","BZN|DK1","2886.47","2883.80"
"30/03/2015 18:00 - 30/03/2015 19:00","BZN|DK1","2840.63","2820.70"
"30/03/2015 19:00 - 30/03/2015 20:00","BZN|DK1","2725.60","2749.60"
"30/03/2015 20:00 - 30/03/2015 21:00","BZN|DK1","2718.77","2749.00"
"30/03/2015 21:00 - 30/03/2015 22:00","BZN|DK1","2550.57","2621.80"
"30/03/2015 22:00 - 30/03/2015 23:00","BZN|DK1","2307.77","2416.40"
"30/03/2015 23:00 - 31/03/2015 00:00","BZN|DK1","2136.31","2174.40"
"31/03/2015 00:00 - 31/03/2015 01:00","BZN|DK1","2032.99","2023.30"
"31/03/2015 01:00 - 31/03/2015 02:00","BZN|DK1","1976.78","1944.40"
"31/03/2015 02:00 - 31/03/2015 03:00","BZN|DK1","1990.12","1964.30"
"31/03/2015 03:00 - 31/03/2015 04:00","BZN|DK1","1962.82","1976.20"
"31/03/2015 04:00 - 31/03/2015 05:00","BZN|DK1","1987.97","1991.20"
"31/03/2015 05:00 - 31/03/2015 06:00","BZN|DK1","2120.20","2133.20"
"31/03/2015 06:00 - 31/03/2015 07:00","BZN|DK1","2440.39","2500.80"
"31/03/2015 07:00 - 31/03/2015 08:00","BZN|DK1","2832.02","2818.30"
"31/03/2015 08:00 - 31/03/2015 09:00","BZN|DK1","3032.64","3014.40"
"31/03/2015 09:00 - 31/03/2015 10:00","BZN|DK1","3152.80","3152.50"
"31/03/2015 10:00 - 31/03/2015 11:00","BZN|DK1","3227.06","3194.10"
"31/03/2015 11:00 - 31/03/2015 12:00","BZN|DK1","3166.41","3185.40"
"31/03/2015 12:00 - 31/03/2015 13:00","BZN|DK1","2996.82","3009.10"
"31/03/2015 13:00 - 31/03/2015 14:00","BZN|DK1","2972.29","2996.80"
"31/03/2015 14:00 - 31/03/2015 15:00","BZN|DK1","2953.85","2957.40"
"31/03/2015 15:00 - 31/03/2015 16:00","BZN|DK1","2892.64","2831.90"
"31/03/2015 16:00 - 31/03/2015 17:00","BZN|DK1","2841.31","2821.60"
"31/03/2015 17:00 - 31/03/2015 18:00","BZN|DK1","2971.70","2947.30"
"31/03/2015 18:00 - 31/03/2015 19:00","BZN|DK1","2919.16","2887.60"
"31/03/2015 19:00 - 31/03/2015 20:00","BZN|DK1","2799.73","2811.30"
"31/03/2015 20:00 - 31/03/2015 21:00","BZN|DK1","2696.34","2735.00"
"31/03/2015 21:00 - 31/03/2015 22:00","BZN|DK1","2578.53","2563.70"
"31/03/2015 22:00 - 31/03/2015 23:00","BZN|DK1","2391.15","2372.40"
"31/03/2015 23:00 - 01/04/2015 00:00","BZN|DK1","2193.03","2157.20"
"01/04/2015 00:00 - 01/04/2015 01:00","BZN|DK1","2041.76","1996.70"
"01/04/2015 01:00 - 01/04/2015 02:00","BZN|DK1","2000.10","1951.80"
"01/04/2015 02:00 - 01/04/2015 03:00","BZN|DK1","1977.61","1960.20"
"01/04/2015 03:00 - 01/04/2015 04:00","BZN|DK1","1999.58","1969.80"
"01/04/2015 04:00 - 01/04/2015 05:00","BZN|DK1","2015.33","2025.10"
"01/04/2015 05:00 - 01/04/2015 06:00","BZN|DK1","2160.48","2156.00"
"01/04/2015 06:00 - 01/04/2015 07:00","BZN|DK1","2432.62","2461.60"
"01/04/2015 07:00 - 01/04/2015 08:00","BZN|DK1","2745.88","2725.20"
"01/04/2015 08:00 - 01/04/2015 09:00","BZN|DK1","3004.77","2964.30"
"01/04/2015 09:00 - 01/04/2015 10:00","BZN|DK1","3078.21","3071.70"
"01/04/2015 10:00 - 01/04/2015 11:00","BZN|DK1","3178.94","3137.10"
"01/04/2015 11:00 - 01/04/2015 12:00","BZN|DK1","3130.03","3106.70"
"01/04/2015 12:00 - 01/04/2015 13:00","BZN|DK1","3078.90","3026.70"
"01/04/2015 13:00 - 01/04/2015 14:00","BZN|DK1","3051.05","3033.70"
"01/04/2015 14:00 - 01/04/2015 15:00","BZN|DK1","2952.07","2911.80"
"01/04/2015 15:00 - 01/04/2015 16:00","BZN|DK1","2808.77","2796.40"
"01/04/2015 16:00 - 01/04/2015 17:00","BZN|DK1","2739.96","2731.60"
"01/04/2015 17:00 - 01/04/2015 18:00","BZN|DK1","2832.46","2858.30"
"01/04/2015 18:00 - 01/04/2015 19:00","BZN|DK1","2748.82","2814.00"
"01/04/2015 19:00 - 01/04/2015 20:00","BZN|DK1","2610.05","2626.80"
"01/04/2015 20:00 - 01/04/2015 21:00","BZN|DK1","2602.67","2602.00"
"01/04/2015 21:00 - 01/04/2015 22:00","BZN|DK1","2474.53","2506.10"
"01/04/2015 22:00 - 01/04/2015 23:00","BZN|DK1","2277.84","2328.00"
"01/04/2015 23:00 - 02/04/2015 00:00","BZN|DK1","2077.68","2116.40"
"02/04/2015 00:00 - 02/04/2015 01:00","BZN|DK1","1944.90","1911.10"
"02/04/2015 01:00 - 02/04/2015 02:00","BZN|DK1","1838.55","1818.50"
"02/04/2015 02:00 - 02/04/2015 03:00","BZN|DK1","1815.61","1789.90"
"02/04/2015 03:00 - 02/04/2015 04:00","BZN|DK1","1787.59","1782.50"
"02/04/2015 04:00 - 02/04/2015 05:00","BZN|DK1","1797.47","1784.40"
"02/04/2015 05:00 - 02/04/2015 06:00","BZN|DK1","1856.01","1833.30"
"02/04/2015 06:00 - 02/04/2015 07:00","BZN|DK1","1923.57","1911.60"
"02/04/2015 07:00 - 02/04/2015 08:00","BZN|DK1","2030.48","2021.70"
"02/04/2015 08:00 - 02/04/2015 09:00","BZN|DK1","2189.47","2208.10"
"02/04/2015 09:00 - 02/04/2015 10:00","BZN|DK1","2308.07","2305.30"
"02/04/2015 10:00 - 02/04/2015 11:00","BZN|DK1","2421.92","2429.70"
"02/04/2015 11:00 - 02/04/2015 12:00","BZN|DK1","2394.87","2421.50"
"02/04/2015 12:00 - 02/04/2015 13:00","BZN|DK1","2342.71","2353.10"
"02/04/2015 13:00 - 02/04/2015 14:00","BZN|DK1","2285.80","2301.70"
"02/04/2015 14:00 - 02/04/2015 15:00","BZN|DK1","2238.98","2252.40"
"02/04/2015 15:00 - 02/04/2015 16:00","BZN|DK1","2225.25","2213.40"
"02/04/2015 16:00 - 02/04/2015 17:00","BZN|DK1","2263.06","2244.10"
"02/04/2015 17:00 - 02/04/2015 18:00","BZN|DK1","2371.80","2380.40"
"02/04/2015 18:00 - 02/04/2015 19:00","BZN|DK1","2353.43","2383.60"
"02/04/2015 19:00 - 02/04/2015 20:00","BZN|DK1","2197.90","2243.90"
"02/04/2015 20:00 - 02/04/2015 21:00","BZN|DK1","2188.06","2180.10"
"02/04/2015 21:00 - 02/04/2015 22:00","BZN|DK1","2109.55","2130.30"
"02/04/2015 22:00 - 02/04/2015 23:00","BZN|DK1","1998.59","1997.30"
"02/04/2015 23:00 - 03/04/2015 00:00","BZN|DK1","1864.09","1845.80"
"03/04/2015 00:00 - 03/04/2015 01:00","BZN|DK1","1766.55","1742.50"
"03/04/2015 01:00 - 03/04/2015 02:00","BZN|DK1","1736.61","1701.70"
"03/04/2015 02:00 - 03/04/2015 03:00","BZN|DK1","1716.09","1699.80"
"03/04/2015 03:00 - 03/04/2015 04:00","BZN|DK1","1734.95","1688.00"
"03/04/2015 04:00 - 03/04/2015 05:00","BZN|DK1","1747.82","1717.70"
"03/04/2015 05:00 - 03/04/2015 06:00","BZN|DK1","1800.91","1799.00"
"03/04/2015 06:00 - 03/04/2015 07:00","BZN|DK1","1873.78","1854.50"
"03/04/2015 07:00 - 03/04/2015 08:00","BZN|DK1","1987.77","1982.80"
"03/04/2015 08:00 - 03/04/2015 09:00","BZN|DK1","2115.43","2143.80"
"03/04/2015 09:00 - 03/04/2015 10:00","BZN|DK1","2242.12","2242.70"
"03/04/2015 10:00 - 03/04/2015 11:00","BZN|DK1","2299.44","2279.70"
"03/04/2015 11:00 - 03/04/2015 12:00","BZN|DK1","2269.53","2264.20"
"03/04/2015 12:00 - 03/04/2015 13:00","BZN|DK1","2188.73","2197.50"
"03/04/2015 13:00 - 03/04/2015 14:00","BZN|DK1","2107.37","2115.70"
"03/04/2015 14:00 - 03/04/2015 15:00","BZN|DK1","2046.63","2058.00"
"03/04/2015 15:00 - 03/04/2015 16:00","BZN|DK1","2027.60","2030.50"
"03/04/2015 16:00 - 03/04/2015 17:00","BZN|DK1","2040.41","2060.70"
"03/04/2015 17:00 - 03/04/2015 18:00","BZN|DK1","2183.36","2221.80"
"03/04/2015 18:00 - 03/04/2015 19:00","BZN|DK1","2212.01","2205.30"
"03/04/2015 19:00 - 03/04/2015 20:00","BZN|DK1","2114.71","2132.50"
"03/04/2015 20:00 - 03/04/2015 21:00","BZN|DK1","2127.39","2102.10"
"03/04/2015 21:00 - 03/04/2015 22:00","BZN|DK1","2075.65","2113.80"
"03/04/2015 22:00 - 03/04/2015 23:00","BZN|DK1","1949.25","1982.10"
"03/04/2015 23:00 - 04/04/2015 00:00","BZN|DK1","1817.05","1827.30"
"04/04/2015 00:00 - 04/04/2015 01:00","BZN|DK1","1708.84","1672.00"
"04/04/2015 01:00 - 04/04/2015 02:00","BZN|DK1","1649.54","1639.20"
"04/04/2015 02:00 - 04/04/2015 03:00","BZN|DK1","1617.69","1618.50"
"04/04/2015 03:00 - 04/04/2015 04:00","BZN|DK1","1606.76","1606.10"
"04/04/2015 04:00 - 04/04/2015 05:00","BZN|DK1","1620.71","1614.10"
"04/04/2015 05:00 - 04/04/2015 06:00","BZN|DK1","1708.14","1683.90"
"04/04/2015 06:00 - 04/04/2015 07:00","BZN|DK1","1789.51","1794.20"
"04/04/2015 07:00 - 04/04/2015 08:00","BZN|DK1","1914.38","1921.90"
"04/04/2015 08:00 - 04/04/2015 09:00","BZN|DK1","2066.25","2085.00"
"04/04/2015 09:00 - 04/04/2015 10:00","BZN|DK1","2144.33","2173.90"
"04/04/2015 10:00 - 04/04/2015 11:00","BZN|DK1","2156.29","2175.30"
"04/04/2015 11:00 - 04/04/2015 12:00","BZN|DK1","2106.80","2131.50"
"04/04/2015 12:00 - 04/04/2015 13:00","BZN|DK1","2048.14","2057.10"
"04/04/2015 13:00 - 04/04/2015 14:00","BZN|DK1","1993.17","2007.00"
"04/04/2015 14:00 - 04/04/2015 15:00","BZN|DK1","1949.36","1962.20"
"04/04/2015 15:00 - 04/04/2015 16:00","BZN|DK1","1931.82","1937.20"
"04/04/2015 16:00 - 04/04/2015 17:00","BZN|DK1","1983.08","1985.50"
"04/04/2015 17:00 - 04/04/2015 18:00","BZN|DK1","2166.55","2141.30"
"04/04/2015 18:00 - 04/04/2015 19:00","BZN|DK1","2180.71","2171.80"
"04/04/2015 19:00 - 04/04/2015 20:00","BZN|DK1","2061.11","2081.40"
"04/04/2015 20:00 - 04/04/2015 21:00","BZN|DK1","2075.85","2043.00"
"04/04/2015 21:00 - 04/04/2015 22:00","BZN|DK1","2022.94","2056.30"
"04/04/2015 22:00 - 04/04/2015 23:00","BZN|DK1","1896.97","1928.50"
"04/04/2015 23:00 - 05/04/2015 00:00","BZN|DK1","1765.92","1773.60"
"05/04/2015 00:00 - 05/04/2015 01:00","BZN|DK1","1669.85","1660.50"
"05/04/2015 01:00 - 05/04/2015 02:00","BZN|DK1","1600.32","1599.40"
"05/04/2015 02:00 - 05/04/2015 03:00","BZN|DK1","1551.36","1558.50"
"05/04/2015 03:00 - 05/04/2015 04:00","BZN|DK1","1549.05","1543.70"
"05/04/2015 04:00 - 05/04/2015 05:00","BZN|DK1","1591.86","1581.60"
"05/04/2015 05:00 - 05/04/2015 06:00","BZN|DK1","1650.86","1622.50"
"05/04/2015 06:00 - 05/04/2015 07:00","BZN|DK1","1715.26","1701.00"
"05/04/2015 07:00 - 05/04/2015 08:00","BZN|DK1","1819.36","1822.90"
"05/04/2015 08:00 - 05/04/2015 09:00","BZN|DK1","1952.47","1969.60"
"05/04/2015 09:00 - 05/04/2015 10:00","BZN|DK1","2034.21","2046.20"
"05/04/2015 10:00 - 05/04/2015 11:00","BZN|DK1","2068.95","2068.90"
"05/04/2015 11:00 - 05/04/2015 12:00","BZN|DK1","2038.67","2048.50"
"05/04/2015 12:00 - 05/04/2015 13:00","BZN|DK1","1977.24","1976.50"
"05/04/2015 13:00 - 05/04/2015 14:00","BZN|DK1","1919.23","1905.20"
"05/04/2015 14:00 - 05/04/2015 15:00","BZN|DK1","1910.81","1893.40"
"05/04/2015 15:00 - 05/04/2015 16:00","BZN|DK1","1905.71","1900.70"
"05/04/2015 16:00 - 05/04/2015 17:00","BZN|DK1","1937.72","1947.30"
"05/04/2015 17:00 - 05/04/2015 18:00","BZN|DK1","2104.08","2091.40"
"05/04/2015 18:00 - 05/04/2015 19:00","BZN|DK1","2126.54","2113.70"
"05/04/2015 19:00 - 05/04/2015 20:00","BZN|DK1","2062.71","2045.20"
"05/04/2015 20:00 - 05/04/2015 21:00","BZN|DK1","2054.32","2053.30"
"05/04/2015 21:00 - 05/04/2015 22:00","BZN|DK1","1999.02","2058.50"
"05/04/2015 22:00 - 05/04/2015 23:00","BZN|DK1","1869.97","1925.50"
"05/04/2015 23:00 - 06/04/2015 00:00","BZN|DK1","1742.99","1767.10"
"06/04/2015 00:00 - 06/04/2015 01:00","BZN|DK1","1626.07","1622.90"
"06/04/2015 01:00 - 06/04/2015 02:00","BZN|DK1","1559.76","1556.60"
"06/04/2015 02:00 - 06/04/2015 03:00","BZN|DK1","1549.06","1545.20"
"06/04/2015 03:00 - 06/04/2015 04:00","BZN|DK1","1564.50","1544.80"
"06/04/2015 04:00 - 06/04/2015 05:00","BZN|DK1","1590.66","1590.70"
"06/04/2015 05:00 - 06/04/2015 06:00","BZN|DK1","1650.86","1647.90"
"06/04/2015 06:00 - 06/04/2015 07:00","BZN|DK1","1746.22","1740.50"
"06/04/2015 07:00 - 06/04/2015 08:00","BZN|DK1","1861.95","1855.80"
"06/04/2015 08:00 - 06/04/2015 09:00","BZN|DK1","2019.41","2040.70"
"06/04/2015 09:00 - 06/04/2015 10:00","BZN|DK1","2118.73","2167.10"
"06/04/2015 10:00 - 06/04/2015 11:00","BZN|DK1","2153.58","2165.10"
"06/04/2015 11:00 - 06/04/2015 12:00","BZN|DK1","2133.21","2158.30"
"06/04/2015 12:00 - 06/04/2015 13:00","BZN|DK1","2066.46","2079.10"
"06/04/2015 13:00 - 06/04/2015 14:00","BZN|DK1","2002.44","2025.80"
"06/04/2015 14:00 - 06/04/2015 15:00","BZN|DK1","1935.29","1982.30"
"06/04/2015 15:00 - 06/04/2015 16:00","BZN|DK1","1892.63","1913.90"
"06/04/2015 16:00 - 06/04/2015 17:00","BZN|DK1","1939.46","1945.70"
"06/04/2015 17:00 - 06/04/2015 18:00","BZN|DK1","2152.01","2152.20"
"06/04/2015 18:00 - 06/04/2015 19:00","BZN|DK1","2185.33","2175.10"
"06/04/2015 19:00 - 06/04/2015 20:00","BZN|DK1","2101.62","2098.70"
"06/04/2015 20:00 - 06/04/2015 21:00","BZN|DK1","2115.06","2103.40"
"06/04/2015 21:00 - 06/04/2015 22:00","BZN|DK1","2066.49","2084.00"
"06/04/2015 22:00 - 06/04/2015 23:00","BZN|DK1","1881.87","1931.00"
"06/04/2015 23:00 - 07/04/2015 00:00","BZN|DK1","1758.18","1770.70"
"07/04/2015 00:00 - 07/04/2015 01:00","BZN|DK1","1703.15","1702.60"
"07/04/2015 01:00 - 07/04/2015 02:00","BZN|DK1","1675.38","1673.30"
"07/04/2015 02:00 - 07/04/2015 03:00","BZN|DK1","1636.91","1662.80"
"07/04/2015 03:00 - 07/04/2015 04:00","BZN|DK1","1659.17","1661.80"
"07/04/2015 04:00 - 07/04/2015 05:00","BZN|DK1","1744.73","1750.60"
"07/04/2015 05:00 - 07/04/2015 06:00","BZN|DK1","1903.46","1939.70"
"07/04/2015 06:00 - 07/04/2015 07:00","BZN|DK1","2340.71","2309.00"
"07/04/2015 07:00 - 07/04/2015 08:00","BZN|DK1","2757.89","2734.60"
"07/04/2015 08:00 - 07/04/2015 09:00","BZN|DK1","2911.75","2884.70"
"07/04/2015 09:00 - 07/04/2015 10:00","BZN|DK1","2931.94","2919.30"
"07/04/2015 10:00 - 07/04/2015 11:00","BZN|DK1","3000.69","3018.20"
"07/04/2015 11:00 - 07/04/2015 12:00","BZN|DK1","2989.34","2980.80"
"07/04/2015 12:00 - 07/04/2015 13:00","BZN|DK1","2880.22","2889.50"
"07/04/2015 13:00 - 07/04/2015 14:00","BZN|DK1","2909.18","2907.30"
"07/04/2015 14:00 - 07/04/2015 15:00","BZN|DK1","2830.88","2852.10"
"07/04/2015 15:00 - 07/04/2015 16:00","BZN|DK1","2705.16","2670.80"
"07/04/2015 16:00 - 07/04/2015 17:00","BZN|DK1","2642.69","2625.60"
"07/04/2015 17:00 - 07/04/2015 18:00","BZN|DK1","2782.35","2766.20"
"07/04/2015 18:00 - 07/04/2015 19:00","BZN|DK1","2694.72","2697.40"
"07/04/2015 19:00 - 07/04/2015 20:00","BZN|DK1","2541.05","2563.70"
"07/04/2015 20:00 - 07/04/2015 21:00","BZN|DK1","2517.17","2520.50"
"07/04/2015 21:00 - 07/04/2015 22:00","BZN|DK1","2444.18","2458.50"
"07/04/2015 22:00 - 07/04/2015 23:00","BZN|DK1","2238.75","2266.00"
"07/04/2015 23:00 - 08/04/2015 00:00","BZN|DK1","2002.59","2039.00"
"08/04/2015 00:00 - 08/04/2015 01:00","BZN|DK1","1888.19","1841.40"
"08/04/2015 01:00 - 08/04/2015 02:00","BZN|DK1","1819.79","1829.50"
"08/04/2015 02:00 - 08/04/2015 03:00","BZN|DK1","1816.95","1810.40"
"08/04/2015 03:00 - 08/04/2015 04:00","BZN|DK1","1826.97","1813.50"
"08/04/2015 04:00 - 08/04/2015 05:00","BZN|DK1","1865.16","1853.40"
"08/04/2015 05:00 - 08/04/2015 06:00","BZN|DK1","1988.87","1993.30"
"08/04/2015 06:00 - 08/04/2015 07:00","BZN|DK1","2395.49","2404.50"
"08/04/2015 07:00 - 08/04/2015 08:00","BZN|DK1","2726.56","2751.10"
"08/04/2015 08:00 - 08/04/2015 09:00","BZN|DK1","2883.11","2879.50"
"08/04/2015 09:00 - 08/04/2015 10:00","BZN|DK1","2965.39","2925.60"
"08/04/2015 10:00 - 08/04/2015 11:00","BZN|DK1","2951.78","3020.70"
"08/04/2015 11:00 - 08/04/2015 12:00","BZN|DK1","2868.15","2917.80"
"08/04/2015 12:00 - 08/04/2015 13:00","BZN|DK1","2779.12","2776.60"
"08/04/2015 13:00 - 08/04/2015 14:00","BZN|DK1","2788.68","2785.50"
"08/04/2015 14:00 - 08/04/2015 15:00","BZN|DK1","2679.92","2717.60"
"08/04/2015 15:00 - 08/04/2015 16:00","BZN|DK1","2519.65","2531.30"
"08/04/2015 16:00 - 08/04/2015 17:00","BZN|DK1","2463.11","2461.10"
"08/04/2015 17:00 - 08/04/2015 18:00","BZN|DK1","2638.45","2611.80"
"08/04/2015 18:00 - 08/04/2015 19:00","BZN|DK1","2540.31","2548.60"
"08/04/2015 19:00 - 08/04/2015 20:00","BZN|DK1","2435.36","2422.90"
"08/04/2015 20:00 - 08/04/2015 21:00","BZN|DK1","2438.12","2399.80"
"08/04/2015 21:00 - 08/04/2015 22:00","BZN|DK1","2372.60","2342.60"
"08/04/2015 22:00 - 08/04/2015 23:00","BZN|DK1","2173.68","2146.80"
"08/04/2015 23:00 - 09/04/2015 00:00","BZN|DK1","1977.09","1938.90"
"09/04/2015 00:00 - 09/04/2015 01:00","BZN|DK1","1830.30","1813.40"
"09/04/2015 01:00 - 09/04/2015 02:00","BZN|DK1","1753.85","1763.70"
"09/04/2015 02:00 - 09/04/2015 03:00","BZN|DK1","1725.13","1746.90"
"09/04/2015 03:00 - 09/04/2015 04:00","BZN|DK1","1735.02","1740.30"
"09/04/2015 04:00 - 09/04/2015 05:00","BZN|DK1","1801.17","1793.00"
"09/04/2015 05:00 - 09/04/2015 06:00","BZN|DK1","1947.83","1956.40"
"09/04/2015 06:00 - 09/04/2015 07:00","BZN|DK1","2312.64","2307.80"
"09/04/2015 07:00 - 09/04/2015 08:00","BZN|DK1","2693.50","2688.20"
"09/04/2015 08:00 - 09/04/2015 09:00","BZN|DK1","2841.08","2839.20"
"09/04/2015 09:00 - 09/04/2015 10:00","BZN|DK1","2826.39","2835.50"
"09/04/2015 10:00 - 09/04/2015 11:00","BZN|DK1","2869.94","2868.40"
"09/04/2015 11:00 - 09/04/2015 12:00","BZN|DK1","2836.24","2838.10"
"09/04/2015 12:00 - 09/04/2015 13:00","BZN|DK1","2740.90","2741.30"
"09/04/2015 13:00 - 09/04/2015 14:00","BZN|DK1","2758.19","2761.90"
"09/04/2015 14:00 - 09/04/2015 15:00","BZN|DK1","2687.58","2669.30"
"09/04/2015 15:00 - 09/04/2015 16:00","BZN|DK1","2554.98","2557.40"
"09/04/2015 16:00 - 09/04/2015 17:00","BZN|DK1","2493.01","2489.30"
"09/04/2015 17:00 - 09/04/2015 18:00","BZN|DK1","2607.83","2599.80"
"09/04/2015 18:00 - 09/04/2015 19:00","BZN|DK1","2557.84","2540.00"
"09/04/2015 19:00 - 09/04/2015 20:00","BZN|DK1","2441.53","2431.50"
"09/04/2015 20:00 - 09/04/2015 21:00","BZN|DK1","2409.70","2406.60"
"09/04/2015 21:00 - 09/04/2015 22:00","BZN|DK1","2375.21","2352.70"
"09/04/2015 22:00 - 09/04/2015 23:00","BZN|DK1","2160.18","2161.00"
"09/04/2015 23:00 - 10/04/2015 00:00","BZN|DK1","1949.53","1945.80"
"10/04/2015 00:00 - 10/04/2015 01:00","BZN|DK1","1796.58","1819.80"
"10/04/2015 01:00 - 10/04/2015 02:00","BZN|DK1","1737.92","1738.00"
"10/04/2015 02:00 - 10/04/2015 03:00","BZN|DK1","1721.08","1723.50"
"10/04/2015 03:00 - 10/04/2015 04:00","BZN|DK1","1727.96","1731.20"
"10/04/2015 04:00 - 10/04/2015 05:00","BZN|DK1","1779.88","1785.70"
"10/04/2015 05:00 - 10/04/2015 06:00","BZN|DK1","1947.23","1954.50"
"10/04/2015 06:00 - 10/04/2015 07:00","BZN|DK1","2308.30","2286.10"
"10/04/2015 07:00 - 10/04/2015 08:00","BZN|DK1","2685.05","2658.80"
"10/04/2015 08:00 - 10/04/2015 09:00","BZN|DK1","2787.37","2815.20"
"10/04/2015 09:00 - 10/04/2015 10:00","BZN|DK1","2813.17","2795.40"
"10/04/2015 10:00 - 10/04/2015 11:00","BZN|DK1","2860.28","2842.50"
"10/04/2015 11:00 - 10/04/2015 12:00","BZN|DK1","2797.01","2805.80"
"10/04/2015 12:00 - 10/04/2015 13:00","BZN|DK1","2662.08","2670.50"
"10/04/2015 13:00 - 10/04/2015 14:00","BZN|DK1","2545.52","2551.30"
"10/04/2015 14:00 - 10/04/2015 15:00","BZN|DK1","2401.25","2406.50"
"10/04/2015 15:00 - 10/04/2015 16:00","BZN|DK1","2290.15","2286.90"
"10/04/2015 16:00 - 10/04/2015 17:00","BZN|DK1","2268.95","2271.20"
"10/04/2015 17:00 - 10/04/2015 18:00","BZN|DK1","2384.17","2370.90"
"10/04/2015 18:00 - 10/04/2015 19:00","BZN|DK1","2363.82","2349.40"
"10/04/2015 19:00 - 10/04/2015 20:00","BZN|DK1","2220.34","2221.00"
"10/04/2015 20:00 - 10/04/2015 21:00","BZN|DK1","2183.25","2183.30"
"10/04/2015 21:00 - 10/04/2015 22:00","BZN|DK1","2123.33","2182.30"
"10/04/2015 22:00 - 10/04/2015 23:00","BZN|DK1","1968.30","2059.60"
"10/04/2015 23:00 - 11/04/2015 00:00","BZN|DK1","1800.36","1886.10"
"11/04/2015 00:00 - 11/04/2015 01:00","BZN|DK1","1681.92","1646.00"
"11/04/2015 01:00 - 11/04/2015 02:00","BZN|DK1","1617.91","1586.50"
"11/04/2015 02:00 - 11/04/2015 03:00","BZN|DK1","1590.65","1577.00"
"11/04/2015 03:00 - 11/04/2015 04:00","BZN|DK1","1570.50","1570.20"
"11/04/2015 04:00 - 11/04/2015 05:00","BZN|DK1","1579.39","1580.70"
"11/04/2015 05:00 - 11/04/2015 06:00","BZN|DK1","1627.05","1626.00"
"11/04/2015 06:00 - 11/04/2015 07:00","BZN|DK1","1698.43","1700.20"
"11/04/2015 07:00 - 11/04/2015 08:00","BZN|DK1","1866.02","1867.00"
"11/04/2015 08:00 - 11/04/2015 09:00","BZN|DK1","2038.96","2037.20"
"11/04/2015 09:00 - 11/04/2015 10:00","BZN|DK1","2122.48","2132.50"
"11/04/2015 10:00 - 11/04/2015 11:00","BZN|DK1","2136.56","2161.70"
"11/04/2015 11:00 - 11/04/2015 12:00","BZN|DK1","2101.77","2133.50"
"11/04/2015 12:00 - 11/04/2015 13:00","BZN|DK1","2086.98","2057.40"
"11/04/2015 13:00 - 11/04/2015 14:00","BZN|DK1","2036.39","2037.00"
"11/04/2015 14:00 - 11/04/2015 15:00","BZN|DK1","2037.89","2013.40"
"11/04/2015 15:00 - 11/04/2015 16:00","BZN|DK1","2029.19","2019.50"
"11/04/2015 16:00 - 11/04/2015 17:00","BZN|DK1","2084.76","2052.10"
"11/04/2015 17:00 - 11/04/2015 18:00","BZN|DK1","2329.49","2249.50"
"11/04/2015 18:00 - 11/04/2015 19:00","BZN|DK1","2428.57","2434.00"
"11/04/2015 19:00 - 11/04/2015 20:00","BZN|DK1","2296.38","2302.10"
"11/04/2015 20:00 - 11/04/2015 21:00","BZN|DK1","2182.85","2193.20"
"11/04/2015 21:00 - 11/04/2015 22:00","BZN|DK1","2109.23","2124.00"
"11/04/2015 22:00 - 11/04/2015 23:00","BZN|DK1","2036.25","1979.80"
"11/04/2015 23:00 - 12/04/2015 00:00","BZN|DK1","1882.18","1774.10"
"12/04/2015 00:00 - 12/04/2015 01:00","BZN|DK1","1751.50","1730.80"
"12/04/2015 01:00 - 12/04/2015 02:00","BZN|DK1","1664.17","1657.00"
"12/04/2015 02:00 - 12/04/2015 03:00","BZN|DK1","1656.14","1618.20"
"12/04/2015 03:00 - 12/04/2015 04:00","BZN|DK1","1634.29","1629.80"
"12/04/2015 04:00 - 12/04/2015 05:00","BZN|DK1","1666.19","1640.90"
"12/04/2015 05:00 - 12/04/2015 06:00","BZN|DK1","1693.43","1696.50"
"12/04/2015 06:00 - 12/04/2015 07:00","BZN|DK1","1744.84","1725.50"
"12/04/2015 07:00 - 12/04/2015 08:00","BZN|DK1","1875.85","1882.60"
"12/04/2015 08:00 - 12/04/2015 09:00","BZN|DK1","2053.74","2037.70"
"12/04/2015 09:00 - 12/04/2015 10:00","BZN|DK1","2183.58","2175.60"
"12/04/2015 10:00 - 12/04/2015 11:00","BZN|DK1","2215.27","2216.30"
"12/04/2015 11:00 - 12/04/2015 12:00","BZN|DK1","2227.92","2215.90"
"12/04/2015 12:00 - 12/04/2015 13:00","BZN|DK1","2100.44","2135.70"
"12/04/2015 13:00 - 12/04/2015 14:00","BZN|DK1","2075.01","2086.40"
"12/04/2015 14:00 - 12/04/2015 15:00","BZN|DK1","2083.34","2060.50"
"12/04/2015 15:00 - 12/04/2015 16:00","BZN|DK1","2103.05","2098.20"
"12/04/2015 16:00 - 12/04/2015 17:00","BZN|DK1","2169.86","2153.30"
"12/04/2015 17:00 - 12/04/2015 18:00","BZN|DK1","2439.49","2443.90"
"12/04/2015 18:00 - 12/04/2015 19:00","BZN|DK1","2447.38","2453.90"
"12/04/2015 19:00 - 12/04/2015 20:00","BZN|DK1","2319.10","2281.00"
"12/04/2015 20:00 - 12/04/2015 21:00","BZN|DK1","2272.46","2289.10"
"12/04/2015 21:00 - 12/04/2015 22:00","BZN|DK1","2219.16","2266.50"
"12/04/2015 22:00 - 12/04/2015 23:00","BZN|DK1","2055.93","2098.10"
"12/04/2015 23:00 - 13/04/2015 00:00","BZN|DK1","1939.78","1938.60"
"13/04/2015 00:00 - 13/04/2015 01:00","BZN|DK1","1838.10","1781.20"
"13/04/2015 01:00 - 13/04/2015 02:00","BZN|DK1","1795.23","1790.30"
"13/04/2015 02:00 - 13/04/2015 03:00","BZN|DK1","1799.52","1756.80"
"13/04/2015 03:00 - 13/04/2015 04:00","BZN|DK1","1806.21","1790.60"
"13/04/2015 04:00 - 13/04/2015 05:00","BZN|DK1","1876.83","1864.30"
"13/04/2015 05:00 - 13/04/2015 06:00","BZN|DK1","2065.58","2045.90"
"13/04/2015 06:00 - 13/04/2015 07:00","BZN|DK1","2397.97","2371.70"
"13/04/2015 07:00 - 13/04/2015 08:00","BZN|DK1","2749.84","2734.80"
"13/04/2015 08:00 - 13/04/2015 09:00","BZN|DK1","2889.71","2879.50"
"13/04/2015 09:00 - 13/04/2015 10:00","BZN|DK1","2899.38","2891.30"
"13/04/2015 10:00 - 13/04/2015 11:00","BZN|DK1","2969.01","2950.90"
"13/04/2015 11:00 - 13/04/2015 12:00","BZN|DK1","2918.30","2936.70"
"13/04/2015 12:00 - 13/04/2015 13:00","BZN|DK1","2891.38","2850.30"
"13/04/2015 13:00 - 13/04/2015 14:00","BZN|DK1","2990.19","2909.70"
"13/04/2015 14:00 - 13/04/2015 15:00","BZN|DK1","2835.93","2811.10"
"13/04/2015 15:00 - 13/04/2015 16:00","BZN|DK1","2680.94","2660.00"
"13/04/2015 16:00 - 13/04/2015 17:00","BZN|DK1","2637.23","2630.80"
"13/04/2015 17:00 - 13/04/2015 18:00","BZN|DK1","2714.95","2740.30"
"13/04/2015 18:00 - 13/04/2015 19:00","BZN|DK1","2598.44","2614.00"
"13/04/2015 19:00 - 13/04/2015 20:00","BZN|DK1","2486.67","2516.70"
"13/04/2015 20:00 - 13/04/2015 21:00","BZN|DK1","2422.63","2455.40"
"13/04/2015 21:00 - 13/04/2015 22:00","BZN|DK1","2356.01","2425.10"
"13/04/2015 22:00 - 13/04/2015 23:00","BZN|DK1","2156.27","2247.20"
"13/04/2015 23:00 - 14/04/2015 00:00","BZN|DK1","1935.73","2027.50"
"14/04/2015 00:00 - 14/04/2015 01:00","BZN|DK1","1811.78","1819.40"
"14/04/2015 01:00 - 14/04/2015 02:00","BZN|DK1","1789.32","1767.80"
"14/04/2015 02:00 - 14/04/2015 03:00","BZN|DK1","1749.76","1747.80"
"14/04/2015 03:00 - 14/04/2015 04:00","BZN|DK1","1766.31","1761.10"
"14/04/2015 04:00 - 14/04/2015 05:00","BZN|DK1","1784.89","1801.00"
"14/04/2015 05:00 - 14/04/2015 06:00","BZN|DK1","1976.86","1967.80"
"14/04/2015 06:00 - 14/04/2015 07:00","BZN|DK1","2335.54","2335.30"
"14/04/2015 07:00 - 14/04/2015 08:00","BZN|DK1","2741.51","2731.60"
"14/04/2015 08:00 - 14/04/2015 09:00","BZN|DK1","2954.76","2905.80"
"14/04/2015 09:00 - 14/04/2015 10:00","BZN|DK1","2990.69","2966.70"
"14/04/2015 10:00 - 14/04/2015 11:00","BZN|DK1","3070.68","3027.90"
"14/04/2015 11:00 - 14/04/2015 12:00","BZN|DK1","3061.38","3043.90"
"14/04/2015 12:00 - 14/04/2015 13:00","BZN|DK1","3020.34","2970.10"
"14/04/2015 13:00 - 14/04/2015 14:00","BZN|DK1","3018.49","3015.20"
"14/04/2015 14:00 - 14/04/2015 15:00","BZN|DK1","2996.52","2933.50"
"14/04/2015 15:00 - 14/04/2015 16:00","BZN|DK1","2833.60","2813.40"
"14/04/2015 16:00 - 14/04/2015 17:00","BZN|DK1","2770.28","2767.10"
"14/04/2015 17:00 - 14/04/2015 18:00","BZN|DK1","2849.98","2861.90"
"14/04/2015 18:00 - 14/04/2015 19:00","BZN|DK1","2746.86","2739.70"
"14/04/2015 19:00 - 14/04/2015 20:00","BZN|DK1","2584.42","2602.90"
"14/04/2015 20:00 - 14/04/2015 21:00","BZN|DK1","2509.94","2531.00"
"14/04/2015 21:00 - 14/04/2015 22:00","BZN|DK1","2398.48","2455.30"
"14/04/2015 22:00 - 14/04/2015 23:00","BZN|DK1","2210.94","2270.60"
"14/04/2015 23:00 - 15/04/2015 00:00","BZN|DK1","1989.21","2033.50"
"15/04/2015 00:00 - 15/04/2015 01:00","BZN|DK1","1894.69","1878.40"
"15/04/2015 01:00 - 15/04/2015 02:00","BZN|DK1","1816.22","1811.40"
"15/04/2015 02:00 - 15/04/2015 03:00","BZN|DK1","1767.06","1785.70"
"15/04/2015 03:00 - 15/04/2015 04:00","BZN|DK1","1745.53","1769.40"
"15/04/2015 04:00 - 15/04/2015 05:00","BZN|DK1","1784.29","1804.00"
"15/04/2015 05:00 - 15/04/2015 06:00","BZN|DK1","1930.89","1936.80"
"15/04/2015 06:00 - 15/04/2015 07:00","BZN|DK1","2304.41","2313.60"
"15/04/2015 07:00 - 15/04/2015 08:00","BZN|DK1","2709.15","2708.00"
"15/04/2015 08:00 - 15/04/2015 09:00","BZN|DK1","2882.57","2864.40"
"15/04/2015 09:00 - 15/04/2015 10:00","BZN|DK1","2893.95","2894.80"
"15/04/2015 10:00 - 15/04/2015 11:00","BZN|DK1","2954.58","2958.90"
"15/04/2015 11:00 - 15/04/2015 12:00","BZN|DK1","2930.64","2934.00"
"15/04/2015 12:00 - 15/04/2015 13:00","BZN|DK1","2928.15","2870.60"
"15/04/2015 13:00 - 15/04/2015 14:00","BZN|DK1","2955.14","2922.20"
"15/04/2015 14:00 - 15/04/2015 15:00","BZN|DK1","2903.35","2880.90"
"15/04/2015 15:00 - 15/04/2015 16:00","BZN|DK1","2808.69","2774.30"
"15/04/2015 16:00 - 15/04/2015 17:00","BZN|DK1","2781.79","2766.70"
"15/04/2015 17:00 - 15/04/2015 18:00","BZN|DK1","2946.66","2907.50"
"15/04/2015 18:00 - 15/04/2015 19:00","BZN|DK1","2778.72","2807.30"
"15/04/2015 19:00 - 15/04/2015 20:00","BZN|DK1","2598.13","2619.50"
"15/04/2015 20:00 - 15/04/2015 21:00","BZN|DK1","2453.43","2484.10"
"15/04/2015 21:00 - 15/04/2015 22:00","BZN|DK1","2453.91","2388.80"
"15/04/2015 22:00 - 15/04/2015 23:00","BZN|DK1","2264.47","2186.20"
"15/04/2015 23:00 - 16/04/2015 00:00","BZN|DK1","2030.21","1952.20"
"16/04/2015 00:00 - 16/04/2015 01:00","BZN|DK1","1887.35","1860.40"
"16/04/2015 01:00 - 16/04/2015 02:00","BZN|DK1","1821.07","1788.60"
"16/04/2015 02:00 - 16/04/2015 03:00","BZN|DK1","1785.78","1784.20"
"16/04/2015 03:00 - 16/04/2015 04:00","BZN|DK1","1786.85","1795.60"
"16/04/2015 04:00 - 16/04/2015 05:00","BZN|DK1","1837.38","1831.70"
"16/04/2015 05:00 - 16/04/2015 06:00","BZN|DK1","1987.18","1971.80"
"16/04/2015 06:00 - 16/04/2015 07:00","BZN|DK1","2336.70","2345.10"
"16/04/2015 07:00 - 16/04/2015 08:00","BZN|DK1","2699.09","2729.00"
"16/04/2015 08:00 - 16/04/2015 09:00","BZN|DK1","2860.73","2854.20"
"16/04/2015 09:00 - 16/04/2015 10:00","BZN|DK1","2880.25","2886.00"
"16/04/2015 10:00 - 16/04/2015 11:00","BZN|DK1","2919.10","2953.00"
"16/04/2015 11:00 - 16/04/2015 12:00","BZN|DK1","2895.31","2924.60"
"16/04/2015 12:00 - 16/04/2015 13:00","BZN|DK1","2800.89","2810.50"
"16/04/2015 13:00 - 16/04/2015 14:00","BZN|DK1","2803.25","2818.80"
"16/04/2015 14:00 - 16/04/2015 15:00","BZN|DK1","2739.12","2734.80"
"16/04/2015 15:00 - 16/04/2015 16:00","BZN|DK1","2615.18","2610.00"
"16/04/2015 16:00 - 16/04/2015 17:00","BZN|DK1","2584.66","2573.80"
"16/04/2015 17:00 - 16/04/2015 18:00","BZN|DK1","2687.04","2703.80"
"16/04/2015 18:00 - 16/04/2015 19:00","BZN|DK1","2609.88","2596.50"
"16/04/2015 19:00 - 16/04/2015 20:00","BZN|DK1","2429.74","2462.80"
"16/04/2015 20:00 - 16/04/2015 21:00","BZN|DK1","2366.90","2352.00"
"16/04/2015 21:00 - 16/04/2015 22:00","BZN|DK1","2322.76","2356.40"
"16/04/2015 22:00 - 16/04/2015 23:00","BZN|DK1","2104.35","2167.60"
"16/04/2015 23:00 - 17/04/2015 00:00","BZN|DK1","1876.06","1948.10"
"17/04/2015 00:00 - 17/04/2015 01:00","BZN|DK1","1744.71","1738.50"
"17/04/2015 01:00 - 17/04/2015 02:00","BZN|DK1","1717.00","1691.80"
"17/04/2015 02:00 - 17/04/2015 03:00","BZN|DK1","1705.47","1707.90"
"17/04/2015 03:00 - 17/04/2015 04:00","BZN|DK1","1715.19","1723.10"
"17/04/2015 04:00 - 17/04/2015 05:00","BZN|DK1","1761.02","1775.10"
"17/04/2015 05:00 - 17/04/2015 06:00","BZN|DK1","1932.38","1924.00"
"17/04/2015 06:00 - 17/04/2015 07:00","BZN|DK1","2260.94","2258.80"
"17/04/2015 07:00 - 17/04/2015 08:00","BZN|DK1","2621.59","2636.70"
"17/04/2015 08:00 - 17/04/2015 09:00","BZN|DK1","2775.77","2775.70"
"17/04/2015 09:00 - 17/04/2015 10:00","BZN|DK1","2775.06","2774.80"
"17/04/2015 10:00 - 17/04/2015 11:00","BZN|DK1","2798.87","2815.00"
"17/04/2015 11:00 - 17/04/2015 12:00","BZN|DK1","2732.65","2712.90"
"17/04/2015 12:00 - 17/04/2015 13:00","BZN|DK1","2619.80","2610.50"
"17/04/2015 13:00 - 17/04/2015 14:00","BZN|DK1","2543.32","2523.20"
"17/04/2015 14:00 - 17/04/2015 15:00","BZN|DK1","2408.64","2403.30"
"17/04/2015 15:00 - 17/04/2015 16:00","BZN|DK1","2320.75","2292.20"
"17/04/2015 16:00 - 17/04/2015 17:00","BZN|DK1","2371.19","2337.20"
"17/04/2015 17:00 - 17/04/2015 18:00","BZN|DK1","2486.61","2487.00"
"17/04/2015 18:00 - 17/04/2015 19:00","BZN|DK1","2433.32","2435.00"
"17/04/2015 19:00 - 17/04/2015 20:00","BZN|DK1","2272.25","2266.20"
"17/04/2015 20:00 - 17/04/2015 21:00","BZN|DK1","2123.84","2166.50"
"17/04/2015 21:00 - 17/04/2015 22:00","BZN|DK1","2110.55","2134.00"
"17/04/2015 22:00 - 17/04/2015 23:00","BZN|DK1","1960.86","2006.50"
"17/04/2015 23:00 - 18/04/2015 00:00","BZN|DK1","1800.83","1842.50"
"18/04/2015 00:00 - 18/04/2015 01:00","BZN|DK1","1666.81","1678.60"
"18/04/2015 01:00 - 18/04/2015 02:00","BZN|DK1","1597.56","1614.80"
"18/04/2015 02:00 - 18/04/2015 03:00","BZN|DK1","1584.56","1588.50"
"18/04/2015 03:00 - 18/04/2015 04:00","BZN|DK1","1594.09","1584.80"
"18/04/2015 04:00 - 18/04/2015 05:00","BZN|DK1","1606.17","1599.30"
"18/04/2015 05:00 - 18/04/2015 06:00","BZN|DK1","1661.65","1639.30"
"18/04/2015 06:00 - 18/04/2015 07:00","BZN|DK1","1731.69","1723.60"
"18/04/2015 07:00 - 18/04/2015 08:00","BZN|DK1","1892.53","1909.80"
"18/04/2015 08:00 - 18/04/2015 09:00","BZN|DK1","2076.70","2079.50"
"18/04/2015 09:00 - 18/04/2015 10:00","BZN|DK1","2154.77","2173.10"
"18/04/2015 10:00 - 18/04/2015 11:00","BZN|DK1","2164.97","2180.80"
"18/04/2015 11:00 - 18/04/2015 12:00","BZN|DK1","2115.52","2136.80"
"18/04/2015 12:00 - 18/04/2015 13:00","BZN|DK1","2022.28","2052.10"
"18/04/2015 13:00 - 18/04/2015 14:00","BZN|DK1","1965.41","1976.20"
"18/04/2015 14:00 - 18/04/2015 15:00","BZN|DK1","1972.09","1945.00"
"18/04/2015 15:00 - 18/04/2015 16:00","BZN|DK1","1927.73","1939.60"
"18/04/2015 16:00 - 18/04/2015 17:00","BZN|DK1","1945.97","1977.60"
"18/04/2015 17:00 - 18/04/2015 18:00","BZN|DK1","2102.72","2101.60"
"18/04/2015 18:00 - 18/04/2015 19:00","BZN|DK1","2136.77","2123.70"
"18/04/2015 19:00 - 18/04/2015 20:00","BZN|DK1","2016.89","2004.40"
"18/04/2015 20:00 - 18/04/2015 21:00","BZN|DK1","1977.35","1948.40"
"18/04/2015 21:00 - 18/04/2015 22:00","BZN|DK1","1979.12","1951.10"
"18/04/2015 22:00 - 18/04/2015 23:00","BZN|DK1","1838.50","1830.10"
"18/04/2015 23:00 - 19/04/2015 00:00","BZN|DK1","1681.85","1685.90"
"19/04/2015 00:00 - 19/04/2015 01:00","BZN|DK1","1521.25","1555.80"
"19/04/2015 01:00 - 19/04/2015 02:00","BZN|DK1","1446.96","1467.50"
"19/04/2015 02:00 - 19/04/2015 03:00","BZN|DK1","1418.94","1429.90"
"19/04/2015 03:00 - 19/04/2015 04:00","BZN|DK1","1428.04","1433.70"
"19/04/2015 04:00 - 19/04/2015 05:00","BZN|DK1","1436.91","1436.30"
"19/04/2015 05:00 - 19/04/2015 06:00","BZN|DK1","1464.35","1470.00"
"19/04/2015 06:00 - 19/04/2015 07:00","BZN|DK1","1522.67","1511.00"
"19/04/2015 07:00 - 19/04/2015 08:00","BZN|DK1","1683.74","1674.10"
"19/04/2015 08:00 - 19/04/2015 09:00","BZN|DK1","1886.98","1876.80"
"19/04/2015 09:00 - 19/04/2015 10:00","BZN|DK1","1966.85","1983.30"
"19/04/2015 10:00 - 19/04/2015 11:00","BZN|DK1","1947.87","1999.90"
"19/04/2015 11:00 - 19/04/2015 12:00","BZN|DK1","1916.03","1934.40"
"19/04/2015 12:00 - 19/04/2015 13:00","BZN|DK1","1903.52","1913.20"
"19/04/2015 13:00 - 19/04/2015 14:00","BZN|DK1","1861.19","1886.20"
"19/04/2015 14:00 - 19/04/2015 15:00","BZN|DK1","1846.63","1852.00"
"19/04/2015 15:00 - 19/04/2015 16:00","BZN|DK1","1854.17","1840.40"
"19/04/2015 16:00 - 19/04/2015 17:00","BZN|DK1","1890.58","1898.10"
"19/04/2015 17:00 - 19/04/2015 18:00","BZN|DK1","2085.47","2094.90"
"19/04/2015 18:00 - 19/04/2015 19:00","BZN|DK1","2111.02","2087.00"
"19/04/2015 19:00 - 19/04/2015 20:00","BZN|DK1","2030.66","1998.50"
"19/04/2015 20:00 - 19/04/2015 21:00","BZN|DK1","1951.77","1963.80"
"19/04/2015 21:00 - 19/04/2015 22:00","BZN|DK1","1962.38","1970.30"
"19/04/2015 22:00 - 19/04/2015 23:00","BZN|DK1","1799.09","1826.20"
"19/04/2015 23:00 - 20/04/2015 00:00","BZN|DK1","1619.35","1676.70"
"20/04/2015 00:00 - 20/04/2015 01:00","BZN|DK1","1538.56","1570.30"
"20/04/2015 01:00 - 20/04/2015 02:00","BZN|DK1","1511.55","1503.10"
"20/04/2015 02:00 - 20/04/2015 03:00","BZN|DK1","1531.50","1508.60"
"20/04/2015 03:00 - 20/04/2015 04:00","BZN|DK1","1557.11","1545.60"
"20/04/2015 04:00 - 20/04/2015 05:00","BZN|DK1","1607.92","1601.30"
"20/04/2015 05:00 - 20/04/2015 06:00","BZN|DK1","1782.83","1767.70"
"20/04/2015 06:00 - 20/04/2015 07:00","BZN|DK1","2119.48","2105.30"
"20/04/2015 07:00 - 20/04/2015 08:00","BZN|DK1","2449.97","2515.50"
"20/04/2015 08:00 - 20/04/2015 09:00","BZN|DK1","2657.49","2671.90"
"20/04/2015 09:00 - 20/04/2015 10:00","BZN|DK1","2667.53","2660.50"
"20/04/2015 10:00 - 20/04/2015 11:00","BZN|DK1","2734.74","2721.70"
"20/04/2015 11:00 - 20/04/2015 12:00","BZN|DK1","2712.14","2714.70"
"20/04/2015 12:00 - 20/04/2015 13:00","BZN|DK1","2642.01","2632.30"
"20/04/2015 13:00 - 20/04/2015 14:00","BZN|DK1","2660.32","2637.50"
"20/04/2015 14:00 - 20/04/2015 15:00","BZN|DK1","2623.04","2587.00"
"20/04/2015 15:00 - 20/04/2015 16:00","BZN|DK1","2477.34","2480.50"
"20/04/2015 16:00 - 20/04/2015 17:00","BZN|DK1","2397.07","2420.10"
"20/04/2015 17:00 - 20/04/2015 18:00","BZN|DK1","2515.46","2533.30"
"20/04/2015 18:00 - 20/04/2015 19:00","BZN|DK1","2443.54","2422.80"
"20/04/2015 19:00 - 20/04/2015 20:00","BZN|DK1","2343.55","2341.20"
"20/04/2015 20:00 - 20/04/2015 21:00","BZN|DK1","2257.04","2249.70"
"20/04/2015 21:00 - 20/04/2015 22:00","BZN|DK1","2243.89","2242.20"
"20/04/2015 22:00 - 20/04/2015 23:00","BZN|DK1","2039.04","2084.20"
"20/04/2015 23:00 - 21/04/2015 00:00","BZN|DK1","1820.94","1872.70"
"21/04/2015 00:00 - 21/04/2015 01:00","BZN|DK1","1693.57","1713.80"
"21/04/2015 01:00 - 21/04/2015 02:00","BZN|DK1","1631.80","1654.30"
"21/04/2015 02:00 - 21/04/2015 03:00","BZN|DK1","1624.30","1632.70"
"21/04/2015 03:00 - 21/04/2015 04:00","BZN|DK1","1631.37","1629.00"
"21/04/2015 04:00 - 21/04/2015 05:00","BZN|DK1","1686.92","1678.30"
"21/04/2015 05:00 - 21/04/2015 06:00","BZN|DK1","1850.12","1847.30"
"21/04/2015 06:00 - 21/04/2015 07:00","BZN|DK1","2171.49","2160.80"
"21/04/2015 07:00 - 21/04/2015 08:00","BZN|DK1","2531.86","2551.40"
"21/04/2015 08:00 - 21/04/2015 09:00","BZN|DK1","2699.66","2698.70"
"21/04/2015 09:00 - 21/04/2015 10:00","BZN|DK1","2684.38","2685.30"
"21/04/2015 10:00 - 21/04/2015 11:00","BZN|DK1","2798.03","2767.40"
"21/04/2015 11:00 - 21/04/2015 12:00","BZN|DK1","2810.19","2805.40"
"21/04/2015 12:00 - 21/04/2015 13:00","BZN|DK1","2717.79","2726.30"
"21/04/2015 13:00 - 21/04/2015 14:00","BZN|DK1","2681.71","2705.70"
"21/04/2015 14:00 - 21/04/2015 15:00","BZN|DK1","2652.04","2629.40"
"21/04/2015 15:00 - 21/04/2015 16:00","BZN|DK1","2545.59","2533.50"
"21/04/2015 16:00 - 21/04/2015 17:00","BZN|DK1","2458.35","2464.50"
"21/04/2015 17:00 - 21/04/2015 18:00","BZN|DK1","2581.51","2548.30"
"21/04/2015 18:00 - 21/04/2015 19:00","BZN|DK1","2533.81","2506.30"
"21/04/2015 19:00 - 21/04/2015 20:00","BZN|DK1","2426.04","2380.50"
"21/04/2015 20:00 - 21/04/2015 21:00","BZN|DK1","2349.40","2322.10"
"21/04/2015 21:00 - 21/04/2015 22:00","BZN|DK1","2293.41","2347.50"
"21/04/2015 22:00 - 21/04/2015 23:00","BZN|DK1","2122.21","2170.10"
"21/04/2015 23:00 - 22/04/2015 00:00","BZN|DK1","1949.34","1930.40"
"22/04/2015 00:00 - 22/04/2015 01:00","BZN|DK1","1797.65","1748.80"
"22/04/2015 01:00 - 22/04/2015 02:00","BZN|DK1","1739.46","1727.70"
"22/04/2015 02:00 - 22/04/2015 03:00","BZN|DK1","1710.66","1721.40"
"22/04/2015 03:00 - 22/04/2015 04:00","BZN|DK1","1741.02","1699.60"
"22/04/2015 04:00 - 22/04/2015 05:00","BZN|DK1","1774.55","1748.10"
"22/04/2015 05:00 - 22/04/2015 06:00","BZN|DK1","1904.23","1893.90"
"22/04/2015 06:00 - 22/04/2015 07:00","BZN|DK1","2215.42","2224.80"
"22/04/2015 07:00 - 22/04/2015 08:00","BZN|DK1","2562.78","2607.30"
"22/04/2015 08:00 - 22/04/2015 09:00","BZN|DK1","2734.38","2717.40"
"22/04/2015 09:00 - 22/04/2015 10:00","BZN|DK1","2720.85","2729.60"
"22/04/2015 10:00 - 22/04/2015 11:00","BZN|DK1","2789.79","2792.00"
"22/04/2015 11:00 - 22/04/2015 12:00","BZN|DK1","2754.42","2793.40"
"22/04/2015 12:00 - 22/04/2015 13:00","BZN|DK1","2668.51","2735.40"
"22/04/2015 13:00 - 22/04/2015 14:00","BZN|DK1","2685.84","2756.10"
"22/04/2015 14:00 - 22/04/2015 15:00","BZN|DK1","2597.36","2702.70"
"22/04/2015 15:00 - 22/04/2015 16:00","BZN|DK1","2467.43","2525.30"
"22/04/2015 16:00 - 22/04/2015 17:00","BZN|DK1","2396.73","2402.30"
"22/04/2015 17:00 - 22/04/2015 18:00","BZN|DK1","2504.41","2521.70"
"22/04/2015 18:00 - 22/04/2015 19:00","BZN|DK1","2415.34","2434.50"
"22/04/2015 19:00 - 22/04/2015 20:00","BZN|DK1","2311.51","2294.10"
"22/04/2015 20:00 - 22/04/2015 21:00","BZN|DK1","2225.55","2212.30"
"22/04/2015 21:00 - 22/04/2015 22:00","BZN|DK1","2239.20","2192.30"
"22/04/2015 22:00 - 22/04/2015 23:00","BZN|DK1","2066.29","2021.00"
"22/04/2015 23:00 - 23/04/2015 00:00","BZN|DK1","1865.45","1813.80"
"23/04/2015 00:00 - 23/04/2015 01:00","BZN|DK1","1733.38","1730.80"
"23/04/2015 01:00 - 23/04/2015 02:00","BZN|DK1","1689.83","1681.00"
"23/04/2015 02:00 - 23/04/2015 03:00","BZN|DK1","1670.44","1671.30"
"23/04/2015 03:00 - 23/04/2015 04:00","BZN|DK1","1698.64","1687.70"
"23/04/2015 04:00 - 23/04/2015 05:00","BZN|DK1","1724.29","1728.30"
"23/04/2015 05:00 - 23/04/2015 06:00","BZN|DK1","1900.94","1865.30"
"23/04/2015 06:00 - 23/04/2015 07:00","BZN|DK1","2244.03","2219.50"
"23/04/2015 07:00 - 23/04/2015 08:00","BZN|DK1","2609.33","2615.60"
"23/04/2015 08:00 - 23/04/2015 09:00","BZN|DK1","2722.57","2740.40"
"23/04/2015 09:00 - 23/04/2015 10:00","BZN|DK1","2725.54","2720.10"
"23/04/2015 10:00 - 23/04/2015 11:00","BZN|DK1","2807.11","2784.00"
"23/04/2015 11:00 - 23/04/2015 12:00","BZN|DK1","2806.94","2785.30"
"23/04/2015 12:00 - 23/04/2015 13:00","BZN|DK1","2751.80","2727.50"
"23/04/2015 13:00 - 23/04/2015 14:00","BZN|DK1","2774.25","2771.30"
"23/04/2015 14:00 - 23/04/2015 15:00","BZN|DK1","2692.54","2717.30"
"23/04/2015 15:00 - 23/04/2015 16:00","BZN|DK1","2560.44","2550.60"
"23/04/2015 16:00 - 23/04/2015 17:00","BZN|DK1","2529.69","2514.80"
"23/04/2015 17:00 - 23/04/2015 18:00","BZN|DK1","2647.61","2653.20"
"23/04/2015 18:00 - 23/04/2015 19:00","BZN|DK1","2541.69","2545.50"
"23/04/2015 19:00 - 23/04/2015 20:00","BZN|DK1","2399.38","2396.50"
"23/04/2015 20:00 - 23/04/2015 21:00","BZN|DK1","2332.68","2317.60"
"23/04/2015 21:00 - 23/04/2015 22:00","BZN|DK1","2303.36","2295.10"
"23/04/2015 22:00 - 23/04/2015 23:00","BZN|DK1","2125.00","2122.20"
"23/04/2015 23:00 - 24/04/2015 00:00","BZN|DK1","1897.50","1901.50"
"24/04/2015 00:00 - 24/04/2015 01:00","BZN|DK1","1784.60","1750.60"
"24/04/2015 01:00 - 24/04/2015 02:00","BZN|DK1","1729.12","1720.00"
"24/04/2015 02:00 - 24/04/2015 03:00","BZN|DK1","1719.59","1679.20"
"24/04/2015 03:00 - 24/04/2015 04:00","BZN|DK1","1706.67","1668.40"
"24/04/2015 04:00 - 24/04/2015 05:00","BZN|DK1","1757.50","1736.80"
"24/04/2015 05:00 - 24/04/2015 06:00","BZN|DK1","1872.91","1876.00"
"24/04/2015 06:00 - 24/04/2015 07:00","BZN|DK1","2181.89","2182.20"
"24/04/2015 07:00 - 24/04/2015 08:00","BZN|DK1","2589.73","2585.90"
"24/04/2015 08:00 - 24/04/2015 09:00","BZN|DK1","2751.22","2751.60"
"24/04/2015 09:00 - 24/04/2015 10:00","BZN|DK1","2719.01","2739.20"
"24/04/2015 10:00 - 24/04/2015 11:00","BZN|DK1","2796.42","2788.80"
"24/04/2015 11:00 - 24/04/2015 12:00","BZN|DK1","2748.40","2749.60"
"24/04/2015 12:00 - 24/04/2015 13:00","BZN|DK1","2632.98","2626.10"
"24/04/2015 13:00 - 24/04/2015 14:00","BZN|DK1","2578.15","2561.30"
"24/04/2015 14:00 - 24/04/2015 15:00","BZN|DK1","2431.16","2436.90"
"24/04/2015 15:00 - 24/04/2015 16:00","BZN|DK1","2302.21","2313.30"
"24/04/2015 16:00 - 24/04/2015 17:00","BZN|DK1","2277.66","2276.00"
"24/04/2015 17:00 - 24/04/2015 18:00","BZN|DK1","2391.58","2391.10"
"24/04/2015 18:00 - 24/04/2015 19:00","BZN|DK1","2324.66","2345.80"
"24/04/2015 19:00 - 24/04/2015 20:00","BZN|DK1","2182.06","2163.70"
"24/04/2015 20:00 - 24/04/2015 21:00","BZN|DK1","2064.45","2043.10"
"24/04/2015 21:00 - 24/04/2015 22:00","BZN|DK1","2062.08","2060.90"
"24/04/2015 22:00 - 24/04/2015 23:00","BZN|DK1","1951.68","1927.20"
"24/04/2015 23:00 - 25/04/2015 00:00","BZN|DK1","1772.10","1761.10"
"25/04/2015 00:00 - 25/04/2015 01:00","BZN|DK1","1637.58","1752.50"
"25/04/2015 01:00 - 25/04/2015 02:00","BZN|DK1","1588.34","1636.20"
"25/04/2015 02:00 - 25/04/2015 03:00","BZN|DK1","1560.04","1545.80"
"25/04/2015 03:00 - 25/04/2015 04:00","BZN|DK1","1555.06","1554.70"
"25/04/2015 04:00 - 25/04/2015 05:00","BZN|DK1","1568.72","1565.80"
"25/04/2015 05:00 - 25/04/2015 06:00","BZN|DK1","1615.92","1590.50"
"25/04/2015 06:00 - 25/04/2015 07:00","BZN|DK1","1696.07","1694.70"
"25/04/2015 07:00 - 25/04/2015 08:00","BZN|DK1","1859.95","1905.90"
"25/04/2015 08:00 - 25/04/2015 09:00","BZN|DK1","2039.14","2047.80"
"25/04/2015 09:00 - 25/04/2015 10:00","BZN|DK1","2160.63","2154.80"
"25/04/2015 10:00 - 25/04/2015 11:00","BZN|DK1","2188.55","2197.50"
"25/04/2015 11:00 - 25/04/2015 12:00","BZN|DK1","2172.92","2160.60"
"25/04/2015 12:00 - 25/04/2015 13:00","BZN|DK1","2137.93","2115.00"
"25/04/2015 13:00 - 25/04/2015 14:00","BZN|DK1","2131.34","2100.90"
"25/04/2015 14:00 - 25/04/2015 15:00","BZN|DK1","2101.68","2092.30"
"25/04/2015 15:00 - 25/04/2015 16:00","BZN|DK1","2069.24","2050.30"
"25/04/2015 16:00 - 25/04/2015 17:00","BZN|DK1","2135.00","2093.40"
"25/04/2015 17:00 - 25/04/2015 18:00","BZN|DK1","2363.49","2308.60"
"25/04/2015 18:00 - 25/04/2015 19:00","BZN|DK1","2291.43","2324.00"
"25/04/2015 19:00 - 25/04/2015 20:00","BZN|DK1","2128.37","2116.00"
"25/04/2015 20:00 - 25/04/2015 21:00","BZN|DK1","1999.02","2021.30"
"25/04/2015 21:00 - 25/04/2015 22:00","BZN|DK1","1986.50","2023.20"
"25/04/2015 22:00 - 25/04/2015 23:00","BZN|DK1","1877.70","1904.80"
"25/04/2015 23:00 - 26/04/2015 00:00","BZN|DK1","1715.08","1744.60"
"26/04/2015 00:00 - 26/04/2015 01:00","BZN|DK1","1616.47","1618.80"
"26/04/2015 01:00 - 26/04/2015 02:00","BZN|DK1","1527.91","1551.00"
"26/04/2015 02:00 - 26/04/2015 03:00","BZN|DK1","1508.07","1499.80"
"26/04/2015 03:00 - 26/04/2015 04:00","BZN|DK1","1488.42","1501.50"
"26/04/2015 04:00 - 26/04/2015 05:00","BZN|DK1","1491.38","1502.00"
"26/04/2015 05:00 - 26/04/2015 06:00","BZN|DK1","1512.01","1526.00"
"26/04/2015 06:00 - 26/04/2015 07:00","BZN|DK1","1569.32","1568.60"
"26/04/2015 07:00 - 26/04/2015 08:00","BZN|DK1","1750.97","1713.80"
"26/04/2015 08:00 - 26/04/2015 09:00","BZN|DK1","1945.04","1938.90"
"26/04/2015 09:00 - 26/04/2015 10:00","BZN|DK1","2031.63","2050.40"
"26/04/2015 10:00 - 26/04/2015 11:00","BZN|DK1","2066.72","2067.40"
"26/04/2015 11:00 - 26/04/2015 12:00","BZN|DK1","2067.21","2061.70"
"26/04/2015 12:00 - 26/04/2015 13:00","BZN|DK1","2040.45","2038.10"
"26/04/2015 13:00 - 26/04/2015 14:00","BZN|DK1","2018.41","2020.70"
"26/04/2015 14:00 - 26/04/2015 15:00","BZN|DK1","1987.30","2000.40"
"26/04/2015 15:00 - 26/04/2015 16:00","BZN|DK1","1955.33","1953.50"
"26/04/2015 16:00 - 26/04/2015 17:00","BZN|DK1","1989.41","2007.20"
"26/04/2015 17:00 - 26/04/2015 18:00","BZN|DK1","2192.78","2181.80"
"26/04/2015 18:00 - 26/04/2015 19:00","BZN|DK1","2193.69","2188.20"
"26/04/2015 19:00 - 26/04/2015 20:00","BZN|DK1","2082.56","2093.40"
"26/04/2015 20:00 - 26/04/2015 21:00","BZN|DK1","2030.05","2029.00"
"26/04/2015 21:00 - 26/04/2015 22:00","BZN|DK1","2032.12","2050.20"
"26/04/2015 22:00 - 26/04/2015 23:00","BZN|DK1","1928.35","1914.30"
"26/04/2015 23:00 - 27/04/2015 00:00","BZN|DK1","1777.82","1746.40"
"27/04/2015 00:00 - 27/04/2015 01:00","BZN|DK1","1677.99","1627.50"
"27/04/2015 01:00 - 27/04/2015 02:00","BZN|DK1","1625.09","1597.20"
"27/04/2015 02:00 - 27/04/2015 03:00","BZN|DK1","1598.60","1606.80"
"27/04/2015 03:00 - 27/04/2015 04:00","BZN|DK1","1632.49","1608.40"
"27/04/2015 04:00 - 27/04/2015 05:00","BZN|DK1","1704.02","1647.50"
"27/04/2015 05:00 - 27/04/2015 06:00","BZN|DK1","1832.51","1810.10"
"27/04/2015 06:00 - 27/04/2015 07:00","BZN|DK1","2217.92","2206.00"
"27/04/2015 07:00 - 27/04/2015 08:00","BZN|DK1","2587.68","2629.50"
"27/04/2015 08:00 - 27/04/2015 09:00","BZN|DK1","2737.31","2747.50"
"27/04/2015 09:00 - 27/04/2015 10:00","BZN|DK1","2737.07","2755.90"
"27/04/2015 10:00 - 27/04/2015 11:00","BZN|DK1","2775.87","2789.10"
"27/04/2015 11:00 - 27/04/2015 12:00","BZN|DK1","2792.34","2774.40"
"27/04/2015 12:00 - 27/04/2015 13:00","BZN|DK1","2749.41","2723.60"
"27/04/2015 13:00 - 27/04/2015 14:00","BZN|DK1","2780.86","2757.30"
"27/04/2015 14:00 - 27/04/2015 15:00","BZN|DK1","2733.76","2739.80"
"27/04/2015 15:00 - 27/04/2015 16:00","BZN|DK1","2593.57","2593.60"
"27/04/2015 16:00 - 27/04/2015 17:00","BZN|DK1","2496.43","2506.20"
"27/04/2015 17:00 - 27/04/2015 18:00","BZN|DK1","2618.47","2611.80"
"27/04/2015 18:00 - 27/04/2015 19:00","BZN|DK1","2547.73","2523.80"
"27/04/2015 19:00 - 27/04/2015 20:00","BZN|DK1","2447.94","2411.00"
"27/04/2015 20:00 - 27/04/2015 21:00","BZN|DK1","2301.54","2302.40"
"27/04/2015 21:00 - 27/04/2015 22:00","BZN|DK1","2294.28","2252.70"
"27/04/2015 22:00 - 27/04/2015 23:00","BZN|DK1","2113.76","2096.00"
"27/04/2015 23:00 - 28/04/2015 00:00","BZN|DK1","1906.97","1867.80"
"28/04/2015 00:00 - 28/04/2015 01:00","BZN|DK1","1785.13","1805.60"
"28/04/2015 01:00 - 28/04/2015 02:00","BZN|DK1","1721.46","1717.30"
"28/04/2015 02:00 - 28/04/2015 03:00","BZN|DK1","1725.49","1710.10"
"28/04/2015 03:00 - 28/04/2015 04:00","BZN|DK1","1745.28","1726.50"
"28/04/2015 04:00 - 28/04/2015 05:00","BZN|DK1","1807.70","1785.90"
"28/04/2015 05:00 - 28/04/2015 06:00","BZN|DK1","1932.56","1912.60"
"28/04/2015 06:00 - 28/04/2015 07:00","BZN|DK1","2263.68","2255.40"
"28/04/2015 07:00 - 28/04/2015 08:00","BZN|DK1","2626.00","2655.00"
"28/04/2015 08:00 - 28/04/2015 09:00","BZN|DK1","2807.82","2821.00"
"28/04/2015 09:00 - 28/04/2015 10:00","BZN|DK1","2793.05","2830.50"
"28/04/2015 10:00 - 28/04/2015 11:00","BZN|DK1","2848.30","2858.40"
"28/04/2015 11:00 - 28/04/2015 12:00","BZN|DK1","2806.32","2838.50"
"28/04/2015 12:00 - 28/04/2015 13:00","BZN|DK1","2723.63","2733.80"
"28/04/2015 13:00 - 28/04/2015 14:00","BZN|DK1","2717.43","2738.80"
"28/04/2015 14:00 - 28/04/2015 15:00","BZN|DK1","2652.42","2653.20"
"28/04/2015 15:00 - 28/04/2015 16:00","BZN|DK1","2527.39","2529.30"
"28/04/2015 16:00 - 28/04/2015 17:00","BZN|DK1","2458.82","2468.50"
"28/04/2015 17:00 - 28/04/2015 18:00","BZN|DK1","2603.51","2572.50"
"28/04/2015 18:00 - 28/04/2015 19:00","BZN|DK1","2545.92","2515.00"
"28/04/2015 19:00 - 28/04/2015 20:00","BZN|DK1","2413.09","2410.00"
"28/04/2015 20:00 - 28/04/2015 21:00","BZN|DK1","2309.08","2313.70"
"28/04/2015 21:00 - 28/04/2015 22:00","BZN|DK1","2329.88","2292.00"
"28/04/2015 22:00 - 28/04/2015 23:00","BZN|DK1","2183.58","2154.40"
"28/04/2015 23:00 - 29/04/2015 00:00","BZN|DK1","1973.19","1926.50"
"29/04/2015 00:00 - 29/04/2015 01:00","BZN|DK1","1826.01","1789.80"
"29/04/2015 01:00 - 29/04/2015 02:00","BZN|DK1","1767.04","1722.90"
"29/04/2015 02:00 - 29/04/2015 03:00","BZN|DK1","1754.62","1747.80"
"29/04/2015 03:00 - 29/04/2015 04:00","BZN|DK1","1755.10","1755.50"
"29/04/2015 04:00 - 29/04/2015 05:00","BZN|DK1","1811.01","1787.60"
"29/04/2015 05:00 - 29/04/2015 06:00","BZN|DK1","1945.77","1932.30"
"29/04/2015 06:00 - 29/04/2015 07:00","BZN|DK1","2282.70","2268.60"
"29/04/2015 07:00 - 29/04/2015 08:00","BZN|DK1","2642.06","2659.80"
"29/04/2015 08:00 - 29/04/2015 09:00","BZN|DK1","2777.15","2808.30"
"29/04/2015 09:00 - 29/04/2015 10:00","BZN|DK1","2750.22","2784.90"
"29/04/2015 10:00 - 29/04/2015 11:00","BZN|DK1","2797.75","2806.30"
"29/04/2015 11:00 - 29/04/2015 12:00","BZN|DK1","2803.38","2801.00"
"29/04/2015 12:00 - 29/04/2015 13:00","BZN|DK1","2724.97","2734.40"
"29/04/2015 13:00 - 29/04/2015 14:00","BZN|DK1","2741.60","2746.00"
"29/04/2015 14:00 - 29/04/2015 15:00","BZN|DK1","2674.24","2668.80"
"29/04/2015 15:00 - 29/04/2015 16:00","BZN|DK1","2545.29","2533.60"
"29/04/2015 16:00 - 29/04/2015 17:00","BZN|DK1","2491.30","2481.40"
"29/04/2015 17:00 - 29/04/2015 18:00","BZN|DK1","2655.82","2610.10"
"29/04/2015 18:00 - 29/04/2015 19:00","BZN|DK1","2599.61","2565.20"
"29/04/2015 19:00 - 29/04/2015 20:00","BZN|DK1","2477.50","2470.00"
"29/04/2015 20:00 - 29/04/2015 21:00","BZN|DK1","2357.08","2356.90"
"29/04/2015 21:00 - 29/04/2015 22:00","BZN|DK1","2316.29","2342.40"
"29/04/2015 22:00 - 29/04/2015 23:00","BZN|DK1","2159.42","2215.10"
"29/04/2015 23:00 - 30/04/2015 00:00","BZN|DK1","1957.04","1959.50"
"30/04/2015 00:00 - 30/04/2015 01:00","BZN|DK1","1850.06","1794.30"
"30/04/2015 01:00 - 30/04/2015 02:00","BZN|DK1","1764.61","1789.30"
"30/04/2015 02:00 - 30/04/2015 03:00","BZN|DK1","1757.73","1747.50"
"30/04/2015 03:00 - 30/04/2015 04:00","BZN|DK1","1783.42","1771.30"
"30/04/2015 04:00 - 30/04/2015 05:00","BZN|DK1","1840.26","1835.70"
"30/04/2015 05:00 - 30/04/2015 06:00","BZN|DK1","1991.79","1946.00"
"30/04/2015 06:00 - 30/04/2015 07:00","BZN|DK1","2317.02","2291.90"
"30/04/2015 07:00 - 30/04/2015 08:00","BZN|DK1","2699.41","2709.40"
"30/04/2015 08:00 - 30/04/2015 09:00","BZN|DK1","2815.92","2861.30"
"30/04/2015 09:00 - 30/04/2015 10:00","BZN|DK1","2790.91","2831.20"
"30/04/2015 10:00 - 30/04/2015 11:00","BZN|DK1","2826.68","2831.20"
"30/04/2015 11:00 - 30/04/2015 12:00","BZN|DK1","2808.70","2812.10"
"30/04/2015 12:00 - 30/04/2015 13:00","BZN|DK1","2730.14","2732.80"
"30/04/2015 13:00 - 30/04/2015 14:00","BZN|DK1","2723.80","2747.50"
"30/04/2015 14:00 - 30/04/2015 15:00","BZN|DK1","2626.87","2650.60"
"30/04/2015 15:00 - 30/04/2015 16:00","BZN|DK1","2501.16","2509.80"
"30/04/2015 16:00 - 30/04/2015 17:00","BZN|DK1","2461.46","2448.30"
"30/04/2015 17:00 - 30/04/2015 18:00","BZN|DK1","2545.28","2560.40"
"30/04/2015 18:00 - 30/04/2015 19:00","BZN|DK1","2484.16","2487.20"
"30/04/2015 19:00 - 30/04/2015 20:00","BZN|DK1","2397.07","2377.70"
"30/04/2015 20:00 - 30/04/2015 21:00","BZN|DK1","2299.68","2294.10"
"30/04/2015 21:00 - 30/04/2015 22:00","BZN|DK1","2277.39","2272.00"
"30/04/2015 22:00 - 30/04/2015 23:00","BZN|DK1","2113.02","2146.10"
"30/04/2015 23:00 - 01/05/2015 00:00","BZN|DK1","1903.71","1906.00"
"01/05/2015 00:00 - 01/05/2015 01:00","BZN|DK1","1733.81","1747.90"
"01/05/2015 01:00 - 01/05/2015 02:00","BZN|DK1","1636.56","1656.80"
"01/05/2015 02:00 - 01/05/2015 03:00","BZN|DK1","1606.72","1622.50"
"01/05/2015 03:00 - 01/05/2015 04:00","BZN|DK1","1608.99","1609.60"
"01/05/2015 04:00 - 01/05/2015 05:00","BZN|DK1","1635.34","1612.80"
"01/05/2015 05:00 - 01/05/2015 06:00","BZN|DK1","1660.09","1645.60"
"01/05/2015 06:00 - 01/05/2015 07:00","BZN|DK1","1746.30","1711.90"
"01/05/2015 07:00 - 01/05/2015 08:00","BZN|DK1","1921.48","1908.50"
"01/05/2015 08:00 - 01/05/2015 09:00","BZN|DK1","2090.22","2112.40"
"01/05/2015 09:00 - 01/05/2015 10:00","BZN|DK1","2154.15","2181.20"
"01/05/2015 10:00 - 01/05/2015 11:00","BZN|DK1","2181.40","2193.10"
"01/05/2015 11:00 - 01/05/2015 12:00","BZN|DK1","2150.28","2164.20"
"01/05/2015 12:00 - 01/05/2015 13:00","BZN|DK1","2108.77","2098.10"
"01/05/2015 13:00 - 01/05/2015 14:00","BZN|DK1","2069.27","2058.70"
"01/05/2015 14:00 - 01/05/2015 15:00","BZN|DK1","2027.68","2040.30"
"01/05/2015 15:00 - 01/05/2015 16:00","BZN|DK1","1983.23","2012.50"
"01/05/2015 16:00 - 01/05/2015 17:00","BZN|DK1","1980.02","2001.70"
"01/05/2015 17:00 - 01/05/2015 18:00","BZN|DK1","2138.31","2139.40"
"01/05/2015 18:00 - 01/05/2015 19:00","BZN|DK1","2137.23","2145.20"
"01/05/2015 19:00 - 01/05/2015 20:00","BZN|DK1","2007.70","2015.70"
"01/05/2015 20:00 - 01/05/2015 21:00","BZN|DK1","1939.34","1929.10"
"01/05/2015 21:00 - 01/05/2015 22:00","BZN|DK1","1954.52","1931.40"
"01/05/2015 22:00 - 01/05/2015 23:00","BZN|DK1","1877.51","1891.00"
"01/05/2015 23:00 - 02/05/2015 00:00","BZN|DK1","1703.93","1752.20"
"02/05/2015 00:00 - 02/05/2015 01:00","BZN|DK1","1584.99","1552.70"
"02/05/2015 01:00 - 02/05/2015 02:00","BZN|DK1","1530.19","1501.40"
"02/05/2015 02:00 - 02/05/2015 03:00","BZN|DK1","1532.94","1498.30"
"02/05/2015 03:00 - 02/05/2015 04:00","BZN|DK1","1553.25","1518.50"
"02/05/2015 04:00 - 02/05/2015 05:00","BZN|DK1","1567.29","1554.00"
"02/05/2015 05:00 - 02/05/2015 06:00","BZN|DK1","1588.67","1565.70"
"02/05/2015 06:00 - 02/05/2015 07:00","BZN|DK1","1629.11","1653.50"
"02/05/2015 07:00 - 02/05/2015 08:00","BZN|DK1","1772.33","1798.10"
"02/05/2015 08:00 - 02/05/2015 09:00","BZN|DK1","1956.26","1984.90"
"02/05/2015 09:00 - 02/05/2015 10:00","BZN|DK1","2041.43","2063.60"
"02/05/2015 10:00 - 02/05/2015 11:00","BZN|DK1","2052.77","2080.20"
"02/05/2015 11:00 - 02/05/2015 12:00","BZN|DK1","2010.18","2039.50"
"02/05/2015 12:00 - 02/05/2015 13:00","BZN|DK1","1962.48","1979.00"
"02/05/2015 13:00 - 02/05/2015 14:00","BZN|DK1","1910.78","1929.30"
"02/05/2015 14:00 - 02/05/2015 15:00","BZN|DK1","1869.38","1891.40"
"02/05/2015 15:00 - 02/05/2015 16:00","BZN|DK1","1857.38","1865.50"
"02/05/2015 16:00 - 02/05/2015 17:00","BZN|DK1","1899.79","1889.10"
"02/05/2015 17:00 - 02/05/2015 18:00","BZN|DK1","2068.16","2064.90"
"02/05/2015 18:00 - 02/05/2015 19:00","BZN|DK1","2085.12","2070.70"
"02/05/2015 19:00 - 02/05/2015 20:00","BZN|DK1","1954.92","1946.80"
"02/05/2015 20:00 - 02/05/2015 21:00","BZN|DK1","1887.74","1869.60"
"02/05/2015 21:00 - 02/05/2015 22:00","BZN|DK1","1903.15","1870.80"
"02/05/2015 22:00 - 02/05/2015 23:00","BZN|DK1","1821.57","1837.70"
"02/05/2015 23:00 - 03/05/2015 00:00","BZN|DK1","1680.80","1700.00"
"03/05/2015 00:00 - 03/05/2015 01:00","BZN|DK1","1581.07","1606.30"
"03/05/2015 01:00 - 03/05/2015 02:00","BZN|DK1","1517.80","1518.20"
"03/05/2015 02:00 - 03/05/2015 03:00","BZN|DK1","1490.25","1474.50"
"03/05/2015 03:00 - 03/05/2015 04:00","BZN|DK1","1506.59","1465.30"
"03/05/2015 04:00 - 03/05/2015 05:00","BZN|DK1","1544.18","1504.90"
"03/05/2015 05:00 - 03/05/2015 06:00","BZN|DK1","1541.22","1516.40"
"03/05/2015 06:00 - 03/05/2015 07:00","BZN|DK1","1602.01","1574.00"
"03/05/2015 07:00 - 03/05/2015 08:00","BZN|DK1","1737.03","1736.20"
"03/05/2015 08:00 - 03/05/2015 09:00","BZN|DK1","1909.55","1919.20"
"03/05/2015 09:00 - 03/05/2015 10:00","BZN|DK1","1991.88","2021.00"
"03/05/2015 10:00 - 03/05/2015 11:00","BZN|DK1","2016.93","2031.80"
"03/05/2015 11:00 - 03/05/2015 12:00","BZN|DK1","1996.26","2008.10"
"03/05/2015 12:00 - 03/05/2015 13:00","BZN|DK1","1949.41","1961.60"
"03/05/2015 13:00 - 03/05/2015 14:00","BZN|DK1","1918.31","1931.00"
"03/05/2015 14:00 - 03/05/2015 15:00","BZN|DK1","1935.27","1929.90"
"03/05/2015 15:00 - 03/05/2015 16:00","BZN|DK1","1912.33","1917.60"
"03/05/2015 16:00 - 03/05/2015 17:00","BZN|DK1","1965.20","1947.70"
"03/05/2015 17:00 - 03/05/2015 18:00","BZN|DK1","2144.75","2135.80"
"03/05/2015 18:00 - 03/05/2015 19:00","BZN|DK1","2142.51","2119.30"
"03/05/2015 19:00 - 03/05/2015 20:00","BZN|DK1","2072.31","2045.10"
"03/05/2015 20:00 - 03/05/2015 21:00","BZN|DK1","2015.59","1990.80"
"03/05/2015 21:00 - 03/05/2015 22:00","BZN|DK1","1986.20","1977.30"
"03/05/2015 22:00 - 03/05/2015 23:00","BZN|DK1","1862.97","1913.30"
"03/05/2015 23:00 - 04/05/2015 00:00","BZN|DK1","1753.55","1761.50"
"04/05/2015 00:00 - 04/05/2015 01:00","BZN|DK1","1677.20","1663.80"
"04/05/2015 01:00 - 04/05/2015 02:00","BZN|DK1","1620.18","1630.30"
"04/05/2015 02:00 - 04/05/2015 03:00","BZN|DK1","1619.77","1619.20"
"04/05/2015 03:00 - 04/05/2015 04:00","BZN|DK1","1639.64","1639.10"
"04/05/2015 04:00 - 04/05/2015 05:00","BZN|DK1","1710.98","1701.50"
"04/05/2015 05:00 - 04/05/2015 06:00","BZN|DK1","1825.14","1832.90"
"04/05/2015 06:00 - 04/05/2015 07:00","BZN|DK1","2154.14","2173.40"
"04/05/2015 07:00 - 04/05/2015 08:00","BZN|DK1","2569.99","2569.30"
"04/05/2015 08:00 - 04/05/2015 09:00","BZN|DK1","2741.24","2738.30"
"04/05/2015 09:00 - 04/05/2015 10:00","BZN|DK1","2766.85","2765.50"
"04/05/2015 10:00 - 04/05/2015 11:00","BZN|DK1","2843.49","2844.80"
"04/05/2015 11:00 - 04/05/2015 12:00","BZN|DK1","2830.52","2827.20"
"04/05/2015 12:00 - 04/05/2015 13:00","BZN|DK1","2767.40","2765.10"
"04/05/2015 13:00 - 04/05/2015 14:00","BZN|DK1","2797.53","2810.30"
"04/05/2015 14:00 - 04/05/2015 15:00","BZN|DK1","2679.46","2739.40"
"04/05/2015 15:00 - 04/05/2015 16:00","BZN|DK1","2590.86","2575.80"
"04/05/2015 16:00 - 04/05/2015 17:00","BZN|DK1","2651.16","2553.50"
"04/05/2015 17:00 - 04/05/2015 18:00","BZN|DK1","2854.61","2756.80"
"04/05/2015 18:00 - 04/05/2015 19:00","BZN|DK1","2871.98","2729.10"
"04/05/2015 19:00 - 04/05/2015 20:00","BZN|DK1","2656.53","2752.10"
"04/05/2015 20:00 - 04/05/2015 21:00","BZN|DK1","2275.49","2582.10"
"04/05/2015 21:00 - 04/05/2015 22:00","BZN|DK1","2245.52","2284.00"
"04/05/2015 22:00 - 04/05/2015 23:00","BZN|DK1","2121.51","2175.70"
"04/05/2015 23:00 - 05/05/2015 00:00","BZN|DK1","1907.02","1954.80"
"05/05/2015 00:00 - 05/05/2015 01:00","BZN|DK1","1757.91","1741.60"
"05/05/2015 01:00 - 05/05/2015 02:00","BZN|DK1","1697.29","1683.60"
"05/05/2015 02:00 - 05/05/2015 03:00","BZN|DK1","1698.52","1678.90"
"05/05/2015 03:00 - 05/05/2015 04:00","BZN|DK1","1695.50","1704.00"
"05/05/2015 04:00 - 05/05/2015 05:00","BZN|DK1","1755.34","1755.80"
"05/05/2015 05:00 - 05/05/2015 06:00","BZN|DK1","1859.52","1864.10"
"05/05/2015 06:00 - 05/05/2015 07:00","BZN|DK1","2186.91","2181.00"
"05/05/2015 07:00 - 05/05/2015 08:00","BZN|DK1","2523.52","2520.20"
"05/05/2015 08:00 - 05/05/2015 09:00","BZN|DK1","2729.73","2726.30"
"05/05/2015 09:00 - 05/05/2015 10:00","BZN|DK1","2779.95","2766.80"
"05/05/2015 10:00 - 05/05/2015 11:00","BZN|DK1","2869.44","2837.90"
"05/05/2015 11:00 - 05/05/2015 12:00","BZN|DK1","2878.39","2838.60"
"05/05/2015 12:00 - 05/05/2015 13:00","BZN|DK1","2796.32","2785.90"
"05/05/2015 13:00 - 05/05/2015 14:00","BZN|DK1","2814.16","2808.80"
"05/05/2015 14:00 - 05/05/2015 15:00","BZN|DK1","2783.83","2744.80"
"05/05/2015 15:00 - 05/05/2015 16:00","BZN|DK1","2693.68","2653.40"
"05/05/2015 16:00 - 05/05/2015 17:00","BZN|DK1","2631.59","2613.00"
"05/05/2015 17:00 - 05/05/2015 18:00","BZN|DK1","2737.32","2709.50"
"05/05/2015 18:00 - 05/05/2015 19:00","BZN|DK1","2639.89","2632.10"
"05/05/2015 19:00 - 05/05/2015 20:00","BZN|DK1","2500.94","2481.60"
"05/05/2015 20:00 - 05/05/2015 21:00","BZN|DK1","2373.21","2387.00"
"05/05/2015 21:00 - 05/05/2015 22:00","BZN|DK1","2304.86","2343.60"
"05/05/2015 22:00 - 05/05/2015 23:00","BZN|DK1","2147.75","2217.50"
"05/05/2015 23:00 - 06/05/2015 00:00","BZN|DK1","1941.38","1981.50"
"06/05/2015 00:00 - 06/05/2015 01:00","BZN|DK1","1811.42","1819.40"
"06/05/2015 01:00 - 06/05/2015 02:00","BZN|DK1","1757.42","1765.80"
"06/05/2015 02:00 - 06/05/2015 03:00","BZN|DK1","1722.43","1727.10"
"06/05/2015 03:00 - 06/05/2015 04:00","BZN|DK1","1757.77","1715.50"
"06/05/2015 04:00 - 06/05/2015 05:00","BZN|DK1","1789.85","1747.50"
"06/05/2015 05:00 - 06/05/2015 06:00","BZN|DK1","1858.17","1845.90"
"06/05/2015 06:00 - 06/05/2015 07:00","BZN|DK1","2179.58","2194.90"
"06/05/2015 07:00 - 06/05/2015 08:00","BZN|DK1","2563.83","2574.60"
"06/05/2015 08:00 - 06/05/2015 09:00","BZN|DK1","2722.60","2731.80"
"06/05/2015 09:00 - 06/05/2015 10:00","BZN|DK1","2750.72","2727.50"
"06/05/2015 10:00 - 06/05/2015 11:00","BZN|DK1","2795.24","2780.80"
"06/05/2015 11:00 - 06/05/2015 12:00","BZN|DK1","2784.33","2778.60"
"06/05/2015 12:00 - 06/05/2015 13:00","BZN|DK1","2732.85","2723.40"
"06/05/2015 13:00 - 06/05/2015 14:00","BZN|DK1","2770.31","2744.20"
"06/05/2015 14:00 - 06/05/2015 15:00","BZN|DK1","2698.39","2673.40"
"06/05/2015 15:00 - 06/05/2015 16:00","BZN|DK1","2580.91","2518.30"
"06/05/2015 16:00 - 06/05/2015 17:00","BZN|DK1","2516.02","2502.90"
"06/05/2015 17:00 - 06/05/2015 18:00","BZN|DK1","2664.62","2633.90"
"06/05/2015 18:00 - 06/05/2015 19:00","BZN|DK1","2594.59","2558.70"
"06/05/2015 19:00 - 06/05/2015 20:00","BZN|DK1","2473.48","2450.80"
"06/05/2015 20:00 - 06/05/2015 21:00","BZN|DK1","2320.74","2340.80"
"06/05/2015 21:00 - 06/05/2015 22:00","BZN|DK1","2264.87","2266.30"
"06/05/2015 22:00 - 06/05/2015 23:00","BZN|DK1","2136.36","2141.90"
"06/05/2015 23:00 - 07/05/2015 00:00","BZN|DK1","2006.69","1923.60"
"07/05/2015 00:00 - 07/05/2015 01:00","BZN|DK1","1819.53","1777.20"
"07/05/2015 01:00 - 07/05/2015 02:00","BZN|DK1","1803.96","1794.00"
"07/05/2015 02:00 - 07/05/2015 03:00","BZN|DK1","1794.56","1788.50"
"07/05/2015 03:00 - 07/05/2015 04:00","BZN|DK1","1818.75","1796.60"
"07/05/2015 04:00 - 07/05/2015 05:00","BZN|DK1","1861.68","1846.70"
"07/05/2015 05:00 - 07/05/2015 06:00","BZN|DK1","1966.66","1941.80"
"07/05/2015 06:00 - 07/05/2015 07:00","BZN|DK1","2295.59","2272.00"
"07/05/2015 07:00 - 07/05/2015 08:00","BZN|DK1","2665.97","2665.00"
"07/05/2015 08:00 - 07/05/2015 09:00","BZN|DK1","2817.44","2826.40"
"07/05/2015 09:00 - 07/05/2015 10:00","BZN|DK1","2818.89","2822.60"
"07/05/2015 10:00 - 07/05/2015 11:00","BZN|DK1","2883.03","2860.70"
"07/05/2015 11:00 - 07/05/2015 12:00","BZN|DK1","2878.55","2862.50"
"07/05/2015 12:00 - 07/05/2015 13:00","BZN|DK1","2774.01","2797.10"
"07/05/2015 13:00 - 07/05/2015 14:00","BZN|DK1","2799.74","2783.70"
"07/05/2015 14:00 - 07/05/2015 15:00","BZN|DK1","2734.36","2723.00"
"07/05/2015 15:00 - 07/05/2015 16:00","BZN|DK1","2595.56","2603.60"
"07/05/2015 16:00 - 07/05/2015 17:00","BZN|DK1","2532.83","2535.40"
"07/05/2015 17:00 - 07/05/2015 18:00","BZN|DK1","2671.06","2656.80"
"07/05/2015 18:00 - 07/05/2015 19:00","BZN|DK1","2586.87","2587.60"
"07/05/2015 19:00 - 07/05/2015 20:00","BZN|DK1","2472.34","2460.20"
"07/05/2015 20:00 - 07/05/2015 21:00","BZN|DK1","2371.97","2359.30"
"07/05/2015 21:00 - 07/05/2015 22:00","BZN|DK1","2325.04","2317.20"
"07/05/2015 22:00 - 07/05/2015 23:00","BZN|DK1","2188.37","2194.80"
"07/05/2015 23:00 - 08/05/2015 00:00","BZN|DK1","1948.31","1974.00"
"08/05/2015 00:00 - 08/05/2015 01:00","BZN|DK1","1810.34","1794.50"
"08/05/2015 01:00 - 08/05/2015 02:00","BZN|DK1","1724.69","1724.50"
"08/05/2015 02:00 - 08/05/2015 03:00","BZN|DK1","1760.02","1721.40"
"08/05/2015 03:00 - 08/05/2015 04:00","BZN|DK1","1801.13","1753.50"
"08/05/2015 04:00 - 08/05/2015 05:00","BZN|DK1","1881.00","1832.80"
"08/05/2015 05:00 - 08/05/2015 06:00","BZN|DK1","1968.55","1961.30"
"08/05/2015 06:00 - 08/05/2015 07:00","BZN|DK1","2294.92","2309.80"
"08/05/2015 07:00 - 08/05/2015 08:00","BZN|DK1","2683.78","2669.00"
"08/05/2015 08:00 - 08/05/2015 09:00","BZN|DK1","2776.12","2816.20"
"08/05/2015 09:00 - 08/05/2015 10:00","BZN|DK1","2764.05","2776.60"
"08/05/2015 10:00 - 08/05/2015 11:00","BZN|DK1","2801.34","2795.40"
"08/05/2015 11:00 - 08/05/2015 12:00","BZN|DK1","2772.31","2768.50"
"08/05/2015 12:00 - 08/05/2015 13:00","BZN|DK1","2641.59","2634.20"
"08/05/2015 13:00 - 08/05/2015 14:00","BZN|DK1","2571.74","2544.30"
"08/05/2015 14:00 - 08/05/2015 15:00","BZN|DK1","2407.70","2428.20"
"08/05/2015 15:00 - 08/05/2015 16:00","BZN|DK1","2302.03","2295.20"
"08/05/2015 16:00 - 08/05/2015 17:00","BZN|DK1","2281.05","2292.20"
"08/05/2015 17:00 - 08/05/2015 18:00","BZN|DK1","2393.51","2410.80"
"08/05/2015 18:00 - 08/05/2015 19:00","BZN|DK1","2376.81","2347.90"
"08/05/2015 19:00 - 08/05/2015 20:00","BZN|DK1","2205.64","2207.10"
"08/05/2015 20:00 - 08/05/2015 21:00","BZN|DK1","2070.46","2080.80"
"08/05/2015 21:00 - 08/05/2015 22:00","BZN|DK1","2018.34","2057.80"
"08/05/2015 22:00 - 08/05/2015 23:00","BZN|DK1","1964.70","1983.10"
"08/05/2015 23:00 - 09/05/2015 00:00","BZN|DK1","1809.42","1821.10"
"09/05/2015 00:00 - 09/05/2015 01:00","BZN|DK1","1667.06","1695.70"
"09/05/2015 01:00 - 09/05/2015 02:00","BZN|DK1","1589.15","1589.50"
"09/05/2015 02:00 - 09/05/2015 03:00","BZN|DK1","1549.63","1551.60"
"09/05/2015 03:00 - 09/05/2015 04:00","BZN|DK1","1559.75","1550.30"
"09/05/2015 04:00 - 09/05/2015 05:00","BZN|DK1","1576.49","1566.20"
"09/05/2015 05:00 - 09/05/2015 06:00","BZN|DK1","1561.06","1565.90"
"09/05/2015 06:00 - 09/05/2015 07:00","BZN|DK1","1671.14","1667.20"
"09/05/2015 07:00 - 09/05/2015 08:00","BZN|DK1","1845.69","1860.00"
"09/05/2015 08:00 - 09/05/2015 09:00","BZN|DK1","2031.59","2035.10"
"09/05/2015 09:00 - 09/05/2015 10:00","BZN|DK1","2162.11","2150.40"
"09/05/2015 10:00 - 09/05/2015 11:00","BZN|DK1","2246.02","2231.30"
"09/05/2015 11:00 - 09/05/2015 12:00","BZN|DK1","2268.12","2232.90"
"09/05/2015 12:00 - 09/05/2015 13:00","BZN|DK1","2206.30","2204.70"
"09/05/2015 13:00 - 09/05/2015 14:00","BZN|DK1","2207.80","2169.30"
"09/05/2015 14:00 - 09/05/2015 15:00","BZN|DK1","2184.02","2177.60"
"09/05/2015 15:00 - 09/05/2015 16:00","BZN|DK1","2133.63","2133.00"
"09/05/2015 16:00 - 09/05/2015 17:00","BZN|DK1","2127.79","2141.80"
"09/05/2015 17:00 - 09/05/2015 18:00","BZN|DK1","2309.55","2273.80"
"09/05/2015 18:00 - 09/05/2015 19:00","BZN|DK1","2318.20","2285.00"
"09/05/2015 19:00 - 09/05/2015 20:00","BZN|DK1","2160.23","2148.30"
"09/05/2015 20:00 - 09/05/2015 21:00","BZN|DK1","2024.72","2042.90"
"09/05/2015 21:00 - 09/05/2015 22:00","BZN|DK1","1977.30","2007.30"
"09/05/2015 22:00 - 09/05/2015 23:00","BZN|DK1","1898.66","1942.20"
"09/05/2015 23:00 - 10/05/2015 00:00","BZN|DK1","1785.83","1794.40"
"10/05/2015 00:00 - 10/05/2015 01:00","BZN|DK1","1678.30","1607.80"
"10/05/2015 01:00 - 10/05/2015 02:00","BZN|DK1","1635.38","1581.60"
"10/05/2015 02:00 - 10/05/2015 03:00","BZN|DK1","1616.57","1576.40"
"10/05/2015 03:00 - 10/05/2015 04:00","BZN|DK1","1611.98","1579.60"
"10/05/2015 04:00 - 10/05/2015 05:00","BZN|DK1","1587.82","1583.70"
"10/05/2015 05:00 - 10/05/2015 06:00","BZN|DK1","1619.78","1561.50"
"10/05/2015 06:00 - 10/05/2015 07:00","BZN|DK1","1677.58","1656.70"
"10/05/2015 07:00 - 10/05/2015 08:00","BZN|DK1","1829.36","1815.50"
"10/05/2015 08:00 - 10/05/2015 09:00","BZN|DK1","2018.68","1993.80"
"10/05/2015 09:00 - 10/05/2015 10:00","BZN|DK1","2094.52","2102.40"
"10/05/2015 10:00 - 10/05/2015 11:00","BZN|DK1","2157.36","2133.90"
"10/05/2015 11:00 - 10/05/2015 12:00","BZN|DK1","2153.85","2167.40"
"10/05/2015 12:00 - 10/05/2015 13:00","BZN|DK1","2094.52","2119.30"
"10/05/2015 13:00 - 10/05/2015 14:00","BZN|DK1","2052.37","2067.30"
"10/05/2015 14:00 - 10/05/2015 15:00","BZN|DK1","1992.99","2014.90"
"10/05/2015 15:00 - 10/05/2015 16:00","BZN|DK1","1962.57","1980.20"
"10/05/2015 16:00 - 10/05/2015 17:00","BZN|DK1","1973.54","2013.80"
"10/05/2015 17:00 - 10/05/2015 18:00","BZN|DK1","2122.92","2148.30"
"10/05/2015 18:00 - 10/05/2015 19:00","BZN|DK1","2141.37","2128.70"
"10/05/2015 19:00 - 10/05/2015 20:00","BZN|DK1","2035.83","2034.00"
"10/05/2015 20:00 - 10/05/2015 21:00","BZN|DK1","1994.70","1962.80"
"10/05/2015 21:00 - 10/05/2015 22:00","BZN|DK1","1981.06","1965.30"
"10/05/2015 22:00 - 10/05/2015 23:00","BZN|DK1","1932.24","1907.50"
"10/05/2015 23:00 - 11/05/2015 00:00","BZN|DK1","1792.27","1754.90"
"11/05/2015 00:00 - 11/05/2015 01:00","BZN|DK1","1677.38","1663.30"
"11/05/2015 01:00 - 11/05/2015 02:00","BZN|DK1","1624.64","1612.00"
"11/05/2015 02:00 - 11/05/2015 03:00","BZN|DK1","1623.95","1603.00"
"11/05/2015 03:00 - 11/05/2015 04:00","BZN|DK1","1649.97","1634.60"
"11/05/2015 04:00 - 11/05/2015 05:00","BZN|DK1","1716.13","1700.40"
"11/05/2015 05:00 - 11/05/2015 06:00","BZN|DK1","1812.48","1807.90"
"11/05/2015 06:00 - 11/05/2015 07:00","BZN|DK1","2135.43","2137.10"
"11/05/2015 07:00 - 11/05/2015 08:00","BZN|DK1","2548.30","2528.90"
"11/05/2015 08:00 - 11/05/2015 09:00","BZN|DK1","2727.02","2724.00"
"11/05/2015 09:00 - 11/05/2015 10:00","BZN|DK1","2732.43","2738.50"
"11/05/2015 10:00 - 11/05/2015 11:00","BZN|DK1","2813.78","2786.40"
"11/05/2015 11:00 - 11/05/2015 12:00","BZN|DK1","2770.30","2811.20"
"11/05/2015 12:00 - 11/05/2015 13:00","BZN|DK1","2668.66","2696.00"
"11/05/2015 13:00 - 11/05/2015 14:00","BZN|DK1","2724.38","2676.80"
"11/05/2015 14:00 - 11/05/2015 15:00","BZN|DK1","2643.06","2650.90"
"11/05/2015 15:00 - 11/05/2015 16:00","BZN|DK1","2506.76","2494.10"
"11/05/2015 16:00 - 11/05/2015 17:00","BZN|DK1","2483.90","2449.00"
"11/05/2015 17:00 - 11/05/2015 18:00","BZN|DK1","2615.31","2574.00"
"11/05/2015 18:00 - 11/05/2015 19:00","BZN|DK1","2555.83","2530.00"
"11/05/2015 19:00 - 11/05/2015 20:00","BZN|DK1","2432.77","2414.70"
"11/05/2015 20:00 - 11/05/2015 21:00","BZN|DK1","2335.20","2308.20"
"11/05/2015 21:00 - 11/05/2015 22:00","BZN|DK1","2281.03","2257.80"
"11/05/2015 22:00 - 11/05/2015 23:00","BZN|DK1","2156.58","2168.00"
"11/05/2015 23:00 - 12/05/2015 00:00","BZN|DK1","1933.72","1943.30"
"12/05/2015 00:00 - 12/05/2015 01:00","BZN|DK1","1771.45","1717.00"
"12/05/2015 01:00 - 12/05/2015 02:00","BZN|DK1","1723.42","1702.80"
"12/05/2015 02:00 - 12/05/2015 03:00","BZN|DK1","1682.01","1683.50"
"12/05/2015 03:00 - 12/05/2015 04:00","BZN|DK1","1702.38","1685.90"
"12/05/2015 04:00 - 12/05/2015 05:00","BZN|DK1","1749.84","1743.30"
"12/05/2015 05:00 - 12/05/2015 06:00","BZN|DK1","1840.28","1842.20"
"12/05/2015 06:00 - 12/05/2015 07:00","BZN|DK1","2186.61","2170.10"
"12/05/2015 07:00 - 12/05/2015 08:00","BZN|DK1","2603.35","2559.40"
"12/05/2015 08:00 - 12/05/2015 09:00","BZN|DK1","2777.38","2719.40"
"12/05/2015 09:00 - 12/05/2015 10:00","BZN|DK1","2776.21","2782.30"
"12/05/2015 10:00 - 12/05/2015 11:00","BZN|DK1","2854.26","2841.30"
"12/05/2015 11:00 - 12/05/2015 12:00","BZN|DK1","2834.19","2831.30"
"12/05/2015 12:00 - 12/05/2015 13:00","BZN|DK1","2797.04","2775.30"
"12/05/2015 13:00 - 12/05/2015 14:00","BZN|DK1","2785.07","2813.40"
"12/05/2015 14:00 - 12/05/2015 15:00","BZN|DK1","2734.19","2709.40"
"12/05/2015 15:00 - 12/05/2015 16:00","BZN|DK1","2624.37","2611.40"
"12/05/2015 16:00 - 12/05/2015 17:00","BZN|DK1","2638.73","2617.20"
"12/05/2015 17:00 - 12/05/2015 18:00","BZN|DK1","2799.74","2734.00"
"12/05/2015 18:00 - 12/05/2015 19:00","BZN|DK1","2723.54","2694.30"
"12/05/2015 19:00 - 12/05/2015 20:00","BZN|DK1","2581.31","2550.90"
"12/05/2015 20:00 - 12/05/2015 21:00","BZN|DK1","2437.73","2430.60"
"12/05/2015 21:00 - 12/05/2015 22:00","BZN|DK1","2337.64","2368.20"
"12/05/2015 22:00 - 12/05/2015 23:00","BZN|DK1","2159.29","2255.80"
"12/05/2015 23:00 - 13/05/2015 00:00","BZN|DK1","1946.56","2003.30"
"13/05/2015 00:00 - 13/05/2015 01:00","BZN|DK1","1828.79","1780.80"
"13/05/2015 01:00 - 13/05/2015 02:00","BZN|DK1","1794.55","1732.70"
"13/05/2015 02:00 - 13/05/2015 03:00","BZN|DK1","1775.33","1748.30"
"13/05/2015 03:00 - 13/05/2015 04:00","BZN|DK1","1797.68","1769.50"
"13/05/2015 04:00 - 13/05/2015 05:00","BZN|DK1","1840.72","1824.00"
"13/05/2015 05:00 - 13/05/2015 06:00","BZN|DK1","1877.83","1896.50"
"13/05/2015 06:00 - 13/05/2015 07:00","BZN|DK1","2252.60","2235.10"
"13/05/2015 07:00 - 13/05/2015 08:00","BZN|DK1","2629.32","2653.40"
"13/05/2015 08:00 - 13/05/2015 09:00","BZN|DK1","2854.48","2818.30"
"13/05/2015 09:00 - 13/05/2015 10:00","BZN|DK1","2876.75","2845.50"
"13/05/2015 10:00 - 13/05/2015 11:00","BZN|DK1","2933.36","2915.80"
"13/05/2015 11:00 - 13/05/2015 12:00","BZN|DK1","2889.87","2905.30"
"13/05/2015 12:00 - 13/05/2015 13:00","BZN|DK1","2801.46","2813.80"
"13/05/2015 13:00 - 13/05/2015 14:00","BZN|DK1","2799.60","2806.00"
"13/05/2015 14:00 - 13/05/2015 15:00","BZN|DK1","2741.73","2729.00"
"13/05/2015 15:00 - 13/05/2015 16:00","BZN|DK1","2642.82","2623.40"
"13/05/2015 16:00 - 13/05/2015 17:00","BZN|DK1","2608.98","2587.00"
"13/05/2015 17:00 - 13/05/2015 18:00","BZN|DK1","2667.02","2685.80"
"13/05/2015 18:00 - 13/05/2015 19:00","BZN|DK1","2619.04","2605.30"
"13/05/2015 19:00 - 13/05/2015 20:00","BZN|DK1","2454.00","2476.00"
"13/05/2015 20:00 - 13/05/2015 21:00","BZN|DK1","2337.39","2343.80"
"13/05/2015 21:00 - 13/05/2015 22:00","BZN|DK1","2227.35","2278.80"
"13/05/2015 22:00 - 13/05/2015 23:00","BZN|DK1","2098.85","2183.80"
"13/05/2015 23:00 - 14/05/2015 00:00","BZN|DK1","1899.74","1968.10"
"14/05/2015 00:00 - 14/05/2015 01:00","BZN|DK1","1748.38","1739.90"
"14/05/2015 01:00 - 14/05/2015 02:00","BZN|DK1","1662.71","1654.00"
"14/05/2015 02:00 - 14/05/2015 03:00","BZN|DK1","1614.07","1609.40"
"14/05/2015 03:00 - 14/05/2015 04:00","BZN|DK1","1599.81","1591.50"
"14/05/2015 04:00 - 14/05/2015 05:00","BZN|DK1","1617.78","1590.50"
"14/05/2015 05:00 - 14/05/2015 06:00","BZN|DK1","1626.43","1603.80"
"14/05/2015 06:00 - 14/05/2015 07:00","BZN|DK1","1722.35","1702.50"
"14/05/2015 07:00 - 14/05/2015 08:00","BZN|DK1","1937.28","1899.30"
"14/05/2015 08:00 - 14/05/2015 09:00","BZN|DK1","2106.93","2118.10"
"14/05/2015 09:00 - 14/05/2015 10:00","BZN|DK1","2162.33","2211.90"
"14/05/2015 10:00 - 14/05/2015 11:00","BZN|DK1","2181.40","2196.00"
"14/05/2015 11:00 - 14/05/2015 12:00","BZN|DK1","2153.79","2167.00"
"14/05/2015 12:00 - 14/05/2015 13:00","BZN|DK1","2109.60","2101.00"
"14/05/2015 13:00 - 14/05/2015 14:00","BZN|DK1","2034.64","2054.60"
"14/05/2015 14:00 - 14/05/2015 15:00","BZN|DK1","1984.05","2010.60"
"14/05/2015 15:00 - 14/05/2015 16:00","BZN|DK1","1966.08","1963.70"
"14/05/2015 16:00 - 14/05/2015 17:00","BZN|DK1","1986.31","1992.30"
"14/05/2015 17:00 - 14/05/2015 18:00","BZN|DK1","2162.22","2141.90"
"14/05/2015 18:00 - 14/05/2015 19:00","BZN|DK1","2169.27","2153.70"
"14/05/2015 19:00 - 14/05/2015 20:00","BZN|DK1","2048.69","2036.20"
"14/05/2015 20:00 - 14/05/2015 21:00","BZN|DK1","1978.13","1964.80"
"14/05/2015 21:00 - 14/05/2015 22:00","BZN|DK1","1939.55","1916.50"
"14/05/2015 22:00 - 14/05/2015 23:00","BZN|DK1","1900.13","1887.00"
"14/05/2015 23:00 - 15/05/2015 00:00","BZN|DK1","1768.93","1757.70"
"15/05/2015 00:00 - 15/05/2015 01:00","BZN|DK1","1627.23","1615.00"
"15/05/2015 01:00 - 15/05/2015 02:00","BZN|DK1","1547.99","1535.10"
"15/05/2015 02:00 - 15/05/2015 03:00","BZN|DK1","1525.07","1514.90"
"15/05/2015 03:00 - 15/05/2015 04:00","BZN|DK1","1521.71","1522.50"
"15/05/2015 04:00 - 15/05/2015 05:00","BZN|DK1","1555.46","1535.00"
"15/05/2015 05:00 - 15/05/2015 06:00","BZN|DK1","1588.85","1586.60"
"15/05/2015 06:00 - 15/05/2015 07:00","BZN|DK1","1782.89","1762.50"
"15/05/2015 07:00 - 15/05/2015 08:00","BZN|DK1","2032.50","2033.70"
"15/05/2015 08:00 - 15/05/2015 09:00","BZN|DK1","2236.52","2238.70"
"15/05/2015 09:00 - 15/05/2015 10:00","BZN|DK1","2313.22","2330.50"
"15/05/2015 10:00 - 15/05/2015 11:00","BZN|DK1","2341.97","2367.20"
"15/05/2015 11:00 - 15/05/2015 12:00","BZN|DK1","2335.19","2341.20"
"15/05/2015 12:00 - 15/05/2015 13:00","BZN|DK1","2277.58","2297.90"
"15/05/2015 13:00 - 15/05/2015 14:00","BZN|DK1","2252.35","2235.70"
"15/05/2015 14:00 - 15/05/2015 15:00","BZN|DK1","2181.22","2179.10"
"15/05/2015 15:00 - 15/05/2015 16:00","BZN|DK1","2115.15","2123.30"
"15/05/2015 16:00 - 15/05/2015 17:00","BZN|DK1","2137.71","2128.00"
"15/05/2015 17:00 - 15/05/2015 18:00","BZN|DK1","2235.25","2223.60"
"15/05/2015 18:00 - 15/05/2015 19:00","BZN|DK1","2241.15","2197.20"
"15/05/2015 19:00 - 15/05/2015 20:00","BZN|DK1","2078.12","2086.00"
"15/05/2015 20:00 - 15/05/2015 21:00","BZN|DK1","1956.07","1959.80"
"15/05/2015 21:00 - 15/05/2015 22:00","BZN|DK1","1915.74","1889.90"
"15/05/2015 22:00 - 15/05/2015 23:00","BZN|DK1","1876.00","1868.80"
"15/05/2015 23:00 - 16/05/2015 00:00","BZN|DK1","1720.23","1753.30"
"16/05/2015 00:00 - 16/05/2015 01:00","BZN|DK1","1611.63","1621.50"
"16/05/2015 01:00 - 16/05/2015 02:00","BZN|DK1","1544.09","1543.30"
"16/05/2015 02:00 - 16/05/2015 03:00","BZN|DK1","1498.73","1506.30"
"16/05/2015 03:00 - 16/05/2015 04:00","BZN|DK1","1493.21","1493.80"
"16/05/2015 04:00 - 16/05/2015 05:00","BZN|DK1","1490.45","1483.60"
"16/05/2015 05:00 - 16/05/2015 06:00","BZN|DK1","1505.13","1489.60"
"16/05/2015 06:00 - 16/05/2015 07:00","BZN|DK1","1593.24","1602.50"
"16/05/2015 07:00 - 16/05/2015 08:00","BZN|DK1","1809.55","1803.20"
"16/05/2015 08:00 - 16/05/2015 09:00","BZN|DK1","1982.31","2007.80"
"16/05/2015 09:00 - 16/05/2015 10:00","BZN|DK1","2076.78","2097.50"
"16/05/2015 10:00 - 16/05/2015 11:00","BZN|DK1","2135.24","2135.60"
"16/05/2015 11:00 - 16/05/2015 12:00","BZN|DK1","2137.28","2122.50"
"16/05/2015 12:00 - 16/05/2015 13:00","BZN|DK1","2113.61","2063.80"
"16/05/2015 13:00 - 16/05/2015 14:00","BZN|DK1","2096.00","2043.10"
"16/05/2015 14:00 - 16/05/2015 15:00","BZN|DK1","2069.21","2018.60"
"16/05/2015 15:00 - 16/05/2015 16:00","BZN|DK1","2032.18","2000.00"
"16/05/2015 16:00 - 16/05/2015 17:00","BZN|DK1","2056.88","2037.20"
"16/05/2015 17:00 - 16/05/2015 18:00","BZN|DK1","2206.67","2186.90"
"16/05/2015 18:00 - 16/05/2015 19:00","BZN|DK1","2161.93","2178.20"
"16/05/2015 19:00 - 16/05/2015 20:00","BZN|DK1","2004.56","2016.30"
"16/05/2015 20:00 - 16/05/2015 21:00","BZN|DK1","1888.27","1903.10"
"16/05/2015 21:00 - 16/05/2015 22:00","BZN|DK1","1831.33","1844.40"
"16/05/2015 22:00 - 16/05/2015 23:00","BZN|DK1","1833.18","1822.30"
"16/05/2015 23:00 - 17/05/2015 00:00","BZN|DK1","1706.64","1712.80"
"17/05/2015 00:00 - 17/05/2015 01:00","BZN|DK1","1584.85","1600.80"
"17/05/2015 01:00 - 17/05/2015 02:00","BZN|DK1","1509.40","1482.70"
"17/05/2015 02:00 - 17/05/2015 03:00","BZN|DK1","1501.54","1484.80"
"17/05/2015 03:00 - 17/05/2015 04:00","BZN|DK1","1531.61","1501.50"
"17/05/2015 04:00 - 17/05/2015 05:00","BZN|DK1","1516.21","1513.30"
"17/05/2015 05:00 - 17/05/2015 06:00","BZN|DK1","1507.83","1491.80"
"17/05/2015 06:00 - 17/05/2015 07:00","BZN|DK1","1559.74","1582.90"
"17/05/2015 07:00 - 17/05/2015 08:00","BZN|DK1","1660.46","1728.00"
"17/05/2015 08:00 - 17/05/2015 09:00","BZN|DK1","1868.79","1891.50"
"17/05/2015 09:00 - 17/05/2015 10:00","BZN|DK1","1966.12","1970.70"
"17/05/2015 10:00 - 17/05/2015 11:00","BZN|DK1","2033.76","2021.20"
"17/05/2015 11:00 - 17/05/2015 12:00","BZN|DK1","2064.18","2033.50"
"17/05/2015 12:00 - 17/05/2015 13:00","BZN|DK1","2061.00","2016.20"
"17/05/2015 13:00 - 17/05/2015 14:00","BZN|DK1","2047.43","2028.40"
"17/05/2015 14:00 - 17/05/2015 15:00","BZN|DK1","2025.53","2027.50"
"17/05/2015 15:00 - 17/05/2015 16:00","BZN|DK1","1956.45","1980.00"
"17/05/2015 16:00 - 17/05/2015 17:00","BZN|DK1","2039.29","2023.90"
"17/05/2015 17:00 - 17/05/2015 18:00","BZN|DK1","2230.56","2230.00"
"17/05/2015 18:00 - 17/05/2015 19:00","BZN|DK1","2156.05","2210.30"
"17/05/2015 19:00 - 17/05/2015 20:00","BZN|DK1","2036.43","2053.80"
"17/05/2015 20:00 - 17/05/2015 21:00","BZN|DK1","1940.61","1959.60"
"17/05/2015 21:00 - 17/05/2015 22:00","BZN|DK1","1906.12","1918.20"
"17/05/2015 22:00 - 17/05/2015 23:00","BZN|DK1","1872.33","1872.00"
"17/05/2015 23:00 - 18/05/2015 00:00","BZN|DK1","1712.26","1725.80"
"18/05/2015 00:00 - 18/05/2015 01:00","BZN|DK1","1634.75","1599.30"
"18/05/2015 01:00 - 18/05/2015 02:00","BZN|DK1","1588.86","1585.20"
"18/05/2015 02:00 - 18/05/2015 03:00","BZN|DK1","1557.34","1559.10"
"18/05/2015 03:00 - 18/05/2015 04:00","BZN|DK1","1567.10","1569.10"
"18/05/2015 04:00 - 18/05/2015 05:00","BZN|DK1","1624.65","1609.30"
"18/05/2015 05:00 - 18/05/2015 06:00","BZN|DK1","1718.97","1730.00"
"18/05/2015 06:00 - 18/05/2015 07:00","BZN|DK1","2105.61","2111.80"
"18/05/2015 07:00 - 18/05/2015 08:00","BZN|DK1","2514.60","2532.70"
"18/05/2015 08:00 - 18/05/2015 09:00","BZN|DK1","2709.98","2724.00"
"18/05/2015 09:00 - 18/05/2015 10:00","BZN|DK1","2710.88","2736.40"
"18/05/2015 10:00 - 18/05/2015 11:00","BZN|DK1","2799.98","2805.90"
"18/05/2015 11:00 - 18/05/2015 12:00","BZN|DK1","2804.44","2809.80"
"18/05/2015 12:00 - 18/05/2015 13:00","BZN|DK1","2737.77","2745.00"
"18/05/2015 13:00 - 18/05/2015 14:00","BZN|DK1","2773.70","2765.30"
"18/05/2015 14:00 - 18/05/2015 15:00","BZN|DK1","2739.33","2736.20"
"18/05/2015 15:00 - 18/05/2015 16:00","BZN|DK1","2589.90","2598.00"
"18/05/2015 16:00 - 18/05/2015 17:00","BZN|DK1","2571.08","2536.60"
"18/05/2015 17:00 - 18/05/2015 18:00","BZN|DK1","2695.68","2661.10"
"18/05/2015 18:00 - 18/05/2015 19:00","BZN|DK1","2652.37","2602.30"
"18/05/2015 19:00 - 18/05/2015 20:00","BZN|DK1","2518.82","2491.10"
"18/05/2015 20:00 - 18/05/2015 21:00","BZN|DK1","2384.63","2357.30"
"18/05/2015 21:00 - 18/05/2015 22:00","BZN|DK1","2308.04","2248.50"
"18/05/2015 22:00 - 18/05/2015 23:00","BZN|DK1","2162.48","2159.60"
"18/05/2015 23:00 - 19/05/2015 00:00","BZN|DK1","1982.08","1916.50"
"19/05/2015 00:00 - 19/05/2015 01:00","BZN|DK1","1895.49","1807.40"
"19/05/2015 01:00 - 19/05/2015 02:00","BZN|DK1","1772.28","1790.00"
"19/05/2015 02:00 - 19/05/2015 03:00","BZN|DK1","1725.68","1736.10"
"19/05/2015 03:00 - 19/05/2015 04:00","BZN|DK1","1723.91","1709.80"
"19/05/2015 04:00 - 19/05/2015 05:00","BZN|DK1","1805.94","1749.00"
"19/05/2015 05:00 - 19/05/2015 06:00","BZN|DK1","1887.88","1875.80"
"19/05/2015 06:00 - 19/05/2015 07:00","BZN|DK1","2213.21","2227.50"
"19/05/2015 07:00 - 19/05/2015 08:00","BZN|DK1","2601.68","2611.30"
"19/05/2015 08:00 - 19/05/2015 09:00","BZN|DK1","2762.82","2779.00"
"19/05/2015 09:00 - 19/05/2015 10:00","BZN|DK1","2750.37","2762.60"
"19/05/2015 10:00 - 19/05/2015 11:00","BZN|DK1","2864.76","2834.10"
"19/05/2015 11:00 - 19/05/2015 12:00","BZN|DK1","2846.73","2863.50"
"19/05/2015 12:00 - 19/05/2015 13:00","BZN|DK1","2755.97","2767.50"
"19/05/2015 13:00 - 19/05/2015 14:00","BZN|DK1","2779.62","2779.20"
"19/05/2015 14:00 - 19/05/2015 15:00","BZN|DK1","2686.86","2697.30"
"19/05/2015 15:00 - 19/05/2015 16:00","BZN|DK1","2575.99","2572.20"
"19/05/2015 16:00 - 19/05/2015 17:00","BZN|DK1","2452.43","2480.90"
"19/05/2015 17:00 - 19/05/2015 18:00","BZN|DK1","2535.99","2530.30"
"19/05/2015 18:00 - 19/05/2015 19:00","BZN|DK1","2492.96","2487.50"
"19/05/2015 19:00 - 19/05/2015 20:00","BZN|DK1","2400.46","2368.00"
"19/05/2015 20:00 - 19/05/2015 21:00","BZN|DK1","2408.76","2348.60"
"19/05/2015 21:00 - 19/05/2015 22:00","BZN|DK1","2322.61","2292.20"
"19/05/2015 22:00 - 19/05/2015 23:00","BZN|DK1","2164.88","2225.60"
"19/05/2015 23:00 - 20/05/2015 00:00","BZN|DK1","1963.18","1996.90"
"20/05/2015 00:00 - 20/05/2015 01:00","BZN|DK1","1816.78","1768.90"
"20/05/2015 01:00 - 20/05/2015 02:00","BZN|DK1","1744.06","1738.30"
"20/05/2015 02:00 - 20/05/2015 03:00","BZN|DK1","1717.57","1717.60"
"20/05/2015 03:00 - 20/05/2015 04:00","BZN|DK1","1719.87","1718.80"
"20/05/2015 04:00 - 20/05/2015 05:00","BZN|DK1","1783.06","1750.10"
"20/05/2015 05:00 - 20/05/2015 06:00","BZN|DK1","1849.97","1853.30"
"20/05/2015 06:00 - 20/05/2015 07:00","BZN|DK1","2212.81","2205.50"
"20/05/2015 07:00 - 20/05/2015 08:00","BZN|DK1","2611.89","2588.90"
"20/05/2015 08:00 - 20/05/2015 09:00","BZN|DK1","2758.65","2788.30"
"20/05/2015 09:00 - 20/05/2015 10:00","BZN|DK1","2768.20","2768.30"
"20/05/2015 10:00 - 20/05/2015 11:00","BZN|DK1","2830.41","2841.10"
"20/05/2015 11:00 - 20/05/2015 12:00","BZN|DK1","2826.36","2838.50"
"20/05/2015 12:00 - 20/05/2015 13:00","BZN|DK1","2744.70","2771.60"
"20/05/2015 13:00 - 20/05/2015 14:00","BZN|DK1","2761.64","2753.00"
"20/05/2015 14:00 - 20/05/2015 15:00","BZN|DK1","2755.25","2718.00"
"20/05/2015 15:00 - 20/05/2015 16:00","BZN|DK1","2606.12","2616.90"
"20/05/2015 16:00 - 20/05/2015 17:00","BZN|DK1","2583.90","2555.50"
"20/05/2015 17:00 - 20/05/2015 18:00","BZN|DK1","2694.60","2688.00"
"20/05/2015 18:00 - 20/05/2015 19:00","BZN|DK1","2586.30","2587.10"
"20/05/2015 19:00 - 20/05/2015 20:00","BZN|DK1","2446.95","2461.30"
"20/05/2015 20:00 - 20/05/2015 21:00","BZN|DK1","2308.43","2334.60"
"20/05/2015 21:00 - 20/05/2015 22:00","BZN|DK1","2212.93","2248.90"
"20/05/2015 22:00 - 20/05/2015 23:00","BZN|DK1","2149.39","2208.50"
"20/05/2015 23:00 - 21/05/2015 00:00","BZN|DK1","1964.58","2002.60"
"21/05/2015 00:00 - 21/05/2015 01:00","BZN|DK1","1812.42","1759.30"
"21/05/2015 01:00 - 21/05/2015 02:00","BZN|DK1","1752.62","1730.50"
"21/05/2015 02:00 - 21/05/2015 03:00","BZN|DK1","1729.28","1721.10"
"21/05/2015 03:00 - 21/05/2015 04:00","BZN|DK1","1730.11","1712.70"
"21/05/2015 04:00 - 21/05/2015 05:00","BZN|DK1","1754.95","1743.30"
"21/05/2015 05:00 - 21/05/2015 06:00","BZN|DK1","1859.50","1839.10"
"21/05/2015 06:00 - 21/05/2015 07:00","BZN|DK1","2220.60","2210.00"
"21/05/2015 07:00 - 21/05/2015 08:00","BZN|DK1","2607.19","2596.70"
"21/05/2015 08:00 - 21/05/2015 09:00","BZN|DK1","2756.57","2772.20"
"21/05/2015 09:00 - 21/05/2015 10:00","BZN|DK1","2779.26","2771.00"
"21/05/2015 10:00 - 21/05/2015 11:00","BZN|DK1","2832.65","2849.90"
"21/05/2015 11:00 - 21/05/2015 12:00","BZN|DK1","2823.73","2833.00"
"21/05/2015 12:00 - 21/05/2015 13:00","BZN|DK1","2752.51","2756.30"
"21/05/2015 13:00 - 21/05/2015 14:00","BZN|DK1","2774.84","2774.30"
"21/05/2015 14:00 - 21/05/2015 15:00","BZN|DK1","2710.66","2712.50"
"21/05/2015 15:00 - 21/05/2015 16:00","BZN|DK1","2597.45","2584.10"
"21/05/2015 16:00 - 21/05/2015 17:00","BZN|DK1","2524.74","2540.10"
"21/05/2015 17:00 - 21/05/2015 18:00","BZN|DK1","2609.53","2615.30"
"21/05/2015 18:00 - 21/05/2015 19:00","BZN|DK1","2526.78","2511.00"
"21/05/2015 19:00 - 21/05/2015 20:00","BZN|DK1","2419.89","2410.30"
"21/05/2015 20:00 - 21/05/2015 21:00","BZN|DK1","2287.54","2314.80"
"21/05/2015 21:00 - 21/05/2015 22:00","BZN|DK1","2206.79","2212.30"
"21/05/2015 22:00 - 21/05/2015 23:00","BZN|DK1","2139.20","2159.90"
"21/05/2015 23:00 - 22/05/2015 00:00","BZN|DK1","1953.80","1959.50"
"22/05/2015 00:00 - 22/05/2015 01:00","BZN|DK1","1797.52","1762.70"
"22/05/2015 01:00 - 22/05/2015 02:00","BZN|DK1","1733.92","1710.00"
"22/05/2015 02:00 - 22/05/2015 03:00","BZN|DK1","1718.44","1691.10"
"22/05/2015 03:00 - 22/05/2015 04:00","BZN|DK1","1719.89","1702.50"
"22/05/2015 04:00 - 22/05/2015 05:00","BZN|DK1","1751.66","1718.70"
"22/05/2015 05:00 - 22/05/2015 06:00","BZN|DK1","1856.73","1831.00"
"22/05/2015 06:00 - 22/05/2015 07:00","BZN|DK1","2204.40","2176.00"
"22/05/2015 07:00 - 22/05/2015 08:00","BZN|DK1","2593.39","2562.60"
"22/05/2015 08:00 - 22/05/2015 09:00","BZN|DK1","2750.04","2741.80"
"22/05/2015 09:00 - 22/05/2015 10:00","BZN|DK1","2770.54","2753.80"
"22/05/2015 10:00 - 22/05/2015 11:00","BZN|DK1","2821.98","2808.60"
"22/05/2015 11:00 - 22/05/2015 12:00","BZN|DK1","2775.34","2784.10"
"22/05/2015 12:00 - 22/05/2015 13:00","BZN|DK1","2664.37","2666.70"
"22/05/2015 13:00 - 22/05/2015 14:00","BZN|DK1","2615.59","2593.00"
"22/05/2015 14:00 - 22/05/2015 15:00","BZN|DK1","2471.79","2473.70"
"22/05/2015 15:00 - 22/05/2015 16:00","BZN|DK1","2345.23","2345.50"
"22/05/2015 16:00 - 22/05/2015 17:00","BZN|DK1","2319.24","2321.70"
"22/05/2015 17:00 - 22/05/2015 18:00","BZN|DK1","2433.34","2408.20"
"22/05/2015 18:00 - 22/05/2015 19:00","BZN|DK1","2396.75","2390.10"
"22/05/2015 19:00 - 22/05/2015 20:00","BZN|DK1","2278.85","2248.30"
"22/05/2015 20:00 - 22/05/2015 21:00","BZN|DK1","2153.65","2147.80"
"22/05/2015 21:00 - 22/05/2015 22:00","BZN|DK1","2061.38","2060.80"
"22/05/2015 22:00 - 22/05/2015 23:00","BZN|DK1","1966.45","2030.40"
"22/05/2015 23:00 - 23/05/2015 00:00","BZN|DK1","1833.82","1886.30"
"23/05/2015 00:00 - 23/05/2015 01:00","BZN|DK1","1696.32","1652.70"
"23/05/2015 01:00 - 23/05/2015 02:00","BZN|DK1","1622.27","1596.60"
"23/05/2015 02:00 - 23/05/2015 03:00","BZN|DK1","1571.61","1562.10"
"23/05/2015 03:00 - 23/05/2015 04:00","BZN|DK1","1572.42","1548.00"
"23/05/2015 04:00 - 23/05/2015 05:00","BZN|DK1","1553.83","1531.60"
"23/05/2015 05:00 - 23/05/2015 06:00","BZN|DK1","1562.65","1539.20"
"23/05/2015 06:00 - 23/05/2015 07:00","BZN|DK1","1659.21","1661.50"
"23/05/2015 07:00 - 23/05/2015 08:00","BZN|DK1","1842.34","1819.00"
"23/05/2015 08:00 - 23/05/2015 09:00","BZN|DK1","2033.34","2022.20"
"23/05/2015 09:00 - 23/05/2015 10:00","BZN|DK1","2152.40","2140.50"
"23/05/2015 10:00 - 23/05/2015 11:00","BZN|DK1","2194.36","2170.70"
"23/05/2015 11:00 - 23/05/2015 12:00","BZN|DK1","2159.52","2168.40"
"23/05/2015 12:00 - 23/05/2015 13:00","BZN|DK1","2099.26","2100.90"
"23/05/2015 13:00 - 23/05/2015 14:00","BZN|DK1","2036.38","2048.70"
"23/05/2015 14:00 - 23/05/2015 15:00","BZN|DK1","1985.54","1996.90"
"23/05/2015 15:00 - 23/05/2015 16:00","BZN|DK1","1957.16","1942.00"
"23/05/2015 16:00 - 23/05/2015 17:00","BZN|DK1","1976.00","1954.20"
"23/05/2015 17:00 - 23/05/2015 18:00","BZN|DK1","2124.89","2110.80"
"23/05/2015 18:00 - 23/05/2015 19:00","BZN|DK1","2132.65","2130.30"
"23/05/2015 19:00 - 23/05/2015 20:00","BZN|DK1","1998.66","2001.70"
"23/05/2015 20:00 - 23/05/2015 21:00","BZN|DK1","1900.64","1917.80"
"23/05/2015 21:00 - 23/05/2015 22:00","BZN|DK1","1822.77","1832.70"
"23/05/2015 22:00 - 23/05/2015 23:00","BZN|DK1","1828.56","1834.40"
"23/05/2015 23:00 - 24/05/2015 00:00","BZN|DK1","1722.43","1748.30"
"24/05/2015 00:00 - 24/05/2015 01:00","BZN|DK1","1614.18","1639.10"
"24/05/2015 01:00 - 24/05/2015 02:00","BZN|DK1","1531.02","1519.80"
"24/05/2015 02:00 - 24/05/2015 03:00","BZN|DK1","1488.82","1476.90"
"24/05/2015 03:00 - 24/05/2015 04:00","BZN|DK1","1461.39","1467.50"
"24/05/2015 04:00 - 24/05/2015 05:00","BZN|DK1","1433.05","1438.80"
"24/05/2015 05:00 - 24/05/2015 06:00","BZN|DK1","1421.57","1424.10"
"24/05/2015 06:00 - 24/05/2015 07:00","BZN|DK1","1471.36","1468.80"
"24/05/2015 07:00 - 24/05/2015 08:00","BZN|DK1","1647.24","1628.70"
"24/05/2015 08:00 - 24/05/2015 09:00","BZN|DK1","1812.02","1820.70"
"24/05/2015 09:00 - 24/05/2015 10:00","BZN|DK1","1916.06","1919.60"
"24/05/2015 10:00 - 24/05/2015 11:00","BZN|DK1","1960.60","1970.20"
"24/05/2015 11:00 - 24/05/2015 12:00","BZN|DK1","1955.28","1973.00"
"24/05/2015 12:00 - 24/05/2015 13:00","BZN|DK1","1909.20","1921.30"
"24/05/2015 13:00 - 24/05/2015 14:00","BZN|DK1","1856.08","1864.70"
"24/05/2015 14:00 - 24/05/2015 15:00","BZN|DK1","1844.56","1847.50"
"24/05/2015 15:00 - 24/05/2015 16:00","BZN|DK1","1821.20","1834.90"
"24/05/2015 16:00 - 24/05/2015 17:00","BZN|DK1","1864.96","1867.30"
"24/05/2015 17:00 - 24/05/2015 18:00","BZN|DK1","2029.00","2015.50"
"24/05/2015 18:00 - 24/05/2015 19:00","BZN|DK1","2062.58","2053.30"
"24/05/2015 19:00 - 24/05/2015 20:00","BZN|DK1","1990.29","1953.50"
"24/05/2015 20:00 - 24/05/2015 21:00","BZN|DK1","1936.52","1888.90"
"24/05/2015 21:00 - 24/05/2015 22:00","BZN|DK1","1883.62","1859.60"
"24/05/2015 22:00 - 24/05/2015 23:00","BZN|DK1","1837.73","1838.20"
"24/05/2015 23:00 - 25/05/2015 00:00","BZN|DK1","1707.34","1732.60"
"25/05/2015 00:00 - 25/05/2015 01:00","BZN|DK1","1575.43","1584.10"
"25/05/2015 01:00 - 25/05/2015 02:00","BZN|DK1","1509.76","1499.10"
"25/05/2015 02:00 - 25/05/2015 03:00","BZN|DK1","1471.58","1476.70"
"25/05/2015 03:00 - 25/05/2015 04:00","BZN|DK1","1464.06","1468.10"
"25/05/2015 04:00 - 25/05/2015 05:00","BZN|DK1","1444.51","1449.30"
"25/05/2015 05:00 - 25/05/2015 06:00","BZN|DK1","1447.19","1466.00"
"25/05/2015 06:00 - 25/05/2015 07:00","BZN|DK1","1548.67","1561.00"
"25/05/2015 07:00 - 25/05/2015 08:00","BZN|DK1","1708.52","1711.80"
"25/05/2015 08:00 - 25/05/2015 09:00","BZN|DK1","1907.94","1910.40"
"25/05/2015 09:00 - 25/05/2015 10:00","BZN|DK1","2012.63","2042.10"
"25/05/2015 10:00 - 25/05/2015 11:00","BZN|DK1","2057.98","2086.40"
"25/05/2015 11:00 - 25/05/2015 12:00","BZN|DK1","2059.41","2066.50"
"25/05/2015 12:00 - 25/05/2015 13:00","BZN|DK1","2027.72","2025.90"
"25/05/2015 13:00 - 25/05/2015 14:00","BZN|DK1","1991.41","1996.70"
"25/05/2015 14:00 - 25/05/2015 15:00","BZN|DK1","1980.10","1974.30"
"25/05/2015 15:00 - 25/05/2015 16:00","BZN|DK1","1965.64","1953.40"
"25/05/2015 16:00 - 25/05/2015 17:00","BZN|DK1","1994.54","2005.60"
"25/05/2015 17:00 - 25/05/2015 18:00","BZN|DK1","2194.74","2186.30"
"25/05/2015 18:00 - 25/05/2015 19:00","BZN|DK1","2200.60","2194.00"
"25/05/2015 19:00 - 25/05/2015 20:00","BZN|DK1","2085.13","2088.30"
"25/05/2015 20:00 - 25/05/2015 21:00","BZN|DK1","1968.06","2008.00"
"25/05/2015 21:00 - 25/05/2015 22:00","BZN|DK1","1901.20","1940.30"
"25/05/2015 22:00 - 25/05/2015 23:00","BZN|DK1","1875.34","1911.70"
"25/05/2015 23:00 - 26/05/2015 00:00","BZN|DK1","1734.68","1788.50"
"26/05/2015 00:00 - 26/05/2015 01:00","BZN|DK1","1643.29","1666.80"
"26/05/2015 01:00 - 26/05/2015 02:00","BZN|DK1","1591.85","1584.30"
"26/05/2015 02:00 - 26/05/2015 03:00","BZN|DK1","1574.55","1567.20"
"26/05/2015 03:00 - 26/05/2015 04:00","BZN|DK1","1592.59","1588.90"
"26/05/2015 04:00 - 26/05/2015 05:00","BZN|DK1","1631.11","1624.50"
"26/05/2015 05:00 - 26/05/2015 06:00","BZN|DK1","1738.17","1730.10"
"26/05/2015 06:00 - 26/05/2015 07:00","BZN|DK1","2126.87","2094.10"
"26/05/2015 07:00 - 26/05/2015 08:00","BZN|DK1","2531.11","2519.80"
"26/05/2015 08:00 - 26/05/2015 09:00","BZN|DK1","2715.73","2705.20"
"26/05/2015 09:00 - 26/05/2015 10:00","BZN|DK1","2741.09","2755.00"
"26/05/2015 10:00 - 26/05/2015 11:00","BZN|DK1","2803.92","2811.50"
"26/05/2015 11:00 - 26/05/2015 12:00","BZN|DK1","2918.39","2852.70"
"26/05/2015 12:00 - 26/05/2015 13:00","BZN|DK1","2887.77","2852.40"
"26/05/2015 13:00 - 26/05/2015 14:00","BZN|DK1","2741.61","2742.70"
"26/05/2015 14:00 - 26/05/2015 15:00","BZN|DK1","2683.52","2668.70"
"26/05/2015 15:00 - 26/05/2015 16:00","BZN|DK1","2539.61","2548.80"
"26/05/2015 16:00 - 26/05/2015 17:00","BZN|DK1","2489.30","2464.40"
"26/05/2015 17:00 - 26/05/2015 18:00","BZN|DK1","2624.45","2572.00"
"26/05/2015 18:00 - 26/05/2015 19:00","BZN|DK1","2537.80","2507.30"
"26/05/2015 19:00 - 26/05/2015 20:00","BZN|DK1","2402.61","2397.00"
"26/05/2015 20:00 - 26/05/2015 21:00","BZN|DK1","2276.61","2283.30"
"26/05/2015 21:00 - 26/05/2015 22:00","BZN|DK1","2183.87","2181.80"
"26/05/2015 22:00 - 26/05/2015 23:00","BZN|DK1","2108.69","2116.50"
"26/05/2015 23:00 - 27/05/2015 00:00","BZN|DK1","1910.20","1929.30"
"27/05/2015 00:00 - 27/05/2015 01:00","BZN|DK1","1792.14","1706.30"
"27/05/2015 01:00 - 27/05/2015 02:00","BZN|DK1","1733.24","1704.10"
"27/05/2015 02:00 - 27/05/2015 03:00","BZN|DK1","1702.71","1691.90"
"27/05/2015 03:00 - 27/05/2015 04:00","BZN|DK1","1699.66","1675.00"
"27/05/2015 04:00 - 27/05/2015 05:00","BZN|DK1","1734.08","1709.60"
"27/05/2015 05:00 - 27/05/2015 06:00","BZN|DK1","1848.53","1828.90"
"27/05/2015 06:00 - 27/05/2015 07:00","BZN|DK1","2180.16","2177.10"
"27/05/2015 07:00 - 27/05/2015 08:00","BZN|DK1","2528.97","2537.90"
"27/05/2015 08:00 - 27/05/2015 09:00","BZN|DK1","2690.09","2699.70"
"27/05/2015 09:00 - 27/05/2015 10:00","BZN|DK1","2743.62","2725.50"
"27/05/2015 10:00 - 27/05/2015 11:00","BZN|DK1","2795.42","2828.20"
"27/05/2015 11:00 - 27/05/2015 12:00","BZN|DK1","2793.65","2807.10"
"27/05/2015 12:00 - 27/05/2015 13:00","BZN|DK1","2703.37","2753.50"
"27/05/2015 13:00 - 27/05/2015 14:00","BZN|DK1","2725.28","2736.00"
"27/05/2015 14:00 - 27/05/2015 15:00","BZN|DK1","2648.01","2657.50"
"27/05/2015 15:00 - 27/05/2015 16:00","BZN|DK1","2518.51","2534.70"
"27/05/2015 16:00 - 27/05/2015 17:00","BZN|DK1","2463.34","2469.30"
"27/05/2015 17:00 - 27/05/2015 18:00","BZN|DK1","2562.28","2561.10"
"27/05/2015 18:00 - 27/05/2015 19:00","BZN|DK1","2485.98","2485.70"
"27/05/2015 19:00 - 27/05/2015 20:00","BZN|DK1","2354.60","2363.50"
"27/05/2015 20:00 - 27/05/2015 21:00","BZN|DK1","2274.95","2246.70"
"27/05/2015 21:00 - 27/05/2015 22:00","BZN|DK1","2163.40","2159.40"
"27/05/2015 22:00 - 27/05/2015 23:00","BZN|DK1","2085.98","2092.30"
"27/05/2015 23:00 - 28/05/2015 00:00","BZN|DK1","1934.68","1913.40"
"28/05/2015 00:00 - 28/05/2015 01:00","BZN|DK1","1802.80","1751.90"
"28/05/2015 01:00 - 28/05/2015 02:00","BZN|DK1","1720.11","1727.30"
"28/05/2015 02:00 - 28/05/2015 03:00","BZN|DK1","1678.22","1683.30"
"28/05/2015 03:00 - 28/05/2015 04:00","BZN|DK1","1693.99","1683.60"
"28/05/2015 04:00 - 28/05/2015 05:00","BZN|DK1","1735.40","1704.00"
"28/05/2015 05:00 - 28/05/2015 06:00","BZN|DK1","1832.31","1819.70"
"28/05/2015 06:00 - 28/05/2015 07:00","BZN|DK1","2196.05","2189.80"
"28/05/2015 07:00 - 28/05/2015 08:00","BZN|DK1","2613.42","2584.60"
"28/05/2015 08:00 - 28/05/2015 09:00","BZN|DK1","2810.00","2783.10"
"28/05/2015 09:00 - 28/05/2015 10:00","BZN|DK1","2787.00","2802.80"
"28/05/2015 10:00 - 28/05/2015 11:00","BZN|DK1","2873.91","2849.50"
"28/05/2015 11:00 - 28/05/2015 12:00","BZN|DK1","2857.56","2846.90"
"28/05/2015 12:00 - 28/05/2015 13:00","BZN|DK1","2817.63","2805.50"
"28/05/2015 13:00 - 28/05/2015 14:00","BZN|DK1","2838.23","2823.30"
"28/05/2015 14:00 - 28/05/2015 15:00","BZN|DK1","2748.25","2761.50"
"28/05/2015 15:00 - 28/05/2015 16:00","BZN|DK1","2598.67","2598.80"
"28/05/2015 16:00 - 28/05/2015 17:00","BZN|DK1","2548.65","2521.70"
"28/05/2015 17:00 - 28/05/2015 18:00","BZN|DK1","2642.73","2610.70"
"28/05/2015 18:00 - 28/05/2015 19:00","BZN|DK1","2563.41","2551.70"
"28/05/2015 19:00 - 28/05/2015 20:00","BZN|DK1","2398.00","2431.80"
"28/05/2015 20:00 - 28/05/2015 21:00","BZN|DK1","2268.36","2254.30"
"28/05/2015 21:00 - 28/05/2015 22:00","BZN|DK1","2175.62","2136.50"
"28/05/2015 22:00 - 28/05/2015 23:00","BZN|DK1","2102.34","2074.60"
"28/05/2015 23:00 - 29/05/2015 00:00","BZN|DK1","1969.21","1899.00"
"29/05/2015 00:00 - 29/05/2015 01:00","BZN|DK1","1806.60","1768.80"
"29/05/2015 01:00 - 29/05/2015 02:00","BZN|DK1","1753.32","1727.50"
"29/05/2015 02:00 - 29/05/2015 03:00","BZN|DK1","1739.53","1708.20"
"29/05/2015 03:00 - 29/05/2015 04:00","BZN|DK1","1746.07","1727.80"
"29/05/2015 04:00 - 29/05/2015 05:00","BZN|DK1","1765.97","1725.60"
"29/05/2015 05:00 - 29/05/2015 06:00","BZN|DK1","1859.07","1853.00"
"29/05/2015 06:00 - 29/05/2015 07:00","BZN|DK1","2185.63","2195.40"
"29/05/2015 07:00 - 29/05/2015 08:00","BZN|DK1","2539.48","2552.80"
"29/05/2015 08:00 - 29/05/2015 09:00","BZN|DK1","2693.16","2700.40"
"29/05/2015 09:00 - 29/05/2015 10:00","BZN|DK1","2702.89","2734.30"
"29/05/2015 10:00 - 29/05/2015 11:00","BZN|DK1","2744.79","2755.70"
"29/05/2015 11:00 - 29/05/2015 12:00","BZN|DK1","2745.75","2726.40"
"29/05/2015 12:00 - 29/05/2015 13:00","BZN|DK1","2627.08","2677.20"
"29/05/2015 13:00 - 29/05/2015 14:00","BZN|DK1","2561.13","2600.10"
"29/05/2015 14:00 - 29/05/2015 15:00","BZN|DK1","2424.00","2448.10"
"29/05/2015 15:00 - 29/05/2015 16:00","BZN|DK1","2342.41","2334.20"
"29/05/2015 16:00 - 29/05/2015 17:00","BZN|DK1","2348.57","2333.00"
"29/05/2015 17:00 - 29/05/2015 18:00","BZN|DK1","2477.10","2444.90"
"29/05/2015 18:00 - 29/05/2015 19:00","BZN|DK1","2436.04","2420.00"
"29/05/2015 19:00 - 29/05/2015 20:00","BZN|DK1","2257.74","2252.50"
"29/05/2015 20:00 - 29/05/2015 21:00","BZN|DK1","2122.95","2098.70"
"29/05/2015 21:00 - 29/05/2015 22:00","BZN|DK1","2041.00","2009.30"
"29/05/2015 22:00 - 29/05/2015 23:00","BZN|DK1","1971.23","1942.00"
"29/05/2015 23:00 - 30/05/2015 00:00","BZN|DK1","1819.96","1802.80"
"30/05/2015 00:00 - 30/05/2015 01:00","BZN|DK1","1709.10","1686.80"
"30/05/2015 01:00 - 30/05/2015 02:00","BZN|DK1","1631.78","1620.40"
"30/05/2015 02:00 - 30/05/2015 03:00","BZN|DK1","1571.66","1575.30"
"30/05/2015 03:00 - 30/05/2015 04:00","BZN|DK1","1559.49","1538.10"
"30/05/2015 04:00 - 30/05/2015 05:00","BZN|DK1","1524.19","1521.90"
"30/05/2015 05:00 - 30/05/2015 06:00","BZN|DK1","1565.94","1547.10"
"30/05/2015 06:00 - 30/05/2015 07:00","BZN|DK1","1661.33","1666.30"
"30/05/2015 07:00 - 30/05/2015 08:00","BZN|DK1","1814.92","1798.90"
"30/05/2015 08:00 - 30/05/2015 09:00","BZN|DK1","1993.66","1992.20"
"30/05/2015 09:00 - 30/05/2015 10:00","BZN|DK1","2095.38","2114.90"
"30/05/2015 10:00 - 30/05/2015 11:00","BZN|DK1","2156.01","2136.70"
"30/05/2015 11:00 - 30/05/2015 12:00","BZN|DK1","2137.67","2134.90"
"30/05/2015 12:00 - 30/05/2015 13:00","BZN|DK1","2062.01","2080.10"
"30/05/2015 13:00 - 30/05/2015 14:00","BZN|DK1","2038.99","2045.10"
"30/05/2015 14:00 - 30/05/2015 15:00","BZN|DK1","2005.96","1987.60"
"30/05/2015 15:00 - 30/05/2015 16:00","BZN|DK1","1955.78","1978.80"
"30/05/2015 16:00 - 30/05/2015 17:00","BZN|DK1","2003.12","2009.70"
"30/05/2015 17:00 - 30/05/2015 18:00","BZN|DK1","2129.91","2102.90"
"30/05/2015 18:00 - 30/05/2015 19:00","BZN|DK1","2133.87","2120.30"
"30/05/2015 19:00 - 30/05/2015 20:00","BZN|DK1","1994.46","2023.10"
"30/05/2015 20:00 - 30/05/2015 21:00","BZN|DK1","1911.74","1918.60"
"30/05/2015 21:00 - 30/05/2015 22:00","BZN|DK1","1817.85","1833.00"
"30/05/2015 22:00 - 30/05/2015 23:00","BZN|DK1","1803.29","1818.50"
"30/05/2015 23:00 - 31/05/2015 00:00","BZN|DK1","1698.25","1731.80"
"31/05/2015 00:00 - 31/05/2015 01:00","BZN|DK1","1605.06","1597.00"
"31/05/2015 01:00 - 31/05/2015 02:00","BZN|DK1","1552.70","1517.80"
"31/05/2015 02:00 - 31/05/2015 03:00","BZN|DK1","1526.91","1493.70"
"31/05/2015 03:00 - 31/05/2015 04:00","BZN|DK1","1509.03","1501.40"
"31/05/2015 04:00 - 31/05/2015 05:00","BZN|DK1","1490.13","1472.90"
"31/05/2015 05:00 - 31/05/2015 06:00","BZN|DK1","1483.34","1472.90"
"31/05/2015 06:00 - 31/05/2015 07:00","BZN|DK1","1520.06","1537.00"
"31/05/2015 07:00 - 31/05/2015 08:00","BZN|DK1","1668.87","1663.10"
"31/05/2015 08:00 - 31/05/2015 09:00","BZN|DK1","1828.37","1830.80"
"31/05/2015 09:00 - 31/05/2015 10:00","BZN|DK1","1944.85","1948.10"
"31/05/2015 10:00 - 31/05/2015 11:00","BZN|DK1","1966.71","1978.70"
"31/05/2015 11:00 - 31/05/2015 12:00","BZN|DK1","2006.79","2007.40"
"31/05/2015 12:00 - 31/05/2015 13:00","BZN|DK1","1969.08","1975.10"
"31/05/2015 13:00 - 31/05/2015 14:00","BZN|DK1","1946.49","1957.90"
"31/05/2015 14:00 - 31/05/2015 15:00","BZN|DK1","1952.90","1978.00"
"31/05/2015 15:00 - 31/05/2015 16:00","BZN|DK1","1962.65","1960.60"
"31/05/2015 16:00 - 31/05/2015 17:00","BZN|DK1","2036.96","1987.10"
"31/05/2015 17:00 - 31/05/2015 18:00","BZN|DK1","2255.15","2207.10"
"31/05/2015 18:00 - 31/05/2015 19:00","BZN|DK1","2222.86","2224.50"
"31/05/2015 19:00 - 31/05/2015 20:00","BZN|DK1","2128.55","2112.20"
"31/05/2015 20:00 - 31/05/2015 21:00","BZN|DK1","2042.95","2038.50"
"31/05/2015 21:00 - 31/05/2015 22:00","BZN|DK1","1967.66","1963.70"
"31/05/2015 22:00 - 31/05/2015 23:00","BZN|DK1","1888.81","1925.00"
"31/05/2015 23:00 - 01/06/2015 00:00","BZN|DK1","1776.32","1809.60"
"01/06/2015 00:00 - 01/06/2015 01:00","BZN|DK1","1682.22","1660.30"
"01/06/2015 01:00 - 01/06/2015 02:00","BZN|DK1","1645.34","1620.40"
"01/06/2015 02:00 - 01/06/2015 03:00","BZN|DK1","1630.46","1608.30"
"01/06/2015 03:00 - 01/06/2015 04:00","BZN|DK1","1663.23","1620.10"
"01/06/2015 04:00 - 01/06/2015 05:00","BZN|DK1","1660.14","1615.70"
"01/06/2015 05:00 - 01/06/2015 06:00","BZN|DK1","1753.31","1743.90"
"01/06/2015 06:00 - 01/06/2015 07:00","BZN|DK1","2104.95","2108.30"
"01/06/2015 07:00 - 01/06/2015 08:00","BZN|DK1","2503.24","2534.00"
"01/06/2015 08:00 - 01/06/2015 09:00","BZN|DK1","2696.22","2680.10"
"01/06/2015 09:00 - 01/06/2015 10:00","BZN|DK1","2697.47","2701.10"
"01/06/2015 10:00 - 01/06/2015 11:00","BZN|DK1","2793.31","2781.40"
"01/06/2015 11:00 - 01/06/2015 12:00","BZN|DK1","2825.89","2807.30"
"01/06/2015 12:00 - 01/06/2015 13:00","BZN|DK1","2760.73","2756.00"
"01/06/2015 13:00 - 01/06/2015 14:00","BZN|DK1","2751.52","2770.50"
"01/06/2015 14:00 - 01/06/2015 15:00","BZN|DK1","2670.93","2655.30"
"01/06/2015 15:00 - 01/06/2015 16:00","BZN|DK1","2529.49","2528.50"
"01/06/2015 16:00 - 01/06/2015 17:00","BZN|DK1","2475.84","2485.50"
"01/06/2015 17:00 - 01/06/2015 18:00","BZN|DK1","2624.54","2584.00"
"01/06/2015 18:00 - 01/06/2015 19:00","BZN|DK1","2538.99","2552.80"
"01/06/2015 19:00 - 01/06/2015 20:00","BZN|DK1","2406.84","2412.30"
"01/06/2015 20:00 - 01/06/2015 21:00","BZN|DK1","2258.55","2266.00"
"01/06/2015 21:00 - 01/06/2015 22:00","BZN|DK1","2134.59","2146.90"
"01/06/2015 22:00 - 01/06/2015 23:00","BZN|DK1","2104.61","2072.30"
"01/06/2015 23:00 - 02/06/2015 00:00","BZN|DK1","1934.80","1927.80"
"02/06/2015 00:00 - 02/06/2015 01:00","BZN|DK1","1786.62","1777.50"
"02/06/2015 01:00 - 02/06/2015 02:00","BZN|DK1","1705.22","1692.00"
"02/06/2015 02:00 - 02/06/2015 03:00","BZN|DK1","1668.76","1653.30"
"02/06/2015 03:00 - 02/06/2015 04:00","BZN|DK1","1686.21","1661.30"
"02/06/2015 04:00 - 02/06/2015 05:00","BZN|DK1","1719.53","1680.30"
"02/06/2015 05:00 - 02/06/2015 06:00","BZN|DK1","1865.98","1840.30"
"02/06/2015 06:00 - 02/06/2015 07:00","BZN|DK1","2199.41","2200.80"
"02/06/2015 07:00 - 02/06/2015 08:00","BZN|DK1","2592.99","2596.50"
"02/06/2015 08:00 - 02/06/2015 09:00","BZN|DK1","2740.78","2741.50"
"02/06/2015 09:00 - 02/06/2015 10:00","BZN|DK1","2766.04","2765.50"
"02/06/2015 10:00 - 02/06/2015 11:00","BZN|DK1","2877.94","2857.80"
"02/06/2015 11:00 - 02/06/2015 12:00","BZN|DK1","2906.90","2883.30"
"02/06/2015 12:00 - 02/06/2015 13:00","BZN|DK1","2856.85","2827.40"
"02/06/2015 13:00 - 02/06/2015 14:00","BZN|DK1","2863.51","2864.90"
"02/06/2015 14:00 - 02/06/2015 15:00","BZN|DK1","2804.33","2804.10"
"02/06/2015 15:00 - 02/06/2015 16:00","BZN|DK1","2696.54","2684.50"
"02/06/2015 16:00 - 02/06/2015 17:00","BZN|DK1","2627.93","2624.90"
"02/06/2015 17:00 - 02/06/2015 18:00","BZN|DK1","2745.13","2711.70"
"02/06/2015 18:00 - 02/06/2015 19:00","BZN|DK1","2626.41","2655.30"
"02/06/2015 19:00 - 02/06/2015 20:00","BZN|DK1","2500.75","2495.90"
"02/06/2015 20:00 - 02/06/2015 21:00","BZN|DK1","2356.11","2334.10"
"02/06/2015 21:00 - 02/06/2015 22:00","BZN|DK1","2265.97","2214.90"
"02/06/2015 22:00 - 02/06/2015 23:00","BZN|DK1","2124.84","2141.70"
"02/06/2015 23:00 - 03/06/2015 00:00","BZN|DK1","1957.99","1987.80"
"03/06/2015 00:00 - 03/06/2015 01:00","BZN|DK1","1819.78","1762.10"
"03/06/2015 01:00 - 03/06/2015 02:00","BZN|DK1","1776.00","1737.60"
"03/06/2015 02:00 - 03/06/2015 03:00","BZN|DK1","1757.28","1716.00"
"03/06/2015 03:00 - 03/06/2015 04:00","BZN|DK1","1768.81","1732.80"
"03/06/2015 04:00 - 03/06/2015 05:00","BZN|DK1","1775.04","1745.30"
"03/06/2015 05:00 - 03/06/2015 06:00","BZN|DK1","1838.76","1841.80"
"03/06/2015 06:00 - 03/06/2015 07:00","BZN|DK1","2190.33","2192.70"
"03/06/2015 07:00 - 03/06/2015 08:00","BZN|DK1","2553.28","2553.20"
"03/06/2015 08:00 - 03/06/2015 09:00","BZN|DK1","2728.85","2717.60"
"03/06/2015 09:00 - 03/06/2015 10:00","BZN|DK1","2741.65","2747.50"
"03/06/2015 10:00 - 03/06/2015 11:00","BZN|DK1","2778.36","2790.90"
"03/06/2015 11:00 - 03/06/2015 12:00","BZN|DK1","2786.91","2776.30"
"03/06/2015 12:00 - 03/06/2015 13:00","BZN|DK1","2724.03","2714.60"
"03/06/2015 13:00 - 03/06/2015 14:00","BZN|DK1","2742.07","2748.80"
"03/06/2015 14:00 - 03/06/2015 15:00","BZN|DK1","2680.82","2678.50"
"03/06/2015 15:00 - 03/06/2015 16:00","BZN|DK1","2558.09","2554.30"
"03/06/2015 16:00 - 03/06/2015 17:00","BZN|DK1","2525.69","2489.80"
"03/06/2015 17:00 - 03/06/2015 18:00","BZN|DK1","2614.69","2573.50"
"03/06/2015 18:00 - 03/06/2015 19:00","BZN|DK1","2525.71","2484.20"
"03/06/2015 19:00 - 03/06/2015 20:00","BZN|DK1","2370.64","2351.00"
"03/06/2015 20:00 - 03/06/2015 21:00","BZN|DK1","2246.77","2227.20"
"03/06/2015 21:00 - 03/06/2015 22:00","BZN|DK1","2123.70","2123.80"
"03/06/2015 22:00 - 03/06/2015 23:00","BZN|DK1","2031.02","2062.30"
"03/06/2015 23:00 - 04/06/2015 00:00","BZN|DK1","1892.61","1907.80"
"04/06/2015 00:00 - 04/06/2015 01:00","BZN|DK1","1730.32","1728.00"
"04/06/2015 01:00 - 04/06/2015 02:00","BZN|DK1","1674.14","1663.70"
"04/06/2015 02:00 - 04/06/2015 03:00","BZN|DK1","1664.97","1646.60"
"04/06/2015 03:00 - 04/06/2015 04:00","BZN|DK1","1694.34","1663.60"
"04/06/2015 04:00 - 04/06/2015 05:00","BZN|DK1","1710.10","1688.30"
"04/06/2015 05:00 - 04/06/2015 06:00","BZN|DK1","1801.65","1802.40"
"04/06/2015 06:00 - 04/06/2015 07:00","BZN|DK1","2136.73","2131.60"
"04/06/2015 07:00 - 04/06/2015 08:00","BZN|DK1","2514.94","2507.40"
"04/06/2015 08:00 - 04/06/2015 09:00","BZN|DK1","2662.23","2677.40"
"04/06/2015 09:00 - 04/06/2015 10:00","BZN|DK1","2651.43","2653.20"
"04/06/2015 10:00 - 04/06/2015 11:00","BZN|DK1","2743.46","2742.70"
"04/06/2015 11:00 - 04/06/2015 12:00","BZN|DK1","2695.40","2719.00"
"04/06/2015 12:00 - 04/06/2015 13:00","BZN|DK1","2628.49","2637.10"
"04/06/2015 13:00 - 04/06/2015 14:00","BZN|DK1","2623.57","2644.00"
"04/06/2015 14:00 - 04/06/2015 15:00","BZN|DK1","2525.61","2551.20"
"04/06/2015 15:00 - 04/06/2015 16:00","BZN|DK1","2401.92","2403.00"
"04/06/2015 16:00 - 04/06/2015 17:00","BZN|DK1","2341.78","2355.10"
"04/06/2015 17:00 - 04/06/2015 18:00","BZN|DK1","2394.26","2402.20"
"04/06/2015 18:00 - 04/06/2015 19:00","BZN|DK1","2345.00","2334.60"
"04/06/2015 19:00 - 04/06/2015 20:00","BZN|DK1","2234.77","2233.10"
"04/06/2015 20:00 - 04/06/2015 21:00","BZN|DK1","2134.06","2141.90"
"04/06/2015 21:00 - 04/06/2015 22:00","BZN|DK1","2049.66","2046.30"
"04/06/2015 22:00 - 04/06/2015 23:00","BZN|DK1","1989.43","2015.50"
"04/06/2015 23:00 - 05/06/2015 00:00","BZN|DK1","1835.36","1882.30"
"05/06/2015 00:00 - 05/06/2015 01:00","BZN|DK1","1658.12","1641.30"
"05/06/2015 01:00 - 05/06/2015 02:00","BZN|DK1","1571.56","1560.10"
"05/06/2015 02:00 - 05/06/2015 03:00","BZN|DK1","1544.32","1524.40"
"05/06/2015 03:00 - 05/06/2015 04:00","BZN|DK1","1543.40","1521.80"
"05/06/2015 04:00 - 05/06/2015 05:00","BZN|DK1","1525.77","1490.80"
"05/06/2015 05:00 - 05/06/2015 06:00","BZN|DK1","1549.20","1511.70"
"05/06/2015 06:00 - 05/06/2015 07:00","BZN|DK1","1713.14","1685.10"
"05/06/2015 07:00 - 05/06/2015 08:00","BZN|DK1","1929.43","1890.40"
"05/06/2015 08:00 - 05/06/2015 09:00","BZN|DK1","2100.70","2086.20"
"05/06/2015 09:00 - 05/06/2015 10:00","BZN|DK1","2155.37","2175.50"
"05/06/2015 10:00 - 05/06/2015 11:00","BZN|DK1","2186.71","2183.80"
"05/06/2015 11:00 - 05/06/2015 12:00","BZN|DK1","2171.11","2172.10"
"05/06/2015 12:00 - 05/06/2015 13:00","BZN|DK1","2101.02","2119.90"
"05/06/2015 13:00 - 05/06/2015 14:00","BZN|DK1","2035.37","2065.00"
"05/06/2015 14:00 - 05/06/2015 15:00","BZN|DK1","1940.26","1983.30"
"05/06/2015 15:00 - 05/06/2015 16:00","BZN|DK1","1865.85","1879.10"
"05/06/2015 16:00 - 05/06/2015 17:00","BZN|DK1","1917.11","1888.40"
"05/06/2015 17:00 - 05/06/2015 18:00","BZN|DK1","2081.59","2040.50"
"05/06/2015 18:00 - 05/06/2015 19:00","BZN|DK1","2041.85","2084.90"
"05/06/2015 19:00 - 05/06/2015 20:00","BZN|DK1","1960.51","1935.40"
"05/06/2015 20:00 - 05/06/2015 21:00","BZN|DK1","1849.31","1853.80"
"05/06/2015 21:00 - 05/06/2015 22:00","BZN|DK1","1780.82","1779.00"
"05/06/2015 22:00 - 05/06/2015 23:00","BZN|DK1","1770.53","1763.50"
"05/06/2015 23:00 - 06/06/2015 00:00","BZN|DK1","1660.73","1703.80"
"06/06/2015 00:00 - 06/06/2015 01:00","BZN|DK1","1512.17","1562.20"
"06/06/2015 01:00 - 06/06/2015 02:00","BZN|DK1","1409.96","1444.80"
"06/06/2015 02:00 - 06/06/2015 03:00","BZN|DK1","1388.19","1375.10"
"06/06/2015 03:00 - 06/06/2015 04:00","BZN|DK1","1429.21","1388.60"
"06/06/2015 04:00 - 06/06/2015 05:00","BZN|DK1","1442.99","1371.40"
"06/06/2015 05:00 - 06/06/2015 06:00","BZN|DK1","1440.99","1394.50"
"06/06/2015 06:00 - 06/06/2015 07:00","BZN|DK1","1500.05","1509.50"
"06/06/2015 07:00 - 06/06/2015 08:00","BZN|DK1","1674.46","1669.00"
"06/06/2015 08:00 - 06/06/2015 09:00","BZN|DK1","1876.51","1864.20"
"06/06/2015 09:00 - 06/06/2015 10:00","BZN|DK1","1981.01","1983.90"
"06/06/2015 10:00 - 06/06/2015 11:00","BZN|DK1","2056.15","2038.10"
"06/06/2015 11:00 - 06/06/2015 12:00","BZN|DK1","2000.26","2007.20"
"06/06/2015 12:00 - 06/06/2015 13:00","BZN|DK1","1998.57","1968.40"
"06/06/2015 13:00 - 06/06/2015 14:00","BZN|DK1","1923.84","1934.50"
"06/06/2015 14:00 - 06/06/2015 15:00","BZN|DK1","1852.82","1862.00"
"06/06/2015 15:00 - 06/06/2015 16:00","BZN|DK1","1854.34","1839.80"
"06/06/2015 16:00 - 06/06/2015 17:00","BZN|DK1","1884.42","1872.20"
"06/06/2015 17:00 - 06/06/2015 18:00","BZN|DK1","2028.63","1994.30"
"06/06/2015 18:00 - 06/06/2015 19:00","BZN|DK1","2004.71","1995.00"
"06/06/2015 19:00 - 06/06/2015 20:00","BZN|DK1","1872.23","1862.60"
"06/06/2015 20:00 - 06/06/2015 21:00","BZN|DK1","1808.68","1776.60"
"06/06/2015 21:00 - 06/06/2015 22:00","BZN|DK1","1744.14","1725.50"
"06/06/2015 22:00 - 06/06/2015 23:00","BZN|DK1","1716.63","1696.00"
"06/06/2015 23:00 - 07/06/2015 00:00","BZN|DK1","1656.94","1616.40"
"07/06/2015 00:00 - 07/06/2015 01:00","BZN|DK1","1579.18","1543.40"
"07/06/2015 01:00 - 07/06/2015 02:00","BZN|DK1","1484.69","1484.30"
"07/06/2015 02:00 - 07/06/2015 03:00","BZN|DK1","1452.61","1432.30"
"07/06/2015 03:00 - 07/06/2015 04:00","BZN|DK1","1483.91","1432.70"
"07/06/2015 04:00 - 07/06/2015 05:00","BZN|DK1","1463.68","1445.00"
"07/06/2015 05:00 - 07/06/2015 06:00","BZN|DK1","1455.32","1445.60"
"07/06/2015 06:00 - 07/06/2015 07:00","BZN|DK1","1490.60","1489.80"
"07/06/2015 07:00 - 07/06/2015 08:00","BZN|DK1","1621.31","1627.70"
"07/06/2015 08:00 - 07/06/2015 09:00","BZN|DK1","1789.97","1808.50"
"07/06/2015 09:00 - 07/06/2015 10:00","BZN|DK1","1876.06","1879.70"
"07/06/2015 10:00 - 07/06/2015 11:00","BZN|DK1","1924.98","1942.70"
"07/06/2015 11:00 - 07/06/2015 12:00","BZN|DK1","1944.53","1960.00"
"07/06/2015 12:00 - 07/06/2015 13:00","BZN|DK1","1933.48","1932.30"
"07/06/2015 13:00 - 07/06/2015 14:00","BZN|DK1","1873.83","1899.00"
"07/06/2015 14:00 - 07/06/2015 15:00","BZN|DK1","1870.27","1863.50"
"07/06/2015 15:00 - 07/06/2015 16:00","BZN|DK1","1828.05","1844.50"
"07/06/2015 16:00 - 07/06/2015 17:00","BZN|DK1","1884.16","1874.30"
"07/06/2015 17:00 - 07/06/2015 18:00","BZN|DK1","2096.09","2050.40"
"07/06/2015 18:00 - 07/06/2015 19:00","BZN|DK1","2088.59","2072.40"
"07/06/2015 19:00 - 07/06/2015 20:00","BZN|DK1","1950.66","1965.90"
"07/06/2015 20:00 - 07/06/2015 21:00","BZN|DK1","1871.55","1868.40"
"07/06/2015 21:00 - 07/06/2015 22:00","BZN|DK1","1829.89","1794.50"
"07/06/2015 22:00 - 07/06/2015 23:00","BZN|DK1","1780.12","1758.90"
"07/06/2015 23:00 - 08/06/2015 00:00","BZN|DK1","1710.34","1663.10"
"08/06/2015 00:00 - 08/06/2015 01:00","BZN|DK1","1628.92","1574.50"
"08/06/2015 01:00 - 08/06/2015 02:00","BZN|DK1","1572.31","1551.80"
"08/06/2015 02:00 - 08/06/2015 03:00","BZN|DK1","1544.16","1533.50"
"08/06/2015 03:00 - 08/06/2015 04:00","BZN|DK1","1571.16","1540.70"
"08/06/2015 04:00 - 08/06/2015 05:00","BZN|DK1","1582.79","1551.50"
"08/06/2015 05:00 - 08/06/2015 06:00","BZN|DK1","1719.11","1676.80"
"08/06/2015 06:00 - 08/06/2015 07:00","BZN|DK1","2067.33","2075.70"
"08/06/2015 07:00 - 08/06/2015 08:00","BZN|DK1","2474.11","2476.10"
"08/06/2015 08:00 - 08/06/2015 09:00","BZN|DK1","2698.02","2676.00"
"08/06/2015 09:00 - 08/06/2015 10:00","BZN|DK1","2710.37","2730.00"
"08/06/2015 10:00 - 08/06/2015 11:00","BZN|DK1","2770.07","2763.10"
"08/06/2015 11:00 - 08/06/2015 12:00","BZN|DK1","2741.14","2767.30"
"08/06/2015 12:00 - 08/06/2015 13:00","BZN|DK1","2689.93","2669.60"
"08/06/2015 13:00 - 08/06/2015 14:00","BZN|DK1","2694.22","2705.80"
"08/06/2015 14:00 - 08/06/2015 15:00","BZN|DK1","2606.30","2628.90"
"08/06/2015 15:00 - 08/06/2015 16:00","BZN|DK1","2525.71","2487.60"
"08/06/2015 16:00 - 08/06/2015 17:00","BZN|DK1","2475.67","2465.40"
"08/06/2015 17:00 - 08/06/2015 18:00","BZN|DK1","2583.32","2559.40"
"08/06/2015 18:00 - 08/06/2015 19:00","BZN|DK1","2524.67","2508.00"
"08/06/2015 19:00 - 08/06/2015 20:00","BZN|DK1","2395.27","2371.60"
"08/06/2015 20:00 - 08/06/2015 21:00","BZN|DK1","2255.82","2257.80"
"08/06/2015 21:00 - 08/06/2015 22:00","BZN|DK1","2137.10","2127.50"
"08/06/2015 22:00 - 08/06/2015 23:00","BZN|DK1","2063.51","2027.30"
"08/06/2015 23:00 - 09/06/2015 00:00","BZN|DK1","1938.76","1881.10"
"09/06/2015 00:00 - 09/06/2015 01:00","BZN|DK1","1796.48","1747.50"
"09/06/2015 01:00 - 09/06/2015 02:00","BZN|DK1","1733.28","1717.00"
"09/06/2015 02:00 - 09/06/2015 03:00","BZN|DK1","1693.22","1692.50"
"09/06/2015 03:00 - 09/06/2015 04:00","BZN|DK1","1680.63","1662.70"
"09/06/2015 04:00 - 09/06/2015 05:00","BZN|DK1","1690.40","1659.80"
"09/06/2015 05:00 - 09/06/2015 06:00","BZN|DK1","1780.27","1765.00"
"09/06/2015 06:00 - 09/06/2015 07:00","BZN|DK1","2125.61","2110.80"
"09/06/2015 07:00 - 09/06/2015 08:00","BZN|DK1","2502.66","2503.50"
"09/06/2015 08:00 - 09/06/2015 09:00","BZN|DK1","2657.21","2671.50"
"09/06/2015 09:00 - 09/06/2015 10:00","BZN|DK1","2662.38","2673.50"
"09/06/2015 10:00 - 09/06/2015 11:00","BZN|DK1","2703.41","2707.60"
"09/06/2015 11:00 - 09/06/2015 12:00","BZN|DK1","2721.78","2714.30"
"09/06/2015 12:00 - 09/06/2015 13:00","BZN|DK1","2637.65","2659.50"
"09/06/2015 13:00 - 09/06/2015 14:00","BZN|DK1","2666.98","2662.40"
"09/06/2015 14:00 - 09/06/2015 15:00","BZN|DK1","2626.86","2614.60"
"09/06/2015 15:00 - 09/06/2015 16:00","BZN|DK1","2491.63","2502.00"
"09/06/2015 16:00 - 09/06/2015 17:00","BZN|DK1","2428.84","2479.10"
"09/06/2015 17:00 - 09/06/2015 18:00","BZN|DK1","2530.81","2512.50"
"09/06/2015 18:00 - 09/06/2015 19:00","BZN|DK1","2445.09","2434.80"
"09/06/2015 19:00 - 09/06/2015 20:00","BZN|DK1","2310.37","2313.00"
"09/06/2015 20:00 - 09/06/2015 21:00","BZN|DK1","2207.96","2205.30"
"09/06/2015 21:00 - 09/06/2015 22:00","BZN|DK1","2092.52","2111.00"
"09/06/2015 22:00 - 09/06/2015 23:00","BZN|DK1","2034.61","2051.60"
"09/06/2015 23:00 - 10/06/2015 00:00","BZN|DK1","1899.34","1925.10"
"10/06/2015 00:00 - 10/06/2015 01:00","BZN|DK1","1745.64","1726.50"
"10/06/2015 01:00 - 10/06/2015 02:00","BZN|DK1","1674.48","1659.20"
"10/06/2015 02:00 - 10/06/2015 03:00","BZN|DK1","1642.17","1616.30"
"10/06/2015 03:00 - 10/06/2015 04:00","BZN|DK1","1654.37","1619.40"
"10/06/2015 04:00 - 10/06/2015 05:00","BZN|DK1","1663.49","1632.40"
"10/06/2015 05:00 - 10/06/2015 06:00","BZN|DK1","1759.40","1761.50"
"10/06/2015 06:00 - 10/06/2015 07:00","BZN|DK1","2098.60","2074.60"
"10/06/2015 07:00 - 10/06/2015 08:00","BZN|DK1","2499.72","2465.00"
"10/06/2015 08:00 - 10/06/2015 09:00","BZN|DK1","2650.54","2656.80"
"10/06/2015 09:00 - 10/06/2015 10:00","BZN|DK1","2668.55","2672.20"
"10/06/2015 10:00 - 10/06/2015 11:00","BZN|DK1","2719.82","2730.50"
"10/06/2015 11:00 - 10/06/2015 12:00","BZN|DK1","2710.75","2722.40"
"10/06/2015 12:00 - 10/06/2015 13:00","BZN|DK1","2646.04","2654.70"
"10/06/2015 13:00 - 10/06/2015 14:00","BZN|DK1","2645.44","2648.70"
"10/06/2015 14:00 - 10/06/2015 15:00","BZN|DK1","2571.87","2571.40"
"10/06/2015 15:00 - 10/06/2015 16:00","BZN|DK1","2512.93","2449.60"
"10/06/2015 16:00 - 10/06/2015 17:00","BZN|DK1","2407.82","2423.30"
"10/06/2015 17:00 - 10/06/2015 18:00","BZN|DK1","2487.52","2476.50"
"10/06/2015 18:00 - 10/06/2015 19:00","BZN|DK1","2388.67","2378.50"
"10/06/2015 19:00 - 10/06/2015 20:00","BZN|DK1","2268.32","2261.10"
"10/06/2015 20:00 - 10/06/2015 21:00","BZN|DK1","2163.53","2185.30"
"10/06/2015 21:00 - 10/06/2015 22:00","BZN|DK1","2046.71","2105.00"
"10/06/2015 22:00 - 10/06/2015 23:00","BZN|DK1","1990.49","2062.30"
"10/06/2015 23:00 - 11/06/2015 00:00","BZN|DK1","1833.42","1937.00"
"11/06/2015 00:00 - 11/06/2015 01:00","BZN|DK1","1708.42","1688.70"
"11/06/2015 01:00 - 11/06/2015 02:00","BZN|DK1","1645.76","1636.50"
"11/06/2015 02:00 - 11/06/2015 03:00","BZN|DK1","1593.03","1616.00"
"11/06/2015 03:00 - 11/06/2015 04:00","BZN|DK1","1595.19","1602.70"
"11/06/2015 04:00 - 11/06/2015 05:00","BZN|DK1","1615.61","1620.70"
"11/06/2015 05:00 - 11/06/2015 06:00","BZN|DK1","1713.57","1715.10"
"11/06/2015 06:00 - 11/06/2015 07:00","BZN|DK1","2092.13","2062.90"
"11/06/2015 07:00 - 11/06/2015 08:00","BZN|DK1","2475.98","2459.40"
"11/06/2015 08:00 - 11/06/2015 09:00","BZN|DK1","2640.28","2594.80"
"11/06/2015 09:00 - 11/06/2015 10:00","BZN|DK1","3057.57","2616.90"
"11/06/2015 10:00 - 11/06/2015 11:00","BZN|DK1","2724.49","2685.30"
"11/06/2015 11:00 - 11/06/2015 12:00","BZN|DK1","2717.41","2688.60"
"11/06/2015 12:00 - 11/06/2015 13:00","BZN|DK1","2673.42","2658.20"
"11/06/2015 13:00 - 11/06/2015 14:00","BZN|DK1","2828.22","2703.40"
"11/06/2015 14:00 - 11/06/2015 15:00","BZN|DK1","2621.87","2624.40"
"11/06/2015 15:00 - 11/06/2015 16:00","BZN|DK1","2516.81","2502.80"
"11/06/2015 16:00 - 11/06/2015 17:00","BZN|DK1","2436.65","2442.30"
"11/06/2015 17:00 - 11/06/2015 18:00","BZN|DK1","2497.96","2498.50"
"11/06/2015 18:00 - 11/06/2015 19:00","BZN|DK1","2431.00","2432.50"
"11/06/2015 19:00 - 11/06/2015 20:00","BZN|DK1","2308.06","2416.40"
"11/06/2015 20:00 - 11/06/2015 21:00","BZN|DK1","2192.50","2404.20"
"11/06/2015 21:00 - 11/06/2015 22:00","BZN|DK1","2081.65","2348.50"
"11/06/2015 22:00 - 11/06/2015 23:00","BZN|DK1","2015.47","2221.90"
"11/06/2015 23:00 - 12/06/2015 00:00","BZN|DK1","1874.59","2002.70"
"12/06/2015 00:00 - 12/06/2015 01:00","BZN|DK1","1725.98","1702.00"
"12/06/2015 01:00 - 12/06/2015 02:00","BZN|DK1","1667.31","1637.70"
"12/06/2015 02:00 - 12/06/2015 03:00","BZN|DK1","1635.44","1626.30"
"12/06/2015 03:00 - 12/06/2015 04:00","BZN|DK1","1629.11","1622.20"
"12/06/2015 04:00 - 12/06/2015 05:00","BZN|DK1","1635.19","1617.20"
"12/06/2015 05:00 - 12/06/2015 06:00","BZN|DK1","1745.63","1716.50"
"12/06/2015 06:00 - 12/06/2015 07:00","BZN|DK1","2079.94","2049.60"
"12/06/2015 07:00 - 12/06/2015 08:00","BZN|DK1","2460.02","2424.70"
"12/06/2015 08:00 - 12/06/2015 09:00","BZN|DK1","2652.44","2619.80"
"12/06/2015 09:00 - 12/06/2015 10:00","BZN|DK1","2680.96","2659.20"
"12/06/2015 10:00 - 12/06/2015 11:00","BZN|DK1","2721.74","2718.20"
"12/06/2015 11:00 - 12/06/2015 12:00","BZN|DK1","2689.13","2685.20"
"12/06/2015 12:00 - 12/06/2015 13:00","BZN|DK1","2581.90","2579.20"
"12/06/2015 13:00 - 12/06/2015 14:00","BZN|DK1","2504.22","2515.80"
"12/06/2015 14:00 - 12/06/2015 15:00","BZN|DK1","2371.51","2379.40"
"12/06/2015 15:00 - 12/06/2015 16:00","BZN|DK1","2251.03","2239.50"
"12/06/2015 16:00 - 12/06/2015 17:00","BZN|DK1","2230.23","2218.00"
"12/06/2015 17:00 - 12/06/2015 18:00","BZN|DK1","2270.89","2285.80"
"12/06/2015 18:00 - 12/06/2015 19:00","BZN|DK1","2219.71","2221.80"
"12/06/2015 19:00 - 12/06/2015 20:00","BZN|DK1","2090.07","2083.80"
"12/06/2015 20:00 - 12/06/2015 21:00","BZN|DK1","1978.76","1998.50"
"12/06/2015 21:00 - 12/06/2015 22:00","BZN|DK1","1902.95","1920.30"
"12/06/2015 22:00 - 12/06/2015 23:00","BZN|DK1","1870.48","1875.60"
"12/06/2015 23:00 - 13/06/2015 00:00","BZN|DK1","1783.86","1791.00"
"13/06/2015 00:00 - 13/06/2015 01:00","BZN|DK1","1640.23","1625.80"
"13/06/2015 01:00 - 13/06/2015 02:00","BZN|DK1","1539.54","1538.70"
"13/06/2015 02:00 - 13/06/2015 03:00","BZN|DK1","1499.51","1481.20"
"13/06/2015 03:00 - 13/06/2015 04:00","BZN|DK1","1482.99","1438.60"
"13/06/2015 04:00 - 13/06/2015 05:00","BZN|DK1","1427.43","1387.30"
"13/06/2015 05:00 - 13/06/2015 06:00","BZN|DK1","1429.21","1398.00"
"13/06/2015 06:00 - 13/06/2015 07:00","BZN|DK1","1543.26","1517.10"
"13/06/2015 07:00 - 13/06/2015 08:00","BZN|DK1","1729.12","1712.30"
"13/06/2015 08:00 - 13/06/2015 09:00","BZN|DK1","1930.71","1915.80"
"13/06/2015 09:00 - 13/06/2015 10:00","BZN|DK1","2042.34","2032.90"
"13/06/2015 10:00 - 13/06/2015 11:00","BZN|DK1","2109.71","2089.60"
"13/06/2015 11:00 - 13/06/2015 12:00","BZN|DK1","2100.30","2095.20"
"13/06/2015 12:00 - 13/06/2015 13:00","BZN|DK1","2059.12","2052.20"
"13/06/2015 13:00 - 13/06/2015 14:00","BZN|DK1","2030.50","2016.10"
"13/06/2015 14:00 - 13/06/2015 15:00","BZN|DK1","2007.98","1998.20"
"13/06/2015 15:00 - 13/06/2015 16:00","BZN|DK1","1982.41","1987.90"
"13/06/2015 16:00 - 13/06/2015 17:00","BZN|DK1","1994.43","1996.70"
"13/06/2015 17:00 - 13/06/2015 18:00","BZN|DK1","2178.39","2121.70"
"13/06/2015 18:00 - 13/06/2015 19:00","BZN|DK1","2206.13","2162.40"
"13/06/2015 19:00 - 13/06/2015 20:00","BZN|DK1","2073.44","2068.60"
"13/06/2015 20:00 - 13/06/2015 21:00","BZN|DK1","1931.96","1924.20"
"13/06/2015 21:00 - 13/06/2015 22:00","BZN|DK1","1844.18","1839.60"
"13/06/2015 22:00 - 13/06/2015 23:00","BZN|DK1","1767.44","1793.30"
"13/06/2015 23:00 - 14/06/2015 00:00","BZN|DK1","1677.58","1709.20"
"14/06/2015 00:00 - 14/06/2015 01:00","BZN|DK1","1560.03","1565.50"
"14/06/2015 01:00 - 14/06/2015 02:00","BZN|DK1","1456.47","1459.10"
"14/06/2015 02:00 - 14/06/2015 03:00","BZN|DK1","1426.39","1414.00"
"14/06/2015 03:00 - 14/06/2015 04:00","BZN|DK1","1407.12","1392.80"
"14/06/2015 04:00 - 14/06/2015 05:00","BZN|DK1","1385.62","1368.10"
"14/06/2015 05:00 - 14/06/2015 06:00","BZN|DK1","1352.42","1361.30"
"14/06/2015 06:00 - 14/06/2015 07:00","BZN|DK1","1431.28","1415.50"
"14/06/2015 07:00 - 14/06/2015 08:00","BZN|DK1","1606.18","1585.20"
"14/06/2015 08:00 - 14/06/2015 09:00","BZN|DK1","1782.08","1778.50"
"14/06/2015 09:00 - 14/06/2015 10:00","BZN|DK1","1886.19","1904.00"
"14/06/2015 10:00 - 14/06/2015 11:00","BZN|DK1","1954.26","1963.20"
"14/06/2015 11:00 - 14/06/2015 12:00","BZN|DK1","1964.82","1981.30"
"14/06/2015 12:00 - 14/06/2015 13:00","BZN|DK1","1948.49","1942.00"
"14/06/2015 13:00 - 14/06/2015 14:00","BZN|DK1","1917.38","1935.30"
"14/06/2015 14:00 - 14/06/2015 15:00","BZN|DK1","1897.06","1920.20"
"14/06/2015 15:00 - 14/06/2015 16:00","BZN|DK1","1866.70","1895.30"
"14/06/2015 16:00 - 14/06/2015 17:00","BZN|DK1","1928.22","1928.30"
"14/06/2015 17:00 - 14/06/2015 18:00","BZN|DK1","2101.04","2099.50"
"14/06/2015 18:00 - 14/06/2015 19:00","BZN|DK1","2111.86","2097.80"
"14/06/2015 19:00 - 14/06/2015 20:00","BZN|DK1","2008.22","1993.50"
"14/06/2015 20:00 - 14/06/2015 21:00","BZN|DK1","1918.02","1909.90"
"14/06/2015 21:00 - 14/06/2015 22:00","BZN|DK1","1832.95","1819.30"
"14/06/2015 22:00 - 14/06/2015 23:00","BZN|DK1","1788.85","1783.20"
"14/06/2015 23:00 - 15/06/2015 00:00","BZN|DK1","1695.23","1703.30"
"15/06/2015 00:00 - 15/06/2015 01:00","BZN|DK1","1620.23","1597.90"
"15/06/2015 01:00 - 15/06/2015 02:00","BZN|DK1","1563.43","1549.90"
"15/06/2015 02:00 - 15/06/2015 03:00","BZN|DK1","1543.34","1537.00"
"15/06/2015 03:00 - 15/06/2015 04:00","BZN|DK1","1554.18","1541.50"
"15/06/2015 04:00 - 15/06/2015 05:00","BZN|DK1","1560.99","1536.40"
"15/06/2015 05:00 - 15/06/2015 06:00","BZN|DK1","1674.05","1667.80"
"15/06/2015 06:00 - 15/06/2015 07:00","BZN|DK1","2049.99","2048.40"
"15/06/2015 07:00 - 15/06/2015 08:00","BZN|DK1","2454.52","2446.70"
"15/06/2015 08:00 - 15/06/2015 09:00","BZN|DK1","2616.58","2625.00"
"15/06/2015 09:00 - 15/06/2015 10:00","BZN|DK1","2641.75","2639.60"
"15/06/2015 10:00 - 15/06/2015 11:00","BZN|DK1","2708.13","2718.00"
"15/06/2015 11:00 - 15/06/2015 12:00","BZN|DK1","2700.99","2701.20"
"15/06/2015 12:00 - 15/06/2015 13:00","BZN|DK1","2607.48","2625.70"
"15/06/2015 13:00 - 15/06/2015 14:00","BZN|DK1","2645.53","2653.10"
"15/06/2015 14:00 - 15/06/2015 15:00","BZN|DK1","2591.21","2606.30"
"15/06/2015 15:00 - 15/06/2015 16:00","BZN|DK1","2473.93","2474.30"
"15/06/2015 16:00 - 15/06/2015 17:00","BZN|DK1","2407.45","2413.60"
"15/06/2015 17:00 - 15/06/2015 18:00","BZN|DK1","2541.99","2522.90"
"15/06/2015 18:00 - 15/06/2015 19:00","BZN|DK1","2464.30","2443.50"
"15/06/2015 19:00 - 15/06/2015 20:00","BZN|DK1","2344.17","2317.60"
"15/06/2015 20:00 - 15/06/2015 21:00","BZN|DK1","2212.44","2193.50"
"15/06/2015 21:00 - 15/06/2015 22:00","BZN|DK1","2107.62","2089.80"
"15/06/2015 22:00 - 15/06/2015 23:00","BZN|DK1","2014.22","1995.20"
"15/06/2015 23:00 - 16/06/2015 00:00","BZN|DK1","1891.26","1864.70"
"16/06/2015 00:00 - 16/06/2015 01:00","BZN|DK1","1750.64","1750.70"
"16/06/2015 01:00 - 16/06/2015 02:00","BZN|DK1","1685.01","1672.50"
"16/06/2015 02:00 - 16/06/2015 03:00","BZN|DK1","1653.50","1654.50"
"16/06/2015 03:00 - 16/06/2015 04:00","BZN|DK1","1661.25","1652.90"
"16/06/2015 04:00 - 16/06/2015 05:00","BZN|DK1","1655.26","1653.70"
"16/06/2015 05:00 - 16/06/2015 06:00","BZN|DK1","1763.11","1754.00"
"16/06/2015 06:00 - 16/06/2015 07:00","BZN|DK1","2137.88","2126.70"
"16/06/2015 07:00 - 16/06/2015 08:00","BZN|DK1","2523.22","2525.40"
"16/06/2015 08:00 - 16/06/2015 09:00","BZN|DK1","2712.71","2695.40"
"16/06/2015 09:00 - 16/06/2015 10:00","BZN|DK1","2650.95","2707.50"
"16/06/2015 10:00 - 16/06/2015 11:00","BZN|DK1","2722.05","2750.50"
"16/06/2015 11:00 - 16/06/2015 12:00","BZN|DK1","2738.76","2731.20"
"16/06/2015 12:00 - 16/06/2015 13:00","BZN|DK1","2647.34","2665.70"
"16/06/2015 13:00 - 16/06/2015 14:00","BZN|DK1","2654.95","2664.20"
"16/06/2015 14:00 - 16/06/2015 15:00","BZN|DK1","2609.85","2619.70"
"16/06/2015 15:00 - 16/06/2015 16:00","BZN|DK1","2461.86","2486.00"
"16/06/2015 16:00 - 16/06/2015 17:00","BZN|DK1","2397.80","2393.10"
"16/06/2015 17:00 - 16/06/2015 18:00","BZN|DK1","2500.49","2462.00"
"16/06/2015 18:00 - 16/06/2015 19:00","BZN|DK1","2420.94","2428.00"
"16/06/2015 19:00 - 16/06/2015 20:00","BZN|DK1","2281.13","2291.00"
"16/06/2015 20:00 - 16/06/2015 21:00","BZN|DK1","2159.13","2183.40"
"16/06/2015 21:00 - 16/06/2015 22:00","BZN|DK1","2048.09","2054.00"
"16/06/2015 22:00 - 16/06/2015 23:00","BZN|DK1","1989.67","1983.50"
"16/06/2015 23:00 - 17/06/2015 00:00","BZN|DK1","1858.55","1872.40"
"17/06/2015 00:00 - 17/06/2015 01:00","BZN|DK1","1715.07","1721.50"
"17/06/2015 01:00 - 17/06/2015 02:00","BZN|DK1","1646.88","1633.20"
"17/06/2015 02:00 - 17/06/2015 03:00","BZN|DK1","1614.18","1607.30"
"17/06/2015 03:00 - 17/06/2015 04:00","BZN|DK1","1624.01","1611.30"
"17/06/2015 04:00 - 17/06/2015 05:00","BZN|DK1","1616.65","1625.00"
"17/06/2015 05:00 - 17/06/2015 06:00","BZN|DK1","1731.58","1732.20"
"17/06/2015 06:00 - 17/06/2015 07:00","BZN|DK1","2101.84","2093.30"
"17/06/2015 07:00 - 17/06/2015 08:00","BZN|DK1","2496.76","2519.30"
"17/06/2015 08:00 - 17/06/2015 09:00","BZN|DK1","2647.43","2659.70"
"17/06/2015 09:00 - 17/06/2015 10:00","BZN|DK1","2612.41","2672.00"
"17/06/2015 10:00 - 17/06/2015 11:00","BZN|DK1","2757.93","2762.70"
"17/06/2015 11:00 - 17/06/2015 12:00","BZN|DK1","2765.94","2753.40"
"17/06/2015 12:00 - 17/06/2015 13:00","BZN|DK1","2701.20","2700.80"
"17/06/2015 13:00 - 17/06/2015 14:00","BZN|DK1","2731.34","2740.70"
"17/06/2015 14:00 - 17/06/2015 15:00","BZN|DK1","2701.33","2678.70"
"17/06/2015 15:00 - 17/06/2015 16:00","BZN|DK1","2603.73","2580.90"
"17/06/2015 16:00 - 17/06/2015 17:00","BZN|DK1","2589.86","2552.00"
"17/06/2015 17:00 - 17/06/2015 18:00","BZN|DK1","2671.31","2660.40"
"17/06/2015 18:00 - 17/06/2015 19:00","BZN|DK1","2553.11","2556.20"
"17/06/2015 19:00 - 17/06/2015 20:00","BZN|DK1","2408.19","2401.00"
"17/06/2015 20:00 - 17/06/2015 21:00","BZN|DK1","2258.55","2274.30"
"17/06/2015 21:00 - 17/06/2015 22:00","BZN|DK1","2143.12","2157.80"
"17/06/2015 22:00 - 17/06/2015 23:00","BZN|DK1","2049.70","2070.70"
"17/06/2015 23:00 - 18/06/2015 00:00","BZN|DK1","1886.51","1928.60"
"18/06/2015 00:00 - 18/06/2015 01:00","BZN|DK1","1745.10","1705.40"
"18/06/2015 01:00 - 18/06/2015 02:00","BZN|DK1","1679.94","1653.60"
"18/06/2015 02:00 - 18/06/2015 03:00","BZN|DK1","1659.98","1638.90"
"18/06/2015 03:00 - 18/06/2015 04:00","BZN|DK1","1656.30","1642.00"
"18/06/2015 04:00 - 18/06/2015 05:00","BZN|DK1","1665.18","1640.30"
"18/06/2015 05:00 - 18/06/2015 06:00","BZN|DK1","1768.07","1768.20"
"18/06/2015 06:00 - 18/06/2015 07:00","BZN|DK1","2124.98","2121.50"
"18/06/2015 07:00 - 18/06/2015 08:00","BZN|DK1","2506.95","2525.40"
"18/06/2015 08:00 - 18/06/2015 09:00","BZN|DK1","2684.48","2677.40"
"18/06/2015 09:00 - 18/06/2015 10:00","BZN|DK1","2691.78","2699.10"
"18/06/2015 10:00 - 18/06/2015 11:00","BZN|DK1","2750.33","2762.40"
"18/06/2015 11:00 - 18/06/2015 12:00","BZN|DK1","2748.91","2757.50"
"18/06/2015 12:00 - 18/06/2015 13:00","BZN|DK1","2697.33","2688.00"
"18/06/2015 13:00 - 18/06/2015 14:00","BZN|DK1","2688.66","2711.80"
"18/06/2015 14:00 - 18/06/2015 15:00","BZN|DK1","2626.90","2623.80"
"18/06/2015 15:00 - 18/06/2015 16:00","BZN|DK1","2502.52","2503.20"
"18/06/2015 16:00 - 18/06/2015 17:00","BZN|DK1","2448.36","2441.10"
"18/06/2015 17:00 - 18/06/2015 18:00","BZN|DK1","2559.19","2532.30"
"18/06/2015 18:00 - 18/06/2015 19:00","BZN|DK1","2463.22","2473.80"
"18/06/2015 19:00 - 18/06/2015 20:00","BZN|DK1","2329.61","2333.50"
"18/06/2015 20:00 - 18/06/2015 21:00","BZN|DK1","2249.32","2231.60"
"18/06/2015 21:00 - 18/06/2015 22:00","BZN|DK1","2156.95","2151.30"
"18/06/2015 22:00 - 18/06/2015 23:00","BZN|DK1","2070.32","2069.30"
"18/06/2015 23:00 - 19/06/2015 00:00","BZN|DK1","1970.92","1928.40"
"19/06/2015 00:00 - 19/06/2015 01:00","BZN|DK1","1836.22","1817.90"
"19/06/2015 01:00 - 19/06/2015 02:00","BZN|DK1","1746.89","1713.10"
"19/06/2015 02:00 - 19/06/2015 03:00","BZN|DK1","1680.48","1656.90"
"19/06/2015 03:00 - 19/06/2015 04:00","BZN|DK1","1663.90","1670.90"
"19/06/2015 04:00 - 19/06/2015 05:00","BZN|DK1","1661.27","1658.30"
"19/06/2015 05:00 - 19/06/2015 06:00","BZN|DK1","1754.90","1742.00"
"19/06/2015 06:00 - 19/06/2015 07:00","BZN|DK1","2086.72","2074.40"
"19/06/2015 07:00 - 19/06/2015 08:00","BZN|DK1","2472.88","2457.70"
"19/06/2015 08:00 - 19/06/2015 09:00","BZN|DK1","2616.27","2620.70"
"19/06/2015 09:00 - 19/06/2015 10:00","BZN|DK1","2646.09","2637.40"
"19/06/2015 10:00 - 19/06/2015 11:00","BZN|DK1","2722.58","2729.30"
"19/06/2015 11:00 - 19/06/2015 12:00","BZN|DK1","2699.19","2701.70"
"19/06/2015 12:00 - 19/06/2015 13:00","BZN|DK1","2584.87","2577.60"
"19/06/2015 13:00 - 19/06/2015 14:00","BZN|DK1","2497.73","2481.70"
"19/06/2015 14:00 - 19/06/2015 15:00","BZN|DK1","2361.50","2363.70"
"19/06/2015 15:00 - 19/06/2015 16:00","BZN|DK1","2246.27","2245.40"
"19/06/2015 16:00 - 19/06/2015 17:00","BZN|DK1","2244.79","2227.60"
"19/06/2015 17:00 - 19/06/2015 18:00","BZN|DK1","2326.60","2311.00"
"19/06/2015 18:00 - 19/06/2015 19:00","BZN|DK1","2273.00","2269.40"
"19/06/2015 19:00 - 19/06/2015 20:00","BZN|DK1","2135.81","2136.40"
"19/06/2015 20:00 - 19/06/2015 21:00","BZN|DK1","2032.06","2037.40"
"19/06/2015 21:00 - 19/06/2015 22:00","BZN|DK1","1909.02","1942.00"
"19/06/2015 22:00 - 19/06/2015 23:00","BZN|DK1","1852.86","1878.40"
"19/06/2015 23:00 - 20/06/2015 00:00","BZN|DK1","1761.98","1780.30"
"20/06/2015 00:00 - 20/06/2015 01:00","BZN|DK1","1625.98","1601.40"
"20/06/2015 01:00 - 20/06/2015 02:00","BZN|DK1","1551.58","1540.70"
"20/06/2015 02:00 - 20/06/2015 03:00","BZN|DK1","1496.54","1493.80"
"20/06/2015 03:00 - 20/06/2015 04:00","BZN|DK1","1477.46","1455.30"
"20/06/2015 04:00 - 20/06/2015 05:00","BZN|DK1","1449.81","1430.50"
"20/06/2015 05:00 - 20/06/2015 06:00","BZN|DK1","1456.26","1465.80"
"20/06/2015 06:00 - 20/06/2015 07:00","BZN|DK1","1562.28","1562.80"
"20/06/2015 07:00 - 20/06/2015 08:00","BZN|DK1","1738.56","1741.70"
"20/06/2015 08:00 - 20/06/2015 09:00","BZN|DK1","1927.60","1927.80"
"20/06/2015 09:00 - 20/06/2015 10:00","BZN|DK1","2020.93","2045.60"
"20/06/2015 10:00 - 20/06/2015 11:00","BZN|DK1","2061.31","2087.50"
"20/06/2015 11:00 - 20/06/2015 12:00","BZN|DK1","2062.09","2064.30"
"20/06/2015 12:00 - 20/06/2015 13:00","BZN|DK1","2006.67","2034.20"
"20/06/2015 13:00 - 20/06/2015 14:00","BZN|DK1","1946.41","1975.40"
"20/06/2015 14:00 - 20/06/2015 15:00","BZN|DK1","1892.11","1910.20"
"20/06/2015 15:00 - 20/06/2015 16:00","BZN|DK1","1856.35","1865.00"
"20/06/2015 16:00 - 20/06/2015 17:00","BZN|DK1","1857.85","1869.10"
"20/06/2015 17:00 - 20/06/2015 18:00","BZN|DK1","1977.58","1972.90"
"20/06/2015 18:00 - 20/06/2015 19:00","BZN|DK1","1975.30","1949.50"
"20/06/2015 19:00 - 20/06/2015 20:00","BZN|DK1","1883.82","1856.50"
"20/06/2015 20:00 - 20/06/2015 21:00","BZN|DK1","1785.59","1788.30"
"20/06/2015 21:00 - 20/06/2015 22:00","BZN|DK1","1715.81","1713.40"
"20/06/2015 22:00 - 20/06/2015 23:00","BZN|DK1","1711.88","1681.10"
"20/06/2015 23:00 - 21/06/2015 00:00","BZN|DK1","1640.71","1623.40"
"21/06/2015 00:00 - 21/06/2015 01:00","BZN|DK1","1516.17","1516.00"
"21/06/2015 01:00 - 21/06/2015 02:00","BZN|DK1","1442.32","1439.60"
"21/06/2015 02:00 - 21/06/2015 03:00","BZN|DK1","1420.84","1395.90"
"21/06/2015 03:00 - 21/06/2015 04:00","BZN|DK1","1404.19","1397.40"
"21/06/2015 04:00 - 21/06/2015 05:00","BZN|DK1","1375.14","1379.70"
"21/06/2015 05:00 - 21/06/2015 06:00","BZN|DK1","1380.66","1375.60"
"21/06/2015 06:00 - 21/06/2015 07:00","BZN|DK1","1471.17","1455.90"
"21/06/2015 07:00 - 21/06/2015 08:00","BZN|DK1","1619.13","1605.70"
"21/06/2015 08:00 - 21/06/2015 09:00","BZN|DK1","1790.56","1765.50"
"21/06/2015 09:00 - 21/06/2015 10:00","BZN|DK1","1908.92","1898.30"
"21/06/2015 10:00 - 21/06/2015 11:00","BZN|DK1","1981.15","1973.60"
"21/06/2015 11:00 - 21/06/2015 12:00","BZN|DK1","2004.01","2003.80"
"21/06/2015 12:00 - 21/06/2015 13:00","BZN|DK1","1982.04","1983.50"
"21/06/2015 13:00 - 21/06/2015 14:00","BZN|DK1","1965.60","1969.00"
"21/06/2015 14:00 - 21/06/2015 15:00","BZN|DK1","1919.98","1946.00"
"21/06/2015 15:00 - 21/06/2015 16:00","BZN|DK1","1890.92","1907.80"
"21/06/2015 16:00 - 21/06/2015 17:00","BZN|DK1","1920.05","1937.50"
"21/06/2015 17:00 - 21/06/2015 18:00","BZN|DK1","2111.04","2084.80"
"21/06/2015 18:00 - 21/06/2015 19:00","BZN|DK1","2147.15","2106.30"
"21/06/2015 19:00 - 21/06/2015 20:00","BZN|DK1","2062.42","2026.50"
"21/06/2015 20:00 - 21/06/2015 21:00","BZN|DK1","1987.80","1951.30"
"21/06/2015 21:00 - 21/06/2015 22:00","BZN|DK1","1894.21","1859.70"
"21/06/2015 22:00 - 21/06/2015 23:00","BZN|DK1","1845.02","1812.90"
"21/06/2015 23:00 - 22/06/2015 00:00","BZN|DK1","1732.57","1737.10"
"22/06/2015 00:00 - 22/06/2015 01:00","BZN|DK1","1648.74","1620.90"
"22/06/2015 01:00 - 22/06/2015 02:00","BZN|DK1","1608.97","1589.30"
"22/06/2015 02:00 - 22/06/2015 03:00","BZN|DK1","1578.49","1567.20"
"22/06/2015 03:00 - 22/06/2015 04:00","BZN|DK1","1585.22","1581.30"
"22/06/2015 04:00 - 22/06/2015 05:00","BZN|DK1","1591.48","1589.00"
"22/06/2015 05:00 - 22/06/2015 06:00","BZN|DK1","1725.07","1707.10"
"22/06/2015 06:00 - 22/06/2015 07:00","BZN|DK1","2089.31","2089.30"
"22/06/2015 07:00 - 22/06/2015 08:00","BZN|DK1","2447.50","2491.50"
"22/06/2015 08:00 - 22/06/2015 09:00","BZN|DK1","2637.78","2638.80"
"22/06/2015 09:00 - 22/06/2015 10:00","BZN|DK1","2688.30","2691.10"
"22/06/2015 10:00 - 22/06/2015 11:00","BZN|DK1","2750.86","2761.00"
"22/06/2015 11:00 - 22/06/2015 12:00","BZN|DK1","2751.12","2756.00"
"22/06/2015 12:00 - 22/06/2015 13:00","BZN|DK1","2663.61","2680.50"
"22/06/2015 13:00 - 22/06/2015 14:00","BZN|DK1","2696.54","2694.50"
"22/06/2015 14:00 - 22/06/2015 15:00","BZN|DK1","2654.29","2648.70"
"22/06/2015 15:00 - 22/06/2015 16:00","BZN|DK1","2555.84","2517.70"
"22/06/2015 16:00 - 22/06/2015 17:00","BZN|DK1","2463.13","2478.20"
"22/06/2015 17:00 - 22/06/2015 18:00","BZN|DK1","2575.60","2558.30"
"22/06/2015 18:00 - 22/06/2015 19:00","BZN|DK1","2498.60","2473.50"
"22/06/2015 19:00 - 22/06/2015 20:00","BZN|DK1","2373.72","2347.00"
"22/06/2015 20:00 - 22/06/2015 21:00","BZN|DK1","2238.87","2226.50"
"22/06/2015 21:00 - 22/06/2015 22:00","BZN|DK1","2128.37","2097.90"
"22/06/2015 22:00 - 22/06/2015 23:00","BZN|DK1","2056.62","2012.30"
"22/06/2015 23:00 - 23/06/2015 00:00","BZN|DK1","1933.19","1880.50"
"23/06/2015 00:00 - 23/06/2015 01:00","BZN|DK1","1758.50","1750.30"
"23/06/2015 01:00 - 23/06/2015 02:00","BZN|DK1","1690.31","1672.00"
"23/06/2015 02:00 - 23/06/2015 03:00","BZN|DK1","1666.35","1656.80"
"23/06/2015 03:00 - 23/06/2015 04:00","BZN|DK1","1676.25","1655.20"
"23/06/2015 04:00 - 23/06/2015 05:00","BZN|DK1","1658.37","1642.40"
"23/06/2015 05:00 - 23/06/2015 06:00","BZN|DK1","1774.90","1766.00"
"23/06/2015 06:00 - 23/06/2015 07:00","BZN|DK1","2111.83","2130.70"
"23/06/2015 07:00 - 23/06/2015 08:00","BZN|DK1","2503.78","2527.50"
"23/06/2015 08:00 - 23/06/2015 09:00","BZN|DK1","2656.86","2689.60"
"23/06/2015 09:00 - 23/06/2015 10:00","BZN|DK1","2678.98","2699.30"
"23/06/2015 10:00 - 23/06/2015 11:00","BZN|DK1","2731.75","2735.80"
"23/06/2015 11:00 - 23/06/2015 12:00","BZN|DK1","2725.14","2729.80"
"23/06/2015 12:00 - 23/06/2015 13:00","BZN|DK1","2694.40","2667.30"
"23/06/2015 13:00 - 23/06/2015 14:00","BZN|DK1","2737.89","2714.00"
"23/06/2015 14:00 - 23/06/2015 15:00","BZN|DK1","2690.91","2687.70"
"23/06/2015 15:00 - 23/06/2015 16:00","BZN|DK1","2509.71","2559.90"
"23/06/2015 16:00 - 23/06/2015 17:00","BZN|DK1","2420.48","2416.00"
"23/06/2015 17:00 - 23/06/2015 18:00","BZN|DK1","2465.04","2486.60"
"23/06/2015 18:00 - 23/06/2015 19:00","BZN|DK1","2303.75","2375.60"
"23/06/2015 19:00 - 23/06/2015 20:00","BZN|DK1","2070.42","2182.00"
"23/06/2015 20:00 - 23/06/2015 21:00","BZN|DK1","2069.57","2072.30"
"23/06/2015 21:00 - 23/06/2015 22:00","BZN|DK1","2014.28","2003.90"
"23/06/2015 22:00 - 23/06/2015 23:00","BZN|DK1","1988.77","1939.00"
"23/06/2015 23:00 - 24/06/2015 00:00","BZN|DK1","1860.08","1856.20"
"24/06/2015 00:00 - 24/06/2015 01:00","BZN|DK1","1724.31","1734.90"
"24/06/2015 01:00 - 24/06/2015 02:00","BZN|DK1","1658.29","1638.10"
"24/06/2015 02:00 - 24/06/2015 03:00","BZN|DK1","1627.94","1617.50"
"24/06/2015 03:00 - 24/06/2015 04:00","BZN|DK1","1620.17","1614.80"
"24/06/2015 04:00 - 24/06/2015 05:00","BZN|DK1","1623.63","1609.20"
"24/06/2015 05:00 - 24/06/2015 06:00","BZN|DK1","1729.50","1725.30"
"24/06/2015 06:00 - 24/06/2015 07:00","BZN|DK1","2062.15","2078.80"
"24/06/2015 07:00 - 24/06/2015 08:00","BZN|DK1","2393.85","2414.60"
"24/06/2015 08:00 - 24/06/2015 09:00","BZN|DK1","2604.42","2579.50"
"24/06/2015 09:00 - 24/06/2015 10:00","BZN|DK1","2658.73","2652.10"
"24/06/2015 10:00 - 24/06/2015 11:00","BZN|DK1","2707.45","2721.70"
"24/06/2015 11:00 - 24/06/2015 12:00","BZN|DK1","2698.55","2696.30"
"24/06/2015 12:00 - 24/06/2015 13:00","BZN|DK1","2618.50","2633.00"
"24/06/2015 13:00 - 24/06/2015 14:00","BZN|DK1","2652.48","2642.30"
"24/06/2015 14:00 - 24/06/2015 15:00","BZN|DK1","2448.83","2587.00"
"24/06/2015 15:00 - 24/06/2015 16:00","BZN|DK1","2519.72","2487.30"
"24/06/2015 16:00 - 24/06/2015 17:00","BZN|DK1","2485.41","2441.00"
"24/06/2015 17:00 - 24/06/2015 18:00","BZN|DK1","2585.45","2570.70"
"24/06/2015 18:00 - 24/06/2015 19:00","BZN|DK1","2506.19","2480.80"
"24/06/2015 19:00 - 24/06/2015 20:00","BZN|DK1","2359.84","2361.40"
"24/06/2015 20:00 - 24/06/2015 21:00","BZN|DK1","2242.60","2249.00"
"24/06/2015 21:00 - 24/06/2015 22:00","BZN|DK1","2139.82","2136.60"
"24/06/2015 22:00 - 24/06/2015 23:00","BZN|DK1","2057.24","2041.70"
"24/06/2015 23:00 - 25/06/2015 00:00","BZN|DK1","1933.52","1913.20"
"25/06/2015 00:00 - 25/06/2015 01:00","BZN|DK1","1813.90","1774.30"
"25/06/2015 01:00 - 25/06/2015 02:00","BZN|DK1","1745.61","1731.50"
"25/06/2015 02:00 - 25/06/2015 03:00","BZN|DK1","1712.87","1695.50"
"25/06/2015 03:00 - 25/06/2015 04:00","BZN|DK1","1683.69","1693.30"
"25/06/2015 04:00 - 25/06/2015 05:00","BZN|DK1","1691.37","1684.50"
"25/06/2015 05:00 - 25/06/2015 06:00","BZN|DK1","1764.61","1743.50"
"25/06/2015 06:00 - 25/06/2015 07:00","BZN|DK1","2099.24","2092.60"
"25/06/2015 07:00 - 25/06/2015 08:00","BZN|DK1","2458.71","2484.30"
"25/06/2015 08:00 - 25/06/2015 09:00","BZN|DK1","2613.41","2626.80"
"25/06/2015 09:00 - 25/06/2015 10:00","BZN|DK1","2668.75","2667.20"
"25/06/2015 10:00 - 25/06/2015 11:00","BZN|DK1","2739.73","2747.80"
"25/06/2015 11:00 - 25/06/2015 12:00","BZN|DK1","2704.89","2728.80"
"25/06/2015 12:00 - 25/06/2015 13:00","BZN|DK1","2674.79","2644.70"
"25/06/2015 13:00 - 25/06/2015 14:00","BZN|DK1","2685.81","2671.10"
"25/06/2015 14:00 - 25/06/2015 15:00","BZN|DK1","2627.63","2612.50"
"25/06/2015 15:00 - 25/06/2015 16:00","BZN|DK1","2489.51","2484.50"
"25/06/2015 16:00 - 25/06/2015 17:00","BZN|DK1","2465.92","2425.90"
"25/06/2015 17:00 - 25/06/2015 18:00","BZN|DK1","2535.69","2531.00"
"25/06/2015 18:00 - 25/06/2015 19:00","BZN|DK1","2461.98","2448.00"
"25/06/2015 19:00 - 25/06/2015 20:00","BZN|DK1","2339.95","2331.50"
"25/06/2015 20:00 - 25/06/2015 21:00","BZN|DK1","2217.22","2219.80"
"25/06/2015 21:00 - 25/06/2015 22:00","BZN|DK1","2095.58","2113.90"
"25/06/2015 22:00 - 25/06/2015 23:00","BZN|DK1","2000.55","2030.50"
"25/06/2015 23:00 - 26/06/2015 00:00","BZN|DK1","1889.68","1915.30"
"26/06/2015 00:00 - 26/06/2015 01:00","BZN|DK1","1746.15","1737.90"
"26/06/2015 01:00 - 26/06/2015 02:00","BZN|DK1","1669.49","1666.40"
"26/06/2015 02:00 - 26/06/2015 03:00","BZN|DK1","1657.27","1630.80"
"26/06/2015 03:00 - 26/06/2015 04:00","BZN|DK1","1653.19","1641.80"
"26/06/2015 04:00 - 26/06/2015 05:00","BZN|DK1","1628.45","1643.00"
"26/06/2015 05:00 - 26/06/2015 06:00","BZN|DK1","1711.51","1725.40"
"26/06/2015 06:00 - 26/06/2015 07:00","BZN|DK1","2036.77","2028.40"
"26/06/2015 07:00 - 26/06/2015 08:00","BZN|DK1","2450.06","2419.50"
"26/06/2015 08:00 - 26/06/2015 09:00","BZN|DK1","2605.62","2615.30"
"26/06/2015 09:00 - 26/06/2015 10:00","BZN|DK1","2618.44","2652.00"
"26/06/2015 10:00 - 26/06/2015 11:00","BZN|DK1","2702.39","2709.70"
"26/06/2015 11:00 - 26/06/2015 12:00","BZN|DK1","2677.10","2673.10"
"26/06/2015 12:00 - 26/06/2015 13:00","BZN|DK1","2541.27","2568.90"
"26/06/2015 13:00 - 26/06/2015 14:00","BZN|DK1","2476.97","2465.10"
"26/06/2015 14:00 - 26/06/2015 15:00","BZN|DK1","2357.60","2349.70"
"26/06/2015 15:00 - 26/06/2015 16:00","BZN|DK1","2264.24","2252.50"
"26/06/2015 16:00 - 26/06/2015 17:00","BZN|DK1","2239.56","2244.40"
"26/06/2015 17:00 - 26/06/2015 18:00","BZN|DK1","2326.66","2321.80"
"26/06/2015 18:00 - 26/06/2015 19:00","BZN|DK1","2298.35","2269.60"
"26/06/2015 19:00 - 26/06/2015 20:00","BZN|DK1","2161.20","2152.30"
"26/06/2015 20:00 - 26/06/2015 21:00","BZN|DK1","2020.82","2035.70"
"26/06/2015 21:00 - 26/06/2015 22:00","BZN|DK1","1921.67","1938.50"
"26/06/2015 22:00 - 26/06/2015 23:00","BZN|DK1","1855.48","1873.80"
"26/06/2015 23:00 - 27/06/2015 00:00","BZN|DK1","1761.67","1763.40"
"27/06/2015 00:00 - 27/06/2015 01:00","BZN|DK1","1649.14","1629.10"
"27/06/2015 01:00 - 27/06/2015 02:00","BZN|DK1","1564.60","1558.50"
"27/06/2015 02:00 - 27/06/2015 03:00","BZN|DK1","1502.36","1508.80"
"27/06/2015 03:00 - 27/06/2015 04:00","BZN|DK1","1461.31","1470.50"
"27/06/2015 04:00 - 27/06/2015 05:00","BZN|DK1","1432.44","1440.80"
"27/06/2015 05:00 - 27/06/2015 06:00","BZN|DK1","1428.15","1425.00"
"27/06/2015 06:00 - 27/06/2015 07:00","BZN|DK1","1580.61","1545.20"
"27/06/2015 07:00 - 27/06/2015 08:00","BZN|DK1","1757.49","1761.40"
"27/06/2015 08:00 - 27/06/2015 09:00","BZN|DK1","1930.32","1943.50"
"27/06/2015 09:00 - 27/06/2015 10:00","BZN|DK1","2061.15","2053.90"
"27/06/2015 10:00 - 27/06/2015 11:00","BZN|DK1","2129.52","2106.90"
"27/06/2015 11:00 - 27/06/2015 12:00","BZN|DK1","2128.04","2126.50"
"27/06/2015 12:00 - 27/06/2015 13:00","BZN|DK1","2086.37","2059.30"
"27/06/2015 13:00 - 27/06/2015 14:00","BZN|DK1","2044.67","2049.30"
"27/06/2015 14:00 - 27/06/2015 15:00","BZN|DK1","1988.54","2011.10"
"27/06/2015 15:00 - 27/06/2015 16:00","BZN|DK1","1955.32","1966.30"
"27/06/2015 16:00 - 27/06/2015 17:00","BZN|DK1","1978.67","1958.80"
"27/06/2015 17:00 - 27/06/2015 18:00","BZN|DK1","2110.79","2096.00"
"27/06/2015 18:00 - 27/06/2015 19:00","BZN|DK1","2101.54","2094.80"
"27/06/2015 19:00 - 27/06/2015 20:00","BZN|DK1","1984.15","1960.40"
"27/06/2015 20:00 - 27/06/2015 21:00","BZN|DK1","1888.50","1873.70"
"27/06/2015 21:00 - 27/06/2015 22:00","BZN|DK1","1801.44","1813.00"
"27/06/2015 22:00 - 27/06/2015 23:00","BZN|DK1","1747.98","1763.90"
"27/06/2015 23:00 - 28/06/2015 00:00","BZN|DK1","1662.49","1690.20"
"28/06/2015 00:00 - 28/06/2015 01:00","BZN|DK1","1569.07","1569.80"
"28/06/2015 01:00 - 28/06/2015 02:00","BZN|DK1","1490.76","1477.70"
"28/06/2015 02:00 - 28/06/2015 03:00","BZN|DK1","1452.51","1437.80"
"28/06/2015 03:00 - 28/06/2015 04:00","BZN|DK1","1428.57","1435.30"
"28/06/2015 04:00 - 28/06/2015 05:00","BZN|DK1","1406.62","1414.30"
"28/06/2015 05:00 - 28/06/2015 06:00","BZN|DK1","1404.31","1409.30"
"28/06/2015 06:00 - 28/06/2015 07:00","BZN|DK1","1477.90","1480.40"
"28/06/2015 07:00 - 28/06/2015 08:00","BZN|DK1","1616.52","1612.60"
"28/06/2015 08:00 - 28/06/2015 09:00","BZN|DK1","1780.29","1794.00"
"28/06/2015 09:00 - 28/06/2015 10:00","BZN|DK1","1902.37","1909.30"
"28/06/2015 10:00 - 28/06/2015 11:00","BZN|DK1","1966.69","1973.30"
"28/06/2015 11:00 - 28/06/2015 12:00","BZN|DK1","1982.59","1983.80"
"28/06/2015 12:00 - 28/06/2015 13:00","BZN|DK1","1971.88","1970.70"
"28/06/2015 13:00 - 28/06/2015 14:00","BZN|DK1","1933.08","1959.00"
"28/06/2015 14:00 - 28/06/2015 15:00","BZN|DK1","1905.70","1907.50"
"28/06/2015 15:00 - 28/06/2015 16:00","BZN|DK1","1891.87","1889.00"
"28/06/2015 16:00 - 28/06/2015 17:00","BZN|DK1","1941.46","1920.60"
"28/06/2015 17:00 - 28/06/2015 18:00","BZN|DK1","2139.51","2109.60"
"28/06/2015 18:00 - 28/06/2015 19:00","BZN|DK1","2173.82","2154.20"
"28/06/2015 19:00 - 28/06/2015 20:00","BZN|DK1","2096.13","2075.40"
"28/06/2015 20:00 - 28/06/2015 21:00","BZN|DK1","2026.26","2012.90"
"28/06/2015 21:00 - 28/06/2015 22:00","BZN|DK1","1943.55","1930.90"
"28/06/2015 22:00 - 28/06/2015 23:00","BZN|DK1","1870.90","1878.50"
"28/06/2015 23:00 - 29/06/2015 00:00","BZN|DK1","1780.19","1786.90"
"29/06/2015 00:00 - 29/06/2015 01:00","BZN|DK1","1684.58","1658.80"
"29/06/2015 01:00 - 29/06/2015 02:00","BZN|DK1","1602.66","1595.40"
"29/06/2015 02:00 - 29/06/2015 03:00","BZN|DK1","1592.56","1570.40"
"29/06/2015 03:00 - 29/06/2015 04:00","BZN|DK1","1600.69","1599.70"
"29/06/2015 04:00 - 29/06/2015 05:00","BZN|DK1","1600.71","1597.10"
"29/06/2015 05:00 - 29/06/2015 06:00","BZN|DK1","1718.82","1702.40"
"29/06/2015 06:00 - 29/06/2015 07:00","BZN|DK1","2044.57","2036.50"
"29/06/2015 07:00 - 29/06/2015 08:00","BZN|DK1","2420.85","2414.50"
"29/06/2015 08:00 - 29/06/2015 09:00","BZN|DK1","2632.16","2626.20"
"29/06/2015 09:00 - 29/06/2015 10:00","BZN|DK1","2651.29","2659.20"
"29/06/2015 10:00 - 29/06/2015 11:00","BZN|DK1","2729.80","2741.30"
"29/06/2015 11:00 - 29/06/2015 12:00","BZN|DK1","2735.49","2733.60"
"29/06/2015 12:00 - 29/06/2015 13:00","BZN|DK1","2650.57","2658.90"
"29/06/2015 13:00 - 29/06/2015 14:00","BZN|DK1","2668.68","2671.60"
"29/06/2015 14:00 - 29/06/2015 15:00","BZN|DK1","2619.21","2601.60"
"29/06/2015 15:00 - 29/06/2015 16:00","BZN|DK1","2504.14","2482.60"
"29/06/2015 16:00 - 29/06/2015 17:00","BZN|DK1","2414.68","2420.10"
"29/06/2015 17:00 - 29/06/2015 18:00","BZN|DK1","2530.89","2514.20"
"29/06/2015 18:00 - 29/06/2015 19:00","BZN|DK1","2460.56","2462.00"
"29/06/2015 19:00 - 29/06/2015 20:00","BZN|DK1","2330.68","2336.70"
"29/06/2015 20:00 - 29/06/2015 21:00","BZN|DK1","2215.05","2217.20"
"29/06/2015 21:00 - 29/06/2015 22:00","BZN|DK1","2103.08","2127.60"
"29/06/2015 22:00 - 29/06/2015 23:00","BZN|DK1","2029.62","2072.80"
"29/06/2015 23:00 - 30/06/2015 00:00","BZN|DK1","1896.52","1965.20"
"30/06/2015 00:00 - 30/06/2015 01:00","BZN|DK1","1778.76","1732.60"
"30/06/2015 01:00 - 30/06/2015 02:00","BZN|DK1","1705.83","1685.50"
"30/06/2015 02:00 - 30/06/2015 03:00","BZN|DK1","1678.11","1653.90"
"30/06/2015 03:00 - 30/06/2015 04:00","BZN|DK1","1687.72","1655.10"
"30/06/2015 04:00 - 30/06/2015 05:00","BZN|DK1","1672.09","1681.60"
"30/06/2015 05:00 - 30/06/2015 06:00","BZN|DK1","1743.91","1757.00"
"30/06/2015 06:00 - 30/06/2015 07:00","BZN|DK1","2061.07","2070.20"
"30/06/2015 07:00 - 30/06/2015 08:00","BZN|DK1","2430.70","2446.90"
"30/06/2015 08:00 - 30/06/2015 09:00","BZN|DK1","2610.40","2618.80"
"30/06/2015 09:00 - 30/06/2015 10:00","BZN|DK1","2638.30","2648.80"
"30/06/2015 10:00 - 30/06/2015 11:00","BZN|DK1","2715.80","2721.20"
"30/06/2015 11:00 - 30/06/2015 12:00","BZN|DK1","2728.79","2734.40"
"30/06/2015 12:00 - 30/06/2015 13:00","BZN|DK1","2678.68","2668.70"
"30/06/2015 13:00 - 30/06/2015 14:00","BZN|DK1","2679.53","2682.20"
"30/06/2015 14:00 - 30/06/2015 15:00","BZN|DK1","2617.15","2617.00"
"30/06/2015 15:00 - 30/06/2015 16:00","BZN|DK1","2487.99","2505.00"
"30/06/2015 16:00 - 30/06/2015 17:00","BZN|DK1","2415.33","2416.90"
"30/06/2015 17:00 - 30/06/2015 18:00","BZN|DK1","2538.47","2509.80"
"30/06/2015 18:00 - 30/06/2015 19:00","BZN|DK1","2515.95","2503.20"
"30/06/2015 19:00 - 30/06/2015 20:00","BZN|DK1","2340.68","2335.10"
"30/06/2015 20:00 - 30/06/2015 21:00","BZN|DK1","2241.85","2219.10"
"30/06/2015 21:00 - 30/06/2015 22:00","BZN|DK1","2136.75","2124.00"
"30/06/2015 22:00 - 30/06/2015 23:00","BZN|DK1","2066.00","2047.50"
"30/06/2015 23:00 - 01/07/2015 00:00","BZN|DK1","1952.04","1913.40"
"01/07/2015 00:00 - 01/07/2015 01:00","BZN|DK1","1814.59","1784.40"
"01/07/2015 01:00 - 01/07/2015 02:00","BZN|DK1","1715.88","1688.00"
"01/07/2015 02:00 - 01/07/2015 03:00","BZN|DK1","1676.47","1642.50"
"01/07/2015 03:00 - 01/07/2015 04:00","BZN|DK1","1703.38","1665.10"
"01/07/2015 04:00 - 01/07/2015 05:00","BZN|DK1","1693.28","1688.80"
"01/07/2015 05:00 - 01/07/2015 06:00","BZN|DK1","1787.10","1769.10"
"01/07/2015 06:00 - 01/07/2015 07:00","BZN|DK1","2116.64","2084.10"
"01/07/2015 07:00 - 01/07/2015 08:00","BZN|DK1","2492.80","2466.50"
"01/07/2015 08:00 - 01/07/2015 09:00","BZN|DK1","2682.32","2672.00"
"01/07/2015 09:00 - 01/07/2015 10:00","BZN|DK1","2710.31","2724.20"
"01/07/2015 10:00 - 01/07/2015 11:00","BZN|DK1","2764.69","2783.10"
"01/07/2015 11:00 - 01/07/2015 12:00","BZN|DK1","2745.41","2759.60"
"01/07/2015 12:00 - 01/07/2015 13:00","BZN|DK1","2686.13","2685.20"
"01/07/2015 13:00 - 01/07/2015 14:00","BZN|DK1","2713.75","2701.70"
"01/07/2015 14:00 - 01/07/2015 15:00","BZN|DK1","2647.51","2637.00"
"01/07/2015 15:00 - 01/07/2015 16:00","BZN|DK1","2482.93","2516.70"
"01/07/2015 16:00 - 01/07/2015 17:00","BZN|DK1","2369.36","2392.50"
"01/07/2015 17:00 - 01/07/2015 18:00","BZN|DK1","2402.11","2451.00"
"01/07/2015 18:00 - 01/07/2015 19:00","BZN|DK1","2324.47","2342.90"
"01/07/2015 19:00 - 01/07/2015 20:00","BZN|DK1","2201.83","2220.30"
"01/07/2015 20:00 - 01/07/2015 21:00","BZN|DK1","2212.99","2148.20"
"01/07/2015 21:00 - 01/07/2015 22:00","BZN|DK1","2141.80","2097.40"
"01/07/2015 22:00 - 01/07/2015 23:00","BZN|DK1","2067.12","2050.30"
"01/07/2015 23:00 - 02/07/2015 00:00","BZN|DK1","1962.60","1928.40"
"02/07/2015 00:00 - 02/07/2015 01:00","BZN|DK1","1814.60","1814.80"
"02/07/2015 01:00 - 02/07/2015 02:00","BZN|DK1","1735.19","1733.30"
"02/07/2015 02:00 - 02/07/2015 03:00","BZN|DK1","1697.28","1691.40"
"02/07/2015 03:00 - 02/07/2015 04:00","BZN|DK1","1697.33","1684.40"
"02/07/2015 04:00 - 02/07/2015 05:00","BZN|DK1","1679.52","1683.70"
"02/07/2015 05:00 - 02/07/2015 06:00","BZN|DK1","1793.51","1784.30"
"02/07/2015 06:00 - 02/07/2015 07:00","BZN|DK1","2108.85","2108.00"
"02/07/2015 07:00 - 02/07/2015 08:00","BZN|DK1","2471.62","2469.00"
"02/07/2015 08:00 - 02/07/2015 09:00","BZN|DK1","2621.54","2630.90"
"02/07/2015 09:00 - 02/07/2015 10:00","BZN|DK1","2684.99","2678.00"
"02/07/2015 10:00 - 02/07/2015 11:00","BZN|DK1","2791.27","2762.80"
"02/07/2015 11:00 - 02/07/2015 12:00","BZN|DK1","2778.29","2788.80"
"02/07/2015 12:00 - 02/07/2015 13:00","BZN|DK1","2705.76","2715.30"
"02/07/2015 13:00 - 02/07/2015 14:00","BZN|DK1","2720.11","2709.60"
"02/07/2015 14:00 - 02/07/2015 15:00","BZN|DK1","2658.39","2650.90"
"02/07/2015 15:00 - 02/07/2015 16:00","BZN|DK1","2502.67","2516.90"
"02/07/2015 16:00 - 02/07/2015 17:00","BZN|DK1","2437.44","2435.00"
"02/07/2015 17:00 - 02/07/2015 18:00","BZN|DK1","2460.25","2505.00"
"02/07/2015 18:00 - 02/07/2015 19:00","BZN|DK1","2395.67","2383.70"
"02/07/2015 19:00 - 02/07/2015 20:00","BZN|DK1","2299.94","2295.30"
"02/07/2015 20:00 - 02/07/2015 21:00","BZN|DK1","2206.74","2202.80"
"02/07/2015 21:00 - 02/07/2015 22:00","BZN|DK1","2103.65","2133.50"
"02/07/2015 22:00 - 02/07/2015 23:00","BZN|DK1","2062.66","2082.50"
"02/07/2015 23:00 - 03/07/2015 00:00","BZN|DK1","1976.37","1947.90"
"03/07/2015 00:00 - 03/07/2015 01:00","BZN|DK1","1860.50","1831.40"
"03/07/2015 01:00 - 03/07/2015 02:00","BZN|DK1","1779.67","1763.00"
"03/07/2015 02:00 - 03/07/2015 03:00","BZN|DK1","1770.39","1727.10"
"03/07/2015 03:00 - 03/07/2015 04:00","BZN|DK1","1767.32","1748.60"
"03/07/2015 04:00 - 03/07/2015 05:00","BZN|DK1","1732.27","1745.50"
"03/07/2015 05:00 - 03/07/2015 06:00","BZN|DK1","1810.28","1810.90"
"03/07/2015 06:00 - 03/07/2015 07:00","BZN|DK1","2118.70","2101.80"
"03/07/2015 07:00 - 03/07/2015 08:00","BZN|DK1","2469.99","2444.60"
"03/07/2015 08:00 - 03/07/2015 09:00","BZN|DK1","2637.29","2620.60"
"03/07/2015 09:00 - 03/07/2015 10:00","BZN|DK1","2684.54","2691.10"
"03/07/2015 10:00 - 03/07/2015 11:00","BZN|DK1","2762.66","2768.00"
"03/07/2015 11:00 - 03/07/2015 12:00","BZN|DK1","2748.51","2743.40"
"03/07/2015 12:00 - 03/07/2015 13:00","BZN|DK1","2645.68","2631.90"
"03/07/2015 13:00 - 03/07/2015 14:00","BZN|DK1","2602.50","2547.60"
"03/07/2015 14:00 - 03/07/2015 15:00","BZN|DK1","2487.22","2450.80"
"03/07/2015 15:00 - 03/07/2015 16:00","BZN|DK1","2395.48","2386.10"
"03/07/2015 16:00 - 03/07/2015 17:00","BZN|DK1","2354.52","2359.50"
"03/07/2015 17:00 - 03/07/2015 18:00","BZN|DK1","2382.34","2410.30"
"03/07/2015 18:00 - 03/07/2015 19:00","BZN|DK1","2313.42","2328.90"
"03/07/2015 19:00 - 03/07/2015 20:00","BZN|DK1","2172.76","2163.30"
"03/07/2015 20:00 - 03/07/2015 21:00","BZN|DK1","2067.50","2047.60"
"03/07/2015 21:00 - 03/07/2015 22:00","BZN|DK1","1980.39","1963.30"
"03/07/2015 22:00 - 03/07/2015 23:00","BZN|DK1","1950.73","1930.30"
"03/07/2015 23:00 - 04/07/2015 00:00","BZN|DK1","1898.04","1841.70"
"04/07/2015 00:00 - 04/07/2015 01:00","BZN|DK1","1790.17","1738.40"
"04/07/2015 01:00 - 04/07/2015 02:00","BZN|DK1","1674.12","1678.00"
"04/07/2015 02:00 - 04/07/2015 03:00","BZN|DK1","1606.80","1608.80"
"04/07/2015 03:00 - 04/07/2015 04:00","BZN|DK1","1586.41","1568.20"
"04/07/2015 04:00 - 04/07/2015 05:00","BZN|DK1","1542.13","1544.60"
"04/07/2015 05:00 - 04/07/2015 06:00","BZN|DK1","1535.87","1528.50"
"04/07/2015 06:00 - 04/07/2015 07:00","BZN|DK1","1634.22","1630.20"
"04/07/2015 07:00 - 04/07/2015 08:00","BZN|DK1","1805.60","1804.50"
"04/07/2015 08:00 - 04/07/2015 09:00","BZN|DK1","1996.15","1993.30"
"04/07/2015 09:00 - 04/07/2015 10:00","BZN|DK1","2112.35","2108.90"
"04/07/2015 10:00 - 04/07/2015 11:00","BZN|DK1","2165.98","2161.60"
"04/07/2015 11:00 - 04/07/2015 12:00","BZN|DK1","2154.24","2150.50"
"04/07/2015 12:00 - 04/07/2015 13:00","BZN|DK1","2108.25","2110.90"
"04/07/2015 13:00 - 04/07/2015 14:00","BZN|DK1","2072.91","2061.40"
"04/07/2015 14:00 - 04/07/2015 15:00","BZN|DK1","2021.52","2024.20"
"04/07/2015 15:00 - 04/07/2015 16:00","BZN|DK1","1996.10","1987.00"
"04/07/2015 16:00 - 04/07/2015 17:00","BZN|DK1","2005.80","2003.00"
"04/07/2015 17:00 - 04/07/2015 18:00","BZN|DK1","2075.55","2080.50"
"04/07/2015 18:00 - 04/07/2015 19:00","BZN|DK1","2071.52","2066.60"
"04/07/2015 19:00 - 04/07/2015 20:00","BZN|DK1","1988.54","1966.10"
"04/07/2015 20:00 - 04/07/2015 21:00","BZN|DK1","1928.67","1909.20"
"04/07/2015 21:00 - 04/07/2015 22:00","BZN|DK1","1857.47","1854.50"
"04/07/2015 22:00 - 04/07/2015 23:00","BZN|DK1","1845.64","1826.10"
"04/07/2015 23:00 - 05/07/2015 00:00","BZN|DK1","1790.29","1748.90"
"05/07/2015 00:00 - 05/07/2015 01:00","BZN|DK1","1667.54","1654.20"
"05/07/2015 01:00 - 05/07/2015 02:00","BZN|DK1","1590.66","1573.00"
"05/07/2015 02:00 - 05/07/2015 03:00","BZN|DK1","1538.76","1529.20"
"05/07/2015 03:00 - 05/07/2015 04:00","BZN|DK1","1515.93","1506.10"
"05/07/2015 04:00 - 05/07/2015 05:00","BZN|DK1","1471.22","1465.60"
"05/07/2015 05:00 - 05/07/2015 06:00","BZN|DK1","1465.66","1450.50"
"05/07/2015 06:00 - 05/07/2015 07:00","BZN|DK1","1528.92","1524.50"
"05/07/2015 07:00 - 05/07/2015 08:00","BZN|DK1","1677.19","1683.70"
"05/07/2015 08:00 - 05/07/2015 09:00","BZN|DK1","1840.10","1864.30"
"05/07/2015 09:00 - 05/07/2015 10:00","BZN|DK1","1964.48","1961.70"
"05/07/2015 10:00 - 05/07/2015 11:00","BZN|DK1","2031.03","2026.10"
"05/07/2015 11:00 - 05/07/2015 12:00","BZN|DK1","2049.42","2051.50"
"05/07/2015 12:00 - 05/07/2015 13:00","BZN|DK1","2026.53","2025.70"
"05/07/2015 13:00 - 05/07/2015 14:00","BZN|DK1","2009.43","2002.50"
"05/07/2015 14:00 - 05/07/2015 15:00","BZN|DK1","1998.79","1987.10"
"05/07/2015 15:00 - 05/07/2015 16:00","BZN|DK1","1994.63","1989.40"
"05/07/2015 16:00 - 05/07/2015 17:00","BZN|DK1","2036.82","2031.00"
"05/07/2015 17:00 - 05/07/2015 18:00","BZN|DK1","2169.40","2161.30"
"05/07/2015 18:00 - 05/07/2015 19:00","BZN|DK1","2189.49","2176.00"
"05/07/2015 19:00 - 05/07/2015 20:00","BZN|DK1","2107.13","2105.90"
"05/07/2015 20:00 - 05/07/2015 21:00","BZN|DK1","2062.69","2051.70"
"05/07/2015 21:00 - 05/07/2015 22:00","BZN|DK1","2002.55","1993.80"
"05/07/2015 22:00 - 05/07/2015 23:00","BZN|DK1","1949.14","1963.20"
"05/07/2015 23:00 - 06/07/2015 00:00","BZN|DK1","1827.73","1860.50"
"06/07/2015 00:00 - 06/07/2015 01:00","BZN|DK1","1692.27","1656.80"
"06/07/2015 01:00 - 06/07/2015 02:00","BZN|DK1","1587.43","1606.10"
"06/07/2015 02:00 - 06/07/2015 03:00","BZN|DK1","1552.52","1563.30"
"06/07/2015 03:00 - 06/07/2015 04:00","BZN|DK1","1608.31","1582.00"
"06/07/2015 04:00 - 06/07/2015 05:00","BZN|DK1","1643.06","1607.90"
"06/07/2015 05:00 - 06/07/2015 06:00","BZN|DK1","1705.32","1712.10"
"06/07/2015 06:00 - 06/07/2015 07:00","BZN|DK1","1952.85","1981.00"
"06/07/2015 07:00 - 06/07/2015 08:00","BZN|DK1","2299.82","2303.70"
"06/07/2015 08:00 - 06/07/2015 09:00","BZN|DK1","2498.38","2523.80"
"06/07/2015 09:00 - 06/07/2015 10:00","BZN|DK1","2610.30","2597.00"
"06/07/2015 10:00 - 06/07/2015 11:00","BZN|DK1","2700.34","2721.50"
"06/07/2015 11:00 - 06/07/2015 12:00","BZN|DK1","2697.83","2716.50"
"06/07/2015 12:00 - 06/07/2015 13:00","BZN|DK1","2629.48","2645.80"
"06/07/2015 13:00 - 06/07/2015 14:00","BZN|DK1","2659.52","2662.00"
"06/07/2015 14:00 - 06/07/2015 15:00","BZN|DK1","2618.81","2617.70"
"06/07/2015 15:00 - 06/07/2015 16:00","BZN|DK1","2467.34","2471.40"
"06/07/2015 16:00 - 06/07/2015 17:00","BZN|DK1","2406.54","2388.10"
"06/07/2015 17:00 - 06/07/2015 18:00","BZN|DK1","2515.33","2491.60"
"06/07/2015 18:00 - 06/07/2015 19:00","BZN|DK1","2453.84","2441.60"
"06/07/2015 19:00 - 06/07/2015 20:00","BZN|DK1","2349.66","2330.80"
"06/07/2015 20:00 - 06/07/2015 21:00","BZN|DK1","2218.56","2198.80"
"06/07/2015 21:00 - 06/07/2015 22:00","BZN|DK1","2136.15","2107.80"
"06/07/2015 22:00 - 06/07/2015 23:00","BZN|DK1","2074.84","2034.00"
"06/07/2015 23:00 - 07/07/2015 00:00","BZN|DK1","1933.82","1895.40"
"07/07/2015 00:00 - 07/07/2015 01:00","BZN|DK1","1786.74","1795.50"
"07/07/2015 01:00 - 07/07/2015 02:00","BZN|DK1","1726.17","1706.00"
"07/07/2015 02:00 - 07/07/2015 03:00","BZN|DK1","1695.20","1688.70"
"07/07/2015 03:00 - 07/07/2015 04:00","BZN|DK1","1677.05","1682.40"
"07/07/2015 04:00 - 07/07/2015 05:00","BZN|DK1","1681.98","1683.00"
"07/07/2015 05:00 - 07/07/2015 06:00","BZN|DK1","1745.31","1758.00"
"07/07/2015 06:00 - 07/07/2015 07:00","BZN|DK1","2028.80","2020.80"
"07/07/2015 07:00 - 07/07/2015 08:00","BZN|DK1","2374.20","2353.50"
"07/07/2015 08:00 - 07/07/2015 09:00","BZN|DK1","2585.66","2566.50"
"07/07/2015 09:00 - 07/07/2015 10:00","BZN|DK1","2637.70","2634.10"
"07/07/2015 10:00 - 07/07/2015 11:00","BZN|DK1","2703.07","2712.90"
"07/07/2015 11:00 - 07/07/2015 12:00","BZN|DK1","2656.59","2684.70"
"07/07/2015 12:00 - 07/07/2015 13:00","BZN|DK1","2615.63","2616.00"
"07/07/2015 13:00 - 07/07/2015 14:00","BZN|DK1","2665.50","2648.80"
"07/07/2015 14:00 - 07/07/2015 15:00","BZN|DK1","2627.32","2635.50"
"07/07/2015 15:00 - 07/07/2015 16:00","BZN|DK1","2515.12","2503.10"
"07/07/2015 16:00 - 07/07/2015 17:00","BZN|DK1","2477.99","2464.60"
"07/07/2015 17:00 - 07/07/2015 18:00","BZN|DK1","2582.37","2542.50"
"07/07/2015 18:00 - 07/07/2015 19:00","BZN|DK1","2581.11","2543.20"
"07/07/2015 19:00 - 07/07/2015 20:00","BZN|DK1","2360.17","2406.90"
"07/07/2015 20:00 - 07/07/2015 21:00","BZN|DK1","2246.18","2232.80"
"07/07/2015 21:00 - 07/07/2015 22:00","BZN|DK1","2158.78","2176.20"
"07/07/2015 22:00 - 07/07/2015 23:00","BZN|DK1","2094.69","2134.30"
"07/07/2015 23:00 - 08/07/2015 00:00","BZN|DK1","1961.72","2006.70"
"08/07/2015 00:00 - 08/07/2015 01:00","BZN|DK1","1814.11","1785.20"
"08/07/2015 01:00 - 08/07/2015 02:00","BZN|DK1","1770.09","1742.00"
"08/07/2015 02:00 - 08/07/2015 03:00","BZN|DK1","1723.89","1717.50"
"08/07/2015 03:00 - 08/07/2015 04:00","BZN|DK1","1714.97","1711.50"
"08/07/2015 04:00 - 08/07/2015 05:00","BZN|DK1","1727.87","1724.30"
"08/07/2015 05:00 - 08/07/2015 06:00","BZN|DK1","1799.71","1800.80"
"08/07/2015 06:00 - 08/07/2015 07:00","BZN|DK1","2051.90","2064.30"
"08/07/2015 07:00 - 08/07/2015 08:00","BZN|DK1","2407.24","2410.00"
"08/07/2015 08:00 - 08/07/2015 09:00","BZN|DK1","2588.97","2589.60"
"08/07/2015 09:00 - 08/07/2015 10:00","BZN|DK1","2624.78","2626.50"
"08/07/2015 10:00 - 08/07/2015 11:00","BZN|DK1","2676.56","2696.70"
"08/07/2015 11:00 - 08/07/2015 12:00","BZN|DK1","2653.96","2679.90"
"08/07/2015 12:00 - 08/07/2015 13:00","BZN|DK1","2612.94","2605.50"
"08/07/2015 13:00 - 08/07/2015 14:00","BZN|DK1","2621.81","2619.20"
"08/07/2015 14:00 - 08/07/2015 15:00","BZN|DK1","2583.87","2574.90"
"08/07/2015 15:00 - 08/07/2015 16:00","BZN|DK1","2453.81","2467.00"
"08/07/2015 16:00 - 08/07/2015 17:00","BZN|DK1","2394.60","2395.60"
"08/07/2015 17:00 - 08/07/2015 18:00","BZN|DK1","2504.37","2481.10"
"08/07/2015 18:00 - 08/07/2015 19:00","BZN|DK1","2453.92","2459.30"
"08/07/2015 19:00 - 08/07/2015 20:00","BZN|DK1","2309.28","2303.60"
"08/07/2015 20:00 - 08/07/2015 21:00","BZN|DK1","2169.50","2168.00"
"08/07/2015 21:00 - 08/07/2015 22:00","BZN|DK1","2075.64","2077.70"
"08/07/2015 22:00 - 08/07/2015 23:00","BZN|DK1","2018.62","2035.60"
"08/07/2015 23:00 - 09/07/2015 00:00","BZN|DK1","1909.40","1925.30"
"09/07/2015 00:00 - 09/07/2015 01:00","BZN|DK1","1794.60","1790.30"
"09/07/2015 01:00 - 09/07/2015 02:00","BZN|DK1","1709.66","1701.10"
"09/07/2015 02:00 - 09/07/2015 03:00","BZN|DK1","1697.02","1684.90"
"09/07/2015 03:00 - 09/07/2015 04:00","BZN|DK1","1671.19","1680.50"
"09/07/2015 04:00 - 09/07/2015 05:00","BZN|DK1","1691.64","1692.90"
"09/07/2015 05:00 - 09/07/2015 06:00","BZN|DK1","1747.49","1771.20"
"09/07/2015 06:00 - 09/07/2015 07:00","BZN|DK1","1999.09","2003.60"
"09/07/2015 07:00 - 09/07/2015 08:00","BZN|DK1","2329.17","2330.30"
"09/07/2015 08:00 - 09/07/2015 09:00","BZN|DK1","2533.17","2517.70"
"09/07/2015 09:00 - 09/07/2015 10:00","BZN|DK1","2610.13","2602.50"
"09/07/2015 10:00 - 09/07/2015 11:00","BZN|DK1","2664.38","2698.80"
"09/07/2015 11:00 - 09/07/2015 12:00","BZN|DK1","2659.82","2673.10"
"09/07/2015 12:00 - 09/07/2015 13:00","BZN|DK1","2613.42","2621.30"
"09/07/2015 13:00 - 09/07/2015 14:00","BZN|DK1","2627.09","2630.80"
"09/07/2015 14:00 - 09/07/2015 15:00","BZN|DK1","2545.50","2568.40"
"09/07/2015 15:00 - 09/07/2015 16:00","BZN|DK1","2404.28","2415.20"
"09/07/2015 16:00 - 09/07/2015 17:00","BZN|DK1","2359.88","2344.50"
"09/07/2015 17:00 - 09/07/2015 18:00","BZN|DK1","2439.94","2429.80"
"09/07/2015 18:00 - 09/07/2015 19:00","BZN|DK1","2375.94","2376.30"
"09/07/2015 19:00 - 09/07/2015 20:00","BZN|DK1","2222.08","2238.40"
"09/07/2015 20:00 - 09/07/2015 21:00","BZN|DK1","2124.83","2117.80"
"09/07/2015 21:00 - 09/07/2015 22:00","BZN|DK1","2029.87","2051.50"
"09/07/2015 22:00 - 09/07/2015 23:00","BZN|DK1","1948.84","2036.70"
"09/07/2015 23:00 - 10/07/2015 00:00","BZN|DK1","1847.99","1935.00"
"10/07/2015 00:00 - 10/07/2015 01:00","BZN|DK1","1711.00","1699.30"
"10/07/2015 01:00 - 10/07/2015 02:00","BZN|DK1","1643.74","1630.00"
"10/07/2015 02:00 - 10/07/2015 03:00","BZN|DK1","1607.56","1615.30"
"10/07/2015 03:00 - 10/07/2015 04:00","BZN|DK1","1593.55","1600.30"
"10/07/2015 04:00 - 10/07/2015 05:00","BZN|DK1","1604.24","1599.60"
"10/07/2015 05:00 - 10/07/2015 06:00","BZN|DK1","1662.55","1669.90"
"10/07/2015 06:00 - 10/07/2015 07:00","BZN|DK1","1924.65","1934.20"
"10/07/2015 07:00 - 10/07/2015 08:00","BZN|DK1","2232.32","2235.10"
"10/07/2015 08:00 - 10/07/2015 09:00","BZN|DK1","2418.04","2426.10"
"10/07/2015 09:00 - 10/07/2015 10:00","BZN|DK1","2458.92","2486.90"
"10/07/2015 10:00 - 10/07/2015 11:00","BZN|DK1","2514.83","2522.90"
"10/07/2015 11:00 - 10/07/2015 12:00","BZN|DK1","2470.06","2474.80"
"10/07/2015 12:00 - 10/07/2015 13:00","BZN|DK1","2376.58","2375.10"
"10/07/2015 13:00 - 10/07/2015 14:00","BZN|DK1","2269.14","2295.70"
"10/07/2015 14:00 - 10/07/2015 15:00","BZN|DK1","2166.44","2178.30"
"10/07/2015 15:00 - 10/07/2015 16:00","BZN|DK1","2106.23","2096.60"
"10/07/2015 16:00 - 10/07/2015 17:00","BZN|DK1","2106.95","2093.00"
"10/07/2015 17:00 - 10/07/2015 18:00","BZN|DK1","2204.06","2166.00"
"10/07/2015 18:00 - 10/07/2015 19:00","BZN|DK1","2168.21","2161.50"
"10/07/2015 19:00 - 10/07/2015 20:00","BZN|DK1","2029.19","2040.00"
"10/07/2015 20:00 - 10/07/2015 21:00","BZN|DK1","1923.00","1939.10"
"10/07/2015 21:00 - 10/07/2015 22:00","BZN|DK1","1840.43","1871.20"
"10/07/2015 22:00 - 10/07/2015 23:00","BZN|DK1","1807.94","1846.50"
"10/07/2015 23:00 - 11/07/2015 00:00","BZN|DK1","1727.79","1754.70"
"11/07/2015 00:00 - 11/07/2015 01:00","BZN|DK1","1604.53","1588.20"
"11/07/2015 01:00 - 11/07/2015 02:00","BZN|DK1","1505.99","1507.00"
"11/07/2015 02:00 - 11/07/2015 03:00","BZN|DK1","1493.19","1461.20"
"11/07/2015 03:00 - 11/07/2015 04:00","BZN|DK1","1494.19","1443.50"
"11/07/2015 04:00 - 11/07/2015 05:00","BZN|DK1","1453.84","1445.00"
"11/07/2015 05:00 - 11/07/2015 06:00","BZN|DK1","1443.33","1426.00"
"11/07/2015 06:00 - 11/07/2015 07:00","BZN|DK1","1520.69","1518.50"
"11/07/2015 07:00 - 11/07/2015 08:00","BZN|DK1","1672.41","1671.10"
"11/07/2015 08:00 - 11/07/2015 09:00","BZN|DK1","1851.49","1852.00"
"11/07/2015 09:00 - 11/07/2015 10:00","BZN|DK1","1957.65","1971.00"
"11/07/2015 10:00 - 11/07/2015 11:00","BZN|DK1","2008.26","2017.00"
"11/07/2015 11:00 - 11/07/2015 12:00","BZN|DK1","2004.15","1994.40"
"11/07/2015 12:00 - 11/07/2015 13:00","BZN|DK1","1968.70","1967.80"
"11/07/2015 13:00 - 11/07/2015 14:00","BZN|DK1","1926.41","1928.00"
"11/07/2015 14:00 - 11/07/2015 15:00","BZN|DK1","1888.41","1888.40"
"11/07/2015 15:00 - 11/07/2015 16:00","BZN|DK1","1871.73","1872.80"
"11/07/2015 16:00 - 11/07/2015 17:00","BZN|DK1","1888.49","1894.10"
"11/07/2015 17:00 - 11/07/2015 18:00","BZN|DK1","2016.70","1992.40"
"11/07/2015 18:00 - 11/07/2015 19:00","BZN|DK1","2024.84","2004.90"
"11/07/2015 19:00 - 11/07/2015 20:00","BZN|DK1","1929.85","1909.00"
"11/07/2015 20:00 - 11/07/2015 21:00","BZN|DK1","1848.79","1849.40"
"11/07/2015 21:00 - 11/07/2015 22:00","BZN|DK1","1780.77","1797.80"
"11/07/2015 22:00 - 11/07/2015 23:00","BZN|DK1","1727.02","1759.80"
"11/07/2015 23:00 - 12/07/2015 00:00","BZN|DK1","1635.04","1664.60"
"12/07/2015 00:00 - 12/07/2015 01:00","BZN|DK1","1536.34","1498.40"
"12/07/2015 01:00 - 12/07/2015 02:00","BZN|DK1","1470.86","1456.10"
"12/07/2015 02:00 - 12/07/2015 03:00","BZN|DK1","1435.02","1410.90"
"12/07/2015 03:00 - 12/07/2015 04:00","BZN|DK1","1415.15","1387.90"
"12/07/2015 04:00 - 12/07/2015 05:00","BZN|DK1","1392.99","1388.60"
"12/07/2015 05:00 - 12/07/2015 06:00","BZN|DK1","1388.91","1354.70"
"12/07/2015 06:00 - 12/07/2015 07:00","BZN|DK1","1448.36","1394.60"
"12/07/2015 07:00 - 12/07/2015 08:00","BZN|DK1","1575.08","1567.90"
"12/07/2015 08:00 - 12/07/2015 09:00","BZN|DK1","1721.27","1719.90"
"12/07/2015 09:00 - 12/07/2015 10:00","BZN|DK1","1834.52","1833.30"
"12/07/2015 10:00 - 12/07/2015 11:00","BZN|DK1","1887.30","1888.60"
"12/07/2015 11:00 - 12/07/2015 12:00","BZN|DK1","1901.98","1913.60"
"12/07/2015 12:00 - 12/07/2015 13:00","BZN|DK1","1875.70","1883.30"
"12/07/2015 13:00 - 12/07/2015 14:00","BZN|DK1","1847.13","1860.00"
"12/07/2015 14:00 - 12/07/2015 15:00","BZN|DK1","1821.47","1821.80"
"12/07/2015 15:00 - 12/07/2015 16:00","BZN|DK1","1818.03","1810.20"
"12/07/2015 16:00 - 12/07/2015 17:00","BZN|DK1","1858.43","1854.30"
"12/07/2015 17:00 - 12/07/2015 18:00","BZN|DK1","2012.37","1999.80"
"12/07/2015 18:00 - 12/07/2015 19:00","BZN|DK1","2027.03","2041.10"
"12/07/2015 19:00 - 12/07/2015 20:00","BZN|DK1","1932.19","1935.50"
"12/07/2015 20:00 - 12/07/2015 21:00","BZN|DK1","1862.50","1849.90"
"12/07/2015 21:00 - 12/07/2015 22:00","BZN|DK1","1801.68","1772.90"
"12/07/2015 22:00 - 12/07/2015 23:00","BZN|DK1","1759.70","1743.50"
"12/07/2015 23:00 - 13/07/2015 00:00","BZN|DK1","1644.49","1652.80"
"13/07/2015 00:00 - 13/07/2015 01:00","BZN|DK1","1541.50","1542.80"
"13/07/2015 01:00 - 13/07/2015 02:00","BZN|DK1","1490.38","1473.20"
"13/07/2015 02:00 - 13/07/2015 03:00","BZN|DK1","1467.77","1453.00"
"13/07/2015 03:00 - 13/07/2015 04:00","BZN|DK1","1474.66","1452.50"
"13/07/2015 04:00 - 13/07/2015 05:00","BZN|DK1","1479.96","1470.80"
"13/07/2015 05:00 - 13/07/2015 06:00","BZN|DK1","1521.96","1531.90"
"13/07/2015 06:00 - 13/07/2015 07:00","BZN|DK1","1756.70","1738.20"
"13/07/2015 07:00 - 13/07/2015 08:00","BZN|DK1","2039.64","2021.70"
"13/07/2015 08:00 - 13/07/2015 09:00","BZN|DK1","2209.09","2227.50"
"13/07/2015 09:00 - 13/07/2015 10:00","BZN|DK1","2310.39","2310.60"
"13/07/2015 10:00 - 13/07/2015 11:00","BZN|DK1","2367.99","2377.30"
"13/07/2015 11:00 - 13/07/2015 12:00","BZN|DK1","2363.25","2374.30"
"13/07/2015 12:00 - 13/07/2015 13:00","BZN|DK1","2348.95","2325.90"
"13/07/2015 13:00 - 13/07/2015 14:00","BZN|DK1","2350.42","2344.60"
"13/07/2015 14:00 - 13/07/2015 15:00","BZN|DK1","2319.00","2308.00"
"13/07/2015 15:00 - 13/07/2015 16:00","BZN|DK1","2220.27","2234.70"
"13/07/2015 16:00 - 13/07/2015 17:00","BZN|DK1","2187.46","2189.30"
"13/07/2015 17:00 - 13/07/2015 18:00","BZN|DK1","2293.70","2283.20"
"13/07/2015 18:00 - 13/07/2015 19:00","BZN|DK1","2251.96","2247.20"
"13/07/2015 19:00 - 13/07/2015 20:00","BZN|DK1","2155.58","2118.00"
"13/07/2015 20:00 - 13/07/2015 21:00","BZN|DK1","2023.31","2042.60"
"13/07/2015 21:00 - 13/07/2015 22:00","BZN|DK1","1909.94","1963.00"
"13/07/2015 22:00 - 13/07/2015 23:00","BZN|DK1","1880.74","1910.80"
"13/07/2015 23:00 - 14/07/2015 00:00","BZN|DK1","1766.99","1774.50"
"14/07/2015 00:00 - 14/07/2015 01:00","BZN|DK1","1636.37","1622.50"
"14/07/2015 01:00 - 14/07/2015 02:00","BZN|DK1","1559.60","1550.30"
"14/07/2015 02:00 - 14/07/2015 03:00","BZN|DK1","1525.41","1519.70"
"14/07/2015 03:00 - 14/07/2015 04:00","BZN|DK1","1523.24","1504.30"
"14/07/2015 04:00 - 14/07/2015 05:00","BZN|DK1","1543.56","1527.70"
"14/07/2015 05:00 - 14/07/2015 06:00","BZN|DK1","1583.38","1587.80"
"14/07/2015 06:00 - 14/07/2015 07:00","BZN|DK1","1790.59","1792.80"
"14/07/2015 07:00 - 14/07/2015 08:00","BZN|DK1","2085.04","2068.00"
"14/07/2015 08:00 - 14/07/2015 09:00","BZN|DK1","2274.51","2265.70"
"14/07/2015 09:00 - 14/07/2015 10:00","BZN|DK1","2360.27","2344.80"
"14/07/2015 10:00 - 14/07/2015 11:00","BZN|DK1","2431.90","2420.90"
"14/07/2015 11:00 - 14/07/2015 12:00","BZN|DK1","2419.52","2432.40"
"14/07/2015 12:00 - 14/07/2015 13:00","BZN|DK1","2356.83","2369.10"
"14/07/2015 13:00 - 14/07/2015 14:00","BZN|DK1","2351.55","2364.20"
"14/07/2015 14:00 - 14/07/2015 15:00","BZN|DK1","2299.45","2300.40"
"14/07/2015 15:00 - 14/07/2015 16:00","BZN|DK1","2234.91","2217.40"
"14/07/2015 16:00 - 14/07/2015 17:00","BZN|DK1","2168.26","2186.50"
"14/07/2015 17:00 - 14/07/2015 18:00","BZN|DK1","2252.32","2248.00"
"14/07/2015 18:00 - 14/07/2015 19:00","BZN|DK1","2213.31","2208.20"
"14/07/2015 19:00 - 14/07/2015 20:00","BZN|DK1","2098.10","2089.30"
"14/07/2015 20:00 - 14/07/2015 21:00","BZN|DK1","2016.30","1990.90"
"14/07/2015 21:00 - 14/07/2015 22:00","BZN|DK1","1964.35","1924.50"
"14/07/2015 22:00 - 14/07/2015 23:00","BZN|DK1","1922.61","1900.00"
"14/07/2015 23:00 - 15/07/2015 00:00","BZN|DK1","1793.38","1787.90"
"15/07/2015 00:00 - 15/07/2015 01:00","BZN|DK1","1682.65","1639.90"
"15/07/2015 01:00 - 15/07/2015 02:00","BZN|DK1","1609.88","1591.00"
"15/07/2015 02:00 - 15/07/2015 03:00","BZN|DK1","1551.05","1557.30"
"15/07/2015 03:00 - 15/07/2015 04:00","BZN|DK1","1562.08","1540.20"
"15/07/2015 04:00 - 15/07/2015 05:00","BZN|DK1","1552.96","1559.00"
"15/07/2015 05:00 - 15/07/2015 06:00","BZN|DK1","1597.75","1594.30"
"15/07/2015 06:00 - 15/07/2015 07:00","BZN|DK1","1818.46","1800.50"
"15/07/2015 07:00 - 15/07/2015 08:00","BZN|DK1","2121.29","2097.10"
"15/07/2015 08:00 - 15/07/2015 09:00","BZN|DK1","2267.73","2284.20"
"15/07/2015 09:00 - 15/07/2015 10:00","BZN|DK1","2358.68","2362.50"
"15/07/2015 10:00 - 15/07/2015 11:00","BZN|DK1","2415.04","2423.50"
"15/07/2015 11:00 - 15/07/2015 12:00","BZN|DK1","2411.77","2419.10"
"15/07/2015 12:00 - 15/07/2015 13:00","BZN|DK1","2347.46","2365.00"
"15/07/2015 13:00 - 15/07/2015 14:00","BZN|DK1","2340.63","2326.80"
"15/07/2015 14:00 - 15/07/2015 15:00","BZN|DK1","2303.33","2283.10"
"15/07/2015 15:00 - 15/07/2015 16:00","BZN|DK1","2209.59","2205.50"
"15/07/2015 16:00 - 15/07/2015 17:00","BZN|DK1","2198.09","2183.40"
"15/07/2015 17:00 - 15/07/2015 18:00","BZN|DK1","2298.57","2292.30"
"15/07/2015 18:00 - 15/07/2015 19:00","BZN|DK1","2289.06","2261.50"
"15/07/2015 19:00 - 15/07/2015 20:00","BZN|DK1","2184.08","2169.50"
"15/07/2015 20:00 - 15/07/2015 21:00","BZN|DK1","2058.50","2070.20"
"15/07/2015 21:00 - 15/07/2015 22:00","BZN|DK1","1978.25","1984.70"
"15/07/2015 22:00 - 15/07/2015 23:00","BZN|DK1","1901.81","1946.10"
"15/07/2015 23:00 - 16/07/2015 00:00","BZN|DK1","1783.19","1825.00"
"16/07/2015 00:00 - 16/07/2015 01:00","BZN|DK1","1638.15","1633.40"
"16/07/2015 01:00 - 16/07/2015 02:00","BZN|DK1","1564.08","1547.80"
"16/07/2015 02:00 - 16/07/2015 03:00","BZN|DK1","1539.05","1526.80"
"16/07/2015 03:00 - 16/07/2015 04:00","BZN|DK1","1540.28","1526.10"
"16/07/2015 04:00 - 16/07/2015 05:00","BZN|DK1","1544.24","1533.30"
"16/07/2015 05:00 - 16/07/2015 06:00","BZN|DK1","1570.39","1589.60"
"16/07/2015 06:00 - 16/07/2015 07:00","BZN|DK1","1793.52","1795.10"
"16/07/2015 07:00 - 16/07/2015 08:00","BZN|DK1","2074.85","2078.80"
"16/07/2015 08:00 - 16/07/2015 09:00","BZN|DK1","2260.23","2258.90"
"16/07/2015 09:00 - 16/07/2015 10:00","BZN|DK1","2387.78","2371.50"
"16/07/2015 10:00 - 16/07/2015 11:00","BZN|DK1","2414.33","2429.00"
"16/07/2015 11:00 - 16/07/2015 12:00","BZN|DK1","2410.98","2402.00"
"16/07/2015 12:00 - 16/07/2015 13:00","BZN|DK1","2345.37","2349.50"
"16/07/2015 13:00 - 16/07/2015 14:00","BZN|DK1","2325.69","2332.80"
"16/07/2015 14:00 - 16/07/2015 15:00","BZN|DK1","2286.00","2274.70"
"16/07/2015 15:00 - 16/07/2015 16:00","BZN|DK1","2220.83","2205.20"
"16/07/2015 16:00 - 16/07/2015 17:00","BZN|DK1","2169.05","2176.30"
"16/07/2015 17:00 - 16/07/2015 18:00","BZN|DK1","2247.22","2248.60"
"16/07/2015 18:00 - 16/07/2015 19:00","BZN|DK1","2204.29","2203.40"
"16/07/2015 19:00 - 16/07/2015 20:00","BZN|DK1","2106.21","2090.00"
"16/07/2015 20:00 - 16/07/2015 21:00","BZN|DK1","2032.04","2012.20"
"16/07/2015 21:00 - 16/07/2015 22:00","BZN|DK1","1939.39","1956.10"
"16/07/2015 22:00 - 16/07/2015 23:00","BZN|DK1","1911.12","1929.50"
"16/07/2015 23:00 - 17/07/2015 00:00","BZN|DK1","1783.98","1804.50"
"17/07/2015 00:00 - 17/07/2015 01:00","BZN|DK1","1653.05","1631.50"
"17/07/2015 01:00 - 17/07/2015 02:00","BZN|DK1","1584.70","1569.70"
"17/07/2015 02:00 - 17/07/2015 03:00","BZN|DK1","1546.06","1544.80"
"17/07/2015 03:00 - 17/07/2015 04:00","BZN|DK1","1519.48","1521.50"
"17/07/2015 04:00 - 17/07/2015 05:00","BZN|DK1","1526.90","1525.00"
"17/07/2015 05:00 - 17/07/2015 06:00","BZN|DK1","1535.85","1559.00"
"17/07/2015 06:00 - 17/07/2015 07:00","BZN|DK1","1759.07","1734.10"
"17/07/2015 07:00 - 17/07/2015 08:00","BZN|DK1","2039.68","2026.80"
"17/07/2015 08:00 - 17/07/2015 09:00","BZN|DK1","2250.14","2237.60"
"17/07/2015 09:00 - 17/07/2015 10:00","BZN|DK1","2330.83","2345.40"
"17/07/2015 10:00 - 17/07/2015 11:00","BZN|DK1","2371.59","2378.60"
"17/07/2015 11:00 - 17/07/2015 12:00","BZN|DK1","2345.69","2351.00"
"17/07/2015 12:00 - 17/07/2015 13:00","BZN|DK1","2285.92","2286.90"
"17/07/2015 13:00 - 17/07/2015 14:00","BZN|DK1","2244.41","2238.10"
"17/07/2015 14:00 - 17/07/2015 15:00","BZN|DK1","2191.33","2178.80"
"17/07/2015 15:00 - 17/07/2015 16:00","BZN|DK1","2108.32","2102.00"
"17/07/2015 16:00 - 17/07/2015 17:00","BZN|DK1","2131.15","2114.10"
"17/07/2015 17:00 - 17/07/2015 18:00","BZN|DK1","2245.96","2219.50"
"17/07/2015 18:00 - 17/07/2015 19:00","BZN|DK1","2225.94","2209.90"
"17/07/2015 19:00 - 17/07/2015 20:00","BZN|DK1","2078.81","2079.70"
"17/07/2015 20:00 - 17/07/2015 21:00","BZN|DK1","1990.05","1961.80"
"17/07/2015 21:00 - 17/07/2015 22:00","BZN|DK1","1912.62","1905.40"
"17/07/2015 22:00 - 17/07/2015 23:00","BZN|DK1","1856.26","1873.80"
"17/07/2015 23:00 - 18/07/2015 00:00","BZN|DK1","1767.78","1748.70"
"18/07/2015 00:00 - 18/07/2015 01:00","BZN|DK1","1650.76","1622.50"
"18/07/2015 01:00 - 18/07/2015 02:00","BZN|DK1","1574.69","1557.70"
"18/07/2015 02:00 - 18/07/2015 03:00","BZN|DK1","1536.51","1529.10"
"18/07/2015 03:00 - 18/07/2015 04:00","BZN|DK1","1512.01","1513.90"
"18/07/2015 04:00 - 18/07/2015 05:00","BZN|DK1","1482.45","1484.30"
"18/07/2015 05:00 - 18/07/2015 06:00","BZN|DK1","1459.61","1448.00"
"18/07/2015 06:00 - 18/07/2015 07:00","BZN|DK1","1526.99","1525.00"
"18/07/2015 07:00 - 18/07/2015 08:00","BZN|DK1","1676.34","1689.40"
"18/07/2015 08:00 - 18/07/2015 09:00","BZN|DK1","1828.74","1856.60"
"18/07/2015 09:00 - 18/07/2015 10:00","BZN|DK1","1936.85","1937.20"
"18/07/2015 10:00 - 18/07/2015 11:00","BZN|DK1","1960.76","1986.10"
"18/07/2015 11:00 - 18/07/2015 12:00","BZN|DK1","1947.84","1949.10"
"18/07/2015 12:00 - 18/07/2015 13:00","BZN|DK1","1913.70","1906.20"
"18/07/2015 13:00 - 18/07/2015 14:00","BZN|DK1","1892.87","1870.30"
"18/07/2015 14:00 - 18/07/2015 15:00","BZN|DK1","1864.99","1866.50"
"18/07/2015 15:00 - 18/07/2015 16:00","BZN|DK1","1854.08","1853.40"
"18/07/2015 16:00 - 18/07/2015 17:00","BZN|DK1","1879.39","1867.00"
"18/07/2015 17:00 - 18/07/2015 18:00","BZN|DK1","1978.52","1960.80"
"18/07/2015 18:00 - 18/07/2015 19:00","BZN|DK1","1988.99","1965.30"
"18/07/2015 19:00 - 18/07/2015 20:00","BZN|DK1","1883.90","1885.20"
"18/07/2015 20:00 - 18/07/2015 21:00","BZN|DK1","1830.65","1828.50"
"18/07/2015 21:00 - 18/07/2015 22:00","BZN|DK1","1767.17","1760.20"
"18/07/2015 22:00 - 18/07/2015 23:00","BZN|DK1","1770.71","1755.80"
"18/07/2015 23:00 - 19/07/2015 00:00","BZN|DK1","1681.16","1659.10"
"19/07/2015 00:00 - 19/07/2015 01:00","BZN|DK1","1564.78","1563.50"
"19/07/2015 01:00 - 19/07/2015 02:00","BZN|DK1","1473.47","1474.50"
"19/07/2015 02:00 - 19/07/2015 03:00","BZN|DK1","1437.25","1431.50"
"19/07/2015 03:00 - 19/07/2015 04:00","BZN|DK1","1429.13","1414.40"
"19/07/2015 04:00 - 19/07/2015 05:00","BZN|DK1","1423.07","1400.60"
"19/07/2015 05:00 - 19/07/2015 06:00","BZN|DK1","1390.08","1385.50"
"19/07/2015 06:00 - 19/07/2015 07:00","BZN|DK1","1425.19","1430.20"
"19/07/2015 07:00 - 19/07/2015 08:00","BZN|DK1","1556.84","1545.30"
"19/07/2015 08:00 - 19/07/2015 09:00","BZN|DK1","1691.27","1711.40"
"19/07/2015 09:00 - 19/07/2015 10:00","BZN|DK1","1811.91","1820.40"
"19/07/2015 10:00 - 19/07/2015 11:00","BZN|DK1","1871.62","1867.90"
"19/07/2015 11:00 - 19/07/2015 12:00","BZN|DK1","1890.76","1883.80"
"19/07/2015 12:00 - 19/07/2015 13:00","BZN|DK1","1893.15","1874.30"
"19/07/2015 13:00 - 19/07/2015 14:00","BZN|DK1","1891.27","1868.00"
"19/07/2015 14:00 - 19/07/2015 15:00","BZN|DK1","1891.63","1876.00"
"19/07/2015 15:00 - 19/07/2015 16:00","BZN|DK1","1908.87","1886.40"
"19/07/2015 16:00 - 19/07/2015 17:00","BZN|DK1","1945.79","1934.80"
"19/07/2015 17:00 - 19/07/2015 18:00","BZN|DK1","2087.29","2074.60"
"19/07/2015 18:00 - 19/07/2015 19:00","BZN|DK1","2082.98","2083.20"
"19/07/2015 19:00 - 19/07/2015 20:00","BZN|DK1","2027.02","2005.90"
"19/07/2015 20:00 - 19/07/2015 21:00","BZN|DK1","1964.16","1955.20"
"19/07/2015 21:00 - 19/07/2015 22:00","BZN|DK1","1881.50","1916.10"
"19/07/2015 22:00 - 19/07/2015 23:00","BZN|DK1","1817.27","1883.90"
"19/07/2015 23:00 - 20/07/2015 00:00","BZN|DK1","1675.73","1733.40"
"20/07/2015 00:00 - 20/07/2015 01:00","BZN|DK1","1548.37","1538.10"
"20/07/2015 01:00 - 20/07/2015 02:00","BZN|DK1","1482.90","1472.40"
"20/07/2015 02:00 - 20/07/2015 03:00","BZN|DK1","1470.32","1451.60"
"20/07/2015 03:00 - 20/07/2015 04:00","BZN|DK1","1458.65","1451.30"
"20/07/2015 04:00 - 20/07/2015 05:00","BZN|DK1","1457.50","1458.10"
"20/07/2015 05:00 - 20/07/2015 06:00","BZN|DK1","1494.14","1502.00"
"20/07/2015 06:00 - 20/07/2015 07:00","BZN|DK1","1696.20","1707.30"
"20/07/2015 07:00 - 20/07/2015 08:00","BZN|DK1","1965.69","1963.50"
"20/07/2015 08:00 - 20/07/2015 09:00","BZN|DK1","2152.72","2166.30"
"20/07/2015 09:00 - 20/07/2015 10:00","BZN|DK1","2251.83","2261.00"
"20/07/2015 10:00 - 20/07/2015 11:00","BZN|DK1","2309.34","2321.50"
"20/07/2015 11:00 - 20/07/2015 12:00","BZN|DK1","2309.47","2323.00"
"20/07/2015 12:00 - 20/07/2015 13:00","BZN|DK1","2258.31","2279.80"
"20/07/2015 13:00 - 20/07/2015 14:00","BZN|DK1","2253.99","2265.70"
"20/07/2015 14:00 - 20/07/2015 15:00","BZN|DK1","2207.13","2226.90"
"20/07/2015 15:00 - 20/07/2015 16:00","BZN|DK1","2142.64","2139.80"
"20/07/2015 16:00 - 20/07/2015 17:00","BZN|DK1","2102.59","2101.80"
"20/07/2015 17:00 - 20/07/2015 18:00","BZN|DK1","2210.01","2191.60"
"20/07/2015 18:00 - 20/07/2015 19:00","BZN|DK1","2202.17","2178.30"
"20/07/2015 19:00 - 20/07/2015 20:00","BZN|DK1","2064.24","2067.50"
"20/07/2015 20:00 - 20/07/2015 21:00","BZN|DK1","1938.92","1957.40"
"20/07/2015 21:00 - 20/07/2015 22:00","BZN|DK1","1872.51","1892.00"
"20/07/2015 22:00 - 20/07/2015 23:00","BZN|DK1","1843.54","1892.30"
"20/07/2015 23:00 - 21/07/2015 00:00","BZN|DK1","1695.01","1764.00"
"21/07/2015 00:00 - 21/07/2015 01:00","BZN|DK1","1543.80","1573.10"
"21/07/2015 01:00 - 21/07/2015 02:00","BZN|DK1","1477.71","1474.80"
"21/07/2015 02:00 - 21/07/2015 03:00","BZN|DK1","1455.41","1446.00"
"21/07/2015 03:00 - 21/07/2015 04:00","BZN|DK1","1454.40","1452.80"
"21/07/2015 04:00 - 21/07/2015 05:00","BZN|DK1","1487.09","1469.80"
"21/07/2015 05:00 - 21/07/2015 06:00","BZN|DK1","1559.19","1530.80"
"21/07/2015 06:00 - 21/07/2015 07:00","BZN|DK1","1765.75","1755.30"
"21/07/2015 07:00 - 21/07/2015 08:00","BZN|DK1","2035.43","2015.60"
"21/07/2015 08:00 - 21/07/2015 09:00","BZN|DK1","2205.67","2209.90"
"21/07/2015 09:00 - 21/07/2015 10:00","BZN|DK1","2317.68","2324.00"
"21/07/2015 10:00 - 21/07/2015 11:00","BZN|DK1","2357.06","2380.50"
"21/07/2015 11:00 - 21/07/2015 12:00","BZN|DK1","2372.52","2350.50"
"21/07/2015 12:00 - 21/07/2015 13:00","BZN|DK1","2274.15","2311.50"
"21/07/2015 13:00 - 21/07/2015 14:00","BZN|DK1","2232.27","2245.20"
"21/07/2015 14:00 - 21/07/2015 15:00","BZN|DK1","2214.33","2195.10"
"21/07/2015 15:00 - 21/07/2015 16:00","BZN|DK1","2134.79","2124.30"
"21/07/2015 16:00 - 21/07/2015 17:00","BZN|DK1","2106.13","2098.90"
"21/07/2015 17:00 - 21/07/2015 18:00","BZN|DK1","2191.17","2177.50"
"21/07/2015 18:00 - 21/07/2015 19:00","BZN|DK1","2179.01","2162.80"
"21/07/2015 19:00 - 21/07/2015 20:00","BZN|DK1","2036.46","2051.50"
"21/07/2015 20:00 - 21/07/2015 21:00","BZN|DK1","1936.70","1967.80"
"21/07/2015 21:00 - 21/07/2015 22:00","BZN|DK1","1870.56","1885.30"
"21/07/2015 22:00 - 21/07/2015 23:00","BZN|DK1","1855.56","1889.50"
"21/07/2015 23:00 - 22/07/2015 00:00","BZN|DK1","1720.77","1770.60"
"22/07/2015 00:00 - 22/07/2015 01:00","BZN|DK1","1580.13","1576.50"
"22/07/2015 01:00 - 22/07/2015 02:00","BZN|DK1","1504.97","1500.60"
"22/07/2015 02:00 - 22/07/2015 03:00","BZN|DK1","1468.64","1468.90"
"22/07/2015 03:00 - 22/07/2015 04:00","BZN|DK1","1458.79","1458.10"
"22/07/2015 04:00 - 22/07/2015 05:00","BZN|DK1","1474.85","1473.00"
"22/07/2015 05:00 - 22/07/2015 06:00","BZN|DK1","1510.48","1515.00"
"22/07/2015 06:00 - 22/07/2015 07:00","BZN|DK1","1694.26","1705.70"
"22/07/2015 07:00 - 22/07/2015 08:00","BZN|DK1","1975.56","1971.00"
"22/07/2015 08:00 - 22/07/2015 09:00","BZN|DK1","2175.86","2176.40"
"22/07/2015 09:00 - 22/07/2015 10:00","BZN|DK1","2267.37","2271.40"
"22/07/2015 10:00 - 22/07/2015 11:00","BZN|DK1","2346.60","2338.90"
"22/07/2015 11:00 - 22/07/2015 12:00","BZN|DK1","2343.21","2348.50"
"22/07/2015 12:00 - 22/07/2015 13:00","BZN|DK1","2298.72","2305.80"
"22/07/2015 13:00 - 22/07/2015 14:00","BZN|DK1","2300.09","2287.30"
"22/07/2015 14:00 - 22/07/2015 15:00","BZN|DK1","2246.30","2254.30"
"22/07/2015 15:00 - 22/07/2015 16:00","BZN|DK1","2171.01","2177.40"
"22/07/2015 16:00 - 22/07/2015 17:00","BZN|DK1","2113.60","2123.00"
"22/07/2015 17:00 - 22/07/2015 18:00","BZN|DK1","2204.67","2179.80"
"22/07/2015 18:00 - 22/07/2015 19:00","BZN|DK1","2166.83","2159.60"
"22/07/2015 19:00 - 22/07/2015 20:00","BZN|DK1","2084.57","2061.80"
"22/07/2015 20:00 - 22/07/2015 21:00","BZN|DK1","1972.44","1975.60"
"22/07/2015 21:00 - 22/07/2015 22:00","BZN|DK1","1919.46","1909.60"
"22/07/2015 22:00 - 22/07/2015 23:00","BZN|DK1","1885.60","1908.60"
"22/07/2015 23:00 - 23/07/2015 00:00","BZN|DK1","1749.47","1780.20"
"23/07/2015 00:00 - 23/07/2015 01:00","BZN|DK1","1599.95","1592.20"
"23/07/2015 01:00 - 23/07/2015 02:00","BZN|DK1","1513.02","1514.40"
"23/07/2015 02:00 - 23/07/2015 03:00","BZN|DK1","1481.95","1480.80"
"23/07/2015 03:00 - 23/07/2015 04:00","BZN|DK1","1482.65","1471.40"
"23/07/2015 04:00 - 23/07/2015 05:00","BZN|DK1","1486.29","1484.90"
"23/07/2015 05:00 - 23/07/2015 06:00","BZN|DK1","1494.07","1496.50"
"23/07/2015 06:00 - 23/07/2015 07:00","BZN|DK1","1671.52","1679.20"
"23/07/2015 07:00 - 23/07/2015 08:00","BZN|DK1","1939.41","1933.60"
"23/07/2015 08:00 - 23/07/2015 09:00","BZN|DK1","2161.45","2161.00"
"23/07/2015 09:00 - 23/07/2015 10:00","BZN|DK1","2262.45","2265.30"
"23/07/2015 10:00 - 23/07/2015 11:00","BZN|DK1","2311.50","2319.20"
"23/07/2015 11:00 - 23/07/2015 12:00","BZN|DK1","2308.37","2308.80"
"23/07/2015 12:00 - 23/07/2015 13:00","BZN|DK1","2268.42","2271.10"
"23/07/2015 13:00 - 23/07/2015 14:00","BZN|DK1","2237.58","2252.00"
"23/07/2015 14:00 - 23/07/2015 15:00","BZN|DK1","2182.02","2206.10"
"23/07/2015 15:00 - 23/07/2015 16:00","BZN|DK1","2099.04","2133.00"
"23/07/2015 16:00 - 23/07/2015 17:00","BZN|DK1","2075.21","2062.20"
"23/07/2015 17:00 - 23/07/2015 18:00","BZN|DK1","2168.11","2158.40"
"23/07/2015 18:00 - 23/07/2015 19:00","BZN|DK1","2129.19","2142.80"
"23/07/2015 19:00 - 23/07/2015 20:00","BZN|DK1","2007.11","2015.60"
"23/07/2015 20:00 - 23/07/2015 21:00","BZN|DK1","1928.00","1928.30"
"23/07/2015 21:00 - 23/07/2015 22:00","BZN|DK1","1840.32","1865.30"
"23/07/2015 22:00 - 23/07/2015 23:00","BZN|DK1","1823.70","1865.10"
"23/07/2015 23:00 - 24/07/2015 00:00","BZN|DK1","1693.50","1739.50"
"24/07/2015 00:00 - 24/07/2015 01:00","BZN|DK1","1546.44","1571.00"
"24/07/2015 01:00 - 24/07/2015 02:00","BZN|DK1","1470.04","1471.50"
"24/07/2015 02:00 - 24/07/2015 03:00","BZN|DK1","1439.82","1440.50"
"24/07/2015 03:00 - 24/07/2015 04:00","BZN|DK1","1433.43","1433.80"
"24/07/2015 04:00 - 24/07/2015 05:00","BZN|DK1","1451.35","1445.00"
"24/07/2015 05:00 - 24/07/2015 06:00","BZN|DK1","1476.75","1472.50"
"24/07/2015 06:00 - 24/07/2015 07:00","BZN|DK1","1674.97","1659.70"
"24/07/2015 07:00 - 24/07/2015 08:00","BZN|DK1","1951.45","1935.90"
"24/07/2015 08:00 - 24/07/2015 09:00","BZN|DK1","2159.64","2151.90"
"24/07/2015 09:00 - 24/07/2015 10:00","BZN|DK1","2269.71","2273.90"
"24/07/2015 10:00 - 24/07/2015 11:00","BZN|DK1","2313.42","2326.20"
"24/07/2015 11:00 - 24/07/2015 12:00","BZN|DK1","2286.39","2304.40"
"24/07/2015 12:00 - 24/07/2015 13:00","BZN|DK1","2229.91","2219.60"
"24/07/2015 13:00 - 24/07/2015 14:00","BZN|DK1","2175.67","2171.90"
"24/07/2015 14:00 - 24/07/2015 15:00","BZN|DK1","2114.86","2106.00"
"24/07/2015 15:00 - 24/07/2015 16:00","BZN|DK1","2058.24","2051.50"
"24/07/2015 16:00 - 24/07/2015 17:00","BZN|DK1","2043.31","2043.60"
"24/07/2015 17:00 - 24/07/2015 18:00","BZN|DK1","2122.04","2107.60"
"24/07/2015 18:00 - 24/07/2015 19:00","BZN|DK1","2125.08","2105.60"
"24/07/2015 19:00 - 24/07/2015 20:00","BZN|DK1","1966.36","1985.80"
"24/07/2015 20:00 - 24/07/2015 21:00","BZN|DK1","1855.67","1878.20"
"24/07/2015 21:00 - 24/07/2015 22:00","BZN|DK1","1800.39","1827.40"
"24/07/2015 22:00 - 24/07/2015 23:00","BZN|DK1","1758.97","1811.50"
"24/07/2015 23:00 - 25/07/2015 00:00","BZN|DK1","1636.11","1698.10"
"25/07/2015 00:00 - 25/07/2015 01:00","BZN|DK1","1530.53","1532.20"
"25/07/2015 01:00 - 25/07/2015 02:00","BZN|DK1","1430.29","1444.50"
"25/07/2015 02:00 - 25/07/2015 03:00","BZN|DK1","1412.29","1400.90"
"25/07/2015 03:00 - 25/07/2015 04:00","BZN|DK1","1426.70","1404.30"
"25/07/2015 04:00 - 25/07/2015 05:00","BZN|DK1","1421.10","1423.30"
"25/07/2015 05:00 - 25/07/2015 06:00","BZN|DK1","1427.87","1412.80"
"25/07/2015 06:00 - 25/07/2015 07:00","BZN|DK1","1483.74","1486.30"
"25/07/2015 07:00 - 25/07/2015 08:00","BZN|DK1","1584.91","1603.00"
"25/07/2015 08:00 - 25/07/2015 09:00","BZN|DK1","1763.71","1758.60"
"25/07/2015 09:00 - 25/07/2015 10:00","BZN|DK1","1906.15","1892.70"
"25/07/2015 10:00 - 25/07/2015 11:00","BZN|DK1","2013.98","2006.40"
"25/07/2015 11:00 - 25/07/2015 12:00","BZN|DK1","2040.45","2037.20"
"25/07/2015 12:00 - 25/07/2015 13:00","BZN|DK1","2016.23","2033.10"
"25/07/2015 13:00 - 25/07/2015 14:00","BZN|DK1","1959.09","1967.00"
"25/07/2015 14:00 - 25/07/2015 15:00","BZN|DK1","1909.04","1925.30"
"25/07/2015 15:00 - 25/07/2015 16:00","BZN|DK1","1918.07","1897.10"
"25/07/2015 16:00 - 25/07/2015 17:00","BZN|DK1","1945.64","1934.90"
"25/07/2015 17:00 - 25/07/2015 18:00","BZN|DK1","2085.48","2057.50"
"25/07/2015 18:00 - 25/07/2015 19:00","BZN|DK1","2058.03","2056.00"
"25/07/2015 19:00 - 25/07/2015 20:00","BZN|DK1","1945.80","1915.00"
"25/07/2015 20:00 - 25/07/2015 21:00","BZN|DK1","1852.53","1852.20"
"25/07/2015 21:00 - 25/07/2015 22:00","BZN|DK1","1785.49","1796.80"
"25/07/2015 22:00 - 25/07/2015 23:00","BZN|DK1","1718.41","1773.00"
"25/07/2015 23:00 - 26/07/2015 00:00","BZN|DK1","1614.77","1642.00"
"26/07/2015 00:00 - 26/07/2015 01:00","BZN|DK1","1468.14","1474.80"
"26/07/2015 01:00 - 26/07/2015 02:00","BZN|DK1","1443.25","1414.10"
"26/07/2015 02:00 - 26/07/2015 03:00","BZN|DK1","1444.90","1379.50"
"26/07/2015 03:00 - 26/07/2015 04:00","BZN|DK1","1457.32","1410.90"
"26/07/2015 04:00 - 26/07/2015 05:00","BZN|DK1","1428.94","1417.00"
"26/07/2015 05:00 - 26/07/2015 06:00","BZN|DK1","1412.65","1391.90"
"26/07/2015 06:00 - 26/07/2015 07:00","BZN|DK1","1428.44","1433.30"
"26/07/2015 07:00 - 26/07/2015 08:00","BZN|DK1","1568.15","1554.20"
"26/07/2015 08:00 - 26/07/2015 09:00","BZN|DK1","1714.11","1736.50"
"26/07/2015 09:00 - 26/07/2015 10:00","BZN|DK1","1853.91","1849.00"
"26/07/2015 10:00 - 26/07/2015 11:00","BZN|DK1","1927.32","1934.70"
"26/07/2015 11:00 - 26/07/2015 12:00","BZN|DK1","1929.51","1939.50"
"26/07/2015 12:00 - 26/07/2015 13:00","BZN|DK1","1923.86","1922.40"
"26/07/2015 13:00 - 26/07/2015 14:00","BZN|DK1","1890.11","1880.70"
"26/07/2015 14:00 - 26/07/2015 15:00","BZN|DK1","1864.05","1866.80"
"26/07/2015 15:00 - 26/07/2015 16:00","BZN|DK1","1870.09","1834.90"
"26/07/2015 16:00 - 26/07/2015 17:00","BZN|DK1","1864.68","1882.50"
"26/07/2015 17:00 - 26/07/2015 18:00","BZN|DK1","2002.58","2003.50"
"26/07/2015 18:00 - 26/07/2015 19:00","BZN|DK1","2017.84","2011.90"
"26/07/2015 19:00 - 26/07/2015 20:00","BZN|DK1","1919.15","1927.20"
"26/07/2015 20:00 - 26/07/2015 21:00","BZN|DK1","1800.08","1822.50"
"26/07/2015 21:00 - 26/07/2015 22:00","BZN|DK1","1723.71","1745.80"
"26/07/2015 22:00 - 26/07/2015 23:00","BZN|DK1","1693.31","1735.80"
"26/07/2015 23:00 - 27/07/2015 00:00","BZN|DK1","1580.42","1620.60"
"27/07/2015 00:00 - 27/07/2015 01:00","BZN|DK1","1459.22","1485.30"
"27/07/2015 01:00 - 27/07/2015 02:00","BZN|DK1","1393.95","1402.50"
"27/07/2015 02:00 - 27/07/2015 03:00","BZN|DK1","1368.66","1377.00"
"27/07/2015 03:00 - 27/07/2015 04:00","BZN|DK1","1378.61","1374.70"
"27/07/2015 04:00 - 27/07/2015 05:00","BZN|DK1","1402.48","1408.00"
"27/07/2015 05:00 - 27/07/2015 06:00","BZN|DK1","1479.21","1470.20"
"27/07/2015 06:00 - 27/07/2015 07:00","BZN|DK1","1722.24","1704.60"
"27/07/2015 07:00 - 27/07/2015 08:00","BZN|DK1","2046.21","2012.90"
"27/07/2015 08:00 - 27/07/2015 09:00","BZN|DK1","2271.76","2259.00"
"27/07/2015 09:00 - 27/07/2015 10:00","BZN|DK1","2362.63","2366.80"
"27/07/2015 10:00 - 27/07/2015 11:00","BZN|DK1","2437.03","2450.10"
"27/07/2015 11:00 - 27/07/2015 12:00","BZN|DK1","2433.40","2455.70"
"27/07/2015 12:00 - 27/07/2015 13:00","BZN|DK1","2393.18","2398.70"
"27/07/2015 13:00 - 27/07/2015 14:00","BZN|DK1","2387.43","2394.10"
"27/07/2015 14:00 - 27/07/2015 15:00","BZN|DK1","2345.75","2340.70"
"27/07/2015 15:00 - 27/07/2015 16:00","BZN|DK1","2255.13","2239.20"
"27/07/2015 16:00 - 27/07/2015 17:00","BZN|DK1","2228.01","2216.00"
"27/07/2015 17:00 - 27/07/2015 18:00","BZN|DK1","2352.08","2329.00"
"27/07/2015 18:00 - 27/07/2015 19:00","BZN|DK1","2323.14","2307.60"
"27/07/2015 19:00 - 27/07/2015 20:00","BZN|DK1","2205.03","2200.00"
"27/07/2015 20:00 - 27/07/2015 21:00","BZN|DK1","2053.16","2103.80"
"27/07/2015 21:00 - 27/07/2015 22:00","BZN|DK1","1972.49","2038.30"
"27/07/2015 22:00 - 27/07/2015 23:00","BZN|DK1","1871.88","2024.00"
"27/07/2015 23:00 - 28/07/2015 00:00","BZN|DK1","1705.28","1840.00"
"28/07/2015 00:00 - 28/07/2015 01:00","BZN|DK1","1566.37","1588.40"
"28/07/2015 01:00 - 28/07/2015 02:00","BZN|DK1","1507.33","1491.40"
"28/07/2015 02:00 - 28/07/2015 03:00","BZN|DK1","1486.92","1474.50"
"28/07/2015 03:00 - 28/07/2015 04:00","BZN|DK1","1480.64","1475.10"
"28/07/2015 04:00 - 28/07/2015 05:00","BZN|DK1","1499.51","1493.80"
"28/07/2015 05:00 - 28/07/2015 06:00","BZN|DK1","1573.42","1546.50"
"28/07/2015 06:00 - 28/07/2015 07:00","BZN|DK1","1806.65","1791.10"
"28/07/2015 07:00 - 28/07/2015 08:00","BZN|DK1","2125.17","2119.40"
"28/07/2015 08:00 - 28/07/2015 09:00","BZN|DK1","2348.08","2343.50"
"28/07/2015 09:00 - 28/07/2015 10:00","BZN|DK1","2424.80","2432.50"
"28/07/2015 10:00 - 28/07/2015 11:00","BZN|DK1","2492.67","2486.50"
"28/07/2015 11:00 - 28/07/2015 12:00","BZN|DK1","2500.64","2495.80"
"28/07/2015 12:00 - 28/07/2015 13:00","BZN|DK1","2436.99","2435.40"
"28/07/2015 13:00 - 28/07/2015 14:00","BZN|DK1","2425.36","2415.40"
"28/07/2015 14:00 - 28/07/2015 15:00","BZN|DK1","2372.82","2369.00"
"28/07/2015 15:00 - 28/07/2015 16:00","BZN|DK1","2249.50","2261.30"
"28/07/2015 16:00 - 28/07/2015 17:00","BZN|DK1","2197.81","2197.60"
"28/07/2015 17:00 - 28/07/2015 18:00","BZN|DK1","2307.91","2278.30"
"28/07/2015 18:00 - 28/07/2015 19:00","BZN|DK1","2287.31","2284.10"
"28/07/2015 19:00 - 28/07/2015 20:00","BZN|DK1","2129.01","2144.90"
"28/07/2015 20:00 - 28/07/2015 21:00","BZN|DK1","2016.28","2019.10"
"28/07/2015 21:00 - 28/07/2015 22:00","BZN|DK1","1977.05","1957.80"
"28/07/2015 22:00 - 28/07/2015 23:00","BZN|DK1","1907.89","1926.80"
"28/07/2015 23:00 - 29/07/2015 00:00","BZN|DK1","1717.66","1765.30"
"29/07/2015 00:00 - 29/07/2015 01:00","BZN|DK1","1585.00","1596.80"
"29/07/2015 01:00 - 29/07/2015 02:00","BZN|DK1","1509.28","1511.60"
"29/07/2015 02:00 - 29/07/2015 03:00","BZN|DK1","1486.84","1488.00"
"29/07/2015 03:00 - 29/07/2015 04:00","BZN|DK1","1482.63","1490.00"
"29/07/2015 04:00 - 29/07/2015 05:00","BZN|DK1","1482.67","1501.60"
"29/07/2015 05:00 - 29/07/2015 06:00","BZN|DK1","1537.73","1541.70"
"29/07/2015 06:00 - 29/07/2015 07:00","BZN|DK1","1776.81","1769.10"
"29/07/2015 07:00 - 29/07/2015 08:00","BZN|DK1","2104.01","2066.80"
"29/07/2015 08:00 - 29/07/2015 09:00","BZN|DK1","2297.62","2301.10"
"29/07/2015 09:00 - 29/07/2015 10:00","BZN|DK1","2379.34","2389.80"
"29/07/2015 10:00 - 29/07/2015 11:00","BZN|DK1","2462.61","2466.10"
"29/07/2015 11:00 - 29/07/2015 12:00","BZN|DK1","2467.28","2462.40"
"29/07/2015 12:00 - 29/07/2015 13:00","BZN|DK1","2413.15","2420.20"
"29/07/2015 13:00 - 29/07/2015 14:00","BZN|DK1","2404.91","2413.40"
"29/07/2015 14:00 - 29/07/2015 15:00","BZN|DK1","2342.77","2356.10"
"29/07/2015 15:00 - 29/07/2015 16:00","BZN|DK1","2227.03","2241.20"
"29/07/2015 16:00 - 29/07/2015 17:00","BZN|DK1","2154.59","2141.90"
"29/07/2015 17:00 - 29/07/2015 18:00","BZN|DK1","2282.00","2259.70"
"29/07/2015 18:00 - 29/07/2015 19:00","BZN|DK1","2261.41","2223.20"
"29/07/2015 19:00 - 29/07/2015 20:00","BZN|DK1","2124.19","2121.00"
"29/07/2015 20:00 - 29/07/2015 21:00","BZN|DK1","2000.98","2019.60"
"29/07/2015 21:00 - 29/07/2015 22:00","BZN|DK1","1942.23","1963.40"
"29/07/2015 22:00 - 29/07/2015 23:00","BZN|DK1","1905.49","1946.50"
"29/07/2015 23:00 - 30/07/2015 00:00","BZN|DK1","1738.30","1779.50"
"30/07/2015 00:00 - 30/07/2015 01:00","BZN|DK1","1603.55","1607.80"
"30/07/2015 01:00 - 30/07/2015 02:00","BZN|DK1","1503.78","1519.60"
"30/07/2015 02:00 - 30/07/2015 03:00","BZN|DK1","1461.82","1470.30"
"30/07/2015 03:00 - 30/07/2015 04:00","BZN|DK1","1504.81","1487.80"
"30/07/2015 04:00 - 30/07/2015 05:00","BZN|DK1","1520.84","1520.80"
"30/07/2015 05:00 - 30/07/2015 06:00","BZN|DK1","1538.54","1553.00"
"30/07/2015 06:00 - 30/07/2015 07:00","BZN|DK1","1775.48","1776.90"
"30/07/2015 07:00 - 30/07/2015 08:00","BZN|DK1","2099.13","2092.90"
"30/07/2015 08:00 - 30/07/2015 09:00","BZN|DK1","2303.45","2305.10"
"30/07/2015 09:00 - 30/07/2015 10:00","BZN|DK1","2376.64","2392.10"
"30/07/2015 10:00 - 30/07/2015 11:00","BZN|DK1","2454.55","2459.20"
"30/07/2015 11:00 - 30/07/2015 12:00","BZN|DK1","2466.81","2463.90"
"30/07/2015 12:00 - 30/07/2015 13:00","BZN|DK1","2421.68","2421.00"
"30/07/2015 13:00 - 30/07/2015 14:00","BZN|DK1","2410.19","2413.30"
"30/07/2015 14:00 - 30/07/2015 15:00","BZN|DK1","2361.94","2355.90"
"30/07/2015 15:00 - 30/07/2015 16:00","BZN|DK1","2257.48","2265.90"
"30/07/2015 16:00 - 30/07/2015 17:00","BZN|DK1","2203.19","2185.50"
"30/07/2015 17:00 - 30/07/2015 18:00","BZN|DK1","2327.40","2316.80"
"30/07/2015 18:00 - 30/07/2015 19:00","BZN|DK1","2300.05","2279.90"
"30/07/2015 19:00 - 30/07/2015 20:00","BZN|DK1","2173.63","2159.00"
"30/07/2015 20:00 - 30/07/2015 21:00","BZN|DK1","2056.75","2058.80"
"30/07/2015 21:00 - 30/07/2015 22:00","BZN|DK1","1942.05","1984.60"
"30/07/2015 22:00 - 30/07/2015 23:00","BZN|DK1","1891.48","1951.20"
"30/07/2015 23:00 - 31/07/2015 00:00","BZN|DK1","1733.98","1780.40"
"31/07/2015 00:00 - 31/07/2015 01:00","BZN|DK1","1617.33","1616.90"
"31/07/2015 01:00 - 31/07/2015 02:00","BZN|DK1","1560.16","1536.60"
"31/07/2015 02:00 - 31/07/2015 03:00","BZN|DK1","1534.60","1521.30"
"31/07/2015 03:00 - 31/07/2015 04:00","BZN|DK1","1524.44","1519.30"
"31/07/2015 04:00 - 31/07/2015 05:00","BZN|DK1","1525.64","1535.90"
"31/07/2015 05:00 - 31/07/2015 06:00","BZN|DK1","1585.35","1566.80"
"31/07/2015 06:00 - 31/07/2015 07:00","BZN|DK1","1793.61","1790.60"
"31/07/2015 07:00 - 31/07/2015 08:00","BZN|DK1","2080.25","2084.70"
"31/07/2015 08:00 - 31/07/2015 09:00","BZN|DK1","2257.56","2276.50"
"31/07/2015 09:00 - 31/07/2015 10:00","BZN|DK1","2353.43","2354.60"
"31/07/2015 10:00 - 31/07/2015 11:00","BZN|DK1","2418.61","2436.00"
"31/07/2015 11:00 - 31/07/2015 12:00","BZN|DK1","2366.70","2384.90"
"31/07/2015 12:00 - 31/07/2015 13:00","BZN|DK1","2310.04","2326.20"
"31/07/2015 13:00 - 31/07/2015 14:00","BZN|DK1","2230.97","2242.90"
"31/07/2015 14:00 - 31/07/2015 15:00","BZN|DK1","2150.51","2151.50"
"31/07/2015 15:00 - 31/07/2015 16:00","BZN|DK1","2037.59","2065.40"
"31/07/2015 16:00 - 31/07/2015 17:00","BZN|DK1","2046.25","2042.70"
"31/07/2015 17:00 - 31/07/2015 18:00","BZN|DK1","2153.45","2150.30"
"31/07/2015 18:00 - 31/07/2015 19:00","BZN|DK1","2133.08","2131.50"
"31/07/2015 19:00 - 31/07/2015 20:00","BZN|DK1","2000.87","1986.40"
"31/07/2015 20:00 - 31/07/2015 21:00","BZN|DK1","1868.91","1877.20"
"31/07/2015 21:00 - 31/07/2015 22:00","BZN|DK1","1780.78","1828.50"
"31/07/2015 22:00 - 31/07/2015 23:00","BZN|DK1","1747.43","1804.70"
"31/07/2015 23:00 - 01/08/2015 00:00","BZN|DK1","1616.79","1677.50"
"01/08/2015 00:00 - 01/08/2015 01:00","BZN|DK1","1502.58","1513.90"
"01/08/2015 01:00 - 01/08/2015 02:00","BZN|DK1","1429.73","1423.80"
"01/08/2015 02:00 - 01/08/2015 03:00","BZN|DK1","1393.62","1403.00"
"01/08/2015 03:00 - 01/08/2015 04:00","BZN|DK1","1376.77","1379.90"
"01/08/2015 04:00 - 01/08/2015 05:00","BZN|DK1","1385.47","1380.90"
"01/08/2015 05:00 - 01/08/2015 06:00","BZN|DK1","1353.09","1362.50"
"01/08/2015 06:00 - 01/08/2015 07:00","BZN|DK1","1433.35","1412.40"
"01/08/2015 07:00 - 01/08/2015 08:00","BZN|DK1","1603.70","1606.00"
"01/08/2015 08:00 - 01/08/2015 09:00","BZN|DK1","1793.23","1797.80"
"01/08/2015 09:00 - 01/08/2015 10:00","BZN|DK1","1912.40","1917.90"
"01/08/2015 10:00 - 01/08/2015 11:00","BZN|DK1","1957.08","1968.20"
"01/08/2015 11:00 - 01/08/2015 12:00","BZN|DK1","1932.47","1943.30"
"01/08/2015 12:00 - 01/08/2015 13:00","BZN|DK1","1902.09","1894.70"
"01/08/2015 13:00 - 01/08/2015 14:00","BZN|DK1","1860.64","1849.30"
"01/08/2015 14:00 - 01/08/2015 15:00","BZN|DK1","1823.54","1835.30"
"01/08/2015 15:00 - 01/08/2015 16:00","BZN|DK1","1805.80","1807.70"
"01/08/2015 16:00 - 01/08/2015 17:00","BZN|DK1","1803.64","1835.40"
"01/08/2015 17:00 - 01/08/2015 18:00","BZN|DK1","1911.12","1926.40"
"01/08/2015 18:00 - 01/08/2015 19:00","BZN|DK1","1918.40","1907.00"
"01/08/2015 19:00 - 01/08/2015 20:00","BZN|DK1","1817.44","1793.80"
"01/08/2015 20:00 - 01/08/2015 21:00","BZN|DK1","1759.13","1713.60"
"01/08/2015 21:00 - 01/08/2015 22:00","BZN|DK1","1718.94","1679.90"
"01/08/2015 22:00 - 01/08/2015 23:00","BZN|DK1","1686.51","1665.90"
"01/08/2015 23:00 - 02/08/2015 00:00","BZN|DK1","1561.50","1550.00"
"02/08/2015 00:00 - 02/08/2015 01:00","BZN|DK1","1448.24","1469.50"
"02/08/2015 01:00 - 02/08/2015 02:00","BZN|DK1","1372.97","1381.90"
"02/08/2015 02:00 - 02/08/2015 03:00","BZN|DK1","1329.92","1339.90"
"02/08/2015 03:00 - 02/08/2015 04:00","BZN|DK1","1345.26","1326.90"
"02/08/2015 04:00 - 02/08/2015 05:00","BZN|DK1","1334.86","1331.20"
"02/08/2015 05:00 - 02/08/2015 06:00","BZN|DK1","1318.90","1313.50"
"02/08/2015 06:00 - 02/08/2015 07:00","BZN|DK1","1363.31","1352.70"
"02/08/2015 07:00 - 02/08/2015 08:00","BZN|DK1","1488.91","1493.40"
"02/08/2015 08:00 - 02/08/2015 09:00","BZN|DK1","1694.94","1693.30"
"02/08/2015 09:00 - 02/08/2015 10:00","BZN|DK1","1833.05","1830.30"
"02/08/2015 10:00 - 02/08/2015 11:00","BZN|DK1","1870.49","1870.30"
"02/08/2015 11:00 - 02/08/2015 12:00","BZN|DK1","1887.09","1880.40"
"02/08/2015 12:00 - 02/08/2015 13:00","BZN|DK1","1900.41","1891.60"
"02/08/2015 13:00 - 02/08/2015 14:00","BZN|DK1","1871.93","1871.70"
"02/08/2015 14:00 - 02/08/2015 15:00","BZN|DK1","1847.41","1846.90"
"02/08/2015 15:00 - 02/08/2015 16:00","BZN|DK1","1817.28","1826.20"
"02/08/2015 16:00 - 02/08/2015 17:00","BZN|DK1","1846.07","1849.20"
"02/08/2015 17:00 - 02/08/2015 18:00","BZN|DK1","2006.57","2003.50"
"02/08/2015 18:00 - 02/08/2015 19:00","BZN|DK1","2030.40","2026.70"
"02/08/2015 19:00 - 02/08/2015 20:00","BZN|DK1","1947.97","1939.00"
"02/08/2015 20:00 - 02/08/2015 21:00","BZN|DK1","1861.69","1865.10"
"02/08/2015 21:00 - 02/08/2015 22:00","BZN|DK1","1810.96","1835.70"
"02/08/2015 22:00 - 02/08/2015 23:00","BZN|DK1","1799.09","1812.50"
"02/08/2015 23:00 - 03/08/2015 00:00","BZN|DK1","1653.78","1670.20"
"03/08/2015 00:00 - 03/08/2015 01:00","BZN|DK1","1543.21","1561.60"
"03/08/2015 01:00 - 03/08/2015 02:00","BZN|DK1","1484.22","1478.10"
"03/08/2015 02:00 - 03/08/2015 03:00","BZN|DK1","1458.77","1457.80"
"03/08/2015 03:00 - 03/08/2015 04:00","BZN|DK1","1462.66","1461.20"
"03/08/2015 04:00 - 03/08/2015 05:00","BZN|DK1","1491.40","1499.40"
"03/08/2015 05:00 - 03/08/2015 06:00","BZN|DK1","1568.30","1610.10"
"03/08/2015 06:00 - 03/08/2015 07:00","BZN|DK1","1894.54","1882.10"
"03/08/2015 07:00 - 03/08/2015 08:00","BZN|DK1","2277.05","2265.60"
"03/08/2015 08:00 - 03/08/2015 09:00","BZN|DK1","2519.76","2508.80"
"03/08/2015 09:00 - 03/08/2015 10:00","BZN|DK1","2555.46","2571.50"
"03/08/2015 10:00 - 03/08/2015 11:00","BZN|DK1","2640.70","2657.10"
"03/08/2015 11:00 - 03/08/2015 12:00","BZN|DK1","2635.08","2642.80"
"03/08/2015 12:00 - 03/08/2015 13:00","BZN|DK1","2596.66","2570.50"
"03/08/2015 13:00 - 03/08/2015 14:00","BZN|DK1","2616.84","2611.80"
"03/08/2015 14:00 - 03/08/2015 15:00","BZN|DK1","2540.42","2545.30"
"03/08/2015 15:00 - 03/08/2015 16:00","BZN|DK1","2416.90","2420.90"
"03/08/2015 16:00 - 03/08/2015 17:00","BZN|DK1","2361.68","2342.70"
"03/08/2015 17:00 - 03/08/2015 18:00","BZN|DK1","2468.11","2443.20"
"03/08/2015 18:00 - 03/08/2015 19:00","BZN|DK1","2420.02","2412.00"
"03/08/2015 19:00 - 03/08/2015 20:00","BZN|DK1","2275.96","2286.10"
"03/08/2015 20:00 - 03/08/2015 21:00","BZN|DK1","2141.01","2180.00"
"03/08/2015 21:00 - 03/08/2015 22:00","BZN|DK1","2076.93","2149.40"
"03/08/2015 22:00 - 03/08/2015 23:00","BZN|DK1","2042.85","2098.30"
"03/08/2015 23:00 - 04/08/2015 00:00","BZN|DK1","1853.89","1908.50"
"04/08/2015 00:00 - 04/08/2015 01:00","BZN|DK1","1738.75","1702.70"
"04/08/2015 01:00 - 04/08/2015 02:00","BZN|DK1","1716.63","1694.70"
"04/08/2015 02:00 - 04/08/2015 03:00","BZN|DK1","1662.19","1663.70"
"04/08/2015 03:00 - 04/08/2015 04:00","BZN|DK1","1667.45","1649.80"
"04/08/2015 04:00 - 04/08/2015 05:00","BZN|DK1","1698.42","1682.80"
"04/08/2015 05:00 - 04/08/2015 06:00","BZN|DK1","1777.06","1778.30"
"04/08/2015 06:00 - 04/08/2015 07:00","BZN|DK1","2014.47","2027.70"
"04/08/2015 07:00 - 04/08/2015 08:00","BZN|DK1","2372.10","2368.50"
"04/08/2015 08:00 - 04/08/2015 09:00","BZN|DK1","2610.89","2587.00"
"04/08/2015 09:00 - 04/08/2015 10:00","BZN|DK1","2692.03","2692.60"
"04/08/2015 10:00 - 04/08/2015 11:00","BZN|DK1","2767.85","2792.70"
"04/08/2015 11:00 - 04/08/2015 12:00","BZN|DK1","2785.35","2777.40"
"04/08/2015 12:00 - 04/08/2015 13:00","BZN|DK1","2717.63","2722.30"
"04/08/2015 13:00 - 04/08/2015 14:00","BZN|DK1","2728.54","2726.90"
"04/08/2015 14:00 - 04/08/2015 15:00","BZN|DK1","2652.31","2663.90"
"04/08/2015 15:00 - 04/08/2015 16:00","BZN|DK1","2534.01","2527.10"
"04/08/2015 16:00 - 04/08/2015 17:00","BZN|DK1","2502.63","2484.80"
"04/08/2015 17:00 - 04/08/2015 18:00","BZN|DK1","2643.68","2610.90"
"04/08/2015 18:00 - 04/08/2015 19:00","BZN|DK1","2577.01","2564.50"
"04/08/2015 19:00 - 04/08/2015 20:00","BZN|DK1","2450.74","2427.50"
"04/08/2015 20:00 - 04/08/2015 21:00","BZN|DK1","2320.85","2313.30"
"04/08/2015 21:00 - 04/08/2015 22:00","BZN|DK1","2208.79","2241.10"
"04/08/2015 22:00 - 04/08/2015 23:00","BZN|DK1","2073.99","2161.50"
"04/08/2015 23:00 - 05/08/2015 00:00","BZN|DK1","1889.35","1932.90"
"05/08/2015 00:00 - 05/08/2015 01:00","BZN|DK1","1734.74","1773.10"
"05/08/2015 01:00 - 05/08/2015 02:00","BZN|DK1","1669.04","1666.00"
"05/08/2015 02:00 - 05/08/2015 03:00","BZN|DK1","1614.30","1625.60"
"05/08/2015 03:00 - 05/08/2015 04:00","BZN|DK1","1622.20","1622.50"
"05/08/2015 04:00 - 05/08/2015 05:00","BZN|DK1","1626.75","1650.00"
"05/08/2015 05:00 - 05/08/2015 06:00","BZN|DK1","1699.74","1718.00"
"05/08/2015 06:00 - 05/08/2015 07:00","BZN|DK1","1985.23","1991.40"
"05/08/2015 07:00 - 05/08/2015 08:00","BZN|DK1","2398.80","2366.80"
"05/08/2015 08:00 - 05/08/2015 09:00","BZN|DK1","2604.55","2605.50"
"05/08/2015 09:00 - 05/08/2015 10:00","BZN|DK1","2647.67","2673.50"
"05/08/2015 10:00 - 05/08/2015 11:00","BZN|DK1","2721.84","2757.20"
"05/08/2015 11:00 - 05/08/2015 12:00","BZN|DK1","2703.85","2747.50"
"05/08/2015 12:00 - 05/08/2015 13:00","BZN|DK1","2658.32","2656.60"
"05/08/2015 13:00 - 05/08/2015 14:00","BZN|DK1","2673.94","2667.30"
"05/08/2015 14:00 - 05/08/2015 15:00","BZN|DK1","2611.05","2614.50"
"05/08/2015 15:00 - 05/08/2015 16:00","BZN|DK1","2482.45","2476.90"
"05/08/2015 16:00 - 05/08/2015 17:00","BZN|DK1","2422.13","2414.80"
"05/08/2015 17:00 - 05/08/2015 18:00","BZN|DK1","2536.86","2531.90"
"05/08/2015 18:00 - 05/08/2015 19:00","BZN|DK1","2441.36","2440.70"
"05/08/2015 19:00 - 05/08/2015 20:00","BZN|DK1","2306.87","2292.20"
"05/08/2015 20:00 - 05/08/2015 21:00","BZN|DK1","2214.14","2204.60"
"05/08/2015 21:00 - 05/08/2015 22:00","BZN|DK1","2166.66","2180.40"
"05/08/2015 22:00 - 05/08/2015 23:00","BZN|DK1","2088.64","2111.10"
"05/08/2015 23:00 - 06/08/2015 00:00","BZN|DK1","1905.72","1912.10"
"06/08/2015 00:00 - 06/08/2015 01:00","BZN|DK1","1767.24","1751.20"
"06/08/2015 01:00 - 06/08/2015 02:00","BZN|DK1","1692.27","1697.50"
"06/08/2015 02:00 - 06/08/2015 03:00","BZN|DK1","1662.26","1654.00"
"06/08/2015 03:00 - 06/08/2015 04:00","BZN|DK1","1653.58","1654.50"
"06/08/2015 04:00 - 06/08/2015 05:00","BZN|DK1","1683.37","1681.00"
"06/08/2015 05:00 - 06/08/2015 06:00","BZN|DK1","1770.35","1767.80"
"06/08/2015 06:00 - 06/08/2015 07:00","BZN|DK1","2049.05","2029.60"
"06/08/2015 07:00 - 06/08/2015 08:00","BZN|DK1","2431.62","2405.20"
"06/08/2015 08:00 - 06/08/2015 09:00","BZN|DK1","2630.67","2635.70"
"06/08/2015 09:00 - 06/08/2015 10:00","BZN|DK1","2674.07","2699.30"
"06/08/2015 10:00 - 06/08/2015 11:00","BZN|DK1","2770.35","2786.70"
"06/08/2015 11:00 - 06/08/2015 12:00","BZN|DK1","2756.82","2788.80"
"06/08/2015 12:00 - 06/08/2015 13:00","BZN|DK1","2704.69","2698.00"
"06/08/2015 13:00 - 06/08/2015 14:00","BZN|DK1","2713.28","2718.10"
"06/08/2015 14:00 - 06/08/2015 15:00","BZN|DK1","2650.08","2647.50"
"06/08/2015 15:00 - 06/08/2015 16:00","BZN|DK1","2518.64","2513.90"
"06/08/2015 16:00 - 06/08/2015 17:00","BZN|DK1","2435.92","2442.90"
"06/08/2015 17:00 - 06/08/2015 18:00","BZN|DK1","2501.14","2519.40"
"06/08/2015 18:00 - 06/08/2015 19:00","BZN|DK1","2436.01","2424.50"
"06/08/2015 19:00 - 06/08/2015 20:00","BZN|DK1","2324.79","2315.30"
"06/08/2015 20:00 - 06/08/2015 21:00","BZN|DK1","2212.17","2217.30"
"06/08/2015 21:00 - 06/08/2015 22:00","BZN|DK1","2159.50","2182.50"
"06/08/2015 22:00 - 06/08/2015 23:00","BZN|DK1","2112.54","2111.80"
"06/08/2015 23:00 - 07/08/2015 00:00","BZN|DK1","1919.50","1913.80"
"07/08/2015 00:00 - 07/08/2015 01:00","BZN|DK1","1800.99","1778.00"
"07/08/2015 01:00 - 07/08/2015 02:00","BZN|DK1","1687.20","1696.50"
"07/08/2015 02:00 - 07/08/2015 03:00","BZN|DK1","1647.98","1649.00"
"07/08/2015 03:00 - 07/08/2015 04:00","BZN|DK1","1643.39","1644.50"
"07/08/2015 04:00 - 07/08/2015 05:00","BZN|DK1","1683.89","1685.10"
"07/08/2015 05:00 - 07/08/2015 06:00","BZN|DK1","1754.66","1760.30"
"07/08/2015 06:00 - 07/08/2015 07:00","BZN|DK1","2017.75","2011.20"
"07/08/2015 07:00 - 07/08/2015 08:00","BZN|DK1","2375.77","2375.10"
"07/08/2015 08:00 - 07/08/2015 09:00","BZN|DK1","2577.06","2577.80"
"07/08/2015 09:00 - 07/08/2015 10:00","BZN|DK1","2626.22","2639.50"
"07/08/2015 10:00 - 07/08/2015 11:00","BZN|DK1","2698.35","2707.30"
"07/08/2015 11:00 - 07/08/2015 12:00","BZN|DK1","2687.38","2685.10"
"07/08/2015 12:00 - 07/08/2015 13:00","BZN|DK1","2578.01","2582.10"
"07/08/2015 13:00 - 07/08/2015 14:00","BZN|DK1","2515.90","2504.60"
"07/08/2015 14:00 - 07/08/2015 15:00","BZN|DK1","2385.03","2384.50"
"07/08/2015 15:00 - 07/08/2015 16:00","BZN|DK1","2274.44","2281.80"
"07/08/2015 16:00 - 07/08/2015 17:00","BZN|DK1","2275.56","2256.10"
"07/08/2015 17:00 - 07/08/2015 18:00","BZN|DK1","2354.42","2351.40"
"07/08/2015 18:00 - 07/08/2015 19:00","BZN|DK1","2312.49","2302.10"
"07/08/2015 19:00 - 07/08/2015 20:00","BZN|DK1","2165.77","2151.00"
"07/08/2015 20:00 - 07/08/2015 21:00","BZN|DK1","2049.74","2053.60"
"07/08/2015 21:00 - 07/08/2015 22:00","BZN|DK1","2024.84","2027.80"
"07/08/2015 22:00 - 07/08/2015 23:00","BZN|DK1","1970.97","1966.00"
"07/08/2015 23:00 - 08/08/2015 00:00","BZN|DK1","1786.01","1783.90"
"08/08/2015 00:00 - 08/08/2015 01:00","BZN|DK1","1644.55","1625.00"
"08/08/2015 01:00 - 08/08/2015 02:00","BZN|DK1","1566.21","1547.10"
"08/08/2015 02:00 - 08/08/2015 03:00","BZN|DK1","1521.98","1511.00"
"08/08/2015 03:00 - 08/08/2015 04:00","BZN|DK1","1505.66","1495.40"
"08/08/2015 04:00 - 08/08/2015 05:00","BZN|DK1","1504.60","1502.00"
"08/08/2015 05:00 - 08/08/2015 06:00","BZN|DK1","1522.54","1507.20"
"08/08/2015 06:00 - 08/08/2015 07:00","BZN|DK1","1587.86","1577.20"
"08/08/2015 07:00 - 08/08/2015 08:00","BZN|DK1","1737.85","1744.00"
"08/08/2015 08:00 - 08/08/2015 09:00","BZN|DK1","1917.12","1921.90"
"08/08/2015 09:00 - 08/08/2015 10:00","BZN|DK1","2021.42","2036.90"
"08/08/2015 10:00 - 08/08/2015 11:00","BZN|DK1","2091.95","2087.70"
"08/08/2015 11:00 - 08/08/2015 12:00","BZN|DK1","2080.35","2073.60"
"08/08/2015 12:00 - 08/08/2015 13:00","BZN|DK1","2031.89","2056.60"
"08/08/2015 13:00 - 08/08/2015 14:00","BZN|DK1","1989.02","2008.90"
"08/08/2015 14:00 - 08/08/2015 15:00","BZN|DK1","1935.99","1943.20"
"08/08/2015 15:00 - 08/08/2015 16:00","BZN|DK1","1899.41","1890.50"
"08/08/2015 16:00 - 08/08/2015 17:00","BZN|DK1","1911.26","1916.30"
"08/08/2015 17:00 - 08/08/2015 18:00","BZN|DK1","2017.88","2023.10"
"08/08/2015 18:00 - 08/08/2015 19:00","BZN|DK1","2072.38","2017.00"
"08/08/2015 19:00 - 08/08/2015 20:00","BZN|DK1","1925.14","1933.50"
"08/08/2015 20:00 - 08/08/2015 21:00","BZN|DK1","1820.91","1828.50"
"08/08/2015 21:00 - 08/08/2015 22:00","BZN|DK1","1802.95","1804.30"
"08/08/2015 22:00 - 08/08/2015 23:00","BZN|DK1","1762.38","1756.90"
"08/08/2015 23:00 - 09/08/2015 00:00","BZN|DK1","1631.92","1622.20"
"09/08/2015 00:00 - 09/08/2015 01:00","BZN|DK1","1532.83","1512.50"
"09/08/2015 01:00 - 09/08/2015 02:00","BZN|DK1","1462.36","1457.60"
"09/08/2015 02:00 - 09/08/2015 03:00","BZN|DK1","1427.56","1413.90"
"09/08/2015 03:00 - 09/08/2015 04:00","BZN|DK1","1421.01","1407.30"
"09/08/2015 04:00 - 09/08/2015 05:00","BZN|DK1","1427.26","1413.70"
"09/08/2015 05:00 - 09/08/2015 06:00","BZN|DK1","1396.68","1417.00"
"09/08/2015 06:00 - 09/08/2015 07:00","BZN|DK1","1437.07","1427.20"
"09/08/2015 07:00 - 09/08/2015 08:00","BZN|DK1","1568.63","1560.40"
"09/08/2015 08:00 - 09/08/2015 09:00","BZN|DK1","1765.88","1756.30"
"09/08/2015 09:00 - 09/08/2015 10:00","BZN|DK1","1889.57","1899.10"
"09/08/2015 10:00 - 09/08/2015 11:00","BZN|DK1","1958.07","1953.50"
"09/08/2015 11:00 - 09/08/2015 12:00","BZN|DK1","1964.14","1964.30"
"09/08/2015 12:00 - 09/08/2015 13:00","BZN|DK1","1937.70","1947.70"
"09/08/2015 13:00 - 09/08/2015 14:00","BZN|DK1","1912.72","1929.60"
"09/08/2015 14:00 - 09/08/2015 15:00","BZN|DK1","1883.54","1903.90"
"09/08/2015 15:00 - 09/08/2015 16:00","BZN|DK1","1867.50","1881.30"
"09/08/2015 16:00 - 09/08/2015 17:00","BZN|DK1","1888.39","1912.50"
"09/08/2015 17:00 - 09/08/2015 18:00","BZN|DK1","2034.34","2048.20"
"09/08/2015 18:00 - 09/08/2015 19:00","BZN|DK1","2086.26","2072.20"
"09/08/2015 19:00 - 09/08/2015 20:00","BZN|DK1","2035.88","2000.30"
"09/08/2015 20:00 - 09/08/2015 21:00","BZN|DK1","1972.51","1946.30"
"09/08/2015 21:00 - 09/08/2015 22:00","BZN|DK1","1943.92","1938.30"
"09/08/2015 22:00 - 09/08/2015 23:00","BZN|DK1","1870.11","1857.30"
"09/08/2015 23:00 - 10/08/2015 00:00","BZN|DK1","1712.65","1707.60"
"10/08/2015 00:00 - 10/08/2015 01:00","BZN|DK1","1635.64","1658.40"
"10/08/2015 01:00 - 10/08/2015 02:00","BZN|DK1","1578.99","1572.60"
"10/08/2015 02:00 - 10/08/2015 03:00","BZN|DK1","1562.44","1549.50"
"10/08/2015 03:00 - 10/08/2015 04:00","BZN|DK1","1578.75","1563.70"
"10/08/2015 04:00 - 10/08/2015 05:00","BZN|DK1","1612.25","1619.50"
"10/08/2015 05:00 - 10/08/2015 06:00","BZN|DK1","1722.85","1732.80"
"10/08/2015 06:00 - 10/08/2015 07:00","BZN|DK1","2028.20","2032.80"
"10/08/2015 07:00 - 10/08/2015 08:00","BZN|DK1","2400.42","2404.00"
"10/08/2015 08:00 - 10/08/2015 09:00","BZN|DK1","2621.29","2608.50"
"10/08/2015 09:00 - 10/08/2015 10:00","BZN|DK1","2682.42","2676.70"
"10/08/2015 10:00 - 10/08/2015 11:00","BZN|DK1","2783.20","2779.90"
"10/08/2015 11:00 - 10/08/2015 12:00","BZN|DK1","2780.60","2789.80"
"10/08/2015 12:00 - 10/08/2015 13:00","BZN|DK1","2728.05","2719.50"
"10/08/2015 13:00 - 10/08/2015 14:00","BZN|DK1","2740.28","2739.00"
"10/08/2015 14:00 - 10/08/2015 15:00","BZN|DK1","2701.02","2685.80"
"10/08/2015 15:00 - 10/08/2015 16:00","BZN|DK1","2566.41","2560.30"
"10/08/2015 16:00 - 10/08/2015 17:00","BZN|DK1","2501.08","2486.30"
"10/08/2015 17:00 - 10/08/2015 18:00","BZN|DK1","2635.52","2622.00"
"10/08/2015 18:00 - 10/08/2015 19:00","BZN|DK1","2575.38","2552.80"
"10/08/2015 19:00 - 10/08/2015 20:00","BZN|DK1","2437.68","2427.30"
"10/08/2015 20:00 - 10/08/2015 21:00","BZN|DK1","2314.28","2315.90"
"10/08/2015 21:00 - 10/08/2015 22:00","BZN|DK1","2234.66","2291.00"
"10/08/2015 22:00 - 10/08/2015 23:00","BZN|DK1","2094.50","2164.60"
"10/08/2015 23:00 - 11/08/2015 00:00","BZN|DK1","1910.52","1932.50"
"11/08/2015 00:00 - 11/08/2015 01:00","BZN|DK1","1775.78","1749.30"
"11/08/2015 01:00 - 11/08/2015 02:00","BZN|DK1","1710.20","1703.50"
"11/08/2015 02:00 - 11/08/2015 03:00","BZN|DK1","1674.94","1672.20"
"11/08/2015 03:00 - 11/08/2015 04:00","BZN|DK1","1674.40","1678.80"
"11/08/2015 04:00 - 11/08/2015 05:00","BZN|DK1","1716.01","1714.30"
"11/08/2015 05:00 - 11/08/2015 06:00","BZN|DK1","1836.18","1820.60"
"11/08/2015 06:00 - 11/08/2015 07:00","BZN|DK1","2170.27","2139.20"
"11/08/2015 07:00 - 11/08/2015 08:00","BZN|DK1","2511.74","2537.60"
"11/08/2015 08:00 - 11/08/2015 09:00","BZN|DK1","2679.32","2681.30"
"11/08/2015 09:00 - 11/08/2015 10:00","BZN|DK1","2699.12","2718.70"
"11/08/2015 10:00 - 11/08/2015 11:00","BZN|DK1","2761.13","2769.70"
"11/08/2015 11:00 - 11/08/2015 12:00","BZN|DK1","2754.79","2785.50"
"11/08/2015 12:00 - 11/08/2015 13:00","BZN|DK1","2700.42","2687.40"
"11/08/2015 13:00 - 11/08/2015 14:00","BZN|DK1","2726.17","2726.90"
"11/08/2015 14:00 - 11/08/2015 15:00","BZN|DK1","2638.79","2664.60"
"11/08/2015 15:00 - 11/08/2015 16:00","BZN|DK1","2552.92","2518.60"
"11/08/2015 16:00 - 11/08/2015 17:00","BZN|DK1","2498.13","2493.50"
"11/08/2015 17:00 - 11/08/2015 18:00","BZN|DK1","2591.37","2613.00"
"11/08/2015 18:00 - 11/08/2015 19:00","BZN|DK1","2506.01","2513.00"
"11/08/2015 19:00 - 11/08/2015 20:00","BZN|DK1","2366.28","2364.20"
"11/08/2015 20:00 - 11/08/2015 21:00","BZN|DK1","2299.74","2261.00"
"11/08/2015 21:00 - 11/08/2015 22:00","BZN|DK1","2263.00","2261.90"
"11/08/2015 22:00 - 11/08/2015 23:00","BZN|DK1","2129.35","2139.90"
"11/08/2015 23:00 - 12/08/2015 00:00","BZN|DK1","1930.63","1917.20"
"12/08/2015 00:00 - 12/08/2015 01:00","BZN|DK1","1784.54","1787.80"
"12/08/2015 01:00 - 12/08/2015 02:00","BZN|DK1","1736.01","1718.50"
"12/08/2015 02:00 - 12/08/2015 03:00","BZN|DK1","1692.93","1697.60"
"12/08/2015 03:00 - 12/08/2015 04:00","BZN|DK1","1694.03","1698.90"
"12/08/2015 04:00 - 12/08/2015 05:00","BZN|DK1","1709.77","1732.30"
"12/08/2015 05:00 - 12/08/2015 06:00","BZN|DK1","1818.81","1831.60"
"12/08/2015 06:00 - 12/08/2015 07:00","BZN|DK1","2127.79","2115.20"
"12/08/2015 07:00 - 12/08/2015 08:00","BZN|DK1","2473.48","2479.50"
"12/08/2015 08:00 - 12/08/2015 09:00","BZN|DK1","2641.87","2646.20"
"12/08/2015 09:00 - 12/08/2015 10:00","BZN|DK1","2689.63","2691.70"
"12/08/2015 10:00 - 12/08/2015 11:00","BZN|DK1","2746.00","2763.10"
"12/08/2015 11:00 - 12/08/2015 12:00","BZN|DK1","2737.80","2761.30"
"12/08/2015 12:00 - 12/08/2015 13:00","BZN|DK1","2684.74","2683.80"
"12/08/2015 13:00 - 12/08/2015 14:00","BZN|DK1","2688.55","2695.80"
"12/08/2015 14:00 - 12/08/2015 15:00","BZN|DK1","2630.69","2624.00"
"12/08/2015 15:00 - 12/08/2015 16:00","BZN|DK1","2513.64","2501.30"
"12/08/2015 16:00 - 12/08/2015 17:00","BZN|DK1","2420.33","2448.10"
"12/08/2015 17:00 - 12/08/2015 18:00","BZN|DK1","2478.69","2520.00"
"12/08/2015 18:00 - 12/08/2015 19:00","BZN|DK1","2403.48","2412.00"
"12/08/2015 19:00 - 12/08/2015 20:00","BZN|DK1","2339.58","2305.60"
"12/08/2015 20:00 - 12/08/2015 21:00","BZN|DK1","2276.72","2238.60"
"12/08/2015 21:00 - 12/08/2015 22:00","BZN|DK1","2206.32","2254.80"
"12/08/2015 22:00 - 12/08/2015 23:00","BZN|DK1","2110.71","2133.50"
"12/08/2015 23:00 - 13/08/2015 00:00","BZN|DK1","1910.55","1917.80"
"13/08/2015 00:00 - 13/08/2015 01:00","BZN|DK1","1768.11","1783.50"
"13/08/2015 01:00 - 13/08/2015 02:00","BZN|DK1","1704.77","1709.00"
"13/08/2015 02:00 - 13/08/2015 03:00","BZN|DK1","1674.76","1682.50"
"13/08/2015 03:00 - 13/08/2015 04:00","BZN|DK1","1678.80","1685.80"
"13/08/2015 04:00 - 13/08/2015 05:00","BZN|DK1","1700.45","1728.50"
"13/08/2015 05:00 - 13/08/2015 06:00","BZN|DK1","1808.20","1821.30"
"13/08/2015 06:00 - 13/08/2015 07:00","BZN|DK1","2116.86","2105.40"
"13/08/2015 07:00 - 13/08/2015 08:00","BZN|DK1","2476.78","2473.90"
"13/08/2015 08:00 - 13/08/2015 09:00","BZN|DK1","2646.25","2646.80"
"13/08/2015 09:00 - 13/08/2015 10:00","BZN|DK1","2694.22","2693.50"
"13/08/2015 10:00 - 13/08/2015 11:00","BZN|DK1","2759.31","2765.50"
"13/08/2015 11:00 - 13/08/2015 12:00","BZN|DK1","2754.24","2761.30"
"13/08/2015 12:00 - 13/08/2015 13:00","BZN|DK1","2687.05","2685.20"
"13/08/2015 13:00 - 13/08/2015 14:00","BZN|DK1","2684.06","2698.50"
"13/08/2015 14:00 - 13/08/2015 15:00","BZN|DK1","2627.95","2632.10"
"13/08/2015 15:00 - 13/08/2015 16:00","BZN|DK1","2515.63","2512.70"
"13/08/2015 16:00 - 13/08/2015 17:00","BZN|DK1","2463.46","2467.10"
"13/08/2015 17:00 - 13/08/2015 18:00","BZN|DK1","2543.09","2555.10"
"13/08/2015 18:00 - 13/08/2015 19:00","BZN|DK1","2485.86","2464.50"
"13/08/2015 19:00 - 13/08/2015 20:00","BZN|DK1","2372.31","2377.20"
"13/08/2015 20:00 - 13/08/2015 21:00","BZN|DK1","2278.83","2275.30"
"13/08/2015 21:00 - 13/08/2015 22:00","BZN|DK1","2247.92","2276.20"
"13/08/2015 22:00 - 13/08/2015 23:00","BZN|DK1","2118.53","2153.50"
"13/08/2015 23:00 - 14/08/2015 00:00","BZN|DK1","1936.19","1937.60"
"14/08/2015 00:00 - 14/08/2015 01:00","BZN|DK1","1786.26","1800.50"
"14/08/2015 01:00 - 14/08/2015 02:00","BZN|DK1","1706.59","1722.30"
"14/08/2015 02:00 - 14/08/2015 03:00","BZN|DK1","1682.71","1689.10"
"14/08/2015 03:00 - 14/08/2015 04:00","BZN|DK1","1673.53","1697.00"
"14/08/2015 04:00 - 14/08/2015 05:00","BZN|DK1","1718.50","1737.30"
"14/08/2015 05:00 - 14/08/2015 06:00","BZN|DK1","1791.24","1841.40"
"14/08/2015 06:00 - 14/08/2015 07:00","BZN|DK1","2104.20","2078.80"
"14/08/2015 07:00 - 14/08/2015 08:00","BZN|DK1","2473.73","2446.10"
"14/08/2015 08:00 - 14/08/2015 09:00","BZN|DK1","2619.67","2633.70"
"14/08/2015 09:00 - 14/08/2015 10:00","BZN|DK1","2675.33","2661.80"
"14/08/2015 10:00 - 14/08/2015 11:00","BZN|DK1","2669.23","2711.70"
"14/08/2015 11:00 - 14/08/2015 12:00","BZN|DK1","2698.69","2637.90"
"14/08/2015 12:00 - 14/08/2015 13:00","BZN|DK1","2625.70","2573.80"
"14/08/2015 13:00 - 14/08/2015 14:00","BZN|DK1","2575.74","2539.30"
"14/08/2015 14:00 - 14/08/2015 15:00","BZN|DK1","2442.49","2441.30"
"14/08/2015 15:00 - 14/08/2015 16:00","BZN|DK1","2342.39","2339.00"
"14/08/2015 16:00 - 14/08/2015 17:00","BZN|DK1","2341.21","2326.50"
"14/08/2015 17:00 - 14/08/2015 18:00","BZN|DK1","2416.42","2432.60"
"14/08/2015 18:00 - 14/08/2015 19:00","BZN|DK1","2364.27","2364.30"
"14/08/2015 19:00 - 14/08/2015 20:00","BZN|DK1","2184.16","2205.50"
"14/08/2015 20:00 - 14/08/2015 21:00","BZN|DK1","2045.12","2081.30"
"14/08/2015 21:00 - 14/08/2015 22:00","BZN|DK1","2023.59","2068.20"
"14/08/2015 22:00 - 14/08/2015 23:00","BZN|DK1","1932.07","1981.00"
"14/08/2015 23:00 - 15/08/2015 00:00","BZN|DK1","1757.67","1823.30"
"15/08/2015 00:00 - 15/08/2015 01:00","BZN|DK1","1642.43","1598.30"
"15/08/2015 01:00 - 15/08/2015 02:00","BZN|DK1","1562.06","1543.80"
"15/08/2015 02:00 - 15/08/2015 03:00","BZN|DK1","1521.24","1509.20"
"15/08/2015 03:00 - 15/08/2015 04:00","BZN|DK1","1527.19","1488.20"
"15/08/2015 04:00 - 15/08/2015 05:00","BZN|DK1","1502.18","1476.30"
"15/08/2015 05:00 - 15/08/2015 06:00","BZN|DK1","1541.14","1508.20"
"15/08/2015 06:00 - 15/08/2015 07:00","BZN|DK1","1611.22","1579.00"
"15/08/2015 07:00 - 15/08/2015 08:00","BZN|DK1","1807.61","1780.20"
"15/08/2015 08:00 - 15/08/2015 09:00","BZN|DK1","1994.74","1990.20"
"15/08/2015 09:00 - 15/08/2015 10:00","BZN|DK1","2148.57","2125.10"
"15/08/2015 10:00 - 15/08/2015 11:00","BZN|DK1","2199.37","2199.80"
"15/08/2015 11:00 - 15/08/2015 12:00","BZN|DK1","2180.97","2181.40"
"15/08/2015 12:00 - 15/08/2015 13:00","BZN|DK1","2079.16","2110.30"
"15/08/2015 13:00 - 15/08/2015 14:00","BZN|DK1","2053.91","2028.20"
"15/08/2015 14:00 - 15/08/2015 15:00","BZN|DK1","2033.06","2009.30"
"15/08/2015 15:00 - 15/08/2015 16:00","BZN|DK1","2035.95","2004.50"
"15/08/2015 16:00 - 15/08/2015 17:00","BZN|DK1","2036.36","2049.00"
"15/08/2015 17:00 - 15/08/2015 18:00","BZN|DK1","2164.70","2141.80"
"15/08/2015 18:00 - 15/08/2015 19:00","BZN|DK1","2162.86","2150.80"
"15/08/2015 19:00 - 15/08/2015 20:00","BZN|DK1","2054.17","2036.40"
"15/08/2015 20:00 - 15/08/2015 21:00","BZN|DK1","1953.44","1963.20"
"15/08/2015 21:00 - 15/08/2015 22:00","BZN|DK1","1931.30","1975.20"
"15/08/2015 22:00 - 15/08/2015 23:00","BZN|DK1","1804.93","1862.00"
"15/08/2015 23:00 - 16/08/2015 00:00","BZN|DK1","1677.77","1705.60"
"16/08/2015 00:00 - 16/08/2015 01:00","BZN|DK1","1570.12","1541.10"
"16/08/2015 01:00 - 16/08/2015 02:00","BZN|DK1","1504.58","1481.70"
"16/08/2015 02:00 - 16/08/2015 03:00","BZN|DK1","1463.68","1464.00"
"16/08/2015 03:00 - 16/08/2015 04:00","BZN|DK1","1441.70","1436.40"
"16/08/2015 04:00 - 16/08/2015 05:00","BZN|DK1","1435.99","1469.90"
"16/08/2015 05:00 - 16/08/2015 06:00","BZN|DK1","1467.55","1484.00"
"16/08/2015 06:00 - 16/08/2015 07:00","BZN|DK1","1500.86","1498.00"
"16/08/2015 07:00 - 16/08/2015 08:00","BZN|DK1","1634.48","1644.90"
"16/08/2015 08:00 - 16/08/2015 09:00","BZN|DK1","1818.42","1818.30"
"16/08/2015 09:00 - 16/08/2015 10:00","BZN|DK1","1961.77","1952.50"
"16/08/2015 10:00 - 16/08/2015 11:00","BZN|DK1","2025.51","2036.20"
"16/08/2015 11:00 - 16/08/2015 12:00","BZN|DK1","2033.72","2064.00"
"16/08/2015 12:00 - 16/08/2015 13:00","BZN|DK1","2009.84","2052.90"
"16/08/2015 13:00 - 16/08/2015 14:00","BZN|DK1","2017.34","1998.80"
"16/08/2015 14:00 - 16/08/2015 15:00","BZN|DK1","1989.26","1998.30"
"16/08/2015 15:00 - 16/08/2015 16:00","BZN|DK1","1963.51","1974.30"
"16/08/2015 16:00 - 16/08/2015 17:00","BZN|DK1","2018.00","2000.20"
"16/08/2015 17:00 - 16/08/2015 18:00","BZN|DK1","2218.31","2187.00"
"16/08/2015 18:00 - 16/08/2015 19:00","BZN|DK1","2223.88","2228.30"
"16/08/2015 19:00 - 16/08/2015 20:00","BZN|DK1","2122.00","2102.30"
"16/08/2015 20:00 - 16/08/2015 21:00","BZN|DK1","2031.32","2020.50"
"16/08/2015 21:00 - 16/08/2015 22:00","BZN|DK1","1997.51","2031.10"
"16/08/2015 22:00 - 16/08/2015 23:00","BZN|DK1","1841.55","1900.90"
"16/08/2015 23:00 - 17/08/2015 00:00","BZN|DK1","1700.06","1736.20"
"17/08/2015 00:00 - 17/08/2015 01:00","BZN|DK1","1615.11","1629.40"
"17/08/2015 01:00 - 17/08/2015 02:00","BZN|DK1","1576.95","1585.60"
"17/08/2015 02:00 - 17/08/2015 03:00","BZN|DK1","1553.03","1551.60"
"17/08/2015 03:00 - 17/08/2015 04:00","BZN|DK1","1550.05","1586.10"
"17/08/2015 04:00 - 17/08/2015 05:00","BZN|DK1","1595.06","1655.70"
"17/08/2015 05:00 - 17/08/2015 06:00","BZN|DK1","1743.38","1759.00"
"17/08/2015 06:00 - 17/08/2015 07:00","BZN|DK1","2098.43","2060.10"
"17/08/2015 07:00 - 17/08/2015 08:00","BZN|DK1","2518.48","2449.60"
"17/08/2015 08:00 - 17/08/2015 09:00","BZN|DK1","2718.50","2705.30"
"17/08/2015 09:00 - 17/08/2015 10:00","BZN|DK1","2760.47","2748.90"
"17/08/2015 10:00 - 17/08/2015 11:00","BZN|DK1","2821.97","2837.50"
"17/08/2015 11:00 - 17/08/2015 12:00","BZN|DK1","2827.59","2821.00"
"17/08/2015 12:00 - 17/08/2015 13:00","BZN|DK1","2753.14","2751.00"
"17/08/2015 13:00 - 17/08/2015 14:00","BZN|DK1","2755.77","2770.10"
"17/08/2015 14:00 - 17/08/2015 15:00","BZN|DK1","2720.18","2699.90"
"17/08/2015 15:00 - 17/08/2015 16:00","BZN|DK1","2596.60","2575.00"
"17/08/2015 16:00 - 17/08/2015 17:00","BZN|DK1","2528.89","2528.20"
"17/08/2015 17:00 - 17/08/2015 18:00","BZN|DK1","2670.27","2644.10"
"17/08/2015 18:00 - 17/08/2015 19:00","BZN|DK1","2582.26","2569.50"
"17/08/2015 19:00 - 17/08/2015 20:00","BZN|DK1","2421.56","2456.80"
"17/08/2015 20:00 - 17/08/2015 21:00","BZN|DK1","2305.42","2339.50"
"17/08/2015 21:00 - 17/08/2015 22:00","BZN|DK1","2264.61","2328.00"
"17/08/2015 22:00 - 17/08/2015 23:00","BZN|DK1","2106.27","2196.50"
"17/08/2015 23:00 - 18/08/2015 00:00","BZN|DK1","1914.77","1986.60"
"18/08/2015 00:00 - 18/08/2015 01:00","BZN|DK1","1788.59","1715.00"
"18/08/2015 01:00 - 18/08/2015 02:00","BZN|DK1","1758.53","1735.20"
"18/08/2015 02:00 - 18/08/2015 03:00","BZN|DK1","1716.27","1714.30"
"18/08/2015 03:00 - 18/08/2015 04:00","BZN|DK1","1674.35","1693.50"
"18/08/2015 04:00 - 18/08/2015 05:00","BZN|DK1","1692.53","1705.20"
"18/08/2015 05:00 - 18/08/2015 06:00","BZN|DK1","1833.32","1809.70"
"18/08/2015 06:00 - 18/08/2015 07:00","BZN|DK1","2167.36","2143.40"
"18/08/2015 07:00 - 18/08/2015 08:00","BZN|DK1","2531.74","2558.60"
"18/08/2015 08:00 - 18/08/2015 09:00","BZN|DK1","2684.32","2711.80"
"18/08/2015 09:00 - 18/08/2015 10:00","BZN|DK1","2724.89","2725.10"
"18/08/2015 10:00 - 18/08/2015 11:00","BZN|DK1","2785.79","2792.10"
"18/08/2015 11:00 - 18/08/2015 12:00","BZN|DK1","2790.12","2806.60"
"18/08/2015 12:00 - 18/08/2015 13:00","BZN|DK1","2738.16","2746.90"
"18/08/2015 13:00 - 18/08/2015 14:00","BZN|DK1","2754.04","2766.50"
"18/08/2015 14:00 - 18/08/2015 15:00","BZN|DK1","2702.91","2707.80"
"18/08/2015 15:00 - 18/08/2015 16:00","BZN|DK1","2581.73","2586.20"
"18/08/2015 16:00 - 18/08/2015 17:00","BZN|DK1","2513.52","2514.00"
"18/08/2015 17:00 - 18/08/2015 18:00","BZN|DK1","2607.52","2605.00"
"18/08/2015 18:00 - 18/08/2015 19:00","BZN|DK1","2555.13","2536.80"
"18/08/2015 19:00 - 18/08/2015 20:00","BZN|DK1","2417.67","2419.80"
"18/08/2015 20:00 - 18/08/2015 21:00","BZN|DK1","2310.88","2308.00"
"18/08/2015 21:00 - 18/08/2015 22:00","BZN|DK1","2311.59","2289.10"
"18/08/2015 22:00 - 18/08/2015 23:00","BZN|DK1","2158.77","2122.20"
"18/08/2015 23:00 - 19/08/2015 00:00","BZN|DK1","1967.71","1892.00"
"19/08/2015 00:00 - 19/08/2015 01:00","BZN|DK1","1828.53","1850.90"
"19/08/2015 01:00 - 19/08/2015 02:00","BZN|DK1","1767.02","1788.60"
"19/08/2015 02:00 - 19/08/2015 03:00","BZN|DK1","1742.02","1719.30"
"19/08/2015 03:00 - 19/08/2015 04:00","BZN|DK1","1726.85","1712.00"
"19/08/2015 04:00 - 19/08/2015 05:00","BZN|DK1","1773.65","1763.20"
"19/08/2015 05:00 - 19/08/2015 06:00","BZN|DK1","1894.09","1888.80"
"19/08/2015 06:00 - 19/08/2015 07:00","BZN|DK1","2192.52","2188.30"
"19/08/2015 07:00 - 19/08/2015 08:00","BZN|DK1","2561.72","2548.80"
"19/08/2015 08:00 - 19/08/2015 09:00","BZN|DK1","2724.46","2739.30"
"19/08/2015 09:00 - 19/08/2015 10:00","BZN|DK1","2762.32","2755.70"
"19/08/2015 10:00 - 19/08/2015 11:00","BZN|DK1","2812.19","2825.50"
"19/08/2015 11:00 - 19/08/2015 12:00","BZN|DK1","2796.61","2810.50"
"19/08/2015 12:00 - 19/08/2015 13:00","BZN|DK1","2623.61","2715.00"
"19/08/2015 13:00 - 19/08/2015 14:00","BZN|DK1","2719.73","2686.30"
"19/08/2015 14:00 - 19/08/2015 15:00","BZN|DK1","2677.16","2672.70"
"19/08/2015 15:00 - 19/08/2015 16:00","BZN|DK1","2544.73","2548.90"
"19/08/2015 16:00 - 19/08/2015 17:00","BZN|DK1","2508.29","2494.00"
"19/08/2015 17:00 - 19/08/2015 18:00","BZN|DK1","2595.94","2608.60"
"19/08/2015 18:00 - 19/08/2015 19:00","BZN|DK1","2523.42","2531.00"
"19/08/2015 19:00 - 19/08/2015 20:00","BZN|DK1","2434.96","2418.80"
"19/08/2015 20:00 - 19/08/2015 21:00","BZN|DK1","2373.76","2357.90"
"19/08/2015 21:00 - 19/08/2015 22:00","BZN|DK1","2353.35","2363.40"
"19/08/2015 22:00 - 19/08/2015 23:00","BZN|DK1","2199.44","2191.10"
"19/08/2015 23:00 - 20/08/2015 00:00","BZN|DK1","1969.85","1958.00"
"20/08/2015 00:00 - 20/08/2015 01:00","BZN|DK1","1827.17","1826.00"
"20/08/2015 01:00 - 20/08/2015 02:00","BZN|DK1","1755.48","1750.50"
"20/08/2015 02:00 - 20/08/2015 03:00","BZN|DK1","1719.39","1707.20"
"20/08/2015 03:00 - 20/08/2015 04:00","BZN|DK1","1738.48","1719.60"
"20/08/2015 04:00 - 20/08/2015 05:00","BZN|DK1","1766.99","1774.30"
"20/08/2015 05:00 - 20/08/2015 06:00","BZN|DK1","1899.49","1908.20"
"20/08/2015 06:00 - 20/08/2015 07:00","BZN|DK1","2212.30","2203.00"
"20/08/2015 07:00 - 20/08/2015 08:00","BZN|DK1","2570.23","2565.00"
"20/08/2015 08:00 - 20/08/2015 09:00","BZN|DK1","2706.27","2732.00"
"20/08/2015 09:00 - 20/08/2015 10:00","BZN|DK1","2743.45","2762.60"
"20/08/2015 10:00 - 20/08/2015 11:00","BZN|DK1","2828.36","2825.90"
"20/08/2015 11:00 - 20/08/2015 12:00","BZN|DK1","2818.94","2832.30"
"20/08/2015 12:00 - 20/08/2015 13:00","BZN|DK1","2749.69","2757.10"
"20/08/2015 13:00 - 20/08/2015 14:00","BZN|DK1","2795.87","2771.80"
"20/08/2015 14:00 - 20/08/2015 15:00","BZN|DK1","2732.20","2715.30"
"20/08/2015 15:00 - 20/08/2015 16:00","BZN|DK1","2645.38","2622.40"
"20/08/2015 16:00 - 20/08/2015 17:00","BZN|DK1","2638.64","2609.50"
"20/08/2015 17:00 - 20/08/2015 18:00","BZN|DK1","2723.92","2720.80"
"20/08/2015 18:00 - 20/08/2015 19:00","BZN|DK1","2640.32","2622.10"
"20/08/2015 19:00 - 20/08/2015 20:00","BZN|DK1","2520.04","2504.90"
"20/08/2015 20:00 - 20/08/2015 21:00","BZN|DK1","2446.01","2433.80"
"20/08/2015 21:00 - 20/08/2015 22:00","BZN|DK1","2447.28","2453.20"
"20/08/2015 22:00 - 20/08/2015 23:00","BZN|DK1","2264.33","2273.30"
"20/08/2015 23:00 - 21/08/2015 00:00","BZN|DK1","2037.23","2019.40"
"21/08/2015 00:00 - 21/08/2015 01:00","BZN|DK1","1877.60","1871.20"
"21/08/2015 01:00 - 21/08/2015 02:00","BZN|DK1","1846.50","1801.50"
"21/08/2015 02:00 - 21/08/2015 03:00","BZN|DK1","1819.89","1798.00"
"21/08/2015 03:00 - 21/08/2015 04:00","BZN|DK1","1813.15","1808.30"
"21/08/2015 04:00 - 21/08/2015 05:00","BZN|DK1","1842.91","1847.70"
"21/08/2015 05:00 - 21/08/2015 06:00","BZN|DK1","1960.25","1980.00"
"21/08/2015 06:00 - 21/08/2015 07:00","BZN|DK1","2268.86","2264.00"
"21/08/2015 07:00 - 21/08/2015 08:00","BZN|DK1","2612.90","2611.90"
"21/08/2015 08:00 - 21/08/2015 09:00","BZN|DK1","2774.50","2781.40"
"21/08/2015 09:00 - 21/08/2015 10:00","BZN|DK1","2805.49","2803.20"
"21/08/2015 10:00 - 21/08/2015 11:00","BZN|DK1","2880.17","2873.70"
"21/08/2015 11:00 - 21/08/2015 12:00","BZN|DK1","2823.63","2844.80"
"21/08/2015 12:00 - 21/08/2015 13:00","BZN|DK1","2726.62","2719.00"
"21/08/2015 13:00 - 21/08/2015 14:00","BZN|DK1","2650.76","2652.50"
"21/08/2015 14:00 - 21/08/2015 15:00","BZN|DK1","2521.78","2518.70"
"21/08/2015 15:00 - 21/08/2015 16:00","BZN|DK1","2425.23","2420.80"
"21/08/2015 16:00 - 21/08/2015 17:00","BZN|DK1","2400.85","2416.70"
"21/08/2015 17:00 - 21/08/2015 18:00","BZN|DK1","2483.60","2499.10"
"21/08/2015 18:00 - 21/08/2015 19:00","BZN|DK1","2453.46","2438.00"
"21/08/2015 19:00 - 21/08/2015 20:00","BZN|DK1","2313.99","2280.40"
"21/08/2015 20:00 - 21/08/2015 21:00","BZN|DK1","2191.34","2182.10"
"21/08/2015 21:00 - 21/08/2015 22:00","BZN|DK1","2202.21","2197.80"
"21/08/2015 22:00 - 21/08/2015 23:00","BZN|DK1","2048.58","2063.60"
"21/08/2015 23:00 - 22/08/2015 00:00","BZN|DK1","1884.18","1881.60"
"22/08/2015 00:00 - 22/08/2015 01:00","BZN|DK1","1757.89","1639.50"
"22/08/2015 01:00 - 22/08/2015 02:00","BZN|DK1","1686.52","1632.80"
"22/08/2015 02:00 - 22/08/2015 03:00","BZN|DK1","1644.19","1605.40"
"22/08/2015 03:00 - 22/08/2015 04:00","BZN|DK1","1631.24","1543.90"
"22/08/2015 04:00 - 22/08/2015 05:00","BZN|DK1","1645.43","1498.80"
"22/08/2015 05:00 - 22/08/2015 06:00","BZN|DK1","1672.94","1565.10"
"22/08/2015 06:00 - 22/08/2015 07:00","BZN|DK1","1729.86","1712.90"
"22/08/2015 07:00 - 22/08/2015 08:00","BZN|DK1","1903.04","1882.70"
"22/08/2015 08:00 - 22/08/2015 09:00","BZN|DK1","2110.32","2106.30"
"22/08/2015 09:00 - 22/08/2015 10:00","BZN|DK1","2222.59","2214.80"
"22/08/2015 10:00 - 22/08/2015 11:00","BZN|DK1","2279.30","2275.30"
"22/08/2015 11:00 - 22/08/2015 12:00","BZN|DK1","2236.04","2265.00"
"22/08/2015 12:00 - 22/08/2015 13:00","BZN|DK1","2164.94","2183.30"
"22/08/2015 13:00 - 22/08/2015 14:00","BZN|DK1","2114.58","2129.50"
"22/08/2015 14:00 - 22/08/2015 15:00","BZN|DK1","2059.39","2062.40"
"22/08/2015 15:00 - 22/08/2015 16:00","BZN|DK1","2029.30","2024.90"
"22/08/2015 16:00 - 22/08/2015 17:00","BZN|DK1","2056.95","2048.90"
"22/08/2015 17:00 - 22/08/2015 18:00","BZN|DK1","2179.21","2192.50"
"22/08/2015 18:00 - 22/08/2015 19:00","BZN|DK1","2144.52","2161.30"
"22/08/2015 19:00 - 22/08/2015 20:00","BZN|DK1","2038.61","2025.10"
"22/08/2015 20:00 - 22/08/2015 21:00","BZN|DK1","1978.17","1972.60"
"22/08/2015 21:00 - 22/08/2015 22:00","BZN|DK1","2009.70","1979.40"
"22/08/2015 22:00 - 22/08/2015 23:00","BZN|DK1","1887.10","1863.00"
"22/08/2015 23:00 - 23/08/2015 00:00","BZN|DK1","1749.45","1715.80"
"23/08/2015 00:00 - 23/08/2015 01:00","BZN|DK1","1647.07","1659.30"
"23/08/2015 01:00 - 23/08/2015 02:00","BZN|DK1","1565.22","1586.00"
"23/08/2015 02:00 - 23/08/2015 03:00","BZN|DK1","1532.77","1525.30"
"23/08/2015 03:00 - 23/08/2015 04:00","BZN|DK1","1516.86","1513.90"
"23/08/2015 04:00 - 23/08/2015 05:00","BZN|DK1","1516.83","1514.70"
"23/08/2015 05:00 - 23/08/2015 06:00","BZN|DK1","1515.59","1528.90"
"23/08/2015 06:00 - 23/08/2015 07:00","BZN|DK1","1557.62","1552.50"
"23/08/2015 07:00 - 23/08/2015 08:00","BZN|DK1","1697.30","1707.20"
"23/08/2015 08:00 - 23/08/2015 09:00","BZN|DK1","1879.87","1902.90"
"23/08/2015 09:00 - 23/08/2015 10:00","BZN|DK1","1984.73","2023.40"
"23/08/2015 10:00 - 23/08/2015 11:00","BZN|DK1","2021.90","2051.00"
"23/08/2015 11:00 - 23/08/2015 12:00","BZN|DK1","2029.94","2056.80"
"23/08/2015 12:00 - 23/08/2015 13:00","BZN|DK1","2028.40","2034.90"
"23/08/2015 13:00 - 23/08/2015 14:00","BZN|DK1","2004.69","2021.30"
"23/08/2015 14:00 - 23/08/2015 15:00","BZN|DK1","2006.47","2009.90"
"23/08/2015 15:00 - 23/08/2015 16:00","BZN|DK1","1971.12","1976.30"
"23/08/2015 16:00 - 23/08/2015 17:00","BZN|DK1","2020.59","2022.20"
"23/08/2015 17:00 - 23/08/2015 18:00","BZN|DK1","2217.26","2217.00"
"23/08/2015 18:00 - 23/08/2015 19:00","BZN|DK1","2219.59","2221.50"
"23/08/2015 19:00 - 23/08/2015 20:00","BZN|DK1","2174.19","2128.80"
"23/08/2015 20:00 - 23/08/2015 21:00","BZN|DK1","2077.97","2109.40"
"23/08/2015 21:00 - 23/08/2015 22:00","BZN|DK1","2080.34","2085.50"
"23/08/2015 22:00 - 23/08/2015 23:00","BZN|DK1","1964.30","1926.80"
"23/08/2015 23:00 - 24/08/2015 00:00","BZN|DK1","1808.09","1768.80"
"24/08/2015 00:00 - 24/08/2015 01:00","BZN|DK1","1698.77","1758.20"
"24/08/2015 01:00 - 24/08/2015 02:00","BZN|DK1","1676.68","1666.80"
"24/08/2015 02:00 - 24/08/2015 03:00","BZN|DK1","1639.49","1659.50"
"24/08/2015 03:00 - 24/08/2015 04:00","BZN|DK1","1638.52","1652.50"
"24/08/2015 04:00 - 24/08/2015 05:00","BZN|DK1","1684.70","1692.50"
"24/08/2015 05:00 - 24/08/2015 06:00","BZN|DK1","1829.63","1862.70"
"24/08/2015 06:00 - 24/08/2015 07:00","BZN|DK1","2163.76","2158.00"
"24/08/2015 07:00 - 24/08/2015 08:00","BZN|DK1","2543.61","2534.50"
"24/08/2015 08:00 - 24/08/2015 09:00","BZN|DK1","2713.91","2729.30"
"24/08/2015 09:00 - 24/08/2015 10:00","BZN|DK1","2702.82","2714.70"
"24/08/2015 10:00 - 24/08/2015 11:00","BZN|DK1","2755.64","2767.50"
"24/08/2015 11:00 - 24/08/2015 12:00","BZN|DK1","2778.35","2792.20"
"24/08/2015 12:00 - 24/08/2015 13:00","BZN|DK1","2723.50","2727.20"
"24/08/2015 13:00 - 24/08/2015 14:00","BZN|DK1","2728.58","2745.20"
"24/08/2015 14:00 - 24/08/2015 15:00","BZN|DK1","2736.61","2718.70"
"24/08/2015 15:00 - 24/08/2015 16:00","BZN|DK1","2593.39","2607.40"
"24/08/2015 16:00 - 24/08/2015 17:00","BZN|DK1","2577.40","2539.10"
"24/08/2015 17:00 - 24/08/2015 18:00","BZN|DK1","2753.53","2714.80"
"24/08/2015 18:00 - 24/08/2015 19:00","BZN|DK1","2687.97","2673.90"
"24/08/2015 19:00 - 24/08/2015 20:00","BZN|DK1","2568.18","2556.30"
"24/08/2015 20:00 - 24/08/2015 21:00","BZN|DK1","2426.59","2494.10"
"24/08/2015 21:00 - 24/08/2015 22:00","BZN|DK1","2352.19","2476.80"
"24/08/2015 22:00 - 24/08/2015 23:00","BZN|DK1","2173.53","2280.90"
"24/08/2015 23:00 - 25/08/2015 00:00","BZN|DK1","2004.50","2037.00"
"25/08/2015 00:00 - 25/08/2015 01:00","BZN|DK1","1871.46","1777.30"
"25/08/2015 01:00 - 25/08/2015 02:00","BZN|DK1","1787.87","1783.10"
"25/08/2015 02:00 - 25/08/2015 03:00","BZN|DK1","1791.64","1760.60"
"25/08/2015 03:00 - 25/08/2015 04:00","BZN|DK1","1780.51","1783.50"
"25/08/2015 04:00 - 25/08/2015 05:00","BZN|DK1","1791.68","1800.60"
"25/08/2015 05:00 - 25/08/2015 06:00","BZN|DK1","1945.62","1933.00"
"25/08/2015 06:00 - 25/08/2015 07:00","BZN|DK1","2269.34","2252.70"
"25/08/2015 07:00 - 25/08/2015 08:00","BZN|DK1","2633.57","2627.10"
"25/08/2015 08:00 - 25/08/2015 09:00","BZN|DK1","2751.20","2785.20"
"25/08/2015 09:00 - 25/08/2015 10:00","BZN|DK1","2740.93","2759.40"
"25/08/2015 10:00 - 25/08/2015 11:00","BZN|DK1","2817.57","2807.00"
"25/08/2015 11:00 - 25/08/2015 12:00","BZN|DK1","2802.78","2816.90"
"25/08/2015 12:00 - 25/08/2015 13:00","BZN|DK1","2748.20","2742.30"
"25/08/2015 13:00 - 25/08/2015 14:00","BZN|DK1","2760.16","2756.60"
"25/08/2015 14:00 - 25/08/2015 15:00","BZN|DK1","2701.68","2688.90"
"25/08/2015 15:00 - 25/08/2015 16:00","BZN|DK1","2639.22","2592.30"
"25/08/2015 16:00 - 25/08/2015 17:00","BZN|DK1","2567.83","2558.00"
"25/08/2015 17:00 - 25/08/2015 18:00","BZN|DK1","2687.45","2660.60"
"25/08/2015 18:00 - 25/08/2015 19:00","BZN|DK1","2633.48","2592.90"
"25/08/2015 19:00 - 25/08/2015 20:00","BZN|DK1","2531.20","2503.00"
"25/08/2015 20:00 - 25/08/2015 21:00","BZN|DK1","2506.11","2458.30"
"25/08/2015 21:00 - 25/08/2015 22:00","BZN|DK1","2448.24","2483.10"
"25/08/2015 22:00 - 25/08/2015 23:00","BZN|DK1","2213.13","2264.10"
"25/08/2015 23:00 - 26/08/2015 00:00","BZN|DK1","1929.17","1993.90"
"26/08/2015 00:00 - 26/08/2015 01:00","BZN|DK1","1838.06","1846.40"
"26/08/2015 01:00 - 26/08/2015 02:00","BZN|DK1","1787.63","1774.50"
"26/08/2015 02:00 - 26/08/2015 03:00","BZN|DK1","1752.79","1753.50"
"26/08/2015 03:00 - 26/08/2015 04:00","BZN|DK1","1767.21","1758.00"
"26/08/2015 04:00 - 26/08/2015 05:00","BZN|DK1","1775.56","1798.10"
"26/08/2015 05:00 - 26/08/2015 06:00","BZN|DK1","1898.43","1921.60"
"26/08/2015 06:00 - 26/08/2015 07:00","BZN|DK1","2227.38","2220.50"
"26/08/2015 07:00 - 26/08/2015 08:00","BZN|DK1","2619.42","2565.50"
"26/08/2015 08:00 - 26/08/2015 09:00","BZN|DK1","2758.36","2772.90"
"26/08/2015 09:00 - 26/08/2015 10:00","BZN|DK1","2795.14","2799.90"
"26/08/2015 10:00 - 26/08/2015 11:00","BZN|DK1","2827.03","2833.70"
"26/08/2015 11:00 - 26/08/2015 12:00","BZN|DK1","2831.32","2831.30"
"26/08/2015 12:00 - 26/08/2015 13:00","BZN|DK1","2763.00","2753.70"
"26/08/2015 13:00 - 26/08/2015 14:00","BZN|DK1","2798.83","2789.80"
"26/08/2015 14:00 - 26/08/2015 15:00","BZN|DK1","2733.70","2740.50"
"26/08/2015 15:00 - 26/08/2015 16:00","BZN|DK1","2618.52","2600.80"
"26/08/2015 16:00 - 26/08/2015 17:00","BZN|DK1","2579.21","2575.50"
"26/08/2015 17:00 - 26/08/2015 18:00","BZN|DK1","2704.94","2697.00"
"26/08/2015 18:00 - 26/08/2015 19:00","BZN|DK1","2614.67","2602.20"
"26/08/2015 19:00 - 26/08/2015 20:00","BZN|DK1","2500.21","2480.50"
"26/08/2015 20:00 - 26/08/2015 21:00","BZN|DK1","2395.99","2432.80"
"26/08/2015 21:00 - 26/08/2015 22:00","BZN|DK1","2322.02","2433.30"
"26/08/2015 22:00 - 26/08/2015 23:00","BZN|DK1","2128.25","2256.70"
"26/08/2015 23:00 - 27/08/2015 00:00","BZN|DK1","1923.32","2022.60"
"27/08/2015 00:00 - 27/08/2015 01:00","BZN|DK1","1792.62","1777.80"
"27/08/2015 01:00 - 27/08/2015 02:00","BZN|DK1","1749.19","1727.90"
"27/08/2015 02:00 - 27/08/2015 03:00","BZN|DK1","1775.25","1763.00"
"27/08/2015 03:00 - 27/08/2015 04:00","BZN|DK1","1747.38","1766.80"
"27/08/2015 04:00 - 27/08/2015 05:00","BZN|DK1","1784.10","1790.10"
"27/08/2015 05:00 - 27/08/2015 06:00","BZN|DK1","1911.68","1936.00"
"27/08/2015 06:00 - 27/08/2015 07:00","BZN|DK1","2271.91","2244.20"
"27/08/2015 07:00 - 27/08/2015 08:00","BZN|DK1","2621.00","2607.90"
"27/08/2015 08:00 - 27/08/2015 09:00","BZN|DK1","2764.77","2782.10"
"27/08/2015 09:00 - 27/08/2015 10:00","BZN|DK1","2781.34","2803.00"
"27/08/2015 10:00 - 27/08/2015 11:00","BZN|DK1","2825.94","2846.40"
"27/08/2015 11:00 - 27/08/2015 12:00","BZN|DK1","2827.89","2817.20"
"27/08/2015 12:00 - 27/08/2015 13:00","BZN|DK1","2771.82","2755.10"
"27/08/2015 13:00 - 27/08/2015 14:00","BZN|DK1","2791.32","2800.10"
"27/08/2015 14:00 - 27/08/2015 15:00","BZN|DK1","2714.85","2731.80"
"27/08/2015 15:00 - 27/08/2015 16:00","BZN|DK1","2616.53","2593.10"
"27/08/2015 16:00 - 27/08/2015 17:00","BZN|DK1","2560.96","2554.80"
"27/08/2015 17:00 - 27/08/2015 18:00","BZN|DK1","2698.75","2687.90"
"27/08/2015 18:00 - 27/08/2015 19:00","BZN|DK1","2606.51","2592.80"
"27/08/2015 19:00 - 27/08/2015 20:00","BZN|DK1","2454.87","2461.00"
"27/08/2015 20:00 - 27/08/2015 21:00","BZN|DK1","2394.29","2413.90"
"27/08/2015 21:00 - 27/08/2015 22:00","BZN|DK1","2338.06","2412.70"
"27/08/2015 22:00 - 27/08/2015 23:00","BZN|DK1","2153.17","2231.50"
"27/08/2015 23:00 - 28/08/2015 00:00","BZN|DK1","1940.22","2004.20"
"28/08/2015 00:00 - 28/08/2015 01:00","BZN|DK1","1814.03","1803.00"
"28/08/2015 01:00 - 28/08/2015 02:00","BZN|DK1","1753.08","1745.00"
"28/08/2015 02:00 - 28/08/2015 03:00","BZN|DK1","1720.07","1734.00"
"28/08/2015 03:00 - 28/08/2015 04:00","BZN|DK1","1712.36","1722.10"
"28/08/2015 04:00 - 28/08/2015 05:00","BZN|DK1","1765.98","1763.40"
"28/08/2015 05:00 - 28/08/2015 06:00","BZN|DK1","1877.49","1912.70"
"28/08/2015 06:00 - 28/08/2015 07:00","BZN|DK1","2164.34","2186.60"
"28/08/2015 07:00 - 28/08/2015 08:00","BZN|DK1","2522.15","2507.60"
"28/08/2015 08:00 - 28/08/2015 09:00","BZN|DK1","2681.51","2682.50"
"28/08/2015 09:00 - 28/08/2015 10:00","BZN|DK1","2684.66","2699.80"
"28/08/2015 10:00 - 28/08/2015 11:00","BZN|DK1","2734.60","2759.30"
"28/08/2015 11:00 - 28/08/2015 12:00","BZN|DK1","2713.88","2738.40"
"28/08/2015 12:00 - 28/08/2015 13:00","BZN|DK1","2607.99","2616.60"
"28/08/2015 13:00 - 28/08/2015 14:00","BZN|DK1","2553.26","2518.00"
"28/08/2015 14:00 - 28/08/2015 15:00","BZN|DK1","2429.97","2413.50"
"28/08/2015 15:00 - 28/08/2015 16:00","BZN|DK1","2307.30","2315.30"
"28/08/2015 16:00 - 28/08/2015 17:00","BZN|DK1","2284.20","2279.20"
"28/08/2015 17:00 - 28/08/2015 18:00","BZN|DK1","2414.38","2396.00"
"28/08/2015 18:00 - 28/08/2015 19:00","BZN|DK1","2377.31","2373.50"
"28/08/2015 19:00 - 28/08/2015 20:00","BZN|DK1","2254.49","2233.40"
"28/08/2015 20:00 - 28/08/2015 21:00","BZN|DK1","2107.98","2160.60"
"28/08/2015 21:00 - 28/08/2015 22:00","BZN|DK1","2105.70","2022.40"
"28/08/2015 22:00 - 28/08/2015 23:00","BZN|DK1","1964.82","1898.30"
"28/08/2015 23:00 - 29/08/2015 00:00","BZN|DK1","1781.64","1752.10"
"29/08/2015 00:00 - 29/08/2015 01:00","BZN|DK1","1669.09","1612.60"
"29/08/2015 01:00 - 29/08/2015 02:00","BZN|DK1","1599.74","1570.20"
"29/08/2015 02:00 - 29/08/2015 03:00","BZN|DK1","1536.59","1547.20"
"29/08/2015 03:00 - 29/08/2015 04:00","BZN|DK1","1530.16","1524.10"
"29/08/2015 04:00 - 29/08/2015 05:00","BZN|DK1","1548.93","1534.30"
"29/08/2015 05:00 - 29/08/2015 06:00","BZN|DK1","1569.96","1583.10"
"29/08/2015 06:00 - 29/08/2015 07:00","BZN|DK1","1626.79","1635.80"
"29/08/2015 07:00 - 29/08/2015 08:00","BZN|DK1","1800.69","1801.80"
"29/08/2015 08:00 - 29/08/2015 09:00","BZN|DK1","2002.07","2007.10"
"29/08/2015 09:00 - 29/08/2015 10:00","BZN|DK1","2105.18","2116.60"
"29/08/2015 10:00 - 29/08/2015 11:00","BZN|DK1","2141.44","2151.70"
"29/08/2015 11:00 - 29/08/2015 12:00","BZN|DK1","2118.58","2119.80"
"29/08/2015 12:00 - 29/08/2015 13:00","BZN|DK1","2072.97","2074.40"
"29/08/2015 13:00 - 29/08/2015 14:00","BZN|DK1","2033.10","2040.20"
"29/08/2015 14:00 - 29/08/2015 15:00","BZN|DK1","2033.66","2012.60"
"29/08/2015 15:00 - 29/08/2015 16:00","BZN|DK1","1986.49","2004.30"
"29/08/2015 16:00 - 29/08/2015 17:00","BZN|DK1","1999.84","2005.50"
"29/08/2015 17:00 - 29/08/2015 18:00","BZN|DK1","2152.55","2135.60"
"29/08/2015 18:00 - 29/08/2015 19:00","BZN|DK1","2171.78","2134.20"
"29/08/2015 19:00 - 29/08/2015 20:00","BZN|DK1","2048.38","2038.20"
"29/08/2015 20:00 - 29/08/2015 21:00","BZN|DK1","2008.99","2000.70"
"29/08/2015 21:00 - 29/08/2015 22:00","BZN|DK1","1996.17","1960.30"
"29/08/2015 22:00 - 29/08/2015 23:00","BZN|DK1","1857.72","1812.90"
"29/08/2015 23:00 - 30/08/2015 00:00","BZN|DK1","1719.46","1652.80"
"30/08/2015 00:00 - 30/08/2015 01:00","BZN|DK1","1604.95","1606.60"
"30/08/2015 01:00 - 30/08/2015 02:00","BZN|DK1","1540.42","1520.10"
"30/08/2015 02:00 - 30/08/2015 03:00","BZN|DK1","1507.86","1496.70"
"30/08/2015 03:00 - 30/08/2015 04:00","BZN|DK1","1495.29","1492.80"
"30/08/2015 04:00 - 30/08/2015 05:00","BZN|DK1","1495.13","1489.70"
"30/08/2015 05:00 - 30/08/2015 06:00","BZN|DK1","1529.49","1523.30"
"30/08/2015 06:00 - 30/08/2015 07:00","BZN|DK1","1571.85","1560.90"
"30/08/2015 07:00 - 30/08/2015 08:00","BZN|DK1","1695.70","1692.30"
"30/08/2015 08:00 - 30/08/2015 09:00","BZN|DK1","1884.14","1885.00"
"30/08/2015 09:00 - 30/08/2015 10:00","BZN|DK1","2008.72","2024.50"
"30/08/2015 10:00 - 30/08/2015 11:00","BZN|DK1","2075.13","2081.70"
"30/08/2015 11:00 - 30/08/2015 12:00","BZN|DK1","2103.09","2112.10"
"30/08/2015 12:00 - 30/08/2015 13:00","BZN|DK1","2086.23","2097.30"
"30/08/2015 13:00 - 30/08/2015 14:00","BZN|DK1","2058.46","2060.70"
"30/08/2015 14:00 - 30/08/2015 15:00","BZN|DK1","2048.47","2049.20"
"30/08/2015 15:00 - 30/08/2015 16:00","BZN|DK1","2037.73","2029.60"
"30/08/2015 16:00 - 30/08/2015 17:00","BZN|DK1","2104.94","2095.50"
"30/08/2015 17:00 - 30/08/2015 18:00","BZN|DK1","2288.28","2309.40"
"30/08/2015 18:00 - 30/08/2015 19:00","BZN|DK1","2277.40","2281.30"
"30/08/2015 19:00 - 30/08/2015 20:00","BZN|DK1","2181.67","2166.20"
"30/08/2015 20:00 - 30/08/2015 21:00","BZN|DK1","2147.41","2154.50"
"30/08/2015 21:00 - 30/08/2015 22:00","BZN|DK1","2091.76","2090.20"
"30/08/2015 22:00 - 30/08/2015 23:00","BZN|DK1","1927.23","1908.80"
"30/08/2015 23:00 - 31/08/2015 00:00","BZN|DK1","1783.21","1745.20"
"31/08/2015 00:00 - 31/08/2015 01:00","BZN|DK1","1682.45","1679.90"
"31/08/2015 01:00 - 31/08/2015 02:00","BZN|DK1","1635.97","1636.00"
"31/08/2015 02:00 - 31/08/2015 03:00","BZN|DK1","1612.76","1630.70"
"31/08/2015 03:00 - 31/08/2015 04:00","BZN|DK1","1627.86","1631.70"
"31/08/2015 04:00 - 31/08/2015 05:00","BZN|DK1","1667.71","1665.50"
"31/08/2015 05:00 - 31/08/2015 06:00","BZN|DK1","1835.30","1851.60"
"31/08/2015 06:00 - 31/08/2015 07:00","BZN|DK1","2193.24","2205.40"
"31/08/2015 07:00 - 31/08/2015 08:00","BZN|DK1","2531.80","2517.70"
"31/08/2015 08:00 - 31/08/2015 09:00","BZN|DK1","2736.64","2701.30"
"31/08/2015 09:00 - 31/08/2015 10:00","BZN|DK1","2788.52","2769.80"
"31/08/2015 10:00 - 31/08/2015 11:00","BZN|DK1","2852.35","2856.40"
"31/08/2015 11:00 - 31/08/2015 12:00","BZN|DK1","2843.43","2843.50"
"31/08/2015 12:00 - 31/08/2015 13:00","BZN|DK1","2792.95","2780.30"
"31/08/2015 13:00 - 31/08/2015 14:00","BZN|DK1","2788.08","2800.30"
"31/08/2015 14:00 - 31/08/2015 15:00","BZN|DK1","2700.11","2717.30"
"31/08/2015 15:00 - 31/08/2015 16:00","BZN|DK1","2592.90","2595.60"
"31/08/2015 16:00 - 31/08/2015 17:00","BZN|DK1","2587.38","2571.60"
"31/08/2015 17:00 - 31/08/2015 18:00","BZN|DK1","2737.68","2725.90"
"31/08/2015 18:00 - 31/08/2015 19:00","BZN|DK1","2700.46","2666.00"
"31/08/2015 19:00 - 31/08/2015 20:00","BZN|DK1","2604.83","2579.50"
"31/08/2015 20:00 - 31/08/2015 21:00","BZN|DK1","2502.22","2558.70"
"31/08/2015 21:00 - 31/08/2015 22:00","BZN|DK1","2361.16","2465.20"
"31/08/2015 22:00 - 31/08/2015 23:00","BZN|DK1","2158.18","2263.10"
"31/08/2015 23:00 - 01/09/2015 00:00","BZN|DK1","1945.90","2012.20"
"01/09/2015 00:00 - 01/09/2015 01:00","BZN|DK1","1866.73","1753.50"
"01/09/2015 01:00 - 01/09/2015 02:00","BZN|DK1","1796.74","1754.80"
"01/09/2015 02:00 - 01/09/2015 03:00","BZN|DK1","1778.37","1757.40"
"01/09/2015 03:00 - 01/09/2015 04:00","BZN|DK1","1782.52","1773.60"
"01/09/2015 04:00 - 01/09/2015 05:00","BZN|DK1","1832.58","1818.50"
"01/09/2015 05:00 - 01/09/2015 06:00","BZN|DK1","1976.48","1949.90"
"01/09/2015 06:00 - 01/09/2015 07:00","BZN|DK1","2348.02","2330.30"
"01/09/2015 07:00 - 01/09/2015 08:00","BZN|DK1","2669.62","2678.00"
"01/09/2015 08:00 - 01/09/2015 09:00","BZN|DK1","2811.59","2818.50"
"01/09/2015 09:00 - 01/09/2015 10:00","BZN|DK1","2803.80","2820.80"
"01/09/2015 10:00 - 01/09/2015 11:00","BZN|DK1","2857.95","2856.80"
"01/09/2015 11:00 - 01/09/2015 12:00","BZN|DK1","2844.63","2849.90"
"01/09/2015 12:00 - 01/09/2015 13:00","BZN|DK1","2708.76","2755.50"
"01/09/2015 13:00 - 01/09/2015 14:00","BZN|DK1","2760.03","2771.30"
"01/09/2015 14:00 - 01/09/2015 15:00","BZN|DK1","2721.10","2741.40"
"01/09/2015 15:00 - 01/09/2015 16:00","BZN|DK1","2601.54","2592.50"
"01/09/2015 16:00 - 01/09/2015 17:00","BZN|DK1","2580.05","2553.70"
"01/09/2015 17:00 - 01/09/2015 18:00","BZN|DK1","2732.81","2696.50"
"01/09/2015 18:00 - 01/09/2015 19:00","BZN|DK1","2625.36","2631.70"
"01/09/2015 19:00 - 01/09/2015 20:00","BZN|DK1","2468.14","2478.50"
"01/09/2015 20:00 - 01/09/2015 21:00","BZN|DK1","2433.35","2434.10"
"01/09/2015 21:00 - 01/09/2015 22:00","BZN|DK1","2349.27","2389.90"
"01/09/2015 22:00 - 01/09/2015 23:00","BZN|DK1","2190.17","2188.20"
"01/09/2015 23:00 - 02/09/2015 00:00","BZN|DK1","1994.12","1963.10"
"02/09/2015 00:00 - 02/09/2015 01:00","BZN|DK1","1866.63","1840.30"
"02/09/2015 01:00 - 02/09/2015 02:00","BZN|DK1","1821.84","1791.00"
"02/09/2015 02:00 - 02/09/2015 03:00","BZN|DK1","1794.99","1791.70"
"02/09/2015 03:00 - 02/09/2015 04:00","BZN|DK1","1810.19","1799.80"
"02/09/2015 04:00 - 02/09/2015 05:00","BZN|DK1","1830.94","1842.20"
"02/09/2015 05:00 - 02/09/2015 06:00","BZN|DK1","1974.42","1977.50"
"02/09/2015 06:00 - 02/09/2015 07:00","BZN|DK1","2317.64","2307.90"
"02/09/2015 07:00 - 02/09/2015 08:00","BZN|DK1","2661.05","2653.40"
"02/09/2015 08:00 - 02/09/2015 09:00","BZN|DK1","2691.88","2771.00"
"02/09/2015 09:00 - 02/09/2015 10:00","BZN|DK1","2701.61","2682.80"
"02/09/2015 10:00 - 02/09/2015 11:00","BZN|DK1","2791.71","2780.90"
"02/09/2015 11:00 - 02/09/2015 12:00","BZN|DK1","2760.16","2780.80"
"02/09/2015 12:00 - 02/09/2015 13:00","BZN|DK1","2648.78","2682.90"
"02/09/2015 13:00 - 02/09/2015 14:00","BZN|DK1","2753.04","2715.40"
"02/09/2015 14:00 - 02/09/2015 15:00","BZN|DK1","2660.29","2677.90"
"02/09/2015 15:00 - 02/09/2015 16:00","BZN|DK1","2553.61","2537.00"
"02/09/2015 16:00 - 02/09/2015 17:00","BZN|DK1","2518.54","2516.90"
"02/09/2015 17:00 - 02/09/2015 18:00","BZN|DK1","2618.87","2626.30"
"02/09/2015 18:00 - 02/09/2015 19:00","BZN|DK1","2566.65","2581.30"
"02/09/2015 19:00 - 02/09/2015 20:00","BZN|DK1","2424.01","2431.40"
"02/09/2015 20:00 - 02/09/2015 21:00","BZN|DK1","2393.19","2407.10"
"02/09/2015 21:00 - 02/09/2015 22:00","BZN|DK1","2315.60","2360.00"
"02/09/2015 22:00 - 02/09/2015 23:00","BZN|DK1","2104.74","2171.70"
"02/09/2015 23:00 - 03/09/2015 00:00","BZN|DK1","1915.39","1965.80"
"03/09/2015 00:00 - 03/09/2015 01:00","BZN|DK1","1783.98","1776.10"
"03/09/2015 01:00 - 03/09/2015 02:00","BZN|DK1","1732.52","1732.00"
"03/09/2015 02:00 - 03/09/2015 03:00","BZN|DK1","1707.49","1709.90"
"03/09/2015 03:00 - 03/09/2015 04:00","BZN|DK1","1721.51","1716.50"
"03/09/2015 04:00 - 03/09/2015 05:00","BZN|DK1","1762.29","1765.30"
"03/09/2015 05:00 - 03/09/2015 06:00","BZN|DK1","1913.97","1924.80"
"03/09/2015 06:00 - 03/09/2015 07:00","BZN|DK1","2254.80","2255.20"
"03/09/2015 07:00 - 03/09/2015 08:00","BZN|DK1","2590.20","2589.70"
"03/09/2015 08:00 - 03/09/2015 09:00","BZN|DK1","2756.10","2761.80"
"03/09/2015 09:00 - 03/09/2015 10:00","BZN|DK1","2772.78","2790.60"
"03/09/2015 10:00 - 03/09/2015 11:00","BZN|DK1","2808.30","2804.40"
"03/09/2015 11:00 - 03/09/2015 12:00","BZN|DK1","2792.89","2802.00"
"03/09/2015 12:00 - 03/09/2015 13:00","BZN|DK1","2706.46","2728.20"
"03/09/2015 13:00 - 03/09/2015 14:00","BZN|DK1","2732.36","2740.30"
"03/09/2015 14:00 - 03/09/2015 15:00","BZN|DK1","2696.05","2696.50"
"03/09/2015 15:00 - 03/09/2015 16:00","BZN|DK1","2582.84","2546.80"
"03/09/2015 16:00 - 03/09/2015 17:00","BZN|DK1","2598.06","2554.70"
"03/09/2015 17:00 - 03/09/2015 18:00","BZN|DK1","2631.16","2670.80"
"03/09/2015 18:00 - 03/09/2015 19:00","BZN|DK1","2550.30","2529.00"
"03/09/2015 19:00 - 03/09/2015 20:00","BZN|DK1","2437.38","2440.70"
"03/09/2015 20:00 - 03/09/2015 21:00","BZN|DK1","2399.86","2439.50"
"03/09/2015 21:00 - 03/09/2015 22:00","BZN|DK1","2335.54","2367.30"
"03/09/2015 22:00 - 03/09/2015 23:00","BZN|DK1","2137.41","2183.60"
"03/09/2015 23:00 - 04/09/2015 00:00","BZN|DK1","1933.23","1955.60"
"04/09/2015 00:00 - 04/09/2015 01:00","BZN|DK1","1802.12","1790.00"
"04/09/2015 01:00 - 04/09/2015 02:00","BZN|DK1","1751.90","1731.80"
"04/09/2015 02:00 - 04/09/2015 03:00","BZN|DK1","1728.72","1720.70"
"04/09/2015 03:00 - 04/09/2015 04:00","BZN|DK1","1742.69","1720.60"
"04/09/2015 04:00 - 04/09/2015 05:00","BZN|DK1","1766.88","1760.90"
"04/09/2015 05:00 - 04/09/2015 06:00","BZN|DK1","1904.93","1899.70"
"04/09/2015 06:00 - 04/09/2015 07:00","BZN|DK1","2251.05","2230.00"
"04/09/2015 07:00 - 04/09/2015 08:00","BZN|DK1","2539.19","2562.00"
"04/09/2015 08:00 - 04/09/2015 09:00","BZN|DK1","2691.85","2708.50"
"04/09/2015 09:00 - 04/09/2015 10:00","BZN|DK1","2687.86","2697.50"
"04/09/2015 10:00 - 04/09/2015 11:00","BZN|DK1","2758.29","2746.80"
"04/09/2015 11:00 - 04/09/2015 12:00","BZN|DK1","2736.35","2727.40"
"04/09/2015 12:00 - 04/09/2015 13:00","BZN|DK1","2607.75","2611.60"
"04/09/2015 13:00 - 04/09/2015 14:00","BZN|DK1","2538.05","2542.50"
"04/09/2015 14:00 - 04/09/2015 15:00","BZN|DK1","2441.62","2408.40"
"04/09/2015 15:00 - 04/09/2015 16:00","BZN|DK1","2347.53","2319.20"
"04/09/2015 16:00 - 04/09/2015 17:00","BZN|DK1","2358.57","2298.00"
"04/09/2015 17:00 - 04/09/2015 18:00","BZN|DK1","2498.58","2402.80"
"04/09/2015 18:00 - 04/09/2015 19:00","BZN|DK1","2438.10","2351.60"
"04/09/2015 19:00 - 04/09/2015 20:00","BZN|DK1","2297.44","2215.10"
"04/09/2015 20:00 - 04/09/2015 21:00","BZN|DK1","2225.20","2212.00"
"04/09/2015 21:00 - 04/09/2015 22:00","BZN|DK1","2137.99","2137.60"
"04/09/2015 22:00 - 04/09/2015 23:00","BZN|DK1","1979.55","1983.00"
"04/09/2015 23:00 - 05/09/2015 00:00","BZN|DK1","1809.39","1808.20"
"05/09/2015 00:00 - 05/09/2015 01:00","BZN|DK1","1678.63","1631.10"
"05/09/2015 01:00 - 05/09/2015 02:00","BZN|DK1","1601.89","1581.70"
"05/09/2015 02:00 - 05/09/2015 03:00","BZN|DK1","1561.86","1534.40"
"05/09/2015 03:00 - 05/09/2015 04:00","BZN|DK1","1541.69","1538.30"
"05/09/2015 04:00 - 05/09/2015 05:00","BZN|DK1","1544.29","1535.20"
"05/09/2015 05:00 - 05/09/2015 06:00","BZN|DK1","1569.23","1572.30"
"05/09/2015 06:00 - 05/09/2015 07:00","BZN|DK1","1687.65","1652.90"
"05/09/2015 07:00 - 05/09/2015 08:00","BZN|DK1","1841.31","1839.10"
"05/09/2015 08:00 - 05/09/2015 09:00","BZN|DK1","2042.16","2049.50"
"05/09/2015 09:00 - 05/09/2015 10:00","BZN|DK1","2144.27","2157.90"
"05/09/2015 10:00 - 05/09/2015 11:00","BZN|DK1","2153.74","2156.70"
"05/09/2015 11:00 - 05/09/2015 12:00","BZN|DK1","2089.85","2105.30"
"05/09/2015 12:00 - 05/09/2015 13:00","BZN|DK1","2062.57","2074.50"
"05/09/2015 13:00 - 05/09/2015 14:00","BZN|DK1","2038.94","2042.30"
"05/09/2015 14:00 - 05/09/2015 15:00","BZN|DK1","1981.08","2005.30"
"05/09/2015 15:00 - 05/09/2015 16:00","BZN|DK1","1990.79","1978.10"
"05/09/2015 16:00 - 05/09/2015 17:00","BZN|DK1","2007.37","2018.20"
"05/09/2015 17:00 - 05/09/2015 18:00","BZN|DK1","2122.01","2131.20"
"05/09/2015 18:00 - 05/09/2015 19:00","BZN|DK1","2121.78","2116.50"
"05/09/2015 19:00 - 05/09/2015 20:00","BZN|DK1","2017.57","2003.80"
"05/09/2015 20:00 - 05/09/2015 21:00","BZN|DK1","1997.73","2001.30"
"05/09/2015 21:00 - 05/09/2015 22:00","BZN|DK1","1916.42","1890.40"
"05/09/2015 22:00 - 05/09/2015 23:00","BZN|DK1","1796.21","1761.30"
"05/09/2015 23:00 - 06/09/2015 00:00","BZN|DK1","1684.28","1628.70"
"06/09/2015 00:00 - 06/09/2015 01:00","BZN|DK1","1617.05","1598.70"
"06/09/2015 01:00 - 06/09/2015 02:00","BZN|DK1","1555.09","1560.40"
"06/09/2015 02:00 - 06/09/2015 03:00","BZN|DK1","1496.04","1524.40"
"06/09/2015 03:00 - 06/09/2015 04:00","BZN|DK1","1477.35","1485.70"
"06/09/2015 04:00 - 06/09/2015 05:00","BZN|DK1","1485.73","1479.30"
"06/09/2015 05:00 - 06/09/2015 06:00","BZN|DK1","1513.51","1518.70"
"06/09/2015 06:00 - 06/09/2015 07:00","BZN|DK1","1571.54","1579.80"
"06/09/2015 07:00 - 06/09/2015 08:00","BZN|DK1","1709.98","1687.70"
"06/09/2015 08:00 - 06/09/2015 09:00","BZN|DK1","1888.29","1886.70"
"06/09/2015 09:00 - 06/09/2015 10:00","BZN|DK1","1973.49","2007.30"
"06/09/2015 10:00 - 06/09/2015 11:00","BZN|DK1","2010.51","2035.10"
"06/09/2015 11:00 - 06/09/2015 12:00","BZN|DK1","2035.61","2062.60"
"06/09/2015 12:00 - 06/09/2015 13:00","BZN|DK1","2027.50","2004.70"
"06/09/2015 13:00 - 06/09/2015 14:00","BZN|DK1","2007.69","2000.50"
"06/09/2015 14:00 - 06/09/2015 15:00","BZN|DK1","1974.55","1969.90"
"06/09/2015 15:00 - 06/09/2015 16:00","BZN|DK1","1963.40","1969.00"
"06/09/2015 16:00 - 06/09/2015 17:00","BZN|DK1","1995.06","2016.50"
"06/09/2015 17:00 - 06/09/2015 18:00","BZN|DK1","2191.57","2201.60"
"06/09/2015 18:00 - 06/09/2015 19:00","BZN|DK1","2209.73","2207.50"
"06/09/2015 19:00 - 06/09/2015 20:00","BZN|DK1","2107.11","2132.10"
"06/09/2015 20:00 - 06/09/2015 21:00","BZN|DK1","2136.30","2113.00"
"06/09/2015 21:00 - 06/09/2015 22:00","BZN|DK1","2043.13","2005.30"
"06/09/2015 22:00 - 06/09/2015 23:00","BZN|DK1","1874.43","1849.30"
"06/09/2015 23:00 - 07/09/2015 00:00","BZN|DK1","1721.95","1715.60"
"07/09/2015 00:00 - 07/09/2015 01:00","BZN|DK1","1639.79","1673.30"
"07/09/2015 01:00 - 07/09/2015 02:00","BZN|DK1","1581.82","1606.80"
"07/09/2015 02:00 - 07/09/2015 03:00","BZN|DK1","1559.39","1576.30"
"07/09/2015 03:00 - 07/09/2015 04:00","BZN|DK1","1565.87","1578.80"
"07/09/2015 04:00 - 07/09/2015 05:00","BZN|DK1","1590.97","1642.40"
"07/09/2015 05:00 - 07/09/2015 06:00","BZN|DK1","1756.51","1756.80"
"07/09/2015 06:00 - 07/09/2015 07:00","BZN|DK1","2130.73","2125.60"
"07/09/2015 07:00 - 07/09/2015 08:00","BZN|DK1","2465.01","2476.10"
"07/09/2015 08:00 - 07/09/2015 09:00","BZN|DK1","2665.08","2643.60"
"07/09/2015 09:00 - 07/09/2015 10:00","BZN|DK1","2701.84","2705.40"
"07/09/2015 10:00 - 07/09/2015 11:00","BZN|DK1","2729.71","2742.20"
"07/09/2015 11:00 - 07/09/2015 12:00","BZN|DK1","2710.37","2710.40"
"07/09/2015 12:00 - 07/09/2015 13:00","BZN|DK1","2668.75","2661.20"
"07/09/2015 13:00 - 07/09/2015 14:00","BZN|DK1","2691.65","2690.70"
"07/09/2015 14:00 - 07/09/2015 15:00","BZN|DK1","2622.32","2644.60"
"07/09/2015 15:00 - 07/09/2015 16:00","BZN|DK1","2502.04","2489.10"
"07/09/2015 16:00 - 07/09/2015 17:00","BZN|DK1","2479.79","2476.00"
"07/09/2015 17:00 - 07/09/2015 18:00","BZN|DK1","2602.32","2606.30"
"07/09/2015 18:00 - 07/09/2015 19:00","BZN|DK1","2517.69","2510.50"
"07/09/2015 19:00 - 07/09/2015 20:00","BZN|DK1","2389.77","2416.90"
"07/09/2015 20:00 - 07/09/2015 21:00","BZN|DK1","2385.33","2379.20"
"07/09/2015 21:00 - 07/09/2015 22:00","BZN|DK1","2286.30","2261.80"
"07/09/2015 22:00 - 07/09/2015 23:00","BZN|DK1","2067.64","2081.20"
"07/09/2015 23:00 - 08/09/2015 00:00","BZN|DK1","1894.95","1874.30"
"08/09/2015 00:00 - 08/09/2015 01:00","BZN|DK1","1778.74","1736.60"
"08/09/2015 01:00 - 08/09/2015 02:00","BZN|DK1","1707.84","1721.80"
"08/09/2015 02:00 - 08/09/2015 03:00","BZN|DK1","1674.96","1676.90"
"08/09/2015 03:00 - 08/09/2015 04:00","BZN|DK1","1678.75","1671.30"
"08/09/2015 04:00 - 08/09/2015 05:00","BZN|DK1","1720.39","1715.00"
"08/09/2015 05:00 - 08/09/2015 06:00","BZN|DK1","1881.21","1874.40"
"08/09/2015 06:00 - 08/09/2015 07:00","BZN|DK1","2258.03","2247.40"
"08/09/2015 07:00 - 08/09/2015 08:00","BZN|DK1","2597.88","2588.00"
"08/09/2015 08:00 - 08/09/2015 09:00","BZN|DK1","2730.63","2737.00"
"08/09/2015 09:00 - 08/09/2015 10:00","BZN|DK1","2744.70","2740.50"
"08/09/2015 10:00 - 08/09/2015 11:00","BZN|DK1","2719.65","2719.20"
"08/09/2015 11:00 - 08/09/2015 12:00","BZN|DK1","2796.95","2802.30"
"08/09/2015 12:00 - 08/09/2015 13:00","BZN|DK1","2761.65","2739.80"
"08/09/2015 13:00 - 08/09/2015 14:00","BZN|DK1","2792.10","2778.30"
"08/09/2015 14:00 - 08/09/2015 15:00","BZN|DK1","2693.14","2707.20"
"08/09/2015 15:00 - 08/09/2015 16:00","BZN|DK1","2549.87","2543.50"
"08/09/2015 16:00 - 08/09/2015 17:00","BZN|DK1","2525.17","2512.00"
"08/09/2015 17:00 - 08/09/2015 18:00","BZN|DK1","2626.83","2637.90"
"08/09/2015 18:00 - 08/09/2015 19:00","BZN|DK1","2567.57","2543.10"
"08/09/2015 19:00 - 08/09/2015 20:00","BZN|DK1","2457.89","2446.80"
"08/09/2015 20:00 - 08/09/2015 21:00","BZN|DK1","2464.06","2428.20"
"08/09/2015 21:00 - 08/09/2015 22:00","BZN|DK1","2337.48","2300.20"
"08/09/2015 22:00 - 08/09/2015 23:00","BZN|DK1","2132.97","2091.80"
"08/09/2015 23:00 - 09/09/2015 00:00","BZN|DK1","1918.15","1873.90"
"09/09/2015 00:00 - 09/09/2015 01:00","BZN|DK1","1787.11","1772.80"
"09/09/2015 01:00 - 09/09/2015 02:00","BZN|DK1","1739.38","1723.90"
"09/09/2015 02:00 - 09/09/2015 03:00","BZN|DK1","1709.78","1695.80"
"09/09/2015 03:00 - 09/09/2015 04:00","BZN|DK1","1717.79","1706.50"
"09/09/2015 04:00 - 09/09/2015 05:00","BZN|DK1","1752.53","1768.00"
"09/09/2015 05:00 - 09/09/2015 06:00","BZN|DK1","1926.64","1899.00"
"09/09/2015 06:00 - 09/09/2015 07:00","BZN|DK1","2294.63","2314.10"
"09/09/2015 07:00 - 09/09/2015 08:00","BZN|DK1","2659.21","2613.90"
"09/09/2015 08:00 - 09/09/2015 09:00","BZN|DK1","2767.49","2744.50"
"09/09/2015 09:00 - 09/09/2015 10:00","BZN|DK1","2754.76","2768.60"
"09/09/2015 10:00 - 09/09/2015 11:00","BZN|DK1","2819.99","2808.00"
"09/09/2015 11:00 - 09/09/2015 12:00","BZN|DK1","2831.53","2796.30"
"09/09/2015 12:00 - 09/09/2015 13:00","BZN|DK1","2733.72","2739.20"
"09/09/2015 13:00 - 09/09/2015 14:00","BZN|DK1","2742.38","2737.10"
"09/09/2015 14:00 - 09/09/2015 15:00","BZN|DK1","2688.03","2693.40"
"09/09/2015 15:00 - 09/09/2015 16:00","BZN|DK1","2592.52","2574.00"
"09/09/2015 16:00 - 09/09/2015 17:00","BZN|DK1","2544.65","2543.10"
"09/09/2015 17:00 - 09/09/2015 18:00","BZN|DK1","2668.73","2670.90"
"09/09/2015 18:00 - 09/09/2015 19:00","BZN|DK1","2604.24","2574.60"
"09/09/2015 19:00 - 09/09/2015 20:00","BZN|DK1","2484.86","2496.00"
"09/09/2015 20:00 - 09/09/2015 21:00","BZN|DK1","2479.41","2492.40"
"09/09/2015 21:00 - 09/09/2015 22:00","BZN|DK1","2356.21","2367.00"
"09/09/2015 22:00 - 09/09/2015 23:00","BZN|DK1","2150.44","2174.30"
"09/09/2015 23:00 - 10/09/2015 00:00","BZN|DK1","1934.65","1950.00"
"10/09/2015 00:00 - 10/09/2015 01:00","BZN|DK1","1802.18","1792.30"
"10/09/2015 01:00 - 10/09/2015 02:00","BZN|DK1","1725.45","1728.20"
"10/09/2015 02:00 - 10/09/2015 03:00","BZN|DK1","1706.60","1695.70"
"10/09/2015 03:00 - 10/09/2015 04:00","BZN|DK1","1697.14","1695.90"
"10/09/2015 04:00 - 10/09/2015 05:00","BZN|DK1","1717.72","1734.10"
"10/09/2015 05:00 - 10/09/2015 06:00","BZN|DK1","1889.46","1887.00"
"10/09/2015 06:00 - 10/09/2015 07:00","BZN|DK1","2285.16","2276.90"
"10/09/2015 07:00 - 10/09/2015 08:00","BZN|DK1","2623.62","2605.80"
"10/09/2015 08:00 - 10/09/2015 09:00","BZN|DK1","2730.27","2724.10"
"10/09/2015 09:00 - 10/09/2015 10:00","BZN|DK1","2728.19","2738.20"
"10/09/2015 10:00 - 10/09/2015 11:00","BZN|DK1","2771.63","2784.30"
"10/09/2015 11:00 - 10/09/2015 12:00","BZN|DK1","2783.27","2771.90"
"10/09/2015 12:00 - 10/09/2015 13:00","BZN|DK1","2719.15","2724.50"
"10/09/2015 13:00 - 10/09/2015 14:00","BZN|DK1","2729.01","2744.70"
"10/09/2015 14:00 - 10/09/2015 15:00","BZN|DK1","2670.09","2661.40"
"10/09/2015 15:00 - 10/09/2015 16:00","BZN|DK1","2546.33","2545.80"
"10/09/2015 16:00 - 10/09/2015 17:00","BZN|DK1","2521.58","2496.80"
"10/09/2015 17:00 - 10/09/2015 18:00","BZN|DK1","2629.40","2631.80"
"10/09/2015 18:00 - 10/09/2015 19:00","BZN|DK1","2554.87","2544.90"
"10/09/2015 19:00 - 10/09/2015 20:00","BZN|DK1","2440.44","2436.50"
"10/09/2015 20:00 - 10/09/2015 21:00","BZN|DK1","2450.59","2454.50"
"10/09/2015 21:00 - 10/09/2015 22:00","BZN|DK1","2314.48","2345.60"
"10/09/2015 22:00 - 10/09/2015 23:00","BZN|DK1","2095.58","2151.40"
"10/09/2015 23:00 - 11/09/2015 00:00","BZN|DK1","1907.35","1922.00"
"11/09/2015 00:00 - 11/09/2015 01:00","BZN|DK1","1792.52","1769.20"
"11/09/2015 01:00 - 11/09/2015 02:00","BZN|DK1","1734.45","1726.50"
"11/09/2015 02:00 - 11/09/2015 03:00","BZN|DK1","1682.88","1719.20"
"11/09/2015 03:00 - 11/09/2015 04:00","BZN|DK1","1686.79","1714.60"
"11/09/2015 04:00 - 11/09/2015 05:00","BZN|DK1","1730.56","1749.30"
"11/09/2015 05:00 - 11/09/2015 06:00","BZN|DK1","1884.80","1880.90"
"11/09/2015 06:00 - 11/09/2015 07:00","BZN|DK1","2256.77","2243.70"
"11/09/2015 07:00 - 11/09/2015 08:00","BZN|DK1","2565.08","2576.50"
"11/09/2015 08:00 - 11/09/2015 09:00","BZN|DK1","2674.35","2690.80"
"11/09/2015 09:00 - 11/09/2015 10:00","BZN|DK1","2702.17","2687.30"
"11/09/2015 10:00 - 11/09/2015 11:00","BZN|DK1","2734.20","2743.40"
"11/09/2015 11:00 - 11/09/2015 12:00","BZN|DK1","2694.66","2671.60"
"11/09/2015 12:00 - 11/09/2015 13:00","BZN|DK1","2590.70","2582.10"
"11/09/2015 13:00 - 11/09/2015 14:00","BZN|DK1","2504.09","2502.00"
"11/09/2015 14:00 - 11/09/2015 15:00","BZN|DK1","2463.02","2457.90"
"11/09/2015 15:00 - 11/09/2015 16:00","BZN|DK1","2378.82","2376.90"
"11/09/2015 16:00 - 11/09/2015 17:00","BZN|DK1","2364.46","2354.30"
"11/09/2015 17:00 - 11/09/2015 18:00","BZN|DK1","2473.88","2489.30"
"11/09/2015 18:00 - 11/09/2015 19:00","BZN|DK1","2414.92","2431.70"
"11/09/2015 19:00 - 11/09/2015 20:00","BZN|DK1","2277.94","2286.90"
"11/09/2015 20:00 - 11/09/2015 21:00","BZN|DK1","2190.38","2250.10"
"11/09/2015 21:00 - 11/09/2015 22:00","BZN|DK1","2067.13","2080.00"
"11/09/2015 22:00 - 11/09/2015 23:00","BZN|DK1","1940.11","1940.90"
"11/09/2015 23:00 - 12/09/2015 00:00","BZN|DK1","1795.97","1776.30"
"12/09/2015 00:00 - 12/09/2015 01:00","BZN|DK1","1675.54","1624.70"
"12/09/2015 01:00 - 12/09/2015 02:00","BZN|DK1","1593.52","1577.40"
"12/09/2015 02:00 - 12/09/2015 03:00","BZN|DK1","1547.47","1545.90"
"12/09/2015 03:00 - 12/09/2015 04:00","BZN|DK1","1520.15","1521.00"
"12/09/2015 04:00 - 12/09/2015 05:00","BZN|DK1","1525.10","1520.80"
"12/09/2015 05:00 - 12/09/2015 06:00","BZN|DK1","1576.36","1563.70"
"12/09/2015 06:00 - 12/09/2015 07:00","BZN|DK1","1686.70","1673.30"
"12/09/2015 07:00 - 12/09/2015 08:00","BZN|DK1","1830.82","1824.20"
"12/09/2015 08:00 - 12/09/2015 09:00","BZN|DK1","2043.40","2009.40"
"12/09/2015 09:00 - 12/09/2015 10:00","BZN|DK1","2154.78","2131.90"
"12/09/2015 10:00 - 12/09/2015 11:00","BZN|DK1","2179.03","2189.20"
"12/09/2015 11:00 - 12/09/2015 12:00","BZN|DK1","2117.33","2173.70"
"12/09/2015 12:00 - 12/09/2015 13:00","BZN|DK1","2036.90","2047.50"
"12/09/2015 13:00 - 12/09/2015 14:00","BZN|DK1","2031.16","2011.40"
"12/09/2015 14:00 - 12/09/2015 15:00","BZN|DK1","2018.97","1999.10"
"12/09/2015 15:00 - 12/09/2015 16:00","BZN|DK1","1979.78","1981.90"
"12/09/2015 16:00 - 12/09/2015 17:00","BZN|DK1","2006.51","2007.70"
"12/09/2015 17:00 - 12/09/2015 18:00","BZN|DK1","2150.78","2162.70"
"12/09/2015 18:00 - 12/09/2015 19:00","BZN|DK1","2188.48","2146.80"
"12/09/2015 19:00 - 12/09/2015 20:00","BZN|DK1","2069.45","2057.90"
"12/09/2015 20:00 - 12/09/2015 21:00","BZN|DK1","2075.78","2055.20"
"12/09/2015 21:00 - 12/09/2015 22:00","BZN|DK1","1964.06","1949.20"
"12/09/2015 22:00 - 12/09/2015 23:00","BZN|DK1","1823.37","1809.00"
"12/09/2015 23:00 - 13/09/2015 00:00","BZN|DK1","1688.74","1669.40"
"13/09/2015 00:00 - 13/09/2015 01:00","BZN|DK1","1588.12","1558.50"
"13/09/2015 01:00 - 13/09/2015 02:00","BZN|DK1","1542.52","1517.70"
"13/09/2015 02:00 - 13/09/2015 03:00","BZN|DK1","1521.00","1502.20"
"13/09/2015 03:00 - 13/09/2015 04:00","BZN|DK1","1508.61","1496.20"
"13/09/2015 04:00 - 13/09/2015 05:00","BZN|DK1","1486.95","1495.20"
"13/09/2015 05:00 - 13/09/2015 06:00","BZN|DK1","1537.35","1520.30"
"13/09/2015 06:00 - 13/09/2015 07:00","BZN|DK1","1654.50","1630.50"
"13/09/2015 07:00 - 13/09/2015 08:00","BZN|DK1","1764.97","1757.80"
"13/09/2015 08:00 - 13/09/2015 09:00","BZN|DK1","1961.88","1946.70"
"13/09/2015 09:00 - 13/09/2015 10:00","BZN|DK1","2085.62","2060.50"
"13/09/2015 10:00 - 13/09/2015 11:00","BZN|DK1","2108.28","2115.00"
"13/09/2015 11:00 - 13/09/2015 12:00","BZN|DK1","2138.90","2124.80"
"13/09/2015 12:00 - 13/09/2015 13:00","BZN|DK1","2122.02","2110.70"
"13/09/2015 13:00 - 13/09/2015 14:00","BZN|DK1","2089.75","2088.50"
"13/09/2015 14:00 - 13/09/2015 15:00","BZN|DK1","2069.14","2075.70"
"13/09/2015 15:00 - 13/09/2015 16:00","BZN|DK1","2039.01","2063.90"
"13/09/2015 16:00 - 13/09/2015 17:00","BZN|DK1","2107.13","2116.50"
"13/09/2015 17:00 - 13/09/2015 18:00","BZN|DK1","2331.06","2323.70"
"13/09/2015 18:00 - 13/09/2015 19:00","BZN|DK1","2307.72","2329.60"
"13/09/2015 19:00 - 13/09/2015 20:00","BZN|DK1","2206.15","2242.60"
"13/09/2015 20:00 - 13/09/2015 21:00","BZN|DK1","2182.67","2172.40"
"13/09/2015 21:00 - 13/09/2015 22:00","BZN|DK1","2037.82","2033.80"
"13/09/2015 22:00 - 13/09/2015 23:00","BZN|DK1","1892.82","1867.70"
"13/09/2015 23:00 - 14/09/2015 00:00","BZN|DK1","1757.21","1710.70"
"14/09/2015 00:00 - 14/09/2015 01:00","BZN|DK1","1671.77","1664.20"
"14/09/2015 01:00 - 14/09/2015 02:00","BZN|DK1","1618.21","1618.80"
"14/09/2015 02:00 - 14/09/2015 03:00","BZN|DK1","1605.29","1609.90"
"14/09/2015 03:00 - 14/09/2015 04:00","BZN|DK1","1595.57","1627.80"
"14/09/2015 04:00 - 14/09/2015 05:00","BZN|DK1","1622.15","1660.20"
"14/09/2015 05:00 - 14/09/2015 06:00","BZN|DK1","1792.60","1802.40"
"14/09/2015 06:00 - 14/09/2015 07:00","BZN|DK1","2228.33","2209.80"
"14/09/2015 07:00 - 14/09/2015 08:00","BZN|DK1","2574.08","2578.30"
"14/09/2015 08:00 - 14/09/2015 09:00","BZN|DK1","2709.46","2701.80"
"14/09/2015 09:00 - 14/09/2015 10:00","BZN|DK1","2774.42","2737.60"
"14/09/2015 10:00 - 14/09/2015 11:00","BZN|DK1","2816.33","2823.10"
"14/09/2015 11:00 - 14/09/2015 12:00","BZN|DK1","2816.33","2802.30"
"14/09/2015 12:00 - 14/09/2015 13:00","BZN|DK1","2788.45","2741.50"
"14/09/2015 13:00 - 14/09/2015 14:00","BZN|DK1","2802.43","2805.40"
"14/09/2015 14:00 - 14/09/2015 15:00","BZN|DK1","2737.33","2738.30"
"14/09/2015 15:00 - 14/09/2015 16:00","BZN|DK1","2648.72","2640.30"
"14/09/2015 16:00 - 14/09/2015 17:00","BZN|DK1","2664.81","2665.10"
"14/09/2015 17:00 - 14/09/2015 18:00","BZN|DK1","2842.50","2823.80"
"14/09/2015 18:00 - 14/09/2015 19:00","BZN|DK1","2761.03","2731.40"
"14/09/2015 19:00 - 14/09/2015 20:00","BZN|DK1","2681.39","2650.30"
"14/09/2015 20:00 - 14/09/2015 21:00","BZN|DK1","2533.58","2576.90"
"14/09/2015 21:00 - 14/09/2015 22:00","BZN|DK1","2342.66","2424.00"
"14/09/2015 22:00 - 14/09/2015 23:00","BZN|DK1","2146.15","2199.60"
"14/09/2015 23:00 - 15/09/2015 00:00","BZN|DK1","1952.77","1949.70"
"15/09/2015 00:00 - 15/09/2015 01:00","BZN|DK1","1844.68","1795.00"
"15/09/2015 01:00 - 15/09/2015 02:00","BZN|DK1","1774.19","1770.10"
"15/09/2015 02:00 - 15/09/2015 03:00","BZN|DK1","1773.28","1735.40"
"15/09/2015 03:00 - 15/09/2015 04:00","BZN|DK1","1783.36","1773.50"
"15/09/2015 04:00 - 15/09/2015 05:00","BZN|DK1","1822.87","1809.20"
"15/09/2015 05:00 - 15/09/2015 06:00","BZN|DK1","1969.27","1963.60"
"15/09/2015 06:00 - 15/09/2015 07:00","BZN|DK1","2396.64","2370.30"
"15/09/2015 07:00 - 15/09/2015 08:00","BZN|DK1","2696.14","2719.30"
"15/09/2015 08:00 - 15/09/2015 09:00","BZN|DK1","2755.57","2787.60"
"15/09/2015 09:00 - 15/09/2015 10:00","BZN|DK1","2759.71","2756.00"
"15/09/2015 10:00 - 15/09/2015 11:00","BZN|DK1","2806.85","2817.00"
"15/09/2015 11:00 - 15/09/2015 12:00","BZN|DK1","2824.07","2819.80"
"15/09/2015 12:00 - 15/09/2015 13:00","BZN|DK1","2676.39","2709.70"
"15/09/2015 13:00 - 15/09/2015 14:00","BZN|DK1","2713.53","2712.50"
"15/09/2015 14:00 - 15/09/2015 15:00","BZN|DK1","2696.79","2672.10"
"15/09/2015 15:00 - 15/09/2015 16:00","BZN|DK1","2590.02","2555.00"
"15/09/2015 16:00 - 15/09/2015 17:00","BZN|DK1","2574.52","2542.60"
"15/09/2015 17:00 - 15/09/2015 18:00","BZN|DK1","2690.01","2679.00"
"15/09/2015 18:00 - 15/09/2015 19:00","BZN|DK1","2636.17","2640.80"
"15/09/2015 19:00 - 15/09/2015 20:00","BZN|DK1","2498.30","2495.50"
"15/09/2015 20:00 - 15/09/2015 21:00","BZN|DK1","2467.14","2468.00"
"15/09/2015 21:00 - 15/09/2015 22:00","BZN|DK1","2322.51","2317.10"
"15/09/2015 22:00 - 15/09/2015 23:00","BZN|DK1","2089.43","2108.00"
"15/09/2015 23:00 - 16/09/2015 00:00","BZN|DK1","1901.35","1890.80"
"16/09/2015 00:00 - 16/09/2015 01:00","BZN|DK1","1768.38","1784.00"
"16/09/2015 01:00 - 16/09/2015 02:00","BZN|DK1","1700.66","1703.10"
"16/09/2015 02:00 - 16/09/2015 03:00","BZN|DK1","1706.39","1684.40"
"16/09/2015 03:00 - 16/09/2015 04:00","BZN|DK1","1711.71","1713.30"
"16/09/2015 04:00 - 16/09/2015 05:00","BZN|DK1","1731.28","1750.00"
"16/09/2015 05:00 - 16/09/2015 06:00","BZN|DK1","1885.39","1892.80"
"16/09/2015 06:00 - 16/09/2015 07:00","BZN|DK1","2277.56","2269.90"
"16/09/2015 07:00 - 16/09/2015 08:00","BZN|DK1","2600.24","2629.40"
"16/09/2015 08:00 - 16/09/2015 09:00","BZN|DK1","2737.83","2757.80"
"16/09/2015 09:00 - 16/09/2015 10:00","BZN|DK1","2732.06","2742.50"
"16/09/2015 10:00 - 16/09/2015 11:00","BZN|DK1","2784.24","2787.90"
"16/09/2015 11:00 - 16/09/2015 12:00","BZN|DK1","2776.99","2767.50"
"16/09/2015 12:00 - 16/09/2015 13:00","BZN|DK1","2724.42","2722.40"
"16/09/2015 13:00 - 16/09/2015 14:00","BZN|DK1","2717.47","2752.00"
"16/09/2015 14:00 - 16/09/2015 15:00","BZN|DK1","2671.64","2660.10"
"16/09/2015 15:00 - 16/09/2015 16:00","BZN|DK1","2569.91","2560.00"
"16/09/2015 16:00 - 16/09/2015 17:00","BZN|DK1","2565.98","2534.00"
"16/09/2015 17:00 - 16/09/2015 18:00","BZN|DK1","2735.01","2715.90"
"16/09/2015 18:00 - 16/09/2015 19:00","BZN|DK1","2633.84","2633.30"
"16/09/2015 19:00 - 16/09/2015 20:00","BZN|DK1","2537.35","2570.90"
"16/09/2015 20:00 - 16/09/2015 21:00","BZN|DK1","2484.18","2503.70"
"16/09/2015 21:00 - 16/09/2015 22:00","BZN|DK1","2341.73","2343.70"
"16/09/2015 22:00 - 16/09/2015 23:00","BZN|DK1","2128.73","2150.00"
"16/09/2015 23:00 - 17/09/2015 00:00","BZN|DK1","1950.80","1935.70"
"17/09/2015 00:00 - 17/09/2015 01:00","BZN|DK1","1801.09","1810.00"
"17/09/2015 01:00 - 17/09/2015 02:00","BZN|DK1","1754.88","1750.60"
"17/09/2015 02:00 - 17/09/2015 03:00","BZN|DK1","1737.08","1723.20"
"17/09/2015 03:00 - 17/09/2015 04:00","BZN|DK1","1711.84","1742.50"
"17/09/2015 04:00 - 17/09/2015 05:00","BZN|DK1","1713.77","1734.00"
"17/09/2015 05:00 - 17/09/2015 06:00","BZN|DK1","1854.40","1859.50"
"17/09/2015 06:00 - 17/09/2015 07:00","BZN|DK1","2253.49","2256.90"
"17/09/2015 07:00 - 17/09/2015 08:00","BZN|DK1","2606.12","2611.00"
"17/09/2015 08:00 - 17/09/2015 09:00","BZN|DK1","2710.19","2720.20"
"17/09/2015 09:00 - 17/09/2015 10:00","BZN|DK1","2708.60","2703.60"
"17/09/2015 10:00 - 17/09/2015 11:00","BZN|DK1","2757.55","2778.10"
"17/09/2015 11:00 - 17/09/2015 12:00","BZN|DK1","2761.47","2752.40"
"17/09/2015 12:00 - 17/09/2015 13:00","BZN|DK1","2671.34","2693.80"
"17/09/2015 13:00 - 17/09/2015 14:00","BZN|DK1","2771.32","2753.70"
"17/09/2015 14:00 - 17/09/2015 15:00","BZN|DK1","2656.69","2691.10"
"17/09/2015 15:00 - 17/09/2015 16:00","BZN|DK1","2577.78","2545.70"
"17/09/2015 16:00 - 17/09/2015 17:00","BZN|DK1","2587.97","2555.30"
"17/09/2015 17:00 - 17/09/2015 18:00","BZN|DK1","2727.19","2703.00"
"17/09/2015 18:00 - 17/09/2015 19:00","BZN|DK1","2645.21","2620.50"
"17/09/2015 19:00 - 17/09/2015 20:00","BZN|DK1","2580.30","2564.30"
"17/09/2015 20:00 - 17/09/2015 21:00","BZN|DK1","2526.57","2550.10"
"17/09/2015 21:00 - 17/09/2015 22:00","BZN|DK1","2352.71","2376.80"
"17/09/2015 22:00 - 17/09/2015 23:00","BZN|DK1","2137.33","2162.60"
"17/09/2015 23:00 - 18/09/2015 00:00","BZN|DK1","1955.17","1931.60"
"18/09/2015 00:00 - 18/09/2015 01:00","BZN|DK1","1834.65","1806.30"
"18/09/2015 01:00 - 18/09/2015 02:00","BZN|DK1","1775.74","1763.10"
"18/09/2015 02:00 - 18/09/2015 03:00","BZN|DK1","1763.97","1755.00"
"18/09/2015 03:00 - 18/09/2015 04:00","BZN|DK1","1779.84","1755.10"
"18/09/2015 04:00 - 18/09/2015 05:00","BZN|DK1","1815.25","1805.60"
"18/09/2015 05:00 - 18/09/2015 06:00","BZN|DK1","1953.52","1940.70"
"18/09/2015 06:00 - 18/09/2015 07:00","BZN|DK1","2370.60","2339.20"
"18/09/2015 07:00 - 18/09/2015 08:00","BZN|DK1","2664.21","2688.00"
"18/09/2015 08:00 - 18/09/2015 09:00","BZN|DK1","2748.16","2768.20"
"18/09/2015 09:00 - 18/09/2015 10:00","BZN|DK1","2748.98","2744.20"
"18/09/2015 10:00 - 18/09/2015 11:00","BZN|DK1","2787.08","2773.20"
"18/09/2015 11:00 - 18/09/2015 12:00","BZN|DK1","2771.48","2756.80"
"18/09/2015 12:00 - 18/09/2015 13:00","BZN|DK1","2663.54","2662.80"
"18/09/2015 13:00 - 18/09/2015 14:00","BZN|DK1","2541.44","2556.80"
"18/09/2015 14:00 - 18/09/2015 15:00","BZN|DK1","2436.64","2414.90"
"18/09/2015 15:00 - 18/09/2015 16:00","BZN|DK1","2321.50","2322.00"
"18/09/2015 16:00 - 18/09/2015 17:00","BZN|DK1","2302.94","2312.30"
"18/09/2015 17:00 - 18/09/2015 18:00","BZN|DK1","2422.06","2432.50"
"18/09/2015 18:00 - 18/09/2015 19:00","BZN|DK1","2410.46","2390.80"
"18/09/2015 19:00 - 18/09/2015 20:00","BZN|DK1","2295.34","2329.50"
"18/09/2015 20:00 - 18/09/2015 21:00","BZN|DK1","2268.94","2279.50"
"18/09/2015 21:00 - 18/09/2015 22:00","BZN|DK1","2109.65","2129.40"
"18/09/2015 22:00 - 18/09/2015 23:00","BZN|DK1","1939.40","1986.70"
"18/09/2015 23:00 - 19/09/2015 00:00","BZN|DK1","1772.43","1808.10"
"19/09/2015 00:00 - 19/09/2015 01:00","BZN|DK1","1665.71","1628.10"
"19/09/2015 01:00 - 19/09/2015 02:00","BZN|DK1","1591.03","1576.90"
"19/09/2015 02:00 - 19/09/2015 03:00","BZN|DK1","1560.30","1547.30"
"19/09/2015 03:00 - 19/09/2015 04:00","BZN|DK1","1536.39","1528.40"
"19/09/2015 04:00 - 19/09/2015 05:00","BZN|DK1","1542.88","1531.60"
"19/09/2015 05:00 - 19/09/2015 06:00","BZN|DK1","1574.83","1578.60"
"19/09/2015 06:00 - 19/09/2015 07:00","BZN|DK1","1686.07","1705.60"
"19/09/2015 07:00 - 19/09/2015 08:00","BZN|DK1","1831.13","1836.00"
"19/09/2015 08:00 - 19/09/2015 09:00","BZN|DK1","2025.94","2026.30"
"19/09/2015 09:00 - 19/09/2015 10:00","BZN|DK1","2108.83","2132.10"
"19/09/2015 10:00 - 19/09/2015 11:00","BZN|DK1","2153.66","2155.70"
"19/09/2015 11:00 - 19/09/2015 12:00","BZN|DK1","2144.13","2144.50"
"19/09/2015 12:00 - 19/09/2015 13:00","BZN|DK1","2105.20","2093.10"
"19/09/2015 13:00 - 19/09/2015 14:00","BZN|DK1","2037.98","2048.20"
"19/09/2015 14:00 - 19/09/2015 15:00","BZN|DK1","2000.33","1981.20"
"19/09/2015 15:00 - 19/09/2015 16:00","BZN|DK1","1984.47","1964.80"
"19/09/2015 16:00 - 19/09/2015 17:00","BZN|DK1","2015.42","2022.80"
"19/09/2015 17:00 - 19/09/2015 18:00","BZN|DK1","2174.60","2169.00"
"19/09/2015 18:00 - 19/09/2015 19:00","BZN|DK1","2179.70","2171.60"
"19/09/2015 19:00 - 19/09/2015 20:00","BZN|DK1","2103.30","2115.00"
"19/09/2015 20:00 - 19/09/2015 21:00","BZN|DK1","2090.92","2086.70"
"19/09/2015 21:00 - 19/09/2015 22:00","BZN|DK1","1951.20","1957.60"
"19/09/2015 22:00 - 19/09/2015 23:00","BZN|DK1","1812.64","1817.10"
"19/09/2015 23:00 - 20/09/2015 00:00","BZN|DK1","1696.06","1672.40"
"20/09/2015 00:00 - 20/09/2015 01:00","BZN|DK1","1602.46","1576.80"
"20/09/2015 01:00 - 20/09/2015 02:00","BZN|DK1","1528.31","1528.70"
"20/09/2015 02:00 - 20/09/2015 03:00","BZN|DK1","1483.25","1484.60"
"20/09/2015 03:00 - 20/09/2015 04:00","BZN|DK1","1458.65","1465.40"
"20/09/2015 04:00 - 20/09/2015 05:00","BZN|DK1","1481.85","1463.40"
"20/09/2015 05:00 - 20/09/2015 06:00","BZN|DK1","1517.60","1495.40"
"20/09/2015 06:00 - 20/09/2015 07:00","BZN|DK1","1634.58","1598.50"
"20/09/2015 07:00 - 20/09/2015 08:00","BZN|DK1","1730.39","1728.80"
"20/09/2015 08:00 - 20/09/2015 09:00","BZN|DK1","1896.34","1900.50"
"20/09/2015 09:00 - 20/09/2015 10:00","BZN|DK1","1982.46","1995.60"
"20/09/2015 10:00 - 20/09/2015 11:00","BZN|DK1","2004.35","2033.90"
"20/09/2015 11:00 - 20/09/2015 12:00","BZN|DK1","2008.96","2035.90"
"20/09/2015 12:00 - 20/09/2015 13:00","BZN|DK1","1998.29","2012.60"
"20/09/2015 13:00 - 20/09/2015 14:00","BZN|DK1","1964.78","1987.50"
"20/09/2015 14:00 - 20/09/2015 15:00","BZN|DK1","1957.89","1972.30"
"20/09/2015 15:00 - 20/09/2015 16:00","BZN|DK1","1942.92","1942.30"
"20/09/2015 16:00 - 20/09/2015 17:00","BZN|DK1","2016.63","2008.50"
"20/09/2015 17:00 - 20/09/2015 18:00","BZN|DK1","2211.48","2215.30"
"20/09/2015 18:00 - 20/09/2015 19:00","BZN|DK1","2254.86","2238.70"
"20/09/2015 19:00 - 20/09/2015 20:00","BZN|DK1","2195.59","2199.70"
"20/09/2015 20:00 - 20/09/2015 21:00","BZN|DK1","2205.53","2170.50"
"20/09/2015 21:00 - 20/09/2015 22:00","BZN|DK1","2039.67","2057.60"
"20/09/2015 22:00 - 20/09/2015 23:00","BZN|DK1","1869.49","1889.90"
"20/09/2015 23:00 - 21/09/2015 00:00","BZN|DK1","1732.46","1731.30"
"21/09/2015 00:00 - 21/09/2015 01:00","BZN|DK1","1616.93","1633.20"
"21/09/2015 01:00 - 21/09/2015 02:00","BZN|DK1","1587.30","1582.30"
"21/09/2015 02:00 - 21/09/2015 03:00","BZN|DK1","1554.40","1573.80"
"21/09/2015 03:00 - 21/09/2015 04:00","BZN|DK1","1568.13","1582.60"
"21/09/2015 04:00 - 21/09/2015 05:00","BZN|DK1","1618.62","1626.00"
"21/09/2015 05:00 - 21/09/2015 06:00","BZN|DK1","1801.42","1794.80"
"21/09/2015 06:00 - 21/09/2015 07:00","BZN|DK1","2235.04","2224.30"
"21/09/2015 07:00 - 21/09/2015 08:00","BZN|DK1","2557.18","2565.70"
"21/09/2015 08:00 - 21/09/2015 09:00","BZN|DK1","2693.10","2688.40"
"21/09/2015 09:00 - 21/09/2015 10:00","BZN|DK1","2702.49","2712.50"
"21/09/2015 10:00 - 21/09/2015 11:00","BZN|DK1","2761.46","2774.00"
"21/09/2015 11:00 - 21/09/2015 12:00","BZN|DK1","2768.85","2760.00"
"21/09/2015 12:00 - 21/09/2015 13:00","BZN|DK1","2710.37","2703.70"
"21/09/2015 13:00 - 21/09/2015 14:00","BZN|DK1","2730.45","2745.00"
"21/09/2015 14:00 - 21/09/2015 15:00","BZN|DK1","2688.53","2660.30"
"21/09/2015 15:00 - 21/09/2015 16:00","BZN|DK1","2576.66","2543.00"
"21/09/2015 16:00 - 21/09/2015 17:00","BZN|DK1","2583.73","2566.60"
"21/09/2015 17:00 - 21/09/2015 18:00","BZN|DK1","2752.04","2728.60"
"21/09/2015 18:00 - 21/09/2015 19:00","BZN|DK1","2686.19","2662.20"
"21/09/2015 19:00 - 21/09/2015 20:00","BZN|DK1","2605.24","2622.70"
"21/09/2015 20:00 - 21/09/2015 21:00","BZN|DK1","2478.05","2502.30"
"21/09/2015 21:00 - 21/09/2015 22:00","BZN|DK1","2316.89","2295.50"
"21/09/2015 22:00 - 21/09/2015 23:00","BZN|DK1","2114.07","2082.80"
"21/09/2015 23:00 - 22/09/2015 00:00","BZN|DK1","1916.41","1863.00"
"22/09/2015 00:00 - 22/09/2015 01:00","BZN|DK1","1788.43","1775.00"
"22/09/2015 01:00 - 22/09/2015 02:00","BZN|DK1","1709.55","1712.30"
"22/09/2015 02:00 - 22/09/2015 03:00","BZN|DK1","1682.15","1671.50"
"22/09/2015 03:00 - 22/09/2015 04:00","BZN|DK1","1688.50","1684.10"
"22/09/2015 04:00 - 22/09/2015 05:00","BZN|DK1","1726.63","1729.50"
"22/09/2015 05:00 - 22/09/2015 06:00","BZN|DK1","1885.64","1893.50"
"22/09/2015 06:00 - 22/09/2015 07:00","BZN|DK1","2302.04","2308.10"
"22/09/2015 07:00 - 22/09/2015 08:00","BZN|DK1","2669.89","2652.60"
"22/09/2015 08:00 - 22/09/2015 09:00","BZN|DK1","2771.73","2768.90"
"22/09/2015 09:00 - 22/09/2015 10:00","BZN|DK1","2780.63","2783.30"
"22/09/2015 10:00 - 22/09/2015 11:00","BZN|DK1","2827.00","2814.20"
"22/09/2015 11:00 - 22/09/2015 12:00","BZN|DK1","2837.72","2828.70"
"22/09/2015 12:00 - 22/09/2015 13:00","BZN|DK1","2779.14","2765.80"
"22/09/2015 13:00 - 22/09/2015 14:00","BZN|DK1","2766.59","2786.70"
"22/09/2015 14:00 - 22/09/2015 15:00","BZN|DK1","2722.56","2694.30"
"22/09/2015 15:00 - 22/09/2015 16:00","BZN|DK1","2626.23","2582.50"
"22/09/2015 16:00 - 22/09/2015 17:00","BZN|DK1","2599.26","2582.30"
"22/09/2015 17:00 - 22/09/2015 18:00","BZN|DK1","2754.02","2746.20"
"22/09/2015 18:00 - 22/09/2015 19:00","BZN|DK1","2631.42","2652.80"
"22/09/2015 19:00 - 22/09/2015 20:00","BZN|DK1","2586.06","2595.00"
"22/09/2015 20:00 - 22/09/2015 21:00","BZN|DK1","2498.74","2506.50"
"22/09/2015 21:00 - 22/09/2015 22:00","BZN|DK1","2319.50","2329.40"
"22/09/2015 22:00 - 22/09/2015 23:00","BZN|DK1","2111.57","2120.40"
"22/09/2015 23:00 - 23/09/2015 00:00","BZN|DK1","1910.85","1903.50"
"23/09/2015 00:00 - 23/09/2015 01:00","BZN|DK1","1772.35","1782.70"
"23/09/2015 01:00 - 23/09/2015 02:00","BZN|DK1","1711.59","1702.00"
"23/09/2015 02:00 - 23/09/2015 03:00","BZN|DK1","1689.36","1677.30"
"23/09/2015 03:00 - 23/09/2015 04:00","BZN|DK1","1702.69","1691.60"
"23/09/2015 04:00 - 23/09/2015 05:00","BZN|DK1","1737.78","1743.20"
"23/09/2015 05:00 - 23/09/2015 06:00","BZN|DK1","1896.35","1900.90"
"23/09/2015 06:00 - 23/09/2015 07:00","BZN|DK1","2332.86","2322.50"
"23/09/2015 07:00 - 23/09/2015 08:00","BZN|DK1","2693.00","2689.00"
"23/09/2015 08:00 - 23/09/2015 09:00","BZN|DK1","2809.31","2796.10"
"23/09/2015 09:00 - 23/09/2015 10:00","BZN|DK1","2801.82","2813.80"
"23/09/2015 10:00 - 23/09/2015 11:00","BZN|DK1","2844.91","2849.40"
"23/09/2015 11:00 - 23/09/2015 12:00","BZN|DK1","2823.80","2835.90"
"23/09/2015 12:00 - 23/09/2015 13:00","BZN|DK1","2740.28","2744.90"
"23/09/2015 13:00 - 23/09/2015 14:00","BZN|DK1","2747.92","2743.00"
"23/09/2015 14:00 - 23/09/2015 15:00","BZN|DK1","2664.29","2676.30"
"23/09/2015 15:00 - 23/09/2015 16:00","BZN|DK1","2552.22","2553.00"
"23/09/2015 16:00 - 23/09/2015 17:00","BZN|DK1","2514.29","2523.90"
"23/09/2015 17:00 - 23/09/2015 18:00","BZN|DK1","2669.63","2659.30"
"23/09/2015 18:00 - 23/09/2015 19:00","BZN|DK1","2630.16","2591.70"
"23/09/2015 19:00 - 23/09/2015 20:00","BZN|DK1","2599.32","2587.30"
"23/09/2015 20:00 - 23/09/2015 21:00","BZN|DK1","2503.38","2514.00"
"23/09/2015 21:00 - 23/09/2015 22:00","BZN|DK1","2294.12","2338.60"
"23/09/2015 22:00 - 23/09/2015 23:00","BZN|DK1","2074.10","2128.00"
"23/09/2015 23:00 - 24/09/2015 00:00","BZN|DK1","1871.22","1907.90"
"24/09/2015 00:00 - 24/09/2015 01:00","BZN|DK1","1750.40","1737.00"
"24/09/2015 01:00 - 24/09/2015 02:00","BZN|DK1","1697.07","1684.40"
"24/09/2015 02:00 - 24/09/2015 03:00","BZN|DK1","1678.65","1662.00"
"24/09/2015 03:00 - 24/09/2015 04:00","BZN|DK1","1671.85","1671.80"
"24/09/2015 04:00 - 24/09/2015 05:00","BZN|DK1","1716.30","1714.30"
"24/09/2015 05:00 - 24/09/2015 06:00","BZN|DK1","1869.63","1863.90"
"24/09/2015 06:00 - 24/09/2015 07:00","BZN|DK1","2274.31","2268.50"
"24/09/2015 07:00 - 24/09/2015 08:00","BZN|DK1","2658.37","2635.30"
"24/09/2015 08:00 - 24/09/2015 09:00","BZN|DK1","2766.71","2761.80"
"24/09/2015 09:00 - 24/09/2015 10:00","BZN|DK1","2759.11","2774.90"
"24/09/2015 10:00 - 24/09/2015 11:00","BZN|DK1","2811.81","2817.40"
"24/09/2015 11:00 - 24/09/2015 12:00","BZN|DK1","2822.61","2815.20"
"24/09/2015 12:00 - 24/09/2015 13:00","BZN|DK1","2730.61","2739.50"
"24/09/2015 13:00 - 24/09/2015 14:00","BZN|DK1","2714.43","2749.00"
"24/09/2015 14:00 - 24/09/2015 15:00","BZN|DK1","2689.17","2673.70"
"24/09/2015 15:00 - 24/09/2015 16:00","BZN|DK1","2543.43","2570.50"
"24/09/2015 16:00 - 24/09/2015 17:00","BZN|DK1","2526.18","2506.80"
"24/09/2015 17:00 - 24/09/2015 18:00","BZN|DK1","2710.79","2661.70"
"24/09/2015 18:00 - 24/09/2015 19:00","BZN|DK1","2692.70","2638.60"
"24/09/2015 19:00 - 24/09/2015 20:00","BZN|DK1","2643.00","2654.60"
"24/09/2015 20:00 - 24/09/2015 21:00","BZN|DK1","2541.47","2548.70"
"24/09/2015 21:00 - 24/09/2015 22:00","BZN|DK1","2368.98","2361.40"
"24/09/2015 22:00 - 24/09/2015 23:00","BZN|DK1","2101.25","2146.50"
"24/09/2015 23:00 - 25/09/2015 00:00","BZN|DK1","1891.03","1912.50"
"25/09/2015 00:00 - 25/09/2015 01:00","BZN|DK1","1758.88","1747.30"
"25/09/2015 01:00 - 25/09/2015 02:00","BZN|DK1","1690.22","1693.90"
"25/09/2015 02:00 - 25/09/2015 03:00","BZN|DK1","1668.33","1666.80"
"25/09/2015 03:00 - 25/09/2015 04:00","BZN|DK1","1663.58","1664.50"
"25/09/2015 04:00 - 25/09/2015 05:00","BZN|DK1","1694.15","1710.40"
"25/09/2015 05:00 - 25/09/2015 06:00","BZN|DK1","1831.56","1863.80"
"25/09/2015 06:00 - 25/09/2015 07:00","BZN|DK1","2271.45","2246.30"
"25/09/2015 07:00 - 25/09/2015 08:00","BZN|DK1","2622.34","2612.30"
"25/09/2015 08:00 - 25/09/2015 09:00","BZN|DK1","2728.92","2723.80"
"25/09/2015 09:00 - 25/09/2015 10:00","BZN|DK1","2733.28","2710.00"
"25/09/2015 10:00 - 25/09/2015 11:00","BZN|DK1","2756.79","2753.40"
"25/09/2015 11:00 - 25/09/2015 12:00","BZN|DK1","2713.63","2729.00"
"25/09/2015 12:00 - 25/09/2015 13:00","BZN|DK1","2612.06","2596.30"
"25/09/2015 13:00 - 25/09/2015 14:00","BZN|DK1","2634.48","2567.30"
"25/09/2015 14:00 - 25/09/2015 15:00","BZN|DK1","2532.24","2511.40"
"25/09/2015 15:00 - 25/09/2015 16:00","BZN|DK1","2356.54","2385.10"
"25/09/2015 16:00 - 25/09/2015 17:00","BZN|DK1","2396.02","2379.30"
"25/09/2015 17:00 - 25/09/2015 18:00","BZN|DK1","2735.30","2542.10"
"25/09/2015 18:00 - 25/09/2015 19:00","BZN|DK1","2467.62","2426.70"
"25/09/2015 19:00 - 25/09/2015 20:00","BZN|DK1","2297.67","2293.60"
"25/09/2015 20:00 - 25/09/2015 21:00","BZN|DK1","2197.76","2202.30"
"25/09/2015 21:00 - 25/09/2015 22:00","BZN|DK1","2034.42","2057.80"
"25/09/2015 22:00 - 25/09/2015 23:00","BZN|DK1","1885.01","1918.80"
"25/09/2015 23:00 - 26/09/2015 00:00","BZN|DK1","1726.29","1763.50"
"26/09/2015 00:00 - 26/09/2015 01:00","BZN|DK1","1611.59","1611.20"
"26/09/2015 01:00 - 26/09/2015 02:00","BZN|DK1","1521.79","1535.30"
"26/09/2015 02:00 - 26/09/2015 03:00","BZN|DK1","1478.47","1479.40"
"26/09/2015 03:00 - 26/09/2015 04:00","BZN|DK1","1456.44","1468.90"
"26/09/2015 04:00 - 26/09/2015 05:00","BZN|DK1","1464.81","1481.70"
"26/09/2015 05:00 - 26/09/2015 06:00","BZN|DK1","1520.24","1515.10"
"26/09/2015 06:00 - 26/09/2015 07:00","BZN|DK1","1662.37","1671.80"
"26/09/2015 07:00 - 26/09/2015 08:00","BZN|DK1","1815.94","1830.00"
"26/09/2015 08:00 - 26/09/2015 09:00","BZN|DK1","2008.25","1999.90"
"26/09/2015 09:00 - 26/09/2015 10:00","BZN|DK1","2088.38","2106.90"
"26/09/2015 10:00 - 26/09/2015 11:00","BZN|DK1","2119.50","2133.10"
"26/09/2015 11:00 - 26/09/2015 12:00","BZN|DK1","2106.32","2095.20"
"26/09/2015 12:00 - 26/09/2015 13:00","BZN|DK1","2022.75","2034.30"
"26/09/2015 13:00 - 26/09/2015 14:00","BZN|DK1","1975.08","1993.50"
"26/09/2015 14:00 - 26/09/2015 15:00","BZN|DK1","1916.65","1927.40"
"26/09/2015 15:00 - 26/09/2015 16:00","BZN|DK1","1888.99","1905.10"
"26/09/2015 16:00 - 26/09/2015 17:00","BZN|DK1","1942.54","1940.50"
"26/09/2015 17:00 - 26/09/2015 18:00","BZN|DK1","2143.20","2126.10"
"26/09/2015 18:00 - 26/09/2015 19:00","BZN|DK1","2143.32","2147.40"
"26/09/2015 19:00 - 26/09/2015 20:00","BZN|DK1","2100.54","2087.90"
"26/09/2015 20:00 - 26/09/2015 21:00","BZN|DK1","2017.19","2007.30"
"26/09/2015 21:00 - 26/09/2015 22:00","BZN|DK1","1890.44","1885.70"
"26/09/2015 22:00 - 26/09/2015 23:00","BZN|DK1","1773.42","1747.00"
"26/09/2015 23:00 - 27/09/2015 00:00","BZN|DK1","1642.28","1614.60"
"27/09/2015 00:00 - 27/09/2015 01:00","BZN|DK1","1532.65","1534.20"
"27/09/2015 01:00 - 27/09/2015 02:00","BZN|DK1","1455.12","1465.30"
"27/09/2015 02:00 - 27/09/2015 03:00","BZN|DK1","1425.17","1426.20"
"27/09/2015 03:00 - 27/09/2015 04:00","BZN|DK1","1417.44","1416.50"
"27/09/2015 04:00 - 27/09/2015 05:00","BZN|DK1","1432.58","1432.10"
"27/09/2015 05:00 - 27/09/2015 06:00","BZN|DK1","1463.92","1470.40"
"27/09/2015 06:00 - 27/09/2015 07:00","BZN|DK1","1561.24","1571.70"
"27/09/2015 07:00 - 27/09/2015 08:00","BZN|DK1","1663.73","1676.90"
"27/09/2015 08:00 - 27/09/2015 09:00","BZN|DK1","1846.21","1846.40"
"27/09/2015 09:00 - 27/09/2015 10:00","BZN|DK1","1954.94","1959.30"
"27/09/2015 10:00 - 27/09/2015 11:00","BZN|DK1","1987.33","2005.10"
"27/09/2015 11:00 - 27/09/2015 12:00","BZN|DK1","1995.32","2009.10"
"27/09/2015 12:00 - 27/09/2015 13:00","BZN|DK1","1979.49","1984.00"
"27/09/2015 13:00 - 27/09/2015 14:00","BZN|DK1","1947.07","1975.30"
"27/09/2015 14:00 - 27/09/2015 15:00","BZN|DK1","1922.23","1945.90"
"27/09/2015 15:00 - 27/09/2015 16:00","BZN|DK1","1923.58","1919.70"
"27/09/2015 16:00 - 27/09/2015 17:00","BZN|DK1","1970.16","1977.80"
"27/09/2015 17:00 - 27/09/2015 18:00","BZN|DK1","2196.45","2182.00"
"27/09/2015 18:00 - 27/09/2015 19:00","BZN|DK1","2237.31","2229.70"
"27/09/2015 19:00 - 27/09/2015 20:00","BZN|DK1","2236.45","2235.20"
"27/09/2015 20:00 - 27/09/2015 21:00","BZN|DK1","2151.28","2149.00"
"27/09/2015 21:00 - 27/09/2015 22:00","BZN|DK1","1993.46","2007.70"
"27/09/2015 22:00 - 27/09/2015 23:00","BZN|DK1","1817.93","1831.90"
"27/09/2015 23:00 - 28/09/2015 00:00","BZN|DK1","1678.29","1671.50"
"28/09/2015 00:00 - 28/09/2015 01:00","BZN|DK1","1586.75","1583.70"
"28/09/2015 01:00 - 28/09/2015 02:00","BZN|DK1","1535.03","1537.30"
"28/09/2015 02:00 - 28/09/2015 03:00","BZN|DK1","1525.85","1524.10"
"28/09/2015 03:00 - 28/09/2015 04:00","BZN|DK1","1535.35","1533.00"
"28/09/2015 04:00 - 28/09/2015 05:00","BZN|DK1","1579.56","1589.40"
"28/09/2015 05:00 - 28/09/2015 06:00","BZN|DK1","1746.49","1761.10"
"28/09/2015 06:00 - 28/09/2015 07:00","BZN|DK1","2214.59","2235.10"
"28/09/2015 07:00 - 28/09/2015 08:00","BZN|DK1","2577.08","2610.50"
"28/09/2015 08:00 - 28/09/2015 09:00","BZN|DK1","2713.79","2707.60"
"28/09/2015 09:00 - 28/09/2015 10:00","BZN|DK1","2732.04","2729.00"
"28/09/2015 10:00 - 28/09/2015 11:00","BZN|DK1","2779.60","2801.50"
"28/09/2015 11:00 - 28/09/2015 12:00","BZN|DK1","2749.26","2760.40"
"28/09/2015 12:00 - 28/09/2015 13:00","BZN|DK1","2683.07","2676.70"
"28/09/2015 13:00 - 28/09/2015 14:00","BZN|DK1","2697.11","2727.10"
"28/09/2015 14:00 - 28/09/2015 15:00","BZN|DK1","2633.16","2672.70"
"28/09/2015 15:00 - 28/09/2015 16:00","BZN|DK1","2513.74","2520.30"
"28/09/2015 16:00 - 28/09/2015 17:00","BZN|DK1","2471.73","2470.70"
"28/09/2015 17:00 - 28/09/2015 18:00","BZN|DK1","2613.43","2622.60"
"28/09/2015 18:00 - 28/09/2015 19:00","BZN|DK1","2547.82","2561.50"
"28/09/2015 19:00 - 28/09/2015 20:00","BZN|DK1","2542.34","2542.90"
"28/09/2015 20:00 - 28/09/2015 21:00","BZN|DK1","2417.21","2401.60"
"28/09/2015 21:00 - 28/09/2015 22:00","BZN|DK1","2230.39","2215.80"
"28/09/2015 22:00 - 28/09/2015 23:00","BZN|DK1","2013.70","2003.20"
"28/09/2015 23:00 - 29/09/2015 00:00","BZN|DK1","1797.20","1792.70"
"29/09/2015 00:00 - 29/09/2015 01:00","BZN|DK1","1685.40","1725.90"
"29/09/2015 01:00 - 29/09/2015 02:00","BZN|DK1","1628.45","1624.30"
"29/09/2015 02:00 - 29/09/2015 03:00","BZN|DK1","1611.13","1609.50"
"29/09/2015 03:00 - 29/09/2015 04:00","BZN|DK1","1630.08","1627.00"
"29/09/2015 04:00 - 29/09/2015 05:00","BZN|DK1","1678.96","1678.50"
"29/09/2015 05:00 - 29/09/2015 06:00","BZN|DK1","1837.86","1845.30"
"29/09/2015 06:00 - 29/09/2015 07:00","BZN|DK1","2315.83","2293.20"
"29/09/2015 07:00 - 29/09/2015 08:00","BZN|DK1","2663.62","2671.80"
"29/09/2015 08:00 - 29/09/2015 09:00","BZN|DK1","2765.84","2775.00"
"29/09/2015 09:00 - 29/09/2015 10:00","BZN|DK1","2759.65","2762.10"
"29/09/2015 10:00 - 29/09/2015 11:00","BZN|DK1","2798.26","2801.40"
"29/09/2015 11:00 - 29/09/2015 12:00","BZN|DK1","2785.58","2788.90"
"29/09/2015 12:00 - 29/09/2015 13:00","BZN|DK1","2786.84","2726.50"
"29/09/2015 13:00 - 29/09/2015 14:00","BZN|DK1","2720.79","2713.10"
"29/09/2015 14:00 - 29/09/2015 15:00","BZN|DK1","2669.64","2663.90"
"29/09/2015 15:00 - 29/09/2015 16:00","BZN|DK1","2544.82","2552.30"
"29/09/2015 16:00 - 29/09/2015 17:00","BZN|DK1","2511.48","2523.80"
"29/09/2015 17:00 - 29/09/2015 18:00","BZN|DK1","2653.19","2661.70"
"29/09/2015 18:00 - 29/09/2015 19:00","BZN|DK1","2590.32","2591.10"
"29/09/2015 19:00 - 29/09/2015 20:00","BZN|DK1","2601.65","2587.50"
"29/09/2015 20:00 - 29/09/2015 21:00","BZN|DK1","2485.04","2474.80"
"29/09/2015 21:00 - 29/09/2015 22:00","BZN|DK1","2308.47","2296.80"
"29/09/2015 22:00 - 29/09/2015 23:00","BZN|DK1","2072.85","2079.80"
"29/09/2015 23:00 - 30/09/2015 00:00","BZN|DK1","1835.75","1861.20"
"30/09/2015 00:00 - 30/09/2015 01:00","BZN|DK1","1732.87","1698.00"
"30/09/2015 01:00 - 30/09/2015 02:00","BZN|DK1","1667.11","1655.60"
"30/09/2015 02:00 - 30/09/2015 03:00","BZN|DK1","1653.54","1622.50"
"30/09/2015 03:00 - 30/09/2015 04:00","BZN|DK1","1651.05","1631.50"
"30/09/2015 04:00 - 30/09/2015 05:00","BZN|DK1","1705.13","1685.20"
"30/09/2015 05:00 - 30/09/2015 06:00","BZN|DK1","1849.55","1852.30"
"30/09/2015 06:00 - 30/09/2015 07:00","BZN|DK1","2318.65","2328.40"
"30/09/2015 07:00 - 30/09/2015 08:00","BZN|DK1","2646.69","2691.50"
"30/09/2015 08:00 - 30/09/2015 09:00","BZN|DK1","2730.43","2760.30"
"30/09/2015 09:00 - 30/09/2015 10:00","BZN|DK1","2714.37","2716.60"
"30/09/2015 10:00 - 30/09/2015 11:00","BZN|DK1","2766.69","2767.60"
"30/09/2015 11:00 - 30/09/2015 12:00","BZN|DK1","2748.16","2738.40"
"30/09/2015 12:00 - 30/09/2015 13:00","BZN|DK1","2693.96","2687.50"
"30/09/2015 13:00 - 30/09/2015 14:00","BZN|DK1","2693.39","2702.90"
"30/09/2015 14:00 - 30/09/2015 15:00","BZN|DK1","2629.59","2627.40"
"30/09/2015 15:00 - 30/09/2015 16:00","BZN|DK1","2507.39","2509.10"
"30/09/2015 16:00 - 30/09/2015 17:00","BZN|DK1","2487.39","2480.00"
"30/09/2015 17:00 - 30/09/2015 18:00","BZN|DK1","2652.30","2652.00"
"30/09/2015 18:00 - 30/09/2015 19:00","BZN|DK1","2580.59","2588.20"
"30/09/2015 19:00 - 30/09/2015 20:00","BZN|DK1","2571.63","2574.00"
"30/09/2015 20:00 - 30/09/2015 21:00","BZN|DK1","2445.81","2433.70"
"30/09/2015 21:00 - 30/09/2015 22:00","BZN|DK1","2280.00","2255.10"
"30/09/2015 22:00 - 30/09/2015 23:00","BZN|DK1","2058.32","2035.70"
"30/09/2015 23:00 - 01/10/2015 00:00","BZN|DK1","1844.28","1824.40"
"01/10/2015 00:00 - 01/10/2015 01:00","BZN|DK1","1719.47","1706.70"
"01/10/2015 01:00 - 01/10/2015 02:00","BZN|DK1","1651.68","1636.30"
"01/10/2015 02:00 - 01/10/2015 03:00","BZN|DK1","1632.20","1611.30"
"01/10/2015 03:00 - 01/10/2015 04:00","BZN|DK1","1632.45","1627.30"
"01/10/2015 04:00 - 01/10/2015 05:00","BZN|DK1","1673.53","1676.80"
"01/10/2015 05:00 - 01/10/2015 06:00","BZN|DK1","1842.80","1841.80"
"01/10/2015 06:00 - 01/10/2015 07:00","BZN|DK1","2294.13","2293.00"
"01/10/2015 07:00 - 01/10/2015 08:00","BZN|DK1","2682.61","2689.60"
"01/10/2015 08:00 - 01/10/2015 09:00","BZN|DK1","2747.22","2771.70"
"01/10/2015 09:00 - 01/10/2015 10:00","BZN|DK1","2748.29","2728.40"
"01/10/2015 10:00 - 01/10/2015 11:00","BZN|DK1","2788.98","2792.60"
"01/10/2015 11:00 - 01/10/2015 12:00","BZN|DK1","2809.87","2779.00"
"01/10/2015 12:00 - 01/10/2015 13:00","BZN|DK1","2769.56","2738.60"
"01/10/2015 13:00 - 01/10/2015 14:00","BZN|DK1","2767.52","2779.00"
"01/10/2015 14:00 - 01/10/2015 15:00","BZN|DK1","2683.43","2700.30"
"01/10/2015 15:00 - 01/10/2015 16:00","BZN|DK1","2548.83","2554.20"
"01/10/2015 16:00 - 01/10/2015 17:00","BZN|DK1","2462.84","2484.20"
"01/10/2015 17:00 - 01/10/2015 18:00","BZN|DK1","2619.42","2617.40"
"01/10/2015 18:00 - 01/10/2015 19:00","BZN|DK1","2570.55","2587.70"
"01/10/2015 19:00 - 01/10/2015 20:00","BZN|DK1","2577.39","2580.20"
"01/10/2015 20:00 - 01/10/2015 21:00","BZN|DK1","2479.68","2436.30"
"01/10/2015 21:00 - 01/10/2015 22:00","BZN|DK1","2278.06","2269.60"
"01/10/2015 22:00 - 01/10/2015 23:00","BZN|DK1","2020.36","2065.30"
"01/10/2015 23:00 - 02/10/2015 00:00","BZN|DK1","1828.75","1853.10"
"02/10/2015 00:00 - 02/10/2015 01:00","BZN|DK1","1692.76","1671.40"
"02/10/2015 01:00 - 02/10/2015 02:00","BZN|DK1","1631.71","1618.30"
"02/10/2015 02:00 - 02/10/2015 03:00","BZN|DK1","1593.23","1599.30"
"02/10/2015 03:00 - 02/10/2015 04:00","BZN|DK1","1603.53","1605.20"
"02/10/2015 04:00 - 02/10/2015 05:00","BZN|DK1","1641.67","1642.60"
"02/10/2015 05:00 - 02/10/2015 06:00","BZN|DK1","1794.23","1784.10"
"02/10/2015 06:00 - 02/10/2015 07:00","BZN|DK1","2225.20","2234.70"
"02/10/2015 07:00 - 02/10/2015 08:00","BZN|DK1","2591.32","2610.80"
"02/10/2015 08:00 - 02/10/2015 09:00","BZN|DK1","2713.77","2698.20"
"02/10/2015 09:00 - 02/10/2015 10:00","BZN|DK1","2688.16","2694.70"
"02/10/2015 10:00 - 02/10/2015 11:00","BZN|DK1","2746.06","2754.50"
"02/10/2015 11:00 - 02/10/2015 12:00","BZN|DK1","2695.32","2718.10"
"02/10/2015 12:00 - 02/10/2015 13:00","BZN|DK1","2573.81","2589.50"
"02/10/2015 13:00 - 02/10/2015 14:00","BZN|DK1","2481.76","2491.80"
"02/10/2015 14:00 - 02/10/2015 15:00","BZN|DK1","2367.97","2377.20"
"02/10/2015 15:00 - 02/10/2015 16:00","BZN|DK1","2270.15","2275.10"
"02/10/2015 16:00 - 02/10/2015 17:00","BZN|DK1","2255.59","2274.80"
"02/10/2015 17:00 - 02/10/2015 18:00","BZN|DK1","2387.71","2403.90"
"02/10/2015 18:00 - 02/10/2015 19:00","BZN|DK1","2356.99","2371.90"
"02/10/2015 19:00 - 02/10/2015 20:00","BZN|DK1","2335.49","2313.00"
"02/10/2015 20:00 - 02/10/2015 21:00","BZN|DK1","2242.31","2185.50"
"02/10/2015 21:00 - 02/10/2015 22:00","BZN|DK1","2193.65","2050.20"
"02/10/2015 22:00 - 02/10/2015 23:00","BZN|DK1","2161.01","1875.90"
"02/10/2015 23:00 - 03/10/2015 00:00","BZN|DK1","2084.02","1707.50"
"03/10/2015 00:00 - 03/10/2015 01:00","BZN|DK1","1935.01","1602.90"
"03/10/2015 01:00 - 03/10/2015 02:00","BZN|DK1","1760.93","1517.50"
"03/10/2015 02:00 - 03/10/2015 03:00","BZN|DK1","1712.23","1474.70"
"03/10/2015 03:00 - 03/10/2015 04:00","BZN|DK1","1685.95","1457.90"
"03/10/2015 04:00 - 03/10/2015 05:00","BZN|DK1","1720.70","1462.30"
"03/10/2015 05:00 - 03/10/2015 06:00","BZN|DK1","1817.57","1507.90"
"03/10/2015 06:00 - 03/10/2015 07:00","BZN|DK1","2006.88","1651.90"
"03/10/2015 07:00 - 03/10/2015 08:00","BZN|DK1","2199.71","1820.60"
"03/10/2015 08:00 - 03/10/2015 09:00","BZN|DK1","2393.32","1983.50"
"03/10/2015 09:00 - 03/10/2015 10:00","BZN|DK1","2376.99","2092.60"
"03/10/2015 10:00 - 03/10/2015 11:00","BZN|DK1","2209.45","2146.10"
"03/10/2015 11:00 - 03/10/2015 12:00","BZN|DK1","2132.97","2136.70"
"03/10/2015 12:00 - 03/10/2015 13:00","BZN|DK1","2065.67","2078.10"
"03/10/2015 13:00 - 03/10/2015 14:00","BZN|DK1","2018.17","2044.20"
"03/10/2015 14:00 - 03/10/2015 15:00","BZN|DK1","1985.65","1983.60"
"03/10/2015 15:00 - 03/10/2015 16:00","BZN|DK1","1963.00","1939.10"
"03/10/2015 16:00 - 03/10/2015 17:00","BZN|DK1","1992.76","1964.80"
"03/10/2015 17:00 - 03/10/2015 18:00","BZN|DK1","2188.49","2160.30"
"03/10/2015 18:00 - 03/10/2015 19:00","BZN|DK1","2253.19","2221.90"
"03/10/2015 19:00 - 03/10/2015 20:00","BZN|DK1","2218.04","2232.20"
"03/10/2015 20:00 - 03/10/2015 21:00","BZN|DK1","2099.31","2100.50"
"03/10/2015 21:00 - 03/10/2015 22:00","BZN|DK1","1961.33","1961.40"
"03/10/2015 22:00 - 03/10/2015 23:00","BZN|DK1","1800.98","1832.90"
"03/10/2015 23:00 - 04/10/2015 00:00","BZN|DK1","1670.36","1683.90"
"04/10/2015 00:00 - 04/10/2015 01:00","BZN|DK1","1578.52","1584.80"
"04/10/2015 01:00 - 04/10/2015 02:00","BZN|DK1","1490.22","1493.50"
"04/10/2015 02:00 - 04/10/2015 03:00","BZN|DK1","1453.45","1451.70"
"04/10/2015 03:00 - 04/10/2015 04:00","BZN|DK1","1439.85","1450.10"
"04/10/2015 04:00 - 04/10/2015 05:00","BZN|DK1","1441.00","1436.80"
"04/10/2015 05:00 - 04/10/2015 06:00","BZN|DK1","1475.30","1486.10"
"04/10/2015 06:00 - 04/10/2015 07:00","BZN|DK1","1583.25","1589.30"
"04/10/2015 07:00 - 04/10/2015 08:00","BZN|DK1","1712.74","1722.20"
"04/10/2015 08:00 - 04/10/2015 09:00","BZN|DK1","1886.31","1878.50"
"04/10/2015 09:00 - 04/10/2015 10:00","BZN|DK1","2014.19","1993.40"
"04/10/2015 10:00 - 04/10/2015 11:00","BZN|DK1","2083.98","2070.00"
"04/10/2015 11:00 - 04/10/2015 12:00","BZN|DK1","2096.69","2092.10"
"04/10/2015 12:00 - 04/10/2015 13:00","BZN|DK1","2063.55","2074.90"
"04/10/2015 13:00 - 04/10/2015 14:00","BZN|DK1","2026.37","2040.30"
"04/10/2015 14:00 - 04/10/2015 15:00","BZN|DK1","1986.53","1988.60"
"04/10/2015 15:00 - 04/10/2015 16:00","BZN|DK1","1978.21","1978.00"
"04/10/2015 16:00 - 04/10/2015 17:00","BZN|DK1","2034.65","2040.20"
"04/10/2015 17:00 - 04/10/2015 18:00","BZN|DK1","2267.65","2278.10"
"04/10/2015 18:00 - 04/10/2015 19:00","BZN|DK1","2318.67","2354.70"
"04/10/2015 19:00 - 04/10/2015 20:00","BZN|DK1","2346.27","2354.50"
"04/10/2015 20:00 - 04/10/2015 21:00","BZN|DK1","2228.37","2212.30"
"04/10/2015 21:00 - 04/10/2015 22:00","BZN|DK1","2077.98","2085.40"
"04/10/2015 22:00 - 04/10/2015 23:00","BZN|DK1","1892.25","1908.00"
"04/10/2015 23:00 - 05/10/2015 00:00","BZN|DK1","1735.25","1741.30"
"05/10/2015 00:00 - 05/10/2015 01:00","BZN|DK1","1639.53","1640.90"
"05/10/2015 01:00 - 05/10/2015 02:00","BZN|DK1","1588.51","1598.20"
"05/10/2015 02:00 - 05/10/2015 03:00","BZN|DK1","1580.08","1573.20"
"05/10/2015 03:00 - 05/10/2015 04:00","BZN|DK1","1592.63","1593.50"
"05/10/2015 04:00 - 05/10/2015 05:00","BZN|DK1","1625.53","1643.70"
"05/10/2015 05:00 - 05/10/2015 06:00","BZN|DK1","1796.00","1803.40"
"05/10/2015 06:00 - 05/10/2015 07:00","BZN|DK1","2246.77","2247.50"
"05/10/2015 07:00 - 05/10/2015 08:00","BZN|DK1","2673.64","2663.40"
"05/10/2015 08:00 - 05/10/2015 09:00","BZN|DK1","2768.37","2768.80"
"05/10/2015 09:00 - 05/10/2015 10:00","BZN|DK1","2774.28","2746.40"
"05/10/2015 10:00 - 05/10/2015 11:00","BZN|DK1","2813.76","2814.50"
"05/10/2015 11:00 - 05/10/2015 12:00","BZN|DK1","2793.97","2804.20"
"05/10/2015 12:00 - 05/10/2015 13:00","BZN|DK1","2701.33","2714.90"
"05/10/2015 13:00 - 05/10/2015 14:00","BZN|DK1","2713.97","2719.20"
"05/10/2015 14:00 - 05/10/2015 15:00","BZN|DK1","2648.54","2660.50"
"05/10/2015 15:00 - 05/10/2015 16:00","BZN|DK1","2527.15","2528.50"
"05/10/2015 16:00 - 05/10/2015 17:00","BZN|DK1","2489.11","2491.60"
"05/10/2015 17:00 - 05/10/2015 18:00","BZN|DK1","2644.96","2654.50"
"05/10/2015 18:00 - 05/10/2015 19:00","BZN|DK1","2606.02","2623.80"
"05/10/2015 19:00 - 05/10/2015 20:00","BZN|DK1","2625.02","2624.50"
"05/10/2015 20:00 - 05/10/2015 21:00","BZN|DK1","2444.33","2471.80"
"05/10/2015 21:00 - 05/10/2015 22:00","BZN|DK1","2284.51","2281.00"
"05/10/2015 22:00 - 05/10/2015 23:00","BZN|DK1","2047.03","2127.30"
"05/10/2015 23:00 - 06/10/2015 00:00","BZN|DK1","1854.86","1940.70"
"06/10/2015 00:00 - 06/10/2015 01:00","BZN|DK1","1700.71","1729.20"
"06/10/2015 01:00 - 06/10/2015 02:00","BZN|DK1","1655.59","1661.50"
"06/10/2015 02:00 - 06/10/2015 03:00","BZN|DK1","1604.60","1599.20"
"06/10/2015 03:00 - 06/10/2015 04:00","BZN|DK1","1625.31","1616.80"
"06/10/2015 04:00 - 06/10/2015 05:00","BZN|DK1","1641.73","1664.30"
"06/10/2015 05:00 - 06/10/2015 06:00","BZN|DK1","1788.50","1805.80"
"06/10/2015 06:00 - 06/10/2015 07:00","BZN|DK1","2233.30","2231.00"
"06/10/2015 07:00 - 06/10/2015 08:00","BZN|DK1","2626.85","2643.30"
"06/10/2015 08:00 - 06/10/2015 09:00","BZN|DK1","2700.73","2701.80"
"06/10/2015 09:00 - 06/10/2015 10:00","BZN|DK1","2709.99","2694.70"
"06/10/2015 10:00 - 06/10/2015 11:00","BZN|DK1","2739.75","2749.50"
"06/10/2015 11:00 - 06/10/2015 12:00","BZN|DK1","2748.76","2740.00"
"06/10/2015 12:00 - 06/10/2015 13:00","BZN|DK1","2685.71","2689.60"
"06/10/2015 13:00 - 06/10/2015 14:00","BZN|DK1","2606.05","2695.00"
"06/10/2015 14:00 - 06/10/2015 15:00","BZN|DK1","2653.91","2643.50"
"06/10/2015 15:00 - 06/10/2015 16:00","BZN|DK1","2552.71","2543.70"
"06/10/2015 16:00 - 06/10/2015 17:00","BZN|DK1","2549.82","2531.70"
"06/10/2015 17:00 - 06/10/2015 18:00","BZN|DK1","2723.73","2715.40"
"06/10/2015 18:00 - 06/10/2015 19:00","BZN|DK1","2655.84","2665.50"
"06/10/2015 19:00 - 06/10/2015 20:00","BZN|DK1","2575.80","2604.90"
"06/10/2015 20:00 - 06/10/2015 21:00","BZN|DK1","2368.10","2393.80"
"06/10/2015 21:00 - 06/10/2015 22:00","BZN|DK1","2208.28","2202.90"
"06/10/2015 22:00 - 06/10/2015 23:00","BZN|DK1","2020.15","2014.80"
"06/10/2015 23:00 - 07/10/2015 00:00","BZN|DK1","1850.14","1825.90"
"07/10/2015 00:00 - 07/10/2015 01:00","BZN|DK1","1711.87","1689.40"
"07/10/2015 01:00 - 07/10/2015 02:00","BZN|DK1","1673.71","1655.40"
"07/10/2015 02:00 - 07/10/2015 03:00","BZN|DK1","1637.99","1639.00"
"07/10/2015 03:00 - 07/10/2015 04:00","BZN|DK1","1623.49","1639.00"
"07/10/2015 04:00 - 07/10/2015 05:00","BZN|DK1","1656.14","1657.80"
"07/10/2015 05:00 - 07/10/2015 06:00","BZN|DK1","1801.41","1822.30"
"07/10/2015 06:00 - 07/10/2015 07:00","BZN|DK1","2201.53","2242.00"
"07/10/2015 07:00 - 07/10/2015 08:00","BZN|DK1","2640.18","2630.20"
"07/10/2015 08:00 - 07/10/2015 09:00","BZN|DK1","2759.30","2723.20"
"07/10/2015 09:00 - 07/10/2015 10:00","BZN|DK1","2791.32","2747.50"
"07/10/2015 10:00 - 07/10/2015 11:00","BZN|DK1","2818.74","2823.50"
"07/10/2015 11:00 - 07/10/2015 12:00","BZN|DK1","2795.79","2783.20"
"07/10/2015 12:00 - 07/10/2015 13:00","BZN|DK1","2747.53","2735.50"
"07/10/2015 13:00 - 07/10/2015 14:00","BZN|DK1","2747.23","2752.80"
"07/10/2015 14:00 - 07/10/2015 15:00","BZN|DK1","2674.72","2689.80"
"07/10/2015 15:00 - 07/10/2015 16:00","BZN|DK1","2562.18","2563.50"
"07/10/2015 16:00 - 07/10/2015 17:00","BZN|DK1","2531.63","2526.70"
"07/10/2015 17:00 - 07/10/2015 18:00","BZN|DK1","2708.32","2690.80"
"07/10/2015 18:00 - 07/10/2015 19:00","BZN|DK1","2656.42","2690.70"
"07/10/2015 19:00 - 07/10/2015 20:00","BZN|DK1","2582.51","2647.30"
"07/10/2015 20:00 - 07/10/2015 21:00","BZN|DK1","2407.75","2451.40"
"07/10/2015 21:00 - 07/10/2015 22:00","BZN|DK1","2233.79","2216.60"
"07/10/2015 22:00 - 07/10/2015 23:00","BZN|DK1","2025.21","2012.40"
"07/10/2015 23:00 - 08/10/2015 00:00","BZN|DK1","1823.92","1819.00"
"08/10/2015 00:00 - 08/10/2015 01:00","BZN|DK1","1714.50","1702.30"
"08/10/2015 01:00 - 08/10/2015 02:00","BZN|DK1","1639.86","1637.50"
"08/10/2015 02:00 - 08/10/2015 03:00","BZN|DK1","1608.00","1611.30"
"08/10/2015 03:00 - 08/10/2015 04:00","BZN|DK1","1609.61","1619.80"
"08/10/2015 04:00 - 08/10/2015 05:00","BZN|DK1","1665.52","1656.60"
"08/10/2015 05:00 - 08/10/2015 06:00","BZN|DK1","1839.41","1817.60"
"08/10/2015 06:00 - 08/10/2015 07:00","BZN|DK1","2277.38","2276.60"
"08/10/2015 07:00 - 08/10/2015 08:00","BZN|DK1","2743.43","2701.80"
"08/10/2015 08:00 - 08/10/2015 09:00","BZN|DK1","2872.12","2849.00"
"08/10/2015 09:00 - 08/10/2015 10:00","BZN|DK1","2859.62","2841.20"
"08/10/2015 10:00 - 08/10/2015 11:00","BZN|DK1","2908.18","2891.30"
"08/10/2015 11:00 - 08/10/2015 12:00","BZN|DK1","2889.56","2875.00"
"08/10/2015 12:00 - 08/10/2015 13:00","BZN|DK1","2816.46","2807.90"
"08/10/2015 13:00 - 08/10/2015 14:00","BZN|DK1","2832.56","2797.30"
"08/10/2015 14:00 - 08/10/2015 15:00","BZN|DK1","2868.52","2772.70"
"08/10/2015 15:00 - 08/10/2015 16:00","BZN|DK1","2785.77","2739.30"
"08/10/2015 16:00 - 08/10/2015 17:00","BZN|DK1","2676.81","2680.80"
"08/10/2015 17:00 - 08/10/2015 18:00","BZN|DK1","2784.04","2788.40"
"08/10/2015 18:00 - 08/10/2015 19:00","BZN|DK1","2770.54","2762.10"
"08/10/2015 19:00 - 08/10/2015 20:00","BZN|DK1","2685.13","2720.40"
"08/10/2015 20:00 - 08/10/2015 21:00","BZN|DK1","2499.83","2492.90"
"08/10/2015 21:00 - 08/10/2015 22:00","BZN|DK1","2283.85","2305.80"
"08/10/2015 22:00 - 08/10/2015 23:00","BZN|DK1","2092.77","2090.00"
"08/10/2015 23:00 - 09/10/2015 00:00","BZN|DK1","1908.62","1871.70"
"09/10/2015 00:00 - 09/10/2015 01:00","BZN|DK1","1768.25","1767.40"
"09/10/2015 01:00 - 09/10/2015 02:00","BZN|DK1","1703.88","1691.70"
"09/10/2015 02:00 - 09/10/2015 03:00","BZN|DK1","1647.87","1673.10"
"09/10/2015 03:00 - 09/10/2015 04:00","BZN|DK1","1644.03","1637.10"
"09/10/2015 04:00 - 09/10/2015 05:00","BZN|DK1","1698.28","1677.10"
"09/10/2015 05:00 - 09/10/2015 06:00","BZN|DK1","1846.18","1832.40"
"09/10/2015 06:00 - 09/10/2015 07:00","BZN|DK1","2286.43","2265.00"
"09/10/2015 07:00 - 09/10/2015 08:00","BZN|DK1","2753.44","2731.30"
"09/10/2015 08:00 - 09/10/2015 09:00","BZN|DK1","2856.20","2843.30"
"09/10/2015 09:00 - 09/10/2015 10:00","BZN|DK1","2829.54","2824.40"
"09/10/2015 10:00 - 09/10/2015 11:00","BZN|DK1","2861.90","2864.50"
"09/10/2015 11:00 - 09/10/2015 12:00","BZN|DK1","2813.71","2807.00"
"09/10/2015 12:00 - 09/10/2015 13:00","BZN|DK1","2691.23","2704.70"
"09/10/2015 13:00 - 09/10/2015 14:00","BZN|DK1","2634.95","2627.90"
"09/10/2015 14:00 - 09/10/2015 15:00","BZN|DK1","2514.38","2505.00"
"09/10/2015 15:00 - 09/10/2015 16:00","BZN|DK1","2416.93","2403.80"
"09/10/2015 16:00 - 09/10/2015 17:00","BZN|DK1","2416.48","2416.30"
"09/10/2015 17:00 - 09/10/2015 18:00","BZN|DK1","2585.65","2559.30"
"09/10/2015 18:00 - 09/10/2015 19:00","BZN|DK1","2582.02","2590.00"
"09/10/2015 19:00 - 09/10/2015 20:00","BZN|DK1","2494.92","2507.10"
"09/10/2015 20:00 - 09/10/2015 21:00","BZN|DK1","2291.32","2310.40"
"09/10/2015 21:00 - 09/10/2015 22:00","BZN|DK1","2131.22","2138.40"
"09/10/2015 22:00 - 09/10/2015 23:00","BZN|DK1","1994.56","1968.40"
"09/10/2015 23:00 - 10/10/2015 00:00","BZN|DK1","1814.01","1790.40"
"10/10/2015 00:00 - 10/10/2015 01:00","BZN|DK1","1667.95","1708.50"
"10/10/2015 01:00 - 10/10/2015 02:00","BZN|DK1","1588.82","1621.30"
"10/10/2015 02:00 - 10/10/2015 03:00","BZN|DK1","1549.06","1578.00"
"10/10/2015 03:00 - 10/10/2015 04:00","BZN|DK1","1535.13","1559.70"
"10/10/2015 04:00 - 10/10/2015 05:00","BZN|DK1","1542.84","1549.30"
"10/10/2015 05:00 - 10/10/2015 06:00","BZN|DK1","1596.26","1606.20"
"10/10/2015 06:00 - 10/10/2015 07:00","BZN|DK1","1725.67","1740.60"
"10/10/2015 07:00 - 10/10/2015 08:00","BZN|DK1","1906.20","1937.30"
"10/10/2015 08:00 - 10/10/2015 09:00","BZN|DK1","2051.38","2081.30"
"10/10/2015 09:00 - 10/10/2015 10:00","BZN|DK1","2144.65","2162.10"
"10/10/2015 10:00 - 10/10/2015 11:00","BZN|DK1","2169.22","2194.80"
"10/10/2015 11:00 - 10/10/2015 12:00","BZN|DK1","2151.00","2151.10"
"10/10/2015 12:00 - 10/10/2015 13:00","BZN|DK1","2132.80","2107.80"
"10/10/2015 13:00 - 10/10/2015 14:00","BZN|DK1","2101.65","2082.00"
"10/10/2015 14:00 - 10/10/2015 15:00","BZN|DK1","2069.72","2056.20"
"10/10/2015 15:00 - 10/10/2015 16:00","BZN|DK1","2046.38","2049.30"
"10/10/2015 16:00 - 10/10/2015 17:00","BZN|DK1","2078.10","2099.30"
"10/10/2015 17:00 - 10/10/2015 18:00","BZN|DK1","2281.11","2274.80"
"10/10/2015 18:00 - 10/10/2015 19:00","BZN|DK1","2346.09","2351.40"
"10/10/2015 19:00 - 10/10/2015 20:00","BZN|DK1","2306.63","2284.00"
"10/10/2015 20:00 - 10/10/2015 21:00","BZN|DK1","2125.43","2131.40"
"10/10/2015 21:00 - 10/10/2015 22:00","BZN|DK1","1971.53","1986.90"
"10/10/2015 22:00 - 10/10/2015 23:00","BZN|DK1","1816.18","1842.20"
"10/10/2015 23:00 - 11/10/2015 00:00","BZN|DK1","1689.22","1699.10"
"11/10/2015 00:00 - 11/10/2015 01:00","BZN|DK1","1583.15","1614.50"
"11/10/2015 01:00 - 11/10/2015 02:00","BZN|DK1","1505.11","1511.30"
"11/10/2015 02:00 - 11/10/2015 03:00","BZN|DK1","1465.07","1478.80"
"11/10/2015 03:00 - 11/10/2015 04:00","BZN|DK1","1446.57","1475.70"
"11/10/2015 04:00 - 11/10/2015 05:00","BZN|DK1","1468.13","1467.60"
"11/10/2015 05:00 - 11/10/2015 06:00","BZN|DK1","1504.72","1507.40"
"11/10/2015 06:00 - 11/10/2015 07:00","BZN|DK1","1617.99","1616.90"
"11/10/2015 07:00 - 11/10/2015 08:00","BZN|DK1","1755.24","1790.70"
"11/10/2015 08:00 - 11/10/2015 09:00","BZN|DK1","1883.60","1923.90"
"11/10/2015 09:00 - 11/10/2015 10:00","BZN|DK1","1974.12","1993.70"
"11/10/2015 10:00 - 11/10/2015 11:00","BZN|DK1","2024.68","2040.10"
"11/10/2015 11:00 - 11/10/2015 12:00","BZN|DK1","2025.64","2038.50"
"11/10/2015 12:00 - 11/10/2015 13:00","BZN|DK1","2014.56","2008.30"
"11/10/2015 13:00 - 11/10/2015 14:00","BZN|DK1","1978.46","1986.40"
"11/10/2015 14:00 - 11/10/2015 15:00","BZN|DK1","1953.27","1972.00"
"11/10/2015 15:00 - 11/10/2015 16:00","BZN|DK1","1946.87","1941.80"
"11/10/2015 16:00 - 11/10/2015 17:00","BZN|DK1","2025.33","2016.80"
"11/10/2015 17:00 - 11/10/2015 18:00","BZN|DK1","2249.45","2259.30"
"11/10/2015 18:00 - 11/10/2015 19:00","BZN|DK1","2357.07","2381.60"
"11/10/2015 19:00 - 11/10/2015 20:00","BZN|DK1","2336.27","2336.00"
"11/10/2015 20:00 - 11/10/2015 21:00","BZN|DK1","2196.95","2173.50"
"11/10/2015 21:00 - 11/10/2015 22:00","BZN|DK1","2077.73","2038.10"
"11/10/2015 22:00 - 11/10/2015 23:00","BZN|DK1","1930.75","1878.30"
"11/10/2015 23:00 - 12/10/2015 00:00","BZN|DK1","1787.43","1720.90"
"12/10/2015 00:00 - 12/10/2015 01:00","BZN|DK1","1648.88","1629.40"
"12/10/2015 01:00 - 12/10/2015 02:00","BZN|DK1","1591.54","1562.70"
"12/10/2015 02:00 - 12/10/2015 03:00","BZN|DK1","1580.39","1544.20"
"12/10/2015 03:00 - 12/10/2015 04:00","BZN|DK1","1574.77","1558.90"
"12/10/2015 04:00 - 12/10/2015 05:00","BZN|DK1","1650.80","1606.40"
"12/10/2015 05:00 - 12/10/2015 06:00","BZN|DK1","1777.58","1794.40"
"12/10/2015 06:00 - 12/10/2015 07:00","BZN|DK1","2147.34","2191.90"
"12/10/2015 07:00 - 12/10/2015 08:00","BZN|DK1","2562.34","2577.60"
"12/10/2015 08:00 - 12/10/2015 09:00","BZN|DK1","2733.86","2734.50"
"12/10/2015 09:00 - 12/10/2015 10:00","BZN|DK1","2812.24","2788.00"
"12/10/2015 10:00 - 12/10/2015 11:00","BZN|DK1","2873.51","2869.60"
"12/10/2015 11:00 - 12/10/2015 12:00","BZN|DK1","2848.82","2857.60"
"12/10/2015 12:00 - 12/10/2015 13:00","BZN|DK1","2763.89","2770.20"
"12/10/2015 13:00 - 12/10/2015 14:00","BZN|DK1","2796.39","2792.10"
"12/10/2015 14:00 - 12/10/2015 15:00","BZN|DK1","2757.56","2748.60"
"12/10/2015 15:00 - 12/10/2015 16:00","BZN|DK1","2629.78","2627.10"
"12/10/2015 16:00 - 12/10/2015 17:00","BZN|DK1","2590.67","2585.00"
"12/10/2015 17:00 - 12/10/2015 18:00","BZN|DK1","2746.29","2754.00"
"12/10/2015 18:00 - 12/10/2015 19:00","BZN|DK1","2760.97","2776.20"
"12/10/2015 19:00 - 12/10/2015 20:00","BZN|DK1","2697.82","2692.80"
"12/10/2015 20:00 - 12/10/2015 21:00","BZN|DK1","2506.00","2514.00"
"12/10/2015 21:00 - 12/10/2015 22:00","BZN|DK1","2348.75","2316.00"
"12/10/2015 22:00 - 12/10/2015 23:00","BZN|DK1","2136.47","2107.30"
"12/10/2015 23:00 - 13/10/2015 00:00","BZN|DK1","1946.91","1901.40"
"13/10/2015 00:00 - 13/10/2015 01:00","BZN|DK1","1784.83","1777.80"
"13/10/2015 01:00 - 13/10/2015 02:00","BZN|DK1","1724.36","1709.00"
"13/10/2015 02:00 - 13/10/2015 03:00","BZN|DK1","1714.85","1691.60"
"13/10/2015 03:00 - 13/10/2015 04:00","BZN|DK1","1722.10","1720.60"
"13/10/2015 04:00 - 13/10/2015 05:00","BZN|DK1","1724.20","1730.00"
"13/10/2015 05:00 - 13/10/2015 06:00","BZN|DK1","1887.92","1857.10"
"13/10/2015 06:00 - 13/10/2015 07:00","BZN|DK1","2211.49","2267.50"
"13/10/2015 07:00 - 13/10/2015 08:00","BZN|DK1","2635.93","2653.40"
"13/10/2015 08:00 - 13/10/2015 09:00","BZN|DK1","2810.61","2801.50"
"13/10/2015 09:00 - 13/10/2015 10:00","BZN|DK1","2847.81","2835.50"
"13/10/2015 10:00 - 13/10/2015 11:00","BZN|DK1","2895.69","2894.30"
"13/10/2015 11:00 - 13/10/2015 12:00","BZN|DK1","2857.35","2870.00"
"13/10/2015 12:00 - 13/10/2015 13:00","BZN|DK1","2802.32","2799.00"
"13/10/2015 13:00 - 13/10/2015 14:00","BZN|DK1","2787.20","2805.00"
"13/10/2015 14:00 - 13/10/2015 15:00","BZN|DK1","2771.63","2748.30"
"13/10/2015 15:00 - 13/10/2015 16:00","BZN|DK1","2626.87","2660.80"
"13/10/2015 16:00 - 13/10/2015 17:00","BZN|DK1","2584.60","2607.00"
"13/10/2015 17:00 - 13/10/2015 18:00","BZN|DK1","2762.56","2759.80"
"13/10/2015 18:00 - 13/10/2015 19:00","BZN|DK1","2757.96","2771.70"
"13/10/2015 19:00 - 13/10/2015 20:00","BZN|DK1","2697.25","2688.70"
"13/10/2015 20:00 - 13/10/2015 21:00","BZN|DK1","2536.71","2519.10"
"13/10/2015 21:00 - 13/10/2015 22:00","BZN|DK1","2372.69","2335.80"
"13/10/2015 22:00 - 13/10/2015 23:00","BZN|DK1","2158.20","2118.40"
"13/10/2015 23:00 - 14/10/2015 00:00","BZN|DK1","1961.11","1909.00"
"14/10/2015 00:00 - 14/10/2015 01:00","BZN|DK1","1795.57","1821.60"
"14/10/2015 01:00 - 14/10/2015 02:00","BZN|DK1","1707.78","1707.50"
"14/10/2015 02:00 - 14/10/2015 03:00","BZN|DK1","1728.16","1683.10"
"14/10/2015 03:00 - 14/10/2015 04:00","BZN|DK1","1735.26","1731.30"
"14/10/2015 04:00 - 14/10/2015 05:00","BZN|DK1","1735.95","1766.60"
"14/10/2015 05:00 - 14/10/2015 06:00","BZN|DK1","1918.20","1906.30"
"14/10/2015 06:00 - 14/10/2015 07:00","BZN|DK1","2233.25","2264.20"
"14/10/2015 07:00 - 14/10/2015 08:00","BZN|DK1","2625.01","2652.20"
"14/10/2015 08:00 - 14/10/2015 09:00","BZN|DK1","2787.23","2800.00"
"14/10/2015 09:00 - 14/10/2015 10:00","BZN|DK1","2808.79","2815.10"
"14/10/2015 10:00 - 14/10/2015 11:00","BZN|DK1","2873.25","2868.10"
"14/10/2015 11:00 - 14/10/2015 12:00","BZN|DK1","2878.23","2854.30"
"14/10/2015 12:00 - 14/10/2015 13:00","BZN|DK1","2823.34","2819.70"
"14/10/2015 13:00 - 14/10/2015 14:00","BZN|DK1","2803.03","2822.10"
"14/10/2015 14:00 - 14/10/2015 15:00","BZN|DK1","2746.81","2743.80"
"14/10/2015 15:00 - 14/10/2015 16:00","BZN|DK1","2632.89","2645.00"
"14/10/2015 16:00 - 14/10/2015 17:00","BZN|DK1","2606.18","2613.60"
"14/10/2015 17:00 - 14/10/2015 18:00","BZN|DK1","2755.93","2767.50"
"14/10/2015 18:00 - 14/10/2015 19:00","BZN|DK1","2738.84","2768.20"
"14/10/2015 19:00 - 14/10/2015 20:00","BZN|DK1","2646.07","2654.90"
"14/10/2015 20:00 - 14/10/2015 21:00","BZN|DK1","2444.98","2485.80"
"14/10/2015 21:00 - 14/10/2015 22:00","BZN|DK1","2303.09","2305.90"
"14/10/2015 22:00 - 14/10/2015 23:00","BZN|DK1","2087.80","2143.80"
"14/10/2015 23:00 - 15/10/2015 00:00","BZN|DK1","1889.83","1961.70"
"15/10/2015 00:00 - 15/10/2015 01:00","BZN|DK1","1759.79","1715.50"
"15/10/2015 01:00 - 15/10/2015 02:00","BZN|DK1","1720.88","1697.50"
"15/10/2015 02:00 - 15/10/2015 03:00","BZN|DK1","1723.72","1698.50"
"15/10/2015 03:00 - 15/10/2015 04:00","BZN|DK1","1724.45","1723.60"
"15/10/2015 04:00 - 15/10/2015 05:00","BZN|DK1","1750.29","1765.00"
"15/10/2015 05:00 - 15/10/2015 06:00","BZN|DK1","1873.79","1894.40"
"15/10/2015 06:00 - 15/10/2015 07:00","BZN|DK1","2199.35","2230.30"
"15/10/2015 07:00 - 15/10/2015 08:00","BZN|DK1","2608.98","2633.00"
"15/10/2015 08:00 - 15/10/2015 09:00","BZN|DK1","2735.44","2763.40"
"15/10/2015 09:00 - 15/10/2015 10:00","BZN|DK1","2794.16","2791.10"
"15/10/2015 10:00 - 15/10/2015 11:00","BZN|DK1","2855.92","2866.80"
"15/10/2015 11:00 - 15/10/2015 12:00","BZN|DK1","2831.53","2840.80"
"15/10/2015 12:00 - 15/10/2015 13:00","BZN|DK1","2761.85","2757.50"
"15/10/2015 13:00 - 15/10/2015 14:00","BZN|DK1","2759.49","2750.60"
"15/10/2015 14:00 - 15/10/2015 15:00","BZN|DK1","2651.79","2667.80"
"15/10/2015 15:00 - 15/10/2015 16:00","BZN|DK1","2532.88","2559.50"
"15/10/2015 16:00 - 15/10/2015 17:00","BZN|DK1","2493.95","2492.80"
"15/10/2015 17:00 - 15/10/2015 18:00","BZN|DK1","2615.48","2667.80"
"15/10/2015 18:00 - 15/10/2015 19:00","BZN|DK1","2683.58","2660.70"
"15/10/2015 19:00 - 15/10/2015 20:00","BZN|DK1","2625.59","2624.70"
"15/10/2015 20:00 - 15/10/2015 21:00","BZN|DK1","2462.36","2470.00"
"15/10/2015 21:00 - 15/10/2015 22:00","BZN|DK1","2322.51","2299.60"
"15/10/2015 22:00 - 15/10/2015 23:00","BZN|DK1","2128.25","2113.30"
"15/10/2015 23:00 - 16/10/2015 00:00","BZN|DK1","1919.76","1916.00"
"16/10/2015 00:00 - 16/10/2015 01:00","BZN|DK1","1831.83","1776.30"
"16/10/2015 01:00 - 16/10/2015 02:00","BZN|DK1","1740.57","1702.80"
"16/10/2015 02:00 - 16/10/2015 03:00","BZN|DK1","1699.91","1680.40"
"16/10/2015 03:00 - 16/10/2015 04:00","BZN|DK1","1682.53","1685.80"
"16/10/2015 04:00 - 16/10/2015 05:00","BZN|DK1","1719.94","1725.30"
"16/10/2015 05:00 - 16/10/2015 06:00","BZN|DK1","1881.24","1869.50"
"16/10/2015 06:00 - 16/10/2015 07:00","BZN|DK1","2189.84","2213.10"
"16/10/2015 07:00 - 16/10/2015 08:00","BZN|DK1","2586.72","2574.20"
"16/10/2015 08:00 - 16/10/2015 09:00","BZN|DK1","2725.97","2732.70"
"16/10/2015 09:00 - 16/10/2015 10:00","BZN|DK1","2759.43","2771.50"
"16/10/2015 10:00 - 16/10/2015 11:00","BZN|DK1","2805.21","2831.20"
"16/10/2015 11:00 - 16/10/2015 12:00","BZN|DK1","2746.44","2755.30"
"16/10/2015 12:00 - 16/10/2015 13:00","BZN|DK1","2615.54","2626.50"
"16/10/2015 13:00 - 16/10/2015 14:00","BZN|DK1","2545.72","2530.30"
"16/10/2015 14:00 - 16/10/2015 15:00","BZN|DK1","2454.74","2432.50"
"16/10/2015 15:00 - 16/10/2015 16:00","BZN|DK1","2354.57","2354.90"
"16/10/2015 16:00 - 16/10/2015 17:00","BZN|DK1","2365.92","2357.20"
"16/10/2015 17:00 - 16/10/2015 18:00","BZN|DK1","2581.06","2546.50"
"16/10/2015 18:00 - 16/10/2015 19:00","BZN|DK1","2617.42","2645.10"
"16/10/2015 19:00 - 16/10/2015 20:00","BZN|DK1","2467.83","2501.80"
"16/10/2015 20:00 - 16/10/2015 21:00","BZN|DK1","2294.57","2284.30"
"16/10/2015 21:00 - 16/10/2015 22:00","BZN|DK1","2152.09","2123.10"
"16/10/2015 22:00 - 16/10/2015 23:00","BZN|DK1","1969.85","1969.00"
"16/10/2015 23:00 - 17/10/2015 00:00","BZN|DK1","1830.29","1809.70"
"17/10/2015 00:00 - 17/10/2015 01:00","BZN|DK1","1667.47","1673.00"
"17/10/2015 01:00 - 17/10/2015 02:00","BZN|DK1","1579.98","1578.70"
"17/10/2015 02:00 - 17/10/2015 03:00","BZN|DK1","1534.39","1527.30"
"17/10/2015 03:00 - 17/10/2015 04:00","BZN|DK1","1521.40","1516.00"
"17/10/2015 04:00 - 17/10/2015 05:00","BZN|DK1","1521.30","1531.30"
"17/10/2015 05:00 - 17/10/2015 06:00","BZN|DK1","1577.90","1574.80"
"17/10/2015 06:00 - 17/10/2015 07:00","BZN|DK1","1700.61","1711.80"
"17/10/2015 07:00 - 17/10/2015 08:00","BZN|DK1","1894.75","1902.60"
"17/10/2015 08:00 - 17/10/2015 09:00","BZN|DK1","2080.37","2064.20"
"17/10/2015 09:00 - 17/10/2015 10:00","BZN|DK1","2209.92","2201.30"
"17/10/2015 10:00 - 17/10/2015 11:00","BZN|DK1","2266.18","2264.60"
"17/10/2015 11:00 - 17/10/2015 12:00","BZN|DK1","2276.40","2261.90"
"17/10/2015 12:00 - 17/10/2015 13:00","BZN|DK1","2231.13","2226.70"
"17/10/2015 13:00 - 17/10/2015 14:00","BZN|DK1","2185.84","2178.30"
"17/10/2015 14:00 - 17/10/2015 15:00","BZN|DK1","2146.56","2143.30"
"17/10/2015 15:00 - 17/10/2015 16:00","BZN|DK1","2132.87","2129.40"
"17/10/2015 16:00 - 17/10/2015 17:00","BZN|DK1","2191.98","2179.80"
"17/10/2015 17:00 - 17/10/2015 18:00","BZN|DK1","2409.29","2398.50"
"17/10/2015 18:00 - 17/10/2015 19:00","BZN|DK1","2467.90","2483.70"
"17/10/2015 19:00 - 17/10/2015 20:00","BZN|DK1","2332.37","2319.70"
"17/10/2015 20:00 - 17/10/2015 21:00","BZN|DK1","2168.57","2157.00"
"17/10/2015 21:00 - 17/10/2015 22:00","BZN|DK1","2022.46","2023.20"
"17/10/2015 22:00 - 17/10/2015 23:00","BZN|DK1","1881.82","1884.50"
"17/10/2015 23:00 - 18/10/2015 00:00","BZN|DK1","1735.66","1741.90"
"18/10/2015 00:00 - 18/10/2015 01:00","BZN|DK1","1613.21","1605.80"
"18/10/2015 01:00 - 18/10/2015 02:00","BZN|DK1","1533.66","1529.50"
"18/10/2015 02:00 - 18/10/2015 03:00","BZN|DK1","1498.52","1487.00"
"18/10/2015 03:00 - 18/10/2015 04:00","BZN|DK1","1485.42","1473.20"
"18/10/2015 04:00 - 18/10/2015 05:00","BZN|DK1","1497.06","1488.80"
"18/10/2015 05:00 - 18/10/2015 06:00","BZN|DK1","1538.38","1526.00"
"18/10/2015 06:00 - 18/10/2015 07:00","BZN|DK1","1631.53","1630.50"
"18/10/2015 07:00 - 18/10/2015 08:00","BZN|DK1","1788.99","1828.80"
"18/10/2015 08:00 - 18/10/2015 09:00","BZN|DK1","1937.31","1937.40"
"18/10/2015 09:00 - 18/10/2015 10:00","BZN|DK1","2079.47","2053.80"
"18/10/2015 10:00 - 18/10/2015 11:00","BZN|DK1","2180.29","2156.50"
"18/10/2015 11:00 - 18/10/2015 12:00","BZN|DK1","2196.13","2204.20"
"18/10/2015 12:00 - 18/10/2015 13:00","BZN|DK1","2163.06","2169.30"
"18/10/2015 13:00 - 18/10/2015 14:00","BZN|DK1","2132.06","2126.70"
"18/10/2015 14:00 - 18/10/2015 15:00","BZN|DK1","2120.00","2119.40"
"18/10/2015 15:00 - 18/10/2015 16:00","BZN|DK1","2123.62","2101.50"
"18/10/2015 16:00 - 18/10/2015 17:00","BZN|DK1","2190.34","2180.50"
"18/10/2015 17:00 - 18/10/2015 18:00","BZN|DK1","2399.00","2415.10"
"18/10/2015 18:00 - 18/10/2015 19:00","BZN|DK1","2517.29","2510.60"
"18/10/2015 19:00 - 18/10/2015 20:00","BZN|DK1","2464.00","2433.70"
"18/10/2015 20:00 - 18/10/2015 21:00","BZN|DK1","2286.97","2282.00"
"18/10/2015 21:00 - 18/10/2015 22:00","BZN|DK1","2119.59","2132.40"
"18/10/2015 22:00 - 18/10/2015 23:00","BZN|DK1","1956.89","1966.70"
"18/10/2015 23:00 - 19/10/2015 00:00","BZN|DK1","1807.88","1793.10"
"19/10/2015 00:00 - 19/10/2015 01:00","BZN|DK1","1699.36","1713.50"
"19/10/2015 01:00 - 19/10/2015 02:00","BZN|DK1","1728.59","1648.00"
"19/10/2015 02:00 - 19/10/2015 03:00","BZN|DK1","1723.01","1681.80"
"19/10/2015 03:00 - 19/10/2015 04:00","BZN|DK1","1722.73","1709.90"
"19/10/2015 04:00 - 19/10/2015 05:00","BZN|DK1","1722.90","1745.30"
"19/10/2015 05:00 - 19/10/2015 06:00","BZN|DK1","1857.21","1846.70"
"19/10/2015 06:00 - 19/10/2015 07:00","BZN|DK1","2351.05","2332.40"
"19/10/2015 07:00 - 19/10/2015 08:00","BZN|DK1","2853.66","2872.30"
"19/10/2015 08:00 - 19/10/2015 09:00","BZN|DK1","2968.40","2967.70"
"19/10/2015 09:00 - 19/10/2015 10:00","BZN|DK1","2928.92","2938.80"
"19/10/2015 10:00 - 19/10/2015 11:00","BZN|DK1","2945.88","2971.40"
"19/10/2015 11:00 - 19/10/2015 12:00","BZN|DK1","2909.85","2934.00"
"19/10/2015 12:00 - 19/10/2015 13:00","BZN|DK1","2835.26","2825.60"
"19/10/2015 13:00 - 19/10/2015 14:00","BZN|DK1","2813.40","2846.40"
"19/10/2015 14:00 - 19/10/2015 15:00","BZN|DK1","2734.38","2770.10"
"19/10/2015 15:00 - 19/10/2015 16:00","BZN|DK1","2634.05","2612.10"
"19/10/2015 16:00 - 19/10/2015 17:00","BZN|DK1","2638.88","2632.90"
"19/10/2015 17:00 - 19/10/2015 18:00","BZN|DK1","2817.36","2835.80"
"19/10/2015 18:00 - 19/10/2015 19:00","BZN|DK1","2915.49","2883.80"
"19/10/2015 19:00 - 19/10/2015 20:00","BZN|DK1","2834.10","2817.90"
"19/10/2015 20:00 - 19/10/2015 21:00","BZN|DK1","2568.85","2600.80"
"19/10/2015 21:00 - 19/10/2015 22:00","BZN|DK1","2375.85","2388.30"
"19/10/2015 22:00 - 19/10/2015 23:00","BZN|DK1","2157.22","2183.00"
"19/10/2015 23:00 - 20/10/2015 00:00","BZN|DK1","1948.21","1948.90"
"20/10/2015 00:00 - 20/10/2015 01:00","BZN|DK1","1813.53","1809.30"
"20/10/2015 01:00 - 20/10/2015 02:00","BZN|DK1","1774.70","1746.30"
"20/10/2015 02:00 - 20/10/2015 03:00","BZN|DK1","1741.20","1730.50"
"20/10/2015 03:00 - 20/10/2015 04:00","BZN|DK1","1738.23","1743.10"
"20/10/2015 04:00 - 20/10/2015 05:00","BZN|DK1","1776.53","1766.00"
"20/10/2015 05:00 - 20/10/2015 06:00","BZN|DK1","1936.79","1931.80"
"20/10/2015 06:00 - 20/10/2015 07:00","BZN|DK1","2376.79","2370.30"
"20/10/2015 07:00 - 20/10/2015 08:00","BZN|DK1","2851.00","2849.80"
"20/10/2015 08:00 - 20/10/2015 09:00","BZN|DK1","2956.56","2964.50"
"20/10/2015 09:00 - 20/10/2015 10:00","BZN|DK1","2939.29","2933.60"
"20/10/2015 10:00 - 20/10/2015 11:00","BZN|DK1","2981.05","2994.90"
"20/10/2015 11:00 - 20/10/2015 12:00","BZN|DK1","2993.40","2974.20"
"20/10/2015 12:00 - 20/10/2015 13:00","BZN|DK1","2924.95","2908.40"
"20/10/2015 13:00 - 20/10/2015 14:00","BZN|DK1","2884.44","2880.90"
"20/10/2015 14:00 - 20/10/2015 15:00","BZN|DK1","2799.85","2811.80"
"20/10/2015 15:00 - 20/10/2015 16:00","BZN|DK1","2694.19","2685.00"
"20/10/2015 16:00 - 20/10/2015 17:00","BZN|DK1","2657.19","2680.90"
"20/10/2015 17:00 - 20/10/2015 18:00","BZN|DK1","2834.97","2848.40"
"20/10/2015 18:00 - 20/10/2015 19:00","BZN|DK1","2881.61","2881.90"
"20/10/2015 19:00 - 20/10/2015 20:00","BZN|DK1","2814.49","2762.90"
"20/10/2015 20:00 - 20/10/2015 21:00","BZN|DK1","2581.40","2592.40"
"20/10/2015 21:00 - 20/10/2015 22:00","BZN|DK1","2374.51","2375.20"
"20/10/2015 22:00 - 20/10/2015 23:00","BZN|DK1","2158.31","2164.20"
"20/10/2015 23:00 - 21/10/2015 00:00","BZN|DK1","1937.94","1949.90"
"21/10/2015 00:00 - 21/10/2015 01:00","BZN|DK1","1787.44","1790.60"
"21/10/2015 01:00 - 21/10/2015 02:00","BZN|DK1","1730.82","1718.70"
"21/10/2015 02:00 - 21/10/2015 03:00","BZN|DK1","1705.83","1705.00"
"21/10/2015 03:00 - 21/10/2015 04:00","BZN|DK1","1722.68","1716.60"
"21/10/2015 04:00 - 21/10/2015 05:00","BZN|DK1","1763.46","1757.40"
"21/10/2015 05:00 - 21/10/2015 06:00","BZN|DK1","1930.12","1940.60"
"21/10/2015 06:00 - 21/10/2015 07:00","BZN|DK1","2368.10","2363.50"
"21/10/2015 07:00 - 21/10/2015 08:00","BZN|DK1","2830.92","2832.30"
"21/10/2015 08:00 - 21/10/2015 09:00","BZN|DK1","2906.11","2902.20"
"21/10/2015 09:00 - 21/10/2015 10:00","BZN|DK1","2895.34","2883.70"
"21/10/2015 10:00 - 21/10/2015 11:00","BZN|DK1","2922.86","2933.80"
"21/10/2015 11:00 - 21/10/2015 12:00","BZN|DK1","2927.22","2896.80"
"21/10/2015 12:00 - 21/10/2015 13:00","BZN|DK1","2897.47","2868.50"
"21/10/2015 13:00 - 21/10/2015 14:00","BZN|DK1","2710.90","2817.30"
"21/10/2015 14:00 - 21/10/2015 15:00","BZN|DK1","2625.86","2657.60"
"21/10/2015 15:00 - 21/10/2015 16:00","BZN|DK1","2528.16","2566.80"
"21/10/2015 16:00 - 21/10/2015 17:00","BZN|DK1","2641.57","2637.90"
"21/10/2015 17:00 - 21/10/2015 18:00","BZN|DK1","2881.45","2887.60"
"21/10/2015 18:00 - 21/10/2015 19:00","BZN|DK1","2880.40","2917.60"
"21/10/2015 19:00 - 21/10/2015 20:00","BZN|DK1","2760.68","2755.40"
"21/10/2015 20:00 - 21/10/2015 21:00","BZN|DK1","2564.21","2560.90"
"21/10/2015 21:00 - 21/10/2015 22:00","BZN|DK1","2390.03","2382.00"
"21/10/2015 22:00 - 21/10/2015 23:00","BZN|DK1","2166.42","2176.50"
"21/10/2015 23:00 - 22/10/2015 00:00","BZN|DK1","1979.25","1948.10"
"22/10/2015 00:00 - 22/10/2015 01:00","BZN|DK1","1869.64","1826.20"
"22/10/2015 01:00 - 22/10/2015 02:00","BZN|DK1","1800.36","1786.70"
"22/10/2015 02:00 - 22/10/2015 03:00","BZN|DK1","1768.72","1770.50"
"22/10/2015 03:00 - 22/10/2015 04:00","BZN|DK1","1773.45","1769.50"
"22/10/2015 04:00 - 22/10/2015 05:00","BZN|DK1","1806.75","1790.80"
"22/10/2015 05:00 - 22/10/2015 06:00","BZN|DK1","1959.08","1970.30"
"22/10/2015 06:00 - 22/10/2015 07:00","BZN|DK1","2395.49","2399.50"
"22/10/2015 07:00 - 22/10/2015 08:00","BZN|DK1","2829.73","2835.00"
"22/10/2015 08:00 - 22/10/2015 09:00","BZN|DK1","2937.69","2916.60"
"22/10/2015 09:00 - 22/10/2015 10:00","BZN|DK1","2917.85","2899.00"
"22/10/2015 10:00 - 22/10/2015 11:00","BZN|DK1","2963.36","2947.20"
"22/10/2015 11:00 - 22/10/2015 12:00","BZN|DK1","2929.91","2925.50"
"22/10/2015 12:00 - 22/10/2015 13:00","BZN|DK1","2853.57","2849.50"
"22/10/2015 13:00 - 22/10/2015 14:00","BZN|DK1","2859.55","2860.90"
"22/10/2015 14:00 - 22/10/2015 15:00","BZN|DK1","2782.54","2811.70"
"22/10/2015 15:00 - 22/10/2015 16:00","BZN|DK1","2631.45","2619.20"
"22/10/2015 16:00 - 22/10/2015 17:00","BZN|DK1","2622.31","2625.90"
"22/10/2015 17:00 - 22/10/2015 18:00","BZN|DK1","2774.26","2786.50"
"22/10/2015 18:00 - 22/10/2015 19:00","BZN|DK1","2807.88","2821.30"
"22/10/2015 19:00 - 22/10/2015 20:00","BZN|DK1","2716.42","2713.80"
"22/10/2015 20:00 - 22/10/2015 21:00","BZN|DK1","2512.06","2520.50"
"22/10/2015 21:00 - 22/10/2015 22:00","BZN|DK1","2324.65","2329.10"
"22/10/2015 22:00 - 22/10/2015 23:00","BZN|DK1","2134.93","2137.80"
"22/10/2015 23:00 - 23/10/2015 00:00","BZN|DK1","1876.37","1936.60"
"23/10/2015 00:00 - 23/10/2015 01:00","BZN|DK1","1755.64","1750.90"
"23/10/2015 01:00 - 23/10/2015 02:00","BZN|DK1","1681.51","1684.80"
"23/10/2015 02:00 - 23/10/2015 03:00","BZN|DK1","1652.73","1652.50"
"23/10/2015 03:00 - 23/10/2015 04:00","BZN|DK1","1675.60","1660.70"
"23/10/2015 04:00 - 23/10/2015 05:00","BZN|DK1","1738.61","1726.40"
"23/10/2015 05:00 - 23/10/2015 06:00","BZN|DK1","1833.95","1884.10"
"23/10/2015 06:00 - 23/10/2015 07:00","BZN|DK1","2241.46","2236.30"
"23/10/2015 07:00 - 23/10/2015 08:00","BZN|DK1","2696.89","2697.90"
"23/10/2015 08:00 - 23/10/2015 09:00","BZN|DK1","2789.11","2794.50"
"23/10/2015 09:00 - 23/10/2015 10:00","BZN|DK1","2762.26","2781.70"
"23/10/2015 10:00 - 23/10/2015 11:00","BZN|DK1","2758.77","2769.50"
"23/10/2015 11:00 - 23/10/2015 12:00","BZN|DK1","2690.27","2697.80"
"23/10/2015 12:00 - 23/10/2015 13:00","BZN|DK1","2558.84","2551.30"
"23/10/2015 13:00 - 23/10/2015 14:00","BZN|DK1","2464.62","2466.30"
"23/10/2015 14:00 - 23/10/2015 15:00","BZN|DK1","2332.82","2358.20"
"23/10/2015 15:00 - 23/10/2015 16:00","BZN|DK1","2273.55","2257.40"
"23/10/2015 16:00 - 23/10/2015 17:00","BZN|DK1","2317.21","2313.20"
"23/10/2015 17:00 - 23/10/2015 18:00","BZN|DK1","2539.67","2524.70"
"23/10/2015 18:00 - 23/10/2015 19:00","BZN|DK1","2680.08","2613.50"
"23/10/2015 19:00 - 23/10/2015 20:00","BZN|DK1","2535.71","2543.40"
"23/10/2015 20:00 - 23/10/2015 21:00","BZN|DK1","2334.15","2334.60"
"23/10/2015 21:00 - 23/10/2015 22:00","BZN|DK1","2182.32","2168.50"
"23/10/2015 22:00 - 23/10/2015 23:00","BZN|DK1","2040.23","2017.40"
"23/10/2015 23:00 - 24/10/2015 00:00","BZN|DK1","1856.73","1861.00"
"24/10/2015 00:00 - 24/10/2015 01:00","BZN|DK1","1693.11","1703.00"
"24/10/2015 01:00 - 24/10/2015 02:00","BZN|DK1","1591.35","1611.80"
"24/10/2015 02:00 - 24/10/2015 03:00","BZN|DK1","1524.94","1563.70"
"24/10/2015 03:00 - 24/10/2015 04:00","BZN|DK1","1507.82","1514.90"
"24/10/2015 04:00 - 24/10/2015 05:00","BZN|DK1","1524.66","1527.80"
"24/10/2015 05:00 - 24/10/2015 06:00","BZN|DK1","1598.56","1592.90"
"24/10/2015 06:00 - 24/10/2015 07:00","BZN|DK1","1719.19","1717.50"
"24/10/2015 07:00 - 24/10/2015 08:00","BZN|DK1","1920.23","1928.10"
"24/10/2015 08:00 - 24/10/2015 09:00","BZN|DK1","2078.79","2063.20"
"24/10/2015 09:00 - 24/10/2015 10:00","BZN|DK1","2211.61","2189.70"
"24/10/2015 10:00 - 24/10/2015 11:00","BZN|DK1","2284.39","2272.00"
"24/10/2015 11:00 - 24/10/2015 12:00","BZN|DK1","2264.30","2266.20"
"24/10/2015 12:00 - 24/10/2015 13:00","BZN|DK1","2228.56","2209.10"
"24/10/2015 13:00 - 24/10/2015 14:00","BZN|DK1","2196.82","2178.60"
"24/10/2015 14:00 - 24/10/2015 15:00","BZN|DK1","2219.90","2176.30"
"24/10/2015 15:00 - 24/10/2015 16:00","BZN|DK1","2152.39","2169.80"
"24/10/2015 16:00 - 24/10/2015 17:00","BZN|DK1","2189.81","2183.80"
"24/10/2015 17:00 - 24/10/2015 18:00","BZN|DK1","2418.53","2397.70"
"24/10/2015 18:00 - 24/10/2015 19:00","BZN|DK1","2505.37","2524.90"
"24/10/2015 19:00 - 24/10/2015 20:00","BZN|DK1","2316.07","2337.10"
"24/10/2015 20:00 - 24/10/2015 21:00","BZN|DK1","2165.75","2165.30"
"24/10/2015 21:00 - 24/10/2015 22:00","BZN|DK1","2028.87","2052.30"
"24/10/2015 22:00 - 24/10/2015 23:00","BZN|DK1","1864.34","1908.70"
"24/10/2015 23:00 - 25/10/2015 00:00","BZN|DK1","1748.36","1760.40"
"25/10/2015 00:00 - 25/10/2015 01:00","BZN|DK1","1669.56","1664.70"
"25/10/2015 01:00 - 25/10/2015 02:00 (CEST)","BZN|DK1","1577.00","1568.40"
"25/10/2015 02:00 (CEST) - 25/10/2015 02:00 (CET)","BZN|DK1","1510.64","1520.60"
"25/10/2015 02:00 (CET) - 25/10/2015 03:00","BZN|DK1","1493.00","1487.00"
"25/10/2015 03:00 - 25/10/2015 04:00","BZN|DK1","1519.60","1485.80"
"25/10/2015 04:00 - 25/10/2015 05:00","BZN|DK1","1521.13","1526.50"
"25/10/2015 05:00 - 25/10/2015 06:00","BZN|DK1","1570.91","1569.40"
"25/10/2015 06:00 - 25/10/2015 07:00","BZN|DK1","1714.34","1704.40"
"25/10/2015 07:00 - 25/10/2015 08:00","BZN|DK1","1838.57","1840.30"
"25/10/2015 08:00 - 25/10/2015 09:00","BZN|DK1","1971.14","1963.50"
"25/10/2015 09:00 - 25/10/2015 10:00","BZN|DK1","2038.27","2020.00"
"25/10/2015 10:00 - 25/10/2015 11:00","BZN|DK1","2039.54","2049.30"
"25/10/2015 11:00 - 25/10/2015 12:00","BZN|DK1","2029.76","2017.20"
"25/10/2015 12:00 - 25/10/2015 13:00","BZN|DK1","2001.70","1989.80"
"25/10/2015 13:00 - 25/10/2015 14:00","BZN|DK1","1995.67","1992.70"
"25/10/2015 14:00 - 25/10/2015 15:00","BZN|DK1","1967.49","1994.50"
"25/10/2015 15:00 - 25/10/2015 16:00","BZN|DK1","2002.49","1978.80"
"25/10/2015 16:00 - 25/10/2015 17:00","BZN|DK1","2157.62","2140.30"
"25/10/2015 17:00 - 25/10/2015 18:00","BZN|DK1","2581.38","2531.00"
"25/10/2015 18:00 - 25/10/2015 19:00","BZN|DK1","2561.45","2524.70"
"25/10/2015 19:00 - 25/10/2015 20:00","BZN|DK1","2349.54","2365.90"
"25/10/2015 20:00 - 25/10/2015 21:00","BZN|DK1","2168.96","2175.40"
"25/10/2015 21:00 - 25/10/2015 22:00","BZN|DK1","2024.33","2031.80"
"25/10/2015 22:00 - 25/10/2015 23:00","BZN|DK1","1876.28","1866.50"
"25/10/2015 23:00 - 26/10/2015 00:00","BZN|DK1","1750.87","1729.80"
"26/10/2015 00:00 - 26/10/2015 01:00","BZN|DK1","1667.19","1665.80"
"26/10/2015 01:00 - 26/10/2015 02:00","BZN|DK1","1620.13","1624.30"
"26/10/2015 02:00 - 26/10/2015 03:00","BZN|DK1","1609.35","1619.30"
"26/10/2015 03:00 - 26/10/2015 04:00","BZN|DK1","1629.02","1639.60"
"26/10/2015 04:00 - 26/10/2015 05:00","BZN|DK1","1700.35","1682.00"
"26/10/2015 05:00 - 26/10/2015 06:00","BZN|DK1","1919.55","1896.40"
"26/10/2015 06:00 - 26/10/2015 07:00","BZN|DK1","2391.20","2371.30"
"26/10/2015 07:00 - 26/10/2015 08:00","BZN|DK1","2786.18","2778.00"
"26/10/2015 08:00 - 26/10/2015 09:00","BZN|DK1","2867.21","2890.90"
"26/10/2015 09:00 - 26/10/2015 10:00","BZN|DK1","2828.02","2851.60"
"26/10/2015 10:00 - 26/10/2015 11:00","BZN|DK1","2896.67","2888.80"
"26/10/2015 11:00 - 26/10/2015 12:00","BZN|DK1","2854.42","2888.90"
"26/10/2015 12:00 - 26/10/2015 13:00","BZN|DK1","2776.43","2778.90"
"26/10/2015 13:00 - 26/10/2015 14:00","BZN|DK1","2809.40","2799.80"
"26/10/2015 14:00 - 26/10/2015 15:00","BZN|DK1","2748.41","2767.60"
"26/10/2015 15:00 - 26/10/2015 16:00","BZN|DK1","2657.63","2649.00"
"26/10/2015 16:00 - 26/10/2015 17:00","BZN|DK1","2667.53","2689.60"
"26/10/2015 17:00 - 26/10/2015 18:00","BZN|DK1","3050.76","3023.50"
"26/10/2015 18:00 - 26/10/2015 19:00","BZN|DK1","2969.97","2936.10"
"26/10/2015 19:00 - 26/10/2015 20:00","BZN|DK1","2766.48","2757.60"
"26/10/2015 20:00 - 26/10/2015 21:00","BZN|DK1","2522.48","2527.70"
"26/10/2015 21:00 - 26/10/2015 22:00","BZN|DK1","2312.05","2316.20"
"26/10/2015 22:00 - 26/10/2015 23:00","BZN|DK1","2094.84","2076.70"
"26/10/2015 23:00 - 27/10/2015 00:00","BZN|DK1","1901.11","1874.20"
"27/10/2015 00:00 - 27/10/2015 01:00","BZN|DK1","1795.49","1813.10"
"27/10/2015 01:00 - 27/10/2015 02:00","BZN|DK1","1731.52","1740.00"
"27/10/2015 02:00 - 27/10/2015 03:00","BZN|DK1","1696.79","1709.30"
"27/10/2015 03:00 - 27/10/2015 04:00","BZN|DK1","1728.87","1713.60"
"27/10/2015 04:00 - 27/10/2015 05:00","BZN|DK1","1795.46","1795.00"
"27/10/2015 05:00 - 27/10/2015 06:00","BZN|DK1","1996.66","1971.80"
"27/10/2015 06:00 - 27/10/2015 07:00","BZN|DK1","2450.63","2445.80"
"27/10/2015 07:00 - 27/10/2015 08:00","BZN|DK1","2875.47","2898.40"
"27/10/2015 08:00 - 27/10/2015 09:00","BZN|DK1","2974.10","2981.20"
"27/10/2015 09:00 - 27/10/2015 10:00","BZN|DK1","2937.74","2951.60"
"27/10/2015 10:00 - 27/10/2015 11:00","BZN|DK1","2960.70","2956.00"
"27/10/2015 11:00 - 27/10/2015 12:00","BZN|DK1","2897.45","2946.70"
"27/10/2015 12:00 - 27/10/2015 13:00","BZN|DK1","2754.16","2772.40"
"27/10/2015 13:00 - 27/10/2015 14:00","BZN|DK1","2793.13","2798.40"
"27/10/2015 14:00 - 27/10/2015 15:00","BZN|DK1","2739.16","2734.00"
"27/10/2015 15:00 - 27/10/2015 16:00","BZN|DK1","2632.16","2618.60"
"27/10/2015 16:00 - 27/10/2015 17:00","BZN|DK1","2698.24","2677.80"
"27/10/2015 17:00 - 27/10/2015 18:00","BZN|DK1","3060.18","3041.20"
"27/10/2015 18:00 - 27/10/2015 19:00","BZN|DK1","2931.77","2964.00"
"27/10/2015 19:00 - 27/10/2015 20:00","BZN|DK1","2716.22","2768.00"
"27/10/2015 20:00 - 27/10/2015 21:00","BZN|DK1","2510.24","2547.40"
"27/10/2015 21:00 - 27/10/2015 22:00","BZN|DK1","2324.83","2333.50"
"27/10/2015 22:00 - 27/10/2015 23:00","BZN|DK1","2126.37","2123.80"
"27/10/2015 23:00 - 28/10/2015 00:00","BZN|DK1","1931.41","1932.10"
"28/10/2015 00:00 - 28/10/2015 01:00","BZN|DK1","1769.16","1772.10"
"28/10/2015 01:00 - 28/10/2015 02:00","BZN|DK1","1700.88","1714.10"
"28/10/2015 02:00 - 28/10/2015 03:00","BZN|DK1","1685.81","1682.30"
"28/10/2015 03:00 - 28/10/2015 04:00","BZN|DK1","1704.64","1695.00"
"28/10/2015 04:00 - 28/10/2015 05:00","BZN|DK1","1756.49","1755.20"
"28/10/2015 05:00 - 28/10/2015 06:00","BZN|DK1","1907.26","1926.00"
"28/10/2015 06:00 - 28/10/2015 07:00","BZN|DK1","2351.66","2383.20"
"28/10/2015 07:00 - 28/10/2015 08:00","BZN|DK1","2709.74","2737.40"
"28/10/2015 08:00 - 28/10/2015 09:00","BZN|DK1","2827.60","2803.80"
"28/10/2015 09:00 - 28/10/2015 10:00","BZN|DK1","2813.46","2818.60"
"28/10/2015 10:00 - 28/10/2015 11:00","BZN|DK1","2798.41","2834.10"
"28/10/2015 11:00 - 28/10/2015 12:00","BZN|DK1","2771.48","2785.30"
"28/10/2015 12:00 - 28/10/2015 13:00","BZN|DK1","2689.31","2689.10"
"28/10/2015 13:00 - 28/10/2015 14:00","BZN|DK1","2720.15","2726.40"
"28/10/2015 14:00 - 28/10/2015 15:00","BZN|DK1","2653.60","2663.70"
"28/10/2015 15:00 - 28/10/2015 16:00","BZN|DK1","2552.92","2531.50"
"28/10/2015 16:00 - 28/10/2015 17:00","BZN|DK1","2600.74","2611.80"
"28/10/2015 17:00 - 28/10/2015 18:00","BZN|DK1","2973.15","2983.70"
"28/10/2015 18:00 - 28/10/2015 19:00","BZN|DK1","2859.68","2871.80"
"28/10/2015 19:00 - 28/10/2015 20:00","BZN|DK1","2678.76","2659.60"
"28/10/2015 20:00 - 28/10/2015 21:00","BZN|DK1","2473.27","2468.50"
"28/10/2015 21:00 - 28/10/2015 22:00","BZN|DK1","2302.25","2279.80"
"28/10/2015 22:00 - 28/10/2015 23:00","BZN|DK1","2094.41","2061.50"
"28/10/2015 23:00 - 29/10/2015 00:00","BZN|DK1","1888.74","1868.60"
"29/10/2015 00:00 - 29/10/2015 01:00","BZN|DK1","1787.39","1796.80"
"29/10/2015 01:00 - 29/10/2015 02:00","BZN|DK1","1734.96","1731.80"
"29/10/2015 02:00 - 29/10/2015 03:00","BZN|DK1","1716.11","1706.50"
"29/10/2015 03:00 - 29/10/2015 04:00","BZN|DK1","1708.13","1722.70"
"29/10/2015 04:00 - 29/10/2015 05:00","BZN|DK1","1760.03","1766.90"
"29/10/2015 05:00 - 29/10/2015 06:00","BZN|DK1","1928.20","1931.80"
"29/10/2015 06:00 - 29/10/2015 07:00","BZN|DK1","2369.41","2411.30"
"29/10/2015 07:00 - 29/10/2015 08:00","BZN|DK1","2747.10","2739.60"
"29/10/2015 08:00 - 29/10/2015 09:00","BZN|DK1","2857.46","2837.70"
"29/10/2015 09:00 - 29/10/2015 10:00","BZN|DK1","2883.74","2858.90"
"29/10/2015 10:00 - 29/10/2015 11:00","BZN|DK1","2950.79","2868.00"
"29/10/2015 11:00 - 29/10/2015 12:00","BZN|DK1","2946.13","2896.50"
"29/10/2015 12:00 - 29/10/2015 13:00","BZN|DK1","2867.64","2862.30"
"29/10/2015 13:00 - 29/10/2015 14:00","BZN|DK1","2856.12","2864.40"
"29/10/2015 14:00 - 29/10/2015 15:00","BZN|DK1","2798.41","2776.20"
"29/10/2015 15:00 - 29/10/2015 16:00","BZN|DK1","2706.02","2682.60"
"29/10/2015 16:00 - 29/10/2015 17:00","BZN|DK1","2756.74","2751.10"
"29/10/2015 17:00 - 29/10/2015 18:00","BZN|DK1","3080.19","3104.50"
"29/10/2015 18:00 - 29/10/2015 19:00","BZN|DK1","2991.50","2980.10"
"29/10/2015 19:00 - 29/10/2015 20:00","BZN|DK1","2783.60","2773.70"
"29/10/2015 20:00 - 29/10/2015 21:00","BZN|DK1","2563.65","2558.30"
"29/10/2015 21:00 - 29/10/2015 22:00","BZN|DK1","2385.64","2374.50"
"29/10/2015 22:00 - 29/10/2015 23:00","BZN|DK1","2151.04","2164.50"
"29/10/2015 23:00 - 30/10/2015 00:00","BZN|DK1","1959.57","1934.70"
"30/10/2015 00:00 - 30/10/2015 01:00","BZN|DK1","1825.29","1847.70"
"30/10/2015 01:00 - 30/10/2015 02:00","BZN|DK1","1763.11","1759.20"
"30/10/2015 02:00 - 30/10/2015 03:00","BZN|DK1","1728.63","1728.70"
"30/10/2015 03:00 - 30/10/2015 04:00","BZN|DK1","1734.30","1747.80"
"30/10/2015 04:00 - 30/10/2015 05:00","BZN|DK1","1788.54","1776.80"
"30/10/2015 05:00 - 30/10/2015 06:00","BZN|DK1","1951.84","1947.10"
"30/10/2015 06:00 - 30/10/2015 07:00","BZN|DK1","2371.42","2386.50"
"30/10/2015 07:00 - 30/10/2015 08:00","BZN|DK1","2782.18","2767.80"
"30/10/2015 08:00 - 30/10/2015 09:00","BZN|DK1","2815.29","2848.60"
"30/10/2015 09:00 - 30/10/2015 10:00","BZN|DK1","2764.53","2794.50"
"30/10/2015 10:00 - 30/10/2015 11:00","BZN|DK1","2722.24","2789.00"
"30/10/2015 11:00 - 30/10/2015 12:00","BZN|DK1","2705.56","2680.10"
"30/10/2015 12:00 - 30/10/2015 13:00","BZN|DK1","2746.30","2653.30"
"30/10/2015 13:00 - 30/10/2015 14:00","BZN|DK1","2705.06","2678.50"
"30/10/2015 14:00 - 30/10/2015 15:00","BZN|DK1","2601.28","2583.30"
"30/10/2015 15:00 - 30/10/2015 16:00","BZN|DK1","2538.26","2531.90"
"30/10/2015 16:00 - 30/10/2015 17:00","BZN|DK1","2574.75","2602.20"
"30/10/2015 17:00 - 30/10/2015 18:00","BZN|DK1","2826.85","2832.70"
"30/10/2015 18:00 - 30/10/2015 19:00","BZN|DK1","2724.82","2709.30"
"30/10/2015 19:00 - 30/10/2015 20:00","BZN|DK1","2497.09","2500.10"
"30/10/2015 20:00 - 30/10/2015 21:00","BZN|DK1","2294.87","2309.60"
"30/10/2015 21:00 - 30/10/2015 22:00","BZN|DK1","2135.46","2150.10"
"30/10/2015 22:00 - 30/10/2015 23:00","BZN|DK1","1972.48","1986.00"
"30/10/2015 23:00 - 31/10/2015 00:00","BZN|DK1","1795.42","1801.00"
"31/10/2015 00:00 - 31/10/2015 01:00","BZN|DK1","1685.15","1681.00"
"31/10/2015 01:00 - 31/10/2015 02:00","BZN|DK1","1611.53","1610.20"
"31/10/2015 02:00 - 31/10/2015 03:00","BZN|DK1","1561.16","1564.60"
"31/10/2015 03:00 - 31/10/2015 04:00","BZN|DK1","1558.57","1541.20"
"31/10/2015 04:00 - 31/10/2015 05:00","BZN|DK1","1558.19","1560.20"
"31/10/2015 05:00 - 31/10/2015 06:00","BZN|DK1","1609.84","1623.30"
"31/10/2015 06:00 - 31/10/2015 07:00","BZN|DK1","1755.58","1767.80"
"31/10/2015 07:00 - 31/10/2015 08:00","BZN|DK1","1925.77","1953.80"
"31/10/2015 08:00 - 31/10/2015 09:00","BZN|DK1","2114.03","2123.90"
"31/10/2015 09:00 - 31/10/2015 10:00","BZN|DK1","2190.16","2212.10"
"31/10/2015 10:00 - 31/10/2015 11:00","BZN|DK1","2199.88","2218.60"
"31/10/2015 11:00 - 31/10/2015 12:00","BZN|DK1","2159.99","2161.60"
"31/10/2015 12:00 - 31/10/2015 13:00","BZN|DK1","2105.80","2109.50"
"31/10/2015 13:00 - 31/10/2015 14:00","BZN|DK1","2078.35","2068.60"
"31/10/2015 14:00 - 31/10/2015 15:00","BZN|DK1","2054.98","2056.30"
"31/10/2015 15:00 - 31/10/2015 16:00","BZN|DK1","2047.90","2078.30"
"31/10/2015 16:00 - 31/10/2015 17:00","BZN|DK1","2169.95","2219.40"
"31/10/2015 17:00 - 31/10/2015 18:00","BZN|DK1","2560.44","2544.50"
"31/10/2015 18:00 - 31/10/2015 19:00","BZN|DK1","2508.80","2477.50"
"31/10/2015 19:00 - 31/10/2015 20:00","BZN|DK1","2278.00","2252.10"
"31/10/2015 20:00 - 31/10/2015 21:00","BZN|DK1","2110.81","2099.60"
"31/10/2015 21:00 - 31/10/2015 22:00","BZN|DK1","1973.21","1965.60"
"31/10/2015 22:00 - 31/10/2015 23:00","BZN|DK1","1842.18","1844.80"
"31/10/2015 23:00 - 01/11/2015 00:00","BZN|DK1","1709.96","1718.90"
"01/11/2015 00:00 - 01/11/2015 01:00","BZN|DK1","1612.64","1651.30"
"01/11/2015 01:00 - 01/11/2015 02:00","BZN|DK1","1556.15","1548.80"
"01/11/2015 02:00 - 01/11/2015 03:00","BZN|DK1","1515.17","1519.30"
"01/11/2015 03:00 - 01/11/2015 04:00","BZN|DK1","1511.56","1506.30"
"01/11/2015 04:00 - 01/11/2015 05:00","BZN|DK1","1519.95","1521.00"
"01/11/2015 05:00 - 01/11/2015 06:00","BZN|DK1","1566.00","1561.20"
"01/11/2015 06:00 - 01/11/2015 07:00","BZN|DK1","1678.75","1669.80"
"01/11/2015 07:00 - 01/11/2015 08:00","BZN|DK1","1825.96","1833.50"
"01/11/2015 08:00 - 01/11/2015 09:00","BZN|DK1","1977.67","1976.60"
"01/11/2015 09:00 - 01/11/2015 10:00","BZN|DK1","2086.53","2062.00"
"01/11/2015 10:00 - 01/11/2015 11:00","BZN|DK1","2145.82","2122.00"
"01/11/2015 11:00 - 01/11/2015 12:00","BZN|DK1","2160.35","2156.80"
"01/11/2015 12:00 - 01/11/2015 13:00","BZN|DK1","2149.98","2156.20"
"01/11/2015 13:00 - 01/11/2015 14:00","BZN|DK1","2122.35","2147.00"
"01/11/2015 14:00 - 01/11/2015 15:00","BZN|DK1","2110.53","2126.50"
"01/11/2015 15:00 - 01/11/2015 16:00","BZN|DK1","2125.63","2137.60"
"01/11/2015 16:00 - 01/11/2015 17:00","BZN|DK1","2261.61","2282.80"
"01/11/2015 17:00 - 01/11/2015 18:00","BZN|DK1","2616.81","2633.30"
"01/11/2015 18:00 - 01/11/2015 19:00","BZN|DK1","2560.24","2548.40"
"01/11/2015 19:00 - 01/11/2015 20:00","BZN|DK1","2372.76","2369.10"
"01/11/2015 20:00 - 01/11/2015 21:00","BZN|DK1","2198.77","2208.70"
"01/11/2015 21:00 - 01/11/2015 22:00","BZN|DK1","2027.30","2018.20"
"01/11/2015 22:00 - 01/11/2015 23:00","BZN|DK1","1871.05","1871.00"
"01/11/2015 23:00 - 02/11/2015 00:00","BZN|DK1","1729.49","1757.90"
"02/11/2015 00:00 - 02/11/2015 01:00","BZN|DK1","1644.65","1639.30"
"02/11/2015 01:00 - 02/11/2015 02:00","BZN|DK1","1602.15","1635.70"
"02/11/2015 02:00 - 02/11/2015 03:00","BZN|DK1","1585.16","1593.90"
"02/11/2015 03:00 - 02/11/2015 04:00","BZN|DK1","1596.70","1613.20"
"02/11/2015 04:00 - 02/11/2015 05:00","BZN|DK1","1653.10","1665.50"
"02/11/2015 05:00 - 02/11/2015 06:00","BZN|DK1","1831.87","1833.20"
"02/11/2015 06:00 - 02/11/2015 07:00","BZN|DK1","2288.73","2276.70"
"02/11/2015 07:00 - 02/11/2015 08:00","BZN|DK1","2712.21","2727.70"
"02/11/2015 08:00 - 02/11/2015 09:00","BZN|DK1","2795.24","2797.50"
"02/11/2015 09:00 - 02/11/2015 10:00","BZN|DK1","2816.54","2787.70"
"02/11/2015 10:00 - 02/11/2015 11:00","BZN|DK1","2869.76","2870.40"
"02/11/2015 11:00 - 02/11/2015 12:00","BZN|DK1","2884.42","2839.60"
"02/11/2015 12:00 - 02/11/2015 13:00","BZN|DK1","2824.31","2780.70"
"02/11/2015 13:00 - 02/11/2015 14:00","BZN|DK1","2827.30","2823.70"
"02/11/2015 14:00 - 02/11/2015 15:00","BZN|DK1","2804.86","2793.90"
"02/11/2015 15:00 - 02/11/2015 16:00","BZN|DK1","2695.73","2693.40"
"02/11/2015 16:00 - 02/11/2015 17:00","BZN|DK1","2790.58","2772.50"
"02/11/2015 17:00 - 02/11/2015 18:00","BZN|DK1","3102.22","3111.60"
"02/11/2015 18:00 - 02/11/2015 19:00","BZN|DK1","2946.74","2952.90"
"02/11/2015 19:00 - 02/11/2015 20:00","BZN|DK1","2757.67","2746.50"
"02/11/2015 20:00 - 02/11/2015 21:00","BZN|DK1","2527.34","2523.70"
"02/11/2015 21:00 - 02/11/2015 22:00","BZN|DK1","2329.73","2334.50"
"02/11/2015 22:00 - 02/11/2015 23:00","BZN|DK1","2117.33","2114.00"
"02/11/2015 23:00 - 03/11/2015 00:00","BZN|DK1","1905.12","1915.50"
"03/11/2015 00:00 - 03/11/2015 01:00","BZN|DK1","1769.60","1767.30"
"03/11/2015 01:00 - 03/11/2015 02:00","BZN|DK1","1715.50","1704.30"
"03/11/2015 02:00 - 03/11/2015 03:00","BZN|DK1","1687.89","1685.20"
"03/11/2015 03:00 - 03/11/2015 04:00","BZN|DK1","1707.30","1696.50"
"03/11/2015 04:00 - 03/11/2015 05:00","BZN|DK1","1760.97","1759.00"
"03/11/2015 05:00 - 03/11/2015 06:00","BZN|DK1","1918.33","1925.30"
"03/11/2015 06:00 - 03/11/2015 07:00","BZN|DK1","2366.96","2386.80"
"03/11/2015 07:00 - 03/11/2015 08:00","BZN|DK1","2829.90","2828.30"
"03/11/2015 08:00 - 03/11/2015 09:00","BZN|DK1","2936.29","2915.40"
"03/11/2015 09:00 - 03/11/2015 10:00","BZN|DK1","2926.32","2903.80"
"03/11/2015 10:00 - 03/11/2015 11:00","BZN|DK1","2951.14","2937.00"
"03/11/2015 11:00 - 03/11/2015 12:00","BZN|DK1","2925.91","2932.60"
"03/11/2015 12:00 - 03/11/2015 13:00","BZN|DK1","2856.82","2847.20"
"03/11/2015 13:00 - 03/11/2015 14:00","BZN|DK1","2879.49","2879.20"
"03/11/2015 14:00 - 03/11/2015 15:00","BZN|DK1","2818.16","2818.20"
"03/11/2015 15:00 - 03/11/2015 16:00","BZN|DK1","2746.75","2724.50"
"03/11/2015 16:00 - 03/11/2015 17:00","BZN|DK1","2841.12","2829.10"
"03/11/2015 17:00 - 03/11/2015 18:00","BZN|DK1","3181.63","3150.80"
"03/11/2015 18:00 - 03/11/2015 19:00","BZN|DK1","2962.92","2987.30"
"03/11/2015 19:00 - 03/11/2015 20:00","BZN|DK1","2768.20","2748.00"
"03/11/2015 20:00 - 03/11/2015 21:00","BZN|DK1","2550.88","2553.40"
"03/11/2015 21:00 - 03/11/2015 22:00","BZN|DK1","2358.33","2351.30"
"03/11/2015 22:00 - 03/11/2015 23:00","BZN|DK1","2147.58","2139.40"
"03/11/2015 23:00 - 04/11/2015 00:00","BZN|DK1","1937.80","1922.30"
"04/11/2015 00:00 - 04/11/2015 01:00","BZN|DK1","1800.97","1809.80"
"04/11/2015 01:00 - 04/11/2015 02:00","BZN|DK1","1740.49","1729.80"
"04/11/2015 02:00 - 04/11/2015 03:00","BZN|DK1","1721.45","1711.20"
"04/11/2015 03:00 - 04/11/2015 04:00","BZN|DK1","1733.14","1724.00"
"04/11/2015 04:00 - 04/11/2015 05:00","BZN|DK1","1778.39","1780.60"
"04/11/2015 05:00 - 04/11/2015 06:00","BZN|DK1","1961.15","1954.50"
"04/11/2015 06:00 - 04/11/2015 07:00","BZN|DK1","2423.73","2426.30"
"04/11/2015 07:00 - 04/11/2015 08:00","BZN|DK1","2838.56","2865.70"
"04/11/2015 08:00 - 04/11/2015 09:00","BZN|DK1","2913.16","2911.90"
"04/11/2015 09:00 - 04/11/2015 10:00","BZN|DK1","2914.89","2881.00"
"04/11/2015 10:00 - 04/11/2015 11:00","BZN|DK1","2934.17","2921.70"
"04/11/2015 11:00 - 04/11/2015 12:00","BZN|DK1","2895.25","2914.00"
"04/11/2015 12:00 - 04/11/2015 13:00","BZN|DK1","2817.27","2813.20"
"04/11/2015 13:00 - 04/11/2015 14:00","BZN|DK1","2832.76","2828.80"
"04/11/2015 14:00 - 04/11/2015 15:00","BZN|DK1","2796.29","2778.90"
"04/11/2015 15:00 - 04/11/2015 16:00","BZN|DK1","2707.86","2698.50"
"04/11/2015 16:00 - 04/11/2015 17:00","BZN|DK1","2770.45","2785.90"
"04/11/2015 17:00 - 04/11/2015 18:00","BZN|DK1","3112.78","3102.90"
"04/11/2015 18:00 - 04/11/2015 19:00","BZN|DK1","2929.29","2945.20"
"04/11/2015 19:00 - 04/11/2015 20:00","BZN|DK1","2746.55","2727.80"
"04/11/2015 20:00 - 04/11/2015 21:00","BZN|DK1","2551.46","2544.00"
"04/11/2015 21:00 - 04/11/2015 22:00","BZN|DK1","2337.88","2365.70"
"04/11/2015 22:00 - 04/11/2015 23:00","BZN|DK1","2109.38","2175.40"
"04/11/2015 23:00 - 05/11/2015 00:00","BZN|DK1","1906.37","1965.30"
"05/11/2015 00:00 - 05/11/2015 01:00","BZN|DK1","1744.41","1773.20"
"05/11/2015 01:00 - 05/11/2015 02:00","BZN|DK1","1685.03","1699.60"
"05/11/2015 02:00 - 05/11/2015 03:00","BZN|DK1","1654.08","1666.30"
"05/11/2015 03:00 - 05/11/2015 04:00","BZN|DK1","1671.50","1672.10"
"05/11/2015 04:00 - 05/11/2015 05:00","BZN|DK1","1728.85","1737.80"
"05/11/2015 05:00 - 05/11/2015 06:00","BZN|DK1","1914.29","1910.80"
"05/11/2015 06:00 - 05/11/2015 07:00","BZN|DK1","2373.07","2366.20"
"05/11/2015 07:00 - 05/11/2015 08:00","BZN|DK1","2804.82","2794.90"
"05/11/2015 08:00 - 05/11/2015 09:00","BZN|DK1","2914.13","2898.40"
"05/11/2015 09:00 - 05/11/2015 10:00","BZN|DK1","2912.83","2897.00"
"05/11/2015 10:00 - 05/11/2015 11:00","BZN|DK1","2975.92","2958.80"
"05/11/2015 11:00 - 05/11/2015 12:00","BZN|DK1","2954.84","2953.30"
"05/11/2015 12:00 - 05/11/2015 13:00","BZN|DK1","2874.10","2871.80"
"05/11/2015 13:00 - 05/11/2015 14:00","BZN|DK1","2899.99","2904.30"
"05/11/2015 14:00 - 05/11/2015 15:00","BZN|DK1","2849.91","2852.30"
"05/11/2015 15:00 - 05/11/2015 16:00","BZN|DK1","2759.71","2749.80"
"05/11/2015 16:00 - 05/11/2015 17:00","BZN|DK1","2852.30","2859.10"
"05/11/2015 17:00 - 05/11/2015 18:00","BZN|DK1","3076.99","3137.30"
"05/11/2015 18:00 - 05/11/2015 19:00","BZN|DK1","2939.41","2925.30"
"05/11/2015 19:00 - 05/11/2015 20:00","BZN|DK1","2739.82","2739.90"
"05/11/2015 20:00 - 05/11/2015 21:00","BZN|DK1","2539.25","2564.00"
"05/11/2015 21:00 - 05/11/2015 22:00","BZN|DK1","2312.64","2391.30"
"05/11/2015 22:00 - 05/11/2015 23:00","BZN|DK1","2093.97","2196.50"
"05/11/2015 23:00 - 06/11/2015 00:00","BZN|DK1","1900.89","1985.30"
"06/11/2015 00:00 - 06/11/2015 01:00","BZN|DK1","1786.85","1765.00"
"06/11/2015 01:00 - 06/11/2015 02:00","BZN|DK1","1717.60","1718.20"
"06/11/2015 02:00 - 06/11/2015 03:00","BZN|DK1","1704.49","1700.60"
"06/11/2015 03:00 - 06/11/2015 04:00","BZN|DK1","1711.91","1712.30"
"06/11/2015 04:00 - 06/11/2015 05:00","BZN|DK1","1776.25","1762.30"
"06/11/2015 05:00 - 06/11/2015 06:00","BZN|DK1","1953.01","1944.00"
"06/11/2015 06:00 - 06/11/2015 07:00","BZN|DK1","2385.08","2380.50"
"06/11/2015 07:00 - 06/11/2015 08:00","BZN|DK1","2824.58","2808.20"
"06/11/2015 08:00 - 06/11/2015 09:00","BZN|DK1","2903.86","2888.30"
"06/11/2015 09:00 - 06/11/2015 10:00","BZN|DK1","2894.73","2887.90"
"06/11/2015 10:00 - 06/11/2015 11:00","BZN|DK1","2922.36","2924.00"
"06/11/2015 11:00 - 06/11/2015 12:00","BZN|DK1","2866.74","2857.50"
"06/11/2015 12:00 - 06/11/2015 13:00","BZN|DK1","2748.18","2744.00"
"06/11/2015 13:00 - 06/11/2015 14:00","BZN|DK1","2666.54","2659.60"
"06/11/2015 14:00 - 06/11/2015 15:00","BZN|DK1","2569.06","2552.90"
"06/11/2015 15:00 - 06/11/2015 16:00","BZN|DK1","2521.83","2503.20"
"06/11/2015 16:00 - 06/11/2015 17:00","BZN|DK1","2635.61","2645.30"
"06/11/2015 17:00 - 06/11/2015 18:00","BZN|DK1","2855.01","2914.50"
"06/11/2015 18:00 - 06/11/2015 19:00","BZN|DK1","2688.52","2719.40"
"06/11/2015 19:00 - 06/11/2015 20:00","BZN|DK1","2448.37","2451.70"
"06/11/2015 20:00 - 06/11/2015 21:00","BZN|DK1","2257.78","2270.40"
"06/11/2015 21:00 - 06/11/2015 22:00","BZN|DK1","2092.45","2117.40"
"06/11/2015 22:00 - 06/11/2015 23:00","BZN|DK1","1925.78","1955.50"
"06/11/2015 23:00 - 07/11/2015 00:00","BZN|DK1","1780.32","1796.30"
"07/11/2015 00:00 - 07/11/2015 01:00","BZN|DK1","1669.75","1632.20"
"07/11/2015 01:00 - 07/11/2015 02:00","BZN|DK1","1596.26","1576.70"
"07/11/2015 02:00 - 07/11/2015 03:00","BZN|DK1","1525.45","1539.90"
"07/11/2015 03:00 - 07/11/2015 04:00","BZN|DK1","1519.11","1520.30"
"07/11/2015 04:00 - 07/11/2015 05:00","BZN|DK1","1511.82","1524.80"
"07/11/2015 05:00 - 07/11/2015 06:00","BZN|DK1","1564.51","1554.50"
"07/11/2015 06:00 - 07/11/2015 07:00","BZN|DK1","1708.93","1691.80"
"07/11/2015 07:00 - 07/11/2015 08:00","BZN|DK1","1908.80","1906.90"
"07/11/2015 08:00 - 07/11/2015 09:00","BZN|DK1","2055.55","2055.20"
"07/11/2015 09:00 - 07/11/2015 10:00","BZN|DK1","2131.93","2160.80"
"07/11/2015 10:00 - 07/11/2015 11:00","BZN|DK1","2166.55","2183.80"
"07/11/2015 11:00 - 07/11/2015 12:00","BZN|DK1","2182.61","2170.30"
"07/11/2015 12:00 - 07/11/2015 13:00","BZN|DK1","2130.22","2144.10"
"07/11/2015 13:00 - 07/11/2015 14:00","BZN|DK1","2129.23","2111.40"
"07/11/2015 14:00 - 07/11/2015 15:00","BZN|DK1","2128.40","2121.00"
"07/11/2015 15:00 - 07/11/2015 16:00","BZN|DK1","2203.67","2183.50"
"07/11/2015 16:00 - 07/11/2015 17:00","BZN|DK1","2383.21","2366.70"
"07/11/2015 17:00 - 07/11/2015 18:00","BZN|DK1","2600.48","2619.40"
"07/11/2015 18:00 - 07/11/2015 19:00","BZN|DK1","2459.44","2462.00"
"07/11/2015 19:00 - 07/11/2015 20:00","BZN|DK1","2265.68","2264.50"
"07/11/2015 20:00 - 07/11/2015 21:00","BZN|DK1","2074.84","2089.50"
"07/11/2015 21:00 - 07/11/2015 22:00","BZN|DK1","1887.76","1900.10"
"07/11/2015 22:00 - 07/11/2015 23:00","BZN|DK1","1771.07","1745.50"
"07/11/2015 23:00 - 08/11/2015 00:00","BZN|DK1","1656.95","1616.70"
"08/11/2015 00:00 - 08/11/2015 01:00","BZN|DK1","1516.14","1534.00"
"08/11/2015 01:00 - 08/11/2015 02:00","BZN|DK1","1431.50","1456.50"
"08/11/2015 02:00 - 08/11/2015 03:00","BZN|DK1","1371.03","1390.90"
"08/11/2015 03:00 - 08/11/2015 04:00","BZN|DK1","1387.91","1374.80"
"08/11/2015 04:00 - 08/11/2015 05:00","BZN|DK1","1397.68","1404.80"
"08/11/2015 05:00 - 08/11/2015 06:00","BZN|DK1","1461.44","1457.50"
"08/11/2015 06:00 - 08/11/2015 07:00","BZN|DK1","1552.93","1584.40"
"08/11/2015 07:00 - 08/11/2015 08:00","BZN|DK1","1679.18","1732.00"
"08/11/2015 08:00 - 08/11/2015 09:00","BZN|DK1","1832.78","1854.50"
"08/11/2015 09:00 - 08/11/2015 10:00","BZN|DK1","1942.20","1957.00"
"08/11/2015 10:00 - 08/11/2015 11:00","BZN|DK1","1965.59","1972.90"
"08/11/2015 11:00 - 08/11/2015 12:00","BZN|DK1","1962.69","1970.00"
"08/11/2015 12:00 - 08/11/2015 13:00","BZN|DK1","1961.62","1944.80"
"08/11/2015 13:00 - 08/11/2015 14:00","BZN|DK1","1959.24","1956.80"
"08/11/2015 14:00 - 08/11/2015 15:00","BZN|DK1","1971.81","1970.50"
"08/11/2015 15:00 - 08/11/2015 16:00","BZN|DK1","2040.05","2018.00"
"08/11/2015 16:00 - 08/11/2015 17:00","BZN|DK1","2274.29","2229.90"
"08/11/2015 17:00 - 08/11/2015 18:00","BZN|DK1","2625.56","2618.40"
"08/11/2015 18:00 - 08/11/2015 19:00","BZN|DK1","2477.51","2490.80"
"08/11/2015 19:00 - 08/11/2015 20:00","BZN|DK1","2303.40","2307.10"
"08/11/2015 20:00 - 08/11/2015 21:00","BZN|DK1","2171.81","2152.70"
"08/11/2015 21:00 - 08/11/2015 22:00","BZN|DK1","2048.91","2037.30"
"08/11/2015 22:00 - 08/11/2015 23:00","BZN|DK1","1824.76","1855.10"
"08/11/2015 23:00 - 09/11/2015 00:00","BZN|DK1","1743.85","1707.00"
"09/11/2015 00:00 - 09/11/2015 01:00","BZN|DK1","1624.18","1631.30"
"09/11/2015 01:00 - 09/11/2015 02:00","BZN|DK1","1585.48","1577.70"
"09/11/2015 02:00 - 09/11/2015 03:00","BZN|DK1","1599.29","1562.10"
"09/11/2015 03:00 - 09/11/2015 04:00","BZN|DK1","1568.23","1567.00"
"09/11/2015 04:00 - 09/11/2015 05:00","BZN|DK1","1630.13","1615.50"
"09/11/2015 05:00 - 09/11/2015 06:00","BZN|DK1","1785.54","1786.10"
"09/11/2015 06:00 - 09/11/2015 07:00","BZN|DK1","2233.91","2223.10"
"09/11/2015 07:00 - 09/11/2015 08:00","BZN|DK1","2686.19","2673.50"
"09/11/2015 08:00 - 09/11/2015 09:00","BZN|DK1","2763.76","2778.70"
"09/11/2015 09:00 - 09/11/2015 10:00","BZN|DK1","2718.40","2737.30"
"09/11/2015 10:00 - 09/11/2015 11:00","BZN|DK1","2790.21","2766.10"
"09/11/2015 11:00 - 09/11/2015 12:00","BZN|DK1","2808.37","2776.50"
"09/11/2015 12:00 - 09/11/2015 13:00","BZN|DK1","2739.80","2732.60"
"09/11/2015 13:00 - 09/11/2015 14:00","BZN|DK1","2760.84","2765.90"
"09/11/2015 14:00 - 09/11/2015 15:00","BZN|DK1","2720.64","2721.80"
"09/11/2015 15:00 - 09/11/2015 16:00","BZN|DK1","2677.99","2675.80"
"09/11/2015 16:00 - 09/11/2015 17:00","BZN|DK1","2787.31","2796.50"
"09/11/2015 17:00 - 09/11/2015 18:00","BZN|DK1","2990.60","3044.00"
"09/11/2015 18:00 - 09/11/2015 19:00","BZN|DK1","2794.90","2791.30"
"09/11/2015 19:00 - 09/11/2015 20:00","BZN|DK1","2593.21","2615.30"
"09/11/2015 20:00 - 09/11/2015 21:00","BZN|DK1","2380.12","2417.60"
"09/11/2015 21:00 - 09/11/2015 22:00","BZN|DK1","2199.74","2200.40"
"09/11/2015 22:00 - 09/11/2015 23:00","BZN|DK1","2024.23","2021.50"
"09/11/2015 23:00 - 10/11/2015 00:00","BZN|DK1","1836.84","1866.50"
"10/11/2015 00:00 - 10/11/2015 01:00","BZN|DK1","1722.13","1714.00"
"10/11/2015 01:00 - 10/11/2015 02:00","BZN|DK1","1684.95","1678.50"
"10/11/2015 02:00 - 10/11/2015 03:00","BZN|DK1","1674.88","1657.90"
"10/11/2015 03:00 - 10/11/2015 04:00","BZN|DK1","1705.57","1673.30"
"10/11/2015 04:00 - 10/11/2015 05:00","BZN|DK1","1772.18","1738.90"
"10/11/2015 05:00 - 10/11/2015 06:00","BZN|DK1","1933.84","1913.80"
"10/11/2015 06:00 - 10/11/2015 07:00","BZN|DK1","2336.71","2344.60"
"10/11/2015 07:00 - 10/11/2015 08:00","BZN|DK1","2824.38","2796.00"
"10/11/2015 08:00 - 10/11/2015 09:00","BZN|DK1","2923.34","2866.00"
"10/11/2015 09:00 - 10/11/2015 10:00","BZN|DK1","2906.79","2865.20"
"10/11/2015 10:00 - 10/11/2015 11:00","BZN|DK1","2742.05","2921.50"
"10/11/2015 11:00 - 10/11/2015 12:00","BZN|DK1","2592.77","3046.10"
"10/11/2015 12:00 - 10/11/2015 13:00","BZN|DK1","2505.93","2981.80"
"10/11/2015 13:00 - 10/11/2015 14:00","BZN|DK1","2537.97","2937.70"
"10/11/2015 14:00 - 10/11/2015 15:00","BZN|DK1","2554.96","2673.30"
"10/11/2015 15:00 - 10/11/2015 16:00","BZN|DK1","2559.63","2533.50"
"10/11/2015 16:00 - 10/11/2015 17:00","BZN|DK1","2645.74","2630.80"
"10/11/2015 17:00 - 10/11/2015 18:00","BZN|DK1","2954.24","2940.10"
"10/11/2015 18:00 - 10/11/2015 19:00","BZN|DK1","2706.15","2745.30"
"10/11/2015 19:00 - 10/11/2015 20:00","BZN|DK1","2452.59","2446.00"
"10/11/2015 20:00 - 10/11/2015 21:00","BZN|DK1","2236.71","2263.30"
"10/11/2015 21:00 - 10/11/2015 22:00","BZN|DK1","2057.39","2040.30"
"10/11/2015 22:00 - 10/11/2015 23:00","BZN|DK1","1838.30","1788.30"
"10/11/2015 23:00 - 11/11/2015 00:00","BZN|DK1","1656.15","1587.30"
"11/11/2015 00:00 - 11/11/2015 01:00","BZN|DK1","1594.28","1569.20"
"11/11/2015 01:00 - 11/11/2015 02:00","BZN|DK1","1513.63","1537.30"
"11/11/2015 02:00 - 11/11/2015 03:00","BZN|DK1","1490.16","1506.60"
"11/11/2015 03:00 - 11/11/2015 04:00","BZN|DK1","1502.98","1503.60"
"11/11/2015 04:00 - 11/11/2015 05:00","BZN|DK1","1522.86","1545.20"
"11/11/2015 05:00 - 11/11/2015 06:00","BZN|DK1","1722.72","1727.50"
"11/11/2015 06:00 - 11/11/2015 07:00","BZN|DK1","2190.10","2193.00"
"11/11/2015 07:00 - 11/11/2015 08:00","BZN|DK1","2610.96","2611.50"
"11/11/2015 08:00 - 11/11/2015 09:00","BZN|DK1","2726.88","2694.70"
"11/11/2015 09:00 - 11/11/2015 10:00","BZN|DK1","2737.91","2728.20"
"11/11/2015 10:00 - 11/11/2015 11:00","BZN|DK1","2797.83","2784.30"
"11/11/2015 11:00 - 11/11/2015 12:00","BZN|DK1","2773.42","2778.30"
"11/11/2015 12:00 - 11/11/2015 13:00","BZN|DK1","2731.39","2747.80"
"11/11/2015 13:00 - 11/11/2015 14:00","BZN|DK1","2820.04","2798.20"
"11/11/2015 14:00 - 11/11/2015 15:00","BZN|DK1","2821.69","2774.80"
"11/11/2015 15:00 - 11/11/2015 16:00","BZN|DK1","2744.27","2725.10"
"11/11/2015 16:00 - 11/11/2015 17:00","BZN|DK1","2880.68","2846.90"
"11/11/2015 17:00 - 11/11/2015 18:00","BZN|DK1","3092.82","3078.80"
"11/11/2015 18:00 - 11/11/2015 19:00","BZN|DK1","2918.93","2908.80"
"11/11/2015 19:00 - 11/11/2015 20:00","BZN|DK1","2728.94","2719.30"
"11/11/2015 20:00 - 11/11/2015 21:00","BZN|DK1","2506.31","2519.00"
"11/11/2015 21:00 - 11/11/2015 22:00","BZN|DK1","2268.52","2276.10"
"11/11/2015 22:00 - 11/11/2015 23:00","BZN|DK1","2062.63","2060.20"
"11/11/2015 23:00 - 12/11/2015 00:00","BZN|DK1","1869.78","1853.20"
"12/11/2015 00:00 - 12/11/2015 01:00","BZN|DK1","1699.66","1705.80"
"12/11/2015 01:00 - 12/11/2015 02:00","BZN|DK1","1616.25","1639.10"
"12/11/2015 02:00 - 12/11/2015 03:00","BZN|DK1","1608.10","1618.90"
"12/11/2015 03:00 - 12/11/2015 04:00","BZN|DK1","1595.87","1616.00"
"12/11/2015 04:00 - 12/11/2015 05:00","BZN|DK1","1597.86","1600.30"
"12/11/2015 05:00 - 12/11/2015 06:00","BZN|DK1","1774.08","1769.00"
"12/11/2015 06:00 - 12/11/2015 07:00","BZN|DK1","2101.75","2197.10"
"12/11/2015 07:00 - 12/11/2015 08:00","BZN|DK1","2098.18","2627.30"
"12/11/2015 08:00 - 12/11/2015 09:00","BZN|DK1","2728.88","2724.50"
"12/11/2015 09:00 - 12/11/2015 10:00","BZN|DK1","2683.13","2714.70"
"12/11/2015 10:00 - 12/11/2015 11:00","BZN|DK1","2703.37","2731.60"
"12/11/2015 11:00 - 12/11/2015 12:00","BZN|DK1","2591.82","2667.90"
"12/11/2015 12:00 - 12/11/2015 13:00","BZN|DK1","2504.69","2525.90"
"12/11/2015 13:00 - 12/11/2015 14:00","BZN|DK1","2601.14","2592.50"
"12/11/2015 14:00 - 12/11/2015 15:00","BZN|DK1","2415.50","2517.00"
"12/11/2015 15:00 - 12/11/2015 16:00","BZN|DK1","2537.82","2522.70"
"12/11/2015 16:00 - 12/11/2015 17:00","BZN|DK1","2695.99","2636.80"
"12/11/2015 17:00 - 12/11/2015 18:00","BZN|DK1","3068.42","3023.10"
"12/11/2015 18:00 - 12/11/2015 19:00","BZN|DK1","2939.23","2910.40"
"12/11/2015 19:00 - 12/11/2015 20:00","BZN|DK1","2717.40","2709.40"
"12/11/2015 20:00 - 12/11/2015 21:00","BZN|DK1","2511.64","2499.30"
"12/11/2015 21:00 - 12/11/2015 22:00","BZN|DK1","2324.81","2320.00"
"12/11/2015 22:00 - 12/11/2015 23:00","BZN|DK1","2105.28","2101.50"
"12/11/2015 23:00 - 13/11/2015 00:00","BZN|DK1","1878.61","1876.10"
"13/11/2015 00:00 - 13/11/2015 01:00","BZN|DK1","1776.00","1758.50"
"13/11/2015 01:00 - 13/11/2015 02:00","BZN|DK1","1719.54","1714.60"
"13/11/2015 02:00 - 13/11/2015 03:00","BZN|DK1","1643.49","1664.00"
"13/11/2015 03:00 - 13/11/2015 04:00","BZN|DK1","1642.09","1645.20"
"13/11/2015 04:00 - 13/11/2015 05:00","BZN|DK1","1681.43","1692.90"
"13/11/2015 05:00 - 13/11/2015 06:00","BZN|DK1","1837.51","1843.80"
"13/11/2015 06:00 - 13/11/2015 07:00","BZN|DK1","2288.06","2263.70"
"13/11/2015 07:00 - 13/11/2015 08:00","BZN|DK1","2714.52","2707.50"
"13/11/2015 08:00 - 13/11/2015 09:00","BZN|DK1","2806.24","2799.20"
"13/11/2015 09:00 - 13/11/2015 10:00","BZN|DK1","2809.01","2792.10"
"13/11/2015 10:00 - 13/11/2015 11:00","BZN|DK1","2859.43","2867.70"
"13/11/2015 11:00 - 13/11/2015 12:00","BZN|DK1","2794.62","2813.40"
"13/11/2015 12:00 - 13/11/2015 13:00","BZN|DK1","2612.85","2620.90"
"13/11/2015 13:00 - 13/11/2015 14:00","BZN|DK1","2465.41","2541.40"
"13/11/2015 14:00 - 13/11/2015 15:00","BZN|DK1","2394.31","2404.20"
"13/11/2015 15:00 - 13/11/2015 16:00","BZN|DK1","2345.95","2351.20"
"13/11/2015 16:00 - 13/11/2015 17:00","BZN|DK1","2497.52","2490.00"
"13/11/2015 17:00 - 13/11/2015 18:00","BZN|DK1","2868.53","2779.90"
"13/11/2015 18:00 - 13/11/2015 19:00","BZN|DK1","2719.70","2700.30"
"13/11/2015 19:00 - 13/11/2015 20:00","BZN|DK1","2499.77","2491.60"
"13/11/2015 20:00 - 13/11/2015 21:00","BZN|DK1","2261.98","2292.70"
"13/11/2015 21:00 - 13/11/2015 22:00","BZN|DK1","2156.13","2135.10"
"13/11/2015 22:00 - 13/11/2015 23:00","BZN|DK1","1938.41","2049.60"
"13/11/2015 23:00 - 14/11/2015 00:00","BZN|DK1","1750.42","1883.30"
"14/11/2015 00:00 - 14/11/2015 01:00","BZN|DK1","1696.86","1687.50"
"14/11/2015 01:00 - 14/11/2015 02:00","BZN|DK1","1649.95","1614.50"
"14/11/2015 02:00 - 14/11/2015 03:00","BZN|DK1","1585.92","1585.20"
"14/11/2015 03:00 - 14/11/2015 04:00","BZN|DK1","1617.85","1591.90"
"14/11/2015 04:00 - 14/11/2015 05:00","BZN|DK1","1620.43","1625.30"
"14/11/2015 05:00 - 14/11/2015 06:00","BZN|DK1","1656.25","1651.10"
"14/11/2015 06:00 - 14/11/2015 07:00","BZN|DK1","1795.18","1762.30"
"14/11/2015 07:00 - 14/11/2015 08:00","BZN|DK1","1974.26","1987.70"
"14/11/2015 08:00 - 14/11/2015 09:00","BZN|DK1","2096.77","2101.30"
"14/11/2015 09:00 - 14/11/2015 10:00","BZN|DK1","2207.40","2219.50"
"14/11/2015 10:00 - 14/11/2015 11:00","BZN|DK1","2247.87","2274.00"
"14/11/2015 11:00 - 14/11/2015 12:00","BZN|DK1","2195.35","2229.20"
"14/11/2015 12:00 - 14/11/2015 13:00","BZN|DK1","2161.75","2165.90"
"14/11/2015 13:00 - 14/11/2015 14:00","BZN|DK1","2111.98","2126.30"
"14/11/2015 14:00 - 14/11/2015 15:00","BZN|DK1","2109.91","2112.00"
"14/11/2015 15:00 - 14/11/2015 16:00","BZN|DK1","2074.07","2117.30"
"14/11/2015 16:00 - 14/11/2015 17:00","BZN|DK1","2224.27","2249.70"
"14/11/2015 17:00 - 14/11/2015 18:00","BZN|DK1","2393.36","2414.30"
"14/11/2015 18:00 - 14/11/2015 19:00","BZN|DK1","2442.06","2343.80"
"14/11/2015 19:00 - 14/11/2015 20:00","BZN|DK1","2218.02","2232.10"
"14/11/2015 20:00 - 14/11/2015 21:00","BZN|DK1","2079.55","2079.80"
"14/11/2015 21:00 - 14/11/2015 22:00","BZN|DK1","1999.69","1961.40"
"14/11/2015 22:00 - 14/11/2015 23:00","BZN|DK1","1853.33","1837.40"
"14/11/2015 23:00 - 15/11/2015 00:00","BZN|DK1","1735.51","1717.20"
"15/11/2015 00:00 - 15/11/2015 01:00","BZN|DK1","1591.02","1599.30"
"15/11/2015 01:00 - 15/11/2015 02:00","BZN|DK1","1536.33","1526.90"
"15/11/2015 02:00 - 15/11/2015 03:00","BZN|DK1","1518.39","1522.80"
"15/11/2015 03:00 - 15/11/2015 04:00","BZN|DK1","1492.88","1495.20"
"15/11/2015 04:00 - 15/11/2015 05:00","BZN|DK1","1506.36","1511.20"
"15/11/2015 05:00 - 15/11/2015 06:00","BZN|DK1","1558.35","1551.00"
"15/11/2015 06:00 - 15/11/2015 07:00","BZN|DK1","1683.15","1677.30"
"15/11/2015 07:00 - 15/11/2015 08:00","BZN|DK1","1856.69","1843.80"
"15/11/2015 08:00 - 15/11/2015 09:00","BZN|DK1","2025.90","1997.60"
"15/11/2015 09:00 - 15/11/2015 10:00","BZN|DK1","2142.84","2105.60"
"15/11/2015 10:00 - 15/11/2015 11:00","BZN|DK1","2199.48","2181.40"
"15/11/2015 11:00 - 15/11/2015 12:00","BZN|DK1","2207.09","2194.60"
"15/11/2015 12:00 - 15/11/2015 13:00","BZN|DK1","2154.06","2181.50"
"15/11/2015 13:00 - 15/11/2015 14:00","BZN|DK1","2102.43","2153.30"
"15/11/2015 14:00 - 15/11/2015 15:00","BZN|DK1","2073.19","2109.40"
"15/11/2015 15:00 - 15/11/2015 16:00","BZN|DK1","2107.68","2111.40"
"15/11/2015 16:00 - 15/11/2015 17:00","BZN|DK1","2328.13","2328.00"
"15/11/2015 17:00 - 15/11/2015 18:00","BZN|DK1","2683.83","2668.30"
"15/11/2015 18:00 - 15/11/2015 19:00","BZN|DK1","2582.01","2587.10"
"15/11/2015 19:00 - 15/11/2015 20:00","BZN|DK1","2403.84","2405.90"
"15/11/2015 20:00 - 15/11/2015 21:00","BZN|DK1","2236.27","2234.20"
"15/11/2015 21:00 - 15/11/2015 22:00","BZN|DK1","2104.87","2097.80"
"15/11/2015 22:00 - 15/11/2015 23:00","BZN|DK1","1943.39","1934.80"
"15/11/2015 23:00 - 16/11/2015 00:00","BZN|DK1","1787.83","1787.80"
"16/11/2015 00:00 - 16/11/2015 01:00","BZN|DK1","1688.58","1650.90"
"16/11/2015 01:00 - 16/11/2015 02:00","BZN|DK1","1595.05","1616.50"
"16/11/2015 02:00 - 16/11/2015 03:00","BZN|DK1","1557.42","1561.50"
"16/11/2015 03:00 - 16/11/2015 04:00","BZN|DK1","1610.04","1595.20"
"16/11/2015 04:00 - 16/11/2015 05:00","BZN|DK1","1660.35","1646.90"
"16/11/2015 05:00 - 16/11/2015 06:00","BZN|DK1","1825.20","1841.80"
"16/11/2015 06:00 - 16/11/2015 07:00","BZN|DK1","2272.75","2293.50"
"16/11/2015 07:00 - 16/11/2015 08:00","BZN|DK1","2713.57","2760.30"
"16/11/2015 08:00 - 16/11/2015 09:00","BZN|DK1","2799.68","2803.10"
"16/11/2015 09:00 - 16/11/2015 10:00","BZN|DK1","2804.20","2804.50"
"16/11/2015 10:00 - 16/11/2015 11:00","BZN|DK1","2858.39","2858.20"
"16/11/2015 11:00 - 16/11/2015 12:00","BZN|DK1","2848.16","2848.40"
"16/11/2015 12:00 - 16/11/2015 13:00","BZN|DK1","2700.54","2735.80"
"16/11/2015 13:00 - 16/11/2015 14:00","BZN|DK1","2696.07","2697.20"
"16/11/2015 14:00 - 16/11/2015 15:00","BZN|DK1","2697.68","2687.10"
"16/11/2015 15:00 - 16/11/2015 16:00","BZN|DK1","2672.98","2655.80"
"16/11/2015 16:00 - 16/11/2015 17:00","BZN|DK1","2812.83","2803.50"
"16/11/2015 17:00 - 16/11/2015 18:00","BZN|DK1","3038.98","3022.40"
"16/11/2015 18:00 - 16/11/2015 19:00","BZN|DK1","2894.44","2875.40"
"16/11/2015 19:00 - 16/11/2015 20:00","BZN|DK1","2674.53","2691.50"
"16/11/2015 20:00 - 16/11/2015 21:00","BZN|DK1","2475.51","2465.50"
"16/11/2015 21:00 - 16/11/2015 22:00","BZN|DK1","2304.02","2288.10"
"16/11/2015 22:00 - 16/11/2015 23:00","BZN|DK1","2109.20","2063.20"
"16/11/2015 23:00 - 17/11/2015 00:00","BZN|DK1","1899.26","1852.00"
"17/11/2015 00:00 - 17/11/2015 01:00","BZN|DK1","1758.34","1764.70"
"17/11/2015 01:00 - 17/11/2015 02:00","BZN|DK1","1698.42","1696.50"
"17/11/2015 02:00 - 17/11/2015 03:00","BZN|DK1","1712.56","1700.50"
"17/11/2015 03:00 - 17/11/2015 04:00","BZN|DK1","1708.39","1701.30"
"17/11/2015 04:00 - 17/11/2015 05:00","BZN|DK1","1756.99","1750.20"
"17/11/2015 05:00 - 17/11/2015 06:00","BZN|DK1","1913.57","1914.50"
"17/11/2015 06:00 - 17/11/2015 07:00","BZN|DK1","2389.04","2379.00"
"17/11/2015 07:00 - 17/11/2015 08:00","BZN|DK1","2873.23","2885.80"
"17/11/2015 08:00 - 17/11/2015 09:00","BZN|DK1","2936.96","2945.30"
"17/11/2015 09:00 - 17/11/2015 10:00","BZN|DK1","2899.23","2906.80"
"17/11/2015 10:00 - 17/11/2015 11:00","BZN|DK1","2893.52","2914.60"
"17/11/2015 11:00 - 17/11/2015 12:00","BZN|DK1","2870.75","2879.60"
"17/11/2015 12:00 - 17/11/2015 13:00","BZN|DK1","2768.67","2791.90"
"17/11/2015 13:00 - 17/11/2015 14:00","BZN|DK1","2806.46","2815.50"
"17/11/2015 14:00 - 17/11/2015 15:00","BZN|DK1","2772.96","2767.00"
"17/11/2015 15:00 - 17/11/2015 16:00","BZN|DK1","2725.68","2693.30"
"17/11/2015 16:00 - 17/11/2015 17:00","BZN|DK1","2859.92","2837.80"
"17/11/2015 17:00 - 17/11/2015 18:00","BZN|DK1","3104.19","3087.30"
"17/11/2015 18:00 - 17/11/2015 19:00","BZN|DK1","2919.05","2926.50"
"17/11/2015 19:00 - 17/11/2015 20:00","BZN|DK1","2696.69","2712.30"
"17/11/2015 20:00 - 17/11/2015 21:00","BZN|DK1","2510.07","2528.80"
"17/11/2015 21:00 - 17/11/2015 22:00","BZN|DK1","2337.83","2344.00"
"17/11/2015 22:00 - 17/11/2015 23:00","BZN|DK1","2158.87","2141.00"
"17/11/2015 23:00 - 18/11/2015 00:00","BZN|DK1","1972.64","1936.40"
"18/11/2015 00:00 - 18/11/2015 01:00","BZN|DK1","1831.96","1822.60"
"18/11/2015 01:00 - 18/11/2015 02:00","BZN|DK1","1725.28","1728.20"
"18/11/2015 02:00 - 18/11/2015 03:00","BZN|DK1","1686.00","1681.30"
"18/11/2015 03:00 - 18/11/2015 04:00","BZN|DK1","1726.75","1707.40"
"18/11/2015 04:00 - 18/11/2015 05:00","BZN|DK1","1715.10","1748.30"
"18/11/2015 05:00 - 18/11/2015 06:00","BZN|DK1","1889.50","1888.50"
"18/11/2015 06:00 - 18/11/2015 07:00","BZN|DK1","2334.13","2335.20"
"18/11/2015 07:00 - 18/11/2015 08:00","BZN|DK1","2812.31","2793.80"
"18/11/2015 08:00 - 18/11/2015 09:00","BZN|DK1","2845.78","2865.00"
"18/11/2015 09:00 - 18/11/2015 10:00","BZN|DK1","2859.08","2841.60"
"18/11/2015 10:00 - 18/11/2015 11:00","BZN|DK1","2820.74","2877.60"
"18/11/2015 11:00 - 18/11/2015 12:00","BZN|DK1","2775.75","2805.80"
"18/11/2015 12:00 - 18/11/2015 13:00","BZN|DK1","2713.02","2709.00"
"18/11/2015 13:00 - 18/11/2015 14:00","BZN|DK1","2732.63","2782.50"
"18/11/2015 14:00 - 18/11/2015 15:00","BZN|DK1","2676.03","2690.20"
"18/11/2015 15:00 - 18/11/2015 16:00","BZN|DK1","2667.40","2632.50"
"18/11/2015 16:00 - 18/11/2015 17:00","BZN|DK1","2805.45","2779.00"
"18/11/2015 17:00 - 18/11/2015 18:00","BZN|DK1","3085.05","3071.60"
"18/11/2015 18:00 - 18/11/2015 19:00","BZN|DK1","2890.42","2909.70"
"18/11/2015 19:00 - 18/11/2015 20:00","BZN|DK1","2684.03","2705.90"
"18/11/2015 20:00 - 18/11/2015 21:00","BZN|DK1","2465.72","2493.50"
"18/11/2015 21:00 - 18/11/2015 22:00","BZN|DK1","2266.42","2270.20"
"18/11/2015 22:00 - 18/11/2015 23:00","BZN|DK1","2070.14","2087.00"
"18/11/2015 23:00 - 19/11/2015 00:00","BZN|DK1","1867.15","1905.20"
"19/11/2015 00:00 - 19/11/2015 01:00","BZN|DK1","1705.17","1720.70"
"19/11/2015 01:00 - 19/11/2015 02:00","BZN|DK1","1673.33","1686.10"
"19/11/2015 02:00 - 19/11/2015 03:00","BZN|DK1","1652.44","1663.40"
"19/11/2015 03:00 - 19/11/2015 04:00","BZN|DK1","1648.39","1660.50"
"19/11/2015 04:00 - 19/11/2015 05:00","BZN|DK1","1728.81","1714.90"
"19/11/2015 05:00 - 19/11/2015 06:00","BZN|DK1","1915.13","1895.30"
"19/11/2015 06:00 - 19/11/2015 07:00","BZN|DK1","2359.78","2364.80"
"19/11/2015 07:00 - 19/11/2015 08:00","BZN|DK1","2802.88","2824.50"
"19/11/2015 08:00 - 19/11/2015 09:00","BZN|DK1","2913.91","2901.40"
"19/11/2015 09:00 - 19/11/2015 10:00","BZN|DK1","2924.36","2900.30"
"19/11/2015 10:00 - 19/11/2015 11:00","BZN|DK1","2892.79","2932.20"
"19/11/2015 11:00 - 19/11/2015 12:00","BZN|DK1","2869.32","2882.00"
"19/11/2015 12:00 - 19/11/2015 13:00","BZN|DK1","2820.26","2804.80"
"19/11/2015 13:00 - 19/11/2015 14:00","BZN|DK1","2842.67","2854.40"
"19/11/2015 14:00 - 19/11/2015 15:00","BZN|DK1","2791.63","2796.10"
"19/11/2015 15:00 - 19/11/2015 16:00","BZN|DK1","2718.62","2713.40"
"19/11/2015 16:00 - 19/11/2015 17:00","BZN|DK1","2896.97","2847.10"
"19/11/2015 17:00 - 19/11/2015 18:00","BZN|DK1","3121.29","3113.60"
"19/11/2015 18:00 - 19/11/2015 19:00","BZN|DK1","2970.42","2947.30"
"19/11/2015 19:00 - 19/11/2015 20:00","BZN|DK1","2793.59","2766.50"
"19/11/2015 20:00 - 19/11/2015 21:00","BZN|DK1","2621.34","2598.10"
"19/11/2015 21:00 - 19/11/2015 22:00","BZN|DK1","2434.40","2420.50"
"19/11/2015 22:00 - 19/11/2015 23:00","BZN|DK1","2201.13","2220.00"
"19/11/2015 23:00 - 20/11/2015 00:00","BZN|DK1","2002.40","1999.00"
"20/11/2015 00:00 - 20/11/2015 01:00","BZN|DK1","1869.17","1842.30"
"20/11/2015 01:00 - 20/11/2015 02:00","BZN|DK1","1806.28","1798.80"
"20/11/2015 02:00 - 20/11/2015 03:00","BZN|DK1","1753.84","1773.60"
"20/11/2015 03:00 - 20/11/2015 04:00","BZN|DK1","1762.62","1748.40"
"20/11/2015 04:00 - 20/11/2015 05:00","BZN|DK1","1826.13","1815.10"
"20/11/2015 05:00 - 20/11/2015 06:00","BZN|DK1","2001.20","1996.60"
"20/11/2015 06:00 - 20/11/2015 07:00","BZN|DK1","2418.43","2428.80"
"20/11/2015 07:00 - 20/11/2015 08:00","BZN|DK1","2849.86","2864.50"
"20/11/2015 08:00 - 20/11/2015 09:00","BZN|DK1","2952.61","2939.70"
"20/11/2015 09:00 - 20/11/2015 10:00","BZN|DK1","2944.11","2932.10"
"20/11/2015 10:00 - 20/11/2015 11:00","BZN|DK1","2955.19","2954.10"
"20/11/2015 11:00 - 20/11/2015 12:00","BZN|DK1","2914.81","2900.20"
"20/11/2015 12:00 - 20/11/2015 13:00","BZN|DK1","2798.36","2787.80"
"20/11/2015 13:00 - 20/11/2015 14:00","BZN|DK1","2717.83","2723.40"
"20/11/2015 14:00 - 20/11/2015 15:00","BZN|DK1","2618.98","2628.70"
"20/11/2015 15:00 - 20/11/2015 16:00","BZN|DK1","2551.83","2557.00"
"20/11/2015 16:00 - 20/11/2015 17:00","BZN|DK1","2730.24","2709.00"
"20/11/2015 17:00 - 20/11/2015 18:00","BZN|DK1","2933.71","2912.00"
"20/11/2015 18:00 - 20/11/2015 19:00","BZN|DK1","2768.35","2786.50"
"20/11/2015 19:00 - 20/11/2015 20:00","BZN|DK1","2548.55","2543.30"
"20/11/2015 20:00 - 20/11/2015 21:00","BZN|DK1","2354.73","2352.60"
"20/11/2015 21:00 - 20/11/2015 22:00","BZN|DK1","2212.81","2209.00"
"20/11/2015 22:00 - 20/11/2015 23:00","BZN|DK1","2044.04","2044.30"
"20/11/2015 23:00 - 21/11/2015 00:00","BZN|DK1","1861.14","1881.40"
"21/11/2015 00:00 - 21/11/2015 01:00","BZN|DK1","1722.00","1733.60"
"21/11/2015 01:00 - 21/11/2015 02:00","BZN|DK1","1662.16","1655.90"
"21/11/2015 02:00 - 21/11/2015 03:00","BZN|DK1","1621.20","1625.40"
"21/11/2015 03:00 - 21/11/2015 04:00","BZN|DK1","1622.88","1614.20"
"21/11/2015 04:00 - 21/11/2015 05:00","BZN|DK1","1624.05","1631.80"
"21/11/2015 05:00 - 21/11/2015 06:00","BZN|DK1","1662.96","1674.60"
"21/11/2015 06:00 - 21/11/2015 07:00","BZN|DK1","1847.55","1828.60"
"21/11/2015 07:00 - 21/11/2015 08:00","BZN|DK1","2040.84","2075.60"
"21/11/2015 08:00 - 21/11/2015 09:00","BZN|DK1","2224.87","2220.30"
"21/11/2015 09:00 - 21/11/2015 10:00","BZN|DK1","2335.68","2343.10"
"21/11/2015 10:00 - 21/11/2015 11:00","BZN|DK1","2361.47","2390.90"
"21/11/2015 11:00 - 21/11/2015 12:00","BZN|DK1","2325.90","2374.30"
"21/11/2015 12:00 - 21/11/2015 13:00","BZN|DK1","2253.70","2301.00"
"21/11/2015 13:00 - 21/11/2015 14:00","BZN|DK1","2202.76","2218.80"
"21/11/2015 14:00 - 21/11/2015 15:00","BZN|DK1","2182.79","2198.00"
"21/11/2015 15:00 - 21/11/2015 16:00","BZN|DK1","2241.19","2264.50"
"21/11/2015 16:00 - 21/11/2015 17:00","BZN|DK1","2469.72","2486.50"
"21/11/2015 17:00 - 21/11/2015 18:00","BZN|DK1","2718.86","2698.80"
"21/11/2015 18:00 - 21/11/2015 19:00","BZN|DK1","2615.91","2588.30"
"21/11/2015 19:00 - 21/11/2015 20:00","BZN|DK1","2421.27","2398.40"
"21/11/2015 20:00 - 21/11/2015 21:00","BZN|DK1","2263.88","2258.40"
"21/11/2015 21:00 - 21/11/2015 22:00","BZN|DK1","2110.75","2106.50"
"21/11/2015 22:00 - 21/11/2015 23:00","BZN|DK1","1968.65","1952.70"
"21/11/2015 23:00 - 22/11/2015 00:00","BZN|DK1","1825.21","1813.10"
"22/11/2015 00:00 - 22/11/2015 01:00","BZN|DK1","1665.87","1712.20"
"22/11/2015 01:00 - 22/11/2015 02:00","BZN|DK1","1579.17","1555.50"
"22/11/2015 02:00 - 22/11/2015 03:00","BZN|DK1","1497.34","1510.40"
"22/11/2015 03:00 - 22/11/2015 04:00","BZN|DK1","1498.31","1496.20"
"22/11/2015 04:00 - 22/11/2015 05:00","BZN|DK1","1547.57","1533.50"
"22/11/2015 05:00 - 22/11/2015 06:00","BZN|DK1","1630.09","1621.80"
"22/11/2015 06:00 - 22/11/2015 07:00","BZN|DK1","1753.19","1769.00"
"22/11/2015 07:00 - 22/11/2015 08:00","BZN|DK1","1918.13","1932.80"
"22/11/2015 08:00 - 22/11/2015 09:00","BZN|DK1","2040.68","2064.30"
"22/11/2015 09:00 - 22/11/2015 10:00","BZN|DK1","2135.69","2145.80"
"22/11/2015 10:00 - 22/11/2015 11:00","BZN|DK1","2167.28","2205.10"
"22/11/2015 11:00 - 22/11/2015 12:00","BZN|DK1","2198.77","2209.90"
"22/11/2015 12:00 - 22/11/2015 13:00","BZN|DK1","2178.07","2192.00"
"22/11/2015 13:00 - 22/11/2015 14:00","BZN|DK1","2147.08","2167.90"
"22/11/2015 14:00 - 22/11/2015 15:00","BZN|DK1","2176.97","2170.10"
"22/11/2015 15:00 - 22/11/2015 16:00","BZN|DK1","2154.97","2192.70"
"22/11/2015 16:00 - 22/11/2015 17:00","BZN|DK1","2381.65","2376.90"
"22/11/2015 17:00 - 22/11/2015 18:00","BZN|DK1","2678.62","2675.60"
"22/11/2015 18:00 - 22/11/2015 19:00","BZN|DK1","2626.08","2617.80"
"22/11/2015 19:00 - 22/11/2015 20:00","BZN|DK1","2452.28","2449.70"
"22/11/2015 20:00 - 22/11/2015 21:00","BZN|DK1","2313.05","2302.70"
"22/11/2015 21:00 - 22/11/2015 22:00","BZN|DK1","2203.21","2181.60"
"22/11/2015 22:00 - 22/11/2015 23:00","BZN|DK1","2060.63","2013.90"
"22/11/2015 23:00 - 23/11/2015 00:00","BZN|DK1","1921.71","1852.30"
"23/11/2015 00:00 - 23/11/2015 01:00","BZN|DK1","1854.05","1833.20"
"23/11/2015 01:00 - 23/11/2015 02:00","BZN|DK1","1816.78","1800.10"
"23/11/2015 02:00 - 23/11/2015 03:00","BZN|DK1","1809.40","1781.80"
"23/11/2015 03:00 - 23/11/2015 04:00","BZN|DK1","1840.19","1818.30"
"23/11/2015 04:00 - 23/11/2015 05:00","BZN|DK1","1920.20","1889.80"
"23/11/2015 05:00 - 23/11/2015 06:00","BZN|DK1","2100.65","2095.70"
"23/11/2015 06:00 - 23/11/2015 07:00","BZN|DK1","2557.45","2587.10"
"23/11/2015 07:00 - 23/11/2015 08:00","BZN|DK1","3044.27","3057.30"
"23/11/2015 08:00 - 23/11/2015 09:00","BZN|DK1","3119.44","3124.40"
"23/11/2015 09:00 - 23/11/2015 10:00","BZN|DK1","3047.40","3058.80"
"23/11/2015 10:00 - 23/11/2015 11:00","BZN|DK1","3073.43","3074.80"
"23/11/2015 11:00 - 23/11/2015 12:00","BZN|DK1","3057.75","3058.10"
"23/11/2015 12:00 - 23/11/2015 13:00","BZN|DK1","2956.23","2968.80"
"23/11/2015 13:00 - 23/11/2015 14:00","BZN|DK1","2982.93","2981.30"
"23/11/2015 14:00 - 23/11/2015 15:00","BZN|DK1","2941.67","2955.80"
"23/11/2015 15:00 - 23/11/2015 16:00","BZN|DK1","2895.02","2898.60"
"23/11/2015 16:00 - 23/11/2015 17:00","BZN|DK1","3018.80","3018.50"
"23/11/2015 17:00 - 23/11/2015 18:00","BZN|DK1","3207.66","3230.80"
"23/11/2015 18:00 - 23/11/2015 19:00","BZN|DK1","2991.63","2997.90"
"23/11/2015 19:00 - 23/11/2015 20:00","BZN|DK1","2780.93","2773.90"
"23/11/2015 20:00 - 23/11/2015 21:00","BZN|DK1","2590.41","2581.40"
"23/11/2015 21:00 - 23/11/2015 22:00","BZN|DK1","2437.54","2425.80"
"23/11/2015 22:00 - 23/11/2015 23:00","BZN|DK1","2229.49","2200.80"
"23/11/2015 23:00 - 24/11/2015 00:00","BZN|DK1","2064.75","1991.80"
"24/11/2015 00:00 - 24/11/2015 01:00","BZN|DK1","1891.49","1895.60"
"24/11/2015 01:00 - 24/11/2015 02:00","BZN|DK1","1839.12","1837.60"
"24/11/2015 02:00 - 24/11/2015 03:00","BZN|DK1","1804.13","1811.00"
"24/11/2015 03:00 - 24/11/2015 04:00","BZN|DK1","1765.64","1812.20"
"24/11/2015 04:00 - 24/11/2015 05:00","BZN|DK1","1788.79","1845.80"
"24/11/2015 05:00 - 24/11/2015 06:00","BZN|DK1","1946.83","1973.80"
"24/11/2015 06:00 - 24/11/2015 07:00","BZN|DK1","2417.60","2445.70"
"24/11/2015 07:00 - 24/11/2015 08:00","BZN|DK1","2862.39","2913.00"
"24/11/2015 08:00 - 24/11/2015 09:00","BZN|DK1","2972.81","2986.30"
"24/11/2015 09:00 - 24/11/2015 10:00","BZN|DK1","2940.46","2935.80"
"24/11/2015 10:00 - 24/11/2015 11:00","BZN|DK1","3001.94","2986.90"
"24/11/2015 11:00 - 24/11/2015 12:00","BZN|DK1","2947.99","2960.80"
"24/11/2015 12:00 - 24/11/2015 13:00","BZN|DK1","2838.23","2839.60"
"24/11/2015 13:00 - 24/11/2015 14:00","BZN|DK1","2942.93","2930.10"
"24/11/2015 14:00 - 24/11/2015 15:00","BZN|DK1","2694.09","2892.00"
"24/11/2015 15:00 - 24/11/2015 16:00","BZN|DK1","2821.04","2840.30"
"24/11/2015 16:00 - 24/11/2015 17:00","BZN|DK1","2925.96","2951.00"
"24/11/2015 17:00 - 24/11/2015 18:00","BZN|DK1","3077.91","3159.60"
"24/11/2015 18:00 - 24/11/2015 19:00","BZN|DK1","2913.45","2943.60"
"24/11/2015 19:00 - 24/11/2015 20:00","BZN|DK1","2729.36","2719.20"
"24/11/2015 20:00 - 24/11/2015 21:00","BZN|DK1","2568.77","2552.70"
"24/11/2015 21:00 - 24/11/2015 22:00","BZN|DK1","2388.53","2368.70"
"24/11/2015 22:00 - 24/11/2015 23:00","BZN|DK1","2192.98","2157.00"
"24/11/2015 23:00 - 25/11/2015 00:00","BZN|DK1","1973.80","1950.90"
"25/11/2015 00:00 - 25/11/2015 01:00","BZN|DK1","1854.88","1920.60"
"25/11/2015 01:00 - 25/11/2015 02:00","BZN|DK1","1794.05","1797.30"
"25/11/2015 02:00 - 25/11/2015 03:00","BZN|DK1","1791.04","1779.90"
"25/11/2015 03:00 - 25/11/2015 04:00","BZN|DK1","1794.14","1802.90"
"25/11/2015 04:00 - 25/11/2015 05:00","BZN|DK1","1853.44","1863.30"
"25/11/2015 05:00 - 25/11/2015 06:00","BZN|DK1","2052.77","2060.10"
"25/11/2015 06:00 - 25/11/2015 07:00","BZN|DK1","2520.87","2527.90"
"25/11/2015 07:00 - 25/11/2015 08:00","BZN|DK1","2989.21","3024.50"
"25/11/2015 08:00 - 25/11/2015 09:00","BZN|DK1","3043.72","3081.60"
"25/11/2015 09:00 - 25/11/2015 10:00","BZN|DK1","3010.32","2992.40"
"25/11/2015 10:00 - 25/11/2015 11:00","BZN|DK1","3038.31","3039.40"
"25/11/2015 11:00 - 25/11/2015 12:00","BZN|DK1","3035.21","3031.40"
"25/11/2015 12:00 - 25/11/2015 13:00","BZN|DK1","2961.06","2948.20"
"25/11/2015 13:00 - 25/11/2015 14:00","BZN|DK1","2921.92","2997.00"
"25/11/2015 14:00 - 25/11/2015 15:00","BZN|DK1","2863.88","2903.30"
"25/11/2015 15:00 - 25/11/2015 16:00","BZN|DK1","2857.80","2808.80"
"25/11/2015 16:00 - 25/11/2015 17:00","BZN|DK1","3028.01","2981.00"
"25/11/2015 17:00 - 25/11/2015 18:00","BZN|DK1","3237.53","3221.90"
"25/11/2015 18:00 - 25/11/2015 19:00","BZN|DK1","3059.50","3062.70"
"25/11/2015 19:00 - 25/11/2015 20:00","BZN|DK1","2887.45","2872.00"
"25/11/2015 20:00 - 25/11/2015 21:00","BZN|DK1","2708.59","2702.00"
"25/11/2015 21:00 - 25/11/2015 22:00","BZN|DK1","2505.86","2529.60"
"25/11/2015 22:00 - 25/11/2015 23:00","BZN|DK1","2263.27","2326.50"
"25/11/2015 23:00 - 26/11/2015 00:00","BZN|DK1","2048.64","2107.30"
"26/11/2015 00:00 - 26/11/2015 01:00","BZN|DK1","1917.75","1906.60"
"26/11/2015 01:00 - 26/11/2015 02:00","BZN|DK1","1851.56","1845.30"
"26/11/2015 02:00 - 26/11/2015 03:00","BZN|DK1","1836.51","1834.80"
"26/11/2015 03:00 - 26/11/2015 04:00","BZN|DK1","1850.41","1848.40"
"26/11/2015 04:00 - 26/11/2015 05:00","BZN|DK1","1914.79","1893.70"
"26/11/2015 05:00 - 26/11/2015 06:00","BZN|DK1","2094.78","2082.70"
"26/11/2015 06:00 - 26/11/2015 07:00","BZN|DK1","2562.79","2550.20"
"26/11/2015 07:00 - 26/11/2015 08:00","BZN|DK1","3028.85","3047.00"
"26/11/2015 08:00 - 26/11/2015 09:00","BZN|DK1","3120.47","3132.40"
"26/11/2015 09:00 - 26/11/2015 10:00","BZN|DK1","3050.58","3063.90"
"26/11/2015 10:00 - 26/11/2015 11:00","BZN|DK1","3044.51","3070.20"
"26/11/2015 11:00 - 26/11/2015 12:00","BZN|DK1","3044.10","3033.60"
"26/11/2015 12:00 - 26/11/2015 13:00","BZN|DK1","2919.31","2954.80"
"26/11/2015 13:00 - 26/11/2015 14:00","BZN|DK1","2957.38","2963.40"
"26/11/2015 14:00 - 26/11/2015 15:00","BZN|DK1","2945.09","2925.30"
"26/11/2015 15:00 - 26/11/2015 16:00","BZN|DK1","2828.39","2891.30"
"26/11/2015 16:00 - 26/11/2015 17:00","BZN|DK1","2960.09","2952.10"
"26/11/2015 17:00 - 26/11/2015 18:00","BZN|DK1","3151.55","3148.50"
"26/11/2015 18:00 - 26/11/2015 19:00","BZN|DK1","2998.00","2990.20"
"26/11/2015 19:00 - 26/11/2015 20:00","BZN|DK1","2856.06","2827.50"
"26/11/2015 20:00 - 26/11/2015 21:00","BZN|DK1","2671.11","2682.80"
"26/11/2015 21:00 - 26/11/2015 22:00","BZN|DK1","2491.44","2478.00"
"26/11/2015 22:00 - 26/11/2015 23:00","BZN|DK1","2280.27","2265.50"
"26/11/2015 23:00 - 27/11/2015 00:00","BZN|DK1","2062.59","2051.80"
"27/11/2015 00:00 - 27/11/2015 01:00","BZN|DK1","1907.47","1917.60"
"27/11/2015 01:00 - 27/11/2015 02:00","BZN|DK1","1849.81","1848.00"
"27/11/2015 02:00 - 27/11/2015 03:00","BZN|DK1","1834.92","1818.50"
"27/11/2015 03:00 - 27/11/2015 04:00","BZN|DK1","2001.73","1913.30"
"27/11/2015 04:00 - 27/11/2015 05:00","BZN|DK1","2030.03","2000.90"
"27/11/2015 05:00 - 27/11/2015 06:00","BZN|DK1","2200.68","2173.70"
"27/11/2015 06:00 - 27/11/2015 07:00","BZN|DK1","2642.18","2618.60"
"27/11/2015 07:00 - 27/11/2015 08:00","BZN|DK1","3072.44","3085.80"
"27/11/2015 08:00 - 27/11/2015 09:00","BZN|DK1","3073.00","3129.70"
"27/11/2015 09:00 - 27/11/2015 10:00","BZN|DK1","3039.28","3041.50"
"27/11/2015 10:00 - 27/11/2015 11:00","BZN|DK1","3009.13","3053.70"
"27/11/2015 11:00 - 27/11/2015 12:00","BZN|DK1","2965.65","2983.30"
"27/11/2015 12:00 - 27/11/2015 13:00","BZN|DK1","2881.79","2855.90"
"27/11/2015 13:00 - 27/11/2015 14:00","BZN|DK1","2800.13","2787.30"
"27/11/2015 14:00 - 27/11/2015 15:00","BZN|DK1","2700.84","2696.20"
"27/11/2015 15:00 - 27/11/2015 16:00","BZN|DK1","2673.34","2671.20"
"27/11/2015 16:00 - 27/11/2015 17:00","BZN|DK1","2804.42","2824.30"
"27/11/2015 17:00 - 27/11/2015 18:00","BZN|DK1","2893.50","2928.50"
"27/11/2015 18:00 - 27/11/2015 19:00","BZN|DK1","2757.83","2760.50"
"27/11/2015 19:00 - 27/11/2015 20:00","BZN|DK1","2591.12","2587.10"
"27/11/2015 20:00 - 27/11/2015 21:00","BZN|DK1","2413.14","2438.00"
"27/11/2015 21:00 - 27/11/2015 22:00","BZN|DK1","2217.99","2250.70"
"27/11/2015 22:00 - 27/11/2015 23:00","BZN|DK1","2045.33","2101.80"
"27/11/2015 23:00 - 28/11/2015 00:00","BZN|DK1","1920.52","1945.70"
"28/11/2015 00:00 - 28/11/2015 01:00","BZN|DK1","1799.44","1780.70"
"28/11/2015 01:00 - 28/11/2015 02:00","BZN|DK1","1714.06","1713.10"
"28/11/2015 02:00 - 28/11/2015 03:00","BZN|DK1","1617.42","1648.90"
"28/11/2015 03:00 - 28/11/2015 04:00","BZN|DK1","1634.40","1605.30"
"28/11/2015 04:00 - 28/11/2015 05:00","BZN|DK1","1598.03","1613.10"
"28/11/2015 05:00 - 28/11/2015 06:00","BZN|DK1","1684.48","1667.20"
"28/11/2015 06:00 - 28/11/2015 07:00","BZN|DK1","1848.71","1826.90"
"28/11/2015 07:00 - 28/11/2015 08:00","BZN|DK1","2103.22","2084.30"
"28/11/2015 08:00 - 28/11/2015 09:00","BZN|DK1","2298.62","2264.30"
"28/11/2015 09:00 - 28/11/2015 10:00","BZN|DK1","2372.08","2403.40"
"28/11/2015 10:00 - 28/11/2015 11:00","BZN|DK1","2370.76","2410.00"
"28/11/2015 11:00 - 28/11/2015 12:00","BZN|DK1","2334.24","2358.60"
"28/11/2015 12:00 - 28/11/2015 13:00","BZN|DK1","2233.78","2268.20"
"28/11/2015 13:00 - 28/11/2015 14:00","BZN|DK1","2181.20","2202.40"
"28/11/2015 14:00 - 28/11/2015 15:00","BZN|DK1","2197.10","2185.30"
"28/11/2015 15:00 - 28/11/2015 16:00","BZN|DK1","2262.25","2248.40"
"28/11/2015 16:00 - 28/11/2015 17:00","BZN|DK1","2485.20","2480.40"
"28/11/2015 17:00 - 28/11/2015 18:00","BZN|DK1","2708.57","2692.40"
"28/11/2015 18:00 - 28/11/2015 19:00","BZN|DK1","2574.70","2593.80"
"28/11/2015 19:00 - 28/11/2015 20:00","BZN|DK1","2325.74","2353.90"
"28/11/2015 20:00 - 28/11/2015 21:00","BZN|DK1","2139.67","2169.70"
"28/11/2015 21:00 - 28/11/2015 22:00","BZN|DK1","2004.24","2018.60"
"28/11/2015 22:00 - 28/11/2015 23:00","BZN|DK1","1840.47","1890.00"
"28/11/2015 23:00 - 29/11/2015 00:00","BZN|DK1","1728.63","1769.00"
"29/11/2015 00:00 - 29/11/2015 01:00","BZN|DK1","1623.37","1627.60"
"29/11/2015 01:00 - 29/11/2015 02:00","BZN|DK1","1544.04","1536.10"
"29/11/2015 02:00 - 29/11/2015 03:00","BZN|DK1","1537.36","1497.60"
"29/11/2015 03:00 - 29/11/2015 04:00","BZN|DK1","1592.37","1573.60"
"29/11/2015 04:00 - 29/11/2015 05:00","BZN|DK1","1589.96","1595.20"
"29/11/2015 05:00 - 29/11/2015 06:00","BZN|DK1","1674.25","1654.40"
"29/11/2015 06:00 - 29/11/2015 07:00","BZN|DK1","1767.71","1801.70"
"29/11/2015 07:00 - 29/11/2015 08:00","BZN|DK1","1937.08","1949.00"
"29/11/2015 08:00 - 29/11/2015 09:00","BZN|DK1","2106.56","2089.10"
"29/11/2015 09:00 - 29/11/2015 10:00","BZN|DK1","2137.97","2182.50"
"29/11/2015 10:00 - 29/11/2015 11:00","BZN|DK1","2290.40","2216.30"
"29/11/2015 11:00 - 29/11/2015 12:00","BZN|DK1","2261.03","2316.10"
"29/11/2015 12:00 - 29/11/2015 13:00","BZN|DK1","2158.87","2169.90"
"29/11/2015 13:00 - 29/11/2015 14:00","BZN|DK1","2192.34","2173.10"
"29/11/2015 14:00 - 29/11/2015 15:00","BZN|DK1","2267.54","2222.00"
"29/11/2015 15:00 - 29/11/2015 16:00","BZN|DK1","2317.26","2305.90"
"29/11/2015 16:00 - 29/11/2015 17:00","BZN|DK1","2484.22","2477.00"
"29/11/2015 17:00 - 29/11/2015 18:00","BZN|DK1","2640.75","2660.60"
"29/11/2015 18:00 - 29/11/2015 19:00","BZN|DK1","2561.95","2564.50"
"29/11/2015 19:00 - 29/11/2015 20:00","BZN|DK1","2435.44","2441.70"
"29/11/2015 20:00 - 29/11/2015 21:00","BZN|DK1","2236.18","2252.60"
"29/11/2015 21:00 - 29/11/2015 22:00","BZN|DK1","2135.90","2140.80"
"29/11/2015 22:00 - 29/11/2015 23:00","BZN|DK1","1930.14","1949.70"
"29/11/2015 23:00 - 30/11/2015 00:00","BZN|DK1","1782.14","1839.60"
"30/11/2015 00:00 - 30/11/2015 01:00","BZN|DK1","1733.60","1758.60"
"30/11/2015 01:00 - 30/11/2015 02:00","BZN|DK1","1648.49","1653.20"
"30/11/2015 02:00 - 30/11/2015 03:00","BZN|DK1","1619.74","1639.30"
"30/11/2015 03:00 - 30/11/2015 04:00","BZN|DK1","1594.56","1639.00"
"30/11/2015 04:00 - 30/11/2015 05:00","BZN|DK1","1693.72","1681.60"
"30/11/2015 05:00 - 30/11/2015 06:00","BZN|DK1","1870.65","1869.50"
"30/11/2015 06:00 - 30/11/2015 07:00","BZN|DK1","2267.46","2299.60"
"30/11/2015 07:00 - 30/11/2015 08:00","BZN|DK1","2731.62","2747.20"
"30/11/2015 08:00 - 30/11/2015 09:00","BZN|DK1","2826.06","2837.10"
"30/11/2015 09:00 - 30/11/2015 10:00","BZN|DK1","2815.02","2816.00"
"30/11/2015 10:00 - 30/11/2015 11:00","BZN|DK1","2744.29","2794.90"
"30/11/2015 11:00 - 30/11/2015 12:00","BZN|DK1","2747.26","2732.30"
"30/11/2015 12:00 - 30/11/2015 13:00","BZN|DK1","2811.64","2748.50"
"30/11/2015 13:00 - 30/11/2015 14:00","BZN|DK1","2820.80","2811.60"
"30/11/2015 14:00 - 30/11/2015 15:00","BZN|DK1","2797.78","2795.80"
"30/11/2015 15:00 - 30/11/2015 16:00","BZN|DK1","6711.91","2716.20"
"30/11/2015 16:00 - 30/11/2015 17:00","BZN|DK1","2972.81","2944.20"
"30/11/2015 17:00 - 30/11/2015 18:00","BZN|DK1","3179.58","3175.00"
"30/11/2015 18:00 - 30/11/2015 19:00","BZN|DK1","3027.51","3018.70"
"30/11/2015 19:00 - 30/11/2015 20:00","BZN|DK1","2784.71","2807.50"
"30/11/2015 20:00 - 30/11/2015 21:00","BZN|DK1","2609.58","2579.70"
"30/11/2015 21:00 - 30/11/2015 22:00","BZN|DK1","2438.28","2415.50"
"30/11/2015 22:00 - 30/11/2015 23:00","BZN|DK1","2212.82","2217.60"
"30/11/2015 23:00 - 01/12/2015 00:00","BZN|DK1","1972.24","1996.00"
"01/12/2015 00:00 - 01/12/2015 01:00","BZN|DK1","1829.10","1805.70"
"01/12/2015 01:00 - 01/12/2015 02:00","BZN|DK1","1789.65","1779.80"
"01/12/2015 02:00 - 01/12/2015 03:00","BZN|DK1","1767.30","1760.90"
"01/12/2015 03:00 - 01/12/2015 04:00","BZN|DK1","1734.42","1739.90"
"01/12/2015 04:00 - 01/12/2015 05:00","BZN|DK1","1780.25","1798.80"
"01/12/2015 05:00 - 01/12/2015 06:00","BZN|DK1","1909.64","1940.10"
"01/12/2015 06:00 - 01/12/2015 07:00","BZN|DK1","2505.14","2410.80"
"01/12/2015 07:00 - 01/12/2015 08:00","BZN|DK1","3003.74","3006.50"
"01/12/2015 08:00 - 01/12/2015 09:00","BZN|DK1","2954.33","3045.30"
"01/12/2015 09:00 - 01/12/2015 10:00","BZN|DK1","3029.53","2999.30"
"01/12/2015 10:00 - 01/12/2015 11:00","BZN|DK1","3022.69","3027.80"
"01/12/2015 11:00 - 01/12/2015 12:00","BZN|DK1","3022.48","3004.60"
"01/12/2015 12:00 - 01/12/2015 13:00","BZN|DK1","2882.73","2902.10"
"01/12/2015 13:00 - 01/12/2015 14:00","BZN|DK1","2922.26","2920.30"
"01/12/2015 14:00 - 01/12/2015 15:00","BZN|DK1","2925.12","2903.60"
"01/12/2015 15:00 - 01/12/2015 16:00","BZN|DK1","2906.74","2898.00"
"01/12/2015 16:00 - 01/12/2015 17:00","BZN|DK1","2979.28","3000.30"
"01/12/2015 17:00 - 01/12/2015 18:00","BZN|DK1","3152.69","3145.30"
"01/12/2015 18:00 - 01/12/2015 19:00","BZN|DK1","2993.52","2983.10"
"01/12/2015 19:00 - 01/12/2015 20:00","BZN|DK1","2839.67","2821.80"
"01/12/2015 20:00 - 01/12/2015 21:00","BZN|DK1","2631.79","2644.00"
"01/12/2015 21:00 - 01/12/2015 22:00","BZN|DK1","2462.65","2460.60"
"01/12/2015 22:00 - 01/12/2015 23:00","BZN|DK1","2274.33","2246.10"
"01/12/2015 23:00 - 02/12/2015 00:00","BZN|DK1","2143.89","2023.70"
"02/12/2015 00:00 - 02/12/2015 01:00","BZN|DK1","2009.85","1982.80"
"02/12/2015 01:00 - 02/12/2015 02:00","BZN|DK1","1898.77","1918.00"
"02/12/2015 02:00 - 02/12/2015 03:00","BZN|DK1","1816.67","1865.30"
"02/12/2015 03:00 - 02/12/2015 04:00","BZN|DK1","1792.76","1814.30"
"02/12/2015 04:00 - 02/12/2015 05:00","BZN|DK1","1901.09","1885.30"
"02/12/2015 05:00 - 02/12/2015 06:00","BZN|DK1","2060.88","2064.80"
"02/12/2015 06:00 - 02/12/2015 07:00","BZN|DK1","2482.21","2471.50"
"02/12/2015 07:00 - 02/12/2015 08:00","BZN|DK1","2922.54","2917.30"
"02/12/2015 08:00 - 02/12/2015 09:00","BZN|DK1","3044.27","3050.00"
"02/12/2015 09:00 - 02/12/2015 10:00","BZN|DK1","2889.16","2949.90"
"02/12/2015 10:00 - 02/12/2015 11:00","BZN|DK1","2952.68","2959.30"
"02/12/2015 11:00 - 02/12/2015 12:00","BZN|DK1","2903.12","2902.30"
"02/12/2015 12:00 - 02/12/2015 13:00","BZN|DK1","2814.33","2845.80"
"02/12/2015 13:00 - 02/12/2015 14:00","BZN|DK1","2832.10","2831.70"
"02/12/2015 14:00 - 02/12/2015 15:00","BZN|DK1","2821.36","2839.80"
"02/12/2015 15:00 - 02/12/2015 16:00","BZN|DK1","2702.72","2773.90"
"02/12/2015 16:00 - 02/12/2015 17:00","BZN|DK1","2843.08","2852.60"
"02/12/2015 17:00 - 02/12/2015 18:00","BZN|DK1","3076.39","3040.00"
"02/12/2015 18:00 - 02/12/2015 19:00","BZN|DK1","3022.98","2959.10"
"02/12/2015 19:00 - 02/12/2015 20:00","BZN|DK1","2825.38","2830.60"
"02/12/2015 20:00 - 02/12/2015 21:00","BZN|DK1","2652.14","2663.80"
"02/12/2015 21:00 - 02/12/2015 22:00","BZN|DK1","2475.10","2489.60"
"02/12/2015 22:00 - 02/12/2015 23:00","BZN|DK1","2287.07","2283.90"
"02/12/2015 23:00 - 03/12/2015 00:00","BZN|DK1","2063.72","2065.80"
"03/12/2015 00:00 - 03/12/2015 01:00","BZN|DK1","1971.24","1957.50"
"03/12/2015 01:00 - 03/12/2015 02:00","BZN|DK1","1900.43","1913.00"
"03/12/2015 02:00 - 03/12/2015 03:00","BZN|DK1","1871.88","1868.60"
"03/12/2015 03:00 - 03/12/2015 04:00","BZN|DK1","1876.37","1859.50"
"03/12/2015 04:00 - 03/12/2015 05:00","BZN|DK1","1907.75","1907.80"
"03/12/2015 05:00 - 03/12/2015 06:00","BZN|DK1","2021.94","2061.60"
"03/12/2015 06:00 - 03/12/2015 07:00","BZN|DK1","2606.33","2514.80"
"03/12/2015 07:00 - 03/12/2015 08:00","BZN|DK1","2913.00","2945.90"
"03/12/2015 08:00 - 03/12/2015 09:00","BZN|DK1","3039.01","3049.30"
"03/12/2015 09:00 - 03/12/2015 10:00","BZN|DK1","3043.22","3010.00"
"03/12/2015 10:00 - 03/12/2015 11:00","BZN|DK1","2958.47","2993.10"
"03/12/2015 11:00 - 03/12/2015 12:00","BZN|DK1","3059.44","3010.40"
"03/12/2015 12:00 - 03/12/2015 13:00","BZN|DK1","2993.88","2977.30"
"03/12/2015 13:00 - 03/12/2015 14:00","BZN|DK1","3022.06","3019.20"
"03/12/2015 14:00 - 03/12/2015 15:00","BZN|DK1","2973.59","2969.00"
"03/12/2015 15:00 - 03/12/2015 16:00","BZN|DK1","2892.54","2909.80"
"03/12/2015 16:00 - 03/12/2015 17:00","BZN|DK1","2961.39","2990.00"
"03/12/2015 17:00 - 03/12/2015 18:00","BZN|DK1","3079.81","3095.90"
"03/12/2015 18:00 - 03/12/2015 19:00","BZN|DK1","2926.11","2914.40"
"03/12/2015 19:00 - 03/12/2015 20:00","BZN|DK1","2763.24","2759.00"
"03/12/2015 20:00 - 03/12/2015 21:00","BZN|DK1","2681.99","2639.00"
"03/12/2015 21:00 - 03/12/2015 22:00","BZN|DK1","2516.94","2523.50"
"03/12/2015 22:00 - 03/12/2015 23:00","BZN|DK1","2283.96","2320.60"
"03/12/2015 23:00 - 04/12/2015 00:00","BZN|DK1","2094.73","2098.20"
"04/12/2015 00:00 - 04/12/2015 01:00","BZN|DK1","1810.90","1874.00"
"04/12/2015 01:00 - 04/12/2015 02:00","BZN|DK1","1675.81","1734.50"
"04/12/2015 02:00 - 04/12/2015 03:00","BZN|DK1","1638.36","1657.90"
"04/12/2015 03:00 - 04/12/2015 04:00","BZN|DK1","1693.11","1674.80"
"04/12/2015 04:00 - 04/12/2015 05:00","BZN|DK1","1859.92","1828.70"
"04/12/2015 05:00 - 04/12/2015 06:00","BZN|DK1","2007.13","2008.10"
"04/12/2015 06:00 - 04/12/2015 07:00","BZN|DK1","2419.02","2405.70"
"04/12/2015 07:00 - 04/12/2015 08:00","BZN|DK1","2842.22","2842.50"
"04/12/2015 08:00 - 04/12/2015 09:00","BZN|DK1","2909.68","2927.80"
"04/12/2015 09:00 - 04/12/2015 10:00","BZN|DK1","2903.91","2873.20"
"04/12/2015 10:00 - 04/12/2015 11:00","BZN|DK1","2881.08","2884.50"
"04/12/2015 11:00 - 04/12/2015 12:00","BZN|DK1","2822.91","2840.80"
"04/12/2015 12:00 - 04/12/2015 13:00","BZN|DK1","2685.94","2699.10"
"04/12/2015 13:00 - 04/12/2015 14:00","BZN|DK1","2602.23","2604.70"
"04/12/2015 14:00 - 04/12/2015 15:00","BZN|DK1","2566.65","2543.50"
"04/12/2015 15:00 - 04/12/2015 16:00","BZN|DK1","2544.00","2543.30"
"04/12/2015 16:00 - 04/12/2015 17:00","BZN|DK1","2763.03","2743.50"
"04/12/2015 17:00 - 04/12/2015 18:00","BZN|DK1","2886.04","2891.80"
"04/12/2015 18:00 - 04/12/2015 19:00","BZN|DK1","2741.11","2747.50"
"04/12/2015 19:00 - 04/12/2015 20:00","BZN|DK1","2528.28","2529.80"
"04/12/2015 20:00 - 04/12/2015 21:00","BZN|DK1","2327.77","2347.00"
"04/12/2015 21:00 - 04/12/2015 22:00","BZN|DK1","2175.21","2188.30"
"04/12/2015 22:00 - 04/12/2015 23:00","BZN|DK1","2004.45","2028.60"
"04/12/2015 23:00 - 05/12/2015 00:00","BZN|DK1","1904.96","1881.50"
"05/12/2015 00:00 - 05/12/2015 01:00","BZN|DK1","1798.89","1769.20"
"05/12/2015 01:00 - 05/12/2015 02:00","BZN|DK1","1695.97","1706.10"
"05/12/2015 02:00 - 05/12/2015 03:00","BZN|DK1","1670.75","1646.50"
"05/12/2015 03:00 - 05/12/2015 04:00","BZN|DK1","1656.02","1644.80"
"05/12/2015 04:00 - 05/12/2015 05:00","BZN|DK1","1669.87","1658.30"
"05/12/2015 05:00 - 05/12/2015 06:00","BZN|DK1","1710.62","1712.60"
"05/12/2015 06:00 - 05/12/2015 07:00","BZN|DK1","1815.88","1827.60"
"05/12/2015 07:00 - 05/12/2015 08:00","BZN|DK1","2013.74","2011.50"
"05/12/2015 08:00 - 05/12/2015 09:00","BZN|DK1","2226.91","2194.70"
"05/12/2015 09:00 - 05/12/2015 10:00","BZN|DK1","2330.48","2295.30"
"05/12/2015 10:00 - 05/12/2015 11:00","BZN|DK1","2409.67","2306.60"
"05/12/2015 11:00 - 05/12/2015 12:00","BZN|DK1","2413.25","2386.30"
"05/12/2015 12:00 - 05/12/2015 13:00","BZN|DK1","2370.23","2324.90"
"05/12/2015 13:00 - 05/12/2015 14:00","BZN|DK1","2325.30","2315.50"
"05/12/2015 14:00 - 05/12/2015 15:00","BZN|DK1","2282.94","2279.00"
"05/12/2015 15:00 - 05/12/2015 16:00","BZN|DK1","2402.17","2324.20"
"05/12/2015 16:00 - 05/12/2015 17:00","BZN|DK1","2476.17","2504.00"
"05/12/2015 17:00 - 05/12/2015 18:00","BZN|DK1","2501.21","2537.00"
"05/12/2015 18:00 - 05/12/2015 19:00","BZN|DK1","2396.01","2418.80"
"05/12/2015 19:00 - 05/12/2015 20:00","BZN|DK1","2239.22","2225.80"
"05/12/2015 20:00 - 05/12/2015 21:00","BZN|DK1","2195.76","2149.10"
"05/12/2015 21:00 - 05/12/2015 22:00","BZN|DK1","2077.80","2079.60"
"05/12/2015 22:00 - 05/12/2015 23:00","BZN|DK1","1951.10","1954.50"
"05/12/2015 23:00 - 06/12/2015 00:00","BZN|DK1","1827.52","1820.20"
"06/12/2015 00:00 - 06/12/2015 01:00","BZN|DK1","1701.85","1665.60"
"06/12/2015 01:00 - 06/12/2015 02:00","BZN|DK1","1608.15","1604.00"
"06/12/2015 02:00 - 06/12/2015 03:00","BZN|DK1","1551.37","1555.90"
"06/12/2015 03:00 - 06/12/2015 04:00","BZN|DK1","1536.11","1537.90"
"06/12/2015 04:00 - 06/12/2015 05:00","BZN|DK1","1547.53","1544.80"
"06/12/2015 05:00 - 06/12/2015 06:00","BZN|DK1","1576.24","1587.60"
"06/12/2015 06:00 - 06/12/2015 07:00","BZN|DK1","1639.10","1653.00"
"06/12/2015 07:00 - 06/12/2015 08:00","BZN|DK1","1858.48","1824.00"
"06/12/2015 08:00 - 06/12/2015 09:00","BZN|DK1","2016.49","2029.40"
"06/12/2015 09:00 - 06/12/2015 10:00","BZN|DK1","2112.13","2105.30"
"06/12/2015 10:00 - 06/12/2015 11:00","BZN|DK1","2185.16","2186.70"
"06/12/2015 11:00 - 06/12/2015 12:00","BZN|DK1","2211.95","2213.80"
"06/12/2015 12:00 - 06/12/2015 13:00","BZN|DK1","2185.06","2192.80"
"06/12/2015 13:00 - 06/12/2015 14:00","BZN|DK1","2160.24","2172.00"
"06/12/2015 14:00 - 06/12/2015 15:00","BZN|DK1","2168.09","2172.90"
"06/12/2015 15:00 - 06/12/2015 16:00","BZN|DK1","2228.17","2228.80"
"06/12/2015 16:00 - 06/12/2015 17:00","BZN|DK1","2323.58","2333.30"
"06/12/2015 17:00 - 06/12/2015 18:00","BZN|DK1","2551.87","2538.20"
"06/12/2015 18:00 - 06/12/2015 19:00","BZN|DK1","2492.09","2474.40"
"06/12/2015 19:00 - 06/12/2015 20:00","BZN|DK1","2357.09","2350.60"
"06/12/2015 20:00 - 06/12/2015 21:00","BZN|DK1","2176.04","2193.80"
"06/12/2015 21:00 - 06/12/2015 22:00","BZN|DK1","2049.67","2035.80"
"06/12/2015 22:00 - 06/12/2015 23:00","BZN|DK1","1923.20","1875.40"
"06/12/2015 23:00 - 07/12/2015 00:00","BZN|DK1","1790.39","1715.80"
"07/12/2015 00:00 - 07/12/2015 01:00","BZN|DK1","1682.81","1702.10"
"07/12/2015 01:00 - 07/12/2015 02:00","BZN|DK1","1628.96","1664.20"
"07/12/2015 02:00 - 07/12/2015 03:00","BZN|DK1","1636.23","1628.80"
"07/12/2015 03:00 - 07/12/2015 04:00","BZN|DK1","1694.60","1664.60"
"07/12/2015 04:00 - 07/12/2015 05:00","BZN|DK1","1743.06","1741.00"
"07/12/2015 05:00 - 07/12/2015 06:00","BZN|DK1","1900.72","1904.30"
"07/12/2015 06:00 - 07/12/2015 07:00","BZN|DK1","2375.44","2346.80"
"07/12/2015 07:00 - 07/12/2015 08:00","BZN|DK1","2853.85","2844.30"
"07/12/2015 08:00 - 07/12/2015 09:00","BZN|DK1","2988.55","2996.90"
"07/12/2015 09:00 - 07/12/2015 10:00","BZN|DK1","2946.91","2945.00"
"07/12/2015 10:00 - 07/12/2015 11:00","BZN|DK1","2984.17","2984.90"
"07/12/2015 11:00 - 07/12/2015 12:00","BZN|DK1","2973.63","2971.80"
"07/12/2015 12:00 - 07/12/2015 13:00","BZN|DK1","2887.84","2899.00"
"07/12/2015 13:00 - 07/12/2015 14:00","BZN|DK1","2905.14","2909.20"
"07/12/2015 14:00 - 07/12/2015 15:00","BZN|DK1","2854.18","2864.30"
"07/12/2015 15:00 - 07/12/2015 16:00","BZN|DK1","2811.97","2816.90"
"07/12/2015 16:00 - 07/12/2015 17:00","BZN|DK1","2963.98","2961.40"
"07/12/2015 17:00 - 07/12/2015 18:00","BZN|DK1","3182.13","3147.50"
"07/12/2015 18:00 - 07/12/2015 19:00","BZN|DK1","3001.38","3001.00"
"07/12/2015 19:00 - 07/12/2015 20:00","BZN|DK1","2810.20","2808.30"
"07/12/2015 20:00 - 07/12/2015 21:00","BZN|DK1","2601.81","2616.90"
"07/12/2015 21:00 - 07/12/2015 22:00","BZN|DK1","2419.88","2422.20"
"07/12/2015 22:00 - 07/12/2015 23:00","BZN|DK1","2188.33","2213.70"
"07/12/2015 23:00 - 08/12/2015 00:00","BZN|DK1","1967.16","1995.30"
"08/12/2015 00:00 - 08/12/2015 01:00","BZN|DK1","1821.23","1803.60"
"08/12/2015 01:00 - 08/12/2015 02:00","BZN|DK1","1748.44","1739.60"
"08/12/2015 02:00 - 08/12/2015 03:00","BZN|DK1","1732.91","1721.70"
"08/12/2015 03:00 - 08/12/2015 04:00","BZN|DK1","1740.23","1732.20"
"08/12/2015 04:00 - 08/12/2015 05:00","BZN|DK1","1784.31","1778.50"
"08/12/2015 05:00 - 08/12/2015 06:00","BZN|DK1","1942.29","1943.90"
"08/12/2015 06:00 - 08/12/2015 07:00","BZN|DK1","2371.93","2377.10"
"08/12/2015 07:00 - 08/12/2015 08:00","BZN|DK1","2828.80","2840.50"
"08/12/2015 08:00 - 08/12/2015 09:00","BZN|DK1","2982.89","2958.20"
"08/12/2015 09:00 - 08/12/2015 10:00","BZN|DK1","2925.08","2903.50"
"08/12/2015 10:00 - 08/12/2015 11:00","BZN|DK1","2932.59","2928.50"
"08/12/2015 11:00 - 08/12/2015 12:00","BZN|DK1","2887.17","2906.50"
"08/12/2015 12:00 - 08/12/2015 13:00","BZN|DK1","2818.64","2809.20"
"08/12/2015 13:00 - 08/12/2015 14:00","BZN|DK1","2838.11","2838.80"
"08/12/2015 14:00 - 08/12/2015 15:00","BZN|DK1","2805.21","2794.30"
"08/12/2015 15:00 - 08/12/2015 16:00","BZN|DK1","2770.23","2767.40"
"08/12/2015 16:00 - 08/12/2015 17:00","BZN|DK1","2841.49","2935.80"
"08/12/2015 17:00 - 08/12/2015 18:00","BZN|DK1","3137.94","3129.60"
"08/12/2015 18:00 - 08/12/2015 19:00","BZN|DK1","2964.75","2973.20"
"08/12/2015 19:00 - 08/12/2015 20:00","BZN|DK1","2753.38","2777.20"
"08/12/2015 20:00 - 08/12/2015 21:00","BZN|DK1","2556.95","2576.90"
"08/12/2015 21:00 - 08/12/2015 22:00","BZN|DK1","2391.33","2381.30"
"08/12/2015 22:00 - 08/12/2015 23:00","BZN|DK1","2200.24","2184.30"
"08/12/2015 23:00 - 09/12/2015 00:00","BZN|DK1","2028.98","2014.10"
"09/12/2015 00:00 - 09/12/2015 01:00","BZN|DK1","1882.02","1854.30"
"09/12/2015 01:00 - 09/12/2015 02:00","BZN|DK1","1796.79","1798.40"
"09/12/2015 02:00 - 09/12/2015 03:00","BZN|DK1","1750.55","1758.80"
"09/12/2015 03:00 - 09/12/2015 04:00","BZN|DK1","1748.90","1754.00"
"09/12/2015 04:00 - 09/12/2015 05:00","BZN|DK1","1784.08","1794.60"
"09/12/2015 05:00 - 09/12/2015 06:00","BZN|DK1","1980.97","1964.80"
"09/12/2015 06:00 - 09/12/2015 07:00","BZN|DK1","2409.03","2399.70"
"09/12/2015 07:00 - 09/12/2015 08:00","BZN|DK1","2880.97","2858.60"
"09/12/2015 08:00 - 09/12/2015 09:00","BZN|DK1","2962.82","3003.10"
"09/12/2015 09:00 - 09/12/2015 10:00","BZN|DK1","2926.52","2903.80"
"09/12/2015 10:00 - 09/12/2015 11:00","BZN|DK1","2936.77","2938.50"
"09/12/2015 11:00 - 09/12/2015 12:00","BZN|DK1","2892.98","2913.80"
"09/12/2015 12:00 - 09/12/2015 13:00","BZN|DK1","2796.78","2812.30"
"09/12/2015 13:00 - 09/12/2015 14:00","BZN|DK1","2852.37","2836.40"
"09/12/2015 14:00 - 09/12/2015 15:00","BZN|DK1","2790.70","2797.20"
"09/12/2015 15:00 - 09/12/2015 16:00","BZN|DK1","2776.63","2766.30"
"09/12/2015 16:00 - 09/12/2015 17:00","BZN|DK1","2967.00","2941.70"
"09/12/2015 17:00 - 09/12/2015 18:00","BZN|DK1","3146.60","3126.80"
"09/12/2015 18:00 - 09/12/2015 19:00","BZN|DK1","3022.47","2980.90"
"09/12/2015 19:00 - 09/12/2015 20:00","BZN|DK1","2864.85","2868.00"
"09/12/2015 20:00 - 09/12/2015 21:00","BZN|DK1","2696.66","2685.00"
"09/12/2015 21:00 - 09/12/2015 22:00","BZN|DK1","2507.78","2514.00"
"09/12/2015 22:00 - 09/12/2015 23:00","BZN|DK1","2298.97","2319.00"
"09/12/2015 23:00 - 10/12/2015 00:00","BZN|DK1","2078.79","2126.80"
"10/12/2015 00:00 - 10/12/2015 01:00","BZN|DK1","1934.72","1886.20"
"10/12/2015 01:00 - 10/12/2015 02:00","BZN|DK1","1875.74","1850.80"
"10/12/2015 02:00 - 10/12/2015 03:00","BZN|DK1","1826.16","1833.50"
"10/12/2015 03:00 - 10/12/2015 04:00","BZN|DK1","1836.52","1825.60"
"10/12/2015 04:00 - 10/12/2015 05:00","BZN|DK1","1827.64","1854.30"
"10/12/2015 05:00 - 10/12/2015 06:00","BZN|DK1","1994.95","1960.80"
"10/12/2015 06:00 - 10/12/2015 07:00","BZN|DK1","2452.16","2416.70"
"10/12/2015 07:00 - 10/12/2015 08:00","BZN|DK1","2947.56","2942.40"
"10/12/2015 08:00 - 10/12/2015 09:00","BZN|DK1","3069.64","3066.60"
"10/12/2015 09:00 - 10/12/2015 10:00","BZN|DK1","2969.72","2947.80"
"10/12/2015 10:00 - 10/12/2015 11:00","BZN|DK1","3058.65","2929.80"
"10/12/2015 11:00 - 10/12/2015 12:00","BZN|DK1","3006.65","2963.60"
"10/12/2015 12:00 - 10/12/2015 13:00","BZN|DK1","2927.71","2924.20"
"10/12/2015 13:00 - 10/12/2015 14:00","BZN|DK1","2933.59","2924.30"
"10/12/2015 14:00 - 10/12/2015 15:00","BZN|DK1","2935.68","2914.00"
"10/12/2015 15:00 - 10/12/2015 16:00","BZN|DK1","2874.89","2858.90"
"10/12/2015 16:00 - 10/12/2015 17:00","BZN|DK1","2994.32","3012.80"
"10/12/2015 17:00 - 10/12/2015 18:00","BZN|DK1","3085.19","3173.50"
"10/12/2015 18:00 - 10/12/2015 19:00","BZN|DK1","2971.83","2987.00"
"10/12/2015 19:00 - 10/12/2015 20:00","BZN|DK1","2802.43","2786.50"
"10/12/2015 20:00 - 10/12/2015 21:00","BZN|DK1","2616.40","2614.40"
"10/12/2015 21:00 - 10/12/2015 22:00","BZN|DK1","2466.40","2440.50"
"10/12/2015 22:00 - 10/12/2015 23:00","BZN|DK1","2188.79","2245.50"
"10/12/2015 23:00 - 11/12/2015 00:00","BZN|DK1","1951.93","2022.80"
"11/12/2015 00:00 - 11/12/2015 01:00","BZN|DK1","1826.23","1859.40"
"11/12/2015 01:00 - 11/12/2015 02:00","BZN|DK1","1761.91","1757.80"
"11/12/2015 02:00 - 11/12/2015 03:00","BZN|DK1","1731.31","1735.00"
"11/12/2015 03:00 - 11/12/2015 04:00","BZN|DK1","1733.62","1739.60"
"11/12/2015 04:00 - 11/12/2015 05:00","BZN|DK1","1803.70","1795.00"
"11/12/2015 05:00 - 11/12/2015 06:00","BZN|DK1","1968.06","1965.50"
"11/12/2015 06:00 - 11/12/2015 07:00","BZN|DK1","2415.53","2407.30"
"11/12/2015 07:00 - 11/12/2015 08:00","BZN|DK1","2878.77","2871.30"
"11/12/2015 08:00 - 11/12/2015 09:00","BZN|DK1","3020.34","3012.20"
"11/12/2015 09:00 - 11/12/2015 10:00","BZN|DK1","3033.54","3000.70"
"11/12/2015 10:00 - 11/12/2015 11:00","BZN|DK1","2983.85","3009.60"
"11/12/2015 11:00 - 11/12/2015 12:00","BZN|DK1","2965.22","2948.80"
"11/12/2015 12:00 - 11/12/2015 13:00","BZN|DK1","2730.16","2787.40"
"11/12/2015 13:00 - 11/12/2015 14:00","BZN|DK1","2689.82","2637.30"
"11/12/2015 14:00 - 11/12/2015 15:00","BZN|DK1","2673.12","2656.90"
"11/12/2015 15:00 - 11/12/2015 16:00","BZN|DK1","2653.84","2656.60"
"11/12/2015 16:00 - 11/12/2015 17:00","BZN|DK1","2842.93","2803.50"
"11/12/2015 17:00 - 11/12/2015 18:00","BZN|DK1","2937.70","2943.80"
"11/12/2015 18:00 - 11/12/2015 19:00","BZN|DK1","2824.77","2801.70"
"11/12/2015 19:00 - 11/12/2015 20:00","BZN|DK1","2601.95","2612.40"
"11/12/2015 20:00 - 11/12/2015 21:00","BZN|DK1","2488.96","2452.00"
"11/12/2015 21:00 - 11/12/2015 22:00","BZN|DK1","2366.80","2339.60"
"11/12/2015 22:00 - 11/12/2015 23:00","BZN|DK1","2249.71","2164.90"
"11/12/2015 23:00 - 12/12/2015 00:00","BZN|DK1","1987.28","1966.50"
"12/12/2015 00:00 - 12/12/2015 01:00","BZN|DK1","1876.57","1862.70"
"12/12/2015 01:00 - 12/12/2015 02:00","BZN|DK1","1802.17","1775.00"
"12/12/2015 02:00 - 12/12/2015 03:00","BZN|DK1","1731.92","1735.50"
"12/12/2015 03:00 - 12/12/2015 04:00","BZN|DK1","1679.43","1684.30"
"12/12/2015 04:00 - 12/12/2015 05:00","BZN|DK1","1690.91","1689.60"
"12/12/2015 05:00 - 12/12/2015 06:00","BZN|DK1","1753.53","1743.10"
"12/12/2015 06:00 - 12/12/2015 07:00","BZN|DK1","1873.59","1878.50"
"12/12/2015 07:00 - 12/12/2015 08:00","BZN|DK1","2062.80","2085.20"
"12/12/2015 08:00 - 12/12/2015 09:00","BZN|DK1","2247.97","2256.50"
"12/12/2015 09:00 - 12/12/2015 10:00","BZN|DK1","2335.49","2325.30"
"12/12/2015 10:00 - 12/12/2015 11:00","BZN|DK1","2377.13","2371.30"
"12/12/2015 11:00 - 12/12/2015 12:00","BZN|DK1","2322.67","2343.90"
"12/12/2015 12:00 - 12/12/2015 13:00","BZN|DK1","2252.54","2269.80"
"12/12/2015 13:00 - 12/12/2015 14:00","BZN|DK1","2227.56","2222.60"
"12/12/2015 14:00 - 12/12/2015 15:00","BZN|DK1","2226.86","2220.00"
"12/12/2015 15:00 - 12/12/2015 16:00","BZN|DK1","2296.96","2276.20"
"12/12/2015 16:00 - 12/12/2015 17:00","BZN|DK1","2515.02","2486.00"
"12/12/2015 17:00 - 12/12/2015 18:00","BZN|DK1","2692.45","2666.10"
"12/12/2015 18:00 - 12/12/2015 19:00","BZN|DK1","2621.90","2601.30"
"12/12/2015 19:00 - 12/12/2015 20:00","BZN|DK1","2422.64","2415.50"
"12/12/2015 20:00 - 12/12/2015 21:00","BZN|DK1","2266.15","2253.10"
"12/12/2015 21:00 - 12/12/2015 22:00","BZN|DK1","2213.98","2156.10"
"12/12/2015 22:00 - 12/12/2015 23:00","BZN|DK1","2041.80","2055.60"
"12/12/2015 23:00 - 13/12/2015 00:00","BZN|DK1","1999.18","1897.80"
"13/12/2015 00:00 - 13/12/2015 01:00","BZN|DK1","1805.25","1806.40"
"13/12/2015 01:00 - 13/12/2015 02:00","BZN|DK1","1726.03","1713.40"
"13/12/2015 02:00 - 13/12/2015 03:00","BZN|DK1","1663.27","1679.80"
"13/12/2015 03:00 - 13/12/2015 04:00","BZN|DK1","1643.05","1643.30"
"13/12/2015 04:00 - 13/12/2015 05:00","BZN|DK1","1657.04","1650.60"
"13/12/2015 05:00 - 13/12/2015 06:00","BZN|DK1","1712.61","1699.10"
"13/12/2015 06:00 - 13/12/2015 07:00","BZN|DK1","1818.98","1810.50"
"13/12/2015 07:00 - 13/12/2015 08:00","BZN|DK1","1986.65","1989.70"
"13/12/2015 08:00 - 13/12/2015 09:00","BZN|DK1","2145.96","2162.00"
"13/12/2015 09:00 - 13/12/2015 10:00","BZN|DK1","2245.38","2261.30"
"13/12/2015 10:00 - 13/12/2015 11:00","BZN|DK1","2247.92","2253.50"
"13/12/2015 11:00 - 13/12/2015 12:00","BZN|DK1","2255.34","2268.40"
"13/12/2015 12:00 - 13/12/2015 13:00","BZN|DK1","2222.25","2228.10"
"13/12/2015 13:00 - 13/12/2015 14:00","BZN|DK1","2196.83","2194.70"
"13/12/2015 14:00 - 13/12/2015 15:00","BZN|DK1","2214.29","2203.60"
"13/12/2015 15:00 - 13/12/2015 16:00","BZN|DK1","2290.57","2270.40"
"13/12/2015 16:00 - 13/12/2015 17:00","BZN|DK1","2534.46","2509.70"
"13/12/2015 17:00 - 13/12/2015 18:00","BZN|DK1","2776.87","2762.00"
"13/12/2015 18:00 - 13/12/2015 19:00","BZN|DK1","2732.51","2713.80"
"13/12/2015 19:00 - 13/12/2015 20:00","BZN|DK1","2583.91","2576.30"
"13/12/2015 20:00 - 13/12/2015 21:00","BZN|DK1","2450.07","2436.50"
"13/12/2015 21:00 - 13/12/2015 22:00","BZN|DK1","2300.30","2308.30"
"13/12/2015 22:00 - 13/12/2015 23:00","BZN|DK1","2155.65","2129.50"
"13/12/2015 23:00 - 14/12/2015 00:00","BZN|DK1","1978.04","1946.50"
"14/12/2015 00:00 - 14/12/2015 01:00","BZN|DK1","1878.54","1845.40"
"14/12/2015 01:00 - 14/12/2015 02:00","BZN|DK1","1813.71","1813.50"
"14/12/2015 02:00 - 14/12/2015 03:00","BZN|DK1","1807.87","1795.60"
"14/12/2015 03:00 - 14/12/2015 04:00","BZN|DK1","1830.52","1811.60"
"14/12/2015 04:00 - 14/12/2015 05:00","BZN|DK1","1883.75","1872.40"
"14/12/2015 05:00 - 14/12/2015 06:00","BZN|DK1","2043.49","2018.40"
"14/12/2015 06:00 - 14/12/2015 07:00","BZN|DK1","2502.03","2478.30"
"14/12/2015 07:00 - 14/12/2015 08:00","BZN|DK1","2990.32","2979.70"
"14/12/2015 08:00 - 14/12/2015 09:00","BZN|DK1","3156.03","3178.70"
"14/12/2015 09:00 - 14/12/2015 10:00","BZN|DK1","3120.91","3107.60"
"14/12/2015 10:00 - 14/12/2015 11:00","BZN|DK1","3150.52","3133.30"
"14/12/2015 11:00 - 14/12/2015 12:00","BZN|DK1","3133.61","3140.20"
"14/12/2015 12:00 - 14/12/2015 13:00","BZN|DK1","3050.06","3049.30"
"14/12/2015 13:00 - 14/12/2015 14:00","BZN|DK1","3013.59","3059.00"
"14/12/2015 14:00 - 14/12/2015 15:00","BZN|DK1","3017.46","3032.30"
"14/12/2015 15:00 - 14/12/2015 16:00","BZN|DK1","2999.37","2982.20"
"14/12/2015 16:00 - 14/12/2015 17:00","BZN|DK1","3129.47","3127.30"
"14/12/2015 17:00 - 14/12/2015 18:00","BZN|DK1","3289.99","3289.40"
"14/12/2015 18:00 - 14/12/2015 19:00","BZN|DK1","3113.16","3108.80"
"14/12/2015 19:00 - 14/12/2015 20:00","BZN|DK1","2912.66","2878.80"
"14/12/2015 20:00 - 14/12/2015 21:00","BZN|DK1","2734.42","2693.00"
"14/12/2015 21:00 - 14/12/2015 22:00","BZN|DK1","2550.66","2527.90"
"14/12/2015 22:00 - 14/12/2015 23:00","BZN|DK1","2337.42","2303.80"
"14/12/2015 23:00 - 15/12/2015 00:00","BZN|DK1","2118.35","2064.00"
"15/12/2015 00:00 - 15/12/2015 01:00","BZN|DK1","1970.17","1977.20"
"15/12/2015 01:00 - 15/12/2015 02:00","BZN|DK1","1902.99","1889.80"
"15/12/2015 02:00 - 15/12/2015 03:00","BZN|DK1","1868.75","1864.60"
"15/12/2015 03:00 - 15/12/2015 04:00","BZN|DK1","1862.86","1860.60"
"15/12/2015 04:00 - 15/12/2015 05:00","BZN|DK1","1927.31","1920.30"
"15/12/2015 05:00 - 15/12/2015 06:00","BZN|DK1","2096.47","2095.80"
"15/12/2015 06:00 - 15/12/2015 07:00","BZN|DK1","2508.67","2535.80"
"15/12/2015 07:00 - 15/12/2015 08:00","BZN|DK1","2935.29","3025.50"
"15/12/2015 08:00 - 15/12/2015 09:00","BZN|DK1","3131.81","3171.40"
"15/12/2015 09:00 - 15/12/2015 10:00","BZN|DK1","3064.95","3080.10"
"15/12/2015 10:00 - 15/12/2015 11:00","BZN|DK1","3108.62","3095.00"
"15/12/2015 11:00 - 15/12/2015 12:00","BZN|DK1","3098.25","3082.00"
"15/12/2015 12:00 - 15/12/2015 13:00","BZN|DK1","3004.48","2991.00"
"15/12/2015 13:00 - 15/12/2015 14:00","BZN|DK1","3025.90","3023.30"
"15/12/2015 14:00 - 15/12/2015 15:00","BZN|DK1","2998.14","2977.50"
"15/12/2015 15:00 - 15/12/2015 16:00","BZN|DK1","2939.58","2929.80"
"15/12/2015 16:00 - 15/12/2015 17:00","BZN|DK1","3079.89","3092.00"
"15/12/2015 17:00 - 15/12/2015 18:00","BZN|DK1","3228.59","3264.60"
"15/12/2015 18:00 - 15/12/2015 19:00","BZN|DK1","3060.88","3061.70"
"15/12/2015 19:00 - 15/12/2015 20:00","BZN|DK1","2889.97","2872.80"
"15/12/2015 20:00 - 15/12/2015 21:00","BZN|DK1","2702.92","2681.50"
"15/12/2015 21:00 - 15/12/2015 22:00","BZN|DK1","2515.23","2506.30"
"15/12/2015 22:00 - 15/12/2015 23:00","BZN|DK1","2303.55","2291.20"
"15/12/2015 23:00 - 16/12/2015 00:00","BZN|DK1","2089.86","2078.10"
"16/12/2015 00:00 - 16/12/2015 01:00","BZN|DK1","1950.31","1946.70"
"16/12/2015 01:00 - 16/12/2015 02:00","BZN|DK1","1977.41","1929.00"
"16/12/2015 02:00 - 16/12/2015 03:00","BZN|DK1","1959.44","1947.10"
"16/12/2015 03:00 - 16/12/2015 04:00","BZN|DK1","1953.20","1950.60"
"16/12/2015 04:00 - 16/12/2015 05:00","BZN|DK1","2025.26","1999.30"
"16/12/2015 05:00 - 16/12/2015 06:00","BZN|DK1","2188.78","2191.60"
"16/12/2015 06:00 - 16/12/2015 07:00","BZN|DK1","2598.39","2603.10"
"16/12/2015 07:00 - 16/12/2015 08:00","BZN|DK1","3051.85","3069.00"
"16/12/2015 08:00 - 16/12/2015 09:00","BZN|DK1","3181.94","3227.70"
"16/12/2015 09:00 - 16/12/2015 10:00","BZN|DK1","3111.05","3108.40"
"16/12/2015 10:00 - 16/12/2015 11:00","BZN|DK1","3176.51","3161.70"
"16/12/2015 11:00 - 16/12/2015 12:00","BZN|DK1","3131.54","3128.50"
"16/12/2015 12:00 - 16/12/2015 13:00","BZN|DK1","3083.41","3040.40"
"16/12/2015 13:00 - 16/12/2015 14:00","BZN|DK1","3078.68","3104.50"
"16/12/2015 14:00 - 16/12/2015 15:00","BZN|DK1","3005.68","3049.20"
"16/12/2015 15:00 - 16/12/2015 16:00","BZN|DK1","2996.94","2987.40"
"16/12/2015 16:00 - 16/12/2015 17:00","BZN|DK1","3082.45","3112.50"
"16/12/2015 17:00 - 16/12/2015 18:00","BZN|DK1","3211.18","3240.30"
"16/12/2015 18:00 - 16/12/2015 19:00","BZN|DK1","3031.84","3060.30"
"16/12/2015 19:00 - 16/12/2015 20:00","BZN|DK1","2827.09","2861.20"
"16/12/2015 20:00 - 16/12/2015 21:00","BZN|DK1","2649.31","2683.60"
"16/12/2015 21:00 - 16/12/2015 22:00","BZN|DK1","2462.73","2525.70"
"16/12/2015 22:00 - 16/12/2015 23:00","BZN|DK1","2293.39","2358.50"
"16/12/2015 23:00 - 17/12/2015 00:00","BZN|DK1","2094.49","2171.70"
"17/12/2015 00:00 - 17/12/2015 01:00","BZN|DK1","1970.44","1955.50"
"17/12/2015 01:00 - 17/12/2015 02:00","BZN|DK1","1900.58","1908.70"
"17/12/2015 02:00 - 17/12/2015 03:00","BZN|DK1","1905.28","1880.70"
"17/12/2015 03:00 - 17/12/2015 04:00","BZN|DK1","1950.38","1913.20"
"17/12/2015 04:00 - 17/12/2015 05:00","BZN|DK1","1927.94","1949.40"
"17/12/2015 05:00 - 17/12/2015 06:00","BZN|DK1","2134.27","2108.00"
"17/12/2015 06:00 - 17/12/2015 07:00","BZN|DK1","2565.83","2564.50"
"17/12/2015 07:00 - 17/12/2015 08:00","BZN|DK1","2943.62","2988.60"
"17/12/2015 08:00 - 17/12/2015 09:00","BZN|DK1","3099.76","3125.20"
"17/12/2015 09:00 - 17/12/2015 10:00","BZN|DK1","3049.74","3046.30"
"17/12/2015 10:00 - 17/12/2015 11:00","BZN|DK1","3063.94","3068.00"
"17/12/2015 11:00 - 17/12/2015 12:00","BZN|DK1","3073.29","3030.00"
"17/12/2015 12:00 - 17/12/2015 13:00","BZN|DK1","2875.56","2944.90"
"17/12/2015 13:00 - 17/12/2015 14:00","BZN|DK1","2948.97","2952.90"
"17/12/2015 14:00 - 17/12/2015 15:00","BZN|DK1","2906.69","2907.20"
"17/12/2015 15:00 - 17/12/2015 16:00","BZN|DK1","2866.50","2872.30"
"17/12/2015 16:00 - 17/12/2015 17:00","BZN|DK1","2990.29","2999.30"
"17/12/2015 17:00 - 17/12/2015 18:00","BZN|DK1","3123.68","3135.30"
"17/12/2015 18:00 - 17/12/2015 19:00","BZN|DK1","2974.22","2981.60"
"17/12/2015 19:00 - 17/12/2015 20:00","BZN|DK1","2737.16","2776.10"
"17/12/2015 20:00 - 17/12/2015 21:00","BZN|DK1","2600.01","2594.60"
"17/12/2015 21:00 - 17/12/2015 22:00","BZN|DK1","2442.49","2454.00"
"17/12/2015 22:00 - 17/12/2015 23:00","BZN|DK1","2222.78","2263.70"
"17/12/2015 23:00 - 18/12/2015 00:00","BZN|DK1","2007.20","2067.00"
"18/12/2015 00:00 - 18/12/2015 01:00","BZN|DK1","1846.02","1900.50"
"18/12/2015 01:00 - 18/12/2015 02:00","BZN|DK1","1796.06","1790.20"
"18/12/2015 02:00 - 18/12/2015 03:00","BZN|DK1","1810.35","1789.50"
"18/12/2015 03:00 - 18/12/2015 04:00","BZN|DK1","1847.21","1815.90"
"18/12/2015 04:00 - 18/12/2015 05:00","BZN|DK1","1903.14","1892.50"
"18/12/2015 05:00 - 18/12/2015 06:00","BZN|DK1","2020.26","2035.10"
"18/12/2015 06:00 - 18/12/2015 07:00","BZN|DK1","2440.02","2423.60"
"18/12/2015 07:00 - 18/12/2015 08:00","BZN|DK1","2930.17","2891.30"
"18/12/2015 08:00 - 18/12/2015 09:00","BZN|DK1","3010.49","3040.50"
"18/12/2015 09:00 - 18/12/2015 10:00","BZN|DK1","2951.02","2963.50"
"18/12/2015 10:00 - 18/12/2015 11:00","BZN|DK1","2993.23","2969.10"
"18/12/2015 11:00 - 18/12/2015 12:00","BZN|DK1","2919.10","2895.90"
"18/12/2015 12:00 - 18/12/2015 13:00","BZN|DK1","2804.65","2759.90"
"18/12/2015 13:00 - 18/12/2015 14:00","BZN|DK1","2695.26","2707.40"
"18/12/2015 14:00 - 18/12/2015 15:00","BZN|DK1","2691.69","2661.20"
"18/12/2015 15:00 - 18/12/2015 16:00","BZN|DK1","2658.16","2662.00"
"18/12/2015 16:00 - 18/12/2015 17:00","BZN|DK1","2793.50","2803.60"
"18/12/2015 17:00 - 18/12/2015 18:00","BZN|DK1","2909.97","2925.50"
"18/12/2015 18:00 - 18/12/2015 19:00","BZN|DK1","2840.15","2831.00"
"18/12/2015 19:00 - 18/12/2015 20:00","BZN|DK1","2615.67","2623.40"
"18/12/2015 20:00 - 18/12/2015 21:00","BZN|DK1","2425.79","2438.30"
"18/12/2015 21:00 - 18/12/2015 22:00","BZN|DK1","2285.46","2291.20"
"18/12/2015 22:00 - 18/12/2015 23:00","BZN|DK1","2127.03","2142.10"
"18/12/2015 23:00 - 19/12/2015 00:00","BZN|DK1","1921.04","1984.00"
"19/12/2015 00:00 - 19/12/2015 01:00","BZN|DK1","1804.36","1695.90"
"19/12/2015 01:00 - 19/12/2015 02:00","BZN|DK1","1707.89","1716.60"
"19/12/2015 02:00 - 19/12/2015 03:00","BZN|DK1","1674.56","1677.40"
"19/12/2015 03:00 - 19/12/2015 04:00","BZN|DK1","1647.49","1655.80"
"19/12/2015 04:00 - 19/12/2015 05:00","BZN|DK1","1665.26","1661.90"
"19/12/2015 05:00 - 19/12/2015 06:00","BZN|DK1","1711.42","1710.00"
"19/12/2015 06:00 - 19/12/2015 07:00","BZN|DK1","1859.38","1834.40"
"19/12/2015 07:00 - 19/12/2015 08:00","BZN|DK1","2091.97","2066.50"
"19/12/2015 08:00 - 19/12/2015 09:00","BZN|DK1","2337.70","2275.30"
"19/12/2015 09:00 - 19/12/2015 10:00","BZN|DK1","2456.31","2434.90"
"19/12/2015 10:00 - 19/12/2015 11:00","BZN|DK1","2473.26","2475.30"
"19/12/2015 11:00 - 19/12/2015 12:00","BZN|DK1","2433.54","2452.70"
"19/12/2015 12:00 - 19/12/2015 13:00","BZN|DK1","2407.73","2411.90"
"19/12/2015 13:00 - 19/12/2015 14:00","BZN|DK1","2401.45","2382.60"
"19/12/2015 14:00 - 19/12/2015 15:00","BZN|DK1","2378.43","2379.30"
"19/12/2015 15:00 - 19/12/2015 16:00","BZN|DK1","2425.49","2412.80"
"19/12/2015 16:00 - 19/12/2015 17:00","BZN|DK1","2590.63","2570.70"
"19/12/2015 17:00 - 19/12/2015 18:00","BZN|DK1","2705.56","2736.20"
"19/12/2015 18:00 - 19/12/2015 19:00","BZN|DK1","2597.14","2645.60"
"19/12/2015 19:00 - 19/12/2015 20:00","BZN|DK1","2401.83","2458.60"
"19/12/2015 20:00 - 19/12/2015 21:00","BZN|DK1","2245.74","2298.90"
"19/12/2015 21:00 - 19/12/2015 22:00","BZN|DK1","2098.23","2152.60"
"19/12/2015 22:00 - 19/12/2015 23:00","BZN|DK1","1956.23","1961.60"
"19/12/2015 23:00 - 20/12/2015 00:00","BZN|DK1","1872.24","1830.80"
"20/12/2015 00:00 - 20/12/2015 01:00","BZN|DK1","1733.90","1748.20"
"20/12/2015 01:00 - 20/12/2015 02:00","BZN|DK1","1599.75","1651.00"
"20/12/2015 02:00 - 20/12/2015 03:00","BZN|DK1","1570.38","1578.80"
"20/12/2015 03:00 - 20/12/2015 04:00","BZN|DK1","1549.77","1545.70"
"20/12/2015 04:00 - 20/12/2015 05:00","BZN|DK1","1578.44","1567.80"
"20/12/2015 05:00 - 20/12/2015 06:00","BZN|DK1","1611.25","1621.00"
"20/12/2015 06:00 - 20/12/2015 07:00","BZN|DK1","1721.99","1710.30"
"20/12/2015 07:00 - 20/12/2015 08:00","BZN|DK1","1880.30","1868.40"
"20/12/2015 08:00 - 20/12/2015 09:00","BZN|DK1","2056.11","2039.70"
"20/12/2015 09:00 - 20/12/2015 10:00","BZN|DK1","2166.35","2151.00"
"20/12/2015 10:00 - 20/12/2015 11:00","BZN|DK1","2251.32","2246.30"
"20/12/2015 11:00 - 20/12/2015 12:00","BZN|DK1","2225.69","2225.70"
"20/12/2015 12:00 - 20/12/2015 13:00","BZN|DK1","2200.90","2203.20"
"20/12/2015 13:00 - 20/12/2015 14:00","BZN|DK1","2186.45","2199.60"
"20/12/2015 14:00 - 20/12/2015 15:00","BZN|DK1","2195.24","2197.20"
"20/12/2015 15:00 - 20/12/2015 16:00","BZN|DK1","2261.14","2254.80"
"20/12/2015 16:00 - 20/12/2015 17:00","BZN|DK1","2489.89","2419.00"
"20/12/2015 17:00 - 20/12/2015 18:00","BZN|DK1","2592.43","2650.70"
"20/12/2015 18:00 - 20/12/2015 19:00","BZN|DK1","2553.55","2554.40"
"20/12/2015 19:00 - 20/12/2015 20:00","BZN|DK1","2388.15","2399.40"
"20/12/2015 20:00 - 20/12/2015 21:00","BZN|DK1","2246.78","2234.70"
"20/12/2015 21:00 - 20/12/2015 22:00","BZN|DK1","2096.48","2080.90"
"20/12/2015 22:00 - 20/12/2015 23:00","BZN|DK1","1969.00","1916.50"
"20/12/2015 23:00 - 21/12/2015 00:00","BZN|DK1","1844.32","1786.30"
"21/12/2015 00:00 - 21/12/2015 01:00","BZN|DK1","1775.41","1757.30"
"21/12/2015 01:00 - 21/12/2015 02:00","BZN|DK1","1690.53","1696.50"
"21/12/2015 02:00 - 21/12/2015 03:00","BZN|DK1","1682.91","1686.00"
"21/12/2015 03:00 - 21/12/2015 04:00","BZN|DK1","1685.21","1696.30"
"21/12/2015 04:00 - 21/12/2015 05:00","BZN|DK1","1710.51","1746.00"
"21/12/2015 05:00 - 21/12/2015 06:00","BZN|DK1","1811.65","1851.50"
"21/12/2015 06:00 - 21/12/2015 07:00","BZN|DK1","2168.19","2232.20"
"21/12/2015 07:00 - 21/12/2015 08:00","BZN|DK1","2599.52","2603.30"
"21/12/2015 08:00 - 21/12/2015 09:00","BZN|DK1","2851.63","2830.00"
"21/12/2015 09:00 - 21/12/2015 10:00","BZN|DK1","2846.03","2836.70"
"21/12/2015 10:00 - 21/12/2015 11:00","BZN|DK1","2848.20","2859.80"
"21/12/2015 11:00 - 21/12/2015 12:00","BZN|DK1","2808.69","2812.00"
"21/12/2015 12:00 - 21/12/2015 13:00","BZN|DK1","2699.46","2714.00"
"21/12/2015 13:00 - 21/12/2015 14:00","BZN|DK1","2698.80","2707.00"
"21/12/2015 14:00 - 21/12/2015 15:00","BZN|DK1","2667.14","2681.00"
"21/12/2015 15:00 - 21/12/2015 16:00","BZN|DK1","2653.03","2660.80"
"21/12/2015 16:00 - 21/12/2015 17:00","BZN|DK1","2816.19","2795.30"
"21/12/2015 17:00 - 21/12/2015 18:00","BZN|DK1","2973.92","2973.00"
"21/12/2015 18:00 - 21/12/2015 19:00","BZN|DK1","2851.22","2842.00"
"21/12/2015 19:00 - 21/12/2015 20:00","BZN|DK1","2651.09","2655.10"
"21/12/2015 20:00 - 21/12/2015 21:00","BZN|DK1","2473.90","2464.80"
"21/12/2015 21:00 - 21/12/2015 22:00","BZN|DK1","2228.02","2277.30"
"21/12/2015 22:00 - 21/12/2015 23:00","BZN|DK1","2007.35","2048.30"
"21/12/2015 23:00 - 22/12/2015 00:00","BZN|DK1","1844.67","1838.30"
"22/12/2015 00:00 - 22/12/2015 01:00","BZN|DK1","1710.08","1733.00"
"22/12/2015 01:00 - 22/12/2015 02:00","BZN|DK1","1669.63","1660.20"
"22/12/2015 02:00 - 22/12/2015 03:00","BZN|DK1","1657.09","1662.40"
"22/12/2015 03:00 - 22/12/2015 04:00","BZN|DK1","1651.32","1664.50"
"22/12/2015 04:00 - 22/12/2015 05:00","BZN|DK1","1717.77","1709.50"
"22/12/2015 05:00 - 22/12/2015 06:00","BZN|DK1","1857.05","1870.80"
"22/12/2015 06:00 - 22/12/2015 07:00","BZN|DK1","2230.98","2265.00"
"22/12/2015 07:00 - 22/12/2015 08:00","BZN|DK1","2672.36","2680.70"
"22/12/2015 08:00 - 22/12/2015 09:00","BZN|DK1","2881.13","2865.60"
"22/12/2015 09:00 - 22/12/2015 10:00","BZN|DK1","2920.02","2888.10"
"22/12/2015 10:00 - 22/12/2015 11:00","BZN|DK1","2913.60","2934.10"
"22/12/2015 11:00 - 22/12/2015 12:00","BZN|DK1","2857.70","2872.80"
"22/12/2015 12:00 - 22/12/2015 13:00","BZN|DK1","2795.89","2788.10"
"22/12/2015 13:00 - 22/12/2015 14:00","BZN|DK1","2789.70","2798.60"
"22/12/2015 14:00 - 22/12/2015 15:00","BZN|DK1","2729.87","2737.40"
"22/12/2015 15:00 - 22/12/2015 16:00","BZN|DK1","2610.57","2625.80"
"22/12/2015 16:00 - 22/12/2015 17:00","BZN|DK1","2664.30","2688.50"
"22/12/2015 17:00 - 22/12/2015 18:00","BZN|DK1","2834.94","2827.40"
"22/12/2015 18:00 - 22/12/2015 19:00","BZN|DK1","2745.82","2738.10"
"22/12/2015 19:00 - 22/12/2015 20:00","BZN|DK1","2544.40","2554.90"
"22/12/2015 20:00 - 22/12/2015 21:00","BZN|DK1","2387.05","2386.10"
"22/12/2015 21:00 - 22/12/2015 22:00","BZN|DK1","2216.85","2229.00"
"22/12/2015 22:00 - 22/12/2015 23:00","BZN|DK1","2127.67","2030.00"
"22/12/2015 23:00 - 23/12/2015 00:00","BZN|DK1","1921.92","1859.00"
"23/12/2015 00:00 - 23/12/2015 01:00","BZN|DK1","1777.83","1786.70"
"23/12/2015 01:00 - 23/12/2015 02:00","BZN|DK1","1664.01","1707.60"
"23/12/2015 02:00 - 23/12/2015 03:00","BZN|DK1","1658.82","1661.50"
"23/12/2015 03:00 - 23/12/2015 04:00","BZN|DK1","1667.99","1669.90"
"23/12/2015 04:00 - 23/12/2015 05:00","BZN|DK1","1726.77","1723.40"
"23/12/2015 05:00 - 23/12/2015 06:00","BZN|DK1","1806.41","1858.30"
"23/12/2015 06:00 - 23/12/2015 07:00","BZN|DK1","2010.37","2132.30"
"23/12/2015 07:00 - 23/12/2015 08:00","BZN|DK1","2393.10","2422.80"
"23/12/2015 08:00 - 23/12/2015 09:00","BZN|DK1","2604.45","2601.70"
"23/12/2015 09:00 - 23/12/2015 10:00","BZN|DK1","2642.21","2599.00"
"23/12/2015 10:00 - 23/12/2015 11:00","BZN|DK1","2628.35","2643.00"
"23/12/2015 11:00 - 23/12/2015 12:00","BZN|DK1","2578.52","2568.30"
"23/12/2015 12:00 - 23/12/2015 13:00","BZN|DK1","2511.61","2455.60"
"23/12/2015 13:00 - 23/12/2015 14:00","BZN|DK1","2499.11","2455.40"
"23/12/2015 14:00 - 23/12/2015 15:00","BZN|DK1","2446.79","2446.50"
"23/12/2015 15:00 - 23/12/2015 16:00","BZN|DK1","2449.97","2449.40"
"23/12/2015 16:00 - 23/12/2015 17:00","BZN|DK1","2575.42","2587.90"
"23/12/2015 17:00 - 23/12/2015 18:00","BZN|DK1","2737.07","2736.00"
"23/12/2015 18:00 - 23/12/2015 19:00","BZN|DK1","2634.23","2627.80"
"23/12/2015 19:00 - 23/12/2015 20:00","BZN|DK1","2457.71","2438.60"
"23/12/2015 20:00 - 23/12/2015 21:00","BZN|DK1","2305.42","2285.00"
"23/12/2015 21:00 - 23/12/2015 22:00","BZN|DK1","2189.26","2192.50"
"23/12/2015 22:00 - 23/12/2015 23:00","BZN|DK1","2016.10","2036.30"
"23/12/2015 23:00 - 24/12/2015 00:00","BZN|DK1","1867.41","1882.20"
"24/12/2015 00:00 - 24/12/2015 01:00","BZN|DK1","1729.49","1721.10"
"24/12/2015 01:00 - 24/12/2015 02:00","BZN|DK1","1655.49","1629.40"
"24/12/2015 02:00 - 24/12/2015 03:00","BZN|DK1","1558.05","1578.20"
"24/12/2015 03:00 - 24/12/2015 04:00","BZN|DK1","1547.56","1552.20"
"24/12/2015 04:00 - 24/12/2015 05:00","BZN|DK1","1553.48","1551.30"
"24/12/2015 05:00 - 24/12/2015 06:00","BZN|DK1","1605.89","1603.90"
"24/12/2015 06:00 - 24/12/2015 07:00","BZN|DK1","1722.21","1728.20"
"24/12/2015 07:00 - 24/12/2015 08:00","BZN|DK1","1907.60","1917.60"
"24/12/2015 08:00 - 24/12/2015 09:00","BZN|DK1","2129.96","2139.20"
"24/12/2015 09:00 - 24/12/2015 10:00","BZN|DK1","2282.19","2251.20"
"24/12/2015 10:00 - 24/12/2015 11:00","BZN|DK1","2250.00","2272.70"
"24/12/2015 11:00 - 24/12/2015 12:00","BZN|DK1","2279.70","2257.30"
"24/12/2015 12:00 - 24/12/2015 13:00","BZN|DK1","2227.10","2218.80"
"24/12/2015 13:00 - 24/12/2015 14:00","BZN|DK1","2198.81","2215.80"
"24/12/2015 14:00 - 24/12/2015 15:00","BZN|DK1","2221.28","2239.80"
"24/12/2015 15:00 - 24/12/2015 16:00","BZN|DK1","2357.82","2342.20"
"24/12/2015 16:00 - 24/12/2015 17:00","BZN|DK1","2538.55","2550.30"
"24/12/2015 17:00 - 24/12/2015 18:00","BZN|DK1","2683.01","2696.80"
"24/12/2015 18:00 - 24/12/2015 19:00","BZN|DK1","2190.08","2246.40"
"24/12/2015 19:00 - 24/12/2015 20:00","BZN|DK1","1985.76","2005.40"
"24/12/2015 20:00 - 24/12/2015 21:00","BZN|DK1","1861.04","1920.30"
"24/12/2015 21:00 - 24/12/2015 22:00","BZN|DK1","1770.11","1796.40"
"24/12/2015 22:00 - 24/12/2015 23:00","BZN|DK1","1668.37","1744.00"
"24/12/2015 23:00 - 25/12/2015 00:00","BZN|DK1","1702.26","1732.40"
"25/12/2015 00:00 - 25/12/2015 01:00","BZN|DK1","1553.49","1580.10"
"25/12/2015 01:00 - 25/12/2015 02:00","BZN|DK1","1440.33","1436.90"
"25/12/2015 02:00 - 25/12/2015 03:00","BZN|DK1","1460.69","1428.60"
"25/12/2015 03:00 - 25/12/2015 04:00","BZN|DK1","1412.89","1434.30"
"25/12/2015 04:00 - 25/12/2015 05:00","BZN|DK1","1454.70","1455.00"
"25/12/2015 05:00 - 25/12/2015 06:00","BZN|DK1","1491.04","1499.30"
"25/12/2015 06:00 - 25/12/2015 07:00","BZN|DK1","1572.40","1587.90"
"25/12/2015 07:00 - 25/12/2015 08:00","BZN|DK1","1642.19","1678.90"
"25/12/2015 08:00 - 25/12/2015 09:00","BZN|DK1","1853.94","1819.90"
"25/12/2015 09:00 - 25/12/2015 10:00","BZN|DK1","1961.05","1972.80"
"25/12/2015 10:00 - 25/12/2015 11:00","BZN|DK1","2005.46","2014.00"
"25/12/2015 11:00 - 25/12/2015 12:00","BZN|DK1","2019.30","2034.50"
"25/12/2015 12:00 - 25/12/2015 13:00","BZN|DK1","1966.23","1976.10"
"25/12/2015 13:00 - 25/12/2015 14:00","BZN|DK1","1900.69","1892.50"
"25/12/2015 14:00 - 25/12/2015 15:00","BZN|DK1","1938.20","1897.10"
"25/12/2015 15:00 - 25/12/2015 16:00","BZN|DK1","1997.20","1978.50"
"25/12/2015 16:00 - 25/12/2015 17:00","BZN|DK1","2184.76","2173.10"
"25/12/2015 17:00 - 25/12/2015 18:00","BZN|DK1","2327.99","2317.90"
"25/12/2015 18:00 - 25/12/2015 19:00","BZN|DK1","2336.19","2324.50"
"25/12/2015 19:00 - 25/12/2015 20:00","BZN|DK1","2155.79","2207.80"
"25/12/2015 20:00 - 25/12/2015 21:00","BZN|DK1","2033.77","2039.40"
"25/12/2015 21:00 - 25/12/2015 22:00","BZN|DK1","1967.12","1960.20"
"25/12/2015 22:00 - 25/12/2015 23:00","BZN|DK1","1864.43","1864.40"
"25/12/2015 23:00 - 26/12/2015 00:00","BZN|DK1","1855.86","1731.20"
"26/12/2015 00:00 - 26/12/2015 01:00","BZN|DK1","1636.24","1689.80"
"26/12/2015 01:00 - 26/12/2015 02:00","BZN|DK1","1569.28","1550.80"
"26/12/2015 02:00 - 26/12/2015 03:00","BZN|DK1","1542.75","1549.50"
"26/12/2015 03:00 - 26/12/2015 04:00","BZN|DK1","1517.36","1547.20"
"26/12/2015 04:00 - 26/12/2015 05:00","BZN|DK1","1527.67","1530.70"
"26/12/2015 05:00 - 26/12/2015 06:00","BZN|DK1","1547.73","1573.30"
"26/12/2015 06:00 - 26/12/2015 07:00","BZN|DK1","1636.93","1646.90"
"26/12/2015 07:00 - 26/12/2015 08:00","BZN|DK1","1785.48","1780.10"
"26/12/2015 08:00 - 26/12/2015 09:00","BZN|DK1","2021.89","1981.50"
"26/12/2015 09:00 - 26/12/2015 10:00","BZN|DK1","2185.48","2153.30"
"26/12/2015 10:00 - 26/12/2015 11:00","BZN|DK1","2276.67","2258.90"
"26/12/2015 11:00 - 26/12/2015 12:00","BZN|DK1","2321.96","2305.20"
"26/12/2015 12:00 - 26/12/2015 13:00","BZN|DK1","2271.50","2253.60"
"26/12/2015 13:00 - 26/12/2015 14:00","BZN|DK1","2173.98","2174.60"
"26/12/2015 14:00 - 26/12/2015 15:00","BZN|DK1","2131.17","2127.80"
"26/12/2015 15:00 - 26/12/2015 16:00","BZN|DK1","2137.27","2145.00"
"26/12/2015 16:00 - 26/12/2015 17:00","BZN|DK1","2257.04","2286.00"
"26/12/2015 17:00 - 26/12/2015 18:00","BZN|DK1","2376.57","2376.50"
"26/12/2015 18:00 - 26/12/2015 19:00","BZN|DK1","2331.27","2340.90"
"26/12/2015 19:00 - 26/12/2015 20:00","BZN|DK1","2187.29","2213.50"
"26/12/2015 20:00 - 26/12/2015 21:00","BZN|DK1","2085.03","2087.30"
"26/12/2015 21:00 - 26/12/2015 22:00","BZN|DK1","1979.63","1990.80"
"26/12/2015 22:00 - 26/12/2015 23:00","BZN|DK1","1981.73","1871.10"
"26/12/2015 23:00 - 27/12/2015 00:00","BZN|DK1","1817.54","1747.00"
"27/12/2015 00:00 - 27/12/2015 01:00","BZN|DK1","1638.33","1691.90"
"27/12/2015 01:00 - 27/12/2015 02:00","BZN|DK1","1588.01","1571.90"
"27/12/2015 02:00 - 27/12/2015 03:00","BZN|DK1","1534.43","1542.90"
"27/12/2015 03:00 - 27/12/2015 04:00","BZN|DK1","1512.08","1519.80"
"27/12/2015 04:00 - 27/12/2015 05:00","BZN|DK1","1507.85","1526.80"
"27/12/2015 05:00 - 27/12/2015 06:00","BZN|DK1","1550.19","1540.20"
"27/12/2015 06:00 - 27/12/2015 07:00","BZN|DK1","1687.40","1697.90"
"27/12/2015 07:00 - 27/12/2015 08:00","BZN|DK1","1820.97","1843.90"
"27/12/2015 08:00 - 27/12/2015 09:00","BZN|DK1","2000.38","1983.30"
"27/12/2015 09:00 - 27/12/2015 10:00","BZN|DK1","2130.79","2138.00"
"27/12/2015 10:00 - 27/12/2015 11:00","BZN|DK1","2175.54","2209.00"
"27/12/2015 11:00 - 27/12/2015 12:00","BZN|DK1","2140.76","2170.30"
"27/12/2015 12:00 - 27/12/2015 13:00","BZN|DK1","2078.98","2096.30"
"27/12/2015 13:00 - 27/12/2015 14:00","BZN|DK1","2040.35","2057.20"
"27/12/2015 14:00 - 27/12/2015 15:00","BZN|DK1","1999.29","2034.90"
"27/12/2015 15:00 - 27/12/2015 16:00","BZN|DK1","2108.18","2067.80"
"27/12/2015 16:00 - 27/12/2015 17:00","BZN|DK1","2278.15","2292.20"
"27/12/2015 17:00 - 27/12/2015 18:00","BZN|DK1","2445.53","2486.60"
"27/12/2015 18:00 - 27/12/2015 19:00","BZN|DK1","2399.99","2408.60"
"27/12/2015 19:00 - 27/12/2015 20:00","BZN|DK1","2231.88","2245.70"
"27/12/2015 20:00 - 27/12/2015 21:00","BZN|DK1","2162.09","2117.20"
"27/12/2015 21:00 - 27/12/2015 22:00","BZN|DK1","2081.91","2062.90"
"27/12/2015 22:00 - 27/12/2015 23:00","BZN|DK1","1908.81","1910.30"
"27/12/2015 23:00 - 28/12/2015 00:00","BZN|DK1","1772.98","1764.30"
"28/12/2015 00:00 - 28/12/2015 01:00","BZN|DK1","1536.56","1634.80"
"28/12/2015 01:00 - 28/12/2015 02:00","BZN|DK1","1492.35","1461.20"
"28/12/2015 02:00 - 28/12/2015 03:00","BZN|DK1","1518.72","1487.40"
"28/12/2015 03:00 - 28/12/2015 04:00","BZN|DK1","1558.26","1536.00"
"28/12/2015 04:00 - 28/12/2015 05:00","BZN|DK1","1607.55","1589.30"
"28/12/2015 05:00 - 28/12/2015 06:00","BZN|DK1","1708.17","1698.70"
"28/12/2015 06:00 - 28/12/2015 07:00","BZN|DK1","1941.11","1940.30"
"28/12/2015 07:00 - 28/12/2015 08:00","BZN|DK1","2241.09","2245.20"
"28/12/2015 08:00 - 28/12/2015 09:00","BZN|DK1","2449.42","2446.10"
"28/12/2015 09:00 - 28/12/2015 10:00","BZN|DK1","2545.13","2546.80"
"28/12/2015 10:00 - 28/12/2015 11:00","BZN|DK1","2591.46","2584.30"
"28/12/2015 11:00 - 28/12/2015 12:00","BZN|DK1","2573.92","2571.60"
"28/12/2015 12:00 - 28/12/2015 13:00","BZN|DK1","2517.36","2512.50"
"28/12/2015 13:00 - 28/12/2015 14:00","BZN|DK1","2485.25","2486.60"
"28/12/2015 14:00 - 28/12/2015 15:00","BZN|DK1","2460.43","2478.80"
"28/12/2015 15:00 - 28/12/2015 16:00","BZN|DK1","2458.25","2477.70"
"28/12/2015 16:00 - 28/12/2015 17:00","BZN|DK1","2659.44","2643.90"
"28/12/2015 17:00 - 28/12/2015 18:00","BZN|DK1","2829.90","2846.30"
"28/12/2015 18:00 - 28/12/2015 19:00","BZN|DK1","2718.24","2744.60"
"28/12/2015 19:00 - 28/12/2015 20:00","BZN|DK1","2511.16","2525.20"
"28/12/2015 20:00 - 28/12/2015 21:00","BZN|DK1","2303.26","2320.50"
"28/12/2015 21:00 - 28/12/2015 22:00","BZN|DK1","2189.31","2182.50"
"28/12/2015 22:00 - 28/12/2015 23:00","BZN|DK1","2025.88","2016.00"
"28/12/2015 23:00 - 29/12/2015 00:00","BZN|DK1","1866.47","1865.00"
"29/12/2015 00:00 - 29/12/2015 01:00","BZN|DK1","1728.66","1727.70"
"29/12/2015 01:00 - 29/12/2015 02:00","BZN|DK1","1638.90","1643.20"
"29/12/2015 02:00 - 29/12/2015 03:00","BZN|DK1","1595.09","1599.30"
"29/12/2015 03:00 - 29/12/2015 04:00","BZN|DK1","1565.74","1576.70"
"29/12/2015 04:00 - 29/12/2015 05:00","BZN|DK1","1593.85","1590.80"
"29/12/2015 05:00 - 29/12/2015 06:00","BZN|DK1","1676.09","1684.90"
"29/12/2015 06:00 - 29/12/2015 07:00","BZN|DK1","1884.89","1910.60"
"29/12/2015 07:00 - 29/12/2015 08:00","BZN|DK1","2162.68","2192.00"
"29/12/2015 08:00 - 29/12/2015 09:00","BZN|DK1","2390.72","2395.50"
"29/12/2015 09:00 - 29/12/2015 10:00","BZN|DK1","2510.94","2496.00"
"29/12/2015 10:00 - 29/12/2015 11:00","BZN|DK1","2578.71","2570.00"
"29/12/2015 11:00 - 29/12/2015 12:00","BZN|DK1","2565.38","2573.00"
"29/12/2015 12:00 - 29/12/2015 13:00","BZN|DK1","2511.33","2522.60"
"29/12/2015 13:00 - 29/12/2015 14:00","BZN|DK1","2520.95","2501.50"
"29/12/2015 14:00 - 29/12/2015 15:00","BZN|DK1","2485.53","2499.80"
"29/12/2015 15:00 - 29/12/2015 16:00","BZN|DK1","2489.40","2483.40"
"29/12/2015 16:00 - 29/12/2015 17:00","BZN|DK1","2604.38","2641.60"
"29/12/2015 17:00 - 29/12/2015 18:00","BZN|DK1","2729.13","2809.90"
"29/12/2015 18:00 - 29/12/2015 19:00","BZN|DK1","2615.26","2644.60"
"29/12/2015 19:00 - 29/12/2015 20:00","BZN|DK1","2445.55","2453.20"
"29/12/2015 20:00 - 29/12/2015 21:00","BZN|DK1","2272.14","2288.40"
"29/12/2015 21:00 - 29/12/2015 22:00","BZN|DK1","2098.06","2116.80"
"29/12/2015 22:00 - 29/12/2015 23:00","BZN|DK1","1950.78","1929.00"
"29/12/2015 23:00 - 30/12/2015 00:00","BZN|DK1","1794.78","1765.20"
"30/12/2015 00:00 - 30/12/2015 01:00","BZN|DK1","1665.33","1687.70"
"30/12/2015 01:00 - 30/12/2015 02:00","BZN|DK1","1571.78","1579.00"
"30/12/2015 02:00 - 30/12/2015 03:00","BZN|DK1","1543.93","1551.10"
"30/12/2015 03:00 - 30/12/2015 04:00","BZN|DK1","1535.97","1541.70"
"30/12/2015 04:00 - 30/12/2015 05:00","BZN|DK1","1570.92","1581.70"
"30/12/2015 05:00 - 30/12/2015 06:00","BZN|DK1","1641.00","1684.60"
"30/12/2015 06:00 - 30/12/2015 07:00","BZN|DK1","1845.52","1960.20"
"30/12/2015 07:00 - 30/12/2015 08:00","BZN|DK1","2058.81","2327.30"
"30/12/2015 08:00 - 30/12/2015 09:00","BZN|DK1","2274.26","2556.10"
"30/12/2015 09:00 - 30/12/2015 10:00","BZN|DK1","2391.88","2433.00"
"30/12/2015 10:00 - 30/12/2015 11:00","BZN|DK1","2434.49","2566.20"
"30/12/2015 11:00 - 30/12/2015 12:00","BZN|DK1","2436.41","2599.00"
"30/12/2015 12:00 - 30/12/2015 13:00","BZN|DK1","2416.83","2563.70"
"30/12/2015 13:00 - 30/12/2015 14:00","BZN|DK1","2378.96","2419.00"
"30/12/2015 14:00 - 30/12/2015 15:00","BZN|DK1","2408.62","2374.90"
"30/12/2015 15:00 - 30/12/2015 16:00","BZN|DK1","2469.46","2340.50"
"30/12/2015 16:00 - 30/12/2015 17:00","BZN|DK1","2600.97","2501.90"
"30/12/2015 17:00 - 30/12/2015 18:00","BZN|DK1","2744.69","2750.20"
"30/12/2015 18:00 - 30/12/2015 19:00","BZN|DK1","2618.38","2642.50"
"30/12/2015 19:00 - 30/12/2015 20:00","BZN|DK1","2457.87","2437.60"
"30/12/2015 20:00 - 30/12/2015 21:00","BZN|DK1","2284.21","2246.70"
"30/12/2015 21:00 - 30/12/2015 22:00","BZN|DK1","2140.64","2076.40"
"30/12/2015 22:00 - 30/12/2015 23:00","BZN|DK1","1977.91","1887.20"
"30/12/2015 23:00 - 31/12/2015 00:00","BZN|DK1","1818.32","1712.40"
"31/12/2015 00:00 - 31/12/2015 01:00","BZN|DK1","1694.35","1709.70"
"31/12/2015 01:00 - 31/12/2015 02:00","BZN|DK1","1573.47","1604.90"
"31/12/2015 02:00 - 31/12/2015 03:00","BZN|DK1","1524.27","1540.80"
"31/12/2015 03:00 - 31/12/2015 04:00","BZN|DK1","1503.03","1516.90"
"31/12/2015 04:00 - 31/12/2015 05:00","BZN|DK1","1547.13","1523.20"
"31/12/2015 05:00 - 31/12/2015 06:00","BZN|DK1","1579.43","1608.60"
"31/12/2015 06:00 - 31/12/2015 07:00","BZN|DK1","1693.00","1740.00"
"31/12/2015 07:00 - 31/12/2015 08:00","BZN|DK1","1879.94","1914.60"
"31/12/2015 08:00 - 31/12/2015 09:00","BZN|DK1","2021.90","2065.90"
"31/12/2015 09:00 - 31/12/2015 10:00","BZN|DK1","2155.55","2161.90"
"31/12/2015 10:00 - 31/12/2015 11:00","BZN|DK1","2264.44","2232.40"
"31/12/2015 11:00 - 31/12/2015 12:00","BZN|DK1","2315.21","2264.10"
"31/12/2015 12:00 - 31/12/2015 13:00","BZN|DK1","2327.04","2305.80"
"31/12/2015 13:00 - 31/12/2015 14:00","BZN|DK1","2325.23","2266.00"
"31/12/2015 14:00 - 31/12/2015 15:00","BZN|DK1","2305.35","2298.90"
"31/12/2015 15:00 - 31/12/2015 16:00","BZN|DK1","2341.50","2344.80"
"31/12/2015 16:00 - 31/12/2015 17:00","BZN|DK1","2539.28","2578.90"
"31/12/2015 17:00 - 31/12/2015 18:00","BZN|DK1","2693.94","2721.50"
"31/12/2015 18:00 - 31/12/2015 19:00","BZN|DK1","2541.01","2524.40"
"31/12/2015 19:00 - 31/12/2015 20:00","BZN|DK1","2272.51","2239.60"
"31/12/2015 20:00 - 31/12/2015 21:00","BZN|DK1","2085.36","2109.00"
"31/12/2015 21:00 - 31/12/2015 22:00","BZN|DK1","2000.97","2025.70"
"31/12/2015 22:00 - 31/12/2015 23:00","BZN|DK1","1924.38","1927.30"
"31/12/2015 23:00 - 01/01/2016 00:00","BZN|DK1","1859.95","1845.90"
